# Blender 5.0.1
# www.blender.org
mtllib Front-de-Boeuf.mtl
o Knight
v 0.149363 2.110046 0.450395
v 0.008951 2.103644 0.466033
v 0.113389 2.141164 0.482635
v 0.149303 2.121209 0.412461
v 0.008951 2.103644 0.409970
v -0.039594 2.030310 0.228455
v -0.088140 2.103644 0.328450
v -0.192454 2.141164 0.312331
v -0.039594 2.103644 0.328450
v -0.094179 2.046556 0.232153
v -0.088140 2.103644 0.409970
v -0.033009 2.103644 0.328450
v 0.008951 2.103644 0.451872
v 0.000837 2.103644 0.466033
v -0.039594 2.103644 0.336843
v -0.051512 2.103644 0.328450
v -0.065273 2.103644 0.328450
v -0.088140 2.103644 0.370126
v -0.088140 2.103644 0.377885
v -0.088140 2.103644 0.441172
v -0.088140 2.103644 0.428264
v -0.084480 2.103644 0.431212
v -0.571864 2.699632 1.063694
v -0.543729 2.701852 1.056563
v -0.515714 2.698368 1.049462
v -0.488897 2.689312 1.042665
v -0.464307 2.675033 1.036433
v -0.442891 2.656080 1.031004
v -0.425470 2.633180 1.026589
v -0.412714 2.607214 1.023356
v -0.405114 2.579180 1.021429
v -0.402962 2.550156 1.020884
v -0.406340 2.521255 1.021740
v -0.415118 2.493590 1.023965
v -0.428959 2.468223 1.027473
v -0.447332 2.446129 1.032130
v -0.469529 2.428157 1.037756
v -0.494699 2.414998 1.044136
v -0.521874 2.407158 1.051023
v -0.550009 2.404938 1.058155
v -0.578023 2.408422 1.065255
v -0.604841 2.417478 1.072052
v -0.629430 2.431757 1.078285
v -0.650847 2.450710 1.083713
v -0.668267 2.473610 1.088129
v -0.681023 2.499576 1.091362
v -0.688623 2.527609 1.093288
v -0.690775 2.556634 1.093834
v -0.687398 2.585535 1.092978
v -0.678620 2.613200 1.090753
v -0.664778 2.638567 1.087245
v -0.646406 2.660661 1.082588
v -0.624208 2.678632 1.076962
v -0.599038 2.691791 1.070582
v 0.208799 2.553395 4.038741
v -0.509216 2.642061 1.269543
v -0.492158 2.643407 1.265219
v -0.475172 2.641294 1.260914
v -0.458912 2.635803 1.256793
v -0.444003 2.627146 1.253014
v -0.431018 2.615654 1.249723
v -0.420456 2.601770 1.247046
v -0.412722 2.586026 1.245085
v -0.408114 2.569029 1.243917
v -0.406809 2.551431 1.243587
v -0.408857 2.533908 1.244106
v -0.414179 2.517134 1.245455
v -0.422571 2.501754 1.247582
v -0.433711 2.488358 1.250405
v -0.447169 2.477462 1.253816
v -0.462430 2.469483 1.257684
v -0.478907 2.464730 1.261861
v -0.495965 2.463383 1.266184
v -0.512951 2.465496 1.270490
v -0.529211 2.470987 1.274611
v -0.544120 2.479644 1.278390
v -0.557105 2.491136 1.281681
v -0.567667 2.505020 1.284358
v -0.575401 2.520764 1.286318
v -0.580009 2.537761 1.287486
v -0.581314 2.555359 1.287817
v -0.579266 2.572882 1.287298
v -0.573944 2.589656 1.285949
v -0.565552 2.605036 1.283822
v -0.554412 2.618432 1.280998
v -0.540954 2.629328 1.277587
v -0.525693 2.637307 1.273719
v -0.720180 2.570744 0.371907
v -0.084285 2.570745 2.880740
v -0.716956 2.570999 0.371089
v -0.081061 2.570999 2.879923
v -0.713746 2.570600 0.370276
v -0.077851 2.570600 2.879109
v -0.710673 2.569562 0.369497
v -0.074779 2.569562 2.878330
v -0.707856 2.567926 0.368783
v -0.071961 2.567926 2.877616
v -0.705402 2.565754 0.368161
v -0.069507 2.565754 2.876994
v -0.703406 2.563130 0.367655
v -0.067511 2.563130 2.876488
v -0.701945 2.560155 0.367285
v -0.066050 2.560155 2.876118
v -0.701074 2.556943 0.367064
v -0.065179 2.556943 2.875897
v -0.700827 2.553617 0.367001
v -0.064932 2.553618 2.875835
v -0.701214 2.550306 0.367099
v -0.065319 2.550306 2.875933
v -0.702220 2.547136 0.367354
v -0.066325 2.547136 2.876188
v -0.703806 2.544230 0.367756
v -0.067911 2.544230 2.876590
v -0.705911 2.541698 0.368290
v -0.070016 2.541698 2.877123
v -0.708454 2.539639 0.368935
v -0.072560 2.539639 2.877768
v -0.711338 2.538131 0.369666
v -0.075444 2.538131 2.878499
v -0.714452 2.537233 0.370455
v -0.078557 2.537233 2.879288
v -0.717676 2.536978 0.371272
v -0.081781 2.536978 2.880105
v -0.720886 2.537378 0.372085
v -0.084991 2.537378 2.880919
v -0.723958 2.538415 0.372864
v -0.088064 2.538415 2.881698
v -0.726776 2.540051 0.373578
v -0.090881 2.540051 2.882412
v -0.729230 2.542223 0.374200
v -0.093335 2.542223 2.883034
v -0.731226 2.544847 0.374706
v -0.095331 2.544847 2.883539
v -0.732687 2.547822 0.375077
v -0.096793 2.547822 2.883910
v -0.733558 2.551034 0.375297
v -0.097663 2.551034 2.884131
v -0.733805 2.554360 0.375360
v -0.097910 2.554360 2.884193
v -0.733418 2.557671 0.375262
v -0.097523 2.557671 2.884095
v -0.732412 2.560841 0.375007
v -0.096517 2.560841 2.883841
v -0.730826 2.563747 0.374605
v -0.094931 2.563748 2.883438
v -0.728721 2.566279 0.374071
v -0.092826 2.566279 2.882905
v -0.726177 2.568338 0.373427
v -0.090283 2.568338 2.882260
v -0.723293 2.569846 0.372696
v -0.087399 2.569846 2.881529
v -0.735054 2.575512 0.316644
v -0.582624 2.575512 0.918035
v -0.730913 2.575839 0.315594
v -0.578483 2.575839 0.916985
v -0.726790 2.575326 0.314549
v -0.574360 2.575326 0.915940
v -0.722843 2.573993 0.313549
v -0.570413 2.573993 0.914940
v -0.719224 2.571892 0.312632
v -0.566794 2.571892 0.914023
v -0.716071 2.569102 0.311833
v -0.563642 2.569102 0.913224
v -0.713507 2.565731 0.311183
v -0.561077 2.565732 0.912574
v -0.711630 2.561910 0.310707
v -0.559200 2.561910 0.912098
v -0.710511 2.557784 0.310424
v -0.558082 2.557784 0.911814
v -0.710195 2.553512 0.310343
v -0.557765 2.553512 0.911734
v -0.710692 2.549258 0.310469
v -0.558262 2.549258 0.911860
v -0.711984 2.545186 0.310797
v -0.559554 2.545186 0.912187
v -0.714021 2.541453 0.311313
v -0.561591 2.541453 0.912704
v -0.716725 2.538201 0.311998
v -0.564295 2.538201 0.913389
v -0.719992 2.535556 0.312826
v -0.567562 2.535556 0.914217
v -0.723697 2.533619 0.313765
v -0.571267 2.533619 0.915156
v -0.727696 2.532465 0.314779
v -0.575266 2.532465 0.916170
v -0.731837 2.532138 0.315829
v -0.579407 2.532138 0.917220
v -0.735961 2.532651 0.316874
v -0.583531 2.532651 0.918265
v -0.739908 2.533984 0.317874
v -0.587478 2.533984 0.919265
v -0.743527 2.536086 0.318792
v -0.591097 2.536086 0.920182
v -0.746679 2.538875 0.319591
v -0.594249 2.538875 0.920982
v -0.749243 2.542245 0.320241
v -0.596813 2.542246 0.921631
v -0.751120 2.546067 0.320716
v -0.598691 2.546067 0.922107
v -0.752239 2.550193 0.321000
v -0.599809 2.550194 0.922391
v -0.752556 2.554465 0.321080
v -0.600126 2.554466 0.922471
v -0.752059 2.558719 0.320954
v -0.599629 2.558719 0.922345
v -0.750767 2.562791 0.320627
v -0.598337 2.562791 0.922017
v -0.748729 2.566524 0.320110
v -0.596300 2.566525 0.921501
v -0.746025 2.569776 0.319425
v -0.593595 2.569776 0.920816
v -0.742758 2.572421 0.318597
v -0.590328 2.572421 0.919988
v -0.739054 2.574358 0.317658
v -0.586624 2.574358 0.919049
v -0.030641 1.963630 0.661973
v -0.030641 1.945160 0.253223
v -0.251761 1.882912 0.243250
v -0.238067 1.905972 0.660003
v -0.366619 1.749890 0.278156
v -0.326923 1.735245 0.617930
v -0.236333 1.911672 0.717356
v -0.089861 2.109528 0.714540
v -0.309785 1.993148 0.207216
v -0.085960 2.057596 0.210283
v -0.339534 1.693377 0.238963
v -0.311789 1.695581 0.651792
v -0.234341 1.905050 0.753335
v -0.054861 2.184701 0.789961
v -0.303926 2.019358 0.162256
v -0.078961 2.099041 0.165408
v -0.261212 1.986463 0.155606
v -0.061475 2.034496 0.153416
v -0.271591 1.692133 0.224719
v -0.058277 2.091056 0.791477
v -0.189324 1.691652 0.683978
v -0.075227 1.698677 0.172840
v -0.058277 1.689804 0.695933
v -0.038395 2.211002 0.844584
v -0.039760 2.178898 0.863801
v -0.058277 1.964116 0.743704
v -0.161494 2.037144 0.736987
v -0.150263 2.029358 0.768162
v -0.414935 1.611343 0.418847
v -0.429558 1.626621 0.418847
v -0.314140 1.728075 0.418847
v -0.328764 1.743353 0.418847
v -0.314141 1.728075 0.487984
v -0.328763 1.743353 0.487984
v -0.414935 1.611343 0.487984
v -0.429558 1.626621 0.487983
v -0.450944 1.570286 0.487984
v -0.468873 1.580444 0.487984
v -0.468873 1.580444 0.418847
v -0.450944 1.570286 0.418847
v -0.472418 1.352841 0.487984
v -0.490347 1.362999 0.487984
v -0.490347 1.362999 0.418847
v -0.472418 1.352841 0.418847
v -0.467293 1.344706 0.493299
v -0.495789 1.354864 0.493299
v -0.495789 1.354864 0.413530
v -0.467293 1.344706 0.413530
v -0.466594 1.312353 0.493299
v -0.496488 1.314461 0.493299
v -0.496488 1.314461 0.413530
v -0.466594 1.312353 0.413530
v -0.147422 1.885822 1.927483
v -0.175756 1.885822 1.927483
v -0.147422 1.930705 1.912567
v -0.175756 1.930705 1.912567
v -0.147422 1.945330 1.956594
v -0.175756 1.945330 1.956595
v -0.147422 1.900442 1.971507
v -0.175756 1.900442 1.971507
v -0.154506 1.892555 1.925247
v -0.168673 1.892555 1.925247
v -0.168673 1.923973 1.914804
v -0.154506 1.923973 1.914804
v -0.309214 1.821201 1.035506
v -0.323200 1.821333 1.037758
v -0.321676 1.853527 1.045335
v -0.307690 1.853394 1.043081
v -0.219629 1.698835 1.573594
v -0.233796 1.698835 1.573594
v -0.233796 1.731686 1.569470
v -0.219629 1.731686 1.569470
v -0.187067 1.817267 1.801205
v -0.201235 1.817267 1.801205
v -0.201235 1.848690 1.790774
v -0.187067 1.848690 1.790774
v -0.272323 1.708909 1.293253
v -0.286490 1.708932 1.293264
v -0.286433 1.741618 1.298544
v -0.272266 1.741595 1.298533
v -0.293484 1.962646 0.880277
v -0.305142 1.970815 0.876863
v -0.291492 1.998566 0.886892
v -0.279834 1.990396 0.890309
v -0.229631 2.094570 0.780812
v -0.233539 2.095429 0.766406
v -0.253791 2.120068 0.771066
v -0.249880 2.119207 0.785474
v -0.195220 2.138590 0.804312
v -0.199803 2.135138 0.786348
v -0.211395 2.167384 0.788485
v -0.206679 2.170905 0.806339
v -0.252191 1.562565 1.390811
v -0.266358 1.562565 1.390811
v -0.302072 1.639297 1.174265
v -0.287904 1.639297 1.174265
v -0.266358 1.595460 1.387055
v -0.302072 1.669639 1.187511
v -0.252191 1.595460 1.387055
v -0.287904 1.669639 1.187511
v -0.162926 1.752314 1.820336
v -0.177093 1.752314 1.820336
v -0.233796 1.633881 1.666628
v -0.219629 1.633881 1.666628
v -0.177093 1.783737 1.809905
v -0.233796 1.666732 1.662504
v -0.162926 1.783737 1.809905
v -0.219629 1.666732 1.662504
v -0.154506 1.906572 1.961120
v -0.168673 1.906572 1.961120
v -0.168673 1.909216 1.928118
v -0.154506 1.909216 1.928118
v -0.280842 1.768884 0.987272
v -0.268863 1.761334 0.983778
v -0.265681 1.788231 1.008335
v -0.253701 1.780680 1.004844
v -0.186040 1.963806 0.870980
v -0.176457 1.952575 0.868616
v -0.169513 1.975592 0.896016
v -0.159930 1.964360 0.893652
v -0.074119 2.029096 0.797942
v -0.061333 2.022737 0.800657
v -0.062573 2.056429 0.818385
v -0.050837 2.047587 0.819245
v -0.155214 1.999445 1.970206
v -0.167964 1.999445 1.970206
v -0.167964 2.026865 1.990402
v -0.155214 2.026865 1.990402
v -0.167964 1.969009 2.009063
v -0.167964 2.000313 2.022468
v -0.155214 2.000313 2.022468
v -0.155214 1.969009 2.009063
v -0.197313 2.036923 1.876683
v -0.210064 2.036923 1.876683
v -0.197313 2.070884 1.879219
v -0.210064 2.070884 1.879219
v -0.195209 2.074412 1.762196
v -0.207959 2.074412 1.762196
v -0.195209 2.108373 1.764731
v -0.207959 2.108373 1.764731
v -0.147422 1.943201 2.030442
v -0.175756 1.943201 2.030442
v -0.147422 1.970856 1.992073
v -0.175756 1.970856 1.992073
v -0.147422 2.008495 2.019197
v -0.175756 2.008495 2.019197
v -0.147422 1.980839 2.057571
v -0.175756 1.980839 2.057571
v -0.155214 2.004622 2.024569
v -0.167964 2.004622 2.024569
v -0.167964 1.984711 2.052195
v -0.155214 1.984711 2.052195
v -0.137237 2.035596 2.067053
v -0.149618 2.036900 2.070140
v -0.145218 2.019345 2.098918
v -0.132837 2.018040 2.095833
v -0.114051 2.060266 2.084290
v -0.125336 2.060406 2.090816
v -0.113286 2.042273 2.116415
v -0.102002 2.042132 2.109888
v -0.161313 1.943574 2.031802
v -0.161313 1.897433 2.016809
v -0.161313 1.897433 1.968295
v -0.161313 1.943574 1.953304
v -0.161313 1.972091 1.992553
v -0.148280 1.948004 2.045437
v -0.148280 1.885835 2.025237
v -0.148280 1.885835 1.959868
v -0.148280 1.948004 1.939668
v -0.148280 1.986426 1.992553
v -0.161313 1.952434 2.059070
v -0.161313 1.874237 2.033662
v -0.161313 1.874237 1.951442
v -0.161313 1.952434 1.926035
v -0.161313 2.000762 1.992553
v -0.174345 1.948004 2.045437
v -0.174345 1.885835 2.025237
v -0.174345 1.885835 1.959868
v -0.174345 1.948004 1.939668
v -0.174345 1.986426 1.992553
v -0.474022 1.218288 0.386172
v -0.491001 1.218288 0.386172
v -0.491001 1.341723 0.390049
v -0.474022 1.341723 0.390049
v -0.474022 1.218288 0.523712
v -0.474022 1.240812 0.495715
v -0.474022 1.318688 0.495715
v -0.474022 1.318688 0.414170
v -0.474022 1.341723 0.519835
v -0.474022 1.240812 0.414170
v -0.491001 1.218288 0.523712
v -0.491001 1.240812 0.495715
v -0.491001 1.240812 0.414170
v -0.491001 1.318688 0.414170
v -0.491001 1.318688 0.495715
v -0.491001 1.341723 0.519835
v -0.474022 1.226385 0.454943
v -0.474022 1.209415 0.454943
v -0.491001 1.209415 0.454943
v -0.491001 1.226385 0.454943
v -0.474022 1.247734 0.495715
v -0.474022 1.247224 0.515957
v -0.491001 1.247224 0.515957
v -0.491001 1.247734 0.495715
v -0.491001 1.247224 0.393927
v -0.474022 1.247224 0.393927
v -0.474022 1.247734 0.414170
v -0.491001 1.247734 0.414170
v 0.190478 1.882912 0.243250
v 0.176785 1.905972 0.660003
v 0.305337 1.749890 0.278156
v 0.265641 1.735245 0.617930
v 0.175051 1.911672 0.717356
v 0.028035 2.109528 0.714480
v 0.248503 1.993148 0.207216
v 0.024678 2.057596 0.210283
v 0.278251 1.693377 0.238963
v 0.250507 1.695581 0.651792
v 0.173059 1.905050 0.753335
v -0.006422 2.184701 0.789961
v 0.242644 2.019357 0.162256
v 0.017679 2.099041 0.165408
v 0.199929 1.986463 0.155606
v 0.000192 2.034496 0.153416
v 0.210309 1.692133 0.224719
v -0.003005 2.091056 0.791477
v 0.128041 1.691652 0.683978
v 0.013945 1.698677 0.172839
v -0.003005 1.689804 0.695933
v -0.022887 2.211002 0.844584
v -0.021522 2.178898 0.863801
v -0.003005 1.964116 0.743704
v 0.100211 2.037145 0.736987
v 0.088980 2.029358 0.768162
v 0.353653 1.611343 0.418847
v 0.368275 1.626621 0.418847
v 0.252858 1.728075 0.418847
v 0.267481 1.743354 0.418847
v 0.252858 1.728075 0.487984
v 0.267481 1.743354 0.487984
v 0.353653 1.611343 0.487984
v 0.368276 1.626621 0.487984
v 0.389662 1.570286 0.487984
v 0.407591 1.580444 0.487984
v 0.407591 1.580444 0.418847
v 0.389661 1.570286 0.418847
v 0.411136 1.352841 0.487984
v 0.429065 1.362999 0.487984
v 0.429065 1.362999 0.418847
v 0.411136 1.352841 0.418847
v 0.406010 1.344706 0.493299
v 0.434507 1.354864 0.493298
v 0.434507 1.354864 0.413530
v 0.406010 1.344706 0.413530
v 0.405312 1.312353 0.493299
v 0.435205 1.314461 0.493299
v 0.435205 1.314461 0.413530
v 0.405312 1.312353 0.413530
v 0.086140 1.885821 1.927483
v 0.114474 1.885821 1.927483
v 0.086140 1.930705 1.912567
v 0.114474 1.930705 1.912567
v 0.086140 1.945330 1.956594
v 0.114474 1.945330 1.956594
v 0.086140 1.900442 1.971507
v 0.114474 1.900442 1.971507
v 0.093223 1.892555 1.925247
v 0.107390 1.892555 1.925247
v 0.107390 1.923973 1.914804
v 0.093223 1.923973 1.914804
v 0.247079 1.800141 0.982354
v 0.261246 1.800141 0.982354
v 0.261246 1.833118 0.979423
v 0.247079 1.833118 0.979423
v 0.158347 1.698835 1.573594
v 0.172514 1.698835 1.573594
v 0.172514 1.731685 1.569470
v 0.158347 1.731685 1.569470
v 0.125785 1.817267 1.801205
v 0.139952 1.817267 1.801205
v 0.139952 1.848690 1.790774
v 0.125785 1.848690 1.790774
v 0.211012 1.704126 1.255105
v 0.225179 1.704126 1.255105
v 0.225179 1.735549 1.244675
v 0.211012 1.735549 1.244675
v 0.155839 1.974781 0.819050
v 0.167056 1.983521 0.815570
v 0.160777 2.004841 0.839298
v 0.149562 1.996100 0.842781
v -0.008103 2.197995 0.803870
v -0.012698 2.211501 0.799392
v -0.004301 2.225949 0.826953
v 0.000293 2.212442 0.831428
v -0.050340 2.200038 0.811972
v -0.047237 2.215095 0.801049
v -0.052413 2.231357 0.830840
v -0.055515 2.216302 0.841763
v 0.190909 1.562565 1.390810
v 0.205076 1.562565 1.390811
v 0.240789 1.639297 1.174265
v 0.226622 1.639297 1.174265
v 0.205076 1.595460 1.387055
v 0.240789 1.669639 1.187511
v 0.190909 1.595460 1.387054
v 0.226622 1.669639 1.187511
v 0.101644 1.752314 1.820336
v 0.115811 1.752314 1.820336
v 0.172514 1.633881 1.666629
v 0.158347 1.633881 1.666629
v 0.115811 1.783737 1.809905
v 0.172514 1.666733 1.662503
v 0.101644 1.783737 1.809905
v 0.158347 1.666733 1.662503
v 0.093223 1.906571 1.961120
v 0.107390 1.906571 1.961120
v 0.107390 1.909216 1.928118
v 0.093223 1.909216 1.928118
v 0.219560 1.768884 0.987272
v 0.207581 1.761334 0.983778
v 0.204398 1.788232 1.008335
v 0.192419 1.780680 1.004844
v 0.144301 2.007826 0.843069
v 0.134718 1.996595 0.840705
v 0.127775 2.019612 0.868106
v 0.118192 2.008380 0.865740
v 0.074792 2.040966 0.810625
v 0.065866 2.030345 0.816426
v 0.071506 2.059248 0.837990
v 0.062581 2.048628 0.843793
v 0.093932 1.999445 1.970206
v 0.106682 1.999445 1.970205
v 0.106682 2.026865 1.990402
v 0.093932 2.026865 1.990402
v 0.106682 1.969009 2.009063
v 0.106682 2.000313 2.022468
v 0.093932 2.000313 2.022468
v 0.093932 1.969009 2.009063
v 0.136031 2.036923 1.876683
v 0.148782 2.036923 1.876683
v 0.136031 2.070884 1.879219
v 0.148782 2.070884 1.879219
v 0.133927 2.074412 1.762196
v 0.146677 2.074412 1.762196
v 0.133927 2.108373 1.764731
v 0.146677 2.108373 1.764731
v 0.086140 1.943201 2.030442
v 0.114474 1.943201 2.030442
v 0.086140 1.970856 1.992073
v 0.114474 1.970856 1.992073
v 0.086140 2.008495 2.019197
v 0.114474 2.008495 2.019197
v 0.086140 1.980839 2.057571
v 0.114474 1.980839 2.057571
v 0.093932 2.004622 2.024569
v 0.106682 2.004622 2.024569
v 0.106682 1.984711 2.052195
v 0.093932 1.984711 2.052195
v 0.075954 2.035596 2.067053
v 0.088336 2.036901 2.070140
v 0.083936 2.019345 2.098918
v 0.071554 2.018041 2.095832
v 0.052768 2.060266 2.084290
v 0.064053 2.060406 2.090816
v 0.052004 2.042274 2.116415
v 0.040719 2.042132 2.109888
v 0.100030 1.943574 2.031802
v 0.100030 1.897433 2.016809
v 0.100030 1.897433 1.968295
v 0.100030 1.943574 1.953303
v 0.100030 1.972091 1.992553
v 0.086998 1.948004 2.045437
v 0.086998 1.885835 2.025237
v 0.086998 1.885835 1.959868
v 0.086998 1.948004 1.939668
v 0.086998 1.986426 1.992553
v 0.100030 1.952434 2.059070
v 0.100030 1.874237 2.033662
v 0.100030 1.874237 1.951442
v 0.100030 1.952434 1.926035
v 0.100030 2.000762 1.992553
v 0.113063 1.948004 2.045437
v 0.113063 1.885835 2.025237
v 0.113063 1.885835 1.959868
v 0.113063 1.948004 1.939668
v 0.113063 1.986426 1.992553
v 0.412740 1.218288 0.386172
v 0.429719 1.218288 0.386172
v 0.429719 1.341722 0.390049
v 0.412740 1.341722 0.390049
v 0.412740 1.218288 0.523712
v 0.412740 1.240812 0.495715
v 0.412740 1.318688 0.495715
v 0.412740 1.318688 0.414170
v 0.412740 1.341722 0.519835
v 0.412740 1.240812 0.414170
v 0.429719 1.218288 0.523712
v 0.429719 1.240812 0.495715
v 0.429719 1.240812 0.414170
v 0.429719 1.318688 0.414170
v 0.429719 1.318688 0.495715
v 0.429719 1.341722 0.519835
v 0.412740 1.226384 0.454943
v 0.412740 1.209415 0.454943
v 0.429719 1.209415 0.454943
v 0.429719 1.226384 0.454943
v 0.412740 1.247734 0.495715
v 0.412740 1.247224 0.515957
v 0.429719 1.247224 0.515957
v 0.429719 1.247734 0.495715
v 0.429719 1.247224 0.393927
v 0.412740 1.247224 0.393927
v 0.412740 1.247734 0.414170
v 0.429719 1.247734 0.414170
v -0.440307 1.130991 0.780061
v -0.412177 1.556712 0.769457
v -0.396850 1.295411 0.978990
v -0.292351 1.720542 0.925310
v -0.154880 1.966607 0.885005
v -0.030641 2.002804 0.851030
v -0.177428 1.877556 0.664579
v -0.030641 1.939128 0.662854
v -0.430029 1.568110 0.233428
v -0.415413 1.058385 0.243638
v -0.240071 1.854497 0.243757
v -0.030641 1.907840 0.254883
v -0.385044 1.580278 -0.090669
v -0.353861 1.042410 -0.078496
v -0.285619 1.934827 -0.075289
v -0.030641 2.011639 -0.056560
v -0.184606 1.889058 0.664769
v -0.247250 1.865998 0.243948
v -0.454994 1.580691 0.252011
v -0.437143 1.569293 0.752786
v -0.030641 1.953125 0.662280
v -0.030641 1.921837 0.254310
v -0.473022 1.422855 0.432261
v -0.468241 1.419801 0.575847
v -0.453277 1.619480 0.146941
v -0.247773 1.904834 0.138845
v -0.410942 1.618182 0.855344
v -0.175386 1.936329 0.768660
v -0.030641 1.958192 0.149177
v -0.030641 1.996249 0.767500
v -0.214674 2.152561 1.817727
v -0.218461 2.228615 1.811951
v -0.195333 2.109116 1.669791
v -0.212255 2.068808 1.765270
v -0.210262 2.313527 1.798967
v -0.175835 2.345133 1.599226
v -0.206472 2.349065 1.844363
v -0.178912 2.429309 1.742459
v -0.173033 2.338074 1.932095
v -0.123837 2.468652 1.832301
v -0.030641 2.214773 2.108021
v -0.030641 2.447744 1.848379
v -0.196829 2.178467 1.935144
v -0.213286 2.158087 1.848505
v -0.185717 2.073267 1.901948
v -0.154629 2.039761 1.996348
v -0.137824 2.064487 2.067605
v -0.030641 2.086752 2.177382
v -0.030641 2.188754 2.093292
v -0.132805 2.081300 2.048960
v -0.088774 1.998113 2.188970
v -0.030641 1.974890 2.246414
v -0.112076 2.116426 1.024544
v -0.154880 1.966607 0.885005
v -0.253532 1.693798 0.832252
v -0.171758 2.000422 1.144893
v -0.045137 2.146806 0.979205
v -0.156292 2.275142 1.362443
v -0.110417 2.368886 1.283108
v -0.046009 2.410117 1.249812
v -0.151985 2.439297 1.607277
v -0.143633 2.463280 1.584185
v -0.030641 2.526155 1.582913
v -0.417054 1.676486 -0.108981
v -0.390160 1.691166 0.111713
v -0.267766 1.956305 0.137398
v -0.287466 1.949152 -0.122082
v -0.105862 2.009645 0.135422
v -0.116016 2.013503 -0.126853
v -0.030641 2.057143 0.136696
v -0.030641 2.072013 -0.128378
v -0.444079 1.663977 -0.110522
v -0.275990 2.012629 -0.123149
v -0.030641 2.111704 -0.129307
v -0.247833 1.930054 -0.449897
v -0.414953 1.691546 -0.412903
v -0.106187 2.073477 -0.137019
v -0.030641 1.967145 -0.543709
v 0.379025 1.121942 0.780061
v 0.350895 1.556712 0.769457
v 0.335568 1.246195 0.969627
v 0.231069 1.720541 0.925310
v 0.093598 1.966607 0.885005
v 0.116145 1.877556 0.664579
v 0.368746 1.568110 0.233428
v 0.354130 1.058385 0.243638
v 0.178789 1.854497 0.243757
v 0.323762 1.580278 -0.090669
v 0.292579 1.042410 -0.078496
v 0.224337 1.934827 -0.075289
v 0.123324 1.889058 0.664769
v 0.185967 1.865998 0.243948
v 0.393712 1.580691 0.252011
v 0.375860 1.569293 0.752786
v 0.411740 1.422855 0.432261
v 0.406958 1.419801 0.575847
v 0.391994 1.619480 0.146941
v 0.186491 1.904834 0.138845
v 0.349659 1.618182 0.855344
v 0.114104 1.936329 0.768660
v 0.153392 2.152561 1.817727
v 0.157179 2.228615 1.811951
v 0.134050 2.109116 1.669791
v 0.150972 2.068808 1.765270
v 0.148979 2.313527 1.798967
v 0.114553 2.345133 1.599226
v 0.145190 2.349065 1.844363
v 0.117630 2.429309 1.742459
v 0.111751 2.338074 1.932095
v 0.062555 2.468652 1.832301
v 0.135547 2.178467 1.935144
v 0.152003 2.158087 1.848505
v 0.124435 2.073267 1.901948
v 0.093347 2.039761 1.996348
v 0.076542 2.064487 2.067605
v 0.071523 2.081300 2.048960
v 0.027492 1.998113 2.188970
v 0.050794 2.116426 1.024544
v 0.093598 1.966607 0.885005
v 0.192249 1.693798 0.832252
v 0.110476 2.000422 1.144893
v -0.016145 2.146806 0.979205
v 0.095010 2.275142 1.362443
v 0.049135 2.368886 1.283108
v -0.015273 2.410117 1.249812
v 0.090702 2.439297 1.607277
v 0.082350 2.463280 1.584185
v 0.355772 1.676486 -0.108981
v 0.328878 1.691166 0.111713
v 0.206484 1.956305 0.137398
v 0.226184 1.949152 -0.122082
v 0.044580 2.009645 0.135422
v 0.054733 2.013503 -0.126853
v 0.382797 1.663977 -0.110522
v 0.214708 2.012629 -0.123149
v 0.186551 1.930054 -0.449897
v 0.353671 1.691546 -0.412903
v 0.044905 2.073477 -0.137019
v -0.288053 1.628483 -0.114122
v -0.267496 1.663011 0.106587
v -0.233527 1.874187 0.134697
v -0.252534 1.898523 -0.124820
v -0.081800 1.921221 0.133582
v -0.089936 1.953599 -0.128716
v -0.030641 1.930403 0.133892
v -0.030641 2.015419 -0.131182
v 0.226770 1.628483 -0.114122
v 0.206214 1.663011 0.106587
v 0.172245 1.874187 0.134697
v 0.191252 1.898523 -0.124820
v 0.020517 1.921221 0.133582
v 0.028653 1.953599 -0.128716
v -0.298014 1.625991 -0.106887
v -0.242095 1.883699 -0.115873
v -0.079461 1.938532 -0.116523
v -0.217630 1.848451 -0.450685
v -0.030641 1.889234 -0.535981
v -0.368575 1.650828 -0.408901
v -0.030641 2.004299 -0.116385
v 0.236732 1.625991 -0.106887
v 0.180813 1.883699 -0.115873
v 0.018179 1.938532 -0.116523
v 0.156348 1.848451 -0.450685
v 0.307292 1.650828 -0.408901
v -0.437898 1.172904 -0.455620
v -0.430648 1.640170 -0.383701
v -0.261322 1.893937 -0.331010
v -0.030641 1.941726 -0.322020
v 0.200040 1.893937 -0.331010
v 0.369366 1.640170 -0.383701
v 0.376616 1.172904 -0.455620
v -0.266751 0.164318 -0.746113
v -0.224147 0.136353 -0.814342
v -0.146657 0.162396 -0.726672
v -0.161082 0.134789 -0.796592
v -0.174654 0.192903 -0.662538
v -0.250119 0.196973 -0.668319
v -0.160003 0.110347 -0.575054
v -0.094832 0.081328 -0.686025
v -0.161456 0.029832 -0.548276
v -0.303658 0.031240 -0.573156
v -0.293008 0.110615 -0.597290
v -0.091242 0.027440 -0.666562
v -0.124293 0.049776 -0.809436
v -0.255487 0.049462 -0.837832
v -0.336756 0.030332 -0.721887
v -0.327888 0.081623 -0.735834
v -0.126101 0.028004 -0.800600
v -0.258492 0.027999 -0.827663
v -0.308996 0.167402 -0.689671
v -0.260391 0.089620 -0.933308
v -0.147840 0.079732 -0.924946
v -0.090755 0.169625 -0.656413
v -0.190105 0.156655 -0.573758
v -0.283570 0.162405 -0.596636
v -0.256069 0.182667 1.015489
v -0.181814 0.194517 1.038235
v -0.234048 0.196158 1.044505
v -0.174791 0.132090 0.913145
v -0.162669 0.180013 1.010657
v -0.239307 0.132909 0.907588
v -0.155047 0.047588 0.909444
v -0.261343 0.047393 0.907122
v -0.117322 0.100583 1.072845
v -0.160350 0.117659 1.139419
v -0.253385 0.117901 1.141674
v -0.258575 0.036377 1.179070
v -0.319357 0.036233 1.097950
v -0.301137 0.101071 1.072229
v -0.100915 0.035703 1.100730
v -0.155745 0.029899 0.918056
v -0.262278 0.029927 0.916951
v -0.158900 0.036256 1.177400
v -0.279103 0.216512 1.048218
v -0.146202 0.229050 1.079344
v -0.177578 0.106847 0.780077
v -0.115546 0.225264 1.006405
v -0.288342 0.116014 0.785879
v 0.205468 0.164318 -0.746113
v 0.162864 0.136353 -0.814342
v 0.085375 0.162396 -0.726672
v 0.099800 0.134789 -0.796592
v 0.113371 0.192904 -0.662538
v 0.188837 0.196973 -0.668319
v 0.098721 0.110347 -0.575054
v 0.033549 0.081328 -0.686025
v 0.100173 0.029832 -0.548276
v 0.242376 0.031240 -0.573156
v 0.231726 0.110615 -0.597290
v 0.029960 0.027440 -0.666562
v 0.063011 0.049776 -0.809436
v 0.194204 0.049462 -0.837832
v 0.275473 0.030332 -0.721887
v 0.266606 0.081623 -0.735834
v 0.064819 0.028004 -0.800600
v 0.197210 0.027999 -0.827663
v 0.247714 0.167402 -0.689671
v 0.199109 0.089620 -0.933308
v 0.086558 0.079732 -0.924946
v 0.029472 0.169625 -0.656413
v 0.128822 0.156655 -0.573758
v 0.222288 0.162406 -0.596636
v 0.194787 0.182667 1.015489
v 0.120531 0.194517 1.038235
v 0.172765 0.196158 1.044505
v 0.113509 0.132090 0.913145
v 0.101387 0.180013 1.010657
v 0.178025 0.132909 0.907588
v 0.093765 0.047588 0.909444
v 0.200061 0.047393 0.907122
v 0.056040 0.100583 1.072845
v 0.099068 0.117659 1.139419
v 0.192102 0.117901 1.141674
v 0.197292 0.036377 1.179070
v 0.258075 0.036233 1.097950
v 0.239854 0.101071 1.072229
v 0.039633 0.035703 1.100730
v 0.094463 0.029899 0.918056
v 0.200995 0.029927 0.916951
v 0.097618 0.036256 1.177400
v 0.217821 0.216512 1.048218
v 0.084919 0.229050 1.079343
v 0.116296 0.106847 0.780077
v 0.054263 0.225264 1.006405
v 0.227060 0.116015 0.785879
v -0.222346 0.699865 1.108279
v -0.170629 0.669643 1.098764
v -0.251220 0.683899 0.965354
v -0.195492 0.668481 0.931817
v -0.148410 0.657210 1.000340
v -0.322564 1.267044 1.317207
v -0.128156 1.105119 1.220105
v -0.349370 1.255074 1.032239
v -0.188530 1.133856 0.823883
v -0.112239 1.069234 0.977615
v -0.030641 1.285793 1.409267
v -0.030641 1.151593 1.222637
v -0.030641 1.457931 1.429175
v -0.291120 1.514221 1.350796
v -0.030641 1.636089 1.419415
v -0.185567 1.774062 1.286768
v -0.148819 1.975115 1.365584
v -0.030641 1.863940 1.459090
v -0.369737 1.497847 1.112927
v -0.316264 1.370606 0.827405
v -0.255740 1.110462 0.579685
v -0.346895 1.259235 0.556797
v -0.030641 1.107543 1.064784
v -0.030641 1.099149 0.835723
v -0.030641 1.048458 0.627608
v -0.289704 1.626552 0.797086
v -0.363844 1.517223 0.533450
v -0.221494 1.826734 1.090149
v -0.144964 2.075844 1.218899
v -0.136473 1.947795 0.895027
v -0.091431 2.187094 1.104939
v -0.030641 1.978834 0.866643
v -0.030641 2.212721 1.065989
v -0.160626 1.854791 0.669138
v -0.030641 1.909972 0.670938
v -0.190350 1.819953 0.484008
v -0.030641 1.862603 0.491443
v -0.366698 1.245306 0.222774
v -0.382756 1.501758 0.232969
v -0.223703 1.832365 0.239920
v -0.030641 1.877575 0.249275
v -0.230445 1.104452 0.222788
v -0.030641 1.068703 0.220978
v -0.030641 1.228750 -0.155876
v -0.199848 1.269051 -0.155286
v -0.325181 1.379839 -0.191333
v -0.332203 1.574615 -0.089070
v -0.243492 1.914069 -0.080420
v -0.030641 1.982098 -0.065496
v -0.215424 1.940490 -0.343349
v -0.030641 1.995229 -0.338103
v -0.144816 1.822474 -0.649103
v -0.030641 1.896599 -0.636875
v -0.385149 1.681502 -0.375969
v -0.308290 1.660461 -0.596348
v -0.402311 1.444891 -0.435016
v -0.249352 1.427227 -0.683796
v -0.133022 1.651577 -0.745392
v -0.030641 1.247409 -0.396793
v -0.087766 1.221948 -0.433763
v -0.338543 1.139763 -0.336003
v -0.229083 1.119772 -0.269580
v -0.332215 1.193776 -0.526684
v -0.247670 1.237831 -0.665679
v -0.129407 1.108665 -0.526470
v -0.151050 1.184334 -0.653777
v -0.030641 1.417131 -0.686121
v -0.030641 1.582531 -0.739058
v -0.192811 0.882042 -0.547012
v -0.259154 0.890224 -0.574465
v -0.260990 0.899080 -0.677832
v -0.237507 0.899976 -0.733601
v -0.154145 0.874336 -0.679167
v -0.167414 0.887299 -0.749707
v -0.200229 0.673710 -0.667717
v -0.232821 0.658927 -0.656409
v -0.244071 0.671425 -0.753716
v -0.221018 0.695659 -0.842019
v -0.158257 0.670751 -0.732119
v -0.159052 0.695624 -0.852756
v -0.182807 0.366190 -0.608186
v -0.270644 0.373909 -0.617437
v -0.294084 0.358673 -0.753763
v -0.241468 0.354492 -0.861225
v -0.100446 0.369932 -0.716782
v -0.136166 0.347989 -0.862229
v -0.236696 0.942148 1.133355
v -0.259493 0.918328 0.990031
v -0.193596 0.887797 0.887804
v -0.147596 0.878705 0.999024
v -0.159445 0.876221 1.134017
v -0.239195 0.468234 1.090249
v -0.268078 0.470415 0.852133
v -0.183366 0.461877 0.843884
v -0.132336 0.450584 0.982691
v -0.164196 0.451011 1.093297
v -0.101762 1.680152 -0.891609
v -0.030641 1.801538 -0.856362
v -0.091916 1.587898 -0.868306
v -0.030641 1.501603 -0.843314
v -0.089748 1.475398 -1.040586
v -0.030641 1.485512 -1.083459
v -0.104488 1.413278 -0.950870
v -0.030641 1.355285 -0.877534
v -0.030641 2.042968 1.572434
v -0.155536 2.158951 1.464601
v -0.129339 2.265979 1.369710
v -0.089256 2.352901 1.293565
v -0.030641 2.387313 1.263459
v -0.162107 2.328387 1.584695
v -0.152580 2.190361 1.577583
v -0.123107 2.452963 1.592830
v -0.030641 2.507787 1.592919
v -0.173663 2.417421 1.722633
v -0.183318 2.055471 1.687810
v -0.132196 2.458103 1.681855
v -0.030641 2.499140 1.769763
v -0.151180 2.328485 1.930256
v -0.209109 2.322686 1.842588
v -0.117309 2.466057 1.812190
v -0.194875 2.109540 1.822665
v -0.172687 2.133031 1.951795
v -0.030641 1.965214 1.722771
v -0.162770 2.004565 1.902706
v -0.090485 1.988502 2.180407
v -0.110265 1.842671 2.101334
v -0.122120 2.047102 2.091403
v -0.121604 1.924175 1.998218
v -0.030641 1.921383 1.904456
v -0.030641 1.803282 2.085969
v -0.030641 1.935571 2.186616
v -0.030641 2.098075 2.153692
v -0.030641 2.181118 2.073562
v -0.214567 2.575644 1.861848
v -0.174364 2.283123 1.914700
v -0.165617 2.272268 1.910450
v -0.193708 2.267704 1.869163
v -0.199424 2.298628 1.870894
v 0.161064 0.699865 1.108279
v 0.109347 0.669643 1.098764
v 0.189938 0.683899 0.965354
v 0.134210 0.668481 0.931817
v 0.087128 0.657210 1.000340
v 0.261282 1.267044 1.317207
v 0.066873 1.105119 1.220105
v 0.288087 1.255074 1.032239
v 0.127248 1.133856 0.823883
v 0.050956 1.069234 0.977615
v 0.229838 1.514220 1.350796
v 0.124285 1.774062 1.286768
v 0.087536 1.975115 1.365584
v 0.308454 1.497847 1.112927
v 0.254982 1.370606 0.827405
v 0.194458 1.110462 0.579685
v 0.285613 1.259235 0.556797
v 0.228421 1.626552 0.797086
v 0.302562 1.517224 0.533450
v 0.160211 1.826734 1.090149
v 0.083682 2.075844 1.218899
v 0.075191 1.947795 0.895027
v 0.030149 2.187094 1.104939
v 0.099344 1.854791 0.669138
v 0.129068 1.819953 0.484008
v 0.305415 1.245306 0.222774
v 0.321473 1.501758 0.232969
v 0.162420 1.832365 0.239920
v 0.169163 1.104452 0.222788
v 0.138566 1.269051 -0.155286
v 0.263898 1.379839 -0.191333
v 0.270921 1.574615 -0.089070
v 0.182210 1.914069 -0.080420
v 0.154141 1.940490 -0.343349
v 0.083534 1.822474 -0.649103
v 0.323867 1.681501 -0.375969
v 0.247007 1.660461 -0.596348
v 0.341029 1.444891 -0.435016
v 0.188070 1.427227 -0.683796
v 0.071739 1.651577 -0.745392
v 0.026484 1.221948 -0.433763
v 0.277260 1.139764 -0.336003
v 0.167801 1.119772 -0.269580
v 0.270933 1.193776 -0.526684
v 0.186388 1.237831 -0.665679
v 0.068125 1.108665 -0.526470
v 0.089768 1.184334 -0.653777
v 0.131528 0.882041 -0.547012
v 0.197872 0.890224 -0.574465
v 0.199707 0.899080 -0.677832
v 0.176225 0.899976 -0.733601
v 0.092863 0.874336 -0.679168
v 0.106132 0.887299 -0.749707
v 0.138946 0.673710 -0.667717
v 0.171538 0.658927 -0.656408
v 0.182789 0.671425 -0.753716
v 0.159736 0.695659 -0.842019
v 0.096974 0.670751 -0.732119
v 0.097769 0.695624 -0.852756
v 0.121525 0.366190 -0.608186
v 0.209362 0.373909 -0.617438
v 0.232801 0.358673 -0.753763
v 0.180185 0.354492 -0.861225
v 0.039164 0.369932 -0.716782
v 0.074884 0.347989 -0.862229
v 0.175414 0.942148 1.133355
v 0.198211 0.918328 0.990031
v 0.132313 0.887797 0.887804
v 0.086313 0.878705 0.999024
v 0.098163 0.876221 1.134016
v 0.177912 0.468234 1.090249
v 0.206796 0.470415 0.852133
v 0.122084 0.461877 0.843885
v 0.071054 0.450584 0.982691
v 0.102914 0.451011 1.093297
v 0.040480 1.680152 -0.891609
v 0.030634 1.587898 -0.868306
v 0.028466 1.475398 -1.040586
v 0.043206 1.413278 -0.950870
v 0.094254 2.158951 1.464601
v 0.068057 2.265979 1.369709
v 0.027974 2.352901 1.293565
v 0.100825 2.328387 1.584695
v 0.091297 2.190361 1.577583
v 0.061825 2.452963 1.592830
v 0.112381 2.417421 1.722633
v 0.122036 2.055471 1.687810
v 0.070913 2.458103 1.681855
v 0.089898 2.328485 1.930256
v 0.147826 2.322686 1.842588
v 0.056026 2.466057 1.812190
v 0.133593 2.109540 1.822665
v 0.111405 2.133031 1.951795
v 0.101488 2.004565 1.902706
v 0.029203 1.988502 2.180406
v 0.048982 1.842671 2.101334
v 0.060838 2.047102 2.091403
v 0.060321 1.924175 1.998218
v 0.153285 2.575644 1.861848
v 0.113082 2.283123 1.914700
v 0.104334 2.272268 1.910449
v 0.132426 2.267704 1.869163
v 0.138142 2.298628 1.870894
v -0.076906 1.283015 -1.134521
v -0.030641 1.325190 -1.153545
v -0.085472 1.174809 -1.115207
v -0.030641 1.088369 -1.098049
v 0.015624 1.283016 -1.134521
v 0.024189 1.174809 -1.115207
v -0.020240 1.108431 -1.228884
v -0.020523 1.154741 -1.364515
v -0.015389 1.924923 0.741018
v 0.043038 2.107339 0.866629
v 0.126041 1.963992 0.843342
v -0.068648 2.172811 0.914148
v -0.047862 1.981651 0.790383
v -0.108531 1.973708 0.929104
v 0.118608 1.878112 0.918465
v 0.030866 2.007869 0.972183
v 0.006581 1.930803 0.811559
v 0.002456 2.080358 1.005003
v -0.035725 1.968097 0.876526
v 0.045629 2.056970 0.960427
v -0.055802 2.120515 1.041143
v -0.081574 2.044319 1.004019
v 0.024503 2.035848 1.003458
v 0.025141 2.012557 1.012277
v 0.061158 2.139426 0.957801
v 0.144925 2.123362 1.125939
v -0.114715 2.011134 1.036191
v -0.084448 2.046457 1.022792
v 0.052849 2.025899 1.068992
v 0.017855 2.022031 1.062609
v -0.124092 2.140235 1.050103
v -0.097091 2.287731 1.148927
v -0.079250 2.075191 1.046709
v -0.114670 2.031575 1.073277
v 0.075516 2.290286 0.996957
v 0.021693 2.413706 1.088303
v 0.107214 2.393305 1.125500
v -0.013717 2.328555 1.258439
v 0.023861 2.179090 1.180664
v -0.087386 2.176155 1.221871
v -0.046127 2.344178 1.295762
v -0.076114 2.297072 1.337620
v -0.080496 2.346281 1.423121
v -0.150779 2.414073 1.456019
v -0.078782 2.309552 1.364281
v -0.085847 2.326938 1.387744
v -0.081029 2.310851 1.385324
v -0.087785 2.337608 1.407685
v 0.208210 2.329097 1.377636
v 0.099756 2.302854 1.496925
v 0.189662 2.112306 1.349356
v 0.015911 2.354029 1.427279
v 0.120410 2.163022 1.406166
v -0.161246 2.432347 1.607797
v 0.075996 2.335742 1.534266
v -0.015666 2.477481 1.749026
v -0.023038 2.441592 1.527288
v 0.099584 2.486409 1.429268
v 0.078355 2.578851 1.535161
v 0.167956 2.415131 1.707922
v 0.156087 2.288719 1.517765
v -0.103255 2.506964 1.814422
v -0.099178 2.554964 1.606084
v -0.170244 2.489314 1.634385
v 0.139523 2.278250 1.652200
v 0.111194 2.355410 1.695667
v 0.085073 2.409219 1.738656
v 0.128636 2.349197 1.696157
v 0.119653 2.352372 1.701505
v -0.079115 2.420751 1.867212
v -0.096059 2.578944 1.776936
v -0.059481 2.549071 1.922738
v 0.010649 2.606652 1.903142
v 0.230843 2.180026 1.918797
v 0.233540 2.170407 1.897016
v 0.164627 2.438264 1.901692
v 0.224926 2.168232 1.920713
v 0.198977 2.213293 1.968926
v 0.231315 2.169584 1.923284
v -0.038462 2.326865 1.048192
v -0.094373 2.463052 1.243953
v -0.028156 2.520492 1.200169
v 0.118093 2.524559 1.766268
v 0.003710 2.639152 1.640154
v -0.004597 2.601498 1.778804
v 0.083739 2.506070 1.803624
v 0.190541 2.247994 1.163085
v 0.189409 2.148074 1.136315
v 0.158214 2.316438 1.237669
v 0.120198 2.051279 1.258147
v 0.155255 2.381846 1.289043
v 0.077786 2.494004 1.283628
v 0.107597 2.041693 0.875580
v -0.005631 2.205694 0.899168
v 0.036834 2.004538 1.109931
v 0.070850 1.891996 1.145601
v 0.096244 2.064180 1.217883
v -0.055016 2.632597 1.636067
v -0.020414 2.646501 1.476399
v -0.092863 2.608563 1.473889
v 0.021313 2.283448 1.325142
v 0.129758 2.199972 1.304724
v 0.085266 2.500167 1.991326
v 0.073453 2.227484 1.304702
v 0.042559 2.400109 1.923301
v 0.094055 1.905888 0.841402
v 0.137137 2.398635 1.831849
v 0.071520 2.402602 1.780713
v 0.162589 2.205873 1.886150
v 0.115471 1.902350 1.139473
v 0.180474 2.129747 1.518845
v -0.031044 2.014057 0.792437
v -0.031058 2.052183 0.818623
v -0.031058 2.064040 0.815825
v -0.031044 2.025916 0.789644
v -0.120144 2.182975 0.815608
v -0.128777 2.220381 0.839809
v -0.129687 2.229810 0.825751
v -0.125904 2.191828 0.803580
v 0.320821 1.313133 0.963373
v 0.375055 1.183295 0.778565
v 0.356193 1.108254 0.242197
v 0.293439 1.096250 -0.080213
v 0.378897 1.238842 -0.445471
v -0.417475 1.108254 0.242197
v -0.354722 1.096250 -0.080213
v -0.440179 1.238842 -0.445471
v -0.435927 1.197272 0.778408
v -0.383666 1.349049 0.972217
v -0.228339 1.763466 0.845725
v -0.156517 2.030046 1.114158
v -0.144577 2.299082 1.342183
v -0.149852 2.445421 1.601380
v 0.088569 2.445421 1.601379
v 0.083294 2.299082 1.342183
v 0.095235 2.030046 1.114158
v 0.167057 1.763466 0.845725
v 0.688918 2.308973 0.497257
v 0.316188 2.744313 0.816463
v 0.664155 2.310970 0.464962
v 0.291425 2.746309 0.784168
v 0.224329 2.624150 0.853270
v 0.736249 2.052909 0.467852
v 0.711486 2.054905 0.435556
v 0.249092 2.622154 0.885565
v 0.288274 2.746563 0.780060
v 0.739429 2.052652 0.471998
v 0.661005 2.311224 0.460853
v 0.692068 2.308719 0.501365
v 0.221208 2.624401 0.849200
v 0.252272 2.621897 0.889712
v 0.319338 2.744059 0.820572
v 0.708365 2.055157 0.431486
v 0.290438 2.787896 0.780956
v 0.687894 2.323901 0.441019
v 0.321501 2.785392 0.821468
v 0.718957 2.321397 0.481532
v 0.727926 2.034788 0.419658
v 0.758989 2.032284 0.460170
v 0.206290 2.641676 0.861679
v 0.237353 2.639172 0.902191
v 0.356774 1.862030 0.718900
v -0.015956 2.297369 1.038106
v 0.332011 1.864027 0.686604
v -0.040719 2.299366 1.005811
v 0.679264 1.887271 0.452094
v 0.167075 2.497328 0.914248
v 0.704027 1.885275 0.484390
v 0.191838 2.495332 0.946543
v 0.059808 2.401866 0.964299
v 0.571741 1.830624 0.578898
v 0.546978 1.832621 0.546603
v 0.084571 2.399870 0.996594
v 0.676144 1.887522 0.448026
v 0.195018 2.495075 0.950691
v 0.163955 2.497580 0.910179
v -0.043869 2.299620 1.001703
v 0.574921 1.830368 0.583045
v 0.328861 1.864281 0.682496
v 0.359924 1.861776 0.723008
v 0.056687 2.402118 0.960229
v 0.087750 2.399613 1.000741
v -0.012806 2.297116 1.042215
v 0.543858 1.832872 0.542533
v 0.707208 1.885018 0.488538
v -0.076558 2.293663 1.026399
v 0.320898 1.829668 0.686462
v -0.045494 2.291158 1.066911
v 0.351961 1.827164 0.726974
v 0.563416 1.812504 0.530701
v 0.594479 1.810000 0.571213
v 0.149684 2.513904 0.921716
v 0.041769 2.419393 0.972708
v 0.180747 2.511400 0.962228
v 0.072832 2.416888 1.013220
v 0.700478 1.863318 0.435566
v 0.731541 1.860814 0.476078
v 0.708644 1.887476 0.473046
v 0.184745 2.510267 0.943352
v 0.693599 1.888689 0.453424
v 0.169700 2.511480 0.923729
v 0.735351 2.008542 0.464418
v 0.225681 2.601569 0.896419
v 0.720306 2.009755 0.444796
v 0.210635 2.602782 0.876797
v 0.326701 2.328389 0.781567
v 0.523087 2.097032 0.619742
v 0.390752 2.396284 0.724303
v 0.576785 2.185045 0.562130
v 0.398851 2.395711 0.749231
v 0.591830 2.183832 0.581752
v 0.738332 2.013204 0.461529
v 0.228657 2.606231 0.893525
v 0.723286 2.014417 0.441907
v 0.213612 2.607444 0.873903
v 0.713282 2.188663 0.471918
v 0.268578 2.702683 0.842069
v 0.698236 2.189876 0.452296
v 0.253533 2.703896 0.822447
v 0.379425 2.414606 0.725276
v 0.579792 2.189704 0.559276
v 0.442412 2.485071 0.663190
v 0.629677 2.275187 0.500614
v 0.449668 2.483653 0.688281
v 0.644723 2.273974 0.520236
v 0.307697 2.747109 0.813060
v 0.688755 2.295863 0.486485
v 0.292652 2.748322 0.793438
v 0.673709 2.297076 0.466863
v 0.274858 2.709596 0.837163
v 0.702246 2.211657 0.473609
v 0.259813 2.710809 0.817541
v 0.687200 2.212869 0.453987
v 0.441401 2.582548 0.693820
v 0.629726 2.369141 0.532570
v 0.609002 2.372347 0.517895
v 0.426355 2.583761 0.674198
v 0.586754 2.329869 0.540408
v 0.394901 2.540121 0.697003
v 0.705907 1.883762 0.474915
v 0.182008 2.506552 0.945221
v 0.690861 1.884975 0.455293
v 0.166962 2.507765 0.925599
v 0.613568 1.843294 0.547582
v 0.103898 2.436321 0.979584
v 0.598522 1.844507 0.527960
v 0.088852 2.437534 0.959961
v 0.333570 2.326049 0.807470
v 0.320549 2.320042 0.785767
v 0.521189 2.094456 0.621038
v 0.266517 2.227709 0.809142
v 0.446413 2.008143 0.651159
v 0.609728 1.838702 0.549351
v 0.100054 2.431729 0.981346
v 0.594683 1.839915 0.529729
v 0.085008 2.432942 0.961724
v 0.470704 1.848280 0.653093
v 0.026000 2.362300 1.023244
v 0.455658 1.849493 0.633471
v 0.010955 2.363513 1.003622
v 0.457645 2.002335 0.672585
v 0.260265 2.241492 0.836918
v 0.247407 2.235471 0.815429
v 0.442600 2.003548 0.652962
v 0.199404 2.144106 0.844658
v 0.378510 1.923149 0.687655
v 0.213798 2.152371 0.864875
v 0.393556 1.921937 0.707277
v -0.016467 2.310993 1.029254
v 0.365649 1.861185 0.701956
v -0.031513 2.312207 1.009632
v 0.350604 1.862397 0.682334
v 0.020785 2.353615 1.026188
v 0.448173 1.855676 0.662633
v 0.005739 2.354828 1.006566
v 0.433127 1.856889 0.643011
v 0.117527 2.146827 0.909815
v 0.301661 1.927732 0.751428
v 0.284777 1.936150 0.734129
v 0.102482 2.148040 0.890193
v 0.333108 1.974467 0.729141
v 0.149417 2.195795 0.880163
v 0.349991 1.966049 0.746440
v 0.164463 2.194582 0.899785
v 0.168996 2.450704 0.942479
v 0.172858 2.426324 0.936497
v 0.213086 2.397732 0.908043
v 0.212432 2.353330 0.898524
v 0.221351 2.396482 0.902251
v 0.176602 2.427599 0.934560
v 0.167826 2.450798 0.940954
v 0.171688 2.426419 0.934972
v 0.211915 2.397827 0.906517
v 0.211262 2.353424 0.896997
v 0.220181 2.396576 0.900725
v 0.175432 2.427694 0.933035
v 0.307494 2.589794 0.830198
v 0.366993 2.537385 0.778065
v 0.356085 2.515834 0.785846
v 0.411591 2.461930 0.732861
v 0.308840 2.587278 0.826924
v 0.355953 2.518423 0.783760
v 0.408693 2.464668 0.732885
v 0.364504 2.535321 0.777658
v 0.422308 2.333735 0.700528
v 0.415884 2.333742 0.705965
v 0.417382 2.345664 0.705878
v 0.436889 2.318118 0.687892
v 0.446203 2.312387 0.680445
v 0.438154 2.309929 0.686747
v 0.425635 2.289634 0.698268
v 0.425002 2.277197 0.700431
v 0.419747 2.290361 0.703500
v 0.406797 2.308288 0.714016
v 0.398001 2.314100 0.722296
v 0.405801 2.317216 0.714608
v 0.336482 2.213704 0.761426
v 0.339202 2.223755 0.761815
v 0.344636 2.214034 0.755989
v 0.326709 2.204440 0.767012
v 0.326934 2.196688 0.765940
v 0.316725 2.202352 0.774775
v 0.338688 2.182928 0.755934
v 0.345378 2.182654 0.751171
v 0.344628 2.171930 0.750895
v 0.357626 2.199181 0.745166
v 0.356174 2.206310 0.747221
v 0.366019 2.200377 0.740823
v 0.414881 2.334311 0.690878
v 0.408457 2.334318 0.696315
v 0.409533 2.334235 0.697714
v 0.415859 2.334235 0.692149
v 0.429462 2.318694 0.678243
v 0.430440 2.318618 0.679513
v 0.431874 2.310417 0.678589
v 0.430726 2.310506 0.677097
v 0.418207 2.290211 0.688619
v 0.419356 2.290122 0.690110
v 0.413299 2.290861 0.695122
v 0.409860 2.286977 0.696518
v 0.412843 2.282258 0.693074
v 0.397111 2.304617 0.706853
v 0.400349 2.308788 0.705638
v 0.399450 2.317709 0.706357
v 0.398374 2.317793 0.704958
v 0.393183 2.309525 0.709023
v 0.329055 2.214280 0.751777
v 0.330133 2.214197 0.753177
v 0.338201 2.214533 0.747629
v 0.340537 2.218813 0.745073
v 0.335396 2.221791 0.747974
v 0.319282 2.205016 0.757362
v 0.319506 2.197264 0.756290
v 0.320477 2.197189 0.757552
v 0.320360 2.204933 0.758763
v 0.331261 2.183505 0.746284
v 0.337950 2.183230 0.741521
v 0.339073 2.183143 0.742980
v 0.332232 2.183429 0.747546
v 0.350199 2.199757 0.735516
v 0.356254 2.207723 0.732097
v 0.352227 2.210972 0.736166
v 0.349740 2.206810 0.738861
v 0.351322 2.199670 0.736975
v 0.407887 2.334854 0.681792
v 0.405100 2.331186 0.683126
v 0.401561 2.334853 0.687356
v 0.422468 2.319237 0.669156
v 0.423902 2.311036 0.668231
v 0.419865 2.315810 0.670467
v 0.411384 2.290740 0.679753
v 0.405841 2.282801 0.683977
v 0.401888 2.287596 0.686160
v 0.406964 2.295060 0.682168
v 0.389139 2.305236 0.696495
v 0.386182 2.310068 0.699926
v 0.391478 2.318328 0.695999
v 0.394240 2.313190 0.692629
v 0.322161 2.214816 0.742820
v 0.328395 2.222334 0.738877
v 0.332566 2.219432 0.734715
v 0.326566 2.211520 0.738359
v 0.312388 2.205551 0.748406
v 0.315247 2.200884 0.744717
v 0.312505 2.197807 0.747194
v 0.324260 2.184048 0.737188
v 0.326395 2.187629 0.735274
v 0.331101 2.183762 0.732623
v 0.343350 2.200288 0.726618
v 0.338369 2.203833 0.729319
v 0.344255 2.211591 0.725808
v 0.349252 2.208266 0.723000
v 0.040643 2.929667 0.679072
v 0.056842 3.197853 0.706907
v 0.040563 2.980444 0.483330
v 0.056843 3.232429 0.510813
v 0.077481 2.963264 0.590184
v 0.077975 3.236626 0.612649
v 0.062028 2.913687 0.691428
v 0.118871 2.953353 0.589693
v 0.068994 2.992347 0.452059
v 0.092501 2.911471 0.578006
v 0.052166 2.881316 0.657784
v 0.052079 2.926889 0.482104
v 0.180743 2.843311 0.687226
v 0.180446 2.893160 0.404516
v 0.073243 2.909086 0.680308
v 0.081945 3.097788 0.710395
v 0.059538 3.205764 0.705944
v 0.073056 2.923217 0.693843
v 0.079813 3.095303 0.722687
v 0.059350 3.193908 0.718623
v 0.074851 3.069321 0.709107
v 0.074851 3.113733 0.478008
v 0.118107 3.093295 0.591366
v 0.078632 3.069482 0.708278
v 0.076788 3.069454 0.720753
v 0.045167 3.070209 0.738185
v 0.057773 3.087804 0.735546
v 0.067758 3.093235 0.734415
v -0.014868 3.064725 0.760012
v -0.014872 3.083121 0.762101
v 0.047500 3.064950 0.738677
v -0.016161 3.065151 0.756322
v -0.016165 3.083547 0.758411
v 0.056480 3.088230 0.731856
v 0.043874 3.070635 0.734495
v -0.016761 3.064273 0.760245
v -0.016120 3.060474 0.756488
v -0.015863 3.001090 0.750622
v -0.014841 3.088903 0.758983
v -0.009978 3.182677 0.739413
v -0.013685 3.090332 0.763089
v -0.013712 3.063441 0.764614
v -0.013716 3.083504 0.766996
v -0.014964 3.059330 0.757762
v -0.015605 3.062953 0.764840
v -0.021619 2.996967 0.754272
v -0.014744 3.191739 0.742857
v 0.062434 3.019237 0.466433
v 0.062433 2.963203 0.701170
v 0.113305 2.998689 0.590545
v 0.075147 2.959316 0.686533
v 0.074445 2.969051 0.699739
v 0.081074 3.094196 0.710783
v 0.081074 3.135211 0.480515
v 0.122413 3.115272 0.591251
v 0.080034 3.092742 0.710527
v 0.080034 3.133757 0.480259
v 0.121373 3.113819 0.590994
v 0.073286 3.109945 0.710317
v 0.111512 3.135027 0.595849
v 0.080815 3.088138 0.709673
v 0.078782 3.086491 0.722028
v -0.014871 3.076849 0.761389
v 0.073286 3.151001 0.486033
v 0.060852 3.083592 0.735868
v 0.053475 3.081805 0.736445
v -0.016164 3.077276 0.757699
v 0.052182 3.082232 0.732755
v -0.013715 3.076664 0.766184
v 0.074146 3.063297 0.708657
v 0.117834 3.087924 0.591319
v 0.077885 3.063095 0.707800
v 0.076105 3.063620 0.720317
v 0.074146 3.108368 0.477351
v 0.077784 3.065546 0.706850
v 0.078489 3.067209 0.706532
v 0.121472 3.087359 0.589016
v 0.121745 3.088888 0.588385
v 0.078489 3.109004 0.474971
v 0.077784 3.107555 0.475004
v 0.181607 2.842243 0.693282
v 0.035992 2.907103 0.700682
v 0.041173 2.988519 0.442016
v 0.020086 2.923671 0.686584
v 0.020027 2.976881 0.475197
v 0.028657 2.875936 0.664526
v 0.028592 2.936543 0.477071
v 0.159265 2.837353 0.692653
v 0.044333 2.900649 0.694027
v 0.044194 2.915451 0.706722
v 0.045530 3.114908 0.467201
v 0.036294 3.016495 0.456207
v 0.045006 3.109321 0.466577
v 0.048236 3.110701 0.464256
v 0.047711 3.109185 0.464350
v 0.160906 2.836240 0.698970
v 0.120693 2.794574 0.368689
v 0.076996 2.855652 0.736498
v 0.078356 2.852771 0.752837
v 0.154933 2.814680 0.701780
v 0.117964 2.795446 0.363747
v 0.094056 2.912107 0.397484
v 0.124071 2.894521 0.396801
v 0.093420 2.914079 0.386298
v 0.123292 2.896184 0.387367
v 0.133136 2.901856 0.389868
v 0.132478 2.900455 0.398551
v 0.187615 2.898425 0.402810
v 0.075382 3.022422 0.711352
v -0.119832 2.929667 0.679072
v -0.136032 3.197852 0.706907
v -0.119752 2.980444 0.483330
v -0.136032 3.232429 0.510813
v -0.039595 2.906265 0.708390
v -0.039595 3.215549 0.732181
v -0.156670 2.963264 0.590184
v -0.157164 3.236626 0.612648
v -0.039595 2.892903 0.744112
v -0.039595 3.276286 0.606255
v -0.039595 3.261822 0.514982
v -0.039594 2.966537 0.451588
v -0.039595 3.249434 0.486363
v -0.039595 2.887990 0.727545
v -0.141217 2.913686 0.691428
v -0.198060 2.953353 0.589693
v -0.148183 2.992347 0.452059
v -0.039594 2.977406 0.412860
v -0.171690 2.911471 0.578006
v -0.039595 2.860314 0.684097
v -0.039594 2.927259 0.455881
v -0.131355 2.881316 0.657784
v -0.131268 2.926889 0.482104
v -0.039595 2.782198 0.742900
v -0.259932 2.843311 0.687226
v -0.039594 2.898470 0.374405
v -0.039594 2.672370 0.333820
v -0.039595 2.876154 0.733856
v -0.152432 2.909085 0.680308
v -0.161134 3.097788 0.710395
v -0.138727 3.205764 0.705944
v -0.039595 3.242956 0.716330
v -0.152245 2.923217 0.693843
v -0.159002 3.095303 0.722687
v -0.138539 3.193908 0.718623
v -0.039595 3.238507 0.732738
v -0.154041 3.069321 0.709107
v -0.154040 3.113733 0.478008
v -0.197296 3.093294 0.591365
v -0.039595 3.118319 0.435828
v -0.157822 3.069482 0.708278
v -0.155977 3.069454 0.720753
v -0.124356 3.070209 0.738185
v -0.136962 3.087803 0.735546
v -0.146947 3.093235 0.734415
v -0.064321 3.064725 0.760012
v -0.064317 3.083121 0.762101
v -0.126689 3.064950 0.738677
v -0.063028 3.065151 0.756322
v -0.063024 3.083547 0.758411
v -0.135669 3.088229 0.731856
v -0.123063 3.070635 0.734495
v -0.062428 3.064273 0.760245
v -0.063069 3.060474 0.756488
v -0.063326 3.001090 0.750622
v -0.064349 3.088903 0.758983
v -0.069211 3.182677 0.739413
v -0.065504 3.090332 0.763089
v -0.039595 3.089185 0.770477
v -0.039595 3.252292 0.735799
v -0.065477 3.063441 0.764614
v -0.065473 3.083504 0.766996
v -0.039595 2.892267 0.749176
v -0.039595 3.057636 0.764326
v -0.064225 3.059330 0.757762
v -0.063584 3.062953 0.764840
v -0.057571 2.996967 0.754272
v -0.064445 3.191739 0.742857
v -0.141623 3.019237 0.466432
v -0.039594 3.008533 0.426522
v -0.141623 2.963203 0.701170
v -0.192494 2.998688 0.590545
v -0.154336 2.959316 0.686533
v -0.153634 2.969051 0.699739
v -0.160263 3.094196 0.710783
v -0.160263 3.135211 0.480515
v -0.201602 3.115272 0.591251
v -0.039595 3.162362 0.446472
v -0.159223 3.092742 0.710527
v -0.159223 3.133757 0.480259
v -0.200562 3.113819 0.590994
v -0.039595 3.141720 0.437425
v -0.152476 3.109945 0.710317
v -0.190701 3.135026 0.595848
v -0.160005 3.088138 0.709673
v -0.157971 3.086490 0.722028
v -0.064319 3.076849 0.761389
v -0.152476 3.151001 0.486033
v -0.039595 3.140177 0.438015
v -0.140041 3.083592 0.735868
v -0.132665 3.081805 0.736445
v -0.063025 3.077276 0.757699
v -0.131372 3.082232 0.732755
v -0.065474 3.076664 0.766184
v -0.153336 3.063297 0.708657
v -0.197023 3.087924 0.591319
v -0.157074 3.063095 0.707800
v -0.155295 3.063620 0.720317
v -0.153336 3.108368 0.477351
v -0.039595 3.112087 0.435300
v -0.156973 3.065546 0.706850
v -0.157678 3.067209 0.706532
v -0.200661 3.087359 0.589016
v -0.200934 3.088887 0.588385
v -0.157678 3.109004 0.474971
v -0.039595 3.115627 0.433150
v -0.156973 3.107555 0.475004
v -0.039595 3.113914 0.433419
v -0.260796 2.842243 0.693282
v -0.039594 2.673602 0.326835
v -0.039594 2.798196 0.348151
v -0.115181 2.907103 0.700682
v -0.120362 2.988519 0.442016
v -0.099275 2.923671 0.686584
v -0.099216 2.976881 0.475197
v -0.107846 2.875935 0.664526
v -0.107781 2.936543 0.477071
v -0.238454 2.837353 0.692653
v -0.203260 2.894521 0.396801
v -0.123523 2.900648 0.694027
v -0.123383 2.915450 0.706722
v -0.124719 3.114908 0.467201
v -0.115483 3.016495 0.456207
v -0.124195 3.109321 0.466577
v -0.127425 3.110701 0.464256
v -0.126900 3.109185 0.464350
v -0.240095 2.836239 0.698970
v -0.199881 2.794574 0.368689
v -0.039595 2.860699 0.781422
v -0.039595 2.857257 0.800943
v -0.156185 2.855651 0.736498
v -0.157545 2.852771 0.752837
v -0.234122 2.814680 0.701780
v -0.197152 2.795446 0.363747
v -0.039594 2.800405 0.335622
v -0.039594 2.901817 0.355421
v -0.259635 2.893160 0.404515
v -0.039594 2.940441 0.377072
v -0.173245 2.912107 0.397484
v -0.039594 2.943789 0.358088
v -0.172609 2.914079 0.386298
v -0.202481 2.896184 0.387366
v -0.212325 2.901856 0.389868
v -0.211667 2.900455 0.398551
v -0.266804 2.898425 0.402810
v -0.154571 3.022421 0.711352
v -0.039595 2.991450 0.759272
v 0.092501 2.911471 0.578006
v 0.052079 2.926889 0.482104
v 0.180743 2.843311 0.687226
v 0.180446 2.893160 0.404516
v 0.149197 2.151594 0.379874
v 0.160413 2.347470 0.371792
v 0.160538 2.316683 0.546393
v 0.163271 2.630390 0.358917
v 0.162204 2.573143 0.625294
v 0.251915 2.880915 0.473961
v 0.226824 2.034595 0.356674
v 0.236339 2.019287 0.443487
v 0.180262 2.353515 0.406140
v 0.184242 2.338446 0.491600
v 0.267213 2.694326 0.570345
v 0.188061 2.043528 0.530988
v 0.008951 2.091687 0.496559
v 0.187854 2.047620 0.282803
v 0.255812 2.782421 0.437612
v 0.279966 2.864769 0.596504
v 0.272276 2.670901 0.568839
v 0.270570 2.860836 0.587835
v 0.232014 2.537164 0.532789
v 0.277302 2.761951 0.602727
v 0.215262 2.554199 0.436175
v 0.252722 2.693330 0.441638
v 0.260118 2.782664 0.428038
v 0.263592 2.897729 0.466251
v 0.181607 2.842243 0.693282
v 0.165934 2.574317 0.629473
v 0.166257 2.629891 0.354980
v 0.221710 2.554555 0.434160
v 0.239160 2.536810 0.534793
v 0.274656 2.753804 0.595399
v 0.275171 2.860497 0.589757
v 0.268561 2.697582 0.569789
v 0.179326 2.793104 0.377026
v 0.176384 2.741071 0.672120
v 0.081398 2.152257 0.572154
v 0.101232 2.100626 0.259082
v 0.083980 2.349419 0.360734
v 0.084073 2.314448 0.559069
v 0.110502 2.539240 0.629677
v 0.111296 2.641146 0.352487
v 0.113389 2.126857 0.520164
v 0.113265 2.157387 0.347018
v 0.160906 2.836240 0.698970
v 0.112835 2.536752 0.643788
v 0.111277 2.642205 0.346477
v 0.120693 2.794574 0.368689
v 0.123189 2.656940 0.674493
v 0.078356 2.852771 0.752837
v 0.154933 2.814680 0.701780
v 0.191842 2.819367 0.690365
v 0.197693 2.894244 0.398370
v 0.117964 2.795446 0.363747
v 0.113607 2.657761 0.683432
v 0.177879 2.755414 0.680103
v 0.190529 2.793738 0.373435
v 0.200842 2.050016 0.280638
v 0.165385 2.350283 0.363373
v 0.201204 2.005018 0.536148
v 0.174892 2.318313 0.545567
v 0.240076 2.017911 0.461989
v 0.232545 2.043605 0.316272
v 0.191298 2.355145 0.405314
v 0.195278 2.340076 0.490773
v 0.254219 1.793333 0.391532
v 0.247086 1.804808 0.326454
v 0.255360 1.806030 0.325834
v 0.211633 1.862475 0.276538
v 0.220887 1.863941 0.275597
v 0.218028 1.781204 0.460316
v 0.262492 1.794555 0.390913
v 0.226301 1.782426 0.459696
v 0.178817 2.001382 0.550255
v 0.162218 2.304759 0.559685
v 0.201350 1.896084 0.512118
v 0.189853 2.002786 0.550434
v 0.171210 2.306163 0.559864
v 0.191747 1.894777 0.512674
v 0.081396 2.150698 0.580992
v 0.188061 2.041780 0.540897
v 0.101232 2.102667 0.247503
v 0.160538 2.315507 0.553059
v 0.083980 2.350725 0.353330
v 0.084073 2.313103 0.566694
v 0.235543 1.929953 0.427449
v 0.170323 1.912434 0.509280
v 0.110064 1.969654 0.240423
v 0.226020 1.944342 0.340470
v 0.187005 1.951221 0.272191
v 0.109715 1.926340 0.525647
v 0.035060 1.943852 0.537283
v 0.104544 2.158510 0.571299
v 0.104544 2.156169 0.584579
v 0.049344 2.085125 0.565512
v 0.049337 2.084127 0.571158
v 0.024233 1.992652 0.553868
v 0.024231 1.991636 0.559620
v 0.151466 2.511020 0.369250
v 0.150994 2.467002 0.589739
v 0.197752 2.454026 0.515054
v 0.187386 2.470078 0.424018
v 0.097287 2.442909 0.597206
v 0.097638 2.511348 0.359444
v 0.014991 2.075575 0.248541
v 0.253686 2.693406 0.440653
v 0.273135 2.671089 0.567221
v 0.248573 2.693330 0.441638
v 0.123292 2.896184 0.387367
v 0.133136 2.901856 0.389868
v 0.197693 2.898111 0.399052
v 0.245896 2.899202 0.462308
v 0.251665 2.900736 0.456787
v 0.187615 2.898425 0.402810
v 0.025091 2.136873 0.571051
v -0.171690 2.911471 0.578006
v -0.131268 2.926889 0.482104
v -0.259932 2.843311 0.687226
v -0.039594 2.118961 0.572477
v -0.228385 2.151594 0.379873
v -0.039594 2.059719 0.241869
v -0.039594 2.355080 0.328632
v -0.239602 2.347470 0.371792
v -0.039594 2.284878 0.591797
v -0.239726 2.316683 0.546393
v -0.039594 2.672370 0.333820
v -0.242460 2.630390 0.358917
v -0.241393 2.573142 0.625294
v -0.039595 2.440819 0.642402
v -0.331104 2.880915 0.473961
v -0.306013 2.034595 0.356673
v -0.259451 2.353515 0.406140
v -0.263431 2.338445 0.491599
v -0.331911 2.693330 0.441638
v -0.351465 2.670901 0.568838
v -0.267249 2.043528 0.530988
v -0.088140 2.091687 0.496559
v -0.267042 2.047620 0.282802
v -0.339307 2.782664 0.428037
v -0.359155 2.864769 0.596504
v -0.349759 2.860836 0.587835
v -0.311203 2.537164 0.532789
v -0.356491 2.761950 0.602727
v -0.294451 2.554199 0.436175
v -0.039595 2.780658 0.751637
v -0.260796 2.842243 0.693282
v -0.342781 2.897729 0.466251
v -0.039595 2.438117 0.657726
v -0.245123 2.574317 0.629473
v -0.245446 2.629891 0.354980
v -0.039594 2.673602 0.326835
v -0.300899 2.554555 0.434159
v -0.318349 2.536810 0.534792
v -0.353845 2.753803 0.595399
v -0.354360 2.860497 0.589757
v -0.258515 2.793104 0.377026
v -0.039595 2.564366 0.708525
v -0.255573 2.741071 0.672119
v -0.160587 2.152257 0.572154
v -0.180421 2.100626 0.259082
v -0.163169 2.349419 0.360734
v -0.163262 2.314448 0.559069
v -0.189691 2.539240 0.629677
v -0.190485 2.641146 0.352487
v -0.192577 2.126857 0.520164
v -0.192454 2.157387 0.347018
v -0.240095 2.836239 0.698970
v -0.192024 2.536752 0.643788
v -0.190466 2.642205 0.346477
v -0.199881 2.794574 0.368689
v -0.202378 2.656940 0.674493
v -0.039595 2.857257 0.800943
v -0.157545 2.852771 0.752837
v -0.234122 2.814680 0.701780
v -0.271031 2.819366 0.690365
v -0.276882 2.894244 0.398370
v -0.197152 2.795446 0.363747
v -0.192796 2.657760 0.683432
v -0.257068 2.755414 0.680103
v -0.269718 2.793738 0.373434
v -0.039595 2.752436 0.760335
v -0.039595 2.565480 0.720914
v -0.280031 2.050016 0.280638
v -0.244574 2.350283 0.363373
v -0.280393 2.005018 0.536148
v -0.254081 2.318313 0.545567
v -0.319265 2.017911 0.461989
v -0.311734 2.043605 0.316272
v -0.270487 2.355145 0.405313
v -0.274467 2.340076 0.490773
v -0.333408 1.793332 0.391532
v -0.326275 1.804808 0.326454
v -0.334548 1.806030 0.325834
v -0.290822 1.862475 0.276538
v -0.300075 1.863941 0.275597
v -0.341681 1.794555 0.390913
v -0.305490 1.782426 0.459696
v -0.258006 2.001382 0.550255
v -0.241407 2.304759 0.559685
v -0.280539 1.896084 0.512118
v -0.269042 2.002785 0.550434
v -0.250399 2.306162 0.559864
v -0.270935 1.894776 0.512674
v -0.259635 2.893160 0.404515
v -0.160585 2.150698 0.580992
v -0.267249 2.041780 0.540897
v -0.180421 2.102667 0.247503
v -0.039594 2.283042 0.602211
v -0.039594 2.117380 0.581342
v -0.039594 2.061709 0.230586
v -0.039594 2.356814 0.318795
v -0.239726 2.315507 0.553059
v -0.163169 2.350725 0.353330
v -0.163262 2.313103 0.566694
v -0.314732 1.929953 0.427449
v -0.249511 1.912434 0.509280
v -0.189253 1.969654 0.240423
v -0.305209 1.944342 0.340470
v -0.266194 1.951221 0.272190
v -0.188904 1.926340 0.525647
v -0.114249 1.943852 0.537283
v -0.039594 1.947037 0.541957
v -0.039594 2.119257 0.570849
v -0.183733 2.158510 0.571299
v -0.039594 2.116529 0.586111
v -0.183733 2.156168 0.584579
v -0.039594 2.061208 0.564552
v -0.128532 2.085125 0.565511
v -0.039594 2.059627 0.573418
v -0.128526 2.084127 0.571158
v -0.039594 1.925995 0.545164
v -0.103422 1.992652 0.553868
v -0.039594 1.925068 0.550320
v -0.103420 1.991636 0.559620
v -0.039594 1.974571 0.562718
v -0.039594 1.976151 0.553852
v -0.039595 2.390454 0.621967
v -0.039594 2.529790 0.334059
v -0.230654 2.511020 0.369250
v -0.230183 2.467002 0.589739
v -0.276941 2.454026 0.515054
v -0.266574 2.470078 0.424018
v -0.176476 2.442909 0.597206
v -0.176827 2.511348 0.359443
v -0.039594 2.091687 0.496559
v -0.039594 2.116352 0.356679
v -0.094179 2.075575 0.248541
v -0.088140 2.101738 0.439560
v -0.332875 2.693406 0.440652
v -0.352324 2.671088 0.567221
v -0.344196 2.782744 0.427147
v -0.202481 2.896184 0.387366
v -0.212325 2.901856 0.389868
v -0.276882 2.898111 0.399052
v -0.325085 2.899203 0.462308
v -0.330854 2.900736 0.456786
v -0.266804 2.898425 0.402810
v -0.039594 1.999419 0.228430
v -0.104280 2.136873 0.571051
v 0.000837 2.091687 0.496559
v -0.039594 2.114847 0.365213
v -0.021380 2.104480 0.423611
v -0.013365 2.103796 0.427886
v -0.027154 2.091687 0.496559
v -0.039594 2.093874 0.484162
v -0.050304 2.091687 0.496559
v -0.060617 2.091687 0.496559
v -0.088140 2.096144 0.471283
v -0.088140 2.098458 0.458160
v 0.423453 2.441615 0.624714
v 0.364435 2.496723 0.668817
v 0.322033 2.431149 0.527821
v 0.267254 2.479752 0.569410
v 0.300844 2.508279 0.629722
v 0.389222 2.415481 0.566318
v 0.248732 2.286858 0.633463
v 0.203764 2.325707 0.667873
v 0.284625 2.339943 0.750435
v 0.333097 2.295844 0.713914
v 0.299651 2.268721 0.655493
v 0.229635 2.352925 0.720742
v 0.141104 2.206912 0.742574
v 0.193950 2.329487 0.664865
v 0.229651 2.222944 0.832101
v 0.287311 2.346356 0.759410
v 0.281681 2.174768 0.793116
v 0.342136 2.294193 0.718689
v 0.224179 2.362939 0.727233
v 0.305710 2.263302 0.653974
v 0.244701 2.283298 0.626631
v 0.189245 2.164295 0.706000
v 0.243385 2.143239 0.725945
v 0.168611 2.237842 0.801165
v 0.413508 2.413593 0.648749
v 0.424772 2.411452 0.654795
v 0.296386 2.461559 0.673072
v 0.356301 2.467524 0.691366
v 0.372602 2.368659 0.603936
v 0.291558 2.470765 0.678801
v 0.358771 2.473375 0.699377
v 0.378591 2.363137 0.602514
v 0.422678 2.474046 0.653624
v 0.428339 2.474262 0.657762
v 0.405851 2.486977 0.666913
v 0.409257 2.489658 0.672643
v 0.213802 2.089524 0.817062
v 0.182516 2.076313 0.785537
v 0.165965 2.136781 0.846005
v 0.131279 2.127911 0.820767
v 0.150272 2.101470 0.792298
v 0.194617 2.116113 0.844693
v 0.185961 2.139848 0.875101
v 0.227136 2.097276 0.845391
v 0.122032 2.120426 0.794513
v 0.159087 2.080221 0.768262
v 0.213249 2.075639 0.793433
v 0.123190 2.140895 0.838645
v 0.118393 2.025588 0.852898
v 0.152946 2.037197 0.894616
v 0.189241 1.996331 0.857377
v 0.164472 1.987193 0.835880
v 0.107885 2.076730 0.912709
v 0.083765 2.066989 0.892957
v 0.090208 1.966563 0.895865
v 0.125952 1.975318 0.940646
v 0.163763 1.933379 0.901820
v 0.138445 1.925343 0.878168
v 0.078037 2.018477 0.960308
v 0.053335 2.009721 0.938513
v 0.082989 1.946758 0.919649
v 0.110934 1.952559 0.950308
v 0.132952 1.926093 0.924589
v 0.114774 1.920059 0.907938
v 0.076720 1.981745 0.962871
v 0.058975 1.975276 0.947431
v 0.149790 2.206350 0.746016
v 0.170705 2.231071 0.798803
v 0.239557 2.149330 0.730606
v 0.192903 2.168083 0.713288
v 0.274689 2.176416 0.791276
v 0.228088 2.220199 0.826959
v 0.249690 2.788732 0.383672
v 0.277917 2.744774 0.598248
v 0.282549 2.736013 0.479192
v 0.115487 2.641458 0.494526
v 0.106227 2.652740 0.611369
v 0.488844 2.311398 0.641317
v 0.477511 2.330674 0.717545
v 0.344113 2.236670 0.649769
v 0.334900 2.252425 0.720173
v 0.171447 2.688027 0.616814
v 0.185209 2.664367 0.462795
v 0.401084 2.301603 0.739571
v 0.423320 2.264121 0.624020
v 0.211931 2.468671 0.659806
v 0.223477 2.448925 0.571568
v 0.382973 2.529178 0.561110
v 0.368770 2.553337 0.656646
v 0.274682 2.514067 0.678249
v 0.299322 2.472479 0.544837
v 0.285908 2.743848 0.611166
v 0.113605 2.628274 0.495148
v 0.085751 2.634180 0.615900
v 0.170535 2.687004 0.646665
v 0.400361 2.531224 0.550197
v 0.208260 2.425279 0.554726
v 0.190247 2.455743 0.658359
v 0.269980 2.518525 0.686245
v 0.379540 2.566356 0.661988
v 0.302364 2.464086 0.532753
v 0.272389 2.740556 0.603629
v 0.276026 2.747882 0.600038
v 0.350483 2.779387 0.421868
v 0.315554 2.813372 0.640777
v 0.322242 2.807249 0.644435
v 0.356720 2.773570 0.421021
v 0.170778 2.689445 0.612809
v 0.272552 2.742160 0.599419
v 0.181030 2.691906 0.634468
v 0.296028 2.749352 0.618804
v 0.093826 2.619640 0.481378
v 0.187906 2.656708 0.455025
v 0.306461 2.730846 0.472969
v 0.267925 2.735390 0.625043
v 0.339114 2.538911 0.661106
v 0.334933 2.544231 0.668615
v 0.353184 2.509677 0.557425
v 0.281013 2.714932 0.469118
v 0.359869 2.504590 0.545781
v 0.407790 2.430856 0.700889
v 0.426839 2.438994 0.696388
v 0.439076 2.418037 0.599795
v 0.405200 2.433525 0.703065
v 0.435483 2.447185 0.696378
v 0.451648 2.419734 0.592203
v 0.419722 2.405103 0.596005
v 0.425248 2.401942 0.587643
v 0.326223 2.749114 0.490312
v 0.322342 2.756301 0.579863
v 0.405477 2.550790 0.547163
v 0.387950 2.580311 0.641047
v -0.064847 2.571089 0.487465
v -0.070022 2.580617 0.594609
v 0.275135 2.737975 0.602988
v 0.171074 2.687363 0.627840
v 0.278543 2.743806 0.603634
v 0.110316 2.652992 0.610743
v 0.147876 2.724464 0.374328
v 0.188075 2.840944 0.678302
v 0.291162 2.711695 0.593021
v 0.155310 2.712325 0.374799
v 0.299486 2.743255 0.574259
v 0.367568 2.818724 0.535827
v 0.372886 2.813000 0.537213
v 0.308866 2.725318 0.473878
v 0.094474 2.618361 0.480758
v 0.086435 2.632836 0.614608
v 0.173644 2.681758 0.646812
v 0.298481 2.743738 0.618980
v 0.190965 2.651549 0.455922
v 0.270128 2.729631 0.625247
v 0.283173 2.709244 0.470004
v 0.329847 2.741897 0.479223
v 0.319875 2.759419 0.607142
v 0.091283 2.623780 0.479872
v 0.111062 2.632413 0.493642
v 0.297017 2.747878 0.462454
v 0.301987 2.740953 0.458920
v 0.259344 2.783868 0.383687
v -0.686144 2.777825 0.547037
v -0.611854 2.764507 0.532617
v -0.706177 2.638323 0.517736
v -0.637896 2.625804 0.506429
v -0.559319 2.613918 0.876332
v -0.570940 2.580641 0.875857
v -0.627014 2.623349 0.885980
v -0.636756 2.591209 0.886388
v -0.603830 2.692666 0.511366
v -0.717789 2.711976 0.541338
v -0.605767 2.573955 0.876699
v -0.598485 2.629683 0.886769
v -0.619008 2.668315 0.898094
v -0.565268 2.658444 0.889325
v -0.633943 2.564394 0.876697
v -0.584591 2.555130 0.870040
v -0.553177 2.605649 0.872271
v -0.651846 2.603158 0.893173
v -0.592035 2.566328 0.960316
v -0.584294 2.621655 0.970208
v -0.533272 2.604108 0.957387
v -0.539707 2.569912 0.955833
v -0.636818 2.619896 0.974495
v -0.642798 2.587089 0.974120
v -0.582740 2.555346 1.023776
v -0.573158 2.612467 1.036611
v -0.520358 2.594405 1.022922
v -0.527401 2.558791 1.019662
v -0.629710 2.611312 1.040873
v -0.636271 2.577097 1.038928
v -0.579763 2.559536 1.050149
v -0.570988 2.600813 1.058046
v -0.538590 2.587389 1.049187
v -0.543552 2.561945 1.047180
v -0.610211 2.598358 1.060995
v -0.614859 2.573861 1.059819
v -0.672319 2.606585 0.671596
v -0.616544 2.596244 0.663170
v -0.594918 2.711594 0.684811
v -0.655626 2.722604 0.695707
v -0.688030 2.657189 0.690633
v -0.584258 2.652346 0.666204
v -0.648908 2.580021 0.793864
v -0.665793 2.624746 0.811443
v -0.564417 2.623437 0.789490
v -0.596300 2.570153 0.786717
v -0.575860 2.679494 0.807165
v -0.633145 2.690008 0.816567
v -0.595071 2.561432 0.784458
v -0.612653 2.587231 0.659861
v -0.571734 2.687350 0.807447
v -0.587971 2.720070 0.684194
v -0.637120 2.699116 0.819828
v -0.657240 2.732383 0.698380
v -0.573883 2.653447 0.662522
v -0.693749 2.660265 0.693306
v -0.676220 2.598758 0.671283
v -0.655052 2.572440 0.794316
v -0.674587 2.623967 0.814222
v -0.558482 2.622799 0.787367
v -0.679255 2.777153 0.578204
v -0.681243 2.789374 0.581637
v -0.595460 2.703386 0.563953
v -0.607109 2.764275 0.563808
v -0.707803 2.709449 0.592266
v -0.586144 2.704421 0.560447
v -0.600886 2.771926 0.563162
v -0.713479 2.712498 0.595061
v -0.654892 2.799721 0.537482
v -0.654691 2.806731 0.538800
v -0.634445 2.795752 0.535639
v -0.631311 2.802276 0.536113
v -0.328987 2.829778 0.587219
v -0.330548 2.852849 0.474665
v -0.304161 2.662851 0.436260
v -0.297840 2.637277 0.564191
v -0.727500 2.737792 0.552351
v -0.713080 2.724474 0.626641
v -0.698199 2.598290 0.532317
v -0.686892 2.585771 0.600598
v -0.329528 2.751799 0.427367
v -0.691829 2.652633 0.634664
v -0.721801 2.671943 0.520705
v -0.476276 2.627593 0.580263
v -0.490446 2.643283 0.494686
v -0.524038 2.796153 0.515248
v -0.505965 2.779461 0.608356
v -0.481760 2.690331 0.612347
v -0.514707 2.712806 0.481048
v -0.334637 2.832082 0.599734
v -0.311112 2.716385 0.611178
v -0.531513 2.811321 0.506942
v -0.496645 2.623998 0.472669
v -0.472861 2.606344 0.574361
v -0.476760 2.687815 0.620369
v -0.503627 2.792518 0.617010
v -0.521139 2.712972 0.468236
v -0.326041 2.829748 0.589396
v -0.335926 2.933652 0.436062
v -0.307124 2.882590 0.644648
v -0.314933 2.883190 0.647308
v -0.343040 2.935032 0.434547
v -0.312927 2.728614 0.601713
v -0.336964 2.840288 0.608871
v -0.331175 2.812542 0.609388
v -0.499537 2.750779 0.606985
v -0.494231 2.749170 0.614780
v -0.520384 2.766399 0.505185
v -0.526663 2.770688 0.493790
v -0.609231 2.732830 0.626718
v -0.614002 2.750999 0.625831
v -0.628869 2.768245 0.532258
v -0.606214 2.732014 0.629103
v -0.613356 2.761181 0.628285
v -0.634150 2.779264 0.526578
v -0.626589 2.749063 0.524361
v -0.631171 2.752895 0.516343
v -0.346299 2.887184 0.491447
v -0.344520 2.869874 0.576203
v -0.521389 2.825675 0.508711
v -0.497936 2.809865 0.601148
v -0.346511 2.867721 0.469735
v -0.310120 2.720814 0.593737
v -0.330256 2.828589 0.592089
v -0.196243 2.725926 0.651496
v -0.342866 2.842838 0.460640
v -0.340316 2.848620 0.566300
v -0.325953 2.942439 0.552184
v -0.332633 2.942782 0.552696
v -0.351460 2.866279 0.469602
v -0.305310 2.662751 0.435462
v -0.299012 2.637305 0.562756
v -0.316216 2.715727 0.610453
v -0.341954 2.838984 0.608041
v -0.334591 2.750999 0.427355
v -0.336125 2.810986 0.608531
v -0.347784 2.841151 0.460432
v -0.352336 2.888158 0.479862
v -0.342680 2.864211 0.602113
v -0.329731 2.872365 0.462779
v -0.336730 2.872854 0.458415
v 0.154454 2.132334 0.432308
v 0.087042 2.136260 0.334975
v 0.222247 2.055274 0.287739
v 0.269852 2.082759 0.360899
v 0.241906 2.118728 0.462018
v 0.043446 2.059429 0.528069
v -0.019935 2.022836 0.401307
v 0.591394 1.225186 0.503513
v 0.521504 1.184836 0.363734
v 0.714045 1.298389 0.425499
v 0.641066 1.256252 0.279922
v 0.037326 2.012636 0.264500
v 0.119489 2.154993 0.482856
v 0.040928 2.109636 0.326019
v 0.657534 1.264537 0.478254
v 0.573385 1.215953 0.310141
v 0.413788 1.857048 0.339893
v 0.378102 1.836444 0.285050
v 0.413501 1.856882 0.423195
v 0.335025 1.972872 0.466839
v 0.355898 1.447053 0.370842
v 0.425788 1.487404 0.510621
v 0.549483 1.558819 0.432600
v 0.476502 1.516683 0.287024
v 0.408287 1.477300 0.317246
v 0.492437 1.525883 0.485358
v 0.372840 1.456834 0.455013
v 0.539688 1.195004 0.444742
v 0.528994 1.546990 0.346441
v 0.692563 1.286358 0.332339
v 0.524949 1.186202 0.454824
v 0.503271 1.174080 0.358252
v 0.665439 1.269096 0.494775
v 0.732807 1.309452 0.431884
v 0.565121 1.211176 0.294362
v 0.645805 1.259218 0.258336
v 0.707198 1.295109 0.320824
v 0.586589 1.222184 0.524888
v 0.612355 1.038383 0.453792
v 0.590678 1.026261 0.357220
v 0.652527 1.063356 0.293330
v 0.733212 1.111399 0.257305
v 0.752845 1.121276 0.493743
v 0.820213 1.161632 0.430852
v 0.794605 1.147290 0.319792
v 0.673996 1.074365 0.523856
v 0.929731 0.904726 0.418465
v 0.762111 0.805870 0.364695
v 0.880535 0.875256 0.464392
v 0.807277 0.832959 0.318039
v 0.822955 0.840998 0.486382
v 0.866198 0.868043 0.291731
v 0.777941 0.814722 0.435218
v 0.840945 0.852398 0.385300
v 0.911030 0.894252 0.337363
v 0.694533 1.007303 0.305547
v 0.640689 0.975009 0.361168
v 0.659561 0.985562 0.445241
v 0.781866 1.057726 0.480021
v 0.840515 1.092859 0.425270
v 0.764774 1.049127 0.274185
v 0.818221 1.080372 0.328585
v 0.713223 1.016886 0.506236
v 0.746739 0.911042 0.298182
v 0.688657 0.876207 0.358180
v 0.709014 0.887590 0.448869
v 0.840945 0.965433 0.486386
v 0.904210 1.003331 0.427326
v 0.822508 0.956158 0.264352
v 0.880161 0.989862 0.323032
v 0.766900 0.921379 0.514665
v 0.798456 0.823580 0.297572
v 0.740375 0.788744 0.357570
v 0.892662 0.877971 0.485776
v 0.931878 0.902400 0.322422
v 0.976816 1.045264 0.570645
v 1.040953 0.964973 0.594875
v 0.909156 1.004742 0.632661
v 0.830932 0.958193 0.663749
v 0.973292 0.924450 0.656891
v 0.895069 0.877902 0.687978
v 0.713929 0.833467 0.357882
v 0.772011 0.868303 0.297884
v 1.014508 1.009696 0.595187
v 0.946847 0.969173 0.657203
v 0.929482 0.960592 0.427028
v 0.955926 0.915869 0.426716
v 0.905433 0.947123 0.322734
v 0.847780 0.913418 0.264053
v 0.874225 0.868695 0.263741
v 0.734286 0.844851 0.448571
v 0.760731 0.800128 0.448259
v 0.818617 0.833917 0.514054
v 0.792172 0.878640 0.514366
v 0.868624 0.922625 0.688290
v 1.017981 1.011734 0.597715
v 0.975169 0.925532 0.660883
v 0.895099 0.877885 0.692704
v 0.948724 0.970255 0.661195
v 0.930948 0.961471 0.425587
v 0.957393 0.916748 0.425275
v 0.906332 0.947684 0.318832
v 0.932777 0.902961 0.318520
v 0.710308 0.831346 0.354809
v 0.736753 0.786623 0.354497
v 0.847318 0.913184 0.258766
v 0.873763 0.868461 0.258454
v 0.731145 0.842998 0.447639
v 0.757590 0.798275 0.447327
v 0.796206 0.822281 0.293083
v 0.816842 0.832862 0.514675
v 1.044426 0.967011 0.597403
v 0.769760 0.867004 0.293395
v 0.790397 0.877585 0.514987
v 0.868654 0.922608 0.693016
v 0.359230 1.813000 0.288295
v 0.299210 1.778348 0.258573
v 0.406835 1.840485 0.361455
v 0.394113 1.833140 0.466861
v 0.355041 1.810581 0.521043
v 0.201760 1.769520 0.261366
v 0.256853 1.709174 0.630439
v 0.506638 1.598567 0.533710
v 0.534894 1.630640 0.464042
v 0.348010 1.531108 0.195434
v 0.412753 1.568488 0.201629
v 0.559823 1.626418 0.345994
v 0.507186 1.609887 0.250387
v 0.400272 1.522514 0.647270
v 0.218877 1.401011 0.275632
v 0.321451 1.991499 0.361108
v 0.303844 1.977275 0.473532
v 0.123311 1.885934 0.263281
v 0.274377 1.963076 0.287951
v 0.212866 1.920784 0.249479
v 0.247735 1.966936 0.520877
v 0.440994 1.563415 0.598794
v 0.305179 1.759435 0.574206
v 0.175484 1.950918 0.571644
v 0.499478 1.598569 0.526124
v 0.526337 1.629056 0.459901
v 0.348695 1.534447 0.204578
v 0.410236 1.569978 0.210466
v 0.550032 1.625042 0.347691
v 0.499998 1.609330 0.256813
v 0.398281 1.526225 0.633214
v 0.224501 1.411739 0.281730
v 0.436869 1.565034 0.587567
v -0.025012 1.941301 0.309086
v 0.130272 2.133742 0.397392
v 0.017619 2.044518 0.476416
v -0.064467 1.896151 0.337305
v 0.020885 1.741250 0.331186
v 0.236663 1.697518 0.643899
v 0.155802 1.673192 0.673790
v 0.110129 1.918452 0.618513
v 0.031350 1.730847 0.337873
v -0.030058 1.833704 0.334838
v -0.056403 2.001781 0.425619
v 0.036922 2.055662 0.515022
v -0.025856 2.019418 0.405254
v -0.002420 2.032948 0.468887
v -0.013451 2.026579 0.463909
v -0.011643 2.027623 0.417892
v -0.147499 2.081045 0.532498
v -0.524642 1.506019 0.506538
v -0.460638 1.469066 0.463209
v -0.110676 2.059786 0.487063
v -0.089603 2.047619 0.461061
v -0.131170 2.071618 0.512350
v -0.122692 2.066723 0.501889
v -0.078587 2.041260 0.606964
v -0.397192 1.432435 0.644261
v -0.233069 2.139263 0.412134
v -0.144942 2.131230 0.326561
v -0.267298 2.042826 0.265037
v -0.330135 2.079105 0.326940
v -0.325452 2.128505 0.428308
v -0.147499 2.081045 0.532498
v -0.057133 2.028873 0.420997
v -0.688293 1.242673 0.497129
v -0.588648 1.185143 0.374179
v -0.789284 1.303370 0.392378
v -0.685321 1.243345 0.264371
v -0.081950 1.999942 0.276915
v -0.210158 2.168882 0.465852
v -0.098214 2.104251 0.327930
v -0.746595 1.277498 0.457306
v -0.626661 1.208253 0.309455
v -0.468955 1.850440 0.303862
v -0.421851 1.823244 0.257458
v -0.487704 1.861265 0.386448
v -0.492420 1.865449 0.379457
v -0.425100 1.988006 0.423627
v -0.419465 1.983164 0.431600
v -0.424997 1.448488 0.383588
v -0.524642 1.506019 0.506538
v -0.626675 1.564927 0.401779
v -0.522710 1.504903 0.273772
v -0.463517 1.470728 0.318860
v -0.583451 1.539972 0.466711
v -0.084773 1.739678 0.371811
v -0.460638 1.469066 0.463209
v -0.624774 1.205670 0.450422
v -0.587143 1.542104 0.320976
v -0.747186 1.279436 0.304825
v -0.612799 1.198465 0.463711
v -0.569732 1.173993 0.372819
v -0.758027 1.284093 0.471918
v -0.808918 1.314936 0.394515
v -0.615049 1.201543 0.295659
v -0.684980 1.243377 0.241913
v -0.758732 1.286404 0.290139
v -0.688523 1.242577 0.519393
v -0.699922 1.050481 0.462346
v -0.656855 1.026010 0.371454
v -0.702172 1.053560 0.294293
v -0.772103 1.095394 0.240547
v -0.845150 1.136110 0.470553
v -0.896041 1.166953 0.393149
v -0.845855 1.138421 0.288774
v -0.775646 1.094594 0.518027
v -1.003633 0.908936 0.387342
v -0.828966 0.806011 0.371499
v -0.966469 0.886412 0.443867
v -0.862059 0.826130 0.315152
v -0.915714 0.856095 0.478535
v -0.913127 0.856679 0.275904
v -0.860416 0.823881 0.437873
v -0.910044 0.853834 0.374306
v -0.966985 0.888100 0.311121
v -0.746744 0.998989 0.304790
v -0.707292 0.975004 0.371963
v -0.744785 0.996308 0.451091
v -0.871215 1.070853 0.458236
v -0.915520 1.097705 0.390851
v -0.807623 1.035408 0.258001
v -0.871829 1.072865 0.299985
v -0.810708 1.034711 0.499566
v -0.797346 0.901802 0.298055
v -0.754789 0.875930 0.370515
v -0.795233 0.898910 0.455870
v -0.931613 0.979322 0.463577
v -0.979404 1.008286 0.390889
v -0.863016 0.941087 0.247584
v -0.932275 0.981492 0.292872
v -0.866344 0.940335 0.508159
v -0.848895 0.814242 0.297247
v -0.806339 0.788370 0.369707
v -0.983162 0.891763 0.462769
v -0.983825 0.893933 0.292064
v -1.082490 1.067817 0.516741
v -1.151747 0.990482 0.537782
v -1.031116 1.036697 0.593342
v -0.962441 0.995662 0.641643
v -1.100373 0.959362 0.614383
v -1.031698 0.918326 0.662684
v -0.779979 0.833143 0.370120
v -0.822536 0.859015 0.297660
v -1.125388 1.035254 0.538195
v -1.074013 1.004134 0.614797
v -1.004594 0.965500 0.390494
v -1.030953 0.920727 0.390081
v -0.957465 0.938706 0.292477
v -0.888206 0.898300 0.247189
v -0.914565 0.853528 0.246776
v -0.820423 0.856124 0.455475
v -0.846782 0.811351 0.455062
v -0.917893 0.852776 0.507351
v -0.891534 0.897549 0.507765
v -1.005339 0.963099 0.663098
v -1.129331 1.037563 0.539926
v -1.103102 0.960936 0.617922
v -1.032807 0.918932 0.667363
v -1.076743 1.005709 0.618335
v -1.005686 0.966162 0.388738
v -1.032045 0.921390 0.388325
v -0.957445 0.938736 0.288408
v -0.983804 0.893963 0.287995
v -0.775769 0.830682 0.367883
v -0.802128 0.785909 0.367470
v -0.886550 0.897377 0.242050
v -0.912910 0.852604 0.241637
v -0.817167 0.854205 0.455253
v -0.843526 0.809432 0.454840
v -0.845689 0.812392 0.293300
v -0.916316 0.851835 0.508364
v -1.155690 0.992791 0.539513
v -0.819330 0.857165 0.293714
v -0.889957 0.896608 0.508777
v -1.006448 0.963705 0.667776
v -0.404475 1.800664 0.266070
v -0.339531 1.763168 0.249954
v -0.467312 1.836943 0.327973
v -0.479060 1.843726 0.435218
v -0.453578 1.829013 0.497569
v -0.245107 1.756088 0.269801
v -0.384027 1.744140 0.632046
v -0.607387 1.618276 0.505255
v -0.618642 1.640533 0.428449
v -0.376098 1.508866 0.203053
v -0.440245 1.545902 0.194812
v -0.616083 1.620441 0.307760
v -0.543058 1.592139 0.223405
v -0.530460 1.559220 0.642781
v -0.282697 1.370167 0.316518
v -0.381807 1.987887 0.327329
v -0.390479 1.988836 0.443001
v -0.167358 1.872906 0.273569
v -0.319501 1.950670 0.265430
v -0.251205 1.904461 0.241630
v -0.346631 1.985575 0.500242
v -0.558611 1.592863 0.584044
v -0.417708 1.785945 0.563457
v -0.287873 1.977347 0.564108
v -0.235183 1.952193 0.624545
v -0.096661 1.730096 0.377693
v -0.598661 1.617375 0.498933
v -0.609359 1.638530 0.425925
v -0.378810 1.513375 0.211676
v -0.439785 1.548579 0.203843
v -0.606927 1.619432 0.311205
v -0.537513 1.592530 0.231022
v -0.525255 1.561075 0.628832
v -0.276781 1.403464 0.320590
v -0.551996 1.593044 0.573454
v -0.032207 1.935878 0.338325
v -0.201455 2.136382 0.381437
v -0.110676 2.059786 0.487063
v -0.034608 1.832580 0.375023
v -0.018003 2.006281 0.463281
v -0.069286 2.035889 0.595487
v -0.084346 2.044585 0.600740
v -0.028190 2.012163 0.465033
v -0.053037 2.026415 0.525562
v -0.050062 2.024790 0.535108
v -0.040565 2.019307 0.536977
v -0.039204 2.018521 0.523188
v -0.105034 2.056528 0.559848
v -0.120644 2.065541 0.561517
v -0.031136 2.013863 0.449090
v -0.040903 2.019502 0.438536
v -0.127964 2.069767 0.553607
v -0.084506 2.044677 0.454772
v -0.089603 2.047619 0.461061
v -0.058144 2.029457 0.461324
v -0.131170 2.071618 0.512350
v -0.122692 2.066723 0.501889
v -0.117811 2.063905 0.540187
v -0.122030 2.066341 0.507085
v -0.083063 2.043844 0.461116
v 0.708644 1.887476 0.473046
v 0.184745 2.510267 0.943352
v 0.693599 1.888690 0.453424
v 0.169700 2.511480 0.923729
v 0.735351 2.008542 0.464418
v 0.225681 2.601569 0.896419
v 0.539836 2.098770 0.637317
v 0.335881 2.329185 0.805892
v 0.326701 2.328389 0.781566
v 0.523087 2.097032 0.619742
v 0.390752 2.396284 0.724303
v 0.398851 2.395711 0.749231
v 0.591830 2.183832 0.581752
v 0.738332 2.013204 0.461529
v 0.228657 2.606231 0.893525
v 0.723286 2.014417 0.441907
v 0.213612 2.607444 0.873903
v 0.713282 2.188663 0.471918
v 0.268578 2.702683 0.842069
v 0.594837 2.188492 0.578898
v 0.388442 2.415414 0.749388
v 0.379425 2.414606 0.725276
v 0.579792 2.189705 0.559276
v 0.449668 2.483653 0.688281
v 0.644723 2.273974 0.520236
v 0.307697 2.747109 0.813060
v 0.688755 2.295864 0.486485
v 0.274858 2.709596 0.837163
v 0.702246 2.211657 0.473609
v 0.259813 2.710809 0.817541
v 0.441401 2.582548 0.693820
v 0.629726 2.369141 0.532570
v 0.586754 2.329869 0.540408
v 0.394901 2.540122 0.697003
v 0.607478 2.326663 0.555083
v 0.409947 2.538908 0.716625
v 0.705907 1.883762 0.474915
v 0.182008 2.506553 0.945221
v 0.613568 1.843295 0.547582
v 0.103898 2.436321 0.979584
v 0.598522 1.844507 0.527960
v 0.088852 2.437534 0.959961
v 0.533641 2.090364 0.641547
v 0.333570 2.326049 0.807470
v 0.320549 2.320042 0.785767
v 0.521189 2.094456 0.621038
v 0.266517 2.227709 0.809142
v 0.446413 2.008143 0.651159
v 0.280482 2.235096 0.830064
v 0.461458 2.006930 0.670781
v 0.609728 1.838702 0.549351
v 0.100054 2.431729 0.981346
v 0.470704 1.848280 0.653093
v 0.026000 2.362300 1.023244
v 0.455658 1.849493 0.633471
v 0.457645 2.002335 0.672585
v 0.260265 2.241492 0.836918
v 0.199404 2.144106 0.844658
v 0.378510 1.923150 0.687655
v 0.213798 2.152371 0.864875
v 0.393556 1.921937 0.707277
v -0.016467 2.310993 1.029254
v 0.365649 1.861185 0.701956
v 0.020785 2.353615 1.026188
v 0.448173 1.855676 0.662633
v 0.117527 2.146827 0.909815
v 0.301661 1.927732 0.751427
v 0.333108 1.974467 0.729141
v 0.349991 1.966049 0.746440
v 0.164463 2.194582 0.899785
v 0.422448 2.304597 0.735782
v 0.430176 2.280144 0.729054
v 0.458926 2.259661 0.700110
v 0.475637 2.238344 0.684717
v 0.466563 2.269542 0.693129
v 0.441717 2.283804 0.717716
v 0.430582 2.289331 0.727109
v 0.436785 2.276595 0.719778
v 0.454500 2.264900 0.701972
v 0.466852 2.254572 0.689703
v 0.458374 2.270682 0.698500
v 0.443281 2.278792 0.713488
v 0.168996 2.450704 0.942479
v 0.172858 2.426324 0.936497
v 0.213086 2.397733 0.908043
v 0.212432 2.353330 0.898524
v 0.221351 2.396482 0.902251
v 0.176602 2.427599 0.934560
v 0.171688 2.426419 0.934972
v 0.211915 2.397827 0.906517
v 0.211262 2.353424 0.896997
v 0.220181 2.396576 0.900725
v 0.175432 2.427694 0.933035
v 0.307494 2.589794 0.830198
v 0.366993 2.537385 0.778065
v 0.356085 2.515834 0.785846
v 0.411591 2.461930 0.732861
v 0.308840 2.587278 0.826924
v 0.355953 2.518424 0.783760
v 0.408693 2.464668 0.732885
v 0.364504 2.535321 0.777658
v 0.405917 1.984874 0.708686
v 0.435657 2.005467 0.688017
v 0.440798 1.998750 0.682497
v 0.422648 1.992611 0.695221
v 0.433107 1.999848 0.687966
v 0.409860 2.286978 0.696518
v 0.412843 2.282258 0.693074
v 0.397111 2.304617 0.706853
v 0.393183 2.309525 0.709023
v 0.340537 2.218813 0.745073
v 0.335396 2.221791 0.747974
v 0.356254 2.207723 0.732097
v 0.352227 2.210972 0.736166
v 0.386182 2.310068 0.699926
v 0.328395 2.222334 0.738877
vn -0.0000 -0.8602 0.5100
vn 0.0014 -1.0000 -0.0021
vn -0.0000 -1.0000 -0.0000
vn 0.2922 -0.9564 -0.0000
vn 0.1793 -0.9838 -0.0000
vn 0.3381 -0.9411 -0.0000
vn 0.7343 0.6515 0.1906
vn -0.0000 -0.8064 0.5914
vn -0.3385 -0.9410 -0.0000
vn -0.2003 -0.8013 0.5638
vn -0.0662 0.9966 0.0491
vn 0.1237 0.9923 0.0010
vn 0.3091 0.9499 -0.0461
vn 0.4829 0.8710 -0.0901
vn 0.6385 0.7586 -0.1295
vn 0.7699 0.6171 -0.1628
vn 0.8719 0.4518 -0.1887
vn 0.9408 0.2692 -0.2062
vn 0.9737 0.0762 -0.2145
vn 0.9696 -0.1196 -0.2135
vn 0.9285 -0.3109 -0.2030
vn 0.8520 -0.4903 -0.1837
vn 0.7431 -0.6508 -0.1560
vn 0.6059 -0.7863 -0.1213
vn 0.4457 -0.8916 -0.0807
vn 0.2686 -0.9626 -0.0358
vn 0.0816 -0.9966 0.0116
vn -0.1083 -0.9923 0.0597
vn -0.2937 -0.9499 0.1067
vn -0.4676 -0.8710 0.1508
vn -0.6231 -0.7586 0.1902
vn -0.7545 -0.6171 0.2235
vn -0.8565 -0.4518 0.2494
vn -0.9254 -0.2692 0.2668
vn -0.9584 -0.0762 0.2752
vn -0.9542 0.1196 0.2742
vn -0.9131 0.3109 0.2637
vn -0.8366 0.4903 0.2443
vn -0.7277 0.6508 0.2167
vn -0.5905 0.7863 0.1820
vn -0.2457 -0.0000 -0.9693
vn -0.4303 0.8916 0.1414
vn -0.2533 0.9626 0.0965
vn -0.0072 0.9625 0.2714
vn 0.1762 0.9583 0.2249
vn 0.3553 0.9174 0.1795
vn 0.5232 0.8412 0.1369
vn 0.6734 0.7326 0.0989
vn 0.8003 0.5959 0.0667
vn 0.8988 0.4363 0.0417
vn 0.9653 0.2600 0.0249
vn 0.9971 0.0736 0.0168
vn 0.9931 -0.1155 0.0178
vn 0.9534 -0.3003 0.0279
vn 0.8796 -0.4735 0.0466
vn 0.7744 -0.6285 0.0733
vn 0.6419 -0.7593 0.1069
vn 0.4872 -0.8610 0.1461
vn 0.3162 -0.9296 0.1894
vn 0.1356 -0.9625 0.2352
vn -0.0478 -0.9583 0.2817
vn -0.2269 -0.9174 0.3271
vn -0.3948 -0.8412 0.3696
vn -0.5450 -0.7326 0.4077
vn -0.6719 -0.5959 0.4398
vn -0.7704 -0.4363 0.4648
vn -0.8369 -0.2600 0.4817
vn -0.8688 -0.0736 0.4897
vn -0.8648 0.1155 0.4887
vn -0.8251 0.3003 0.4787
vn -0.7512 0.4735 0.4599
vn -0.6460 0.6285 0.4333
vn -0.5135 0.7593 0.3997
vn -0.3588 0.8610 0.3605
vn -0.1878 0.9296 0.3172
vn -0.0739 0.9971 0.0188
vn 0.1160 0.9928 -0.0294
vn 0.3016 0.9504 -0.0765
vn 0.4755 0.8714 -0.1205
vn 0.6311 0.7590 -0.1600
vn 0.7625 0.6174 -0.1933
vn 0.8647 0.4520 -0.2192
vn 0.9335 0.2694 -0.2366
vn 0.9665 0.0763 -0.2450
vn 0.9624 -0.1197 -0.2439
vn 0.9212 -0.3111 -0.2335
vn 0.8447 -0.4905 -0.2141
vn 0.7357 -0.6511 -0.1865
vn 0.5984 -0.7867 -0.1517
vn 0.4382 -0.8920 -0.1111
vn 0.2610 -0.9631 -0.0662
vn 0.0740 -0.9971 -0.0188
vn -0.1161 -0.9928 0.0294
vn -0.3016 -0.9504 0.0764
vn -0.4755 -0.8714 0.1205
vn -0.6312 -0.7590 0.1600
vn -0.7626 -0.6174 0.1933
vn -0.8646 -0.4521 0.2192
vn -0.9335 -0.2693 0.2366
vn -0.9665 -0.0763 0.2450
vn -0.9624 0.1197 0.2440
vn -0.9212 0.3111 0.2335
vn -0.8447 0.4905 0.2141
vn -0.7357 0.6511 0.1865
vn -0.5985 0.7867 0.1517
vn 0.2457 -0.0000 0.9693
vn -0.4382 0.8920 0.1110
vn -0.2611 0.9630 0.0662
vn -0.0740 0.9971 0.0187
vn 0.6312 0.7590 -0.1599
vn 0.7626 0.6174 -0.1933
vn 0.9213 -0.3111 -0.2335
vn 0.5985 -0.7867 -0.1517
vn 0.2611 -0.9630 -0.0662
vn 0.0739 -0.9971 -0.0187
vn -0.1160 -0.9928 0.0294
vn -0.6311 -0.7590 0.1600
vn -0.7625 -0.6174 0.1933
vn -0.8647 -0.4520 0.2191
vn -0.9335 -0.2694 0.2366
vn -0.9624 0.1197 0.2439
vn -0.5984 0.7867 0.1517
vn -0.4382 0.8920 0.1111
vn -0.2611 0.9631 0.0662
vn -0.2684 0.9623 -0.0441
vn -0.5498 0.8347 -0.0321
vn -0.2672 0.9627 -0.0435
vn -0.5138 0.8578 0.0102
vn -0.8565 0.5152 0.0312
vn -0.8849 0.4654 -0.0195
vn -0.0870 0.2819 0.9555
vn -0.1152 0.2887 0.9505
vn -0.0862 0.2729 0.9582
vn -0.0444 0.2892 0.9562
vn -0.9452 -0.3195 0.0668
vn -0.8848 -0.4591 0.0802
vn -0.9496 -0.3064 0.0655
vn -0.9461 0.2822 0.1589
vn -0.8602 0.1527 0.4866
vn -0.9483 0.2985 0.1075
vn -0.2655 0.7449 0.6121
vn -0.2540 0.8351 0.4879
vn -0.2511 0.8501 0.4629
vn -0.9887 0.0851 -0.1232
vn -0.8480 0.0281 -0.5293
vn -0.8100 0.0183 -0.5862
vn -0.0496 0.1661 -0.9849
vn -0.0408 0.1520 -0.9875
vn -0.0390 0.1491 -0.9880
vn -0.2134 -0.2141 -0.9532
vn -0.2736 -0.1976 -0.9413
vn -0.2224 -0.2165 -0.9506
vn -0.2488 -0.3465 0.9045
vn -0.2429 -0.2136 -0.9462
vn 0.0030 -0.0579 -0.9983
vn -0.0000 0.3568 0.9342
vn -0.0000 0.7346 0.6785
vn -0.0000 0.1827 -0.9832
vn -0.0025 -0.0578 -0.9983
vn -0.0000 -0.0577 -0.9983
vn -0.0028 -0.0579 -0.9983
vn -0.2660 0.9600 -0.0874
vn -0.9761 0.0721 0.2053
vn -0.9728 0.1042 0.2071
vn -0.9634 0.1667 0.2101
vn -0.0000 -0.6356 0.7720
vn -0.9210 0.0399 0.3876
vn -0.3735 0.2474 -0.8940
vn -0.3717 0.2505 -0.8939
vn -0.4283 0.1474 -0.8915
vn 0.0544 -0.2155 0.9750
vn -0.0052 -0.2616 0.9652
vn 0.1108 -0.1705 0.9791
vn 0.0601 -0.2749 0.9596
vn 0.0650 -0.2686 0.9610
vn 0.1192 -0.1967 0.9732
vn -0.8524 0.4920 0.1769
vn -0.7956 0.4839 0.3644
vn -0.8600 0.4913 0.1380
vn -0.5859 0.7067 0.3965
vn -0.5805 0.7072 0.4035
vn -0.5914 0.7061 0.3894
vn -0.0000 -0.0000 -1.0000
vn 0.7224 0.6914 -0.0000
vn -0.0000 -0.0000 1.0000
vn -0.0703 -0.9975 -0.0000
vn -0.7582 0.6521 -0.0000
vn -0.7569 0.6535 -0.0000
vn 0.7556 -0.6551 -0.0000
vn 0.7569 -0.6535 -0.0000
vn -0.7614 0.6483 -0.0000
vn 0.7518 -0.6594 -0.0000
vn 0.0087 -0.0301 0.9995
vn 0.0223 0.1023 0.9945
vn -0.9952 0.0983 -0.0000
vn -0.9913 0.1314 -0.0000
vn 0.0090 -0.0301 -0.9995
vn 0.9952 -0.0983 -0.0000
vn 0.9980 -0.0628 0.0001
vn 0.2342 0.4714 0.8503
vn 0.2239 0.6280 0.7453
vn -0.9927 0.1209 -0.0000
vn -0.8312 0.5560 -0.0000
vn 0.0224 0.1023 -0.9945
vn 0.2342 0.4714 -0.8502
vn 0.8461 0.5331 -0.0000
vn -0.9999 0.0173 -0.0000
vn 0.9998 0.0216 -0.0000
vn -0.0000 0.9490 -0.3153
vn -0.0000 0.9490 -0.3152
vn -0.0000 0.3153 0.9490
vn -0.0000 -0.9490 0.3152
vn -1.0000 -0.0000 -0.0000
vn 1.0000 -0.0000 -0.0000
vn 0.0001 -0.3153 -0.9490
vn -0.0001 -0.3153 -0.9490
vn -0.0039 -0.9169 -0.3990
vn -0.0815 -0.8460 -0.5269
vn -0.0018 -0.9169 -0.3992
vn -0.9908 -0.0177 0.1343
vn -0.9972 0.0100 0.0747
vn -0.9908 -0.0198 0.1336
vn 0.0039 0.9163 0.4006
vn 0.0828 0.8437 0.5304
vn 0.0839 0.8581 0.5066
vn 0.9908 0.0176 -0.1338
vn 0.9970 -0.0081 -0.0771
vn 0.9984 -0.0306 -0.0465
vn -0.0000 -0.8871 0.4616
vn -0.9914 0.0394 0.1247
vn -0.9910 0.0184 0.1325
vn -0.9910 0.0167 0.1331
vn -0.0000 0.8840 -0.4674
vn 0.9914 -0.0394 -0.1247
vn 0.9910 -0.0184 -0.1325
vn 0.9914 -0.0412 -0.1241
vn -0.0000 -0.8549 0.5189
vn -0.9745 0.0708 0.2129
vn -0.9745 0.0707 0.2129
vn -0.0000 0.8548 -0.5189
vn 0.9745 -0.0708 -0.2129
vn 0.9745 -0.0707 -0.2129
vn -0.0000 -0.9994 -0.0359
vn -0.0016 -0.9994 -0.0357
vn -0.9824 0.0198 0.1858
vn -0.9816 -0.0247 0.1893
vn -0.9824 0.0233 0.1855
vn -0.0000 0.9993 0.0365
vn 0.0016 0.9993 0.0363
vn 0.0017 0.9993 0.0363
vn 0.9824 -0.0198 -0.1858
vn 0.9816 0.0247 -0.1893
vn 0.9814 0.0289 -0.1896
vn -0.0836 -0.8568 -0.5089
vn -0.2796 -0.6878 -0.6699
vn -0.9986 0.0342 0.0404
vn -0.9183 0.3614 0.1615
vn 0.2739 0.6831 0.6770
vn 0.2791 0.6812 0.6768
vn 0.9190 -0.3599 -0.1613
vn 0.9070 -0.3821 -0.1772
vn -0.1117 -0.5659 -0.8169
vn 0.7176 -0.6439 -0.2654
vn -0.1446 -0.5501 -0.8225
vn -0.9085 0.4021 -0.1137
vn -0.7018 -0.3511 -0.6198
vn -0.8872 0.4576 -0.0588
vn 0.1541 0.6041 0.7819
vn -0.8103 0.5148 0.2800
vn -0.8280 0.4996 0.2546
vn 0.9200 -0.3885 0.0521
vn 0.6883 0.3411 0.6402
vn 0.6333 0.3946 0.6657
vn 0.7991 -0.5565 -0.2276
vn 0.8078 -0.5785 -0.1129
vn 0.8082 -0.5813 -0.0945
vn 0.1928 0.2669 -0.9442
vn 0.2164 0.1948 -0.9567
vn 0.1744 0.3195 -0.9314
vn -0.7683 0.5998 0.2234
vn -0.7804 0.6171 0.1011
vn -0.7652 0.5961 0.2433
vn -0.2196 -0.2869 0.9325
vn -0.2542 -0.2024 0.9457
vn -0.2719 -0.1560 0.9496
vn -0.0000 -0.9426 -0.3340
vn -0.0075 -0.8925 -0.4510
vn -0.9857 0.0130 0.1681
vn -0.9991 -0.0135 0.0392
vn -0.9854 0.0193 0.1694
vn -0.0000 0.9373 0.3484
vn 0.0095 0.8915 0.4529
vn -0.0015 0.8920 0.4519
vn 0.9857 -0.0130 -0.1681
vn 0.9995 -0.0193 -0.0253
vn 1.0000 0.0012 -0.0001
vn -0.0000 -0.7921 0.6103
vn -0.9519 0.0917 0.2923
vn -0.9476 0.0445 0.3163
vn -0.9471 0.0400 0.3186
vn -0.0000 0.7832 -0.6217
vn 0.9519 -0.0917 -0.2923
vn 0.9476 -0.0445 -0.3163
vn 0.9522 -0.0962 -0.2899
vn -0.0000 -0.6741 0.7386
vn -0.9988 0.0485 0.0074
vn -0.9987 0.0218 0.0463
vn -0.9987 0.0508 0.0041
vn -0.0000 0.6857 -0.7279
vn 0.9988 -0.0485 -0.0074
vn 0.9987 -0.0218 -0.0463
vn 0.9985 -0.0175 -0.0526
vn -0.0000 -0.9682 0.2503
vn -0.9934 0.0142 0.1138
vn -0.9934 0.0131 0.1139
vn -0.9934 0.0130 0.1139
vn -0.0000 0.9681 -0.2505
vn 0.9934 -0.0142 -0.1138
vn 0.9934 -0.0131 -0.1139
vn 0.9934 -0.0143 -0.1137
vn -0.5444 -0.6797 -0.4916
vn -0.5632 -0.6691 -0.4849
vn -0.9992 0.0066 0.0390
vn -0.8790 0.4578 0.1337
vn 0.5423 0.6681 0.5095
vn 0.8864 -0.4275 -0.1778
vn -0.4389 -0.2981 -0.8476
vn -0.4975 -0.2533 -0.8297
vn -0.4364 -0.2999 -0.8483
vn -0.8470 0.5076 0.1577
vn -0.7936 0.5550 0.2493
vn -0.8509 0.5034 0.1501
vn 0.4362 0.2923 0.8511
vn 0.4922 0.2478 0.8345
vn 0.4942 0.2462 0.8338
vn 0.8473 -0.5068 -0.1590
vn 0.7939 -0.5545 -0.2495
vn 0.7885 -0.5585 -0.2576
vn -0.4361 -0.2221 -0.8720
vn -0.1368 -0.5671 -0.8122
vn -0.1192 -0.5829 -0.8038
vn -0.5599 0.8231 -0.0955
vn -0.7029 0.6226 -0.3441
vn -0.5278 0.8479 -0.0508
vn 0.4527 0.2263 0.8624
vn 0.2725 0.4196 0.8658
vn 0.4628 0.2139 0.8603
vn 0.5643 -0.8214 0.0827
vn 0.6994 -0.6229 0.3505
vn 0.7112 -0.5883 0.3848
vn -0.0000 -0.3937 0.9193
vn -0.0000 0.0745 -0.9972
vn -0.9577 -0.1526 0.2438
vn -0.9662 -0.1188 0.2287
vn -0.0000 0.7702 0.6378
vn -0.0000 0.8903 0.4555
vn -0.0000 0.9021 0.4315
vn 0.9578 0.1539 -0.2429
vn 0.9653 0.1206 -0.2316
vn -0.0000 -0.7872 -0.6166
vn -0.0000 -0.8956 -0.4449
vn -0.0000 -0.8809 -0.4733
vn -0.0000 -0.9282 -0.3720
vn 0.9808 0.0322 -0.1923
vn -0.0000 0.9395 0.3424
vn -0.9808 -0.0322 0.1924
vn -0.0000 -0.9503 -0.3112
vn 0.9998 -0.0013 0.0179
vn 0.9912 0.0091 -0.1322
vn -0.0000 0.9503 0.3112
vn -0.0000 0.9417 0.3365
vn -0.9912 -0.0091 0.1322
vn -0.9998 0.0013 -0.0179
vn -0.0000 -0.8112 -0.5847
vn -0.0000 0.5846 -0.8113
vn -0.0000 0.5847 -0.8113
vn 0.2790 0.8407 0.4642
vn 0.2789 0.8407 0.4642
vn -0.0000 -0.5847 0.8112
vn -0.0001 0.8112 0.5847
vn -0.0000 0.8112 0.5847
vn 0.0001 0.8112 0.5847
vn 0.0001 0.8114 0.5845
vn -0.0002 0.8114 0.5846
vn 0.0002 0.8114 0.5846
vn -0.0001 0.8114 0.5845
vn -0.0068 0.8164 -0.5774
vn -0.0490 0.8179 -0.5733
vn -0.0566 0.8180 -0.5724
vn -0.9415 0.2554 0.2198
vn -0.9361 0.2410 0.2561
vn -0.9447 0.2661 0.1918
vn 0.0068 -0.8040 0.5946
vn 0.0536 -0.8077 0.5872
vn -0.0000 -0.8034 0.5955
vn 0.9371 -0.2646 -0.2278
vn 0.9316 -0.2528 -0.2612
vn 0.9259 -0.2426 -0.2895
vn -0.1400 0.7191 -0.6807
vn -0.2943 0.7309 -0.6157
vn -0.3350 0.7306 -0.5950
vn -0.7362 0.4553 0.5008
vn -0.7166 0.4518 0.5313
vn -0.7901 0.4621 0.4027
vn 0.1370 -0.7032 0.6977
vn 0.2941 -0.7454 0.5983
vn 0.1052 -0.6917 0.7145
vn 0.7277 -0.4623 -0.5068
vn 0.7106 -0.4614 -0.5312
vn 0.6381 -0.4539 -0.6219
vn 0.6648 0.2308 -0.7104
vn 0.6648 0.7470 -0.0000
vn 0.6648 0.2308 0.7104
vn 0.6649 0.2308 0.7104
vn 0.6648 -0.6043 0.4391
vn 0.6648 -0.6044 0.4391
vn 0.6648 -0.6043 -0.4391
vn 0.6648 -0.6044 -0.4391
vn 0.6648 -0.2309 0.7105
vn 0.6648 -0.2308 0.7105
vn 0.6648 -0.7470 -0.0000
vn 0.6648 -0.2308 -0.7105
vn 0.6648 0.6044 -0.4391
vn 0.6648 0.6044 0.4391
vn -0.6648 -0.2309 0.7105
vn -0.6648 -0.2308 0.7105
vn -0.6648 -0.7470 -0.0000
vn -0.6648 -0.2308 -0.7105
vn -0.6648 0.6044 -0.4391
vn -0.6648 0.6044 0.4391
vn -0.6648 0.2308 -0.7104
vn -0.6648 0.7470 -0.0000
vn -0.6648 0.2308 0.7104
vn -0.6648 0.2308 0.7105
vn -0.6648 -0.6043 0.4391
vn -0.6648 -0.6043 -0.4391
vn -0.0000 0.2589 -0.9659
vn -0.0000 -0.9918 -0.1280
vn -0.0000 1.0000 -0.0000
vn -0.0000 0.2589 0.9659
vn -0.0000 0.9427 0.3336
vn -0.0000 -0.9918 0.1280
vn -0.0000 0.9427 -0.3336
vn -0.0000 -0.0410 0.9992
vn -0.0000 -0.0410 -0.9992
vn 0.5498 0.8347 -0.0321
vn 0.2684 0.9623 -0.0441
vn 0.2672 0.9627 -0.0435
vn 0.8565 0.5152 0.0312
vn 0.5138 0.8578 0.0102
vn 0.8849 0.4654 -0.0195
vn 0.0870 0.2819 0.9555
vn 0.1152 0.2887 0.9505
vn 0.1268 0.2988 0.9458
vn 0.0444 0.2892 0.9562
vn 0.0862 0.2729 0.9582
vn 0.9452 -0.3195 0.0668
vn 0.8848 -0.4591 0.0802
vn 0.8755 -0.4763 0.0818
vn 0.9461 0.2822 0.1589
vn 0.8602 0.1527 0.4866
vn 0.8381 0.1321 0.5293
vn 0.2540 0.8351 0.4879
vn 0.2655 0.7449 0.6121
vn 0.2511 0.8501 0.4629
vn 0.8480 0.0281 -0.5293
vn 0.9887 0.0851 -0.1232
vn 0.8100 0.0183 -0.5862
vn 0.0408 0.1520 -0.9875
vn 0.0496 0.1661 -0.9849
vn 0.0390 0.1491 -0.9880
vn 0.2134 -0.2141 -0.9532
vn 0.2736 -0.1978 -0.9413
vn 0.2914 -0.1888 -0.9378
vn 0.2488 -0.3465 0.9045
vn 0.2224 -0.2165 -0.9506
vn 0.2429 -0.2136 -0.9462
vn -0.0030 -0.0579 -0.9983
vn -0.0005 0.3388 -0.9409
vn -0.0000 0.5136 0.8580
vn 0.2660 0.9600 -0.0874
vn 0.9760 0.0721 0.2053
vn 0.9728 0.1042 0.2071
vn 0.9784 0.0390 0.2031
vn -0.0000 0.9010 -0.4338
vn -0.0002 0.7379 -0.6749
vn -0.0000 -0.1716 0.9852
vn 0.9234 0.0399 0.3818
vn 0.3713 0.2513 -0.8939
vn 0.3732 0.2479 -0.8940
vn 0.4275 0.1490 -0.8917
vn -0.0544 -0.2155 0.9750
vn 0.0052 -0.2616 0.9652
vn 0.0905 -0.3250 0.9414
vn -0.0000 -0.3522 0.9359
vn -0.0650 -0.2686 0.9610
vn -0.0601 -0.2749 0.9596
vn -0.1192 -0.1967 0.9732
vn 0.8524 0.4920 0.1769
vn 0.7956 0.4839 0.3644
vn 0.7803 0.4799 0.4010
vn 0.5846 0.7088 0.3948
vn 0.5803 0.7092 0.4004
vn 0.5780 0.7094 0.4032
vn -0.7224 0.6914 -0.0000
vn 0.0703 -0.9975 -0.0000
vn 0.7569 0.6535 -0.0000
vn 0.7582 0.6521 -0.0000
vn -0.7556 -0.6551 -0.0000
vn -0.7569 -0.6535 -0.0000
vn 0.7614 0.6483 -0.0000
vn -0.7518 -0.6594 -0.0000
vn -0.0088 -0.0301 0.9995
vn 0.9952 0.0983 -0.0000
vn 0.9920 0.1259 -0.0000
vn -0.0090 -0.0301 -0.9995
vn -0.9980 -0.0628 -0.0000
vn -0.9952 -0.0983 -0.0000
vn -0.0222 0.1023 0.9945
vn -0.2342 0.4714 0.8503
vn 0.8312 0.5560 -0.0000
vn 0.9920 0.1265 -0.0000
vn -0.2342 0.4714 -0.8502
vn -0.0225 0.1023 -0.9945
vn -0.8461 0.5331 -0.0000
vn -0.9981 -0.0617 -0.0002
vn 0.9999 0.0173 -0.0000
vn -0.9998 0.0216 -0.0000
vn -0.0014 -0.8350 -0.5502
vn -0.0000 -0.9433 -0.3320
vn 0.9997 -0.0112 -0.0227
vn 0.9879 0.0473 0.1475
vn 0.9878 0.0491 0.1479
vn -0.0000 0.9385 0.3452
vn 0.0019 0.8185 0.5745
vn -0.9879 -0.0473 -0.1475
vn -0.9997 0.0111 0.0216
vn -0.9878 -0.0491 -0.1479
vn 0.9914 0.0394 0.1247
vn 0.9910 0.0184 0.1325
vn 0.9914 0.0412 0.1241
vn -0.9910 -0.0184 -0.1325
vn -0.9914 -0.0394 -0.1247
vn -0.9914 -0.0412 -0.1241
vn 0.9745 0.0708 0.2129
vn 0.9745 0.0707 0.2129
vn -0.0000 0.8549 -0.5189
vn -0.9745 -0.0707 -0.2129
vn -0.9745 -0.0708 -0.2129
vn -0.0000 -0.9999 -0.0166
vn 0.9857 0.0515 0.1606
vn 0.9863 0.0224 0.1633
vn 0.9863 0.0205 0.1634
vn -0.0000 0.9999 0.0119
vn -0.9863 -0.0224 -0.1633
vn -0.9857 -0.0515 -0.1606
vn -0.9863 -0.0205 -0.1634
vn 0.2194 -0.6023 -0.7675
vn -0.0046 -0.8560 -0.5169
vn 0.9053 0.3938 -0.1589
vn 0.9535 -0.0228 -0.3007
vn -0.1807 0.5657 0.8046
vn 0.0052 0.8492 0.5280
vn -0.9568 0.0206 0.2899
vn -0.9034 -0.3962 0.1640
vn -0.4524 -0.4123 -0.7908
vn -0.1635 -0.1860 -0.9689
vn -0.1591 -0.1826 -0.9702
vn 0.7173 0.5106 -0.4741
vn 0.7544 0.5706 -0.3245
vn 0.7559 0.5736 -0.3154
vn 0.1752 0.1722 0.9694
vn 0.5031 0.4176 0.7567
vn 0.1702 0.1684 0.9709
vn -0.7788 -0.5501 0.3013
vn -0.7385 -0.4868 0.4665
vn -0.7805 -0.5535 0.2908
vn -0.1239 -0.5203 -0.8449
vn -0.1709 -0.4179 -0.8923
vn -0.1923 -0.3672 -0.9101
vn 0.0636 0.8785 -0.4735
vn 0.0646 0.8777 -0.4749
vn 0.0680 0.8749 -0.4794
vn 0.1830 0.4042 0.8962
vn 0.1425 0.5284 0.8370
vn 0.1939 0.3673 0.9097
vn 0.0377 -0.8842 0.4656
vn 0.0337 -0.8802 0.4734
vn 0.0439 -0.8903 0.4533
vn 0.0075 -0.8925 -0.4510
vn 0.9991 -0.0135 0.0392
vn 0.9857 0.0130 0.1681
vn 0.9854 0.0193 0.1694
vn -0.0095 0.8915 0.4529
vn -0.9857 -0.0130 -0.1681
vn -0.9995 -0.0193 -0.0253
vn -0.9854 -0.0193 -0.1694
vn 0.9519 0.0917 0.2923
vn 0.9476 0.0445 0.3163
vn 0.9522 0.0962 0.2899
vn -0.9476 -0.0445 -0.3163
vn -0.9519 -0.0917 -0.2923
vn -0.9522 -0.0962 -0.2899
vn 0.9987 0.0218 0.0463
vn 0.9988 0.0485 0.0074
vn 0.9987 0.0508 0.0041
vn -0.9988 -0.0485 -0.0074
vn -0.9987 -0.0218 -0.0463
vn -0.9987 -0.0508 -0.0041
vn 0.9934 0.0142 0.1137
vn 0.9934 0.0131 0.1139
vn 0.9934 0.0143 0.1137
vn -0.9934 -0.0131 -0.1139
vn -0.9934 -0.0142 -0.1137
vn -0.9934 -0.0143 -0.1137
vn 0.5444 -0.6797 -0.4916
vn -0.0031 -0.8900 -0.4559
vn 0.8790 0.4578 0.1337
vn 0.9992 0.0065 0.0390
vn -0.5423 0.6681 0.5095
vn 0.0015 0.8920 0.4520
vn -0.8864 -0.4275 -0.1778
vn -1.0000 0.0012 -0.0001
vn 0.5431 -0.3019 -0.7835
vn 0.4627 -0.3515 -0.8139
vn 0.4601 -0.3530 -0.8147
vn 0.8265 0.4650 0.3173
vn 0.8711 0.4244 0.2471
vn 0.8740 0.4214 0.2421
vn -0.4611 0.3481 0.8162
vn -0.5399 0.2984 0.7871
vn -0.4585 0.3496 0.8170
vn -0.8715 -0.4224 -0.2493
vn -0.8271 -0.4632 -0.3185
vn -0.8744 -0.4193 -0.2442
vn 0.3432 -0.1635 -0.9249
vn 0.0871 -0.4758 -0.8752
vn 0.3711 -0.1228 -0.9204
vn 0.6197 0.7244 -0.3021
vn 0.5171 0.8400 -0.1646
vn 0.4674 0.8778 -0.1047
vn -0.0518 0.4412 0.8959
vn -0.3478 0.1825 0.9196
vn -0.3888 0.1399 0.9106
vn -0.5123 -0.8421 0.1685
vn -0.6024 -0.7348 0.3119
vn -0.4673 -0.8779 0.1048
vn 0.9577 -0.1526 0.2438
vn -0.9577 0.1539 -0.2430
vn -0.9653 0.1206 -0.2316
vn -0.0000 -0.8808 -0.4735
vn -0.0000 -0.8957 -0.4446
vn -0.9808 0.0322 -0.1923
vn 0.9662 -0.1188 0.2287
vn 0.9808 -0.0322 0.1924
vn 0.9912 -0.0091 0.1322
vn -0.9912 0.0091 -0.1322
vn -0.9998 -0.0013 0.0179
vn 0.9998 0.0013 -0.0179
vn -0.2790 0.8407 0.4642
vn -0.2789 0.8407 0.4642
vn -0.0002 0.8114 0.5845
vn 0.0002 0.8114 0.5845
vn 0.0068 0.8164 -0.5774
vn 0.0490 0.8179 -0.5733
vn -0.0000 0.8160 -0.5780
vn 0.9361 0.2410 0.2561
vn 0.9415 0.2554 0.2198
vn 0.9447 0.2661 0.1918
vn -0.0536 -0.8077 0.5872
vn -0.0068 -0.8040 0.5945
vn -0.9371 -0.2646 -0.2278
vn -0.9316 -0.2528 -0.2612
vn -0.9410 -0.2746 -0.1979
vn 0.1400 0.7191 -0.6807
vn 0.2943 0.7309 -0.6157
vn 0.0982 0.7125 -0.6948
vn 0.7166 0.4518 0.5313
vn 0.7362 0.4553 0.5008
vn 0.7901 0.4621 0.4027
vn -0.2941 -0.7454 0.5983
vn -0.1370 -0.7032 0.6977
vn -0.1052 -0.6917 0.7145
vn -0.7277 -0.4623 -0.5068
vn -0.7106 -0.4614 -0.5312
vn -0.7905 -0.4617 -0.4025
vn -0.6648 -0.6044 0.4391
vn -0.6648 -0.6044 -0.4391
vn -0.6648 -0.2309 -0.7105
vn 0.6648 0.2308 0.7105
vn -0.0003 0.7084 -0.7058
vn -0.0001 0.7386 -0.6742
vn -0.9507 0.1771 0.2547
vn -0.9192 0.2032 0.3374
vn -0.9650 0.0893 0.2466
vn -0.8512 0.5212 -0.0613
vn -0.8329 0.5524 -0.0344
vn -0.8755 0.4725 -0.1013
vn -0.3540 0.8834 -0.3072
vn -0.3611 0.8792 -0.3107
vn -0.3702 0.8738 -0.3152
vn -1.0000 0.0078 -0.0055
vn -0.9991 0.0412 -0.0028
vn -0.9972 0.0668 0.0346
vn -0.8121 0.5805 0.0591
vn -0.8169 0.5727 0.0676
vn -0.8002 0.5984 0.0394
vn -0.2785 0.9600 -0.0288
vn -0.3461 0.9366 -0.0548
vn -0.3866 0.9196 -0.0705
vn -0.9810 -0.0435 -0.1889
vn -0.9848 -0.0399 -0.1690
vn -0.9822 -0.0217 -0.1866
vn -0.9067 0.4188 0.0497
vn -0.9128 0.4032 0.0650
vn -0.9457 0.2565 0.1996
vn -0.2699 0.9176 0.2919
vn -0.2790 0.9170 0.2852
vn -0.2958 0.9155 0.2727
vn -0.6883 0.7250 -0.0261
vn -0.7930 0.6031 0.0867
vn -0.7809 0.6236 0.0358
vn -0.2823 0.9581 0.0495
vn -0.3569 0.9266 -0.1182
vn -0.9866 0.1589 0.0378
vn -0.9867 0.1579 0.0383
vn -0.9861 0.1622 0.0363
vn -0.7916 0.6037 0.0945
vn -0.7892 0.5793 0.2039
vn -0.7898 0.6087 0.0754
vn -0.7969 0.5959 -0.0995
vn -0.6854 0.6881 -0.2382
vn -0.2473 0.9106 0.3310
vn -0.2703 0.9600 0.0731
vn -0.3602 0.8632 -0.3538
vn -0.9921 -0.0226 -0.1231
vn -0.9907 0.0182 -0.1349
vn -0.9869 0.0641 -0.1479
vn -0.9840 0.0459 -0.1720
vn -0.9837 0.0401 -0.1752
vn -0.9829 0.0267 -0.1823
vn -0.9716 0.2098 -0.1092
vn -0.9714 0.2016 -0.1259
vn -0.9710 0.1964 -0.1363
vn -0.7768 0.5649 0.2784
vn -0.7659 0.5609 0.3142
vn -0.7516 0.5553 0.3560
vn 0.0517 0.7433 0.6670
vn -0.9565 -0.1748 0.2336
vn -0.9545 -0.1767 0.2404
vn -0.9516 -0.1793 0.2497
vn -0.9458 -0.1642 0.2800
vn -0.6472 0.2698 0.7130
vn -0.6942 0.4851 0.5317
vn -0.6972 0.4778 0.5344
vn -0.6814 0.5149 0.5202
vn -0.5337 0.4441 0.7197
vn -0.9277 0.3580 -0.1057
vn -0.9261 0.3615 -0.1085
vn -0.9250 0.3644 -0.1075
vn -0.5398 0.5655 -0.6236
vn -0.4415 0.6415 -0.6273
vn -0.3710 0.6875 -0.6243
vn -0.9408 0.2431 -0.2361
vn -0.9371 0.2509 -0.2425
vn -0.9366 0.2537 -0.2417
vn -0.6250 0.5587 -0.5451
vn -0.6323 0.5560 -0.5395
vn -0.6237 0.5592 -0.5461
vn -0.9647 0.2196 -0.1453
vn -0.9370 0.2918 -0.1921
vn -0.9677 0.2127 -0.1351
vn -0.4904 0.8186 -0.2989
vn -0.5803 0.7745 -0.2518
vn -0.4648 0.8290 -0.3112
vn -0.9032 0.4234 0.0705
vn -0.9046 0.4210 0.0673
vn -0.8987 0.4310 0.0808
vn -0.3276 0.9447 0.0164
vn -0.3371 0.9414 0.0102
vn -0.3514 0.9362 0.0009
vn -0.5580 0.8287 0.0435
vn -0.5413 0.8401 0.0362
vn -0.5641 0.8244 0.0462
vn -0.3232 0.9071 -0.2695
vn -0.2979 0.9117 -0.2830
vn -0.3445 0.9027 -0.2578
vn -0.8637 0.4879 -0.1264
vn -0.8667 0.4840 -0.1207
vn -0.9004 0.4324 -0.0473
vn -0.4059 0.8629 -0.3010
vn 0.9449 0.1553 0.2882
vn 0.9080 0.1865 0.3751
vn 0.8737 0.2324 0.4274
vn 0.8329 0.5524 -0.0344
vn 0.8512 0.5212 -0.0613
vn 0.8755 0.4725 -0.1013
vn 0.3611 0.8792 -0.3107
vn 0.3540 0.8834 -0.3072
vn 0.3702 0.8738 -0.3152
vn 0.9991 0.0414 -0.0029
vn 0.9999 0.0083 -0.0057
vn 0.9973 0.0654 0.0346
vn 0.8121 0.5805 0.0591
vn 0.8169 0.5727 0.0676
vn 0.8312 0.5480 0.0937
vn 0.3461 0.9366 -0.0548
vn 0.2785 0.9600 -0.0288
vn 0.3866 0.9196 -0.0705
vn 0.9848 -0.0399 -0.1690
vn 0.9860 -0.0519 -0.1586
vn 0.9826 -0.0439 -0.1802
vn 0.9067 0.4188 0.0497
vn 0.9128 0.4032 0.0650
vn 0.8281 0.5527 -0.0942
vn 0.2699 0.9176 0.2919
vn 0.2790 0.9170 0.2852
vn 0.2502 0.9185 0.3061
vn 0.6747 0.7379 -0.0152
vn 0.7916 0.6056 0.0813
vn 0.7979 0.5937 0.1046
vn 0.6947 0.7188 -0.0290
vn 0.2823 0.9581 0.0495
vn 0.3569 0.9266 -0.1182
vn 0.9866 0.1589 0.0378
vn 0.9867 0.1579 0.0383
vn 0.9868 0.1570 0.0388
vn 0.7892 0.5793 0.2039
vn 0.7969 0.5959 -0.0995
vn 0.7781 0.6245 0.0669
vn 0.2473 0.9106 0.3310
vn 0.2703 0.9600 0.0731
vn 0.6854 0.6881 -0.2382
vn 0.9921 -0.0226 -0.1231
vn 0.9907 0.0182 -0.1349
vn 0.9919 -0.0580 -0.1127
vn 0.9837 0.0401 -0.1752
vn 0.9840 0.0459 -0.1720
vn 0.9829 0.0267 -0.1823
vn 0.9714 0.2016 -0.1259
vn 0.9716 0.2098 -0.1092
vn 0.9710 0.1964 -0.1363
vn 0.7768 0.5649 0.2784
vn 0.7659 0.5609 0.3142
vn 0.7885 0.5685 0.2344
vn -0.0517 0.7433 0.6670
vn 0.9545 -0.1767 0.2404
vn 0.9565 -0.1748 0.2336
vn 0.9516 -0.1793 0.2497
vn 0.9458 -0.1642 0.2800
vn 0.8556 0.1371 0.4991
vn 0.6972 0.4778 0.5344
vn 0.6942 0.4851 0.5317
vn 0.6814 0.5149 0.5202
vn 0.5337 0.4441 0.7197
vn 0.9261 0.3615 -0.1083
vn 0.9277 0.3580 -0.1057
vn 0.9250 0.3644 -0.1075
vn 0.5398 0.5655 -0.6236
vn 0.4415 0.6415 -0.6273
vn 0.6308 0.4795 -0.6101
vn 0.9408 0.2431 -0.2361
vn 0.9371 0.2512 -0.2422
vn 0.9416 0.2411 -0.2351
vn 0.6323 0.5560 -0.5395
vn 0.6250 0.5587 -0.5451
vn 0.6237 0.5592 -0.5461
vn 0.9370 0.2918 -0.1921
vn 0.9647 0.2196 -0.1453
vn 0.9677 0.2127 -0.1351
vn 0.5803 0.7745 -0.2518
vn 0.4904 0.8186 -0.2989
vn 0.4648 0.8290 -0.3112
vn 0.9046 0.4210 0.0673
vn 0.9032 0.4234 0.0705
vn 0.8987 0.4310 0.0808
vn 0.3276 0.9447 0.0164
vn 0.3371 0.9414 0.0102
vn 0.3125 0.9496 0.0261
vn 0.5580 0.8287 0.0435
vn 0.5413 0.8401 0.0362
vn 0.5340 0.8448 0.0331
vn 0.3232 0.9071 -0.2695
vn 0.2979 0.9117 -0.2830
vn 0.2820 0.9141 -0.2914
vn 0.8667 0.4840 -0.1207
vn 0.8637 0.4879 -0.1264
vn 0.9004 0.4324 -0.0473
vn 0.4059 0.8629 -0.3010
vn -0.2592 -0.9545 0.1477
vn -0.3015 -0.9451 0.1260
vn -0.2137 -0.9619 0.1704
vn -0.0059 -0.1196 0.9928
vn -0.0305 -0.0645 0.9975
vn -0.0172 -0.0472 0.9987
vn -0.0566 -0.0293 -0.9980
vn -0.0665 -0.0046 -0.9978
vn -0.0520 -0.0327 -0.9981
vn 0.0087 -0.0208 0.9997
vn 0.0085 -0.0193 0.9998
vn -0.0386 0.0201 -0.9991
vn -0.0660 0.0025 -0.9978
vn -0.0000 -0.0217 0.9998
vn -0.0000 -0.0221 0.9998
vn -0.0000 0.0361 -0.9993
vn -0.0362 0.0130 -0.9993
vn 0.2592 -0.9545 0.1477
vn 0.3015 -0.9451 0.1260
vn 0.3432 -0.9335 0.1039
vn 0.0059 -0.1196 0.9928
vn 0.0305 -0.0645 0.9975
vn -0.0107 -0.1336 0.9910
vn 0.0566 -0.0293 -0.9980
vn 0.0665 -0.0046 -0.9978
vn 0.0661 0.0025 -0.9978
vn -0.0088 -0.0207 0.9997
vn 0.0172 -0.0472 0.9987
vn 0.0386 0.0201 -0.9991
vn 0.0362 0.0130 -0.9993
vn -0.0085 -0.0193 0.9998
vn -0.0000 0.0495 -0.9988
vn -0.0176 0.0405 0.9990
vn -0.0233 0.0432 0.9988
vn -0.0087 0.0764 0.9970
vn -0.0167 0.1131 0.9934
vn -0.0374 0.1315 0.9906
vn -0.2921 -0.0931 -0.9519
vn -0.3828 -0.1001 -0.9184
vn -0.2528 -0.0940 -0.9629
vn -0.0745 -0.1440 -0.9868
vn -0.0586 -0.1635 -0.9848
vn -0.3067 -0.9511 -0.0357
vn -0.5573 -0.8237 -0.1047
vn -0.2512 -0.9677 -0.0209
vn -0.0000 0.1189 0.9929
vn -0.0000 0.1194 0.9928
vn 0.0176 0.0405 0.9990
vn 0.0233 0.0432 0.9988
vn 0.0150 0.0381 0.9992
vn 0.0087 0.0764 0.9970
vn 0.0167 0.1131 0.9934
vn 0.2921 -0.0931 -0.9518
vn 0.3828 -0.1001 -0.9184
vn 0.3817 -0.0912 -0.9198
vn 0.0745 -0.1440 -0.9868
vn 0.2528 -0.0940 -0.9629
vn 0.3067 -0.9511 -0.0357
vn 0.5573 -0.8237 -0.1047
vn 0.6477 -0.7506 -0.1308
vn 0.0374 0.1315 0.9906
vn -0.9792 -0.0269 0.2012
vn -0.9771 -0.0609 0.2040
vn -0.9767 -0.0088 0.2146
vn -0.9077 0.4133 0.0721
vn -0.9232 0.3834 0.0251
vn -0.8306 0.5059 0.2327
vn -0.2317 0.9492 -0.2129
vn -0.2289 0.9505 -0.2099
vn -0.1933 0.9658 -0.1728
vn 0.2317 0.9492 -0.2129
vn 0.2289 0.9505 -0.2099
vn 0.2630 0.9330 -0.2457
vn 0.9077 0.4133 0.0721
vn 0.9232 0.3834 0.0251
vn 0.9526 0.2730 -0.1342
vn 0.9836 -0.0267 0.1785
vn 0.9814 -0.0464 0.1865
vn 0.9881 -0.0002 0.1537
vn -0.6780 0.4170 -0.6053
vn -0.6781 0.4178 -0.6047
vn -0.6780 0.4269 -0.5984
vn 0.8578 0.4027 -0.3193
vn 0.8576 0.4035 -0.3188
vn 0.8617 0.3854 -0.3300
vn 0.2316 0.2134 -0.9491
vn 0.2301 0.2115 -0.9499
vn 0.2678 0.2562 -0.9288
vn 0.8138 0.5340 0.2293
vn 0.8123 0.5297 0.2442
vn 0.8188 0.5674 0.0876
vn -0.0715 0.6954 0.7150
vn -0.0817 0.6897 0.7195
vn -0.0135 0.7261 0.6875
vn -0.8428 0.5363 0.0448
vn -0.8448 0.5334 0.0434
vn -0.8945 0.4471 0.0035
vn -0.1594 0.3093 0.9375
vn -0.1578 0.3116 0.9370
vn -0.1559 0.3143 0.9364
vn 0.8612 0.1972 0.4685
vn 0.8555 0.1693 0.4894
vn 0.8513 0.1517 0.5023
vn -0.9577 0.1986 0.2083
vn -0.9568 0.2105 0.2003
vn -0.9580 0.1930 0.2120
vn 0.9703 -0.1291 -0.2047
vn 0.9686 -0.0406 -0.2454
vn 0.9674 -0.0265 -0.2517
vn -0.8073 -0.0362 -0.5890
vn -0.8239 -0.1165 -0.5546
vn -0.8039 -0.0226 -0.5943
vn 0.1945 -0.3894 -0.9003
vn 0.1815 -0.4353 -0.8818
vn 0.1963 -0.3827 -0.9028
vn -0.0133 -0.9999 0.0103
vn -0.0101 -0.9999 0.0030
vn -0.0122 -0.9998 0.0130
vn -0.0107 -0.9999 0.0091
vn -0.0094 -0.9999 0.0044
vn 0.3405 -0.8693 0.3584
vn 0.1374 -0.9184 0.3711
vn -0.0170 -0.9288 0.3701
vn -0.2815 -0.8886 0.3621
vn -0.3350 -0.8613 0.3821
vn -0.4055 -0.8186 0.4069
vn -0.1215 -0.9151 0.3846
vn -0.1155 -0.9143 0.3883
vn -0.1296 -0.9160 0.3796
vn -0.2646 -0.9636 -0.0377
vn -0.2589 -0.9603 -0.1037
vn -0.2751 -0.9092 0.3124
vn 0.0152 -0.9163 -0.4003
vn 0.0123 -0.9170 -0.3988
vn -0.0207 -0.9243 -0.3810
vn 0.4435 -0.8961 0.0179
vn 0.4202 -0.9028 0.0917
vn 0.3382 -0.8914 0.3018
vn 0.0657 0.7934 0.6052
vn 0.0380 0.7843 0.6192
vn 0.0959 0.8023 0.5891
vn 0.9243 0.2572 -0.2819
vn 0.9203 0.2767 -0.2766
vn 0.9293 0.2298 -0.2891
vn 0.0497 0.0274 -0.9984
vn 0.0484 0.0261 -0.9985
vn 0.0218 -0.0002 -0.9998
vn -0.9156 0.2787 -0.2899
vn -0.9192 0.2614 -0.2946
vn -0.9232 0.2395 -0.3004
vn 0.7530 0.6089 0.2494
vn 0.7341 0.6122 0.2938
vn 0.7667 0.6052 0.2139
vn -0.7221 0.6065 0.3328
vn -0.7333 0.6068 0.3067
vn -0.7433 0.6066 0.2820
vn -0.7778 0.3482 0.5232
vn -0.7814 0.3573 0.5116
vn -0.7612 0.3098 0.5698
vn 0.9754 -0.0802 -0.2055
vn 0.9540 0.1004 -0.2826
vn 0.9503 0.1161 -0.2889
vn -0.9459 0.1310 -0.2967
vn -0.9726 -0.0274 -0.2308
vn -0.9422 0.1449 -0.3022
vn 0.0191 -0.4445 -0.8956
vn 0.0102 -0.4849 -0.8745
vn 0.0204 -0.4383 -0.8986
vn 0.0192 0.4193 0.9076
vn 0.0195 0.4196 0.9075
vn 0.0231 0.4230 0.9058
vn 0.7937 0.3362 0.5070
vn 0.7906 0.3298 0.5160
vn 0.7660 0.2830 0.5773
vn -0.5352 -0.7840 0.3146
vn -0.6219 -0.7377 0.2626
vn -0.5242 -0.7889 0.3207
vn -0.0256 -0.6938 0.7197
vn -0.1121 -0.5659 0.8168
vn 0.0494 -0.7854 0.6170
vn 0.7183 -0.6641 0.2072
vn 0.7779 -0.6165 0.1217
vn 0.7927 -0.6017 0.0975
vn -0.0465 -0.9829 0.1784
vn -0.0593 -0.9833 0.1723
vn -0.0286 -0.9820 0.1869
vn -0.2959 -0.7604 0.5781
vn 0.5388 -0.7350 0.4117
vn 0.5446 -0.7073 0.4507
vn 0.5534 -0.5147 0.6549
vn -0.0018 -1.0000 0.0040
vn -0.0022 -1.0000 0.0048
vn -0.0012 -1.0000 0.0026
vn -0.0021 -0.9994 0.0333
vn -0.0018 -0.9994 0.0335
vn -0.0028 -0.9995 0.0326
vn 0.6780 0.4170 -0.6053
vn 0.6781 0.4178 -0.6047
vn 0.6780 0.4096 -0.6104
vn -0.8576 0.4035 -0.3188
vn -0.8578 0.4027 -0.3193
vn -0.8617 0.3854 -0.3300
vn -0.2301 0.2115 -0.9499
vn -0.2316 0.2134 -0.9491
vn -0.2678 0.2562 -0.9288
vn -0.8138 0.5340 0.2293
vn -0.8123 0.5297 0.2442
vn -0.7977 0.4996 0.3378
vn 0.0715 0.6954 0.7150
vn 0.0817 0.6897 0.7195
vn 0.1217 0.6659 0.7361
vn 0.8428 0.5363 0.0448
vn 0.8448 0.5334 0.0434
vn 0.7973 0.5988 0.0754
vn 0.1578 0.3116 0.9370
vn 0.1594 0.3093 0.9375
vn 0.1559 0.3143 0.9364
vn -0.8555 0.1693 0.4894
vn -0.8612 0.1972 0.4685
vn -0.8513 0.1517 0.5023
vn 0.9577 0.1986 0.2083
vn 0.9568 0.2105 0.2003
vn 0.9562 0.2183 0.1950
vn -0.9686 -0.0406 -0.2454
vn -0.9703 -0.1291 -0.2047
vn -0.9674 -0.0265 -0.2517
vn 0.8073 -0.0362 -0.5890
vn 0.8239 -0.1165 -0.5546
vn 0.8278 -0.1414 -0.5430
vn -0.1945 -0.3894 -0.9003
vn -0.1815 -0.4353 -0.8818
vn -0.1797 -0.4416 -0.8790
vn 0.0101 -0.9999 0.0030
vn 0.0133 -0.9999 0.0103
vn 0.0122 -0.9998 0.0130
vn 0.0094 -0.9999 0.0044
vn 0.0107 -0.9999 0.0091
vn -0.3405 -0.8693 0.3584
vn -0.1374 -0.9184 0.3711
vn -0.4067 -0.8437 0.3505
vn 0.2815 -0.8886 0.3621
vn 0.3350 -0.8613 0.3821
vn 0.2671 -0.8953 0.3565
vn 0.1215 -0.9151 0.3846
vn 0.1155 -0.9143 0.3883
vn 0.1094 -0.9134 0.3921
vn 0.2589 -0.9603 -0.1037
vn 0.2646 -0.9636 -0.0377
vn 0.2751 -0.9092 0.3124
vn -0.0123 -0.9170 -0.3988
vn -0.0152 -0.9163 -0.4003
vn 0.0207 -0.9243 -0.3810
vn -0.4435 -0.8961 0.0179
vn -0.4202 -0.9028 0.0917
vn -0.4929 -0.8512 -0.1804
vn -0.0657 0.7934 0.6052
vn -0.0380 0.7843 0.6192
vn -0.0173 0.7770 0.6292
vn -0.9203 0.2767 -0.2766
vn -0.9243 0.2572 -0.2819
vn -0.9293 0.2298 -0.2891
vn -0.0484 0.0261 -0.9985
vn -0.0497 0.0274 -0.9984
vn -0.0218 -0.0002 -0.9998
vn 0.9192 0.2614 -0.2946
vn 0.9156 0.2787 -0.2899
vn 0.9232 0.2395 -0.3004
vn -0.7530 0.6089 0.2494
vn -0.7341 0.6122 0.2938
vn -0.7258 0.6132 0.3118
vn 0.7333 0.6068 0.3067
vn 0.7221 0.6065 0.3328
vn 0.7433 0.6066 0.2820
vn 0.7778 0.3482 0.5232
vn 0.7814 0.3573 0.5116
vn 0.7969 0.4026 0.4504
vn -0.9754 -0.0802 -0.2055
vn -0.9540 0.1004 -0.2826
vn -0.9747 -0.1278 -0.1836
vn 0.9726 -0.0274 -0.2308
vn 0.9459 0.1310 -0.2967
vn 0.9422 0.1449 -0.3022
vn -0.0191 -0.4445 -0.8956
vn -0.0102 -0.4849 -0.8745
vn -0.0089 -0.4908 -0.8712
vn -0.0195 0.4196 0.9075
vn -0.0192 0.4193 0.9076
vn -0.0231 0.4230 0.9058
vn -0.7906 0.3298 0.5160
vn -0.7937 0.3362 0.5070
vn -0.7660 0.2830 0.5773
vn 0.6219 -0.7377 0.2626
vn 0.5352 -0.7840 0.3146
vn 0.5242 -0.7889 0.3207
vn 0.1121 -0.5659 0.8168
vn 0.0256 -0.6938 0.7197
vn -0.0494 -0.7854 0.6170
vn -0.7183 -0.6641 0.2072
vn -0.7779 -0.6165 0.1217
vn -0.6819 -0.6864 0.2526
vn 0.0465 -0.9829 0.1784
vn 0.0593 -0.9833 0.1723
vn 0.0727 -0.9835 0.1658
vn 0.2959 -0.7604 0.5781
vn -0.5446 -0.7073 0.4507
vn -0.5388 -0.7350 0.4117
vn -0.5534 -0.5147 0.6549
vn 0.0018 -1.0000 0.0040
vn 0.0022 -1.0000 0.0048
vn 0.0025 -1.0000 0.0053
vn 0.0018 -0.9994 0.0335
vn 0.0021 -0.9994 0.0333
vn 0.0028 -0.9995 0.0326
vn 0.1016 -0.0765 0.9919
vn -0.0729 -0.0981 0.9925
vn -0.1130 -0.0954 0.9890
vn -0.9886 0.0866 0.1228
vn -0.9867 0.0368 0.1585
vn -0.9943 0.0723 0.0786
vn -0.0660 0.2567 -0.9642
vn -0.3065 0.4498 -0.8389
vn -0.0367 0.2343 -0.9715
vn 0.9715 0.0315 0.2348
vn 0.9624 0.0510 0.2667
vn 0.9559 0.0607 0.2873
vn 0.8714 0.1430 -0.4692
vn 0.9360 0.0797 -0.3428
vn 0.9475 0.0939 -0.3057
vn -0.0256 -0.4564 0.8894
vn -0.1617 -0.3491 0.9230
vn -0.1449 -0.2519 0.9568
vn -0.9568 -0.2448 0.1567
vn -0.9457 -0.3000 0.1253
vn -0.9634 -0.2001 0.1782
vn -0.8536 -0.0922 -0.5127
vn -0.8303 -0.1420 -0.5388
vn -0.8412 -0.0821 -0.5344
vn 0.9817 -0.1695 0.0871
vn 0.9869 -0.1404 0.0800
vn 0.9869 -0.1290 0.0967
vn 0.8984 -0.1522 -0.4121
vn 0.8732 -0.1644 -0.4588
vn 0.9004 -0.1452 -0.4101
vn 0.0488 -0.7347 0.6766
vn -0.0355 -0.7135 0.6998
vn -0.1869 -0.6605 0.7272
vn -0.2987 -0.0977 0.9493
vn -0.3016 -0.1012 0.9481
vn -0.3080 -0.1093 0.9451
vn -0.3504 0.2391 0.9056
vn -0.3396 0.2096 0.9169
vn -0.3939 0.3676 0.8424
vn -0.7010 -0.1346 0.7004
vn -0.7013 -0.1338 0.7002
vn -0.7058 -0.1215 0.6979
vn -0.9784 -0.0176 0.2061
vn -0.9800 -0.0255 0.1975
vn -0.9885 -0.1154 0.0978
vn -0.9167 -0.2661 -0.2982
vn -0.9403 -0.2080 -0.2693
vn -0.9846 -0.0250 -0.1732
vn -0.8401 -0.4647 0.2800
vn -0.8406 -0.4629 0.2811
vn -0.8421 -0.4585 0.2840
vn 0.0035 -0.9789 -0.2044
vn 0.2041 -0.9750 -0.0882
vn -0.1829 -0.9354 -0.3024
vn -0.2688 -0.9434 0.1943
vn -0.2609 -0.9442 0.2009
vn -0.2954 -0.9399 0.1713
vn -0.9844 0.0287 0.1736
vn -0.9823 0.0452 0.1815
vn -0.9674 0.1264 0.2196
vn -0.9539 0.2697 -0.1318
vn -0.9588 0.2457 -0.1428
vn -0.9735 0.0754 -0.2159
vn -0.8709 0.4151 0.2631
vn -0.8709 0.4136 0.2655
vn -0.8709 0.4112 0.2693
vn -0.9702 0.1695 0.1733
vn -0.9753 0.1644 0.1477
vn -0.9582 0.1791 0.2231
vn -0.9239 0.3468 -0.1614
vn -0.9312 0.3301 -0.1549
vn -0.9414 0.3044 -0.1450
vn -0.5571 0.5496 -0.6225
vn -0.4057 0.6344 -0.6580
vn -0.3689 0.6512 -0.6632
vn -0.8862 0.4527 -0.0983
vn -0.8865 0.4525 -0.0972
vn -0.8850 0.4538 -0.1040
vn -0.3521 0.8814 -0.3150
vn -0.3602 0.8770 -0.3181
vn -0.3664 0.8735 -0.3205
vn -0.8629 0.5040 0.0375
vn -0.8620 0.5055 0.0387
vn -0.8646 0.5013 0.0353
vn -0.3205 0.9272 -0.1937
vn -0.3026 0.9359 -0.1802
vn -0.2494 0.9582 -0.1403
vn -0.9960 -0.0619 0.0640
vn -0.9960 -0.0626 0.0634
vn -0.9960 -0.0648 0.0617
vn -0.8830 0.4598 0.0940
vn -0.8782 0.4726 0.0740
vn -0.8652 0.5005 0.0287
vn -0.2477 0.9664 0.0687
vn -0.2421 0.9675 0.0728
vn -0.2310 0.9696 0.0809
vn -0.8124 -0.5829 -0.0131
vn -0.7625 -0.6462 0.0336
vn -0.8480 -0.5275 -0.0512
vn -0.2328 -0.9720 -0.0329
vn -0.2056 -0.9785 -0.0151
vn -0.2557 -0.9656 -0.0481
vn -0.1781 -0.9032 -0.3905
vn -0.1998 -0.8948 -0.3992
vn -0.1659 -0.9077 -0.3855
vn -0.6047 -0.7324 -0.3129
vn -0.6551 -0.6788 -0.3318
vn -0.5805 -0.7555 -0.3036
vn -0.9916 -0.0293 -0.1261
vn -0.9909 -0.0005 -0.1343
vn -0.9914 -0.0574 -0.1180
vn -0.9362 0.3499 0.0347
vn -0.9395 0.3399 0.0435
vn -0.9610 0.2480 0.1226
vn -0.2612 0.9217 0.2867
vn -0.2834 0.9197 0.2717
vn -0.3106 0.9163 0.2529
vn -0.2949 0.9540 0.0533
vn -0.2987 0.9527 0.0559
vn -0.2849 0.9574 0.0461
vn -0.3187 0.8873 -0.3333
vn -0.4048 0.8320 -0.3793
vn -0.4653 0.7844 -0.4102
vn -0.9058 0.4085 0.1127
vn -0.9150 0.3781 0.1410
vn -0.9355 0.2378 0.2612
vn -0.7416 0.5682 -0.3566
vn -0.7400 0.5692 -0.3584
vn -0.7728 0.5470 -0.3218
vn -0.9716 -0.0518 0.2309
vn -0.9757 -0.0662 0.2088
vn -0.9840 -0.1094 0.1408
vn -0.8950 0.0595 -0.4421
vn -0.8980 0.0662 -0.4350
vn -0.9287 0.1518 -0.3384
vn -0.6237 0.2299 -0.7471
vn -0.6200 0.2492 -0.7440
vn -0.6393 0.1231 -0.7591
vn -0.1384 -0.9903 -0.0082
vn 0.1153 -0.9789 0.1685
vn -0.2313 -0.9700 -0.0751
vn -0.5528 -0.4162 0.7220
vn -0.5411 -0.4298 0.7228
vn -0.5217 -0.4519 0.7236
vn -0.9807 -0.1799 0.0773
vn -0.9784 -0.1635 0.1262
vn -0.9672 -0.2341 -0.0984
vn -0.8495 -0.0519 -0.5251
vn -0.8496 -0.0517 -0.5250
vn -0.8446 -0.0584 -0.5322
vn 0.7797 -0.5215 0.3466
vn 0.7891 -0.4845 0.3777
vn 0.7716 -0.5480 0.3231
vn 0.0029 -0.1167 -0.9932
vn 0.0141 -0.1302 -0.9914
vn -0.0150 -0.0953 -0.9953
vn 0.9081 -0.3690 -0.1981
vn 0.9179 -0.3390 -0.2061
vn 0.9570 -0.1471 -0.2501
vn -0.0503 -0.2712 -0.9612
vn -0.0611 -0.2571 -0.9644
vn -0.0242 -0.3047 -0.9521
vn 0.5800 -0.7027 -0.4122
vn -0.4445 -0.7044 0.5534
vn -0.3686 -0.7047 0.6062
vn -0.4581 -0.7037 0.5431
vn -0.9720 -0.2216 -0.0783
vn -0.9728 -0.2299 -0.0270
vn -0.9712 -0.2189 -0.0942
vn -0.8684 0.0518 -0.4932
vn -0.9077 0.0506 -0.4166
vn -0.8604 0.0520 -0.5069
vn 0.9080 -0.2821 0.3098
vn 0.8972 -0.2818 0.3401
vn 0.8904 -0.2815 0.3577
vn 0.1830 0.2137 -0.9596
vn -0.0923 0.2950 -0.9510
vn 0.2273 0.1985 -0.9534
vn 0.9838 0.0049 -0.1793
vn 0.9857 0.0040 -0.1687
vn 0.9862 0.0037 -0.1655
vn -0.3183 -0.4467 0.8361
vn 0.3065 -0.3049 0.9017
vn -0.3881 -0.4516 0.8034
vn -0.9931 -0.1139 0.0289
vn -0.9909 -0.1092 0.0783
vn -0.9932 -0.1158 0.0077
vn -0.9321 0.0582 -0.3575
vn -0.9635 0.0508 -0.2628
vn -0.9203 0.0604 -0.3865
vn 0.8650 -0.1718 0.4715
vn 0.9209 -0.1922 0.3390
vn 0.9374 -0.1990 0.2859
vn -0.1245 0.4586 -0.8799
vn -0.1452 0.4621 -0.8749
vn -0.1196 0.4578 -0.8810
vn 0.9986 0.0393 -0.0361
vn 0.9917 0.0318 -0.1248
vn 0.9833 0.0270 -0.1800
vn 0.1957 0.1919 0.9617
vn -0.0643 0.1515 0.9864
vn 0.2402 0.1976 0.9504
vn -0.9774 0.1517 0.1473
vn -0.9783 0.1550 0.1377
vn -0.9787 0.1565 0.1333
vn -0.9058 0.1294 -0.4035
vn -0.9577 0.0854 -0.2749
vn -0.9697 0.0713 -0.2336
vn 0.8164 0.1795 0.5488
vn 0.7909 0.1646 0.5894
vn 0.8271 0.1860 0.5305
vn -0.1407 0.0585 -0.9883
vn -0.0265 0.0312 -0.9992
vn -0.1703 0.0656 -0.9832
vn 0.9941 0.0916 -0.0583
vn 0.9702 0.1448 -0.1945
vn 0.9978 0.0655 0.0069
vn -0.1928 0.1503 0.9697
vn -0.1299 0.1200 0.9842
vn -0.0952 0.1032 0.9901
vn -0.9684 0.1000 0.2284
vn -0.9755 0.1158 0.1869
vn -0.9797 0.1280 0.1541
vn -0.9435 0.0388 -0.3291
vn -0.9525 0.0727 -0.2956
vn -0.8967 -0.0762 -0.4361
vn 0.7295 0.1797 0.6600
vn 0.6840 0.1449 0.7150
vn 0.7742 0.2167 0.5947
vn 0.0279 0.2526 -0.9672
vn 0.0720 0.2322 -0.9700
vn 0.0070 0.2621 -0.9650
vn 0.9757 -0.0044 -0.2191
vn 0.9753 -0.0067 -0.2210
vn 0.9717 -0.0238 -0.2350
vn -0.9794 -0.0627 0.1919
vn -0.9774 -0.0559 0.2037
vn -0.6377 -0.1098 -0.7624
vn -0.5412 -0.1609 -0.8253
vn 0.8553 -0.0295 -0.5173
vn 0.8237 -0.0064 -0.5670
vn 0.9840 -0.0243 0.1763
vn 0.9754 -0.0023 0.2205
vn 0.0470 -0.1606 0.9859
vn 0.0802 -0.1719 0.9818
vn -0.9947 0.0865 0.0561
vn -0.9984 0.0544 0.0143
vn -0.0427 0.1779 -0.9831
vn -0.0369 0.1762 -0.9837
vn 0.9491 0.0595 -0.3094
vn 0.9316 0.0948 0.3508
vn -0.1877 -0.0959 0.9775
vn -0.2202 -0.0790 0.9722
vn -0.6583 0.6211 -0.4254
vn -0.5575 0.7373 -0.3816
vn -0.4841 0.8030 -0.3478
vn -0.9710 -0.0837 -0.2239
vn -0.9776 -0.0079 -0.2105
vn -0.9787 0.0453 -0.2004
vn -0.7089 -0.6336 0.3098
vn -0.6748 -0.6778 0.2918
vn -0.5539 -0.8003 0.2294
vn -0.5168 0.4978 -0.6966
vn -0.5582 0.4700 -0.6838
vn -0.5715 0.4606 -0.6792
vn -0.9987 -0.0476 0.0185
vn -0.9965 0.0636 -0.0541
vn -0.9901 0.1116 -0.0854
vn -0.7267 -0.1946 0.6588
vn -0.7002 -0.2354 0.6740
vn -0.6707 -0.2770 0.6880
vn -0.7663 -0.3356 0.5479
vn -0.7669 -0.3343 0.5478
vn -0.7723 -0.3229 0.5471
vn -0.9969 0.0505 -0.0600
vn -0.9933 0.0892 -0.0729
vn -0.9831 0.1563 -0.0952
vn -0.9467 0.2455 -0.2087
vn -0.9458 0.2484 -0.2094
vn -0.9448 0.2515 -0.2102
vn -0.5983 0.6011 -0.5298
vn -0.6113 0.5970 -0.5195
vn -0.5950 0.6022 -0.5324
vn -0.9971 0.0144 -0.0749
vn -0.9943 0.0331 -0.1011
vn -0.9964 -0.0711 0.0459
vn -0.9312 0.2917 -0.2185
vn -0.9403 0.2733 -0.2028
vn -0.9245 0.3044 -0.2293
vn -0.4987 0.8058 -0.3193
vn -0.5712 0.7693 -0.2862
vn -0.4818 0.8132 -0.3264
vn -0.7524 -0.6293 0.1946
vn -0.9838 0.0222 -0.1778
vn -0.9910 -0.0066 -0.1337
vn -0.9970 -0.0667 -0.0404
vn -0.8989 0.3759 -0.2251
vn -0.8758 0.4020 -0.2671
vn -0.9459 0.3036 -0.1141
vn -0.4524 0.8916 -0.0184
vn -0.4476 0.8942 -0.0116
vn -0.4072 0.9122 0.0446
vn -0.7778 0.5590 0.2873
vn -0.7499 0.5561 0.3584
vn -0.7135 0.5491 0.4351
vn -0.9773 0.0273 -0.2099
vn -0.9905 -0.0167 -0.1362
vn -0.9963 -0.0608 -0.0610
vn -0.7038 -0.5263 0.4772
vn -0.8465 -0.2784 0.4538
vn -0.5869 -0.6578 0.4720
vn -0.3872 -0.8190 -0.4236
vn -0.5636 -0.4419 -0.6979
vn -0.4750 -0.8654 -0.1596
vn -0.9697 -0.1489 0.1937
vn -0.9528 -0.1785 0.2455
vn -0.9546 -0.1807 0.2368
vn -0.9555 -0.1668 0.2434
vn -0.9697 -0.1150 0.2156
vn -0.9783 -0.0741 0.1933
vn -0.5060 -0.8100 -0.2964
vn -0.5017 -0.8037 -0.3199
vn -0.5201 -0.8303 -0.2003
vn -0.4945 -0.7226 -0.4830
vn -0.4793 -0.7224 -0.4984
vn -0.4572 -0.7215 -0.5200
vn -0.3545 -0.4491 0.8202
vn -0.2186 -0.5516 0.8050
vn -0.1444 -0.5991 0.7875
vn -0.6598 0.5129 0.5492
vn -0.6600 0.5076 0.5538
vn -0.6603 0.4977 0.5624
vn -0.6752 0.3488 0.6499
vn -0.6771 0.3103 0.6673
vn -0.6510 0.5182 0.5547
vn -0.0000 0.6595 0.7517
vn 0.0033 0.6839 0.7296
vn -0.0000 0.6908 0.7231
vn 0.0985 0.8532 -0.5121
vn -0.7966 0.2699 -0.5408
vn 0.4435 -0.0125 0.8962
vn -0.4229 -0.6578 0.6233
vn -0.9615 -0.2733 0.0272
vn -0.7840 -0.0173 0.6205
vn -0.8275 0.0148 0.5612
vn -0.9442 0.1369 0.2996
vn -0.9662 0.0072 0.2576
vn -0.9142 0.0985 0.3930
vn -0.9832 -0.0448 0.1771
vn -0.9422 -0.1112 0.3159
vn -0.9523 -0.1343 0.2741
vn -0.9337 -0.0946 0.3453
vn -0.8092 0.2678 0.5230
vn -0.8090 0.2449 0.5343
vn -0.8091 0.2814 0.5160
vn 0.0729 -0.0981 0.9925
vn -0.1016 -0.0765 0.9919
vn 0.1130 -0.0954 0.9890
vn 0.9886 0.0866 0.1228
vn 0.9867 0.0368 0.1585
vn 0.9798 0.0564 0.1917
vn 0.0660 0.2567 -0.9642
vn 0.3065 0.4498 -0.8389
vn 0.3614 0.4590 -0.8116
vn -0.9715 0.0315 0.2348
vn -0.9624 0.0510 0.2667
vn -0.9758 0.0233 0.2174
vn -0.9360 0.0797 -0.3428
vn -0.8714 0.1430 -0.4692
vn -0.9475 0.0939 -0.3057
vn 0.1617 -0.3491 0.9230
vn 0.0256 -0.4564 0.8894
vn 0.1449 -0.2519 0.9568
vn 0.9568 -0.2448 0.1567
vn 0.9457 -0.3000 0.1253
vn 0.9460 -0.3077 0.1019
vn 0.8536 -0.0922 -0.5127
vn 0.8303 -0.1420 -0.5388
vn 0.8231 -0.1511 -0.5475
vn -0.9869 -0.1404 0.0800
vn -0.9817 -0.1695 0.0871
vn -0.9869 -0.1290 0.0967
vn -0.8984 -0.1522 -0.4121
vn -0.8732 -0.1644 -0.4588
vn -0.8608 -0.1445 -0.4879
vn -0.0488 -0.7347 0.6766
vn 0.0355 -0.7135 0.6998
vn -0.3485 -0.7610 0.5472
vn 0.2987 -0.0977 0.9493
vn 0.3016 -0.1012 0.9481
vn 0.2941 -0.0919 0.9513
vn 0.3396 0.2096 0.9169
vn 0.3504 0.2391 0.9056
vn 0.3939 0.3676 0.8424
vn 0.7013 -0.1338 0.7002
vn 0.7010 -0.1346 0.7004
vn 0.7058 -0.1215 0.6979
vn 0.9800 -0.0255 0.1975
vn 0.9784 -0.0176 0.2061
vn 0.9885 -0.1154 0.0978
vn 0.9167 -0.2661 -0.2982
vn 0.9403 -0.2080 -0.2693
vn 0.8173 -0.4353 -0.3776
vn 0.8401 -0.4647 0.2800
vn 0.8406 -0.4629 0.2811
vn 0.8379 -0.4710 0.2757
vn -0.2041 -0.9750 -0.0882
vn -0.0035 -0.9789 -0.2044
vn 0.1829 -0.9354 -0.3024
vn 0.2688 -0.9434 0.1943
vn 0.2609 -0.9442 0.2009
vn 0.2254 -0.9466 0.2306
vn 0.9844 0.0287 0.1736
vn 0.9823 0.0452 0.1815
vn 0.9896 -0.0529 0.1338
vn 0.9539 0.2697 -0.1318
vn 0.9588 0.2457 -0.1428
vn 0.9114 0.4063 -0.0654
vn 0.8709 0.4151 0.2631
vn 0.8709 0.4136 0.2655
vn 0.8709 0.4176 0.2591
vn 0.9753 0.1644 0.1477
vn 0.9702 0.1695 0.1733
vn 0.9582 0.1791 0.2231
vn 0.9312 0.3301 -0.1549
vn 0.9239 0.3468 -0.1614
vn 0.9414 0.3044 -0.1450
vn 0.5571 0.5496 -0.6225
vn 0.4057 0.6344 -0.6580
vn 0.6056 0.5162 -0.6056
vn 0.8862 0.4527 -0.0983
vn 0.8865 0.4525 -0.0972
vn 0.8878 0.4512 -0.0908
vn 0.3602 0.8770 -0.3181
vn 0.3521 0.8814 -0.3150
vn 0.3664 0.8735 -0.3205
vn 0.8620 0.5055 0.0387
vn 0.8629 0.5040 0.0375
vn 0.8646 0.5013 0.0353
vn 0.3026 0.9359 -0.1802
vn 0.3205 0.9272 -0.1937
vn 0.2494 0.9582 -0.1403
vn 0.9960 -0.0619 0.0640
vn 0.9960 -0.0626 0.0634
vn 0.9961 -0.0595 0.0658
vn 0.8830 0.4598 0.0940
vn 0.8782 0.4726 0.0740
vn 0.8930 0.4266 0.1437
vn 0.2477 0.9664 0.0687
vn 0.2421 0.9675 0.0728
vn 0.2601 0.9637 0.0596
vn 0.7625 -0.6462 0.0336
vn 0.8124 -0.5829 -0.0131
vn 0.8480 -0.5275 -0.0512
vn 0.2056 -0.9785 -0.0151
vn 0.2328 -0.9720 -0.0329
vn 0.2557 -0.9656 -0.0481
vn 0.1998 -0.8948 -0.3992
vn 0.1781 -0.9032 -0.3905
vn 0.1659 -0.9077 -0.3855
vn 0.6551 -0.6788 -0.3318
vn 0.6047 -0.7324 -0.3129
vn 0.5805 -0.7555 -0.3036
vn 0.9909 -0.0005 -0.1343
vn 0.9916 -0.0293 -0.1261
vn 0.9914 -0.0574 -0.1180
vn 0.9362 0.3499 0.0347
vn 0.9395 0.3399 0.0435
vn 0.8999 0.4339 -0.0431
vn 0.2612 0.9217 0.2867
vn 0.2834 0.9197 0.2717
vn 0.2311 0.9234 0.3066
vn 0.2987 0.9527 0.0559
vn 0.2949 0.9540 0.0533
vn 0.2849 0.9574 0.0461
vn 0.3187 0.8873 -0.3333
vn 0.4048 0.8320 -0.3793
vn 0.2628 0.9162 -0.3025
vn 0.9150 0.3781 0.1410
vn 0.9058 0.4085 0.1127
vn 0.9355 0.2378 0.2612
vn 0.7400 0.5692 -0.3584
vn 0.7416 0.5682 -0.3566
vn 0.7728 0.5470 -0.3218
vn 0.9716 -0.0518 0.2309
vn 0.9757 -0.0662 0.2088
vn 0.9538 -0.0058 0.3004
vn 0.8950 0.0595 -0.4421
vn 0.8980 0.0662 -0.4350
vn 0.8523 -0.0194 -0.5227
vn 0.6237 0.2299 -0.7471
vn 0.6200 0.2492 -0.7440
vn 0.5926 0.3640 -0.7186
vn -0.1153 -0.9789 0.1685
vn 0.1384 -0.9903 -0.0082
vn 0.2313 -0.9700 -0.0751
vn 0.5411 -0.4298 0.7228
vn 0.5528 -0.4162 0.7220
vn 0.5217 -0.4519 0.7236
vn 0.9807 -0.1799 0.0773
vn 0.9784 -0.1635 0.1262
vn 0.9556 -0.1112 0.2728
vn 0.8496 -0.0517 -0.5250
vn 0.8495 -0.0519 -0.5251
vn 0.8446 -0.0584 -0.5322
vn -0.7891 -0.4845 0.3777
vn -0.7797 -0.5215 0.3466
vn -0.7716 -0.5480 0.3231
vn -0.0141 -0.1302 -0.9914
vn -0.0029 -0.1167 -0.9932
vn 0.0150 -0.0953 -0.9953
vn -0.9081 -0.3690 -0.1981
vn -0.9179 -0.3390 -0.2061
vn -0.8658 -0.4712 -0.1685
vn 0.0503 -0.2712 -0.9612
vn 0.0611 -0.2571 -0.9644
vn 0.0887 -0.2207 -0.9713
vn -0.5800 -0.7027 -0.4122
vn 0.4445 -0.7044 0.5534
vn 0.3686 -0.7047 0.6062
vn 0.3441 -0.7036 0.6217
vn 0.9720 -0.2216 -0.0783
vn 0.9728 -0.2299 -0.0270
vn 0.9723 -0.2336 -0.0028
vn 0.8684 0.0518 -0.4932
vn 0.9077 0.0506 -0.4166
vn 0.9208 0.0501 -0.3869
vn -0.8972 -0.2818 0.3401
vn -0.9080 -0.2821 0.3098
vn -0.8904 -0.2815 0.3577
vn -0.1830 0.2137 -0.9596
vn 0.0923 0.2950 -0.9510
vn 0.1590 0.3113 -0.9369
vn -0.9857 0.0040 -0.1687
vn -0.9838 0.0049 -0.1793
vn -0.9862 0.0037 -0.1655
vn 0.3183 -0.4467 0.8361
vn -0.3065 -0.3049 0.9017
vn -0.4197 -0.2603 0.8695
vn 0.9931 -0.1139 0.0289
vn 0.9909 -0.1092 0.0783
vn 0.9891 -0.1070 0.1006
vn 0.9321 0.0582 -0.3575
vn 0.9635 0.0508 -0.2628
vn 0.9696 0.0489 -0.2397
vn -0.9209 -0.1922 0.3390
vn -0.8650 -0.1718 0.4715
vn -0.9374 -0.1990 0.2859
vn 0.1245 0.4586 -0.8799
vn 0.1452 0.4621 -0.8749
vn 0.1511 0.4630 -0.8734
vn -0.9917 0.0318 -0.1248
vn -0.9986 0.0393 -0.0361
vn -0.9833 0.0270 -0.1800
vn -0.1957 0.1919 0.9617
vn 0.0643 0.1515 0.9864
vn 0.0909 0.1467 0.9850
vn 0.9783 0.1550 0.1377
vn 0.9774 0.1517 0.1473
vn 0.9787 0.1565 0.1333
vn 0.9577 0.0854 -0.2749
vn 0.9058 0.1294 -0.4035
vn 0.9697 0.0713 -0.2336
vn -0.8164 0.1795 0.5488
vn -0.7909 0.1646 0.5894
vn -0.7838 0.1605 0.6000
vn 0.1407 0.0585 -0.9883
vn 0.0265 0.0312 -0.9992
vn 0.0079 0.0267 -0.9996
vn -0.9941 0.0916 -0.0583
vn -0.9702 0.1448 -0.1945
vn -0.9509 0.1695 -0.2591
vn 0.1299 0.1200 0.9842
vn 0.1928 0.1503 0.9697
vn 0.0952 0.1032 0.9901
vn 0.9755 0.1158 0.1869
vn 0.9684 0.1000 0.2284
vn 0.9797 0.1280 0.1541
vn 0.9435 0.0388 -0.3291
vn 0.9525 0.0727 -0.2956
vn 0.9630 0.1326 -0.2345
vn -0.7295 0.1797 0.6600
vn -0.6840 0.1449 0.7149
vn -0.6279 0.1048 0.7712
vn -0.0279 0.2526 -0.9672
vn -0.0720 0.2322 -0.9700
vn -0.0917 0.2229 -0.9705
vn -0.9753 -0.0067 -0.2210
vn -0.9757 -0.0044 -0.2191
vn -0.9717 -0.0238 -0.2350
vn 0.9794 -0.0627 0.1919
vn 0.9634 -0.2001 0.1782
vn 0.6377 -0.1098 -0.7624
vn 0.8412 -0.0821 -0.5344
vn -0.8553 -0.0295 -0.5173
vn -0.9004 -0.1452 -0.4101
vn -0.9840 -0.0243 0.1763
vn -0.9754 -0.0023 0.2205
vn -0.0470 -0.1606 0.9859
vn -0.0802 -0.1719 0.9818
vn 0.9943 0.0723 0.0786
vn 0.9947 0.0865 0.0561
vn 0.9984 0.0544 0.0143
vn 0.0367 0.2343 -0.9715
vn 0.0427 0.1779 -0.9831
vn 0.0369 0.1762 -0.9837
vn -0.9491 0.0595 -0.3094
vn -0.9559 0.0608 0.2873
vn -0.9316 0.0948 0.3508
vn 0.1877 -0.0959 0.9775
vn 0.2202 -0.0790 0.9722
vn 0.6583 0.6211 -0.4254
vn 0.5575 0.7373 -0.3816
vn 0.7097 0.5453 -0.4460
vn 0.9776 -0.0079 -0.2105
vn 0.9710 -0.0837 -0.2239
vn 0.9787 0.0453 -0.2004
vn 0.6748 -0.6778 0.2918
vn 0.7089 -0.6336 0.3098
vn 0.5539 -0.8003 0.2294
vn 0.5168 0.4978 -0.6966
vn 0.5582 0.4700 -0.6838
vn 0.5104 0.5018 -0.6983
vn 0.9987 -0.0476 0.0185
vn 0.9965 0.0636 -0.0541
vn 0.9944 -0.0938 0.0487
vn 0.7002 -0.2354 0.6740
vn 0.7267 -0.1946 0.6588
vn 0.6707 -0.2770 0.6880
vn 0.7669 -0.3343 0.5478
vn 0.7663 -0.3356 0.5479
vn 0.7723 -0.3229 0.5471
vn 0.9969 0.0505 -0.0600
vn 0.9933 0.0892 -0.0729
vn 0.9992 -0.0163 -0.0375
vn 0.9467 0.2455 -0.2087
vn 0.9458 0.2484 -0.2094
vn 0.9475 0.2429 -0.2080
vn 0.6113 0.5970 -0.5195
vn 0.5983 0.6011 -0.5298
vn 0.5950 0.6022 -0.5324
vn 0.9943 0.0331 -0.1011
vn 0.9971 0.0144 -0.0749
vn 0.9964 -0.0711 0.0459
vn 0.9403 0.2733 -0.2028
vn 0.9312 0.2917 -0.2185
vn 0.9245 0.3044 -0.2293
vn 0.5712 0.7693 -0.2862
vn 0.4987 0.8058 -0.3193
vn 0.4818 0.8132 -0.3264
vn 0.7524 -0.6293 0.1946
vn 0.9838 0.0222 -0.1778
vn 0.9910 -0.0066 -0.1337
vn 0.9755 0.0467 -0.2149
vn 0.8989 0.3759 -0.2251
vn 0.8758 0.4020 -0.2671
vn 0.8097 0.4598 -0.3646
vn 0.4476 0.8942 -0.0116
vn 0.4524 0.8916 -0.0184
vn 0.4072 0.9122 0.0446
vn 0.7778 0.5590 0.2873
vn 0.7499 0.5561 0.3584
vn 0.8045 0.5582 0.2031
vn 0.9773 0.0273 -0.2099
vn 0.9905 -0.0167 -0.1362
vn 0.9678 0.0496 -0.2468
vn 0.7038 -0.5263 0.4772
vn 0.8465 -0.2784 0.4538
vn 0.8798 -0.1871 0.4371
vn 0.3872 -0.8190 -0.4236
vn 0.5636 -0.4419 -0.6979
vn 0.4750 -0.8654 -0.1596
vn 0.9697 -0.1489 0.1937
vn 0.9546 -0.1807 0.2368
vn 0.9528 -0.1785 0.2455
vn 0.9555 -0.1668 0.2434
vn 0.9697 -0.1150 0.2156
vn 0.9783 -0.0741 0.1933
vn 0.9873 0.0525 0.1501
vn 0.5060 -0.8100 -0.2964
vn 0.5017 -0.8037 -0.3199
vn 0.4748 -0.7634 -0.4379
vn 0.4945 -0.7226 -0.4830
vn 0.4793 -0.7224 -0.4984
vn 0.5068 -0.7226 -0.4701
vn 0.3545 -0.4491 0.8202
vn 0.2186 -0.5516 0.8050
vn 0.4262 -0.3858 0.8182
vn -0.0000 0.1888 0.9820
vn -0.0000 0.1165 0.9932
vn 0.6598 0.5129 0.5492
vn 0.6600 0.5076 0.5538
vn 0.6593 0.5221 0.5411
vn 0.6771 0.3103 0.6673
vn 0.6752 0.3488 0.6499
vn 0.6510 0.5182 0.5547
vn -0.0033 0.6839 0.7296
vn -0.1373 0.6254 0.7681
vn -0.0985 0.8532 -0.5121
vn 0.7966 0.2699 -0.5408
vn -0.4435 -0.0125 0.8962
vn 0.4229 -0.6578 0.6233
vn 0.9615 -0.2733 0.0272
vn 0.7840 -0.0173 0.6205
vn 0.8275 0.0148 0.5612
vn -0.0347 -0.3400 0.9398
vn 0.9662 0.0072 0.2576
vn 0.9142 0.0985 0.3930
vn 0.8201 0.2008 0.5358
vn 0.9523 -0.1343 0.2741
vn 0.9422 -0.1112 0.3159
vn 0.9337 -0.0946 0.3453
vn 0.8090 0.2449 0.5343
vn 0.8092 0.2678 0.5230
vn 0.8091 0.2814 0.5160
vn 0.3692 -0.9035 0.2177
vn 0.3116 -0.9328 0.1811
vn 0.4119 -0.8777 0.2449
vn -0.3692 -0.9035 0.2177
vn -0.3116 -0.9328 0.1811
vn -0.2759 -0.9481 0.1584
vn -0.5921 0.3224 -0.7386
vn -0.5943 0.3207 -0.7375
vn -0.5950 0.3202 -0.7372
vn -0.9868 0.0180 -0.1610
vn -0.9838 0.0385 -0.1751
vn -0.9826 0.0457 -0.1800
vn -0.7838 -0.3941 0.4800
vn -0.7806 -0.3977 0.4821
vn -0.7797 -0.3988 0.4827
vn 0.5921 0.3224 -0.7386
vn 0.5943 0.3207 -0.7375
vn 0.5913 0.3230 -0.7389
vn 0.9868 0.0180 -0.1610
vn 0.9838 0.0385 -0.1751
vn 0.9878 0.0099 -0.1554
vn 0.7838 -0.3941 0.4800
vn 0.7806 -0.3977 0.4821
vn 0.7847 -0.3930 0.4794
vn -0.6917 0.5452 -0.4736
vn -0.9359 -0.1259 -0.3291
vn -0.9595 -0.2101 -0.1875
vn -0.8718 -0.0184 -0.4895
vn -0.8212 -0.5506 -0.1497
vn 0.6985 0.5727 -0.4292
vn 0.9690 -0.0712 -0.2366
vn 0.9824 -0.1285 -0.1356
vn 0.9837 -0.1697 -0.0600
vn 0.8429 -0.5378 -0.0154
vn 0.4635 0.3970 -0.7922
vn -0.9086 0.1528 -0.3886
vn -0.6739 -0.6212 0.4000
vn -0.5894 -0.5134 0.6238
vn 0.5557 0.0318 0.8308
vn -0.0915 -0.7362 0.6705
vn 0.6815 -0.4937 0.5402
vn 0.8298 0.2174 0.5141
vn 0.3549 -0.7407 0.5705
vn 0.9547 -0.2475 0.1653
vn 0.7745 -0.4637 -0.4302
vn -0.7799 0.5972 -0.1874
vn 0.8116 -0.4538 0.3679
vn 0.7935 -0.5587 0.2411
vn 0.9026 -0.1306 -0.4102
vn -0.9883 -0.0798 -0.1297
vn -0.9900 -0.0274 -0.1382
vn -0.8934 0.3513 -0.2802
vn 0.8771 -0.4674 -0.1110
vn -0.9487 0.2773 -0.1517
vn 0.8214 -0.4999 0.2745
vn 0.7608 -0.4909 0.4244
vn 0.0726 -0.9782 0.1946
vn 0.4280 0.6508 -0.6271
vn -0.0609 -0.7151 0.6964
vn 0.7997 -0.3542 0.4848
vn -0.8651 -0.3849 0.3218
vn -0.9788 0.0454 0.1997
vn 0.9040 -0.3374 0.2625
vn 0.9031 -0.3382 0.2648
vn 0.9043 -0.3372 0.2619
vn 0.9027 -0.3385 0.2657
vn 0.9019 -0.3527 0.2492
vn 0.0538 -0.6931 0.7188
vn 0.8755 -0.3980 0.2739
vn -0.6380 -0.7097 0.2990
vn 0.9579 0.2740 0.0854
vn -0.3440 -0.8010 0.4900
vn -0.7900 -0.5819 0.1933
vn 0.0413 -0.8793 0.4745
vn -0.6206 -0.7149 0.3222
vn -0.9532 -0.2952 0.0653
vn 0.7477 -0.1484 0.6472
vn -0.4039 -0.7029 0.5856
vn -0.7169 -0.4510 0.5317
vn -0.6838 -0.7286 0.0406
vn -0.6270 -0.7459 0.2247
vn 0.3537 -0.7790 0.5177
vn 0.9218 0.3641 -0.1330
vn 0.9634 0.1915 -0.1874
vn 0.1543 -0.9761 0.1529
vn -0.6341 0.7561 0.1618
vn 0.8911 0.0751 0.4475
vn 0.4614 -0.4150 0.7841
vn -0.2145 -0.5380 0.8152
vn 0.3354 0.9421 0.0042
vn -0.2604 -0.6766 0.6887
vn 0.4469 -0.8762 -0.1807
vn 0.3467 -0.3612 0.8656
vn -0.5545 0.7769 0.2983
vn 0.9685 0.2490 0.0099
vn -0.9234 -0.1572 -0.3501
vn 0.8837 0.2527 0.3940
vn 0.4122 -0.3439 -0.8437
vn 0.8751 -0.3933 0.2820
vn 0.7266 -0.2614 0.6354
vn -0.7077 0.6200 -0.3388
vn -0.7296 0.4458 -0.5185
vn 0.6746 0.7360 0.0569
vn 0.4348 0.5814 0.6877
vn 0.8110 0.3424 -0.4744
vn 0.8961 -0.0950 0.4336
vn 0.8567 -0.0060 -0.5157
vn 0.6879 0.2516 0.6808
vn 0.8162 0.5562 -0.1567
vn 0.3859 0.8090 -0.4434
vn 0.6443 0.6811 0.3479
vn 0.2194 0.6404 -0.7360
vn -0.8867 0.1845 0.4238
vn 0.1727 -0.8993 -0.4017
vn -0.9581 -0.1837 0.2200
vn 0.3347 -0.8212 -0.4622
vn -0.1149 0.9915 0.0614
vn -0.7356 0.5746 -0.3588
vn -0.6151 -0.7209 -0.3193
vn 0.4523 -0.1394 -0.8809
vn -0.2085 0.5330 0.8200
vn -0.9347 -0.0460 0.3523
vn -0.8361 -0.4079 0.3667
vn -0.5446 -0.6844 0.4848
vn 0.7301 0.6689 -0.1398
vn 0.7260 0.6623 0.1854
vn -0.4409 -0.2988 0.8464
vn 0.0376 -0.9086 -0.4160
vn 0.8958 0.0298 -0.4434
vn 0.7155 0.1109 -0.6897
vn 0.4907 0.7875 -0.3730
vn -0.4216 0.8294 -0.3665
vn -0.9055 -0.3514 0.2379
vn 0.7222 -0.6603 0.2058
vn 0.8044 -0.4291 -0.4109
vn 0.8081 0.1997 0.5542
vn 0.8267 0.2832 -0.4861
vn -0.8517 -0.4916 -0.1816
vn -0.1046 -0.8904 0.4430
vn 0.1602 -0.9333 0.3214
vn 0.5143 -0.8189 -0.2548
vn 0.4267 -0.4352 -0.7928
vn -0.7530 -0.5378 0.3792
vn -0.4935 -0.3350 0.8026
vn -0.9379 0.2959 -0.1811
vn -0.9819 -0.1557 -0.1076
vn 0.8064 0.2789 0.5214
vn -0.5657 -0.2847 0.7739
vn -0.8808 -0.4294 -0.1993
vn -0.8720 -0.4394 0.2157
vn 0.8728 0.4836 -0.0655
vn 0.8107 0.5503 -0.1996
vn -0.6158 -0.7756 -0.1386
vn -0.5110 -0.8014 0.3108
vn -0.4250 0.4589 -0.7802
vn -0.8396 0.4407 -0.3175
vn -0.6777 -0.1974 0.7084
vn 0.9037 -0.0949 0.4174
vn -0.8436 -0.4923 0.2144
vn 0.2520 -0.3345 -0.9081
vn -0.9579 0.2791 0.0674
vn -0.4631 0.8860 -0.0232
vn 0.3289 -0.5230 0.7863
vn 0.6154 0.1005 -0.7818
vn 0.6173 -0.1298 -0.7760
vn 0.7706 -0.4898 -0.4077
vn 0.5844 0.8100 -0.0497
vn 0.6431 0.7252 -0.2461
vn 0.8528 -0.1441 0.5019
vn 0.8304 0.1354 -0.5405
vn -0.9755 -0.0384 0.2165
vn 0.8432 -0.4544 0.2872
vn 0.7954 0.5046 -0.3357
vn 0.2027 0.3965 -0.8954
vn -0.5560 -0.7748 -0.3010
vn 0.9451 -0.1730 0.2773
vn -0.8204 -0.3393 0.4604
vn 0.9716 -0.1197 0.2043
vn 0.9725 -0.1242 0.1970
vn 0.9722 -0.1229 0.1991
vn -0.9647 0.1369 -0.2250
vn -0.8767 0.2397 -0.4171
vn -0.2392 0.9709 -0.0109
vn 0.7439 0.6578 -0.1185
vn -0.8552 -0.5065 0.1104
vn -0.7684 -0.5990 0.2252
vn 0.8981 0.4368 -0.0518
vn 0.7409 -0.0203 0.6713
vn 0.9739 -0.1875 -0.1276
vn 0.9149 -0.1605 0.3704
vn 0.3159 -0.4833 0.8165
vn -0.7108 -0.6373 -0.2976
vn -0.9961 -0.0879 -0.0071
vn -0.9268 0.1601 -0.3396
vn -0.9899 -0.1319 -0.0524
vn -0.9199 -0.2755 0.2789
vn 0.9284 0.3514 -0.1206
vn 0.8055 0.5857 -0.0900
vn 0.2160 -0.4048 0.8885
vn -0.0038 -0.4970 -0.8678
vn -0.9002 -0.1645 -0.4031
vn -0.1604 0.5941 -0.7882
vn 0.8549 0.2281 -0.4659
vn 0.6032 -0.1415 -0.7850
vn -0.9928 0.1201 0.0013
vn -0.9948 0.1015 0.0039
vn -0.8995 -0.3803 0.2152
vn -0.8255 -0.4838 0.2906
vn -0.4746 0.6289 -0.6159
vn -0.4884 0.6213 -0.6128
vn 0.9759 0.1486 -0.1597
vn 0.3572 0.0485 -0.9328
vn 0.5325 0.7180 -0.4481
vn -0.3651 0.5867 -0.7228
vn -0.8828 -0.4343 -0.1792
vn -0.6412 -0.7304 0.2353
vn -0.2630 -0.5376 0.8011
vn -0.1409 -0.2877 0.9473
vn -0.9236 -0.0243 0.3827
vn -0.9289 0.2398 0.2822
vn 0.3592 -0.7079 0.6082
vn 0.0021 -0.9218 0.3876
vn 0.9619 0.1281 0.2416
vn 0.5368 0.4289 -0.7266
vn 0.0127 -0.2696 -0.9629
vn -0.4632 -0.8412 0.2790
vn -0.1247 0.9594 0.2531
vn 0.5325 0.8082 0.2514
vn 0.9595 0.2469 -0.1359
vn -0.7685 -0.3925 -0.5054
vn 0.6537 -0.3978 0.6438
vn -0.8581 -0.4533 0.2413
vn 0.9348 0.2445 -0.2575
vn 0.9712 -0.1183 0.2066
vn -0.1713 -0.9430 -0.2853
vn 0.6120 -0.3126 -0.7265
vn -0.7087 0.7029 0.0612
vn -0.2350 0.9292 0.2854
vn -0.4439 -0.8709 0.2109
vn -0.3255 -0.9285 0.1788
vn 0.1133 -0.5788 0.8076
vn 0.0824 -0.5922 0.8016
vn 0.1555 -0.5592 0.8143
vn -0.2077 -0.6258 -0.7518
vn -0.3003 -0.2885 -0.9092
vn -0.3133 -0.2177 -0.9244
vn -0.1537 0.5887 -0.7936
vn -0.1488 0.5922 -0.7919
vn -0.1033 0.6234 -0.7751
vn 0.0294 0.1694 0.9851
vn -0.0000 0.2035 0.9791
vn 0.0432 0.1533 0.9872
vn -0.0741 -0.2165 0.9735
vn -0.0303 -0.4632 0.8858
vn -0.0137 -0.5454 0.8381
vn -0.6135 0.7887 0.0399
vn -0.6145 0.6617 0.4296
vn -0.6083 0.7937 0.0041
vn 0.6075 -0.7918 -0.0626
vn 0.4832 -0.6374 -0.6002
vn 0.4538 -0.5999 -0.6589
vn 0.1145 0.2005 -0.9730
vn 0.0310 0.4444 -0.8953
vn 0.1405 0.1157 -0.9833
vn -0.1228 -0.6230 0.7726
vn -0.1598 -0.7713 0.6161
vn -0.1746 -0.8283 0.5324
vn -0.2378 0.2554 0.9371
vn -0.1550 0.5490 0.8214
vn -0.1485 0.5674 0.8099
vn 0.0971 0.6207 -0.7781
vn 0.1389 0.7760 -0.6152
vn 0.0826 0.5642 -0.8215
vn 0.2685 -0.2503 -0.9302
vn 0.2396 -0.5929 -0.7688
vn 0.2692 -0.2208 -0.9374
vn 0.0270 -0.6490 0.7603
vn 0.1387 -0.7638 0.6304
vn -0.0529 -0.5510 0.8328
vn 0.0158 0.7991 0.6010
vn -0.0525 0.6301 0.7748
vn -0.0647 0.5947 0.8013
vn -0.0380 0.6143 -0.7882
vn -0.1736 0.7570 -0.6299
vn -0.2608 0.8276 -0.4971
vn 0.1532 -0.7364 -0.6590
vn 0.1528 -0.6189 -0.7704
vn 0.1527 -0.7596 -0.6322
vn 0.9696 0.2056 0.1327
vn 0.9584 0.0847 0.2724
vn 0.9993 -0.0327 -0.0202
vn 0.9974 0.0576 -0.0438
vn 0.9982 -0.0425 -0.0413
vn 0.9810 -0.0435 -0.1889
vn 0.9792 -0.0269 0.2012
vn 0.9771 -0.0609 0.2040
vn -0.9860 -0.0519 -0.1586
vn -0.9826 -0.0439 -0.1802
vn -0.9813 -0.0464 0.1866
vn -0.9836 -0.0267 0.1785
vn -0.9881 -0.0002 0.1537
vn -0.9992 -0.0337 -0.0192
vn -0.9973 0.0589 -0.0448
vn -0.9706 0.2276 0.0777
vn -0.9850 0.0690 0.1581
vn -0.9282 0.3565 -0.1062
vn -0.9260 0.3609 -0.1107
vn -0.9416 0.2412 -0.2351
vn -0.9368 0.2493 -0.2453
vn -0.9363 0.2975 -0.1868
vn -0.9683 0.2149 -0.1270
vn 0.9363 0.2975 -0.1868
vn 0.9683 0.2149 -0.1270
vn 0.9368 0.2493 -0.2453
vn 0.9417 0.2398 -0.2359
vn 0.9282 0.3564 -0.1065
vn 0.9260 0.3609 -0.1107
vn 0.9283 0.3563 -0.1066
vn -0.8556 0.1371 0.4991
vn 0.6472 0.2698 0.7130
vn -0.3024 0.6481 0.6990
vn 0.3024 0.6481 0.6990
vn -0.5499 -0.7461 0.3755
vn -0.5498 -0.7461 0.3755
vn -0.7818 -0.2119 0.5864
vn 0.6475 -0.5473 -0.5303
vn 0.6057 -0.6169 -0.5025
vn 0.6057 -0.6169 -0.5026
vn 0.6056 -0.6169 -0.5026
vn -0.7701 0.2075 0.6033
vn -0.7700 0.2075 0.6033
vn -0.6100 0.0573 -0.7903
vn 0.6731 0.0482 0.7380
vn 0.6732 0.0483 0.7379
vn 0.5886 0.0162 0.8083
vn 0.5499 0.7461 -0.3755
vn 0.7888 0.1532 -0.5953
vn -0.6518 0.5393 0.5332
vn -0.6020 0.6225 0.5001
vn 0.7752 -0.1803 -0.6055
vn -0.6732 -0.0483 -0.7379
vn -0.6733 -0.0484 -0.7378
vn -0.4623 -0.0083 -0.8867
vn 0.6153 -0.0493 0.7867
vn 0.6662 0.0568 0.7436
vn 0.5078 -0.0126 0.8614
vn -0.5249 -0.0098 -0.8511
vn -0.7379 0.0532 -0.6728
vn 0.5498 0.7461 -0.3755
vn 0.1233 0.9918 -0.0332
vn 0.4860 -0.7664 -0.4201
vn 0.5365 -0.7105 -0.4553
vn 0.5365 -0.7106 -0.4553
vn 0.1233 0.9918 -0.0333
vn 0.4860 -0.7664 -0.4200
vn 0.4861 -0.7664 -0.4200
vn -0.2256 0.9463 0.2315
vn -0.6145 0.0512 -0.7873
vn 0.5143 -0.1640 0.8418
vn 0.5424 -0.0286 0.8396
vn -0.0738 -0.9973 -0.0050
vn -0.4800 0.7724 0.4158
vn -0.5411 0.7050 0.4585
vn 0.2043 -0.9549 -0.2157
vn -0.5193 0.1417 -0.8428
vn -0.5631 -0.0620 -0.8241
vn 0.6145 -0.0512 0.7873
vn 0.5193 -0.1417 0.8428
vn 0.5631 0.0620 0.8241
vn -0.5424 0.0286 -0.8396
vn -0.5143 0.1640 -0.8418
vn -0.6568 -0.0162 -0.7539
vn 0.6614 0.7233 -0.1983
vn 0.7690 -0.2126 -0.6028
vn -0.6414 0.5581 0.5263
vn 0.5671 0.7254 -0.3900
vn 0.5399 0.7574 -0.3672
vn -0.6394 0.0866 -0.7640
vn -0.5999 -0.6803 0.4211
vn -0.6746 -0.0461 -0.7367
vn 0.6873 0.7088 -0.1587
vn 0.7892 0.1480 -0.5960
vn -0.6461 0.5498 0.5294
vn 0.5862 0.7011 -0.4061
vn 0.5366 0.7611 -0.3644
vn -0.6693 -0.0517 -0.7412
vn -0.7014 -0.0769 -0.7086
vn 0.4641 0.7346 -0.4950
vn -0.6567 -0.0547 -0.7521
vn -0.5157 0.7347 0.4408
vn 0.7814 0.2148 -0.5859
vn -0.6282 0.0511 -0.7764
vn -0.6224 0.0402 -0.7816
vn 0.5603 0.7337 -0.3843
vn 0.5413 0.7559 -0.3683
vn 0.5490 0.7470 -0.3748
vn -0.5295 0.1837 -0.8282
vn 0.2295 -0.9447 -0.2344
vn -0.4942 0.7580 0.4258
vn -0.6393 0.0867 -0.7641
vn 0.5221 0.7752 -0.3556
vn 0.5491 0.7470 -0.3749
vn -0.5752 0.1258 -0.8083
vn -0.3754 -0.7332 0.5670
vn -0.0730 -0.9973 -0.0057
vn -0.4838 0.7686 0.4185
vn -0.5950 0.0510 -0.8021
vn -0.5972 0.0578 -0.8000
vn 0.5321 0.7661 -0.3606
vn 0.5631 0.7304 -0.3866
vn -0.5269 -0.7716 0.3564
vn -0.3398 0.3157 -0.8859
vn -0.3420 0.3162 -0.8849
vn -0.3452 0.3189 -0.8827
vn 0.5511 0.7446 -0.3766
vn -0.6261 0.5844 0.5162
vn -0.0703 -0.9975 -0.0078
vn 0.5316 0.7666 -0.3602
vn 0.5628 0.7307 -0.3864
vn -0.4464 0.2588 -0.8566
vn -0.4419 0.2536 -0.8605
vn -0.5591 -0.7352 0.3833
vn -0.5596 -0.7350 0.3830
vn -0.5554 -0.7405 0.3783
vn -0.5547 -0.7405 0.3795
vn -0.7312 -0.4239 0.5345
vn 0.4230 0.8647 -0.2708
vn -0.4147 -0.8707 0.2642
vn -0.4147 -0.8707 0.2643
vn 0.7916 0.1169 -0.5997
vn 0.7732 0.2640 -0.5766
vn 0.7733 0.2640 -0.5765
vn 0.8055 0.3962 0.4407
vn -0.6188 -0.6585 0.4283
vn 0.7882 0.6000 -0.1369
vn 0.5997 -0.6257 -0.4989
vn 0.5996 -0.6257 -0.4990
vn -0.5992 0.6264 0.4986
vn -0.6003 0.6242 0.5001
vn -0.5496 -0.7448 0.3785
vn -0.5496 -0.7448 0.3784
vn -0.5496 -0.7448 0.3786
vn -0.4756 0.2227 -0.8510
vn 0.3977 0.8818 -0.2534
vn 0.3977 0.8818 -0.2535
vn -0.5387 0.1036 -0.8361
vn -0.6433 -0.0381 -0.7647
vn -0.4863 0.7662 0.4201
vn -0.4863 0.7662 0.4200
vn 0.5996 -0.6257 -0.4989
vn 0.5886 -0.6420 -0.4914
vn 0.5886 -0.6420 -0.4913
vn -0.6769 -0.0102 -0.7360
vn -0.5922 0.0318 -0.8052
vn -0.6528 -0.0212 -0.7573
vn -0.5990 0.6261 0.4992
vn -0.6003 0.6248 0.4993
vn 0.5637 -0.6763 -0.4743
vn 0.5637 -0.6763 -0.4742
vn -0.5581 0.1102 -0.8224
vn -0.6441 0.0753 -0.7612
vn -0.6191 0.0142 -0.7852
vn -0.6677 -0.0945 -0.7384
vn -0.6956 -0.0299 -0.7178
vn -0.5507 0.1805 -0.8149
vn -0.6229 0.0895 -0.7772
vn -0.5773 0.0613 -0.8143
vn -0.4713 0.1543 -0.8684
vn 0.0312 0.9989 0.0356
vn 0.7818 0.2032 -0.5895
vn 0.7817 0.2032 -0.5896
vn 0.7818 0.2032 -0.5896
vn 0.5923 -0.1960 0.7815
vn -0.6024 0.6233 0.4985
vn 0.5573 0.1705 0.8126
vn -0.7910 -0.1062 0.6025
vn -0.0539 -0.9984 -0.0182
vn 0.7439 -0.0117 0.6682
vn -0.6439 0.2229 -0.7319
vn -0.4681 0.0177 -0.8835
vn -0.5386 -0.0823 -0.8385
vn -0.6875 0.0908 -0.7205
vn -0.6516 0.1455 -0.7445
vn -0.6429 0.1449 -0.7521
vn -0.6481 0.1454 -0.7475
vn -0.7245 0.0958 -0.6826
vn -0.5549 -0.1100 -0.8246
vn -0.5008 -0.0219 -0.8653
vn -0.5669 0.1307 -0.8134
vn -0.5985 -0.0832 -0.7968
vn -0.7276 -0.1336 -0.6729
vn -0.7155 0.0782 -0.6942
vn -0.6244 0.1982 -0.7556
vn -0.6586 -0.0135 -0.7524
vn -0.5007 0.0572 -0.8638
vn -0.3010 0.4224 -0.8550
vn 0.4995 -0.1428 0.8545
vn 0.5028 -0.1344 0.8539
vn 0.5019 -0.1375 0.8539
vn 0.6486 0.1056 0.7537
vn 0.6413 0.0996 0.7608
vn 0.6460 0.1038 0.7563
vn -0.0539 -0.9984 -0.0181
vn 0.7604 0.3180 -0.5663
vn -0.0004 0.9982 0.0599
vn -0.7896 -0.1279 0.6001
vn -0.1042 -0.9943 0.0208
vn -0.1042 -0.9943 0.0209
vn 0.0313 0.9989 0.0356
vn -0.5644 0.1324 -0.8148
vn -0.5723 -0.1030 -0.8136
vn -0.6242 0.0066 -0.7813
vn -0.7147 0.0722 -0.6957
vn -0.6207 0.1973 -0.7588
vn -0.6597 -0.0172 -0.7513
vn -0.4739 0.0267 -0.8802
vn -0.5755 0.0678 -0.8150
vn 0.5821 -0.6513 -0.4868
vn 0.5820 -0.6513 -0.4869
vn -0.5476 0.6969 0.4631
vn -0.6003 0.6246 0.4995
vn 0.5763 -0.6593 -0.4829
vn -0.6634 0.1082 -0.7404
vn -0.5164 -0.0543 -0.8546
vn -0.6153 0.0493 -0.7867
vn 0.7379 -0.0532 0.6728
vn 0.5249 0.0098 0.8511
vn -0.6662 -0.0568 -0.7436
vn -0.5078 0.0126 -0.8614
vn 0.6100 -0.0573 0.7903
vn 0.6733 0.0484 0.7378
vn 0.4623 0.0083 0.8867
vn -0.5886 -0.0162 -0.8083
vn -0.6731 -0.0482 -0.7380
vn -0.6085 0.0585 -0.7914
vn 0.6120 -0.2564 0.7482
vn 0.5417 0.0323 0.8399
vn -0.5266 0.1498 -0.8368
vn -0.5385 -0.1114 -0.8353
vn 0.6085 -0.0585 0.7914
vn 0.5266 -0.1498 0.8368
vn 0.5385 0.1114 0.8353
vn -0.5417 -0.0323 -0.8399
vn -0.6120 0.2564 -0.7482
vn -0.7020 -0.0504 -0.7104
vn 0.5556 0.7393 -0.3803
vn -0.6782 -0.0653 -0.7320
vn -0.7133 -0.0764 -0.6967
vn 0.5606 0.7334 -0.3845
vn 0.6612 0.7351 -0.1497
vn -0.6656 -0.1174 -0.7371
vn -0.6710 -0.0519 -0.7396
vn 0.5761 0.7141 -0.3976
vn -0.6426 0.0142 -0.7661
vn -0.5486 -0.7476 0.3744
vn -0.6303 0.0494 -0.7748
vn -0.6630 -0.0487 -0.7470
vn 0.4561 0.7492 -0.4804
vn 0.4651 0.7411 -0.4842
vn -0.5167 0.1538 -0.8422
vn 0.5512 0.7445 -0.3766
vn 0.4521 0.7522 -0.4794
vn 0.4693 0.7367 -0.4869
vn 0.4645 0.7409 -0.4851
vn 0.4640 0.7411 -0.4852
vn -0.6012 0.0609 -0.7968
vn -0.5389 -0.7585 0.3664
vn -0.5112 -0.7879 0.3433
vn -0.5337 0.0615 -0.8434
vn -0.5757 0.1092 -0.8104
vn 0.4695 0.7364 -0.4872
vn -0.6248 -0.7379 0.2552
vn -0.6266 -0.7369 0.2536
vn -0.6267 -0.7370 0.2530
vn -0.3937 0.3013 -0.8685
vn 0.6232 0.7420 -0.2471
vn -0.4176 0.3034 -0.8565
vn -0.3433 0.3180 -0.8837
vn -0.6300 -0.7323 0.2585
vn 0.4908 -0.1335 0.8610
vn 0.6856 0.7258 -0.0563
vn 0.1985 -0.4147 0.8881
vn -0.5523 0.1234 -0.8245
vn -0.5332 0.1729 -0.8281
vn -0.4579 0.2497 -0.8532
vn -0.5690 0.0908 -0.8173
vn -0.5422 0.0621 -0.8379
vn -0.5602 0.0961 -0.8228
vn -0.7519 -0.1631 -0.6388
vn -0.6409 -0.0141 -0.7675
vn -0.6370 -0.0016 -0.7708
vn -0.6125 -0.0347 -0.7897
vn -0.6897 -0.0520 -0.7223
vn -0.7369 -0.1415 -0.6610
vn -0.5985 0.0363 -0.8003
vn -0.6539 -0.0050 -0.7566
vn -0.5632 0.1098 -0.8190
vn 0.5975 -0.2560 0.7599
vn 0.4399 -0.0446 0.8969
vn 0.3899 -0.0348 0.9202
vn 0.5516 0.1848 0.8134
vn 0.5821 -0.6514 -0.4867
vn 0.7083 -0.0061 0.7059
vn -0.5429 -0.0663 -0.8371
vn -0.6889 0.1005 -0.7179
vn -0.6464 0.1451 -0.7491
vn -0.4893 -0.0233 -0.8718
vn -0.5744 0.1190 -0.8099
vn -0.5777 -0.1112 -0.8086
vn -0.7219 -0.1219 -0.6812
vn -0.7261 0.0862 -0.6822
vn -0.6270 0.2090 -0.7504
vn -0.6504 -0.0032 -0.7596
vn -0.4632 0.0348 -0.8856
vn -0.4834 0.2352 -0.8432
vn 0.5004 -0.1397 0.8544
vn 0.6441 0.1014 0.7582
vn -0.5698 0.1219 -0.8127
vn -0.5623 -0.1178 -0.8185
vn -0.6205 0.0169 -0.7840
vn -0.7289 0.0808 -0.6799
vn -0.6230 0.2133 -0.7525
vn -0.6553 -0.0131 -0.7553
vn -0.4643 0.0224 -0.8854
vn -0.5796 0.0654 -0.8123
vn -0.6682 0.1131 -0.7353
vn -0.5253 -0.0461 -0.8497
vn 0.0973 0.0629 -0.9933
vn -0.2585 -0.0294 -0.9656
vn 0.3415 0.3348 -0.8782
vn 0.3230 0.9405 -0.1058
vn 0.9205 0.2714 -0.2810
vn 0.9191 0.1854 0.3476
vn 0.8626 0.1356 0.4874
vn 0.3414 0.3361 -0.8778
vn 0.2694 0.8676 0.4179
vn 0.2694 0.8676 0.4180
vn 0.2700 0.8677 0.4174
vn 0.3629 0.0338 -0.9312
vn -0.0666 -0.6829 -0.7274
vn -0.3496 -0.8193 -0.4545
vn -0.2331 -0.9695 -0.0754
vn 0.2379 -0.9539 -0.1829
vn 0.9344 0.2075 -0.2895
vn 0.4064 -0.3221 0.8550
vn 0.0202 0.6326 0.7742
vn 0.3847 0.9227 -0.0255
vn 0.4573 -0.5765 0.6772
vn 0.9561 0.2070 0.2076
vn 0.9561 0.2070 0.2077
vn -0.0687 -0.0553 -0.9961
vn -0.3923 0.3640 -0.8448
vn 0.6099 -0.3281 0.7214
vn 0.2427 0.2411 0.9397
vn 0.3917 0.6692 0.6315
vn 0.9814 -0.1257 0.1448
vn 0.4485 -0.1381 0.8830
vn 0.8230 0.4231 0.3789
vn 0.2819 0.6646 -0.6920
vn 0.2825 0.6638 -0.6925
vn 0.2819 0.6653 -0.6913
vn -0.2104 -0.9731 -0.0939
vn -0.2173 0.0981 -0.9712
vn 0.9444 0.0373 -0.3267
vn 0.9444 0.0373 -0.3266
vn 0.9721 0.0268 -0.2331
vn 0.9716 0.0282 -0.2348
vn 0.9720 0.0267 -0.2333
vn 0.9663 -0.0996 -0.2373
vn 0.2451 -0.6606 0.7096
vn 0.0490 0.1136 0.9923
vn 0.0499 0.1137 0.9923
vn 0.0506 0.1131 0.9923
vn 0.3477 -0.1072 0.9315
vn 0.3475 -0.1083 0.9314
vn 0.3479 -0.1080 0.9313
vn -0.0434 0.9906 0.1296
vn -0.0434 0.9906 0.1297
vn 0.0196 -0.9924 -0.1215
vn 0.0196 -0.9924 -0.1214
vn -0.7439 0.5822 0.3280
vn -0.7440 0.5822 0.3279
vn 0.2201 0.4837 0.8471
vn 0.5862 -0.1075 0.8030
vn 0.9657 -0.1280 -0.2261
vn 0.9671 -0.1292 -0.2191
vn 0.9673 -0.1293 -0.2183
vn 0.2847 -0.3364 0.8977
vn 0.1837 -0.9315 -0.3138
vn 0.0003 -0.0976 0.9952
vn 0.1826 -0.8685 0.4609
vn 0.2942 -0.0968 0.9508
vn 0.2613 0.1915 0.9461
vn 0.9855 -0.1682 -0.0211
vn 0.8838 0.4679 -0.0079
vn 0.8223 0.4642 -0.3292
vn -0.6750 0.1159 -0.7287
vn 0.2411 0.4722 -0.8479
vn 0.9437 0.1216 -0.3075
vn 0.8845 -0.0970 0.4564
vn 0.9971 -0.0454 0.0612
vn 0.2714 0.1831 0.9449
vn -0.8288 -0.4207 -0.3690
vn 0.8417 0.4924 -0.2214
vn -0.7875 0.5931 -0.1677
vn 0.7825 -0.4926 -0.3809
vn 0.3481 -0.1067 0.9314
vn 0.3483 -0.1057 0.9314
vn 0.0507 0.1129 0.9923
vn 0.0509 0.1131 0.9923
vn 0.9719 0.0270 -0.2338
vn 0.9713 0.0282 -0.2361
vn 0.5328 -0.2602 0.8052
vn 0.9366 0.0257 0.3493
vn 0.9292 0.1814 -0.3219
vn 0.3454 0.2114 -0.9143
vn 0.8654 0.3439 0.3643
vn -0.8732 -0.4228 0.2424
vn -0.3312 -0.4136 0.8481
vn 0.3399 0.3775 -0.8614
vn -0.7247 0.1566 -0.6710
vn 0.3536 0.0704 -0.9328
vn 0.3501 0.0692 -0.9342
vn 0.3494 0.0758 -0.9339
vn 0.9219 -0.0435 -0.3851
vn 0.9159 -0.1354 0.3778
vn 0.9886 -0.0484 0.1426
vn 0.9033 -0.3304 0.2737
vn 0.8664 -0.3146 -0.3877
vn 0.3202 -0.1734 -0.9313
vn 0.3205 -0.1708 -0.9317
vn 0.3208 -0.1685 -0.9320
vn 0.5332 -0.8457 0.0211
vn -0.0530 -0.9986 -0.0032
vn 0.5479 -0.0727 0.8334
vn 0.7299 0.6645 -0.1605
vn -0.3354 0.4608 -0.8217
vn 0.5063 0.8541 0.1190
vn 0.5050 0.8558 0.1122
vn 0.5043 0.8565 0.1094
vn -0.0000 -0.9848 -0.1737
vn 0.1290 0.1672 -0.9774
vn -0.2149 0.9561 0.1993
vn -0.1119 -0.9798 0.1660
vn 0.3233 -0.1466 -0.9349
vn 0.3555 0.0786 -0.9314
vn 0.3560 0.0789 -0.9312
vn 0.2654 0.3875 -0.8828
vn 0.2781 0.6775 -0.6810
vn -0.1911 -0.4618 -0.8662
vn 0.4621 -0.4631 0.7563
vn -0.0248 0.9426 -0.3331
vn 0.0149 0.6434 0.7654
vn 0.3275 -0.3143 0.8911
vn 0.1993 -0.9623 -0.1851
vn -0.0623 -0.7221 -0.6889
vn 0.3080 -0.1034 -0.9458
vn 0.1062 0.9803 0.1665
vn 0.1071 0.9795 0.1704
vn 0.1057 0.9808 0.1641
vn 0.2836 0.9482 0.1435
vn 0.1783 0.1885 -0.9657
vn 0.1808 0.9698 0.1636
vn 0.1804 0.9691 0.1681
vn 0.1801 0.9687 0.1708
vn -0.1636 -0.0626 0.9845
vn 0.1943 0.2681 -0.9436
vn 0.0239 0.9866 0.1611
vn -0.1372 -0.0963 0.9858
vn -0.5259 0.8291 0.1896
vn 0.5241 -0.1899 0.8302
vn 0.2880 -0.0729 0.9549
vn -0.0973 0.0629 -0.9933
vn 0.2585 -0.0294 -0.9656
vn -0.3415 0.3348 -0.8782
vn -0.2823 0.9475 -0.1502
vn -0.9205 0.2714 -0.2810
vn -0.9171 0.2516 0.3091
vn -0.9169 0.0439 0.3966
vn -0.2908 0.3985 -0.8698
vn -0.2694 0.8676 0.4179
vn -0.2694 0.8676 0.4180
vn -0.2689 0.8675 0.4184
vn -0.3629 0.0338 -0.9312
vn 0.0666 -0.6829 -0.7274
vn 0.3496 -0.8193 -0.4545
vn 0.2331 -0.9695 -0.0754
vn -0.2379 -0.9539 -0.1829
vn -0.9344 0.2075 -0.2895
vn -0.4064 -0.3221 0.8550
vn -0.0911 0.5989 0.7956
vn -0.3847 0.9227 -0.0255
vn -0.1670 0.8914 0.4214
vn -0.4787 -0.6040 0.6372
vn -0.9561 0.2070 0.2076
vn -0.9561 0.2070 0.2077
vn 0.1548 -0.0672 -0.9857
vn 0.3923 0.3640 -0.8448
vn -0.7028 -0.1345 0.6986
vn -0.2427 0.2411 0.9397
vn -0.3630 0.8993 0.2439
vn -0.9814 -0.1257 0.1448
vn -0.4485 -0.1381 0.8830
vn -0.6491 0.6627 0.3734
vn -0.2825 0.6638 -0.6925
vn -0.2819 0.6646 -0.6920
vn -0.2819 0.6653 -0.6913
vn 0.2104 -0.9731 -0.0939
vn 0.2173 0.0981 -0.9712
vn -0.9444 0.0373 -0.3267
vn -0.9444 0.0373 -0.3266
vn -0.9716 0.0282 -0.2348
vn -0.9721 0.0268 -0.2331
vn -0.9720 0.0267 -0.2333
vn -0.9663 -0.0996 -0.2373
vn -0.2451 -0.6606 0.7096
vn -0.0490 0.1136 0.9923
vn -0.0498 0.1137 0.9923
vn -0.0483 0.1143 0.9923
vn -0.3477 -0.1072 0.9315
vn -0.3475 -0.1083 0.9314
vn -0.3475 -0.1093 0.9313
vn 0.0434 0.9906 0.1297
vn 0.0434 0.9906 0.1296
vn -0.0196 -0.9924 -0.1214
vn -0.0196 -0.9924 -0.1215
vn 0.7439 0.5822 0.3280
vn 0.7440 0.5822 0.3279
vn -0.2201 0.4837 0.8471
vn -0.7680 0.0663 -0.6370
vn -0.9657 -0.1280 -0.2261
vn -0.9671 -0.1292 -0.2191
vn -0.9654 -0.1278 -0.2273
vn -0.2798 0.4545 0.8456
vn -0.1837 -0.9315 -0.3138
vn -0.1071 -0.1172 0.9873
vn -0.1826 -0.8685 0.4609
vn -0.2942 -0.0968 0.9508
vn -0.2613 0.1915 0.9461
vn -0.6159 -0.1812 0.7667
vn -0.8838 0.4679 -0.0079
vn -0.8223 0.4642 -0.3291
vn 0.7294 0.1378 -0.6701
vn -0.2411 0.4722 -0.8479
vn -0.8783 0.3737 -0.2982
vn -0.8912 0.1011 0.4422
vn -0.9971 -0.0454 0.0612
vn -0.2576 0.1707 0.9511
vn 0.8288 -0.4207 -0.3689
vn -0.8417 0.4924 -0.2214
vn 0.7875 0.5930 -0.1677
vn 0.7875 0.5931 -0.1677
vn -0.7825 -0.4926 -0.3809
vn -0.7824 -0.4927 -0.3809
vn -0.3481 -0.1067 0.9314
vn -0.3479 -0.1080 0.9313
vn -0.0507 0.1129 0.9923
vn -0.0506 0.1131 0.9923
vn -0.9719 0.0270 -0.2338
vn -0.6189 -0.1304 0.7745
vn -0.9350 0.1116 0.3367
vn -0.9437 0.1070 -0.3129
vn -0.3686 0.1911 -0.9097
vn -0.0008 0.0298 -0.9996
vn -0.8748 0.3244 0.3598
vn 0.8732 -0.4228 0.2424
vn 0.3312 -0.4136 0.8481
vn -0.3501 0.0692 -0.9342
vn -0.3536 0.0704 -0.9327
vn -0.3494 0.0758 -0.9339
vn -0.9263 -0.0766 -0.3688
vn -0.9394 -0.0506 0.3391
vn -0.9886 -0.0484 0.1426
vn -0.9403 -0.0277 0.3392
vn -0.8254 -0.4104 -0.3877
vn -0.3205 -0.1708 -0.9317
vn -0.3201 -0.1733 -0.9314
vn -0.3208 -0.1684 -0.9321
vn -0.5332 -0.8457 0.0211
vn -0.2280 -0.6983 -0.6785
vn -0.5013 -0.1227 0.8566
vn -0.7114 0.6871 -0.1476
vn 0.3354 0.4608 -0.8217
vn -0.5050 0.8558 0.1121
vn -0.5063 0.8541 0.1190
vn -0.5043 0.8565 0.1094
vn -0.0000 -0.9848 -0.1736
vn -0.1290 0.1672 -0.9774
vn 0.2149 0.9561 0.1993
vn 0.0382 -0.9992 0.0149
vn -0.3233 -0.1466 -0.9349
vn -0.3555 0.0786 -0.9314
vn -0.3560 0.0789 -0.9312
vn -0.2654 0.3875 -0.8828
vn -0.2781 0.6775 -0.6810
vn 0.1911 -0.4618 -0.8662
vn -0.4823 -0.5677 0.6672
vn 0.0248 0.9426 -0.3331
vn -0.0487 0.6908 0.7214
vn -0.1071 0.9795 0.1704
vn -0.1062 0.9803 0.1665
vn -0.1057 0.9808 0.1642
vn -0.2664 0.9587 0.0998
vn -0.1951 0.2141 -0.9571
vn -0.1808 0.9698 0.1635
vn -0.1804 0.9691 0.1682
vn -0.1811 0.9702 0.1608
vn 0.1369 -0.2707 0.9529
vn -0.1943 0.2681 -0.9436
vn -0.0239 0.9867 0.1611
vn 0.1372 -0.0964 0.9858
vn 0.5259 0.8291 0.1896
vn -0.5241 -0.1899 0.8302
vn -0.2880 -0.0729 0.9549
vn -0.2683 -0.4823 -0.8339
vn 0.2539 0.8876 -0.3842
vn 0.2823 0.9475 -0.1502
vn 0.9189 0.3372 -0.2046
vn 0.9171 0.2516 0.3091
vn 0.9169 0.0439 0.3966
vn 0.2908 0.3985 -0.8698
vn 0.2689 0.8675 0.4184
vn 0.2377 0.0733 -0.9686
vn -0.0870 -0.6796 -0.7284
vn -0.2124 -0.8644 -0.4557
vn 0.0729 -0.9523 -0.2962
vn 0.2242 -0.9383 -0.2633
vn 0.8870 0.3326 -0.3204
vn 0.3391 -0.4397 0.8317
vn 0.0911 0.5989 0.7956
vn 0.0648 0.9499 -0.3058
vn 0.1670 0.8914 0.4214
vn 0.4787 -0.6040 0.6372
vn -0.1548 -0.0672 -0.9857
vn -0.4854 0.5184 -0.7040
vn 0.7028 -0.1345 0.6986
vn 0.3630 0.8993 0.2439
vn 0.4327 -0.1279 0.8924
vn 0.4264 -0.1995 0.8823
vn 0.4361 -0.1491 0.8874
vn 0.6491 0.6627 0.3734
vn 0.2828 0.6628 -0.6933
vn -0.2608 -0.9628 -0.0706
vn 0.9724 0.0277 -0.2318
vn 0.7399 0.1390 0.6581
vn 0.2511 0.2000 0.9471
vn 0.3094 -0.6594 0.6852
vn 0.0483 0.1143 0.9923
vn 0.3475 -0.1093 0.9313
vn 0.7680 0.0663 -0.6370
vn 0.9654 -0.1278 -0.2273
vn 0.2798 0.4545 0.8456
vn 0.2024 -0.9289 -0.3101
vn 0.1477 -0.1166 0.9821
vn 0.1071 -0.1172 0.9873
vn 0.0701 -0.1909 0.9791
vn 0.2231 0.2027 0.9535
vn 0.6159 -0.1812 0.7667
vn 0.6273 0.1688 -0.7602
vn 0.9130 0.3908 -0.1173
vn -0.7294 0.1378 -0.6701
vn 0.2682 0.5042 -0.8209
vn 0.8783 0.3737 -0.2982
vn 0.8912 0.1011 0.4422
vn 0.9962 -0.0357 0.0793
vn 0.9958 -0.0398 0.0822
vn 0.9957 -0.0409 0.0830
vn 0.6722 0.1692 0.7208
vn 0.2576 0.1707 0.9511
vn -0.8494 -0.3845 -0.3615
vn 0.8319 0.5100 -0.2187
vn -0.7875 0.5931 -0.1678
vn 0.7824 -0.4927 -0.3809
vn 0.6189 -0.1304 0.7745
vn 0.9350 0.1116 0.3367
vn 0.9437 0.1070 -0.3129
vn 0.3476 0.0934 -0.9330
vn 0.3686 0.1911 -0.9097
vn 0.0008 0.0298 -0.9996
vn 0.8748 0.3244 0.3598
vn -0.8585 -0.4538 0.2388
vn 0.3964 -0.3282 -0.8574
vn -0.1367 0.2660 -0.9542
vn 0.3479 0.0688 -0.9350
vn 0.9263 -0.0766 -0.3688
vn 0.9394 -0.0506 0.3391
vn 0.9963 -0.0346 0.0784
vn 0.9916 -0.0506 0.1193
vn 0.9403 -0.0277 0.3392
vn 0.8254 -0.4104 -0.3877
vn 0.3196 -0.1769 -0.9309
vn -0.3212 -0.9027 -0.2862
vn 0.2280 -0.6983 -0.6785
vn 0.5013 -0.1227 0.8566
vn 0.7114 0.6871 -0.1476
vn -0.3107 0.4187 -0.8533
vn 0.5069 0.8534 0.1217
vn -0.2144 0.9509 0.2234
vn -0.0382 -0.9992 0.0149
vn 0.3205 -0.1684 -0.9322
vn 0.2776 0.4727 -0.8364
vn 0.2821 0.6654 -0.6911
vn -0.4744 0.2555 -0.8424
vn 0.4823 -0.5677 0.6672
vn 0.0756 0.9175 -0.3904
vn 0.0487 0.6909 0.7214
vn -0.0666 -0.6829 -0.7275
vn 0.1077 0.9791 0.1726
vn 0.2664 0.9587 0.0998
vn 0.1951 0.2141 -0.9571
vn 0.1811 0.9702 0.1608
vn -0.1369 -0.2707 0.9529
vn 0.2203 0.0619 -0.9735
vn -0.0575 0.3777 0.9241
vn -0.5864 0.8055 0.0856
vn 0.2745 -0.0933 0.9570
vn 0.4331 -0.2688 0.8603
vn 0.5318 -0.1249 0.8376
vn 0.2619 -0.0818 0.9616
vn 0.2683 -0.4823 -0.8339
vn -0.2539 0.8876 -0.3842
vn -0.3230 0.9405 -0.1058
vn -0.9189 0.3372 -0.2046
vn -0.9191 0.1854 0.3476
vn -0.8626 0.1356 0.4874
vn -0.3414 0.3361 -0.8778
vn -0.2700 0.8677 0.4174
vn -0.2377 0.0733 -0.9686
vn 0.0870 -0.6796 -0.7284
vn 0.2124 -0.8644 -0.4557
vn -0.0729 -0.9523 -0.2962
vn -0.2242 -0.9383 -0.2633
vn -0.8870 0.3326 -0.3204
vn -0.3391 -0.4397 0.8317
vn -0.0202 0.6326 0.7742
vn -0.0648 0.9499 -0.3058
vn -0.4573 -0.5765 0.6772
vn 0.0687 -0.0553 -0.9961
vn 0.4854 0.5184 -0.7040
vn -0.6099 -0.3281 0.7214
vn -0.3917 0.6692 0.6315
vn -0.4327 -0.1279 0.8924
vn -0.4361 -0.1491 0.8874
vn -0.4264 -0.1995 0.8823
vn -0.8230 0.4231 0.3789
vn -0.2828 0.6628 -0.6934
vn 0.2608 -0.9628 -0.0706
vn -0.9724 0.0277 -0.2318
vn -0.7399 0.1390 0.6581
vn -0.3094 -0.6593 0.6852
vn -0.2511 0.2000 0.9471
vn -0.5862 -0.1075 0.8030
vn -0.9673 -0.1293 -0.2183
vn -0.2847 -0.3364 0.8977
vn -0.2024 -0.9289 -0.3101
vn -0.1477 -0.1166 0.9821
vn -0.0003 -0.0976 0.9952
vn -0.0701 -0.1909 0.9791
vn -0.2232 0.2027 0.9535
vn -0.9855 -0.1682 -0.0211
vn -0.6273 0.1688 -0.7602
vn -0.9130 0.3908 -0.1173
vn 0.6750 0.1159 -0.7287
vn -0.2682 0.5042 -0.8209
vn -0.9437 0.1216 -0.3075
vn -0.8845 -0.0970 0.4564
vn -0.9957 -0.0409 0.0830
vn -0.9958 -0.0398 0.0822
vn -0.9962 -0.0357 0.0793
vn -0.6722 0.1692 0.7208
vn -0.2714 0.1831 0.9449
vn 0.8494 -0.3845 -0.3616
vn -0.8319 0.5100 -0.2187
vn -0.3483 -0.1057 0.9314
vn -0.0509 0.1131 0.9923
vn -0.9713 0.0282 -0.2361
vn -0.5328 -0.2602 0.8052
vn -0.9366 0.0257 0.3493
vn -0.9292 0.1814 -0.3219
vn -0.3476 0.0934 -0.9330
vn -0.3454 0.2114 -0.9143
vn -0.8654 0.3439 0.3643
vn 0.8585 -0.4538 0.2388
vn -0.3963 -0.3282 -0.8574
vn 0.1366 0.2660 -0.9543
vn -0.3399 0.3775 -0.8614
vn 0.7247 0.1566 -0.6710
vn -0.3479 0.0688 -0.9350
vn -0.9219 -0.0435 -0.3851
vn -0.9159 -0.1354 0.3778
vn -0.9916 -0.0506 0.1193
vn -0.9963 -0.0346 0.0784
vn -0.9033 -0.3304 0.2737
vn -0.8664 -0.3146 -0.3877
vn -0.3196 -0.1769 -0.9309
vn 0.3212 -0.9027 -0.2862
vn 0.0530 -0.9986 -0.0032
vn -0.5478 -0.0727 0.8334
vn -0.7298 0.6645 -0.1605
vn 0.3107 0.4187 -0.8533
vn -0.5069 0.8534 0.1216
vn 0.2144 0.9509 0.2234
vn 0.1119 -0.9798 0.1660
vn -0.3205 -0.1683 -0.9322
vn -0.2776 0.4727 -0.8364
vn -0.2821 0.6654 -0.6911
vn 0.4744 0.2555 -0.8424
vn -0.4621 -0.4631 0.7563
vn -0.0756 0.9175 -0.3904
vn -0.0149 0.6434 0.7654
vn -0.3275 -0.3143 0.8911
vn -0.1993 -0.9623 -0.1851
vn 0.0623 -0.7221 -0.6889
vn -0.3080 -0.1034 -0.9458
vn -0.1077 0.9791 0.1726
vn -0.2836 0.9481 0.1436
vn -0.1783 0.1885 -0.9657
vn -0.1801 0.9687 0.1708
vn 0.1636 -0.0626 0.9845
vn -0.2203 0.0619 -0.9735
vn 0.0575 0.3777 0.9242
vn 0.5864 0.8055 0.0856
vn -0.4331 -0.2688 0.8603
vn -0.2745 -0.0933 0.9570
vn -0.5318 -0.1249 0.8376
vn -0.2619 -0.0818 0.9616
vn -0.0000 0.9848 0.1736
vn -0.1308 0.9753 0.1781
vn 0.8484 0.0382 -0.5279
vn 0.9949 0.0993 0.0175
vn 0.1790 -0.0229 -0.9836
vn 0.9270 -0.1756 0.3313
vn 0.2798 -0.2996 0.9121
vn -0.8758 -0.1381 0.4625
vn 0.2350 0.8985 0.3708
vn 0.7522 0.0987 -0.6515
vn 0.9877 -0.0894 -0.1282
vn 0.2217 0.9735 -0.0565
vn -0.0000 0.9848 0.1737
vn 0.6247 0.0552 -0.7789
vn 0.6950 -0.2966 0.6550
vn 0.3371 -0.2602 0.9048
vn 0.1428 0.1341 -0.9806
vn 0.1457 0.1339 -0.9802
vn 0.1533 0.1333 -0.9792
vn 0.5281 -0.8458 0.0760
vn 0.2660 -0.0039 0.9640
vn 0.6165 -0.3702 0.6949
vn -0.0619 -0.9451 0.3209
vn 0.5196 -0.8225 -0.2313
vn 0.5194 -0.8225 -0.2318
vn 0.5198 -0.8225 -0.2310
vn -0.1525 -0.7671 -0.6231
vn -0.1794 -0.9688 -0.1708
vn -0.1794 -0.9689 -0.1706
vn -0.1794 -0.9689 -0.1703
vn -0.2128 -0.9764 -0.0377
vn 0.5278 -0.8365 -0.1475
vn 0.4321 -0.2488 0.8668
vn 0.2442 -0.2543 0.9358
vn 0.1858 0.0305 -0.9821
vn -0.8213 -0.5618 -0.0991
vn 0.2871 -0.7251 -0.6259
vn 0.2937 -0.9414 -0.1660
vn 0.3068 -0.5151 0.8003
vn 0.1342 0.2195 -0.9663
vn 0.3395 -0.1977 0.9196
vn 0.3392 -0.1941 0.9205
vn 0.3432 -0.1974 0.9183
vn 0.5681 -0.4447 0.6924
vn 0.6250 0.1457 -0.7669
vn 0.3134 -0.2168 0.9245
vn 0.2379 0.0604 0.9694
vn 0.7444 0.2576 -0.6160
vn 0.9203 0.0940 0.3798
vn 0.9900 0.1394 -0.0226
vn 0.9900 0.1388 -0.0259
vn 0.9900 0.1396 -0.0215
vn -0.3991 0.9142 0.0697
vn -0.1138 0.9371 0.3299
vn -0.9942 -0.1021 0.0341
vn -0.9215 0.0249 -0.3876
vn 0.1380 -0.9853 -0.1011
vn 0.0285 -0.6445 -0.7641
vn 0.0337 -0.6430 -0.7651
vn 0.0375 -0.6420 -0.7658
vn 0.1300 -0.9739 -0.1860
vn 0.8878 -0.0564 0.4568
vn 0.8882 -0.0564 0.4561
vn 0.8876 -0.0564 0.4571
vn -0.8713 0.0324 -0.4897
vn 0.9949 0.0941 -0.0348
vn -0.0130 -0.0318 0.9994
vn -0.0141 -0.0319 0.9994
vn -0.0149 -0.0320 0.9994
vn 0.0273 -0.3352 0.9417
vn 0.7805 0.0285 0.6246
vn 0.1067 -0.3958 0.9121
vn 0.7329 -0.1456 0.6645
vn -0.0504 0.7674 0.6392
vn 0.2415 0.1409 0.9601
vn 0.1145 0.3965 -0.9108
vn 0.0318 0.2862 -0.9576
vn 0.4724 0.0083 0.8813
vn -0.0307 -0.5733 -0.8188
vn -0.1862 0.9676 0.1706
vn 0.2143 -0.1871 0.9587
vn 0.2109 -0.1847 0.9599
vn 0.2157 -0.1879 0.9582
vn 0.3481 0.1552 -0.9245
vn 0.9942 0.0104 -0.1071
vn 0.8693 0.0465 -0.4921
vn -0.1043 0.0202 -0.9943
vn 0.0432 -0.1700 0.9845
vn 0.2593 -0.9501 -0.1734
vn 0.2612 -0.9503 -0.1695
vn 0.2513 -0.9532 -0.1681
vn 0.0495 -0.1692 0.9843
vn 0.1113 -0.2414 0.9640
vn 0.9027 -0.4237 -0.0745
vn 0.9027 -0.4237 -0.0742
vn -0.0259 0.1359 -0.9904
vn -0.0257 0.1354 -0.9905
vn -0.0296 0.1268 -0.9915
vn 0.7249 -0.6781 -0.1212
vn 0.7249 -0.6783 -0.1203
vn 0.7248 -0.6784 -0.1197
vn 0.9655 -0.2565 -0.0447
vn 0.9655 -0.2566 -0.0444
vn 0.9655 -0.2566 -0.0442
vn -0.0438 0.1705 -0.9844
vn 0.0637 -0.1403 0.9881
vn 0.0638 -0.1406 0.9880
vn 0.0627 -0.1362 0.9887
vn -0.0285 0.1280 -0.9914
vn -0.0320 0.1248 -0.9917
vn 0.1224 -0.0017 -0.9925
vn 0.2933 -0.3314 0.8967
vn 0.9179 -0.3318 -0.2177
vn 0.2994 -0.3414 0.8910
vn 0.7360 -0.4171 0.5333
vn 0.1093 -0.0647 -0.9919
vn 0.7583 -0.1303 -0.6388
vn 0.2195 -0.8121 0.5407
vn -0.0000 -0.9375 0.3479
vn 0.4513 0.8214 -0.3488
vn 0.1492 0.9887 0.0112
vn 0.5475 0.6707 -0.5004
vn 0.7651 0.5678 -0.3035
vn 0.7357 0.6255 -0.2599
vn -0.0861 -0.9833 -0.1602
vn -0.0862 -0.9833 -0.1601
vn -0.0866 -0.9833 -0.1601
vn 0.0192 0.9993 -0.0319
vn 0.1485 0.1717 -0.9739
vn 0.6158 0.4828 -0.6226
vn 0.1135 0.1768 -0.9777
vn 0.7636 -0.2615 0.5904
vn 0.6126 0.0319 0.7898
vn 0.3484 -0.1988 0.9160
vn 0.1308 0.9753 0.1781
vn -0.8484 0.0382 -0.5279
vn -0.9949 0.0993 0.0175
vn -0.1790 -0.0229 -0.9836
vn -0.8350 -0.1029 0.5406
vn -0.2798 -0.2996 0.9121
vn 0.8863 -0.1289 0.4448
vn -0.7522 0.0987 -0.6515
vn -0.9877 -0.0894 -0.1282
vn -0.2650 0.9561 0.1252
vn -0.2217 0.9735 -0.0565
vn -0.5390 0.0702 -0.8394
vn -0.6171 -0.2310 0.7522
vn -0.3371 -0.2602 0.9048
vn -0.1458 0.1339 -0.9802
vn -0.1428 0.1341 -0.9806
vn -0.1533 0.1332 -0.9792
vn -0.4900 -0.6467 0.5846
vn -0.2660 -0.0039 0.9640
vn -0.0000 -0.9848 -0.1735
vn -0.6165 -0.3702 0.6949
vn 0.6548 0.2410 0.7164
vn 0.0619 -0.9451 0.3209
vn -0.5194 -0.8225 -0.2319
vn -0.5196 -0.8225 -0.2312
vn -0.5198 -0.8225 -0.2310
vn 0.5765 -0.7415 -0.3432
vn 0.1794 -0.9689 -0.1703
vn 0.1794 -0.9689 -0.1705
vn -0.4321 -0.2488 0.8668
vn -0.2442 -0.2543 0.9358
vn -0.1858 0.0305 -0.9821
vn 0.8213 -0.5618 -0.0991
vn -0.2937 -0.9414 -0.1660
vn -0.2387 -0.4626 -0.8538
vn -0.2871 -0.7251 -0.6259
vn -0.3542 -0.5915 0.7244
vn -0.1483 0.2282 -0.9623
vn -0.3395 -0.1977 0.9196
vn -0.3432 -0.1974 0.9183
vn -0.3392 -0.1941 0.9205
vn -0.5681 -0.4447 0.6924
vn -0.6966 0.2071 -0.6869
vn -0.3134 -0.2168 0.9245
vn -0.2379 0.0604 0.9694
vn -0.7020 0.2281 0.6747
vn 0.0059 -0.9815 -0.1915
vn -0.8082 0.2583 -0.5293
vn -0.9203 0.0940 0.3798
vn -0.9900 0.1388 -0.0259
vn -0.9900 0.1394 -0.0226
vn -0.9900 0.1396 -0.0215
vn 0.3991 0.9142 0.0697
vn 0.0873 0.9382 0.3349
vn 0.9942 -0.1021 0.0341
vn -0.0285 -0.6445 -0.7641
vn -0.0337 -0.6430 -0.7651
vn -0.0247 -0.6455 -0.7633
vn -0.1300 -0.9739 -0.1860
vn -0.8877 -0.0564 0.4569
vn -0.8882 -0.0564 0.4560
vn -0.8883 -0.0564 0.4558
vn -0.9949 0.0941 -0.0348
vn 0.0130 -0.0318 0.9994
vn 0.0141 -0.0319 0.9994
vn 0.0122 -0.0317 0.9994
vn -0.0274 -0.3352 0.9417
vn -0.9499 0.0706 0.3046
vn -0.7329 -0.1456 0.6645
vn 0.0504 0.7674 0.6392
vn -0.2415 0.1409 0.9601
vn -0.1145 0.3965 -0.9108
vn -0.2653 0.3939 -0.8800
vn -0.1699 0.1334 0.9764
vn 0.4853 -0.8611 -0.1518
vn 0.1862 0.9676 0.1706
vn -0.2100 -0.1841 0.9602
vn -0.3481 0.1552 -0.9245
vn -0.8874 0.0738 -0.4551
vn 0.1043 0.0203 -0.9943
vn -0.0432 -0.1700 0.9845
vn -0.0442 -0.1696 0.9845
vn -0.2593 -0.9501 -0.1734
vn -0.2612 -0.9503 -0.1694
vn -0.2513 -0.9532 -0.1681
vn -0.2513 -0.9532 -0.1680
vn -0.0495 -0.1692 0.9843
vn -0.1113 -0.2414 0.9640
vn -0.9027 -0.4237 -0.0742
vn -0.9027 -0.4237 -0.0745
vn 0.0342 0.1145 -0.9928
vn -0.7248 -0.6783 -0.1203
vn -0.7249 -0.6781 -0.1213
vn -0.7248 -0.6784 -0.1196
vn -0.9655 -0.2566 -0.0444
vn -0.9655 -0.2565 -0.0447
vn -0.9655 -0.2566 -0.0442
vn 0.0438 0.1705 -0.9844
vn -0.0638 -0.1406 0.9880
vn -0.0637 -0.1403 0.9881
vn -0.0627 -0.1362 0.9887
vn 0.0296 0.1268 -0.9915
vn 0.0285 0.1280 -0.9914
vn 0.0257 0.1354 -0.9905
vn -0.1224 -0.0017 -0.9925
vn -0.2933 -0.3314 0.8967
vn -0.9179 -0.3318 -0.2177
vn -0.2994 -0.3414 0.8910
vn -0.7059 -0.2909 0.6458
vn -0.1093 -0.0647 -0.9919
vn -0.7583 -0.1303 -0.6388
vn -0.1801 -0.8578 0.4813
vn -0.3014 -0.9500 0.0819
vn -0.1915 -0.9814 -0.0125
vn -0.3478 -0.9233 -0.1630
vn -0.3477 -0.9233 -0.1628
vn -0.4513 0.8214 -0.3487
vn -0.1492 0.9887 0.0112
vn -0.5475 0.6707 -0.5004
vn -0.7651 0.5678 -0.3035
vn -0.7357 0.6255 -0.2599
vn 0.7123 -0.0476 -0.7003
vn -0.0192 0.9993 -0.0319
vn -0.1485 0.1717 -0.9739
vn -0.6158 0.4828 -0.6226
vn -0.0782 0.1458 -0.9862
vn -0.2648 -0.5909 -0.7620
vn -0.7636 -0.2615 0.5904
vn -0.6126 0.0319 0.7898
vn -0.3484 -0.1988 0.9160
vn -0.0519 -0.1662 0.9847
vn -0.0546 -0.1652 0.9847
vn -0.0038 -0.9852 -0.1712
vn -0.0052 -0.9849 -0.1728
vn 0.0030 -0.9847 -0.1741
vn 0.0017 -0.9849 -0.1730
vn -0.2786 -0.9458 -0.1668
vn -0.0318 0.9535 0.2998
vn 0.8637 0.0244 -0.5034
vn 0.1430 -0.0076 -0.9897
vn 0.8350 -0.1029 0.5406
vn 0.3049 -0.2617 0.9157
vn -0.8863 -0.1289 0.4448
vn 0.8546 0.0613 -0.5157
vn 0.9971 -0.0524 -0.0557
vn 0.2261 0.9722 0.0610
vn 0.2650 0.9561 0.1252
vn 0.7650 -0.1049 -0.6355
vn 0.6171 -0.2310 0.7522
vn 0.3103 -0.3549 0.8819
vn 0.1775 0.1178 -0.9771
vn 0.4900 -0.6467 0.5846
vn 0.2900 0.0442 0.9560
vn 0.6635 -0.4155 0.6222
vn -0.1256 -0.9518 0.2799
vn 0.5192 -0.8225 -0.2324
vn -0.5765 -0.7415 -0.3433
vn 0.1551 0.1331 -0.9789
vn 0.4177 -0.2585 0.8710
vn 0.1646 -0.2962 0.9408
vn 0.2501 -0.0288 -0.9678
vn 0.2648 -0.5909 -0.7620
vn 0.2387 -0.4626 -0.8538
vn 0.3542 -0.5914 0.7244
vn 0.1483 0.2282 -0.9623
vn 0.5136 -0.6600 0.5483
vn 0.6966 0.2071 -0.6869
vn 0.3501 -0.1992 0.9153
vn 0.1899 0.2892 0.9383
vn 0.7020 0.2281 0.6747
vn 0.8082 0.2583 -0.5293
vn 0.8798 0.0597 0.4716
vn 0.9900 0.1387 -0.0267
vn -0.1478 0.9887 -0.0233
vn -0.0873 0.9382 0.3349
vn -0.8716 -0.0325 -0.4892
vn 0.0247 -0.6455 -0.7633
vn 0.8883 -0.0564 0.4558
vn -0.8870 0.0357 -0.4604
vn 0.9882 0.1265 -0.0860
vn -0.0122 -0.0317 0.9994
vn 0.0981 -0.3203 0.9422
vn 0.9499 0.0706 0.3046
vn 0.1262 -0.3925 0.9111
vn 0.7860 -0.1322 0.6039
vn -0.1274 0.7302 0.6712
vn 0.0370 -0.0962 0.9947
vn 0.4354 0.2866 -0.8534
vn 0.2653 0.3939 -0.8800
vn 0.1699 0.1334 0.9764
vn -0.4853 -0.8611 -0.1518
vn 0.2100 -0.1841 0.9602
vn 0.3996 0.0968 -0.9116
vn 0.8874 0.0738 -0.4551
vn -0.1660 0.0088 -0.9861
vn 0.1077 -0.1895 0.9760
vn 0.2622 -0.9636 0.0522
vn 0.2641 -0.9607 -0.0853
vn 0.2565 -0.9412 -0.2198
vn 0.0625 -0.1357 0.9888
vn 0.9027 -0.4238 -0.0738
vn -0.0342 0.1145 -0.9928
vn 0.7249 -0.6780 -0.1218
vn 0.9655 -0.2565 -0.0450
vn 0.0813 -0.1244 0.9889
vn 0.1722 -0.0708 -0.9825
vn 0.2778 -0.3409 0.8981
vn 0.9438 -0.2899 -0.1586
vn 0.2976 -0.3589 0.8847
vn 0.7059 -0.2909 0.6458
vn 0.1777 -0.1023 -0.9788
vn 0.7646 -0.1633 -0.6235
vn 0.9581 -0.2032 -0.2020
vn 0.9644 -0.1919 -0.1821
vn 0.2309 -0.8533 0.4676
vn 0.1801 -0.8578 0.4813
vn 0.5639 0.6565 -0.5010
vn 0.0505 0.9974 0.0520
vn -0.1602 0.9815 0.1052
vn 0.7225 0.1201 -0.6809
vn 0.0560 0.2172 -0.9745
vn 0.0782 0.1458 -0.9862
vn 0.0546 -0.1652 0.9847
vn 0.0318 0.9535 0.2998
vn -0.8637 0.0244 -0.5034
vn -0.1430 -0.0076 -0.9897
vn -0.9270 -0.1756 0.3313
vn -0.3049 -0.2617 0.9157
vn 0.8758 -0.1381 0.4625
vn -0.2350 0.8985 0.3708
vn -0.8546 0.0613 -0.5157
vn -0.9971 -0.0524 -0.0557
vn -0.2261 0.9722 0.0610
vn -0.7419 -0.1425 -0.6552
vn -0.6950 -0.2966 0.6550
vn -0.3103 -0.3549 0.8819
vn -0.1775 0.1178 -0.9771
vn -0.5281 -0.8458 0.0760
vn -0.2900 0.0442 0.9560
vn -0.6635 -0.4155 0.6222
vn 0.4606 0.7702 0.4411
vn 0.1256 -0.9518 0.2799
vn -0.5192 -0.8225 -0.2324
vn 0.1525 -0.7671 -0.6231
vn 0.1794 -0.9688 -0.1708
vn 0.2128 -0.9764 -0.0377
vn -0.5278 -0.8365 -0.1475
vn -0.1551 0.1331 -0.9789
vn -0.4177 -0.2585 0.8710
vn -0.1646 -0.2962 0.9408
vn -0.2501 -0.0288 -0.9678
vn -0.3068 -0.5151 0.8003
vn -0.1342 0.2195 -0.9663
vn -0.6250 0.1457 -0.7669
vn -0.3501 -0.1992 0.9153
vn -0.1899 0.2892 0.9383
vn 0.5562 0.8216 -0.1248
vn -0.7444 0.2576 -0.6160
vn -0.8798 0.0597 0.4716
vn -0.9900 0.1387 -0.0267
vn 0.1478 0.9887 -0.0233
vn 0.1138 0.9371 0.3299
vn 0.8716 -0.0325 -0.4892
vn 0.9215 0.0249 -0.3876
vn -0.1380 -0.9853 -0.1011
vn -0.0375 -0.6420 -0.7658
vn -0.8876 -0.0564 0.4571
vn -0.9882 0.1265 -0.0860
vn 0.0149 -0.0320 0.9994
vn -0.0981 -0.3203 0.9422
vn -0.7805 0.0285 0.6246
vn -0.7860 -0.1322 0.6039
vn 0.1274 0.7303 0.6712
vn -0.0370 -0.0962 0.9947
vn -0.4354 0.2866 -0.8534
vn -0.0318 0.2862 -0.9576
vn -0.4724 0.0083 0.8813
vn 0.0307 -0.5733 -0.8188
vn -0.2157 -0.1879 0.9582
vn -0.3996 0.0968 -0.9116
vn -0.9942 0.0104 -0.1071
vn -0.8693 0.0465 -0.4921
vn 0.1660 0.0088 -0.9861
vn -0.1077 -0.1895 0.9760
vn -0.2642 -0.9607 -0.0854
vn -0.2623 -0.9636 0.0520
vn -0.2565 -0.9412 -0.2198
vn -0.0625 -0.1357 0.9888
vn -0.9027 -0.4238 -0.0738
vn 0.0259 0.1359 -0.9904
vn -0.7249 -0.6780 -0.1219
vn -0.9655 -0.2565 -0.0450
vn -0.0813 -0.1244 0.9889
vn 0.0320 0.1248 -0.9917
vn -0.1722 -0.0708 -0.9825
vn -0.2778 -0.3409 0.8981
vn -0.9438 -0.2899 -0.1586
vn -0.2976 -0.3589 0.8847
vn -0.7360 -0.4171 0.5333
vn -0.1777 -0.1023 -0.9788
vn -0.7646 -0.1633 -0.6235
vn -0.2309 -0.8533 0.4676
vn -0.2195 -0.8121 0.5407
vn -0.3479 -0.9232 -0.1630
vn -0.5639 0.6565 -0.5010
vn 0.1759 -0.1253 -0.9764
vn -0.0505 0.9974 0.0520
vn 0.1602 0.9815 0.1052
vn -0.7224 0.1200 -0.6809
vn -0.0560 0.2172 -0.9745
vn -0.1135 0.1768 -0.9777
vn -0.8164 -0.1524 -0.5571
vn -0.9644 -0.1919 -0.1821
vn -0.9581 -0.2032 -0.2020
vn -0.2779 -0.3003 0.9125
vn -0.3567 0.5634 0.7452
vn -0.3540 0.5673 0.7435
vn -0.3577 0.5689 0.7405
vn 0.2565 -0.6524 -0.7131
vn 0.7883 -0.5891 -0.1778
vn 0.6407 0.0717 0.7644
vn 0.6395 0.0721 0.7654
vn 0.6394 0.0721 0.7655
vn -0.8309 0.5105 0.2213
vn -0.6867 -0.1689 -0.7071
vn -0.6868 -0.1688 -0.7070
vn 0.2969 -0.5328 -0.7924
vn 0.2997 -0.5324 -0.7917
vn 0.2952 -0.5330 -0.7930
vn 0.4336 0.8075 -0.3999
vn -0.2518 0.5754 0.7782
vn -0.2495 0.5729 0.7807
vn -0.2533 0.5761 0.7772
vn 0.1566 -0.5975 -0.7864
vn 0.8132 -0.5445 -0.2056
vn 0.8160 -0.5409 -0.2037
vn 0.8121 -0.5456 -0.2069
vn 0.6651 0.1224 0.7366
vn 0.6647 0.1234 0.7368
vn 0.6652 0.1223 0.7366
vn -0.8659 0.4745 0.1584
vn -0.8638 0.4776 0.1602
vn -0.8630 0.4788 0.1615
vn -0.6821 -0.1583 -0.7139
vn -0.6822 -0.1583 -0.7138
vn -0.6823 -0.1583 -0.7137
vn -0.7625 0.6308 0.1437
vn 0.6132 0.0282 0.7895
vn 0.4908 0.6462 -0.5845
vn 0.4801 0.6292 -0.6112
vn 0.2957 0.5261 -0.7974
vn -0.5003 0.7654 -0.4048
vn 0.1578 0.7736 -0.6137
vn -0.3861 -0.1845 -0.9038
vn -0.3881 -0.1823 -0.9034
vn -0.3889 -0.1817 -0.9032
vn -0.6104 -0.0215 -0.7918
vn -0.6134 -0.0208 -0.7895
vn -0.6102 -0.0215 -0.7919
vn 0.7794 -0.6148 -0.1203
vn -0.2678 0.5304 0.8043
vn -0.2694 0.5300 0.8040
vn -0.2704 0.5300 0.8037
vn -0.6789 0.0975 -0.7277
vn -0.6803 0.0992 -0.7262
vn -0.6806 0.0997 -0.7258
vn 0.2951 0.8441 -0.4477
vn 0.5061 -0.1867 0.8420
vn 0.5900 0.0046 -0.8074
vn -0.5400 0.1487 -0.8284
vn -0.6886 -0.1752 -0.7036
vn -0.6889 -0.1746 -0.7035
vn -0.6889 -0.1745 -0.7035
vn 0.8002 -0.0442 0.5981
vn 0.0860 -0.5520 -0.8294
vn 0.6652 0.1057 0.7391
vn -0.2612 0.5932 0.7615
vn -0.8595 0.4999 0.1064
vn 0.8242 -0.5079 -0.2505
vn 0.3157 0.3826 0.8683
vn -0.4596 -0.7776 0.4291
vn -0.4510 -0.7613 0.4659
vn -0.5146 -0.7408 0.4317
vn -0.6135 0.6647 0.4263
vn -0.6151 0.6636 0.4259
vn -0.6160 0.6631 0.4252
vn 0.7748 0.1237 0.6200
vn 0.7747 0.1237 0.6201
vn 0.7751 0.1238 0.6196
vn -0.4579 0.8212 0.3406
vn -0.4839 -0.4129 -0.7716
vn -0.8535 -0.0552 -0.5181
vn 0.7252 -0.4254 -0.5415
vn 0.6111 -0.1656 0.7740
vn 0.4162 0.0484 0.9080
vn -0.5461 -0.3038 -0.7807
vn -0.5446 -0.3079 -0.7801
vn -0.5446 -0.3078 -0.7801
vn -0.7882 -0.0683 -0.6116
vn -0.7883 -0.0683 -0.6116
vn -0.7886 -0.0683 -0.6111
vn 0.6396 -0.5989 -0.4819
vn 0.6398 -0.5988 -0.4818
vn 0.6394 -0.5991 -0.4820
vn 0.5794 0.3168 0.7510
vn -0.2330 -0.7721 0.5912
vn -0.4247 -0.7365 0.5265
vn -0.4250 -0.7360 0.5269
vn -0.4291 -0.7319 0.5293
vn -0.6717 0.0803 0.7365
vn -0.6712 0.0811 0.7368
vn -0.6746 0.0754 0.7343
vn -0.6329 -0.4900 -0.5995
vn -0.6374 -0.4908 -0.5940
vn -0.6374 -0.4909 -0.5939
vn -0.8448 -0.2594 -0.4679
vn -0.8455 -0.2555 -0.4689
vn -0.8449 -0.2595 -0.4679
vn 0.2746 -0.9604 0.0473
vn 0.2727 -0.9609 0.0473
vn 0.2624 -0.9638 0.0466
vn -0.5151 -0.7337 0.4432
vn -0.1481 -0.8511 0.5036
vn -0.4757 -0.7383 0.4782
vn 0.0530 -0.9561 -0.2881
vn -0.4600 -0.7422 0.4874
vn -0.4907 -0.7770 0.3943
vn -0.1708 -0.8324 0.5272
vn -0.4433 -0.8087 0.3867
vn -0.1262 -0.9737 0.1894
vn -0.4429 -0.7280 0.5233
vn -0.3245 -0.7816 0.5328
vn -0.3259 -0.7707 0.5475
vn -0.4719 -0.6628 0.5814
vn -0.2751 -0.7854 0.5545
vn -0.2774 -0.7856 0.5530
vn -0.2715 -0.7848 0.5571
vn -0.2673 -0.7947 0.5450
vn -0.2782 0.5773 0.7677
vn 0.1429 -0.5762 -0.8047
vn 0.7788 -0.5982 -0.1888
vn 0.6409 0.0716 0.7642
vn -0.8635 0.4710 0.1801
vn 0.3015 -0.5323 -0.7910
vn 0.2528 0.7888 -0.5602
vn -0.2481 0.5722 0.7817
vn 0.0936 -0.5472 -0.8318
vn 0.8172 -0.5397 -0.2023
vn -0.8668 0.4733 0.1571
vn -0.6820 -0.1584 -0.7140
vn -0.7893 0.6031 0.1158
vn 0.5810 0.0337 0.8132
vn 0.4416 0.6913 -0.5720
vn 0.4803 0.6892 -0.5426
vn 0.4926 0.3776 -0.7841
vn -0.3908 0.9008 -0.1893
vn 0.1825 0.5867 -0.7890
vn -0.3854 -0.1851 -0.9040
vn -0.6136 -0.0207 -0.7893
vn 0.7670 -0.6279 -0.1320
vn -0.2669 0.5304 0.8046
vn -0.6787 0.0971 -0.7280
vn 0.2457 0.8137 -0.5268
vn 0.5128 -0.0695 0.8557
vn 0.4729 -0.0007 -0.8811
vn -0.4870 0.1616 -0.8583
vn 0.7568 0.0811 0.6486
vn 0.2616 -0.6786 -0.6864
vn 0.6524 0.1074 0.7502
vn -0.4154 0.5417 0.7308
vn -0.9617 0.2575 -0.0942
vn 0.8537 -0.5207 -0.0113
vn 0.5698 0.2991 0.7654
vn -0.6126 0.6652 0.4270
vn 0.7744 0.1237 0.6205
vn -0.5543 0.7791 0.2927
vn -0.5525 -0.3224 -0.7687
vn -0.7966 -0.0875 -0.5981
vn 0.6723 -0.4626 -0.5780
vn 0.6767 -0.1396 0.7229
vn 0.4205 0.1051 0.9012
vn -0.5461 -0.3039 -0.7806
vn -0.7879 -0.0683 -0.6121
vn 0.6400 -0.5986 -0.4817
vn 0.5837 0.3051 0.7525
vn -0.4294 -0.7314 0.5298
vn -0.2657 -0.7764 0.5715
vn -0.6709 0.0810 0.7371
vn -0.6325 -0.4899 -0.5999
vn -0.8455 -0.2551 -0.4690
vn 0.2748 -0.9603 0.0480
vn -0.4628 -0.4161 0.7827
vn -0.3375 -0.7839 0.5211
vn -0.4321 -0.7035 0.5643
vn -0.4780 -0.7033 0.5262
vn -0.2808 -0.7866 0.5498
vn -0.7660 -0.4097 0.4954
vn 0.8961 0.4434 0.0211
vn 0.3521 -0.1500 -0.9239
vn -0.8689 -0.4949 -0.0029
vn -0.3307 0.0747 0.9408
vn -0.3309 0.0745 0.9407
vn -0.3306 0.0748 0.9408
vn 0.1373 0.3431 0.9292
vn 0.1423 0.3425 0.9287
vn 0.1356 0.3476 0.9278
vn -0.1792 -0.4282 -0.8857
vn -0.8896 -0.4565 -0.0141
vn -0.8901 -0.4554 -0.0167
vn -0.8896 -0.4565 -0.0136
vn 0.4216 -0.6911 0.5870
vn 0.4219 -0.6906 0.5875
vn 0.4215 -0.6916 0.5865
vn 0.6816 -0.6615 0.3129
vn -0.3494 0.0260 0.9366
vn -0.3539 0.0177 0.9351
vn -0.3545 0.0166 0.9349
vn -0.0950 -0.4045 -0.9096
vn -0.8625 -0.5060 -0.0001
vn -0.8621 -0.5068 0.0022
vn -0.8626 -0.5059 -0.0012
vn 0.0785 0.2686 0.9600
vn 0.3359 -0.1794 -0.9247
vn 0.2957 0.2850 0.9118
vn 0.4285 -0.6582 0.6190
vn -0.7267 0.6029 -0.3294
vn 0.0207 -0.3338 -0.9424
vn 0.4154 -0.7537 0.5093
vn 0.3421 -0.3039 0.8892
vn -0.4048 0.9010 0.1560
vn 0.8529 0.5221 -0.0052
vn 0.6201 0.7126 -0.3281
vn 0.8801 -0.4564 0.1308
vn -0.7506 0.0021 0.6608
vn -0.4756 -0.3957 -0.7856
vn -0.3920 0.8447 0.3645
vn -0.5036 0.8595 -0.0879
vn -0.4502 0.8922 -0.0360
vn -0.4498 0.8927 -0.0282
vn -0.4510 0.8919 -0.0340
vn -0.3868 0.8666 0.3152
vn 0.1587 0.1216 0.9798
vn -0.2501 0.2032 0.9466
vn 0.1957 -0.0764 -0.9777
vn 0.1960 -0.0775 -0.9775
vn 0.1963 -0.0778 -0.9774
vn 0.3708 -0.7165 0.5910
vn 0.4143 -0.7477 0.5190
vn 0.6683 -0.7050 0.2376
vn 0.3588 -0.3776 0.8536
vn 0.9039 0.4269 0.0285
vn 0.9027 0.4292 0.0298
vn 0.9041 0.4264 0.0279
vn -0.8316 -0.5505 -0.0729
vn 0.0710 0.3072 0.9490
vn -0.7909 -0.5777 -0.2017
vn 0.2931 -0.1950 -0.9360
vn 0.9222 0.3833 0.0516
vn 0.9476 -0.2085 0.2421
vn 0.9472 -0.2096 0.2425
vn 0.9477 -0.2081 0.2419
vn 0.2750 -0.0383 -0.9607
vn -0.6045 0.7846 -0.1377
vn 0.4218 -0.5682 0.7065
vn 0.4076 -0.9034 -0.1332
vn 0.6025 -0.2689 -0.7514
vn 0.4416 0.8770 0.1895
vn -0.5586 -0.0417 0.8284
vn 0.8240 0.5632 0.0617
vn -0.1545 0.6453 -0.7482
vn -0.3059 0.1688 -0.9370
vn 0.4549 0.7690 -0.4492
vn 0.3204 0.6199 0.7163
vn -0.9089 -0.4078 0.0866
vn 0.3307 0.5042 -0.7977
vn 0.1375 -0.4352 0.8898
vn -0.1375 0.4352 -0.8898
vn -0.5369 0.8041 0.2554
vn 0.6458 0.6828 0.3417
vn 0.7174 -0.6839 0.1327
vn 0.7175 -0.6838 0.1326
vn 0.7177 -0.6837 0.1321
vn -0.4607 0.8738 -0.1554
vn 0.3013 -0.2226 -0.9272
vn 0.8955 0.4450 0.0031
vn 0.2638 -0.2464 -0.9326
vn 0.1343 0.3069 0.9422
vn -0.4428 0.8854 -0.1412
vn 0.1870 -0.0595 -0.9806
vn 0.1669 0.1020 0.9807
vn 0.1674 0.0997 0.9808
vn 0.1663 0.1035 0.9806
vn -0.3532 0.2570 -0.8996
vn -0.2654 -0.1304 0.9553
vn -0.0942 0.2889 0.9527
vn -0.1005 -0.3943 -0.9135
vn 0.3275 -0.1590 -0.9314
vn 0.2602 -0.2198 -0.9402
vn -0.3310 0.0744 0.9407
vn 0.0135 0.2699 0.9628
vn 0.1175 0.3393 0.9333
vn -0.1433 -0.4249 -0.8938
vn -0.8902 -0.4553 -0.0172
vn 0.4219 -0.6902 0.5879
vn 0.4833 -0.8387 0.2509
vn -0.3488 0.0269 0.9368
vn -0.0473 -0.4028 -0.9141
vn -0.8620 -0.5068 0.0030
vn 0.0269 0.2366 0.9712
vn 0.2890 -0.2353 -0.9280
vn 0.6826 0.4513 0.5748
vn 0.4157 -0.6168 0.6684
vn -0.6275 0.7602 -0.1684
vn -0.6670 0.7407 -0.0805
vn -0.0672 -0.3578 -0.9314
vn 0.3434 -0.7198 0.6033
vn 0.7317 0.6029 -0.3178
vn 0.7325 -0.6043 0.3135
vn -0.5548 -0.1136 0.8242
vn -0.3192 -0.5345 -0.7826
vn -0.4043 0.8598 0.3120
vn -0.4522 0.8909 -0.0429
vn -0.4510 0.8916 -0.0412
vn -0.6601 0.2150 0.7197
vn 0.1681 0.0990 0.9808
vn 0.1685 0.0992 0.9807
vn -0.2926 0.1616 0.9425
vn 0.1954 -0.0758 -0.9778
vn 0.3858 -0.7434 0.5463
vn 0.3918 -0.7446 0.5404
vn 0.2957 -0.9114 0.2861
vn 0.3567 -0.3577 0.8630
vn 0.9012 0.4323 0.0320
vn -0.7840 -0.5799 -0.2217
vn -0.0042 0.2947 0.9556
vn -0.7561 -0.5938 -0.2752
vn 0.2568 -0.2351 -0.9374
vn 0.9330 0.3591 0.0235
vn 0.9471 -0.2100 0.2428
vn -0.2154 0.7848 -0.5812
vn -0.4768 0.8743 -0.0908
vn 0.1884 -0.5674 -0.8016
vn 0.6027 -0.2853 -0.7452
vn -0.1109 0.8535 0.5092
vn 0.4779 -0.8776 -0.0367
vn 0.5276 -0.8170 -0.2325
vn 0.8346 0.5374 0.1208
vn -0.8529 -0.5221 0.0052
vn 0.6776 -0.3228 -0.6608
vn 0.3299 -0.6125 0.7183
vn -0.3427 0.9347 -0.0939
vn -0.4788 0.7231 -0.4979
vn 0.4627 -0.7470 0.4773
vn 0.6027 -0.1233 -0.7884
vn 0.1503 -0.6992 0.6990
vn 0.5178 -0.6935 -0.5009
vn 0.1734 -0.6585 -0.7323
vn -0.1315 -0.0116 0.9912
vn 0.5444 0.7796 0.3096
vn 0.7172 -0.6840 0.1332
vn 0.3719 -0.1768 -0.9113
vn 0.8686 -0.4773 0.1331
vn 0.2850 -0.2314 -0.9302
vn 0.0882 0.2560 0.9627
vn 0.3660 0.1886 0.9113
vn 0.1965 -0.0777 -0.9774
vn -0.1565 -0.2585 -0.9533
vn 0.0981 -0.6632 0.7420
vn -0.2015 -0.9685 -0.1463
vn 0.3789 0.9251 0.0246
vn 0.8421 -0.4924 -0.2201
vn 0.2105 0.9532 0.2171
vn 0.2106 0.9532 0.2171
vn -0.8702 0.4189 0.2593
vn -0.8712 0.4154 0.2615
vn -0.8713 0.4153 0.2616
vn -0.9187 -0.3836 0.0936
vn 0.9709 0.2245 -0.0836
vn -0.2183 0.9672 0.1302
vn 0.1503 -0.2584 0.9543
vn 0.1173 -0.2215 0.9681
vn 0.0323 -0.2653 0.9636
vn -0.9756 0.1794 0.1262
vn -0.9760 0.1770 0.1271
vn -0.9760 0.1765 0.1273
vn 0.3401 0.9376 0.0722
vn 0.3400 0.9376 0.0723
vn 0.3404 0.9375 0.0717
vn -0.9531 0.2877 -0.0943
vn 0.1844 -0.9756 -0.1193
vn -0.4864 -0.8737 0.0002
vn 0.8944 -0.3077 -0.3246
vn 0.3929 0.7832 0.4819
vn 0.0223 0.8503 0.5258
vn 0.0480 -0.9825 -0.1802
vn 0.0517 -0.9827 -0.1779
vn 0.0521 -0.9827 -0.1777
vn -0.3992 -0.9114 -0.0998
vn -0.3992 -0.9114 -0.0997
vn -0.3996 -0.9113 -0.0992
vn 0.9616 -0.1710 -0.2149
vn 0.9616 -0.1706 -0.2150
vn 0.9615 -0.1712 -0.2148
vn -0.0225 0.9912 0.1306
vn 0.2302 -0.0902 0.9690
vn 0.0936 -0.2062 0.9740
vn 0.0927 -0.2061 0.9741
vn 0.0869 -0.2049 0.9749
vn -0.6875 0.0957 0.7198
vn -0.6855 0.0904 0.7224
vn 0.0768 -0.9858 0.1493
vn 0.0734 -0.9852 0.1549
vn 0.0729 -0.9851 0.1557
vn -0.3240 -0.9273 0.1876
vn -0.3267 -0.9269 0.1850
vn -0.3236 -0.9273 0.1880
vn 0.8339 -0.2033 0.5131
vn 0.8338 -0.2035 0.5132
vn 0.8285 -0.2113 0.5186
vn 0.9894 0.1297 -0.0650
vn 0.9900 0.1277 -0.0604
vn 0.9898 0.1253 -0.0674
vn -0.9637 -0.2063 0.1695
vn -0.8641 0.3875 0.3213
vn 0.2237 0.9278 0.2984
vn 0.2224 0.9282 0.2982
vn 0.2243 0.9277 0.2985
vn 0.8752 -0.4295 -0.2225
vn -0.2028 -0.9669 -0.1548
vn -0.2027 -0.9669 -0.1548
vn -0.2029 -0.9669 -0.1548
vn 0.3119 -0.2432 0.9185
vn 0.3055 -0.2309 0.9238
vn 0.3057 -0.2299 0.9239
vn -0.9822 -0.1869 0.0171
vn -0.9829 -0.1831 0.0169
vn -0.9831 -0.1822 0.0168
vn 0.3059 -0.2289 0.9241
vn -0.1297 0.1041 -0.9861
vn 0.1414 -0.1096 0.9839
vn 0.9726 0.2220 -0.0686
vn 0.9720 0.2257 -0.0651
vn 0.9719 0.2264 -0.0643
vn -0.9473 -0.3050 0.0978
vn -0.8710 0.4155 0.2622
vn -0.8691 0.4208 0.2598
vn -0.8689 0.4216 0.2594
vn 0.2140 0.9506 0.2248
vn 0.2147 0.9506 0.2242
vn 0.2149 0.9506 0.2241
vn 0.8447 -0.4866 -0.2231
vn 0.8427 -0.4909 -0.2211
vn 0.8450 -0.4858 -0.2235
vn -0.2053 -0.9637 -0.1707
vn -0.2051 -0.9637 -0.1707
vn -0.2054 -0.9637 -0.1708
vn 0.8418 -0.3879 -0.3753
vn 0.0867 -0.2384 0.9673
vn 0.2345 0.9024 0.3616
vn 0.3117 -0.2284 0.9223
vn -0.2897 0.2171 -0.9322
vn -0.2932 0.2556 -0.9213
vn -0.4418 -0.0000 -0.8971
vn 0.3990 -0.3943 -0.8278
vn -0.3448 -0.0682 -0.9362
vn -0.5581 -0.7739 -0.2992
vn -0.5600 -0.7730 -0.2982
vn -0.5568 -0.7746 -0.3000
vn -0.2335 -0.8992 -0.3700
vn -0.2305 -0.9003 -0.3692
vn -0.2296 -0.9006 -0.3690
vn -0.8362 0.3967 0.3788
vn 0.9774 0.2112 -0.0123
vn 0.9769 0.2134 -0.0125
vn 0.9775 0.2107 -0.0122
vn -0.0627 -0.8958 -0.4401
vn -0.0645 -0.8958 -0.4397
vn -0.0613 -0.8957 -0.4404
vn -0.0523 0.1860 -0.9811
vn 0.2928 0.8092 0.5094
vn -0.8591 0.0040 -0.5118
vn -0.2551 -0.7583 -0.5999
vn 0.3027 -0.2295 0.9250
vn 0.3956 -0.1511 0.9059
vn 0.0729 -0.2587 0.9632
vn 0.7820 -0.5025 0.3687
vn 0.0838 -0.2472 0.9653
vn 0.1110 -0.3274 0.9383
vn 0.3461 -0.0931 0.9336
vn 0.1663 -0.3197 0.9328
vn 0.4865 -0.3070 0.8180
vn 0.3273 0.9449 0.0092
vn 0.8345 -0.5097 -0.2092
vn -0.8702 0.4190 0.2592
vn -0.9007 -0.4327 0.0394
vn 0.9682 0.2420 -0.0628
vn -0.0305 0.9989 0.0356
vn -0.9756 0.1799 0.1260
vn 0.3396 0.9377 0.0728
vn -0.9819 0.1797 -0.0592
vn 0.0544 -0.9866 -0.1536
vn -0.3939 -0.9165 -0.0702
vn 0.9131 -0.1547 -0.3773
vn 0.4417 0.8062 0.3936
vn -0.0189 0.8776 0.4791
vn 0.0477 -0.9824 -0.1804
vn -0.3988 -0.9115 -0.1004
vn 0.9616 -0.1705 -0.2151
vn -0.0098 0.9903 0.1387
vn 0.0861 -0.2048 0.9750
vn 0.2159 -0.1186 0.9692
vn -0.6877 0.0959 0.7197
vn 0.0777 -0.9859 0.1479
vn -0.3275 -0.9267 0.1842
vn 0.8341 -0.2031 0.5128
vn 0.9775 0.1984 -0.0719
vn -0.9448 -0.3200 0.0709
vn -0.8591 0.4008 0.3183
vn 0.2219 0.9284 0.2981
vn 0.8528 -0.4796 -0.2066
vn 0.3421 -0.2229 0.9128
vn 0.2701 -0.2056 0.9406
vn -0.9821 -0.1878 0.0172
vn 0.3443 -0.2137 0.9142
vn -0.1163 0.2976 -0.9476
vn 0.1288 -0.2839 0.9502
vn 0.9727 0.2213 -0.0694
vn -0.9296 -0.3668 0.0372
vn -0.8712 0.4148 0.2626
vn 0.2137 0.9506 0.2250
vn 0.8423 -0.4918 -0.2207
vn -0.2049 -0.9638 -0.1706
vn 0.8288 -0.4251 -0.3640
vn 0.1505 -0.0632 0.9866
vn 0.2782 0.8845 0.3746
vn 0.2835 -0.2111 0.9354
vn -0.3472 0.2397 -0.9066
vn -0.3670 0.2191 -0.9041
vn -0.6119 0.1201 -0.7818
vn 0.5343 -0.1970 -0.8220
vn -0.1199 0.0138 -0.9927
vn -0.5614 -0.7723 -0.2974
vn -0.2343 -0.8989 -0.3702
vn -0.8308 0.4134 0.3726
vn 0.9768 0.2138 -0.0126
vn -0.0659 -0.8958 -0.4394
vn -0.0916 0.1159 -0.9890
vn 0.2154 0.7612 0.6118
vn -0.8646 0.1167 -0.4886
vn -0.2060 -0.7985 -0.5657
vn -0.2328 0.9484 0.2152
vn -0.2499 0.2825 -0.9261
vn 0.1715 -0.9636 -0.2051
vn 0.1721 -0.4366 0.8831
vn 0.1721 -0.4370 0.8829
vn 0.1722 -0.4365 0.8831
vn 0.0849 0.1128 0.9900
vn -0.1243 -0.2326 -0.9646
vn 0.2172 -0.9532 -0.2103
vn 0.2188 -0.9522 -0.2130
vn 0.2189 -0.9522 -0.2132
vn -0.8727 -0.2186 0.4367
vn -0.8729 -0.2190 0.4359
vn -0.8731 -0.2193 0.4354
vn -0.9734 -0.1915 0.1261
vn 0.1394 -0.4907 0.8601
vn 0.1428 -0.4828 0.8640
vn 0.1387 -0.4922 0.8593
vn -0.1609 -0.1431 -0.9765
vn 0.1581 -0.9661 -0.2041
vn 0.1569 -0.9668 -0.2015
vn 0.1567 -0.9670 -0.2010
vn 0.0475 0.0274 0.9985
vn -0.2856 0.2930 -0.9125
vn -0.1606 0.6942 0.7016
vn -0.8289 -0.1973 0.5234
vn 0.9581 -0.1083 -0.2652
vn -0.1782 0.0071 -0.9840
vn -0.8493 -0.2973 0.4362
vn 0.0450 0.9958 -0.0792
vn -0.9264 0.3491 0.1413
vn 0.4291 -0.7403 0.5175
vn -0.1295 -0.4344 -0.8913
vn 0.9874 0.1574 0.0140
vn 0.9761 0.2046 0.0734
vn 0.9757 0.2050 0.0779
vn 0.9761 0.2059 0.0701
vn -0.1654 -0.0166 0.9861
vn -0.1655 -0.0162 0.9861
vn -0.1623 -0.0157 0.9866
vn 0.2274 -0.2868 0.9306
vn -0.0735 0.3325 -0.9402
vn -0.0727 0.3329 -0.9402
vn -0.0743 0.3325 -0.9402
vn -0.8829 -0.2673 0.3859
vn -0.8865 -0.2623 0.3812
vn -0.9866 0.0239 0.1611
vn -0.6364 -0.1300 0.7603
vn -0.2522 0.9425 0.2193
vn -0.2493 0.9428 0.2214
vn -0.2464 0.9431 0.2235
vn 0.1115 -0.9555 -0.2731
vn 0.1303 -0.0227 0.9912
vn 0.0795 -0.9177 -0.3892
vn -0.2613 0.2689 -0.9270
vn -0.3244 0.9231 0.2064
vn -0.7978 0.5273 0.2925
vn -0.7972 0.5282 0.2923
vn -0.7969 0.5287 0.2922
vn -0.0979 0.4193 -0.9025
vn 0.9973 0.0495 -0.0542
vn 0.2088 0.5023 0.8391
vn 0.0834 0.8502 0.5199
vn -0.9923 0.0932 0.0817
vn -0.9923 0.0933 0.0816
vn -0.9923 0.0928 0.0820
vn 0.9771 0.2100 -0.0358
vn -0.2832 0.3115 -0.9071
vn -0.2289 0.9528 0.1994
vn -0.2769 0.2658 -0.9234
vn 0.0292 0.0263 0.9992
vn -0.2153 0.2175 0.9520
vn -0.0744 0.3327 -0.9401
vn -0.1640 -0.0166 0.9863
vn -0.1603 -0.0151 0.9869
vn 0.2235 -0.9536 -0.2017
vn 0.2238 -0.9535 -0.2017
vn 0.2240 -0.9535 -0.2017
vn -0.0547 -0.5167 0.8544
vn 0.8654 0.3859 0.3196
vn -0.1383 0.9698 0.2008
vn -0.1382 0.9698 0.2007
vn 0.9524 0.0329 0.3030
vn -0.2453 0.3764 -0.8934
vn -0.2557 0.4007 -0.8798
vn 0.1720 -0.4371 0.8828
vn 0.0948 -0.0263 0.9951
vn 0.0794 0.1342 0.9878
vn 0.0711 0.1360 0.9882
vn 0.0747 0.1325 0.9884
vn -0.1462 -0.1996 -0.9689
vn 0.2171 -0.9532 -0.2102
vn -0.8725 -0.2184 0.4370
vn -0.9710 0.0441 0.2348
vn 0.1435 -0.4814 0.8647
vn -0.1931 -0.1018 -0.9759
vn 0.1584 -0.9659 -0.2047
vn 0.0548 -0.0394 0.9977
vn -0.2700 0.3681 -0.8897
vn -0.0850 0.2256 0.9705
vn -0.8584 -0.2014 0.4718
vn 0.9992 -0.0333 -0.0207
vn 0.9959 0.0245 -0.0874
vn -0.1374 -0.0843 -0.9869
vn -0.9026 -0.2437 0.3550
vn 0.2065 0.9750 -0.0822
vn -0.9609 0.1148 0.2521
vn 0.1791 -0.7059 0.6853
vn 0.0973 -0.4650 -0.8799
vn 0.9763 0.2059 0.0665
vn 0.9766 0.2050 0.0646
vn -0.1395 -0.0092 0.9902
vn 0.2213 -0.3486 0.9107
vn -0.0718 0.3331 -0.9402
vn -0.8614 -0.2723 0.4289
vn -0.8990 -0.2430 0.3644
vn -0.9180 -0.3778 0.1205
vn -0.6510 -0.1385 0.7463
vn -0.2524 0.9425 0.2192
vn 0.0758 -0.9103 -0.4070
vn 0.0881 0.0495 0.9949
vn 0.0531 -0.8888 -0.4551
vn -0.2521 0.3253 -0.9114
vn -0.3015 0.9241 0.2346
vn -0.7980 0.5268 0.2926
vn 0.8165 0.4259 -0.3898
vn 0.9824 0.1862 0.0174
vn -0.2808 -0.7337 0.6187
vn -0.1301 0.9404 0.3141
vn 0.2328 0.8374 0.4946
vn -0.9923 0.0936 0.0813
vn -0.2948 0.3960 -0.8696
vn -0.9347 0.3274 0.1380
vn -0.2791 0.2929 -0.9145
vn 0.0435 0.1029 0.9937
vn 0.9737 0.2271 -0.0195
vn -0.0512 0.3374 -0.9400
vn -0.6827 -0.4832 0.5481
vn 0.8677 -0.2392 0.4358
vn -0.5839 -0.3881 0.7130
vn 0.2816 0.3902 -0.8766
vn 0.5951 0.5439 -0.5916
vn -0.0460 0.2386 -0.9700
vn -0.0485 0.2382 -0.9700
vn -0.0494 0.2380 -0.9700
vn 0.8094 0.5676 0.1506
vn -0.5095 0.8604 0.0063
vn -0.5095 0.8605 0.0064
vn 0.2751 0.1474 0.9500
vn 0.2749 0.1478 0.9501
vn 0.2749 0.1478 0.9500
vn 0.5834 0.3881 -0.7134
vn -0.3138 -0.1729 -0.9336
vn -0.3139 -0.1729 -0.9336
vn -0.5694 -0.3399 -0.7485
vn -0.5696 -0.3395 -0.7485
vn -0.5696 -0.3397 -0.7485
vn 0.5379 0.3186 0.7805
vn 0.5378 0.3186 0.7805
vn -0.5095 0.8604 0.0064
vn 0.6358 0.4331 0.6388
vn -0.6489 -0.4695 0.5987
vn 0.5157 0.3556 0.7795
vn -0.5727 -0.3342 -0.7485
vn 0.1375 0.0936 -0.9861
vn 0.7245 0.4927 -0.4819
vn 0.3143 0.1900 0.9301
vn -0.5537 -0.3846 0.7386
vn -0.5543 -0.3836 0.7387
vn -0.5543 -0.3837 0.7387
vn -0.8159 -0.5220 0.2487
vn 0.8124 0.5230 -0.2577
vn 0.8123 0.5211 -0.2619
vn 0.8127 0.5239 -0.2551
vn 0.6655 0.1385 -0.7334
vn -0.7037 -0.6681 0.2418
vn 0.8314 0.4934 -0.2554
vn 0.2713 0.1538 0.9501
vn -0.8329 -0.4942 0.2490
vn -0.3112 -0.1775 -0.9336
vn 0.5659 0.3399 -0.7512
vn 0.5405 0.3141 0.7805
vn -0.6008 -0.3603 0.7136
vn -0.5731 -0.3336 -0.7485
vn -0.2004 -0.3497 -0.9152
vn 0.3723 -0.0303 0.9276
vn -0.4762 -0.5382 0.6954
vn 0.6357 0.1258 0.7616
vn 0.9228 0.2927 -0.2506
vn -0.4569 -0.5024 -0.7340
vn 0.6270 -0.7778 -0.0431
vn 0.5095 -0.8604 -0.0064
vn -0.6370 -0.2952 0.7121
vn 0.5024 0.3753 0.7790
vn 0.7908 0.5568 -0.2543
vn -0.6075 -0.2724 -0.7462
vn 0.5250 0.4052 -0.7485
vn -0.8683 -0.4291 0.2488
vn -0.3462 -0.1166 -0.9309
vn 0.2340 0.2152 0.9481
vn 0.5095 -0.8605 -0.0063
vn 0.5925 -0.7980 0.1103
vn 0.5923 -0.7980 -0.1113
vn 0.4214 -0.8982 -0.1249
vn 0.4239 -0.9001 0.1006
vn 0.5517 -0.8223 0.1391
vn 0.3830 -0.9232 0.0309
vn 0.4622 -0.8738 -0.1512
vn -0.5094 0.8605 0.0063
vn 0.5095 -0.8605 -0.0064
vn 0.7428 0.4402 -0.5044
vn 0.7419 0.4415 -0.5047
vn 0.7432 0.4397 -0.5042
vn 0.5095 -0.8604 -0.0063
vn -0.7700 -0.4584 0.4439
vn -0.0067 0.5631 0.8264
vn 0.2111 0.6967 0.6856
vn -0.5095 0.8605 0.0063
vn 0.5094 -0.8605 -0.0063
vn 0.8608 0.5090 -0.0036
vn 0.5345 0.3106 0.7861
vn 0.2811 0.1596 0.9463
vn -0.7663 -0.4563 0.4523
vn 0.7418 0.4422 -0.5042
vn 0.4552 0.2750 -0.8469
vn 0.4551 0.2750 -0.8469
vn 0.8536 0.4831 0.1948
vn -0.3525 -0.0525 -0.9344
vn 0.8620 0.4877 0.1380
vn -0.1259 -0.0685 -0.9897
vn 0.6965 0.3924 -0.6007
vn 0.6965 0.3925 -0.6007
vn 0.6643 0.3864 0.6399
vn 0.3619 0.1608 -0.9182
vn 0.4669 0.4211 0.7776
vn 0.4896 0.3418 0.8022
vn 0.4965 0.3424 0.7977
vn 0.4885 0.3416 0.8030
vn 0.4640 0.3796 0.8004
vn 0.4458 0.3132 0.8386
vn 0.2658 -0.9343 -0.2374
vn 0.2628 -0.9342 -0.2414
vn 0.2596 -0.9340 -0.2453
vn -0.7619 -0.5088 0.4008
vn 0.1532 -0.9845 0.0859
vn 0.7631 -0.5715 0.3016
vn 0.1502 -0.9864 0.0670
vn 0.4849 -0.8252 -0.2897
vn 0.4829 -0.8253 -0.2927
vn 0.4806 -0.8256 -0.2956
vn 0.3087 -0.9054 -0.2916
vn 0.2845 -0.9288 0.2376
vn 0.4611 -0.8441 0.2736
vn 0.5000 -0.8660 -0.0000
vn 0.7292 -0.6619 -0.1736
vn 0.7292 -0.6619 -0.1735
vn 0.7291 -0.6620 -0.1736
vn 0.3268 0.9260 -0.1890
vn 0.6561 -0.5830 0.4793
vn 0.8783 -0.2789 0.3884
vn 0.4273 0.8656 -0.2610
vn 0.2492 0.9363 -0.2474
vn 0.2313 0.9351 -0.2687
vn 0.5433 0.8271 -0.1441
vn 0.7622 0.6470 -0.0195
vn 0.7944 0.5470 -0.2640
vn -0.7135 -0.4921 0.4988
vn -0.3694 -0.1675 -0.9140
vn 0.5024 -0.8646 -0.0016
vn -0.1622 -0.9235 0.3477
vn -0.6351 -0.5971 0.4899
vn -0.5549 -0.3826 0.7387
vn 0.2466 0.3484 -0.9043
vn 0.6985 0.5336 -0.4768
vn -0.0451 0.2388 -0.9700
vn 0.8142 0.5641 0.1376
vn 0.2749 0.1476 0.9501
vn 0.5412 0.3802 -0.7501
vn 0.6822 0.5186 0.5154
vn -0.8391 -0.5383 -0.0782
vn 0.8073 0.4800 0.3433
vn -0.5399 -0.3027 -0.7854
vn -0.3337 -0.1376 -0.9326
vn 0.5519 0.4367 -0.7104
vn 0.2719 0.1528 0.9501
vn -0.7331 -0.4613 0.4997
vn -0.8174 -0.5298 0.2261
vn -0.8161 -0.5319 0.2261
vn -0.8174 -0.5299 0.2261
vn 0.8120 0.5203 -0.2645
vn 0.7414 0.4419 -0.5049
vn -0.7500 -0.4830 0.4518
vn 0.9076 0.4061 0.1064
vn -0.4852 -0.0563 -0.8726
vn 0.8352 0.5140 0.1958
vn -0.0216 -0.0767 -0.9968
vn 0.5542 0.3811 0.7400
vn 0.4010 0.2247 -0.8881
vn 0.4751 0.4341 0.7654
vn 0.4980 0.3426 0.7967
vn 0.5017 0.4410 0.7442
vn 0.4953 0.3914 0.7755
vn 0.2689 -0.9344 -0.2335
vn -0.3083 -0.3428 0.8874
vn 0.7455 -0.6422 0.1786
vn 0.4871 -0.8249 -0.2868
vn 0.7290 -0.6621 -0.1737
vn 0.7951 -0.4236 0.4340
vn 0.8017 -0.4690 0.3705
vn 0.2988 0.9392 -0.1691
vn 0.1981 0.8681 -0.4551
vn 0.7102 0.5235 -0.4708
vn -0.8147 -0.5341 0.2260
vn -0.3247 -0.2036 -0.9236
vn 0.6160 -0.3925 0.6829
vn 0.5973 -0.4225 0.6817
vn 0.4111 -0.2980 0.8615
vn 0.4118 -0.2969 0.8615
vn -0.0904 0.2569 -0.9622
vn -0.4699 0.4657 -0.7499
vn 0.2131 0.1475 -0.9658
vn 0.2107 0.1479 -0.9663
vn 0.2140 0.1473 -0.9657
vn -0.8158 0.5646 -0.1251
vn 0.5083 0.8612 0.0090
vn -0.4433 0.2442 0.8625
vn -0.4431 0.2445 0.8625
vn -0.4430 0.2444 0.8626
vn -0.4419 0.3050 -0.8436
vn 0.4807 -0.2688 -0.8347
vn 0.4806 -0.2688 -0.8347
vn 0.7089 -0.4203 -0.5664
vn 0.7087 -0.4206 -0.5664
vn 0.7089 -0.4204 -0.5663
vn -0.6830 0.4027 0.6094
vn -0.6829 0.4027 0.6095
vn -0.7523 0.5026 0.4260
vn 0.8273 -0.5310 0.1832
vn -0.6286 -0.7767 -0.0409
vn 0.8179 -0.5312 0.2211
vn 0.5205 -0.3925 0.7583
vn -0.7571 0.1907 0.6248
vn -0.8568 0.5087 0.0849
vn 0.2914 -0.6764 -0.6765
vn 0.6861 -0.3868 -0.6161
vn -0.3979 -0.7909 -0.4649
vn 0.0282 -0.0019 -0.9996
vn -0.6105 0.4246 -0.6686
vn -0.4804 0.2863 0.8290
vn 0.7440 -0.4859 0.4586
vn 0.7441 -0.4859 0.4586
vn 0.7455 -0.4836 0.4587
vn -0.7323 0.4735 -0.4895
vn -0.7334 0.4760 -0.4852
vn -0.7341 0.4770 -0.4833
vn -0.5211 0.0609 -0.8513
vn 0.6314 -0.6197 0.4661
vn -0.7522 0.4473 -0.4839
vn -0.4394 0.2507 0.8626
vn 0.7548 -0.4488 0.4785
vn 0.4779 -0.2736 -0.8347
vn -0.4203 0.2555 -0.8707
vn -0.6857 0.3981 0.6094
vn 0.4587 -0.2779 0.8440
vn 0.7125 -0.4142 -0.5664
vn 0.3589 -0.4504 -0.8175
vn -0.5397 0.0570 0.8399
vn 0.3412 -0.4536 0.8233
vn -0.7803 0.1998 0.5926
vn -0.8431 0.2529 -0.4745
vn 0.5885 -0.5875 -0.5554
vn -0.6168 -0.7829 -0.0815
vn -0.5083 -0.8612 -0.0090
vn 0.4943 -0.2147 0.8423
vn -0.6456 0.4615 0.6084
vn -0.7130 0.5092 -0.4820
vn 0.7477 -0.3502 -0.5642
vn -0.3809 0.3195 -0.8676
vn 0.7894 -0.3854 0.4778
vn 0.5138 -0.2099 -0.8319
vn -0.4002 0.3143 0.8608
vn -0.5082 -0.8612 -0.0089
vn -0.6093 -0.7893 0.0760
vn -0.5716 -0.8091 -0.1364
vn -0.4026 -0.9101 -0.0979
vn -0.4417 -0.8894 0.1180
vn -0.5741 -0.8105 0.1160
vn -0.5741 -0.8105 0.1161
vn -0.3901 -0.9186 0.0635
vn -0.4382 -0.8886 -0.1355
vn 0.5082 0.8612 0.0090
vn -0.6248 0.3716 -0.6867
vn -0.6237 0.3729 -0.6870
vn -0.6233 0.3733 -0.6871
vn 0.6603 -0.3946 0.6389
vn -0.1285 0.6581 0.7419
vn -0.3247 0.7801 0.5347
vn -0.5083 -0.8611 -0.0089
vn 0.5083 0.8611 0.0090
vn 0.5082 0.8612 0.0089
vn 0.5083 0.8612 0.0089
vn -0.5083 -0.8612 -0.0089
vn -0.5081 -0.8612 -0.0089
vn -0.8309 0.4916 -0.2606
vn -0.5082 -0.8612 -0.0090
vn 0.5083 0.8611 0.0089
vn -0.6807 0.3950 0.6170
vn -0.6806 0.3950 0.6170
vn -0.4489 0.2564 0.8560
vn 0.6555 -0.3919 0.6456
vn -0.6238 0.3736 -0.6866
vn -0.3015 0.1861 -0.9351
vn -0.3014 0.1861 -0.9351
vn -0.9017 0.4035 -0.1550
vn -0.5661 0.3175 -0.7607
vn 0.5194 -0.1524 -0.8408
vn -0.8499 0.5225 -0.0680
vn 0.2957 -0.1665 -0.9407
vn -0.6909 0.4625 0.5556
vn -0.2440 0.1341 -0.9605
vn -0.6084 0.5089 0.6090
vn -0.6432 0.4295 0.6339
vn -0.6378 0.4296 0.6392
vn -0.6364 0.4295 0.6408
vn -0.6103 0.4687 0.6386
vn -0.5994 0.4043 0.6908
vn -0.2353 -0.9581 -0.1634
vn -0.0757 -0.1078 0.9913
vn -0.1729 -0.9692 0.1755
vn -0.7405 0.0496 0.6702
vn -0.1668 -0.9732 0.1585
vn -0.4381 -0.8542 -0.2800
vn -0.4351 -0.8548 -0.2827
vn -0.4405 -0.8537 -0.2779
vn -0.2651 -0.9358 -0.2323
vn -0.3265 -0.9015 0.2839
vn -0.5073 -0.8189 0.2686
vn 0.0693 -0.8808 0.4683
vn -0.5000 -0.8660 -0.0000
vn 0.0582 -0.8853 0.4614
vn -0.2784 0.8863 -0.3700
vn -0.8643 -0.4431 0.2379
vn -0.1108 0.8043 -0.5838
vn -0.1936 0.8917 -0.4091
vn -0.1728 0.8885 -0.4250
vn -0.5985 0.4555 -0.6591
vn 0.4901 -0.2998 -0.8185
vn -0.4982 -0.8670 -0.0007
vn -0.5002 -0.8659 0.0025
vn -0.4999 -0.8661 0.0052
vn -0.4911 -0.8711 0.0066
vn -0.5007 -0.8656 -0.0024
vn -0.5019 -0.8649 -0.0022
vn -0.5000 -0.8660 -0.0001
vn -0.6645 0.3060 -0.6817
vn 0.4424 -0.3051 0.8433
vn -0.1283 0.2994 -0.9455
vn -0.5863 0.4648 -0.6635
vn 0.2097 0.1481 -0.9665
vn -0.8141 0.5699 -0.1121
vn -0.3964 0.2950 -0.8694
vn -0.7708 0.5728 0.2789
vn 0.8154 -0.5206 0.2533
vn -0.7476 0.1819 0.6388
vn -0.6596 0.4411 0.6086
vn 0.7121 -0.4149 -0.5663
vn 0.5011 -0.2320 -0.8337
vn -0.4119 0.3528 -0.8402
vn -0.4400 0.2497 0.8626
vn 0.4125 -0.2958 0.8616
vn 0.7383 -0.4759 0.4780
vn -0.7316 0.4725 -0.4914
vn 0.6314 -0.6197 0.4660
vn -0.6252 0.3712 -0.6866
vn 0.6398 -0.4178 0.6451
vn -0.8681 0.4915 -0.0691
vn 0.6628 -0.1533 -0.7330
vn -0.8634 0.4886 -0.1255
vn 0.1899 -0.1756 -0.9660
vn -0.7819 0.4544 0.4268
vn -0.2025 0.0691 -0.9768
vn -0.6143 0.5209 0.5927
vn -0.6449 0.4297 0.6320
vn -0.6373 0.5252 0.5639
vn -0.6375 0.4779 0.6043
vn -0.2243 -0.9591 -0.1727
vn 0.6652 -0.4685 0.5814
vn -0.1728 -0.9692 0.1755
vn -0.7716 -0.6302 0.0868
vn -0.1669 -0.9732 0.1585
vn -0.4327 -0.8554 -0.2849
vn -0.7396 -0.5469 0.3922
vn -0.9441 -0.2514 0.2131
vn -0.2548 0.9026 -0.3471
vn -0.3629 0.8158 -0.4504
vn -0.7147 0.4986 -0.4905
vn 0.7469 -0.4813 0.4587
vn -0.1629 -0.9377 0.3067
vn 0.6160 -0.3925 0.6830
vn 0.5349 -0.2610 -0.8036
vn -0.6242 -0.7369 0.2597
vn 0.6590 0.0167 0.7520
vn 0.6374 -0.0860 0.7657
vn 0.7486 0.1230 0.6515
vn -0.5485 -0.7477 0.3743
vn -0.4399 -0.7504 0.4934
vn -0.4400 -0.7507 0.4927
vn -0.4460 -0.7432 0.4987
vn -0.6200 -0.7413 0.2570
vn -0.6250 -0.7366 0.2584
vn -0.6246 -0.7369 0.2587
vn 0.7900 -0.1855 0.5844
vn 0.6693 0.0517 0.7412
vn 0.6987 0.0802 0.7109
vn -0.5671 -0.7254 0.3900
vn -0.5363 -0.7614 0.3642
vn -0.4645 -0.7339 0.4956
vn 0.6561 0.0552 0.7526
vn 0.6282 -0.0511 0.7764
vn 0.6229 -0.0407 0.7813
vn -0.5676 -0.7249 0.3904
vn -0.5366 -0.7611 0.3644
vn -0.4139 -0.7358 0.5361
vn 0.5633 -0.1860 0.8051
vn 0.5175 -0.1528 0.8419
vn 0.5272 -0.1639 0.8338
vn -0.5321 -0.7661 0.3606
vn -0.5596 -0.7346 0.3837
vn 0.6397 0.7293 -0.2429
vn 0.6455 0.7222 -0.2486
vn 0.6395 0.7296 -0.2425
vn 0.6455 0.7224 -0.2478
vn 0.6010 -0.0634 0.7967
vn 0.5337 -0.0615 0.8434
vn 0.5563 -0.1276 0.8211
vn -0.5628 -0.7307 0.3863
vn 0.3922 -0.3090 0.8664
vn 0.4176 -0.3034 0.8565
vn 0.4281 -0.2376 0.8720
vn 0.6373 0.0516 0.7689
vn 0.7270 0.6279 0.2778
vn 0.6949 -0.0343 0.7183
vn 0.3797 -0.5979 0.7059
vn 0.7760 0.5392 0.3273
vn 0.8007 0.0900 0.5923
vn 0.3829 -0.5229 0.7615
vn 0.1448 -0.2181 0.9651
vn 0.4949 -0.1546 0.8551
vn 0.5122 -0.1273 0.8494
vn -0.7855 0.1097 0.6090
vn 0.2726 -0.4919 0.8269
vn 0.6377 0.1402 0.7575
vn 0.6380 -0.0453 0.7687
vn 0.5778 -0.0171 0.8160
vn 0.5967 -0.0611 0.8001
vn 0.5975 -0.0604 0.7996
vn 0.5981 -0.0599 0.7991
vn 0.5301 -0.2581 0.8077
vn 0.6792 -0.3164 0.6622
vn 0.6774 -0.3148 0.6648
vn 0.6781 -0.3138 0.6646
vn 0.3001 0.6182 0.7265
vn 0.2938 0.6283 0.7204
vn 0.3058 0.6104 0.7307
vn -0.6043 0.6186 0.5021
vn -0.6034 0.6201 0.5014
vn 0.5985 -0.0363 0.8003
vn 0.5106 0.0449 0.8587
vn 0.6597 -0.1127 0.7430
vn -0.5507 -0.7452 0.3762
vn 0.7035 0.0490 0.7090
vn 0.6776 0.0644 0.7326
vn 0.6802 0.0616 0.7305
vn 0.6780 0.0639 0.7323
vn 0.6783 0.0377 0.7338
vn 0.7407 0.1010 0.6642
vn 0.6605 -0.0103 0.7508
vn 0.6254 -0.0207 0.7800
vn 0.6253 -0.0205 0.7801
vn 0.6270 -0.0149 0.7789
vn 0.6784 0.0635 0.7320
vn 0.6449 0.7396 -0.1925
vn -0.4458 -0.7436 0.4984
vn -0.6364 -0.7248 0.2639
vn -0.5506 -0.7452 0.3761
vn 0.7484 0.0460 0.6616
vn 0.6578 -0.0606 0.7507
vn 0.6655 0.1174 0.7371
vn 0.6725 0.0573 0.7379
vn -0.6198 -0.7416 0.2567
vn 0.6417 -0.0144 0.7668
vn 0.6303 -0.0494 0.7748
vn 0.6631 0.0486 0.7470
vn -0.4458 -0.7666 0.4621
vn -0.5577 0.1184 -0.8216
vn -0.5440 -0.7528 0.3706
vn 0.5756 -0.1356 0.8064
vn 0.6091 -0.0899 0.7880
vn 0.4942 -0.1571 0.8550
vn 0.5279 -0.1146 0.8415
vn 0.6388 -0.0842 0.7648
vn 0.5499 -0.1155 0.8272
vn -0.4314 -0.7209 0.5425
vn 0.5763 -0.1275 0.8072
vn 0.5950 -0.0510 0.8021
vn 0.5973 -0.1350 0.7906
vn -0.4035 -0.7097 0.5775
vn 0.3463 -0.3221 0.8811
vn 0.4464 -0.2588 0.8566
vn 0.3546 -0.3335 0.8735
vn 0.6436 0.7116 -0.2818
vn 0.6265 -0.0164 0.7793
vn 0.7309 0.0894 0.6766
vn 0.7251 0.0853 0.6833
vn 0.7581 0.4858 0.4351
vn 0.7052 -0.0631 0.7062
vn 0.6916 -0.0301 0.7216
vn 0.6999 -0.0264 0.7137
vn 0.4584 -0.4851 0.7447
vn 0.8240 0.2980 0.4818
vn 0.8262 0.0815 0.5574
vn 0.6019 -0.1272 0.7884
vn 0.5217 -0.1808 0.8338
vn 0.5454 -0.1834 0.8179
vn 0.5704 -0.0321 0.8208
vn 0.4725 -0.1914 0.8603
vn 0.5154 -0.1614 0.8416
vn 0.4647 -0.2279 0.8556
vn 0.5049 -0.1668 0.8469
vn -0.2642 -0.8142 0.5170
vn 0.6032 -0.0932 0.7921
vn 0.7346 0.1846 0.6529
vn 0.7817 0.2430 0.5744
vn 0.6166 -0.0654 0.7846
vn 0.6590 -0.0628 0.7495
vn 0.8571 0.3490 0.3789
vn 0.5973 -0.0606 0.7997
vn 0.5620 -0.1004 0.8210
vn 0.5369 -0.2510 0.8054
vn 0.6792 -0.3163 0.6623
vn 0.2888 0.6316 0.7195
vn -0.6024 0.6198 0.5029
vn 0.5922 -0.0318 0.8052
vn 0.5192 0.0380 0.8538
vn 0.6646 -0.1184 0.7377
vn -0.2457 -0.0000 -0.9694
vn -0.1878 0.9296 0.3171
vn -0.0739 0.9971 0.0187
vn 0.1161 0.9928 -0.0294
vn 0.3016 0.9504 -0.0764
vn 0.8646 0.4521 -0.2191
vn 0.9335 0.2693 -0.2366
vn 0.9665 0.0763 -0.2449
vn 0.8447 -0.4905 -0.2142
vn -0.7626 -0.6173 0.1933
vn -0.9665 -0.0763 0.2449
vn -0.9213 0.3111 0.2335
vn 0.2457 -0.0003 0.9694
vn 0.2458 0.0001 0.9693
vn 0.2457 -0.0004 0.9694
vn 0.2442 -0.0000 0.9697
vn 0.2462 -0.0000 0.9692
vn 0.2458 0.0002 0.9693
vn 0.2458 0.0008 0.9693
vn 0.2454 0.0001 0.9694
vn 0.2448 0.0004 0.9696
vn 0.2446 0.0001 0.9696
vn 0.2461 -0.0000 0.9693
vn 0.2454 0.0002 0.9694
vn 0.2453 0.0001 0.9694
vn 0.2457 -0.0001 0.9693
vn 0.2458 -0.0000 0.9693
vn 0.2456 -0.0000 0.9694
vn 0.2460 -0.0001 0.9693
vn 0.2457 -0.0000 0.9694
vn -0.2457 0.0002 -0.9693
vn -0.2456 -0.0000 -0.9694
vn -0.2455 -0.0001 -0.9694
vn -0.2457 0.0001 -0.9694
vn -0.2458 -0.0000 -0.9693
vn -0.2457 0.0001 -0.9693
vn -0.2454 0.0001 -0.9694
vn -0.2455 -0.0000 -0.9694
vn 0.3015 0.9504 -0.0764
vn 0.8647 0.4521 -0.2191
vn 0.2611 -0.9631 -0.0662
vn -0.8647 -0.4521 0.2192
vn 0.2460 -0.0000 0.9693
vn 0.2456 0.0001 0.9694
vn 0.2456 -0.0001 0.9694
vn -0.2458 0.0002 -0.9693
vn -0.2456 0.0001 -0.9694
vn -0.2454 -0.0000 -0.9694
vn -0.2457 -0.0001 -0.9693
vn -0.2459 0.0002 -0.9693
vn -0.2458 0.0001 -0.9693
vn -0.2456 -0.0001 -0.9694
vn -0.7368 0.6663 0.1148
vn -0.1268 0.2988 0.9458
vn -0.8755 -0.4763 0.0818
vn -0.8381 0.1321 0.5293
vn -0.2668 0.7284 0.6311
vn -0.9929 0.0904 -0.0767
vn -0.0514 0.1689 -0.9843
vn -0.2914 -0.1888 -0.9378
vn -0.9784 0.0390 0.2031
vn -0.3224 0.3311 -0.8868
vn -0.0905 -0.3250 0.9414
vn -0.0010 -0.3522 0.9359
vn -0.7803 0.4799 0.4010
vn -0.5777 0.7075 0.4070
vn 0.9981 -0.0618 -0.0000
vn 0.2239 0.6281 -0.7452
vn 0.0018 0.9162 0.4007
vn 0.9909 0.0198 -0.1332
vn -0.9914 0.0412 0.1241
vn 0.9910 -0.0167 -0.1331
vn -0.0017 -0.9994 -0.0357
vn -0.9814 -0.0289 0.1896
vn 0.9824 -0.0233 -0.1855
vn -0.2848 -0.6861 -0.6694
vn -0.9070 0.3821 0.1770
vn 0.7363 -0.6336 -0.2375
vn -0.6475 -0.4109 -0.6418
vn 0.1866 0.5937 0.7828
vn 0.8982 -0.4395 -0.0063
vn 0.7962 -0.5515 -0.2489
vn 0.2312 0.1469 -0.9617
vn -0.7811 0.6187 0.0843
vn -0.1978 -0.3368 0.9206
vn 0.0030 -0.8900 -0.4559
vn 0.9854 -0.0193 -0.1694
vn -0.9522 0.0962 0.2899
vn 0.9471 -0.0400 -0.3186
vn -0.9985 0.0175 0.0526
vn 0.9987 -0.0508 -0.0041
vn -0.9934 0.0143 0.1137
vn 0.9934 -0.0130 -0.1139
vn -0.8529 0.4981 0.1564
vn 0.5609 0.6566 0.5042
vn 0.8663 -0.4555 -0.2052
vn -0.4995 -0.2517 -0.8290
vn -0.7883 0.5589 0.2573
vn 0.4337 0.2942 0.8517
vn 0.8513 -0.5024 -0.1513
vn -0.4504 -0.2011 -0.8699
vn -0.7171 0.5856 -0.3780
vn 0.2610 0.4304 0.8641
vn 0.5377 -0.8421 0.0415
vn 0.2790 0.8407 0.4641
vn -0.9312 0.2301 0.2828
vn 0.0609 -0.8081 0.5860
vn 0.9410 -0.2746 -0.1979
vn -0.0982 0.7125 -0.6948
vn -0.6531 0.4381 0.6177
vn 0.3238 -0.7505 0.5761
vn 0.7905 -0.4617 -0.4025
vn 0.6648 -0.2308 -0.7104
vn 0.7368 0.6663 0.1148
vn 0.9496 -0.3064 0.0655
vn 0.9483 0.2985 0.1075
vn 0.2668 0.7284 0.6311
vn 0.9929 0.0904 -0.0767
vn 0.0514 0.1689 -0.9843
vn 0.9634 0.1667 0.2101
vn 0.3224 0.3311 -0.8868
vn -0.1108 -0.1705 0.9791
vn 0.0010 -0.3522 0.9359
vn 0.8600 0.4913 0.1380
vn 0.5890 0.7083 0.3891
vn -0.2239 0.6280 0.7453
vn -0.2239 0.6281 -0.7453
vn 0.9910 0.0167 0.1331
vn -0.9910 -0.0167 -0.1331
vn 0.9856 0.0533 0.1604
vn -0.9856 -0.0533 -0.1604
vn 0.2283 -0.5987 -0.7678
vn 0.8994 0.4156 -0.1355
vn -0.1883 0.5624 0.8052
vn -0.8969 -0.4196 0.1397
vn -0.4573 -0.4161 -0.7859
vn 0.7143 0.5063 -0.4831
vn 0.5087 0.4217 0.7506
vn -0.7351 -0.4821 0.4767
vn -0.0985 -0.5710 -0.8150
vn 0.0610 0.8805 -0.4701
vn 0.1293 0.5647 0.8151
vn 0.0289 -0.8752 0.4828
vn 0.9471 0.0400 0.3186
vn -0.9471 -0.0400 -0.3186
vn 0.9985 0.0175 0.0526
vn -0.9985 -0.0175 -0.0526
vn 0.9934 0.0130 0.1139
vn -0.9934 -0.0130 -0.1139
vn 0.5632 -0.6691 -0.4849
vn 0.8529 0.4981 0.1564
vn -0.5609 0.6567 0.5042
vn -0.8663 -0.4555 -0.2052
vn 0.5453 -0.3005 -0.7825
vn 0.8227 0.4680 0.3227
vn -0.5421 0.2969 0.7861
vn -0.8232 -0.4663 -0.3239
vn 0.0516 -0.5117 -0.8576
vn 0.6585 0.6599 -0.3618
vn 0.0005 0.4792 0.8777
vn -0.6361 -0.6747 0.3744
vn -0.2790 0.8407 0.4641
vn 0.0566 0.8180 -0.5724
vn 0.9312 0.2301 0.2828
vn -0.0609 -0.8081 0.5859
vn -0.9259 -0.2426 -0.2895
vn 0.3350 0.7306 -0.5950
vn 0.6531 0.4381 0.6177
vn -0.3238 -0.7505 0.5761
vn -0.6381 -0.4539 -0.6219
vn 0.6648 -0.2309 -0.7105
vn -0.0004 0.7084 -0.7059
vn -0.8788 0.2660 0.3960
vn -0.8071 0.5905 -0.0002
vn -0.3417 0.8902 -0.3012
vn -0.8312 0.5480 0.0937
vn -0.2460 0.9691 -0.0165
vn -0.8281 0.5527 -0.0942
vn -0.2502 0.9185 0.3061
vn -0.8047 0.5823 0.1154
vn -0.9868 0.1570 0.0388
vn -0.7893 0.5746 0.2163
vn -0.2405 0.9173 0.3172
vn -0.9919 -0.0580 -0.1127
vn -0.9848 0.0709 -0.1585
vn -0.9715 0.2190 -0.0903
vn -0.7885 0.5685 0.2344
vn -0.9597 -0.1716 0.2226
vn -0.7085 0.4489 0.5446
vn -0.6308 0.4795 -0.6100
vn -0.6338 0.5554 -0.5383
vn -0.9360 0.2929 -0.1951
vn -0.6076 0.7584 -0.2361
vn -0.9085 0.4138 0.0576
vn -0.3125 0.9496 0.0261
vn -0.5340 0.8448 0.0331
vn -0.2820 0.9141 -0.2914
vn -0.8161 0.5397 -0.2067
vn 0.8071 0.5905 -0.0002
vn 0.3417 0.8902 -0.3012
vn 0.8002 0.5984 0.0394
vn 0.2460 0.9691 -0.0165
vn 0.9881 -0.0649 -0.1396
vn 0.9457 0.2565 0.1996
vn 0.2958 0.9155 0.2727
vn 0.7832 0.6217 0.0042
vn 0.9861 0.1622 0.0363
vn 0.7893 0.5746 0.2163
vn 0.2405 0.9173 0.3172
vn 0.3602 0.8632 -0.3538
vn 0.9869 0.0641 -0.1479
vn 0.9848 0.0709 -0.1585
vn 0.9715 0.2190 -0.0903
vn 0.7516 0.5553 0.3560
vn 0.9597 -0.1716 0.2226
vn 0.7085 0.4489 0.5446
vn 0.3710 0.6875 -0.6243
vn 0.9366 0.2537 -0.2417
vn 0.6338 0.5554 -0.5383
vn 0.9360 0.2929 -0.1951
vn 0.6076 0.7584 -0.2361
vn 0.9085 0.4138 0.0576
vn 0.3514 0.9362 0.0009
vn 0.5641 0.8244 0.0462
vn 0.3445 0.9027 -0.2578
vn 0.8161 0.5397 -0.2067
vn -0.3432 -0.9335 0.1039
vn 0.0107 -0.1336 0.9910
vn 0.2137 -0.9619 0.1704
vn 0.0520 -0.0327 -0.9981
vn -0.0150 0.0381 0.9992
vn -0.3817 -0.0912 -0.9198
vn -0.6477 -0.7506 -0.1308
vn 0.0586 -0.1635 -0.9848
vn 0.2511 -0.9677 -0.0209
vn -0.9526 0.2730 -0.1342
vn -0.2630 0.9330 -0.2457
vn 0.1933 0.9658 -0.1728
vn 0.8306 0.5059 0.2327
vn -0.6780 0.4096 -0.6104
vn 0.8544 0.4166 -0.3105
vn 0.2075 0.1849 -0.9606
vn 0.7977 0.4996 0.3378
vn -0.1217 0.6659 0.7361
vn -0.7973 0.5988 0.0754
vn -0.1611 0.3068 0.9380
vn 0.8652 0.2203 0.4505
vn -0.9562 0.2183 0.1950
vn 0.9688 -0.1579 -0.1909
vn -0.8278 -0.1414 -0.5430
vn 0.1797 -0.4416 -0.8790
vn -0.0039 -0.9998 0.0192
vn 0.4067 -0.8437 0.3505
vn -0.2671 -0.8953 0.3565
vn -0.1094 -0.9134 0.3921
vn -0.2176 -0.8898 -0.4012
vn 0.0460 -0.9080 -0.4164
vn 0.4929 -0.8512 -0.1804
vn 0.0173 0.7770 0.6292
vn 0.9119 0.3119 -0.2666
vn 0.0864 0.0637 -0.9942
vn -0.9092 0.3059 -0.2823
vn 0.7258 0.6132 0.3118
vn -0.7163 0.6062 0.3456
vn -0.7969 0.4026 0.4504
vn 0.9747 -0.1278 -0.1836
vn -0.9747 -0.0677 -0.2129
vn 0.0089 -0.4908 -0.8712
vn 0.0157 0.4161 0.9092
vn 0.8158 0.3899 0.4272
vn -0.7075 -0.6772 0.2024
vn -0.1534 -0.4956 0.8549
vn 0.6819 -0.6864 0.2526
vn -0.0727 -0.9835 0.1658
vn 0.5051 -0.8245 0.2551
vn -0.0025 -1.0000 0.0053
vn -0.0006 -0.9994 0.0346
vn 0.6780 0.4269 -0.5984
vn -0.8544 0.4166 -0.3105
vn -0.2075 0.1849 -0.9606
vn -0.8188 0.5674 0.0876
vn 0.0135 0.7261 0.6875
vn 0.8945 0.4471 0.0035
vn 0.1611 0.3068 0.9380
vn -0.8652 0.2203 0.4505
vn 0.9580 0.1930 0.2120
vn -0.9688 -0.1579 -0.1909
vn 0.8039 -0.0226 -0.5943
vn -0.1963 -0.3827 -0.9028
vn 0.0039 -0.9998 0.0192
vn 0.0170 -0.9288 0.3701
vn 0.4055 -0.8186 0.4069
vn 0.1296 -0.9160 0.3796
vn 0.2176 -0.8898 -0.4012
vn -0.0460 -0.9080 -0.4164
vn -0.3382 -0.8914 0.3018
vn -0.0959 0.8023 0.5891
vn -0.9119 0.3119 -0.2666
vn -0.0864 0.0637 -0.9942
vn 0.9092 0.3059 -0.2823
vn -0.7667 0.6052 0.2139
vn 0.7163 0.6062 0.3456
vn 0.7612 0.3098 0.5698
vn -0.9503 0.1161 -0.2889
vn 0.9747 -0.0677 -0.2129
vn -0.0204 -0.4383 -0.8986
vn -0.0157 0.4161 0.9092
vn -0.8158 0.3899 0.4272
vn 0.7075 -0.6772 0.2024
vn 0.1534 -0.4956 0.8549
vn -0.7927 -0.6017 0.0975
vn 0.0286 -0.9820 0.1869
vn -0.5051 -0.8245 0.2551
vn 0.0012 -1.0000 0.0026
vn 0.0006 -0.9994 0.0346
vn 0.1312 -0.0864 0.9876
vn -0.9798 0.0564 0.1917
vn -0.3614 0.4590 -0.8116
vn 0.9758 0.0233 0.2174
vn 0.8275 0.1114 -0.5503
vn 0.0315 -0.4859 0.8734
vn -0.9460 -0.3077 0.1019
vn -0.8231 -0.1511 -0.5475
vn 0.9818 -0.1678 0.0893
vn 0.8608 -0.1445 -0.4879
vn 0.3485 -0.7610 0.5472
vn -0.2941 -0.0919 0.9513
vn -0.2773 0.0526 0.9593
vn -0.6957 -0.1484 0.7028
vn -0.9481 0.0788 0.3079
vn -0.8173 -0.4353 -0.3776
vn -0.8379 -0.4710 0.2757
vn 0.3951 -0.9180 0.0336
vn -0.2254 -0.9466 0.2306
vn -0.9896 -0.0529 0.1338
vn -0.9114 0.4063 -0.0654
vn -0.8709 0.4176 0.2591
vn -0.9857 0.1500 0.0771
vn -0.9140 0.3685 -0.1696
vn -0.6056 0.5162 -0.6056
vn -0.8878 0.4512 -0.0908
vn -0.3434 0.8859 -0.3117
vn -0.8594 0.5096 0.0421
vn -0.3769 0.8956 -0.2363
vn -0.9961 -0.0595 0.0658
vn -0.8930 0.4266 0.1437
vn -0.2601 0.9637 0.0596
vn -0.7169 -0.6935 0.0714
vn -0.1761 -0.9844 0.0041
vn -0.2132 -0.8894 -0.4044
vn -0.6761 -0.6540 -0.3394
vn -0.9885 0.0410 -0.1459
vn -0.8999 0.4339 -0.0431
vn -0.2311 0.9234 0.3066
vn -0.3078 0.9494 0.0625
vn -0.2628 0.9162 -0.3025
vn -0.8340 0.5508 -0.0337
vn -0.7085 0.5878 -0.3905
vn -0.9538 -0.0058 0.3004
vn -0.8523 -0.0194 -0.5227
vn -0.5926 0.3640 -0.7186
vn 0.2490 -0.9335 0.2581
vn -0.5637 -0.4031 0.7210
vn -0.9556 -0.1112 0.2728
vn -0.8524 -0.0479 -0.5207
vn 0.7941 -0.4598 0.3974
vn 0.0355 -0.1555 -0.9872
vn 0.8658 -0.4712 -0.1685
vn -0.0887 -0.2207 -0.9713
vn -0.3441 -0.7036 0.6217
vn -0.9723 -0.2336 -0.0028
vn -0.9208 0.0501 -0.3869
vn 0.9162 -0.2821 0.2845
vn -0.1590 0.3113 -0.9369
vn 0.9829 0.0053 -0.1839
vn 0.4197 -0.2603 0.8695
vn -0.9891 -0.1070 0.1006
vn -0.9696 0.0489 -0.2397
vn 0.8239 -0.1582 0.5442
vn -0.1511 0.4630 -0.8734
vn 0.9991 0.0424 0.0022
vn -0.0909 0.1467 0.9850
vn -0.9770 0.1503 0.1512
vn -0.8868 0.1419 -0.4397
vn 0.7838 0.1605 0.6000
vn -0.0079 0.0267 -0.9996
vn 0.9509 0.1695 -0.2591
vn -0.2248 0.1656 0.9602
vn -0.9600 0.0849 0.2669
vn -0.9630 0.1326 -0.2345
vn 0.6279 0.1048 0.7712
vn 0.0917 0.2229 -0.9705
vn 0.9777 0.0066 -0.2100
vn 0.9524 0.0689 -0.2971
vn 0.9184 0.1085 0.3804
vn -0.7097 0.5453 -0.4460
vn -0.9580 -0.1620 -0.2365
vn -0.8062 -0.4674 0.3628
vn -0.5104 0.5018 -0.6983
vn -0.9944 -0.0938 0.0487
vn -0.7534 -0.1497 0.6403
vn -0.7606 -0.3472 0.5485
vn -0.9992 -0.0163 -0.0375
vn -0.9475 0.2429 -0.2080
vn -0.6150 0.5957 -0.5166
vn -0.9810 0.0855 -0.1743
vn -0.9444 0.2645 -0.1953
vn -0.5884 0.7594 -0.2777
vn -0.9755 0.0467 -0.2149
vn -0.8097 0.4598 -0.3646
vn -0.5073 0.8558 -0.1012
vn -0.8045 0.5582 0.2031
vn -0.9678 0.0496 -0.2468
vn -0.8798 -0.1871 0.4371
vn -0.9873 0.0525 0.1501
vn -0.4748 -0.7634 -0.4379
vn -0.5068 -0.7226 -0.4701
vn -0.4262 -0.3859 0.8182
vn -0.6593 0.5221 0.5411
vn -0.6726 0.1538 0.7239
vn 0.1373 0.6254 0.7681
vn 0.0347 -0.3400 0.9398
vn -0.8201 0.2008 0.5358
vn -0.9671 -0.1883 0.1708
vn -0.8085 0.2271 0.5429
vn -0.1312 -0.0864 0.9876
vn -0.8275 0.1114 -0.5503
vn -0.0315 -0.4859 0.8734
vn -0.9818 -0.1678 0.0893
vn 0.1869 -0.6605 0.7272
vn 0.3080 -0.1093 0.9451
vn 0.2773 0.0526 0.9593
vn 0.6957 -0.1484 0.7028
vn 0.9481 0.0788 0.3079
vn 0.9846 -0.0250 -0.1732
vn 0.8421 -0.4585 0.2840
vn -0.3951 -0.9180 0.0336
vn 0.2954 -0.9399 0.1713
vn 0.9674 0.1264 0.2196
vn 0.9735 0.0754 -0.2159
vn 0.8709 0.4112 0.2693
vn 0.9857 0.1500 0.0771
vn 0.9140 0.3685 -0.1696
vn 0.3689 0.6512 -0.6632
vn 0.8850 0.4538 -0.1040
vn 0.3434 0.8859 -0.3117
vn 0.8594 0.5096 0.0421
vn 0.3769 0.8956 -0.2363
vn 0.9960 -0.0648 0.0617
vn 0.8652 0.5005 0.0287
vn 0.2310 0.9696 0.0809
vn 0.7169 -0.6935 0.0714
vn 0.1761 -0.9844 0.0041
vn 0.2132 -0.8894 -0.4044
vn 0.6761 -0.6540 -0.3394
vn 0.9885 0.0410 -0.1459
vn 0.9610 0.2480 0.1226
vn 0.3106 0.9163 0.2529
vn 0.3078 0.9494 0.0625
vn 0.4653 0.7844 -0.4102
vn 0.8340 0.5508 -0.0337
vn 0.7085 0.5878 -0.3905
vn 0.9840 -0.1094 0.1408
vn 0.9287 0.1518 -0.3384
vn 0.6393 0.1231 -0.7591
vn -0.2490 -0.9335 0.2581
vn 0.5637 -0.4031 0.7210
vn 0.9672 -0.2341 -0.0984
vn 0.8524 -0.0479 -0.5207
vn -0.7941 -0.4598 0.3974
vn -0.0355 -0.1555 -0.9872
vn -0.9570 -0.1471 -0.2501
vn 0.0242 -0.3047 -0.9521
vn 0.4581 -0.7037 0.5431
vn 0.9712 -0.2189 -0.0942
vn 0.8604 0.0520 -0.5069
vn -0.9162 -0.2821 0.2845
vn -0.2273 0.1985 -0.9534
vn -0.9829 0.0053 -0.1839
vn 0.3881 -0.4516 0.8034
vn 0.9932 -0.1158 0.0077
vn 0.9203 0.0604 -0.3865
vn -0.8239 -0.1582 0.5442
vn 0.1196 0.4578 -0.8810
vn -0.9991 0.0424 0.0022
vn -0.2402 0.1976 0.9504
vn 0.9770 0.1503 0.1512
vn 0.8868 0.1419 -0.4397
vn -0.8271 0.1860 0.5305
vn 0.1703 0.0656 -0.9832
vn -0.9978 0.0655 0.0069
vn 0.2248 0.1656 0.9602
vn 0.9600 0.0849 0.2669
vn 0.8967 -0.0762 -0.4361
vn -0.7742 0.2167 0.5947
vn -0.0070 0.2621 -0.9650
vn -0.9777 0.0066 -0.2100
vn 0.9774 -0.0559 0.2037
vn 0.5412 -0.1609 -0.8253
vn -0.8237 -0.0064 -0.5670
vn -0.9524 0.0689 -0.2971
vn -0.9184 0.1085 0.3804
vn 0.4841 0.8030 -0.3478
vn 0.9580 -0.1620 -0.2365
vn 0.8062 -0.4674 0.3628
vn 0.5715 0.4606 -0.6792
vn 0.9901 0.1116 -0.0854
vn 0.7534 -0.1497 0.6403
vn 0.7606 -0.3473 0.5485
vn 0.9831 0.1563 -0.0952
vn 0.9448 0.2515 -0.2102
vn 0.6150 0.5957 -0.5166
vn 0.9810 0.0855 -0.1743
vn 0.9444 0.2645 -0.1953
vn 0.5884 0.7594 -0.2777
vn 0.9970 -0.0667 -0.0404
vn 0.9459 0.3036 -0.1141
vn 0.5073 0.8558 -0.1012
vn 0.7135 0.5491 0.4351
vn 0.9963 -0.0608 -0.0610
vn 0.5869 -0.6578 0.4720
vn 0.5201 -0.8303 -0.2003
vn 0.4572 -0.7215 -0.5200
vn 0.1444 -0.5991 0.7875
vn -0.0000 0.2369 0.9715
vn 0.6603 0.4977 0.5624
vn 0.6726 0.1538 0.7239
vn 0.9442 0.1369 0.2996
vn 0.9832 -0.0448 0.1771
vn 0.9671 -0.1883 0.1708
vn 0.8085 0.2271 0.5429
vn 0.2759 -0.9481 0.1584
vn -0.4119 -0.8777 0.2449
vn -0.5913 0.3230 -0.7389
vn -0.9878 0.0099 -0.1554
vn -0.7847 -0.3930 0.4794
vn 0.5950 0.3202 -0.7372
vn 0.9826 0.0457 -0.1800
vn 0.7797 -0.3988 0.4827
vn -0.9605 -0.2641 -0.0882
vn 0.9298 0.0079 -0.3680
vn 0.0403 -0.6093 0.7919
vn -0.1869 -0.6790 -0.7100
vn -0.1996 0.5547 -0.8078
vn -0.0228 0.2296 0.9730
vn -0.0929 -0.0951 0.9911
vn -0.6082 0.6404 0.4689
vn 0.6091 -0.7931 -0.0030
vn 0.0081 0.5047 -0.8633
vn -0.1082 -0.5629 0.8194
vn -0.2452 0.2226 0.9436
vn 0.1546 0.8300 -0.5359
vn 0.2366 -0.6113 -0.7552
vn 0.2304 -0.8367 0.4968
vn 0.0315 0.8310 0.5554
vn 0.0465 0.5070 -0.8607
vn 0.1524 -0.6007 -0.7848
vn 0.9812 0.0679 0.1804
vn 0.9822 -0.0217 -0.1866
vn 0.9767 -0.0088 0.2146
vn -0.9881 -0.0649 -0.1396
vn -0.9983 -0.0425 -0.0406
vn -0.9283 0.3563 -0.1066
vn -0.9417 0.2398 -0.2359
vt 0.075938 0.494655
vt 0.075937 0.483341
vt 0.075577 0.461292
vt 0.075965 0.504334
vt 0.075938 0.504454
vt 0.075939 0.509858
vt 0.076380 0.535152
vt 0.076336 0.541958
vt 0.076381 0.541708
vt 0.000000 0.000000
vt 0.162014 0.720495
vt 0.214190 0.729445
vt 0.075541 0.507036
vt 0.146113 0.633765
vt 0.146114 0.594222
vt 0.146158 0.603350
vt 0.250000 0.490000
vt 0.250000 0.250000
vt 0.296822 0.485388
vt 0.341844 0.471731
vt 0.383337 0.449553
vt 0.419706 0.419706
vt 0.449553 0.383337
vt 0.471731 0.341844
vt 0.485388 0.296822
vt 0.490000 0.250000
vt 0.485388 0.203178
vt 0.471731 0.158156
vt 0.449553 0.116663
vt 0.419706 0.080294
vt 0.383337 0.050447
vt 0.341844 0.028269
vt 0.296822 0.014612
vt 0.250000 0.010000
vt 0.203178 0.014612
vt 0.158156 0.028269
vt 0.116663 0.050447
vt 0.080294 0.080294
vt 0.050447 0.116663
vt 0.028269 0.158156
vt 0.014612 0.203178
vt 0.010000 0.250000
vt 0.014612 0.296822
vt 0.028269 0.341844
vt 0.050447 0.383337
vt 0.080294 0.419706
vt 0.116663 0.449553
vt 0.158156 0.471731
vt 0.790002 0.048900
vt 0.548900 0.209999
vt 0.709999 0.451100
vt 0.203178 0.485388
vt 0.750000 0.455040
vt 0.796822 0.485388
vt 0.790002 0.451100
vt 0.841844 0.471731
vt 0.828466 0.439433
vt 0.863914 0.420485
vt 0.883337 0.449553
vt 0.919706 0.419706
vt 0.894985 0.394985
vt 0.920485 0.363914
vt 0.949553 0.383337
vt 0.939433 0.328465
vt 0.971731 0.341844
vt 0.985388 0.296822
vt 0.951100 0.290001
vt 0.955041 0.250000
vt 0.990000 0.250000
vt 0.985388 0.203178
vt 0.951100 0.209999
vt 0.939433 0.171534
vt 0.971731 0.158156
vt 0.920485 0.136086
vt 0.949553 0.116663
vt 0.919706 0.080294
vt 0.894985 0.105015
vt 0.883337 0.050447
vt 0.863914 0.079515
vt 0.841844 0.028269
vt 0.828466 0.060567
vt 0.796822 0.014612
vt 0.750000 0.010000
vt 0.750000 0.044960
vt 0.703178 0.014612
vt 0.709999 0.048900
vt 0.658156 0.028269
vt 0.671535 0.060567
vt 0.616663 0.050447
vt 0.636086 0.079515
vt 0.605015 0.105015
vt 0.580294 0.080294
vt 0.579515 0.136086
vt 0.550447 0.116663
vt 0.528269 0.158156
vt 0.560567 0.171534
vt 0.514612 0.203178
vt 0.544960 0.250000
vt 0.510000 0.250000
vt 0.514612 0.296822
vt 0.548900 0.290001
vt 0.528269 0.341844
vt 0.560567 0.328466
vt 0.579515 0.363914
vt 0.550447 0.383337
vt 0.580294 0.419706
vt 0.605015 0.394985
vt 0.616663 0.449553
vt 0.636086 0.420485
vt 0.658156 0.471731
vt 0.671535 0.439433
vt 0.703178 0.485388
vt 0.750000 0.490000
vt 1.000000 1.000000
vt 0.968750 0.500000
vt 1.000000 0.500000
vt 0.968750 1.000000
vt 0.937500 0.500000
vt 0.937500 1.000000
vt 0.906250 0.500000
vt 0.906250 1.000000
vt 0.875000 0.500000
vt 0.875000 1.000000
vt 0.843750 0.500000
vt 0.843750 1.000000
vt 0.812500 0.500000
vt 0.812500 1.000000
vt 0.781250 0.500000
vt 0.781250 1.000000
vt 0.750000 0.500000
vt 0.750000 1.000000
vt 0.718750 0.500000
vt 0.718750 1.000000
vt 0.687500 0.500000
vt 0.687500 1.000000
vt 0.656250 0.500000
vt 0.656250 1.000000
vt 0.625000 0.500000
vt 0.625000 1.000000
vt 0.593750 0.500000
vt 0.593750 1.000000
vt 0.562500 0.500000
vt 0.562500 1.000000
vt 0.531250 0.500000
vt 0.531250 1.000000
vt 0.500000 0.500000
vt 0.500000 1.000000
vt 0.468750 0.500000
vt 0.468750 1.000000
vt 0.437500 0.500000
vt 0.437500 1.000000
vt 0.406250 0.500000
vt 0.406250 1.000000
vt 0.375000 0.500000
vt 0.375000 1.000000
vt 0.343750 0.500000
vt 0.343750 1.000000
vt 0.312500 0.500000
vt 0.312500 1.000000
vt 0.281250 0.500000
vt 0.281250 1.000000
vt 0.250000 0.500000
vt 0.250000 1.000000
vt 0.218750 0.500000
vt 0.218750 1.000000
vt 0.187500 0.500000
vt 0.187500 1.000000
vt 0.156250 0.500000
vt 0.156250 1.000000
vt 0.125000 0.500000
vt 0.125000 1.000000
vt 0.093750 0.500000
vt 0.062500 1.000000
vt 0.062500 0.500000
vt 0.031250 0.500000
vt 0.031250 1.000000
vt 0.000000 0.500000
vt 0.093750 1.000000
vt 0.626359 0.614331
vt 0.469480 0.600135
vt 0.468720 0.621021
vt 0.630205 0.591782
vt 0.485706 0.538291
vt 0.447361 0.602200
vt 0.642918 0.655060
vt 0.644102 0.631714
vt 0.616743 0.543596
vt 0.631858 0.523125
vt 0.472647 0.523923
vt 0.433486 0.599801
vt 0.661441 0.641208
vt 0.660225 0.670072
vt 0.664006 0.629292
vt 0.637352 0.522674
vt 0.460234 0.522500
vt 0.657360 0.525044
vt 0.664850 0.646692
vt 0.419361 0.701102
vt 0.390883 0.699000
vt 0.398295 0.710629
vt 0.418776 0.667180
vt 0.448447 0.673871
vt 0.439791 0.647651
vt 0.455624 0.521830
vt 0.437200 0.621197
vt 0.427768 0.644830
vt 0.936938 0.288623
vt 0.936938 0.365894
vt 0.936938 0.276987
vt 0.936938 0.377530
vt 0.810121 0.365894
vt 0.810121 0.288623
vt 0.810121 0.276987
vt 0.800371 0.050873
vt 0.946690 0.049267
vt 0.800371 0.049267
vt 0.810121 0.245717
vt 0.810121 0.253454
vt 0.936938 0.245717
vt 0.936938 0.253454
vt 0.810121 0.087841
vt 0.810121 0.080104
vt 0.936938 0.087841
vt 0.936938 0.080104
vt 0.800371 0.081645
vt 0.800371 0.073908
vt 0.946690 0.081645
vt 0.946690 0.073908
vt 0.946690 0.050873
vt 0.045250 0.461334
vt 0.034942 0.463065
vt 0.031451 0.457751
vt 0.041757 0.456020
vt 0.042281 0.456817
vt 0.044726 0.460537
vt 0.188398 0.429463
vt 0.237982 0.434369
vt 0.190840 0.433183
vt 0.238668 0.438273
vt 0.071321 0.447905
vt 0.124607 0.433884
vt 0.125573 0.437773
vt 0.073763 0.451625
vt 0.282370 0.443812
vt 0.283170 0.444779
vt 0.280022 0.447097
vt 0.280822 0.448064
vt 0.317649 0.475053
vt 0.317096 0.476382
vt 0.311788 0.476448
vt 0.311234 0.477778
vt 0.326104 0.485910
vt 0.325686 0.485010
vt 0.321753 0.488851
vt 0.321335 0.487952
vt 0.188632 0.425413
vt 0.239328 0.434497
vt 0.189512 0.429307
vt 0.236227 0.438089
vt 0.088075 0.447876
vt 0.124060 0.433856
vt 0.125026 0.437745
vt 0.090517 0.451596
vt 0.055116 0.466138
vt 0.062842 0.466451
vt 0.283106 0.449838
vt 0.283924 0.448944
vt 0.278174 0.452128
vt 0.278991 0.451234
vt 0.310884 0.471584
vt 0.310331 0.472914
vt 0.305023 0.472979
vt 0.304470 0.474309
vt 0.324895 0.482104
vt 0.324477 0.481204
vt 0.320544 0.485046
vt 0.320125 0.484146
vt 0.132013 0.461455
vt 0.145470 0.486169
vt 0.287842 0.491384
vt 0.269455 0.467737
vt 0.161469 0.471812
vt 0.170588 0.495686
vt 0.212151 0.472532
vt 0.230538 0.496179
vt 0.110686 0.449625
vt 0.138417 0.458229
vt 0.151124 0.490843
vt 0.157857 0.544836
vt 0.141515 0.537496
vt 0.159837 0.543021
vt 0.123392 0.482240
vt 0.147241 0.489637
vt 0.127275 0.483443
vt 0.151100 0.523484
vt 0.151337 0.521789
vt 0.132101 0.519187
vt 0.132338 0.517492
vt 0.139535 0.539311
vt 0.057869 0.519481
vt 0.063866 0.514789
vt 0.063866 0.519481
vt 0.069863 0.514789
vt 0.069863 0.519481
vt 0.075861 0.514789
vt 0.075861 0.519481
vt 0.081858 0.514789
vt 0.081858 0.519481
vt 0.087855 0.519481
vt 0.087855 0.514789
vt 0.057869 0.510098
vt 0.063866 0.510098
vt 0.069863 0.510098
vt 0.075861 0.510098
vt 0.081858 0.510098
vt 0.087855 0.510098
vt 0.063866 0.505406
vt 0.069863 0.505406
vt 0.075861 0.505406
vt 0.081858 0.505406
vt 0.087855 0.505406
vt 0.057869 0.500715
vt 0.063866 0.500715
vt 0.069863 0.500715
vt 0.075861 0.500715
vt 0.081858 0.500715
vt 0.087855 0.500715
vt 0.076003 0.501918
vt 0.069721 0.503884
vt 0.069721 0.501918
vt 0.064606 0.502649
vt 0.063438 0.503884
vt 0.063438 0.501918
vt 0.068553 0.502649
vt 0.066579 0.501918
vt 0.076003 0.515679
vt 0.069721 0.517645
vt 0.069721 0.515679
vt 0.077171 0.502649
vt 0.076003 0.503884
vt 0.077171 0.505119
vt 0.082286 0.505850
vt 0.076003 0.505850
vt 0.069721 0.509781
vt 0.069721 0.505850
vt 0.076003 0.511747
vt 0.069721 0.513713
vt 0.069721 0.511747
vt 0.071844 0.503884
vt 0.073880 0.501918
vt 0.071844 0.501918
vt 0.071844 0.515679
vt 0.073880 0.517645
vt 0.073880 0.515679
vt 0.071844 0.509781
vt 0.073880 0.505850
vt 0.071844 0.505850
vt 0.071844 0.511747
vt 0.073880 0.513713
vt 0.073880 0.511747
vt 0.082286 0.503884
vt 0.081118 0.502649
vt 0.082286 0.501918
vt 0.063438 0.505850
vt 0.068553 0.505119
vt 0.079144 0.501918
vt 0.076003 0.513713
vt 0.079144 0.502649
vt 0.071844 0.513713
vt 0.064606 0.505119
vt 0.076003 0.509781
vt 0.081118 0.505119
vt 0.073880 0.509781
vt 0.073880 0.503884
vt 0.448471 0.673871
vt 0.810121 0.377530
vt 0.057869 0.514789
vt 0.057869 0.505406
vt 0.081118 0.503884
vt 0.068553 0.503884
vt 0.066579 0.502649
vt 0.064606 0.503884
vt 0.077171 0.503884
vt 0.117183 0.470506
vt 0.142883 0.511725
vt 0.141748 0.440379
vt 0.156177 0.575411
vt 0.123129 0.544244
vt 0.128238 0.593087
vt 0.156395 0.587632
vt 0.210825 0.513988
vt 0.208105 0.581422
vt 0.334742 0.434086
vt 0.340289 0.441602
vt 0.340260 0.430915
vt 0.251904 0.516403
vt 0.209516 0.570834
vt 0.249954 0.586779
vt 0.247581 0.602025
vt 0.133105 0.686605
vt 0.252188 0.600423
vt 0.122922 0.580859
vt 0.238133 0.710187
vt 0.131222 0.707311
vt 0.211725 0.543884
vt 0.174652 0.538344
vt 0.243021 0.692537
vt 0.277874 0.616247
vt 0.094427 0.593344
vt 0.104330 0.698527
vt 0.268713 0.708377
vt 0.102266 0.717856
vt 0.074273 0.499541
vt 0.084773 0.495684
vt 0.077997 0.492106
vt 0.074683 0.506292
vt 0.089782 0.516634
vt 0.075605 0.513829
vt 0.079616 0.524106
vt 0.073239 0.527599
vt 0.072383 0.516983
vt 0.066155 0.514654
vt 0.054937 0.504003
vt 0.072097 0.525743
vt 0.065939 0.501840
vt 0.068295 0.492502
vt 0.061595 0.489528
vt 0.056537 0.491723
vt 0.048745 0.493699
vt 0.057861 0.493215
vt 0.047923 0.485831
vt 0.043845 0.483770
vt 0.099192 0.605679
vt 0.110551 0.622825
vt 0.132544 0.600271
vt 0.070290 0.659080
vt 0.077778 0.672936
vt 0.081998 0.681120
vt 0.116298 0.628855
vt 0.039617 0.691673
vt 0.037437 0.688128
vt 0.039778 0.704153
vt 0.043639 0.490987
vt 0.064070 0.510772
vt 0.062925 0.489861
vt 0.041394 0.511321
vt 0.064487 0.515707
vt 0.041456 0.519054
vt 0.064620 0.520195
vt 0.065376 0.520307
vt 0.092718 0.509308
vt 0.064164 0.515640
vt 0.089485 0.491016
vt 0.063060 0.488902
vt 0.100916 0.512152
vt 0.064702 0.523238
vt 0.118304 0.463377
vt 0.141729 0.437605
vt 0.250579 0.451358
vt 0.209713 0.453741
vt 0.041567 0.515411
vt 0.063375 0.486180
vt 0.044087 0.488828
vt 0.041630 0.505023
vt 0.064310 0.506889
vt 0.041728 0.508630
vt 0.041701 0.509334
vt 0.064865 0.515854
vt 0.064650 0.511113
vt 0.063528 0.505753
vt 0.063584 0.509958
vt 0.100241 0.506177
vt 0.092787 0.503049
vt 0.089136 0.487893
vt 0.062742 0.485989
vt 0.063573 0.515002
vt 0.344547 0.414276
vt 0.282367 0.578662
vt 0.285561 0.517716
vt 0.281228 0.588148
vt 0.282578 0.437253
vt 0.511572 0.782171
vt 0.497969 0.768956
vt 0.499750 0.788923
vt 0.489339 0.768885
vt 0.508496 0.781793
vt 0.496382 0.788459
vt 0.510722 0.761267
vt 0.485270 0.795825
vt 0.486272 0.796808
vt 0.470113 0.775892
vt 0.473965 0.775956
vt 0.465473 0.756451
vt 0.485968 0.755874
vt 0.495553 0.756572
vt 0.469784 0.756791
vt 0.509191 0.756010
vt 0.513880 0.756009
vt 0.515641 0.761191
vt 0.849608 0.112707
vt 0.889244 0.073720
vt 0.864056 0.098111
vt 0.860298 0.097295
vt 0.830616 0.115477
vt 0.845492 0.111704
vt 0.887474 0.068560
vt 0.831913 0.127627
vt 0.813115 0.108707
vt 0.833138 0.129751
vt 0.837659 0.114317
vt 0.576220 0.796611
vt 0.559775 0.777657
vt 0.577306 0.796215
vt 0.598979 0.781142
vt 0.571310 0.773534
vt 0.599621 0.760738
vt 0.599942 0.781339
vt 0.600023 0.760691
vt 0.571417 0.773652
vt 0.582085 0.792713
vt 0.581247 0.793353
vt 0.559384 0.777716
vt 0.566960 0.757997
vt 0.552905 0.758031
vt 0.598128 0.756467
vt 0.566478 0.757869
vt 0.598320 0.756474
vt 0.553194 0.758002
vt 0.946437 0.096313
vt 0.916662 0.139949
vt 0.972206 0.087497
vt 0.910070 0.146493
vt 0.917448 0.129326
vt 0.918774 0.128469
vt 0.925515 0.144516
vt 0.945261 0.095886
vt 0.973436 0.082712
vt 0.923591 0.122284
vt 0.924614 0.120899
vt 0.817958 0.111709
vt 0.905958 0.333446
vt 0.907762 0.228324
vt 0.907116 0.219335
vt 0.933429 0.340886
vt 0.957402 0.229462
vt 0.940530 0.332839
vt 0.959148 0.225006
vt 0.926022 0.326956
vt 0.929757 0.219113
vt 0.515585 0.827172
vt 0.524490 0.818369
vt 0.524422 0.814807
vt 0.534871 0.835272
vt 0.539203 0.817082
vt 0.556257 0.828724
vt 0.549697 0.815433
vt 0.540478 0.825233
vt 0.538279 0.814942
vt 0.496168 0.836931
vt 0.505619 0.835918
vt 0.502171 0.849270
vt 0.494125 0.846230
vt 0.495126 0.855853
vt 0.508743 0.863306
vt 0.491055 0.868161
vt 0.526587 0.848386
vt 0.555897 0.841513
vt 0.583673 0.835497
vt 0.555043 0.826849
vt 0.576406 0.824111
vt 0.581325 0.827460
vt 0.586070 0.849432
vt 0.559008 0.855338
vt 0.528925 0.866151
vt 0.515709 0.879608
vt 0.548954 0.872691
vt 0.527407 0.885617
vt 0.551868 0.874367
vt 0.571958 0.870648
vt 0.572142 0.867667
vt 0.591146 0.865785
vt 0.590383 0.868089
vt 0.616915 0.848597
vt 0.617961 0.834744
vt 0.615241 0.868898
vt 0.616201 0.866456
vt 0.617959 0.827136
vt 0.618146 0.825205
vt 0.656829 0.833850
vt 0.656769 0.836027
vt 0.660469 0.842012
vt 0.649971 0.852533
vt 0.649083 0.870869
vt 0.647551 0.874544
vt 0.676072 0.872296
vt 0.675534 0.875253
vt 0.706203 0.869925
vt 0.707457 0.865921
vt 0.679421 0.858306
vt 0.702043 0.857170
vt 0.685483 0.845525
vt 0.717341 0.856690
vt 0.711019 0.844571
vt 0.681558 0.834858
vt 0.675318 0.829043
vt 0.668500 0.827963
vt 0.694892 0.831961
vt 0.709159 0.834341
vt 0.685354 0.833483
vt 0.694870 0.827363
vt 0.711258 0.844026
vt 0.707937 0.831451
vt 0.716691 0.852960
vt 0.696979 0.815122
vt 0.699796 0.815564
vt 0.710406 0.816042
vt 0.716132 0.816091
vt 0.710544 0.814706
vt 0.709369 0.803868
vt 0.708207 0.803070
vt 0.718197 0.803745
vt 0.717785 0.815406
vt 0.727260 0.805054
vt 0.715980 0.803708
vt 0.830616 0.334368
vt 0.820405 0.181580
vt 0.833009 0.342084
vt 0.851228 0.177657
vt 0.851219 0.340891
vt 0.873982 0.175475
vt 0.869915 0.353540
vt 0.843399 0.183533
vt 0.846645 0.340539
vt 0.872189 0.353522
vt 0.874195 0.172081
vt 0.822363 0.185609
vt 0.527065 0.805281
vt 0.541358 0.804419
vt 0.544801 0.803586
vt 0.537767 0.802977
vt 0.528041 0.803649
vt 0.973020 0.316352
vt 0.950086 0.353193
vt 0.969591 0.374638
vt 0.943204 0.278934
vt 0.914621 0.293465
vt 0.913552 0.258063
vt 0.893978 0.276167
vt 0.914280 0.198494
vt 0.905402 0.202296
vt 0.875106 0.199424
vt 0.885369 0.239022
vt 0.500652 0.874166
vt 0.479419 0.877832
vt 0.490488 0.884097
vt 0.500229 0.889878
vt 0.508045 0.894574
vt 0.511135 0.896432
vt 0.531406 0.887001
vt 0.478162 0.893249
vt 0.478891 0.885794
vt 0.477327 0.899979
vt 0.477318 0.902940
vt 0.464002 0.898059
vt 0.468188 0.900256
vt 0.459165 0.902473
vt 0.454809 0.900686
vt 0.451688 0.892941
vt 0.442690 0.893254
vt 0.467577 0.878507
vt 0.453734 0.881428
vt 0.695105 0.748314
vt 0.699779 0.745851
vt 0.695542 0.746580
vt 0.463987 0.873632
vt 0.445518 0.875757
vt 0.440479 0.882697
vt 0.426149 0.878055
vt 0.435713 0.871415
vt 0.417013 0.874890
vt 0.445338 0.871264
vt 0.426706 0.864885
vt 0.425128 0.867012
vt 0.416375 0.872030
vt 0.419755 0.880808
vt 0.427979 0.885708
vt 0.449712 0.906605
vt 0.444723 0.890218
vt 0.448961 0.889971
vt 0.448783 0.891642
vt 0.903944 0.349219
vt 0.515326 0.829682
vt 0.728363 0.805052
vt 0.699602 0.750790
vt 0.444286 0.890804
vt 0.531529 0.827303
vt 0.878182 0.145520
vt 0.863460 0.137243
vt 0.829799 0.111552
vt 0.848275 0.195168
vt 0.802670 0.091290
vt 0.858850 0.068589
vt 0.826670 0.076831
vt 0.952729 0.122956
vt 0.936595 0.190083
vt 0.944170 0.129603
vt 0.930641 0.213927
vt 0.947015 0.142775
vt 0.937962 0.125075
vt 0.942684 0.084241
vt 0.933618 0.135643
vt 0.947711 0.118305
vt 0.928365 0.164070
vt 0.941755 0.128002
vt 0.932359 0.158381
vt 0.924239 0.177978
vt 0.929940 0.148366
vt 0.930332 0.144708
vt 0.930710 0.133590
vt 0.929085 0.194813
vt 0.918383 0.170537
vt 0.929152 0.130515
vt 0.928580 0.147379
vt 0.926314 0.133629
vt 0.926908 0.132587
vt 0.922808 0.185708
vt 0.909949 0.240267
vt 0.925759 0.157529
vt 0.925788 0.135679
vt 0.920123 0.256961
vt 0.908777 0.301728
vt 0.907115 0.288968
vt 0.900832 0.246948
vt 0.912349 0.189368
vt 0.909684 0.183859
vt 0.897653 0.249975
vt 0.896792 0.225026
vt 0.888950 0.237845
vt 0.883887 0.264205
vt 0.894467 0.227767
vt 0.892152 0.232988
vt 0.892990 0.226180
vt 0.890356 0.235623
vt 0.892745 0.234970
vt 0.885774 0.211236
vt 0.903732 0.142792
vt 0.888344 0.240817
vt 0.897766 0.159212
vt 0.872854 0.256665
vt 0.881872 0.221833
vt 0.861412 0.261986
vt 0.877913 0.268970
vt 0.882668 0.298670
vt 0.871635 0.328360
vt 0.866802 0.238854
vt 0.884956 0.202901
vt 0.855753 0.268214
vt 0.867837 0.310616
vt 0.868671 0.278923
vt 0.876300 0.184533
vt 0.870130 0.213918
vt 0.864969 0.233111
vt 0.870357 0.211143
vt 0.869862 0.211988
vt 0.855790 0.224995
vt 0.855277 0.303623
vt 0.846663 0.275580
vt 0.845578 0.302842
vt 0.862375 0.114135
vt 0.864251 0.112148
vt 0.852724 0.229142
vt 0.862740 0.108767
vt 0.857593 0.123588
vt 0.862509 0.109096
vt 0.915125 0.267752
vt 0.896182 0.307418
vt 0.896740 0.337096
vt 0.858275 0.280865
vt 0.862010 0.344046
vt 0.854205 0.313323
vt 0.856520 0.268929
vt 0.910654 0.221389
vt 0.916647 0.180310
vt 0.902744 0.243763
vt 0.912457 0.125375
vt 0.896531 0.267183
vt 0.892202 0.316926
vt 0.938738 0.160376
vt 0.930278 0.229883
vt 0.924439 0.120066
vt 0.926736 0.067053
vt 0.914640 0.135159
vt 0.862561 0.341590
vt 0.872779 0.364050
vt 0.874538 0.347670
vt 0.898207 0.220329
vt 0.903082 0.185813
vt 0.844070 0.247104
vt 0.901932 0.197881
vt 0.852859 0.210193
vt 0.946734 0.104320
vt 0.859109 0.218919
vt 0.862401 0.225900
vt 0.863503 0.128816
vt 0.926718 0.072222
vt 0.891536 0.133071
vt 0.322307 0.440334
vt 0.325580 0.427849
vt 0.322414 0.453620
vt 0.334767 0.443985
vt 0.325554 0.415671
vt 0.344613 0.427496
vt 0.325554 0.417467
vt 0.325583 0.430623
vt 0.322147 0.450103
vt 0.347715 0.477412
vt 0.338867 0.472075
vt 0.338474 0.479174
vt 0.329962 0.480625
vt 0.329597 0.485839
vt 0.323352 0.474059
vt 0.323438 0.472644
vt 0.349537 0.470492
vt 0.070486 0.560865
vt 0.071401 0.560865
vt 0.071401 0.588025
vt 0.070486 0.588025
vt 0.070486 0.554076
vt 0.071401 0.601605
vt 0.071401 0.594815
vt 0.071401 0.554076
vt 0.070486 0.594815
vt 0.071401 0.547286
vt 0.070486 0.547286
vt 0.070486 0.601605
vt 0.070173 0.534743
vt 0.070049 0.588025
vt 0.070049 0.560865
vt 0.070610 0.507583
vt 0.070173 0.507583
vt 0.071278 0.614147
vt 0.071278 0.641307
vt 0.070610 0.534743
vt 0.914532 0.533706
vt 0.915114 0.560865
vt 0.914532 0.560865
vt 0.914532 0.588025
vt 0.914199 0.560865
vt 0.914117 0.641307
vt 0.914117 0.614147
vt 0.915197 0.507583
vt 0.915114 0.588025
vt 0.913949 0.588025
vt 0.914199 0.588025
vt 0.913949 0.560865
vt 0.913949 0.533706
vt 0.914199 0.533706
vt 0.914324 0.543568
vt 0.914252 0.542961
vt 0.914532 0.506547
vt 0.915114 0.533706
vt 0.915197 0.534743
vt 0.913949 0.506547
vt 0.914199 0.506547
vt 0.915114 0.506547
vt 0.914260 0.549770
vt 0.914333 0.549579
vt 0.914990 0.602177
vt 0.915033 0.605988
vt 0.914995 0.601396
vt 0.914881 0.600968
vt 0.914862 0.601896
vt 0.914832 0.591710
vt 0.914732 0.601079
vt 0.914748 0.602984
vt 0.914756 0.598382
vt 0.914779 0.600833
vt 0.914237 0.547163
vt 0.914238 0.543237
vt 0.914351 0.548562
vt 0.914344 0.544696
vt 0.914256 0.548156
vt 0.914317 0.548222
vt 0.914236 0.549892
vt 0.914304 0.543387
vt 0.914257 0.542582
vt 0.914322 0.543492
vt 0.914338 0.543431
vt 0.914334 0.547286
vt 0.914325 0.544661
vt 0.914239 0.548817
vt 0.914234 0.543803
vt 0.914223 0.541759
vt 0.914241 0.551812
vt 0.914323 0.543557
vt 0.914257 0.542596
vt 0.914304 0.543397
vt 0.914325 0.544446
vt 0.914259 0.548913
vt 0.914253 0.543831
vt 0.914238 0.542290
vt 0.914233 0.542774
vt 0.914257 0.547310
vt 0.914305 0.544307
vt 0.914257 0.543482
vt 0.914329 0.551372
vt 0.914224 0.541949
vt 0.914316 0.550230
vt 0.914236 0.548969
vt 0.914229 0.541911
vt 0.914260 0.549770
vt 0.914252 0.542947
vt 0.914342 0.543729
vt 0.914323 0.543705
vt 0.914332 0.548713
vt 0.914315 0.547363
vt 0.914240 0.550776
vt 0.914229 0.541946
vt 0.010069 0.482724
vt 0.010070 0.481670
vt 0.010071 0.480976
vt 0.010027 0.487932
vt 0.010047 0.486904
vt 0.010049 0.487035
vt 0.009465 0.498221
vt 0.009459 0.498221
vt 0.009458 0.490024
vt 0.048627 0.429815
vt 0.048651 0.430626
vt 0.048643 0.436348
vt 0.048795 0.498848
vt 0.048839 0.495041
vt 0.048811 0.504814
vt 0.048686 0.432541
vt 0.048654 0.424535
vt 0.048674 0.420224
vt 0.084322 0.487439
vt 0.084271 0.427363
vt 0.084434 0.475882
vt 0.048609 0.443918
vt 0.048658 0.442314
vt 0.084314 0.536336
vt 0.084367 0.557122
vt 0.084288 0.542545
vt 0.010060 0.469947
vt 0.010058 0.470786
vt 0.010057 0.469893
vt 0.010071 0.467496
vt 0.010062 0.471081
vt 0.010072 0.462854
vt 0.010076 0.468168
vt 0.010061 0.460660
vt 0.010076 0.461054
vt 0.010069 0.462202
vt 0.084434 0.545481
vt 0.084026 0.446460
vt 0.084199 0.419827
vt 0.084153 0.451871
vt 0.063936 0.492469
vt 0.063999 0.465717
vt 0.064052 0.518004
vt 0.063775 0.519953
vt 0.063724 0.549980
vt 0.063759 0.514350
vt 0.032975 0.471104
vt 0.032977 0.471903
vt 0.032974 0.471751
vt 0.032986 0.481670
vt 0.032963 0.486227
vt 0.032983 0.481085
vt 0.010059 0.471104
vt 0.033627 0.542967
vt 0.033622 0.543040
vt 0.033621 0.542313
vt 0.043983 0.548726
vt 0.043966 0.547437
vt 0.043974 0.547065
vt 0.033145 0.510032
vt 0.033129 0.508064
vt 0.033145 0.509354
vt 0.032987 0.480976
vt 0.032984 0.480468
vt 0.032990 0.479134
vt 0.032985 0.478641
vt 0.032990 0.478459
vt 0.044000 0.535779
vt 0.043984 0.537381
vt 0.043993 0.534251
vt 0.048871 0.472069
vt 0.048834 0.478493
vt 0.048870 0.471575
vt 0.048881 0.458684
vt 0.048869 0.455426
vt 0.048871 0.454758
vt 0.010117 0.458988
vt 0.010112 0.471539
vt 0.010110 0.471508
vt 0.010076 0.479093
vt 0.010073 0.478459
vt 0.010075 0.478368
vt 0.010045 0.478662
vt 0.010046 0.478195
vt 0.010046 0.478683
vt 0.040903 0.610531
vt 0.040879 0.598277
vt 0.040912 0.599241
vt 0.040809 0.766301
vt 0.040879 0.622195
vt 0.040908 0.622146
vt 0.033606 0.540504
vt 0.033605 0.540413
vt 0.033606 0.540227
vt 0.033619 0.542011
vt 0.033619 0.540928
vt 0.100103 0.288601
vt 0.100090 0.287991
vt 0.100090 0.287742
vt 0.010059 0.478693
vt 0.010046 0.478004
vt 0.010045 0.479122
vt 0.010059 0.479859
vt 0.010060 0.480056
vt 0.010060 0.479511
vt 0.010059 0.479542
vt 0.040870 0.609443
vt 0.040694 0.614792
vt 0.040933 0.440317
vt 0.040918 0.561681
vt 0.040889 0.434596
vt 0.033604 0.541951
vt 0.033620 0.542556
vt 0.040924 0.577293
vt 0.040883 0.575749
vt 0.040921 0.573537
vt 0.040706 0.555644
vt 0.040754 0.319752
vt 0.040733 0.424433
vt 0.040767 0.767427
vt 0.040758 0.300197
vt 0.040661 0.778548
vt 0.040933 0.563461
vt 0.010065 0.472646
vt 0.010062 0.471570
vt 0.056375 0.499274
vt 0.056373 0.501436
vt 0.056369 0.500426
vt 0.056379 0.508230
vt 0.056370 0.507541
vt 0.056361 0.511821
vt 0.056356 0.510453
vt 0.032981 0.472646
vt 0.032978 0.471570
vt 0.043980 0.541951
vt 0.043998 0.543040
vt 0.048246 0.499073
vt 0.048238 0.490498
vt 0.048243 0.490458
vt 0.048238 0.506357
vt 0.048238 0.498774
vt 0.048239 0.499088
vt 0.048238 0.490475
vt 0.048237 0.506418
vt 0.010058 0.478905
vt 0.100102 0.287963
vt 0.100091 0.287253
vt 0.040893 0.578958
vt 0.010046 0.478932
vt 0.032985 0.479102
vt 0.033628 0.541602
vt 0.056869 0.472069
vt 0.056824 0.482724
vt 0.056831 0.479093
vt 0.056878 0.458684
vt 0.056889 0.475410
vt 0.056902 0.456091
vt 0.056869 0.454758
vt 0.010074 0.479134
vt 0.009480 0.490475
vt 0.009476 0.499016
vt 0.009475 0.490592
vt 0.048233 0.499016
vt 0.048233 0.506355
vt 0.048208 0.498109
vt 0.048203 0.506418
vt 0.048203 0.497729
vt 0.048231 0.498226
vt 0.048225 0.498226
vt 0.048224 0.490034
vt 0.010068 0.472449
vt 0.048867 0.455604
vt 0.048843 0.461566
vt 0.048838 0.459901
vt 0.048867 0.471508
vt 0.048843 0.468858
vt 0.048832 0.478368
vt 0.048825 0.472449
vt 0.032983 0.475756
vt 0.048869 0.471539
vt 0.048833 0.478392
vt 0.048877 0.459034
vt 0.048869 0.455528
vt 0.048834 0.448095
vt 0.010076 0.478392
vt 0.010077 0.478493
vt 0.048878 0.459034
vt 0.039585 0.465717
vt 0.039663 0.491930
vt 0.039638 0.518004
vt 0.063237 0.645519
vt 0.063307 0.661010
vt 0.063225 0.651490
vt 0.063612 0.596242
vt 0.063317 0.588380
vt 0.063313 0.585921
vt 0.063607 0.549266
vt 0.063166 0.355780
vt 0.063130 0.363586
vt 0.063124 0.360973
vt 0.010111 0.455528
vt 0.010119 0.459034
vt 0.048834 0.447878
vt 0.048833 0.448411
vt 0.048822 0.457580
vt 0.056358 0.496953
vt 0.056356 0.498562
vt 0.048834 0.447407
vt 0.010048 0.470891
vt 0.010048 0.470582
vt 0.032964 0.470891
vt 0.032964 0.471367
vt 0.063628 0.509107
vt 0.063710 0.499678
vt 0.063940 0.499091
vt 0.064056 0.524625
vt 0.084196 0.454254
vt 0.010079 0.462064
vt 0.010049 0.469965
vt 0.084197 0.561721
vt 0.084220 0.582327
vt 0.063531 0.321624
vt 0.063350 0.338861
vt 0.063334 0.333419
vt 0.063173 0.358619
vt 0.063604 0.647612
vt 0.063611 0.602171
vt 0.063599 0.678376
vt 0.063319 0.655551
vt 0.063600 0.668107
vt 0.039214 0.509107
vt 0.039275 0.544891
vt 0.039172 0.513959
vt 0.063092 0.628741
vt 0.063207 0.644576
vt 0.063198 0.649233
vt 0.040552 0.595808
vt 0.040515 0.574147
vt 0.040520 0.568831
vt 0.044003 0.538256
vt 0.044005 0.541141
vt 0.043995 0.540928
vt 0.010004 0.477476
vt 0.010007 0.475786
vt 0.010006 0.476583
vt 0.010013 0.484162
vt 0.010011 0.484029
vt 0.009458 0.506418
vt 0.048599 0.432813
vt 0.048621 0.434143
vt 0.048572 0.423351
vt 0.048573 0.435429
vt 0.048616 0.421529
vt 0.048605 0.426880
vt 0.083903 0.519014
vt 0.083784 0.461622
vt 0.083917 0.473135
vt 0.048619 0.435905
vt 0.048632 0.425432
vt 0.084043 0.581538
vt 0.084039 0.555683
vt 0.084078 0.557830
vt 0.010040 0.469369
vt 0.010040 0.468271
vt 0.010043 0.468715
vt 0.010036 0.468970
vt 0.010037 0.464701
vt 0.010031 0.464463
vt 0.010046 0.460695
vt 0.010048 0.458746
vt 0.010050 0.460584
vt 0.083962 0.582043
vt 0.083829 0.442454
vt 0.083962 0.461703
vt 0.063880 0.460272
vt 0.063926 0.474160
vt 0.063571 0.463926
vt 0.063693 0.473881
vt 0.063699 0.480663
vt 0.063768 0.453394
vt 0.063863 0.416036
vt 0.063863 0.455087
vt 0.032955 0.469514
vt 0.032951 0.469757
vt 0.032951 0.469423
vt 0.033104 0.499711
vt 0.033113 0.506736
vt 0.033111 0.507289
vt 0.010039 0.469514
vt 0.033570 0.538389
vt 0.033574 0.539187
vt 0.033570 0.539035
vt 0.043950 0.546108
vt 0.043961 0.545994
vt 0.033128 0.508989
vt 0.032923 0.475786
vt 0.032926 0.476535
vt 0.032922 0.476583
vt 0.032930 0.474166
vt 0.032925 0.473873
vt 0.032926 0.473363
vt 0.043512 0.493280
vt 0.043513 0.497256
vt 0.043504 0.493636
vt 0.048748 0.462100
vt 0.048765 0.472883
vt 0.048764 0.473537
vt 0.048788 0.448735
vt 0.048771 0.449713
vt 0.048788 0.447954
vt 0.009995 0.462048
vt 0.010018 0.450875
vt 0.009996 0.462257
vt 0.010010 0.473363
vt 0.010007 0.473537
vt 0.010010 0.473133
vt 0.010033 0.477697
vt 0.010033 0.477114
vt 0.010034 0.477029
vt 0.040518 0.593508
vt 0.040489 0.605060
vt 0.040484 0.593576
vt 0.040507 0.617277
vt 0.040519 0.762478
vt 0.040478 0.616462
vt 0.033594 0.539274
vt 0.033594 0.539494
vt 0.033593 0.539529
vt 0.033579 0.538725
vt 0.033581 0.537908
vt 0.033582 0.538245
vt 0.100064 0.285439
vt 0.100076 0.286843
vt 0.100063 0.285669
vt 0.010022 0.475745
vt 0.010019 0.476610
vt 0.010032 0.478101
vt 0.010018 0.476649
vt 0.010019 0.476225
vt 0.040521 0.604831
vt 0.040527 0.434960
vt 0.040494 0.556078
vt 0.040478 0.557449
vt 0.033591 0.540884
vt 0.033577 0.539149
vt 0.033592 0.540601
vt 0.040522 0.570981
vt 0.040481 0.571441
vt 0.040486 0.567781
vt 0.040574 0.430434
vt 0.040560 0.764693
vt 0.010030 0.469838
vt 0.010028 0.469270
vt 0.056336 0.498373
vt 0.056339 0.496362
vt 0.056341 0.498118
vt 0.056315 0.503084
vt 0.056332 0.497063
vt 0.056324 0.503836
vt 0.056322 0.508643
vt 0.032946 0.469838
vt 0.043950 0.539187
vt 0.048253 0.489950
vt 0.048261 0.498525
vt 0.048258 0.489910
vt 0.048253 0.505809
vt 0.048253 0.506418
vt 0.048254 0.498540
vt 0.048255 0.498541
vt 0.010020 0.476380
vt 0.100066 0.285080
vt 0.100077 0.286644
vt 0.033577 0.538745
vt 0.010032 0.477585
vt 0.032927 0.475889
vt 0.033572 0.537061
vt 0.056746 0.462100
vt 0.056759 0.477476
vt 0.056722 0.461839
vt 0.056769 0.449713
vt 0.056755 0.444073
vt 0.056785 0.447954
vt 0.056836 0.443975
vt 0.009495 0.489927
vt 0.009491 0.498468
vt 0.009497 0.498540
vt 0.009495 0.505870
vt 0.009490 0.505807
vt 0.048209 0.497729
vt 0.048214 0.506038
vt 0.048209 0.506418
vt 0.048796 0.457691
vt 0.048789 0.449243
vt 0.048803 0.456989
vt 0.048753 0.462257
vt 0.048775 0.450875
vt 0.048779 0.463712
vt 0.048767 0.473133
vt 0.032938 0.472091
vt 0.048752 0.462048
vt 0.048751 0.461929
vt 0.048774 0.450618
vt 0.048773 0.450486
vt 0.048788 0.448937
vt 0.048766 0.472910
vt 0.010008 0.472910
vt 0.039559 0.433425
vt 0.039466 0.421160
vt 0.063889 0.666502
vt 0.063945 0.653252
vt 0.063957 0.657569
vt 0.063931 0.593539
vt 0.063937 0.591188
vt 0.003053 0.069361
vt 0.002962 0.051152
vt 0.003073 0.064163
vt 0.010031 0.448937
vt 0.010032 0.449243
vt 0.032954 0.470152
vt 0.063880 0.421160
vt 0.063720 0.330827
vt 0.063733 0.324793
vt 0.063905 0.342864
vt 0.063911 0.339870
vt 0.063877 0.661139
vt 0.039149 0.473962
vt 0.039157 0.463926
vt 0.063968 0.656230
vt 0.064097 0.655767
vt 0.063972 0.661184
vt 0.330742 0.736283
vt 0.326038 0.768001
vt 0.331459 0.731447
vt 0.330742 0.736283
vt 0.331459 0.731447
vt 0.043957 0.537908
vt 0.043949 0.536666
vt 0.043957 0.534591
vt 0.010030 0.485862
vt 0.048804 0.493126
vt 0.010063 0.459190
vt 0.084000 0.417673
vt 0.063761 0.563790
vt 0.063884 0.518888
vt 0.032963 0.486904
vt 0.033626 0.543585
vt 0.043997 0.534403
vt 0.043983 0.533867
vt 0.048833 0.479093
vt 0.033618 0.541192
vt 0.100104 0.288918
vt 0.033604 0.541622
vt 0.040662 0.774097
vt 0.056379 0.500938
vt 0.032980 0.473279
vt 0.044002 0.543585
vt 0.048240 0.499089
vt 0.056832 0.447407
vt 0.009482 0.499088
vt 0.048723 0.501724
vt 0.048875 0.458988
vt 0.039660 0.456881
vt 0.010110 0.455604
vt 0.063534 0.329358
vt 0.039310 0.549980
vt 0.040544 0.600304
vt 0.043982 0.540227
vt 0.044004 0.541602
vt 0.048609 0.414976
vt 0.083785 0.528754
vt 0.010042 0.459001
vt 0.063555 0.447683
vt 0.033108 0.499662
vt 0.010035 0.469423
vt 0.032929 0.474561
vt 0.043509 0.492885
vt 0.043522 0.494495
vt 0.043496 0.495218
vt 0.010016 0.450618
vt 0.010008 0.473873
vt 0.010022 0.476021
vt 0.010032 0.477784
vt 0.040511 0.573920
vt 0.056330 0.508343
vt 0.032946 0.470509
vt 0.043946 0.539035
vt 0.043967 0.540884
vt 0.048253 0.489927
vt 0.048252 0.505870
vt 0.100077 0.286173
vt 0.056762 0.473537
vt 0.009490 0.490044
vt 0.048224 0.506418
vt 0.048786 0.469270
vt 0.010007 0.472883
vt 0.002946 0.059545
vt 0.043975 0.536629
vt 0.043970 0.539274
vt 0.043948 0.537061
vt 0.070267 0.396213
vt 0.070394 0.426326
vt 0.070380 0.428483
vt 0.070180 0.394161
vt 0.070028 0.400135
vt 0.070173 0.388580
vt 0.181879 0.468102
vt 0.181891 0.481845
vt 0.181830 0.470774
vt 0.069397 0.300525
vt 0.069879 0.432583
vt 0.069411 0.316070
vt 0.181882 0.488572
vt 0.181815 0.478344
vt 0.181933 0.466516
vt 0.181939 0.481781
vt 0.181923 0.479525
vt 0.182007 0.499584
vt 0.181951 0.488000
vt 0.182001 0.477922
vt 0.685888 0.403521
vt 0.685919 0.383401
vt 0.685954 0.383533
vt 0.064002 0.563653
vt 0.070181 0.161896
vt 0.069794 0.010459
vt 0.070368 0.144676
vt 0.063870 0.574362
vt 0.040780 0.449249
vt 0.040793 0.372669
vt 0.040803 0.373854
vt 0.063041 0.543678
vt 0.063360 0.525077
vt 0.063206 0.578295
vt 0.063091 0.434819
vt 0.063352 0.444916
vt 0.063311 0.472390
vt 0.063564 0.417611
vt 0.063419 0.444057
vt 0.063346 0.416291
vt 0.063416 0.533184
vt 0.063358 0.413799
vt 0.063563 0.414115
vt 0.063140 0.374661
vt 0.002025 0.396169
vt 0.002001 0.425204
vt 0.002018 0.390868
vt 0.063225 0.400794
vt 0.001446 0.637682
vt 0.001294 0.594796
vt 0.001303 0.593304
vt 0.001624 0.642093
vt 0.001440 0.640807
vt 0.001276 0.563042
vt 0.001302 0.562921
vt 0.001621 0.638913
vt 0.001818 0.616333
vt 0.001932 0.519506
vt 0.001848 0.589664
vt 0.001837 0.589266
vt 0.001812 0.614513
vt 0.001275 0.480564
vt 0.001248 0.479755
vt 0.181988 0.469182
vt 0.181869 0.499672
vt 0.181786 0.499514
vt 0.069219 0.443021
vt 0.069299 0.442868
vt 0.071333 0.297304
vt 0.071494 0.359299
vt 0.070921 0.219253
vt 0.050849 0.359485
vt 0.050655 0.338861
vt 0.050839 0.329358
vt 0.063184 0.579447
vt 0.057342 0.366597
vt 0.057688 0.370572
vt 0.057704 0.414115
vt 0.065492 0.221923
vt 0.065069 0.312458
vt 0.065459 0.205584
vt 0.063086 0.620744
vt 0.063030 0.549457
vt 0.056366 0.366597
vt 0.056377 0.394965
vt 0.056304 0.374661
vt 0.063544 0.359485
vt 0.063202 0.366597
vt 0.070276 0.391285
vt 0.069929 0.414627
vt 0.069687 0.219981
vt 0.070031 0.405328
vt 0.069863 0.413368
vt 0.069894 0.430464
vt 0.069272 0.210601
vt 0.069411 0.268410
vt 0.069259 0.058570
vt 0.069090 0.118800
vt 0.069054 0.119896
vt 0.069457 0.015672
vt 0.069467 0.024527
vt 0.069291 0.062938
vt 0.685927 0.410833
vt 0.686004 0.392559
vt 0.685943 0.428244
vt 0.069438 0.264213
vt 0.069880 0.410617
vt 0.069291 0.206969
vt 0.069479 0.255882
vt 0.069930 0.568056
vt 0.069904 0.480592
vt 0.070593 0.479892
vt 0.070425 0.137085
vt 0.070574 0.482470
vt 0.069954 0.564790
vt 0.069924 0.478819
vt 0.185271 0.522078
vt 0.185334 0.528164
vt 0.185301 0.534034
vt 0.185204 0.522612
vt 0.185162 0.521919
vt 0.185199 0.515081
vt 0.685199 0.525552
vt 0.685223 0.535085
vt 0.685187 0.533002
vt 0.185213 0.533002
vt 0.185185 0.529280
vt 0.069810 0.000005
vt 0.685341 0.517487
vt 0.685242 0.514470
vt 0.685249 0.508525
vt 0.685809 0.456241
vt 0.685809 0.456059
vt 0.685839 0.450721
vt 0.000358 0.475932
vt 0.000648 0.608233
vt 0.000632 0.610466
vt 0.069342 0.475932
vt 0.069616 0.610466
vt 0.069378 0.582994
vt 0.069434 0.626656
vt 0.069458 0.632094
vt 0.069448 0.633475
vt 0.069364 0.583607
vt 0.069287 0.479436
vt 0.000005 0.696466
vt 0.000380 0.583607
vt 0.000358 0.648012
vt 0.069446 0.633674
vt 0.069432 0.626913
vt 0.000452 0.635133
vt 0.000448 0.626913
vt 0.000463 0.633674
vt 0.069517 0.623924
vt 0.181731 0.467694
vt 0.181686 0.499139
vt 0.182052 0.465827
vt 0.182040 0.453422
vt 0.181858 0.451843
vt 0.181941 0.449728
vt 0.182042 0.499632
vt 0.681914 0.449728
vt 0.681961 0.469182
vt 0.681906 0.466516
vt 0.181756 0.458384
vt 0.076495 0.626663
vt 0.076678 0.620120
vt 0.076644 0.554861
vt 0.076618 0.501718
vt 0.076379 0.512536
vt 0.307462 0.745444
vt 0.075653 0.624021
vt 0.076047 0.670817
vt 0.075613 0.707947
vt 0.075775 0.761109
vt 0.076401 0.711810
vt 0.284921 0.755178
vt 0.225120 0.742172
vt 0.225120 0.742172
vt 0.062908 0.619266
vt 0.063081 0.622875
vt 0.062912 0.614463
vt 0.062880 0.610532
vt 0.185183 0.508769
vt 0.185147 0.504056
vt 0.062927 0.401927
vt 0.063213 0.394965
vt 0.063074 0.433093
vt 0.057498 0.413799
vt 0.685255 0.502605
vt 0.070654 0.552146
vt 0.070684 0.594832
vt 0.070639 0.553970
vt 0.070639 0.611387
vt 0.070524 0.637132
vt 0.070509 0.633367
vt 0.181888 0.517797
vt 0.181876 0.531588
vt 0.181827 0.528779
vt 0.070487 0.827676
vt 0.070334 0.651988
vt 0.070349 0.650008
vt 0.181879 0.511300
vt 0.181812 0.521083
vt 0.181931 0.533194
vt 0.181938 0.517588
vt 0.181987 0.530459
vt 0.181949 0.511453
vt 0.182000 0.521580
vt 0.685590 0.455339
vt 0.685503 0.454364
vt 0.685589 0.441961
vt 0.071626 0.908610
vt 0.071367 0.744092
vt 0.071527 0.715277
vt 0.181921 0.519986
vt 0.063595 0.419798
vt 0.063712 0.401368
vt 0.064180 0.362998
vt 0.063950 0.344512
vt 0.064179 0.360728
vt 0.063843 0.519021
vt 0.064213 0.521636
vt 0.064050 0.572568
vt 0.064046 0.410726
vt 0.063794 0.434829
vt 0.063885 0.385326
vt 0.063727 0.437152
vt 0.063778 0.406285
vt 0.063788 0.529998
vt 0.063765 0.404374
vt 0.063942 0.356524
vt 0.063943 0.346366
vt 0.002025 0.603360
vt 0.002001 0.574323
vt 0.002010 0.575614
vt 0.039141 0.447683
vt 0.039157 0.422071
vt 0.039181 0.419798
vt 0.001396 0.372919
vt 0.001613 0.361346
vt 0.001402 0.375171
vt 0.001779 0.380466
vt 0.001772 0.383117
vt 0.001350 0.400991
vt 0.001376 0.402768
vt 0.001938 0.419469
vt 0.001931 0.420779
vt 0.001944 0.446054
vt 0.001933 0.445662
vt 0.069934 0.786054
vt 0.070445 0.816031
vt 0.071544 0.352757
vt 0.071598 0.428668
vt 0.051025 0.330827
vt 0.051210 0.342864
vt 0.064102 0.593650
vt 0.064116 0.650038
vt 0.058022 0.351661
vt 0.003385 0.242334
vt 0.002890 0.178566
vt 0.002909 0.161218
vt 0.064304 0.597086
vt 0.064304 0.666237
vt 0.057056 0.379137
vt 0.057046 0.351661
vt 0.057106 0.356524
vt 0.063882 0.351661
vt 0.002118 0.641626
vt 0.002018 0.608662
vt 0.070705 0.595707
vt 0.070650 0.616243
vt 0.070906 0.812722
vt 0.070420 0.651113
vt 0.070386 0.665981
vt 0.071421 0.974911
vt 0.071668 0.911124
vt 0.071176 0.991719
vt 0.071399 0.968009
vt 0.070892 0.993069
vt 0.070676 0.835571
vt 0.070626 0.839534
vt 0.070598 0.842713
vt 0.070726 0.902227
vt 0.070405 0.663970
vt 0.069979 0.769408
vt 0.070192 0.622852
vt 0.071607 0.558840
vt 0.071583 0.707836
vt 0.071668 0.562093
vt 0.070208 0.619665
vt 0.185267 0.483304
vt 0.185330 0.476349
vt 0.185266 0.491578
vt 0.185153 0.484338
vt 0.185198 0.482984
vt 0.185194 0.490609
vt 0.685171 0.482984
vt 0.685179 0.472207
vt 0.685192 0.479881
vt 0.185366 0.486828
vt 0.185275 0.496765
vt 0.685779 0.462567
vt 0.000913 0.742133
vt 0.069897 0.742133
vt 0.069855 0.751836
vt 0.069573 0.676211
vt 0.069463 0.640088
vt 0.069563 0.678827
vt 0.000579 0.678827
vt 0.000872 0.751836
vt 0.069460 0.640512
vt 0.000476 0.640512
vt 0.181727 0.531279
vt 0.182052 0.533864
vt 0.182040 0.546459
vt 0.181855 0.548097
vt 0.181940 0.550272
vt 0.181751 0.540892
vt 0.076637 0.448892
vt 0.076481 0.372113
vt 0.076377 0.463103
vt 0.076378 0.485431
vt 0.076378 0.493797
vt 0.075977 0.356725
vt 0.075626 0.389737
vt 0.075642 0.301213
vt 0.075870 0.260843
vt 0.076678 0.384519
vt 0.076443 0.270705
vt 0.055064 0.238034
vt 0.055063 0.237079
vt 0.055062 0.238018
vt 0.064115 0.652202
vt 0.064264 0.670140
vt 0.064271 0.665697
vt 0.185181 0.498030
vt 0.064177 0.367222
vt 0.063892 0.379137
vt 0.064062 0.408076
vt 0.057906 0.404374
vt 0.685339 0.486828
vt 0.685385 0.502026
vt 0.076169 0.516240
vt 0.076339 0.502660
vt 0.145190 0.911369
vt 0.145935 0.509058
vt 0.145543 0.999995
vt 0.076234 0.524368
vt 0.076378 0.502485
vt 0.076297 0.463464
vt 0.181899 0.480019
vt 0.181957 0.499333
vt 0.685841 0.398374
vt 0.040769 0.451200
vt 0.063328 0.494680
vt 0.063575 0.450196
vt 0.002010 0.423913
vt 0.001944 0.520060
vt 0.070946 0.204514
vt 0.050477 0.358619
vt 0.065117 0.317296
vt 0.056522 0.413799
vt 0.063548 0.370572
vt 0.062919 0.398116
vt 0.685978 0.387702
vt 0.069632 0.608233
vt 0.185269 0.514470
vt 0.685223 0.526479
vt 0.685177 0.522612
vt 0.185368 0.517487
vt 0.685875 0.444400
vt 0.685865 0.446366
vt 0.000315 0.442868
vt 0.000303 0.479436
vt 0.682013 0.453422
vt 0.063152 0.518723
vt 0.063167 0.452934
vt 0.075977 0.635598
vt 0.185175 0.503563
vt 0.181896 0.519596
vt 0.685489 0.462697
vt 0.063855 0.484820
vt 0.063856 0.460729
vt 0.039133 0.445928
vt 0.001614 0.357907
vt 0.056929 0.404374
vt 0.070704 0.904261
vt 0.071180 0.982704
vt 0.685240 0.483304
vt 0.685270 0.470566
vt 0.685304 0.476349
vt 0.185177 0.476254
vt 0.685216 0.469831
vt 0.185206 0.472207
vt 0.685753 0.468466
vt 0.685742 0.470606
vt 0.000995 0.769408
vt 0.075918 0.384383
vt 0.055067 0.236325
vt 0.685248 0.496765
vt 0.145707 0.478580
vt 0.064121 0.497378
vt 0.063985 0.432992
vt 0.682751 0.445821
vt 0.682751 0.445824
vt 0.682751 0.445791
vt 0.182778 0.445829
vt 0.182778 0.445826
vt 0.182778 0.445860
vt 0.185615 0.445829
vt 0.185615 0.445825
vt 0.185615 0.445825
vt 0.682751 0.445825
vt 0.682751 0.445806
vt 0.682751 0.445846
vt 0.682751 0.445823
vt 0.182778 0.445846
vt 0.182778 0.445824
vt 0.224358 0.741724
vt 0.224722 0.741937
vt 0.054887 0.415972
vt 0.054934 0.399712
vt 0.054902 0.416171
vt 0.055016 0.426243
vt 0.054980 0.416154
vt 0.054982 0.416005
vt 0.055018 0.397950
vt 0.054978 0.415529
vt 0.054984 0.415038
vt 0.054980 0.415028
vt 0.055027 0.414389
vt 0.054943 0.443677
vt 0.054977 0.415821
vt 0.055094 0.388083
vt 0.055077 0.404650
vt 0.055019 0.396856
vt 0.055146 0.425998
vt 0.054922 0.446225
vt 0.054932 0.397021
vt 0.055107 0.409826
vt 0.055076 0.404904
vt 0.055120 0.412082
vt 0.055169 0.428364
vt 0.055115 0.449711
vt 0.055106 0.412157
vt 0.055124 0.454046
vt 0.055120 0.414085
vt 0.055122 0.413164
vt 0.055122 0.413524
vt 0.054978 0.415447
vt 0.054978 0.415658
vt 0.054977 0.415814
vt 0.983426 0.476993
vt 0.983478 0.496626
vt 0.983478 0.553486
vt 0.054979 0.415124
vt 0.054978 0.415602
vt 0.054981 0.416054
vt 0.054975 0.415585
vt 0.054982 0.415065
vt 0.054979 0.416184
vt 0.054978 0.415595
vt 0.054978 0.415647
vt 0.054978 0.415604
vt 0.983331 0.620675
vt 0.054977 0.415582
vt 0.054977 0.415688
vt 0.054978 0.415623
vt 0.983373 0.475370
vt 0.983393 0.447720
vt 0.983367 0.484396
vt 0.983414 0.421299
vt 0.983418 0.460942
vt 0.983209 0.536645
vt 0.983370 0.473264
vt 0.983354 0.460173
vt 0.983251 0.491048
vt 0.983415 0.437203
vt 0.983414 0.403802
vt 0.983400 0.437038
vt 0.983384 0.452609
vt 0.983396 0.426157
vt 0.983397 0.412312
vt 0.983398 0.434132
vt 0.983427 0.365943
vt 0.983424 0.424585
vt 0.983395 0.444720
vt 0.983408 0.410458
vt 0.054978 0.415625
vt 0.054978 0.415633
vt 0.054978 0.415644
vt 0.244572 0.746189
vt 0.284496 0.755045
vt 0.284108 0.754924
vt 0.228252 0.742853
vt 0.284921 0.755178
vt 0.182778 0.445825
vt 0.185615 0.445806
vt 0.182778 0.445823
vt 0.055169 0.388080
vt 0.242329 0.745802
vt 0.185775 0.407600
vt 0.185615 0.445791
vt 0.182893 0.398437
vt 0.182778 0.445806
vt 0.682585 0.479997
vt 0.682751 0.445860
vt 0.182612 0.479997
vt 0.182778 0.445821
vt 0.182768 0.496611
vt 0.682879 0.486154
vt 0.182759 0.393764
vt 0.182610 0.420042
vt 0.224358 0.741724
vt 0.055421 0.284184
vt 0.055413 0.281788
vt 0.055415 0.281657
vt 0.055435 0.284747
vt 0.055418 0.285338
vt 0.055518 0.304420
vt 0.055440 0.281423
vt 0.055503 0.281304
vt 0.055297 0.286213
vt 0.055356 0.309230
vt 0.055486 0.265160
vt 0.055434 0.276472
vt 0.055476 0.261124
vt 0.055415 0.279024
vt 0.055432 0.275670
vt 0.055458 0.261826
vt 0.055439 0.281371
vt 0.055436 0.278704
vt 0.055502 0.260722
vt 0.055471 0.250719
vt 0.055461 0.244076
vt 0.224432 0.741767
vt 0.055435 0.283970
vt 0.055504 0.260630
vt 0.055503 0.261504
vt 0.055477 0.259567
vt 0.064000 0.564689
vt 0.055427 0.225798
vt 0.055459 0.244323
vt 0.055421 0.226091
vt 0.055442 0.257913
vt 0.055469 0.250888
vt 0.002204 0.365283
vt 0.002231 0.398343
vt 0.002219 0.399404
vt 0.224389 0.741742
vt 0.224722 0.741938
vt 0.224721 0.741937
vt 0.055513 0.278950
vt 0.055519 0.304209
vt 0.055507 0.281136
vt 0.055489 0.264754
vt 0.055490 0.260909
vt 0.055500 0.262132
vt 0.284198 0.754952
vt 0.002155 0.442577
vt 0.002147 0.454219
vt 0.002145 0.442220
vt 0.055426 0.277455
vt 0.055426 0.277456
vt 0.055426 0.277446
vt 0.055426 0.277477
vt 0.055426 0.277489
vt 0.055426 0.277496
vt 0.055417 0.276565
vt 0.224456 0.741781
vt 0.055426 0.277462
vt 0.055417 0.279393
vt 0.055355 0.254445
vt 0.055418 0.275910
vt 0.002156 0.454462
vt 0.002152 0.464898
vt 0.055367 0.253987
vt 0.055361 0.245424
vt 0.284496 0.755045
vt 0.224376 0.741734
vt 0.222189 0.741477
vt 0.039347 0.563790
vt 0.039434 0.577539
vt 0.039347 0.566488
vt 0.284904 0.755172
vt 0.224721 0.741937
vt 0.055624 0.235286
vt 0.055624 0.227155
vt 0.055625 0.234915
vt 0.224376 0.741734
vt 0.000073 0.809824
vt 0.000150 0.834306
vt 0.000006 0.842606
vt 0.222677 0.741535
vt 0.301147 0.760238
vt 0.284191 0.754950
vt 0.284121 0.754928
vt 0.055440 0.260358
vt 0.055343 0.258469
vt 0.055333 0.262180
vt 0.002149 0.399094
vt 0.002140 0.399142
vt 0.002164 0.357989
vt 0.002167 0.357907
vt 0.002174 0.357956
vt 0.185775 0.477328
vt 0.185730 0.398437
vt 0.682911 0.477328
vt 0.682741 0.496611
vt 0.055435 0.278817
vt 0.055519 0.230619
vt 0.002231 0.357907
vt 0.055425 0.277487
vt 0.002174 0.466670
vt 0.039456 0.574362
vt 0.055619 0.227427
vt 0.055625 0.225798
vt 0.000164 0.820842
vt 0.063103 0.518454
vt 0.063117 0.515200
vt 0.063138 0.450701
vt 0.063134 0.450506
vt 0.054840 0.558982
vt 0.054841 0.573408
vt 0.054844 0.557082
vt 0.983665 0.480118
vt 0.983713 0.503746
vt 0.983713 0.560662
vt 0.054836 0.584385
vt 0.054838 0.560578
vt 0.054833 0.585123
vt 0.054835 0.564625
vt 0.054834 0.559615
vt 0.054845 0.558028
vt 0.983583 0.634058
vt 0.054837 0.590216
vt 0.054859 0.589950
vt 0.054835 0.611921
vt 0.054839 0.583132
vt 0.983614 0.480281
vt 0.983627 0.450796
vt 0.983601 0.488258
vt 0.983646 0.423346
vt 0.983656 0.463813
vt 0.983481 0.552272
vt 0.983597 0.485107
vt 0.983592 0.466596
vt 0.983495 0.506105
vt 0.983649 0.439650
vt 0.983644 0.405237
vt 0.983634 0.439816
vt 0.983618 0.457136
vt 0.983629 0.429280
vt 0.983628 0.414471
vt 0.983632 0.436970
vt 0.983654 0.365943
vt 0.983657 0.426703
vt 0.983631 0.447980
vt 0.983639 0.412476
vt 0.682424 0.606236
vt 0.682453 0.535049
vt 0.682441 0.540262
vt 0.182459 0.567684
vt 0.182449 0.531450
vt 0.182464 0.524984
vt 0.182447 0.582423
vt 0.182450 0.536850
vt 0.682420 0.582423
vt 0.682423 0.536850
vt 0.182467 0.584283
vt 0.182475 0.529257
vt 0.182479 0.535049
vt 0.682448 0.529257
vt 0.682432 0.567684
vt 0.682437 0.524984
vt 0.054851 0.550621
vt 0.054835 0.551468
vt 0.054821 0.483798
vt 0.054838 0.473873
vt 0.054807 0.503395
vt 0.054810 0.531660
vt 0.054864 0.531895
vt 0.054868 0.531653
vt 0.054836 0.552599
vt 0.054829 0.508544
vt 0.054801 0.512154
vt 0.054844 0.551325
vt 0.054885 0.514275
vt 0.054837 0.549082
vt 0.054847 0.507117
vt 0.054813 0.532093
vt 0.054848 0.477218
vt 0.054874 0.483050
vt 0.054879 0.505115
vt 0.054836 0.552976
vt 0.054824 0.458474
vt 0.054885 0.478694
vt 0.054841 0.456462
vt 0.054851 0.423327
vt 0.054849 0.457622
vt 0.054807 0.474644
vt 0.054858 0.411616
vt 0.054850 0.388080
vt 0.054862 0.456344
vt 0.054851 0.580887
vt 0.054843 0.578029
vt 0.054841 0.575443
vt 0.054838 0.577324
vt 0.066588 0.775894
vt 0.068645 0.060553
vt 0.068645 0.939447
vt 0.054842 0.575959
vt 0.682441 0.584283
vt 0.182454 0.572816
vt 0.682438 0.573009
vt 0.054848 0.423647
vt 0.682398 0.492628
vt 0.682440 0.503627
vt 0.682341 0.472523
vt 0.682581 0.443624
vt 0.682464 0.393764
vt 0.182608 0.443624
vt 0.182608 0.478538
vt 0.182555 0.499471
vt 0.182376 0.439289
vt 0.182490 0.393764
vt 0.055087 0.230067
vt 0.055049 0.233219
vt 0.055085 0.228256
vt 0.055038 0.242805
vt 0.055033 0.243516
vt 0.055046 0.253035
vt 0.055059 0.241185
vt 0.055060 0.243546
vt 0.055055 0.234357
vt 0.055110 0.260474
vt 0.055076 0.243271
vt 0.055070 0.241728
vt 0.055129 0.230491
vt 0.055069 0.237004
vt 0.055112 0.253149
vt 0.055042 0.254013
vt 0.055077 0.263373
vt 0.055072 0.265180
vt 0.055061 0.234141
vt 0.055068 0.239095
vt 0.055061 0.239294
vt 0.055020 0.225798
vt 0.055054 0.236444
vt 0.055065 0.239635
vt 0.055066 0.238028
vt 0.055066 0.240599
vt 0.055058 0.233729
vt 0.055047 0.235575
vt 0.055062 0.241365
vt 0.055061 0.242534
vt 0.055058 0.240889
vt 0.055072 0.242476
vt 0.055064 0.234950
vt 0.055063 0.236341
vt 0.055128 0.226549
vt 0.055295 0.244078
vt 0.055282 0.235907
vt 0.055289 0.234111
vt 0.055262 0.283138
vt 0.055295 0.291797
vt 0.055234 0.294686
vt 0.055242 0.296835
vt 0.055142 0.237977
vt 0.055279 0.244170
vt 0.055069 0.234508
vt 0.055065 0.241893
vt 0.055067 0.234959
vt 0.040738 0.383448
vt 0.040716 0.374403
vt 0.040764 0.372669
vt 0.055069 0.239277
vt 0.055133 0.240211
vt 0.182424 0.492628
vt 0.182468 0.540262
vt 0.182368 0.472523
vt 0.682528 0.499471
vt 0.063708 0.400985
vt 0.055029 0.228270
vt 0.055067 0.241003
vt 0.003342 0.249763
vt 0.040719 0.383014
vt 0.936965 0.390375
vt 0.936974 0.285072
vt 0.937036 0.319285
vt 0.185145 0.544803
vt 0.185102 0.582658
vt 0.185037 0.568825
vt 0.185235 0.556210
vt 0.185181 0.550775
vt 0.185009 0.558597
vt 0.185123 0.533059
vt 0.185272 0.602910
vt 0.185176 0.593459
vt 0.120611 0.419480
vt 0.120849 0.434186
vt 0.120623 0.434815
vt 0.936960 0.391693
vt 0.937036 0.344958
vt 0.936955 0.392186
vt 0.936913 0.360045
vt 0.936950 0.391507
vt 0.936888 0.342898
vt 0.936941 0.391276
vt 0.936898 0.317403
vt 0.936938 0.390271
vt 0.936955 0.392048
vt 0.937004 0.361376
vt 0.121015 0.479843
vt 0.120966 0.536599
vt 0.120958 0.484267
vt 0.185356 0.557616
vt 0.185306 0.558175
vt 0.185954 0.410833
vt 0.185981 0.383533
vt 0.186005 0.387702
vt 0.936976 0.669311
vt 0.936918 0.679977
vt 0.936931 0.700252
vt 0.936888 0.714927
vt 0.936947 0.680749
vt 0.936931 0.661699
vt 0.936997 0.674772
vt 0.936934 0.664064
vt 0.936955 0.388974
vt 0.120384 0.517596
vt 0.120574 0.568745
vt 0.120548 0.580520
vt 0.936960 0.366900
vt 0.120666 0.513560
vt 0.120706 0.509024
vt 0.120712 0.515615
vt 0.120437 0.458215
vt 0.120388 0.450291
vt 0.120803 0.580143
vt 0.121015 0.543123
vt 0.120443 0.512903
vt 0.120734 0.486610
vt 0.120734 0.498428
vt 0.120717 0.492806
vt 0.120635 0.502007
vt 0.120683 0.483329
vt 0.120647 0.490765
vt 0.120760 0.497488
vt 0.120750 0.508630
vt 0.120783 0.565061
vt 0.120726 0.504582
vt 0.120690 0.490389
vt 0.120670 0.494683
vt 0.120661 0.501231
vt 0.120681 0.507290
vt 0.120876 0.422734
vt 0.120701 0.499827
vt 0.120700 0.499015
vt 0.120702 0.499798
vt 0.120698 0.499951
vt 0.120694 0.499995
vt 0.120695 0.499449
vt 0.120697 0.498951
vt 0.120701 0.500414
vt 0.120704 0.497621
vt 0.120695 0.496987
vt 0.120686 0.497665
vt 0.120686 0.500334
vt 0.120692 0.502366
vt 0.120708 0.501545
vt 0.120709 0.499455
vt 0.120700 0.502668
vt 0.120695 0.499328
vt 0.120692 0.498819
vt 0.120696 0.498647
vt 0.120692 0.498720
vt 0.120692 0.498825
vt 0.120699 0.500862
vt 0.120696 0.500671
vt 0.120701 0.500558
vt 0.120700 0.499226
vt 0.120696 0.500899
vt 0.120699 0.501121
vt 0.120693 0.499994
vt 0.120692 0.498986
vt 0.120690 0.500315
vt 0.120690 0.500315
vt 0.120696 0.500937
vt 0.120692 0.498975
vt 0.120692 0.498989
vt 0.120692 0.498910
vt 0.120697 0.497919
vt 0.120692 0.498800
vt 0.120692 0.498868
vt 0.120702 0.498478
vt 0.120705 0.501039
vt 0.120705 0.499629
vt 0.120694 0.501519
vt 0.120700 0.501757
vt 0.120692 0.498907
vt 0.120697 0.497945
vt 0.120692 0.498810
vt 0.120694 0.501517
vt 0.120696 0.498627
vt 0.120700 0.499009
vt 0.121684 0.429546
vt 0.121680 0.419480
vt 0.121684 0.419480
vt 0.120705 0.499680
vt 0.120703 0.499809
vt 0.120702 0.500591
vt 0.120692 0.498871
vt 0.120692 0.498982
vt 0.120692 0.498984
vt 0.120692 0.498816
vt 0.120699 0.501166
vt 0.120700 0.501689
vt 0.120702 0.498516
vt 0.120704 0.500995
vt 0.120692 0.498984
vt 0.120692 0.500009
vt 0.121655 0.419480
vt 0.121659 0.429546
vt 0.121655 0.429546
vt 0.185250 0.526479
vt 0.185249 0.535085
vt 0.685096 0.533059
vt 0.684967 0.534153
vt 0.685056 0.506205
vt 0.685158 0.529280
vt 0.685135 0.521919
vt 0.185511 0.557574
vt 0.185428 0.611705
vt 0.185430 0.558071
vt 0.185342 0.607289
vt 0.185412 0.502026
vt 0.685315 0.607289
vt 0.685393 0.614276
vt 0.685311 0.609493
vt 0.685049 0.505832
vt 0.685076 0.582658
vt 0.685145 0.595219
vt 0.685072 0.584034
vt 0.684982 0.558597
vt 0.684961 0.533943
vt 0.685149 0.593459
vt 0.685240 0.605015
vt 0.685401 0.611705
vt 0.685462 0.617416
vt 0.685245 0.602910
vt 0.685006 0.570286
vt 0.685010 0.568825
vt 0.684977 0.559493
vt 0.075943 0.544293
vt 0.076000 0.543941
vt 0.075942 0.538703
vt 0.075586 0.552253
vt 0.686086 0.482881
vt 0.686105 0.463579
vt 0.686144 0.465731
vt 0.076091 0.724188
vt 0.076335 0.647655
vt 0.936924 0.678008
vt 0.685120 0.504056
vt 0.146568 0.130842
vt 0.145960 0.395969
vt 0.146375 0.000005
vt 0.076048 0.526082
vt 0.076147 0.531547
vt 0.076203 0.542698
vt 0.185915 0.403521
vt 0.936945 0.671063
vt 0.120692 0.498982
vt 0.121680 0.429546
vt 0.120692 0.498810
vt 0.120692 0.498816
vt 0.121659 0.419480
vt 0.185501 0.615080
vt 0.685474 0.615080
vt 0.686171 0.467205
vt 0.686136 0.486703
vt 0.186163 0.486703
vt 0.186113 0.482881
vt 0.186171 0.465731
vt 0.146169 0.468930
vt 0.936789 0.331992
vt 0.936786 0.334148
vt 0.936804 0.611026
vt 0.936779 0.338300
vt 0.936813 0.609625
vt 0.936793 0.328936
vt 0.936783 0.325428
vt 0.936822 0.714928
vt 0.185133 0.460199
vt 0.185082 0.421392
vt 0.185170 0.453807
vt 0.185226 0.447805
vt 0.684966 0.448158
vt 0.685106 0.460199
vt 0.685085 0.472035
vt 0.185258 0.398772
vt 0.185299 0.445365
vt 0.121247 0.580520
vt 0.121485 0.565814
vt 0.121512 0.577266
vt 0.936809 0.608307
vt 0.936884 0.680714
vt 0.936762 0.639955
vt 0.936804 0.607814
vt 0.936799 0.608492
vt 0.936736 0.657102
vt 0.936789 0.608725
vt 0.936746 0.682597
vt 0.936787 0.609729
vt 0.936803 0.607952
vt 0.936884 0.655042
vt 0.121651 0.520157
vt 0.121602 0.463400
vt 0.121651 0.456876
vt 0.185351 0.445625
vt 0.070868 0.999995
vt 0.185527 0.478384
vt 0.185626 0.468095
vt 0.185683 0.479701
vt 0.185516 0.462697
vt 0.185617 0.455339
vt 0.936825 0.330688
vt 0.936845 0.325228
vt 0.936767 0.320023
vt 0.936737 0.285072
vt 0.936780 0.299748
vt 0.936796 0.319251
vt 0.121210 0.431255
vt 0.121020 0.482403
vt 0.121183 0.419480
vt 0.936852 0.638624
vt 0.936809 0.633100
vt 0.121342 0.490975
vt 0.121302 0.486440
vt 0.121348 0.484384
vt 0.121073 0.541784
vt 0.121024 0.549708
vt 0.121439 0.419857
vt 0.121370 0.513390
vt 0.121370 0.501572
vt 0.121396 0.502512
vt 0.121271 0.497993
vt 0.121078 0.487097
vt 0.121319 0.516671
vt 0.121259 0.565185
vt 0.121594 0.515732
vt 0.121419 0.434939
vt 0.121386 0.491369
vt 0.121283 0.509235
vt 0.121326 0.509611
vt 0.121296 0.498768
vt 0.121337 0.500173
vt 0.121336 0.500984
vt 0.121336 0.500773
vt 0.121330 0.500004
vt 0.121334 0.500048
vt 0.121331 0.500550
vt 0.121333 0.501048
vt 0.121340 0.502379
vt 0.121353 0.507193
vt 0.121322 0.502335
vt 0.121306 0.505317
vt 0.121328 0.497633
vt 0.121317 0.492709
vt 0.121344 0.498454
vt 0.121362 0.495417
vt 0.121328 0.501179
vt 0.121330 0.500671
vt 0.121332 0.501353
vt 0.121328 0.501278
vt 0.121331 0.503013
vt 0.121334 0.499137
vt 0.121332 0.499328
vt 0.121337 0.499441
vt 0.121336 0.499586
vt 0.121331 0.499101
vt 0.121326 0.499685
vt 0.121328 0.501014
vt 0.121326 0.499684
vt 0.121331 0.499063
vt 0.121335 0.498879
vt 0.121327 0.501025
vt 0.121321 0.499665
vt 0.121328 0.501011
vt 0.121328 0.500005
vt 0.121332 0.502080
vt 0.121328 0.501174
vt 0.121328 0.501199
vt 0.121338 0.501521
vt 0.121340 0.498961
vt 0.121336 0.497331
vt 0.121341 0.500371
vt 0.121345 0.500544
vt 0.121330 0.498480
vt 0.121328 0.501093
vt 0.121328 0.501090
vt 0.121332 0.502055
vt 0.121332 0.501372
vt 0.121672 0.429546
vt 0.121676 0.419480
vt 0.121676 0.429546
vt 0.121341 0.500320
vt 0.121338 0.500190
vt 0.121338 0.500201
vt 0.121328 0.501128
vt 0.121328 0.501131
vt 0.121328 0.501018
vt 0.121328 0.501182
vt 0.121328 0.501189
vt 0.121330 0.498482
vt 0.121337 0.499409
vt 0.121340 0.499004
vt 0.121335 0.498833
vt 0.121336 0.498310
vt 0.121338 0.501483
vt 0.121328 0.501189
vt 0.121328 0.501016
vt 0.121328 0.499990
vt 0.121664 0.429546
vt 0.121668 0.419480
vt 0.121668 0.429546
vt 0.121336 0.500990
vt 0.121335 0.498242
vt 0.685218 0.478796
vt 0.684981 0.469689
vt 0.185243 0.469831
vt 0.185297 0.470566
vt 0.685150 0.476254
vt 0.685126 0.484338
vt 0.185421 0.388804
vt 0.185511 0.444840
vt 0.185428 0.444709
vt 0.185332 0.393817
vt 0.685305 0.393817
vt 0.685385 0.386156
vt 0.685394 0.388804
vt 0.684979 0.471161
vt 0.685056 0.421392
vt 0.685127 0.407505
vt 0.685131 0.409334
vt 0.685226 0.396587
vt 0.685232 0.398772
vt 0.685458 0.382584
vt 0.685470 0.384969
vt 0.685300 0.391532
vt 0.684984 0.435507
vt 0.684989 0.436943
vt 0.684960 0.447547
vt 0.075936 0.464540
vt 0.076070 0.464221
vt 0.076185 0.345529
vt 0.076128 0.238891
vt 0.076318 0.337286
vt 0.936780 0.324580
vt 0.145190 0.061013
vt 0.145377 0.000004
vt 0.146568 0.897067
vt 0.146338 0.999996
vt 0.146563 0.710944
vt 0.146407 0.372552
vt 0.146563 0.289427
vt 0.146179 0.425889
vt 0.146121 0.416115
vt 0.146116 0.538177
vt 0.146435 0.661497
vt 0.146440 0.710666
vt 0.076266 0.466573
vt 0.076024 0.483755
vt 0.076326 0.485187
vt 0.185016 0.436943
vt 0.185158 0.409334
vt 0.185520 0.470094
vt 0.121328 0.501018
vt 0.121328 0.501016
vt 0.121672 0.419480
vt 0.121328 0.501182
vt 0.121664 0.419480
vt 0.185497 0.384969
vt 0.685051 0.419985
vt 0.146399 0.289056
vt 0.146120 0.439887
vt 0.076080 0.468235
vt 0.532926 0.637929
vt 0.664430 0.697555
vt 0.525015 0.634372
vt 0.639205 0.902517
vt 0.518773 0.655690
vt 0.635042 0.640563
vt 0.637377 0.146970
vt 0.523839 0.352756
vt 0.514954 0.090739
vt 0.578958 0.486440
vt 0.569148 0.550129
vt 0.511509 0.357985
vt 0.507182 0.102975
vt 0.624093 0.678420
vt 0.757624 0.738977
vt 0.614100 0.673940
vt 0.752035 0.641191
vt 0.700519 0.665308
vt 0.641749 0.656264
vt 0.759664 0.271799
vt 0.651404 0.361928
vt 0.643942 0.147664
vt 0.763928 0.370967
vt 0.632886 0.158365
vt 0.640161 0.367100
vt 0.754178 0.438844
vt 0.767180 0.292417
vt 0.771568 0.430172
vt 0.819701 0.351680
vt 0.823292 0.436711
vt 0.759075 0.700828
vt 0.829392 0.902092
vt 0.770824 0.906995
vt 0.820729 0.701587
vt 0.756746 0.898267
vt 0.745396 0.697351
vt 0.388996 0.635891
vt 0.380194 0.893500
vt 0.378369 0.627978
vt 0.462645 0.792118
vt 0.419341 0.768073
vt 0.513918 0.655604
vt 0.386695 0.133140
vt 0.510858 0.352240
vt 0.376410 0.350920
vt 0.132715 0.457486
vt 0.249342 0.510374
vt 0.249471 0.510461
vt 0.412999 0.584521
vt 0.469609 0.000217
vt 0.569721 0.163658
vt 0.475279 0.191823
vt 0.516770 0.381453
vt 0.377273 0.651544
vt 0.249023 0.913532
vt 0.257666 0.632713
vt 0.252733 0.243795
vt 0.369136 0.350791
vt 0.242772 0.347592
vt 0.304969 0.379017
vt 0.099484 0.443298
vt 0.148689 0.465655
vt 0.151466 0.466918
vt 0.315758 0.541319
vt 0.235767 0.409413
vt 0.174971 0.326517
vt 0.240181 0.264593
vt 0.174013 0.900624
vt 0.246897 0.695134
vt 0.236657 0.912193
vt 0.171000 0.691423
vt 0.582011 0.570987
vt 0.580400 0.512953
vt 0.573023 0.541225
vt 0.581185 0.536961
vt 0.580692 0.518946
vt 0.589190 0.519180
vt 0.595920 0.512486
vt 0.584198 0.502279
vt 0.577373 0.554610
vt 0.583512 0.542297
vt 0.445358 0.844739
vt 0.440815 0.846457
vt 0.455199 0.798755
vt 0.441298 0.847065
vt 0.457738 0.866154
vt 0.384714 0.902570
vt 0.719627 0.748190
vt 0.705711 0.824316
vt 0.715647 0.747693
vt 0.759768 0.908282
vt 0.645863 0.902252
vt 0.706487 0.828190
vt 0.694195 0.744682
vt 0.344265 0.367310
vt 0.328163 0.370739
vt 0.350662 0.360846
vt 0.350894 0.369235
vt 0.072044 0.604637
vt 0.000217 0.653318
vt 0.000217 0.604444
vt 0.563895 0.571091
vt 0.447354 0.549681
vt 0.561576 0.551255
vt 0.001112 0.598879
vt 0.003820 0.584565
vt 0.069297 0.585225
vt 0.003175 0.589168
vt 0.521656 0.896038
vt 0.513411 0.887064
vt 0.644831 0.361514
vt 0.326070 0.379031
vt 0.219615 0.388818
vt 0.231319 0.191444
vt 0.353263 0.556564
vt 0.634595 0.893363
vt 0.692215 0.744343
vt 0.453622 0.601183
vt 0.425481 0.590107
vt 0.578452 0.659453
vt 0.569803 0.655564
vt 0.515833 0.896037
vt 0.445851 0.845342
vt 0.509344 0.090409
vt 0.129434 0.455970
vt 0.377323 0.902303
vt 0.379417 0.133076
vt 0.249166 0.624883
vt 0.169787 0.414904
vt 0.239185 0.419350
vt 0.418905 0.767635
vt 0.462115 0.791626
vt 0.455714 0.799262
vt 0.481946 0.472858
vt 0.517431 0.479690
vt 0.508198 0.481666
vt 0.700038 0.668030
vt 0.072044 0.653511
vt 0.071407 0.599229
vt 0.442839 0.563033
vt 0.564312 0.576497
vt 0.068712 0.580467
vt 0.000000 1.000000
vt 0.076003 0.517645
vt 0.071844 0.517645
vt 0.263932 0.725229
vt 0.072088 0.500031
vt 0.057282 0.504417
vt 0.133216 0.552765
vt 0.322263 0.460750
s 1
usemtl Knight
f 16/1/1 17/2/1 10/3/1
f 15/4/2 9/5/3 12/6/3
f 14/7/3 13/8/4 2/9/5
f 3/10/6 2/10/5 13/10/4
f 13/10/4 5/10/6 3/10/6
f 3/10/7 1/11/7 4/12/7
f 12/6/8 9/5/8 6/13/8
f 8/10/9 7/10/9 18/10/9
f 18/10/9 19/10/9 8/10/9
f 19/10/9 11/10/9 8/10/9
f 6/13/8 9/5/8 16/1/8
f 6/13/10 16/1/10 10/3/10
f 16/1/3 9/5/3 15/4/2
f 20/14/3 21/15/3 22/16/3
f 1586/919/2545 1543/920/2545 1588/921/2545
f 1642/922/2546 1544/923/2546 1529/924/2546
f 1725/925/2547 1714/926/2547 1591/927/2547
f 1646/928/2548 1533/929/2548 1531/930/2548
f 1531/931/2549 1587/932/2549 1591/933/2549
f 1587/934/2550 1529/935/2550 1586/936/2550
f 1532/937/2551 1538/938/2551 1537/939/2551
f 1714/940/2552 1531/930/2552 1591/941/2552
f 1646/928/2553 1529/935/2554 1533/929/2555
f 1530/942/2556 1614/943/2556 1612/944/2556
f 1528/945/2557 1609/946/2557 1611/947/2557
f 1532/948/2558 1534/949/2558 1528/945/2558
f 1530/950/2559 1535/951/2559 1532/948/2559
f 1648/952/2560 1610/953/2560 1612/954/2560
f 1532/937/2561 1539/955/2561 1530/942/2561
f 1641/956/2562 1613/957/2562 1611/958/2562
f 1613/959/2563 1660/960/2563 1615/961/2563
f 1539/962/2564 1630/963/2564 1614/964/2564
f 1616/965/2565 1545/966/2565 1617/967/2565
f 1543/968/2566 1547/969/2567 1546/970/2566
f 1586/919/2568 1544/923/2568 1543/920/2568
f 1534/949/2569 1616/971/2569 1609/946/2569
f 1589/972/2570 1555/973/2570 1592/974/2570
f 1547/975/2571 1672/976/2571 1567/977/2571
f 1544/978/2572 1672/979/2572 1547/980/2572
f 1588/981/2573 1546/970/2573 1589/982/2573
f 1551/983/2573 1600/984/2573 1599/985/2573
f 1579/986/2574 1565/987/2574 1617/988/2574
f 1550/989/2575 1603/990/2575 1605/991/2575
f 1549/992/2576 1621/993/2577 1618/994/2578
f 1601/995/2579 1604/996/2579 1598/997/2579
f 1548/998/2580 1599/999/2580 1597/1000/2580
f 1590/1001/2581 1559/1002/2582 1594/1003/2581
f 1557/1004/2583 1596/1005/2584 1590/1006/2585
f 1567/1007/2586 1568/1008/2586 1566/1009/2586
f 1556/1010/2587 1563/1011/2587 1564/1012/2587
f 1593/1013/2588 1558/1014/2589 1592/974/2590
f 1595/1015/2591 1560/1016/2592 1594/1017/2593
f 1553/1018/2594 1559/1002/2595 1556/1019/2595
f 1557/1020/2596 1561/1021/2597 1554/1022/2597
f 1593/1023/2598 1561/1021/2599 1595/1024/2598
f 1570/1025/2600 1568/1008/2600 1695/1026/2600
f 1565/1027/2601 1571/1028/2601 1573/1029/2601
f 1557/1004/2602 1568/1008/2603 1570/1025/2604
f 1566/1030/2605 1554/1031/2605 1555/973/2605
f 1556/1032/2606 1572/1033/2606 1563/1034/2606
f 1700/1035/2607 1572/1033/2607 1596/1005/2607
f 1571/1028/2608 1572/1033/2608 1700/1035/2608
f 1699/1036/2609 1573/1029/2609 1783/1037/2609
f 1574/1038/2610 1695/1026/2610 1568/1008/2610
f 1645/1039/2611 1573/1029/2611 1699/1036/2611
f 1672/1040/2612 1574/1038/2612 1567/1007/2612
f 1563/1034/2613 1571/1028/2613 1564/1041/2613
f 1534/949/2614 1578/1042/2614 1542/1043/2614
f 1619/1044/2615 1536/1045/2615 1610/1046/2615
f 1536/1045/2616 1577/1047/2616 1535/1048/2616
f 1535/1048/2617 1576/1049/2617 1534/1050/2617
f 1578/1051/2618 1545/966/2618 1542/1052/2618
f 1567/977/2619 1566/1053/2619 1555/1054/2619
f 1587/1055/2620 1580/1056/2620 1586/1057/2620
f 1587/1055/2621 1581/1058/2621 1591/1059/2621
f 1580/1056/2622 1585/1060/2622 1583/1061/2622
f 1581/1058/2623 1585/1060/2623 1584/1062/2623
f 1553/1018/2598 1595/1024/2598 1562/1063/2598
f 1562/1064/2624 1594/1017/2593 1559/1065/2625
f 1554/1031/2626 1592/974/2590 1555/973/2627
f 1556/1032/2628 1596/1005/2584 1569/1066/2629
f 1557/1020/2581 1594/1003/2581 1560/1067/2581
f 1551/983/2573 1589/982/2573 1552/1068/2573
f 1552/1069/2630 1592/974/2630 1558/1014/2630
f 1550/1070/2631 1586/1071/2631 1548/1072/2631
f 1549/1073/2632 1587/1074/2632 1550/1070/2632
f 1591/1075/2633 1549/1073/2633 1618/1076/2633
f 1548/998/2580 1588/921/2580 1551/1077/2580
f 1583/1078/2634 1587/1079/2634 1586/1080/2634
f 1584/1062/2635 1587/1081/2635 1591/1082/2635
f 1591/1083/2636 1718/1084/2636 1584/1085/2636
f 1718/1086/2637 1714/1087/2637 1591/1088/2637
f 1576/1089/2638 1599/999/2638 1578/1042/2638
f 1620/1090/2639 1575/1091/2640 1619/1092/2641
f 1575/1091/2642 1598/1093/2642 1577/1094/2642
f 1577/1094/2643 1597/1095/2643 1576/1096/2643
f 1599/985/2644 1600/984/2644 1636/1097/2644
f 1604/1098/2645 1603/990/2645 1602/1099/2645
f 1607/1100/2646 1605/991/2646 1604/1098/2646
f 1621/993/2647 1607/1100/2648 1622/1101/2649
f 1598/1093/2650 1602/1099/2650 1597/1095/2650
f 1620/1090/2651 1744/1102/2651 1622/1101/2651
f 1548/998/2652 1602/1103/2652 1603/1104/2652
f 1549/992/2653 1605/991/2653 1606/1105/2653
f 1660/1106/2654 1625/1107/2654 1615/1108/2654
f 1632/1109/2655 1629/1110/2656 1630/1111/2657
f 1747/1112/2658 1628/1113/2658 1624/1114/2658
f 1624/1114/2659 1746/1115/2659 1747/1112/2659
f 1615/1116/2660 1608/1117/2660 1540/1118/2660
f 1601/995/2661 1622/1119/2661 1607/1120/2661
f 1742/1121/2662 1622/1101/2662 1744/1102/2662
f 1736/1122/2663 1619/1092/2641 1706/1123/2664
f 1706/1124/2665 1610/1046/2665 1654/1125/2665
f 1618/994/2666 1742/1121/2666 1676/1126/2666
f 1609/946/2667 1664/1127/2667 1650/1128/2667
f 1664/1129/2668 1617/967/2668 1645/1130/2668
f 1614/964/2669 1662/1131/2669 1657/1132/2669
f 1538/1133/2670 1615/961/2670 1540/1134/2670
f 1528/1135/2671 1613/957/2671 1538/938/2671
f 1530/950/2672 1610/953/2672 1536/1136/2672
f 1641/1137/2673 1609/946/2673 1650/1128/2673
f 1648/1138/2674 1614/943/2674 1657/1139/2674
f 1765/1140/2675 1626/1141/2676 1625/1142/2677
f 1623/1143/2678 1625/1142/2678 1626/1141/2678
f 1772/1144/2679 1628/1113/2679 1771/1145/2679
f 1774/1146/2680 1631/1147/2681 1776/1148/2682
f 1662/1149/2683 1629/1150/2683 1774/1151/2683
f 1772/1144/2684 1631/1147/2684 1632/1109/2684
f 1635/1152/2685 1633/1153/2685 1634/1154/2685
f 1541/1155/2686 1634/1156/2686 1630/1157/2686
f 1630/1111/2687 1633/1153/2687 1632/1109/2687
f 1636/1158/2688 1600/1159/2688 1558/1160/2688
f 1573/1029/2689 1700/1035/2689 1783/1037/2689
f 1719/1161/2690 1721/1162/2690 1666/1163/2690
f 1667/1164/2691 1642/922/2691 1638/1165/2691
f 1725/925/2692 1724/1166/2692 1714/926/2692
f 1640/1167/2693 1646/928/2693 1647/1168/2693
f 1720/1169/2694 1640/1167/2694 1724/1170/2694
f 1720/1169/2695 1638/1171/2695 1644/1172/2695
f 1643/1173/2696 1658/1174/2696 1637/1175/2696
f 1714/940/2697 1640/1167/2697 1649/1176/2697
f 1646/928/2698 1638/1171/2699 1642/1177/2700
f 1753/1178/2701 1639/1179/2701 1751/1180/2701
f 1748/1181/2702 1637/1182/2702 1750/1183/2702
f 1651/1184/2703 1643/1185/2703 1637/1182/2703
f 1652/1186/2704 1639/1187/2704 1643/1185/2704
f 1749/1188/2705 1648/952/2705 1751/1189/2705
f 1659/1190/2706 1643/1173/2706 1639/1179/2706
f 1752/1191/2707 1641/956/2707 1750/1192/2707
f 1752/1193/2708 1660/960/2708 1656/1194/2708
f 1755/1195/2709 1659/1196/2709 1753/1197/2709
f 1655/1198/2710 1661/1199/2710 1658/1200/2710
f 1756/1201/2711 1669/1202/2711 1665/1203/2711
f 1666/1204/2712 1671/1205/2713 1667/1206/2713
f 1719/1161/2714 1667/1164/2714 1638/1165/2714
f 1756/1207/2715 1651/1184/2715 1748/1181/2715
f 1722/1208/2716 1681/1209/2716 1670/1210/2716
f 1671/1211/2717 1693/1212/2717 1672/976/2717
f 1667/1206/2718 1672/979/2718 1668/1213/2718
f 1721/1214/2719 1670/1215/2719 1666/1216/2719
f 1734/1217/2719 1677/1218/2719 1733/1219/2719
f 1757/1220/2720 1691/1221/2720 1710/1222/2720
f 1675/1223/2721 1738/1224/2721 1673/1225/2721
f 1761/1226/2722 1674/1227/2723 1758/1228/2724
f 1739/1229/2725 1735/1230/2725 1732/1231/2725
f 1733/1232/2726 1673/1233/2726 1731/1234/2726
f 1723/1235/2727 1685/1236/2728 1682/1237/2728
f 1730/1238/2729 1683/1239/2730 1723/1240/2731
f 1694/1241/2732 1693/1242/2732 1692/1243/2732
f 1690/1244/2733 1689/1245/2733 1682/1246/2733
f 1727/1247/2734 1684/1248/2735 1679/1249/2736
f 1729/1250/2737 1686/1251/2738 1687/1252/2739
f 1685/1236/2740 1679/1253/2741 1682/1237/2740
f 1687/1254/2742 1683/1255/2743 1680/1256/2742
f 1727/1257/2744 1687/1254/2745 1680/1256/2745
f 1698/1258/2746 1695/1026/2746 1694/1241/2746
f 1691/1259/2747 1701/1260/2747 1690/1261/2747
f 1683/1239/2748 1694/1241/2749 1692/1243/2750
f 1692/1262/2751 1680/1263/2751 1683/1264/2751
f 1702/1265/2752 1682/1266/2752 1689/1267/2752
f 1695/1026/2753 1698/1258/2753 1730/1238/2753
f 1701/1260/2754 1700/1035/2754 1702/1265/2754
f 1699/1036/2755 1783/1037/2755 1703/1268/2755
f 1695/1026/2756 1704/1269/2756 1694/1241/2756
f 1645/1039/2757 1703/1268/2757 1691/1259/2757
f 1704/1269/2758 1672/1040/2758 1693/1242/2758
f 1701/1260/2759 1689/1267/2759 1690/1261/2759
f 1651/1184/2760 1709/1270/2760 1707/1271/2760
f 1653/1272/2761 1759/1273/2761 1749/1274/2761
f 1653/1272/2762 1708/1275/2762 1705/1276/2762
f 1652/1277/2763 1707/1278/2763 1708/1275/2763
f 1669/1202/2764 1709/1279/2764 1665/1203/2764
f 1681/1280/2765 1693/1212/2765 1671/1211/2765
f 1711/1281/2766 1720/1282/2766 1719/1283/2766
f 1712/1284/2767 1720/1282/2767 1724/1285/2767
f 1711/1281/2768 1717/1286/2769 1713/1287/2769
f 1712/1284/2770 1717/1286/2771 1713/1287/2771
f 1679/1253/2744 1729/1288/2744 1727/1257/2744
f 1688/1289/2772 1728/1290/2773 1729/1250/2737
f 1680/1263/2774 1726/1291/2775 1727/1247/2734
f 1682/1266/2776 1730/1238/2729 1723/1240/2731
f 1683/1255/2727 1728/1292/2727 1723/1235/2727
f 1677/1218/2719 1722/1293/2719 1721/1214/2719
f 1678/1294/2777 1726/1291/2777 1722/1208/2777
f 1675/1295/2778 1719/1296/2778 1720/1297/2778
f 1674/1298/2779 1720/1297/2779 1724/1299/2779
f 1758/1300/2780 1724/1299/2780 1725/1301/2780
f 1673/1233/2781 1721/1162/2781 1719/1161/2781
f 1715/1302/2782 1720/1303/2782 1717/1304/2782
f 1720/1303/2783 1716/1305/2783 1724/1306/2783
f 1718/1307/2784 1724/1308/2784 1716/1309/2784
f 1707/1271/2726 1733/1232/2726 1731/1234/2726
f 1705/1310/2785 1760/1311/2786 1759/1312/2787
f 1705/1310/2788 1732/1313/2788 1735/1314/2788
f 1708/1315/2789 1731/1316/2789 1732/1313/2789
f 1782/1317/2790 1734/1217/2790 1733/1219/2790
f 1739/1318/2791 1738/1224/2791 1740/1319/2791
f 1743/1320/2792 1740/1319/2792 1741/1321/2792
f 1743/1320/2793 1761/1226/2794 1762/1322/2795
f 1737/1323/2796 1732/1313/2796 1731/1316/2796
f 1760/1311/2797 1744/1102/2797 1736/1122/2797
f 1673/1233/2798 1737/1324/2798 1731/1234/2798
f 1674/1227/2799 1740/1319/2799 1675/1223/2799
f 1767/1325/2800 1660/1106/2800 1754/1326/2800
f 1775/1327/2801 1778/1328/2802 1755/1329/2803
f 1770/1330/2804 1747/1112/2658 1764/1331/2804
f 1746/1115/2805 1764/1331/2805 1747/1112/2805
f 1745/1332/2806 1754/1333/2806 1661/1334/2806
f 1735/1230/2807 1762/1335/2807 1760/1336/2807
f 1762/1322/2808 1742/1121/2808 1744/1102/2808
f 1759/1312/2787 1736/1122/2809 1706/1123/2810
f 1749/1274/2811 1706/1124/2811 1654/1125/2811
f 1742/1121/2812 1758/1228/2812 1676/1126/2812
f 1664/1127/2813 1748/1181/2813 1650/1128/2813
f 1664/1129/2814 1757/1337/2814 1756/1201/2814
f 1662/1131/2815 1753/1197/2815 1657/1132/2815
f 1658/1200/2816 1754/1338/2816 1752/1193/2816
f 1637/1175/2707 1752/1191/2707 1750/1192/2707
f 1639/1187/2705 1749/1188/2705 1751/1189/2705
f 1641/1137/2702 1748/1181/2702 1750/1183/2702
f 1648/1138/2701 1753/1178/2701 1751/1180/2701
f 1768/1339/2817 1765/1140/2818 1767/1340/2819
f 1763/1341/2820 1767/1340/2820 1754/1342/2820
f 1772/1144/2821 1770/1330/2821 1778/1328/2821
f 1774/1146/2822 1777/1343/2823 1775/1327/2824
f 1662/1149/2825 1775/1344/2825 1755/1345/2825
f 1777/1343/2826 1772/1144/2826 1778/1328/2826
f 1779/1346/2827 1781/1347/2827 1780/1348/2827
f 1780/1349/2828 1773/1350/2828 1755/1351/2828
f 1779/1352/2829 1755/1351/2829 1778/1353/2829
f 1684/1354/2830 1734/1355/2830 1782/1356/2830
f 1700/1035/2831 1703/1268/2831 1783/1037/2831
f 1642/922/2832 1668/1357/2832 1544/923/2832
f 1531/930/2833 1649/1176/2833 1647/1168/2833
f 1647/1168/2834 1646/928/2834 1531/930/2834
f 1531/931/2835 1533/1358/2835 1587/932/2835
f 1587/934/2836 1533/929/2836 1529/935/2836
f 1532/937/2837 1528/1135/2837 1538/938/2837
f 1714/940/2838 1649/1176/2838 1531/930/2838
f 1646/928/2553 1642/1177/2839 1529/935/2554
f 1530/942/2840 1539/955/2840 1614/943/2840
f 1528/945/2841 1534/949/2841 1609/946/2841
f 1532/948/2842 1535/951/2842 1534/949/2842
f 1530/950/2843 1536/1136/2843 1535/951/2843
f 1648/952/2844 1654/1359/2844 1610/953/2844
f 1532/937/2845 1537/939/2845 1539/955/2845
f 1641/956/2846 1656/1360/2846 1613/957/2846
f 1613/959/2847 1656/1194/2847 1660/960/2847
f 1539/962/2848 1541/1361/2848 1630/963/2848
f 1537/1362/2849 1538/1133/2849 1540/1134/2849
f 1616/965/2850 1542/1052/2850 1545/966/2850
f 1543/968/2566 1544/1363/2567 1547/969/2567
f 1586/919/2851 1529/924/2851 1544/923/2851
f 1534/949/2852 1542/1043/2852 1616/971/2852
f 1589/972/2853 1546/1364/2853 1555/973/2853
f 1544/978/2854 1668/1213/2854 1672/979/2854
f 1588/981/2573 1543/968/2573 1546/970/2573
f 1551/983/2573 1552/1068/2573 1600/984/2573
f 1617/988/2855 1545/1365/2855 1579/986/2855
f 1579/986/2856 1636/1158/2856 1565/987/2856
f 1565/987/2857 1645/1366/2857 1617/988/2857
f 1550/989/2858 1548/1367/2858 1603/990/2858
f 1549/992/2576 1606/1105/2859 1621/993/2577
f 1601/995/2860 1607/1120/2860 1604/996/2860
f 1548/998/2580 1551/1077/2580 1599/999/2580
f 1590/1001/2581 1556/1019/2582 1559/1002/2582
f 1557/1004/2583 1570/1025/2861 1596/1005/2584
f 1567/1007/2862 1574/1038/2862 1568/1008/2862
f 1558/1014/2863 1553/1368/2863 1564/1012/2863
f 1553/1368/2864 1556/1010/2864 1564/1012/2864
f 1593/1013/2588 1553/1368/2865 1558/1014/2589
f 1595/1015/2591 1561/1369/2866 1560/1016/2592
f 1553/1018/2594 1562/1063/2594 1559/1002/2595
f 1557/1020/2596 1560/1067/2596 1561/1021/2597
f 1593/1023/2598 1554/1022/2599 1561/1021/2599
f 1565/1027/2867 1564/1041/2867 1571/1028/2867
f 1557/1004/2602 1566/1009/2868 1568/1008/2603
f 1566/1030/2869 1557/1370/2869 1554/1031/2869
f 1556/1032/2870 1569/1066/2870 1572/1033/2870
f 1572/1033/2871 1569/1066/2871 1596/1005/2871
f 1596/1005/2872 1570/1025/2872 1695/1026/2872
f 1695/1026/2873 1700/1035/2873 1596/1005/2873
f 1574/1038/2874 1696/1371/2874 1695/1026/2874
f 1645/1039/2875 1565/1027/2875 1573/1029/2875
f 1672/1040/2876 1696/1371/2876 1574/1038/2876
f 1563/1034/2877 1572/1033/2877 1571/1028/2877
f 1534/949/2878 1576/1089/2878 1578/1042/2878
f 1619/1044/2879 1575/1372/2879 1536/1045/2879
f 1536/1045/2880 1575/1372/2880 1577/1047/2880
f 1535/1048/2881 1577/1047/2881 1576/1049/2881
f 1578/1051/2882 1579/1373/2883 1545/966/2884
f 1555/1054/2885 1546/1374/2885 1547/975/2885
f 1547/975/2886 1567/977/2886 1555/1054/2886
f 1587/1055/2887 1582/1375/2887 1580/1056/2887
f 1587/1055/2888 1582/1375/2888 1581/1058/2888
f 1580/1056/2889 1582/1375/2889 1585/1060/2889
f 1581/1058/2890 1582/1375/2890 1585/1060/2890
f 1553/1018/2598 1593/1023/2598 1595/1024/2598
f 1562/1064/2624 1595/1015/2591 1594/1017/2593
f 1554/1031/2626 1593/1013/2588 1592/974/2590
f 1556/1032/2628 1590/1006/2585 1596/1005/2584
f 1557/1020/2581 1590/1001/2581 1594/1003/2581
f 1551/983/2573 1588/981/2573 1589/982/2573
f 1552/1069/2891 1589/972/2891 1592/974/2891
f 1550/1070/2892 1587/1074/2892 1586/1071/2892
f 1549/1073/2893 1591/1075/2893 1587/1074/2893
f 1618/1076/2894 1676/1376/2894 1725/1301/2894
f 1725/1301/2895 1591/1075/2895 1618/1076/2895
f 1548/998/2896 1586/919/2896 1588/921/2896
f 1583/1078/2897 1585/1377/2897 1587/1079/2897
f 1584/1062/2898 1585/1060/2898 1587/1081/2898
f 1591/1083/2899 1725/1378/2899 1718/1084/2899
f 1591/1088/2900 1581/1058/2900 1584/1062/2900
f 1576/1089/2580 1597/1000/2580 1599/999/2580
f 1620/1090/2639 1601/1379/2901 1575/1091/2640
f 1575/1091/2902 1601/1379/2902 1598/1093/2902
f 1577/1094/2903 1598/1093/2903 1597/1095/2903
f 1579/1373/2883 1578/1051/2882 1636/1097/2904
f 1578/1051/2905 1599/985/2905 1636/1097/2905
f 1604/1098/2906 1605/991/2906 1603/990/2906
f 1607/1100/2907 1606/1105/2907 1605/991/2907
f 1621/993/2647 1606/1105/2908 1607/1100/2648
f 1598/1093/2909 1604/1098/2909 1602/1099/2909
f 1620/1090/2910 1736/1122/2910 1744/1102/2910
f 1548/998/2911 1597/1000/2911 1602/1103/2911
f 1549/992/2912 1550/989/2912 1605/991/2912
f 1660/1106/2913 1765/1380/2913 1625/1107/2913
f 1632/1109/2655 1631/1147/2914 1629/1110/2656
f 1747/1112/2658 1771/1145/2658 1628/1113/2658
f 1615/1116/2915 1623/1143/2915 1608/1117/2915
f 1601/995/2916 1620/1381/2916 1622/1119/2916
f 1742/1121/2917 1621/993/2647 1622/1101/2649
f 1736/1122/2663 1620/1090/2639 1619/1092/2641
f 1706/1124/2918 1619/1044/2918 1610/1046/2918
f 1618/994/2578 1621/993/2577 1742/1121/2919
f 1609/946/2920 1616/971/2920 1664/1127/2920
f 1664/1129/2921 1616/965/2921 1617/967/2921
f 1614/964/2922 1630/963/2922 1662/1131/2922
f 1538/1133/2923 1613/959/2923 1615/961/2923
f 1528/1135/2562 1611/958/2562 1613/957/2562
f 1530/950/2560 1612/954/2560 1610/953/2560
f 1641/1137/2924 1611/947/2557 1609/946/2557
f 1648/1138/2556 1612/944/2556 1614/943/2556
f 1765/1140/2675 1766/1382/2925 1626/1141/2676
f 1623/1143/2926 1615/1116/2926 1625/1142/2926
f 1772/1144/2927 1632/1109/2927 1628/1113/2927
f 1774/1146/2680 1629/1110/2928 1631/1147/2681
f 1662/1149/2929 1630/1383/2929 1629/1150/2929
f 1772/1144/2930 1776/1148/2930 1631/1147/2930
f 1541/1155/2931 1635/1384/2931 1634/1156/2931
f 1630/1111/2932 1634/1154/2932 1633/1153/2932
f 1564/1385/2933 1565/987/2933 1558/1160/2933
f 1565/987/2934 1636/1158/2934 1558/1160/2934
f 1600/1159/2935 1552/1386/2935 1558/1160/2935
f 1573/1029/2936 1571/1028/2936 1700/1035/2936
f 1667/1164/2937 1668/1357/2937 1642/922/2937
f 1647/1168/2938 1649/1176/2938 1640/1167/2938
f 1640/1167/2939 1644/1172/2939 1646/928/2939
f 1720/1169/2940 1644/1172/2940 1640/1167/2940
f 1720/1169/2941 1719/1387/2941 1638/1171/2941
f 1643/1173/2942 1655/1388/2942 1658/1174/2942
f 1714/940/2943 1724/1170/2943 1640/1167/2943
f 1646/928/2698 1644/1172/2944 1638/1171/2699
f 1753/1178/2945 1659/1190/2945 1639/1179/2945
f 1748/1181/2946 1651/1184/2946 1637/1182/2946
f 1651/1184/2947 1652/1186/2947 1643/1185/2947
f 1652/1186/2948 1653/1389/2948 1639/1187/2948
f 1749/1188/2949 1654/1359/2949 1648/952/2949
f 1659/1190/2950 1655/1388/2950 1643/1173/2950
f 1752/1191/2951 1656/1360/2951 1641/956/2951
f 1752/1193/2952 1754/1338/2952 1660/960/2952
f 1755/1195/2953 1773/1390/2953 1659/1196/2953
f 1756/1201/2954 1757/1337/2954 1669/1202/2954
f 1666/1204/2712 1670/1391/2712 1671/1205/2713
f 1719/1161/2955 1666/1163/2955 1667/1164/2955
f 1756/1207/2956 1665/1392/2956 1651/1184/2956
f 1722/1208/2957 1726/1291/2957 1681/1209/2957
f 1667/1206/2958 1671/1205/2958 1672/979/2958
f 1721/1214/2719 1722/1293/2719 1670/1215/2719
f 1734/1217/2719 1678/1393/2719 1677/1218/2719
f 1710/1222/2959 1669/1394/2959 1757/1220/2959
f 1757/1220/2960 1645/1395/2960 1691/1221/2960
f 1691/1221/2961 1782/1396/2961 1710/1222/2961
f 1675/1223/2962 1740/1319/2962 1738/1224/2962
f 1761/1226/2722 1741/1321/2963 1674/1227/2723
f 1739/1229/2964 1743/1397/2964 1735/1230/2964
f 1733/1232/2726 1677/1398/2726 1673/1233/2726
f 1723/1235/2727 1728/1292/2727 1685/1236/2728
f 1730/1238/2729 1698/1258/2965 1683/1239/2730
f 1694/1241/2966 1704/1269/2966 1693/1242/2966
f 1682/1246/2967 1679/1249/2967 1690/1244/2967
f 1679/1249/2968 1684/1248/2968 1690/1244/2968
f 1727/1247/2734 1726/1291/2775 1684/1248/2735
f 1729/1250/2737 1728/1290/2773 1686/1251/2738
f 1685/1236/2740 1688/1399/2741 1679/1253/2741
f 1687/1254/2742 1686/1400/2743 1683/1255/2743
f 1727/1257/2744 1729/1288/2744 1687/1254/2745
f 1691/1259/2969 1703/1268/2969 1701/1260/2969
f 1683/1239/2748 1698/1258/2970 1694/1241/2749
f 1692/1262/2971 1681/1209/2971 1680/1263/2971
f 1702/1265/2972 1697/1401/2972 1682/1266/2972
f 1730/1238/2973 1697/1401/2973 1702/1265/2973
f 1702/1265/2974 1700/1035/2974 1730/1238/2974
f 1700/1035/2975 1695/1026/2975 1730/1238/2975
f 1695/1026/2976 1696/1371/2976 1704/1269/2976
f 1645/1039/2977 1699/1036/2977 1703/1268/2977
f 1704/1269/2978 1696/1371/2978 1672/1040/2978
f 1701/1260/2979 1702/1265/2979 1689/1267/2979
f 1651/1184/2980 1665/1392/2980 1709/1270/2980
f 1653/1272/2981 1705/1276/2981 1759/1273/2981
f 1653/1272/2982 1652/1277/2982 1708/1275/2982
f 1652/1277/2983 1651/1402/2983 1707/1278/2983
f 1669/1202/2984 1710/1403/2985 1709/1279/2986
f 1671/1211/2987 1670/1404/2987 1681/1280/2987
f 1681/1280/2988 1692/1405/2988 1693/1212/2988
f 1711/1281/2989 1713/1287/2989 1720/1282/2989
f 1712/1284/2990 1713/1287/2990 1720/1282/2990
f 1711/1281/2768 1715/1406/2768 1717/1286/2769
f 1712/1284/2770 1716/1407/2770 1717/1286/2771
f 1679/1253/2744 1688/1399/2744 1729/1288/2744
f 1688/1289/2772 1685/1408/2991 1728/1290/2773
f 1680/1263/2774 1681/1209/2992 1726/1291/2775
f 1682/1266/2776 1697/1401/2993 1730/1238/2729
f 1683/1255/2727 1686/1400/2727 1728/1292/2727
f 1677/1218/2719 1678/1393/2719 1722/1293/2719
f 1678/1294/2994 1684/1248/2994 1726/1291/2994
f 1675/1295/2995 1673/1409/2995 1719/1296/2995
f 1674/1298/2996 1675/1295/2996 1720/1297/2996
f 1725/1301/2997 1676/1376/2997 1758/1300/2997
f 1758/1300/2998 1674/1298/2998 1724/1299/2998
f 1673/1233/2726 1677/1398/2726 1721/1162/2726
f 1715/1302/2999 1719/1410/2999 1720/1303/2999
f 1720/1303/3000 1717/1304/3000 1716/1305/3000
f 1718/1307/3001 1725/1378/3001 1724/1308/3001
f 1716/1407/3002 1712/1284/3002 1724/1411/3002
f 1724/1411/3003 1714/1087/3003 1718/1086/3003
f 1707/1271/3004 1709/1270/3004 1733/1232/3004
f 1705/1310/2785 1735/1314/3005 1760/1311/2786
f 1705/1310/3006 1708/1315/3006 1732/1313/3006
f 1708/1315/3007 1707/1412/3007 1731/1316/3007
f 1733/1219/3008 1709/1279/3008 1782/1317/3008
f 1709/1279/2986 1710/1403/2985 1782/1317/3009
f 1739/1318/3010 1737/1323/3010 1738/1224/3010
f 1743/1320/3011 1739/1318/3011 1740/1319/3011
f 1743/1320/2793 1741/1321/3012 1761/1226/2794
f 1737/1323/3013 1739/1318/3013 1732/1313/3013
f 1760/1311/3014 1762/1322/3014 1744/1102/3014
f 1673/1233/3015 1738/1413/3015 1737/1324/3015
f 1674/1227/3016 1741/1321/3016 1740/1319/3016
f 1767/1325/3017 1765/1380/3017 1660/1106/3017
f 1775/1327/2801 1777/1343/3018 1778/1328/2802
f 1770/1330/2804 1771/1145/2658 1747/1112/2658
f 1745/1332/3019 1763/1414/3019 1754/1333/3019
f 1735/1230/3020 1743/1397/3020 1762/1335/3020
f 1762/1322/2795 1761/1226/2794 1742/1121/3021
f 1759/1312/2787 1760/1311/2786 1736/1122/2809
f 1749/1274/3022 1759/1273/3022 1706/1124/3022
f 1742/1121/3023 1761/1226/2722 1758/1228/2724
f 1664/1127/3024 1756/1207/3024 1748/1181/3024
f 1664/1129/3025 1645/1130/3025 1757/1337/3025
f 1662/1131/3026 1755/1195/3026 1753/1197/3026
f 1658/1200/3027 1661/1199/3027 1754/1338/3027
f 1637/1175/3028 1658/1174/3028 1752/1191/3028
f 1639/1187/3029 1653/1389/3029 1749/1188/3029
f 1641/1137/3030 1650/1128/3030 1748/1181/3030
f 1648/1138/3031 1657/1139/3031 1753/1178/3031
f 1768/1339/2817 1766/1382/3032 1765/1140/2818
f 1763/1341/3033 1768/1339/3033 1767/1340/3033
f 1772/1144/3034 1771/1145/3034 1770/1330/3034
f 1774/1146/2822 1776/1148/3035 1777/1343/2823
f 1662/1149/3036 1774/1151/3036 1775/1344/3036
f 1777/1343/3037 1776/1148/3037 1772/1144/3037
f 1780/1349/3038 1781/1350/3038 1773/1350/3038
f 1779/1352/3039 1780/1349/3039 1755/1351/3039
f 1782/1356/3040 1691/1415/3040 1684/1354/3040
f 1691/1415/3041 1690/1416/3041 1684/1354/3041
f 1684/1354/3042 1678/1417/3042 1734/1355/3042
f 1700/1035/3043 1701/1260/3043 1703/1268/3043
f 1789/1418/3044 1869/1419/3044 1824/1420/3044
f 1796/1421/3045 1850/1422/3045 1849/1423/3045
f 1887/1424/3046 1789/1425/3046 1884/1426/3046
f 1799/1427/3047 1868/1428/3047 1866/1429/3047
f 1884/1426/3048 1824/1430/3048 1889/1431/3048
f 1886/1432/3049 1790/1433/3049 1797/1434/3049
f 2022/1435/3050 1825/1436/3050 1888/1437/3050
f 1794/1438/3051 1854/1439/3051 1852/1440/3051
f 1784/1362/3052 1786/1134/3052 1805/1441/3052
f 1848/1442/3053 1855/1443/3053 1843/1444/3053
f 1797/1434/3054 1887/1424/3054 1886/1432/3054
f 1787/1361/3055 1785/962/3055 1793/1445/3055
f 1786/1446/3044 1818/1447/3056 1805/1448/3056
f 1802/1449/3057 1814/1450/3057 1820/1451/3057
f 1817/1452/3058 1813/1453/3058 1816/1454/3058
f 1942/1455/3059 1831/1456/3059 1834/1457/3059
f 1820/1451/3060 1832/1458/3061 1833/1114/3062
f 1942/1455/3063 1840/1459/3063 1967/1460/3063
f 1830/1143/3064 1837/1461/3064 1812/1117/3064
f 1820/1462/2804 1839/1463/2658 1842/1464/2804
f 1821/1465/3065 1840/1459/3065 1834/1457/3065
f 1806/1466/3066 1813/1467/3066 1792/1468/3066
f 1806/1466/2658 1815/1469/2658 1816/1470/2658
f 1792/1468/3067 1831/1471/3068 1826/1472/3069
f 1808/1473/3070 1814/1474/3070 1815/1469/3070
f 1911/1475/3071 1832/1476/3072 1827/1477/3073
f 1791/1478/3074 1832/1476/3074 1814/1474/3074
f 1914/1479/3075 1831/1471/3075 1933/1480/3075
f 1834/1457/3076 1813/1453/3076 1821/1465/3076
f 1888/1437/3077 1790/1433/3077 1885/1481/3077
f 1889/1431/3078 1907/1482/3078 2023/1483/3078
f 1878/1484/3079 1866/1429/3079 1879/1485/3079
f 1890/1486/3080 1995/1487/3081 1867/1488/3081
f 1930/1489/3082 1835/1490/3082 1957/1491/3082
f 1894/1109/3083 1842/1492/3083 1839/1113/3083
f 1836/1493/3084 1966/1494/3085 1967/1495/3086
f 1821/1496/3087 1807/1497/3087 1841/1498/3087
f 1838/1499/3088 1810/1500/3088 1842/1492/3088
f 1836/1501/3089 1841/1502/3089 1837/1503/3089
f 1930/1504/3090 1836/1505/3090 1830/1143/3090
f 1844/1506/3091 1848/1442/3091 1843/1444/3091
f 1846/1507/3092 1847/1508/3092 1850/1422/3092
f 1847/1508/3093 1849/1423/3094 1850/1422/3095
f 1796/1421/3096 1844/1506/3096 1789/1418/3096
f 1797/1509/3097 1846/1507/3097 1850/1422/3097
f 1799/1427/3098 1860/1510/3098 1790/1511/3098
f 1799/1427/3099 1864/1512/3099 1859/1513/3099
f 1851/1514/3100 1858/1515/3100 1856/1516/3100
f 1852/1517/3101 1855/1443/3102 1853/1518/3103
f 1851/1514/3104 1853/1518/3104 1857/1519/3104
f 1847/1508/3105 1858/1515/3106 1857/1519/3107
f 1795/1520/3108 1856/1521/3108 1799/1522/3108
f 1847/1508/3109 1853/1518/3109 1848/1442/3109
f 1860/1510/3110 1862/1523/3111 1863/1524/3112
f 1859/1513/3113 1861/1525/3113 1862/1523/3113
f 1845/1526/3114 1863/1524/3114 1862/1523/3114
f 1856/1516/3115 1861/1525/3115 1864/1512/3115
f 1845/1526/3116 1861/1525/3116 1858/1515/3116
f 1790/1511/3117 1863/1524/3117 1846/1507/3117
f 1993/1527/3118 1879/1485/3118 1870/1528/3118
f 1844/1506/3119 1867/1488/3119 1869/1419/3119
f 1996/1529/3120 1867/1488/3120 1995/1487/3120
f 1868/1428/3121 1879/1485/3121 1866/1429/3121
f 1801/1530/3122 1867/1488/3122 1843/1444/3122
f 1907/1531/3056 1869/1419/3044 1996/1529/3056
f 1909/1532/3123 1870/1528/3123 1825/1533/3123
f 1825/1533/3056 1868/1428/3044 1790/1511/3044
f 1799/1534/3124 1876/1535/3125 1872/1536/3126
f 1801/1537/3127 1873/1538/3127 1823/1539/3127
f 1794/1540/3128 1871/1541/3128 1874/1542/3128
f 1801/1537/3129 1874/1543/3129 1875/1544/3129
f 1801/1530/3130 1855/1443/3130 1854/1545/3130
f 1877/1546/3131 1878/1547/3131 1900/1548/3131
f 1904/1549/3132 2008/1550/3132 1900/1551/3132
f 1865/1552/3133 2010/1553/3133 1994/1554/3133
f 1865/1555/3134 1878/1484/3134 1879/1485/3134
f 1994/1556/3135 1881/1557/3135 1865/1555/3135
f 1883/1558/3136 2020/1559/3136 2018/1560/3136
f 1865/1555/3137 1880/1561/3138 1822/1562/3137
f 1904/1563/3139 1880/1564/3140 2012/1565/3141
f 1883/1558/3142 2016/1566/3143 1882/1567/3144
f 1881/1557/3145 1882/1567/3146 1880/1561/3147
f 2021/1568/3148 1882/1569/3148 2016/1570/3148
f 2014/1571/3149 1883/1558/3150 1881/1557/3151
f 2012/1565/3141 1882/1569/3152 2021/1568/3153
f 1827/1572/3154 2023/1483/3154 1911/1573/3154
f 1826/1574/3155 1885/1481/3155 1792/1575/3155
f 1886/1432/3156 1808/1576/3156 1806/1577/3156
f 1914/1578/3157 1888/1437/3157 1826/1574/3157
f 1806/1579/3158 1885/1580/3158 1886/1581/3158
f 1791/1582/3159 1889/1431/3159 1827/1572/3159
f 1808/1576/3160 1884/1426/3160 1791/1582/3160
f 1828/1583/3161 1878/1584/3161 1900/1585/3161
f 2008/1586/3162 2049/1587/3162 2045/7/3162
f 1829/10/3163 1828/10/3044 1788/1588/3164
f 1823/1589/3165 1788/1590/3165 1801/1591/3165
f 1801/1591/3166 1788/1590/3166 1794/1592/3166
f 1878/1584/3167 1799/1593/3167 1828/1583/3167
f 1809/1594/3168 1892/1595/3169 1804/1596/3170
f 1897/1597/3171 1896/1598/3171 1899/1152/3171
f 1838/1499/3172 1895/1153/3172 1896/1598/3172
f 1838/1499/3173 1898/1599/3173 1811/1600/3173
f 1890/1601/3174 1873/1538/3174 2043/1602/3174
f 1803/1603/3175 1837/1461/3175 1841/1604/3175
f 1807/1605/3176 1803/1603/3176 1841/1604/3176
f 1840/1606/3177 1836/1493/3084 1967/1495/3086
f 2008/1607/3131 1877/1546/3131 1900/1548/3131
f 1998/1608/3044 1908/1609/3056 1946/1610/3044
f 1917/1611/3178 1975/1612/3178 1918/1613/3178
f 1908/1614/3179 2027/1615/3179 2024/1616/3179
f 1921/1617/3180 1997/1618/3180 1910/1619/3180
f 1946/1620/3181 2024/1616/3181 2029/1621/3181
f 2026/1622/3182 1910/1623/3182 2025/1624/3182
f 1947/1625/3183 2022/1435/3183 2028/1626/3183
f 1916/1627/3184 1979/1628/3184 1923/1629/3184
f 1980/1630/3185 1973/1631/3185 1968/1632/3185
f 2027/1615/3186 1918/1633/3186 2026/1622/3186
f 1915/1634/3187 1926/1635/3187 1901/1198/3187
f 1989/1390/3188 1915/1634/3188 1902/1196/3188
f 1940/1636/3044 1903/1637/3056 1926/1638/3044
f 1935/1639/3189 1924/1640/3189 1941/1641/3189
f 1939/1642/3190 1934/1643/3190 1943/1644/3190
f 1953/1645/3191 1942/1455/3191 1956/1646/3191
f 1954/1647/3192 1941/1641/3193 1955/1331/3194
f 1942/1455/3195 1963/1648/3195 1956/1646/3195
f 1960/1649/3196 1952/1341/3196 1931/1650/3196
f 1941/1651/2658 1962/1652/2804 1955/1653/3197
f 1963/1648/3198 1943/1644/3198 1956/1646/3198
f 1989/1654/3199 2040/1655/3199 1915/1656/3199
f 1934/1657/3200 1927/1658/3200 1913/1659/3200
f 1927/1658/2804 1937/1660/2804 1929/1661/2804
f 1953/1662/3201 1913/1659/3202 1948/1663/3203
f 1929/1661/3204 1935/1664/3204 1912/1665/3204
f 1954/1666/3205 1911/1475/3206 1949/1667/3205
f 1912/1665/3205 1954/1666/3205 1949/1667/3205
f 1914/1479/3203 1953/1662/3201 1948/1663/3203
f 1934/1643/3207 1956/1646/3207 1943/1644/3207
f 1910/1623/3208 2028/1626/3208 2025/1624/3208
f 1907/1482/3209 2029/1621/3209 2023/1483/3209
f 2009/1668/3210 1991/1669/3210 1921/1617/3210
f 1995/1487/3211 1906/1670/3212 2032/1671/3213
f 1930/1489/3214 1958/1672/3214 1952/1673/3214
f 2037/1328/3215 1965/1674/3215 1961/1675/3215
f 1959/1676/3216 1967/1495/3217 1966/1494/3218
f 1928/1677/3219 1943/1678/3219 1964/1679/3219
f 1961/1675/3220 1924/1680/3220 1932/1681/3220
f 1964/1682/3221 1959/1683/3221 1960/1684/3221
f 1959/1685/3222 1930/1504/3222 1952/1341/3222
f 1940/1636/3223 1960/1649/3223 1931/1650/3223
f 1924/1686/3224 1965/1687/3224 1941/1651/3224
f 1969/1688/3225 1973/1631/3225 1974/1689/3225
f 1972/1690/3226 1971/1691/3226 1975/1612/3226
f 1974/1689/3227 1972/1690/3228 1975/1612/3229
f 1969/1688/3230 1917/1611/3230 1908/1609/3230
f 1918/1613/3231 1971/1691/3231 1910/1619/3231
f 1984/1692/3232 1921/1617/3232 1910/1619/3232
f 1977/1693/3233 1980/1630/3234 1979/1694/3235
f 1976/1695/3236 1978/1696/3236 1977/1693/3236
f 1972/1690/3237 1982/1697/3238 1970/1698/3239
f 1978/1696/3240 1972/1690/3240 1973/1631/3240
f 1984/1692/3241 1986/1699/3242 1983/1700/3243
f 1985/1701/3244 1983/1700/3244 1986/1699/3244
f 1970/1698/3245 1987/1702/3245 1971/1691/3245
f 1985/1701/3246 1970/1698/3246 1982/1697/3246
f 1987/1702/3247 1910/1619/3247 1971/1691/3247
f 2011/1703/3248 1993/1527/3248 1999/1704/3248
f 1992/1705/3249 1969/1688/3249 1998/1608/3249
f 1996/1529/3250 1992/1705/3250 1998/1608/3250
f 1997/1618/3251 2011/1703/3251 1999/1704/3251
f 1923/1706/3252 1992/1705/3252 1945/1707/3252
f 1907/1531/3056 1998/1608/3044 1946/1610/3044
f 1999/1704/3253 1909/1532/3253 1947/1708/3253
f 1997/1618/3044 1947/1708/3056 1910/1619/3044
f 1921/1709/3254 2005/1710/3254 2009/1711/3254
f 2002/1712/3255 1923/1713/3255 1945/1714/3255
f 1923/1715/3256 2003/1716/3256 1916/1717/3256
f 1980/1630/3257 1923/1706/3257 1979/1694/3257
f 2009/1711/3258 2006/1718/3259 2044/1719/3258
f 2044/1720/3260 2008/1550/3260 1904/1549/3260
f 2010/1553/3261 1990/1721/3261 1994/1554/3261
f 1990/1722/3262 2009/1668/3262 1944/1723/3263
f 2015/1724/3264 1994/1556/3264 1990/1722/3264
f 2019/1725/3265 2018/1560/3265 2020/1559/3265
f 2013/1726/3266 1990/1722/3267 1944/1723/3267
f 1904/1563/3268 2013/1727/3268 1944/1728/3268
f 2016/1566/3269 2019/1725/3270 2017/1729/3271
f 2017/1729/3272 2015/1724/3273 2013/1726/3274
f 2021/1568/3275 2016/1570/3275 2017/1730/3275
f 2019/1725/3276 2014/1571/3277 2015/1724/3278
f 2012/1565/3279 2017/1730/3280 2013/1727/3281
f 2023/1483/3282 1949/1731/3282 1911/1573/3282
f 2025/1624/3283 1948/1732/3283 1913/1733/3283
f 1929/1734/3284 2026/1622/3284 1927/1735/3284
f 2028/1626/3285 1914/1578/3285 1948/1732/3285
f 1927/1735/3286 2025/1624/3286 1913/1733/3286
f 2029/1621/3287 1912/1736/3287 1949/1731/3287
f 2024/1616/3288 1929/1734/3288 1912/1736/3288
f 2044/1737/3289 1950/1738/3290 1922/1739/3291
f 2052/1740/3162 2051/1741/3162 2008/1586/3162
f 2033/10/3292 2054/10/3293 1950/10/3290
f 1951/10/3294 1905/1588/3295 1950/10/3044
f 1905/1742/3296 1945/1743/3296 1923/1744/3296
f 1923/1744/3297 1916/1745/3297 1905/1742/3297
f 2009/1746/3298 1950/1738/3298 1921/1747/3298
f 2034/1748/3299 1924/1749/3299 1919/1750/3299
f 2039/1751/3300 2040/1752/3300 2042/1347/3300
f 1961/1675/3301 2038/1346/3301 2037/1328/3301
f 2041/1753/3302 1961/1675/3302 1932/1681/3302
f 2002/1712/3303 1945/1714/3304 2032/1754/3213
f 1925/1755/3305 1964/1756/3305 1960/1649/3305
f 1928/1757/3306 1964/1756/3306 1925/1755/3306
f 1963/1758/3307 1967/1495/3217 1959/1676/3216
f 2008/1607/3308 2006/1759/3259 2007/1760/3309
f 2046/4/3310 2047/1761/3311 2050/1762/3312
f 2050/1763/3312 2048/1764/3313 2049/1765/2658
f 2049/1587/2658 2048/1766/3313 2045/7/2804
f 2049/1587/2658 2030/1767/2658 2050/1762/3312
f 2053/1768/3314 2052/1740/2658 1922/1739/3291
f 1789/1418/3315 1844/1506/3315 1869/1419/3315
f 1796/1421/3045 1797/1509/3045 1850/1422/3045
f 1887/1424/3316 1796/1769/3316 1789/1425/3316
f 1799/1427/3047 1790/1511/3047 1868/1428/3047
f 1884/1426/3317 1789/1425/3317 1824/1430/3317
f 1886/1432/3318 1885/1481/3318 1790/1433/3318
f 2022/1435/3319 1909/1770/3319 1825/1436/3319
f 1794/1438/3320 1801/1771/3320 1854/1439/3320
f 1848/1442/3321 1853/1518/3321 1855/1443/3321
f 1797/1434/3322 1796/1769/3322 1887/1424/3322
f 1793/1445/3323 1785/962/3323 1784/1362/3323
f 1784/1362/3324 1805/1441/3324 1793/1445/3324
f 1786/1446/3044 1812/1772/3044 1818/1447/3056
f 1802/1449/3325 1815/1773/3325 1814/1450/3325
f 1817/1452/3326 1821/1465/3326 1813/1453/3326
f 1942/1455/3327 1933/1774/3327 1831/1456/3327
f 1820/1451/3328 1814/1450/3328 1832/1458/3328
f 1942/1455/3329 1834/1457/3329 1840/1459/3329
f 1830/1143/3330 1836/1505/3330 1837/1461/3330
f 1820/1462/2804 1833/1775/2658 1839/1463/2658
f 1821/1465/3331 1841/1604/3331 1840/1459/3331
f 1806/1466/3332 1816/1470/3332 1813/1467/3332
f 1806/1466/2658 1808/1473/2658 1815/1469/2658
f 1792/1468/3067 1813/1467/3333 1831/1471/3068
f 1808/1473/3334 1791/1478/3334 1814/1474/3334
f 1911/1475/3071 1936/1776/3071 1832/1476/3072
f 1791/1478/3073 1827/1477/3073 1832/1476/3072
f 1914/1479/3069 1826/1472/3069 1831/1471/3068
f 1833/1114/3062 1832/1458/3061 1936/1115/3335
f 1834/1457/3336 1831/1456/3336 1813/1453/3336
f 1888/1437/3337 1825/1436/3337 1790/1433/3337
f 1889/1431/3338 1824/1430/3338 1907/1482/3338
f 1878/1484/3079 1799/1427/3079 1866/1429/3079
f 1867/1488/3081 1823/1777/3339 1890/1486/3080
f 1890/1486/3080 1906/1670/3340 1995/1487/3081
f 1930/1489/3341 1830/1778/3341 1835/1490/3341
f 1894/1109/3342 1838/1499/3342 1842/1492/3342
f 1821/1496/3343 1817/1779/3343 1807/1497/3343
f 1838/1499/3344 1811/1600/3344 1810/1500/3344
f 1836/1501/3084 1840/1780/3177 1841/1502/3345
f 1930/1504/3346 1966/1781/3346 1836/1505/3346
f 1818/1782/3347 1812/1117/3347 1837/1461/3347
f 1844/1506/3348 1849/1423/3348 1848/1442/3348
f 1846/1507/3349 1845/1526/3349 1847/1508/3349
f 1847/1508/3093 1848/1442/3350 1849/1423/3094
f 1796/1421/3351 1849/1423/3351 1844/1506/3351
f 1797/1509/3352 1790/1511/3352 1846/1507/3352
f 1799/1427/3353 1859/1513/3353 1860/1510/3353
f 1851/1514/3100 1857/1519/3100 1858/1515/3100
f 1852/1517/3101 1854/1545/3354 1855/1443/3102
f 1851/1514/3104 1852/1517/3104 1853/1518/3104
f 1847/1508/3105 1845/1526/3355 1858/1515/3106
f 1795/1520/3356 1851/1783/3356 1856/1521/3356
f 1847/1508/3357 1857/1519/3357 1853/1518/3357
f 1860/1510/3110 1859/1513/3358 1862/1523/3111
f 1859/1513/3359 1864/1512/3359 1861/1525/3359
f 1845/1526/3360 1846/1507/3360 1863/1524/3360
f 1856/1516/3361 1858/1515/3361 1861/1525/3361
f 1845/1526/3362 1862/1523/3362 1861/1525/3362
f 1790/1511/3363 1860/1510/3363 1863/1524/3363
f 1993/1527/3364 2010/1784/3364 1879/1485/3364
f 1844/1506/3365 1843/1444/3365 1867/1488/3365
f 1996/1529/3366 1869/1419/3366 1867/1488/3366
f 1868/1428/3367 1870/1528/3367 1879/1485/3367
f 1801/1530/3368 1823/1777/3368 1867/1488/3368
f 1907/1531/3056 1824/1420/3044 1869/1419/3044
f 1909/1532/3123 1993/1527/3123 1870/1528/3123
f 1825/1533/3056 1870/1528/3056 1868/1428/3044
f 1799/1534/3124 1878/1785/3369 1876/1535/3125
f 1801/1537/3370 1875/1544/3370 1873/1538/3370
f 1794/1540/3128 1795/1786/3128 1871/1541/3128
f 1801/1787/3371 1794/1540/3371 1874/1542/3371
f 1801/1530/3372 1843/1444/3372 1855/1443/3372
f 1877/1788/3373 1876/1535/3373 1878/1785/3373
f 1878/1789/3374 1822/1790/3374 1900/1551/3374
f 1822/1790/3375 1904/1549/3375 1900/1551/3375
f 1865/1552/3376 1879/1791/3376 2010/1553/3376
f 1865/1555/3134 1822/1562/3134 1878/1484/3134
f 1994/1556/3377 2014/1571/3149 1881/1557/3151
f 1865/1555/3137 1881/1557/3378 1880/1561/3138
f 1904/1563/3379 1822/1792/3379 1880/1564/3379
f 1883/1558/3142 2018/1560/3380 2016/1566/3143
f 1881/1557/3145 1883/1558/3381 1882/1567/3146
f 2014/1571/3382 2020/1559/3382 1883/1558/3382
f 2012/1565/3141 1880/1564/3140 1882/1569/3152
f 1827/1572/3383 1889/1431/3383 2023/1483/3383
f 1826/1574/3384 1888/1437/3384 1885/1481/3384
f 1886/1432/3385 1887/1424/3385 1808/1576/3385
f 1914/1578/3386 2022/1435/3386 1888/1437/3386
f 1806/1579/3387 1792/1793/3387 1885/1580/3387
f 1791/1582/3388 1884/1426/3388 1889/1431/3388
f 1808/1576/3389 1887/1424/3389 1884/1426/3389
f 1815/1773/3390 1809/1794/3390 1816/1454/3390
f 1809/1794/3391 1804/1795/3391 1816/1454/3391
f 1900/1585/3392 2008/1586/3392 1800/9/3392
f 1800/9/3393 1828/1583/3393 1900/1585/3393
f 2045/7/3162 1800/9/3162 2008/1586/3162
f 2008/1586/3162 2030/1767/3162 2049/1587/3162
f 1823/1589/3394 1829/1796/3163 1788/1590/3164
f 1809/1594/3168 1891/1594/3168 1892/1595/3169
f 1899/1152/3395 1896/1598/3395 1895/1153/3395
f 1897/1597/3396 1898/1599/3396 1896/1598/3396
f 1838/1499/3172 1894/1109/3172 1895/1153/3172
f 1838/1499/3397 1896/1598/3397 1898/1599/3397
f 2043/1602/3398 1906/1797/3340 1890/1601/3080
f 1890/1601/3080 1823/1539/3339 1873/1538/3399
f 2008/1607/3400 2007/1760/3400 1877/1546/3400
f 1998/1608/3401 1969/1688/3401 1908/1609/3401
f 1917/1611/3178 1974/1689/3178 1975/1612/3178
f 1908/1614/3402 1917/1798/3402 2027/1615/3402
f 1921/1617/3180 1991/1669/3180 1997/1618/3180
f 1946/1620/3403 1908/1614/3403 2024/1616/3403
f 2026/1622/3404 1918/1633/3404 1910/1623/3404
f 1947/1625/3405 1909/1770/3405 2022/1435/3405
f 1916/1627/3406 1977/1799/3406 1979/1628/3406
f 1901/1198/3407 1926/1635/3407 1903/1199/3407
f 1980/1630/3408 1978/1696/3408 1973/1631/3408
f 2027/1615/3409 1917/1798/3409 1918/1633/3409
f 1901/1198/3410 1902/1196/3410 1915/1634/3410
f 1940/1636/3044 1931/1650/3056 1903/1637/3056
f 1935/1639/3411 1937/1800/3411 1924/1640/3411
f 1939/1642/3412 1938/1801/3412 1934/1643/3412
f 1953/1645/3413 1933/1774/3413 1942/1455/3413
f 1954/1647/3414 1935/1639/3414 1941/1641/3414
f 1942/1455/3415 1967/1460/3415 1963/1648/3415
f 1960/1649/3416 1959/1685/3416 1952/1341/3416
f 1941/1651/2658 1965/1687/2658 1962/1652/2804
f 1963/1648/3417 1964/1756/3417 1943/1644/3417
f 1989/1654/3418 2042/1802/3418 2040/1655/3418
f 1934/1657/3419 1938/1803/3419 1927/1658/3419
f 1927/1658/2804 1938/1803/2804 1937/1660/2804
f 1953/1662/3201 1934/1657/3420 1913/1659/3202
f 1929/1661/3421 1937/1660/3421 1935/1664/3421
f 1954/1666/3205 1936/1776/3422 1911/1475/3206
f 1912/1665/3423 1935/1664/3423 1954/1666/3423
f 1914/1479/3424 1933/1480/3424 1953/1662/3424
f 1936/1115/3425 1954/1647/3192 1955/1331/3194
f 1934/1643/3426 1953/1645/3426 1956/1646/3426
f 1910/1623/3427 1947/1625/3427 2028/1626/3427
f 1907/1482/3428 1946/1620/3428 2029/1621/3428
f 2009/1668/3210 2011/1703/3210 1991/1669/3210
f 2032/1671/3213 1945/1707/3304 1992/1705/3211
f 1992/1705/3211 1995/1487/3211 2032/1671/3213
f 1930/1489/3429 1957/1491/3429 1958/1672/3429
f 2037/1328/3430 1962/1330/3430 1965/1674/3430
f 1961/1675/3431 1965/1674/3431 1924/1680/3431
f 1964/1682/3432 1963/1804/3307 1959/1683/3216
f 1959/1685/3433 1966/1781/3433 1930/1504/3433
f 1940/1636/3434 1925/1755/3434 1960/1649/3434
f 1969/1688/3435 1968/1632/3435 1973/1631/3435
f 1972/1690/3436 1970/1698/3436 1971/1691/3436
f 1974/1689/3227 1973/1631/3437 1972/1690/3228
f 1969/1688/3438 1974/1689/3438 1917/1611/3438
f 1918/1613/3439 1975/1612/3439 1971/1691/3439
f 1984/1692/3440 1983/1700/3440 1921/1617/3440
f 1921/1617/3441 1983/1700/3441 1988/1805/3441
f 1982/1697/3442 1981/1806/3442 1976/1695/3442
f 1977/1693/3233 1978/1696/3443 1980/1630/3234
f 1976/1695/3236 1981/1806/3236 1978/1696/3236
f 1972/1690/3237 1981/1806/3444 1982/1697/3238
f 1978/1696/3445 1981/1806/3445 1972/1690/3445
f 1984/1692/3241 1987/1702/3446 1986/1699/3242
f 1985/1701/3447 1988/1805/3447 1983/1700/3447
f 1970/1698/3448 1986/1699/3448 1987/1702/3448
f 1985/1701/3449 1986/1699/3449 1970/1698/3449
f 1987/1702/3450 1984/1692/3450 1910/1619/3450
f 2011/1703/3451 2010/1784/3451 1993/1527/3451
f 1992/1705/3452 1968/1632/3452 1969/1688/3452
f 1996/1529/3453 1995/1487/3453 1992/1705/3453
f 1997/1618/3454 1991/1669/3454 2011/1703/3454
f 1923/1706/3455 1968/1632/3455 1992/1705/3455
f 1907/1531/3056 1996/1529/3056 1998/1608/3044
f 1999/1704/3253 1993/1527/3253 1909/1532/3253
f 1997/1618/3044 1999/1704/3056 1947/1708/3056
f 1921/1807/3456 2001/1808/3456 2005/1809/3456
f 2002/1712/3457 2004/1810/3457 1923/1713/3457
f 1916/1717/3458 2003/1716/3458 2000/1811/3458
f 1923/1713/3459 2004/1810/3459 2003/1812/3459
f 1980/1630/3460 1968/1632/3460 1923/1706/3460
f 2009/1711/3461 2005/1710/3461 2006/1718/3461
f 1904/1549/3462 1944/1813/3462 2044/1720/3462
f 1944/1813/3463 2009/1814/3463 2044/1720/3463
f 2010/1553/3464 2011/1815/3464 1990/1721/3464
f 1990/1722/3262 2011/1703/3262 2009/1668/3262
f 2015/1724/3278 2014/1571/3277 1994/1556/3465
f 2013/1726/3266 2015/1724/3466 1990/1722/3267
f 1904/1563/3467 2012/1565/3279 2013/1727/3281
f 2016/1566/3269 2018/1560/3468 2019/1725/3270
f 2017/1729/3272 2019/1725/3469 2015/1724/3273
f 2019/1725/3470 2020/1559/3470 2014/1571/3470
f 2012/1565/3279 2021/1568/3471 2017/1730/3280
f 2023/1483/3472 2029/1621/3472 1949/1731/3472
f 2025/1624/3473 2028/1626/3473 1948/1732/3473
f 1929/1734/3474 2027/1615/3474 2026/1622/3474
f 2028/1626/3475 2022/1435/3475 1914/1578/3475
f 1927/1735/3476 2026/1622/3476 2025/1624/3476
f 2029/1621/3477 2024/1616/3477 1912/1736/3477
f 2024/1616/3478 2027/1615/3478 1929/1734/3478
f 1922/1739/3479 2008/1586/3479 2044/1737/3479
f 2044/1737/3480 2009/1746/3480 1950/1738/3480
f 2008/1586/3162 1922/1739/3162 2052/1740/3162
f 2051/1741/3162 2030/1767/3162 2008/1586/3162
f 1922/10/3291 1950/10/3290 2053/10/3314
f 1950/10/3290 1951/10/3481 2033/10/3292
f 2054/10/3293 2053/10/3314 1950/10/3290
f 1905/1742/3295 1951/1816/3294 1945/1743/3482
f 2034/1748/3483 2036/1817/3483 1924/1749/3483
f 2038/1346/3484 2039/1751/3484 2042/1347/3484
f 2039/1751/3485 2041/1753/3485 2040/1752/3485
f 1961/1675/3301 2039/1751/3301 2038/1346/3301
f 2041/1753/3486 2039/1751/3486 1961/1675/3486
f 2032/1754/3213 1906/1797/3212 2043/1602/3487
f 2043/1602/3488 2002/1712/3488 2032/1754/3488
f 2008/1607/3308 2044/1818/3258 2006/1759/3259
f 2050/1763/3312 2047/1819/3311 2048/1764/3313
f 2030/1767/2658 2051/1741/2804 2050/1762/3312
f 1919/1820/3489 1924/1640/3489 1937/1800/3489
f 1920/1821/3490 1919/1820/3490 1938/1801/3490
f 1919/1820/3491 1937/1800/3491 1938/1801/3491
f 1920/1821/3492 1938/1801/3492 1939/1642/3492
f 2059/1822/3493 2063/1823/3494 2056/1824/3495
f 2060/1825/3496 2061/1826/3496 2057/1827/3496
f 2060/1828/3497 2064/1829/3497 2065/1830/3497
f 2056/1824/3498 2064/1831/3499 2055/1832/3500
f 2058/1833/3501 2066/1834/3501 2059/1822/3501
f 2058/1835/3502 2061/1826/3503 2062/1836/3503
f 2063/1837/3504 2081/1838/3505 2082/1837/3506
f 2062/1839/3507 2075/1840/3507 2068/1841/3507
f 2070/1842/3508 2078/1843/3509 2069/1844/3510
f 2074/1845/3511 2076/1846/3511 2075/1840/3511
f 2074/1845/3512 2071/1847/3513 2077/1848/3514
f 2072/1849/3515 2069/1844/3516 2071/1847/3517
f 2068/1841/3518 2078/1843/3519 2073/1850/3520
f 2068/1841/3521 2076/1846/3522 2067/1851/3523
f 2064/1852/3524 2083/1853/3524 2065/1854/3524
f 2072/1849/3525 2085/1855/3525 2070/1842/3525
f 2066/1856/3526 2068/1841/3526 2073/1850/3526
f 2061/1857/3527 2074/1845/3527 2075/1840/3527
f 2079/1858/3528 2086/1859/3528 2083/1853/3528
f 2085/1855/3529 2089/1860/3529 2082/1861/3529
f 2082/1861/3530 2084/1862/3530 2085/1855/3530
f 2065/1854/3531 2086/1859/3532 2074/1845/3533
f 2064/1852/3534 2082/1861/3535 2079/1858/3536
f 2072/1849/3537 2086/1859/3537 2080/1863/3537
f 2070/1842/3538 2084/1862/3539 2073/1850/3540
f 2073/1850/3541 2081/1864/3542 2066/1856/3543
f 2089/1860/3544 2088/1865/3544 2087/1866/3544
f 2085/1855/3545 2088/1865/3545 2090/1867/3545
f 2080/1863/3546 2087/1866/3546 2088/1865/3546
f 2079/1858/3547 2089/1860/3547 2087/1866/3547
f 2124/1868/3548 2099/1869/3549 2121/1870/3550
f 2104/1871/3551 2091/1872/3551 2096/1873/3551
f 2123/1874/3552 2100/1875/3552 2124/1868/3552
f 2126/1876/3553 2098/1877/3553 2125/1878/3553
f 2122/1879/3554 2097/1880/3554 2126/1876/3554
f 2121/1870/3555 2102/1881/3555 2122/1879/3555
f 2125/1878/3556 2101/1882/3556 2123/1874/3556
f 2093/1883/3557 2104/1871/3557 2096/1873/3557
f 2096/1884/3558 2091/1885/3558 2098/1877/3558
f 2098/1877/3559 2097/1880/3559 2096/1884/3559
f 2097/1880/3560 2093/1886/3560 2096/1884/3560
f 2108/1887/3561 2113/1888/3562 2107/1889/3563
f 2104/1871/3564 2111/1890/3565 2105/1891/3566
f 2094/1892/3567 2107/1889/3567 2093/1883/3567
f 2092/1893/3568 2103/1894/3568 2095/1895/3568
f 2103/1894/3569 2094/1892/3569 2095/1895/3569
f 2105/1891/3570 2092/1893/3570 2091/1872/3570
f 2110/1896/3571 2117/1897/3571 2111/1890/3571
f 2119/1898/3572 2110/1896/3572 2113/1888/3572
f 2106/1899/3573 2109/1900/3574 2103/1894/3575
f 2109/1900/3576 2108/1887/3577 2103/1894/3578
f 2111/1890/3579 2106/1899/3580 2105/1891/3581
f 2113/1888/3582 2104/1871/3582 2107/1889/3582
f 2115/1901/3583 2119/1898/3583 2120/1902/3583
f 2118/1903/3584 2116/1904/3585 2115/1901/3586
f 2114/1905/3587 2119/1898/3588 2113/1888/3589
f 2118/1903/3590 2109/1900/3591 2112/1906/3592
f 2109/1900/3593 2120/1902/3594 2114/1905/3595
f 2117/1897/3596 2112/1906/3597 2111/1890/3598
f 2098/1877/3599 2091/1885/3599 2101/1882/3599
f 2091/1885/3600 2092/1907/3600 2101/1882/3600
f 2095/1908/3601 2100/1875/3601 2092/1907/3601
f 2101/1882/3602 2092/1907/3602 2100/1875/3602
f 2100/1875/3603 2095/1908/3603 2099/1869/3603
f 2095/1908/3604 2094/1909/3604 2099/1869/3604
f 2094/1909/3605 2093/1886/3605 2102/1881/3605
f 2099/1869/3606 2094/1909/3606 2102/1881/3606
f 2102/1881/3607 2093/1886/3607 2097/1880/3607
f 2078/1843/3608 2126/1876/3608 2069/1844/3608
f 2069/1844/3609 2125/1878/3609 2071/1847/3609
f 2125/1910/3610 2077/1911/3610 2071/1912/3610
f 2077/1911/3611 2124/1913/3611 2076/1914/3611
f 2076/1846/3612 2121/1870/3613 2067/1851/3614
f 2121/1870/3615 2078/1843/3615 2067/1851/3615
f 2059/1822/3616 2066/1834/3616 2063/1823/3616
f 2060/1825/3617 2065/1915/3617 2061/1826/3617
f 2060/1828/3618 2055/1916/3618 2064/1829/3618
f 2056/1824/3498 2063/1823/3619 2064/1831/3499
f 2058/1835/3620 2062/1836/3620 2066/1917/3620
f 2058/1835/3502 2057/1827/3502 2061/1826/3503
f 2063/1837/3504 2066/1838/3621 2081/1838/3505
f 2062/1839/3622 2061/1857/3622 2075/1840/3622
f 2070/1842/3508 2073/1850/3623 2078/1843/3509
f 2074/1845/3624 2077/1848/3624 2076/1846/3624
f 2074/1845/3512 2072/1849/3625 2071/1847/3513
f 2072/1849/3515 2070/1842/3516 2069/1844/3516
f 2068/1841/3518 2067/1851/3626 2078/1843/3519
f 2068/1841/3521 2075/1840/3627 2076/1846/3522
f 2064/1852/3628 2079/1858/3628 2083/1853/3628
f 2072/1849/3629 2080/1863/3629 2085/1855/3629
f 2066/1856/3630 2062/1839/3630 2068/1841/3630
f 2061/1857/3631 2065/1854/3631 2074/1845/3631
f 2079/1858/3632 2080/1863/3632 2086/1859/3632
f 2085/1855/3633 2090/1867/3633 2089/1860/3633
f 2082/1861/3634 2081/1864/3634 2084/1862/3634
f 2065/1854/3531 2083/1853/3635 2086/1859/3532
f 2064/1852/3534 2063/1918/3636 2082/1861/3535
f 2072/1849/3637 2074/1845/3637 2086/1859/3637
f 2070/1842/3538 2085/1855/3638 2084/1862/3539
f 2073/1850/3541 2084/1862/3639 2081/1864/3542
f 2089/1860/3640 2090/1867/3640 2088/1865/3640
f 2085/1855/3641 2080/1863/3641 2088/1865/3641
f 2080/1863/3642 2079/1858/3642 2087/1866/3642
f 2079/1858/3643 2082/1861/3643 2089/1860/3643
f 2124/1868/3548 2100/1875/3548 2099/1869/3549
f 2104/1871/3644 2105/1891/3644 2091/1872/3644
f 2123/1874/3645 2101/1882/3645 2100/1875/3645
f 2126/1876/3646 2097/1880/3646 2098/1877/3646
f 2122/1879/3647 2102/1881/3647 2097/1880/3647
f 2121/1870/3648 2099/1869/3648 2102/1881/3648
f 2125/1878/3649 2098/1877/3649 2101/1882/3649
f 2093/1883/3650 2107/1889/3650 2104/1871/3650
f 2108/1887/3561 2114/1905/3651 2113/1888/3562
f 2104/1871/3564 2110/1896/3652 2111/1890/3565
f 2094/1892/3653 2108/1887/3653 2107/1889/3653
f 2092/1893/3654 2106/1899/3654 2103/1894/3654
f 2103/1894/3655 2108/1887/3655 2094/1892/3655
f 2105/1891/3656 2106/1899/3656 2092/1893/3656
f 2110/1896/3657 2116/1904/3657 2117/1897/3657
f 2119/1898/3658 2116/1904/3658 2110/1896/3658
f 2106/1899/3573 2112/1906/3659 2109/1900/3574
f 2109/1900/3576 2114/1905/3660 2108/1887/3577
f 2111/1890/3579 2112/1906/3661 2106/1899/3580
f 2113/1888/3662 2110/1896/3662 2104/1871/3662
f 2115/1901/3586 2116/1904/3585 2119/1898/3663
f 2118/1903/3664 2117/1897/3664 2116/1904/3664
f 2114/1905/3587 2120/1902/3665 2119/1898/3588
f 2118/1903/3590 2115/1901/3666 2109/1900/3591
f 2109/1900/3593 2115/1901/3667 2120/1902/3594
f 2117/1897/3596 2118/1903/3668 2112/1906/3597
f 2078/1843/3669 2122/1879/3669 2126/1876/3669
f 2069/1844/3670 2126/1876/3670 2125/1878/3670
f 2125/1910/3671 2123/1919/3671 2077/1911/3671
f 2077/1911/3672 2123/1919/3672 2124/1913/3672
f 2076/1846/3612 2124/1868/3673 2121/1870/3613
f 2121/1870/3674 2122/1879/3674 2078/1843/3674
f 2142/1920/3675 2133/1921/3675 2132/1916/3675
f 2172/1922/3676 2132/1923/3676 2139/1825/3676
f 2140/1924/3677 2134/1925/3677 2135/1833/3677
f 2140/1926/3678 2138/1927/3679 2144/1928/3680
f 2170/1929/3681 2138/1822/3682 2133/1824/3683
f 2145/1930/3684 2134/1827/3684 2141/1931/3684
f 2143/1932/3685 2177/1912/3686 2176/1932/3687
f 2141/1933/3688 2155/1934/3689 2145/1935/3690
f 2141/1933/3691 2152/1936/3691 2151/1937/3691
f 2202/1938/3692 2153/1939/3693 2203/1940/3694
f 2205/1941/3695 2151/1937/3695 2201/1942/3695
f 2202/1938/3696 2151/1937/3697 2152/1936/3698
f 2206/1943/3699 2154/1944/3699 2204/1945/3699
f 2205/1941/3700 2174/1946/3700 2155/1934/3700
f 2204/1945/3701 2186/1947/3701 2209/1948/3701
f 2144/1949/3702 2171/1950/3702 2153/1939/3702
f 2128/1951/3703 2159/1952/3703 2198/1953/3703
f 2143/1932/3704 2175/1954/3704 2170/1954/3704
f 2140/1955/3705 2153/1939/3705 2152/1936/3705
f 2128/1951/3706 2157/1956/3706 2163/1957/3706
f 2128/1951/3707 2163/1957/3707 2165/1958/3707
f 2157/1441/3708 2128/1959/3708 2129/1445/3708
f 2158/1960/3709 2199/1961/3709 2161/1962/3709
f 2197/1963/3710 2160/1964/3710 2165/1958/3710
f 2165/1958/3711 2159/1952/3711 2128/1951/3711
f 2168/1965/3712 2158/1966/3712 2161/1967/3712
f 2156/1968/3713 2162/1969/3713 2136/1970/3713
f 2164/1971/3714 2148/1972/3714 2149/1973/3714
f 2164/1971/3715 2149/1973/3716 2169/1974/3717
f 2146/1975/3718 2163/1957/3718 2156/1976/3718
f 2206/1943/3719 2149/1973/3719 2203/1940/3719
f 2172/1977/3720 2177/1912/3720 2142/1912/3720
f 2173/1978/3721 2200/1979/3722 2207/1980/3723
f 2174/1946/3724 2145/1935/3724 2155/1934/3724
f 2177/1981/3725 2182/1982/3725 2180/1983/3725
f 2177/1981/3726 2179/1984/3726 2176/1985/3726
f 2178/1986/3727 2176/1985/3727 2179/1984/3727
f 2150/1987/3728 2179/1984/3729 2180/1983/3730
f 2170/1954/3731 2178/1988/3731 2171/1988/3731
f 2154/1944/3732 2178/1986/3732 2179/1984/3732
f 2174/1946/3733 2181/1989/3733 2172/1990/3733
f 2174/1946/3734 2180/1983/3734 2182/1982/3734
f 2208/1991/3735 2186/1947/3735 2185/1992/3735
f 2150/1987/3736 2186/1947/3737 2154/1944/3738
f 2168/1993/3739 2208/1994/3739 2200/1979/3739
f 2197/1963/3740 2183/1995/3740 2168/1996/3740
f 2137/10/3741 2166/1594/3741 2167/1997/3741
f 2162/1969/3742 2189/1998/3742 2190/1969/3742
f 2163/1998/3743 2191/1999/3743 2189/1998/3743
f 2127/2000/3744 2212/2001/3744 2214/2002/3744
f 2166/1594/3745 2211/2003/3745 2210/1594/3745
f 2136/1970/3746 2162/1969/3746 2190/2004/3746
f 2131/2005/3747 2190/2006/3747 2192/2007/3747
f 2190/1969/3748 2189/1998/3748 2195/2008/3748
f 2191/1782/3749 2194/1461/3749 2146/1603/3749
f 2168/2009/3750 2212/2010/3750 2129/2011/3750
f 2137/1449/3751 2196/1492/3751 2167/1500/3751
f 2189/1998/3752 2146/2012/3752 2195/2008/3752
f 2129/1912/3753 2167/1997/3753 2168/2013/3753
f 2173/2014/3754 2167/1997/3754 2129/2015/3754
f 2148/1795/3755 2164/1605/3755 2190/1452/3755
f 2198/1953/3756 2160/1964/3756 2199/1961/3756
f 2199/1961/3757 2168/1996/3758 2161/1962/3759
f 2184/2016/3760 2197/1963/3760 2165/1958/3760
f 2200/2017/3761 2185/1992/3761 2150/1987/3761
f 2184/2016/3762 2208/1991/3762 2183/1995/3762
f 2207/2018/3763 2150/1987/3763 2174/1946/3763
f 2171/1950/3764 2203/1940/3764 2153/1939/3764
f 2165/1958/3765 2209/1948/3765 2184/2016/3765
f 2167/2019/3766 2207/1980/3766 2205/2020/3766
f 2169/1974/3767 2204/1945/3768 2165/1958/3769
f 2167/2019/3770 2201/2021/3770 2166/2022/3770
f 2148/1972/3771 2203/1940/3771 2149/1973/3771
f 2147/10/3772 2129/10/3772 2211/10/3772
f 2167/2019/3773 2166/2022/3773 2210/2023/3773
f 2142/1920/3675 2143/2024/3675 2133/1921/3675
f 2139/1825/3774 2145/1930/3774 2172/1922/3774
f 2172/2025/3775 2142/1920/3775 2132/1916/3775
f 2140/1926/3677 2141/1931/3677 2134/1827/3677
f 2140/1924/3678 2135/1833/3776 2138/1822/3679
f 2133/1824/3777 2143/2026/3777 2170/1929/3777
f 2170/1929/3778 2144/2027/3778 2138/1822/3778
f 2145/1930/3779 2139/1825/3779 2134/1827/3779
f 2143/1932/3685 2142/1912/3780 2177/1912/3686
f 2141/1933/3688 2151/1937/3781 2155/1934/3689
f 2141/1933/3782 2140/1955/3782 2152/1936/3782
f 2202/1938/3692 2152/1936/3783 2153/1939/3693
f 2205/1941/3784 2155/1934/3784 2151/1937/3784
f 2202/1938/3696 2201/1942/3785 2151/1937/3697
f 2206/1943/3786 2171/1950/3786 2154/1944/3786
f 2205/1941/3787 2207/2018/3787 2174/1946/3787
f 2204/1945/3788 2154/1944/3788 2186/1947/3788
f 2144/1949/3789 2170/2028/3789 2171/1950/3789
f 2158/1960/3790 2129/2029/3790 2198/1953/3790
f 2129/2029/3791 2128/1951/3791 2198/1953/3791
f 2143/1932/3792 2176/1932/3792 2175/1954/3792
f 2140/1955/3793 2144/1949/3793 2153/1939/3793
f 2158/1960/3794 2198/1953/3794 2199/1961/3794
f 2197/1963/3795 2199/1961/3795 2160/1964/3795
f 2165/1958/3796 2160/1964/3796 2159/1952/3796
f 2168/1965/3797 2129/2030/3797 2158/1966/3797
f 2156/1968/3798 2163/1998/3798 2162/1969/3798
f 2165/1958/3799 2146/1975/3800 2169/1974/3717
f 2146/1975/3800 2164/1971/3715 2169/1974/3717
f 2146/1975/3801 2165/1958/3801 2163/1957/3801
f 2206/1943/3802 2169/1974/3767 2149/1973/3803
f 2172/1977/3804 2181/1977/3804 2177/1912/3804
f 2173/1978/3721 2168/1993/3805 2200/1979/3722
f 2174/1946/3806 2172/1990/3806 2145/1935/3806
f 2177/1981/3807 2181/1989/3807 2182/1982/3807
f 2177/1981/3808 2180/1983/3808 2179/1984/3808
f 2178/1986/3809 2175/2031/3809 2176/1985/3809
f 2150/1987/3728 2154/1944/3810 2179/1984/3729
f 2170/1954/3811 2175/1954/3811 2178/1988/3811
f 2154/1944/3812 2171/1950/3812 2178/1986/3812
f 2174/1946/3813 2182/1982/3813 2181/1989/3813
f 2174/1946/3814 2150/1987/3814 2180/1983/3814
f 2208/1991/3815 2209/1948/3815 2186/1947/3815
f 2150/1987/3736 2185/1992/3816 2186/1947/3737
f 2168/1993/3817 2183/2032/3817 2208/1994/3817
f 2197/1963/3818 2184/2016/3818 2183/1995/3818
f 2162/1969/3819 2163/1998/3819 2189/1998/3819
f 2163/1998/3820 2157/1999/3820 2191/1999/3820
f 2127/2000/3821 2129/2033/3821 2212/2001/3821
f 2166/1594/3745 2147/2003/3745 2211/2003/3745
f 2131/2005/3822 2136/2034/3822 2190/2006/3822
f 2190/2006/3823 2164/2035/3823 2192/2007/3823
f 2168/2009/3824 2213/2036/3824 2212/2010/3824
f 2137/1449/3825 2193/1451/3825 2196/1492/3825
f 2189/1998/3826 2191/1999/3826 2146/2012/3826
f 2129/1912/3827 2137/1997/3827 2167/1997/3827
f 2210/1594/3828 2211/2003/3828 2167/1997/3828
f 2211/2003/3829 2129/2015/3829 2167/1997/3829
f 2129/2015/3754 2168/1912/3754 2173/2014/3754
f 2137/1449/3830 2130/2037/3830 2166/1794/3830
f 2130/2037/3831 2147/2038/3831 2166/1794/3831
f 2131/2039/3832 2192/2040/3832 2164/1605/3832
f 2148/1795/3833 2131/2039/3833 2164/1605/3833
f 2187/1773/3834 2137/1449/3834 2166/1794/3834
f 2190/1452/3835 2188/1454/3835 2148/1795/3835
f 2198/1953/3836 2159/1952/3836 2160/1964/3836
f 2199/1961/3757 2197/1963/3837 2168/1996/3758
f 2200/2017/3838 2208/1991/3838 2185/1992/3838
f 2184/2016/3839 2209/1948/3839 2208/1991/3839
f 2207/2018/3840 2200/2017/3840 2150/1987/3840
f 2171/1950/3841 2206/1943/3841 2203/1940/3841
f 2165/1958/3842 2204/1945/3842 2209/1948/3842
f 2167/2019/3843 2173/1978/3721 2207/1980/3723
f 2169/1974/3767 2206/1943/3802 2204/1945/3768
f 2167/2019/3844 2205/2020/3844 2201/2021/3844
f 2148/1972/3845 2202/1938/3845 2203/1940/3845
f 2260/2041/3846 2229/2042/3846 2257/2043/3846
f 2234/2044/3847 2219/2045/3847 2226/2046/3847
f 2231/2047/3848 2260/2041/3848 2259/2048/3848
f 2227/2049/3849 2261/2050/3850 2262/2051/3850
f 2258/2052/3851 2227/2049/3852 2262/2051/3853
f 2229/2042/3854 2258/2052/3854 2257/2043/3854
f 2261/2050/3855 2231/2047/3855 2259/2048/3855
f 2221/2053/3856 2234/2044/3856 2226/2046/3856
f 2226/2054/3857 2219/2055/3857 2228/2056/3857
f 2228/2056/3858 2227/2049/3858 2226/2054/3858
f 2227/2049/3859 2221/2057/3859 2226/2054/3859
f 2238/2058/3860 2243/2059/3861 2237/2060/3862
f 2234/2044/3863 2241/2061/3864 2235/2062/3865
f 2222/2063/3866 2237/2060/3866 2221/2053/3866
f 2220/2064/3867 2233/2065/3867 2225/2066/3867
f 2233/2065/3868 2222/2063/3868 2225/2066/3868
f 2235/2062/3869 2220/2064/3869 2219/2045/3869
f 2240/2067/3870 2247/2068/3870 2241/2061/3870
f 2249/2069/3871 2240/2067/3871 2243/2059/3871
f 2236/2070/3872 2239/2071/3873 2233/2065/3874
f 2239/2071/3875 2238/2058/3876 2233/2065/3877
f 2241/2061/3878 2236/2070/3879 2235/2062/3880
f 2243/2059/3881 2234/2044/3881 2237/2060/3881
f 2245/2072/3882 2249/2069/3882 2250/2073/3882
f 2248/2074/3883 2246/2075/3884 2245/2072/3885
f 2244/2076/3886 2249/2069/3886 2243/2059/3887
f 2248/2074/3888 2239/2071/3889 2242/2077/3890
f 2239/2071/3891 2250/2073/3892 2244/2076/3893
f 2247/2068/3894 2242/2077/3895 2241/2061/3896
f 2253/2078/3897 2223/2079/3898 2216/2080/3899
f 2251/2081/3900 2224/2082/3900 2217/2083/3900
f 2224/2082/3901 2254/2084/3901 2215/2085/3901
f 2254/2086/3902 2216/2080/3903 2215/2087/3904
f 2256/2088/3905 2218/2089/3905 2223/2090/3905
f 2218/2091/3906 2251/2092/3907 2217/2093/3908
f 2273/2094/3909 2257/2043/3909 2258/2052/3909
f 2260/2041/3910 2274/2095/3911 2259/2048/3911
f 2253/2096/3912 2277/2097/3913 2256/2098/3914
f 2274/2095/3911 2261/2050/3915 2259/2048/3911
f 2252/2099/3916 2271/2100/3916 2251/2101/3916
f 2265/2102/3917 2262/2051/3917 2261/2050/3917
f 2266/2103/3918 2274/2095/3919 2269/2104/3920
f 2272/2105/3921 2270/2106/3921 2271/2100/3921
f 2270/2106/3922 2267/2107/3923 2268/2108/3924
f 2268/2108/3925 2265/2102/3926 2266/2103/3927
f 2274/2095/3928 2264/2109/3929 2269/2104/3930
f 2264/2109/3931 2272/2105/3932 2271/2100/3933
f 2279/2110/3934 2254/2111/3934 2255/2112/3934
f 2257/2043/3935 2263/2113/3935 2260/2041/3935
f 2281/2114/3936 2268/2108/3936 2266/2103/3936
f 2262/2051/3937 2273/2094/3937 2258/2052/3937
f 2256/2098/3938 2264/2109/3938 2252/2099/3938
f 2251/2101/3939 2270/2106/3939 2255/2112/3939
f 2282/2115/3940 2275/2116/3940 2279/2110/3940
f 2285/2117/3941 2281/2114/3941 2278/2118/3941
f 2278/2118/3942 2280/2119/3942 2277/2097/3942
f 2282/2115/3943 2255/2112/3944 2270/2106/3945
f 2254/2111/3946 2278/2118/3947 2253/2096/3948
f 2268/2108/3949 2282/2115/3949 2270/2106/3949
f 2280/2119/3950 2266/2103/3951 2269/2104/3952
f 2277/2097/3953 2269/2104/3954 2256/2098/3955
f 2284/2120/3956 2285/2117/3956 2283/2121/3956
f 2281/2114/3957 2284/2120/3957 2276/2122/3957
f 2276/2122/3958 2283/2121/3958 2275/2116/3958
f 2275/2116/3959 2285/2117/3959 2278/2118/3959
f 2228/2056/3960 2219/2055/3960 2231/2047/3960
f 2219/2055/3961 2220/2123/3961 2231/2047/3961
f 2225/2124/3962 2230/2125/3962 2220/2123/3962
f 2231/2047/3963 2220/2123/3963 2230/2125/3963
f 2230/2125/3964 2225/2124/3964 2229/2042/3964
f 2225/2124/3965 2222/2126/3965 2229/2042/3965
f 2222/2127/3966 2221/2128/3966 2232/2129/3966
f 2229/2042/3967 2222/2126/3967 2232/2130/3967
f 2232/2130/3968 2221/2057/3968 2227/2049/3968
f 2260/2041/3846 2230/2125/3846 2229/2042/3846
f 2234/2044/3969 2235/2062/3969 2219/2045/3969
f 2231/2047/3970 2230/2125/3970 2260/2041/3970
f 2227/2049/3849 2228/2056/3849 2261/2050/3850
f 2258/2052/3851 2232/2130/3971 2227/2049/3852
f 2229/2042/3972 2232/2130/3972 2258/2052/3972
f 2261/2050/3973 2228/2056/3973 2231/2047/3973
f 2221/2053/3974 2237/2060/3974 2234/2044/3974
f 2238/2058/3860 2244/2076/3975 2243/2059/3861
f 2234/2044/3863 2240/2067/3976 2241/2061/3864
f 2222/2063/3977 2238/2058/3977 2237/2060/3977
f 2220/2064/3978 2236/2070/3978 2233/2065/3978
f 2233/2065/3979 2238/2058/3979 2222/2063/3979
f 2235/2062/3980 2236/2070/3980 2220/2064/3980
f 2240/2067/3981 2246/2075/3981 2247/2068/3981
f 2249/2069/3982 2246/2075/3982 2240/2067/3982
f 2236/2070/3872 2242/2077/3983 2239/2071/3873
f 2239/2071/3875 2244/2076/3984 2238/2058/3876
f 2241/2061/3878 2242/2077/3985 2236/2070/3879
f 2243/2059/3986 2240/2067/3986 2234/2044/3986
f 2245/2072/3885 2246/2075/3884 2249/2069/3987
f 2248/2074/3988 2247/2068/3988 2246/2075/3988
f 2244/2076/3886 2250/2073/3989 2249/2069/3886
f 2248/2074/3888 2245/2072/3990 2239/2071/3889
f 2239/2071/3891 2245/2072/3991 2250/2073/3892
f 2247/2068/3894 2248/2074/3992 2242/2077/3895
f 2253/2078/3993 2256/2131/3993 2223/2079/3993
f 2251/2081/3994 2255/2132/3994 2224/2082/3994
f 2224/2082/3995 2255/2132/3995 2254/2084/3995
f 2254/2086/3902 2253/2078/3996 2216/2080/3903
f 2256/2131/3997 2252/2133/3997 2218/2091/3997
f 2218/2091/3906 2252/2133/3907 2251/2092/3907
f 2273/2094/3998 2272/2105/3998 2257/2043/3998
f 2260/2041/3999 2263/2113/3999 2274/2095/3999
f 2253/2096/3912 2278/2118/4000 2277/2097/3913
f 2274/2095/4001 2265/2102/4001 2261/2050/4001
f 2252/2099/4002 2264/2109/4002 2271/2100/4002
f 2265/2102/4003 2267/2107/4003 2262/2051/4003
f 2266/2103/3918 2265/2102/4004 2274/2095/3919
f 2272/2105/4005 2273/2094/4005 2270/2106/4005
f 2270/2106/3922 2273/2094/4006 2267/2107/3923
f 2268/2108/3925 2267/2107/4007 2265/2102/3926
f 2274/2095/3928 2263/2113/4008 2264/2109/3929
f 2264/2109/3931 2263/2113/4009 2272/2105/3932
f 2279/2110/4010 2275/2116/4010 2254/2111/4010
f 2257/2043/4011 2272/2105/4011 2263/2113/4011
f 2281/2114/4012 2276/2122/4012 2268/2108/4012
f 2262/2051/4013 2267/2107/4013 2273/2094/4013
f 2256/2098/4014 2269/2104/4014 2264/2109/4014
f 2251/2101/4015 2271/2100/4015 2270/2106/4015
f 2282/2115/4016 2276/2122/4016 2275/2116/4016
f 2285/2117/4017 2286/2134/4017 2281/2114/4017
f 2278/2118/4018 2281/2114/4018 2280/2119/4018
f 2282/2115/3943 2279/2110/4019 2255/2112/3944
f 2254/2111/3946 2275/2116/4020 2278/2118/3947
f 2268/2108/4021 2276/2122/4021 2282/2115/4021
f 2280/2119/3950 2281/2114/4022 2266/2103/3951
f 2277/2097/3953 2280/2119/4023 2269/2104/3954
f 2284/2120/4024 2286/2134/4024 2285/2117/4024
f 2281/2114/4025 2286/2134/4025 2284/2120/4025
f 2276/2122/4026 2284/2120/4026 2283/2121/4026
f 2275/2116/4027 2283/2121/4027 2285/2117/4027
f 2300/2135/4028 2292/2080/4028 2301/2136/4028
f 2291/2087/4029 2300/2135/4029 2322/2137/4029
f 2298/2138/4030 2293/2093/4030 2299/2139/4030
f 2296/2090/4031 2298/2140/4032 2302/2141/4033
f 2296/2090/4034 2302/2141/4034 2320/2142/4034
f 2293/2083/4035 2303/2143/4035 2299/2144/4035
f 2301/1932/4036 2326/1912/4037 2300/1912/4038
f 2311/2145/4039 2299/2146/4040 2303/2147/4041
f 2299/2146/4042 2308/2148/4042 2298/2149/4042
f 2309/2150/4043 2346/2151/4044 2347/2152/4045
f 2307/2153/4046 2349/1817/4046 2345/1748/4046
f 2346/2151/4047 2307/2153/4048 2345/1748/4049
f 2310/2154/4050 2350/2155/4050 2348/2156/4050
f 2349/1817/4051 2323/2157/4051 2351/2158/4051
f 2348/2156/4052 2335/2159/4052 2310/2154/4052
f 2302/2160/4053 2321/2161/4053 2320/2162/4053
f 2342/2163/4054 2314/2164/4054 2287/2165/4054
f 2324/1954/4055 2301/1932/4055 2320/1954/4055
f 2298/2149/4056 2309/2150/4056 2302/2160/4056
f 2313/2166/4057 2343/2167/4057 2342/2163/4057
f 2315/2168/4058 2341/2169/4058 2318/2170/4058
f 2314/2164/4059 2318/2170/4059 2287/2165/4059
f 2336/2171/4060 2313/2166/4060 2288/2172/4060
f 2317/2173/4061 2305/2174/4061 2290/2175/4061
f 2319/2176/4062 2305/2174/4063 2317/2173/4064
f 2350/2155/4065 2305/2174/4066 2319/2176/4067
f 2326/1912/4068 2322/1977/4068 2300/1912/4068
f 2344/2177/4069 2340/2178/4070 2351/2158/4071
f 2323/2157/4072 2303/2147/4072 2322/2179/4072
f 2326/2180/4073 2331/2181/4073 2330/2182/4073
f 2328/2183/4074 2326/2180/4074 2325/2184/4074
f 2327/2185/4075 2325/2184/4075 2324/2186/4075
f 2306/2187/4076 2328/2183/4077 2310/2154/4078
f 2327/1988/4079 2320/1954/4079 2321/1988/4079
f 2310/2154/4080 2327/2185/4080 2321/2161/4080
f 2330/2182/4081 2323/2157/4081 2322/2179/4081
f 2323/2157/4082 2329/2188/4082 2306/2187/4082
f 2352/2189/4083 2335/2159/4083 2353/2190/4083
f 2335/2159/4084 2306/2187/4085 2310/2154/4086
f 2352/2189/4087 2336/2171/4087 2344/2177/4087
f 2332/2191/4088 2341/2169/4088 2336/2171/4088
f 2354/2192/4089 2336/2193/4089 2288/2194/4089
f 2315/2168/4090 2342/2163/4090 2343/2167/4090
f 2343/2167/4091 2336/2171/4092 2341/2169/4093
f 2333/2195/4094 2318/2170/4094 2341/2169/4094
f 2334/2196/4095 2344/2177/4095 2306/2187/4095
f 2352/2189/4096 2333/2195/4096 2332/2191/4096
f 2306/2187/4097 2351/2158/4097 2323/2157/4097
f 2321/2161/4098 2347/2152/4098 2350/2155/4098
f 2318/2170/4099 2353/2190/4099 2348/2156/4099
f 2295/1749/4100 2351/2158/4071 2340/2178/4070
f 2348/2156/4101 2319/2176/4067 2318/2170/4102
f 2346/1595/4103 2289/1594/4104 2290/1596/4105
f 2347/2152/4106 2290/2175/4106 2305/2174/4106
f 2287/2165/4107 2304/1755/4107 2338/1636/4107
f 2312/1638/4108 2287/2165/4109 2338/1636/4108
f 2337/1642/4110 2317/1757/4110 2290/1821/4110
f 2300/2197/4028 2291/2085/4028 2292/2198/4028
f 2322/2199/4111 2303/2143/4111 2297/2082/4111
f 2297/2082/4112 2291/2085/4112 2322/2199/4112
f 2298/2138/4030 2294/2091/4030 2293/2093/4030
f 2296/2090/4031 2294/2089/4113 2298/2140/4032
f 2320/2200/4114 2301/2136/4114 2292/2080/4114
f 2292/2198/4115 2296/2090/4116 2320/2142/4117
f 2293/2083/4118 2297/2082/4118 2303/2143/4118
f 2301/1932/4036 2325/1932/4119 2326/1912/4037
f 2311/2145/4039 2307/2153/4120 2299/2146/4040
f 2299/2146/4121 2307/2153/4121 2308/2148/4121
f 2309/2150/4043 2308/2148/4122 2346/2151/4044
f 2307/2153/4123 2311/2145/4123 2349/1817/4123
f 2346/2151/4047 2308/2148/4124 2307/2153/4048
f 2310/2154/4125 2321/2161/4125 2350/2155/4125
f 2349/1817/4126 2311/2145/4126 2323/2157/4126
f 2348/2156/4127 2353/2190/4127 2335/2159/4127
f 2302/2160/4128 2309/2150/4128 2321/2161/4128
f 2287/2165/4129 2288/2172/4129 2342/2163/4129
f 2288/2172/4130 2313/2166/4130 2342/2163/4130
f 2324/1954/4131 2325/1932/4131 2301/1932/4131
f 2298/2149/4132 2308/2148/4132 2309/2150/4132
f 2288/1634/4109 2287/2201/4109 2312/1635/4108
f 2313/2166/4133 2316/2202/4133 2343/2167/4133
f 2315/2168/4134 2343/2167/4134 2341/2169/4134
f 2314/2164/4135 2315/2168/4135 2318/2170/4135
f 2336/2171/4136 2316/2202/4136 2313/2166/4136
f 2317/2173/4064 2304/2203/4137 2319/2176/4062
f 2304/2203/4137 2318/2170/4138 2319/2176/4062
f 2350/2155/4139 2347/2152/4139 2305/2174/4139
f 2326/1912/4140 2330/1977/4140 2322/1977/4140
f 2344/2177/4069 2336/2171/4141 2340/2178/4070
f 2323/2157/4142 2311/2145/4142 2303/2147/4142
f 2326/2180/4143 2329/2188/4143 2331/2181/4143
f 2328/2183/4144 2329/2188/4144 2326/2180/4144
f 2327/2185/4145 2328/2183/4145 2325/2184/4145
f 2306/2187/4076 2329/2188/4146 2328/2183/4077
f 2327/1988/4147 2324/1954/4147 2320/1954/4147
f 2310/2154/4148 2328/2183/4148 2327/2185/4148
f 2330/2182/4149 2331/2181/4149 2323/2157/4149
f 2323/2157/4150 2331/2181/4150 2329/2188/4150
f 2352/2189/4151 2334/2196/4151 2335/2159/4151
f 2335/2159/4084 2334/2196/4152 2306/2187/4085
f 2352/2189/4153 2332/2191/4153 2336/2171/4153
f 2332/2191/4154 2333/2195/4154 2341/2169/4154
f 2317/1677/4155 2337/2204/4155 2339/1678/4155
f 2354/2192/4156 2355/2205/4156 2336/2193/4156
f 2315/2168/4157 2314/2164/4157 2342/2163/4157
f 2343/2167/4091 2316/2202/4158 2336/2171/4092
f 2334/2196/4159 2352/2189/4159 2344/2177/4159
f 2352/2189/4160 2353/2190/4160 2333/2195/4160
f 2306/2187/4161 2344/2177/4161 2351/2158/4161
f 2321/2161/4162 2309/2150/4162 2347/2152/4162
f 2318/2170/4163 2333/2195/4163 2353/2190/4163
f 2295/1749/4164 2349/1817/4164 2351/2158/4164
f 2348/2156/4101 2350/2155/4065 2319/2176/4067
f 2346/1595/4103 2345/1594/4103 2289/1594/4104
f 2347/2152/4165 2346/2151/4165 2290/2175/4165
f 2287/2165/4166 2318/2170/4166 2304/1755/4166
f 2377/2206/4167 2383/2207/4167 2363/2208/4167
f 2472/2209/4168 2483/2210/4168 2481/2211/4168
f 2473/2212/4169 2483/2210/4169 2471/2213/4169
f 2472/2209/4170 2480/2214/4171 2476/2215/4172
f 2473/2212/4173 2479/2216/4173 2482/2217/4173
f 2363/2218/4174 2386/2219/4175 2393/2220/4174
f 2381/2221/4176 2363/2208/4177 2370/2222/4178
f 2384/2223/4179 2366/2224/4179 2379/2225/4179
f 2379/2225/4180 2371/2226/4181 2380/2227/4180
f 2380/2227/4182 2364/2228/4183 2376/2229/4184
f 2378/2230/4185 2370/2222/4186 2365/2231/4186
f 2364/2232/4187 2390/2233/4187 2387/2234/4187
f 2475/2235/4188 2479/2216/4188 2474/2236/4188
f 2359/2237/4189 2373/2238/4189 2372/2239/4189
f 2356/2240/4190 2381/2221/4190 2378/2230/4190
f 2362/2241/4191 2380/2227/4182 2376/2229/4184
f 2357/2242/4192 2380/2227/4192 2369/2243/4192
f 2505/2244/4193 2379/2225/4193 2357/2242/4193
f 2361/2245/4194 2381/2221/4194 2368/2246/4194
f 2515/2247/4195 2382/2248/4196 2377/2206/4197
f 2365/2249/4187 2392/2250/4187 2385/2251/4187
f 2383/2207/4198 2376/2229/4198 2364/2228/4198
f 2384/2223/4199 2365/2231/4200 2385/2252/4201
f 2400/2253/4202 2416/2254/4202 2397/2255/4202
f 2363/2218/4174 2388/2256/4187 2370/2257/4187
f 2366/2258/4187 2390/2233/4187 2371/2259/4187
f 2365/2249/4187 2388/2256/4187 2389/2260/4187
f 2394/2261/4203 2412/2262/4203 2413/2263/4203
f 2392/2250/4204 2399/2264/4204 2400/2253/4204
f 2388/2256/4205 2401/2265/4205 2398/2266/4205
f 2386/2219/4206 2395/2267/4206 2394/2261/4206
f 2390/2233/4207 2397/2255/4207 2396/2268/4207
f 2392/2250/4208 2397/2255/4208 2391/2269/4208
f 2388/2256/4209 2399/2264/4209 2389/2260/4209
f 2386/2219/4210 2401/2265/4210 2393/2220/4210
f 2390/2233/4211 2395/2267/4211 2387/2234/4211
f 2396/2268/4212 2416/2254/4212 2411/2270/4212
f 2398/2266/4213 2418/2271/4213 2414/2272/4213
f 2394/2261/4214 2418/2271/4214 2401/2265/4214
f 2398/2266/4215 2415/2273/4215 2399/2264/4215
f 2366/2258/4187 2392/2250/4187 2391/2269/4174
f 2400/2253/4216 2415/2273/4216 2417/2274/4216
f 2396/2268/4217 2412/2262/4217 2395/2267/4217
f 2364/2232/4187 2386/2219/4175 2383/2275/4175
f 2403/2276/4218 2447/2277/4218 2428/2278/4218
f 2409/2279/4219 2402/2280/4219 2404/2281/4219
f 2406/2282/4219 2409/2279/4219 2404/2281/4219
f 2409/2279/4219 2403/2276/4219 2405/2283/4219
f 2418/2271/4220 2421/2284/4220 2426/2285/4220
f 2415/2273/4221 2422/2286/4221 2423/2287/4221
f 2415/2273/4222 2425/2288/4222 2417/2274/4222
f 2412/2262/4223 2419/2289/4223 2420/2290/4223
f 2416/2254/4224 2425/2288/4224 2424/2291/4224
f 2412/2262/4225 2421/2284/4225 2413/2263/4225
f 2416/2254/4226 2419/2289/4226 2411/2270/4226
f 2418/2271/4227 2422/2286/4227 2414/2272/4227
f 2429/2292/4219 2436/2293/4228 2448/2294/4228
f 2422/2286/4187 2434/2295/4187 2433/2296/4187
f 2409/2279/4219 2407/2297/4219 2410/2298/4219
f 2403/2276/4229 2427/2299/4229 2405/2283/4229
f 2406/2282/4230 2447/2277/4230 2408/2300/4230
f 2402/2280/4231 2429/2292/4231 2404/2281/4231
f 2407/2297/4232 2430/2301/4232 2410/2298/4232
f 2407/2297/4233 2427/2299/4233 2445/2302/4233
f 2402/2280/4234 2430/2301/4234 2442/2303/4234
f 2406/2282/4235 2429/2292/4235 2448/2294/4235
f 2439/2304/4187 2455/2305/4236 2441/2306/4236
f 2445/2302/4237 2458/2307/4237 2430/2301/4228
f 2441/2306/4238 2431/2308/4239 2439/2304/4240
f 2422/2286/4187 2431/2308/4187 2423/2287/4187
f 2429/2292/4219 2432/2309/4237 2435/2310/4241
f 2449/2311/4242 2434/2295/4242 2426/2285/4242
f 2433/2296/4243 2450/2312/4243 2440/2313/4243
f 2433/2296/4244 2439/2304/4244 2431/2308/4244
f 2426/2285/4210 2446/2314/4210 2449/2311/4210
f 2424/2291/4207 2438/2315/4207 2419/2289/4207
f 2421/2284/4206 2437/2316/4206 2446/2314/4206
f 2424/2291/4208 2443/2317/4208 2444/2318/4208
f 2420/2290/4211 2438/2315/4211 2437/2316/4211
f 2423/2287/4204 2443/2317/4204 2425/2288/4204
f 2432/2309/4237 2452/2319/4241 2435/2310/4241
f 2450/2312/4187 2469/2320/4245 2470/2321/4187
f 2443/2317/4245 2455/2305/4236 2457/2322/4245
f 2447/2277/4228 2466/2323/4246 2464/2324/4228
f 2450/2325/4247 2453/2326/4247 2436/2327/4247
f 2438/2315/4187 2459/2328/4187 2437/2316/4187
f 2427/2299/4237 2460/2329/4237 2465/2330/4237
f 2439/2304/4245 2454/2331/4187 2451/2332/4245
f 2451/2332/4248 2452/2319/4248 2467/2333/4248
f 2454/2331/4249 2453/2334/4249 2452/2319/4249
f 2455/2305/4204 2458/2307/4204 2457/2322/4204
f 2459/2328/4211 2465/2330/4211 2460/2329/4211
f 2457/2322/4208 2462/2335/4208 2461/2336/4208
f 2463/2337/4206 2460/2329/4206 2464/2324/4206
f 2461/2336/4207 2465/2330/4207 2468/2338/4207
f 2469/2320/4210 2464/2324/4210 2466/2323/4210
f 2466/2323/4250 2470/2321/4250 2469/2320/4250
f 2455/2305/4251 2467/2339/4251 2456/2340/4251
f 2436/2293/4228 2452/2319/4241 2453/2334/4241
f 2446/2314/4245 2469/2320/4245 2449/2311/4245
f 2436/2293/4228 2466/2323/4246 2448/2294/4228
f 2439/2341/4252 2467/2342/4253 2432/2343/4253
f 2428/2278/4237 2464/2324/4228 2460/2329/4237
f 2444/2318/4187 2468/2338/4187 2438/2315/4187
f 2432/2309/4237 2456/2340/4246 2467/2339/4237
f 2445/2302/4237 2465/2330/4237 2462/2335/4237
f 2437/2316/4187 2463/2337/4175 2446/2314/4245
f 2450/2312/4245 2454/2331/4187 2440/2313/4187
f 2430/2301/4228 2456/2340/4246 2442/2303/4228
f 2444/2318/4187 2457/2322/4245 2461/2336/4187
f 2359/2344/4254 2487/1536/4254 2486/2345/4254
f 2476/2346/4255 2485/2347/4255 2508/2348/4255
f 2486/2345/4256 2474/2236/4256 2473/2212/4256
f 2490/2349/4257 2476/2346/4257 2488/2350/4257
f 2489/1543/4258 2473/2212/4259 2471/2213/4259
f 2487/1536/4260 2475/2235/4260 2474/2236/4260
f 2490/1544/4261 2471/2213/4261 2472/2209/4261
f 2477/2351/4262 2492/2352/4262 2493/2353/4262
f 2493/2353/4263 2491/1535/4264 2494/1788/4265
f 2493/2353/4266 2478/2354/4266 2475/2235/4266
f 2511/2355/4267 2493/2353/4267 2494/1788/4267
f 2478/2356/4268 2503/2357/4269 2495/2358/4270
f 2485/2347/4271 2512/2359/4271 2508/2348/4271
f 2483/2360/4272 2499/2361/4272 2500/2362/4272
f 2480/2363/4273 2502/2364/4273 2485/2347/4273
f 2482/2365/4274 2496/2366/4274 2499/2361/4274
f 2492/2367/4275 2501/2368/4276 2503/2357/4277
f 2479/2369/4278 2495/2358/4278 2496/2366/4278
f 2483/2360/4279 2498/2370/4279 2481/2371/4279
f 2481/2371/4280 2497/2372/4280 2480/2363/4280
f 2362/2373/4281 2519/2374/4281 2516/2375/4281
f 2519/10/4282 2362/10/4283 2369/10/4284
f 2368/10/4285 2505/12/4285 2357/1588/4285
f 2514/6/4286 2504/2376/4286 2516/2375/4286
f 2362/2373/4287 2367/1589/4287 2369/1796/4287
f 2358/2377/4288 2357/2378/4288 2505/2379/4288
f 2359/2380/4289 2356/2381/4289 2368/1583/4289
f 2368/1583/4290 2360/1593/4291 2359/2380/4292
f 2384/2223/4293 2356/2240/4293 2378/2230/4293
f 2519/2382/4294 2362/2241/4294 2376/2229/4294
f 2488/2350/4295 2508/2348/4295 2513/2383/4295
f 2519/2384/4281 2518/2385/4296 2516/2386/4281
f 2518/2387/4296 2514/6/4281 2516/2375/4281
f 2517/2388/4281 2506/2389/4297 2515/8/4298
f 2377/2206/4197 2382/2248/4196 2383/2207/4299
f 2472/2209/4300 2471/2213/4300 2483/2210/4300
f 2473/2212/4301 2482/2217/4301 2483/2210/4301
f 2472/2209/4170 2481/2211/4302 2480/2214/4171
f 2473/2212/4303 2474/2236/4303 2479/2216/4303
f 2363/2218/4174 2383/2275/4175 2386/2219/4175
f 2381/2221/4176 2377/2206/4304 2363/2208/4177
f 2384/2223/4305 2385/2252/4305 2366/2224/4305
f 2379/2225/4180 2366/2224/4181 2371/2226/4181
f 2380/2227/4182 2371/2226/4183 2364/2228/4183
f 2378/2230/4185 2381/2221/4185 2370/2222/4186
f 2364/2232/4187 2371/2259/4187 2390/2233/4187
f 2475/2235/4306 2478/2354/4306 2479/2216/4306
f 2360/1427/4307 2374/1516/4307 2375/1512/4307
f 2359/2237/4189 2358/2390/4189 2373/2238/4189
f 2356/2240/4308 2368/2246/4308 2381/2221/4308
f 2362/2241/4309 2369/2243/4309 2380/2227/4309
f 2357/2242/4310 2379/2225/4310 2380/2227/4310
f 2505/2244/4311 2384/2223/4311 2379/2225/4311
f 2361/2245/4312 2377/2206/4304 2381/2221/4176
f 2515/2247/4298 2506/2391/4297 2382/2248/4313
f 2365/2249/4187 2389/2260/4187 2392/2250/4187
f 2383/2207/4314 2382/2248/4315 2376/2229/4316
f 2384/2223/4199 2378/2230/4317 2365/2231/4200
f 2400/2253/4202 2417/2274/4202 2416/2254/4202
f 2363/2218/4174 2393/2220/4174 2388/2256/4187
f 2366/2258/4187 2391/2269/4174 2390/2233/4187
f 2365/2249/4187 2370/2257/4187 2388/2256/4187
f 2394/2261/4203 2395/2267/4203 2412/2262/4203
f 2392/2250/4204 2389/2260/4204 2399/2264/4204
f 2388/2256/4205 2393/2220/4205 2401/2265/4205
f 2386/2219/4206 2387/2234/4206 2395/2267/4206
f 2390/2233/4207 2391/2269/4207 2397/2255/4207
f 2392/2250/4208 2400/2253/4208 2397/2255/4208
f 2388/2256/4209 2398/2266/4209 2399/2264/4209
f 2386/2219/4210 2394/2261/4210 2401/2265/4210
f 2390/2233/4211 2396/2268/4211 2395/2267/4211
f 2396/2268/4212 2397/2255/4212 2416/2254/4212
f 2398/2266/4213 2401/2265/4213 2418/2271/4213
f 2394/2261/4214 2413/2263/4214 2418/2271/4214
f 2398/2266/4215 2414/2272/4215 2415/2273/4215
f 2366/2258/4187 2385/2251/4187 2392/2250/4187
f 2400/2253/4216 2399/2264/4216 2415/2273/4216
f 2396/2268/4217 2411/2270/4217 2412/2262/4217
f 2364/2232/4187 2387/2234/4187 2386/2219/4175
f 2403/2276/4218 2408/2300/4218 2447/2277/4218
f 2409/2279/4219 2410/2298/4219 2402/2280/4219
f 2406/2282/4219 2408/2300/4219 2409/2279/4219
f 2409/2279/4219 2408/2300/4219 2403/2276/4219
f 2418/2271/4220 2413/2263/4220 2421/2284/4220
f 2415/2273/4221 2414/2272/4221 2422/2286/4221
f 2415/2273/4222 2423/2287/4222 2425/2288/4222
f 2412/2262/4223 2411/2270/4223 2419/2289/4223
f 2416/2254/4224 2417/2274/4224 2425/2288/4224
f 2412/2262/4225 2420/2290/4225 2421/2284/4225
f 2416/2254/4226 2424/2291/4226 2419/2289/4226
f 2418/2271/4227 2426/2285/4227 2422/2286/4227
f 2429/2292/4219 2435/2310/4241 2436/2293/4228
f 2422/2286/4187 2426/2285/4187 2434/2295/4187
f 2409/2279/4219 2405/2283/4219 2407/2297/4219
f 2403/2276/4229 2428/2278/4229 2427/2299/4229
f 2406/2282/4230 2448/2294/4230 2447/2277/4230
f 2402/2280/4231 2442/2303/4231 2429/2292/4231
f 2407/2297/4232 2445/2302/4232 2430/2301/4232
f 2407/2297/4233 2405/2283/4233 2427/2299/4233
f 2402/2280/4234 2410/2298/4234 2430/2301/4234
f 2406/2282/4235 2404/2281/4235 2429/2292/4235
f 2439/2304/4187 2451/2392/4187 2455/2305/4236
f 2445/2302/4237 2462/2335/4237 2458/2307/4237
f 2441/2306/4238 2423/2287/4318 2431/2308/4239
f 2422/2286/4187 2433/2296/4187 2431/2308/4187
f 2429/2292/4219 2442/2303/4228 2432/2309/4237
f 2449/2311/4319 2450/2312/4319 2434/2295/4319
f 2433/2296/4243 2434/2295/4243 2450/2312/4243
f 2433/2296/4244 2440/2313/4244 2439/2304/4244
f 2426/2285/4210 2421/2284/4210 2446/2314/4210
f 2424/2291/4207 2444/2318/4207 2438/2315/4207
f 2421/2284/4206 2420/2290/4206 2437/2316/4206
f 2424/2291/4208 2425/2288/4208 2443/2317/4208
f 2420/2290/4211 2419/2289/4211 2438/2315/4211
f 2423/2287/4204 2441/2306/4204 2443/2317/4204
f 2432/2309/4237 2467/2333/4228 2452/2319/4241
f 2450/2312/4187 2449/2311/4245 2469/2320/4245
f 2443/2317/4245 2441/2306/4236 2455/2305/4236
f 2447/2277/4228 2448/2294/4228 2466/2323/4246
f 2450/2325/4247 2470/2393/4247 2453/2326/4247
f 2438/2315/4187 2468/2338/4187 2459/2328/4187
f 2427/2299/4237 2428/2278/4237 2460/2329/4237
f 2439/2304/4245 2440/2313/4187 2454/2331/4187
f 2451/2332/4248 2454/2331/4248 2452/2319/4248
f 2454/2331/4249 2470/2394/4249 2453/2334/4249
f 2455/2305/4204 2456/2340/4204 2458/2307/4204
f 2459/2328/4211 2468/2338/4211 2465/2330/4211
f 2457/2322/4208 2458/2307/4208 2462/2335/4208
f 2463/2337/4206 2459/2328/4206 2460/2329/4206
f 2461/2336/4207 2462/2335/4207 2465/2330/4207
f 2469/2320/4210 2463/2337/4210 2464/2324/4210
f 2466/2323/4250 2453/2395/4250 2470/2321/4250
f 2455/2305/4251 2451/2392/4251 2467/2339/4251
f 2436/2293/4228 2435/2310/4241 2452/2319/4241
f 2446/2314/4245 2463/2337/4175 2469/2320/4245
f 2436/2293/4228 2453/2395/4246 2466/2323/4246
f 2439/2341/4252 2451/2396/4252 2467/2342/4253
f 2428/2278/4237 2447/2277/4228 2464/2324/4228
f 2444/2318/4187 2461/2336/4187 2468/2338/4187
f 2432/2309/4237 2442/2303/4228 2456/2340/4246
f 2445/2302/4237 2427/2299/4237 2465/2330/4237
f 2437/2316/4187 2459/2328/4187 2463/2337/4175
f 2450/2312/4245 2470/2394/4245 2454/2331/4187
f 2430/2301/4228 2458/2307/4237 2456/2340/4246
f 2444/2318/4187 2443/2317/4245 2457/2322/4245
f 2359/2344/4292 2360/1534/4291 2487/1536/4320
f 2476/2346/4321 2480/2363/4321 2485/2347/4321
f 2486/2345/4322 2487/1536/4322 2474/2236/4322
f 2490/1544/4323 2472/2209/4323 2476/2215/4323
f 2489/1543/4258 2486/2345/4258 2473/2212/4259
f 2487/1536/4324 2491/1535/4324 2475/2235/4324
f 2490/1544/4325 2489/1543/4325 2471/2213/4325
f 2477/2351/4326 2484/2397/4326 2492/2352/4326
f 2493/2353/4263 2475/2235/4327 2491/1535/4264
f 2493/2353/4328 2492/2352/4328 2478/2354/4328
f 2511/2355/4329 2477/2351/4329 2493/2353/4329
f 2478/2356/4268 2492/2367/4330 2503/2357/4269
f 2485/2347/4331 2502/2364/4331 2512/2359/4331
f 2483/2360/4272 2482/2365/4272 2499/2361/4272
f 2480/2363/4332 2497/2372/4332 2502/2364/4332
f 2482/2365/4274 2479/2369/4274 2496/2366/4274
f 2492/2367/4275 2484/2398/4333 2501/2368/4276
f 2479/2369/4278 2478/2356/4278 2495/2358/4278
f 2483/2360/4279 2500/2362/4279 2498/2370/4279
f 2481/2371/4280 2498/2370/4280 2497/2372/4280
f 2369/10/4284 2368/10/4334 2506/10/4284
f 2506/10/4284 2519/10/4282 2369/10/4284
f 2507/13/4335 2504/2376/4335 2514/6/4335
f 2504/2376/4286 2362/2373/4286 2516/2375/4286
f 2362/2373/4336 2504/2376/4336 2367/1589/4336
f 2505/2379/4337 2356/2399/4337 2359/2400/4337
f 2359/2401/4338 2358/2402/4338 2505/2403/4338
f 2384/2223/4339 2505/2244/4339 2356/2240/4339
f 2376/2229/4316 2382/2248/4315 2519/2382/4340
f 2382/2248/4313 2506/2391/4297 2519/2382/4313
f 2488/2350/4341 2476/2346/4341 2508/2348/4341
f 2519/2384/4281 2517/2404/4281 2518/2385/4296
f 2517/2388/4281 2519/2374/4281 2506/2389/4297
f 2526/2405/4342 2525/2406/4342 2522/2407/4342
f 2525/2406/4343 2520/2408/4343 2521/2409/4343
f 2522/2407/4342 2523/2410/4342 2526/2405/4342
f 2523/2410/4342 2522/2407/4342 2524/2411/4342
f 2552/2409/4344 2559/2412/4344 2558/2407/4345
f 2648/2413/4346 2659/2414/4346 2647/2415/4346
f 2659/2414/4347 2649/2416/4347 2647/2415/4347
f 2656/2417/4348 2648/2418/4349 2652/2419/4350
f 2649/2416/4351 2655/2420/4351 2650/2421/4351
f 2536/2422/4352 2562/2423/4352 2559/2424/4352
f 2556/2425/4353 2536/2426/4354 2552/2409/4355
f 2539/2427/4356 2560/2428/4356 2554/2429/4356
f 2544/2430/4357 2554/2429/4358 2555/2431/4358
f 2537/2432/4359 2555/2431/4360 2551/2433/4361
f 2553/2434/4362 2543/2435/4363 2556/2425/4362
f 2537/2436/4352 2566/2437/4352 2544/2438/4352
f 2655/2420/4364 2651/2439/4364 2650/2421/4364
f 2533/1617/4365 2550/1805/4365 2547/2440/4365
f 2548/1697/4366 2545/1695/4366 2547/2440/4366
f 2547/2441/4367 2532/2442/4367 2533/2443/4367
f 2532/2442/4368 2546/2444/4368 2531/2445/4368
f 2547/2440/4369 2549/1701/4369 2548/1697/4369
f 2529/2446/4370 2556/2425/4370 2541/2447/4370
f 2535/2448/4371 2555/2431/4372 2542/2449/4373
f 2555/2431/4374 2530/2450/4374 2542/2449/4374
f 2554/2429/4375 2683/2451/4375 2530/2450/4375
f 2556/2425/4376 2534/2408/4376 2541/2447/4376
f 2568/2452/4352 2538/2453/4352 2561/2454/4352
f 2559/2412/4377 2551/2433/4378 2558/2407/4379
f 2538/2455/4380 2560/2428/4381 2561/2456/4382
f 2592/2457/4383 2576/2458/4383 2573/2459/4383
f 2564/2460/4352 2536/2422/4352 2543/2461/4352
f 2566/2437/4352 2539/2462/4352 2544/2438/4352
f 2538/2453/4352 2564/2460/4352 2543/2461/4352
f 2570/2463/4384 2588/2464/4384 2571/2465/4384
f 2568/2452/4385 2575/2466/4385 2565/2467/4385
f 2564/2460/4386 2577/2468/4386 2569/2469/4386
f 2562/2423/4387 2571/2465/4387 2563/2470/4387
f 2566/2437/4388 2573/2459/4388 2567/2471/4388
f 2573/2459/4389 2568/2452/4389 2567/2471/4389
f 2575/2466/4390 2564/2460/4390 2565/2467/4390
f 2577/2468/4391 2562/2423/4391 2569/2469/4391
f 2571/2465/4392 2566/2437/4392 2563/2470/4392
f 2572/2472/4393 2592/2457/4393 2573/2459/4393
f 2574/2473/4394 2594/2474/4394 2577/2468/4394
f 2594/2474/4395 2570/2463/4395 2577/2468/4395
f 2591/2475/4396 2574/2473/4396 2575/2466/4396
f 2539/2462/4352 2568/2452/4352 2561/2454/4352
f 2576/2458/4397 2591/2475/4397 2575/2466/4397
f 2588/2464/4398 2572/2472/4398 2571/2465/4398
f 2562/2423/4352 2537/2436/4352 2559/2424/4352
f 2579/2476/4399 2623/2477/4399 2584/2478/4399
f 2578/2479/4400 2585/2480/4400 2580/2481/4400
f 2582/2482/4400 2585/2480/4400 2584/2478/4400
f 2585/2480/4400 2579/2476/4400 2584/2478/4400
f 2594/2474/4401 2597/2483/4401 2589/2484/4401
f 2591/2475/4402 2598/2485/4402 2590/2486/4402
f 2601/2487/4403 2591/2475/4403 2593/2488/4403
f 2588/2464/4404 2595/2489/4404 2587/2490/4404
f 2592/2457/4405 2601/2487/4405 2593/2488/4405
f 2597/2483/4406 2588/2464/4406 2589/2484/4406
f 2595/2489/4407 2592/2457/4407 2587/2490/4407
f 2598/2485/4408 2594/2474/4408 2590/2486/4408
f 2612/2491/4409 2605/2492/4400 2624/2493/4409
f 2598/2485/4352 2610/2494/4352 2602/2495/4352
f 2583/2496/4400 2585/2480/4400 2586/2497/4400
f 2603/2498/4410 2579/2476/4410 2581/2499/4410
f 2623/2477/4411 2582/2482/4411 2584/2478/4411
f 2605/2492/4412 2578/2479/4412 2580/2481/4412
f 2606/2500/4413 2583/2496/4413 2586/2497/4413
f 2583/2496/4414 2603/2498/4415 2581/2499/4415
f 2578/2479/4416 2606/2500/4416 2586/2497/4416
f 2582/2482/4417 2605/2492/4417 2580/2481/4417
f 2631/2501/4418 2615/2502/4352 2617/2503/4418
f 2634/2504/4400 2621/2505/4400 2606/2500/4400
f 2617/2503/4419 2607/2506/4420 2599/2507/4421
f 2607/2506/4352 2598/2485/4352 2599/2507/4352
f 2605/2492/4400 2608/2508/4400 2618/2509/4409
f 2610/2494/4422 2625/2510/4422 2602/2495/4422
f 2609/2511/4423 2626/2512/4423 2610/2494/4423
f 2615/2502/4424 2609/2511/4424 2607/2506/4424
f 2602/2495/4391 2622/2513/4391 2597/2483/4391
f 2614/2514/4388 2600/2515/4388 2595/2489/4388
f 2597/2483/4387 2613/2516/4387 2596/2517/4387
f 2600/2515/4389 2619/2518/4389 2601/2487/4389
f 2596/2517/4392 2614/2514/4392 2595/2489/4392
f 2619/2518/4385 2599/2507/4385 2601/2487/4385
f 2628/2519/4425 2608/2508/4400 2611/2520/4425
f 2626/2512/4426 2645/2521/4427 2625/2510/4427
f 2619/2518/4428 2631/2501/4418 2617/2503/4418
f 2623/2477/4429 2642/2522/4430 2624/2493/4409
f 2629/2523/4431 2626/2524/4431 2612/2525/4431
f 2635/2526/4426 2614/2514/4352 2613/2516/4426
f 2603/2498/4432 2636/2527/4432 2604/2528/4409
f 2615/2502/4352 2630/2529/4433 2616/2530/4433
f 2627/2531/4434 2628/2519/4434 2630/2529/4435
f 2630/2529/4436 2629/2532/4436 2646/2533/4436
f 2634/2504/4385 2631/2501/4385 2633/2534/4385
f 2635/2526/4392 2641/2535/4392 2644/2536/4392
f 2638/2537/4389 2633/2534/4389 2637/2538/4389
f 2639/2539/4387 2636/2527/4387 2635/2526/4387
f 2641/2535/4388 2637/2538/4388 2644/2536/4388
f 2642/2522/4391 2639/2539/4391 2645/2521/4391
f 2646/2540/4437 2642/2522/4437 2645/2521/4437
f 2643/2541/4438 2631/2501/4438 2632/2542/4438
f 2612/2491/4409 2628/2519/4425 2611/2520/4425
f 2645/2521/4427 2622/2513/4428 2625/2510/4427
f 2642/2522/4430 2612/2491/4409 2624/2493/4409
f 2643/2543/4439 2615/2544/4440 2608/2545/4439
f 2604/2528/4409 2640/2546/4429 2623/2477/4429
f 2644/2536/4352 2620/2547/4352 2614/2514/4352
f 2608/2508/4400 2632/2542/4409 2618/2509/4409
f 2621/2505/4400 2641/2535/4432 2603/2498/4432
f 2639/2539/4428 2613/2516/4426 2622/2513/4428
f 2630/2529/4433 2626/2512/4352 2616/2530/4433
f 2632/2542/4409 2606/2500/4400 2618/2509/4409
f 2620/2547/4352 2633/2534/4352 2619/2518/4428
f 2532/2548/4441 2663/1808/4441 2533/1807/4441
f 2531/1717/4442 2662/1811/4442 2532/2548/4442
f 2661/2549/4443 2652/2419/4443 2557/2348/4443
f 2662/2550/4444 2650/2421/4444 2663/2551/4444
f 2652/2419/4445 2666/2552/4445 2664/2553/4445
f 2665/1812/4442 2649/2416/4442 2662/2550/4442
f 2663/2551/4446 2651/2439/4446 2667/1710/4446
f 2666/1810/4447 2647/2415/4447 2665/1812/4447
f 2668/2554/4448 2653/2555/4448 2669/2556/4448
f 2667/1710/4449 2669/2556/4450 2670/1718/4451
f 2654/2557/4452 2669/2556/4452 2651/2439/4452
f 2669/2556/4453 2671/2355/4453 2670/1718/4453
f 2654/2558/4454 2681/2559/4454 2668/2560/4454
f 2557/2348/4455 2680/2561/4455 2661/2549/4455
f 2659/2562/4456 2677/2563/4456 2658/2564/4456
f 2680/2561/4457 2656/2417/4457 2661/2549/4457
f 2658/2564/4458 2674/2565/4458 2655/2566/4458
f 2668/2560/4459 2679/2567/4460 2660/2568/4461
f 2655/2566/4462 2673/2569/4462 2654/2558/4462
f 2676/2570/4463 2659/2562/4463 2657/2571/4463
f 2675/2572/4464 2657/2571/4464 2656/2417/4464
f 2535/2573/4465 2697/2/4466 2699/2574/4467
f 2541/10/4468 2683/12/4468 2529/11/4468
f 2535/2573/4469 2540/1743/4469 2682/3/4469
f 2683/2575/4470 2531/1745/4470 2532/2576/4470
f 2532/2576/4471 2541/1738/4471 2529/2577/4471
f 2541/1738/4472 2532/2576/4472 2533/1747/4472
f 2560/2428/4473 2529/2446/4473 2683/2451/4473
f 2551/2433/4343 2535/2448/4465 2699/2578/4467
f 2664/2553/4474 2557/2348/4474 2652/2419/4474
f 2693/2385/4475 2689/2579/4476 2686/2580/4466
f 2693/2385/4475 2691/1764/4477 2690/1819/4478
f 2691/1764/4477 2687/2581/4466 2688/2582/4466
f 2689/4/4479 2694/1762/4480 2696/1/4466
f 2695/2583/4466 2701/2584/4466 2696/2585/4466
f 2706/2586/4466 2699/2587/4467 2701/2584/4466
f 2705/16/4466 2703/15/4481 2684/2588/4466
f 2704/2589/4466 2698/2590/4466 2702/14/4466
f 2705/2591/4466 2701/2592/4466 2704/2593/4466
f 2528/2206/4482 2527/2245/4482 2687/2247/4482
f 2552/2409/4483 2536/2426/4483 2559/2412/4483
f 2648/2413/4484 2657/2594/4484 2659/2414/4484
f 2659/2414/4485 2658/2595/4485 2649/2416/4485
f 2656/2417/4348 2657/2571/4486 2648/2418/4349
f 2649/2416/4487 2658/2595/4487 2655/2420/4487
f 2536/2422/4352 2569/2469/4352 2562/2423/4352
f 2556/2425/4353 2543/2435/4354 2536/2426/4354
f 2539/2427/4488 2561/2456/4488 2560/2428/4488
f 2544/2430/4357 2539/2427/4357 2554/2429/4358
f 2537/2432/4359 2544/2430/4359 2555/2431/4360
f 2553/2434/4362 2538/2455/4363 2543/2435/4363
f 2537/2436/4352 2563/2470/4352 2566/2437/4352
f 2655/2420/4489 2654/2557/4489 2651/2439/4489
f 2547/2441/4490 2545/2596/4490 2532/2442/4490
f 2532/2442/4368 2545/2596/4368 2546/2444/4368
f 2547/2440/4491 2550/1805/4491 2549/1701/4491
f 2529/2446/4492 2553/2434/4492 2556/2425/4492
f 2535/2448/4493 2551/2433/4361 2555/2431/4360
f 2555/2431/4494 2554/2429/4494 2530/2450/4494
f 2554/2429/4495 2560/2428/4495 2683/2451/4495
f 2556/2425/4353 2552/2409/4355 2534/2408/4496
f 2552/2409/4344 2558/2407/4345 2702/2406/4497
f 2568/2452/4352 2565/2467/4352 2538/2453/4352
f 2559/2412/4498 2537/2432/4498 2551/2433/4498
f 2538/2455/4380 2553/2434/4499 2560/2428/4381
f 2592/2457/4383 2593/2488/4383 2576/2458/4383
f 2564/2460/4352 2569/2469/4352 2536/2422/4352
f 2566/2437/4352 2567/2471/4352 2539/2462/4352
f 2538/2453/4352 2565/2467/4352 2564/2460/4352
f 2570/2463/4384 2589/2484/4500 2588/2464/4384
f 2568/2452/4385 2576/2458/4385 2575/2466/4385
f 2564/2460/4386 2574/2473/4386 2577/2468/4386
f 2562/2423/4387 2570/2463/4387 2571/2465/4387
f 2566/2437/4388 2572/2472/4388 2573/2459/4388
f 2573/2459/4389 2576/2458/4389 2568/2452/4389
f 2575/2466/4390 2574/2473/4390 2564/2460/4390
f 2577/2468/4391 2570/2463/4391 2562/2423/4391
f 2571/2465/4392 2572/2472/4392 2566/2437/4392
f 2572/2472/4393 2587/2490/4393 2592/2457/4393
f 2574/2473/4394 2590/2486/4394 2594/2474/4394
f 2594/2474/4395 2589/2484/4395 2570/2463/4395
f 2591/2475/4396 2590/2486/4396 2574/2473/4396
f 2539/2462/4352 2567/2471/4352 2568/2452/4352
f 2576/2458/4397 2593/2488/4397 2591/2475/4397
f 2588/2464/4398 2587/2490/4398 2572/2472/4398
f 2562/2423/4352 2563/2470/4352 2537/2436/4352
f 2579/2476/4399 2604/2528/4399 2623/2477/4399
f 2578/2479/4400 2586/2497/4400 2585/2480/4400
f 2582/2482/4400 2580/2481/4400 2585/2480/4400
f 2585/2480/4400 2581/2499/4400 2579/2476/4400
f 2594/2474/4401 2602/2495/4401 2597/2483/4401
f 2591/2475/4402 2599/2507/4402 2598/2485/4402
f 2601/2487/4403 2599/2507/4403 2591/2475/4403
f 2588/2464/4404 2596/2517/4404 2595/2489/4404
f 2592/2457/4405 2600/2515/4405 2601/2487/4405
f 2597/2483/4406 2596/2517/4406 2588/2464/4406
f 2595/2489/4407 2600/2515/4407 2592/2457/4407
f 2598/2485/4408 2602/2495/4408 2594/2474/4408
f 2612/2491/4409 2611/2520/4425 2605/2492/4400
f 2598/2485/4352 2609/2511/4352 2610/2494/4352
f 2583/2496/4400 2581/2499/4400 2585/2480/4400
f 2603/2498/4410 2604/2528/4410 2579/2476/4410
f 2623/2477/4411 2624/2493/4411 2582/2482/4411
f 2605/2492/4412 2618/2509/4412 2578/2479/4412
f 2606/2500/4413 2621/2505/4413 2583/2496/4413
f 2583/2496/4414 2621/2505/4414 2603/2498/4415
f 2578/2479/4416 2618/2509/4416 2606/2500/4416
f 2582/2482/4417 2624/2493/4417 2605/2492/4417
f 2631/2501/4418 2627/2597/4352 2615/2502/4352
f 2634/2504/4400 2638/2537/4400 2621/2505/4400
f 2617/2503/4419 2615/2502/4501 2607/2506/4420
f 2607/2506/4352 2609/2511/4352 2598/2485/4352
f 2605/2492/4400 2611/2520/4425 2608/2508/4400
f 2610/2494/4502 2626/2512/4502 2625/2510/4502
f 2609/2511/4423 2616/2530/4423 2626/2512/4423
f 2615/2502/4424 2616/2530/4424 2609/2511/4424
f 2602/2495/4391 2625/2510/4391 2622/2513/4391
f 2614/2514/4388 2620/2547/4388 2600/2515/4388
f 2597/2483/4387 2622/2513/4387 2613/2516/4387
f 2600/2515/4389 2620/2547/4389 2619/2518/4389
f 2596/2517/4392 2613/2516/4392 2614/2514/4392
f 2619/2518/4385 2617/2503/4385 2599/2507/4385
f 2628/2519/4425 2643/2598/4400 2608/2508/4400
f 2626/2512/4426 2646/2540/4426 2645/2521/4427
f 2619/2518/4428 2633/2534/4352 2631/2501/4418
f 2623/2477/4429 2640/2546/4429 2642/2522/4430
f 2629/2523/4431 2646/2599/4431 2626/2524/4431
f 2635/2526/4426 2644/2536/4352 2614/2514/4352
f 2603/2498/4432 2641/2535/4432 2636/2527/4432
f 2615/2502/4352 2627/2531/4352 2630/2529/4433
f 2627/2531/4434 2643/2598/4434 2628/2519/4434
f 2630/2529/4436 2628/2519/4436 2629/2532/4436
f 2634/2504/4385 2632/2542/4385 2631/2501/4385
f 2635/2526/4392 2636/2527/4392 2641/2535/4392
f 2638/2537/4389 2634/2504/4389 2633/2534/4389
f 2639/2539/4387 2640/2546/4387 2636/2527/4387
f 2641/2535/4388 2638/2537/4388 2637/2538/4388
f 2642/2522/4391 2640/2546/4391 2639/2539/4391
f 2646/2540/4437 2629/2600/4437 2642/2522/4437
f 2643/2541/4438 2627/2597/4438 2631/2501/4438
f 2612/2491/4409 2629/2532/4425 2628/2519/4425
f 2645/2521/4427 2639/2539/4428 2622/2513/4428
f 2642/2522/4430 2629/2600/4409 2612/2491/4409
f 2643/2543/4439 2627/2601/4440 2615/2544/4440
f 2604/2528/4409 2636/2527/4432 2640/2546/4429
f 2644/2536/4352 2637/2538/4418 2620/2547/4352
f 2608/2508/4400 2643/2541/4400 2632/2542/4409
f 2621/2505/4400 2638/2537/4400 2641/2535/4432
f 2639/2539/4428 2635/2526/4426 2613/2516/4426
f 2630/2529/4433 2646/2533/4352 2626/2512/4352
f 2632/2542/4409 2634/2504/4400 2606/2500/4400
f 2620/2547/4352 2637/2538/4418 2633/2534/4352
f 2532/2548/4503 2662/1811/4503 2663/1808/4503
f 2661/2549/4504 2656/2417/4504 2652/2419/4504
f 2662/2550/4505 2649/2416/4505 2650/2421/4505
f 2652/2419/4506 2648/2418/4506 2666/2552/4506
f 2665/1812/4442 2647/2415/4442 2649/2416/4442
f 2663/2551/4507 2650/2421/4507 2651/2439/4507
f 2666/1810/4508 2648/2413/4508 2647/2415/4508
f 2668/2554/4509 2660/2602/4509 2653/2555/4509
f 2667/1710/4449 2651/2439/4510 2669/2556/4450
f 2654/2557/4511 2668/2554/4511 2669/2556/4511
f 2669/2556/4512 2653/2555/4512 2671/2355/4512
f 2654/2558/4513 2673/2569/4513 2681/2559/4513
f 2557/2348/4514 2672/2359/4514 2680/2561/4514
f 2659/2562/4515 2678/2603/4515 2677/2563/4515
f 2680/2561/4516 2675/2572/4516 2656/2417/4516
f 2658/2564/4517 2677/2563/4517 2674/2565/4517
f 2668/2560/4459 2681/2559/4518 2679/2567/4460
f 2655/2566/4462 2674/2565/4462 2673/2569/4462
f 2676/2570/4463 2678/2603/4463 2659/2562/4463
f 2675/2572/4464 2676/2570/4464 2657/2571/4464
f 2541/10/4468 2530/1588/4468 2683/12/4468
f 2697/2/4519 2535/2573/4519 2682/3/4519
f 2535/2573/4371 2542/1816/4373 2540/1743/4520
f 2532/2576/4521 2529/2577/4521 2683/2575/4521
f 2683/2575/4522 2530/1742/4522 2531/1745/4522
f 2560/2428/4523 2553/2434/4523 2529/2446/4523
f 2558/2407/4379 2551/2433/4378 2699/2578/4524
f 2700/2411/4525 2558/2407/4526 2699/2578/4467
f 2664/2553/4527 2685/2383/4527 2557/2348/4527
f 2693/2385/4475 2690/1819/4478 2689/2579/4476
f 2693/2385/4475 2692/2404/4466 2691/1764/4477
f 2691/1764/4477 2692/2404/4466 2687/2581/4466
f 2695/1741/4466 2696/1/4466 2694/1762/4480
f 2695/2583/4466 2698/2590/4466 2704/2589/4466
f 2704/2589/4466 2701/2584/4466 2695/2583/4466
f 2701/2584/4466 2697/2604/4466 2696/2585/4466
f 2700/2605/4525 2699/2587/4467 2706/2586/4466
f 2699/2587/4467 2697/2604/4466 2701/2584/4466
f 2684/2588/4466 2700/2605/4525 2706/2586/4466
f 2706/2586/4466 2705/16/4466 2684/2588/4466
f 2705/16/4466 2704/2589/4466 2702/14/4466
f 2705/2591/4466 2706/2606/4466 2701/2592/4466
s 0
usemtl Material.003
f 56/17/11 55/18/11 57/19/11
f 57/19/12 55/18/12 58/20/12
f 58/20/13 55/18/13 59/21/13
f 59/21/14 55/18/14 60/22/14
f 60/22/15 55/18/15 61/23/15
f 61/23/16 55/18/16 62/24/16
f 62/24/17 55/18/17 63/25/17
f 63/25/18 55/18/18 64/26/18
f 64/26/19 55/18/19 65/27/19
f 65/27/20 55/18/20 66/28/20
f 66/28/21 55/18/21 67/29/21
f 67/29/22 55/18/22 68/30/22
f 68/30/23 55/18/23 69/31/23
f 69/31/24 55/18/24 70/32/24
f 70/32/25 55/18/25 71/33/25
f 71/33/26 55/18/26 72/34/26
f 72/34/27 55/18/27 73/35/27
f 73/35/28 55/18/28 74/36/28
f 74/36/29 55/18/29 75/37/29
f 75/37/30 55/18/30 76/38/30
f 76/38/31 55/18/31 77/39/31
f 77/39/32 55/18/32 78/40/32
f 78/40/33 55/18/33 79/41/33
f 79/41/34 55/18/34 80/42/34
f 80/42/35 55/18/35 81/43/35
f 81/43/36 55/18/36 82/44/36
f 82/44/37 55/18/37 83/45/37
f 83/45/38 55/18/38 84/46/38
f 84/46/39 55/18/39 85/47/39
f 85/47/40 55/18/40 86/48/40
f 38/49/41 46/50/41 54/51/41
f 86/48/42 55/18/42 87/52/42
f 87/52/43 55/18/43 56/17/43
f 23/53/44 57/54/44 24/55/44
f 24/55/45 58/56/45 25/57/45
f 26/58/46 58/56/46 59/59/46
f 26/58/47 60/60/47 27/61/47
f 28/62/48 60/60/48 61/63/48
f 29/64/49 61/63/49 62/65/49
f 29/64/50 63/66/50 30/67/50
f 31/68/51 63/66/51 64/69/51
f 31/68/52 65/70/52 32/71/52
f 33/72/53 65/70/53 66/73/53
f 34/74/54 66/73/54 67/75/54
f 34/74/55 68/76/55 35/77/55
f 35/77/56 69/78/56 36/79/56
f 36/79/57 70/80/57 37/81/57
f 37/81/58 71/82/58 38/49/58
f 38/49/59 72/83/59 39/84/59
f 39/84/60 73/85/60 40/86/60
f 40/86/61 74/87/61 41/88/61
f 41/88/62 75/89/62 42/90/62
f 43/91/63 75/89/63 76/92/63
f 44/93/64 76/92/64 77/94/64
f 44/93/65 78/95/65 45/96/65
f 45/96/66 79/97/66 46/50/66
f 47/98/67 79/97/67 80/99/67
f 47/98/68 81/100/68 48/101/68
f 48/101/69 82/102/69 49/103/69
f 50/104/70 82/102/70 83/105/70
f 50/104/71 84/106/71 51/107/71
f 51/107/72 85/108/72 52/109/72
f 52/109/73 86/110/73 53/111/73
f 54/51/74 86/110/74 87/112/74
f 54/51/75 56/113/75 23/53/75
f 54/51/41 23/53/41 24/55/41
f 24/55/4673 25/57/4673 26/58/4673
f 26/58/41 27/61/41 28/62/41
f 28/62/4673 29/64/4673 30/67/4673
f 30/67/41 31/68/41 32/71/41
f 32/71/41 33/72/41 34/74/41
f 34/74/41 35/77/41 36/79/41
f 36/79/41 37/81/41 38/49/41
f 38/49/41 39/84/41 40/86/41
f 40/86/4673 41/88/4673 42/90/4673
f 42/90/41 43/91/41 44/93/41
f 44/93/41 45/96/41 46/50/41
f 46/50/41 47/98/41 48/101/41
f 48/101/4673 49/103/4673 50/104/4673
f 50/104/4673 51/107/4673 52/109/4673
f 52/109/41 53/111/41 54/51/41
f 54/51/41 24/55/41 26/58/41
f 26/58/41 28/62/41 30/67/41
f 30/67/41 32/71/41 34/74/41
f 34/74/41 36/79/41 38/49/41
f 38/49/41 40/86/41 42/90/41
f 42/90/41 44/93/41 46/50/41
f 46/50/41 48/101/41 50/104/41
f 50/104/41 52/109/41 54/51/41
f 54/51/41 26/58/41 30/67/41
f 30/67/41 34/74/41 38/49/41
f 38/49/41 42/90/41 46/50/41
f 46/50/41 50/104/41 54/51/41
f 54/51/41 30/67/41 38/49/41
f 23/53/44 56/113/44 57/54/44
f 24/55/45 57/54/45 58/56/45
f 26/58/46 25/57/46 58/56/46
f 26/58/47 59/59/47 60/60/47
f 28/62/48 27/61/48 60/60/48
f 29/64/49 28/62/49 61/63/49
f 29/64/50 62/65/50 63/66/50
f 31/68/51 30/67/51 63/66/51
f 31/68/52 64/69/52 65/70/52
f 33/72/53 32/71/53 65/70/53
f 34/74/54 33/72/54 66/73/54
f 34/74/55 67/75/55 68/76/55
f 35/77/56 68/76/56 69/78/56
f 36/79/57 69/78/57 70/80/57
f 37/81/58 70/80/58 71/82/58
f 38/49/59 71/82/59 72/83/59
f 39/84/60 72/83/60 73/85/60
f 40/86/61 73/85/61 74/87/61
f 41/88/62 74/87/62 75/89/62
f 43/91/63 42/90/63 75/89/63
f 44/93/64 43/91/64 76/92/64
f 44/93/65 77/94/65 78/95/65
f 45/96/66 78/95/66 79/97/66
f 47/98/67 46/50/67 79/97/67
f 47/98/68 80/99/68 81/100/68
f 48/101/69 81/100/69 82/102/69
f 50/104/70 49/103/70 82/102/70
f 50/104/71 83/105/71 84/106/71
f 51/107/72 84/106/72 85/108/72
f 52/109/73 85/108/73 86/110/73
f 54/51/74 53/111/74 86/110/74
f 54/51/4674 87/112/4674 56/113/4674
usemtl Material.001
f 89/114/76 90/115/76 88/116/76
f 91/117/77 92/118/77 90/115/77
f 93/119/78 94/120/78 92/118/78
f 95/121/79 96/122/79 94/120/79
f 97/123/80 98/124/80 96/122/80
f 99/125/81 100/126/81 98/124/81
f 101/127/82 102/128/82 100/126/82
f 103/129/83 104/130/83 102/128/83
f 105/131/84 106/132/84 104/130/84
f 107/133/85 108/134/85 106/132/85
f 109/135/86 110/136/86 108/134/86
f 111/137/87 112/138/87 110/136/87
f 113/139/88 114/140/88 112/138/88
f 115/141/89 116/142/89 114/140/89
f 117/143/90 118/144/90 116/142/90
f 119/145/91 120/146/91 118/144/91
f 121/147/92 122/148/92 120/146/92
f 123/149/93 124/150/93 122/148/93
f 125/151/94 126/152/94 124/150/94
f 127/153/95 128/154/95 126/152/95
f 129/155/96 130/156/96 128/154/96
f 131/157/97 132/158/97 130/156/97
f 133/159/98 134/160/98 132/158/98
f 135/161/99 136/162/99 134/160/99
f 137/163/100 138/164/100 136/162/100
f 139/165/101 140/166/101 138/164/101
f 141/167/102 142/168/102 140/166/102
f 143/169/103 144/170/103 142/168/103
f 145/171/104 146/172/104 144/170/104
f 146/172/105 149/173/105 148/174/105
f 125/36/106 109/28/106 93/20/106
f 149/173/107 150/175/107 148/174/107
f 151/176/108 88/177/108 150/175/108
f 118/82/41 134/97/41 150/112/41
f 89/114/4675 91/117/4675 90/115/4675
f 91/117/4676 93/119/4676 92/118/4676
f 93/119/4677 95/121/4677 94/120/4677
f 95/121/79 97/123/79 96/122/79
f 97/123/80 99/125/80 98/124/80
f 99/125/111 101/127/111 100/126/111
f 101/127/4678 103/129/4678 102/128/4678
f 103/129/4679 105/131/4679 104/130/4679
f 105/131/4680 107/133/4680 106/132/4680
f 107/133/85 109/135/85 108/134/85
f 109/135/112 111/137/112 110/136/112
f 111/137/4681 113/139/4681 112/138/4681
f 113/139/88 115/141/88 114/140/88
f 115/141/113 117/143/113 116/142/113
f 117/143/90 119/145/90 118/144/90
f 119/145/114 121/147/114 120/146/114
f 121/147/115 123/149/115 122/148/115
f 123/149/116 125/151/116 124/150/116
f 125/151/94 127/153/94 126/152/94
f 127/153/95 129/155/95 128/154/95
f 129/155/117 131/157/117 130/156/117
f 131/157/4682 133/159/4682 132/158/4682
f 133/159/98 135/161/98 134/160/98
f 135/161/99 137/163/99 136/162/99
f 137/163/4683 139/165/4683 138/164/4683
f 139/165/121 141/167/121 140/166/121
f 141/167/4684 143/169/4684 142/168/4684
f 143/169/103 145/171/103 144/170/103
f 145/171/104 147/178/104 146/172/104
f 146/172/105 147/178/105 149/173/105
f 93/20/4685 91/19/4685 89/17/4685
f 89/17/4686 151/52/4686 149/48/4686
f 149/48/4687 147/47/4687 145/46/4687
f 145/46/106 143/45/106 141/44/106
f 141/44/4688 139/43/4688 137/42/4688
f 137/42/4689 135/41/4689 133/40/4689
f 133/40/4690 131/39/4690 129/38/4690
f 129/38/4686 127/37/4686 125/36/4686
f 125/36/4691 123/35/4691 121/34/4691
f 121/34/4692 119/33/4692 117/32/4692
f 117/32/4693 115/31/4693 113/30/4693
f 113/30/4694 111/29/4694 109/28/4694
f 109/28/4689 107/27/4689 105/26/4689
f 105/26/4695 103/25/4695 101/24/4695
f 101/24/4696 99/23/4696 97/22/4696
f 97/22/4697 95/21/4697 93/20/4697
f 93/20/4698 89/17/4698 149/48/4698
f 149/48/4699 145/46/4699 141/44/4699
f 141/44/4700 137/42/4700 133/40/4700
f 133/40/4699 129/38/4699 125/36/4699
f 125/36/4698 121/34/4698 117/32/4698
f 117/32/4701 113/30/4701 109/28/4701
f 109/28/106 105/26/106 101/24/106
f 101/24/106 97/22/106 93/20/106
f 93/20/4702 149/48/4702 141/44/4702
f 141/44/4700 133/40/4700 125/36/4700
f 125/36/4702 117/32/4702 109/28/4702
f 109/28/4700 101/24/4700 93/20/4700
f 93/20/106 141/44/106 125/36/106
f 149/173/107 151/176/107 150/175/107
f 151/176/108 89/2749/108 88/177/108
f 150/112/4703 88/113/4703 90/54/4703
f 90/54/4704 92/56/4704 94/59/4704
f 94/59/4705 96/60/4705 98/63/4705
f 98/63/4706 100/65/4706 102/66/4706
f 102/66/4704 104/69/4704 106/70/4704
f 106/70/4707 108/73/4707 110/75/4707
f 110/75/4707 112/76/4707 114/78/4707
f 114/78/4708 116/80/4708 118/82/4708
f 118/82/41 120/83/41 122/85/41
f 122/85/4704 124/87/4704 126/89/4704
f 126/89/4709 128/92/4709 130/94/4709
f 130/94/4710 132/95/4710 134/97/4710
f 134/97/4704 136/99/4704 138/100/4704
f 138/100/4707 140/102/4707 142/105/4707
f 142/105/4704 144/106/4704 146/108/4704
f 146/108/4707 148/110/4707 150/112/4707
f 150/112/41 90/54/41 94/59/41
f 94/59/41 98/63/41 102/66/41
f 102/66/4704 106/70/4704 110/75/4704
f 110/75/4673 114/78/4673 118/82/4673
f 118/82/41 122/85/41 126/89/41
f 126/89/41 130/94/41 134/97/41
f 134/97/4673 138/100/4673 142/105/4673
f 142/105/41 146/108/41 150/112/41
f 150/112/41 94/59/41 102/66/41
f 102/66/41 110/75/41 118/82/41
f 118/82/41 126/89/41 134/97/41
f 134/97/41 142/105/41 150/112/41
f 150/112/41 102/66/41 118/82/41
usemtl Material.002
f 153/114/109 154/115/109 152/116/109
f 155/117/77 156/118/77 154/115/77
f 156/118/78 159/121/78 158/120/78
f 159/121/79 160/122/79 158/120/79
f 161/123/110 162/124/110 160/122/110
f 163/125/111 164/126/111 162/124/111
f 165/127/82 166/128/82 164/126/82
f 167/129/83 168/130/83 166/128/83
f 168/130/84 171/133/84 170/132/84
f 171/133/85 172/134/85 170/132/85
f 173/135/112 174/136/112 172/134/112
f 175/137/87 176/138/87 174/136/87
f 177/139/88 178/140/88 176/138/88
f 179/141/113 180/142/113 178/140/113
f 181/143/90 182/144/90 180/142/90
f 182/144/114 185/147/114 184/146/114
f 185/147/115 186/148/115 184/146/115
f 187/149/116 188/150/116 186/148/116
f 189/151/94 190/152/94 188/150/94
f 190/152/95 193/155/95 192/154/95
f 193/155/117 194/156/117 192/154/117
f 195/157/118 196/158/118 194/156/118
f 197/159/119 198/160/119 196/158/119
f 199/161/120 200/162/120 198/160/120
f 201/163/100 202/164/100 200/162/100
f 203/165/121 204/166/121 202/164/121
f 204/166/102 207/169/102 206/168/102
f 207/169/103 208/170/103 206/168/103
f 209/171/104 210/172/104 208/170/104
f 211/178/122 212/174/122 210/172/122
f 189/36/106 173/28/106 157/20/106
f 213/173/123 214/175/123 212/174/123
f 215/176/124 152/177/124 214/175/124
f 182/82/41 198/97/41 214/112/41
f 153/114/4675 155/117/4675 154/115/4675
f 155/117/4676 157/119/4676 156/118/4676
f 156/118/4711 157/119/4711 159/121/4711
f 159/121/79 161/123/79 160/122/79
f 161/123/80 163/125/80 162/124/80
f 163/125/111 165/127/111 164/126/111
f 165/127/4712 167/129/4712 166/128/4712
f 167/129/4679 169/131/4679 168/130/4679
f 168/130/84 169/131/84 171/133/84
f 171/133/85 173/135/85 172/134/85
f 173/135/86 175/137/86 174/136/86
f 175/137/87 177/139/87 176/138/87
f 177/139/88 179/141/88 178/140/88
f 179/141/89 181/143/89 180/142/89
f 181/143/90 183/145/90 182/144/90
f 182/144/4713 183/145/4713 185/147/4713
f 185/147/115 187/149/115 186/148/115
f 187/149/116 189/151/116 188/150/116
f 189/151/94 191/153/94 190/152/94
f 190/152/95 191/153/95 193/155/95
f 193/155/117 195/157/117 194/156/117
f 195/157/97 197/159/97 196/158/97
f 197/159/4714 199/161/4714 198/160/4714
f 199/161/99 201/163/99 200/162/99
f 201/163/100 203/165/100 202/164/100
f 203/165/121 205/167/121 204/166/121
f 204/166/102 205/167/102 207/169/102
f 207/169/103 209/171/103 208/170/103
f 209/171/104 211/178/104 210/172/104
f 211/178/105 213/173/105 212/174/105
f 157/20/4690 155/19/4690 153/17/4690
f 153/17/4696 215/52/4696 213/48/4696
f 213/48/4715 211/47/4715 209/46/4715
f 209/46/4716 207/45/4716 205/44/4716
f 205/44/4699 203/43/4699 201/42/4699
f 201/42/106 199/41/106 197/40/106
f 197/40/4686 195/39/4686 193/38/4686
f 193/38/106 191/37/106 189/36/106
f 189/36/4716 187/35/4716 185/34/4716
f 185/34/4716 183/33/4716 181/32/4716
f 181/32/4699 179/31/4699 177/30/4699
f 177/30/4698 175/29/4698 173/28/4698
f 173/28/4700 171/27/4700 169/26/4700
f 169/26/4699 167/25/4699 165/24/4699
f 165/24/4717 163/23/4717 161/22/4717
f 161/22/4692 159/21/4692 157/20/4692
f 157/20/106 153/17/106 213/48/106
f 213/48/4700 209/46/4700 205/44/4700
f 205/44/4702 201/42/4702 197/40/4702
f 197/40/4702 193/38/4702 189/36/4702
f 189/36/4700 185/34/4700 181/32/4700
f 181/32/4700 177/30/4700 173/28/4700
f 173/28/106 169/26/106 165/24/106
f 165/24/106 161/22/106 157/20/106
f 157/20/106 213/48/106 205/44/106
f 205/44/4702 197/40/4702 189/36/4702
f 189/36/106 181/32/106 173/28/106
f 173/28/106 165/24/106 157/20/106
f 157/20/106 205/44/106 189/36/106
f 213/173/107 215/176/107 214/175/107
f 215/176/108 153/2749/108 152/177/108
f 214/112/4718 152/113/4718 154/54/4718
f 154/54/4719 156/56/4719 158/59/4719
f 158/59/4704 160/60/4704 162/63/4704
f 162/63/41 164/65/41 166/66/41
f 166/66/4710 168/69/4710 170/70/4710
f 170/70/4720 172/73/4720 174/75/4720
f 174/75/4721 176/76/4721 178/78/4721
f 178/78/4708 180/80/4708 182/82/4708
f 182/82/4722 184/83/4722 186/85/4722
f 186/85/4723 188/87/4723 190/89/4723
f 190/89/4704 192/92/4704 194/94/4704
f 194/94/4707 196/95/4707 198/97/4707
f 198/97/4704 200/99/4704 202/100/4704
f 202/100/4710 204/102/4710 206/105/4710
f 206/105/4724 208/106/4724 210/108/4724
f 210/108/4707 212/110/4707 214/112/4707
f 214/112/41 154/54/41 158/59/41
f 158/59/4673 162/63/4673 166/66/4673
f 166/66/41 170/70/41 174/75/41
f 174/75/41 178/78/41 182/82/41
f 182/82/4704 186/85/4704 190/89/4704
f 190/89/4673 194/94/4673 198/97/4673
f 198/97/4704 202/100/4704 206/105/4704
f 206/105/41 210/108/41 214/112/41
f 214/112/41 158/59/41 166/66/41
f 166/66/41 174/75/41 182/82/41
f 182/82/41 190/89/41 198/97/41
f 198/97/41 206/105/41 214/112/41
f 214/112/41 166/66/41 182/82/41
s 1
usemtl lambert3SG
f 217/179/125 219/180/126 216/181/127
f 218/182/128 221/183/129 219/180/126
f 219/180/130 221/183/130 222/184/130
f 218/182/131 225/185/132 224/186/133
f 220/187/134 218/182/131 224/186/133
f 221/183/135 226/188/136 227/189/137
f 222/184/138 227/189/139 228/190/140
f 225/185/141 230/191/142 224/186/143
f 224/186/144 226/188/145 220/187/146
f 231/192/147 232/193/148 230/191/149
f 226/188/150 232/193/151 234/194/152
f 228/190/153 227/189/153 236/195/153
f 234/194/152 232/193/151 237/196/154
f 237/196/155 232/193/155 233/197/155
f 225/185/156 217/179/156 431/185/156
f 231/192/157 431/185/157 437/192/157
f 231/192/158 439/197/158 233/197/158
f 443/196/159 233/197/160 439/197/161
f 216/181/162 219/180/162 222/184/162
f 229/198/163 240/199/164 239/200/165
f 235/201/166 446/199/166 240/199/166
f 229/198/167 223/202/167 235/201/167
f 216/181/168 242/203/169 223/202/170
f 228/190/171 238/204/172 241/205/173
f 241/205/174 243/206/175 228/190/176
f 228/190/177 242/203/178 222/184/179
f 243/206/180 223/202/181 242/203/182
f 245/207/183 246/208/183 244/209/183
f 247/210/184 248/211/184 246/208/184
f 248/211/185 251/212/185 250/213/185
f 265/214/186 267/215/186 264/216/186
f 251/212/187 247/210/188 245/207/187
f 244/209/189 248/211/190 250/213/189
f 251/212/185 252/217/185 250/213/185
f 245/207/187 253/218/191 251/212/187
f 245/207/183 255/219/183 254/220/183
f 250/213/189 255/219/192 244/209/189
f 252/217/185 257/221/193 256/222/194
f 254/220/195 257/221/196 253/218/195
f 255/219/183 258/223/197 254/220/183
f 252/217/198 259/224/199 255/219/198
f 256/222/194 261/225/200 260/226/201
f 258/223/202 261/225/203 257/221/196
f 259/224/204 262/227/205 258/223/197
f 259/224/199 260/226/206 263/228/206
f 260/226/185 265/214/185 264/216/185
f 262/227/207 265/214/207 261/225/207
f 263/228/183 266/229/183 262/227/183
f 260/226/208 267/215/208 263/228/208
f 271/230/209 272/231/210 270/230/209
f 273/231/211 274/232/211 272/231/211
f 275/232/212 268/233/212 274/232/212
f 269/233/213 273/231/213 271/230/213
f 268/233/214 272/231/214 274/232/214
f 269/233/215 276/234/216 268/233/216
f 271/230/216 277/234/215 269/233/215
f 270/230/215 278/235/216 271/230/216
f 270/230/215 276/234/216 279/235/215
f 293/236/217 280/237/218 292/236/219
f 294/238/220 281/237/221 293/236/222
f 294/238/223 283/239/224 282/239/225
f 295/238/226 280/237/227 283/239/228
f 289/240/229 284/241/229 288/240/229
f 289/240/230 286/242/231 285/241/232
f 290/243/233 287/242/233 286/242/233
f 288/240/234 287/242/235 291/243/236
f 277/234/237 288/240/237 276/234/237
f 277/234/238 290/243/239 289/240/239
f 278/235/240 291/243/240 290/243/240
f 276/234/241 291/243/242 279/235/241
f 285/241/243 292/236/244 284/241/243
f 286/242/245 293/236/246 285/241/247
f 286/242/248 295/238/249 294/238/250
f 287/242/251 292/236/252 295/238/253
f 281/237/254 296/244/255 280/237/218
f 282/239/256 297/245/257 281/237/221
f 282/239/225 299/246/258 298/247/259
f 283/239/228 296/244/260 299/246/261
f 297/245/262 300/248/263 296/244/264
f 298/247/265 301/249/266 297/245/267
f 298/247/268 303/250/269 302/251/270
f 299/246/271 300/248/272 303/250/273
f 300/248/274 305/252/275 304/253/276
f 302/251/277 305/252/278 301/249/279
f 303/250/280 306/254/281 302/251/282
f 303/250/283 304/253/284 307/255/285
f 309/256/286 311/257/287 308/256/286
f 312/258/288 310/257/289 309/256/290
f 312/258/291 315/259/292 313/259/293
f 314/258/294 311/257/295 315/259/296
f 317/260/297 319/261/297 316/260/297
f 317/260/298 321/262/299 318/261/300
f 320/263/301 323/262/301 321/262/301
f 316/260/302 323/262/303 322/263/304
f 325/264/305 316/260/305 324/264/305
f 326/265/306 317/260/307 325/264/308
f 326/265/309 322/263/309 320/263/309
f 327/265/310 316/260/311 322/263/312
f 318/261/313 308/256/313 319/261/313
f 318/261/314 312/258/315 309/256/316
f 321/262/317 314/258/317 312/258/317
f 319/261/318 314/258/319 323/262/320
f 311/257/287 328/266/321 329/267/322
f 313/259/323 328/266/324 310/257/289
f 315/259/292 330/268/325 313/259/293
f 311/257/295 331/269/326 315/259/296
f 328/266/327 333/270/328 329/267/329
f 330/268/330 332/271/331 328/266/332
f 330/268/333 335/272/334 334/273/335
f 331/269/336 333/270/337 335/272/338
f 333/270/339 336/274/340 337/275/341
f 334/273/342 336/274/343 332/271/344
f 335/272/345 338/276/346 334/273/347
f 335/272/348 337/275/349 339/277/350
f 344/278/351 346/279/351 345/279/351
f 355/280/352 352/281/352 353/281/352
f 341/282/353 345/279/213 342/283/354
f 345/279/355 343/283/356 342/283/357
f 346/279/214 340/282/358 343/283/359
f 347/278/360 341/282/361 340/282/362
f 341/282/361 348/284/363 340/282/362
f 348/284/364 343/283/359 340/282/358
f 350/285/365 342/283/357 343/283/356
f 342/283/354 349/284/366 341/282/353
f 353/281/367 348/284/367 349/284/367
f 352/281/368 350/285/369 348/284/364
f 350/285/365 355/280/370 351/285/371
f 351/285/372 353/281/373 349/284/366
f 356/286/374 359/287/374 358/287/374
f 359/287/375 360/288/375 358/287/376
f 373/289/377 375/290/377 372/291/378
f 363/292/379 356/286/379 362/292/379
f 363/292/213 359/287/213 357/286/213
f 362/292/214 358/287/214 360/288/214
f 360/288/380 365/293/381 364/293/381
f 361/288/382 366/294/383 365/293/381
f 362/292/384 366/294/383 363/292/385
f 360/288/380 367/294/386 362/292/384
f 364/293/387 369/295/388 368/296/389
f 366/294/390 369/295/391 365/293/392
f 367/294/393 370/297/394 366/294/395
f 367/294/396 368/296/397 371/298/398
f 368/296/399 373/289/400 372/291/401
f 370/297/402 373/289/403 369/295/404
f 371/298/405 374/299/406 370/297/407
f 371/298/408 372/291/409 375/290/410
f 376/300/411 382/301/411 377/302/411
f 377/302/412 383/303/412 378/304/412
f 378/304/413 384/305/413 379/306/414
f 379/306/415 385/307/416 380/308/416
f 376/309/417 385/307/418 381/310/417
f 382/301/419 386/311/419 387/312/420
f 383/303/421 387/312/421 388/313/421
f 384/305/422 388/313/422 389/314/422
f 385/307/423 389/314/423 390/315/423
f 385/307/424 386/316/424 381/310/424
f 386/311/425 392/317/425 387/312/426
f 387/312/427 393/318/427 388/313/427
f 388/313/428 394/319/428 389/314/428
f 389/314/429 395/320/429 390/315/429
f 386/316/430 395/320/430 391/321/430
f 392/317/431 376/322/431 377/323/431
f 393/318/432 377/323/432 378/324/432
f 394/319/433 378/324/434 379/325/433
f 395/320/435 379/325/435 380/326/435
f 395/320/436 376/327/436 391/321/436
f 397/328/437 421/329/437 396/330/437
f 401/331/214 417/332/214 400/333/214
f 405/334/214 413/335/214 396/330/214
f 414/336/438 396/337/438 413/338/438
f 408/339/213 420/340/213 397/328/213
f 409/341/213 411/342/213 398/343/213
f 398/343/439 404/344/439 399/345/439
f 418/346/440 400/347/440 417/348/440
f 422/349/185 408/350/185 405/351/185
f 412/352/441 408/353/441 415/354/441
f 402/355/3 409/356/3 403/357/3
f 416/358/183 407/359/183 419/360/183
f 418/361/213 407/362/213 406/363/213
f 404/364/214 403/365/214 399/345/214
f 421/329/214 405/334/214 396/330/214
f 414/366/213 408/339/213 397/328/213
f 413/335/214 401/331/214 400/333/214
f 406/367/442 413/338/442 400/347/442
f 414/366/213 407/362/213 415/368/213
f 412/352/443 407/359/443 401/369/443
f 417/332/214 402/370/214 404/364/214
f 411/371/444 417/348/444 404/344/444
f 410/372/213 418/361/213 411/342/213
f 416/358/183 410/373/183 402/355/183
f 420/340/445 399/345/445 421/329/445
f 403/365/214 421/329/214 399/345/214
f 422/349/185 409/356/185 423/374/185
f 420/340/213 409/341/213 398/343/213
f 425/180/446 217/179/447 216/181/448
f 427/183/449 424/182/450 425/180/446
f 425/180/451 428/184/451 427/183/451
f 424/182/452 431/185/453 217/179/454
f 426/187/455 430/186/456 424/182/452
f 427/183/457 432/188/458 426/187/459
f 428/184/460 433/189/461 427/183/462
f 436/191/463 431/185/464 430/186/465
f 432/188/466 430/186/467 426/187/468
f 438/193/469 437/192/470 436/191/471
f 432/188/472 438/193/473 436/191/474
f 434/190/475 442/195/475 433/189/475
f 440/194/476 443/196/477 438/193/473
f 443/196/159 439/197/161 438/193/478
f 429/375/479 216/181/479 223/202/479
f 446/199/480 239/200/480 240/199/480
f 216/181/481 428/184/481 425/180/481
f 435/198/482 446/199/483 441/201/484
f 445/200/485 229/198/486 239/200/485
f 444/204/487 241/205/487 238/204/487
f 435/198/488 441/201/488 429/375/488
f 448/203/489 216/181/490 429/375/491
f 434/190/492 444/204/493 442/195/494
f 241/205/495 441/201/495 235/201/495
f 449/206/496 447/205/497 434/190/498
f 434/190/499 448/203/500 449/206/501
f 449/206/502 429/375/503 441/201/504
f 452/208/183 451/207/183 450/209/183
f 454/211/505 453/210/505 452/208/505
f 454/211/185 457/212/185 455/376/185
f 470/216/506 472/229/506 471/214/506
f 453/210/507 457/212/508 451/207/508
f 456/213/509 452/208/510 450/209/509
f 458/217/185 457/212/185 456/213/185
f 457/212/508 460/220/511 451/207/508
f 451/207/183 461/219/183 450/209/183
f 461/219/512 456/213/509 450/209/509
f 458/217/185 463/221/513 459/218/185
f 459/218/514 464/223/515 460/220/514
f 464/223/516 461/219/183 460/220/183
f 465/224/517 458/217/518 461/219/518
f 462/222/519 467/225/520 463/221/513
f 467/225/521 464/223/515 463/221/522
f 468/227/523 465/224/524 464/223/516
f 465/224/517 466/226/525 462/222/526
f 466/226/185 471/214/185 467/225/185
f 467/225/527 472/229/527 468/227/527
f 472/229/183 469/228/183 468/227/183
f 469/228/528 470/216/528 466/226/528
f 478/231/210 477/230/209 476/230/209
f 478/231/211 481/232/211 479/231/211
f 480/232/212 475/233/212 481/232/212
f 475/233/214 479/231/214 481/232/214
f 478/231/213 474/233/213 480/232/213
f 474/233/215 483/234/216 475/233/216
f 483/234/216 477/230/215 475/233/216
f 484/235/215 476/230/216 477/230/215
f 476/230/216 482/234/215 474/233/215
f 486/237/529 499/236/530 498/236/530
f 487/237/531 500/238/532 499/236/533
f 500/238/534 489/239/535 501/238/534
f 501/238/536 486/237/537 498/236/538
f 490/241/229 495/240/229 494/240/229
f 495/240/539 492/242/540 496/243/541
f 496/243/233 493/242/233 497/243/233
f 493/242/542 494/240/543 497/243/544
f 494/240/237 483/234/237 482/234/237
f 483/234/545 496/243/546 484/235/545
f 484/235/547 497/243/547 485/235/547
f 497/243/548 482/234/549 485/235/549
f 498/236/550 491/241/550 490/241/550
f 499/236/551 492/242/552 491/241/553
f 492/242/554 501/238/554 493/242/554
f 493/242/555 498/236/556 490/241/557
f 486/237/529 503/245/558 487/237/559
f 503/245/560 488/239/561 487/237/531
f 504/247/562 489/239/535 488/239/563
f 489/239/564 502/244/565 486/237/537
f 506/248/566 503/245/567 502/244/568
f 507/249/569 504/247/570 503/245/571
f 504/247/572 509/250/573 505/246/574
f 505/246/575 506/248/576 502/244/577
f 510/253/578 507/249/579 506/248/580
f 511/252/581 508/251/582 507/249/583
f 508/251/584 513/255/585 509/250/586
f 509/250/587 510/253/588 506/248/589
f 517/257/590 515/256/286 514/256/286
f 516/257/591 518/258/592 515/256/593
f 518/258/291 521/259/594 520/258/291
f 520/258/595 517/257/596 514/256/597
f 525/261/297 523/260/297 522/260/297
f 523/260/598 527/262/599 526/263/600
f 526/263/301 529/262/301 528/263/301
f 529/262/601 522/260/602 528/263/603
f 522/260/305 531/264/305 530/264/305
f 523/260/604 532/265/605 531/264/606
f 532/265/309 528/263/309 533/265/309
f 533/265/607 522/260/608 530/264/609
f 514/256/313 524/261/313 525/261/313
f 524/261/610 518/258/611 527/262/612
f 527/262/317 520/258/317 529/262/317
f 520/258/613 525/261/614 529/262/615
f 517/257/590 534/266/616 516/257/617
f 534/266/618 519/259/619 516/257/591
f 536/268/620 521/259/594 519/259/621
f 537/269/622 517/257/596 521/259/623
f 539/270/624 534/266/625 535/267/626
f 538/271/627 536/268/628 534/266/629
f 536/268/630 541/272/631 537/269/632
f 537/269/633 539/270/634 535/267/635
f 539/270/636 542/274/637 538/271/638
f 542/274/639 540/273/640 538/271/641
f 544/276/642 541/272/643 540/273/644
f 541/272/645 543/275/646 539/270/647
f 550/278/351 552/279/351 553/278/351
f 558/281/352 561/280/352 559/281/352
f 547/282/648 551/279/214 550/278/214
f 549/283/356 551/279/355 548/283/357
f 546/282/649 552/279/213 549/283/650
f 546/282/651 550/278/360 553/278/360
f 547/282/652 554/284/363 555/284/363
f 549/283/650 554/284/653 546/282/649
f 548/283/357 556/285/365 549/283/356
f 548/283/654 555/284/655 557/285/656
f 554/284/367 559/281/367 555/284/367
f 556/285/657 558/281/658 554/284/653
f 556/285/365 561/280/370 560/280/370
f 557/285/656 559/281/659 561/280/659
f 562/286/374 565/287/374 563/286/374
f 566/288/376 565/287/376 564/287/376
f 581/290/660 579/289/660 578/291/661
f 568/292/379 563/286/379 569/292/379
f 565/287/214 569/292/214 563/286/214
f 568/292/213 564/287/213 562/286/213
f 566/288/382 571/293/381 567/288/380
f 567/288/380 572/294/386 569/292/662
f 572/294/386 568/292/663 569/292/662
f 573/294/663 566/288/382 568/292/663
f 570/293/664 575/295/665 571/293/666
f 575/295/667 572/294/668 571/293/669
f 576/297/670 573/294/671 572/294/395
f 573/294/672 574/296/673 570/293/674
f 574/296/675 579/289/676 575/295/677
f 579/289/678 576/297/679 575/295/680
f 580/299/681 577/298/682 576/297/683
f 577/298/684 578/291/685 574/296/686
f 588/301/431 582/300/431 583/302/431
f 589/303/432 583/302/432 584/304/432
f 590/305/433 584/304/434 585/306/433
f 591/307/687 585/306/435 586/308/687
f 582/309/436 591/307/688 586/308/688
f 588/301/425 592/311/425 587/377/425
f 589/303/427 593/312/427 588/301/427
f 595/314/428 589/303/428 590/305/689
f 591/307/429 595/314/429 590/305/429
f 592/316/430 591/307/430 587/310/430
f 598/317/419 592/311/419 593/312/419
f 599/318/421 593/312/421 594/313/421
f 595/314/422 599/318/422 594/313/422
f 601/320/423 595/314/423 596/315/423
f 592/316/424 601/320/424 596/315/424
f 598/317/411 582/322/411 597/378/411
f 599/318/412 583/323/412 598/317/412
f 600/319/413 584/324/690 599/318/690
f 601/320/416 585/325/415 600/319/415
f 582/327/417 601/320/418 597/321/417
f 627/329/437 603/328/437 602/330/437
f 623/332/213 607/331/213 606/333/213
f 619/335/213 611/334/213 602/330/213
f 602/337/438 620/336/438 619/338/438
f 626/340/214 614/339/214 603/328/214
f 615/341/214 617/342/214 616/372/214
f 610/344/439 604/343/439 605/345/439
f 606/347/440 624/346/440 623/348/440
f 614/350/185 628/349/185 611/351/185
f 614/353/441 618/352/441 621/354/441
f 615/356/3 608/355/3 609/357/3
f 613/359/183 622/358/183 625/360/183
f 624/361/214 613/362/214 625/379/214
f 610/364/213 609/365/213 608/370/213
f 627/329/213 611/334/213 628/380/213
f 614/339/214 620/366/214 603/328/214
f 619/335/213 607/331/213 618/381/213
f 619/338/442 612/367/442 606/347/442
f 613/362/214 620/366/214 621/368/214
f 613/359/443 618/352/443 607/369/443
f 623/332/213 608/370/213 622/382/213
f 623/348/444 617/371/444 610/344/444
f 624/361/214 616/372/214 617/342/214
f 616/373/183 622/358/183 608/355/183
f 605/345/445 626/340/445 627/329/445
f 609/365/213 627/329/213 628/380/213
f 615/356/185 628/349/185 629/374/185
f 626/340/214 615/341/214 629/383/214
f 429/375/691 229/198/486 435/198/692
f 1264/384/693 631/385/694 1263/386/695
f 636/387/696 633/388/697 634/389/698
f 634/389/699 637/390/700 636/387/701
f 638/391/702 1263/386/703 631/385/704
f 636/387/705 638/391/706 631/385/707
f 641/392/708 636/387/709 637/390/710
f 639/393/711 1261/394/712 643/395/713
f 642/396/714 640/397/715 644/398/716
f 640/397/717 645/399/718 644/398/719
f 646/400/720 648/401/721 649/402/722
f 651/403/723 646/400/720 650/404/724
f 649/402/725 652/405/726 653/406/727
f 647/407/728 654/408/729 648/401/730
f 646/400/720 656/409/731 657/410/732
f 651/403/723 655/411/733 647/407/734
f 650/404/724 657/410/732 659/412/735
f 660/413/736 662/414/737 663/415/738
f 661/416/739 665/417/740 662/414/741
f 664/418/742 667/419/743 665/417/744
f 669/420/745 666/421/746 668/422/747
f 669/420/748 670/423/748 671/424/748
f 672/425/749 674/426/750 675/427/751
f 676/428/752 672/425/752 675/427/752
f 670/423/753 668/422/753 676/428/753
f 677/429/754 679/430/755 680/431/756
f 677/429/757 680/431/757 681/432/757
f 683/389/758 1266/433/759 682/434/760
f 682/434/761 635/435/762 683/389/763
f 682/434/764 1267/436/765 688/437/766
f 682/434/767 689/438/768 686/439/769
f 691/440/770 1267/436/771 1268/441/772
f 692/442/773 688/437/774 691/440/775
f 694/443/776 696/444/777 693/445/778
f 695/446/779 698/447/780 696/444/781
f 698/447/782 699/448/783 700/449/784
f 706/450/785 704/451/786 702/452/787
f 702/452/788 705/453/789 701/454/790
f 707/455/791 706/450/791 703/456/791
f 1255/457/792 709/385/793 711/388/794
f 711/388/795 713/387/796 712/389/797
f 637/390/798 712/389/799 713/387/800
f 1256/458/801 714/391/802 709/385/803
f 713/387/804 714/391/805 716/397/806
f 713/387/807 641/392/808 637/390/809
f 1258/459/810 714/391/811 1257/460/812
f 717/396/813 716/397/814 714/391/815
f 716/397/816 645/399/817 641/392/818
f 720/400/819 722/401/820 721/407/821
f 720/400/822 651/403/823 650/404/824
f 723/402/825 724/405/826 722/401/827
f 726/408/828 721/407/821 722/401/820
f 720/400/822 728/409/829 723/402/830
f 727/411/831 651/403/823 721/407/832
f 650/404/824 729/410/833 720/400/822
f 730/413/834 732/414/835 731/416/836
f 735/417/837 731/416/838 732/414/839
f 737/419/840 734/418/841 735/417/842
f 739/420/843 736/421/844 737/419/845
f 739/420/846 671/424/846 670/423/846
f 742/426/847 740/425/848 743/427/849
f 744/428/850 743/427/850 740/425/850
f 738/422/851 744/428/851 740/425/851
f 745/430/852 677/429/853 746/431/854
f 677/429/855 681/432/855 746/431/855
f 1271/433/856 748/389/857 747/434/858
f 747/434/859 635/435/860 751/439/861
f 747/434/862 1270/436/863 1271/433/864
f 754/438/865 747/434/866 751/439/867
f 1270/436/868 756/440/869 1269/441/870
f 753/437/871 692/442/872 756/440/873
f 760/444/874 758/443/875 757/445/876
f 759/446/877 762/447/878 761/461/879
f 762/447/880 699/448/881 761/461/882
f 767/450/883 765/451/884 707/455/885
f 766/453/886 764/452/887 763/454/888
f 707/455/889 703/456/889 767/450/889
f 694/443/890 768/462/891 769/463/892
f 694/443/893 770/464/894 695/446/895
f 693/445/896 771/465/897 768/462/898
f 697/461/899 770/464/894 772/466/900
f 698/447/901 771/465/897 696/444/902
f 697/461/899 774/467/903 699/448/904
f 698/447/901 775/468/905 773/469/906
f 758/443/907 776/462/908 757/445/909
f 758/443/910 778/464/911 777/463/912
f 757/445/913 779/465/914 760/444/915
f 761/461/916 778/464/911 759/446/917
f 762/447/918 779/465/914 781/469/919
f 761/461/916 774/467/903 780/466/920
f 762/447/918 775/468/905 700/449/921
f 701/454/922 783/470/923 702/452/924
f 702/452/924 784/471/925 706/450/926
f 704/451/927 786/472/928 785/473/929
f 705/453/930 785/473/929 787/474/931
f 701/454/932 787/474/933 782/475/934
f 706/450/926 788/476/935 703/456/936
f 763/454/937 790/470/938 789/475/939
f 764/452/940 791/471/941 790/470/938
f 765/451/942 786/472/943 707/455/944
f 766/453/945 792/473/946 765/451/942
f 763/454/947 793/474/948 766/453/949
f 767/450/950 788/476/935 791/471/941
f 1261/394/951 794/477/952 643/395/953
f 642/396/954 796/478/955 795/479/956
f 644/398/957 797/480/958 796/478/959
f 719/398/960 797/480/961 645/399/962
f 717/396/963 798/478/964 719/398/965
f 717/396/966 1259/481/967 799/479/968
f 802/482/969 816/483/970 801/484/971
f 808/485/972 804/486/973 803/487/974
f 813/488/975 802/482/976 804/486/977
f 805/489/978 808/485/979 803/487/980
f 806/490/981 807/491/982 805/489/983
f 801/484/984 811/492/985 806/490/986
f 811/492/987 809/493/988 807/491/989
f 812/494/990 807/491/991 809/493/992
f 811/492/993 815/495/994 810/496/995
f 817/497/996 808/485/997 812/494/998
f 816/483/999 818/498/1000 815/495/1001
f 817/497/1002 814/499/1003 813/488/1004
f 810/496/1005 812/494/1006 809/493/1007
f 815/495/1008 817/497/1009 812/494/1006
f 801/500/1010 820/501/1011 802/502/1012
f 804/503/1013 822/504/1014 803/505/1015
f 802/502/1016 821/506/1017 804/503/1018
f 822/504/1019 805/507/1020 803/505/1021
f 823/508/1022 806/509/1023 805/507/1024
f 806/509/1025 819/510/1026 801/500/1027
f 827/511/1028 834/512/1029 826/513/1030
f 828/514/1031 833/515/1032 831/516/1033
f 830/517/1034 831/516/1035 832/518/1036
f 838/519/1037 830/517/1038 832/518/1039
f 826/513/1040 833/515/1041 829/520/1042
f 838/519/1043 827/511/1044 825/521/1045
f 835/522/1046 837/523/1047 836/524/1048
f 840/525/1049 833/515/1050 839/526/1051
f 838/519/1052 841/527/1053 837/523/1054
f 840/525/1055 832/518/1056 831/516/1057
f 835/522/1058 842/528/1059 834/512/1060
f 839/526/1061 834/512/1062 842/528/1063
f 830/529/1064 843/530/1065 847/531/1066
f 844/532/1067 827/533/1068 826/534/1069
f 846/535/1070 828/536/1071 845/537/1072
f 830/529/1073 845/537/1074 828/536/1075
f 827/533/1076 843/530/1076 825/538/1076
f 846/535/1077 826/534/1078 829/539/1079
f 837/523/1080 842/528/1081 836/524/1082
f 837/523/1083 840/525/1084 839/526/1085
f 849/482/1086 863/483/1087 861/499/1088
f 851/486/1089 855/485/1090 850/487/1091
f 849/482/1092 860/488/1093 851/486/1094
f 852/489/1095 855/485/1096 854/491/1097
f 853/490/1098 854/491/1099 858/492/1100
f 848/484/1101 858/492/1102 863/483/1103
f 856/493/1104 858/492/1105 854/491/1106
f 854/491/1107 859/494/1108 856/493/1109
f 858/492/1110 862/495/1111 863/483/1112
f 855/485/1113 864/497/1114 859/494/1115
f 863/483/1116 865/498/1117 861/499/1118
f 864/497/1119 861/499/1120 865/498/1121
f 859/494/1122 857/496/1123 856/493/1124
f 864/497/1125 862/495/1126 859/494/1122
f 848/500/1127 867/501/1128 866/510/1129
f 851/503/1130 869/504/1131 868/506/1132
f 849/502/1133 868/506/1134 867/501/1135
f 852/507/1136 869/504/1137 850/505/1138
f 853/509/1139 870/508/1140 852/507/1141
f 853/509/1142 866/510/1143 871/540/1144
f 874/511/1145 881/512/1146 882/522/1147
f 880/515/1148 875/514/1149 878/516/1150
f 878/516/1151 877/517/1152 879/518/1153
f 877/517/1154 885/519/1155 879/518/1156
f 873/513/1157 880/515/1158 881/512/1159
f 874/511/1160 885/519/1161 872/521/1162
f 882/522/1163 884/523/1164 885/519/1165
f 887/525/1166 880/515/1167 878/516/1168
f 888/527/1169 885/519/1170 884/523/1171
f 887/525/1172 879/518/1173 888/527/1174
f 889/528/1175 882/522/1176 881/512/1177
f 881/512/1178 886/526/1179 889/528/1180
f 890/530/1181 877/529/1182 894/531/1183
f 874/533/1184 891/532/1185 873/534/1186
f 893/535/1187 875/536/1188 876/539/1189
f 877/529/1190 892/537/1191 894/531/1192
f 874/533/1193 872/538/1193 890/530/1193
f 873/534/1194 893/535/1195 876/539/1196
f 884/523/1197 889/528/1198 886/526/1199
f 887/525/1200 884/523/1201 886/526/1202
f 896/541/1203 986/542/1204 990/543/1205
f 986/542/1206 897/544/1207 987/545/1208
f 987/545/1209 898/546/1210 988/547/1211
f 899/548/1212 990/543/1213 989/549/1214
f 898/546/1215 989/549/1216 988/547/1217
f 901/550/1218 981/551/1219 985/552/1220
f 981/551/1221 902/553/1222 982/554/1223
f 982/554/1224 903/555/1225 983/556/1226
f 904/557/1227 985/552/1228 984/558/1229
f 983/556/1230 904/557/1231 984/558/1232
f 901/550/1233 905/559/1234 900/560/1235
f 908/561/1236 905/559/1237 907/562/1238
f 908/561/1239 909/563/1240 910/564/1241
f 912/565/1242 910/564/1243 909/563/1244
f 900/560/1245 913/566/1246 902/553/1247
f 914/567/1248 902/553/1249 913/566/1250
f 916/568/1251 903/555/1252 914/567/1253
f 918/569/1254 904/557/1255 903/555/1256
f 919/570/1257 903/555/1258 915/571/1259
f 921/572/1260 914/567/1261 920/573/1262
f 913/566/1263 920/573/1264 914/567/1265
f 913/566/1266 910/564/1267 922/574/1268
f 910/564/1269 923/575/1270 922/574/1271
f 924/576/1272 923/575/1273 925/577/1274
f 925/577/1275 926/578/1276 924/576/1277
f 924/576/1278 920/573/1279 922/574/1280
f 924/576/1281 929/579/1282 928/580/1283
f 920/573/1284 930/581/1285 921/572/1286
f 928/580/1287 931/582/1288 930/581/1289
f 916/568/1290 933/583/1291 932/584/1292
f 930/581/1293 933/583/1294 921/572/1295
f 930/581/1296 935/585/1297 934/586/1298
f 916/568/1299 936/587/1300 915/571/1301
f 915/571/1302 937/588/1303 919/570/1304
f 936/587/1305 938/589/1306 937/588/1307
f 939/590/1308 932/584/1309 940/591/1310
f 933/583/1311 940/591/1312 932/584/1313
f 941/592/1314 934/586/1315 942/593/1316
f 934/586/1317 943/594/1318 942/593/1319
f 944/595/1320 943/594/1321 945/596/1322
f 944/595/1323 947/597/1324 946/598/1325
f 942/593/1326 948/599/1327 941/592/1328
f 944/595/1329 949/600/1330 948/599/1331
f 948/599/1332 940/591/1333 941/592/1334
f 949/600/1335 950/601/1336 948/599/1337
f 949/600/1338 952/602/1339 951/603/1340
f 939/590/1341 953/604/1342 938/589/1343
f 939/590/1344 955/605/1345 956/606/1346
f 955/605/1347 950/601/1348 957/607/1349
f 957/607/1350 951/603/1351 958/608/1352
f 954/609/1353 956/606/1354 959/610/1355
f 961/611/1356 958/608/1357 951/603/1358
f 960/612/1359 954/609/1360 959/610/1361
f 951/603/1362 962/613/1363 961/611/1364
f 961/611/1365 953/604/1365 954/609/1365
f 955/605/1366 963/614/1367 956/606/1368
f 957/607/1369 964/615/1370 955/605/1371
f 958/608/1372 965/616/1373 957/607/1374
f 963/614/1375 959/610/1376 956/606/1377
f 960/612/1378 966/617/1379 958/608/1380
f 967/618/1381 960/612/1382 959/610/1383
f 964/615/1384 969/619/1385 963/614/1386
f 965/616/1387 970/620/1388 964/615/1389
f 966/617/1390 971/621/1391 965/616/1392
f 969/619/1393 967/618/1394 963/614/1395
f 968/622/1396 972/623/1397 966/617/1398
f 973/624/1399 968/622/1400 967/618/1401
f 970/625/1402 975/626/1403 969/627/1404
f 977/628/1405 970/625/1406 971/629/1407
f 978/630/1408 971/629/1409 972/631/1410
f 969/627/1411 979/632/1412 973/633/1413
f 974/634/1414 978/630/1415 972/631/1416
f 973/633/1417 980/635/1418 974/634/1419
f 824/540/1420 975/626/1421 976/636/1422
f 819/510/1423 976/636/1424 977/628/1425
f 978/630/1426 819/510/1427 977/628/1428
f 975/626/1429 822/504/1430 979/632/1431
f 980/635/1432 820/501/1433 978/630/1434
f 822/504/1435 980/635/1436 979/632/1437
f 895/637/1438 982/554/1223 897/638/1439
f 897/638/1440 983/556/1226 898/639/1441
f 898/639/1442 984/558/1232 899/640/1443
f 984/558/1229 896/641/1444 899/640/1445
f 985/552/1220 895/637/1446 896/641/1447
f 843/530/1448 987/545/1208 847/531/1449
f 847/531/1450 988/547/1211 845/537/1451
f 846/535/1452 988/547/1217 989/549/1216
f 844/532/1453 989/549/1214 990/543/1213
f 990/543/1205 843/530/1454 844/532/1455
f 992/642/1456 946/643/1457 947/644/1458
f 991/645/1459 952/646/1460 946/643/1461
f 993/647/1462 962/648/1463 952/646/1464
f 991/645/1465 996/649/1466 995/650/1467
f 993/647/1468 995/650/1469 997/651/1470
f 997/651/1471 994/652/1472 993/647/1473
f 911/653/1474 999/654/1475 1000/655/1476
f 923/575/1477 1000/655/1478 1001/656/1479
f 925/577/1480 1001/656/1481 1002/657/1482
f 925/577/1483 1003/658/1484 927/659/1485
f 1004/660/1486 1000/655/1487 1005/661/1488
f 1006/662/1489 1001/656/1490 1004/660/1491
f 1007/663/1492 1002/657/1493 1006/662/1494
f 1005/661/1495 1000/655/1495 999/654/1495
f 1005/661/1496 1008/664/1497 1004/660/1498
f 1004/660/1499 1010/665/1500 1006/662/1501
f 1007/663/1502 1010/665/1503 1011/666/1504
f 1014/667/1505 1013/668/1506 1012/669/1507
f 1013/668/1508 1009/670/1509 1015/671/1510
f 1029/672/1511 1031/673/1512 1030/674/1513
f 1017/675/1514 1009/670/1514 999/654/1514
f 1009/670/1515 1005/661/1515 999/654/1515
f 1018/676/1516 1009/670/1516 1017/675/1516
f 1015/671/1517 1018/676/1517 1016/677/1517
f 1018/676/1518 1021/678/1519 1016/677/1520
f 1022/679/1521 1019/680/1522 1021/678/1519
f 1023/681/1523 1018/676/1524 1017/675/1525
f 1022/679/1526 1024/682/1527 1020/683/1528
f 1025/684/1529 1020/683/1530 1024/682/1531
f 1026/685/1532 1021/678/1533 1019/680/1534
f 1027/686/1535 1016/677/1536 1021/678/1537
f 1011/666/1538 1012/669/1539 1027/686/1540
f 1011/666/1541 1010/665/1541 1028/687/1541
f 1028/687/1542 1010/665/1542 1008/664/1542
f 1028/687/1543 1014/667/1543 1011/666/1543
f 1008/664/1544 1014/667/1544 1028/687/1544
f 1018/676/1545 1015/671/1545 1009/670/1545
f 1012/669/1546 1030/688/1547 1016/677/1548
f 1016/677/1549 1031/689/1550 1015/671/1551
f 1031/689/1552 1013/668/1553 1015/671/1554
f 1032/690/1555 1012/669/1556 1013/668/1557
f 1103/542/1558 1034/541/1559 1107/543/1560
f 1103/542/1561 1035/544/1562 1033/691/1563
f 1104/545/1564 1036/546/1565 1035/544/1566
f 1037/548/1567 1107/543/1568 1034/541/1569
f 1106/549/1570 1036/546/1571 1105/547/1572
f 1098/551/1573 1039/550/1574 1102/552/1575
f 1098/551/1576 1040/553/1577 1038/560/1578
f 1099/554/1579 1041/555/1580 1040/553/1581
f 1102/552/1582 1042/557/1583 1101/558/1584
f 1100/556/1585 1042/557/1586 1041/555/1587
f 1039/550/1588 905/559/1589 906/692/1590
f 1043/561/1591 905/559/1592 1038/560/1593
f 909/563/1594 1043/561/1595 1044/564/1596
f 1044/564/1597 912/565/1598 909/563/1599
f 1046/566/1600 1038/560/1601 1040/553/1602
f 1047/567/1603 1040/553/1604 1041/555/1605
f 1049/568/1606 1041/555/1607 1048/571/1608
f 1042/557/1609 918/569/1610 1041/555/1611
f 919/570/1612 1041/555/1613 918/569/1614
f 1051/572/1615 1047/567/1616 1049/568/1617
f 1046/566/1618 1050/573/1619 1052/574/1620
f 1046/566/1621 1044/564/1622 1043/561/1623
f 1053/575/1624 1044/564/1625 1052/574/1626
f 1053/575/1627 1054/576/1628 1055/577/1629
f 1055/577/1630 926/578/1631 927/659/1632
f 1054/576/1633 1050/573/1634 1056/580/1635
f 929/579/1636 1054/576/1637 1056/580/1638
f 1057/581/1639 1050/573/1640 1051/572/1641
f 931/582/1642 1056/580/1643 1057/581/1644
f 1049/568/1645 1059/583/1646 1051/572/1647
f 1057/581/1648 1059/583/1649 1060/586/1650
f 1057/581/1651 935/585/1652 931/582/1653
f 1061/587/1654 1049/568/1655 1048/571/1656
f 937/588/1657 1048/571/1658 919/570/1659
f 938/589/1660 1061/587/1661 937/588/1662
f 1058/584/1663 1062/590/1664 1063/591/1665
f 1063/591/1666 1059/583/1667 1058/584/1668
f 1064/592/1669 1060/586/1670 1059/583/1671
f 1060/586/1672 943/594/1673 935/585/1674
f 943/594/1675 1066/595/1676 945/596/1677
f 1066/595/1678 947/597/1679 945/596/1680
f 1068/599/1681 1065/593/1682 1064/592/1683
f 1069/600/1684 1066/595/1685 1068/599/1686
f 1068/599/1687 1063/591/1688 1070/601/1689
f 1069/600/1690 1070/601/1691 1071/603/1692
f 1069/600/1693 1072/602/1694 1067/598/1695
f 953/604/1696 1062/590/1697 938/589/1698
f 1074/605/1699 1062/590/1700 1075/606/1701
f 1074/605/1702 1070/601/1703 1063/591/1704
f 1071/603/1705 1076/607/1706 1077/608/1707
f 1075/606/1708 1073/609/1709 1078/610/1710
f 1077/608/1711 961/611/1712 1071/603/1713
f 1079/612/1714 1073/609/1715 961/611/1716
f 1071/603/1717 962/613/1718 1072/602/1719
f 961/611/1720 1073/609/1720 953/604/1720
f 1074/605/1721 1080/614/1722 1081/615/1723
f 1076/607/1724 1081/615/1725 1082/616/1726
f 1077/608/1727 1082/616/1728 1083/617/1729
f 1078/610/1730 1080/614/1731 1075/606/1732
f 1079/612/1733 1083/617/1734 1085/622/1735
f 1079/612/1736 1084/618/1737 1078/610/1738
f 1081/615/1739 1086/619/1740 1087/620/1741
f 1082/616/1742 1087/620/1743 1088/621/1744
f 1083/617/1745 1088/621/1746 1089/623/1747
f 1084/618/1748 1086/619/1749 1080/614/1750
f 1085/622/1751 1089/623/1752 1091/693/1753
f 1085/622/1754 1090/624/1755 1084/618/1756
f 1087/625/1757 1092/626/1758 1093/636/1759
f 1087/625/1760 1094/628/1761 1088/629/1762
f 1088/629/1763 1095/630/1764 1089/631/1765
f 1086/627/1766 1096/632/1767 1092/626/1768
f 1091/634/1769 1095/630/1770 1097/635/1771
f 1090/633/1772 1097/635/1773 1096/632/1774
f 1092/626/1775 871/540/1776 1093/636/1777
f 1093/636/1778 866/510/1779 1094/628/1780
f 1095/630/1781 866/510/1782 867/501/1783
f 1092/626/1784 869/504/1785 870/508/1786
f 1097/635/1787 867/501/1788 868/506/1789
f 1097/635/1790 869/504/1791 1096/632/1792
f 1033/637/1793 1099/554/1794 1098/551/1576
f 1035/638/1795 1100/556/1796 1099/554/1579
f 1036/639/1797 1101/558/1798 1100/556/1585
f 1034/641/1799 1101/558/1584 1037/640/1800
f 1033/637/1801 1102/552/1575 1034/641/1802
f 1104/545/1803 890/530/1804 894/531/1805
f 1105/547/1806 894/531/1807 892/537/1808
f 1105/547/1572 893/535/1809 1106/549/1570
f 1106/549/1810 891/532/1811 1107/543/1568
f 890/530/1812 1107/543/1560 891/532/1813
f 992/642/1814 1067/643/1815 1108/645/1816
f 1072/646/1817 1108/645/1818 1067/643/1819
f 962/648/1820 1109/647/1821 1072/646/1822
f 1108/645/1823 996/649/1824 992/642/1825
f 1109/647/1826 1110/650/1827 1108/645/1828
f 994/652/1829 1111/651/1830 1109/647/1831
f 999/654/1832 1045/653/1833 1112/655/1834
f 1053/575/1835 1112/655/1836 1045/653/1837
f 1055/577/1838 1113/656/1839 1053/575/1840
f 1003/658/1841 1055/577/1842 927/659/1843
f 1112/655/1844 1115/660/1845 1116/661/1846
f 1113/656/1847 1117/662/1848 1115/660/1849
f 1114/657/1850 1007/663/1851 1117/662/1852
f 1116/661/1853 999/654/1853 1112/655/1853
f 1116/661/1854 1118/664/1855 1119/670/1856
f 1115/660/1857 1120/665/1858 1118/664/1859
f 1120/665/1860 1007/663/1861 1011/666/1862
f 1123/667/1863 1122/668/1864 1118/664/1865
f 1122/668/1866 1119/670/1867 1118/664/1868
f 1132/672/1869 1134/673/1870 1135/694/1871
f 1017/675/1872 999/654/1872 1119/670/1872
f 1119/670/1873 999/654/1873 1116/661/1873
f 1126/676/1874 1017/675/1874 1119/670/1874
f 1124/671/1875 1125/677/1875 1126/676/1875
f 1129/678/1876 1126/676/1877 1125/677/1878
f 1130/679/1879 1127/680/1880 1128/683/1881
f 1023/681/1882 1126/676/1883 1130/679/1884
f 1130/679/1885 1024/682/1886 1023/681/1887
f 1025/684/1888 1128/683/1889 1127/680/1890
f 1127/680/1891 1019/680/1891 1025/684/1892
f 1026/685/1893 1129/678/1894 1027/686/1895
f 1125/677/1896 1027/686/1897 1129/678/1898
f 1011/666/1538 1121/669/1899 1123/667/1900
f 1011/666/1901 1131/687/1901 1120/665/1901
f 1131/687/1902 1118/664/1902 1120/665/1902
f 1131/687/1903 1011/666/1903 1123/667/1903
f 1118/664/1904 1131/687/1904 1123/667/1904
f 1126/676/1905 1119/670/1905 1124/671/1905
f 1121/669/1906 1133/688/1907 1132/695/1908
f 1125/677/1909 1134/689/1910 1133/688/1911
f 1122/668/1912 1134/689/1913 1124/671/1914
f 1121/669/1915 1135/690/1916 1122/668/1917
f 901/550/1918 917/696/1919 906/692/1920
f 1039/550/1921 917/696/1922 1042/557/1923
f 995/650/1924 1137/697/1925 1136/698/1926
f 997/651/1927 1136/698/1928 1138/699/1929
f 998/700/1930 1138/699/1931 1139/701/1932
f 1110/650/1933 1137/697/1934 996/649/1935
f 1111/651/1936 1140/698/1937 1110/650/1938
f 998/700/1939 1141/699/1940 1111/651/1941
f 1136/698/1942 1137/697/1942 1143/702/1942
f 1136/698/1943 1142/703/1944 1138/699/1945
f 1139/701/1946 1138/699/1946 1142/703/1946
f 1137/697/1947 1140/698/1947 1143/702/1947
f 1140/698/1948 1142/703/1949 1143/702/1950
f 1141/699/1951 1139/701/1951 1142/703/1951
f 1144/704/1952 1145/705/1952 1146/706/1952
f 1147/707/1953 1148/708/1953 1149/709/1953
f 1150/710/1954 1151/711/1954 1152/712/1954
f 1151/711/1955 1153/713/1955 1154/714/1955
f 1155/715/1956 1151/711/1956 1150/710/1956
f 1153/713/1957 1156/716/1957 1154/714/1957
f 1154/714/1958 1156/716/1958 1157/717/1958
f 1155/715/1959 1158/718/1959 1159/719/1959
f 1154/714/1960 1157/717/1960 1149/709/1960
f 1155/715/1961 1159/719/1961 1151/711/1961
f 1158/718/1962 1160/720/1962 1161/721/1962
f 1162/722/1963 1163/723/1963 1157/717/1963
f 1162/722/1964 1157/717/1964 1156/716/1964
f 1162/722/1965 1149/709/1965 1157/717/1965
f 1159/719/1966 1158/718/1966 1164/724/1966
f 1165/725/1967 1158/718/1967 1151/711/1967
f 1165/725/1968 1151/711/1968 1159/719/1968
f 1166/726/1969 1167/727/1969 1147/707/1969
f 1156/716/1970 1168/728/1970 1162/722/1970
f 1169/729/1971 1149/709/1971 1162/722/1971
f 1169/729/1972 1162/722/1972 1168/728/1972
f 1168/728/1973 1162/722/1973 1163/723/1973
f 1164/724/1974 1165/725/1974 1159/719/1974
f 1170/730/1975 1171/731/1975 1172/732/1975
f 1173/733/1976 1156/716/1976 1153/713/1976
f 1169/729/1977 1168/728/1977 1156/716/1977
f 1174/734/1978 1173/733/1978 1153/713/1978
f 1175/735/1979 1167/727/1979 1166/726/1979
f 1176/736/1980 1175/735/1981 1156/716/1982
f 1177/737/1983 1175/735/1981 1176/736/1980
f 1176/736/1984 1178/738/1984 1177/737/1984
f 1179/739/1985 1175/735/1985 1177/737/1985
f 1178/738/1986 1180/740/1986 1177/737/1986
f 1179/739/1987 1177/737/1987 1181/741/1987
f 1181/741/1988 1182/742/1988 1180/740/1988
f 1181/741/1989 1180/740/1989 1178/738/1989
f 1181/741/1990 1177/737/1990 1180/740/1990
f 1178/738/1991 1183/743/1991 1181/741/1991
f 1179/739/1992 1181/741/1992 1183/743/1992
f 1183/743/1993 1181/741/1993 1182/742/1993
f 1184/744/1994 1185/745/1994 1186/746/1994
f 1183/743/1995 1178/738/1995 1179/739/1995
f 1185/745/1996 1187/747/1996 1188/748/1996
f 1189/749/1997 1179/739/1997 1178/738/1997
f 1190/750/1998 1191/751/1998 1187/747/1998
f 1192/752/1999 1189/749/1999 1178/738/1999
f 1193/753/2000 1194/754/2000 1195/755/2000
f 1196/756/2001 1193/753/2001 1195/755/2001
f 1192/752/2002 1191/751/2002 1189/749/2002
f 1197/757/2003 1198/758/2003 1199/759/2003
f 1200/760/2004 1201/761/2004 1202/762/2004
f 1200/760/2005 1195/755/2005 1203/763/2005
f 1201/761/2006 1200/760/2006 1203/763/2006
f 1201/761/2007 1204/764/2007 1203/763/2007
f 1201/761/2008 1203/763/2008 1202/762/2008
f 1191/751/2009 1205/765/2009 1189/749/2009
f 1195/755/2010 1202/762/2010 1203/763/2010
f 1206/766/2011 1207/767/2011 1208/768/2011
f 1209/769/2012 1210/770/2012 1211/771/2012
f 1210/770/2013 1212/772/2013 1213/773/2013
f 1211/771/2014 1213/773/2014 1209/769/2014
f 1209/769/2015 1214/774/2015 1212/772/2015
f 1209/769/2016 1212/772/2016 1210/770/2016
f 1212/772/2017 1209/769/2017 1213/773/2017
f 1198/758/2018 1179/739/2018 1199/759/2018
f 1215/775/2019 1216/776/2019 1217/777/2019
f 1218/778/2020 1194/754/2020 1219/779/2020
f 1220/780/2021 1221/781/2021 1218/778/2021
f 1170/730/2022 1172/732/2022 1222/782/2022
f 1223/783/2023 1224/784/2023 1225/785/2023
f 1226/786/2024 1184/744/2024 1186/746/2024
f 1184/744/2025 1193/753/2025 1185/745/2025
f 1184/744/2026 1226/786/2026 1227/787/2026
f 1171/731/2027 1227/787/2027 1172/732/2027
f 1145/705/2028 1155/715/2028 1228/788/2028
f 1229/789/2029 1171/731/2029 1170/730/2029
f 1153/713/2030 1165/725/2030 1230/790/2030
f 1230/790/2031 1165/725/2031 1164/724/2031
f 1231/791/2032 1174/734/2032 1153/713/2032
f 1225/785/2033 1232/792/2033 1223/783/2033
f 1233/793/2034 1219/779/2034 1234/794/2034
f 1216/776/2035 1235/795/2035 1217/777/2035
f 1236/796/2036 1237/797/2036 1188/748/2036
f 1226/786/2037 1186/746/2037 1237/797/2037
f 1238/798/2038 1208/768/2038 1207/767/2038
f 1205/765/2039 1197/757/2039 1199/759/2039
f 1232/792/2040 1225/785/2040 1174/734/2040
f 1239/799/2041 1236/796/2041 1174/734/2041
f 1211/771/2042 1221/781/2042 1208/768/2042
f 1208/768/2043 1238/798/2043 1211/771/2043
f 1240/800/2044 1207/767/2044 1205/765/2044
f 1191/751/2045 1240/800/2045 1205/765/2045
f 1161/721/2046 1160/720/2046 1170/730/2046
f 1160/720/2047 1229/789/2047 1170/730/2047
f 1227/787/2048 1217/777/2048 1234/794/2048
f 1217/777/2049 1235/795/2049 1234/794/2049
f 1236/796/2050 1173/733/2050 1174/734/2050
f 1192/752/2051 1178/738/2051 1176/736/2051
f 1146/706/2052 1150/710/2052 1241/801/2052
f 1228/788/2053 1155/715/2053 1150/710/2053
f 1242/802/2054 1221/781/2054 1211/771/2054
f 1243/803/2055 1244/804/2055 1240/800/2055
f 1151/711/2056 1154/714/2056 1152/712/2056
f 1154/714/2057 1149/709/2057 1144/704/2057
f 1223/783/2058 1232/792/2058 1161/721/2058
f 1170/730/2059 1223/783/2059 1161/721/2059
f 1213/773/2060 1240/800/2060 1244/804/2060
f 1240/800/2061 1238/798/2061 1207/767/2061
f 1235/795/2062 1216/776/2062 1179/739/2062
f 1179/739/2063 1167/727/2063 1175/735/2063
f 1211/771/2064 1238/798/2064 1213/773/2064
f 1213/773/2065 1238/798/2065 1240/800/2065
f 1158/718/2066 1165/725/2066 1153/713/2066
f 1158/718/2067 1153/713/2067 1151/711/2067
f 1172/732/2068 1224/784/2068 1222/782/2068
f 1226/786/2069 1172/732/2069 1227/787/2069
f 1191/751/2070 1243/803/2070 1240/800/2070
f 1190/750/2071 1202/762/2071 1191/751/2071
f 1148/708/2072 1147/707/2072 1229/789/2072
f 1147/707/2073 1167/727/2073 1215/775/2073
f 1231/791/2074 1232/792/2074 1174/734/2074
f 1161/721/2075 1232/792/2075 1245/805/2075
f 1200/760/2076 1202/762/2076 1190/750/2076
f 1193/753/2077 1196/756/2077 1185/745/2077
f 1235/795/2078 1179/739/2078 1198/758/2078
f 1234/794/2079 1235/795/2079 1233/793/2079
f 1221/781/2080 1202/762/2080 1195/755/2080
f 1243/803/2081 1221/781/2081 1242/802/2081
f 1164/724/2082 1161/721/2082 1245/805/2082
f 1161/721/2083 1164/724/2083 1158/718/2083
f 1219/779/2084 1194/754/2084 1234/794/2084
f 1234/794/2085 1194/754/2085 1227/787/2085
f 1222/782/2086 1224/784/2086 1223/783/2086
f 1223/783/2087 1170/730/2087 1222/782/2087
f 1166/726/2088 1169/729/2088 1175/735/2088
f 1175/735/2089 1169/729/2089 1156/716/2089
f 1145/705/2090 1229/789/2090 1160/720/2090
f 1148/708/2091 1229/789/2091 1145/705/2091
f 1243/803/2092 1191/751/2092 1202/762/2092
f 1221/781/2093 1243/803/2093 1202/762/2093
f 1225/785/2094 1239/799/2094 1174/734/2094
f 1237/797/2095 1225/785/2096 1224/784/2097
f 1216/776/2098 1167/727/2098 1179/739/2098
f 1215/775/2099 1167/727/2099 1216/776/2099
f 1206/766/2100 1208/768/2100 1220/780/2100
f 1221/781/2101 1220/780/2101 1208/768/2101
f 1191/751/2102 1192/752/2102 1187/747/2102
f 1173/733/2103 1187/747/2103 1192/752/2103
f 1195/755/2104 1194/754/2104 1218/778/2104
f 1218/778/2105 1221/781/2105 1195/755/2105
f 1155/715/2106 1145/705/2106 1160/720/2106
f 1158/718/2107 1155/715/2107 1160/720/2107
f 1186/746/2108 1185/745/2108 1188/748/2108
f 1237/797/2109 1186/746/2109 1188/748/2109
f 1166/726/2110 1149/709/2110 1169/729/2110
f 1166/726/2111 1147/707/2111 1149/709/2111
f 1199/759/2112 1179/739/2112 1189/749/2112
f 1199/759/2113 1189/749/2113 1205/765/2113
f 1193/753/2114 1227/787/2114 1194/754/2114
f 1184/744/2115 1227/787/2115 1193/753/2115
f 1231/791/2116 1245/805/2116 1232/792/2116
f 1164/724/2117 1245/805/2117 1231/791/2117
f 1149/709/2118 1148/708/2118 1144/704/2118
f 1144/704/2119 1148/708/2119 1145/705/2119
f 1242/802/2120 1211/771/2120 1210/770/2120
f 1243/803/2121 1242/802/2121 1244/804/2121
f 1206/766/2122 1235/795/2122 1198/758/2122
f 1198/758/2123 1197/757/2123 1206/766/2123
f 1187/747/2124 1173/733/2124 1236/796/2124
f 1187/747/2125 1236/796/2125 1188/748/2125
f 1147/707/2126 1215/775/2126 1229/789/2126
f 1229/789/2127 1215/775/2127 1171/731/2127
f 1196/756/2128 1195/755/2128 1246/806/2128
f 1196/756/2129 1246/806/2129 1185/745/2129
f 1217/777/2130 1227/787/2130 1171/731/2130
f 1215/775/2131 1217/777/2131 1171/731/2131
f 1246/806/2132 1190/750/2132 1185/745/2132
f 1185/745/2133 1190/750/2133 1187/747/2133
f 1237/797/2134 1236/796/2134 1239/799/2134
f 1225/785/2135 1237/797/2135 1239/799/2135
f 1207/767/2136 1197/757/2136 1205/765/2136
f 1207/767/2137 1206/766/2137 1197/757/2137
f 1173/733/2138 1176/736/2138 1156/716/2138
f 1192/752/2139 1176/736/2139 1173/733/2139
f 1146/706/2140 1228/788/2140 1150/710/2140
f 1146/706/2141 1145/705/2141 1228/788/2141
f 1242/802/2142 1210/770/2142 1244/804/2142
f 1210/770/2143 1213/773/2143 1244/804/2143
f 1220/780/2144 1219/779/2144 1233/793/2144
f 1218/778/2145 1219/779/2145 1220/780/2145
f 1231/791/2146 1153/713/2146 1230/790/2146
f 1230/790/2147 1164/724/2147 1231/791/2147
f 1195/755/2148 1200/760/2148 1246/806/2148
f 1246/806/2149 1200/760/2149 1190/750/2149
f 1172/732/2150 1226/786/2150 1224/784/2150
f 1224/784/2097 1226/786/2151 1237/797/2095
f 1150/710/2152 1152/712/2152 1241/801/2152
f 1144/704/2153 1146/706/2153 1241/801/2153
f 1235/795/2154 1206/766/2154 1233/793/2154
f 1206/766/2155 1220/780/2155 1233/793/2155
f 1152/712/2156 1154/714/2156 1144/704/2156
f 1144/704/2157 1241/801/2157 1152/712/2157
f 339/277/2158 1247/275/2159 1248/277/2160
f 337/275/2161 1250/274/2162 1247/275/2163
f 338/276/2164 1250/274/2165 336/274/2166
f 339/277/2167 1249/276/2168 338/276/2169
f 307/255/2170 1251/253/2171 1252/255/2172
f 307/255/2173 1253/254/2174 306/254/2175
f 304/253/2176 1254/252/2177 1251/253/2178
f 306/254/2179 1254/252/2180 305/252/2181
f 1248/277/2182 543/275/2183 545/277/2184
f 1249/276/2185 545/277/2186 544/276/2187
f 1249/276/2188 542/274/2189 1250/274/2190
f 1250/274/2191 543/275/2192 1247/275/2193
f 1251/253/2194 513/255/2195 1252/255/2196
f 1253/254/2197 513/255/2198 512/254/2199
f 1254/252/2200 512/254/2201 511/252/2202
f 1254/252/2203 510/253/2204 1251/253/2205
f 710/807/2206 1256/808/2207 1255/809/792
f 1257/810/2208 708/811/2209 715/393/2210
f 715/393/2211 1258/394/810 1257/810/812
f 1258/394/2212 800/477/2213 1259/812/967
f 638/391/2214 1261/459/712 1260/460/2215
f 1262/481/2216 642/396/2217 795/479/2218
f 1260/810/2219 630/813/2220 1263/814/703
f 632/815/2221 1263/814/695 630/813/2222
f 1265/816/2223 685/817/2224 1266/818/759
f 1266/818/2225 687/819/2226 1267/820/765
f 1268/821/772 687/819/2227 690/822/2228
f 752/819/2229 1269/821/870 755/822/2230
f 1271/818/864 752/819/2231 750/817/2232
f 1272/816/2233 750/817/2234 749/823/2235
f 676/428/2236 668/422/2236 672/425/2236
f 670/423/2237 744/428/2237 738/422/2237
f 669/420/2238 668/422/2238 670/423/2238
f 739/420/2239 670/423/2239 738/422/2239
f 217/179/125 218/182/128 219/180/126
f 218/182/128 220/187/4725 221/183/129
f 218/182/131 217/179/4726 225/185/132
f 221/183/135 220/187/4727 226/188/136
f 222/184/138 221/183/4728 227/189/139
f 225/185/141 231/192/4729 230/191/142
f 224/186/144 230/191/4730 226/188/145
f 231/192/147 233/197/4731 232/193/148
f 226/188/150 230/191/4732 232/193/151
f 231/192/157 225/185/157 431/185/157
f 231/192/158 437/192/158 439/197/158
f 443/196/159 237/196/160 233/197/160
f 229/198/163 235/201/4733 240/199/164
f 235/201/166 441/201/166 446/199/166
f 216/181/168 222/184/4734 242/203/169
f 228/190/171 236/195/4735 238/204/172
f 241/205/174 235/201/4736 243/206/175
f 228/190/177 243/206/4737 242/203/178
f 243/206/180 235/201/4738 223/202/181
f 245/207/183 247/210/183 246/208/183
f 247/210/184 249/376/184 248/211/184
f 248/211/185 249/376/185 251/212/185
f 265/214/186 266/229/186 267/215/186
f 251/212/187 249/376/188 247/210/188
f 244/209/189 246/208/190 248/211/190
f 251/212/185 253/218/185 252/217/185
f 245/207/187 254/220/191 253/218/191
f 245/207/183 244/209/183 255/219/183
f 250/213/189 252/217/192 255/219/192
f 252/217/185 253/218/185 257/221/193
f 254/220/195 258/223/202 257/221/196
f 255/219/183 259/224/204 258/223/197
f 252/217/198 256/222/4739 259/224/199
f 256/222/194 257/221/193 261/225/200
f 258/223/202 262/227/203 261/225/203
f 259/224/204 263/228/4740 262/227/205
f 259/224/199 256/222/4739 260/226/206
f 260/226/185 261/225/185 265/214/185
f 262/227/207 266/229/207 265/214/207
f 263/228/183 267/215/183 266/229/183
f 260/226/208 264/216/208 267/215/208
f 271/230/209 273/231/210 272/231/210
f 273/231/211 275/232/211 274/232/211
f 275/232/212 269/233/212 268/233/212
f 269/233/213 275/232/213 273/231/213
f 268/233/214 270/230/214 272/231/214
f 269/233/215 277/234/215 276/234/216
f 271/230/216 278/235/216 277/234/215
f 270/230/215 279/235/215 278/235/216
f 270/230/215 268/233/216 276/234/216
f 293/236/217 281/237/254 280/237/218
f 294/238/220 282/239/256 281/237/221
f 294/238/223 295/238/4741 283/239/224
f 295/238/226 292/236/4742 280/237/227
f 289/240/229 285/241/229 284/241/229
f 289/240/230 290/243/4743 286/242/231
f 290/243/233 291/243/233 287/242/233
f 288/240/234 284/241/4744 287/242/235
f 277/234/237 289/240/237 288/240/237
f 277/234/238 278/235/238 290/243/239
f 278/235/240 279/235/547 291/243/240
f 276/234/241 288/240/242 291/243/242
f 285/241/243 293/236/4745 292/236/244
f 286/242/245 294/238/4746 293/236/246
f 286/242/248 287/242/248 295/238/249
f 287/242/251 284/241/4747 292/236/252
f 281/237/254 297/245/4748 296/244/255
f 282/239/256 298/247/4749 297/245/257
f 282/239/225 283/239/224 299/246/258
f 283/239/228 280/237/227 296/244/260
f 297/245/262 301/249/4750 300/248/263
f 298/247/265 302/251/4751 301/249/266
f 298/247/268 299/246/4752 303/250/269
f 299/246/271 296/244/4753 300/248/272
f 300/248/274 301/249/4754 305/252/275
f 302/251/277 306/254/4755 305/252/278
f 303/250/280 307/255/4756 306/254/281
f 303/250/283 300/248/4757 304/253/284
f 309/256/286 310/257/4758 311/257/287
f 312/258/288 313/259/323 310/257/289
f 312/258/291 314/258/291 315/259/292
f 314/258/294 308/256/4759 311/257/295
f 317/260/297 318/261/297 319/261/297
f 317/260/298 320/263/4760 321/262/299
f 320/263/301 322/263/301 323/262/301
f 316/260/302 319/261/4761 323/262/303
f 325/264/305 317/260/305 316/260/305
f 326/265/306 320/263/4762 317/260/307
f 326/265/309 327/265/309 322/263/309
f 327/265/310 324/264/4763 316/260/311
f 318/261/313 309/256/313 308/256/313
f 318/261/314 321/262/4764 312/258/315
f 321/262/317 323/262/317 314/258/317
f 319/261/318 308/256/4765 314/258/319
f 311/257/287 310/257/4758 328/266/321
f 313/259/323 330/268/4766 328/266/324
f 315/259/292 331/269/4767 330/268/325
f 311/257/295 329/267/4768 331/269/326
f 328/266/327 332/271/4769 333/270/328
f 330/268/330 334/273/4770 332/271/331
f 330/268/333 331/269/4771 335/272/334
f 331/269/336 329/267/4772 333/270/337
f 333/270/339 332/271/4773 336/274/340
f 334/273/342 338/276/4774 336/274/343
f 335/272/345 339/277/4775 338/276/346
f 335/272/348 333/270/4776 337/275/349
f 344/278/351 347/278/351 346/279/351
f 355/280/352 354/280/352 352/281/352
f 341/282/353 344/278/213 345/279/213
f 345/279/355 346/279/355 343/283/356
f 346/279/214 347/278/214 340/282/358
f 347/278/360 344/278/360 341/282/361
f 341/282/361 349/284/363 348/284/363
f 348/284/364 350/285/369 343/283/359
f 350/285/365 351/285/371 342/283/357
f 342/283/354 351/285/372 349/284/366
f 353/281/367 352/281/367 348/284/367
f 352/281/368 354/280/368 350/285/369
f 350/285/365 354/280/370 355/280/370
f 351/285/372 355/280/373 353/281/373
f 356/286/374 357/286/374 359/287/374
f 359/287/375 361/288/375 360/288/375
f 373/289/377 374/299/4777 375/290/377
f 363/292/379 357/286/379 356/286/379
f 363/292/213 361/288/213 359/287/213
f 362/292/214 356/286/214 358/287/214
f 360/288/380 361/288/382 365/293/381
f 361/288/382 363/292/385 366/294/383
f 362/292/384 367/294/386 366/294/383
f 360/288/380 364/293/381 367/294/386
f 364/293/387 365/293/666 369/295/388
f 366/294/390 370/297/4778 369/295/391
f 367/294/393 371/298/4779 370/297/394
f 367/294/396 364/293/4780 368/296/397
f 368/296/399 369/295/4781 373/289/400
f 370/297/402 374/299/4782 373/289/403
f 371/298/405 375/290/4783 374/299/406
f 371/298/408 368/296/4784 372/291/409
f 376/300/411 381/377/411 382/301/411
f 377/302/412 382/301/412 383/303/412
f 378/304/413 383/303/690 384/305/413
f 379/306/415 384/305/415 385/307/416
f 376/309/417 380/308/418 385/307/418
f 382/301/419 381/377/419 386/311/419
f 383/303/421 382/301/421 387/312/421
f 384/305/422 383/303/4785 388/313/422
f 385/307/423 384/305/423 389/314/423
f 385/307/424 390/315/424 386/316/424
f 386/311/425 391/378/425 392/317/425
f 387/312/427 392/317/427 393/318/427
f 388/313/428 393/318/428 394/319/428
f 389/314/429 394/319/429 395/320/429
f 386/316/430 390/315/430 395/320/430
f 392/317/431 391/378/431 376/322/431
f 393/318/432 392/317/432 377/323/432
f 394/319/433 393/318/434 378/324/434
f 395/320/435 394/319/435 379/325/435
f 395/320/436 380/326/436 376/327/436
f 397/328/437 420/340/437 421/329/437
f 401/331/214 416/382/214 417/332/214
f 405/334/214 412/381/214 413/335/214
f 414/336/438 397/2750/438 396/337/438
f 408/339/213 423/383/213 420/340/213
f 409/341/213 410/372/213 411/342/213
f 398/343/439 411/371/439 404/344/439
f 418/346/440 406/367/440 400/347/440
f 422/349/185 423/374/185 408/350/185
f 412/352/441 405/2751/441 408/353/441
f 402/355/3 410/373/3 409/356/3
f 416/358/183 401/369/183 407/359/183
f 418/361/213 419/379/213 407/362/213
f 404/364/214 402/370/214 403/365/214
f 421/329/214 422/380/214 405/334/214
f 414/366/213 415/368/213 408/339/213
f 413/335/214 412/381/214 401/331/214
f 406/367/442 414/336/442 413/338/442
f 414/366/213 406/363/213 407/362/213
f 412/352/443 415/354/443 407/359/443
f 417/332/214 416/382/214 402/370/214
f 411/371/444 418/346/444 417/348/444
f 410/372/213 419/379/213 418/361/213
f 416/358/183 419/360/183 410/373/183
f 420/340/445 398/343/445 399/345/445
f 403/365/214 422/380/214 421/329/214
f 422/349/185 403/357/185 409/356/185
f 420/340/213 423/383/213 409/341/213
f 425/180/446 424/182/450 217/179/447
f 427/183/449 426/187/4786 424/182/450
f 424/182/452 430/186/456 431/185/453
f 427/183/457 433/189/4787 432/188/458
f 428/184/460 434/190/4788 433/189/461
f 436/191/463 437/192/4789 431/185/464
f 432/188/466 436/191/4790 430/186/467
f 438/193/469 439/197/4791 437/192/470
f 432/188/472 440/194/476 438/193/473
f 446/199/480 445/200/480 239/200/480
f 435/198/482 445/200/4792 446/199/483
f 445/200/485 435/198/692 229/198/486
f 444/204/487 447/205/487 241/205/487
f 448/203/489 428/184/4793 216/181/490
f 434/190/492 447/205/4794 444/204/493
f 241/205/495 447/205/495 441/201/495
f 449/206/496 441/201/4795 447/205/497
f 434/190/499 428/184/4796 448/203/500
f 449/206/502 448/203/4797 429/375/503
f 452/208/183 453/210/183 451/207/183
f 454/211/505 455/376/505 453/210/505
f 454/211/185 456/213/185 457/212/185
f 470/216/506 473/215/506 472/229/506
f 453/210/507 455/376/507 457/212/508
f 456/213/509 454/211/510 452/208/510
f 458/217/185 459/218/185 457/212/185
f 457/212/508 459/218/511 460/220/511
f 451/207/183 460/220/183 461/219/183
f 461/219/512 458/217/512 456/213/509
f 458/217/185 462/222/519 463/221/513
f 459/218/514 463/221/522 464/223/515
f 464/223/516 465/224/524 461/219/183
f 465/224/517 462/222/526 458/217/518
f 462/222/519 466/226/4798 467/225/520
f 467/225/521 468/227/521 464/223/515
f 468/227/523 469/228/4799 465/224/524
f 465/224/517 469/228/525 466/226/525
f 466/226/185 470/216/185 471/214/185
f 467/225/527 471/214/527 472/229/527
f 472/229/183 473/215/183 469/228/183
f 469/228/528 473/215/528 470/216/528
f 478/231/210 479/231/210 477/230/209
f 478/231/211 480/232/211 481/232/211
f 480/232/212 474/233/212 475/233/212
f 475/233/214 477/230/214 479/231/214
f 478/231/213 476/230/213 474/233/213
f 474/233/215 482/234/215 483/234/216
f 483/234/216 484/235/215 477/230/215
f 484/235/215 485/235/216 476/230/216
f 476/230/216 485/235/216 482/234/215
f 486/237/529 487/237/559 499/236/530
f 487/237/531 488/239/561 500/238/532
f 500/238/534 488/239/563 489/239/535
f 501/238/536 489/239/564 486/237/537
f 490/241/229 491/241/229 495/240/229
f 495/240/539 491/241/4800 492/242/540
f 496/243/233 492/242/233 493/242/233
f 493/242/542 490/241/4801 494/240/543
f 494/240/237 495/240/237 483/234/237
f 483/234/545 495/240/546 496/243/546
f 484/235/547 496/243/547 497/243/547
f 497/243/548 494/240/548 482/234/549
f 498/236/550 499/236/550 491/241/550
f 499/236/551 500/238/4802 492/242/552
f 492/242/554 500/238/554 501/238/554
f 493/242/555 501/238/4803 498/236/556
f 486/237/529 502/244/4804 503/245/558
f 503/245/560 504/247/4805 488/239/561
f 504/247/562 505/246/4806 489/239/535
f 489/239/564 505/246/4807 502/244/565
f 506/248/566 507/249/4808 503/245/567
f 507/249/569 508/251/4809 504/247/570
f 504/247/572 508/251/4810 509/250/573
f 505/246/575 509/250/4811 506/248/576
f 510/253/578 511/252/4812 507/249/579
f 511/252/581 512/254/4813 508/251/582
f 508/251/584 512/254/4814 513/255/585
f 509/250/587 513/255/4815 510/253/588
f 517/257/590 516/257/617 515/256/286
f 516/257/591 519/259/619 518/258/592
f 518/258/291 519/259/621 521/259/594
f 520/258/595 521/259/623 517/257/596
f 525/261/297 524/261/297 523/260/297
f 523/260/598 524/261/4816 527/262/599
f 526/263/301 527/262/301 529/262/301
f 529/262/601 525/261/4817 522/260/602
f 522/260/305 523/260/305 531/264/305
f 523/260/604 526/263/4818 532/265/605
f 532/265/309 526/263/309 528/263/309
f 533/265/607 528/263/4819 522/260/608
f 514/256/313 515/256/313 524/261/313
f 524/261/610 515/256/4820 518/258/611
f 527/262/317 518/258/317 520/258/317
f 520/258/613 514/256/4821 525/261/614
f 517/257/590 535/267/4822 534/266/616
f 534/266/618 536/268/4823 519/259/619
f 536/268/620 537/269/4824 521/259/594
f 537/269/622 535/267/4825 517/257/596
f 539/270/624 538/271/4826 534/266/625
f 538/271/627 540/273/4827 536/268/628
f 536/268/630 540/273/4828 541/272/631
f 537/269/633 541/272/4829 539/270/634
f 539/270/636 543/275/4830 542/274/637
f 542/274/639 544/276/4831 540/273/640
f 544/276/642 545/277/4832 541/272/643
f 541/272/645 545/277/4833 543/275/646
f 550/278/351 551/279/351 552/279/351
f 558/281/352 560/280/352 561/280/352
f 547/282/648 548/283/654 551/279/214
f 549/283/356 552/279/355 551/279/355
f 546/282/649 553/278/213 552/279/213
f 546/282/651 547/282/652 550/278/360
f 547/282/652 546/282/651 554/284/363
f 549/283/650 556/285/657 554/284/653
f 548/283/357 557/285/371 556/285/365
f 548/283/654 547/282/648 555/284/655
f 554/284/367 558/281/367 559/281/367
f 556/285/657 560/280/658 558/281/658
f 556/285/365 557/285/371 561/280/370
f 557/285/656 555/284/655 559/281/659
f 562/286/374 564/287/374 565/287/374
f 566/288/376 567/288/376 565/287/376
f 581/290/660 580/299/4834 579/289/660
f 568/292/379 562/286/379 563/286/379
f 565/287/214 567/288/214 569/292/214
f 568/292/213 566/288/213 564/287/213
f 566/288/382 570/293/381 571/293/381
f 567/288/380 571/293/381 572/294/386
f 572/294/386 573/294/663 568/292/663
f 573/294/663 570/293/381 566/288/382
f 570/293/664 574/296/4835 575/295/665
f 575/295/667 576/297/4836 572/294/668
f 576/297/670 577/298/4837 573/294/671
f 573/294/672 577/298/4838 574/296/673
f 574/296/675 578/291/4839 579/289/676
f 579/289/678 580/299/4840 576/297/679
f 580/299/681 581/290/4841 577/298/682
f 577/298/684 581/290/4842 578/291/685
f 588/301/431 587/377/431 582/300/431
f 589/303/432 588/301/432 583/302/432
f 590/305/433 589/303/434 584/304/434
f 591/307/687 590/305/435 585/306/435
f 582/309/436 587/310/436 591/307/688
f 588/301/425 593/312/425 592/311/425
f 589/303/427 594/313/427 593/312/427
f 595/314/428 594/313/428 589/303/428
f 591/307/429 596/315/429 595/314/429
f 592/316/430 596/315/430 591/307/430
f 598/317/419 597/378/419 592/311/419
f 599/318/421 598/317/421 593/312/421
f 595/314/422 600/319/4843 599/318/422
f 601/320/423 600/319/423 595/314/423
f 592/316/424 597/321/424 601/320/424
f 598/317/411 583/323/411 582/322/411
f 599/318/412 584/324/412 583/323/412
f 600/319/413 585/325/413 584/324/690
f 601/320/416 586/326/416 585/325/415
f 582/327/417 586/326/418 601/320/418
f 627/329/437 626/340/437 603/328/437
f 623/332/213 622/382/213 607/331/213
f 619/335/213 618/381/213 611/334/213
f 602/337/438 603/2750/438 620/336/438
f 626/340/214 629/383/214 614/339/214
f 615/341/214 604/343/214 617/342/214
f 610/344/439 617/371/439 604/343/439
f 606/347/440 612/367/440 624/346/440
f 614/350/185 629/374/185 628/349/185
f 614/353/441 611/2751/441 618/352/441
f 615/356/3 616/373/3 608/355/3
f 613/359/183 607/369/183 622/358/183
f 624/361/214 612/363/214 613/362/214
f 610/364/213 605/345/213 609/365/213
f 627/329/213 602/330/213 611/334/213
f 614/339/214 621/368/214 620/366/214
f 619/335/213 606/333/213 607/331/213
f 619/338/442 620/336/442 612/367/442
f 613/362/214 612/363/214 620/366/214
f 613/359/443 621/354/443 618/352/443
f 623/332/213 610/364/213 608/370/213
f 623/348/444 624/346/444 617/371/444
f 624/361/214 625/379/214 616/372/214
f 616/373/183 625/360/183 622/358/183
f 605/345/445 604/343/445 626/340/445
f 609/365/213 605/345/213 627/329/213
f 615/356/185 609/357/185 628/349/185
f 626/340/214 604/343/214 615/341/214
f 429/375/691 223/202/4844 229/198/486
f 1264/384/693 633/388/4845 631/385/694
f 636/387/696 631/385/4846 633/388/697
f 634/389/699 635/435/4847 637/390/700
f 638/391/702 1260/460/2219 1263/386/703
f 636/387/705 640/397/4848 638/391/706
f 641/392/708 640/397/4849 636/387/709
f 639/393/711 1260/810/2215 1261/394/712
f 642/396/714 638/391/4850 640/397/715
f 640/397/717 641/392/4851 645/399/718
f 646/400/720 647/407/4852 648/401/721
f 651/403/723 647/407/734 646/400/720
f 649/402/725 648/401/4853 652/405/726
f 647/407/728 655/411/4854 654/408/729
f 646/400/720 649/402/722 656/409/731
f 651/403/723 658/2752/4855 655/411/733
f 650/404/724 646/400/720 657/410/732
f 660/413/736 661/416/4856 662/414/737
f 661/416/739 664/418/4857 665/417/740
f 664/418/742 666/421/4858 667/419/743
f 669/420/745 667/419/4859 666/421/746
f 672/425/749 673/2753/4860 674/426/750
f 677/429/754 678/2754/4861 679/430/755
f 683/389/758 1265/2755/2223 1266/433/759
f 682/434/761 686/439/4862 635/435/762
f 682/434/764 1266/433/2225 1267/436/765
f 682/434/767 688/437/4863 689/438/768
f 691/440/770 688/437/4864 1267/436/771
f 692/442/773 689/438/4865 688/437/774
f 694/443/776 695/446/4866 696/444/777
f 695/446/779 697/461/4867 698/447/780
f 698/447/782 697/461/4868 699/448/783
f 706/450/785 707/455/4869 704/451/786
f 702/452/788 704/451/4870 705/453/789
f 1255/457/792 1256/458/2207 709/385/793
f 711/388/795 709/385/4871 713/387/796
f 637/390/798 635/435/4872 712/389/799
f 1256/458/801 1257/460/2208 714/391/802
f 713/387/804 709/385/4873 714/391/805
f 713/387/807 716/397/4874 641/392/808
f 1258/459/810 717/396/4875 714/391/811
f 717/396/813 719/398/4876 716/397/814
f 716/397/816 719/398/4877 645/399/817
f 720/400/819 723/402/4878 722/401/820
f 720/400/822 721/407/832 651/403/823
f 723/402/825 725/406/4879 724/405/826
f 726/408/828 727/411/4880 721/407/821
f 720/400/822 729/410/833 728/409/829
f 727/411/831 658/2752/4881 651/403/823
f 650/404/824 659/412/4882 729/410/833
f 730/413/834 733/415/4883 732/414/835
f 735/417/837 734/418/4884 731/416/838
f 737/419/840 736/421/4885 734/418/841
f 739/420/843 738/422/4886 736/421/844
f 742/426/847 741/2753/4887 740/425/848
f 745/430/852 678/2754/4888 677/429/853
f 1271/433/856 1272/2755/2233 748/389/857
f 747/434/859 748/389/4889 635/435/860
f 747/434/862 753/437/4890 1270/436/863
f 754/438/865 753/437/4891 747/434/866
f 1270/436/868 753/437/4892 756/440/869
f 753/437/871 754/438/4893 692/442/872
f 760/444/874 759/446/4894 758/443/875
f 759/446/877 760/444/4895 762/447/878
f 762/447/880 700/449/4896 699/448/881
f 767/450/883 764/452/4897 765/451/884
f 766/453/886 765/451/4898 764/452/887
f 694/443/890 693/445/4899 768/462/891
f 694/443/893 769/463/4900 770/464/894
f 693/445/896 696/444/902 771/465/897
f 697/461/899 695/446/895 770/464/894
f 698/447/901 773/469/906 771/465/897
f 697/461/899 772/466/900 774/467/903
f 698/447/901 700/449/921 775/468/905
f 758/443/907 777/463/4901 776/462/908
f 758/443/910 759/446/917 778/464/911
f 757/445/913 776/462/4902 779/465/914
f 761/461/916 780/466/920 778/464/911
f 762/447/918 760/444/915 779/465/914
f 761/461/916 699/448/904 774/467/903
f 762/447/918 781/469/919 775/468/905
f 701/454/922 782/475/4903 783/470/923
f 702/452/924 783/470/923 784/471/925
f 704/451/927 707/455/4904 786/472/928
f 705/453/930 704/451/927 785/473/929
f 701/454/932 705/453/4905 787/474/933
f 706/450/926 784/471/925 788/476/935
f 763/454/937 764/452/940 790/470/938
f 764/452/940 767/450/950 791/471/941
f 765/451/942 792/473/946 786/472/943
f 766/453/945 793/474/4906 792/473/946
f 763/454/947 789/475/4907 793/474/948
f 767/450/950 703/456/936 788/476/935
f 1261/394/951 1262/812/2216 794/477/952
f 642/396/954 644/398/4908 796/478/955
f 644/398/957 645/399/4909 797/480/958
f 719/398/960 798/478/4910 797/480/961
f 717/396/963 799/479/4911 798/478/964
f 717/396/966 1258/459/2212 1259/481/967
f 802/482/969 814/499/4912 816/483/970
f 808/485/972 813/488/4913 804/486/973
f 813/488/975 814/499/4914 802/482/976
f 805/489/978 807/491/4915 808/485/979
f 806/490/981 811/492/4916 807/491/982
f 801/484/984 816/483/4917 811/492/985
f 811/492/987 810/496/4918 809/493/988
f 812/494/990 808/485/4919 807/491/991
f 811/492/993 816/483/4920 815/495/994
f 817/497/996 813/488/4921 808/485/997
f 816/483/999 814/499/4922 818/498/1000
f 817/497/1002 818/498/4923 814/499/1003
f 810/496/1005 815/495/1008 812/494/1006
f 815/495/1008 818/498/4924 817/497/1009
f 801/500/1010 819/510/4925 820/501/1011
f 804/503/1013 821/506/4926 822/504/1014
f 802/502/1016 820/501/4927 821/506/1017
f 822/504/1019 823/508/4928 805/507/1020
f 823/508/1022 824/540/4929 806/509/1023
f 806/509/1025 824/540/4930 819/510/1026
f 827/511/1028 835/522/4931 834/512/1029
f 828/514/1031 829/520/4932 833/515/1032
f 830/517/1034 828/514/4933 831/516/1035
f 838/519/1037 825/521/4934 830/517/1038
f 826/513/1040 834/512/4935 833/515/1041
f 838/519/1043 835/522/4936 827/511/1044
f 835/522/1046 838/519/4937 837/523/1047
f 840/525/1049 831/516/4938 833/515/1050
f 838/519/1052 832/518/4939 841/527/1053
f 840/525/1055 841/527/4940 832/518/1056
f 835/522/1058 836/524/4941 842/528/1059
f 839/526/1061 833/515/4942 834/512/1062
f 830/529/1064 825/538/4943 843/530/1065
f 844/532/1067 843/530/4944 827/533/1068
f 846/535/1070 829/539/4945 828/536/1071
f 830/529/1073 847/531/4946 845/537/1074
f 846/535/1077 844/532/4947 826/534/1078
f 837/523/1080 839/526/4948 842/528/1081
f 837/523/1083 841/527/4949 840/525/1084
f 849/482/1086 848/484/4950 863/483/1087
f 851/486/1089 860/488/4951 855/485/1090
f 849/482/1092 861/499/4952 860/488/1093
f 852/489/1095 850/487/4953 855/485/1096
f 853/490/1098 852/489/4954 854/491/1099
f 848/484/1101 853/490/4955 858/492/1102
f 856/493/1104 857/496/4956 858/492/1105
f 854/491/1107 855/485/4957 859/494/1108
f 858/492/1110 857/496/4958 862/495/1111
f 855/485/1113 860/488/4959 864/497/1114
f 863/483/1116 862/495/4960 865/498/1117
f 864/497/1119 860/488/4961 861/499/1120
f 859/494/1122 862/495/1126 857/496/1123
f 864/497/1125 865/498/4962 862/495/1126
f 848/500/1127 849/502/4963 867/501/1128
f 851/503/1130 850/505/4964 869/504/1131
f 849/502/1133 851/503/4965 868/506/1134
f 852/507/1136 870/508/4966 869/504/1137
f 853/509/1139 871/540/4967 870/508/1140
f 853/509/1142 848/500/4968 866/510/1143
f 874/511/1145 873/513/4969 881/512/1146
f 880/515/1148 876/520/4970 875/514/1149
f 878/516/1151 875/514/4971 877/517/1152
f 877/517/1154 872/521/4972 885/519/1155
f 873/513/1157 876/520/4973 880/515/1158
f 874/511/1160 882/522/4974 885/519/1161
f 882/522/1163 883/524/4975 884/523/1164
f 887/525/1166 886/526/4976 880/515/1167
f 888/527/1169 879/518/4977 885/519/1170
f 887/525/1172 878/516/4978 879/518/1173
f 889/528/1175 883/524/4979 882/522/1176
f 881/512/1178 880/515/4980 886/526/1179
f 890/530/1181 872/538/4981 877/529/1182
f 874/533/1184 890/530/4982 891/532/1185
f 893/535/1187 892/537/4983 875/536/1188
f 877/529/1190 875/536/4984 892/537/1191
f 873/534/1194 891/532/4985 893/535/1195
f 884/523/1197 883/524/4986 889/528/1198
f 887/525/1200 888/527/4987 884/523/1201
f 896/541/1203 895/691/4988 986/542/1204
f 986/542/1206 895/691/4989 897/544/1207
f 987/545/1209 897/544/4990 898/546/1210
f 899/548/1212 896/541/4991 990/543/1213
f 898/546/1215 899/548/4992 989/549/1216
f 901/550/1218 900/560/4993 981/551/1219
f 981/551/1221 900/560/4994 902/553/1222
f 982/554/1224 902/553/4995 903/555/1225
f 904/557/1227 901/550/4996 985/552/1228
f 983/556/1230 903/555/4997 904/557/1231
f 901/550/1233 906/692/4998 905/559/1234
f 908/561/1236 900/560/4999 905/559/1237
f 908/561/1239 907/562/5000 909/563/1240
f 912/565/1242 911/653/5001 910/564/1243
f 900/560/1245 908/561/5002 913/566/1246
f 914/567/1248 903/555/5003 902/553/1249
f 916/568/1251 915/571/5004 903/555/1252
f 918/569/1254 917/696/5005 904/557/1255
f 919/570/1257 918/569/5006 903/555/1258
f 921/572/1260 916/568/5007 914/567/1261
f 913/566/1263 922/574/5008 920/573/1264
f 913/566/1266 908/561/5009 910/564/1267
f 910/564/1269 911/653/5010 923/575/1270
f 924/576/1272 922/574/5011 923/575/1273
f 925/577/1275 927/659/5012 926/578/1276
f 924/576/1278 928/580/5013 920/573/1279
f 924/576/1281 926/578/5014 929/579/1282
f 920/573/1284 928/580/5015 930/581/1285
f 928/580/1287 929/579/5016 931/582/1288
f 916/568/1290 921/572/5017 933/583/1291
f 930/581/1293 934/586/5018 933/583/1294
f 930/581/1296 931/582/5019 935/585/1297
f 916/568/1299 932/584/5020 936/587/1300
f 915/571/1302 936/587/5021 937/588/1303
f 936/587/1305 939/590/5022 938/589/1306
f 939/590/1308 936/587/5023 932/584/1309
f 933/583/1311 941/592/5024 940/591/1312
f 941/592/1314 933/583/5025 934/586/1315
f 934/586/1317 935/585/5026 943/594/1318
f 944/595/1320 942/593/5027 943/594/1321
f 944/595/1323 945/596/5028 947/597/1324
f 942/593/1326 944/595/5029 948/599/1327
f 944/595/1329 946/598/5030 949/600/1330
f 948/599/1332 950/601/5031 940/591/1333
f 949/600/1335 951/603/5032 950/601/1336
f 949/600/1338 946/598/5033 952/602/1339
f 939/590/1341 954/609/5034 953/604/1342
f 939/590/1344 940/591/5035 955/605/1345
f 955/605/1347 940/591/5036 950/601/1348
f 957/607/1350 950/601/5037 951/603/1351
f 954/609/1353 939/590/5038 956/606/1354
f 961/611/1356 960/612/5039 958/608/1357
f 960/612/1359 961/611/5040 954/609/1360
f 951/603/1362 952/602/5041 962/613/1363
f 955/605/1366 964/615/5042 963/614/1367
f 957/607/1369 965/616/5043 964/615/1370
f 958/608/1372 966/617/5044 965/616/1373
f 963/614/1375 967/618/5045 959/610/1376
f 960/612/1378 968/622/5046 966/617/1379
f 967/618/1381 968/622/5047 960/612/1382
f 964/615/1384 970/620/5048 969/619/1385
f 965/616/1387 971/621/5049 970/620/1388
f 966/617/1390 972/623/5050 971/621/1391
f 969/619/1393 973/624/5051 967/618/1394
f 968/622/1396 974/693/5052 972/623/1397
f 973/624/1399 974/693/5053 968/622/1400
f 970/625/1402 976/636/5054 975/626/1403
f 977/628/1405 976/636/5055 970/625/1406
f 978/630/1408 977/628/5056 971/629/1409
f 969/627/1411 975/626/5057 979/632/1412
f 974/634/1414 980/635/5058 978/630/1415
f 973/633/1417 979/632/5059 980/635/1418
f 824/540/1420 823/508/5060 975/626/1421
f 819/510/1423 824/540/5061 976/636/1424
f 978/630/1426 820/501/5062 819/510/1427
f 975/626/1429 823/508/5063 822/504/1430
f 980/635/1432 821/506/5064 820/501/1433
f 822/504/1435 821/506/5065 980/635/1436
f 895/637/1438 981/551/1221 982/554/1223
f 897/638/1440 982/554/1224 983/556/1226
f 898/639/1442 983/556/1230 984/558/1232
f 984/558/1229 985/552/1228 896/641/1444
f 985/552/1220 981/551/1219 895/637/1446
f 843/530/1448 986/542/1206 987/545/1208
f 847/531/1450 987/545/1209 988/547/1211
f 846/535/1452 845/537/5066 988/547/1217
f 844/532/1453 846/535/5067 989/549/1214
f 990/543/1205 986/542/1204 843/530/1454
f 992/642/1456 991/645/5068 946/643/1457
f 991/645/1459 993/647/5069 952/646/1460
f 993/647/1462 994/652/5070 962/648/1463
f 991/645/1465 992/642/5071 996/649/1466
f 993/647/1468 991/645/5072 995/650/1469
f 997/651/1471 998/700/5073 994/652/1472
f 911/653/1474 912/565/5074 999/654/1475
f 923/575/1477 911/653/5075 1000/655/1478
f 925/577/1480 923/575/5076 1001/656/1481
f 925/577/1483 1002/657/5077 1003/658/1484
f 1004/660/1486 1001/656/5078 1000/655/1487
f 1006/662/1489 1002/657/5079 1001/656/1490
f 1007/663/1492 1003/658/5080 1002/657/1493
f 1005/661/1496 1009/670/5081 1008/664/1497
f 1004/660/1499 1008/664/5082 1010/665/1500
f 1007/663/1502 1006/662/5083 1010/665/1503
f 1014/667/1505 1008/664/5084 1013/668/1506
f 1013/668/1508 1008/664/5085 1009/670/1509
f 1029/672/1511 1032/694/5086 1031/673/1512
f 1018/676/1518 1022/679/1521 1021/678/1519
f 1022/679/1521 1020/683/5087 1019/680/1522
f 1023/681/1523 1022/679/5088 1018/676/1524
f 1022/679/1526 1023/681/5089 1024/682/1527
f 1025/684/1529 1019/680/5090 1020/683/1530
f 1026/685/1532 1027/686/5091 1021/678/1533
f 1027/686/1535 1012/669/5092 1016/677/1536
f 1011/666/1538 1014/667/5093 1012/669/1539
f 1012/669/1546 1029/695/5094 1030/688/1547
f 1016/677/1549 1030/688/5095 1031/689/1550
f 1031/689/1552 1032/690/5096 1013/668/1553
f 1032/690/1555 1029/695/5097 1012/669/1556
f 1103/542/1558 1033/691/5098 1034/541/1559
f 1103/542/1561 1104/545/1803 1035/544/1562
f 1104/545/1564 1105/547/1806 1036/546/1565
f 1037/548/1567 1106/549/1810 1107/543/1568
f 1106/549/1570 1037/548/5099 1036/546/1571
f 1098/551/1573 1038/560/5100 1039/550/1574
f 1098/551/1576 1099/554/1794 1040/553/1577
f 1099/554/1579 1100/556/1796 1041/555/1580
f 1102/552/1582 1039/550/5101 1042/557/1583
f 1100/556/1585 1101/558/1798 1042/557/1586
f 1039/550/1588 1038/560/5102 905/559/1589
f 1043/561/1591 907/562/5103 905/559/1592
f 909/563/1594 907/562/5104 1043/561/1595
f 1044/564/1597 1045/653/5105 912/565/1598
f 1046/566/1600 1043/561/5106 1038/560/1601
f 1047/567/1603 1046/566/5107 1040/553/1604
f 1049/568/1606 1047/567/5108 1041/555/1607
f 1042/557/1609 917/696/5109 918/569/1610
f 919/570/1612 1048/571/5110 1041/555/1613
f 1051/572/1615 1050/573/5111 1047/567/1616
f 1046/566/1618 1047/567/5112 1050/573/1619
f 1046/566/1621 1052/574/5113 1044/564/1622
f 1053/575/1624 1045/653/5114 1044/564/1625
f 1053/575/1627 1052/574/5115 1054/576/1628
f 1055/577/1630 1054/576/5116 926/578/1631
f 1054/576/1633 1052/574/5117 1050/573/1634
f 929/579/1636 926/578/5118 1054/576/1637
f 1057/581/1639 1056/580/5119 1050/573/1640
f 931/582/1642 929/579/5120 1056/580/1643
f 1049/568/1645 1058/584/5121 1059/583/1646
f 1057/581/1648 1051/572/5122 1059/583/1649
f 1057/581/1651 1060/586/5123 935/585/1652
f 1061/587/1654 1058/584/5124 1049/568/1655
f 937/588/1657 1061/587/5125 1048/571/1658
f 938/589/1660 1062/590/5126 1061/587/1661
f 1058/584/1663 1061/587/5127 1062/590/1664
f 1063/591/1666 1064/592/5128 1059/583/1667
f 1064/592/1669 1065/593/5129 1060/586/1670
f 1060/586/1672 1065/593/5130 943/594/1673
f 943/594/1675 1065/593/5131 1066/595/1676
f 1066/595/1678 1067/598/5132 947/597/1679
f 1068/599/1681 1066/595/5133 1065/593/1682
f 1069/600/1684 1067/598/5134 1066/595/1685
f 1068/599/1687 1064/592/5135 1063/591/1688
f 1069/600/1690 1068/599/5136 1070/601/1691
f 1069/600/1693 1071/603/5137 1072/602/1694
f 953/604/1696 1073/609/5138 1062/590/1697
f 1074/605/1699 1063/591/5139 1062/590/1700
f 1074/605/1702 1076/607/5140 1070/601/1703
f 1071/603/1705 1070/601/5141 1076/607/1706
f 1075/606/1708 1062/590/5142 1073/609/1709
f 1077/608/1711 1079/612/5143 961/611/1712
f 1079/612/1714 1078/610/5144 1073/609/1715
f 1071/603/1717 961/611/5145 962/613/1718
f 1074/605/1721 1075/606/5146 1080/614/1722
f 1076/607/1724 1074/605/5147 1081/615/1725
f 1077/608/1727 1076/607/5148 1082/616/1728
f 1078/610/1730 1084/618/5149 1080/614/1731
f 1079/612/1733 1077/608/5150 1083/617/1734
f 1079/612/1736 1085/622/5151 1084/618/1737
f 1081/615/1739 1080/614/5152 1086/619/1740
f 1082/616/1742 1081/615/5153 1087/620/1743
f 1083/617/1745 1082/616/5154 1088/621/1746
f 1084/618/1748 1090/624/5155 1086/619/1749
f 1085/622/1751 1083/617/5156 1089/623/1752
f 1085/622/1754 1091/693/5157 1090/624/1755
f 1087/625/1757 1086/627/5158 1092/626/1758
f 1087/625/1760 1093/636/5159 1094/628/1761
f 1088/629/1763 1094/628/5160 1095/630/1764
f 1086/627/1766 1090/633/5161 1096/632/1767
f 1091/634/1769 1089/631/5162 1095/630/1770
f 1090/633/1772 1091/634/5163 1097/635/1773
f 1092/626/1775 870/508/5164 871/540/1776
f 1093/636/1778 871/540/5165 866/510/1779
f 1095/630/1781 1094/628/5166 866/510/1782
f 1092/626/1784 1096/632/5167 869/504/1785
f 1097/635/1787 1095/630/5168 867/501/1788
f 1097/635/1790 868/506/5169 869/504/1791
f 1033/637/1793 1035/638/5170 1099/554/1794
f 1035/638/1795 1036/639/5171 1100/556/1796
f 1036/639/1797 1037/640/5172 1101/558/1798
f 1034/641/1799 1102/552/1582 1101/558/1584
f 1033/637/1801 1098/551/1573 1102/552/1575
f 1104/545/1803 1103/542/1561 890/530/1804
f 1105/547/1806 1104/545/1564 894/531/1807
f 1105/547/1572 892/537/5173 893/535/1809
f 1106/549/1810 893/535/5174 891/532/1811
f 890/530/1812 1103/542/1558 1107/543/1560
f 992/642/1814 947/644/5175 1067/643/1815
f 1072/646/1817 1109/647/5176 1108/645/1818
f 962/648/1820 994/652/5177 1109/647/1821
f 1108/645/1823 1110/650/5178 996/649/1824
f 1109/647/1826 1111/651/5179 1110/650/1827
f 994/652/1829 998/700/5180 1111/651/1830
f 999/654/1832 912/565/5181 1045/653/1833
f 1053/575/1835 1113/656/5182 1112/655/1836
f 1055/577/1838 1114/657/5183 1113/656/1839
f 1003/658/1841 1114/657/5184 1055/577/1842
f 1112/655/1844 1113/656/5185 1115/660/1845
f 1113/656/1847 1114/657/5186 1117/662/1848
f 1114/657/1850 1003/658/5187 1007/663/1851
f 1116/661/1854 1115/660/5188 1118/664/1855
f 1115/660/1857 1117/662/5189 1120/665/1858
f 1120/665/1860 1117/662/5190 1007/663/1861
f 1123/667/1863 1121/669/5191 1122/668/1864
f 1122/668/1866 1124/671/5192 1119/670/1867
f 1132/672/1869 1133/674/5193 1134/673/1870
f 1129/678/1876 1130/679/1879 1126/676/1877
f 1130/679/1879 1129/678/1876 1127/680/1880
f 1023/681/1882 1017/675/5194 1126/676/1883
f 1130/679/1885 1128/683/5195 1024/682/1886
f 1025/684/1888 1024/682/5196 1128/683/1889
f 1127/680/1891 1026/685/5197 1019/680/1891
f 1026/685/1893 1127/680/5198 1129/678/1894
f 1125/677/1896 1121/669/5199 1027/686/1897
f 1011/666/1538 1027/686/1540 1121/669/1899
f 1121/669/1906 1125/677/5200 1133/688/1907
f 1125/677/1909 1124/671/5201 1134/689/1910
f 1122/668/1912 1135/690/5202 1134/689/1913
f 1121/669/1915 1132/695/5203 1135/690/1916
f 901/550/1918 904/557/5204 917/696/1919
f 1039/550/1921 906/692/5205 917/696/1922
f 995/650/1924 996/649/5206 1137/697/1925
f 997/651/1927 995/650/5207 1136/698/1928
f 998/700/1930 997/651/5208 1138/699/1931
f 1110/650/1933 1140/698/5209 1137/697/1934
f 1111/651/1936 1141/699/5210 1140/698/1937
f 998/700/1939 1139/701/5211 1141/699/1940
f 1136/698/1943 1143/702/5212 1142/703/1944
f 1140/698/1948 1141/699/5213 1142/703/1949
f 339/277/2158 337/275/5214 1247/275/2159
f 337/275/2161 336/274/5215 1250/274/2162
f 338/276/2164 1249/276/5216 1250/274/2165
f 339/277/2167 1248/277/5217 1249/276/2168
f 307/255/2170 304/253/5218 1251/253/2171
f 307/255/2173 1252/255/5219 1253/254/2174
f 304/253/2176 305/252/5220 1254/252/2177
f 306/254/2179 1253/254/5221 1254/252/2180
f 1248/277/2182 1247/275/5222 543/275/2183
f 1249/276/2185 1248/277/5223 545/277/2186
f 1249/276/2188 544/276/5224 542/274/2189
f 1250/274/2191 542/274/5225 543/275/2192
f 1251/253/2194 510/253/5226 513/255/2195
f 1253/254/2197 1252/255/5227 513/255/2198
f 1254/252/2200 1253/254/5228 512/254/2201
f 1254/252/2203 511/252/5229 510/253/2204
f 710/807/2206 708/811/5230 1256/808/2207
f 1257/810/2208 1256/808/801 708/811/2209
f 715/393/2211 718/395/5231 1258/394/810
f 1258/394/2212 718/395/5232 800/477/2213
f 638/391/2214 642/396/5233 1261/459/712
f 1262/481/2216 1261/459/951 642/396/2217
f 1260/810/2219 639/393/5234 630/813/2220
f 632/815/2221 1264/2756/693 1263/814/695
f 1265/816/2223 684/823/5235 685/817/2224
f 1266/818/2225 685/817/5236 687/819/2226
f 1268/821/772 1267/820/771 687/819/2227
f 752/819/2229 1270/820/868 1269/821/870
f 1271/818/864 1270/820/863 752/819/2231
f 1272/816/2233 1271/818/856 750/817/2234
usemtl Shield
f 1275/824/2240 1281/825/2241 1283/824/2240
f 1274/826/2240 1284/827/2240 1287/826/2241
f 1275/824/2242 1288/828/2242 1279/828/2242
f 1304/829/2243 1286/830/2243 1310/829/2243
f 1276/825/2244 1285/831/2245 1281/825/2244
f 1280/830/2245 1287/826/2244 1286/830/2246
f 1278/832/2242 1284/827/2242 1273/827/2242
f 1277/831/2243 1311/833/2243 1285/831/2243
f 1279/828/2247 1309/834/2248 1301/834/2247
f 1303/835/2247 1282/832/2247 1278/832/2247
f 1277/831/2245 1274/826/2244 1280/830/2245
f 1281/825/2249 1290/824/2249 1283/824/2249
f 1273/827/2242 1279/828/2242 1278/832/2242
f 1287/826/2250 1296/836/2251 1286/836/2251
f 1282/837/2252 1292/827/2252 1284/827/2252
f 1289/825/2253 1292/827/2253 1290/824/2253
f 1293/838/2254 1292/827/2254 1294/837/2254
f 1327/839/2255 1296/836/2255 1295/840/2255
f 1295/840/2256 1291/826/2256 1289/825/2256
f 1331/841/2257 1294/837/2257 1332/842/2257
f 1285/840/2258 1327/839/2259 1295/840/2258
f 1309/841/2260 1293/838/2260 1331/841/2260
f 1287/826/2261 1292/827/2261 1291/826/2261
f 1286/836/2262 1329/843/2262 1310/843/2262
f 1273/827/2240 1276/825/2241 1275/824/2240
f 1320/842/2263 1294/837/2263 1282/837/2263
f 1301/834/2247 1278/832/2247 1279/828/2247
f 1288/838/2264 1290/824/2264 1293/838/2264
f 1280/830/2243 1302/833/2243 1277/831/2243
f 1281/825/2265 1295/840/2265 1289/825/2265
f 1299/824/2253 1312/825/2253 1300/825/2253
f 1298/826/2253 1315/827/2266 1297/827/2253
f 1319/828/2267 1299/824/2267 1307/828/2267
f 1304/829/2268 1317/830/2268 1308/830/2268
f 1300/825/2269 1316/831/2270 1305/831/2270
f 1308/830/2270 1318/826/2270 1298/826/2270
f 1315/827/2271 1306/832/2267 1297/827/2267
f 1305/831/2272 1311/833/2273 1302/833/2272
f 1309/834/2274 1307/828/2274 1301/834/2274
f 1313/832/2274 1303/835/2274 1306/832/2274
f 1305/831/2270 1298/826/2270 1300/825/2269
f 1322/824/2275 1312/825/2275 1314/824/2275
f 1307/828/2267 1297/827/2267 1306/832/2267
f 1330/836/2276 1318/826/2276 1317/836/2276
f 1324/827/2277 1313/837/2277 1315/827/2277
f 1324/827/2240 1321/825/2240 1322/824/2240
f 1325/838/2278 1324/827/2278 1322/824/2278
f 1330/836/2279 1327/839/2279 1328/840/2279
f 1323/826/2280 1328/840/2280 1321/825/2280
f 1331/841/2281 1326/837/2281 1325/838/2281
f 1316/840/2282 1327/839/2282 1311/839/2282
f 1309/841/2283 1325/838/2283 1319/838/2283
f 1318/826/2284 1324/827/2284 1315/827/2284
f 1329/843/2285 1317/836/2285 1310/843/2285
f 1300/825/2253 1297/827/2253 1299/824/2253
f 1326/837/2286 1320/842/2286 1313/837/2286
f 1306/832/2274 1301/834/2274 1307/828/2274
f 1319/838/2287 1322/824/2287 1314/824/2287
f 1308/830/2268 1302/833/2272 1304/829/2268
f 1312/825/2288 1328/840/2288 1316/840/2288
f 1341/844/2289 1340/845/2289 1343/846/2289
f 1340/845/2290 1345/847/2290 1343/846/2290
f 1339/848/2291 1333/849/2291 1335/850/2291
f 1336/851/2292 1338/852/2292 1340/845/2292
f 1339/848/2293 1346/853/2293 1337/854/2293
f 1343/846/2294 1346/853/2294 1344/855/2294
f 1342/856/2295 1339/848/2295 1335/857/2295
f 1449/858/2296 1474/859/2296 1448/859/2296
f 1355/844/2297 1354/845/2297 1357/846/2297
f 1354/845/2298 1359/847/2298 1357/846/2298
f 1349/850/2299 1351/854/2299 1347/849/2299
f 1350/851/2300 1352/852/2300 1354/845/2300
f 1353/848/2301 1360/853/2301 1351/854/2301
f 1357/846/2302 1360/853/2302 1358/855/2302
f 1356/856/2303 1353/848/2303 1349/857/2303
f 1356/856/2304 1357/846/2304 1358/855/2304
f 1370/860/2305 1364/861/2305 1371/844/2305
f 1364/861/2306 1373/846/2306 1371/844/2306
f 1367/848/2307 1361/849/2307 1363/850/2307
f 1368/845/2308 1362/862/2308 1366/852/2308
f 1363/857/2309 1374/855/2309 1367/848/2309
f 1371/844/2310 1374/855/2310 1372/856/2310
f 1369/863/2311 1363/857/2311 1361/864/2311
f 1370/860/2312 1372/856/2312 1369/863/2312
f 1383/860/2313 1378/861/2313 1376/865/2313
f 1384/844/2314 1382/845/2314 1378/861/2314
f 1375/849/2315 1381/848/2315 1377/850/2315
f 1380/852/2316 1378/851/2316 1382/845/2316
f 1381/848/2317 1385/856/2317 1377/857/2317
f 1468/866/2318 1500/867/2318 1464/867/2318
f 1397/860/2319 1391/861/2319 1389/865/2319
f 1398/844/2320 1395/845/2320 1391/861/2320
f 1402/847/2321 1395/845/2321 1400/846/2321
f 1390/850/2322 1392/854/2322 1394/848/2322
f 1393/852/2323 1391/851/2323 1395/845/2323
f 1394/848/2324 1399/856/2324 1390/857/2324
f 1399/856/2325 1400/846/2325 1398/844/2325
f 1390/857/2326 1396/863/2326 1388/864/2326
f 1399/856/2327 1397/860/2327 1396/863/2327
f 1413/860/2328 1407/861/2328 1405/865/2328
f 1416/846/2329 1407/861/2330 1414/844/2331
f 1416/846/2332 1409/852/2332 1411/845/2332
f 1404/849/2333 1410/848/2333 1406/850/2333
f 1411/845/2334 1405/862/2334 1407/851/2334
f 1410/848/2335 1419/853/2335 1417/855/2335
f 1419/853/2336 1416/846/2336 1417/855/2336
f 1406/857/2337 1417/855/2337 1415/856/2337
f 1417/855/2338 1414/844/2338 1415/856/2338
f 1406/857/2339 1412/863/2340 1404/864/2339
f 1415/856/2341 1413/860/2342 1412/863/2340
f 1425/868/2343 1426/869/2343 1431/868/2343
f 1421/870/2344 1428/871/2344 1427/870/2344
f 1425/868/2345 1430/872/2346 1424/872/2346
f 1423/873/2347 1428/871/2347 1422/871/2347
f 1421/870/2348 1426/869/2349 1420/869/2349
f 1435/874/2350 1437/875/2350 1434/875/2350
f 1435/874/2351 1439/876/2351 1438/874/2351
f 1434/875/2352 1436/877/2352 1432/877/2352
f 1492/878/2353 1524/879/2353 1495/879/2354
f 1441/880/2355 1479/881/2356 1451/881/2355
f 1458/882/2357 1489/883/2358 1494/882/2359
f 1387/855/2360 1386/846/2360 1460/884/2360
f 1454/885/2361 1498/886/2362 1484/885/2361
f 1453/887/2363 1386/846/2363 1384/844/2363
f 1343/846/2364 1450/888/2364 1341/844/2364
f 1455/889/2365 1483/890/2366 1490/889/2365
f 1459/878/2367 1499/879/2354 1461/879/2367
f 1445/891/2368 1473/892/2368 1470/891/2369
f 1447/893/2370 1444/894/2370 1344/855/2370
f 1510/895/2371 1526/896/2371 1516/897/2371
f 1471/891/2369 1506/892/2368 1504/891/2368
f 1513/898/2372 1505/899/2372 1509/900/2372
f 1491/882/2357 1520/883/2357 1521/882/2357
f 1487/889/2365 1514/890/2365 1518/889/2365
f 1465/880/2355 1512/881/2373 1480/881/2374
f 1527/901/2375 1476/902/2376 1496/901/2375
f 1522/903/2377 1517/904/2377 1525/905/2377
f 1440/867/2378 1441/880/2378 1442/906/2378
f 1443/866/2379 1444/894/2379 1445/891/2379
f 1446/892/2380 1447/907/2380 1448/859/2380
f 1449/858/2381 1450/888/2381 1451/881/2381
f 1452/890/2382 1453/887/2382 1454/885/2382
f 1455/889/2383 1456/883/2383 1457/908/2383
f 1458/882/2384 1459/878/2384 1460/909/2384
f 1461/879/2385 1462/886/2385 1463/910/2385
f 1465/880/2386 1467/867/2386 1464/867/2386
f 1469/911/2387 1471/891/2388 1468/866/2389
f 1473/892/2390 1475/912/2390 1476/902/2390
f 1479/881/2356 1480/881/2374 1481/913/2391
f 1483/890/2392 1485/897/2392 1486/914/2392
f 1487/889/2393 1489/883/2393 1490/889/2393
f 1492/878/2394 1494/882/2394 1491/882/2394
f 1497/896/2395 1498/886/2395 1499/879/2395
f 1500/867/2396 1501/915/2396 1502/880/2396
f 1503/911/2397 1504/891/2397 1505/899/2397
f 1506/892/2398 1508/912/2398 1509/900/2398
f 1511/913/2399 1513/898/2399 1510/895/2399
f 1515/914/2400 1517/904/2401 1514/890/2402
f 1518/889/2403 1519/916/2403 1520/883/2403
f 1521/882/2404 1522/903/2404 1523/878/2404
f 1524/879/2405 1526/896/2405 1527/901/2405
f 1444/917/2406 1440/867/2406 1442/906/2406
f 1444/894/2407 1446/892/2407 1445/891/2407
f 1450/888/2408 1448/859/2408 1447/907/2408
f 1442/906/2409 1451/881/2409 1450/888/2409
f 1452/890/2410 1457/908/2410 1453/887/2410
f 1456/883/2411 1460/909/2411 1457/908/2411
f 1461/879/2412 1460/884/2412 1459/878/2412
f 1462/886/2413 1453/887/2413 1463/918/2413
f 1469/911/2318 1464/867/2318 1467/867/2318
f 1470/891/2369 1472/892/2368 1471/891/2369
f 1474/859/2414 1477/895/2415 1475/912/2416
f 1466/880/2355 1480/881/2374 1479/881/2356
f 1482/890/2366 1490/889/2365 1483/890/2366
f 1488/883/2357 1494/882/2359 1489/883/2358
f 1495/879/2354 1493/878/2353 1492/878/2353
f 1485/897/2417 1498/886/2418 1497/896/2419
f 1458/882/2394 1493/878/2394 1459/878/2420
f 1498/886/2421 1461/879/2421 1499/879/2421
f 1484/885/2422 1452/890/2422 1454/885/2422
f 1456/883/2393 1490/889/2393 1489/883/2393
f 1451/881/2423 1478/858/2423 1449/858/2423
f 1446/892/2424 1474/859/2424 1473/892/2425
f 1470/891/2389 1443/866/2388 1445/891/2388
f 1466/880/2386 1440/867/2426 1467/867/2386
f 1503/911/2427 1501/915/2427 1500/867/2427
f 1504/891/2428 1509/900/2428 1505/899/2428
f 1510/895/2429 1509/900/2429 1508/912/2429
f 1502/880/2430 1513/898/2430 1512/881/2430
f 1517/904/2431 1518/889/2431 1514/890/2431
f 1519/916/2432 1521/882/2432 1520/883/2432
f 1525/905/2433 1523/878/2433 1522/903/2433
f 1525/905/2434 1516/897/2434 1526/896/2434
f 1495/879/2435 1527/901/2436 1496/901/2436
f 1482/890/2437 1515/914/2437 1514/890/2437
f 1518/889/2393 1488/883/2393 1487/889/2393
f 1523/878/2394 1491/882/2394 1521/882/2420
f 1464/867/2386 1502/880/2386 1465/880/2386
f 1511/913/2438 1480/881/2374 1512/881/2373
f 1507/902/2439 1472/892/2439 1476/902/2439
f 1468/866/2389 1504/891/2388 1503/911/2388
f 1511/913/2440 1516/897/2440 1515/914/2440
f 1508/912/2441 1527/901/2441 1526/896/2441
f 1443/866/2318 1467/867/2318 1440/867/2318
f 1275/824/2240 1276/825/2241 1281/825/2241
f 1274/826/2240 1273/827/2240 1284/827/2240
f 1275/824/2242 1283/824/2242 1288/828/2242
f 1304/829/2243 1280/830/2243 1286/830/2243
f 1276/825/2244 1277/831/2245 1285/831/2245
f 1280/830/2245 1274/826/2244 1287/826/2244
f 1278/832/2242 1282/832/2242 1284/827/2242
f 1277/831/2243 1302/833/2243 1311/833/2243
f 1279/828/2247 1288/828/2247 1309/834/2248
f 1303/835/2247 1320/835/2248 1282/832/2247
f 1277/831/2245 1276/825/2244 1274/826/2244
f 1281/825/2442 1289/825/2442 1290/824/2442
f 1273/827/2242 1275/824/2242 1279/828/2242
f 1287/826/2443 1291/826/2443 1296/836/2443
f 1282/837/2444 1294/837/2444 1292/827/2444
f 1289/825/2253 1291/826/2253 1292/827/2253
f 1293/838/2254 1290/824/2254 1292/827/2254
f 1327/839/2255 1329/843/2255 1296/836/2255
f 1295/840/2256 1296/836/2256 1291/826/2256
f 1331/841/2257 1293/838/2257 1294/837/2257
f 1285/840/2445 1311/839/2445 1327/839/2445
f 1309/841/2446 1288/838/2446 1293/838/2446
f 1287/826/2447 1284/827/2447 1292/827/2447
f 1286/836/2251 1296/836/2251 1329/843/2448
f 1273/827/2240 1274/826/2240 1276/825/2241
f 1320/842/2449 1332/842/2449 1294/837/2449
f 1301/834/2247 1303/835/2247 1278/832/2247
f 1288/838/2450 1283/824/2450 1290/824/2450
f 1280/830/2243 1304/829/2243 1302/833/2243
f 1281/825/2451 1285/840/2258 1295/840/2258
f 1299/824/2253 1314/824/2266 1312/825/2253
f 1298/826/2253 1318/826/2253 1315/827/2266
f 1319/828/2267 1314/824/2267 1299/824/2267
f 1304/829/2268 1310/829/2268 1317/830/2268
f 1300/825/2269 1312/825/2269 1316/831/2270
f 1308/830/2270 1317/830/2269 1318/826/2270
f 1315/827/2271 1313/832/2267 1306/832/2267
f 1305/831/2272 1316/831/2273 1311/833/2273
f 1309/834/2274 1319/828/2274 1307/828/2274
f 1313/832/2274 1320/835/2274 1303/835/2274
f 1305/831/2270 1308/830/2270 1298/826/2270
f 1322/824/2452 1321/825/2452 1312/825/2452
f 1307/828/2267 1299/824/2267 1297/827/2267
f 1330/836/2453 1323/826/2453 1318/826/2453
f 1324/827/2454 1326/837/2454 1313/837/2454
f 1324/827/2240 1323/826/2240 1321/825/2240
f 1325/838/2278 1326/837/2278 1324/827/2278
f 1330/836/2279 1329/843/2279 1327/839/2279
f 1323/826/2280 1330/836/2280 1328/840/2280
f 1331/841/2281 1332/842/2281 1326/837/2281
f 1316/840/2455 1328/840/2455 1327/839/2455
f 1309/841/2456 1331/841/2456 1325/838/2456
f 1318/826/2457 1323/826/2457 1324/827/2457
f 1329/843/2458 1330/836/2458 1317/836/2458
f 1300/825/2253 1298/826/2253 1297/827/2253
f 1326/837/2459 1332/842/2459 1320/842/2459
f 1306/832/2274 1303/835/2274 1301/834/2274
f 1319/838/2460 1325/838/2460 1322/824/2460
f 1308/830/2268 1305/831/2272 1302/833/2272
f 1312/825/2461 1321/825/2461 1328/840/2461
f 1341/844/2462 1336/861/2462 1340/845/2462
f 1340/845/2463 1338/852/2463 1345/847/2463
f 1339/848/2291 1337/854/2291 1333/849/2291
f 1336/851/2292 1334/862/2292 1338/852/2292
f 1339/848/2293 1344/855/2293 1346/853/2293
f 1342/856/2464 1344/855/2464 1339/848/2464
f 1449/858/2296 1478/858/2296 1474/859/2296
f 1355/844/2465 1350/861/2465 1354/845/2465
f 1354/845/2466 1352/852/2466 1359/847/2466
f 1349/850/2299 1353/848/2299 1351/854/2299
f 1350/851/2300 1348/862/2300 1352/852/2300
f 1353/848/2301 1358/855/2301 1360/853/2301
f 1357/846/2467 1359/847/2467 1360/853/2467
f 1356/856/2468 1358/855/2468 1353/848/2468
f 1356/856/2469 1355/844/2469 1357/846/2469
f 1370/860/2470 1362/865/2470 1364/861/2470
f 1364/861/2471 1368/845/2471 1373/846/2471
f 1373/846/2472 1368/845/2472 1366/852/2472
f 1367/848/2307 1365/854/2307 1361/849/2307
f 1368/845/2308 1364/851/2308 1362/862/2308
f 1363/857/2473 1372/856/2473 1374/855/2473
f 1371/844/2474 1373/846/2474 1374/855/2474
f 1369/863/2311 1372/856/2311 1363/857/2311
f 1370/860/2475 1371/844/2475 1372/856/2475
f 1383/860/2476 1384/844/2476 1378/861/2476
f 1375/849/2315 1379/854/2315 1381/848/2315
f 1380/852/2316 1376/862/2316 1378/851/2316
f 1381/848/2477 1387/855/2477 1385/856/2477
f 1468/866/2318 1503/911/2318 1500/867/2318
f 1375/864/2478 1377/857/2478 1385/856/2478
f 1385/856/2479 1384/844/2479 1383/860/2479
f 1397/860/2480 1398/844/2481 1391/861/2482
f 1398/844/2483 1400/846/2483 1395/845/2483
f 1402/847/2484 1393/852/2484 1395/845/2484
f 1390/850/2322 1388/849/2322 1392/854/2322
f 1393/852/2323 1389/862/2323 1391/851/2323
f 1394/848/2485 1392/854/2485 1403/853/2485
f 1394/848/2486 1401/855/2486 1399/856/2486
f 1399/856/2487 1401/855/2487 1400/846/2487
f 1390/857/2326 1399/856/2326 1396/863/2326
f 1399/856/2488 1398/844/2481 1397/860/2480
f 1413/860/2489 1414/844/2490 1407/861/2491
f 1416/846/2492 1411/845/2492 1407/861/2492
f 1416/846/2493 1418/847/2493 1409/852/2493
f 1404/849/2333 1408/854/2333 1410/848/2333
f 1411/845/2334 1409/852/2334 1405/862/2334
f 1410/848/2335 1408/854/2335 1419/853/2335
f 1406/857/2494 1410/848/2494 1417/855/2494
f 1417/855/2495 1416/846/2329 1414/844/2331
f 1406/857/2339 1415/856/2341 1412/863/2340
f 1415/856/2496 1414/844/2490 1413/860/2489
f 1431/868/2497 1426/869/2497 1427/870/2497
f 1425/868/2343 1420/869/2343 1426/869/2343
f 1421/870/2344 1422/871/2344 1428/871/2344
f 1425/868/2345 1431/868/2345 1430/872/2346
f 1423/873/2347 1429/873/2347 1428/871/2347
f 1421/870/2348 1427/870/2348 1426/869/2349
f 1435/874/2498 1438/874/2498 1437/875/2498
f 1435/874/2499 1433/876/2499 1439/876/2499
f 1492/878/2353 1523/878/2367 1524/879/2353
f 1441/880/2355 1466/880/2355 1479/881/2356
f 1458/882/2357 1456/883/2357 1489/883/2358
f 1463/910/2500 1385/856/2500 1460/884/2500
f 1385/856/2501 1387/855/2501 1460/884/2501
f 1454/885/2361 1462/886/2362 1498/886/2362
f 1457/908/2502 1460/909/2502 1386/846/2502
f 1384/844/2503 1385/856/2503 1463/918/2503
f 1453/887/2504 1457/908/2504 1386/846/2504
f 1384/844/2505 1463/918/2505 1453/887/2505
f 1343/846/2506 1444/917/2506 1442/906/2506
f 1450/888/2507 1447/907/2507 1341/844/2507
f 1447/907/2508 1342/856/2508 1341/844/2508
f 1343/846/2509 1442/906/2509 1450/888/2509
f 1455/889/2365 1452/890/2365 1483/890/2366
f 1459/878/2367 1493/878/2353 1499/879/2354
f 1445/891/2368 1446/892/2368 1473/892/2368
f 1344/855/2510 1342/856/2510 1447/893/2510
f 1444/894/2511 1343/846/2511 1344/855/2511
f 1510/895/2512 1508/912/2512 1526/896/2512
f 1471/891/2369 1472/892/2368 1506/892/2368
f 1513/898/2513 1501/915/2513 1505/899/2513
f 1491/882/2357 1488/883/2357 1520/883/2357
f 1487/889/2365 1482/890/2366 1514/890/2365
f 1465/880/2355 1502/880/2355 1512/881/2373
f 1527/901/2375 1507/902/2376 1476/902/2376
f 1522/903/2514 1519/916/2514 1517/904/2514
f 1465/880/2386 1466/880/2386 1467/867/2386
f 1469/911/2387 1470/891/2389 1471/891/2388
f 1476/902/2439 1472/892/2439 1473/892/2439
f 1473/892/2515 1474/859/2515 1475/912/2515
f 1481/913/2516 1477/895/2516 1479/881/2516
f 1477/895/2517 1478/858/2517 1479/881/2517
f 1486/914/2437 1482/890/2437 1483/890/2437
f 1483/890/2518 1484/885/2518 1485/897/2518
f 1487/889/2393 1488/883/2393 1489/883/2393
f 1492/878/2394 1493/878/2394 1494/882/2394
f 1499/879/2519 1495/879/2435 1496/901/2436
f 1496/901/2520 1497/896/2520 1499/879/2520
f 1506/892/2521 1507/902/2521 1508/912/2521
f 1511/913/2522 1512/881/2522 1513/898/2522
f 1515/914/2400 1516/897/2523 1517/904/2401
f 1524/879/2524 1525/905/2524 1526/896/2524
f 1444/917/2525 1443/866/2525 1440/867/2525
f 1444/894/2526 1447/893/2526 1446/892/2526
f 1450/888/2527 1449/858/2527 1448/859/2527
f 1442/906/2528 1441/880/2528 1451/881/2528
f 1452/890/2529 1455/889/2529 1457/908/2529
f 1456/883/2530 1458/882/2530 1460/909/2530
f 1461/879/2531 1463/910/2531 1460/884/2531
f 1462/886/2532 1454/885/2532 1453/887/2532
f 1469/911/2318 1468/866/2318 1464/867/2318
f 1470/891/2369 1473/892/2368 1472/892/2368
f 1474/859/2414 1478/858/2533 1477/895/2415
f 1466/880/2355 1465/880/2355 1480/881/2374
f 1482/890/2366 1487/889/2365 1490/889/2365
f 1488/883/2357 1491/882/2357 1494/882/2359
f 1495/879/2354 1499/879/2354 1493/878/2353
f 1485/897/2417 1484/885/2534 1498/886/2418
f 1458/882/2394 1494/882/2394 1493/878/2394
f 1498/886/2421 1462/886/2421 1461/879/2421
f 1484/885/2422 1483/890/2422 1452/890/2422
f 1456/883/2393 1455/889/2393 1490/889/2393
f 1451/881/2423 1479/881/2423 1478/858/2423
f 1446/892/2424 1448/859/2424 1474/859/2424
f 1470/891/2389 1469/911/2387 1443/866/2388
f 1466/880/2386 1441/880/2426 1440/867/2426
f 1503/911/2535 1505/899/2535 1501/915/2535
f 1504/891/2536 1506/892/2536 1509/900/2536
f 1510/895/2537 1513/898/2537 1509/900/2537
f 1502/880/2538 1501/915/2538 1513/898/2538
f 1517/904/2539 1519/916/2539 1518/889/2539
f 1519/916/2540 1522/903/2540 1521/882/2540
f 1525/905/2541 1524/879/2541 1523/878/2541
f 1525/905/2542 1517/904/2542 1516/897/2542
f 1495/879/2435 1524/879/2436 1527/901/2436
f 1482/890/2437 1486/914/2437 1515/914/2437
f 1518/889/2393 1520/883/2393 1488/883/2393
f 1523/878/2394 1492/878/2394 1491/882/2394
f 1464/867/2386 1500/867/2386 1502/880/2386
f 1511/913/2438 1481/913/2391 1480/881/2374
f 1507/902/2439 1506/892/2439 1472/892/2439
f 1468/866/2389 1471/891/2388 1504/891/2388
f 1511/913/2543 1510/895/2543 1516/897/2543
f 1508/912/2544 1507/902/2544 1527/901/2544
f 1443/866/2318 1469/911/2318 1467/867/2318
f 2714/2607/4528 2710/2608/4528 2715/2609/4528
f 2727/2620/4536 2723/2621/4537 2728/2622/4538
f 2747/2652/4554 2756/2653/4554 2754/2654/4554
f 2756/2653/4555 2753/2655/4555 2754/2654/4555
f 2761/2667/2485 2767/2668/2485 2765/2669/2485
f 2767/2668/4563 2764/2670/4563 2765/2669/4563
f 2792/873/4577 2798/872/4577 2797/873/4577
f 2714/2607/4611 2715/2609/4611 2716/2721/4611
f 2727/2620/4536 2728/2622/4538 2729/2724/4617
f 2751/844/4622 2753/846/4622 2748/845/4622
f 2755/2725/4623 2746/2726/4623 2748/2727/4623
f 2747/2652/4554 2745/2731/4554 2756/2653/4554
usemtl Ivanhoe-Banner
f 2712/2610/4529 2714/2611/4529 2718/2612/4529
f 2711/2613/4530 2713/2614/4530 2707/2615/4530
f 2780/2616/4531 2778/2617/4531 2713/2614/4531
f 2707/2615/4532 2716/2618/4532 2709/2619/4532
f 2714/2611/4533 2716/2618/4534 2713/2614/4535
f 2730/2623/4539 2803/2624/4539 2727/2625/4539
f 2724/2626/4540 2726/2627/4540 2720/2628/4540
f 2730/2623/4541 2726/2627/4541 2731/2629/4541
f 2726/2627/4542 2722/2630/4542 2720/2628/4542
f 2727/2625/4543 2729/2631/4543 2726/2627/4543
f 2739/2632/4544 2735/2633/4544 2741/2634/4544
f 2741/2634/4545 2733/2635/4545 2738/2636/4545
f 2742/2637/4546 2732/2638/4546 2734/2639/4546
f 2742/2637/4547 2738/2636/4547 2737/2640/4547
f 2736/2641/4548 2742/2637/4548 2734/2639/4548
f 2739/2632/4549 2742/2637/4549 2740/2642/4549
f 2755/2643/4550 2748/2644/4550 2753/2645/4550
f 2793/2646/4551 2792/2647/4551 2750/2648/4551
f 2745/2649/4552 2749/2650/4552 2756/2651/4552
f 2749/2650/4553 2755/2643/4553 2756/2651/4553
f 2743/2656/4556 2752/2657/4557 2749/2658/4558
f 2752/2657/4557 2750/2659/4559 2749/2658/4558
f 2763/2660/4560 2760/2661/4560 2766/2662/4560
f 2759/2663/4561 2762/2664/4561 2767/2665/4561
f 2767/2665/4562 2808/2666/4562 2766/2662/4562
f 2775/2671/4564 2769/2672/4564 2771/2673/4564
f 2768/2674/4565 2776/2675/4565 2770/2676/4565
f 2772/2677/4566 2775/2671/4566 2776/2675/4566
f 2718/2612/4567 2714/2611/4567 2777/2678/4567
f 2779/2679/4568 2784/2680/4568 2778/2617/4568
f 2788/2681/4569 2785/2682/4569 2787/2683/4569
f 2781/2684/4570 2788/2681/4570 2787/2683/4570
f 2779/2679/4571 2786/2685/4571 2785/2682/4571
f 2778/2617/4572 2783/2686/4572 2777/2678/4572
f 2782/2687/4573 2783/2686/4573 2788/2681/4573
f 2781/2684/4574 2786/2685/4574 2780/2616/4574
f 2799/2688/4575 2795/2689/4575 2796/2690/4575
f 2790/2691/4576 2789/2692/4576 2746/2693/4576
f 2801/2694/4578 2804/2695/4578 2807/2696/4578
f 2725/2697/4579 2721/2698/4579 2800/2699/4579
f 2805/2700/4580 2807/2696/4580 2804/2695/4580
f 2812/2701/4581 2811/2702/4581 2810/2703/4581
f 2808/2666/4582 2809/2704/4583 2763/2660/4584
f 2809/2704/4585 2810/2703/4585 2762/2664/4585
f 2809/2704/4586 2811/2702/4587 2812/2701/4588
f 2808/2666/4589 2810/2703/4590 2811/2702/4591
f 2816/2705/4592 2822/2706/4593 2818/2707/4593
f 2815/2708/4594 2820/2709/4594 2813/2710/4594
f 2817/2711/4595 2816/2705/4595 2818/2707/4595
f 2819/2712/4596 2813/2713/4596 2820/2714/4596
f 2714/2611/4597 2708/2715/4597 2710/2716/4597
f 2712/2610/4598 2708/2715/4598 2714/2611/4598
f 2711/2613/4599 2719/2717/4600 2713/2614/4601
f 2719/2717/4602 2718/2612/4602 2781/2684/4602
f 2780/2616/4603 2779/2679/4603 2778/2617/4603
f 2719/2717/4604 2781/2684/4604 2780/2616/4604
f 2778/2617/4605 2714/2611/4606 2713/2614/4607
f 2713/2614/4601 2719/2717/4600 2780/2616/4608
f 2717/2718/4609 2718/2719/4609 2719/2720/4609
f 2707/2615/4610 2713/2614/4535 2716/2618/4534
f 2727/2625/4612 2721/2698/4612 2723/2722/4612
f 2730/2623/4613 2801/2694/4613 2803/2624/4613
f 2803/2624/4614 2802/2723/4614 2727/2625/4614
f 2724/2626/4615 2731/2629/4615 2726/2627/4615
f 2730/2623/4616 2727/2625/4616 2726/2627/4616
f 2726/2627/4542 2729/2631/4542 2722/2630/4542
f 2741/2634/4618 2735/2633/4618 2733/2635/4618
f 2742/2637/4619 2737/2640/4619 2732/2638/4619
f 2742/2637/4620 2741/2634/4620 2738/2636/4620
f 2736/2641/4548 2740/2642/4548 2742/2637/4548
f 2739/2632/4621 2741/2634/4621 2742/2637/4621
f 2792/2647/4624 2755/2643/4624 2750/2648/4624
f 2750/2648/4625 2744/2728/4625 2793/2646/4625
f 2744/2728/4626 2789/2692/4626 2793/2646/4626
f 2789/2692/4627 2794/2729/4627 2793/2646/4627
f 2745/2649/4628 2743/2730/4628 2749/2650/4628
f 2749/2650/4629 2750/2648/4629 2755/2643/4629
f 2756/2651/4630 2755/2643/4630 2753/2645/4630
f 2763/2660/4631 2758/2732/4631 2760/2661/4631
f 2759/2663/4632 2757/2733/4632 2762/2664/4632
f 2767/2665/4633 2762/2664/4633 2808/2666/4633
f 2767/2665/4634 2766/2662/4634 2764/2734/4634
f 2775/2671/4635 2773/2735/4635 2769/2672/4635
f 2768/2674/4636 2772/2677/4636 2776/2675/4636
f 2772/2677/4637 2773/2735/4637 2775/2671/4637
f 2776/2675/4638 2775/2671/4638 2774/2736/4638
f 2714/2611/4606 2778/2617/4605 2777/2678/4639
f 2777/2678/4640 2782/2687/4640 2718/2612/4640
f 2782/2687/4641 2781/2684/4641 2718/2612/4641
f 2779/2679/4642 2785/2682/4642 2784/2680/4642
f 2788/2681/4643 2783/2686/4643 2784/2680/4643
f 2785/2682/4644 2786/2685/4644 2787/2683/4644
f 2788/2681/4645 2784/2680/4645 2785/2682/4645
f 2781/2684/4646 2782/2687/4646 2788/2681/4646
f 2779/2679/4647 2780/2616/4647 2786/2685/4647
f 2778/2617/4648 2784/2680/4648 2783/2686/4648
f 2782/2687/4649 2777/2678/4649 2783/2686/4649
f 2781/2684/4650 2787/2683/4650 2786/2685/4650
f 2796/2690/4651 2797/2737/4651 2798/2738/4651
f 2796/2690/4652 2798/2738/4652 2799/2688/4652
f 2792/2647/4653 2791/2739/4653 2790/2691/4653
f 2789/2692/4654 2744/2728/4654 2746/2693/4654
f 2755/2643/4655 2792/2647/4655 2746/2693/4655
f 2792/2647/4656 2790/2691/4656 2746/2693/4656
f 2792/2740/4577 2793/2741/4577 2798/2742/4577
f 2801/2694/4657 2800/2699/4657 2804/2695/4657
f 2721/2698/4658 2727/2625/4658 2802/2723/4658
f 2800/2699/4659 2801/2694/4659 2725/2697/4659
f 2801/2694/4660 2730/2623/4660 2725/2697/4660
f 2721/2698/4661 2802/2723/4661 2800/2699/4661
f 2805/2700/4662 2806/2743/4662 2807/2696/4662
f 2802/2723/4663 2805/2700/4663 2804/2695/4663
f 2763/2660/4584 2766/2662/4664 2808/2666/4582
f 2809/2704/4665 2762/2664/4665 2763/2660/4665
f 2809/2704/4666 2812/2701/4666 2810/2703/4666
f 2809/2704/4586 2808/2666/4667 2811/2702/4587
f 2808/2666/4589 2762/2664/4668 2810/2703/4590
f 2816/2705/4592 2821/2744/4669 2822/2706/4593
f 2815/2745/4670 2817/2711/4670 2820/2714/4670
f 2817/2746/4671 2815/2708/4671 2816/2747/4671
f 2819/2712/4672 2814/2748/4672 2813/2713/4672
l 1627 1623
l 1763 1769
l 1663 1746
l 1899 1787
l 1893 1809
l 1819 1798
l 2034 2035
l 2001 2000
l 1920 2035
l 2046 2031
l 1804 1798
l 2031 1906
l 2509 2510
