# Blender 5.0.1
# www.blender.org
mtllib bancosSentar.mtl
g defaultMaterial_Malla
v -3.705373 2.862401 0.824022
v -3.705373 2.436205 0.703166
v -3.705522 2.438228 0.694102
v -3.705522 2.864751 0.815051
v -3.705927 2.439708 0.687466
v -3.705927 2.866471 0.808484
v -3.705927 2.866471 0.808484
v -3.705927 2.439708 0.687466
v -3.706481 2.440250 0.685038
v -3.706481 2.867100 0.806080
v -3.705373 0.763172 -1.330345
v -3.705373 0.032053 0.131259
v -3.705522 0.023418 0.128805
v -3.705515 0.754457 -1.330547
v -3.705927 0.017097 0.127002
v -3.705933 0.747997 -1.331553
v -3.705933 0.747997 -1.331553
v -3.705927 0.017097 0.127002
v -3.706481 0.014783 0.126333
v -3.706508 0.745585 -1.333086
v -3.705373 1.228249 0.786672
v -3.705373 1.088214 1.020805
v -3.705373 0.895507 0.936029
v -3.705373 1.082572 0.711356
v -3.705373 2.093503 0.989739
v -3.705373 2.011119 1.335805
v -3.705373 1.756373 1.271483
v -3.705373 1.834855 0.935573
v -3.705373 2.756889 1.136225
v -3.705373 2.651378 1.448428
v -3.705373 2.270005 1.384556
v -3.705373 2.353105 1.043861
v -3.705373 1.498525 1.180078
v -3.705373 1.575242 0.883976
v -3.705373 0.879987 0.577793
v -3.705373 0.584020 0.786208
v -3.705373 0.278495 0.623266
v -3.705373 0.700705 0.434145
v -3.705373 1.381938 0.843082
v -3.705373 1.282463 1.101022
v -3.705522 2.650141 1.457651
v -3.705522 2.268579 1.393747
v -3.706481 2.648905 1.466873
v -3.706481 2.267154 1.402938
v -3.705927 2.267536 1.400476
v -3.705927 2.649236 1.464402
v -3.705927 2.649236 1.464402
v -3.705927 2.267536 1.400476
v -3.705927 1.277316 1.116191
v -3.705927 1.494496 1.195637
v -3.706481 1.493873 1.198044
v -3.706481 1.276520 1.118538
v -3.705522 1.496199 1.189061
v -3.705522 1.279491 1.109780
v -3.705927 1.494496 1.195637
v -3.705927 1.277316 1.116191
v -3.706481 1.081778 1.038118
v -3.705927 1.082641 1.035798
v -3.705927 1.082641 1.035798
v -3.705522 1.084996 1.029461
v -3.705927 1.483515 0.569037
v -3.705927 1.374357 0.537579
v -3.706481 1.375296 0.535264
v -3.706481 1.483841 0.566546
v -3.705373 1.481413 0.585142
v -3.705373 1.368283 0.552539
v -3.705522 1.371790 0.543902
v -3.705522 1.482627 0.575844
v -3.705927 1.374357 0.537579
v -3.705927 1.483515 0.569037
v -3.705927 1.279577 0.474304
v -3.706481 1.281115 0.472389
v -3.705373 1.269636 0.486683
v -3.705522 1.275375 0.479536
v -3.705927 1.279577 0.474304
v -3.705927 2.178625 0.627799
v -3.706481 2.179049 0.625343
v -3.705373 2.175886 0.643673
v -3.705522 2.177468 0.634508
v -3.705927 2.178625 0.627799
v -3.705927 1.914824 0.583581
v -3.706481 1.915054 0.581092
v -3.705373 1.913337 0.599664
v -3.705522 1.914195 0.590378
v -3.705927 1.914824 0.583581
v -3.706481 2.007614 1.354064
v -3.705927 2.008083 1.351618
v -3.705927 2.008083 1.351618
v -3.705522 2.009366 1.344935
v -3.706481 1.751633 1.289430
v -3.705927 1.752269 1.287025
v -3.705927 1.752269 1.287025
v -3.705522 1.754003 1.280456
v -3.705927 1.652389 0.571742
v -3.706481 1.652456 0.569247
v -3.705373 1.651960 0.587873
v -3.705522 1.652207 0.578560
v -3.705927 1.652389 0.571742
v -3.705927 1.188780 0.360612
v -3.705927 1.137605 0.240629
v -3.706481 1.139877 0.239949
v -3.706481 1.190764 0.359256
v -3.705373 1.175954 0.369378
v -3.705373 1.122915 0.245025
v -3.705522 1.131396 0.242487
v -3.705522 1.183359 0.364317
v -3.705927 1.137605 0.240629
v -3.705927 1.188780 0.360612
v -3.705927 0.577573 0.800796
v -3.705927 0.889557 0.950856
v -3.706481 0.888636 0.953150
v -3.706481 0.576576 0.803053
v -3.705522 0.892072 0.944589
v -3.705522 0.580298 0.794631
v -3.705927 0.889557 0.950856
v -3.705927 0.577573 0.800796
v -3.706481 0.270414 0.639771
v -3.705927 0.271497 0.637560
v -3.705927 0.271497 0.637560
v -3.705522 0.274455 0.631519
v -3.706506 0.004468 0.308625
v -3.706481 0.009267 0.137348
v -3.705927 0.011581 0.138010
v -3.705939 0.006766 0.307952
v -3.705939 0.006766 0.307952
v -3.705927 0.011581 0.138010
v -3.705522 0.017901 0.139819
v -3.705525 0.013044 0.306115
v -3.705373 0.026535 0.142290
v -3.705373 0.021621 0.303604
v -3.705515 0.797027 -1.415526
v -3.705594 0.800482 -1.422913
v -3.705512 0.808061 -1.424419
v -3.705373 0.805746 -1.415456
v -3.706004 0.801652 -1.429279
v -3.705925 0.808955 -1.431325
v -3.705925 0.808955 -1.431325
v -3.706004 0.801652 -1.429279
v -3.706499 0.800143 -1.431066
v -3.706495 0.808177 -1.434246
v -3.706006 0.794445 -1.423460
v -3.706504 0.793274 -1.425518
v -3.706504 0.793274 -1.425518
v -3.706006 0.794445 -1.423460
v -3.705933 0.790558 -1.416486
v -3.706510 0.788140 -1.418070
v -3.706006 0.794445 -1.423460
v -3.705933 0.790558 -1.416486
v -3.705927 1.128546 0.021742
v -3.705927 1.137150 -0.094740
v -3.706481 1.139516 -0.095159
v -3.706481 1.130897 0.021544
v -3.705522 1.122121 0.022285
v -3.705522 1.130687 -0.093598
v -3.705927 1.137150 -0.094740
v -3.705927 1.128546 0.021742
v -3.705373 1.113344 0.023027
v -3.705373 1.121857 -0.092036
v -3.705373 0.567483 0.163316
v -3.705373 0.622707 -0.000730
v -3.705522 1.230160 -1.439327
v -3.705373 1.220628 -1.427067
v -3.705373 1.212807 -1.463933
v -3.705523 1.222185 -1.475804
v -3.705373 1.186881 -1.489066
v -3.705524 1.195950 -1.500582
v -3.705373 1.152467 -1.493258
v -3.705525 1.161164 -1.504492
v -3.706506 1.170557 -1.515892
v -3.705939 1.168048 -1.512837
v -3.705939 1.168048 -1.512837
v -3.705927 1.230353 -1.356449
v -3.705927 1.237097 -1.447737
v -3.706481 1.239637 -1.450830
v -3.706481 1.232882 -1.359361
v -3.705522 1.223449 -1.348529
v -3.705927 1.237097 -1.447737
v -3.705927 1.230353 -1.356449
v -3.705373 1.213964 -1.336991
v -3.705373 1.133988 -1.335812
v -3.705929 1.229108 -1.484228
v -3.706484 1.231641 -1.487319
v -3.706494 1.205364 -1.512068
v -3.705934 1.202845 -1.508989
v -3.705929 1.229108 -1.484228
v -3.705934 1.202845 -1.508989
v -3.705522 3.263566 1.013138
v -3.705373 3.252867 1.019459
v -3.705373 3.253368 0.983812
v -3.705522 3.264068 0.977491
v -3.705373 3.237292 0.952593
v -3.705522 3.247992 0.946273
v -3.705373 3.208874 0.934028
v -3.705522 3.219573 0.927708
v -3.705927 3.080387 1.472973
v -3.706481 3.081519 1.475649
v -3.706481 3.059258 1.499972
v -3.705927 3.058126 1.497296
v -3.705927 3.058126 1.497296
v -3.706481 3.059258 1.499972
v -3.706481 3.030288 1.514021
v -3.705927 3.029156 1.511345
v -3.706481 2.998534 1.515892
v -3.705927 2.997402 1.513215
v -3.705927 2.997402 1.513215
v -3.705522 2.994311 1.505903
v -3.705373 2.990088 1.495915
v -3.705927 3.227407 0.923081
v -3.705927 3.227407 0.923081
v -3.706481 3.230274 0.921388
v -3.705927 3.175893 1.240742
v -3.705927 3.271400 1.008512
v -3.706481 3.274267 1.006818
v -3.706481 3.177893 1.241234
v -3.705373 3.162970 1.237566
v -3.705522 3.170431 1.239400
v -3.705927 3.271400 1.008512
v -3.705927 3.175893 1.240742
v -3.705373 3.050812 1.479996
v -3.705373 3.021842 1.494045
v -3.705373 3.097086 1.221124
v -3.705927 3.271901 0.972865
v -3.706481 3.274768 0.971171
v -3.706481 3.258692 0.939953
v -3.705927 3.255825 0.941646
v -3.706481 3.274768 0.971171
v -3.705927 3.271901 0.972865
v -3.705927 3.271901 0.972865
v -3.705927 3.255825 0.941646
v -3.705927 3.058126 1.497296
v -3.705522 3.055035 1.489984
v -3.705522 3.077296 1.465662
v -3.705927 3.080387 1.472973
v -3.705522 3.026065 1.504033
v -3.705927 3.029156 1.511345
v -3.705373 3.073074 1.455673
v -3.705373 0.568586 0.294993
v -3.705373 0.028534 0.475669
v -3.705373 0.017696 0.456660
v -3.705373 0.562971 0.274293
v -3.705373 1.108247 0.091926
v -3.705522 1.116969 0.091986
v -3.705522 1.117352 0.113914
v -3.705373 1.108638 0.114316
v -3.705927 1.123366 0.091860
v -3.705927 1.123750 0.113789
v -3.705927 1.123366 0.091860
v -3.706481 1.125708 0.091815
v -3.706481 1.126092 0.113743
v -3.705927 1.123750 0.113789
v -3.705927 0.012571 0.484670
v -3.706481 0.010176 0.486106
v -3.706483 0.000028 0.467057
v -3.705928 0.002396 0.465637
v -3.705928 0.002396 0.465637
v -3.705522 0.008853 0.462189
v -3.705522 0.019464 0.480952
v -3.705927 0.012571 0.484670
v -3.707215 1.231641 -1.487319
v -3.707224 1.205364 -1.512068
v -3.711430 1.205364 -1.512068
v -3.711421 1.231641 -1.487319
v -3.707236 1.170557 -1.515892
v -3.711442 1.170557 -1.515892
v -3.707226 0.808177 -1.434246
v -3.711432 0.808177 -1.434246
v -3.707231 0.800143 -1.431066
v -3.711436 0.800143 -1.431066
v -3.707235 0.793274 -1.425518
v -3.711440 0.793274 -1.425518
v -3.707235 0.793274 -1.425518
v -3.707241 0.788140 -1.418070
v -3.711446 0.788140 -1.418070
v -3.711440 0.793274 -1.425518
v -3.707239 0.745585 -1.333086
v -3.711444 0.745585 -1.333086
v -3.707211 0.014783 0.126333
v -3.711417 0.014783 0.126333
v -3.707211 0.009267 0.137348
v -3.711417 0.009267 0.137348
v -3.707236 0.004468 0.308625
v -3.711441 0.004468 0.308625
v -3.707214 0.000028 0.467057
v -3.711419 0.000028 0.467057
v -3.707211 0.010176 0.486106
v -3.711417 0.010176 0.486106
v -3.707211 0.270414 0.639771
v -3.711417 0.270414 0.639771
v -3.707211 0.576576 0.803053
v -3.711417 0.576576 0.803053
v -3.707211 0.888636 0.953150
v -3.711417 0.888636 0.953150
v -3.707211 1.081778 1.038118
v -3.711417 1.081778 1.038118
v -3.707211 1.276520 1.118538
v -3.711417 1.276520 1.118538
v -3.707212 1.493873 1.198044
v -3.711418 1.493873 1.198044
v -3.707211 1.751633 1.289430
v -3.711417 1.751633 1.289430
v -3.707211 2.007614 1.354064
v -3.711417 2.007614 1.354064
v -3.707211 2.267154 1.402938
v -3.711417 2.267154 1.402938
v -3.707211 2.648905 1.466873
v -3.711417 2.648905 1.466873
v -3.707211 2.998534 1.515892
v -3.711417 2.998534 1.515892
v -3.707211 3.030288 1.514021
v -3.711417 3.030288 1.514021
v -3.707211 3.059258 1.499972
v -3.711417 3.059258 1.499972
v -3.707211 3.059258 1.499972
v -3.707211 3.081519 1.475649
v -3.711417 3.081519 1.475649
v -3.711417 3.059258 1.499972
v -3.707211 3.177893 1.241234
v -3.711417 3.177893 1.241234
v -3.707211 3.274267 1.006818
v -3.711417 3.274267 1.006818
v -3.707211 3.274768 0.971171
v -3.711417 3.274768 0.971171
v -3.707211 3.274768 0.971171
v -3.707211 3.258692 0.939953
v -3.711417 3.258692 0.939953
v -3.711417 3.274768 0.971171
v -3.707211 3.230274 0.921388
v -3.711417 3.230274 0.921388
v -3.707211 2.867100 0.806080
v -3.711417 2.867100 0.806080
v -3.707211 2.440250 0.685038
v -3.711417 2.440250 0.685038
v -3.707211 2.179049 0.625343
v -3.711417 2.179049 0.625343
v -3.707211 1.915054 0.581092
v -3.711417 1.915054 0.581092
v -3.707211 1.652456 0.569247
v -3.711417 1.652456 0.569247
v -3.707211 1.483841 0.566546
v -3.711417 1.483841 0.566546
v -3.707211 1.375296 0.535264
v -3.711417 1.375296 0.535264
v -3.707211 1.281115 0.472389
v -3.711417 1.281115 0.472389
v -3.707211 1.190764 0.359256
v -3.711417 1.190764 0.359256
v -3.707211 1.139877 0.239949
v -3.711417 1.139877 0.239949
v -3.707211 1.126092 0.113743
v -3.711417 1.126092 0.113743
v -3.707211 1.125708 0.091815
v -3.711417 1.125708 0.091815
v -3.707211 1.130897 0.021544
v -3.711417 1.130897 0.021544
v -3.707211 1.139516 -0.095159
v -3.711417 1.139516 -0.095159
v -3.707211 1.232882 -1.359361
v -3.711417 1.232882 -1.359361
v -3.707211 1.239637 -1.450830
v -3.711417 1.239637 -1.450830
v -3.835791 2.862401 0.824022
v -3.835643 2.864751 0.815051
v -3.835643 2.438228 0.694102
v -3.835791 2.436205 0.703166
v -3.835237 2.866471 0.808484
v -3.835237 2.439708 0.687466
v -3.835237 2.866471 0.808484
v -3.834684 2.867100 0.806080
v -3.834684 2.440250 0.685038
v -3.835237 2.439708 0.687466
v -3.835791 0.763172 -1.330345
v -3.835649 0.754457 -1.330547
v -3.835643 0.023418 0.128805
v -3.835791 0.032053 0.131259
v -3.835232 0.747997 -1.331553
v -3.835237 0.017097 0.127002
v -3.835232 0.747997 -1.331553
v -3.834656 0.745585 -1.333086
v -3.834683 0.014783 0.126333
v -3.835237 0.017097 0.127002
v -3.835791 1.228249 0.786672
v -3.835791 1.082572 0.711356
v -3.835791 0.895507 0.936029
v -3.835791 1.088214 1.020805
v -3.835791 2.093503 0.989739
v -3.835791 1.834855 0.935573
v -3.835791 1.756373 1.271483
v -3.835791 2.011119 1.335805
v -3.835791 2.756889 1.136225
v -3.835791 2.353105 1.043861
v -3.835791 2.270005 1.384556
v -3.835791 2.651378 1.448428
v -3.835791 1.575242 0.883976
v -3.835791 1.498525 1.180078
v -3.835791 0.879987 0.577793
v -3.835791 0.700705 0.434145
v -3.835791 0.278495 0.623266
v -3.835791 0.584020 0.786208
v -3.835791 1.381938 0.843082
v -3.835791 1.282463 1.101022
v -3.835643 2.650141 1.457651
v -3.835643 2.268579 1.393747
v -3.834684 2.648905 1.466873
v -3.835237 2.649236 1.464402
v -3.835237 2.267536 1.400476
v -3.834684 2.267154 1.402938
v -3.835237 2.649236 1.464402
v -3.835237 2.267536 1.400476
v -3.835237 1.277316 1.116191
v -3.834684 1.276520 1.118538
v -3.834683 1.493873 1.198044
v -3.835237 1.494496 1.195637
v -3.835643 1.279491 1.109780
v -3.835643 1.496199 1.189061
v -3.835237 1.277316 1.116191
v -3.835237 1.494496 1.195637
v -3.835237 1.082641 1.035798
v -3.834684 1.081778 1.038118
v -3.835643 1.084996 1.029461
v -3.835237 1.082641 1.035798
v -3.835237 1.483515 0.569037
v -3.834684 1.483841 0.566546
v -3.834684 1.375296 0.535264
v -3.835237 1.374357 0.537579
v -3.835791 1.481413 0.585142
v -3.835643 1.482627 0.575844
v -3.835643 1.371790 0.543902
v -3.835791 1.368283 0.552539
v -3.835237 1.483515 0.569037
v -3.835237 1.374357 0.537579
v -3.834684 1.281115 0.472389
v -3.835237 1.279577 0.474304
v -3.835643 1.275375 0.479536
v -3.835791 1.269636 0.486683
v -3.835237 1.279577 0.474304
v -3.834684 2.179049 0.625343
v -3.835237 2.178625 0.627799
v -3.835643 2.177468 0.634508
v -3.835791 2.175886 0.643673
v -3.835237 2.178625 0.627799
v -3.834684 1.915054 0.581092
v -3.835237 1.914824 0.583581
v -3.835643 1.914195 0.590378
v -3.835791 1.913337 0.599664
v -3.835237 1.914824 0.583581
v -3.835237 2.008083 1.351618
v -3.834684 2.007614 1.354064
v -3.835643 2.009366 1.344935
v -3.835237 2.008083 1.351618
v -3.835237 1.752269 1.287025
v -3.834684 1.751633 1.289430
v -3.835643 1.754003 1.280456
v -3.835237 1.752269 1.287025
v -3.834684 1.652456 0.569247
v -3.835237 1.652389 0.571742
v -3.835643 1.652207 0.578560
v -3.835791 1.651960 0.587873
v -3.835237 1.652389 0.571742
v -3.835237 1.188780 0.360612
v -3.834684 1.190764 0.359256
v -3.834684 1.139877 0.239949
v -3.835237 1.137605 0.240629
v -3.835791 1.175954 0.369378
v -3.835643 1.183359 0.364317
v -3.835643 1.131396 0.242487
v -3.835791 1.122915 0.245025
v -3.835237 1.188780 0.360612
v -3.835237 1.137605 0.240629
v -3.835237 0.577573 0.800796
v -3.834684 0.576576 0.803053
v -3.834684 0.888636 0.953150
v -3.835237 0.889557 0.950856
v -3.835643 0.580298 0.794631
v -3.835643 0.892072 0.944589
v -3.835237 0.577573 0.800796
v -3.835237 0.889557 0.950856
v -3.835237 0.271497 0.637560
v -3.834684 0.270414 0.639771
v -3.835643 0.274455 0.631519
v -3.835237 0.271497 0.637560
v -3.834660 0.004468 0.308625
v -3.835225 0.006766 0.307952
v -3.835237 0.011581 0.138010
v -3.834684 0.009267 0.137348
v -3.835225 0.006766 0.307952
v -3.835640 0.013044 0.306115
v -3.835643 0.017901 0.139819
v -3.835237 0.011581 0.138010
v -3.835791 0.021621 0.303604
v -3.835791 0.026535 0.142290
v -3.835650 0.797027 -1.415526
v -3.835791 0.805746 -1.415456
v -3.835652 0.808061 -1.424419
v -3.835571 0.800482 -1.422913
v -3.835240 0.808955 -1.431325
v -3.835161 0.801652 -1.429279
v -3.835240 0.808955 -1.431325
v -3.834669 0.808177 -1.434246
v -3.834665 0.800143 -1.431066
v -3.835161 0.801652 -1.429279
v -3.834660 0.793274 -1.425518
v -3.835158 0.794445 -1.423460
v -3.834660 0.793274 -1.425518
v -3.834655 0.788140 -1.418070
v -3.835232 0.790558 -1.416486
v -3.835158 0.794445 -1.423460
v -3.835158 0.794445 -1.423460
v -3.835232 0.790558 -1.416486
v -3.835237 1.128546 0.021742
v -3.834684 1.130897 0.021544
v -3.834684 1.139516 -0.095159
v -3.835237 1.137150 -0.094740
v -3.835643 1.122121 0.022285
v -3.835237 1.128546 0.021742
v -3.835237 1.137150 -0.094740
v -3.835643 1.130687 -0.093598
v -3.835791 1.113344 0.023027
v -3.835791 1.121857 -0.092036
v -3.835791 0.622707 -0.000730
v -3.835791 0.567483 0.163316
v -3.835643 1.230160 -1.439327
v -3.835642 1.222185 -1.475804
v -3.835791 1.212807 -1.463933
v -3.835791 1.220628 -1.427067
v -3.835641 1.195950 -1.500582
v -3.835791 1.186881 -1.489066
v -3.835639 1.161164 -1.504492
v -3.835791 1.152467 -1.493258
v -3.835225 1.168048 -1.512837
v -3.834659 1.170557 -1.515892
v -3.835225 1.168048 -1.512837
v -3.835237 1.230353 -1.356449
v -3.834684 1.232882 -1.359361
v -3.834684 1.239637 -1.450830
v -3.835237 1.237097 -1.447737
v -3.835643 1.223449 -1.348529
v -3.835237 1.230353 -1.356449
v -3.835237 1.237097 -1.447737
v -3.835791 1.213964 -1.336991
v -3.835791 1.133988 -1.335812
v -3.835236 1.229108 -1.484228
v -3.834680 1.231641 -1.487319
v -3.835231 1.202845 -1.508989
v -3.834671 1.205364 -1.512068
v -3.835236 1.229108 -1.484228
v -3.835231 1.202845 -1.508989
v -3.835643 3.263566 1.013138
v -3.835643 3.264068 0.977491
v -3.835791 3.253368 0.983812
v -3.835791 3.252867 1.019459
v -3.835643 3.247992 0.946273
v -3.835791 3.237292 0.952593
v -3.835643 3.219573 0.927708
v -3.835791 3.208874 0.934028
v -3.835237 3.080387 1.472973
v -3.835237 3.058126 1.497296
v -3.834684 3.059258 1.499972
v -3.834684 3.081519 1.475649
v -3.835237 3.058126 1.497296
v -3.835237 3.029156 1.511345
v -3.834684 3.030288 1.514021
v -3.834684 3.059258 1.499972
v -3.835237 2.997402 1.513215
v -3.834684 2.998534 1.515892
v -3.835237 2.997402 1.513215
v -3.835643 2.994311 1.505903
v -3.835791 2.990088 1.495915
v -3.835237 3.227407 0.923081
v -3.835237 3.227407 0.923081
v -3.834684 3.230274 0.921388
v -3.835237 3.175893 1.240742
v -3.834684 3.177893 1.241234
v -3.834684 3.274267 1.006818
v -3.835237 3.271400 1.008512
v -3.835791 3.162970 1.237566
v -3.835643 3.170431 1.239400
v -3.835237 3.175893 1.240742
v -3.835237 3.271400 1.008512
v -3.835791 3.050812 1.479996
v -3.835791 3.097086 1.221124
v -3.835791 3.021842 1.494045
v -3.835237 3.271901 0.972865
v -3.834684 3.274768 0.971171
v -3.835237 3.255825 0.941646
v -3.834684 3.258692 0.939953
v -3.835237 3.271901 0.972865
v -3.834684 3.274768 0.971171
v -3.835237 3.271901 0.972865
v -3.835237 3.255825 0.941646
v -3.835237 3.058126 1.497296
v -3.835237 3.080387 1.472973
v -3.835643 3.077296 1.465662
v -3.835643 3.055035 1.489984
v -3.835237 3.029156 1.511345
v -3.835643 3.026065 1.504033
v -3.835791 3.073074 1.455673
v -3.835791 0.568586 0.294993
v -3.835791 0.562971 0.274293
v -3.835791 0.017696 0.456660
v -3.835791 0.028534 0.475669
v -3.835791 1.108247 0.091926
v -3.835791 1.108638 0.114316
v -3.835643 1.117352 0.113914
v -3.835643 1.116969 0.091986
v -3.835237 1.123750 0.113789
v -3.835237 1.123366 0.091860
v -3.835237 1.123366 0.091860
v -3.835237 1.123750 0.113789
v -3.834684 1.126092 0.113743
v -3.834684 1.125708 0.091815
v -3.835237 0.012571 0.484670
v -3.835237 0.002396 0.465637
v -3.834682 0.000028 0.467057
v -3.834684 0.010176 0.486106
v -3.835237 0.002396 0.465637
v -3.835237 0.012571 0.484670
v -3.835643 0.019464 0.480952
v -3.835642 0.008853 0.462189
v -3.833949 1.231641 -1.487319
v -3.829744 1.231641 -1.487319
v -3.829735 1.205364 -1.512068
v -3.833940 1.205364 -1.512068
v -3.829723 1.170557 -1.515892
v -3.833928 1.170557 -1.515892
v -3.829733 0.808177 -1.434246
v -3.833938 0.808177 -1.434246
v -3.829729 0.800143 -1.431066
v -3.833935 0.800143 -1.431066
v -3.829725 0.793274 -1.425518
v -3.833930 0.793274 -1.425518
v -3.833930 0.793274 -1.425518
v -3.829725 0.793274 -1.425518
v -3.829719 0.788140 -1.418070
v -3.833923 0.788140 -1.418070
v -3.829720 0.745585 -1.333086
v -3.833925 0.745585 -1.333086
v -3.829747 0.014783 0.126333
v -3.833953 0.014783 0.126333
v -3.829747 0.009267 0.137348
v -3.833953 0.009267 0.137348
v -3.829724 0.004468 0.308625
v -3.833929 0.004468 0.308625
v -3.829745 0.000028 0.467057
v -3.833951 0.000028 0.467057
v -3.829747 0.010176 0.486106
v -3.833953 0.010176 0.486106
v -3.829747 0.270414 0.639771
v -3.833953 0.270414 0.639771
v -3.829747 0.576576 0.803053
v -3.833953 0.576576 0.803053
v -3.829747 0.888636 0.953150
v -3.833953 0.888636 0.953150
v -3.829747 1.081778 1.038118
v -3.833953 1.081778 1.038118
v -3.829747 1.276520 1.118538
v -3.833953 1.276520 1.118538
v -3.829747 1.493873 1.198044
v -3.833953 1.493873 1.198044
v -3.829747 1.751633 1.289430
v -3.833953 1.751633 1.289430
v -3.829747 2.007614 1.354064
v -3.833953 2.007614 1.354064
v -3.829747 2.267154 1.402938
v -3.833953 2.267154 1.402938
v -3.829747 2.648905 1.466873
v -3.833953 2.648905 1.466873
v -3.829747 2.998534 1.515892
v -3.833953 2.998534 1.515892
v -3.829747 3.030288 1.514021
v -3.833953 3.030288 1.514021
v -3.829747 3.059258 1.499972
v -3.833953 3.059258 1.499972
v -3.833953 3.059258 1.499972
v -3.829747 3.059258 1.499972
v -3.829747 3.081519 1.475649
v -3.833953 3.081519 1.475649
v -3.829747 3.177893 1.241234
v -3.833953 3.177893 1.241234
v -3.829747 3.274267 1.006818
v -3.833953 3.274267 1.006818
v -3.829747 3.274768 0.971171
v -3.833953 3.274768 0.971171
v -3.833953 3.274768 0.971171
v -3.829747 3.274768 0.971171
v -3.829747 3.258692 0.939953
v -3.833953 3.258692 0.939953
v -3.829747 3.230274 0.921388
v -3.833953 3.230274 0.921388
v -3.829747 2.867100 0.806080
v -3.833953 2.867100 0.806080
v -3.829747 2.440250 0.685038
v -3.833953 2.440250 0.685038
v -3.829747 2.179049 0.625343
v -3.833953 2.179049 0.625343
v -3.829747 1.915054 0.581092
v -3.833953 1.915054 0.581092
v -3.829747 1.652456 0.569247
v -3.833953 1.652456 0.569247
v -3.829747 1.483841 0.566546
v -3.833953 1.483841 0.566546
v -3.829747 1.375296 0.535264
v -3.833953 1.375296 0.535264
v -3.829747 1.281115 0.472389
v -3.833953 1.281115 0.472389
v -3.829747 1.190764 0.359256
v -3.833953 1.190764 0.359256
v -3.829747 1.139877 0.239949
v -3.833953 1.139877 0.239949
v -3.829747 1.126092 0.113743
v -3.833953 1.126092 0.113743
v -3.829747 1.125708 0.091815
v -3.833953 1.125708 0.091815
v -3.829747 1.130897 0.021544
v -3.833953 1.130897 0.021544
v -3.829747 1.139516 -0.095159
v -3.833953 1.139516 -0.095159
v -3.829747 1.232882 -1.359361
v -3.833953 1.232882 -1.359361
v -3.829747 1.239637 -1.450830
v -3.833953 1.239637 -1.450830
v 3.705374 2.862401 0.824022
v 3.705523 2.864751 0.815051
v 3.705523 2.438228 0.694102
v 3.705374 2.436205 0.703166
v 3.705928 2.866471 0.808484
v 3.705928 2.439708 0.687466
v 3.706481 2.867100 0.806080
v 3.706481 2.440250 0.685038
v 3.705374 0.763172 -1.330345
v 3.705516 0.754457 -1.330547
v 3.705523 0.023418 0.128805
v 3.705374 0.032053 0.131259
v 3.705933 0.747997 -1.331553
v 3.705928 0.017097 0.127002
v 3.706509 0.745585 -1.333086
v 3.706482 0.014783 0.126333
v 3.705374 1.228249 0.786672
v 3.705374 1.082572 0.711356
v 3.705374 0.895507 0.936029
v 3.705374 1.088214 1.020805
v 3.705374 2.093503 0.989739
v 3.705374 1.834855 0.935573
v 3.705374 1.756373 1.271483
v 3.705374 2.011119 1.335805
v 3.705374 2.756889 1.136225
v 3.705374 2.353105 1.043861
v 3.705374 2.270005 1.384556
v 3.705374 2.651378 1.448428
v 3.705374 1.575242 0.883976
v 3.705374 1.498525 1.180078
v 3.705374 0.879987 0.577793
v 3.705374 0.700705 0.434145
v 3.705374 0.278495 0.623266
v 3.705374 0.584020 0.786208
v 3.705374 1.381938 0.843082
v 3.705374 1.282463 1.101022
v 3.705523 2.650141 1.457651
v 3.705523 2.268579 1.393747
v 3.706481 2.648905 1.466873
v 3.705928 2.649236 1.464402
v 3.705928 2.267536 1.400476
v 3.706481 2.267154 1.402938
v 3.705928 1.277316 1.116191
v 3.706481 1.276520 1.118538
v 3.706482 1.493873 1.198044
v 3.705928 1.494496 1.195637
v 3.705523 1.279491 1.109780
v 3.705523 1.496199 1.189061
v 3.705928 1.082641 1.035798
v 3.706481 1.081778 1.038118
v 3.705523 1.084996 1.029461
v 3.705928 1.483515 0.569037
v 3.706481 1.483841 0.566546
v 3.706481 1.375296 0.535264
v 3.705928 1.374357 0.537579
v 3.705374 1.481413 0.585142
v 3.705523 1.482627 0.575844
v 3.705523 1.371790 0.543902
v 3.705374 1.368283 0.552539
v 3.706481 1.281115 0.472389
v 3.705928 1.279577 0.474304
v 3.705523 1.275375 0.479536
v 3.705374 1.269636 0.486683
v 3.706481 2.179049 0.625343
v 3.705928 2.178625 0.627799
v 3.705523 2.177468 0.634508
v 3.705374 2.175886 0.643673
v 3.706481 1.915054 0.581092
v 3.705928 1.914824 0.583581
v 3.705523 1.914195 0.590378
v 3.705374 1.913337 0.599664
v 3.705928 2.008083 1.351618
v 3.706481 2.007614 1.354064
v 3.705523 2.009366 1.344935
v 3.705928 1.752269 1.287025
v 3.706481 1.751633 1.289430
v 3.705523 1.754003 1.280456
v 3.706481 1.652456 0.569247
v 3.705928 1.652389 0.571742
v 3.705523 1.652207 0.578560
v 3.705374 1.651960 0.587873
v 3.705928 1.188780 0.360612
v 3.706481 1.190764 0.359256
v 3.706481 1.139877 0.239949
v 3.705928 1.137605 0.240629
v 3.705374 1.175954 0.369378
v 3.705523 1.183359 0.364317
v 3.705523 1.131396 0.242487
v 3.705374 1.122915 0.245025
v 3.705928 0.577573 0.800796
v 3.706481 0.576576 0.803053
v 3.706481 0.888636 0.953150
v 3.705928 0.889557 0.950856
v 3.705523 0.580298 0.794631
v 3.705523 0.892072 0.944589
v 3.705928 0.271497 0.637560
v 3.706481 0.270414 0.639771
v 3.705523 0.274455 0.631519
v 3.706506 0.004468 0.308625
v 3.705940 0.006766 0.307952
v 3.705928 0.011581 0.138010
v 3.706481 0.009267 0.137348
v 3.705525 0.013044 0.306115
v 3.705523 0.017901 0.139819
v 3.705374 0.021621 0.303604
v 3.705374 0.026535 0.142290
v 3.705515 0.797027 -1.415526
v 3.705374 0.805746 -1.415456
v 3.705513 0.808061 -1.424419
v 3.705595 0.800482 -1.422913
v 3.705925 0.808955 -1.431325
v 3.706004 0.801652 -1.429279
v 3.706496 0.808177 -1.434246
v 3.706500 0.800143 -1.431066
v 3.706506 0.793274 -1.425518
v 3.706007 0.794445 -1.423460
v 3.706511 0.788140 -1.418070
v 3.705933 0.790558 -1.416486
v 3.705928 1.128546 0.021742
v 3.706481 1.130897 0.021544
v 3.706481 1.139516 -0.095159
v 3.705928 1.137150 -0.094740
v 3.705523 1.122121 0.022285
v 3.705523 1.130687 -0.093598
v 3.705374 1.113344 0.023027
v 3.705374 1.121857 -0.092036
v 3.705374 0.622707 -0.000730
v 3.705374 0.567483 0.163316
v 3.705523 1.230160 -1.439327
v 3.705523 1.222185 -1.475804
v 3.705374 1.212807 -1.463933
v 3.705374 1.220628 -1.427067
v 3.705525 1.195950 -1.500582
v 3.705374 1.186881 -1.489066
v 3.705526 1.161164 -1.504492
v 3.705374 1.152467 -1.493258
v 3.705940 1.168048 -1.512837
v 3.706506 1.170557 -1.515892
v 3.705928 1.230353 -1.356449
v 3.706481 1.232882 -1.359361
v 3.706481 1.239637 -1.450830
v 3.705928 1.237097 -1.447737
v 3.705523 1.223449 -1.348529
v 3.705374 1.213964 -1.336991
v 3.705374 1.133988 -1.335812
v 3.705930 1.229108 -1.484228
v 3.706485 1.231641 -1.487319
v 3.705935 1.202845 -1.508989
v 3.706494 1.205364 -1.512068
v 3.705523 3.263566 1.013138
v 3.705523 3.264068 0.977491
v 3.705374 3.253368 0.983812
v 3.705374 3.252867 1.019459
v 3.705523 3.247992 0.946273
v 3.705374 3.237292 0.952593
v 3.705523 3.219573 0.927708
v 3.705374 3.208874 0.934028
v 3.705928 3.080387 1.472973
v 3.705928 3.058126 1.497296
v 3.706481 3.059258 1.499972
v 3.706481 3.081519 1.475649
v 3.705928 3.029156 1.511345
v 3.706481 3.030288 1.514021
v 3.705928 2.997402 1.513215
v 3.706481 2.998534 1.515892
v 3.705523 2.994311 1.505903
v 3.705374 2.990088 1.495915
v 3.705928 3.227407 0.923081
v 3.706481 3.230274 0.921388
v 3.705928 3.175893 1.240742
v 3.706481 3.177893 1.241234
v 3.706481 3.274267 1.006818
v 3.705928 3.271400 1.008512
v 3.705374 3.162970 1.237566
v 3.705523 3.170431 1.239400
v 3.705374 3.050812 1.479996
v 3.705374 3.097086 1.221124
v 3.705374 3.021842 1.494045
v 3.705928 3.271901 0.972865
v 3.706481 3.274768 0.971171
v 3.705928 3.255825 0.941646
v 3.706481 3.258692 0.939953
v 3.705523 3.077296 1.465662
v 3.705523 3.055035 1.489984
v 3.705523 3.026065 1.504033
v 3.705374 3.073074 1.455673
v 3.705374 0.568586 0.294993
v 3.705374 0.562971 0.274293
v 3.705374 0.017696 0.456660
v 3.705374 0.028534 0.475669
v 3.705374 1.108247 0.091926
v 3.705374 1.108638 0.114316
v 3.705523 1.117352 0.113914
v 3.705523 1.116969 0.091986
v 3.705928 1.123750 0.113789
v 3.705928 1.123366 0.091860
v 3.706481 1.126092 0.113743
v 3.706481 1.125708 0.091815
v 3.705928 0.012571 0.484670
v 3.705929 0.002396 0.465637
v 3.706483 0.000028 0.467057
v 3.706481 0.010176 0.486106
v 3.705523 0.019464 0.480952
v 3.705523 0.008853 0.462189
v 3.707216 1.231641 -1.487319
v 3.711421 1.231641 -1.487319
v 3.711431 1.205364 -1.512068
v 3.707225 1.205364 -1.512068
v 3.711442 1.170557 -1.515892
v 3.707237 1.170557 -1.515892
v 3.711432 0.808177 -1.434246
v 3.707227 0.808177 -1.434246
v 3.711436 0.800143 -1.431066
v 3.707231 0.800143 -1.431066
v 3.711441 0.793274 -1.425518
v 3.707236 0.793274 -1.425518
v 3.707236 0.793274 -1.425518
v 3.711441 0.793274 -1.425518
v 3.711447 0.788140 -1.418070
v 3.707242 0.788140 -1.418070
v 3.711445 0.745585 -1.333086
v 3.707240 0.745585 -1.333086
v 3.711418 0.014783 0.126333
v 3.707212 0.014783 0.126333
v 3.711418 0.009267 0.137348
v 3.707212 0.009267 0.137348
v 3.711441 0.004468 0.308625
v 3.707237 0.004468 0.308625
v 3.711419 0.000028 0.467057
v 3.707215 0.000028 0.467057
v 3.711418 0.010176 0.486106
v 3.707212 0.010176 0.486106
v 3.711418 0.270414 0.639771
v 3.707212 0.270414 0.639771
v 3.711418 0.576576 0.803053
v 3.707212 0.576576 0.803053
v 3.711418 0.888636 0.953150
v 3.707212 0.888636 0.953150
v 3.711418 1.081778 1.038118
v 3.707212 1.081778 1.038118
v 3.711418 1.276520 1.118538
v 3.707212 1.276520 1.118538
v 3.711419 1.493873 1.198044
v 3.707213 1.493873 1.198044
v 3.711418 1.751633 1.289430
v 3.707212 1.751633 1.289430
v 3.711418 2.007614 1.354064
v 3.707212 2.007614 1.354064
v 3.711418 2.267154 1.402938
v 3.707212 2.267154 1.402938
v 3.711418 2.648905 1.466873
v 3.707212 2.648905 1.466873
v 3.711418 2.998534 1.515892
v 3.707212 2.998534 1.515892
v 3.711418 3.030288 1.514021
v 3.707212 3.030288 1.514021
v 3.711418 3.059258 1.499972
v 3.707212 3.059258 1.499972
v 3.707212 3.059258 1.499972
v 3.711418 3.059258 1.499972
v 3.711418 3.081519 1.475649
v 3.707212 3.081519 1.475649
v 3.711418 3.177893 1.241234
v 3.707212 3.177893 1.241234
v 3.711418 3.274267 1.006818
v 3.707212 3.274267 1.006818
v 3.711418 3.274768 0.971171
v 3.707212 3.274768 0.971171
v 3.711418 3.258692 0.939953
v 3.707212 3.258692 0.939953
v 3.707212 3.258692 0.939953
v 3.711418 3.258692 0.939953
v 3.711418 3.230274 0.921388
v 3.707212 3.230274 0.921388
v 3.711418 2.867100 0.806080
v 3.707212 2.867100 0.806080
v 3.711418 2.440250 0.685038
v 3.707212 2.440250 0.685038
v 3.711418 2.179049 0.625343
v 3.707212 2.179049 0.625343
v 3.711418 1.915054 0.581092
v 3.707212 1.915054 0.581092
v 3.711418 1.652456 0.569247
v 3.707212 1.652456 0.569247
v 3.711418 1.483841 0.566546
v 3.707212 1.483841 0.566546
v 3.711418 1.375296 0.535264
v 3.707212 1.375296 0.535264
v 3.711418 1.281115 0.472389
v 3.707212 1.281115 0.472389
v 3.711418 1.190764 0.359256
v 3.707212 1.190764 0.359256
v 3.711418 1.139877 0.239949
v 3.707212 1.139877 0.239949
v 3.711418 1.126092 0.113743
v 3.707212 1.126092 0.113743
v 3.711418 1.125708 0.091815
v 3.707212 1.125708 0.091815
v 3.711418 1.130897 0.021544
v 3.707212 1.130897 0.021544
v 3.711418 1.139516 -0.095159
v 3.707212 1.139516 -0.095159
v 3.711418 1.232882 -1.359361
v 3.707212 1.232882 -1.359361
v 3.711418 1.239637 -1.450830
v 3.707212 1.239637 -1.450830
v 3.706485 1.231641 -1.487319
v 3.706494 1.205364 -1.512068
v 3.706506 1.170557 -1.515892
v 3.706496 0.808177 -1.434246
v 3.706500 0.800143 -1.431066
v 3.706506 0.793274 -1.425518
v 3.706506 0.793274 -1.425518
v 3.706511 0.788140 -1.418070
v 3.706509 0.745585 -1.333086
v 3.706482 0.014783 0.126333
v 3.706481 0.009267 0.137348
v 3.706506 0.004468 0.308625
v 3.706483 0.000028 0.467057
v 3.706481 0.010176 0.486106
v 3.706481 0.270414 0.639771
v 3.706481 0.576576 0.803053
v 3.706481 0.888636 0.953150
v 3.706481 1.081778 1.038118
v 3.706481 1.276520 1.118538
v 3.706482 1.493873 1.198044
v 3.706481 1.751633 1.289430
v 3.706481 2.007614 1.354064
v 3.706481 2.267154 1.402938
v 3.706481 2.648905 1.466873
v 3.706481 2.998534 1.515892
v 3.706481 3.030288 1.514021
v 3.706481 3.059258 1.499972
v 3.706481 3.059258 1.499972
v 3.706481 3.081519 1.475649
v 3.706481 3.177893 1.241234
v 3.706481 3.274267 1.006818
v 3.706481 3.274768 0.971171
v 3.706481 3.258692 0.939953
v 3.706481 3.258692 0.939953
v 3.706481 3.230274 0.921388
v 3.706481 2.867100 0.806080
v 3.706481 2.440250 0.685038
v 3.706481 2.179049 0.625343
v 3.706481 1.915054 0.581092
v 3.706481 1.652456 0.569247
v 3.706481 1.483841 0.566546
v 3.706481 1.375296 0.535264
v 3.706481 1.281115 0.472389
v 3.706481 1.190764 0.359256
v 3.706481 1.139877 0.239949
v 3.706481 1.126092 0.113743
v 3.706481 1.125708 0.091815
v 3.706481 1.130897 0.021544
v 3.706481 1.139516 -0.095159
v 3.706481 1.232882 -1.359361
v 3.706481 1.239637 -1.450830
v 3.835792 2.862401 0.824022
v 3.835792 2.436205 0.703166
v 3.835644 2.438228 0.694102
v 3.835644 2.864751 0.815051
v 3.835238 2.439708 0.687466
v 3.835238 2.866471 0.808484
v 3.834684 2.440250 0.685038
v 3.834684 2.867100 0.806080
v 3.835792 0.763172 -1.330345
v 3.835792 0.032053 0.131259
v 3.835644 0.023418 0.128805
v 3.835650 0.754457 -1.330547
v 3.835238 0.017097 0.127002
v 3.835233 0.747997 -1.331553
v 3.834684 0.014783 0.126333
v 3.834657 0.745585 -1.333086
v 3.835792 1.228249 0.786672
v 3.835792 1.088214 1.020805
v 3.835792 0.895507 0.936029
v 3.835792 1.082572 0.711356
v 3.835792 2.093503 0.989739
v 3.835792 2.011119 1.335805
v 3.835792 1.756373 1.271483
v 3.835792 1.834855 0.935573
v 3.835792 2.756889 1.136225
v 3.835792 2.651378 1.448428
v 3.835792 2.270005 1.384556
v 3.835792 2.353105 1.043861
v 3.835792 1.498525 1.180078
v 3.835792 1.575242 0.883976
v 3.835792 0.879987 0.577793
v 3.835792 0.584020 0.786208
v 3.835792 0.278495 0.623266
v 3.835792 0.700705 0.434145
v 3.835792 1.381938 0.843082
v 3.835792 1.282463 1.101022
v 3.835644 2.650141 1.457651
v 3.835644 2.268579 1.393747
v 3.834684 2.648905 1.466873
v 3.834684 2.267154 1.402938
v 3.835238 2.267536 1.400476
v 3.835238 2.649236 1.464402
v 3.835238 1.277316 1.116191
v 3.835238 1.494496 1.195637
v 3.834684 1.493873 1.198044
v 3.834684 1.276520 1.118538
v 3.835644 1.496199 1.189061
v 3.835644 1.279491 1.109780
v 3.834684 1.081778 1.038118
v 3.835238 1.082641 1.035798
v 3.835644 1.084996 1.029461
v 3.835238 1.483515 0.569037
v 3.835238 1.374357 0.537579
v 3.834684 1.375296 0.535264
v 3.834684 1.483841 0.566546
v 3.835792 1.481413 0.585142
v 3.835792 1.368283 0.552539
v 3.835644 1.371790 0.543902
v 3.835644 1.482627 0.575844
v 3.835238 1.279577 0.474304
v 3.834684 1.281115 0.472389
v 3.835792 1.269636 0.486683
v 3.835644 1.275375 0.479536
v 3.835238 2.178625 0.627799
v 3.834684 2.179049 0.625343
v 3.835792 2.175886 0.643673
v 3.835644 2.177468 0.634508
v 3.835238 1.914824 0.583581
v 3.834684 1.915054 0.581092
v 3.835792 1.913337 0.599664
v 3.835644 1.914195 0.590378
v 3.834684 2.007614 1.354064
v 3.835238 2.008083 1.351618
v 3.835644 2.009366 1.344935
v 3.834684 1.751633 1.289430
v 3.835238 1.752269 1.287025
v 3.835644 1.754003 1.280456
v 3.835238 1.652389 0.571742
v 3.834684 1.652456 0.569247
v 3.835792 1.651960 0.587873
v 3.835644 1.652207 0.578560
v 3.835238 1.188780 0.360612
v 3.835238 1.137605 0.240629
v 3.834684 1.139877 0.239949
v 3.834684 1.190764 0.359256
v 3.835792 1.175954 0.369378
v 3.835792 1.122915 0.245025
v 3.835644 1.131396 0.242487
v 3.835644 1.183359 0.364317
v 3.835238 0.577573 0.800796
v 3.835238 0.889557 0.950856
v 3.834684 0.888636 0.953150
v 3.834684 0.576576 0.803053
v 3.835644 0.892072 0.944589
v 3.835644 0.580298 0.794631
v 3.834684 0.270414 0.639771
v 3.835238 0.271497 0.637560
v 3.835644 0.274455 0.631519
v 3.834660 0.004468 0.308625
v 3.834684 0.009267 0.137348
v 3.835238 0.011581 0.138010
v 3.835226 0.006766 0.307952
v 3.835644 0.017901 0.139819
v 3.835641 0.013044 0.306115
v 3.835792 0.026535 0.142290
v 3.835792 0.021621 0.303604
v 3.835650 0.797027 -1.415526
v 3.835571 0.800482 -1.422913
v 3.835653 0.808061 -1.424419
v 3.835792 0.805746 -1.415456
v 3.835161 0.801652 -1.429279
v 3.835240 0.808955 -1.431325
v 3.834666 0.800143 -1.431066
v 3.834670 0.808177 -1.434246
v 3.835159 0.794445 -1.423460
v 3.834661 0.793274 -1.425518
v 3.835233 0.790558 -1.416486
v 3.834655 0.788140 -1.418070
v 3.835238 1.128546 0.021742
v 3.835238 1.137150 -0.094740
v 3.834684 1.139516 -0.095159
v 3.834684 1.130897 0.021544
v 3.835644 1.122121 0.022285
v 3.835644 1.130687 -0.093598
v 3.835792 1.113344 0.023027
v 3.835792 1.121857 -0.092036
v 3.835792 0.567483 0.163316
v 3.835792 0.622707 -0.000730
v 3.835644 1.230160 -1.439327
v 3.835792 1.220628 -1.427067
v 3.835792 1.212807 -1.463933
v 3.835643 1.222185 -1.475804
v 3.835792 1.186881 -1.489066
v 3.835641 1.195950 -1.500582
v 3.835792 1.152467 -1.493258
v 3.835640 1.161164 -1.504492
v 3.834660 1.170557 -1.515892
v 3.835225 1.168048 -1.512837
v 3.835238 1.230353 -1.356449
v 3.835238 1.237097 -1.447737
v 3.834684 1.239637 -1.450830
v 3.834684 1.232882 -1.359361
v 3.835644 1.223449 -1.348529
v 3.835792 1.213964 -1.336991
v 3.835792 1.133988 -1.335812
v 3.835236 1.229108 -1.484228
v 3.834681 1.231641 -1.487319
v 3.834671 1.205364 -1.512068
v 3.835232 1.202845 -1.508989
v 3.835644 3.263566 1.013138
v 3.835792 3.252867 1.019459
v 3.835792 3.253368 0.983812
v 3.835644 3.264068 0.977491
v 3.835792 3.237292 0.952593
v 3.835644 3.247992 0.946273
v 3.835792 3.208874 0.934028
v 3.835644 3.219573 0.927708
v 3.835238 3.080387 1.472973
v 3.834684 3.081519 1.475649
v 3.834684 3.059258 1.499972
v 3.835238 3.058126 1.497296
v 3.834684 3.030288 1.514021
v 3.835238 3.029156 1.511345
v 3.834684 2.998534 1.515892
v 3.835238 2.997402 1.513215
v 3.835644 2.994311 1.505903
v 3.835792 2.990088 1.495915
v 3.835238 3.227407 0.923081
v 3.834684 3.230274 0.921388
v 3.835238 3.175893 1.240742
v 3.835238 3.271400 1.008512
v 3.834684 3.274267 1.006818
v 3.834684 3.177893 1.241234
v 3.835792 3.162970 1.237566
v 3.835644 3.170431 1.239400
v 3.835792 3.050812 1.479996
v 3.835792 3.021842 1.494045
v 3.835792 3.097086 1.221124
v 3.835238 3.271901 0.972865
v 3.834684 3.274768 0.971171
v 3.834684 3.258692 0.939953
v 3.835238 3.255825 0.941646
v 3.835644 3.055035 1.489984
v 3.835644 3.077296 1.465662
v 3.835644 3.026065 1.504033
v 3.835792 3.073074 1.455673
v 3.835792 0.568586 0.294993
v 3.835792 0.028534 0.475669
v 3.835792 0.017696 0.456660
v 3.835792 0.562971 0.274293
v 3.835792 1.108247 0.091926
v 3.835644 1.116969 0.091986
v 3.835644 1.117352 0.113914
v 3.835792 1.108638 0.114316
v 3.835238 1.123366 0.091860
v 3.835238 1.123750 0.113789
v 3.834684 1.125708 0.091815
v 3.834684 1.126092 0.113743
v 3.835238 0.012571 0.484670
v 3.834684 0.010176 0.486106
v 3.834682 0.000028 0.467057
v 3.835237 0.002396 0.465637
v 3.835643 0.008853 0.462189
v 3.835644 0.019464 0.480952
v 3.833951 1.231641 -1.487319
v 3.833941 1.205364 -1.512068
v 3.829735 1.205364 -1.512068
v 3.829745 1.231641 -1.487319
v 3.833929 1.170557 -1.515892
v 3.829724 1.170557 -1.515892
v 3.833939 0.808177 -1.434246
v 3.829734 0.808177 -1.434246
v 3.833935 0.800143 -1.431066
v 3.829730 0.800143 -1.431066
v 3.833930 0.793274 -1.425518
v 3.829725 0.793274 -1.425518
v 3.833930 0.793274 -1.425518
v 3.833924 0.788140 -1.418070
v 3.829719 0.788140 -1.418070
v 3.829725 0.793274 -1.425518
v 3.833926 0.745585 -1.333086
v 3.829721 0.745585 -1.333086
v 3.833954 0.014783 0.126333
v 3.829748 0.014783 0.126333
v 3.833954 0.009267 0.137348
v 3.829749 0.009267 0.137348
v 3.833930 0.004468 0.308625
v 3.829724 0.004468 0.308625
v 3.833951 0.000028 0.467057
v 3.829746 0.000028 0.467057
v 3.833954 0.010176 0.486106
v 3.829749 0.010176 0.486106
v 3.833954 0.270414 0.639771
v 3.829749 0.270414 0.639771
v 3.833954 0.576576 0.803053
v 3.829749 0.576576 0.803053
v 3.833954 0.888636 0.953150
v 3.829749 0.888636 0.953150
v 3.833954 1.081778 1.038118
v 3.829749 1.081778 1.038118
v 3.833954 1.276520 1.118538
v 3.829749 1.276520 1.118538
v 3.833953 1.493873 1.198044
v 3.829747 1.493873 1.198044
v 3.833954 1.751633 1.289430
v 3.829749 1.751633 1.289430
v 3.833954 2.007614 1.354064
v 3.829749 2.007614 1.354064
v 3.833954 2.267154 1.402938
v 3.829749 2.267154 1.402938
v 3.833954 2.648905 1.466873
v 3.829749 2.648905 1.466873
v 3.833954 2.998534 1.515892
v 3.829749 2.998534 1.515892
v 3.833954 3.030288 1.514021
v 3.829749 3.030288 1.514021
v 3.833954 3.059258 1.499972
v 3.829749 3.059258 1.499972
v 3.833954 3.059258 1.499972
v 3.833954 3.081519 1.475649
v 3.829749 3.081519 1.475649
v 3.829749 3.059258 1.499972
v 3.833954 3.177893 1.241234
v 3.829749 3.177893 1.241234
v 3.833954 3.274267 1.006818
v 3.829749 3.274267 1.006818
v 3.833954 3.274768 0.971171
v 3.829749 3.274768 0.971171
v 3.833954 3.258692 0.939953
v 3.829749 3.258692 0.939953
v 3.833954 3.258692 0.939953
v 3.833954 3.230274 0.921388
v 3.829749 3.230274 0.921388
v 3.829749 3.258692 0.939953
v 3.833954 2.867100 0.806080
v 3.829749 2.867100 0.806080
v 3.833954 2.440250 0.685038
v 3.829749 2.440250 0.685038
v 3.833954 2.179049 0.625343
v 3.829749 2.179049 0.625343
v 3.833954 1.915054 0.581092
v 3.829749 1.915054 0.581092
v 3.833954 1.652456 0.569247
v 3.829749 1.652456 0.569247
v 3.833954 1.483841 0.566546
v 3.829749 1.483841 0.566546
v 3.833954 1.375296 0.535264
v 3.829749 1.375296 0.535264
v 3.833954 1.281115 0.472389
v 3.829749 1.281115 0.472389
v 3.833954 1.190764 0.359256
v 3.829749 1.190764 0.359256
v 3.833954 1.139877 0.239949
v 3.829749 1.139877 0.239949
v 3.833954 1.126092 0.113743
v 3.829749 1.126092 0.113743
v 3.833954 1.125708 0.091815
v 3.829749 1.125708 0.091815
v 3.833954 1.130897 0.021544
v 3.829749 1.130897 0.021544
v 3.833954 1.139516 -0.095159
v 3.829749 1.139516 -0.095159
v 3.833954 1.232882 -1.359361
v 3.829749 1.232882 -1.359361
v 3.833954 1.239637 -1.450830
v 3.829749 1.239637 -1.450830
v 3.834681 1.231641 -1.487319
v 3.834671 1.205364 -1.512068
v 3.834660 1.170557 -1.515892
v 3.834670 0.808177 -1.434246
v 3.834666 0.800143 -1.431066
v 3.834661 0.793274 -1.425518
v 3.834661 0.793274 -1.425518
v 3.834655 0.788140 -1.418070
v 3.834657 0.745585 -1.333086
v 3.834684 0.014783 0.126333
v 3.834684 0.009267 0.137348
v 3.834660 0.004468 0.308625
v 3.834682 0.000028 0.467057
v 3.834684 0.010176 0.486106
v 3.834684 0.270414 0.639771
v 3.834684 0.576576 0.803053
v 3.834684 0.888636 0.953150
v 3.834684 1.081778 1.038118
v 3.834684 1.276520 1.118538
v 3.834684 1.493873 1.198044
v 3.834684 1.751633 1.289430
v 3.834684 2.007614 1.354064
v 3.834684 2.267154 1.402938
v 3.834684 2.648905 1.466873
v 3.834684 2.998534 1.515892
v 3.834684 3.030288 1.514021
v 3.834684 3.059258 1.499972
v 3.834684 3.059258 1.499972
v 3.834684 3.081519 1.475649
v 3.834684 3.177893 1.241234
v 3.834684 3.274267 1.006818
v 3.834684 3.274768 0.971171
v 3.834684 3.258692 0.939953
v 3.834684 3.258692 0.939953
v 3.834684 3.230274 0.921388
v 3.834684 2.867100 0.806080
v 3.834684 2.440250 0.685038
v 3.834684 2.179049 0.625343
v 3.834684 1.915054 0.581092
v 3.834684 1.652456 0.569247
v 3.834684 1.483841 0.566546
v 3.834684 1.375296 0.535264
v 3.834684 1.281115 0.472389
v 3.834684 1.190764 0.359256
v 3.834684 1.139877 0.239949
v 3.834684 1.126092 0.113743
v 3.834684 1.125708 0.091815
v 3.834684 1.130897 0.021544
v 3.834684 1.139516 -0.095159
v 3.834684 1.232882 -1.359361
v 3.834684 1.239637 -1.450830
v 0.058570 2.862401 0.824022
v 0.058570 2.436205 0.703166
v 0.058421 2.438228 0.694102
v 0.058421 2.864751 0.815051
v 0.058016 2.439708 0.687466
v 0.058016 2.866471 0.808484
v 0.058016 2.866471 0.808484
v 0.058016 2.439708 0.687466
v 0.057463 2.440250 0.685038
v 0.057463 2.867100 0.806080
v 0.058570 0.763172 -1.330345
v 0.058570 0.032053 0.131259
v 0.058421 0.023418 0.128805
v 0.058428 0.754457 -1.330547
v 0.058016 0.017097 0.127002
v 0.058011 0.747997 -1.331553
v 0.058011 0.747997 -1.331553
v 0.058016 0.017097 0.127002
v 0.057462 0.014783 0.126333
v 0.057435 0.745585 -1.333086
v 0.058570 1.228249 0.786672
v 0.058570 1.088214 1.020805
v 0.058570 0.895507 0.936029
v 0.058570 1.082572 0.711356
v 0.058570 2.093503 0.989739
v 0.058570 2.011119 1.335805
v 0.058570 1.756373 1.271483
v 0.058570 1.834855 0.935573
v 0.058570 2.756889 1.136225
v 0.058570 2.651378 1.448428
v 0.058570 2.270005 1.384556
v 0.058570 2.353105 1.043861
v 0.058570 1.498525 1.180078
v 0.058570 1.575242 0.883976
v 0.058570 0.879987 0.577793
v 0.058570 0.584020 0.786208
v 0.058570 0.278495 0.623266
v 0.058570 0.700705 0.434145
v 0.058570 1.381938 0.843082
v 0.058570 1.282463 1.101022
v 0.058421 2.650141 1.457651
v 0.058421 2.268579 1.393747
v 0.057463 2.648905 1.466873
v 0.057463 2.267154 1.402938
v 0.058016 2.267536 1.400476
v 0.058016 2.649236 1.464402
v 0.058016 2.649236 1.464402
v 0.058016 2.267536 1.400476
v 0.058016 1.277316 1.116191
v 0.058016 1.494496 1.195637
v 0.057462 1.493873 1.198044
v 0.057463 1.276520 1.118538
v 0.058421 1.496199 1.189061
v 0.058421 1.279491 1.109780
v 0.058016 1.494496 1.195637
v 0.058016 1.277316 1.116191
v 0.057463 1.081778 1.038118
v 0.058016 1.082641 1.035798
v 0.058016 1.082641 1.035798
v 0.058421 1.084996 1.029461
v 0.058016 1.483515 0.569037
v 0.058016 1.374357 0.537579
v 0.057463 1.375296 0.535264
v 0.057463 1.483841 0.566546
v 0.058570 1.481413 0.585142
v 0.058570 1.368283 0.552539
v 0.058421 1.371790 0.543902
v 0.058421 1.482627 0.575844
v 0.058016 1.374357 0.537579
v 0.058016 1.483515 0.569037
v 0.058016 1.279577 0.474304
v 0.057463 1.281115 0.472389
v 0.058570 1.269636 0.486683
v 0.058421 1.275375 0.479536
v 0.058016 1.279577 0.474304
v 0.058016 2.178625 0.627799
v 0.057463 2.179049 0.625343
v 0.058570 2.175886 0.643673
v 0.058421 2.177468 0.634508
v 0.058016 2.178625 0.627799
v 0.058016 1.914824 0.583581
v 0.057463 1.915054 0.581092
v 0.058570 1.913337 0.599664
v 0.058421 1.914195 0.590378
v 0.058016 1.914824 0.583581
v 0.057463 2.007614 1.354064
v 0.058016 2.008083 1.351618
v 0.058016 2.008083 1.351618
v 0.058421 2.009366 1.344935
v 0.057463 1.751633 1.289430
v 0.058016 1.752269 1.287025
v 0.058016 1.752269 1.287025
v 0.058421 1.754003 1.280456
v 0.058016 1.652389 0.571742
v 0.057463 1.652456 0.569247
v 0.058570 1.651960 0.587873
v 0.058421 1.652207 0.578560
v 0.058016 1.652389 0.571742
v 0.058016 1.188780 0.360612
v 0.058016 1.137605 0.240629
v 0.057463 1.139877 0.239949
v 0.057463 1.190764 0.359256
v 0.058570 1.175954 0.369378
v 0.058570 1.122915 0.245025
v 0.058421 1.131396 0.242487
v 0.058421 1.183359 0.364317
v 0.058016 1.137605 0.240629
v 0.058016 1.188780 0.360612
v 0.058016 0.577573 0.800796
v 0.058016 0.889557 0.950856
v 0.057463 0.888636 0.953150
v 0.057463 0.576576 0.803053
v 0.058421 0.892072 0.944589
v 0.058421 0.580298 0.794631
v 0.058016 0.889557 0.950856
v 0.058016 0.577573 0.800796
v 0.057463 0.270414 0.639771
v 0.058016 0.271497 0.637560
v 0.058016 0.271497 0.637560
v 0.058421 0.274455 0.631519
v 0.057438 0.004468 0.308625
v 0.057463 0.009267 0.137348
v 0.058016 0.011581 0.138010
v 0.058004 0.006766 0.307952
v 0.058004 0.006766 0.307952
v 0.058016 0.011581 0.138010
v 0.058421 0.017901 0.139819
v 0.058419 0.013044 0.306115
v 0.058570 0.026535 0.142290
v 0.058570 0.021621 0.303604
v 0.058428 0.797027 -1.415526
v 0.058349 0.800482 -1.422913
v 0.058431 0.808061 -1.424419
v 0.058570 0.805746 -1.415456
v 0.057939 0.801652 -1.429279
v 0.058018 0.808955 -1.431325
v 0.058018 0.808955 -1.431325
v 0.057939 0.801652 -1.429279
v 0.057444 0.800143 -1.431066
v 0.057448 0.808177 -1.434246
v 0.057937 0.794445 -1.423460
v 0.057439 0.793274 -1.425518
v 0.057439 0.793274 -1.425518
v 0.057937 0.794445 -1.423460
v 0.058011 0.790558 -1.416486
v 0.057433 0.788140 -1.418070
v 0.057937 0.794445 -1.423460
v 0.058011 0.790558 -1.416486
v 0.058016 1.128546 0.021742
v 0.058016 1.137150 -0.094740
v 0.057463 1.139516 -0.095159
v 0.057463 1.130897 0.021544
v 0.058421 1.122121 0.022285
v 0.058421 1.130687 -0.093598
v 0.058016 1.137150 -0.094740
v 0.058016 1.128546 0.021742
v 0.058570 1.113344 0.023027
v 0.058570 1.121857 -0.092036
v 0.058570 0.567483 0.163316
v 0.058570 0.622707 -0.000730
v 0.058421 1.230160 -1.439327
v 0.058570 1.220628 -1.427067
v 0.058570 1.212807 -1.463933
v 0.058421 1.222185 -1.475804
v 0.058570 1.186881 -1.489066
v 0.058420 1.195950 -1.500582
v 0.058570 1.152467 -1.493258
v 0.058418 1.161164 -1.504492
v 0.057437 1.170557 -1.515892
v 0.058004 1.168048 -1.512837
v 0.058004 1.168048 -1.512837
v 0.058016 1.230353 -1.356449
v 0.058016 1.237097 -1.447737
v 0.057463 1.239637 -1.450830
v 0.057463 1.232882 -1.359361
v 0.058421 1.223449 -1.348529
v 0.058016 1.237097 -1.447737
v 0.058016 1.230353 -1.356449
v 0.058570 1.213964 -1.336991
v 0.058570 1.133988 -1.335812
v 0.058014 1.229108 -1.484228
v 0.057459 1.231641 -1.487319
v 0.057450 1.205364 -1.512068
v 0.058009 1.202845 -1.508989
v 0.058014 1.229108 -1.484228
v 0.058009 1.202845 -1.508989
v 0.058421 3.263566 1.013138
v 0.058570 3.252867 1.019459
v 0.058570 3.253368 0.983812
v 0.058421 3.264068 0.977491
v 0.058570 3.237292 0.952593
v 0.058421 3.247992 0.946273
v 0.058570 3.208874 0.934028
v 0.058421 3.219573 0.927708
v 0.058016 3.080387 1.472973
v 0.057463 3.081519 1.475649
v 0.057463 3.059258 1.499972
v 0.058016 3.058126 1.497296
v 0.058016 3.058126 1.497296
v 0.057463 3.059258 1.499972
v 0.057463 3.030288 1.514021
v 0.058016 3.029156 1.511345
v 0.057463 2.998534 1.515892
v 0.058016 2.997402 1.513215
v 0.058016 2.997402 1.513215
v 0.058421 2.994311 1.505903
v 0.058570 2.990088 1.495915
v 0.058016 3.227407 0.923081
v 0.058016 3.227407 0.923081
v 0.057463 3.230274 0.921388
v 0.058016 3.175893 1.240742
v 0.058016 3.271400 1.008512
v 0.057463 3.274267 1.006818
v 0.057463 3.177893 1.241234
v 0.058570 3.162970 1.237566
v 0.058421 3.170431 1.239400
v 0.058016 3.271400 1.008512
v 0.058016 3.175893 1.240742
v 0.058570 3.050812 1.479996
v 0.058570 3.021842 1.494045
v 0.058570 3.097086 1.221124
v 0.058016 3.271901 0.972865
v 0.057463 3.274768 0.971171
v 0.057463 3.258692 0.939953
v 0.058016 3.255825 0.941646
v 0.058016 3.255825 0.941646
v 0.057463 3.258692 0.939953
v 0.058016 3.271901 0.972865
v 0.058016 3.255825 0.941646
v 0.058016 3.058126 1.497296
v 0.058421 3.055035 1.489984
v 0.058421 3.077296 1.465662
v 0.058016 3.080387 1.472973
v 0.058421 3.026065 1.504033
v 0.058016 3.029156 1.511345
v 0.058570 3.073074 1.455673
v 0.058570 0.568586 0.294993
v 0.058570 0.028534 0.475669
v 0.058570 0.017696 0.456660
v 0.058570 0.562971 0.274293
v 0.058570 1.108247 0.091926
v 0.058421 1.116969 0.091986
v 0.058421 1.117352 0.113914
v 0.058570 1.108638 0.114316
v 0.058016 1.123366 0.091860
v 0.058016 1.123750 0.113789
v 0.058016 1.123366 0.091860
v 0.057463 1.125708 0.091815
v 0.057463 1.126092 0.113743
v 0.058016 1.123750 0.113789
v 0.058016 0.012571 0.484670
v 0.057463 0.010176 0.486106
v 0.057460 0.000028 0.467057
v 0.058015 0.002396 0.465637
v 0.058015 0.002396 0.465637
v 0.058421 0.008853 0.462189
v 0.058421 0.019464 0.480952
v 0.058016 0.012571 0.484670
v 0.056728 1.231641 -1.487319
v 0.056719 1.205364 -1.512068
v 0.052513 1.205364 -1.512068
v 0.052522 1.231641 -1.487319
v 0.056707 1.170557 -1.515892
v 0.052502 1.170557 -1.515892
v 0.056717 0.808177 -1.434246
v 0.052512 0.808177 -1.434246
v 0.056713 0.800143 -1.431066
v 0.052508 0.800143 -1.431066
v 0.056708 0.793274 -1.425518
v 0.052503 0.793274 -1.425518
v 0.056708 0.793274 -1.425518
v 0.056702 0.788140 -1.418070
v 0.052497 0.788140 -1.418070
v 0.052503 0.793274 -1.425518
v 0.056704 0.745585 -1.333086
v 0.052499 0.745585 -1.333086
v 0.056732 0.014783 0.126333
v 0.052526 0.014783 0.126333
v 0.056732 0.009267 0.137348
v 0.052526 0.009267 0.137348
v 0.056707 0.004468 0.308625
v 0.052502 0.004468 0.308625
v 0.056730 0.000028 0.467057
v 0.052525 0.000028 0.467057
v 0.056732 0.010176 0.486106
v 0.052526 0.010176 0.486106
v 0.056732 0.270414 0.639771
v 0.052526 0.270414 0.639771
v 0.056732 0.576576 0.803053
v 0.052526 0.576576 0.803053
v 0.056732 0.888636 0.953150
v 0.052526 0.888636 0.953150
v 0.056732 1.081778 1.038118
v 0.052526 1.081778 1.038118
v 0.056732 1.276520 1.118538
v 0.052526 1.276520 1.118538
v 0.056731 1.493873 1.198044
v 0.052525 1.493873 1.198044
v 0.056732 1.751633 1.289430
v 0.052526 1.751633 1.289430
v 0.056732 2.007614 1.354064
v 0.052526 2.007614 1.354064
v 0.056732 2.267154 1.402938
v 0.052526 2.267154 1.402938
v 0.056732 2.648905 1.466873
v 0.052526 2.648905 1.466873
v 0.056732 2.998534 1.515892
v 0.052526 2.998534 1.515892
v 0.056732 3.030288 1.514021
v 0.052526 3.030288 1.514021
v 0.056732 3.059258 1.499972
v 0.052526 3.059258 1.499972
v 0.056732 3.059258 1.499972
v 0.056732 3.081519 1.475649
v 0.052526 3.081519 1.475649
v 0.052526 3.059258 1.499972
v 0.056732 3.177893 1.241234
v 0.052526 3.177893 1.241234
v 0.056732 3.274267 1.006818
v 0.052526 3.274267 1.006818
v 0.056732 3.274768 0.971171
v 0.052526 3.274768 0.971171
v 0.056732 3.258692 0.939953
v 0.052526 3.258692 0.939953
v 0.056732 3.258692 0.939953
v 0.056732 3.230274 0.921388
v 0.052526 3.230274 0.921388
v 0.052526 3.258692 0.939953
v 0.056732 2.867100 0.806080
v 0.052526 2.867100 0.806080
v 0.056732 2.440250 0.685038
v 0.052526 2.440250 0.685038
v 0.056732 2.179049 0.625343
v 0.052526 2.179049 0.625343
v 0.056732 1.915054 0.581092
v 0.052526 1.915054 0.581092
v 0.056732 1.652456 0.569247
v 0.052526 1.652456 0.569247
v 0.056732 1.483841 0.566546
v 0.052526 1.483841 0.566546
v 0.056732 1.375296 0.535264
v 0.052526 1.375296 0.535264
v 0.056732 1.281115 0.472389
v 0.052526 1.281115 0.472389
v 0.056732 1.190764 0.359256
v 0.052526 1.190764 0.359256
v 0.056732 1.139877 0.239949
v 0.052526 1.139877 0.239949
v 0.056732 1.126092 0.113743
v 0.052526 1.126092 0.113743
v 0.056732 1.125708 0.091815
v 0.052526 1.125708 0.091815
v 0.056732 1.130897 0.021544
v 0.052526 1.130897 0.021544
v 0.056732 1.139516 -0.095159
v 0.052526 1.139516 -0.095159
v 0.056732 1.232882 -1.359361
v 0.052526 1.232882 -1.359361
v 0.056732 1.239637 -1.450830
v 0.052526 1.239637 -1.450830
v -0.071848 2.862401 0.824022
v -0.071700 2.864751 0.815051
v -0.071700 2.438228 0.694102
v -0.071848 2.436205 0.703166
v -0.071294 2.866471 0.808484
v -0.071294 2.439708 0.687466
v -0.071294 2.866471 0.808484
v -0.070740 2.867100 0.806080
v -0.070740 2.440250 0.685038
v -0.071294 2.439708 0.687466
v -0.071848 0.763172 -1.330345
v -0.071706 0.754457 -1.330547
v -0.071700 0.023418 0.128805
v -0.071848 0.032053 0.131259
v -0.071289 0.747997 -1.331553
v -0.071294 0.017097 0.127002
v -0.071289 0.747997 -1.331553
v -0.070713 0.745585 -1.333086
v -0.070740 0.014783 0.126333
v -0.071294 0.017097 0.127002
v -0.071848 1.228249 0.786672
v -0.071848 1.082572 0.711356
v -0.071848 0.895507 0.936029
v -0.071848 1.088214 1.020805
v -0.071848 2.093503 0.989739
v -0.071848 1.834855 0.935573
v -0.071848 1.756373 1.271483
v -0.071848 2.011119 1.335805
v -0.071848 2.756889 1.136225
v -0.071848 2.353105 1.043861
v -0.071848 2.270005 1.384556
v -0.071848 2.651378 1.448428
v -0.071848 1.575242 0.883976
v -0.071848 1.498525 1.180078
v -0.071848 0.879987 0.577793
v -0.071848 0.700705 0.434145
v -0.071848 0.278495 0.623266
v -0.071848 0.584020 0.786208
v -0.071848 1.381938 0.843082
v -0.071848 1.282463 1.101022
v -0.071700 2.650141 1.457651
v -0.071700 2.268579 1.393747
v -0.070740 2.648905 1.466873
v -0.071294 2.649236 1.464402
v -0.071294 2.267536 1.400476
v -0.070740 2.267154 1.402938
v -0.071294 2.649236 1.464402
v -0.071294 2.267536 1.400476
v -0.071294 1.277316 1.116191
v -0.070740 1.276520 1.118538
v -0.070740 1.493873 1.198044
v -0.071294 1.494496 1.195637
v -0.071700 1.279491 1.109780
v -0.071700 1.496199 1.189061
v -0.071294 1.277316 1.116191
v -0.071294 1.494496 1.195637
v -0.071294 1.082641 1.035798
v -0.070740 1.081778 1.038118
v -0.071700 1.084996 1.029461
v -0.071294 1.082641 1.035798
v -0.071294 1.483515 0.569037
v -0.070740 1.483841 0.566546
v -0.070740 1.375296 0.535264
v -0.071294 1.374357 0.537579
v -0.071848 1.481413 0.585142
v -0.071700 1.482627 0.575844
v -0.071700 1.371790 0.543902
v -0.071848 1.368283 0.552539
v -0.071294 1.483515 0.569037
v -0.071294 1.374357 0.537579
v -0.070740 1.281115 0.472389
v -0.071294 1.279577 0.474304
v -0.071700 1.275375 0.479536
v -0.071848 1.269636 0.486683
v -0.071294 1.279577 0.474304
v -0.070740 2.179049 0.625343
v -0.071294 2.178625 0.627799
v -0.071700 2.177468 0.634508
v -0.071848 2.175886 0.643673
v -0.071294 2.178625 0.627799
v -0.070740 1.915054 0.581092
v -0.071294 1.914824 0.583581
v -0.071700 1.914195 0.590378
v -0.071848 1.913337 0.599664
v -0.071294 1.914824 0.583581
v -0.071294 2.008083 1.351618
v -0.070740 2.007614 1.354064
v -0.071700 2.009366 1.344935
v -0.071294 2.008083 1.351618
v -0.071294 1.752269 1.287025
v -0.070740 1.751633 1.289430
v -0.071700 1.754003 1.280456
v -0.071294 1.752269 1.287025
v -0.070740 1.652456 0.569247
v -0.071294 1.652389 0.571742
v -0.071700 1.652207 0.578560
v -0.071848 1.651960 0.587873
v -0.071294 1.652389 0.571742
v -0.071294 1.188780 0.360612
v -0.070740 1.190764 0.359256
v -0.070740 1.139877 0.239949
v -0.071294 1.137605 0.240629
v -0.071848 1.175954 0.369378
v -0.071700 1.183359 0.364317
v -0.071700 1.131396 0.242487
v -0.071848 1.122915 0.245025
v -0.071294 1.188780 0.360612
v -0.071294 1.137605 0.240629
v -0.071294 0.577573 0.800796
v -0.070740 0.576576 0.803053
v -0.070740 0.888636 0.953150
v -0.071294 0.889557 0.950856
v -0.071700 0.580298 0.794631
v -0.071700 0.892072 0.944589
v -0.071294 0.577573 0.800796
v -0.071294 0.889557 0.950856
v -0.071294 0.271497 0.637560
v -0.070740 0.270414 0.639771
v -0.071700 0.274455 0.631519
v -0.071294 0.271497 0.637560
v -0.070716 0.004468 0.308625
v -0.071282 0.006766 0.307952
v -0.071294 0.011581 0.138010
v -0.070740 0.009267 0.137348
v -0.071282 0.006766 0.307952
v -0.071696 0.013044 0.306115
v -0.071700 0.017901 0.139819
v -0.071294 0.011581 0.138010
v -0.071848 0.021621 0.303604
v -0.071848 0.026535 0.142290
v -0.071707 0.797027 -1.415526
v -0.071848 0.805746 -1.415456
v -0.071709 0.808061 -1.424419
v -0.071628 0.800482 -1.422913
v -0.071296 0.808955 -1.431325
v -0.071218 0.801652 -1.429279
v -0.071296 0.808955 -1.431325
v -0.070726 0.808177 -1.434246
v -0.070722 0.800143 -1.431066
v -0.071218 0.801652 -1.429279
v -0.070717 0.793274 -1.425518
v -0.071215 0.794445 -1.423460
v -0.070717 0.793274 -1.425518
v -0.070711 0.788140 -1.418070
v -0.071289 0.790558 -1.416486
v -0.071215 0.794445 -1.423460
v -0.071215 0.794445 -1.423460
v -0.071289 0.790558 -1.416486
v -0.071294 1.128546 0.021742
v -0.070740 1.130897 0.021544
v -0.070740 1.139516 -0.095159
v -0.071294 1.137150 -0.094740
v -0.071700 1.122121 0.022285
v -0.071294 1.128546 0.021742
v -0.071294 1.137150 -0.094740
v -0.071700 1.130687 -0.093598
v -0.071848 1.113344 0.023027
v -0.071848 1.121857 -0.092036
v -0.071848 0.622707 -0.000730
v -0.071848 0.567483 0.163316
v -0.071700 1.230160 -1.439327
v -0.071699 1.222185 -1.475804
v -0.071848 1.212807 -1.463933
v -0.071848 1.220628 -1.427067
v -0.071698 1.195950 -1.500582
v -0.071848 1.186881 -1.489066
v -0.071696 1.161164 -1.504492
v -0.071848 1.152467 -1.493258
v -0.071282 1.168048 -1.512837
v -0.070716 1.170557 -1.515892
v -0.071282 1.168048 -1.512837
v -0.071294 1.230353 -1.356449
v -0.070740 1.232882 -1.359361
v -0.070740 1.239637 -1.450830
v -0.071294 1.237097 -1.447737
v -0.071700 1.223449 -1.348529
v -0.071294 1.230353 -1.356449
v -0.071294 1.237097 -1.447737
v -0.071848 1.213964 -1.336991
v -0.071848 1.133988 -1.335812
v -0.071292 1.229108 -1.484228
v -0.070737 1.231641 -1.487319
v -0.071288 1.202845 -1.508989
v -0.070727 1.205364 -1.512068
v -0.071292 1.229108 -1.484228
v -0.071288 1.202845 -1.508989
v -0.071700 3.263566 1.013138
v -0.071700 3.264068 0.977491
v -0.071848 3.253368 0.983812
v -0.071848 3.252867 1.019459
v -0.071700 3.247992 0.946273
v -0.071848 3.237292 0.952593
v -0.071700 3.219573 0.927708
v -0.071848 3.208874 0.934028
v -0.071294 3.080387 1.472973
v -0.071294 3.058126 1.497296
v -0.070740 3.059258 1.499972
v -0.070740 3.081519 1.475649
v -0.071294 3.058126 1.497296
v -0.071294 3.029156 1.511345
v -0.070740 3.030288 1.514021
v -0.070740 3.059258 1.499972
v -0.071294 2.997402 1.513215
v -0.070740 2.998534 1.515892
v -0.071294 2.997402 1.513215
v -0.071700 2.994311 1.505903
v -0.071848 2.990088 1.495915
v -0.071294 3.227407 0.923081
v -0.071294 3.227407 0.923081
v -0.070740 3.230274 0.921388
v -0.071294 3.175893 1.240742
v -0.070740 3.177893 1.241234
v -0.070740 3.274267 1.006818
v -0.071294 3.271400 1.008512
v -0.071848 3.162970 1.237566
v -0.071700 3.170431 1.239400
v -0.071294 3.175893 1.240742
v -0.071294 3.271400 1.008512
v -0.071848 3.050812 1.479996
v -0.071848 3.097086 1.221124
v -0.071848 3.021842 1.494045
v -0.071294 3.271901 0.972865
v -0.070740 3.274768 0.971171
v -0.071294 3.255825 0.941646
v -0.070740 3.258692 0.939953
v -0.071294 3.255825 0.941646
v -0.070740 3.258692 0.939953
v -0.071294 3.271901 0.972865
v -0.071294 3.255825 0.941646
v -0.071294 3.058126 1.497296
v -0.071294 3.080387 1.472973
v -0.071700 3.077296 1.465662
v -0.071700 3.055035 1.489984
v -0.071294 3.029156 1.511345
v -0.071700 3.026065 1.504033
v -0.071848 3.073074 1.455673
v -0.071848 0.568586 0.294993
v -0.071848 0.562971 0.274293
v -0.071848 0.017696 0.456660
v -0.071848 0.028534 0.475669
v -0.071848 1.108247 0.091926
v -0.071848 1.108638 0.114316
v -0.071700 1.117352 0.113914
v -0.071700 1.116969 0.091986
v -0.071294 1.123750 0.113789
v -0.071294 1.123366 0.091860
v -0.071294 1.123366 0.091860
v -0.071294 1.123750 0.113789
v -0.070740 1.126092 0.113743
v -0.070740 1.125708 0.091815
v -0.071294 0.012571 0.484670
v -0.071293 0.002396 0.465637
v -0.070739 0.000028 0.467057
v -0.070740 0.010176 0.486106
v -0.071293 0.002396 0.465637
v -0.071294 0.012571 0.484670
v -0.071700 0.019464 0.480952
v -0.071699 0.008853 0.462189
v -0.070006 1.231641 -1.487319
v -0.065801 1.231641 -1.487319
v -0.065791 1.205364 -1.512068
v -0.069997 1.205364 -1.512068
v -0.065780 1.170557 -1.515892
v -0.069985 1.170557 -1.515892
v -0.065790 0.808177 -1.434246
v -0.069995 0.808177 -1.434246
v -0.065786 0.800143 -1.431066
v -0.069991 0.800143 -1.431066
v -0.065781 0.793274 -1.425518
v -0.069986 0.793274 -1.425518
v -0.069986 0.793274 -1.425518
v -0.065781 0.793274 -1.425518
v -0.065775 0.788140 -1.418070
v -0.069980 0.788140 -1.418070
v -0.065777 0.745585 -1.333086
v -0.069982 0.745585 -1.333086
v -0.065804 0.014783 0.126333
v -0.070010 0.014783 0.126333
v -0.065804 0.009267 0.137348
v -0.070010 0.009267 0.137348
v -0.065781 0.004468 0.308625
v -0.069985 0.004468 0.308625
v -0.065802 0.000028 0.467057
v -0.070008 0.000028 0.467057
v -0.065804 0.010176 0.486106
v -0.070010 0.010176 0.486106
v -0.065804 0.270414 0.639771
v -0.070010 0.270414 0.639771
v -0.065804 0.576576 0.803053
v -0.070010 0.576576 0.803053
v -0.065804 0.888636 0.953150
v -0.070010 0.888636 0.953150
v -0.065804 1.081778 1.038118
v -0.070010 1.081778 1.038118
v -0.065804 1.276520 1.118538
v -0.070010 1.276520 1.118538
v -0.065804 1.493873 1.198044
v -0.070009 1.493873 1.198044
v -0.065804 1.751633 1.289430
v -0.070010 1.751633 1.289430
v -0.065804 2.007614 1.354064
v -0.070010 2.007614 1.354064
v -0.065804 2.267154 1.402938
v -0.070010 2.267154 1.402938
v -0.065804 2.648905 1.466873
v -0.070010 2.648905 1.466873
v -0.065804 2.998534 1.515892
v -0.070010 2.998534 1.515892
v -0.065804 3.030288 1.514021
v -0.070010 3.030288 1.514021
v -0.065804 3.059258 1.499972
v -0.070010 3.059258 1.499972
v -0.070010 3.059258 1.499972
v -0.065804 3.059258 1.499972
v -0.065804 3.081519 1.475649
v -0.070010 3.081519 1.475649
v -0.065804 3.177893 1.241234
v -0.070010 3.177893 1.241234
v -0.065804 3.274267 1.006818
v -0.070010 3.274267 1.006818
v -0.065804 3.274768 0.971171
v -0.070010 3.274768 0.971171
v -0.065804 3.258692 0.939953
v -0.070010 3.258692 0.939953
v -0.070010 3.258692 0.939953
v -0.065804 3.258692 0.939953
v -0.065804 3.230274 0.921388
v -0.070010 3.230274 0.921388
v -0.065804 2.867100 0.806080
v -0.070010 2.867100 0.806080
v -0.065804 2.440250 0.685038
v -0.070010 2.440250 0.685038
v -0.065804 2.179049 0.625343
v -0.070010 2.179049 0.625343
v -0.065804 1.915054 0.581092
v -0.070010 1.915054 0.581092
v -0.065804 1.652456 0.569247
v -0.070010 1.652456 0.569247
v -0.065804 1.483841 0.566546
v -0.070010 1.483841 0.566546
v -0.065804 1.375296 0.535264
v -0.070010 1.375296 0.535264
v -0.065804 1.281115 0.472389
v -0.070010 1.281115 0.472389
v -0.065804 1.190764 0.359256
v -0.070010 1.190764 0.359256
v -0.065804 1.139877 0.239949
v -0.070010 1.139877 0.239949
v -0.065804 1.126092 0.113743
v -0.070010 1.126092 0.113743
v -0.065804 1.125708 0.091815
v -0.070010 1.125708 0.091815
v -0.065804 1.130897 0.021544
v -0.070010 1.130897 0.021544
v -0.065804 1.139516 -0.095159
v -0.070010 1.139516 -0.095159
v -0.065804 1.232882 -1.359361
v -0.070010 1.232882 -1.359361
v -0.065804 1.239637 -1.450830
v -0.070010 1.239637 -1.450830
v 3.967617 1.817603 0.477071
v 3.967632 1.822507 0.637606
v 3.967315 1.823131 0.637464
v 3.967375 1.817781 0.476948
v 3.966352 1.823651 0.637432
v 3.966654 1.817921 0.476890
v 3.964953 1.824011 0.637589
v 3.965600 1.818015 0.476945
v 3.963314 1.824201 0.637991
v 3.964363 1.818071 0.477145
v 3.966014 2.091468 0.977732
v 3.966009 2.098753 1.000217
v 3.966579 2.098640 1.000235
v 3.966584 2.091366 0.977786
v 3.967062 2.098318 1.000290
v 3.967067 2.091076 0.977938
v 3.967384 2.097836 1.000371
v 3.967390 2.090642 0.978166
v 3.967497 2.097268 1.000466
v 3.967503 2.090130 0.978435
v 3.835726 2.098753 1.000217
v 3.835721 2.091468 0.977732
v 3.835151 2.091366 0.977786
v 3.835156 2.098640 1.000235
v 3.834668 2.091076 0.977938
v 3.834673 2.098318 1.000290
v 3.834345 2.090642 0.978166
v 3.834350 2.097836 1.000371
v 3.834232 2.090130 0.978435
v 3.834237 2.097268 1.000466
v 3.966233 0.014737 -0.492287
v 3.966063 0.038587 -0.510021
v 3.966632 0.038633 -0.509914
v 3.966803 0.014826 -0.492212
v 3.967115 0.038764 -0.509610
v 3.967286 0.015080 -0.491998
v 3.967438 0.038961 -0.509154
v 3.967608 0.015459 -0.491678
v 3.967552 0.039193 -0.508617
v 3.967722 0.015907 -0.491300
v 3.835672 0.038587 -0.510021
v 3.835502 0.014737 -0.492287
v 3.834932 0.014826 -0.492212
v 3.835102 0.038633 -0.509914
v 3.834449 0.015080 -0.491998
v 3.834619 0.038764 -0.509610
v 3.834126 0.015459 -0.491678
v 3.834295 0.038961 -0.509154
v 3.834013 0.015907 -0.491300
v 3.834183 0.039193 -0.508617
v 3.966064 0.015152 0.652029
v 3.966063 0.001226 0.624866
v 3.966632 0.001338 0.624836
v 3.966634 0.015240 0.651953
v 3.967115 0.001658 0.624751
v 3.967116 0.015492 0.651735
v 3.967438 0.002136 0.624625
v 3.967440 0.015867 0.651409
v 3.967552 0.002699 0.624475
v 3.967553 0.016311 0.651024
v 3.835672 0.001226 0.624866
v 3.835671 0.015152 0.652029
v 3.835100 0.015240 0.651953
v 3.835102 0.001338 0.624836
v 3.834617 0.015492 0.651735
v 3.834619 0.001658 0.624751
v 3.834295 0.015867 0.651409
v 3.834295 0.002136 0.624625
v 3.834182 0.016311 0.651024
v 3.834183 0.002699 0.624475
v 3.966264 2.071525 1.355008
v 3.966186 2.033866 1.362181
v 3.966756 2.033883 1.362062
v 3.966834 2.071465 1.354904
v 3.967238 2.033931 1.361724
v 3.967317 2.071296 1.354608
v 3.967562 2.034004 1.361219
v 3.967639 2.071043 1.354164
v 3.967675 2.034089 1.360622
v 3.967753 2.070745 1.353641
v 3.835548 2.033866 1.362181
v 3.835471 2.071525 1.355008
v 3.834901 2.071465 1.354904
v 3.834979 2.033883 1.362062
v 3.834417 2.071296 1.354608
v 3.834495 2.033931 1.361724
v 3.834094 2.071043 1.354164
v 3.834173 2.034004 1.361219
v 3.833981 2.070745 1.353641
v 3.834060 2.034089 1.360622
v 3.967631 1.863575 0.627472
v 3.967616 1.858296 0.473664
v 3.967371 1.858171 0.473694
v 3.967309 1.863024 0.627442
v 3.966631 1.858039 0.473769
v 3.966317 1.862522 0.627510
v 3.965529 1.857943 0.473932
v 3.964845 1.862189 0.627773
v 3.964221 1.857943 0.474217
v 3.963095 1.862155 0.628302
v 3.838600 1.862152 0.628280
v 3.837489 1.857942 0.474206
v 3.836214 1.857943 0.473935
v 3.836904 1.862190 0.627778
v 3.835113 1.858039 0.473770
v 3.835431 1.862522 0.627512
v 3.834380 1.858165 0.473695
v 3.834453 1.863014 0.627444
v 3.834120 1.858290 0.473664
v 3.834105 1.863565 0.627473
v 3.967470 1.896288 0.141089
v 3.967460 1.926528 -0.037638
v 3.967347 1.927091 -0.037546
v 3.967357 1.896854 0.141163
v 3.967025 1.927567 -0.037467
v 3.967034 1.897334 0.141226
v 3.966541 1.927886 -0.037415
v 3.966552 1.897655 0.141268
v 3.965971 1.927998 -0.037397
v 3.965982 1.897767 0.141283
v 3.835752 1.897767 0.141283
v 3.835762 1.927998 -0.037397
v 3.835193 1.927886 -0.037415
v 3.835182 1.897655 0.141268
v 3.834709 1.927567 -0.037467
v 3.834700 1.897334 0.141226
v 3.834387 1.927091 -0.037546
v 3.834377 1.896854 0.141163
v 3.834273 1.926528 -0.037638
v 3.834264 1.896288 0.141089
v 3.967551 0.550667 -0.742771
v 3.967551 0.410259 -0.591437
v 3.967438 0.409866 -0.591852
v 3.967438 0.550229 -0.743137
v 3.967115 0.409532 -0.592203
v 3.967115 0.549858 -0.743447
v 3.966632 0.409310 -0.592438
v 3.966632 0.549610 -0.743654
v 3.966062 0.409232 -0.592520
v 3.966062 0.549523 -0.743727
v 3.835673 0.549523 -0.743727
v 3.835672 0.409232 -0.592520
v 3.835102 0.409310 -0.592438
v 3.835103 0.549610 -0.743654
v 3.834619 0.409532 -0.592203
v 3.834620 0.549858 -0.743447
v 3.834295 0.409866 -0.591852
v 3.834297 0.550229 -0.743137
v 3.834183 0.410259 -0.591437
v 3.834184 0.550667 -0.742771
v 3.966178 2.002503 1.346143
v 3.966063 1.707661 1.163822
v 3.966632 1.707723 1.163727
v 3.966748 2.002559 1.346045
v 3.967115 1.707900 1.163456
v 3.967230 2.002717 1.345763
v 3.967438 1.708164 1.163052
v 3.967553 2.002955 1.345342
v 3.967552 1.708476 1.162575
v 3.967667 2.003235 1.344845
v 3.834068 2.003235 1.344845
v 3.834183 1.708476 1.162575
v 3.834295 1.708164 1.163052
v 3.834182 2.002955 1.345342
v 3.834619 1.707900 1.163456
v 3.834504 2.002717 1.345763
v 3.835102 1.707723 1.163727
v 3.834987 2.002559 1.346045
v 3.835672 1.707661 1.163822
v 3.835557 2.002503 1.346143
v 3.967552 1.889323 0.837249
v 3.967552 1.889257 0.836487
v 3.967434 1.889756 0.836168
v 3.967438 1.889843 0.836908
v 3.967098 1.890179 0.835897
v 3.967115 1.890284 0.836618
v 3.966596 1.890462 0.835716
v 3.966632 1.890578 0.836425
v 3.966002 1.890561 0.835652
v 3.966063 1.890682 0.836357
v 3.967500 2.059492 0.948186
v 3.967551 1.889919 0.837555
v 3.967433 1.890419 0.837232
v 3.967387 2.059814 0.947715
v 3.967095 1.890844 0.836959
v 3.967064 2.060086 0.947316
v 3.966591 1.891127 0.836776
v 3.966581 2.060268 0.947049
v 3.965996 1.891227 0.836712
v 3.966011 2.060332 0.946955
v 3.967073 1.948117 -1.027298
v 3.967163 1.897766 -1.119159
v 3.967049 1.898233 -1.119491
v 3.966959 1.948638 -1.027534
v 3.966726 1.898630 -1.119774
v 3.966636 1.949079 -1.027733
v 3.966243 1.898895 -1.119962
v 3.966154 1.949374 -1.027867
v 3.965673 1.898988 -1.120028
v 3.965584 1.949478 -1.027914
v 3.836150 1.949478 -1.027914
v 3.836061 1.898988 -1.120028
v 3.835490 1.898895 -1.119962
v 3.835580 1.949374 -1.027867
v 3.835008 1.898630 -1.119774
v 3.835096 1.949079 -1.027733
v 3.834684 1.898233 -1.119491
v 3.834774 1.948638 -1.027534
v 3.834572 1.897766 -1.119159
v 3.834660 1.948117 -1.027298
v 3.966395 1.710028 -1.269021
v 3.966328 1.781017 -1.229927
v 3.966898 1.780954 -1.229832
v 3.966965 1.709982 -1.268917
v 3.967381 1.780776 -1.229562
v 3.967448 1.709852 -1.268620
v 3.967704 1.780509 -1.229157
v 3.967771 1.709657 -1.268176
v 3.967817 1.780194 -1.228680
v 3.967884 1.709427 -1.267652
v 3.835405 1.781017 -1.229927
v 3.835339 1.710028 -1.269021
v 3.834769 1.709982 -1.268917
v 3.834836 1.780954 -1.229832
v 3.834285 1.709852 -1.268620
v 3.834353 1.780776 -1.229562
v 3.833963 1.709657 -1.268176
v 3.834030 1.780509 -1.229157
v 3.833849 1.709427 -1.267652
v 3.833917 1.780194 -1.228680
v 3.965411 1.348900 -1.293086
v 3.965726 1.449915 -1.305097
v 3.966296 1.449923 -1.304984
v 3.965981 1.348918 -1.292974
v 3.966779 1.449945 -1.304661
v 3.966464 1.348969 -1.292655
v 3.967102 1.449978 -1.304179
v 3.966787 1.349046 -1.292177
v 3.967215 1.450017 -1.303609
v 3.966901 1.349137 -1.291614
v 3.836008 1.449915 -1.305097
v 3.836323 1.348900 -1.293086
v 3.835754 1.348918 -1.292974
v 3.835438 1.449923 -1.304984
v 3.835270 1.348969 -1.292655
v 3.834955 1.449945 -1.304661
v 3.834948 1.349046 -1.292177
v 3.834633 1.449978 -1.304179
v 3.834834 1.349137 -1.291614
v 3.834519 1.450017 -1.303609
v 3.967552 0.822460 0.756155
v 3.967552 0.825062 0.756488
v 3.967438 0.824932 0.757046
v 3.967438 0.822381 0.756720
v 3.967115 0.824822 0.757519
v 3.967115 0.822313 0.757198
v 3.966632 0.824749 0.757835
v 3.966632 0.822268 0.757518
v 3.966063 0.824723 0.757946
v 3.966062 0.822253 0.757630
v 3.835672 0.822253 0.757630
v 3.835672 0.824723 0.757946
v 3.835102 0.824749 0.757835
v 3.835102 0.822268 0.757518
v 3.834619 0.824822 0.757519
v 3.834619 0.822313 0.757198
v 3.834295 0.824932 0.757046
v 3.834295 0.822381 0.756720
v 3.834183 0.825062 0.756488
v 3.834183 0.822460 0.756155
v 3.966050 1.976804 -0.326533
v 3.966018 1.955274 -0.197907
v 3.966588 1.955162 -0.197926
v 3.966620 1.976691 -0.326551
v 3.967070 1.954844 -0.197980
v 3.967103 1.976373 -0.326602
v 3.967394 1.954367 -0.198060
v 3.967426 1.975896 -0.326678
v 3.967507 1.953805 -0.198155
v 3.967539 1.975333 -0.326767
v 3.835717 1.955274 -0.197907
v 3.835685 1.976804 -0.326533
v 3.835115 1.976691 -0.326551
v 3.835147 1.955162 -0.197926
v 3.834633 1.976373 -0.326602
v 3.834664 1.954844 -0.197980
v 3.834309 1.975896 -0.326678
v 3.834342 1.954367 -0.198060
v 3.834197 1.975333 -0.326767
v 3.834228 1.953805 -0.198155
v 3.966069 2.007277 -0.553745
v 3.966064 1.995181 -0.447855
v 3.966634 1.995069 -0.447870
v 3.966640 2.007164 -0.553755
v 3.967117 1.994749 -0.447912
v 3.967123 2.006842 -0.553783
v 3.967440 1.994270 -0.447976
v 3.967445 2.006361 -0.553825
v 3.967553 1.993705 -0.448051
v 3.967559 2.005793 -0.553875
v 3.835669 1.995181 -0.447855
v 3.835664 2.007277 -0.553745
v 3.835094 2.007164 -0.553755
v 3.835099 1.995069 -0.447870
v 3.834611 2.006842 -0.553783
v 3.834616 1.994749 -0.447912
v 3.834288 2.006361 -0.553825
v 3.834293 1.994270 -0.447976
v 3.834175 2.005793 -0.553875
v 3.834180 1.993705 -0.448051
v 3.965983 2.012157 -0.751432
v 3.966055 2.013541 -0.655858
v 3.966625 2.013427 -0.655861
v 3.966553 2.012044 -0.751425
v 3.967108 2.013104 -0.655868
v 3.967036 2.011721 -0.751406
v 3.967431 2.012621 -0.655880
v 3.967359 2.011239 -0.751377
v 3.967544 2.012051 -0.655893
v 3.967472 2.010669 -0.751343
v 3.835679 2.013541 -0.655858
v 3.835752 2.012157 -0.751432
v 3.835181 2.012044 -0.751425
v 3.835109 2.013427 -0.655861
v 3.834698 2.011721 -0.751406
v 3.834626 2.013104 -0.655868
v 3.834375 2.011239 -0.751377
v 3.834304 2.012621 -0.655880
v 3.834262 2.010669 -0.751343
v 3.834190 2.012051 -0.655893
v 3.965677 1.982118 -0.938273
v 3.965847 2.002306 -0.845118
v 3.966416 2.002193 -0.845100
v 3.966247 1.982009 -0.938241
v 3.966899 2.001874 -0.845049
v 3.966730 1.981698 -0.938151
v 3.967222 2.001397 -0.844972
v 3.967053 1.981233 -0.938017
v 3.967336 2.000833 -0.844882
v 3.967166 1.980684 -0.937858
v 3.835888 2.002306 -0.845118
v 3.836056 1.982118 -0.938273
v 3.835486 1.982009 -0.938241
v 3.835318 2.002193 -0.845100
v 3.835004 1.981698 -0.938151
v 3.834834 2.001874 -0.845049
v 3.834681 1.981233 -0.938017
v 3.834512 2.001397 -0.844972
v 3.834567 1.980684 -0.937858
v 3.834399 2.000833 -0.844882
v 3.965620 1.150634 -1.244235
v 3.965370 1.244802 -1.271894
v 3.965940 1.244830 -1.271783
v 3.966190 1.150670 -1.244127
v 3.966423 1.244907 -1.271470
v 3.966672 1.150771 -1.243820
v 3.966746 1.245024 -1.271001
v 3.966996 1.150923 -1.243361
v 3.966860 1.245161 -1.270447
v 3.967109 1.151101 -1.242820
v 3.836364 1.244802 -1.271894
v 3.836114 1.150634 -1.244235
v 3.835544 1.150670 -1.244127
v 3.835793 1.244830 -1.271783
v 3.835061 1.150771 -1.243820
v 3.835310 1.244907 -1.271470
v 3.834738 1.150923 -1.243361
v 3.834987 1.245024 -1.271001
v 3.834625 1.151101 -1.242820
v 3.834875 1.245161 -1.270447
v 3.966069 0.964453 -1.165860
v 3.965858 1.062524 -1.211830
v 3.966428 1.062568 -1.211725
v 3.966640 0.964508 -1.165760
v 3.966911 1.062693 -1.211427
v 3.967123 0.964663 -1.165476
v 3.967233 1.062879 -1.210980
v 3.967445 0.964895 -1.165051
v 3.967347 1.063098 -1.210454
v 3.967559 0.965169 -1.164550
v 3.835877 1.062524 -1.211830
v 3.835664 0.964453 -1.165860
v 3.835094 0.964508 -1.165760
v 3.835307 1.062568 -1.211725
v 3.834611 0.964663 -1.165476
v 3.834824 1.062693 -1.211427
v 3.834288 0.964895 -1.165051
v 3.834500 1.062879 -1.210980
v 3.834175 0.965169 -1.164550
v 3.834388 1.063098 -1.210454
v 3.966057 0.789563 -1.039403
v 3.966088 0.880581 -1.113095
v 3.966658 0.880647 -1.113003
v 3.966628 0.789640 -1.039320
v 3.967140 0.880835 -1.112740
v 3.967110 0.789862 -1.039084
v 3.967464 0.881117 -1.112347
v 3.967433 0.790193 -1.038730
v 3.967577 0.881449 -1.111882
v 3.967546 0.790583 -1.038313
v 3.835646 0.880581 -1.113095
v 3.835677 0.789563 -1.039403
v 3.835107 0.789640 -1.039320
v 3.835075 0.880647 -1.113003
v 3.834624 0.789862 -1.039084
v 3.834593 0.880835 -1.112740
v 3.834300 0.790193 -1.038730
v 3.834270 0.881117 -1.112347
v 3.834188 0.790583 -1.038313
v 3.834157 0.881449 -1.111882
v 3.966061 0.630582 -0.851607
v 3.966059 0.714676 -0.958488
v 3.966630 0.714763 -0.958414
v 3.966631 0.630672 -0.851538
v 3.967112 0.715008 -0.958205
v 3.967113 0.630928 -0.851341
v 3.967435 0.715376 -0.957891
v 3.967437 0.631311 -0.851047
v 3.967549 0.715810 -0.957520
v 3.967550 0.631763 -0.850699
v 3.835676 0.714676 -0.958488
v 3.835673 0.630582 -0.851607
v 3.835103 0.630672 -0.851538
v 3.835106 0.714763 -0.958414
v 3.834620 0.630928 -0.851341
v 3.834622 0.715008 -0.958205
v 3.834297 0.631311 -0.851047
v 3.834300 0.715376 -0.957891
v 3.834184 0.631763 -0.850699
v 3.834187 0.715810 -0.957520
v 3.967552 0.258221 0.693911
v 3.967552 0.476339 0.717986
v 3.967438 0.476277 0.718553
v 3.967438 0.258159 0.694477
v 3.967115 0.476224 0.719033
v 3.967115 0.258106 0.694957
v 3.966632 0.476188 0.719354
v 3.966632 0.258070 0.695278
v 3.966063 0.476176 0.719466
v 3.966063 0.258058 0.695391
v 3.835672 0.258058 0.695391
v 3.835672 0.476176 0.719466
v 3.835102 0.476188 0.719354
v 3.835102 0.258070 0.695278
v 3.834619 0.476224 0.719033
v 3.834619 0.258106 0.694957
v 3.834295 0.476277 0.718553
v 3.834295 0.258159 0.694477
v 3.834183 0.476339 0.717986
v 3.834183 0.258221 0.693911
v 3.966007 2.077017 0.958884
v 3.835727 2.077017 0.958884
v 3.835721 2.091468 0.977732
v 3.966014 2.091468 0.977732
v 3.966394 0.001277 -0.465747
v 3.835341 0.001277 -0.465747
v 3.966063 0.040346 0.669849
v 3.835672 0.040346 0.669849
v 3.835671 0.015152 0.652029
v 3.966064 0.015152 0.652029
v 3.966305 2.096753 1.326395
v 3.835429 2.096753 1.326395
v 3.835677 0.000040 0.598395
v 3.966057 0.000040 0.598395
v 3.966170 2.099318 1.294421
v 3.835565 2.099318 1.294421
v 3.835788 2.099318 1.029173
v 3.965947 2.099318 1.029173
v 3.966332 0.000040 -0.387442
v 3.835402 0.000040 -0.387442
v 3.835672 0.365318 -0.568234
v 3.966063 0.365318 -0.568234
v 3.835672 0.389296 -0.575881
v 3.966063 0.389296 -0.575881
v 3.836407 1.872158 0.307349
v 3.965317 1.872159 0.307355
v 3.835673 1.450617 0.986541
v 3.966062 1.450617 0.986541
v 3.835731 1.890561 0.835652
v 3.835672 1.890682 0.836357
v 3.835724 2.060332 0.946955
v 3.835738 1.891227 0.836712
v 3.966311 1.631857 -1.295146
v 3.835423 1.631857 -1.295146
v 3.966048 1.844238 -1.180572
v 3.835686 1.844238 -1.180572
v 3.966074 1.545032 -1.306815
v 3.835659 1.545032 -1.306815
v 3.966063 0.065603 0.674148
v 3.835672 0.065603 0.674148
v 3.966062 0.827110 0.758763
v 3.835672 0.827110 0.758763
v 3.966063 0.972543 0.811329
v 3.835672 0.972543 0.811329
v 3.835673 1.442579 0.981571
v 3.966062 1.442579 0.981571
v 3.835672 1.433977 0.977952
v 3.966063 1.433977 0.977952
v 3.965535 2.099318 1.190647
v 3.836200 2.099318 1.190647
v 3.965919 0.000039 0.088304
v 3.835815 0.000039 0.088304
v 3.966063 0.654993 0.739204
v 3.835672 0.654993 0.739204
v 3.966063 1.118179 0.863933
v 3.835672 1.118179 0.863933
v 3.966063 1.255713 0.913609
v 3.835672 1.255713 0.913609
v 3.966014 2.056746 0.995877
v 3.966009 2.058942 1.004960
v 3.835726 2.058942 1.004960
v 3.835721 2.056746 0.995877
v 3.966007 2.050710 0.989077
v 3.966014 2.056746 0.995877
v 3.835721 2.056746 0.995877
v 3.835727 2.050710 0.989077
v 3.966232 0.043730 -0.467816
v 3.966064 0.052114 -0.472623
v 3.835671 0.052114 -0.472623
v 3.835502 0.043730 -0.467816
v 3.966393 0.040416 -0.458789
v 3.835342 0.040416 -0.458789
v 3.966064 0.043799 0.627476
v 3.966063 0.040416 0.618047
v 3.835672 0.040416 0.618047
v 3.835671 0.043799 0.627476
v 3.966063 0.052206 0.632048
v 3.966064 0.043799 0.627476
v 3.835671 0.043799 0.627476
v 3.835672 0.052206 0.632048
v 3.966263 2.054232 1.324975
v 3.966186 2.044809 1.324821
v 3.835548 2.044809 1.324821
v 3.835472 2.054232 1.324975
v 3.966303 2.058942 1.316547
v 3.835429 2.058942 1.316547
v 3.966057 0.040416 0.598395
v 3.835677 0.040416 0.598395
v 3.966170 2.058942 1.294421
v 3.835565 2.058942 1.294421
v 3.965947 2.058942 1.029176
v 3.835788 2.058942 1.029176
v 3.966332 0.040416 -0.387441
v 3.835402 0.040416 -0.387441
v 3.838409 1.824200 0.637984
v 3.837364 1.818071 0.477141
v 3.966063 0.375529 -0.529314
v 3.835672 0.375529 -0.529314
v 3.965971 1.888157 -0.043945
v 3.965982 1.857638 0.136039
v 3.835752 1.857638 0.136039
v 3.835762 1.888157 -0.043945
v 3.966062 0.436471 -0.562886
v 3.966062 0.580443 -0.717847
v 3.835673 0.580443 -0.717847
v 3.835672 0.436471 -0.562886
v 3.966063 0.408470 -0.540953
v 3.835672 0.408470 -0.540953
v 3.965370 1.831687 0.306195
v 3.836361 1.831687 0.306193
v 3.966178 2.023726 1.311795
v 3.966063 1.729745 1.130024
v 3.835672 1.729745 1.130024
v 3.835557 2.023726 1.311795
v 3.835724 2.037918 0.980539
v 3.835732 1.857975 0.858127
v 3.966002 1.857975 0.858127
v 3.966011 2.037918 0.980539
v 3.966006 1.857256 0.856972
v 3.966063 1.857394 0.857732
v 3.835672 1.857394 0.857732
v 3.835729 1.857256 0.856972
v 3.965673 1.866327 -1.096791
v 3.965584 1.912769 -1.011371
v 3.836150 1.912769 -1.011371
v 3.836061 1.866327 -1.096791
v 3.966395 1.693864 -1.232203
v 3.966328 1.758845 -1.196333
v 3.835406 1.758845 -1.196333
v 3.835339 1.693864 -1.232203
v 3.966310 1.622791 -1.255989
v 3.835423 1.622791 -1.255989
v 3.965411 1.355316 -1.253257
v 3.965726 1.452698 -1.264866
v 3.836008 1.452698 -1.264866
v 3.836323 1.355316 -1.253257
v 3.966049 1.816897 -1.151058
v 3.835686 1.816897 -1.151058
v 3.966074 1.542767 -1.266618
v 3.835660 1.542767 -1.266618
v 3.966063 0.070033 0.634015
v 3.835672 0.070033 0.634015
v 3.966063 0.833856 0.718688
v 3.966063 0.827871 0.717665
v 3.835672 0.827871 0.717665
v 3.835672 0.833856 0.718688
v 3.966063 0.839698 0.720417
v 3.835672 0.839698 0.720417
v 3.966050 1.936932 -0.332891
v 3.966018 1.915460 -0.204622
v 3.835717 1.915460 -0.204622
v 3.835685 1.936932 -0.332891
v 3.966069 1.967069 -0.557281
v 3.966064 1.955163 -0.453174
v 3.835669 1.955163 -0.453174
v 3.835664 1.967069 -0.557281
v 3.965983 1.971893 -0.749042
v 3.966055 1.973204 -0.656813
v 3.835679 1.973204 -0.656813
v 3.835752 1.971893 -0.749042
v 3.965677 1.943412 -0.927111
v 3.965847 1.962494 -0.838753
v 3.835888 1.962494 -0.838753
v 3.836056 1.943412 -0.927111
v 3.965620 1.163292 -1.205917
v 3.965370 1.254524 -1.232743
v 3.836364 1.254524 -1.232743
v 3.836114 1.163292 -1.205917
v 3.966069 0.983760 -1.130487
v 3.965858 1.078042 -1.174594
v 3.835877 1.078042 -1.174594
v 3.835664 0.983760 -1.130487
v 3.966057 0.817092 -1.010013
v 3.966088 0.904027 -1.080311
v 3.835646 0.904027 -1.080311
v 3.835677 0.817092 -1.010013
v 3.966061 0.662584 -0.826991
v 3.966059 0.745383 -0.932319
v 3.835676 0.745383 -0.932319
v 3.835673 0.662584 -0.826991
v 3.835673 1.472469 0.952614
v 3.966062 1.472469 0.952614
v 3.966063 0.986259 0.773355
v 3.835672 0.986259 0.773355
v 3.966062 1.461041 0.945758
v 3.835673 1.461041 0.945758
v 3.966063 1.448912 0.940463
v 3.835672 1.448912 0.940463
v 3.965535 2.058942 1.190647
v 3.836200 2.058942 1.190647
v 3.965919 0.040416 0.088304
v 3.835815 0.040416 0.088304
v 3.966063 0.480606 0.679334
v 3.966063 0.262488 0.655258
v 3.835672 0.262488 0.655258
v 3.835672 0.480606 0.679334
v 3.966063 0.659423 0.699072
v 3.835672 0.659423 0.699072
v 3.966063 1.131895 0.825958
v 3.835672 1.131895 0.825958
v 3.966063 1.269429 0.875634
v 3.835672 1.269429 0.875634
v 3.967503 2.058106 0.995166
v 3.967498 2.060431 1.004783
v 3.834237 2.060431 1.004783
v 3.834232 2.058106 0.995166
v 3.967497 2.051697 0.987945
v 3.967497 2.075970 0.959967
v 3.967503 2.090130 0.978435
v 3.967503 2.058106 0.995166
v 3.834232 2.058106 0.995166
v 3.834232 2.090130 0.978435
v 3.834238 2.075970 0.959967
v 3.834238 2.051697 0.987945
v 3.967722 0.042523 -0.468835
v 3.967552 0.051600 -0.474043
v 3.834183 0.051600 -0.474045
v 3.834013 0.042515 -0.468841
v 3.967883 0.038927 -0.459054
v 3.967883 0.002760 -0.465380
v 3.833852 0.002760 -0.465380
v 3.833852 0.038925 -0.459055
v 3.967553 0.042589 0.628513
v 3.967552 0.038927 0.618307
v 3.834183 0.038927 0.618307
v 3.834182 0.042589 0.628513
v 3.967552 0.051752 0.633496
v 3.967552 0.040930 0.668438
v 3.967553 0.016311 0.651024
v 3.967553 0.042589 0.628513
v 3.834182 0.042589 0.628513
v 3.834182 0.016311 0.651024
v 3.834183 0.040930 0.668438
v 3.834183 0.051752 0.633496
v 3.967753 2.055097 1.326477
v 3.967675 2.044375 1.326301
v 3.834060 2.044374 1.326303
v 3.833981 2.055100 1.326482
v 3.967794 2.060432 1.316935
v 3.967793 2.095309 1.325782
v 3.833942 2.095309 1.325782
v 3.833941 2.060431 1.316935
v 3.967546 0.001529 0.598362
v 3.967546 0.038927 0.598395
v 3.834188 0.038927 0.598395
v 3.834188 0.001529 0.598362
v 3.967659 2.060431 1.294421
v 3.967659 2.097829 1.294361
v 3.834076 2.097829 1.294361
v 3.834076 2.060431 1.294421
v 3.967437 2.097829 1.029191
v 3.967437 2.060431 1.029176
v 3.834298 2.060431 1.029176
v 3.834298 2.097829 1.029191
v 3.967821 0.038927 -0.387441
v 3.967821 0.001529 -0.387442
v 3.833913 0.001529 -0.387442
v 3.833913 0.038927 -0.387441
v 3.834104 1.822497 0.637609
v 3.834120 1.817596 0.477072
v 3.967552 0.365676 -0.566785
v 3.967552 0.375149 -0.530759
v 3.834183 0.375149 -0.530759
v 3.834183 0.365676 -0.566785
v 3.967460 1.889626 -0.043703
v 3.967470 1.859118 0.136231
v 3.834264 1.859118 0.136231
v 3.834273 1.889626 -0.043703
v 3.967551 0.435460 -0.563986
v 3.967551 0.579300 -0.718804
v 3.834184 0.579300 -0.718804
v 3.834183 0.435460 -0.563986
v 3.967552 0.390026 -0.574550
v 3.967552 0.407744 -0.542276
v 3.834183 0.407744 -0.542276
v 3.834183 0.390026 -0.574550
v 3.967541 1.871401 0.306983
v 3.967542 1.832420 0.306242
v 3.834193 1.832418 0.306243
v 3.834193 1.871399 0.306983
v 3.967552 1.728930 1.131271
v 3.967667 2.022943 1.313061
v 3.834235 2.059492 0.948186
v 3.834183 1.889919 0.837554
v 3.834183 1.859277 0.857288
v 3.834235 2.038745 0.979300
v 3.967552 1.858747 0.856851
v 3.967552 1.858557 0.856139
v 3.967551 1.451432 0.985294
v 3.967551 1.471663 0.953866
v 3.834068 2.022943 1.313061
v 3.834183 1.728930 1.131271
v 3.834183 1.889257 0.836487
v 3.834183 1.858557 0.856139
v 3.834183 1.858747 0.856851
v 3.834183 1.889323 0.837249
v 3.967500 2.038745 0.979300
v 3.967551 1.859277 0.857288
v 3.967163 1.867549 -1.097660
v 3.967073 1.914130 -1.011985
v 3.834660 1.914130 -1.011985
v 3.834572 1.867549 -1.097660
v 3.967884 1.694465 -1.233572
v 3.967817 1.759668 -1.197580
v 3.833917 1.759668 -1.197580
v 3.833849 1.694465 -1.233572
v 3.967799 1.623129 -1.257447
v 3.967799 1.631518 -1.293689
v 3.833934 1.631518 -1.293689
v 3.833934 1.623129 -1.257447
v 3.966901 1.355079 -1.254728
v 3.967215 1.452595 -1.266354
v 3.834519 1.452595 -1.266354
v 3.834834 1.355079 -1.254728
v 3.967539 1.817913 -1.152155
v 3.967539 1.843220 -1.179477
v 3.834197 1.843220 -1.179477
v 3.834197 1.817913 -1.152155
v 3.967564 1.542851 -1.268110
v 3.967564 1.544946 -1.305324
v 3.834171 1.544946 -1.305324
v 3.834171 1.542851 -1.268109
v 3.967552 0.069870 0.635495
v 3.967552 0.065810 0.672672
v 3.834183 0.065810 0.672672
v 3.834183 0.069870 0.635495
v 3.967552 0.833518 0.720141
v 3.967552 0.827664 0.719140
v 3.834183 0.827664 0.719140
v 3.834183 0.833518 0.720141
v 3.967552 0.839233 0.721833
v 3.967552 0.827575 0.757348
v 3.834183 0.827575 0.757348
v 3.834183 0.839233 0.721833
v 3.967539 1.938403 -0.332657
v 3.967507 1.916928 -0.204375
v 3.834228 1.916928 -0.204375
v 3.834197 1.938403 -0.332657
v 3.967559 1.968553 -0.557150
v 3.967553 1.956640 -0.452978
v 3.834180 1.956640 -0.452978
v 3.834175 1.968553 -0.557150
v 3.967472 1.973381 -0.749130
v 3.967544 1.974694 -0.656778
v 3.834190 1.974694 -0.656778
v 3.834262 1.973381 -0.749130
v 3.967166 1.944846 -0.927525
v 3.967336 1.963967 -0.838988
v 3.834399 1.963967 -0.838988
v 3.834567 1.944846 -0.927525
v 3.967109 1.162824 -1.207331
v 3.966860 1.254164 -1.234189
v 3.834875 1.254164 -1.234189
v 3.834625 1.162824 -1.207332
v 3.967559 0.983046 -1.131797
v 3.967347 1.077468 -1.175970
v 3.834388 1.077468 -1.175970
v 3.834175 0.983046 -1.131797
v 3.967546 0.816071 -1.011102
v 3.967577 0.903159 -1.081524
v 3.834157 0.903159 -1.081524
v 3.834188 0.816071 -1.011102
v 3.967550 0.661404 -0.827899
v 3.967549 0.744248 -0.933286
v 3.834187 0.744248 -0.933286
v 3.834184 0.661404 -0.827899
v 3.834184 1.471663 0.953866
v 3.834184 1.451432 0.985294
v 3.967552 0.985753 0.774755
v 3.967552 0.973048 0.809929
v 3.834183 0.973048 0.809929
v 3.834183 0.985753 0.774755
v 3.967551 1.443263 0.980244
v 3.967551 1.460358 0.947084
v 3.834184 1.460358 0.947084
v 3.834184 1.443263 0.980244
v 3.967552 1.434519 0.976565
v 3.967552 1.448361 0.941847
v 3.834183 1.448361 0.941847
v 3.834183 1.434519 0.976565
v 3.967025 2.060431 1.190647
v 3.967025 2.097829 1.190647
v 3.834710 2.097829 1.190647
v 3.834710 2.060431 1.190647
v 3.967408 0.038927 0.088304
v 3.967408 0.001529 0.088304
v 3.834326 0.001529 0.088304
v 3.834326 0.038927 0.088304
v 3.967552 0.480442 0.680814
v 3.967552 0.262324 0.656738
v 3.834183 0.262324 0.656738
v 3.834183 0.480442 0.680814
v 3.967552 0.659260 0.700552
v 3.967552 0.655157 0.737724
v 3.834183 0.655157 0.737724
v 3.834183 0.659260 0.700552
v 3.967552 1.131389 0.827358
v 3.967552 1.118685 0.862532
v 3.834183 1.118685 0.862532
v 3.834183 1.131389 0.827358
v 3.967552 1.268923 0.877035
v 3.967552 1.256219 0.912209
v 3.834183 1.256219 0.912209
v 3.834183 1.268923 0.877035
v 3.967390 2.057586 0.995438
v 3.967383 2.051319 0.988378
v 3.967067 2.057144 0.995669
v 3.967060 2.050999 0.988745
v 3.966577 2.050786 0.988991
v 3.966584 2.056849 0.995823
v 3.967385 2.059861 1.004851
v 3.967390 2.057586 0.995438
v 3.967062 2.059378 1.004908
v 3.967067 2.057144 0.995669
v 3.966579 2.059055 1.004947
v 3.966584 2.056849 0.995823
v 3.967387 2.038428 0.979774
v 3.967064 2.038160 0.980176
v 3.966581 2.037981 0.980445
v 3.967608 0.042985 -0.468445
v 3.967770 0.039497 -0.458953
v 3.967286 0.043376 -0.468114
v 3.967447 0.039980 -0.458867
v 3.966963 0.040303 -0.458810
v 3.966802 0.043638 -0.467893
v 3.967438 0.051797 -0.473499
v 3.967116 0.051964 -0.473039
v 3.966634 0.052075 -0.472731
v 3.967708 0.039497 -0.387441
v 3.967385 0.039980 -0.387441
v 3.966902 0.040303 -0.387441
v 3.967440 0.043052 0.628116
v 3.967438 0.051926 0.632942
v 3.967116 0.043445 0.627779
v 3.967115 0.052073 0.632472
v 3.966632 0.052171 0.632158
v 3.966634 0.043707 0.627555
v 3.967438 0.039497 0.618207
v 3.967440 0.043052 0.628116
v 3.967115 0.039980 0.618123
v 3.967116 0.043445 0.627779
v 3.966632 0.040303 0.618067
v 3.966634 0.043707 0.627555
v 3.967438 0.069932 0.634929
v 3.967115 0.069985 0.634449
v 3.966632 0.070021 0.634128
v 3.967639 2.054766 1.325902
v 3.967681 2.059861 1.316787
v 3.967317 2.054485 1.325415
v 3.967357 2.059378 1.316661
v 3.966873 2.059055 1.316577
v 3.966834 2.054298 1.325090
v 3.967562 2.044541 1.325735
v 3.967238 2.044682 1.325254
v 3.966757 2.044776 1.324934
v 3.967545 2.059861 1.294421
v 3.967222 2.059378 1.294421
v 3.966739 2.059055 1.294421
v 3.967433 0.039497 0.598395
v 3.967110 0.039980 0.598395
v 3.966628 0.040303 0.598395
v 3.966911 2.059861 1.190647
v 3.966588 2.059378 1.190647
v 3.966105 2.059055 1.190647
v 3.967323 2.059861 1.029176
v 3.967000 2.059378 1.029176
v 3.966517 2.059055 1.029176
v 3.967295 0.039496 0.088304
v 3.966972 0.039979 0.088304
v 3.966490 0.040302 0.088304
v 3.967379 1.832145 0.306147
v 3.966902 1.831906 0.306090
v 3.966198 1.831742 0.306099
v 3.966598 1.857355 0.856909
v 3.967099 1.857637 0.856728
v 3.967435 1.858059 0.856458
v 3.967438 0.375295 -0.530206
v 3.967115 0.375418 -0.529737
v 3.966632 0.375500 -0.529424
v 3.967347 1.889064 -0.043796
v 3.967394 1.916366 -0.204469
v 3.967025 1.888587 -0.043874
v 3.967070 1.915890 -0.204550
v 3.966588 1.915572 -0.204603
v 3.966541 1.888268 -0.043926
v 3.967357 1.858552 0.136158
v 3.967034 1.858072 0.136095
v 3.966552 1.857751 0.136053
v 3.967438 0.579737 -0.718437
v 3.967438 0.435847 -0.563565
v 3.967115 0.580108 -0.718127
v 3.967115 0.436175 -0.563208
v 3.966632 0.436394 -0.562970
v 3.966632 0.580356 -0.717919
v 3.967438 0.408022 -0.541769
v 3.967115 0.408258 -0.541340
v 3.966632 0.408415 -0.541053
v 3.966596 1.858074 0.858063
v 3.967098 1.858356 0.857881
v 3.967433 1.858779 0.857609
v 3.967553 2.023243 1.312577
v 3.967230 2.023497 1.312166
v 3.966748 2.023667 1.311891
v 3.967438 1.729242 1.130794
v 3.967115 1.729506 1.130389
v 3.966632 1.729683 1.130119
v 3.966632 1.857497 0.857665
v 3.967115 1.857791 0.857474
v 3.967438 1.858229 0.857188
v 3.967049 1.867081 -1.097327
v 3.967424 1.817524 -1.151735
v 3.966726 1.866684 -1.097045
v 3.967102 1.817195 -1.151379
v 3.966618 1.816975 -1.151142
v 3.966244 1.866420 -1.096857
v 3.966959 1.913610 -1.011750
v 3.966636 1.913168 -1.011551
v 3.966154 1.912873 -1.011418
v 3.967771 1.694235 -1.233048
v 3.967686 1.623000 -1.256889
v 3.967448 1.694040 -1.232604
v 3.967363 1.622890 -1.256416
v 3.966880 1.622817 -1.256100
v 3.966965 1.693910 -1.232307
v 3.967704 1.759353 -1.197103
v 3.967381 1.759086 -1.196699
v 3.966898 1.758908 -1.196428
v 3.967450 1.542819 -1.267539
v 3.967127 1.542791 -1.267055
v 3.966644 1.542773 -1.266732
v 3.966787 1.355170 -1.254165
v 3.966746 1.254302 -1.233636
v 3.966464 1.355246 -1.253688
v 3.966423 1.254418 -1.233166
v 3.965940 1.254496 -1.232853
v 3.965981 1.355298 -1.253369
v 3.967102 1.452634 -1.265785
v 3.966779 1.452667 -1.265302
v 3.966296 1.452690 -1.264980
v 3.967438 0.262387 0.656172
v 3.967115 0.262440 0.655692
v 3.966632 0.262475 0.655371
v 3.967438 0.833647 0.719585
v 3.967438 0.839411 0.721291
v 3.967115 0.833757 0.719114
v 3.967115 0.839562 0.720832
v 3.966632 0.839662 0.720525
v 3.966632 0.833830 0.718799
v 3.967438 0.827743 0.718575
v 3.967115 0.827810 0.718097
v 3.966632 0.827855 0.717777
v 3.967438 0.985947 0.774219
v 3.967115 0.986111 0.773765
v 3.966632 0.986220 0.773461
v 3.967426 1.937840 -0.332747
v 3.967440 1.956075 -0.453053
v 3.967103 1.937363 -0.332823
v 3.967117 1.955596 -0.453116
v 3.966634 1.955276 -0.453159
v 3.966620 1.937044 -0.332874
v 3.967445 1.967985 -0.557200
v 3.967431 1.974124 -0.656792
v 3.967123 1.967504 -0.557243
v 3.967108 1.973641 -0.656803
v 3.966625 1.973318 -0.656811
v 3.966640 1.967182 -0.557271
v 3.967359 1.972811 -0.749096
v 3.967222 1.963403 -0.838898
v 3.967036 1.972329 -0.749067
v 3.966899 1.962925 -0.838822
v 3.966416 1.962606 -0.838771
v 3.966553 1.972006 -0.749048
v 3.967053 1.944297 -0.927367
v 3.966730 1.943832 -0.927233
v 3.966247 1.943521 -0.927143
v 3.966996 1.163003 -1.206790
v 3.967233 1.077688 -1.175443
v 3.966672 1.163155 -1.206331
v 3.966911 1.077874 -1.174997
v 3.966428 1.077998 -1.174699
v 3.966190 1.163256 -1.206025
v 3.967445 0.983319 -1.131296
v 3.967464 0.903491 -1.081060
v 3.967123 0.983551 -1.130871
v 3.967140 0.903773 -1.080666
v 3.966658 0.903961 -1.080403
v 3.966640 0.983706 -1.130587
v 3.967433 0.816462 -1.010685
v 3.967435 0.744682 -0.932916
v 3.967110 0.816793 -1.010332
v 3.967112 0.745050 -0.932602
v 3.966630 0.745296 -0.932393
v 3.966628 0.817014 -1.010095
v 3.967437 0.661855 -0.827551
v 3.967113 0.662238 -0.827257
v 3.966631 0.662494 -0.827060
v 3.967438 1.471971 0.953387
v 3.967115 1.472233 0.952980
v 3.966632 1.472408 0.952709
v 3.967438 1.131583 0.826822
v 3.967115 1.131747 0.826368
v 3.966632 1.131857 0.826064
v 3.967438 1.460619 0.946577
v 3.967115 1.460841 0.946146
v 3.966632 1.460989 0.945859
v 3.967438 1.448572 0.941317
v 3.967115 1.448751 0.940868
v 3.966632 1.448870 0.940568
v 3.967438 0.480505 0.680248
v 3.967438 0.659322 0.699985
v 3.967115 0.480558 0.679767
v 3.967115 0.659375 0.699505
v 3.966632 0.659411 0.699184
v 3.966632 0.480593 0.679447
v 3.967438 1.269117 0.876499
v 3.967115 1.269281 0.876044
v 3.966632 1.269390 0.875741
v 3.834350 2.059861 1.004851
v 3.834411 2.059861 1.029176
v 3.834673 2.059378 1.004908
v 3.834734 2.059378 1.029176
v 3.835217 2.059055 1.029176
v 3.835156 2.059055 1.004947
v 3.834734 2.059378 1.029176
v 3.834673 2.059378 1.004908
v 3.834345 2.057586 0.995438
v 3.834668 2.057144 0.995669
v 3.834668 2.057144 0.995669
v 3.835151 2.056849 0.995823
v 3.834352 2.051319 0.988378
v 3.834345 2.057586 0.995438
v 3.834674 2.050999 0.988745
v 3.834668 2.057144 0.995669
v 3.834668 2.057144 0.995669
v 3.834674 2.050999 0.988745
v 3.835157 2.050786 0.988991
v 3.835151 2.056849 0.995823
v 3.834295 0.051797 -0.473501
v 3.834295 0.375295 -0.530206
v 3.834619 0.051964 -0.473039
v 3.834619 0.375418 -0.529737
v 3.835102 0.375500 -0.529424
v 3.835101 0.052075 -0.472731
v 3.834619 0.375418 -0.529737
v 3.834619 0.051964 -0.473039
v 3.834126 0.042980 -0.468449
v 3.834449 0.043374 -0.468116
v 3.834449 0.043374 -0.468116
v 3.834932 0.043638 -0.467894
v 3.833965 0.039495 -0.458953
v 3.834288 0.039979 -0.458867
v 3.834288 0.039979 -0.458867
v 3.834771 0.040303 -0.458810
v 3.834295 0.039497 0.618207
v 3.834300 0.039497 0.598395
v 3.834619 0.039980 0.618123
v 3.834624 0.039980 0.598395
v 3.835107 0.040303 0.598395
v 3.835102 0.040303 0.618067
v 3.834624 0.039980 0.598395
v 3.834619 0.039980 0.618123
v 3.834295 0.043052 0.628116
v 3.834617 0.043445 0.627779
v 3.834617 0.043445 0.627779
v 3.835100 0.043707 0.627555
v 3.834295 0.051926 0.632942
v 3.834295 0.043052 0.628116
v 3.834619 0.052073 0.632472
v 3.834617 0.043445 0.627779
v 3.834617 0.043445 0.627779
v 3.834619 0.052073 0.632472
v 3.835102 0.052171 0.632158
v 3.835100 0.043707 0.627555
v 3.834173 2.044540 1.325736
v 3.834182 2.023243 1.312577
v 3.834495 2.044681 1.325255
v 3.834504 2.023497 1.312166
v 3.834987 2.023667 1.311891
v 3.834978 2.044776 1.324934
v 3.834504 2.023497 1.312166
v 3.834495 2.044681 1.325255
v 3.834094 2.054768 1.325906
v 3.834417 2.054486 1.325417
v 3.834417 2.054486 1.325417
v 3.834901 2.054298 1.325090
v 3.834054 2.059861 1.316787
v 3.834376 2.059378 1.316661
v 3.834376 2.059378 1.316661
v 3.834860 2.059055 1.316577
v 3.834438 0.039496 0.088304
v 3.834762 0.039979 0.088304
v 3.835245 0.040302 0.088304
v 3.834762 0.039979 0.088304
v 3.834189 2.059861 1.294421
v 3.834512 2.059378 1.294421
v 3.834512 2.059378 1.294421
v 3.834995 2.059055 1.294421
v 3.834824 2.059861 1.190647
v 3.835146 2.059378 1.190647
v 3.835629 2.059055 1.190647
v 3.835146 2.059378 1.190647
v 3.834026 0.039497 -0.387441
v 3.834349 0.039980 -0.387441
v 3.834349 0.039980 -0.387441
v 3.834832 0.040303 -0.387441
v 3.834464 1.823131 0.637466
v 3.834300 1.858059 0.856458
v 3.835411 1.823651 0.637436
v 3.834636 1.857637 0.856728
v 3.835137 1.857355 0.856909
v 3.836768 1.824010 0.637585
v 3.834636 1.857637 0.856728
v 3.835411 1.823651 0.637436
v 3.834387 1.817780 0.476949
v 3.835098 1.817921 0.476892
v 3.835098 1.817921 0.476892
v 3.836126 1.818015 0.476943
v 3.834295 0.408022 -0.541769
v 3.834619 0.408258 -0.541340
v 3.835102 0.408415 -0.541053
v 3.834619 0.408258 -0.541340
v 3.834376 1.858552 0.136158
v 3.834366 1.832145 0.306148
v 3.834699 1.858072 0.136095
v 3.834839 1.831906 0.306091
v 3.835533 1.831742 0.306098
v 3.835182 1.857751 0.136053
v 3.834839 1.831906 0.306091
v 3.834699 1.858072 0.136095
v 3.834387 1.889064 -0.043796
v 3.834709 1.888587 -0.043874
v 3.834709 1.888587 -0.043874
v 3.835193 1.888268 -0.043926
v 3.834297 0.579737 -0.718437
v 3.834297 0.661855 -0.827551
v 3.834620 0.580108 -0.718127
v 3.834620 0.662238 -0.827257
v 3.835103 0.662494 -0.827060
v 3.835103 0.580356 -0.717919
v 3.834620 0.662238 -0.827257
v 3.834620 0.580108 -0.718127
v 3.834295 0.435847 -0.563565
v 3.834619 0.436175 -0.563208
v 3.834619 0.436175 -0.563208
v 3.835102 0.436394 -0.562970
v 3.834295 1.729242 1.130794
v 3.834619 1.729506 1.130389
v 3.835102 1.729683 1.130119
v 3.834619 1.729506 1.130389
v 3.834297 1.471971 0.953387
v 3.834620 1.472233 0.952980
v 3.835103 1.472408 0.952709
v 3.834620 1.472233 0.952980
v 3.834295 1.858229 0.857188
v 3.834300 1.858779 0.857609
v 3.834619 1.857791 0.857474
v 3.834636 1.858356 0.857881
v 3.835139 1.858074 0.858063
v 3.835102 1.857497 0.857665
v 3.834636 1.858356 0.857881
v 3.834619 1.857791 0.857474
v 3.834297 1.460619 0.946577
v 3.834620 1.460841 0.946146
v 3.835103 1.460989 0.945859
v 3.834620 1.460841 0.946146
v 3.834348 2.038428 0.979774
v 3.834671 2.038160 0.980176
v 3.834671 2.038160 0.980176
v 3.835154 2.037981 0.980445
v 3.834774 1.913610 -1.011750
v 3.834681 1.944297 -0.927367
v 3.835096 1.913168 -1.011551
v 3.835004 1.943832 -0.927233
v 3.835486 1.943521 -0.927143
v 3.835580 1.912873 -1.011418
v 3.835004 1.943832 -0.927233
v 3.835096 1.913168 -1.011551
v 3.834684 1.867081 -1.097327
v 3.835008 1.866685 -1.097045
v 3.835008 1.866685 -1.097045
v 3.835490 1.866420 -1.096857
v 3.834030 1.759354 -1.197103
v 3.834309 1.817524 -1.151735
v 3.834353 1.759086 -1.196699
v 3.834633 1.817195 -1.151379
v 3.835116 1.816975 -1.151142
v 3.834836 1.758908 -1.196428
v 3.834633 1.817195 -1.151379
v 3.834353 1.759086 -1.196699
v 3.833963 1.694235 -1.233048
v 3.834285 1.694040 -1.232604
v 3.834285 1.694040 -1.232604
v 3.834769 1.693910 -1.232307
v 3.834047 1.623000 -1.256889
v 3.834371 1.622890 -1.256416
v 3.834371 1.622890 -1.256416
v 3.834853 1.622817 -1.256100
v 3.834633 1.452634 -1.265785
v 3.834283 1.542819 -1.267539
v 3.834955 1.452667 -1.265302
v 3.834606 1.542791 -1.267055
v 3.835089 1.542773 -1.266732
v 3.835438 1.452690 -1.264979
v 3.834606 1.542791 -1.267055
v 3.834955 1.452667 -1.265302
v 3.834948 1.355170 -1.254165
v 3.835270 1.355246 -1.253688
v 3.835270 1.355246 -1.253688
v 3.835754 1.355298 -1.253369
v 3.834295 0.069932 0.634929
v 3.834619 0.069985 0.634449
v 3.834619 0.069985 0.634449
v 3.835102 0.070021 0.634128
v 3.834295 0.827743 0.718575
v 3.834295 0.659322 0.699985
v 3.834619 0.827810 0.718097
v 3.834619 0.659375 0.699505
v 3.835102 0.659411 0.699184
v 3.835102 0.827855 0.717777
v 3.834619 0.659375 0.699505
v 3.834619 0.827810 0.718097
v 3.834295 0.833647 0.719585
v 3.834619 0.833757 0.719114
v 3.834619 0.833757 0.719114
v 3.835102 0.833830 0.718799
v 3.834295 0.839411 0.721291
v 3.834619 0.839562 0.720832
v 3.834619 0.839562 0.720832
v 3.835102 0.839662 0.720525
v 3.834342 1.916366 -0.204469
v 3.834664 1.915890 -0.204550
v 3.834664 1.915890 -0.204550
v 3.835147 1.915572 -0.204603
v 3.834309 1.937840 -0.332747
v 3.834633 1.937363 -0.332823
v 3.834633 1.937363 -0.332823
v 3.835115 1.937044 -0.332874
v 3.834293 1.956075 -0.453053
v 3.834616 1.955596 -0.453116
v 3.834616 1.955596 -0.453116
v 3.835099 1.955276 -0.453159
v 3.834288 1.967985 -0.557200
v 3.834611 1.967504 -0.557243
v 3.834611 1.967504 -0.557243
v 3.835094 1.967182 -0.557271
v 3.834304 1.974124 -0.656792
v 3.834626 1.973641 -0.656803
v 3.834626 1.973641 -0.656803
v 3.835109 1.973318 -0.656811
v 3.834375 1.972811 -0.749096
v 3.834698 1.972329 -0.749067
v 3.834698 1.972329 -0.749067
v 3.835181 1.972006 -0.749048
v 3.834512 1.963403 -0.838898
v 3.834834 1.962925 -0.838822
v 3.834834 1.962925 -0.838822
v 3.835318 1.962606 -0.838771
v 3.834987 1.254302 -1.233636
v 3.835310 1.254418 -1.233166
v 3.835310 1.254418 -1.233166
v 3.835793 1.254496 -1.232853
v 3.834738 1.163003 -1.206790
v 3.835061 1.163155 -1.206331
v 3.835061 1.163155 -1.206331
v 3.835544 1.163256 -1.206025
v 3.834500 1.077688 -1.175443
v 3.834824 1.077874 -1.174997
v 3.834824 1.077874 -1.174997
v 3.835307 1.077998 -1.174699
v 3.834288 0.983319 -1.131296
v 3.834611 0.983551 -1.130871
v 3.834611 0.983551 -1.130871
v 3.835094 0.983706 -1.130587
v 3.834270 0.903491 -1.081060
v 3.834593 0.903773 -1.080666
v 3.834593 0.903773 -1.080666
v 3.835075 0.903961 -1.080403
v 3.834300 0.816462 -1.010685
v 3.834624 0.816793 -1.010332
v 3.834624 0.816793 -1.010332
v 3.835107 0.817014 -1.010095
v 3.834300 0.744682 -0.932916
v 3.834622 0.745050 -0.932602
v 3.834622 0.745050 -0.932602
v 3.835106 0.745296 -0.932393
v 3.834295 0.985947 0.774219
v 3.834619 0.986111 0.773765
v 3.834619 0.986111 0.773765
v 3.835102 0.986220 0.773461
v 3.834295 1.448572 0.941317
v 3.834619 1.448751 0.940868
v 3.835102 1.448870 0.940568
v 3.834619 1.448751 0.940868
v 3.834295 1.269117 0.876499
v 3.834619 1.269281 0.876044
v 3.835102 1.269390 0.875741
v 3.834619 1.269281 0.876044
v 3.834295 0.262387 0.656172
v 3.834619 0.262440 0.655692
v 3.834619 0.262440 0.655692
v 3.835102 0.262475 0.655371
v 3.834295 0.480505 0.680248
v 3.834619 0.480558 0.679767
v 3.834619 0.480558 0.679767
v 3.835102 0.480593 0.679447
v 3.834295 1.131583 0.826822
v 3.834619 1.131747 0.826368
v 3.834619 1.131747 0.826368
v 3.835102 1.131857 0.826064
v 3.966584 2.091366 0.977786
v 3.966577 2.076937 0.958967
v 3.967067 2.091076 0.977938
v 3.967060 2.076710 0.959201
v 3.967383 2.076371 0.959552
v 3.967390 2.090642 0.978166
v 3.967323 2.098398 1.029185
v 3.967000 2.098882 1.029180
v 3.966517 2.099205 1.029175
v 3.835217 2.099205 1.029175
v 3.834734 2.098882 1.029180
v 3.834411 2.098398 1.029185
v 3.834345 2.090642 0.978166
v 3.834352 2.076371 0.959552
v 3.834668 2.091076 0.977938
v 3.834674 2.076710 0.959201
v 3.835157 2.076937 0.958967
v 3.835151 2.091366 0.977786
v 3.966964 0.001390 -0.465719
v 3.967447 0.001711 -0.465640
v 3.967770 0.002193 -0.465521
v 3.967438 0.365539 -0.567339
v 3.967115 0.365423 -0.567809
v 3.966632 0.365345 -0.568123
v 3.835102 0.365345 -0.568123
v 3.834619 0.365423 -0.567809
v 3.834295 0.365539 -0.567339
v 3.833965 0.002193 -0.465521
v 3.834288 0.001711 -0.465640
v 3.834771 0.001390 -0.465719
v 3.966902 0.000153 -0.387442
v 3.967385 0.000476 -0.387442
v 3.967708 0.000959 -0.387442
v 3.834026 0.000959 -0.387442
v 3.834349 0.000476 -0.387442
v 3.834832 0.000153 -0.387442
v 3.966634 0.015240 0.651953
v 3.966632 0.040391 0.669742
v 3.967116 0.015492 0.651735
v 3.967115 0.040517 0.669436
v 3.967438 0.040706 0.668978
v 3.967440 0.015867 0.651409
v 3.967433 0.000959 0.598375
v 3.967110 0.000476 0.598386
v 3.966628 0.000153 0.598393
v 3.835107 0.000153 0.598393
v 3.834624 0.000476 0.598386
v 3.834300 0.000959 0.598375
v 3.834295 0.015867 0.651409
v 3.834295 0.040706 0.668978
v 3.834617 0.015492 0.651735
v 3.834619 0.040517 0.669436
v 3.835102 0.040391 0.669742
v 3.835100 0.015240 0.651953
v 3.966632 0.065619 0.674036
v 3.967115 0.065664 0.673716
v 3.967438 0.065731 0.673237
v 3.834295 0.065731 0.673237
v 3.834619 0.065664 0.673716
v 3.835102 0.065619 0.674036
v 3.966874 2.096643 1.326348
v 3.967357 2.096330 1.326215
v 3.967680 2.095861 1.326016
v 3.834054 2.095861 1.326016
v 3.834376 2.096330 1.326215
v 3.834860 2.096643 1.326348
v 3.966739 2.099205 1.294416
v 3.967222 2.098882 1.294403
v 3.967545 2.098398 1.294384
v 3.834190 2.098398 1.294384
v 3.834512 2.098882 1.294403
v 3.834995 2.099205 1.294416
v 3.966105 2.099205 1.190647
v 3.966588 2.098882 1.190647
v 3.966911 2.098398 1.190647
v 3.834824 2.098398 1.190647
v 3.835146 2.098882 1.190647
v 3.835629 2.099205 1.190647
v 3.966490 0.000153 0.088304
v 3.966972 0.000476 0.088304
v 3.967295 0.000959 0.088304
v 3.834438 0.000959 0.088304
v 3.834762 0.000476 0.088304
v 3.835245 0.000153 0.088304
v 3.835139 1.890462 0.835716
v 3.834636 1.890179 0.835897
v 3.834300 1.889756 0.836168
v 3.967438 0.389746 -0.575059
v 3.967115 0.389509 -0.575491
v 3.966632 0.389351 -0.575779
v 3.835102 0.389351 -0.575779
v 3.834619 0.389509 -0.575491
v 3.834295 0.389746 -0.575059
v 3.967378 1.871702 0.307033
v 3.966893 1.871945 0.307100
v 3.966172 1.872100 0.307203
v 3.835565 1.872100 0.307204
v 3.834844 1.871945 0.307100
v 3.834363 1.871699 0.307033
v 3.967438 1.451120 0.985771
v 3.967115 1.450856 0.986176
v 3.966632 1.450679 0.986446
v 3.835103 1.450679 0.986446
v 3.834620 1.450856 0.986176
v 3.834297 1.451120 0.985771
v 3.835102 1.890578 0.836425
v 3.835142 1.891127 0.836776
v 3.834619 1.890284 0.836618
v 3.834638 1.890844 0.836959
v 3.834300 1.890419 0.837232
v 3.834295 1.889843 0.836907
v 3.835154 2.060268 0.947049
v 3.834671 2.060086 0.947316
v 3.834348 2.059814 0.947715
v 3.966618 1.844160 -1.180489
v 3.967102 1.843940 -1.180251
v 3.967424 1.843609 -1.179896
v 3.834309 1.843609 -1.179896
v 3.834633 1.843940 -1.180251
v 3.835116 1.844160 -1.180489
v 3.966881 1.631831 -1.295035
v 3.967363 1.631758 -1.294719
v 3.967686 1.631648 -1.294247
v 3.834047 1.631648 -1.294247
v 3.834371 1.631758 -1.294719
v 3.834853 1.631831 -1.295035
v 3.966644 1.545026 -1.306702
v 3.967127 1.545007 -1.306378
v 3.967450 1.544979 -1.305895
v 3.834283 1.544979 -1.305895
v 3.834606 1.545007 -1.306378
v 3.835089 1.545026 -1.306702
v 3.966632 0.827145 0.758655
v 3.967115 0.827246 0.758348
v 3.967438 0.827397 0.757889
v 3.834295 0.827397 0.757889
v 3.834619 0.827246 0.758348
v 3.835102 0.827145 0.758655
v 3.966632 0.972581 0.811223
v 3.967115 0.972691 0.810919
v 3.967438 0.972855 0.810465
v 3.834295 0.972855 0.810465
v 3.834619 0.972691 0.810919
v 3.835102 0.972581 0.811223
v 3.967438 1.443001 0.980752
v 3.967115 1.442779 0.981183
v 3.966632 1.442631 0.981470
v 3.835103 1.442631 0.981470
v 3.834620 1.442779 0.981183
v 3.834297 1.443001 0.980752
v 3.966632 1.118217 0.863826
v 3.967115 1.118327 0.863522
v 3.967438 1.118491 0.863068
v 3.834295 1.118491 0.863068
v 3.834619 1.118327 0.863522
v 3.835102 1.118217 0.863826
v 3.967438 1.434311 0.977095
v 3.967115 1.434136 0.977546
v 3.966632 1.434018 0.977847
v 3.835102 1.434018 0.977847
v 3.834619 1.434136 0.977546
v 3.834295 1.434311 0.977095
v 3.966632 0.655006 0.739091
v 3.967115 0.655041 0.738771
v 3.967438 0.655094 0.738291
v 3.834295 0.655094 0.738291
v 3.834619 0.655041 0.738771
v 3.835102 0.655006 0.739091
v 3.966632 1.255751 0.913503
v 3.967115 1.255861 0.913199
v 3.967438 1.256025 0.912745
v 3.834295 1.256025 0.912745
v 3.834619 1.255861 0.913199
v 3.835102 1.255751 0.913503
v 3.830805 1.095860 -1.184089
v 3.830805 1.095860 0.825040
v 3.831631 1.097854 0.825040
v 3.831631 1.097854 -1.184089
v 3.833625 1.098680 0.825040
v 3.833625 1.098680 -1.184089
v 3.833625 1.047407 -1.164998
v 3.833625 1.047407 0.802898
v 3.831631 1.048232 0.802898
v 3.831631 1.048232 -1.164998
v 3.831631 1.048232 -1.164998
v 3.831631 1.048232 0.802898
v 3.830805 1.050226 0.802898
v 3.830805 1.050226 -1.164998
v 3.934196 1.098680 -1.184089
v 3.934196 1.098680 0.825040
v 3.936190 1.097854 0.825040
v 3.936190 1.097854 -1.184089
v 3.937016 1.095860 0.825040
v 3.937016 1.095860 -1.184089
v 3.937016 1.050226 -1.164998
v 3.937016 1.050226 0.802898
v 3.936190 1.048232 0.802898
v 3.936190 1.048232 -1.164998
v 3.934196 1.047407 0.802898
v 3.934196 1.047407 -1.164998
v -3.830805 1.095860 -1.184089
v -3.831630 1.097854 -1.184089
v -3.831630 1.097854 0.825040
v -3.830805 1.095860 0.825040
v -3.833624 1.098680 -1.184089
v -3.833624 1.098680 0.825040
v -3.833624 1.047407 -1.164998
v -3.831630 1.048232 -1.164998
v -3.831630 1.048232 0.802898
v -3.833624 1.047407 0.802898
v -3.831630 1.048232 -1.164998
v -3.830805 1.050226 -1.164998
v -3.830805 1.050226 0.802898
v -3.831630 1.048232 0.802898
v -3.934196 1.098680 -1.184089
v -3.936190 1.097854 -1.184089
v -3.936190 1.097854 0.825040
v -3.934196 1.098680 0.825040
v -3.937016 1.095860 -1.184089
v -3.937016 1.095860 0.825040
v -3.937016 1.050226 -1.164998
v -3.936190 1.048232 -1.164998
v -3.936190 1.048232 0.802898
v -3.937016 1.050226 0.802898
v -3.934196 1.047407 -1.164998
v -3.934196 1.047407 0.802898
v -3.967617 1.817603 0.477071
v -3.967375 1.817781 0.476948
v -3.967315 1.823131 0.637464
v -3.967632 1.822507 0.637606
v -3.966654 1.817921 0.476890
v -3.966352 1.823651 0.637432
v -3.965600 1.818015 0.476945
v -3.964953 1.824011 0.637589
v -3.964363 1.818071 0.477145
v -3.963314 1.824201 0.637991
v -3.966014 2.091468 0.977732
v -3.966584 2.091366 0.977786
v -3.966579 2.098640 1.000235
v -3.966009 2.098753 1.000217
v -3.967067 2.091076 0.977938
v -3.967062 2.098318 1.000290
v -3.967390 2.090642 0.978166
v -3.967384 2.097836 1.000371
v -3.967503 2.090130 0.978435
v -3.967497 2.097268 1.000466
v -3.835726 2.098753 1.000217
v -3.835155 2.098640 1.000235
v -3.835151 2.091366 0.977786
v -3.835720 2.091468 0.977732
v -3.834672 2.098318 1.000290
v -3.834667 2.091076 0.977938
v -3.834350 2.097836 1.000371
v -3.834344 2.090642 0.978166
v -3.834236 2.097268 1.000466
v -3.834231 2.090130 0.978435
v -3.966233 0.014737 -0.492287
v -3.966803 0.014826 -0.492212
v -3.966632 0.038633 -0.509914
v -3.966063 0.038587 -0.510021
v -3.967286 0.015080 -0.491998
v -3.967115 0.038764 -0.509610
v -3.967608 0.015459 -0.491678
v -3.967438 0.038961 -0.509154
v -3.967722 0.015907 -0.491300
v -3.967552 0.039193 -0.508617
v -3.835671 0.038587 -0.510021
v -3.835101 0.038633 -0.509914
v -3.834931 0.014826 -0.492212
v -3.835501 0.014737 -0.492287
v -3.834618 0.038764 -0.509610
v -3.834448 0.015080 -0.491998
v -3.834295 0.038961 -0.509154
v -3.834125 0.015459 -0.491678
v -3.834182 0.039193 -0.508617
v -3.834012 0.015907 -0.491300
v -3.966064 0.015152 0.652029
v -3.966634 0.015240 0.651953
v -3.966632 0.001338 0.624836
v -3.966063 0.001226 0.624866
v -3.967116 0.015492 0.651735
v -3.967115 0.001658 0.624751
v -3.967440 0.015867 0.651409
v -3.967438 0.002136 0.624625
v -3.967553 0.016311 0.651024
v -3.967552 0.002699 0.624475
v -3.835671 0.001226 0.624866
v -3.835101 0.001338 0.624836
v -3.835100 0.015240 0.651953
v -3.835670 0.015152 0.652029
v -3.834618 0.001658 0.624751
v -3.834617 0.015492 0.651735
v -3.834295 0.002136 0.624625
v -3.834294 0.015867 0.651409
v -3.834182 0.002699 0.624475
v -3.834181 0.016311 0.651024
v -3.966264 2.071525 1.355008
v -3.966834 2.071465 1.354904
v -3.966756 2.033883 1.362062
v -3.966186 2.033866 1.362181
v -3.967317 2.071296 1.354608
v -3.967238 2.033931 1.361724
v -3.967639 2.071043 1.354164
v -3.967562 2.034004 1.361219
v -3.967753 2.070745 1.353641
v -3.967675 2.034089 1.360622
v -3.835548 2.033866 1.362181
v -3.834978 2.033883 1.362062
v -3.834900 2.071465 1.354904
v -3.835470 2.071525 1.355008
v -3.834495 2.033931 1.361724
v -3.834417 2.071296 1.354608
v -3.834172 2.034004 1.361219
v -3.834094 2.071043 1.354164
v -3.834059 2.034089 1.360622
v -3.833981 2.070745 1.353641
v -3.967631 1.863575 0.627472
v -3.967309 1.863024 0.627442
v -3.967371 1.858171 0.473694
v -3.967616 1.858296 0.473664
v -3.966317 1.862522 0.627510
v -3.966631 1.858039 0.473769
v -3.964845 1.862189 0.627773
v -3.965529 1.857943 0.473932
v -3.963095 1.862155 0.628302
v -3.964221 1.857943 0.474217
v -3.838600 1.862152 0.628280
v -3.836903 1.862190 0.627778
v -3.836213 1.857943 0.473935
v -3.837489 1.857942 0.474206
v -3.835431 1.862522 0.627512
v -3.835112 1.858039 0.473770
v -3.834452 1.863014 0.627444
v -3.834379 1.858165 0.473695
v -3.834104 1.863565 0.627473
v -3.834120 1.858290 0.473664
v -3.967470 1.896288 0.141089
v -3.967357 1.896854 0.141163
v -3.967347 1.927091 -0.037546
v -3.967460 1.926528 -0.037638
v -3.967034 1.897334 0.141226
v -3.967025 1.927567 -0.037467
v -3.966552 1.897655 0.141268
v -3.966541 1.927886 -0.037415
v -3.965982 1.897767 0.141283
v -3.965972 1.927998 -0.037397
v -3.835751 1.897767 0.141283
v -3.835181 1.897655 0.141268
v -3.835192 1.927886 -0.037415
v -3.835762 1.927998 -0.037397
v -3.834699 1.897334 0.141226
v -3.834709 1.927567 -0.037467
v -3.834376 1.896854 0.141163
v -3.834386 1.927091 -0.037546
v -3.834263 1.896288 0.141089
v -3.834272 1.926528 -0.037638
v -3.967551 0.550667 -0.742771
v -3.967438 0.550229 -0.743137
v -3.967438 0.409866 -0.591852
v -3.967551 0.410259 -0.591437
v -3.967115 0.549858 -0.743447
v -3.967115 0.409532 -0.592203
v -3.966632 0.549610 -0.743654
v -3.966632 0.409310 -0.592438
v -3.966062 0.549523 -0.743727
v -3.966062 0.409232 -0.592520
v -3.835672 0.549523 -0.743727
v -3.835102 0.549610 -0.743654
v -3.835101 0.409310 -0.592438
v -3.835671 0.409232 -0.592520
v -3.834619 0.549858 -0.743447
v -3.834618 0.409532 -0.592203
v -3.834296 0.550229 -0.743137
v -3.834295 0.409866 -0.591852
v -3.834183 0.550667 -0.742771
v -3.834182 0.410259 -0.591437
v -3.966178 2.002503 1.346143
v -3.966748 2.002559 1.346045
v -3.966632 1.707723 1.163727
v -3.966063 1.707661 1.163822
v -3.967230 2.002717 1.345763
v -3.967115 1.707900 1.163456
v -3.967553 2.002955 1.345342
v -3.967438 1.708164 1.163052
v -3.967667 2.003235 1.344845
v -3.967552 1.708476 1.162575
v -3.834067 2.003235 1.344845
v -3.834181 2.002955 1.345342
v -3.834295 1.708164 1.163052
v -3.834182 1.708476 1.162575
v -3.834503 2.002717 1.345763
v -3.834618 1.707900 1.163456
v -3.834987 2.002559 1.346045
v -3.835101 1.707723 1.163727
v -3.835557 2.002503 1.346143
v -3.835671 1.707661 1.163822
v -3.967552 1.889323 0.837249
v -3.967438 1.889843 0.836908
v -3.967434 1.889756 0.836168
v -3.967552 1.889257 0.836487
v -3.967115 1.890284 0.836618
v -3.967098 1.890179 0.835897
v -3.966632 1.890578 0.836425
v -3.966596 1.890462 0.835716
v -3.966063 1.890682 0.836357
v -3.966002 1.890561 0.835652
v -3.967500 2.059492 0.948186
v -3.967387 2.059814 0.947715
v -3.967433 1.890419 0.837232
v -3.967551 1.889919 0.837555
v -3.967064 2.060086 0.947316
v -3.967095 1.890844 0.836959
v -3.966581 2.060268 0.947049
v -3.966591 1.891127 0.836776
v -3.966011 2.060332 0.946955
v -3.965996 1.891227 0.836712
v -3.967073 1.948117 -1.027298
v -3.966960 1.948638 -1.027534
v -3.967049 1.898233 -1.119491
v -3.967163 1.897766 -1.119159
v -3.966636 1.949079 -1.027733
v -3.966726 1.898630 -1.119774
v -3.966154 1.949374 -1.027867
v -3.966243 1.898895 -1.119962
v -3.965584 1.949478 -1.027914
v -3.965673 1.898988 -1.120028
v -3.836149 1.949478 -1.027914
v -3.835579 1.949374 -1.027867
v -3.835490 1.898895 -1.119962
v -3.836060 1.898988 -1.120028
v -3.835096 1.949079 -1.027733
v -3.835007 1.898630 -1.119774
v -3.834773 1.948638 -1.027534
v -3.834684 1.898233 -1.119491
v -3.834660 1.948117 -1.027298
v -3.834571 1.897766 -1.119159
v -3.966395 1.710028 -1.269021
v -3.966965 1.709982 -1.268917
v -3.966898 1.780954 -1.229832
v -3.966328 1.781017 -1.229927
v -3.967448 1.709852 -1.268620
v -3.967381 1.780776 -1.229562
v -3.967771 1.709657 -1.268176
v -3.967704 1.780509 -1.229157
v -3.967884 1.709427 -1.267652
v -3.967817 1.780194 -1.228680
v -3.835404 1.781017 -1.229927
v -3.834835 1.780954 -1.229832
v -3.834768 1.709982 -1.268917
v -3.835338 1.710028 -1.269021
v -3.834352 1.780776 -1.229562
v -3.834285 1.709852 -1.268620
v -3.834029 1.780509 -1.229157
v -3.833962 1.709657 -1.268176
v -3.833916 1.780194 -1.228680
v -3.833849 1.709427 -1.267652
v -3.965411 1.348900 -1.293086
v -3.965981 1.348918 -1.292974
v -3.966296 1.449923 -1.304984
v -3.965726 1.449915 -1.305097
v -3.966464 1.348969 -1.292655
v -3.966779 1.449945 -1.304661
v -3.966787 1.349046 -1.292177
v -3.967102 1.449978 -1.304179
v -3.966901 1.349137 -1.291614
v -3.967215 1.450017 -1.303609
v -3.836007 1.449915 -1.305097
v -3.835438 1.449923 -1.304984
v -3.835753 1.348918 -1.292974
v -3.836323 1.348900 -1.293086
v -3.834954 1.449945 -1.304661
v -3.835270 1.348969 -1.292655
v -3.834632 1.449978 -1.304179
v -3.834947 1.349046 -1.292177
v -3.834518 1.450017 -1.303609
v -3.834834 1.349137 -1.291614
v -3.967552 0.822460 0.756155
v -3.967438 0.822381 0.756720
v -3.967438 0.824932 0.757046
v -3.967552 0.825062 0.756488
v -3.967115 0.822313 0.757198
v -3.967115 0.824822 0.757519
v -3.966632 0.822268 0.757518
v -3.966632 0.824749 0.757835
v -3.966062 0.822253 0.757630
v -3.966063 0.824723 0.757946
v -3.835671 0.822253 0.757630
v -3.835101 0.822268 0.757518
v -3.835101 0.824749 0.757835
v -3.835671 0.824723 0.757946
v -3.834618 0.822313 0.757198
v -3.834618 0.824822 0.757519
v -3.834295 0.822381 0.756720
v -3.834295 0.824932 0.757046
v -3.834182 0.822460 0.756155
v -3.834182 0.825062 0.756488
v -3.966050 1.976804 -0.326533
v -3.966620 1.976691 -0.326551
v -3.966588 1.955162 -0.197926
v -3.966018 1.955274 -0.197907
v -3.967103 1.976373 -0.326602
v -3.967070 1.954844 -0.197980
v -3.967426 1.975896 -0.326678
v -3.967394 1.954367 -0.198060
v -3.967539 1.975333 -0.326767
v -3.967507 1.953805 -0.198155
v -3.835716 1.955274 -0.197907
v -3.835147 1.955162 -0.197926
v -3.835114 1.976691 -0.326551
v -3.835685 1.976804 -0.326533
v -3.834664 1.954844 -0.197980
v -3.834632 1.976373 -0.326602
v -3.834341 1.954367 -0.198060
v -3.834309 1.975896 -0.326678
v -3.834228 1.953805 -0.198155
v -3.834196 1.975333 -0.326767
v -3.966069 2.007277 -0.553745
v -3.966640 2.007164 -0.553755
v -3.966634 1.995069 -0.447870
v -3.966064 1.995181 -0.447855
v -3.967123 2.006842 -0.553783
v -3.967117 1.994749 -0.447912
v -3.967445 2.006361 -0.553825
v -3.967440 1.994270 -0.447976
v -3.967559 2.005793 -0.553875
v -3.967553 1.993705 -0.448051
v -3.835669 1.995181 -0.447855
v -3.835098 1.995069 -0.447870
v -3.835094 2.007164 -0.553755
v -3.835664 2.007277 -0.553745
v -3.834615 1.994749 -0.447912
v -3.834610 2.006842 -0.553783
v -3.834293 1.994270 -0.447976
v -3.834288 2.006361 -0.553825
v -3.834179 1.993705 -0.448051
v -3.834174 2.005793 -0.553875
v -3.965983 2.012157 -0.751432
v -3.966553 2.012044 -0.751425
v -3.966625 2.013427 -0.655861
v -3.966055 2.013541 -0.655858
v -3.967036 2.011721 -0.751406
v -3.967108 2.013104 -0.655868
v -3.967359 2.011239 -0.751377
v -3.967431 2.012621 -0.655880
v -3.967472 2.010669 -0.751343
v -3.967544 2.012051 -0.655893
v -3.835678 2.013541 -0.655858
v -3.835109 2.013427 -0.655861
v -3.835181 2.012044 -0.751425
v -3.835751 2.012157 -0.751432
v -3.834625 2.013104 -0.655868
v -3.834697 2.011721 -0.751406
v -3.834303 2.012621 -0.655880
v -3.834375 2.011239 -0.751377
v -3.834189 2.012051 -0.655893
v -3.834261 2.010669 -0.751343
v -3.965677 1.982118 -0.938273
v -3.966247 1.982009 -0.938241
v -3.966416 2.002193 -0.845100
v -3.965847 2.002306 -0.845118
v -3.966730 1.981698 -0.938151
v -3.966899 2.001874 -0.845049
v -3.967053 1.981233 -0.938017
v -3.967222 2.001397 -0.844972
v -3.967166 1.980684 -0.937858
v -3.967336 2.000833 -0.844882
v -3.835887 2.002306 -0.845118
v -3.835317 2.002193 -0.845100
v -3.835486 1.982009 -0.938241
v -3.836056 1.982118 -0.938273
v -3.834834 2.001874 -0.845049
v -3.835003 1.981698 -0.938151
v -3.834511 2.001397 -0.844972
v -3.834680 1.981233 -0.938017
v -3.834398 2.000833 -0.844882
v -3.834567 1.980684 -0.937858
v -3.965620 1.150634 -1.244235
v -3.966190 1.150670 -1.244127
v -3.965940 1.244830 -1.271783
v -3.965370 1.244802 -1.271894
v -3.966672 1.150771 -1.243820
v -3.966423 1.244907 -1.271470
v -3.966996 1.150923 -1.243361
v -3.966746 1.245024 -1.271001
v -3.967109 1.151101 -1.242820
v -3.966860 1.245161 -1.270447
v -3.836364 1.244802 -1.271894
v -3.835793 1.244830 -1.271783
v -3.835543 1.150670 -1.244127
v -3.836114 1.150634 -1.244235
v -3.835310 1.244907 -1.271470
v -3.835060 1.150771 -1.243820
v -3.834987 1.245024 -1.271001
v -3.834737 1.150923 -1.243361
v -3.834874 1.245161 -1.270447
v -3.834624 1.151101 -1.242820
v -3.966069 0.964453 -1.165860
v -3.966640 0.964508 -1.165760
v -3.966428 1.062568 -1.211725
v -3.965858 1.062524 -1.211830
v -3.967123 0.964663 -1.165476
v -3.966911 1.062693 -1.211427
v -3.967445 0.964895 -1.165051
v -3.967233 1.062879 -1.210980
v -3.967559 0.965169 -1.164550
v -3.967347 1.063098 -1.210454
v -3.835876 1.062524 -1.211830
v -3.835306 1.062568 -1.211725
v -3.835094 0.964508 -1.165760
v -3.835664 0.964453 -1.165860
v -3.834823 1.062693 -1.211427
v -3.834611 0.964663 -1.165476
v -3.834500 1.062879 -1.210980
v -3.834288 0.964895 -1.165051
v -3.834387 1.063098 -1.210454
v -3.834174 0.965169 -1.164550
v -3.966057 0.789563 -1.039403
v -3.966628 0.789640 -1.039320
v -3.966658 0.880647 -1.113003
v -3.966088 0.880581 -1.113095
v -3.967110 0.789862 -1.039084
v -3.967140 0.880835 -1.112740
v -3.967433 0.790193 -1.038730
v -3.967464 0.881117 -1.112347
v -3.967546 0.790583 -1.038313
v -3.967577 0.881449 -1.111882
v -3.835645 0.880581 -1.113095
v -3.835074 0.880647 -1.113003
v -3.835106 0.789640 -1.039320
v -3.835676 0.789563 -1.039403
v -3.834592 0.880835 -1.112740
v -3.834623 0.789862 -1.039084
v -3.834269 0.881117 -1.112347
v -3.834300 0.790193 -1.038730
v -3.834157 0.881449 -1.111882
v -3.834187 0.790583 -1.038313
v -3.966061 0.630582 -0.851607
v -3.966631 0.630672 -0.851538
v -3.966630 0.714763 -0.958414
v -3.966059 0.714676 -0.958488
v -3.967113 0.630928 -0.851341
v -3.967112 0.715008 -0.958205
v -3.967437 0.631311 -0.851047
v -3.967435 0.715376 -0.957891
v -3.967550 0.631763 -0.850699
v -3.967549 0.715810 -0.957520
v -3.835675 0.714676 -0.958488
v -3.835105 0.714763 -0.958414
v -3.835102 0.630672 -0.851538
v -3.835672 0.630582 -0.851607
v -3.834622 0.715008 -0.958205
v -3.834620 0.630928 -0.851341
v -3.834299 0.715376 -0.957891
v -3.834296 0.631311 -0.851047
v -3.834186 0.715810 -0.957520
v -3.834183 0.631763 -0.850699
v -3.967552 0.258221 0.693911
v -3.967438 0.258159 0.694477
v -3.967438 0.476277 0.718553
v -3.967552 0.476339 0.717986
v -3.967115 0.258106 0.694957
v -3.967115 0.476224 0.719033
v -3.966632 0.258070 0.695278
v -3.966632 0.476188 0.719354
v -3.966063 0.258058 0.695391
v -3.966063 0.476176 0.719466
v -3.835671 0.258058 0.695391
v -3.835101 0.258070 0.695278
v -3.835101 0.476188 0.719354
v -3.835671 0.476176 0.719466
v -3.834618 0.258106 0.694957
v -3.834618 0.476224 0.719033
v -3.834295 0.258159 0.694477
v -3.834295 0.476277 0.718553
v -3.834182 0.258221 0.693911
v -3.834182 0.476339 0.717986
v -3.966007 2.077017 0.958884
v -3.966014 2.091468 0.977732
v -3.835720 2.091468 0.977732
v -3.835727 2.077017 0.958884
v -3.966394 0.001277 -0.465747
v -3.835341 0.001277 -0.465747
v -3.966063 0.040346 0.669849
v -3.966064 0.015152 0.652029
v -3.835670 0.015152 0.652029
v -3.835671 0.040346 0.669849
v -3.966305 2.096753 1.326395
v -3.835428 2.096753 1.326395
v -3.966057 0.000040 0.598395
v -3.835676 0.000040 0.598395
v -3.966170 2.099318 1.294421
v -3.835565 2.099318 1.294421
v -3.965948 2.099318 1.029173
v -3.835787 2.099318 1.029173
v -3.966332 0.000040 -0.387442
v -3.835401 0.000040 -0.387442
v -3.966063 0.365318 -0.568234
v -3.835671 0.365318 -0.568234
v -3.966063 0.389296 -0.575881
v -3.835671 0.389296 -0.575881
v -3.965317 1.872159 0.307355
v -3.836406 1.872158 0.307349
v -3.966062 1.450617 0.986541
v -3.835672 1.450617 0.986541
v -3.835730 1.890561 0.835652
v -3.835671 1.890682 0.836357
v -3.835724 2.060332 0.946955
v -3.835737 1.891227 0.836712
v -3.966311 1.631857 -1.295146
v -3.835423 1.631857 -1.295146
v -3.966049 1.844238 -1.180572
v -3.835685 1.844238 -1.180572
v -3.966074 1.545032 -1.306815
v -3.835658 1.545032 -1.306815
v -3.966063 0.065603 0.674148
v -3.835671 0.065603 0.674148
v -3.966062 0.827110 0.758763
v -3.835671 0.827110 0.758763
v -3.966063 0.972543 0.811329
v -3.835671 0.972543 0.811329
v -3.966062 1.442579 0.981571
v -3.835672 1.442579 0.981571
v -3.966063 1.433977 0.977952
v -3.835671 1.433977 0.977952
v -3.965535 2.099318 1.190647
v -3.836199 2.099318 1.190647
v -3.965919 0.000039 0.088304
v -3.835814 0.000039 0.088304
v -3.966063 0.654993 0.739204
v -3.835671 0.654993 0.739204
v -3.966063 1.118179 0.863933
v -3.835671 1.118179 0.863933
v -3.966063 1.255713 0.913609
v -3.835671 1.255713 0.913609
v -3.966014 2.056746 0.995877
v -3.835720 2.056746 0.995877
v -3.835726 2.058942 1.004960
v -3.966009 2.058942 1.004960
v -3.966007 2.050710 0.989077
v -3.835727 2.050710 0.989077
v -3.835720 2.056746 0.995877
v -3.966014 2.056746 0.995877
v -3.966232 0.043730 -0.467816
v -3.835501 0.043730 -0.467816
v -3.835670 0.052114 -0.472623
v -3.966064 0.052114 -0.472623
v -3.966393 0.040416 -0.458789
v -3.835342 0.040416 -0.458789
v -3.966064 0.043799 0.627476
v -3.835670 0.043799 0.627476
v -3.835671 0.040416 0.618047
v -3.966063 0.040416 0.618047
v -3.966063 0.052206 0.632048
v -3.835671 0.052206 0.632048
v -3.835670 0.043799 0.627476
v -3.966064 0.043799 0.627476
v -3.966263 2.054232 1.324975
v -3.835471 2.054232 1.324975
v -3.835547 2.044809 1.324821
v -3.966186 2.044809 1.324821
v -3.966303 2.058942 1.316547
v -3.835429 2.058942 1.316547
v -3.835676 0.040416 0.598395
v -3.966057 0.040416 0.598395
v -3.966170 2.058942 1.294421
v -3.835565 2.058942 1.294421
v -3.835787 2.058942 1.029176
v -3.965948 2.058942 1.029176
v -3.966332 0.040416 -0.387441
v -3.835401 0.040416 -0.387441
v -3.837364 1.818071 0.477141
v -3.838408 1.824200 0.637984
v -3.835671 0.375529 -0.529314
v -3.966063 0.375529 -0.529314
v -3.965972 1.888157 -0.043945
v -3.835762 1.888157 -0.043945
v -3.835751 1.857638 0.136039
v -3.965982 1.857638 0.136039
v -3.966062 0.436471 -0.562886
v -3.835671 0.436471 -0.562886
v -3.835672 0.580443 -0.717847
v -3.966062 0.580443 -0.717847
v -3.835671 0.408470 -0.540953
v -3.966063 0.408470 -0.540953
v -3.836361 1.831687 0.306193
v -3.965370 1.831687 0.306195
v -3.966178 2.023726 1.311795
v -3.835557 2.023726 1.311795
v -3.835671 1.729745 1.130024
v -3.966063 1.729745 1.130024
v -3.835724 2.037918 0.980539
v -3.966011 2.037918 0.980539
v -3.966002 1.857975 0.858127
v -3.835732 1.857975 0.858127
v -3.966006 1.857256 0.856972
v -3.835728 1.857256 0.856972
v -3.835671 1.857394 0.857732
v -3.966063 1.857394 0.857732
v -3.965673 1.866327 -1.096791
v -3.836060 1.866327 -1.096791
v -3.836149 1.912769 -1.011371
v -3.965584 1.912769 -1.011371
v -3.966395 1.693864 -1.232203
v -3.835338 1.693864 -1.232203
v -3.835405 1.758845 -1.196333
v -3.966328 1.758845 -1.196333
v -3.966310 1.622791 -1.255989
v -3.835423 1.622791 -1.255989
v -3.965411 1.355316 -1.253257
v -3.836323 1.355316 -1.253257
v -3.836007 1.452698 -1.264866
v -3.965726 1.452698 -1.264866
v -3.966049 1.816897 -1.151058
v -3.835685 1.816897 -1.151058
v -3.966074 1.542767 -1.266618
v -3.835659 1.542767 -1.266618
v -3.966063 0.070033 0.634015
v -3.835671 0.070033 0.634015
v -3.966063 0.833856 0.718688
v -3.835671 0.833856 0.718688
v -3.835671 0.827871 0.717665
v -3.966063 0.827871 0.717665
v -3.966063 0.839698 0.720417
v -3.835671 0.839698 0.720417
v -3.966050 1.936932 -0.332891
v -3.835685 1.936932 -0.332891
v -3.835716 1.915460 -0.204622
v -3.966018 1.915460 -0.204622
v -3.966069 1.967069 -0.557281
v -3.835664 1.967069 -0.557281
v -3.835669 1.955163 -0.453174
v -3.966064 1.955163 -0.453174
v -3.965983 1.971893 -0.749042
v -3.835751 1.971893 -0.749042
v -3.835678 1.973204 -0.656813
v -3.966055 1.973204 -0.656813
v -3.965677 1.943412 -0.927111
v -3.836056 1.943412 -0.927111
v -3.835887 1.962494 -0.838753
v -3.965847 1.962494 -0.838753
v -3.965620 1.163292 -1.205917
v -3.836114 1.163292 -1.205917
v -3.836364 1.254524 -1.232743
v -3.965370 1.254524 -1.232743
v -3.966069 0.983760 -1.130487
v -3.835664 0.983760 -1.130487
v -3.835876 1.078042 -1.174594
v -3.965858 1.078042 -1.174594
v -3.966057 0.817092 -1.010013
v -3.835676 0.817092 -1.010013
v -3.835645 0.904027 -1.080311
v -3.966088 0.904027 -1.080311
v -3.966061 0.662584 -0.826991
v -3.835672 0.662584 -0.826991
v -3.835675 0.745383 -0.932319
v -3.966059 0.745383 -0.932319
v -3.835672 1.472469 0.952614
v -3.966062 1.472469 0.952614
v -3.966063 0.986259 0.773355
v -3.835671 0.986259 0.773355
v -3.835672 1.461041 0.945758
v -3.966062 1.461041 0.945758
v -3.835671 1.448912 0.940463
v -3.966063 1.448912 0.940463
v -3.965535 2.058942 1.190647
v -3.836199 2.058942 1.190647
v -3.965919 0.040416 0.088304
v -3.835814 0.040416 0.088304
v -3.966063 0.480606 0.679334
v -3.835671 0.480606 0.679334
v -3.835671 0.262488 0.655258
v -3.966063 0.262488 0.655258
v -3.966063 0.659423 0.699072
v -3.835671 0.659423 0.699072
v -3.966063 1.131895 0.825958
v -3.835671 1.131895 0.825958
v -3.966063 1.269429 0.875634
v -3.835671 1.269429 0.875634
v -3.967503 2.058106 0.995166
v -3.967498 2.060431 1.004783
v -3.834236 2.060431 1.004783
v -3.834231 2.058106 0.995166
v -3.967497 2.051697 0.987945
v -3.967503 2.058106 0.995166
v -3.967503 2.090130 0.978435
v -3.967497 2.075970 0.959967
v -3.834231 2.058106 0.995166
v -3.834238 2.051697 0.987945
v -3.834238 2.075970 0.959967
v -3.834231 2.090130 0.978435
v -3.967722 0.042523 -0.468835
v -3.967552 0.051600 -0.474043
v -3.834182 0.051600 -0.474045
v -3.834012 0.042515 -0.468841
v -3.967883 0.038927 -0.459054
v -3.967883 0.002760 -0.465380
v -3.833852 0.038925 -0.459055
v -3.833852 0.002760 -0.465380
v -3.967553 0.042589 0.628513
v -3.967552 0.038927 0.618307
v -3.834182 0.038927 0.618307
v -3.834181 0.042589 0.628513
v -3.967552 0.051752 0.633496
v -3.967553 0.042589 0.628513
v -3.967553 0.016311 0.651024
v -3.967552 0.040930 0.668438
v -3.834181 0.042589 0.628513
v -3.834182 0.051752 0.633496
v -3.834182 0.040930 0.668438
v -3.834181 0.016311 0.651024
v -3.967753 2.055097 1.326477
v -3.967675 2.044375 1.326301
v -3.834059 2.044374 1.326303
v -3.833981 2.055100 1.326482
v -3.967794 2.060432 1.316935
v -3.967793 2.095309 1.325782
v -3.833940 2.060431 1.316935
v -3.833941 2.095309 1.325782
v -3.967546 0.038927 0.598395
v -3.967546 0.001529 0.598362
v -3.834187 0.038927 0.598395
v -3.834187 0.001529 0.598362
v -3.967659 2.060431 1.294421
v -3.967659 2.097829 1.294361
v -3.834075 2.060431 1.294421
v -3.834075 2.097829 1.294361
v -3.967437 2.060431 1.029176
v -3.967437 2.097829 1.029191
v -3.834297 2.060431 1.029176
v -3.834297 2.097829 1.029191
v -3.967821 0.038927 -0.387441
v -3.967821 0.001529 -0.387442
v -3.833913 0.038927 -0.387441
v -3.833913 0.001529 -0.387442
v -3.834103 1.822497 0.637609
v -3.834119 1.817596 0.477072
v -3.967552 0.375149 -0.530759
v -3.967552 0.365676 -0.566785
v -3.834182 0.375149 -0.530759
v -3.834182 0.365676 -0.566785
v -3.967460 1.889626 -0.043703
v -3.967470 1.859118 0.136231
v -3.834263 1.859118 0.136231
v -3.834272 1.889626 -0.043703
v -3.967551 0.435460 -0.563986
v -3.967551 0.579300 -0.718804
v -3.834183 0.579300 -0.718804
v -3.834182 0.435460 -0.563986
v -3.967552 0.407744 -0.542276
v -3.967552 0.390026 -0.574550
v -3.834182 0.407744 -0.542276
v -3.834182 0.390026 -0.574550
v -3.967542 1.832420 0.306242
v -3.967541 1.871401 0.306983
v -3.834192 1.832418 0.306243
v -3.834193 1.871399 0.306983
v -3.967667 2.022943 1.313061
v -3.967552 1.728930 1.131271
v -3.834234 2.059492 0.948186
v -3.834234 2.038745 0.979300
v -3.834182 1.859277 0.857288
v -3.834182 1.889919 0.837554
v -3.967552 1.858557 0.856139
v -3.967552 1.858747 0.856851
v -3.967551 1.471663 0.953866
v -3.967551 1.451432 0.985294
v -3.834182 1.728930 1.131271
v -3.834067 2.022943 1.313061
v -3.834182 1.889257 0.836487
v -3.834182 1.889323 0.837249
v -3.834182 1.858747 0.856851
v -3.834182 1.858557 0.856139
v -3.967551 1.859277 0.857288
v -3.967500 2.038745 0.979300
v -3.967163 1.867549 -1.097660
v -3.967073 1.914130 -1.011985
v -3.834660 1.914130 -1.011985
v -3.834571 1.867549 -1.097660
v -3.967884 1.694465 -1.233572
v -3.967817 1.759668 -1.197580
v -3.833916 1.759668 -1.197580
v -3.833849 1.694465 -1.233572
v -3.967800 1.623129 -1.257447
v -3.967800 1.631518 -1.293689
v -3.833933 1.623129 -1.257447
v -3.833933 1.631518 -1.293689
v -3.966901 1.355079 -1.254728
v -3.967215 1.452595 -1.266354
v -3.834518 1.452595 -1.266354
v -3.834834 1.355079 -1.254728
v -3.967539 1.817913 -1.152155
v -3.967539 1.843220 -1.179477
v -3.834196 1.817913 -1.152155
v -3.834196 1.843220 -1.179477
v -3.967564 1.542851 -1.268110
v -3.967564 1.544946 -1.305324
v -3.834170 1.542851 -1.268109
v -3.834170 1.544946 -1.305324
v -3.967552 0.069870 0.635495
v -3.967552 0.065810 0.672672
v -3.834182 0.069870 0.635495
v -3.834182 0.065810 0.672672
v -3.967552 0.833518 0.720141
v -3.967552 0.827664 0.719140
v -3.834182 0.827664 0.719140
v -3.834182 0.833518 0.720141
v -3.967552 0.839233 0.721833
v -3.967552 0.827575 0.757348
v -3.834182 0.839233 0.721833
v -3.834182 0.827575 0.757348
v -3.967539 1.938403 -0.332657
v -3.967507 1.916928 -0.204375
v -3.834228 1.916928 -0.204375
v -3.834196 1.938403 -0.332657
v -3.967559 1.968553 -0.557150
v -3.967553 1.956640 -0.452978
v -3.834179 1.956640 -0.452978
v -3.834174 1.968553 -0.557150
v -3.967472 1.973381 -0.749130
v -3.967544 1.974694 -0.656778
v -3.834189 1.974694 -0.656778
v -3.834261 1.973381 -0.749130
v -3.967166 1.944846 -0.927525
v -3.967336 1.963967 -0.838988
v -3.834398 1.963967 -0.838988
v -3.834567 1.944846 -0.927525
v -3.967109 1.162824 -1.207331
v -3.966860 1.254164 -1.234189
v -3.834874 1.254164 -1.234189
v -3.834624 1.162824 -1.207332
v -3.967559 0.983046 -1.131797
v -3.967347 1.077468 -1.175970
v -3.834387 1.077468 -1.175970
v -3.834174 0.983046 -1.131797
v -3.967546 0.816071 -1.011102
v -3.967577 0.903159 -1.081524
v -3.834157 0.903159 -1.081524
v -3.834187 0.816071 -1.011102
v -3.967550 0.661404 -0.827899
v -3.967549 0.744248 -0.933286
v -3.834186 0.744248 -0.933286
v -3.834183 0.661404 -0.827899
v -3.834183 1.451432 0.985294
v -3.834183 1.471663 0.953866
v -3.967552 0.985753 0.774755
v -3.967552 0.973048 0.809929
v -3.834182 0.985753 0.774755
v -3.834182 0.973048 0.809929
v -3.967551 1.460358 0.947084
v -3.967551 1.443263 0.980244
v -3.834183 1.460358 0.947084
v -3.834183 1.443263 0.980244
v -3.967552 1.448361 0.941847
v -3.967552 1.434519 0.976565
v -3.834182 1.448361 0.941847
v -3.834182 1.434519 0.976565
v -3.967025 2.060431 1.190647
v -3.967025 2.097829 1.190647
v -3.834709 2.060431 1.190647
v -3.834709 2.097829 1.190647
v -3.967408 0.038927 0.088304
v -3.967408 0.001529 0.088304
v -3.834325 0.038927 0.088304
v -3.834325 0.001529 0.088304
v -3.967552 0.480442 0.680814
v -3.967552 0.262324 0.656738
v -3.834182 0.262324 0.656738
v -3.834182 0.480442 0.680814
v -3.967552 0.659260 0.700552
v -3.967552 0.655157 0.737724
v -3.834182 0.659260 0.700552
v -3.834182 0.655157 0.737724
v -3.967552 1.131389 0.827358
v -3.967552 1.118685 0.862532
v -3.834182 1.131389 0.827358
v -3.834182 1.118685 0.862532
v -3.967552 1.268923 0.877035
v -3.967552 1.256219 0.912209
v -3.834182 1.268923 0.877035
v -3.834182 1.256219 0.912209
v -3.967390 2.057586 0.995438
v -3.967383 2.051319 0.988378
v -3.967067 2.057144 0.995669
v -3.967060 2.050999 0.988745
v -3.966584 2.056849 0.995823
v -3.966578 2.050786 0.988991
v -3.967390 2.057586 0.995438
v -3.967385 2.059861 1.004851
v -3.967067 2.057144 0.995669
v -3.967062 2.059378 1.004908
v -3.966584 2.056849 0.995823
v -3.966579 2.059055 1.004947
v -3.967387 2.038428 0.979774
v -3.967064 2.038160 0.980176
v -3.966581 2.037981 0.980445
v -3.967608 0.042985 -0.468445
v -3.967770 0.039497 -0.458953
v -3.967286 0.043376 -0.468114
v -3.967447 0.039980 -0.458867
v -3.966802 0.043638 -0.467893
v -3.966963 0.040303 -0.458810
v -3.967438 0.051797 -0.473499
v -3.967116 0.051964 -0.473039
v -3.966634 0.052075 -0.472731
v -3.967708 0.039497 -0.387441
v -3.967385 0.039980 -0.387441
v -3.966902 0.040303 -0.387441
v -3.967440 0.043052 0.628116
v -3.967438 0.051926 0.632942
v -3.967116 0.043445 0.627779
v -3.967115 0.052073 0.632472
v -3.966634 0.043707 0.627555
v -3.966632 0.052171 0.632158
v -3.967440 0.043052 0.628116
v -3.967438 0.039497 0.618207
v -3.967116 0.043445 0.627779
v -3.967115 0.039980 0.618123
v -3.966634 0.043707 0.627555
v -3.966632 0.040303 0.618067
v -3.967438 0.069932 0.634929
v -3.967115 0.069985 0.634449
v -3.966632 0.070021 0.634128
v -3.967639 2.054766 1.325902
v -3.967681 2.059861 1.316787
v -3.967317 2.054485 1.325415
v -3.967357 2.059378 1.316661
v -3.966834 2.054298 1.325090
v -3.966873 2.059055 1.316577
v -3.967562 2.044541 1.325735
v -3.967238 2.044682 1.325254
v -3.966757 2.044776 1.324934
v -3.967545 2.059861 1.294421
v -3.967222 2.059378 1.294421
v -3.966739 2.059055 1.294421
v -3.967433 0.039497 0.598395
v -3.967110 0.039980 0.598395
v -3.966628 0.040303 0.598395
v -3.966911 2.059861 1.190647
v -3.966588 2.059378 1.190647
v -3.966105 2.059055 1.190647
v -3.967323 2.059861 1.029176
v -3.967000 2.059378 1.029176
v -3.966517 2.059055 1.029176
v -3.967295 0.039496 0.088304
v -3.966972 0.039979 0.088304
v -3.966490 0.040302 0.088304
v -3.967379 1.832145 0.306147
v -3.966902 1.831906 0.306090
v -3.966198 1.831742 0.306099
v -3.966598 1.857355 0.856909
v -3.967099 1.857637 0.856728
v -3.967435 1.858059 0.856458
v -3.967438 0.375295 -0.530206
v -3.967115 0.375418 -0.529737
v -3.966632 0.375500 -0.529424
v -3.967347 1.889064 -0.043796
v -3.967394 1.916366 -0.204469
v -3.967025 1.888587 -0.043874
v -3.967070 1.915890 -0.204550
v -3.966541 1.888268 -0.043926
v -3.966588 1.915572 -0.204603
v -3.967357 1.858552 0.136158
v -3.967034 1.858072 0.136095
v -3.966552 1.857751 0.136053
v -3.967438 0.579737 -0.718437
v -3.967438 0.435847 -0.563565
v -3.967115 0.580108 -0.718127
v -3.967115 0.436175 -0.563208
v -3.966632 0.580356 -0.717919
v -3.966632 0.436394 -0.562970
v -3.967438 0.408022 -0.541769
v -3.967115 0.408258 -0.541340
v -3.966632 0.408415 -0.541053
v -3.966596 1.858074 0.858063
v -3.967098 1.858356 0.857881
v -3.967433 1.858779 0.857609
v -3.967553 2.023243 1.312577
v -3.967230 2.023497 1.312166
v -3.966748 2.023667 1.311891
v -3.967438 1.729242 1.130794
v -3.967115 1.729506 1.130389
v -3.966632 1.729683 1.130119
v -3.966632 1.857497 0.857665
v -3.967115 1.857791 0.857474
v -3.967438 1.858229 0.857188
v -3.967049 1.867081 -1.097327
v -3.967424 1.817524 -1.151735
v -3.966726 1.866684 -1.097045
v -3.967102 1.817195 -1.151379
v -3.966244 1.866420 -1.096857
v -3.966618 1.816975 -1.151142
v -3.966960 1.913610 -1.011750
v -3.966636 1.913168 -1.011551
v -3.966154 1.912873 -1.011418
v -3.967771 1.694235 -1.233048
v -3.967686 1.623000 -1.256889
v -3.967448 1.694040 -1.232604
v -3.967363 1.622890 -1.256416
v -3.966965 1.693910 -1.232307
v -3.966880 1.622817 -1.256100
v -3.967704 1.759353 -1.197103
v -3.967381 1.759086 -1.196699
v -3.966898 1.758908 -1.196428
v -3.967450 1.542819 -1.267539
v -3.967127 1.542791 -1.267055
v -3.966644 1.542773 -1.266732
v -3.966787 1.355170 -1.254165
v -3.966746 1.254302 -1.233636
v -3.966464 1.355246 -1.253688
v -3.966423 1.254418 -1.233166
v -3.965981 1.355298 -1.253369
v -3.965940 1.254496 -1.232853
v -3.967102 1.452634 -1.265785
v -3.966779 1.452667 -1.265302
v -3.966296 1.452690 -1.264980
v -3.967438 0.262387 0.656172
v -3.967115 0.262440 0.655692
v -3.966632 0.262475 0.655371
v -3.967438 0.833647 0.719585
v -3.967438 0.839411 0.721291
v -3.967115 0.833757 0.719114
v -3.967115 0.839562 0.720832
v -3.966632 0.833830 0.718799
v -3.966632 0.839662 0.720525
v -3.967438 0.827743 0.718575
v -3.967115 0.827810 0.718097
v -3.966632 0.827855 0.717777
v -3.967438 0.985947 0.774219
v -3.967115 0.986111 0.773765
v -3.966632 0.986220 0.773461
v -3.967426 1.937840 -0.332747
v -3.967440 1.956075 -0.453053
v -3.967103 1.937363 -0.332823
v -3.967117 1.955596 -0.453116
v -3.966620 1.937044 -0.332874
v -3.966634 1.955276 -0.453159
v -3.967445 1.967985 -0.557200
v -3.967431 1.974124 -0.656792
v -3.967123 1.967504 -0.557243
v -3.967108 1.973641 -0.656803
v -3.966640 1.967182 -0.557271
v -3.966625 1.973318 -0.656811
v -3.967359 1.972811 -0.749096
v -3.967222 1.963403 -0.838898
v -3.967036 1.972329 -0.749067
v -3.966899 1.962925 -0.838822
v -3.966553 1.972006 -0.749048
v -3.966416 1.962606 -0.838771
v -3.967053 1.944297 -0.927367
v -3.966730 1.943832 -0.927233
v -3.966247 1.943521 -0.927143
v -3.966996 1.163003 -1.206790
v -3.967233 1.077688 -1.175443
v -3.966672 1.163155 -1.206331
v -3.966911 1.077874 -1.174997
v -3.966190 1.163256 -1.206025
v -3.966428 1.077998 -1.174699
v -3.967445 0.983319 -1.131296
v -3.967464 0.903491 -1.081060
v -3.967123 0.983551 -1.130871
v -3.967140 0.903773 -1.080666
v -3.966640 0.983706 -1.130587
v -3.966658 0.903961 -1.080403
v -3.967433 0.816462 -1.010685
v -3.967435 0.744682 -0.932916
v -3.967110 0.816793 -1.010332
v -3.967112 0.745050 -0.932602
v -3.966628 0.817014 -1.010095
v -3.966630 0.745296 -0.932393
v -3.967437 0.661855 -0.827551
v -3.967113 0.662238 -0.827257
v -3.966631 0.662494 -0.827060
v -3.967438 1.471971 0.953387
v -3.967115 1.472233 0.952980
v -3.966632 1.472408 0.952709
v -3.967438 1.131583 0.826822
v -3.967115 1.131747 0.826368
v -3.966632 1.131857 0.826064
v -3.967438 1.460619 0.946577
v -3.967115 1.460841 0.946146
v -3.966632 1.460989 0.945859
v -3.967438 1.448572 0.941317
v -3.967115 1.448751 0.940868
v -3.966632 1.448870 0.940568
v -3.967438 0.480505 0.680248
v -3.967438 0.659322 0.699985
v -3.967115 0.480558 0.679767
v -3.967115 0.659375 0.699505
v -3.966632 0.480593 0.679447
v -3.966632 0.659411 0.699184
v -3.967438 1.269117 0.876499
v -3.967115 1.269281 0.876044
v -3.966632 1.269390 0.875741
v -3.834350 2.059861 1.004851
v -3.834410 2.059861 1.029176
v -3.834672 2.059378 1.004908
v -3.834733 2.059378 1.029176
v -3.835726 2.058942 1.004960
v -3.835155 2.059055 1.004947
v -3.835217 2.059055 1.029176
v -3.835787 2.058942 1.029176
v -3.834344 2.057586 0.995438
v -3.834667 2.057144 0.995669
v -3.835151 2.056849 0.995823
v -3.835720 2.056746 0.995877
v -3.834344 2.057586 0.995438
v -3.834351 2.051319 0.988378
v -3.834667 2.057144 0.995669
v -3.834673 2.050999 0.988745
v -3.835151 2.056849 0.995823
v -3.835157 2.050786 0.988991
v -3.835720 2.056746 0.995877
v -3.835727 2.050710 0.989077
v -3.834295 0.051797 -0.473501
v -3.834295 0.375295 -0.530206
v -3.834618 0.051964 -0.473039
v -3.834618 0.375418 -0.529737
v -3.835670 0.052114 -0.472623
v -3.835100 0.052075 -0.472731
v -3.835101 0.375500 -0.529424
v -3.835671 0.375529 -0.529314
v -3.834125 0.042980 -0.468449
v -3.834448 0.043374 -0.468116
v -3.834931 0.043638 -0.467894
v -3.835501 0.043730 -0.467816
v -3.833964 0.039495 -0.458953
v -3.834288 0.039979 -0.458867
v -3.834771 0.040303 -0.458810
v -3.835342 0.040416 -0.458789
v -3.834295 0.039497 0.618207
v -3.834300 0.039497 0.598395
v -3.834618 0.039980 0.618123
v -3.834623 0.039980 0.598395
v -3.835671 0.040416 0.618047
v -3.835101 0.040303 0.618067
v -3.835106 0.040303 0.598395
v -3.835676 0.040416 0.598395
v -3.834294 0.043052 0.628116
v -3.834617 0.043445 0.627779
v -3.835100 0.043707 0.627555
v -3.835670 0.043799 0.627476
v -3.834294 0.043052 0.628116
v -3.834295 0.051926 0.632942
v -3.834617 0.043445 0.627779
v -3.834618 0.052073 0.632472
v -3.835100 0.043707 0.627555
v -3.835101 0.052171 0.632158
v -3.835670 0.043799 0.627476
v -3.835671 0.052206 0.632048
v -3.834172 2.044540 1.325736
v -3.834181 2.023243 1.312577
v -3.834495 2.044681 1.325255
v -3.834503 2.023497 1.312166
v -3.835547 2.044809 1.324821
v -3.834977 2.044776 1.324934
v -3.834987 2.023667 1.311891
v -3.835557 2.023726 1.311795
v -3.834094 2.054768 1.325906
v -3.834417 2.054486 1.325417
v -3.834901 2.054298 1.325090
v -3.835471 2.054232 1.324975
v -3.834053 2.059861 1.316787
v -3.834375 2.059378 1.316661
v -3.834859 2.059055 1.316577
v -3.835429 2.058942 1.316547
v -3.834438 0.039496 0.088304
v -3.834761 0.039979 0.088304
v -3.835244 0.040302 0.088304
v -3.835814 0.040416 0.088304
v -3.834188 2.059861 1.294421
v -3.834511 2.059378 1.294421
v -3.834995 2.059055 1.294421
v -3.835565 2.058942 1.294421
v -3.834823 2.059861 1.190647
v -3.835145 2.059378 1.190647
v -3.835629 2.059055 1.190647
v -3.836199 2.058942 1.190647
v -3.834026 0.039497 -0.387441
v -3.834348 0.039980 -0.387441
v -3.834831 0.040303 -0.387441
v -3.835401 0.040416 -0.387441
v -3.834463 1.823131 0.637466
v -3.834300 1.858059 0.856458
v -3.835410 1.823651 0.637436
v -3.834635 1.857637 0.856728
v -3.838408 1.824200 0.637984
v -3.836767 1.824010 0.637585
v -3.835136 1.857355 0.856909
v -3.835728 1.857256 0.856972
v -3.834386 1.817780 0.476949
v -3.835098 1.817921 0.476892
v -3.836126 1.818015 0.476943
v -3.837364 1.818071 0.477141
v -3.834295 0.408022 -0.541769
v -3.834618 0.408258 -0.541340
v -3.835101 0.408415 -0.541053
v -3.835671 0.408470 -0.540953
v -3.834375 1.858552 0.136158
v -3.834365 1.832145 0.306148
v -3.834698 1.858072 0.136095
v -3.834838 1.831906 0.306091
v -3.835751 1.857638 0.136039
v -3.835181 1.857751 0.136053
v -3.835532 1.831742 0.306098
v -3.836361 1.831687 0.306193
v -3.834386 1.889064 -0.043796
v -3.834709 1.888587 -0.043874
v -3.835192 1.888268 -0.043926
v -3.835762 1.888157 -0.043945
v -3.834296 0.579737 -0.718437
v -3.834296 0.661855 -0.827551
v -3.834619 0.580108 -0.718127
v -3.834620 0.662238 -0.827257
v -3.835672 0.580443 -0.717847
v -3.835102 0.580356 -0.717919
v -3.835102 0.662494 -0.827060
v -3.835672 0.662584 -0.826991
v -3.834295 0.435847 -0.563565
v -3.834618 0.436175 -0.563208
v -3.835101 0.436394 -0.562970
v -3.835671 0.436471 -0.562886
v -3.834295 1.729242 1.130794
v -3.834618 1.729506 1.130389
v -3.835101 1.729683 1.130119
v -3.835671 1.729745 1.130024
v -3.834296 1.471971 0.953387
v -3.834619 1.472233 0.952980
v -3.835102 1.472408 0.952709
v -3.835672 1.472469 0.952614
v -3.834295 1.858229 0.857188
v -3.834300 1.858779 0.857609
v -3.834618 1.857791 0.857474
v -3.834636 1.858356 0.857881
v -3.835671 1.857394 0.857732
v -3.835101 1.857497 0.857665
v -3.835138 1.858074 0.858063
v -3.835732 1.857975 0.858127
v -3.834296 1.460619 0.946577
v -3.834619 1.460841 0.946146
v -3.835102 1.460989 0.945859
v -3.835672 1.461041 0.945758
v -3.834347 2.038428 0.979774
v -3.834670 2.038160 0.980176
v -3.835153 2.037981 0.980445
v -3.835724 2.037918 0.980539
v -3.834773 1.913610 -1.011750
v -3.834680 1.944297 -0.927367
v -3.835096 1.913168 -1.011551
v -3.835003 1.943832 -0.927233
v -3.836149 1.912769 -1.011371
v -3.835579 1.912873 -1.011418
v -3.835486 1.943521 -0.927143
v -3.836056 1.943412 -0.927111
v -3.834684 1.867081 -1.097327
v -3.835007 1.866685 -1.097045
v -3.835490 1.866420 -1.096857
v -3.836060 1.866327 -1.096791
v -3.834029 1.759354 -1.197103
v -3.834309 1.817524 -1.151735
v -3.834352 1.759086 -1.196699
v -3.834632 1.817195 -1.151379
v -3.835405 1.758845 -1.196333
v -3.834835 1.758908 -1.196428
v -3.835115 1.816975 -1.151142
v -3.835685 1.816897 -1.151058
v -3.833962 1.694235 -1.233048
v -3.834285 1.694040 -1.232604
v -3.834768 1.693910 -1.232307
v -3.835338 1.693864 -1.232203
v -3.834046 1.623000 -1.256889
v -3.834370 1.622890 -1.256416
v -3.834852 1.622817 -1.256100
v -3.835423 1.622791 -1.255989
v -3.834632 1.452634 -1.265785
v -3.834283 1.542819 -1.267539
v -3.834954 1.452667 -1.265302
v -3.834606 1.542791 -1.267055
v -3.836007 1.452698 -1.264866
v -3.835438 1.452690 -1.264979
v -3.835088 1.542773 -1.266732
v -3.835659 1.542767 -1.266618
v -3.834947 1.355170 -1.254165
v -3.835270 1.355246 -1.253688
v -3.835753 1.355298 -1.253369
v -3.836323 1.355316 -1.253257
v -3.834295 0.069932 0.634929
v -3.834618 0.069985 0.634449
v -3.835101 0.070021 0.634128
v -3.835671 0.070033 0.634015
v -3.834295 0.827743 0.718575
v -3.834295 0.659322 0.699985
v -3.834618 0.827810 0.718097
v -3.834618 0.659375 0.699505
v -3.835671 0.827871 0.717665
v -3.835101 0.827855 0.717777
v -3.835101 0.659411 0.699184
v -3.835671 0.659423 0.699072
v -3.834295 0.833647 0.719585
v -3.834618 0.833757 0.719114
v -3.835101 0.833830 0.718799
v -3.835671 0.833856 0.718688
v -3.834295 0.839411 0.721291
v -3.834618 0.839562 0.720832
v -3.835101 0.839662 0.720525
v -3.835671 0.839698 0.720417
v -3.834341 1.916366 -0.204469
v -3.834664 1.915890 -0.204550
v -3.835147 1.915572 -0.204603
v -3.835716 1.915460 -0.204622
v -3.834309 1.937840 -0.332747
v -3.834632 1.937363 -0.332823
v -3.835114 1.937044 -0.332874
v -3.835685 1.936932 -0.332891
v -3.834293 1.956075 -0.453053
v -3.834615 1.955596 -0.453116
v -3.835098 1.955276 -0.453159
v -3.835669 1.955163 -0.453174
v -3.834288 1.967985 -0.557200
v -3.834610 1.967504 -0.557243
v -3.835094 1.967182 -0.557271
v -3.835664 1.967069 -0.557281
v -3.834303 1.974124 -0.656792
v -3.834625 1.973641 -0.656803
v -3.835109 1.973318 -0.656811
v -3.835678 1.973204 -0.656813
v -3.834375 1.972811 -0.749096
v -3.834697 1.972329 -0.749067
v -3.835181 1.972006 -0.749048
v -3.835751 1.971893 -0.749042
v -3.834511 1.963403 -0.838898
v -3.834834 1.962925 -0.838822
v -3.835317 1.962606 -0.838771
v -3.835887 1.962494 -0.838753
v -3.834987 1.254302 -1.233636
v -3.835310 1.254418 -1.233166
v -3.835793 1.254496 -1.232853
v -3.836364 1.254524 -1.232743
v -3.834737 1.163003 -1.206790
v -3.835060 1.163155 -1.206331
v -3.835543 1.163256 -1.206025
v -3.836114 1.163292 -1.205917
v -3.834500 1.077688 -1.175443
v -3.834823 1.077874 -1.174997
v -3.835306 1.077998 -1.174699
v -3.835876 1.078042 -1.174594
v -3.834288 0.983319 -1.131296
v -3.834611 0.983551 -1.130871
v -3.835094 0.983706 -1.130587
v -3.835664 0.983760 -1.130487
v -3.834269 0.903491 -1.081060
v -3.834592 0.903773 -1.080666
v -3.835074 0.903961 -1.080403
v -3.835645 0.904027 -1.080311
v -3.834300 0.816462 -1.010685
v -3.834623 0.816793 -1.010332
v -3.835106 0.817014 -1.010095
v -3.835676 0.817092 -1.010013
v -3.834299 0.744682 -0.932916
v -3.834622 0.745050 -0.932602
v -3.835105 0.745296 -0.932393
v -3.835675 0.745383 -0.932319
v -3.834295 0.985947 0.774219
v -3.834618 0.986111 0.773765
v -3.835101 0.986220 0.773461
v -3.835671 0.986259 0.773355
v -3.834295 1.448572 0.941317
v -3.834618 1.448751 0.940868
v -3.835101 1.448870 0.940568
v -3.835671 1.448912 0.940463
v -3.834295 1.269117 0.876499
v -3.834618 1.269281 0.876044
v -3.835101 1.269390 0.875741
v -3.835671 1.269429 0.875634
v -3.834295 0.262387 0.656172
v -3.834618 0.262440 0.655692
v -3.835101 0.262475 0.655371
v -3.835671 0.262488 0.655258
v -3.834295 0.480505 0.680248
v -3.834618 0.480558 0.679767
v -3.835101 0.480593 0.679447
v -3.835671 0.480606 0.679334
v -3.834295 1.131583 0.826822
v -3.834618 1.131747 0.826368
v -3.835101 1.131857 0.826064
v -3.835671 1.131895 0.825958
v -3.966584 2.091366 0.977786
v -3.966578 2.076937 0.958967
v -3.967067 2.091076 0.977938
v -3.967060 2.076710 0.959201
v -3.967390 2.090642 0.978166
v -3.967383 2.076371 0.959552
v -3.967323 2.098398 1.029185
v -3.967000 2.098882 1.029180
v -3.966517 2.099205 1.029175
v -3.835217 2.099205 1.029175
v -3.834733 2.098882 1.029180
v -3.834410 2.098398 1.029185
v -3.834344 2.090642 0.978166
v -3.834351 2.076371 0.959552
v -3.834667 2.091076 0.977938
v -3.834673 2.076710 0.959201
v -3.835151 2.091366 0.977786
v -3.835157 2.076937 0.958967
v -3.966964 0.001390 -0.465719
v -3.967447 0.001711 -0.465640
v -3.967770 0.002193 -0.465521
v -3.967438 0.365539 -0.567339
v -3.967115 0.365423 -0.567809
v -3.966632 0.365345 -0.568123
v -3.835101 0.365345 -0.568123
v -3.834618 0.365423 -0.567809
v -3.834295 0.365539 -0.567339
v -3.833964 0.002193 -0.465521
v -3.834288 0.001711 -0.465640
v -3.834770 0.001390 -0.465719
v -3.966902 0.000153 -0.387442
v -3.967385 0.000476 -0.387442
v -3.967708 0.000959 -0.387442
v -3.834026 0.000959 -0.387442
v -3.834348 0.000476 -0.387442
v -3.834831 0.000153 -0.387442
v -3.966634 0.015240 0.651953
v -3.966632 0.040391 0.669742
v -3.967116 0.015492 0.651735
v -3.967115 0.040517 0.669436
v -3.967440 0.015867 0.651409
v -3.967438 0.040706 0.668978
v -3.967433 0.000959 0.598375
v -3.967110 0.000476 0.598386
v -3.966628 0.000153 0.598393
v -3.835106 0.000153 0.598393
v -3.834623 0.000476 0.598386
v -3.834300 0.000959 0.598375
v -3.834294 0.015867 0.651409
v -3.834295 0.040706 0.668978
v -3.834617 0.015492 0.651735
v -3.834618 0.040517 0.669436
v -3.835100 0.015240 0.651953
v -3.835101 0.040391 0.669742
v -3.966632 0.065619 0.674036
v -3.967115 0.065664 0.673716
v -3.967438 0.065731 0.673237
v -3.834295 0.065731 0.673237
v -3.834618 0.065664 0.673716
v -3.835101 0.065619 0.674036
v -3.966875 2.096643 1.326348
v -3.967357 2.096330 1.326215
v -3.967680 2.095861 1.326016
v -3.834054 2.095861 1.326016
v -3.834375 2.096330 1.326215
v -3.834859 2.096643 1.326348
v -3.966739 2.099205 1.294416
v -3.967222 2.098882 1.294403
v -3.967545 2.098398 1.294384
v -3.834189 2.098398 1.294384
v -3.834511 2.098882 1.294403
v -3.834995 2.099205 1.294416
v -3.966105 2.099205 1.190647
v -3.966588 2.098882 1.190647
v -3.966911 2.098398 1.190647
v -3.834823 2.098398 1.190647
v -3.835145 2.098882 1.190647
v -3.835629 2.099205 1.190647
v -3.966490 0.000153 0.088304
v -3.966972 0.000476 0.088304
v -3.967295 0.000959 0.088304
v -3.834438 0.000959 0.088304
v -3.834761 0.000476 0.088304
v -3.835244 0.000153 0.088304
v -3.835138 1.890462 0.835716
v -3.834636 1.890179 0.835897
v -3.834300 1.889756 0.836168
v -3.967438 0.389746 -0.575059
v -3.967115 0.389509 -0.575491
v -3.966632 0.389351 -0.575779
v -3.835101 0.389351 -0.575779
v -3.834618 0.389509 -0.575491
v -3.834295 0.389746 -0.575059
v -3.967378 1.871702 0.307033
v -3.966893 1.871945 0.307100
v -3.966172 1.872100 0.307203
v -3.835565 1.872100 0.307204
v -3.834843 1.871945 0.307100
v -3.834363 1.871699 0.307033
v -3.967438 1.451120 0.985771
v -3.967115 1.450856 0.986176
v -3.966632 1.450679 0.986446
v -3.835102 1.450679 0.986446
v -3.834619 1.450856 0.986176
v -3.834296 1.451120 0.985771
v -3.835101 1.890578 0.836425
v -3.835142 1.891127 0.836776
v -3.834618 1.890284 0.836618
v -3.834638 1.890844 0.836959
v -3.834295 1.889843 0.836907
v -3.834300 1.890419 0.837232
v -3.835153 2.060268 0.947049
v -3.834670 2.060086 0.947316
v -3.834347 2.059814 0.947715
v -3.966618 1.844160 -1.180489
v -3.967102 1.843940 -1.180251
v -3.967424 1.843609 -1.179896
v -3.834309 1.843609 -1.179896
v -3.834632 1.843940 -1.180251
v -3.835115 1.844160 -1.180489
v -3.966881 1.631831 -1.295035
v -3.967363 1.631758 -1.294719
v -3.967686 1.631648 -1.294247
v -3.834046 1.631648 -1.294247
v -3.834370 1.631758 -1.294719
v -3.834852 1.631831 -1.295035
v -3.966644 1.545026 -1.306702
v -3.967127 1.545007 -1.306378
v -3.967450 1.544979 -1.305895
v -3.834283 1.544979 -1.305895
v -3.834606 1.545007 -1.306378
v -3.835088 1.545026 -1.306702
v -3.966632 0.827145 0.758655
v -3.967115 0.827246 0.758348
v -3.967438 0.827397 0.757889
v -3.834295 0.827397 0.757889
v -3.834618 0.827246 0.758348
v -3.835101 0.827145 0.758655
v -3.966632 0.972581 0.811223
v -3.967115 0.972691 0.810919
v -3.967438 0.972855 0.810465
v -3.834295 0.972855 0.810465
v -3.834618 0.972691 0.810919
v -3.835101 0.972581 0.811223
v -3.967438 1.443001 0.980752
v -3.967115 1.442779 0.981183
v -3.966632 1.442631 0.981470
v -3.835102 1.442631 0.981470
v -3.834619 1.442779 0.981183
v -3.834296 1.443001 0.980752
v -3.966632 1.118217 0.863826
v -3.967115 1.118327 0.863522
v -3.967438 1.118491 0.863068
v -3.834295 1.118491 0.863068
v -3.834618 1.118327 0.863522
v -3.835101 1.118217 0.863826
v -3.967438 1.434311 0.977095
v -3.967115 1.434136 0.977546
v -3.966632 1.434018 0.977847
v -3.835101 1.434018 0.977847
v -3.834618 1.434136 0.977546
v -3.834295 1.434311 0.977095
v -3.966632 0.655006 0.739091
v -3.967115 0.655041 0.738771
v -3.967438 0.655094 0.738291
v -3.834295 0.655094 0.738291
v -3.834618 0.655041 0.738771
v -3.835101 0.655006 0.739091
v -3.966632 1.255751 0.913503
v -3.967115 1.255861 0.913199
v -3.967438 1.256025 0.912745
v -3.834295 1.256025 0.912745
v -3.834618 1.255861 0.913199
v -3.835101 1.255751 0.913503
v -0.007736 1.025399 -1.087478
v -3.730804 1.025399 -1.087478
v -3.730761 1.020827 -1.094588
v -0.007704 1.020827 -1.094588
v -0.007646 1.010286 -1.102453
v -3.730685 1.010286 -1.102453
v -3.730641 1.005372 -1.103315
v -0.007614 1.005372 -1.103315
v -0.007807 3.014310 1.327367
v -3.730897 3.014310 1.327367
v -3.730897 2.684540 1.222665
v -0.007807 2.684540 1.222665
v -0.007807 2.648396 1.211738
v -3.730897 2.648396 1.211738
v -3.730897 2.283810 1.101310
v -0.007807 2.283810 1.101310
v -3.730897 1.998896 1.039805
v -0.007807 1.998896 1.039805
v -0.007807 2.252571 1.093194
v -3.730897 2.252571 1.093194
v -0.007807 1.969176 1.034010
v -3.730897 1.969176 1.034010
v -3.730897 1.729239 0.994537
v -0.007807 1.729239 0.994537
v -0.007807 1.699377 0.991372
v -3.730897 1.699377 0.991372
v -3.730897 1.465595 0.980826
v -0.007807 1.465595 0.980826
v -0.007807 1.439895 0.980073
v -3.730897 1.439895 0.980073
v -3.730897 1.353882 0.980233
v -0.007807 1.353882 0.980233
v -0.007807 1.308877 0.979022
v -3.730897 1.308877 0.979022
v -3.730897 1.211822 0.959304
v -0.007807 1.211822 0.959304
v -0.007807 1.164227 0.941423
v -3.730897 1.164227 0.941423
v -3.730897 1.094149 0.893837
v -0.007807 1.094149 0.893837
v -0.007481 1.061707 0.863986
v -3.730572 1.061707 0.863986
v -3.726533 1.007636 0.792895
v -0.003442 1.007636 0.792895
v -0.009960 0.988443 0.761086
v -3.733051 0.988443 0.761086
v -3.731059 0.951892 0.677843
v -0.007968 0.951892 0.677843
v -0.007807 0.941304 0.630858
v -3.730897 0.941304 0.630858
v -3.730897 0.933357 0.550866
v -0.007807 0.933357 0.550866
v 3.715284 0.932230 0.521724
v -0.007807 0.932230 0.521724
v -0.007807 0.932119 0.511042
v 3.715284 0.932119 0.511042
v 3.715284 0.932746 0.472998
v -0.007807 0.932746 0.472998
v -0.007807 0.936400 0.426645
v 3.715284 0.936400 0.426645
v -0.007807 0.938530 0.381568
v -3.730897 0.938530 0.381568
v -3.730897 0.944950 0.332047
v -0.007807 0.944950 0.332047
v -0.007807 0.948770 0.283740
v -3.730897 0.948770 0.283740
v -3.730897 1.036151 -0.899437
v -0.007807 1.036151 -0.899437
v 3.715284 1.039879 -0.949910
v -0.007807 1.039879 -0.949910
v -0.007807 1.045163 -1.021459
v 3.715284 1.045163 -1.021459
v -0.007798 1.043900 -1.047676
v -3.730885 1.043900 -1.047676
v -3.730854 1.039577 -1.067402
v -0.007774 1.039577 -1.067402
v -0.007542 0.993316 -1.096248
v -0.007541 0.994842 -1.099861
v -3.730544 0.994842 -1.099861
v -3.730546 0.993316 -1.096248
v -3.730725 1.015806 -1.099703
v -0.007677 1.015806 -1.099703
v -3.730594 0.993272 -1.070221
v -0.007578 0.993272 -1.070221
v -0.007549 0.992148 -1.091858
v -3.730555 0.992148 -1.091858
v -0.007556 0.997566 -1.102041
v -0.007581 1.001039 -1.103140
v -3.730598 1.001039 -1.103140
v -3.730565 0.997566 -1.102041
v -3.730778 1.058064 -1.128865
v -0.007716 1.058064 -1.128865
v -0.007688 1.048840 -1.137959
v -3.730740 1.048840 -1.137959
v -0.007604 1.001155 -1.152981
v -0.007573 0.985006 -1.150128
v -3.730587 0.985006 -1.150128
v -3.730628 1.001155 -1.152981
v -3.730897 3.029760 1.278706
v -0.007807 3.029760 1.278706
v -0.007807 2.699990 1.174004
v -3.730897 2.699990 1.174004
v -3.730897 2.663195 1.162876
v -0.007807 2.663195 1.162876
v -0.007807 2.298610 1.052448
v -3.730897 2.298610 1.052448
v -0.007807 2.009411 0.989844
v -3.730897 2.009411 0.989844
v -3.730897 2.263086 1.043234
v -0.007807 2.263086 1.043234
v -3.730897 1.977464 0.983632
v -0.007807 1.977464 0.983632
v -0.007807 1.737526 0.944159
v -3.730897 1.737526 0.944159
v -3.730897 1.701678 0.940369
v -0.007807 1.701678 0.940369
v -0.007807 1.467896 0.929823
v -3.730897 1.467896 0.929823
v -3.730897 1.439800 0.929018
v -0.007807 1.439800 0.929018
v -0.007807 1.353787 0.929178
v -3.730897 1.353787 0.929178
v -3.730897 1.319042 0.928990
v -0.007807 1.319042 0.928990
v -0.007807 1.221987 0.909271
v -3.730897 1.221987 0.909271
v -3.730897 1.192908 0.899187
v -0.007807 1.192908 0.899187
v -0.007807 1.122831 0.851600
v -3.730897 1.122831 0.851600
v -3.730572 1.102343 0.833079
v -0.007481 1.102343 0.833079
v -0.003442 1.048272 0.761988
v -3.726533 1.048272 0.761988
v -3.733051 1.035190 0.740560
v -0.009960 1.035190 0.740560
v -0.007968 0.998638 0.657317
v -3.731059 0.998638 0.657317
v -3.730897 0.992109 0.625811
v -0.007807 0.992109 0.625811
v -0.007807 0.984162 0.545819
v -3.730897 0.984162 0.545819
v -0.007807 0.983282 0.521193
v 3.715284 0.983282 0.521193
v 3.715284 0.983171 0.510510
v -0.007807 0.983171 0.510510
v -0.007807 0.983643 0.477011
v 3.715284 0.983643 0.477011
v 3.715284 0.987297 0.430657
v -0.007807 0.987297 0.430657
v -3.730897 0.989161 0.388132
v -0.007807 0.989161 0.388132
v -0.007807 0.995581 0.338610
v -3.730897 0.995581 0.338610
v -3.730897 0.999686 0.287501
v -0.007807 0.999686 0.287501
v -0.007807 1.087067 -0.895677
v -3.730897 1.087067 -0.895677
v -0.007807 1.090795 -0.946150
v 3.715284 1.090795 -0.946150
v 3.715284 1.096079 -1.017698
v -0.007807 1.096079 -1.017698
v -3.730885 1.093771 -1.058605
v -0.007798 1.093771 -1.058605
v -0.007774 1.089448 -1.078331
v -3.730854 1.089448 -1.078331
v -0.007555 0.942474 -1.096494
v -3.730563 0.942474 -1.096494
v -3.730541 0.947754 -1.116517
v -0.007538 0.947754 -1.116517
v -0.007663 1.036117 -1.145609
v -0.007635 1.018813 -1.151740
v -3.730669 1.018813 -1.151740
v -3.730706 1.036117 -1.145609
v -0.007580 0.942709 -1.071651
v -3.730597 0.942709 -1.071651
v -0.007535 0.957103 -1.132044
v -3.730537 0.957103 -1.132044
v -3.730555 0.969998 -1.142954
v -0.007548 0.969998 -1.142954
v -0.007760 1.064243 -1.110442
v -3.730835 1.064243 -1.110442
v -3.730835 1.032792 -1.085934
v -0.007760 1.032792 -1.085934
v -3.730604 0.947872 -1.066139
v -0.007586 0.947872 -1.066139
v -0.007586 0.987984 -1.064829
v -3.730604 0.987984 -1.064829
v -0.007807 3.033234 1.285413
v -3.730897 3.033234 1.285413
v -3.730897 3.021016 1.323893
v -0.007807 3.021016 1.323893
v -3.730897 2.693283 1.177478
v -0.007807 2.693283 1.177478
v -0.007807 2.681066 1.215959
v -3.730897 2.681066 1.215959
v -0.007807 2.666759 1.169535
v -3.730897 2.666759 1.169535
v -3.730897 2.655055 1.208175
v -0.007807 2.655055 1.208175
v -3.730897 2.291950 1.056011
v -0.007807 2.291950 1.056011
v -0.007807 2.280247 1.094651
v -3.730897 2.280247 1.094651
v -3.730897 2.003085 0.993971
v -0.007807 2.003085 0.993971
v -0.007807 1.994770 1.033479
v -3.730897 1.994770 1.033479
v -0.007807 2.267212 1.049559
v -3.730897 2.267212 1.049559
v -3.730897 2.258897 1.089068
v -0.007807 2.258897 1.089068
v -0.007807 1.981866 0.989769
v -3.730897 1.981866 0.989769
v -3.730897 1.975313 1.029607
v -0.007807 1.975313 1.029607
v -3.730897 1.731390 0.948562
v -0.007807 1.731390 0.948562
v -0.007807 1.724836 0.988400
v -3.730897 1.724836 0.988400
v -0.007807 1.706772 0.945945
v -3.730897 1.706772 0.945945
v -3.730897 1.704953 0.986277
v -0.007807 1.704953 0.986277
v -3.730897 1.462320 0.934918
v -0.007807 1.462320 0.934918
v -0.007807 1.460501 0.975250
v -3.730897 1.460501 0.975250
v -0.007807 1.445150 0.934349
v -3.730897 1.445150 0.934349
v -3.730897 1.445225 0.974722
v -0.007807 1.445225 0.974722
v -3.730897 1.348457 0.934529
v -0.007807 1.348457 0.934529
v -0.007807 1.348532 0.974902
v -3.730897 1.348532 0.974902
v -0.007807 1.323212 0.935287
v -3.730897 1.323212 0.935287
v -3.730897 1.315174 0.974852
v -0.007807 1.315174 0.974852
v -3.730897 1.215689 0.913442
v -0.007807 1.215689 0.913442
v -0.007807 1.207651 0.953007
v -3.730897 1.207651 0.953007
v -0.007807 1.194326 0.906605
v -3.730897 1.194326 0.906605
v -3.730897 1.171645 0.940005
v -0.007807 1.171645 0.940005
v -3.730897 1.115412 0.853018
v -0.007807 1.115412 0.853018
v -0.007807 1.092731 0.886418
v -3.730897 1.092731 0.886418
v -0.007722 1.101325 0.840563
v -3.730813 1.101325 0.840563
v -3.730813 1.069191 0.865004
v -0.007722 1.069191 0.865004
v -3.726292 1.040788 0.760970
v -0.003201 1.040788 0.760970
v -0.003201 1.008653 0.785411
v -3.726292 1.008653 0.785411
v -0.010077 1.032447 0.747597
v -3.733168 1.032447 0.747597
v -3.733168 0.995480 0.763829
v -0.010077 0.995480 0.763829
v -3.730942 0.991601 0.654574
v -0.007852 0.991601 0.654574
v -0.007852 0.954634 0.670806
v -3.730942 0.954634 0.670806
v -0.007807 0.987323 0.631653
v -3.730897 0.987323 0.631653
v -3.730897 0.947147 0.635644
v -0.007807 0.947147 0.635644
v -3.730897 0.978320 0.541033
v -0.007807 0.978320 0.541033
v -0.007807 0.938144 0.545024
v -3.730897 0.938144 0.545024
v 3.715284 0.977997 0.526589
v -0.007807 0.977997 0.526589
v -0.007807 0.937626 0.527009
v 3.715284 0.937626 0.527009
v -0.007807 0.977775 0.505225
v 3.715284 0.977775 0.505225
v 3.715284 0.937404 0.505646
v -0.007807 0.937404 0.505646
v 3.715284 0.977899 0.481915
v -0.007807 0.977899 0.481915
v -0.007807 0.937650 0.478742
v 3.715284 0.937650 0.478742
v -0.007807 0.982393 0.424913
v 3.715284 0.982393 0.424913
v 3.715284 0.942144 0.421740
v -0.007807 0.942144 0.421740
v -0.007807 0.983179 0.392742
v -3.730897 0.983179 0.392742
v -3.730897 0.943140 0.387551
v -0.007807 0.943140 0.387551
v -3.730897 0.990971 0.332628
v -0.007807 0.990971 0.332628
v -0.007807 0.950933 0.327437
v -3.730897 0.950933 0.327437
v -0.007807 0.993966 0.292433
v -3.730897 0.993966 0.292433
v -3.730897 0.953703 0.289460
v -0.007807 0.953703 0.289460
v -3.730897 1.082134 -0.901396
v -0.007807 1.082134 -0.901396
v -0.007807 1.041871 -0.904370
v -3.730897 1.041871 -0.904370
v 3.715284 1.085075 -0.941217
v -0.007807 1.085075 -0.941217
v -0.007807 1.044811 -0.944190
v 3.715284 1.044811 -0.944190
v -0.007807 1.091146 -1.023418
v 3.715284 1.091146 -1.023418
v 3.715284 1.050882 -1.026391
v -0.007807 1.050882 -1.026391
v -0.007804 1.089698 -1.052245
v -3.730894 1.089698 -1.052245
v -3.730894 1.050260 -1.043603
v -0.007804 1.050260 -1.043603
v -3.730845 1.083088 -1.082404
v -0.007767 1.083088 -1.082404
v -0.007767 1.043651 -1.073762
v -3.730845 1.043651 -1.073762
v -3.730603 0.945227 -1.066941
v -0.007585 0.945227 -1.066941
v -3.730603 0.945227 -1.066941
v -3.730601 0.943337 -1.068959
v -0.007583 0.943337 -1.068959
v -0.007585 0.945227 -1.066941
v -0.007758 1.065910 -1.112647
v -3.730833 1.065910 -1.112647
v -0.007753 1.066250 -1.115391
v -3.730826 1.066250 -1.115391
v -0.007747 1.065174 -1.117937
v -3.730818 1.065174 -1.117937
v -0.007807 2.697228 1.173878
v -3.730897 2.697228 1.173878
v -0.007807 2.694774 1.175149
v -3.730897 2.694774 1.175149
v -0.007807 3.033360 1.282651
v -3.730897 3.033360 1.282651
v -0.007807 3.032089 1.280197
v -3.730897 3.032089 1.280197
v -0.007807 2.295847 1.052359
v -3.730897 2.295847 1.052359
v -0.007807 2.293409 1.053663
v -3.730897 2.293409 1.053663
v -0.007807 2.666848 1.166772
v -3.730897 2.666848 1.166772
v -0.007807 2.665543 1.164335
v -3.730897 2.665543 1.164335
v -3.730897 2.265551 1.044484
v -0.007807 2.265551 1.044484
v -3.730897 2.267062 1.046799
v -0.007807 2.267062 1.046799
v -3.730897 2.004335 0.991505
v -0.007807 2.004335 0.991505
v -3.730897 2.006651 0.989995
v -0.007807 2.006651 0.989995
v -0.007807 1.734775 0.944432
v -3.730897 1.734775 0.944432
v -0.007807 1.732529 0.946043
v -3.730897 1.732529 0.946043
v -0.007807 1.981594 0.987018
v -3.730897 1.981594 0.987018
v -0.007807 1.979982 0.984772
v -3.730897 1.979982 0.984772
v -0.007807 1.465196 0.930418
v -3.730897 1.465196 0.930418
v -0.007807 1.463155 0.932282
v -3.730897 1.463155 0.932282
v -0.007807 1.706178 0.943245
v -3.730897 1.706178 0.943245
v -0.007807 1.704313 0.941204
v -3.730897 1.704313 0.941204
v -0.007807 1.351118 0.929899
v -3.730897 1.351118 0.929899
v -0.007807 1.349167 0.931857
v -3.730897 1.349167 0.931857
v -0.007807 1.444430 0.931680
v -3.730897 1.444430 0.931680
v -0.007807 1.442471 0.929729
v -3.730897 1.442471 0.929729
v -0.007807 1.219227 0.909441
v -3.730897 1.219227 0.909441
v -0.007807 1.216922 0.910967
v -3.730897 1.216922 0.910967
v -0.007807 1.323043 0.932527
v -3.730897 1.323043 0.932527
v -0.007807 1.321516 0.930223
v -3.730897 1.321516 0.930223
v -0.007807 1.120220 0.850692
v -3.730897 1.120220 0.850692
v -0.007807 1.117504 0.851211
v -3.730897 1.117504 0.851211
v -0.007807 1.195234 0.903994
v -3.730897 1.195234 0.903994
v -0.007807 1.194715 0.901279
v -3.730897 1.194715 0.901279
v -0.003322 1.046086 0.760296
v -3.726413 1.046086 0.760296
v -0.003233 1.043347 0.759923
v -3.726324 1.043347 0.759923
v -0.007690 1.103018 0.838377
v -3.730781 1.103018 0.838377
v -0.007602 1.103390 0.835638
v -3.730692 1.103390 0.835638
v -0.007910 0.996910 0.655159
v -3.731001 0.996910 0.655159
v -0.007867 0.994334 0.654156
v -3.730958 0.994334 0.654156
v -0.010062 1.034604 0.745868
v -3.733152 1.034604 0.745868
v -0.010019 1.035608 0.743292
v -3.733110 1.035608 0.743292
v -0.007807 0.983186 0.543233
v -3.730897 0.983186 0.543233
v -0.007807 0.981048 0.541481
v -3.730897 0.981048 0.541481
v -0.007807 0.989909 0.630677
v -3.730897 0.989909 0.630677
v -0.007807 0.991661 0.628539
v -3.730897 0.991661 0.628539
v 3.715284 0.982428 0.507847
v -0.007807 0.982428 0.507847
v 3.715284 0.980453 0.505913
v -0.007807 0.980453 0.505913
v 3.715284 0.980660 0.525846
v -0.007807 0.980660 0.525846
v 3.715284 0.982594 0.523870
v -0.007807 0.982594 0.523870
v 3.715284 0.986793 0.427939
v -0.007807 0.986793 0.427939
v 3.715284 0.984998 0.425836
v -0.007807 0.984998 0.425836
v 3.715284 0.980617 0.481412
v -0.007807 0.980617 0.481412
v 3.715284 0.982719 0.479616
v -0.007807 0.982719 0.479616
v -0.007807 0.995215 0.335870
v -3.730897 0.995215 0.335870
v -0.007807 0.993528 0.333680
v -3.730897 0.993528 0.333680
v -0.007807 0.985919 0.392375
v -3.730897 0.985919 0.392375
v -0.007807 0.988108 0.390688
v -3.730897 0.988108 0.390688
v -0.007807 1.086550 -0.898393
v -3.730897 1.086550 -0.898393
v -0.007807 1.084745 -0.900486
v -3.730897 1.084745 -0.900486
v -0.007807 0.996682 0.291917
v -3.730897 0.996682 0.291917
v -0.007807 0.998776 0.290111
v -3.730897 0.998776 0.290111
v 3.715284 1.095562 -1.020414
v -0.007807 1.095562 -1.020414
v 3.715284 1.093756 -1.022508
v -0.007807 1.093756 -1.022508
v 3.715284 1.087791 -0.941734
v -0.007807 1.087791 -0.941734
v 3.715284 1.089885 -0.943539
v -0.007807 1.089885 -0.943539
v -0.007771 1.088178 -1.080786
v -3.730849 1.088178 -1.080786
v -0.007768 1.085850 -1.082277
v -3.730846 1.085850 -1.082277
v -0.007803 1.092153 -1.053516
v -3.730893 1.092153 -1.053516
v -0.007801 1.093644 -1.055844
v -3.730890 1.093644 -1.055844
v -3.730831 1.030162 -1.084906
v -0.007757 1.030162 -1.084906
v -3.730819 1.027398 -1.085483
v -0.007748 1.027398 -1.085483
v -3.730599 0.992652 -1.067496
v -0.007582 0.992652 -1.067496
v -3.730603 0.990695 -1.065502
v -0.007585 0.990695 -1.065502
v -3.730897 3.019526 1.326222
v -0.007807 3.019526 1.326222
v -3.730897 3.017072 1.327493
v -0.007807 3.017072 1.327493
v -0.007807 2.680940 1.218720
v -3.730897 2.680940 1.218720
v -0.007807 2.680940 1.218720
v -0.007807 2.682211 1.221175
v -3.730897 2.682211 1.221175
v -3.730897 2.680940 1.218720
v -3.730897 2.653596 1.210523
v -0.007807 2.653596 1.210523
v -3.730897 2.651159 1.211828
v -0.007807 2.651159 1.211828
v -0.007807 2.280158 1.097414
v -3.730897 2.280158 1.097414
v -0.007807 2.280158 1.097414
v -0.007807 2.281462 1.099852
v -3.730897 2.281462 1.099852
v -3.730897 2.280158 1.097414
v -0.007807 1.994920 1.036239
v -3.730897 1.994920 1.036239
v -0.007807 1.994920 1.036239
v -0.007807 1.996431 1.038555
v -3.730897 1.996431 1.038555
v -3.730897 1.994920 1.036239
v -3.730897 2.257647 1.091533
v -0.007807 2.257647 1.091533
v -3.730897 2.255331 1.093043
v -0.007807 2.255331 1.093043
v -3.730897 1.974173 1.032126
v -0.007807 1.974173 1.032126
v -3.730897 1.971927 1.033737
v -0.007807 1.971927 1.033737
v -0.007807 1.725109 0.991151
v -3.730897 1.725109 0.991151
v -0.007807 1.725109 0.991151
v -0.007807 1.726720 0.993397
v -3.730897 1.726720 0.993397
v -3.730897 1.725109 0.991151
v -3.730897 1.704118 0.988912
v -0.007807 1.704118 0.988912
v -3.730897 1.702077 0.990777
v -0.007807 1.702077 0.990777
v -0.007807 1.461095 0.977950
v -3.730897 1.461095 0.977950
v -0.007807 1.461095 0.977950
v -0.007807 1.462960 0.979991
v -3.730897 1.462960 0.979991
v -3.730897 1.461095 0.977950
v -3.730897 1.444515 0.977394
v -0.007807 1.444515 0.977394
v -3.730897 1.442564 0.979352
v -0.007807 1.442564 0.979352
v -0.007807 1.349252 0.977571
v -3.730897 1.349252 0.977571
v -0.007807 1.349252 0.977571
v -0.007807 1.351211 0.979522
v -3.730897 1.351211 0.979522
v -3.730897 1.349252 0.977571
v -3.730897 1.313941 0.977326
v -0.007807 1.313941 0.977326
v -3.730897 1.311636 0.978853
v -0.007807 1.311636 0.978853
v -0.007807 1.207821 0.955766
v -3.730897 1.207821 0.955766
v -0.007807 1.207821 0.955766
v -0.007807 1.209347 0.958071
v -3.730897 1.209347 0.958071
v -3.730897 1.207821 0.955766
v -3.730897 1.169553 0.941813
v -0.007807 1.169553 0.941813
v -3.730897 1.166838 0.942332
v -0.007807 1.166838 0.942332
v -0.007807 1.091823 0.889029
v -3.730897 1.091823 0.889029
v -0.007807 1.091823 0.889029
v -0.007807 1.092342 0.891745
v -3.730897 1.092342 0.891745
v -3.730897 1.091823 0.889029
v -3.730781 1.066632 0.866051
v -0.007690 1.066632 0.866051
v -3.730692 1.063893 0.865679
v -0.007602 1.063893 0.865679
v -0.003233 1.006961 0.787597
v -3.726324 1.006961 0.787597
v -0.003233 1.006961 0.787597
v -0.003322 1.006589 0.790337
v -3.726413 1.006589 0.790337
v -3.726324 1.006961 0.787597
v -3.733152 0.992747 0.764247
v -0.010062 0.992747 0.764247
v -3.733109 0.990171 0.763243
v -0.010019 0.990171 0.763243
v -0.007867 0.952477 0.672535
v -3.730958 0.952477 0.672535
v -0.007867 0.952477 0.672535
v -0.007910 0.951473 0.675110
v -3.731001 0.951473 0.675110
v -3.730958 0.952477 0.672535
v -3.730897 0.944419 0.635196
v -0.007807 0.944419 0.635196
v -3.730897 0.942280 0.633444
v -0.007807 0.942280 0.633444
v -0.007807 0.935558 0.546000
v -3.730897 0.935558 0.546000
v -0.007807 0.935558 0.546000
v -0.007807 0.933805 0.548139
v -3.730897 0.933805 0.548139
v -3.730897 0.935558 0.546000
v -0.007807 0.934948 0.526321
v 3.715284 0.934948 0.526321
v -0.007807 0.932973 0.524387
v 3.715284 0.932973 0.524387
v 3.715284 0.934741 0.506389
v -0.007807 0.934741 0.506389
v 3.715284 0.934741 0.506389
v 3.715284 0.932807 0.508364
v -0.007807 0.932807 0.508364
v -0.007807 0.934741 0.506389
v -0.007807 0.935044 0.477819
v 3.715284 0.935044 0.477819
v -0.007807 0.933249 0.475716
v 3.715284 0.933249 0.475716
v 3.715284 0.939426 0.422244
v -0.007807 0.939426 0.422244
v 3.715284 0.937323 0.424039
v -0.007807 0.937323 0.424039
v 3.715284 0.937323 0.424039
v -0.007807 0.937323 0.424039
v -3.730897 0.940584 0.386498
v -0.007807 0.940584 0.386498
v -3.730897 0.938897 0.384308
v -0.007807 0.938897 0.384308
v -0.007807 0.948193 0.327803
v -3.730897 0.948193 0.327803
v -0.007807 0.948193 0.327803
v -0.007807 0.946003 0.329491
v -3.730897 0.946003 0.329491
v -3.730897 0.948193 0.327803
v -3.730897 0.951092 0.288550
v -0.007807 0.951092 0.288550
v -3.730897 0.949287 0.286456
v -0.007807 0.949287 0.286456
v -0.007807 1.039155 -0.903853
v -3.730897 1.039155 -0.903853
v -0.007807 1.039155 -0.903853
v -0.007807 1.037061 -0.902048
v -3.730897 1.037061 -0.902048
v -3.730897 1.039155 -0.903853
v -0.007807 1.042201 -0.945101
v 3.715284 1.042201 -0.945101
v -0.007807 1.040396 -0.947194
v 3.715284 1.040396 -0.947194
v 3.715284 1.048166 -1.025874
v -0.007807 1.048166 -1.025874
v 3.715284 1.048166 -1.025874
v 3.715284 1.046073 -1.024069
v -0.007807 1.046073 -1.024069
v -0.007807 1.048166 -1.025874
v -3.730893 1.047498 -1.043730
v -0.007803 1.047498 -1.043730
v -3.730890 1.045170 -1.045221
v -0.007801 1.045170 -1.045221
v -0.007768 1.041196 -1.072491
v -3.730846 1.041196 -1.072491
v -0.007771 1.039705 -1.070163
v -3.730849 1.039705 -1.070163
v -0.007771 1.039705 -1.070163
v -3.730849 1.039705 -1.070163
v 3.715284 3.029760 1.278706
v 3.715284 2.699990 1.174004
v 3.715284 2.697228 1.173878
v 3.715284 2.694774 1.175149
v 3.715284 2.693283 1.177478
v 3.715284 2.681066 1.215959
v 3.715284 2.680940 1.218720
v 3.715284 2.680940 1.218720
v 3.715284 2.682211 1.221175
v 3.715284 2.684540 1.222665
v 3.715284 3.014310 1.327367
v 3.715284 3.017072 1.327493
v 3.715284 3.019526 1.326222
v 3.715284 3.021016 1.323893
v 3.715284 3.033234 1.285413
v 3.715284 3.033360 1.282651
v 3.715284 3.032089 1.280197
v 3.715284 2.663195 1.162876
v 3.715284 2.298610 1.052448
v 3.715284 2.295847 1.052359
v 3.715284 2.293409 1.053663
v 3.715284 2.291950 1.056011
v 3.715284 2.280247 1.094651
v 3.715284 2.280158 1.097414
v 3.715284 2.280158 1.097414
v 3.715284 2.281462 1.099852
v 3.715284 2.283810 1.101310
v 3.715284 2.648396 1.211738
v 3.715284 2.651159 1.211828
v 3.715284 2.653596 1.210523
v 3.715284 2.655055 1.208175
v 3.715284 2.666759 1.169535
v 3.715284 2.666848 1.166772
v 3.715284 2.665543 1.164335
v 3.715284 2.009411 0.989844
v 3.715284 2.263086 1.043234
v 3.715284 2.006651 0.989995
v 3.715284 2.004335 0.991505
v 3.715284 2.003085 0.993971
v 3.715284 1.994770 1.033479
v 3.715284 1.994920 1.036239
v 3.715284 1.994920 1.036239
v 3.715284 1.996431 1.038555
v 3.715284 1.998896 1.039805
v 3.715284 2.252571 1.093194
v 3.715284 2.255331 1.093043
v 3.715284 2.257647 1.091533
v 3.715284 2.258897 1.089068
v 3.715284 2.267212 1.049559
v 3.715284 2.267062 1.046799
v 3.715284 2.265551 1.044484
v 3.715284 1.977464 0.983632
v 3.715284 1.737526 0.944159
v 3.715284 1.734775 0.944432
v 3.715284 1.732529 0.946043
v 3.715284 1.731390 0.948562
v 3.715284 1.724836 0.988400
v 3.715284 1.725109 0.991151
v 3.715284 1.725109 0.991151
v 3.715284 1.726720 0.993397
v 3.715284 1.729239 0.994537
v 3.715284 1.969176 1.034010
v 3.715284 1.971927 1.033737
v 3.715284 1.974173 1.032126
v 3.715284 1.975313 1.029607
v 3.715284 1.981866 0.989769
v 3.715284 1.981594 0.987018
v 3.715284 1.979982 0.984772
v 3.715284 1.701678 0.940369
v 3.715284 1.467896 0.929823
v 3.715284 1.465196 0.930418
v 3.715284 1.463155 0.932282
v 3.715284 1.462320 0.934918
v 3.715284 1.460501 0.975250
v 3.715284 1.461095 0.977950
v 3.715284 1.461095 0.977950
v 3.715284 1.462960 0.979991
v 3.715284 1.465595 0.980826
v 3.715284 1.699377 0.991372
v 3.715284 1.702077 0.990777
v 3.715284 1.704118 0.988912
v 3.715284 1.704953 0.986277
v 3.715284 1.706772 0.945945
v 3.715284 1.706178 0.943245
v 3.715284 1.704313 0.941204
v 3.715284 1.439800 0.929018
v 3.715284 1.353787 0.929178
v 3.715284 1.351118 0.929899
v 3.715284 1.349167 0.931857
v 3.715284 1.348457 0.934529
v 3.715284 1.348532 0.974902
v 3.715284 1.349252 0.977571
v 3.715284 1.349252 0.977571
v 3.715284 1.351211 0.979522
v 3.715284 1.353882 0.980233
v 3.715284 1.439895 0.980073
v 3.715284 1.442564 0.979352
v 3.715284 1.444515 0.977394
v 3.715284 1.445225 0.974722
v 3.715284 1.445150 0.934349
v 3.715284 1.444430 0.931680
v 3.715284 1.442471 0.929729
v 3.715284 1.319042 0.928990
v 3.715284 1.221987 0.909271
v 3.715284 1.219227 0.909441
v 3.715284 1.216922 0.910967
v 3.715284 1.215689 0.913442
v 3.715284 1.207651 0.953007
v 3.715284 1.207821 0.955766
v 3.715284 1.207821 0.955766
v 3.715284 1.209347 0.958071
v 3.715284 1.211822 0.959304
v 3.715284 1.308877 0.979022
v 3.715284 1.311636 0.978853
v 3.715284 1.313941 0.977326
v 3.715284 1.315174 0.974852
v 3.715284 1.323212 0.935287
v 3.715284 1.323043 0.932527
v 3.715284 1.321516 0.930223
v 3.715284 1.192908 0.899187
v 3.715284 1.122831 0.851600
v 3.715284 1.120220 0.850692
v 3.715284 1.117504 0.851211
v 3.715284 1.115412 0.853018
v 3.715284 1.092731 0.886418
v 3.715284 1.091823 0.889029
v 3.715284 1.091823 0.889029
v 3.715284 1.092342 0.891745
v 3.715284 1.094149 0.893837
v 3.715284 1.164227 0.941423
v 3.715284 1.166838 0.942332
v 3.715284 1.169553 0.941813
v 3.715284 1.171645 0.940005
v 3.715284 1.194326 0.906605
v 3.715284 1.195234 0.903994
v 3.715284 1.194715 0.901279
v 3.715610 1.102343 0.833079
v 3.719648 1.048272 0.761988
v 3.719769 1.046086 0.760296
v 3.719857 1.043347 0.759923
v 3.719890 1.040788 0.760970
v 3.719890 1.008653 0.785411
v 3.719857 1.006961 0.787597
v 3.719857 1.006961 0.787597
v 3.719769 1.006589 0.790337
v 3.719648 1.007636 0.792895
v 3.715610 1.061707 0.863986
v 3.715489 1.063893 0.865679
v 3.715401 1.066632 0.866051
v 3.715369 1.069191 0.865004
v 3.715369 1.101325 0.840563
v 3.715401 1.103018 0.838377
v 3.715489 1.103390 0.835638
v 3.713130 1.035190 0.740560
v 3.715122 0.998638 0.657317
v 3.715181 0.996910 0.655159
v 3.715224 0.994334 0.654156
v 3.715239 0.991601 0.654574
v 3.715239 0.954634 0.670806
v 3.715224 0.952477 0.672535
v 3.715224 0.952477 0.672535
v 3.715181 0.951473 0.675110
v 3.715122 0.951892 0.677843
v 3.713130 0.988443 0.761086
v 3.713072 0.990171 0.763243
v 3.713029 0.992747 0.764247
v 3.713013 0.995480 0.763829
v 3.713013 1.032447 0.747597
v 3.713029 1.034604 0.745868
v 3.713072 1.035608 0.743292
v 3.715284 0.992109 0.625811
v 3.715284 0.984162 0.545819
v 3.715284 0.983186 0.543233
v 3.715284 0.981048 0.541481
v 3.715284 0.978320 0.541033
v 3.715284 0.938144 0.545024
v 3.715284 0.935558 0.546000
v 3.715284 0.935558 0.546000
v 3.715284 0.933805 0.548139
v 3.715284 0.933357 0.550866
v 3.715284 0.941304 0.630858
v 3.715284 0.942280 0.633444
v 3.715284 0.944419 0.635196
v 3.715284 0.947147 0.635644
v 3.715284 0.987323 0.631653
v 3.715284 0.989909 0.630677
v 3.715284 0.991661 0.628539
v -3.730897 0.983282 0.521193
v -3.730897 0.983171 0.510510
v -3.730897 0.982594 0.523870
v -3.730897 0.980660 0.525846
v -3.730897 0.977997 0.526589
v -3.730897 0.937626 0.527009
v -3.730897 0.934948 0.526321
v -3.730897 0.932973 0.524387
v -3.730897 0.932230 0.521724
v -3.730897 0.932119 0.511042
v -3.730897 0.932807 0.508364
v -3.730897 0.934741 0.506389
v -3.730897 0.934741 0.506389
v -3.730897 0.937404 0.505646
v -3.730897 0.977775 0.505225
v -3.730897 0.980453 0.505913
v -3.730897 0.982428 0.507847
v -3.730897 0.982719 0.479616
v -3.730897 0.980617 0.481412
v -3.730897 0.977899 0.481915
v -3.730897 0.937650 0.478742
v -3.730897 0.935044 0.477819
v -3.730897 0.933249 0.475716
v -3.730897 0.932746 0.472998
v -3.730897 0.936400 0.426645
v -3.730897 0.937323 0.424039
v -3.730897 0.937323 0.424039
v -3.730897 0.939426 0.422244
v -3.730897 0.942144 0.421740
v -3.730897 0.982393 0.424913
v -3.730897 0.984998 0.425836
v -3.730897 0.986793 0.427939
v -3.730897 0.987297 0.430657
v -3.730897 0.983643 0.477011
v 3.715284 0.989161 0.388132
v 3.715284 0.995581 0.338610
v 3.715284 0.995215 0.335870
v 3.715284 0.993528 0.333680
v 3.715284 0.990971 0.332628
v 3.715284 0.950933 0.327437
v 3.715284 0.948193 0.327803
v 3.715284 0.948193 0.327803
v 3.715284 0.946003 0.329491
v 3.715284 0.944950 0.332047
v 3.715284 0.938530 0.381568
v 3.715284 0.938897 0.384308
v 3.715284 0.940584 0.386498
v 3.715284 0.943140 0.387551
v 3.715284 0.983179 0.392742
v 3.715284 0.985919 0.392375
v 3.715284 0.988108 0.390688
v 3.715284 0.999686 0.287501
v 3.715284 1.087067 -0.895677
v 3.715284 1.086550 -0.898393
v 3.715284 1.084745 -0.900486
v 3.715284 1.082134 -0.901396
v 3.715284 1.041871 -0.904370
v 3.715284 1.039155 -0.903853
v 3.715284 1.039155 -0.903853
v 3.715284 1.037061 -0.902048
v 3.715284 1.036151 -0.899437
v 3.715284 0.948770 0.283740
v 3.715284 0.949287 0.286456
v 3.715284 0.951092 0.288550
v 3.715284 0.953703 0.289460
v 3.715284 0.993966 0.292433
v 3.715284 0.996682 0.291917
v 3.715284 0.998776 0.290111
v -3.730897 1.090795 -0.946150
v -3.730897 1.096079 -1.017698
v -3.730897 1.089885 -0.943539
v -3.730897 1.087791 -0.941734
v -3.730897 1.085075 -0.941217
v -3.730897 1.044811 -0.944190
v -3.730897 1.042201 -0.945101
v -3.730897 1.040396 -0.947194
v -3.730897 1.039879 -0.949910
v -3.730897 1.045163 -1.021459
v -3.730897 1.046073 -1.024069
v -3.730897 1.048166 -1.025874
v -3.730897 1.048166 -1.025874
v -3.730897 1.050882 -1.026391
v -3.730897 1.091146 -1.023418
v -3.730897 1.093756 -1.022508
v -3.730897 1.095562 -1.020414
v 3.715290 1.093771 -1.058605
v 3.715306 1.089448 -1.078331
v 3.715308 1.088178 -1.080786
v 3.715310 1.085850 -1.082277
v 3.715311 1.083088 -1.082404
v 3.715311 1.043651 -1.073762
v 3.715310 1.041196 -1.072491
v 3.715308 1.039705 -1.070163
v 3.715308 1.039705 -1.070163
v 3.715306 1.039577 -1.067402
v 3.715290 1.043900 -1.047676
v 3.715288 1.045170 -1.045221
v 3.715286 1.047498 -1.043730
v 3.715286 1.050260 -1.043603
v 3.715286 1.089698 -1.052245
v 3.715286 1.092153 -1.053516
v 3.715288 1.093644 -1.055844
v 3.715316 1.064243 -1.110442
v 3.715316 1.032792 -1.085934
v 3.715317 1.065910 -1.112647
v 3.715320 1.066250 -1.115391
v 3.715324 1.065174 -1.117937
v 3.715345 1.058064 -1.128865
v 3.715364 1.048840 -1.137959
v 3.715381 1.036117 -1.145609
v 3.715400 1.018813 -1.151740
v 3.715420 1.001155 -1.152981
v 3.715441 0.985006 -1.150128
v 3.715458 0.969998 -1.142954
v 3.715467 0.957103 -1.132044
v 3.715465 0.947754 -1.116517
v 3.715454 0.942474 -1.096494
v 3.715436 0.942709 -1.071651
v 3.715435 0.943337 -1.068959
v 3.715434 0.945227 -1.066941
v 3.715434 0.945227 -1.066941
v 3.715433 0.947872 -1.066139
v 3.715433 0.987984 -1.064829
v 3.715434 0.990695 -1.065502
v 3.715436 0.992652 -1.067496
v 3.715438 0.993272 -1.070221
v 3.715458 0.992148 -1.091858
v 3.715463 0.993316 -1.096248
v 3.715463 0.994842 -1.099861
v 3.715453 0.997566 -1.102041
v 3.715436 1.001039 -1.103140
v 3.715414 1.005372 -1.103315
v 3.715392 1.010286 -1.102453
v 3.715372 1.015806 -1.099703
v 3.715353 1.020827 -1.094588
v 3.715332 1.025399 -1.087478
v 3.715324 1.027398 -1.085483
v 3.715318 1.030162 -1.084906
vn 0.9994 0.0100 -0.0333
vn 1.0000 0.0001 -0.0004
vn 0.9994 0.0089 -0.0338
vn 0.9946 0.0297 -0.0992
vn 0.9946 0.0265 -0.1007
vn 0.8873 0.1321 -0.4420
vn 0.9946 0.0297 -0.0993
vn 0.8862 0.1176 -0.4481
vn 0.9994 -0.0298 -0.0149
vn 1.0000 -0.0002 -0.0001
vn 1.0000 -0.0006 -0.0003
vn 0.9992 -0.0362 -0.0181
vn 0.9944 -0.0941 -0.0471
vn 0.9933 -0.1036 -0.0519
vn 0.8904 -0.4071 -0.2038
vn 0.9944 -0.0942 -0.0472
vn 0.8825 -0.4205 -0.2106
vn 1.0000 -0.0000 -0.0000
vn 1.0000 -0.0002 0.0006
vn 1.0000 -0.0002 0.0005
vn 1.0000 -0.0001 0.0004
vn 1.0000 -0.0001 0.0005
vn 1.0000 -0.0002 0.0004
vn 0.9994 -0.0053 0.0342
vn 0.9994 -0.0060 0.0339
vn 0.9947 -0.0158 0.1020
vn 0.8879 -0.0701 0.4546
vn 0.8885 -0.0795 0.4520
vn 0.9947 -0.0178 0.1013
vn 0.8863 -0.1675 0.4317
vn 0.9946 -0.0377 0.0970
vn 0.9947 -0.0349 0.0971
vn 0.8879 -0.1557 0.4330
vn 0.9994 -0.0126 0.0326
vn 0.9994 -0.0117 0.0325
vn 0.9947 -0.0349 0.0970
vn 0.8866 -0.1814 0.4255
vn 0.9946 -0.0408 0.0955
vn 0.9946 -0.0407 0.0955
vn 0.9994 -0.0137 0.0321
vn 0.8983 0.0538 -0.4361
vn 0.9953 0.0118 -0.0960
vn 0.9953 0.0405 -0.0874
vn 0.8985 0.1857 -0.3977
vn 0.9995 0.0039 -0.0321
vn 1.0000 -0.0000 -0.0004
vn 1.0000 0.0002 -0.0003
vn 0.9995 0.0135 -0.0292
vn 0.9954 0.0405 -0.0874
vn 0.9952 0.0675 -0.0710
vn 0.8955 0.3080 -0.3212
vn 1.0000 0.0002 -0.0002
vn 0.9995 0.0224 -0.0237
vn 0.9952 0.0675 -0.0709
vn 0.9946 0.0202 -0.1018
vn 0.8868 0.0896 -0.4533
vn 0.9994 0.0068 -0.0341
vn 0.9945 0.0111 -0.1042
vn 0.8852 0.0492 -0.4626
vn 1.0000 0.0001 -0.0005
vn 0.9994 0.0037 -0.0350
vn 0.9945 0.0111 -0.1041
vn 0.8867 -0.0993 0.4516
vn 0.9946 -0.0223 0.1015
vn 0.9946 -0.0223 0.1014
vn 0.9994 -0.0075 0.0341
vn 0.8851 -0.1351 0.4454
vn 0.9945 -0.0305 0.1003
vn 0.9945 -0.0305 0.1002
vn 0.9994 -0.0102 0.0336
vn 0.9947 0.0035 -0.1029
vn 0.8882 0.0155 -0.4591
vn 1.0000 -0.0000 -0.0005
vn 0.9994 0.0012 -0.0345
vn 0.8903 0.3897 -0.2356
vn 0.9949 0.0863 -0.0525
vn 0.9948 0.0983 -0.0260
vn 0.8889 0.4431 -0.1161
vn 0.9994 0.0288 -0.0176
vn 1.0000 0.0002 -0.0001
vn 0.9994 0.0328 -0.0087
vn 0.9948 0.0982 -0.0259
vn 0.8853 -0.2101 0.4148
vn 0.9945 -0.0473 0.0933
vn 0.9945 -0.0442 0.0950
vn 0.8851 -0.1963 0.4220
vn 0.9994 -0.0159 0.0313
vn 0.9994 -0.0148 0.0319
vn 0.9945 -0.0473 0.0932
vn 0.8850 -0.2272 0.4064
vn 0.9945 -0.0512 0.0915
vn 0.9994 -0.0172 0.0307
vn 0.9936 -0.1130 -0.0032
vn 0.8711 -0.4909 -0.0138
vn 0.8524 -0.5220 -0.0297
vn 0.9924 -0.1228 -0.0069
vn 0.9993 -0.0380 -0.0011
vn 0.9924 -0.1227 -0.0069
vn 0.9991 -0.0412 -0.0024
vn 1.0000 -0.0003 -0.0000
vn 1.0000 -0.0003 -0.0007
vn 0.9994 -0.0312 -0.0164
vn 0.9987 -0.0319 -0.0390
vn 0.9995 -0.0072 -0.0308
vn 0.9920 -0.0578 -0.1120
vn 0.9949 -0.0224 -0.0979
vn 0.8996 -0.0974 -0.4258
vn 0.9949 -0.0224 -0.0980
vn 0.8812 -0.2406 -0.4070
vn 0.9915 -0.1010 -0.0823
vn 0.8773 -0.3500 -0.3283
vn 0.9010 -0.3858 -0.1985
vn 0.8774 -0.3500 -0.3283
vn 0.9943 -0.0949 -0.0485
vn 0.8785 0.4765 0.0352
vn 0.9941 0.1078 0.0080
vn 0.9948 0.1018 0.0075
vn 0.8878 0.4590 0.0339
vn 0.9941 0.1077 0.0080
vn 0.9993 0.0362 0.0027
vn 0.9994 0.0340 0.0025
vn 0.9948 0.1017 0.0075
vn 1.0000 0.0002 -0.0000
vn 1.0000 0.0004 -0.0000
vn 0.9997 0.0230 -0.0120
vn 0.9992 0.0395 0.0005
vn 1.0000 0.0022 0.0001
vn 1.0000 0.0012 -0.0006
vn 0.9997 0.0102 -0.0233
vn 1.0000 0.0005 -0.0012
vn 0.9989 -0.0094 -0.0456
vn 1.0000 -0.0004 -0.0019
vn 0.9907 -0.0266 -0.1331
vn 0.8206 -0.1025 -0.5622
vn 0.9908 -0.0266 -0.1330
vn 0.7519 0.6575 0.0486
vn 0.9879 0.1544 0.0114
vn 0.9931 0.1171 -0.0001
vn 0.8695 0.4935 -0.0198
vn 0.9987 0.0499 0.0037
vn 1.0000 0.0008 0.0001
vn 0.9970 0.0677 -0.0371
vn 0.9347 0.3041 -0.1843
vn 0.9971 0.0315 -0.0692
vn 0.9360 0.1568 -0.3151
vn 0.9996 0.0290 -0.0061
vn 0.9986 0.0492 0.0184
vn 1.0000 0.0025 0.0010
vn 1.0000 0.0007 -0.0001
vn 0.9996 0.0213 -0.0196
vn 1.0000 0.0005 -0.0005
vn 0.9991 0.0137 -0.0407
vn 1.0000 0.0002 -0.0006
vn 0.9952 0.0588 0.0778
vn 0.9880 0.1406 0.0639
vn 0.7801 0.5650 0.2687
vn 0.8992 0.2577 0.3537
vn 0.9954 0.0241 0.0929
vn 0.9014 0.1132 0.4180
vn 0.9924 -0.0152 0.1217
vn 0.8475 -0.0630 0.5271
vn 0.9992 -0.0051 0.0403
vn 0.9925 -0.0152 0.1217
vn 1.0000 -0.0001 0.0006
vn 0.9914 0.0421 -0.1239
vn 0.8250 0.1870 -0.5333
vn 0.8450 0.4946 0.2033
vn 0.9920 0.1165 0.0479
vn 0.9872 0.1497 0.0545
vn 0.7677 0.6073 0.2042
vn 0.9991 0.0393 0.0162
vn 1.0000 0.0027 0.0011
vn 1.0000 0.0004 0.0006
vn 1.0000 0.0002 0.0007
vn 0.9961 0.0862 -0.0194
vn 0.9157 0.3892 -0.0997
vn 0.9963 0.0642 -0.0580
vn 0.9179 0.2999 -0.2599
vn 0.9961 0.0861 -0.0195
vn 0.9157 0.3893 -0.0997
vn 0.9961 0.0861 -0.0194
vn 0.9963 0.0642 -0.0579
vn 0.9880 0.1405 0.0639
vn 0.9995 0.0199 0.0259
vn 0.9987 0.0466 0.0208
vn 0.9995 0.0079 0.0311
vn 1.0000 0.0025 0.0011
vn 1.0000 -0.0004 0.0007
vn 1.0000 -0.0005 -0.0000
vn 1.0000 0.0003 -0.0000
vn 0.9994 0.0358 0.0018
vn 0.9994 0.0354 -0.0034
vn 0.9943 0.1064 0.0055
vn 0.9944 0.1055 -0.0101
vn 0.8810 0.4724 0.0248
vn 0.8817 0.4697 -0.0451
vn 0.9915 -0.1303 0.0036
vn 0.9921 -0.0673 0.1055
vn 0.8451 -0.2899 0.4492
vn 0.8321 -0.5542 0.0234
vn 0.9991 -0.0435 0.0012
vn 0.9991 -0.0221 0.0350
vn 1.0000 0.0001 -0.0003
vn 1.0000 0.0003 -0.0002
vn 1.0000 0.0003 -0.0001
vn -0.0000 0.8727 -0.4883
vn -0.0000 0.8726 -0.4884
vn -0.0000 0.4237 -0.9058
vn -0.0000 0.4238 -0.9058
vn -0.0000 -0.1923 -0.9813
vn -0.0000 -0.1922 -0.9814
vn -0.0008 -0.2233 -0.9748
vn -0.0000 -0.2233 -0.9748
vn -0.0000 -0.5054 -0.8629
vn -0.0000 -0.5052 -0.8630
vn -0.0000 -0.7346 -0.6785
vn -0.0000 -0.8887 -0.4586
vn -0.0000 -0.8887 -0.4585
vn -0.0000 -0.8941 -0.4478
vn -0.0000 -0.8942 -0.4476
vn -0.0000 -0.8942 -0.4477
vn -0.0000 -0.9984 -0.0565
vn -0.0000 -0.9996 -0.0280
vn -0.0000 -0.9995 0.0322
vn -0.0000 -0.5383 0.8427
vn -0.0000 -0.4884 0.8726
vn -0.0000 -0.4520 0.8920
vn -0.0000 -0.4521 0.8920
vn -0.0000 -0.4218 0.9067
vn -0.0000 -0.4219 0.9067
vn -0.0000 -0.3922 0.9199
vn -0.0000 -0.3619 0.9322
vn -0.0000 -0.3389 0.9408
vn -0.0000 -0.3385 0.9410
vn -0.0000 -0.2905 0.9569
vn -0.0000 -0.2906 0.9569
vn -0.0000 -0.2150 0.9766
vn -0.0000 -0.1733 0.9849
vn -0.0000 -0.1526 0.9883
vn -0.0000 -0.1524 0.9883
vn -0.0010 -0.1227 0.9924
vn -0.0000 -0.1227 0.9924
vn -0.0000 0.2535 0.9673
vn -0.0000 0.2536 0.9673
vn -0.0000 0.5994 0.8004
vn -0.0000 0.5995 0.8004
vn -0.0000 0.9090 0.4168
vn 0.0001 0.9090 0.4168
vn -0.0000 0.9249 0.3802
vn -0.0000 0.9413 0.3376
vn -0.0000 0.9739 -0.2268
vn -0.0000 0.9739 -0.2269
vn -0.0000 0.7456 -0.6664
vn -0.0000 0.3235 -0.9462
vn -0.0000 0.2868 -0.9580
vn -0.0000 0.2866 -0.9581
vn -0.0001 0.2540 -0.9672
vn -0.0000 0.2540 -0.9672
vn -0.0000 0.1941 -0.9810
vn -0.0000 0.1054 -0.9944
vn -0.0000 0.1057 -0.9944
vn -0.0000 0.0337 -0.9994
vn -0.0000 0.1217 -0.9926
vn -0.0000 0.4211 -0.9070
vn -0.0000 0.6902 -0.7236
vn -0.0000 0.8546 -0.5193
vn -0.0000 0.9670 -0.2547
vn -0.0000 0.9670 -0.2548
vn -0.0000 0.9955 -0.0952
vn -0.0000 0.9986 0.0521
vn -0.0000 0.9973 0.0736
vn -0.0000 0.9973 0.0737
vn -0.0000 1.0000 -0.0097
vn -1.0000 0.0001 -0.0004
vn -1.0000 0.0001 -0.0005
vn -0.9994 0.0100 -0.0333
vn -0.9994 0.0089 -0.0337
vn -0.9946 0.0297 -0.0993
vn -0.9946 0.0265 -0.1007
vn -0.9946 0.0265 -0.1008
vn -0.8873 0.1322 -0.4419
vn -0.8862 0.1176 -0.4481
vn -1.0000 -0.0007 -0.0003
vn -1.0000 -0.0002 -0.0001
vn -0.9994 -0.0298 -0.0149
vn -0.9992 -0.0362 -0.0182
vn -0.9944 -0.0941 -0.0471
vn -0.9933 -0.1036 -0.0519
vn -0.9933 -0.1037 -0.0519
vn -0.9944 -0.0942 -0.0472
vn -0.8903 -0.4072 -0.2039
vn -0.8824 -0.4207 -0.2106
vn -1.0000 -0.0002 0.0006
vn -1.0000 -0.0000 -0.0000
vn -1.0000 -0.0002 0.0005
vn -1.0000 -0.0001 0.0004
vn -1.0000 -0.0002 0.0004
vn -1.0000 -0.0001 0.0003
vn -0.9994 -0.0060 0.0339
vn -0.9994 -0.0053 0.0342
vn -0.8885 -0.0794 0.4520
vn -0.8879 -0.0702 0.4546
vn -0.9947 -0.0158 0.1020
vn -0.9947 -0.0178 0.1013
vn -0.9947 -0.0349 0.0971
vn -0.9946 -0.0377 0.0970
vn -0.8863 -0.1674 0.4317
vn -0.8879 -0.1556 0.4329
vn -0.9994 -0.0126 0.0325
vn -0.9994 -0.0117 0.0326
vn -0.9947 -0.0349 0.0970
vn -0.8866 -0.1814 0.4255
vn -0.9946 -0.0408 0.0956
vn -0.9946 -0.0407 0.0956
vn -0.9994 -0.0137 0.0320
vn -0.9953 0.0406 -0.0874
vn -0.9953 0.0118 -0.0961
vn -0.8983 0.0537 -0.4361
vn -0.8985 0.1857 -0.3977
vn -1.0000 0.0002 -0.0003
vn -0.9995 0.0039 -0.0321
vn -0.9995 0.0134 -0.0291
vn -0.9953 0.0118 -0.0960
vn -0.9953 0.0405 -0.0874
vn -0.9952 0.0676 -0.0710
vn -0.8955 0.3081 -0.3212
vn -1.0000 0.0002 -0.0002
vn -0.9995 0.0224 -0.0237
vn -0.9952 0.0676 -0.0709
vn -0.9946 0.0202 -0.1019
vn -0.8868 0.0897 -0.4533
vn -0.9994 0.0068 -0.0341
vn -0.9946 0.0202 -0.1018
vn -0.9945 0.0111 -0.1042
vn -0.8852 0.0492 -0.4626
vn -0.9994 0.0038 -0.0349
vn -0.8867 -0.0993 0.4516
vn -0.9946 -0.0224 0.1015
vn -0.9946 -0.0223 0.1015
vn -0.9994 -0.0075 0.0340
vn -0.8851 -0.1350 0.4453
vn -0.9945 -0.0305 0.1003
vn -0.9994 -0.0102 0.0336
vn -0.9947 0.0035 -0.1030
vn -0.8882 0.0160 -0.4591
vn -1.0000 -0.0000 -0.0004
vn -0.9994 0.0012 -0.0345
vn -0.9948 0.0983 -0.0259
vn -0.9949 0.0863 -0.0525
vn -0.8903 0.3897 -0.2357
vn -0.8889 0.4431 -0.1161
vn -1.0000 0.0002 -0.0001
vn -0.9994 0.0287 -0.0176
vn -0.9994 0.0328 -0.0087
vn -0.9945 -0.0442 0.0950
vn -0.9945 -0.0473 0.0933
vn -0.8854 -0.2101 0.4147
vn -0.8851 -0.1962 0.4220
vn -0.9994 -0.0159 0.0313
vn -0.9994 -0.0148 0.0318
vn -0.8850 -0.2272 0.4063
vn -0.9945 -0.0512 0.0915
vn -0.9994 -0.0172 0.0307
vn -0.8524 -0.5221 -0.0297
vn -0.8711 -0.4909 -0.0138
vn -0.9936 -0.1130 -0.0032
vn -0.9924 -0.1227 -0.0069
vn -0.9993 -0.0380 -0.0011
vn -0.9992 -0.0411 -0.0024
vn -1.0000 -0.0003 -0.0000
vn -0.9987 -0.0319 -0.0391
vn -0.9994 -0.0312 -0.0164
vn -1.0000 -0.0003 -0.0006
vn -0.9995 -0.0072 -0.0308
vn -0.9920 -0.0578 -0.1121
vn -0.9949 -0.0224 -0.0979
vn -0.9949 -0.0224 -0.0980
vn -0.8996 -0.0974 -0.4258
vn -0.8812 -0.2406 -0.4069
vn -0.9915 -0.1011 -0.0824
vn -0.8769 -0.3527 -0.3265
vn -0.9915 -0.1011 -0.0823
vn -0.8774 -0.3499 -0.3282
vn -0.9009 -0.3858 -0.1986
vn -0.9943 -0.0950 -0.0485
vn -0.9948 0.1018 0.0075
vn -0.9941 0.1078 0.0080
vn -0.8785 0.4765 0.0352
vn -0.8878 0.4589 0.0339
vn -0.9994 0.0340 0.0025
vn -0.9993 0.0362 0.0027
vn -0.9941 0.1077 0.0080
vn -1.0000 0.0004 -0.0000
vn -1.0000 0.0002 -0.0000
vn -1.0000 0.0022 0.0001
vn -0.9992 0.0396 0.0006
vn -0.9997 0.0230 -0.0120
vn -1.0000 0.0012 -0.0005
vn -0.9997 0.0102 -0.0234
vn -1.0000 0.0005 -0.0012
vn -0.9989 -0.0094 -0.0456
vn -1.0000 -0.0004 -0.0019
vn -0.9907 -0.0266 -0.1331
vn -0.8206 -0.1025 -0.5622
vn -0.9908 -0.0266 -0.1330
vn -0.9931 0.1171 -0.0001
vn -0.9879 0.1545 0.0114
vn -0.7519 0.6575 0.0486
vn -0.8695 0.4935 -0.0199
vn -0.9987 0.0499 0.0037
vn -1.0000 0.0008 0.0001
vn -0.9346 0.3041 -0.1843
vn -0.9970 0.0678 -0.0371
vn -0.9971 0.0315 -0.0693
vn -0.9360 0.1568 -0.3150
vn -1.0000 0.0025 0.0010
vn -0.9986 0.0492 0.0184
vn -0.9996 0.0290 -0.0061
vn -1.0000 0.0007 -0.0001
vn -0.9996 0.0213 -0.0196
vn -1.0000 0.0005 -0.0005
vn -0.9991 0.0137 -0.0407
vn -1.0000 0.0002 -0.0006
vn -0.7802 0.5649 0.2687
vn -0.9880 0.1406 0.0639
vn -0.9952 0.0588 0.0779
vn -0.8992 0.2577 0.3536
vn -0.8992 0.2577 0.3537
vn -0.9954 0.0241 0.0930
vn -0.9014 0.1133 0.4180
vn -0.9924 -0.0152 0.1218
vn -0.8475 -0.0629 0.5270
vn -0.9924 -0.0152 0.1217
vn -0.9992 -0.0051 0.0403
vn -1.0000 -0.0001 0.0006
vn -0.9914 0.0421 -0.1239
vn -0.8250 0.1870 -0.5332
vn -0.9872 0.1498 0.0546
vn -0.9920 0.1165 0.0479
vn -0.8450 0.4946 0.2033
vn -0.7677 0.6074 0.2042
vn -1.0000 0.0027 0.0011
vn -0.9991 0.0393 0.0162
vn -0.9872 0.1498 0.0545
vn -1.0000 0.0002 0.0007
vn -1.0000 0.0004 0.0006
vn -0.9157 0.3892 -0.0997
vn -0.9961 0.0862 -0.0194
vn -0.9962 0.0643 -0.0580
vn -0.9179 0.3000 -0.2599
vn -0.9961 0.0862 -0.0195
vn -0.9961 0.0861 -0.0194
vn -0.9962 0.0642 -0.0580
vn -0.9995 0.0199 0.0259
vn -0.9952 0.0588 0.0778
vn -0.9987 0.0466 0.0208
vn -0.9995 0.0079 0.0312
vn -1.0000 0.0025 0.0011
vn -1.0000 -0.0004 0.0007
vn -1.0000 -0.0005 -0.0000
vn -0.9994 0.0358 0.0018
vn -1.0000 0.0003 -0.0000
vn -0.9994 0.0354 -0.0034
vn -0.9943 0.1064 0.0055
vn -0.9944 0.1055 -0.0101
vn -0.8810 0.4724 0.0248
vn -0.8817 0.4696 -0.0450
vn -0.8452 -0.2898 0.4492
vn -0.9921 -0.0673 0.1056
vn -0.9915 -0.1304 0.0037
vn -0.8322 -0.5541 0.0234
vn -0.9991 -0.0435 0.0012
vn -0.9915 -0.1303 0.0037
vn -0.9921 -0.0673 0.1055
vn -0.9991 -0.0221 0.0350
vn -1.0000 0.0003 -0.0002
vn -0.0000 -0.1922 -0.9813
vn -0.0000 -0.2232 -0.9748
vn -0.0000 -0.5053 -0.8629
vn 0.0001 -0.9984 -0.0565
vn -0.0000 -0.8942 -0.4478
vn -0.0000 -0.5384 0.8427
vn -0.0000 -0.4522 0.8919
vn -0.0000 -0.3383 0.9410
vn -0.0000 -0.2904 0.9569
vn -0.0000 -0.2151 0.9766
vn -0.0000 -0.1734 0.9849
vn -0.0000 -0.1525 0.9883
vn -0.0000 0.5995 0.8003
vn -0.0000 0.9249 0.3803
vn -0.0000 0.2866 -0.9580
vn -0.0000 0.2865 -0.9581
vn -0.0000 0.2541 -0.9672
vn -0.0000 0.1942 -0.9810
vn -0.0000 0.4210 -0.9071
vn -0.9994 0.0089 -0.0338
vn -0.9946 0.0297 -0.0992
vn -0.9946 0.0269 -0.1006
vn -0.8872 0.1321 -0.4420
vn -1.0000 -0.0006 -0.0003
vn -0.9992 -0.0362 -0.0181
vn -0.8904 -0.4071 -0.2039
vn -0.8825 -0.4205 -0.2106
vn -1.0000 -0.0001 0.0005
vn -1.0000 -0.0003 0.0005
vn -0.8885 -0.0795 0.4520
vn -0.8879 -0.0702 0.4547
vn -0.8863 -0.1674 0.4318
vn -0.8879 -0.1557 0.4330
vn -0.9994 -0.0117 0.0325
vn -0.9946 -0.0407 0.0955
vn -0.8983 0.0538 -0.4362
vn -0.9995 0.0135 -0.0292
vn -0.9952 0.0675 -0.0709
vn -0.8955 0.3080 -0.3212
vn -0.8868 0.0896 -0.4533
vn -0.8851 -0.1350 0.4454
vn -0.9945 -0.0305 0.1002
vn -0.9947 0.0035 -0.1029
vn -0.8882 0.0155 -0.4592
vn -0.8903 0.3897 -0.2356
vn -0.8853 -0.2101 0.4148
vn -0.8851 -0.1963 0.4220
vn -0.8850 -0.2272 0.4064
vn -0.9994 -0.0172 0.0308
vn -0.9924 -0.1228 -0.0069
vn -0.9992 -0.0412 -0.0024
vn -0.9987 -0.0319 -0.0390
vn -0.9995 -0.0071 -0.0308
vn -0.8996 -0.0974 -0.4257
vn -0.8774 -0.3500 -0.3282
vn -0.9010 -0.3858 -0.1985
vn -0.9943 -0.0949 -0.0485
vn -0.9948 0.1017 0.0075
vn -0.8784 0.4766 0.0352
vn -0.8878 0.4590 0.0339
vn -1.0000 0.0021 0.0001
vn -0.9992 0.0395 0.0005
vn -0.9997 0.0102 -0.0233
vn -0.8207 -0.1024 -0.5621
vn -0.9879 0.1544 0.0114
vn -0.7518 0.6576 0.0485
vn -0.8695 0.4935 -0.0198
vn -1.0000 0.0009 0.0001
vn -0.9347 0.3041 -0.1842
vn -0.9970 0.0677 -0.0371
vn -0.9971 0.0315 -0.0692
vn -1.0000 0.0026 0.0010
vn -0.9986 0.0491 0.0184
vn -0.9996 0.0289 -0.0061
vn -0.9991 0.0136 -0.0407
vn -1.0000 0.0002 -0.0007
vn -0.7801 0.5651 0.2687
vn -0.8991 0.2578 0.3537
vn -0.9013 0.1133 0.4180
vn -0.8475 -0.0630 0.5271
vn -0.8250 0.1870 -0.5333
vn -0.9872 0.1497 0.0545
vn -0.8450 0.4947 0.2033
vn -0.7676 0.6075 0.2042
vn -1.0000 0.0005 0.0006
vn -0.9157 0.3893 -0.0997
vn -0.9963 0.0642 -0.0580
vn -0.9178 0.3000 -0.2599
vn -0.9987 0.0465 0.0208
vn -0.8810 0.4725 0.0248
vn -0.8451 -0.2899 0.4492
vn -0.9915 -0.1304 0.0036
vn -0.8321 -0.5541 0.0234
vn -0.9991 -0.0221 0.0349
vn -0.0000 -0.8943 -0.4475
vn -0.0000 -0.4521 0.8919
vn -0.0000 -0.3618 0.9322
vn -0.0000 -0.3384 0.9410
vn -0.0000 -0.2906 0.9568
vn -0.0000 -0.1732 0.9849
vn -0.0000 -0.1527 0.9883
vn -0.0000 0.7457 -0.6663
vn -0.0000 0.2867 -0.9580
vn -0.0000 0.1053 -0.9944
vn -0.0000 0.4210 -0.9070
vn -0.0000 0.8546 -0.5192
vn -0.0000 0.9986 0.0520
vn -0.9360 0.1568 -0.3151
vn -0.9346 0.3041 -0.1842
vn -0.8996 -0.0975 -0.4258
vn -0.8812 -0.2406 -0.4070
vn -0.8773 -0.3501 -0.3282
vn -0.8903 -0.4071 -0.2039
vn -0.8825 -0.4206 -0.2107
vn -0.8524 -0.5221 -0.0298
vn -0.8711 -0.4910 -0.0138
vn -0.8849 -0.2273 0.4065
vn -0.8851 -0.1963 0.4221
vn -0.8866 -0.1814 0.4256
vn -0.8863 -0.1675 0.4318
vn -0.8878 -0.1557 0.4330
vn -0.8851 -0.1351 0.4454
vn -0.8866 -0.0994 0.4517
vn -0.8884 -0.0795 0.4521
vn -0.8879 -0.0702 0.4548
vn -0.8474 -0.0629 0.5271
vn -0.9013 0.1133 0.4181
vn -0.8991 0.2577 0.3538
vn -0.8449 0.4947 0.2034
vn -0.9156 0.3894 -0.0997
vn -0.9178 0.3001 -0.2600
vn -0.8250 0.1871 -0.5333
vn -0.9178 0.3000 -0.2600
vn -0.8872 0.1322 -0.4420
vn -0.8862 0.1177 -0.4482
vn -0.8868 0.0896 -0.4534
vn -0.8852 0.0492 -0.4627
vn -0.8982 0.0538 -0.4362
vn -0.8985 0.1856 -0.3978
vn -0.8955 0.3080 -0.3213
vn -0.8902 0.3898 -0.2357
vn -0.8889 0.4432 -0.1161
vn -0.8817 0.4697 -0.0451
vn -0.8810 0.4726 0.0248
vn -0.8784 0.4767 0.0352
vn -0.7518 0.6575 0.0486
vn 0.9994 0.0089 -0.0337
vn 0.9946 0.0265 -0.1008
vn 0.8872 0.1321 -0.4420
vn 0.9994 -0.0297 -0.0149
vn 0.9992 -0.0361 -0.0181
vn 0.9944 -0.0941 -0.0472
vn 0.9933 -0.1037 -0.0519
vn 0.8903 -0.4073 -0.2039
vn 0.8824 -0.4208 -0.2106
vn 0.9947 -0.0158 0.1021
vn 0.8879 -0.0702 0.4547
vn 0.8863 -0.1674 0.4317
vn 0.8879 -0.1557 0.4329
vn 0.9994 -0.0126 0.0325
vn 0.9946 -0.0407 0.0956
vn 0.9994 -0.0136 0.0320
vn 0.9995 0.0039 -0.0320
vn 0.9995 0.0135 -0.0291
vn 0.8955 0.3081 -0.3213
vn 0.9946 0.0202 -0.1019
vn 0.9994 0.0068 -0.0342
vn 0.9994 0.0037 -0.0349
vn 0.9946 -0.0224 0.1015
vn 0.9994 -0.0075 0.0340
vn 0.8851 -0.1350 0.4454
vn 0.9947 0.0035 -0.1030
vn 0.8882 0.0155 -0.4592
vn 0.8903 0.3897 -0.2357
vn 0.9994 0.0287 -0.0176
vn 0.8851 -0.1962 0.4220
vn 0.8711 -0.4908 -0.0138
vn 0.8996 -0.0974 -0.4257
vn 0.8812 -0.2405 -0.4069
vn 0.8774 -0.3499 -0.3282
vn 0.9009 -0.3859 -0.1985
vn 0.9943 -0.0950 -0.0485
vn 0.8784 0.4766 0.0352
vn 0.9997 0.0229 -0.0120
vn 1.0000 0.0011 -0.0005
vn 0.9997 0.0102 -0.0234
vn 0.7519 0.6575 0.0485
vn 0.9879 0.1545 0.0114
vn 0.9931 0.1172 -0.0001
vn 0.9970 0.0678 -0.0371
vn 0.9347 0.3040 -0.1842
vn 0.9361 0.1568 -0.3150
vn 0.9996 0.0289 -0.0061
vn 0.9986 0.0491 0.0184
vn 1.0000 0.0026 0.0010
vn 0.9952 0.0588 0.0779
vn 0.7803 0.5648 0.2687
vn 0.9954 0.0241 0.0930
vn 0.9924 -0.0152 0.1218
vn 0.8475 -0.0630 0.5270
vn 0.8251 0.1869 -0.5332
vn 0.8450 0.4945 0.2034
vn 0.9872 0.1498 0.0546
vn 0.7678 0.6073 0.2042
vn 0.9962 0.0643 -0.0580
vn 0.9179 0.3000 -0.2599
vn 0.9943 0.1065 0.0055
vn 0.8817 0.4696 -0.0450
vn 0.9915 -0.1304 0.0037
vn 0.9921 -0.0674 0.1056
vn 0.8452 -0.2898 0.4492
vn 0.8322 -0.5540 0.0234
vn 0.9991 -0.0434 0.0013
vn 0.9991 -0.0221 0.0349
vn -0.0008 -0.2232 -0.9748
vn -0.0000 -0.7345 -0.6786
vn -0.0000 -0.9984 -0.0566
vn -0.0001 -0.9984 -0.0566
vn -0.0000 -0.4883 0.8726
vn -0.0000 -0.3617 0.9323
vn -0.0000 -0.3388 0.9409
vn -0.0000 -0.1523 0.9883
vn -0.0010 -0.1226 0.9925
vn -0.0000 0.7456 -0.6663
vn -0.0000 0.1059 -0.9944
vn -0.0000 0.4214 -0.9069
vn 0.9347 0.3041 -0.1842
vn 0.8206 -0.1024 -0.5622
vn 0.8996 -0.0975 -0.4258
vn 0.8774 -0.3500 -0.3282
vn 0.9009 -0.3860 -0.1986
vn 0.8902 -0.4074 -0.2039
vn 0.8823 -0.4208 -0.2107
vn 0.8711 -0.4909 -0.0137
vn 0.8451 -0.2898 0.4492
vn 0.8850 -0.2272 0.4065
vn 0.8853 -0.2102 0.4148
vn 0.8851 -0.1963 0.4221
vn 0.8866 -0.1814 0.4256
vn 0.8863 -0.1674 0.4318
vn 0.8866 -0.0993 0.4517
vn 0.8884 -0.0795 0.4521
vn 0.8475 -0.0629 0.5271
vn 0.9013 0.1132 0.4181
vn 0.8991 0.2578 0.3537
vn 0.9157 0.3894 -0.0997
vn 0.9178 0.3000 -0.2599
vn 0.9178 0.3000 -0.2600
vn 0.8872 0.1322 -0.4420
vn 0.8862 0.1176 -0.4482
vn 0.8868 0.0897 -0.4534
vn 0.8852 0.0492 -0.4627
vn 0.8982 0.0538 -0.4362
vn 0.8985 0.1857 -0.3978
vn 0.8954 0.3081 -0.3213
vn 0.8902 0.3898 -0.2357
vn 0.8889 0.4432 -0.1161
vn 0.8810 0.4725 0.0248
vn 1.0000 -0.0007 -0.0003
vn 0.8903 -0.4071 -0.2039
vn 0.8825 -0.4206 -0.2106
vn 0.9994 -0.0060 0.0340
vn 0.9994 -0.0127 0.0326
vn 0.9946 -0.0376 0.0970
vn 0.9946 -0.0408 0.0956
vn 0.8868 0.0897 -0.4533
vn 0.9948 0.0983 -0.0259
vn 0.8889 0.4431 -0.1160
vn 0.9994 -0.0158 0.0312
vn 0.9994 -0.0148 0.0318
vn 0.9945 -0.0442 0.0949
vn 0.8711 -0.4910 -0.0137
vn 0.9936 -0.1129 -0.0032
vn 1.0000 -0.0003 -0.0006
vn 0.9987 -0.0320 -0.0390
vn 0.9995 -0.0072 -0.0309
vn 0.8812 -0.2407 -0.4070
vn 0.9009 -0.3859 -0.1986
vn 0.9915 -0.1011 -0.0823
vn 0.9992 0.0396 0.0005
vn 1.0000 0.0012 -0.0005
vn 0.8207 -0.1025 -0.5622
vn 0.8695 0.4936 -0.0198
vn 1.0000 0.0009 0.0001
vn 0.7801 0.5650 0.2688
vn 0.9014 0.1133 0.4180
vn 0.8450 0.4946 0.2034
vn 0.7677 0.6074 0.2042
vn 0.9920 0.1164 0.0479
vn 0.9962 0.0642 -0.0580
vn 0.9995 0.0079 0.0312
vn 0.8817 0.4697 -0.0450
vn 0.9915 -0.1304 0.0036
vn 0.9921 -0.0673 0.1056
vn 0.8320 -0.5542 0.0234
vn 0.9915 -0.1303 0.0037
vn -0.0000 -0.4883 0.8727
vn -0.0000 -0.3618 0.9323
vn -0.0001 0.2541 -0.9672
vn -0.9994 -0.0297 -0.0149
vn -0.9992 -0.0360 -0.0180
vn -0.9944 -0.0941 -0.0472
vn -0.8824 -0.4206 -0.2107
vn -0.9947 -0.0158 0.1021
vn -0.8879 -0.1557 0.4329
vn -0.8866 -0.1813 0.4255
vn -0.9994 -0.0137 0.0321
vn -1.0000 0.0001 -0.0003
vn -0.9995 0.0039 -0.0320
vn -0.9952 0.0675 -0.0710
vn -1.0000 -0.0000 -0.0005
vn -0.8851 -0.1351 0.4453
vn -0.9994 -0.0102 0.0337
vn -0.8882 0.0160 -0.4592
vn -0.8850 -0.2273 0.4064
vn -0.8524 -0.5220 -0.0297
vn -0.9936 -0.1129 -0.0032
vn -1.0000 -0.0003 -0.0007
vn -0.9920 -0.0578 -0.1120
vn -0.8995 -0.0974 -0.4258
vn -0.9915 -0.1010 -0.0823
vn -0.8769 -0.3529 -0.3264
vn -0.9009 -0.3859 -0.1985
vn -0.9941 0.1079 0.0080
vn -0.9994 0.0339 0.0025
vn -1.0000 0.0005 -0.0011
vn -0.8206 -0.1025 -0.5623
vn -0.9931 0.1172 -0.0001
vn -0.9970 0.0678 -0.0372
vn -0.9360 0.1569 -0.3151
vn -0.9880 0.1407 0.0639
vn -0.8992 0.2578 0.3536
vn -0.8991 0.2577 0.3537
vn -0.9179 0.2999 -0.2599
vn -0.9954 0.0241 0.0929
vn -0.9943 0.1065 0.0055
vn -0.9944 0.1056 -0.0101
vn -0.8452 -0.2898 0.4491
vn -0.9921 -0.0674 0.1056
vn -0.8321 -0.5542 0.0235
vn -0.9991 -0.0434 0.0012
vn 0.0001 -0.5384 0.8427
vn -0.0000 -0.3388 0.9408
vn -0.2576 -0.9661 -0.0179
vn 1.0000 -0.0064 -0.0004
vn 1.0000 -0.0062 0.0009
vn -0.3578 -0.9295 0.0893
vn -0.1192 -0.9927 -0.0175
vn -0.1462 -0.9849 0.0927
vn -0.0669 -0.9976 -0.0163
vn -0.0663 -0.9935 0.0931
vn -0.0005 -0.9997 -0.0231
vn -0.0004 -0.9947 0.1031
vn 0.3796 0.8188 -0.4307
vn 0.0009 0.8851 -0.4654
vn 0.0009 0.9885 -0.1510
vn 0.3797 0.9146 -0.1391
vn 0.7012 0.6310 -0.3319
vn 0.7016 0.7046 -0.1064
vn 0.9179 0.3512 -0.1847
vn 0.9187 0.3906 -0.0583
vn 1.0000 0.0047 -0.0025
vn 1.0000 0.0044 0.0009
vn -0.3794 0.9147 -0.1390
vn -0.0009 0.9885 -0.1510
vn -0.0009 0.8851 -0.4654
vn -0.3793 0.8189 -0.4306
vn -0.7013 0.7049 -0.1065
vn -0.7010 0.6313 -0.3318
vn -0.9187 0.3906 -0.0583
vn -0.9181 0.3509 -0.1846
vn -1.0000 0.0044 0.0009
vn -1.0000 0.0046 -0.0025
vn 0.3807 -0.7058 -0.5974
vn 0.0009 -0.7654 -0.6436
vn 0.0008 -0.2119 -0.9773
vn 0.3747 -0.1961 -0.9062
vn 0.7016 -0.5425 -0.4619
vn 0.6949 -0.1518 -0.7029
vn 0.9169 -0.3020 -0.2609
vn 0.9143 -0.0853 -0.3960
vn 0.9999 0.0005 -0.0101
vn 1.0000 -0.0005 -0.0042
vn -0.3744 -0.1962 -0.9063
vn -0.0009 -0.2119 -0.9773
vn -0.0009 -0.7654 -0.6436
vn -0.3809 -0.7057 -0.5974
vn -0.6946 -0.1519 -0.7032
vn -0.7015 -0.5426 -0.4621
vn -0.9144 -0.0852 -0.3957
vn -0.9171 -0.3016 -0.2607
vn -1.0000 -0.0005 -0.0042
vn -0.9999 0.0005 -0.0100
vn 0.3809 -0.6978 0.6066
vn 0.0009 -0.7546 0.6562
vn 0.0009 -0.9625 0.2712
vn 0.3802 -0.8903 0.2507
vn 0.7014 -0.5380 0.4675
vn 0.7012 -0.6863 0.1931
vn 0.9167 -0.3017 0.2621
vn 0.9171 -0.3839 0.1078
vn 1.0000 -0.0047 0.0041
vn 1.0000 -0.0050 0.0012
vn -0.3800 -0.8904 0.2507
vn -0.0009 -0.9625 0.2712
vn -0.0009 -0.7546 0.6562
vn -0.3807 -0.6977 0.6068
vn -0.7010 -0.6865 0.1931
vn -0.7014 -0.5379 0.4676
vn -0.9173 -0.3835 0.1077
vn -0.9169 -0.3013 0.2618
vn -1.0000 -0.0049 0.0012
vn -1.0000 -0.0047 0.0041
vn 0.3849 0.4561 0.8024
vn 0.0009 0.4950 0.8689
vn 0.0009 -0.1271 0.9919
vn 0.3847 -0.1181 0.9155
vn 0.7051 0.3499 0.6168
vn 0.7048 -0.0915 0.7035
vn 0.9165 0.1966 0.3483
vn 0.9163 -0.0524 0.3971
vn 1.0000 0.0019 0.0077
vn 1.0000 -0.0021 0.0062
vn -0.3846 -0.1183 0.9155
vn -0.0009 -0.1271 0.9919
vn -0.0009 0.4950 0.8689
vn -0.3848 0.4559 0.8025
vn -0.7046 -0.0916 0.7037
vn -0.7050 0.3501 0.6168
vn -0.9165 -0.0524 0.3965
vn -0.9167 0.1963 0.3481
vn -1.0000 -0.0021 0.0061
vn -1.0000 0.0018 0.0077
vn -0.2923 0.9533 -0.0762
vn 1.0000 0.0064 -0.0003
vn 1.0000 0.0057 -0.0001
vn -0.2384 0.9710 0.0190
vn -0.1412 0.9869 -0.0783
vn -0.1125 0.9934 0.0210
vn -0.0478 0.9957 -0.0794
vn -0.0338 0.9992 0.0226
vn -0.0001 0.9959 -0.0904
vn -0.0000 0.9995 0.0317
vn 0.0487 0.9956 -0.0797
vn 0.0001 0.9959 -0.0904
vn 0.0349 0.9991 0.0224
vn 0.1385 0.9873 -0.0784
vn 0.1095 0.9938 0.0211
vn 0.2852 0.9554 -0.0762
vn 0.2310 0.9728 0.0189
vn -1.0000 0.0068 -0.0003
vn -1.0000 0.0061 -0.0002
vn 0.8873 0.4555 0.0728
vn 1.0000 0.0032 0.0003
vn 1.0000 0.0030 0.0006
vn 0.9240 0.3770 0.0640
vn 0.6214 0.7735 0.1244
vn 0.7071 0.6971 0.1183
vn 0.3162 0.9366 0.1510
vn 0.3825 0.9109 0.1545
vn 0.0008 0.9871 0.1599
vn 0.0009 0.9859 0.1672
vn -0.3168 0.9364 0.1509
vn -0.0008 0.9871 0.1599
vn -0.0009 0.9859 0.1672
vn -0.3827 0.9109 0.1545
vn -0.6221 0.7730 0.1243
vn -0.7073 0.6970 0.1182
vn -0.8872 0.4556 0.0728
vn -0.9239 0.3773 0.0640
vn -1.0000 0.0033 0.0003
vn -1.0000 0.0029 0.0006
vn 0.9262 -0.2868 -0.2448
vn 1.0000 -0.0021 -0.0018
vn 1.0000 -0.0019 -0.0019
vn 0.9267 -0.2718 -0.2595
vn 0.7108 -0.5347 -0.4570
vn 0.7113 -0.5084 -0.4853
vn 0.3855 -0.7015 -0.5995
vn 0.3858 -0.6672 -0.6371
vn 0.0009 -0.7603 -0.6496
vn 0.0009 -0.7233 -0.6905
vn -0.3853 -0.7016 -0.5994
vn -0.0009 -0.7603 -0.6496
vn -0.0009 -0.7233 -0.6905
vn -0.3857 -0.6673 -0.6372
vn -0.7108 -0.5347 -0.4570
vn -0.7113 -0.5083 -0.4855
vn -0.9263 -0.2863 -0.2448
vn -0.9269 -0.2714 -0.2593
vn -1.0000 -0.0021 -0.0018
vn -1.0000 -0.0020 -0.0019
vn 0.3811 -0.4805 0.7898
vn 0.0009 -0.5196 0.8544
vn 0.0009 -0.5459 0.8378
vn 0.3818 -0.5045 0.7744
vn 0.7046 -0.3690 0.6062
vn 0.7056 -0.3871 0.5935
vn 0.9220 -0.2014 0.3307
vn 0.9227 -0.2105 0.3229
vn 1.0000 -0.0019 0.0025
vn 1.0000 -0.0018 0.0025
vn -0.9222 -0.2012 0.3303
vn -1.0000 -0.0019 0.0025
vn -0.9229 -0.2105 0.3225
vn -0.7045 -0.3690 0.6063
vn -0.7055 -0.3870 0.5937
vn -0.3808 -0.4806 0.7899
vn -0.3816 -0.5048 0.7744
vn -0.0009 -0.5195 0.8544
vn -0.0009 -0.5459 0.8378
vn 0.9474 0.2721 -0.1684
vn 1.0000 0.0016 -0.0004
vn 1.0000 0.0034 -0.0001
vn -0.0265 0.9915 -0.1275
vn 0.7499 0.5616 -0.3497
vn -0.0333 0.9908 -0.1311
vn 0.4217 0.7689 -0.4806
vn -0.0145 0.9909 -0.1341
vn 0.0011 0.8482 -0.5296
vn -0.0000 0.9907 -0.1358
vn 0.9171 0.2192 -0.3329
vn 1.0000 0.0019 -0.0025
vn 1.0000 0.0012 -0.0014
vn 0.9356 0.1930 -0.2955
vn 0.6911 0.3971 -0.6040
vn 0.7157 0.3814 -0.5851
vn 0.3686 0.5106 -0.7768
vn 0.3848 0.5040 -0.7732
vn 0.0009 0.5494 -0.8355
vn 0.0009 0.5461 -0.8377
vn 0.9205 0.3554 -0.1624
vn 1.0000 0.0032 -0.0015
vn 1.0000 0.0046 -0.0001
vn 0.9192 0.3256 -0.2216
vn 0.7032 0.6466 -0.2957
vn 0.7018 0.5876 -0.4029
vn 0.3803 0.8410 -0.3848
vn 0.3796 0.7622 -0.5244
vn 0.0009 0.9094 -0.4159
vn 0.0009 0.8231 -0.5679
vn -0.3800 0.8411 -0.3848
vn -0.0009 0.9094 -0.4159
vn -0.0009 0.8231 -0.5679
vn -0.3794 0.7623 -0.5244
vn -0.7033 0.6465 -0.2957
vn -0.7018 0.5875 -0.4029
vn -0.9208 0.3547 -0.1621
vn -0.9195 0.3248 -0.2212
vn -1.0000 0.0032 -0.0015
vn -1.0000 0.0046 -0.0001
vn 0.3800 0.3706 -0.8475
vn 0.0009 0.4006 -0.9162
vn 0.0009 0.5501 -0.8351
vn 0.3801 0.5099 -0.7718
vn 0.7029 0.2848 -0.6518
vn 0.7030 0.3926 -0.5930
vn 0.9205 0.1567 -0.3578
vn 0.9208 0.2163 -0.3246
vn 1.0000 0.0013 -0.0032
vn 1.0000 0.0037 -0.0016
vn -0.3805 0.5097 -0.7716
vn -0.0009 0.5501 -0.8351
vn -0.0009 0.4006 -0.9162
vn -0.3801 0.3705 -0.8475
vn -0.7033 0.3926 -0.5927
vn -0.7029 0.2850 -0.6517
vn -0.9208 0.2163 -0.3245
vn -0.9204 0.1566 -0.3581
vn -1.0000 0.0037 -0.0015
vn -1.0000 0.0013 -0.0032
vn 0.3812 -0.1483 -0.9125
vn 0.0009 -0.1597 -0.9872
vn 0.0009 -0.0696 -0.9976
vn 0.3812 -0.0658 -0.9222
vn 0.7048 -0.1145 -0.7001
vn 0.7043 -0.0519 -0.7080
vn 0.9219 -0.0635 -0.3822
vn 0.9217 -0.0301 -0.3869
vn 1.0000 -0.0022 -0.0030
vn 1.0000 -0.0037 -0.0031
vn -0.3810 -0.0658 -0.9222
vn -0.0009 -0.0696 -0.9976
vn -0.0009 -0.1597 -0.9872
vn -0.3810 -0.1481 -0.9126
vn -0.7043 -0.0519 -0.7080
vn -0.7047 -0.1145 -0.7002
vn -0.9218 -0.0300 -0.3864
vn -0.9220 -0.0630 -0.3819
vn -1.0000 -0.0037 -0.0031
vn -1.0000 -0.0023 -0.0030
vn 0.9251 -0.0417 0.3775
vn 1.0000 -0.0003 0.0029
vn 1.0000 -0.0004 0.0016
vn 0.9295 -0.0838 0.3592
vn 0.7088 -0.0775 0.7011
vn 0.7160 -0.1584 0.6799
vn 0.3838 -0.1013 0.9178
vn 0.3894 -0.2090 0.8970
vn 0.0009 -0.1098 0.9940
vn 0.0009 -0.2271 0.9739
vn -0.3837 -0.1014 0.9179
vn -0.0009 -0.1098 0.9940
vn -0.0009 -0.2271 0.9739
vn -0.3893 -0.2091 0.8970
vn -0.7086 -0.0775 0.7014
vn -0.7158 -0.1586 0.6800
vn -0.9253 -0.0417 0.3770
vn -0.9297 -0.0836 0.3587
vn -1.0000 -0.0003 0.0028
vn -1.0000 -0.0004 0.0016
vn 0.3824 0.9124 0.1458
vn 0.0009 0.9875 0.1577
vn 0.0009 0.9861 0.1664
vn 0.3825 0.9110 0.1539
vn 0.7067 0.6987 0.1117
vn 0.7070 0.6973 0.1179
vn 0.9234 0.3791 0.0606
vn 0.9236 0.3780 0.0640
vn 1.0000 0.0030 0.0007
vn 1.0000 0.0029 0.0008
vn -0.3824 0.9111 0.1538
vn -0.0009 0.9861 0.1664
vn -0.0009 0.9875 0.1577
vn -0.3823 0.9125 0.1457
vn -0.7069 0.6974 0.1179
vn -0.7066 0.6987 0.1119
vn -0.9239 0.3773 0.0639
vn -0.9236 0.3786 0.0605
vn -1.0000 0.0030 0.0008
vn -1.0000 0.0030 0.0007
vn 0.3818 0.9207 0.0811
vn 0.0009 0.9961 0.0879
vn 0.0009 0.9911 0.1329
vn 0.3820 0.9160 0.1229
vn 0.7056 0.7058 0.0623
vn 0.7061 0.7018 0.0941
vn 0.9227 0.3839 0.0337
vn 0.9231 0.3812 0.0512
vn 1.0000 0.0031 0.0002
vn 1.0000 0.0030 0.0005
vn -0.3818 0.9160 0.1229
vn -0.0009 0.9911 0.1329
vn -0.0009 0.9961 0.0879
vn -0.3817 0.9207 0.0812
vn -0.7060 0.7019 0.0941
vn -0.7057 0.7058 0.0622
vn -0.9232 0.3809 0.0512
vn -0.9228 0.3837 0.0339
vn -1.0000 0.0031 0.0005
vn -1.0000 0.0031 0.0002
vn 0.3812 0.9228 -0.0555
vn 0.0009 0.9982 -0.0592
vn 0.0009 0.9997 0.0247
vn 0.3814 0.9241 0.0227
vn 0.7046 0.7083 -0.0428
vn 0.7049 0.7091 0.0171
vn 0.9220 0.3866 -0.0239
vn 0.9224 0.3862 0.0086
vn 1.0000 0.0031 -0.0013
vn 1.0000 0.0032 -0.0004
vn -0.3813 0.9242 0.0226
vn -0.0009 0.9997 0.0247
vn -0.0009 0.9982 -0.0592
vn -0.3809 0.9230 -0.0552
vn -0.7050 0.7090 0.0171
vn -0.7045 0.7084 -0.0426
vn -0.9224 0.3861 0.0091
vn -0.9222 0.3859 -0.0240
vn -1.0000 0.0032 -0.0003
vn -1.0000 0.0031 -0.0013
vn 0.3804 0.8884 -0.2571
vn 0.0009 0.9607 -0.2775
vn 0.0009 0.9873 -0.1586
vn 0.3809 0.9128 -0.1471
vn 0.7038 0.6821 -0.1983
vn 0.7041 0.7009 -0.1140
vn 0.9210 0.3739 -0.1094
vn 0.9216 0.3830 -0.0630
vn 1.0000 0.0029 -0.0023
vn 1.0000 0.0030 -0.0021
vn -0.3805 0.9130 -0.1472
vn -0.0009 0.9873 -0.1586
vn -0.0009 0.9607 -0.2775
vn -0.3804 0.8883 -0.2572
vn -0.7040 0.7010 -0.1138
vn -0.7036 0.6824 -0.1982
vn -0.9218 0.3826 -0.0628
vn -0.9211 0.3737 -0.1094
vn -1.0000 0.0030 -0.0022
vn -1.0000 0.0029 -0.0023
vn 0.3816 -0.2883 -0.8782
vn 0.0009 -0.3131 -0.9497
vn 0.0009 -0.2393 -0.9709
vn 0.3812 -0.2207 -0.8978
vn 0.7052 -0.2202 -0.6739
vn 0.7047 -0.1690 -0.6891
vn 0.9222 -0.1190 -0.3679
vn 0.9217 -0.0919 -0.3768
vn 1.0000 0.0015 -0.0038
vn 1.0000 0.0002 -0.0034
vn -0.3808 -0.2209 -0.8979
vn -0.0009 -0.2393 -0.9709
vn -0.0009 -0.3131 -0.9497
vn -0.3812 -0.2883 -0.8784
vn -0.7046 -0.1691 -0.6891
vn -0.7051 -0.2202 -0.6740
vn -0.9221 -0.0917 -0.3758
vn -0.9226 -0.1186 -0.3671
vn -1.0000 0.0002 -0.0034
vn -1.0000 0.0014 -0.0038
vn 0.3807 -0.4406 -0.8130
vn 0.0009 -0.4771 -0.8789
vn 0.0009 -0.3881 -0.9216
vn 0.3810 -0.3579 -0.8525
vn 0.7040 -0.3381 -0.6246
vn 0.7048 -0.2738 -0.6545
vn 0.9214 -0.1847 -0.3421
vn 0.9220 -0.1484 -0.3577
vn 1.0000 -0.0006 -0.0034
vn 1.0000 0.0008 -0.0039
vn -0.3809 -0.3578 -0.8526
vn -0.0009 -0.3881 -0.9216
vn -0.0009 -0.4770 -0.8789
vn -0.3806 -0.4406 -0.8130
vn -0.7046 -0.2738 -0.6547
vn -0.7039 -0.3382 -0.6247
vn -0.9221 -0.1482 -0.3573
vn -0.9214 -0.1846 -0.3420
vn -1.0000 0.0008 -0.0038
vn -1.0000 -0.0006 -0.0034
vn 0.3805 -0.6306 -0.6764
vn 0.0009 -0.6818 -0.7316
vn 0.0009 -0.5859 -0.8104
vn 0.3808 -0.5418 -0.7493
vn 0.7036 -0.4845 -0.5198
vn 0.7040 -0.4162 -0.5755
vn 0.9208 -0.2659 -0.2853
vn 0.9213 -0.2279 -0.3150
vn 1.0000 -0.0024 -0.0024
vn 1.0000 -0.0020 -0.0027
vn -0.3805 -0.5419 -0.7494
vn -0.0009 -0.5859 -0.8104
vn -0.0009 -0.6817 -0.7316
vn -0.3802 -0.6307 -0.6765
vn -0.7040 -0.4162 -0.5755
vn -0.7034 -0.4847 -0.5199
vn -0.9215 -0.2276 -0.3147
vn -0.9211 -0.2654 -0.2848
vn -1.0000 -0.0020 -0.0026
vn -1.0000 -0.0024 -0.0024
vn 0.3825 -0.7324 -0.5633
vn 0.0009 -0.7927 -0.6096
vn 0.0009 -0.7632 -0.6461
vn 0.3813 -0.7056 -0.5973
vn 0.7063 -0.5612 -0.4315
vn 0.7050 -0.5414 -0.4581
vn 0.9232 -0.3047 -0.2343
vn 0.9220 -0.2956 -0.2501
vn 1.0000 -0.0024 -0.0019
vn 1.0000 -0.0024 -0.0021
vn -0.3811 -0.7057 -0.5973
vn -0.0009 -0.7632 -0.6461
vn -0.0009 -0.7927 -0.6096
vn -0.3822 -0.7326 -0.5632
vn -0.7049 -0.5414 -0.4583
vn -0.7067 -0.5609 -0.4312
vn -0.9222 -0.2951 -0.2498
vn -0.9233 -0.3045 -0.2340
vn -1.0000 -0.0024 -0.0021
vn -1.0000 -0.0024 -0.0019
vn 0.9236 -0.0420 0.3810
vn 1.0000 -0.0003 0.0030
vn 0.9237 -0.0420 0.3809
vn 0.7073 -0.0776 0.7027
vn 0.7069 -0.0776 0.7030
vn 0.3826 -0.1014 0.9183
vn 0.0009 -0.1097 0.9940
vn -0.3825 -0.1013 0.9184
vn -0.0009 -0.1097 0.9940
vn -0.3826 -0.1014 0.9184
vn -0.7068 -0.0776 0.7032
vn -0.7069 -0.0777 0.7030
vn -0.9238 -0.0420 0.3805
vn -0.9241 -0.0420 0.3799
vn -1.0000 -0.0004 0.0030
vn -1.0000 -0.0003 0.0030
vn 0.0009 0.8851 -0.4655
vn 0.0009 0.7030 -0.7112
vn -0.0009 0.7030 -0.7112
vn -0.0009 0.8850 -0.4655
vn 0.0009 -0.9904 -0.1385
vn -0.0009 -0.9904 -0.1385
vn 0.0009 -0.7545 0.6563
vn 0.0009 -0.4015 0.9159
vn -0.0009 -0.4015 0.9158
vn -0.0009 -0.7545 0.6563
vn 0.0009 0.9088 0.4173
vn -0.0006 0.9092 0.4164
vn 0.0009 -1.0000 0.0022
vn -0.0009 -1.0000 0.0022
vn 0.0009 0.9998 0.0191
vn -0.0009 0.9998 0.0191
vn 0.0009 1.0000 -0.0030
vn -0.0009 1.0000 -0.0030
vn 0.0009 -1.0000 -0.0022
vn -0.0009 -1.0000 -0.0022
vn 0.0009 -0.1846 -0.9828
vn -0.0009 -0.1846 -0.9828
vn 0.0009 -0.4839 -0.8751
vn -0.0009 -0.4840 -0.8751
vn 0.0006 0.9929 0.1190
vn -0.0006 0.9929 0.1190
vn -0.0009 -0.5665 0.8240
vn 0.0009 -0.5665 0.8240
vn -0.0011 0.8482 -0.5297
vn -0.0009 0.5461 -0.8377
vn -0.0009 0.5494 -0.8355
vn 0.0009 0.2235 -0.9747
vn -0.0009 0.2235 -0.9747
vn 0.0009 0.6814 -0.7319
vn -0.0009 0.6813 -0.7320
vn 0.0009 0.0549 -0.9985
vn -0.0009 0.0549 -0.9985
vn 0.0009 -0.1165 0.9932
vn -0.0009 -0.1165 0.9932
vn 0.0009 -0.3397 0.9405
vn -0.0009 -0.3397 0.9405
vn 0.0009 -0.3399 0.9405
vn -0.0009 -0.3398 0.9405
vn 0.0009 -0.4587 0.8886
vn -0.0009 -0.4582 0.8888
vn 0.0009 -0.3418 0.9398
vn -0.0009 -0.3418 0.9398
vn 0.0009 1.0000 -0.0002
vn -0.0009 1.0000 -0.0000
vn 0.0009 -1.0000 -0.0000
vn -0.0009 -1.0000 -0.0000
vn 0.0009 -0.1096 0.9940
vn -0.0009 -0.1096 0.9940
vn 0.0009 -0.3396 0.9406
vn -0.0009 -0.3396 0.9406
vn -0.0009 -0.8879 0.4600
vn 0.0009 -0.8879 0.4601
vn 0.0009 -0.9978 0.0659
vn -0.0009 -0.9978 0.0659
vn -0.0009 -0.6316 0.7753
vn 0.0009 -0.6316 0.7753
vn 0.0009 -0.8878 0.4601
vn -0.0009 -0.8879 0.4601
vn -0.0010 0.7664 0.6423
vn 0.0010 0.7664 0.6423
vn 0.0009 0.1824 0.9832
vn -0.0009 0.1824 0.9832
vn -0.0009 0.9992 0.0408
vn 0.0009 0.9992 0.0409
vn -0.0010 0.7649 -0.6441
vn 0.0010 0.7649 -0.6441
vn 0.0009 0.9933 -0.1156
vn -0.0009 0.9933 -0.1156
vn -0.0009 0.2419 -0.9703
vn 0.0009 0.2419 -0.9703
vn 0.0010 0.7649 -0.6442
vn -0.0010 0.7649 -0.6442
vn -0.0011 -0.5075 -0.8617
vn 0.0011 -0.5075 -0.8617
vn 0.0010 0.3960 -0.9182
vn -0.0009 0.3960 -0.9183
vn -0.0010 -0.9883 -0.1526
vn 0.0009 -0.9883 -0.1526
vn 0.0009 1.0000 -0.0000
vn -0.0009 -1.0000 -0.0006
vn -0.0009 1.0000 0.0001
vn 0.0005 -0.9997 -0.0231
vn 0.0004 -0.9947 0.1031
vn 0.0009 0.1883 0.9821
vn -0.0009 0.1883 0.9821
vn -0.0009 -0.9859 -0.1673
vn 0.0009 -0.9859 -0.1673
vn 0.0007 -0.9872 -0.1592
vn -0.0007 -0.9872 -0.1592
vn -0.0009 0.7170 0.6971
vn 0.0009 0.7170 0.6971
vn 0.0009 0.7596 0.6504
vn -0.0009 0.7596 0.6503
vn 0.0009 0.4825 0.8759
vn -0.0009 0.4825 0.8759
vn 0.0002 -0.9933 -0.1155
vn -0.0002 -0.9933 -0.1155
vn -0.0009 0.5256 -0.8507
vn 0.0009 0.5259 -0.8506
vn 0.0009 0.5459 -0.8378
vn -0.0009 0.5459 -0.8378
vn 0.0009 -0.5620 0.8271
vn -0.0009 -0.5620 0.8272
vn -0.0008 -0.5625 0.8268
vn 0.0008 -0.5625 0.8268
vn 0.0001 -0.9888 0.1494
vn -0.0000 -0.9888 0.1494
vn 0.0010 -0.8497 0.5272
vn -0.0010 -0.8497 0.5272
vn -0.0009 -0.8242 0.5662
vn 0.0009 -0.8242 0.5663
vn 0.0009 -0.9105 0.4136
vn -0.0009 -0.9105 0.4136
vn -0.0009 -0.4020 0.9157
vn 0.0009 -0.4016 0.9158
vn 0.0009 -0.5504 0.8349
vn -0.0009 -0.5504 0.8349
vn -0.0009 -0.2223 0.9750
vn 0.0009 -0.2223 0.9750
vn -0.0009 0.1588 0.9873
vn 0.0009 0.1599 0.9871
vn 0.0009 0.0709 0.9975
vn -0.0009 0.0709 0.9975
vn -0.0009 -0.6794 0.7338
vn 0.0009 -0.6792 0.7340
vn -0.0009 -0.0525 0.9986
vn 0.0009 -0.0525 0.9986
vn -0.0009 0.1098 -0.9940
vn 0.0009 0.1097 -0.9940
vn -0.0009 0.2266 -0.9740
vn 0.0009 0.2267 -0.9740
vn 0.0009 0.1118 -0.9937
vn -0.0009 0.1118 -0.9937
vn -0.0009 0.3376 -0.9413
vn 0.0009 0.3376 -0.9413
vn -0.0009 -0.9875 -0.1575
vn 0.0009 -0.9875 -0.1577
vn 0.0009 -0.9861 -0.1664
vn -0.0009 -0.9861 -0.1664
vn -0.0009 -0.9962 -0.0876
vn 0.0009 -0.9961 -0.0882
vn 0.0009 -0.9911 -0.1331
vn -0.0009 -0.9911 -0.1331
vn -0.0009 -0.9982 0.0592
vn 0.0009 -0.9983 0.0587
vn 0.0009 -0.9997 -0.0252
vn -0.0009 -0.9997 -0.0252
vn -0.0009 -0.9609 0.2769
vn 0.0009 -0.9610 0.2767
vn 0.0009 -0.9875 0.1578
vn -0.0009 -0.9875 0.1578
vn -0.0009 0.3141 0.9494
vn 0.0009 0.3131 0.9497
vn 0.0009 0.2394 0.9709
vn -0.0009 0.2394 0.9709
vn -0.0009 0.4765 0.8792
vn 0.0009 0.4765 0.8792
vn 0.0009 0.3875 0.9219
vn -0.0009 0.3875 0.9219
vn -0.0009 0.6821 0.7312
vn 0.0009 0.6821 0.7312
vn 0.0009 0.5858 0.8104
vn -0.0009 0.5858 0.8104
vn -0.0009 0.7927 0.6096
vn 0.0009 0.7927 0.6096
vn 0.0009 0.7641 0.6451
vn -0.0009 0.7641 0.6451
vn 0.0009 0.5656 -0.8247
vn -0.0009 0.5655 -0.8247
vn -0.0009 0.3397 -0.9405
vn 0.0009 0.3397 -0.9405
vn 0.0009 0.4584 -0.8887
vn -0.0009 0.4584 -0.8887
vn 0.0009 0.3437 -0.9391
vn -0.0009 0.3437 -0.9391
vn -0.0009 -1.0000 -0.0002
vn -0.0009 0.1097 -0.9940
vn -0.0009 0.3398 -0.9405
vn -0.0009 0.3397 -0.9406
vn 1.0000 -0.0020 0.0017
vn 1.0000 -0.0012 0.0006
vn -1.0000 -0.0013 0.0006
vn -1.0000 -0.0019 0.0019
vn 1.0000 -0.0016 0.0011
vn 1.0000 0.0032 -0.0033
vn 1.0000 0.0046 -0.0025
vn -1.0000 -0.0012 0.0014
vn -1.0000 0.0032 -0.0034
vn 1.0000 0.0008 0.0021
vn 1.0000 0.0061 -0.0055
vn -1.0000 0.0061 -0.0055
vn -1.0000 0.0008 0.0021
vn 1.0000 0.0028 -0.0007
vn 1.0000 -0.0038 -0.0013
vn -1.0000 0.0027 -0.0007
vn -1.0000 -0.0038 -0.0013
vn 1.0000 0.0018 -0.0004
vn 1.0000 0.0008 -0.0007
vn -1.0000 0.0008 -0.0007
vn -1.0000 0.0017 -0.0007
vn 1.0000 0.0008 -0.0006
vn 1.0000 0.0009 -0.0015
vn 1.0000 -0.0021 0.0049
vn -1.0000 0.0004 -0.0016
vn -1.0000 -0.0021 0.0049
vn 1.0000 -0.0009 -0.0014
vn 1.0000 -0.0025 0.0002
vn -1.0000 -0.0025 0.0002
vn -1.0000 -0.0009 -0.0014
vn 1.0000 -0.0017 -0.0019
vn 1.0000 0.0057 -0.0000
vn -1.0000 -0.0016 -0.0025
vn -1.0000 0.0057 -0.0000
vn 1.0000 0.0030 -0.0003
vn 1.0000 -0.0031 -0.0003
vn -1.0000 0.0030 -0.0004
vn -1.0000 -0.0030 -0.0003
vn 1.0000 -0.0028 -0.0062
vn 1.0000 0.0034 -0.0058
vn -1.0000 -0.0028 -0.0059
vn -1.0000 0.0034 -0.0058
vn 1.0000 -0.0030 0.0025
vn 1.0000 0.0031 0.0013
vn -1.0000 -0.0030 0.0026
vn -1.0000 0.0031 0.0025
vn 1.0000 0.0030 0.0009
vn 1.0000 -0.0030 0.0008
vn -1.0000 0.0030 0.0009
vn -1.0000 -0.0030 -0.0000
vn -1.0000 -0.0071 -0.0002
vn -1.0000 -0.0069 0.0008
vn 1.0000 0.0007 0.0034
vn 1.0000 0.0006 -0.0030
vn -1.0000 0.0008 0.0033
vn -1.0000 -0.0005 -0.0027
vn 1.0000 -0.0033 -0.0008
vn 1.0000 -0.0029 -0.0009
vn -1.0000 -0.0030 -0.0004
vn -1.0000 -0.0033 -0.0008
vn 1.0000 0.0025 0.0021
vn 1.0000 0.0023 0.0025
vn -1.0000 0.0025 0.0024
vn -1.0000 0.0024 0.0022
vn 1.0000 0.0021 0.0037
vn 1.0000 -0.0009 -0.0018
vn -1.0000 0.0021 0.0036
vn -1.0000 -0.0010 -0.0018
vn 1.0000 -0.0047 -0.0009
vn 1.0000 0.0042 0.0001
vn -1.0000 -0.0050 -0.0010
vn -1.0000 0.0043 -0.0000
vn 1.0000 0.0011 -0.0028
vn 1.0000 0.0014 -0.0025
vn -1.0000 -0.0021 0.0026
vn -1.0000 0.0020 -0.0025
vn -1.0000 0.0012 -0.0014
vn -1.0000 -0.0030 0.0048
vn 1.0000 -0.0097 0.0020
vn 1.0000 -0.0039 0.0030
vn 1.0000 -0.0016 0.0024
vn 1.0000 0.0018 -0.0026
vn -1.0000 0.0013 -0.0027
vn -1.0000 0.0016 -0.0024
vn -1.0000 0.0014 -0.0008
vn -1.0000 0.0036 -0.0001
vn -0.9999 -0.0107 0.0021
vn -1.0000 -0.0040 0.0025
vn 1.0000 -0.0017 0.0029
vn 1.0000 -0.0029 0.0048
vn 1.0000 -0.0024 0.0011
vn 1.0000 -0.0002 0.0038
vn -1.0000 -0.0004 0.0034
vn -1.0000 -0.0024 0.0010
vn 1.0000 0.0004 0.0035
vn 1.0000 -0.0012 0.0024
vn -1.0000 -0.0012 0.0024
vn -1.0000 0.0005 0.0036
vn 1.0000 -0.0026 0.0021
vn 1.0000 -0.0011 -0.0038
vn -1.0000 -0.0025 0.0021
vn -1.0000 -0.0010 -0.0038
vn 1.0000 -0.0032 0.0030
vn 1.0000 -0.0013 0.0030
vn -1.0000 -0.0013 0.0030
vn -1.0000 -0.0033 0.0029
vn 1.0000 0.0014 0.0050
vn 1.0000 0.0054 0.0004
vn -1.0000 0.0013 0.0049
vn -1.0000 0.0055 0.0005
vn 1.0000 -0.0035 0.0025
vn 1.0000 -0.0031 -0.0036
vn -1.0000 -0.0034 0.0025
vn -1.0000 -0.0029 -0.0036
vn 1.0000 0.0005 -0.0030
vn 1.0000 -0.0004 0.0031
vn -1.0000 0.0003 -0.0029
vn -1.0000 -0.0004 0.0031
vn 1.0000 0.0003 -0.0032
vn 1.0000 0.0010 -0.0044
vn -1.0000 0.0010 -0.0043
vn -1.0000 0.0005 -0.0031
vn 1.0000 0.0009 -0.0030
vn 1.0000 -0.0010 0.0027
vn -1.0000 0.0011 -0.0029
vn -1.0000 -0.0010 0.0027
vn 1.0000 -0.0030 -0.0002
vn 1.0000 -0.0030 -0.0003
vn -1.0000 -0.0029 -0.0003
vn -1.0000 -0.0030 -0.0002
vn 1.0000 -0.0029 -0.0003
vn 1.0000 -0.0028 -0.0005
vn 1.0000 -0.0029 -0.0010
vn -1.0000 -0.0029 -0.0010
vn -1.0000 -0.0028 -0.0005
vn 1.0000 -0.0030 -0.0012
vn 1.0000 -0.0030 -0.0006
vn -1.0000 -0.0030 -0.0006
vn -1.0000 -0.0030 -0.0012
vn 1.0000 0.0017 0.0024
vn 1.0000 0.0034 0.0019
vn -1.0000 0.0033 0.0019
vn -1.0000 0.0017 0.0024
vn 1.0000 0.0032 0.0017
vn 1.0000 0.0023 0.0019
vn -1.0000 0.0023 0.0019
vn -1.0000 0.0031 0.0017
vn 1.0000 0.0016 0.0023
vn 1.0000 0.0017 0.0021
vn -1.0000 0.0017 0.0021
vn -1.0000 0.0016 0.0022
vn 1.0000 0.0022 0.0018
vn 1.0000 0.0024 0.0018
vn -1.0000 0.0023 0.0018
vn -1.0000 0.0020 0.0020
vn -1.0000 -0.0016 0.0024
vn -1.0000 0.0017 -0.0027
vn 1.0000 0.0010 -0.0029
vn 1.0000 -0.0010 0.0028
vn -1.0000 0.0010 -0.0028
vn -1.0000 -0.0011 0.0028
vn 1.0000 0.0017 -0.0033
vn 1.0000 -0.0011 0.0020
vn -1.0000 0.0017 -0.0033
vn -1.0000 -0.0010 0.0020
vn 1.0000 0.0011 -0.0030
vn -1.0000 0.0011 -0.0030
vn 1.0000 -0.0030 -0.0018
vn 1.0000 0.0030 -0.0008
vn -1.0000 -0.0030 -0.0008
vn -1.0000 0.0030 -0.0018
vn 1.0000 0.0030 0.0003
vn 1.0000 -0.0030 0.0003
vn -1.0000 0.0030 0.0003
vn -1.0000 -0.0030 0.0003
vn 1.0000 0.0003 -0.0030
vn -1.0000 0.0003 -0.0030
vn -1.0000 0.0004 -0.0030
vn -1.0000 -0.0010 0.0028
vn 1.0000 0.0009 -0.0029
vn 0.9382 -0.3073 0.1592
vn 0.9307 -0.2315 0.2832
vn 0.7334 -0.6035 0.3129
vn 0.7181 -0.4402 0.5390
vn 0.4045 -0.8120 0.4209
vn 0.3914 -0.5815 0.7132
vn 0.9299 -0.3667 0.0265
vn 0.7171 -0.6954 0.0478
vn 0.4045 -0.8120 0.4208
vn 0.3903 -0.9186 0.0616
vn 0.9181 -0.2224 0.3280
vn 0.6930 -0.4049 0.5965
vn 0.3698 -0.5223 0.7684
vn 0.9454 0.2584 0.1984
vn 0.9320 0.3621 0.0145
vn 0.7499 0.5133 0.4172
vn 0.7202 0.6932 0.0284
vn 0.4193 0.6981 0.5803
vn 0.3926 0.9189 0.0377
vn 0.9315 0.0669 0.3576
vn 0.7184 0.1274 0.6838
vn 0.3907 0.1682 0.9050
vn 0.9237 0.3831 0.0008
vn 0.7070 0.7072 0.0006
vn 0.3829 0.9238 0.0003
vn 0.9467 0.2462 -0.2076
vn 0.9346 0.0873 -0.3448
vn 0.7531 0.5030 -0.4240
vn 0.7257 0.1678 -0.6673
vn 0.4230 0.6930 -0.5839
vn 0.3975 0.2226 -0.8902
vn 0.9467 0.2462 -0.2075
vn 0.9331 0.3569 -0.0428
vn 0.7532 0.5030 -0.4239
vn 0.7230 0.6861 -0.0811
vn 0.4230 0.6930 -0.5838
vn 0.3953 0.9123 -0.1068
vn 0.9237 0.0420 -0.3809
vn 0.7069 0.0776 -0.7031
vn 0.3825 0.1013 -0.9184
vn 0.9597 -0.1464 -0.2399
vn 0.9382 -0.3411 -0.0579
vn 0.7896 -0.3141 -0.5271
vn 0.7329 -0.6717 -0.1084
vn 0.4614 -0.4509 -0.7641
vn 0.4040 -0.9036 -0.1420
vn 0.9392 0.1322 -0.3170
vn 0.7345 0.2651 -0.6247
vn 0.4045 0.3605 -0.8405
vn 0.9238 -0.3829 -0.0056
vn 0.7072 -0.7070 -0.0043
vn 0.3833 -0.9236 -0.0023
vn 0.9237 0.3830 -0.0003
vn 0.7072 0.7070 -0.0002
vn 0.3829 0.9238 -0.0001
vn 0.9237 -0.3832 -0.0008
vn 0.7070 -0.7072 -0.0006
vn 0.3823 -0.9240 -0.0007
vn 0.9238 -0.3828 0.0023
vn 0.7074 -0.7068 0.0018
vn 0.3826 -0.9239 0.0010
vn 0.9238 0.3829 0.0003
vn 0.7072 0.7071 0.0002
vn 0.3830 0.9238 0.0001
vn 0.5722 -0.8150 -0.0916
vn 0.2769 -0.9550 -0.1065
vn 0.1060 -0.9883 -0.1093
vn -0.0100 -0.9885 0.1507
vn -0.0219 -0.9880 0.1530
vn -0.0712 -0.9852 0.1559
vn 0.9203 0.0736 0.3843
vn 0.7023 0.1341 0.6991
vn 0.3793 0.1743 0.9087
vn 0.9238 -0.3774 -0.0639
vn 0.9238 -0.3776 -0.0635
vn 0.7072 -0.6970 -0.1183
vn 0.7071 -0.6973 -0.1174
vn 0.3824 -0.9110 -0.1546
vn 0.3829 -0.9110 -0.1535
vn 0.8855 -0.4587 -0.0742
vn 0.6196 -0.7749 -0.1247
vn 0.3080 -0.9394 -0.1508
vn 0.9216 0.2948 0.2523
vn 0.9205 0.2803 0.2724
vn 0.7043 0.5392 0.4617
vn 0.7026 0.5102 0.4959
vn 0.3808 0.7024 0.6013
vn 0.3796 0.6634 0.6449
vn 0.9182 0.1911 0.3469
vn 0.7013 0.3439 0.6244
vn 0.3796 0.4463 0.8104
vn 0.3516 -0.5267 0.7739
vn 0.6663 -0.4192 0.6167
vn 0.8982 -0.2469 0.3637
vn 0.9238 0.2011 -0.3259
vn 0.7069 0.3715 -0.6019
vn 0.3828 0.4857 -0.7858
vn 0.9249 0.2074 -0.3186
vn 0.7087 0.3851 -0.5911
vn 0.3839 0.5041 -0.7736
vn 0.3824 -0.7838 0.4893
vn 0.6983 -0.6070 0.3795
vn 0.9138 -0.3440 0.2157
vn 0.9298 -0.3021 0.2104
vn 0.9279 -0.2504 0.2763
vn 0.7169 -0.5737 0.3962
vn 0.7134 -0.4740 0.5161
vn 0.3904 -0.7584 0.5219
vn 0.3877 -0.6250 0.6775
vn 0.9272 -0.3410 0.1547
vn 0.7128 -0.6385 0.2901
vn 0.3871 -0.8395 0.3813
vn 0.9284 -0.1493 0.3403
vn 0.9285 -0.0842 0.3615
vn 0.7140 -0.2812 0.6412
vn 0.7145 -0.1568 0.6819
vn 0.3880 -0.3700 0.8441
vn 0.3885 -0.2054 0.8983
vn 0.9277 -0.2037 0.3128
vn 0.7132 -0.3847 0.5860
vn 0.3871 -0.5072 0.7700
vn 0.9275 -0.0227 0.3733
vn 0.7126 -0.0391 0.7004
vn 0.3871 -0.0494 0.9207
vn 0.9256 0.0589 0.3738
vn 0.9256 0.0915 0.3672
vn 0.7100 0.1115 0.6954
vn 0.7100 0.1693 0.6835
vn 0.3849 0.1470 0.9112
vn 0.3850 0.2214 0.8960
vn 0.9261 0.0235 0.3765
vn 0.7106 0.0474 0.7020
vn 0.3854 0.0641 0.9205
vn 0.9237 0.0420 -0.3808
vn 0.7071 0.0776 -0.7028
vn 0.3828 0.1014 -0.9183
vn 0.9212 0.0881 -0.3789
vn 0.9225 0.1303 -0.3633
vn 0.7040 0.1609 -0.6918
vn 0.7053 0.2394 -0.6673
vn 0.3804 0.2098 -0.9007
vn 0.3816 0.3121 -0.8701
vn 0.9225 0.0431 -0.3836
vn 0.7052 0.0792 -0.7045
vn 0.3814 0.1033 -0.9186
vn 0.9238 0.1301 -0.3602
vn 0.7071 0.2402 -0.6651
vn 0.3830 0.3138 -0.8688
vn 0.9242 -0.3773 -0.0601
vn 0.9247 -0.3773 -0.0502
vn 0.7073 -0.6981 -0.1112
vn 0.7083 -0.6996 -0.0938
vn 0.3831 -0.9121 -0.1457
vn 0.3836 -0.9153 -0.1229
vn 0.9251 -0.3783 -0.0332
vn 0.9256 -0.3785 -0.0099
vn 0.7089 -0.7025 -0.0622
vn 0.7097 -0.7043 -0.0180
vn 0.3841 -0.9197 -0.0815
vn 0.3847 -0.9228 -0.0233
vn 0.9259 -0.3773 0.0213
vn 0.9264 -0.3721 0.0580
vn 0.7099 -0.7031 0.0409
vn 0.7110 -0.6946 0.1098
vn 0.3851 -0.9213 0.0538
vn 0.3857 -0.9112 0.1449
vn 0.9269 -0.3609 0.1026
vn 0.7123 -0.6748 0.1933
vn 0.3865 -0.8863 0.2551
vn 0.9251 0.1213 0.3599
vn 0.9258 0.1482 0.3478
vn 0.7093 0.2223 0.6689
vn 0.7101 0.2742 0.6485
vn 0.3845 0.2899 0.8764
vn 0.3848 0.3583 0.8506
vn 0.9268 0.1801 0.3296
vn 0.9266 0.2203 0.3049
vn 0.7116 0.3356 0.6172
vn 0.7113 0.4118 0.5695
vn 0.3861 0.4398 0.8109
vn 0.3861 0.5403 0.7477
vn 0.9272 0.2556 0.2739
vn 0.9255 0.2894 0.2442
vn 0.7126 0.4786 0.5130
vn 0.7100 0.5381 0.4542
vn 0.3869 0.6290 0.6743
vn 0.3848 0.7054 0.5953
vn 0.9243 0.3026 0.2328
vn 0.7078 0.5599 0.4307
vn 0.3835 0.7319 0.5632
vn 0.9224 0.2185 -0.3185
vn 0.7051 0.4010 -0.5848
vn 0.3815 0.5227 -0.7624
vn 0.9238 0.1299 -0.3602
vn 0.7071 0.2402 -0.6650
vn 0.3825 0.3138 -0.8690
vn 0.9213 0.1782 -0.3456
vn 0.7038 0.3254 -0.6315
vn 0.3805 0.4237 -0.8220
vn 0.9224 0.1328 -0.3627
vn 0.7051 0.2437 -0.6659
vn 0.3814 0.3176 -0.8681
vn 0.9236 0.0420 -0.3811
vn 0.7073 0.0776 -0.7027
vn 0.7072 0.0776 -0.7028
vn 0.3827 0.1014 -0.9183
vn 0.9238 0.1301 -0.3601
vn 0.7071 0.2401 -0.6651
vn 0.3828 0.3138 -0.8689
vn -0.9301 -0.3664 0.0265
vn -0.9239 -0.3827 0.0024
vn -0.7168 -0.6956 0.0478
vn -0.7072 -0.7070 0.0018
vn -0.3900 -0.9187 0.0616
vn -0.3828 -0.9238 0.0010
vn -0.7167 -0.6957 0.0478
vn -0.9384 -0.3069 0.1590
vn -0.7333 -0.6036 0.3128
vn -0.7333 -0.6037 0.3128
vn -0.4042 -0.8121 0.4208
vn -0.9384 -0.3068 0.1591
vn -0.9309 -0.2313 0.2829
vn -0.7182 -0.4401 0.5390
vn -0.4042 -0.8121 0.4209
vn -0.7333 -0.6036 0.3129
vn -0.3911 -0.5816 0.7133
vn -0.9317 0.0668 0.3570
vn -0.9204 0.0736 0.3839
vn -0.7182 0.1273 0.6840
vn -0.7022 0.1341 0.6993
vn -0.3909 0.1680 0.9050
vn -0.3795 0.1742 0.9087
vn -0.7182 0.1274 0.6841
vn -0.7021 0.1341 0.6993
vn -0.9459 0.2574 0.1973
vn -0.7511 0.5124 0.4163
vn -0.7510 0.5124 0.4164
vn -0.4207 0.6976 0.5800
vn -0.9324 0.3612 0.0144
vn -0.7205 0.6929 0.0284
vn -0.7205 0.6929 0.0283
vn -0.3928 0.9188 0.0377
vn -0.9334 0.3563 -0.0427
vn -0.9240 0.3825 -0.0002
vn -0.7229 0.6862 -0.0811
vn -0.7071 0.7071 -0.0002
vn -0.3949 0.9125 -0.1068
vn -0.3827 0.9239 -0.0001
vn -0.7228 0.6863 -0.0811
vn -0.7070 0.7072 -0.0002
vn -0.9470 0.2456 -0.2071
vn -0.7532 0.5031 -0.4239
vn -0.7531 0.5031 -0.4239
vn -0.4226 0.6933 -0.5838
vn -0.9470 0.2455 -0.2072
vn -0.9348 0.0872 -0.3443
vn -0.7532 0.5030 -0.4239
vn -0.7255 0.1678 -0.6674
vn -0.4226 0.6932 -0.5838
vn -0.7531 0.5030 -0.4240
vn -0.7255 0.1678 -0.6675
vn -0.3973 0.2227 -0.8903
vn -0.9396 0.1315 -0.3161
vn -0.9240 0.2008 -0.3256
vn -0.7349 0.2649 -0.6244
vn -0.7070 0.3717 -0.6017
vn -0.4048 0.3605 -0.8404
vn -0.3828 0.4857 -0.7859
vn -0.7348 0.2649 -0.6244
vn -0.9601 -0.1457 -0.2388
vn -0.7903 -0.3133 -0.5265
vn -0.7903 -0.3134 -0.5265
vn -0.4623 -0.4505 -0.7638
vn -0.9385 -0.3405 -0.0578
vn -0.7333 -0.6713 -0.1084
vn -0.7332 -0.6713 -0.1084
vn -0.4042 -0.9036 -0.1419
vn -0.9239 0.3826 0.0003
vn -0.7070 0.7072 0.0002
vn -0.3827 0.9239 0.0001
vn -0.7070 0.7073 0.0002
vn -0.9240 -0.3824 -0.0056
vn -0.7074 -0.7068 -0.0043
vn -0.7073 -0.7069 -0.0043
vn -0.3828 -0.9238 -0.0023
vn -0.9238 -0.3828 -0.0006
vn -0.7068 -0.7074 -0.0006
vn -0.3821 -0.9241 -0.0002
vn -0.7068 -0.7075 -0.0006
vn -0.9240 0.3824 0.0008
vn -0.7071 0.7071 0.0006
vn -0.7070 0.7072 0.0006
vn -0.3826 0.9239 0.0003
vn 0.3573 -0.9297 0.0891
vn 0.0750 -0.9849 0.1560
vn 0.1492 -0.9844 0.0929
vn 0.0224 -0.9880 0.1530
vn 0.0669 -0.9934 0.0931
vn 0.0101 -0.9885 0.1507
vn 0.2625 -0.9648 -0.0179
vn 0.1218 -0.9924 -0.0177
vn 0.0673 -0.9976 -0.0165
vn -0.9184 0.1908 0.3466
vn -0.7011 0.3440 0.6246
vn -0.3794 0.4464 0.8105
vn -0.7010 0.3441 0.6247
vn -0.8848 -0.4600 -0.0744
vn -0.5666 -0.8189 -0.0919
vn -0.6209 -0.7739 -0.1245
vn -0.2799 -0.9541 -0.1065
vn -0.3085 -0.9393 -0.1504
vn -0.1070 -0.9882 -0.1094
vn -0.9239 -0.3773 -0.0639
vn -0.7073 -0.6970 -0.1182
vn -0.7072 -0.6971 -0.1183
vn -0.3825 -0.9109 -0.1545
vn -0.9217 0.2948 0.2522
vn -0.9243 0.3025 0.2329
vn -0.7043 0.5393 0.4616
vn -0.7078 0.5600 0.4306
vn -0.3808 0.7024 0.6014
vn -0.3833 0.7320 0.5632
vn -0.7042 0.5394 0.4617
vn -0.7078 0.5601 0.4306
vn -0.9205 0.2803 0.2722
vn -0.7026 0.5103 0.4960
vn -0.7025 0.5103 0.4960
vn -0.3795 0.6634 0.6449
vn -0.9251 0.2072 -0.3183
vn -0.7086 0.3851 -0.5912
vn -0.3837 0.5042 -0.7737
vn -0.7085 0.3851 -0.5913
vn -0.9225 0.2183 -0.3183
vn -0.7051 0.4010 -0.5849
vn -0.3812 0.5230 -0.7624
vn -0.7050 0.4011 -0.5849
vn -0.9141 -0.3438 0.2149
vn -0.8982 -0.2470 0.3635
vn -0.6982 -0.6072 0.3793
vn -0.6659 -0.4196 0.6168
vn -0.3823 -0.7839 0.4893
vn -0.3515 -0.5265 0.7741
vn -0.6981 -0.6072 0.3794
vn -0.6658 -0.4197 0.6169
vn -0.9212 0.1782 -0.3459
vn -0.7036 0.3257 -0.6315
vn -0.3805 0.4237 -0.8220
vn -0.7036 0.3257 -0.6316
vn -0.9182 -0.2223 0.3277
vn -0.6927 -0.4053 0.5966
vn -0.6926 -0.4054 0.5966
vn -0.3696 -0.5222 0.7686
vn -0.9276 -0.3403 0.1544
vn -0.9272 -0.3602 0.1024
vn -0.7129 -0.6384 0.2902
vn -0.7121 -0.6749 0.1933
vn -0.3868 -0.8396 0.3814
vn -0.3865 -0.8863 0.2550
vn -0.7128 -0.6385 0.2902
vn -0.7121 -0.6750 0.1933
vn -0.9302 -0.3012 0.2099
vn -0.7171 -0.5733 0.3962
vn -0.7171 -0.5734 0.3963
vn -0.3901 -0.7586 0.5219
vn -0.9276 -0.2039 0.3130
vn -0.9281 -0.2499 0.2759
vn -0.7132 -0.3845 0.5861
vn -0.7136 -0.4736 0.5162
vn -0.3876 -0.5069 0.7699
vn -0.3875 -0.6254 0.6773
vn -0.7131 -0.3845 0.5862
vn -0.9283 -0.1495 0.3405
vn -0.7143 -0.2811 0.6409
vn -0.7142 -0.2811 0.6410
vn -0.3880 -0.3703 0.8440
vn -0.9286 -0.0843 0.3615
vn -0.7147 -0.1568 0.6816
vn -0.7147 -0.1568 0.6817
vn -0.3885 -0.2054 0.8983
vn -0.9263 0.0234 0.3761
vn -0.9276 -0.0227 0.3729
vn -0.7106 0.0475 0.7020
vn -0.7129 -0.0390 0.7002
vn -0.3851 0.0642 0.9206
vn -0.3869 -0.0494 0.9208
vn -0.9258 0.0588 0.3734
vn -0.7099 0.1115 0.6954
vn -0.7099 0.1115 0.6955
vn -0.3845 0.1470 0.9113
vn -0.9241 0.0420 -0.3799
vn -0.7069 0.0776 -0.7030
vn -0.7069 0.0776 -0.7031
vn -0.3828 0.1014 -0.9182
vn -0.9227 0.0431 -0.3832
vn -0.9240 0.0420 -0.3802
vn -0.7050 0.0793 -0.7048
vn -0.3812 0.1033 -0.9187
vn -0.3826 0.1014 -0.9183
vn -0.7049 0.0793 -0.7048
vn -0.7068 0.0776 -0.7031
vn -0.9214 0.0881 -0.3786
vn -0.7034 0.1611 -0.6923
vn -0.7033 0.1611 -0.6924
vn -0.3802 0.2096 -0.9008
vn -0.9227 0.1302 -0.3629
vn -0.7050 0.2395 -0.6675
vn -0.3813 0.3121 -0.8702
vn -0.9240 -0.3771 -0.0634
vn -0.7073 -0.6971 -0.1175
vn -0.7072 -0.6972 -0.1175
vn -0.3827 -0.9110 -0.1536
vn -0.9242 -0.3771 -0.0600
vn -0.7077 -0.6977 -0.1113
vn -0.7076 -0.6978 -0.1114
vn -0.3830 -0.9122 -0.1454
vn -0.9248 -0.3772 -0.0506
vn -0.7083 -0.6996 -0.0939
vn -0.3836 -0.9153 -0.1229
vn -0.9252 -0.3781 -0.0333
vn -0.7088 -0.7026 -0.0623
vn -0.7088 -0.7027 -0.0623
vn -0.3839 -0.9197 -0.0815
vn -0.9257 -0.3782 -0.0094
vn -0.7097 -0.7043 -0.0180
vn -0.7096 -0.7043 -0.0180
vn -0.3845 -0.9228 -0.0233
vn -0.9262 -0.3765 0.0213
vn -0.7103 -0.7028 0.0405
vn -0.7102 -0.7028 0.0405
vn -0.3848 -0.9214 0.0538
vn -0.9266 -0.3717 0.0578
vn -0.7109 -0.6947 0.1098
vn -0.7108 -0.6948 0.1098
vn -0.3854 -0.9113 0.1449
vn -0.9259 0.0920 0.3664
vn -0.7100 0.1693 0.6835
vn -0.7100 0.1694 0.6836
vn -0.3846 0.2214 0.8961
vn -0.9256 0.1210 0.3585
vn -0.7093 0.2224 0.6689
vn -0.3842 0.2900 0.8765
vn -0.9259 0.1482 0.3474
vn -0.7100 0.2743 0.6486
vn -0.7099 0.2743 0.6486
vn -0.3847 0.3583 0.8507
vn -0.9269 0.1799 0.3294
vn -0.7116 0.3355 0.6173
vn -0.3861 0.4398 0.8109
vn -0.9268 0.2200 0.3045
vn -0.7114 0.4118 0.5696
vn -0.7113 0.4118 0.5696
vn -0.3858 0.5404 0.7477
vn -0.9275 0.2549 0.2733
vn -0.7125 0.4786 0.5131
vn -0.7125 0.4786 0.5132
vn -0.3866 0.6292 0.6743
vn -0.9258 0.2888 0.2439
vn -0.7098 0.5382 0.4543
vn -0.7098 0.5383 0.4544
vn -0.3846 0.7054 0.5954
vn -0.9239 0.1300 -0.3599
vn -0.7069 0.2403 -0.6653
vn -0.7068 0.2403 -0.6653
vn -0.3826 0.3139 -0.8690
vn -0.9226 0.1326 -0.3623
vn -0.7049 0.2437 -0.6661
vn -0.3811 0.3177 -0.8682
vn -0.7048 0.2437 -0.6662
vn -0.9241 0.1299 -0.3595
vn -0.3826 0.3138 -0.8690
vn -0.9240 0.0420 -0.3800
vn -0.3823 0.1013 -0.9184
vn -0.9240 0.0419 -0.3801
vn -0.3825 0.1013 -0.9184
vn -0.9240 0.1299 -0.3596
vn 0.3796 0.8187 -0.4308
vn 0.3795 0.6503 -0.6581
vn 0.7012 0.6309 -0.3320
vn 0.7013 0.5010 -0.5072
vn 0.9179 0.3511 -0.1847
vn 0.9184 0.2781 -0.2815
vn 0.9234 0.3838 0.0012
vn 0.7067 0.7075 -0.0003
vn 0.3824 0.9240 -0.0018
vn -0.3822 0.9241 -0.0018
vn -0.7064 0.7078 -0.0004
vn -0.9235 0.3835 0.0012
vn -0.9181 0.3508 -0.1846
vn -0.9186 0.2776 -0.2812
vn -0.7010 0.6313 -0.3319
vn -0.7011 0.5013 -0.5071
vn -0.3793 0.8189 -0.4307
vn -0.3792 0.6505 -0.6581
vn 0.3791 -0.9164 -0.1286
vn 0.7000 -0.7072 -0.0993
vn 0.9165 -0.3961 -0.0559
vn 0.9267 -0.0693 -0.3692
vn 0.7114 -0.1297 -0.6907
vn 0.3859 -0.1703 -0.9067
vn -0.3856 -0.1703 -0.9068
vn -0.7111 -0.1298 -0.6910
vn -0.9269 -0.0693 -0.3687
vn -0.9167 -0.3956 -0.0559
vn -0.6998 -0.7074 -0.0994
vn -0.3789 -0.9165 -0.1286
vn 0.3827 -0.9239 -0.0017
vn 0.7068 -0.7074 -0.0010
vn 0.9237 -0.3831 -0.0000
vn -0.9240 -0.3825 -0.0001
vn -0.7068 -0.7074 -0.0010
vn -0.3825 -0.9240 -0.0017
vn 0.3809 -0.6977 0.6067
vn 0.3804 -0.3714 0.8470
vn 0.7013 -0.2862 0.6529
vn 0.9170 -0.1600 0.3654
vn 0.9227 -0.3854 0.0006
vn 0.7057 -0.7085 0.0014
vn 0.3818 -0.9242 0.0020
vn -0.3816 -0.9243 0.0020
vn -0.7056 -0.7086 0.0014
vn -0.9231 -0.3847 0.0006
vn -0.9169 -0.3012 0.2618
vn -0.9171 -0.1599 0.3651
vn -0.7014 -0.5379 0.4677
vn -0.7012 -0.2862 0.6531
vn -0.3807 -0.6977 0.6069
vn -0.3802 -0.3712 0.8472
vn 0.3815 -0.1077 0.9181
vn 0.7053 -0.0826 0.7040
vn 0.9225 -0.0450 0.3833
vn -0.9226 -0.0449 0.3830
vn -0.7051 -0.0826 0.7042
vn -0.3813 -0.1077 0.9182
vn 0.3846 0.8392 0.3845
vn 0.7049 0.6452 0.2947
vn 0.9168 0.3636 0.1651
vn -0.9170 0.3632 0.1649
vn -0.7048 0.6452 0.2948
vn -0.3845 0.8393 0.3843
vn 0.3816 0.9242 0.0153
vn 0.7051 0.7090 0.0094
vn 0.9220 0.3871 0.0020
vn -0.9223 0.3865 0.0020
vn -0.7051 0.7090 0.0094
vn -0.3813 0.9243 0.0153
vn 0.3824 0.9240 -0.0007
vn 0.7070 0.7072 -0.0008
vn 0.9237 0.3832 -0.0008
vn -0.9239 0.3826 -0.0008
vn -0.7069 0.7073 -0.0006
vn -0.3821 0.9241 -0.0007
vn 0.3829 -0.9238 0.0001
vn 0.7071 -0.7071 0.0002
vn 0.9238 -0.3829 0.0003
vn -0.9239 -0.3826 0.0003
vn -0.7066 -0.7076 0.0002
vn -0.3826 -0.9239 0.0001
vn 0.0147 0.9908 -0.1342
vn 0.0298 0.9909 -0.1311
vn 0.0222 0.9916 -0.1276
vn 0.9345 -0.1723 -0.3116
vn 0.7256 -0.3330 -0.6021
vn 0.3976 -0.4440 -0.8030
vn -0.3974 -0.4441 -0.8031
vn -0.7253 -0.3331 -0.6024
vn -0.9347 -0.1720 -0.3111
vn 0.5840 0.8068 0.0892
vn 0.2750 0.9554 0.1071
vn 0.1277 0.9855 0.1116
vn -0.1280 0.9855 0.1116
vn -0.2781 0.9546 0.1071
vn -0.5838 0.8070 0.0892
vn 0.9249 -0.2154 0.3133
vn 0.7086 -0.3998 0.5814
vn 0.3840 -0.5230 0.7609
vn -0.3838 -0.5232 0.7609
vn -0.7086 -0.3997 0.5815
vn -0.9250 -0.2152 0.3131
vn -0.4215 0.7687 -0.4811
vn -0.3847 0.5040 -0.7733
vn -0.7497 0.5614 -0.3504
vn -0.7156 0.3816 -0.5850
vn -0.9477 0.2711 -0.1687
vn -0.9358 0.1928 -0.2951
vn -0.3685 0.5106 -0.7768
vn -0.6910 0.3972 -0.6039
vn -0.9172 0.2191 -0.3327
vn 0.3801 0.6315 -0.6758
vn 0.7030 0.4868 -0.5185
vn 0.9203 0.2692 -0.2839
vn -0.9207 0.2686 -0.2831
vn -0.7030 0.4866 -0.5187
vn -0.3801 0.6315 -0.6758
vn 0.3801 0.2058 -0.9018
vn 0.7027 0.1576 -0.6938
vn 0.9202 0.0858 -0.3820
vn -0.9202 0.0859 -0.3819
vn -0.7028 0.1575 -0.6937
vn -0.3800 0.2059 -0.9018
vn 0.3805 0.0493 -0.9234
vn 0.7033 0.0367 -0.7099
vn 0.9207 0.0184 -0.3898
vn -0.9209 0.0184 -0.3894
vn -0.7034 0.0366 -0.7099
vn -0.3804 0.0494 -0.9235
vn 0.3840 -0.3136 0.8685
vn 0.7089 -0.2396 0.6634
vn 0.9251 -0.1290 0.3572
vn -0.9253 -0.1288 0.3568
vn -0.7086 -0.2397 0.6637
vn -0.3838 -0.3136 0.8685
vn 0.3827 -0.3140 0.8689
vn 0.7072 -0.2403 0.6650
vn 0.9236 -0.1302 0.3605
vn -0.9239 -0.1300 0.3598
vn -0.7067 -0.2404 0.6654
vn -0.3826 -0.3140 0.8689
vn 0.9278 -0.1711 0.3316
vn 0.7132 -0.3216 0.6228
vn 0.3873 -0.4230 0.8192
vn -0.3872 -0.4229 0.8193
vn -0.7134 -0.3211 0.6229
vn -0.9278 -0.1711 0.3315
vn 0.3828 -0.3139 0.8689
vn 0.7071 -0.2402 0.6651
vn 0.9238 -0.1301 0.3601
vn -0.9239 -0.1299 0.3599
vn -0.7066 -0.2403 0.6655
vn -0.3825 -0.3138 0.8690
vn 0.9250 -0.1299 0.3572
vn 0.7087 -0.2412 0.6630
vn 0.3840 -0.3156 0.8677
vn -0.3837 -0.3156 0.8678
vn -0.7085 -0.2412 0.6632
vn -0.9251 -0.1299 0.3567
vn 0.3826 -0.1013 0.9183
vn 0.7071 -0.0775 0.7029
vn 0.9237 -0.0420 0.3807
vn -0.9239 -0.0419 0.3804
vn -0.7069 -0.0776 0.7031
vn 0.3827 -0.3137 0.8690
vn 0.7070 -0.2401 0.6652
vn 0.9237 -0.1301 0.3602
vn -0.9240 -0.1299 0.3597
vn -0.7067 -0.2403 0.6654
vn -0.3827 -0.3138 0.8690
vn -0.7071 0.7071 -0.0000
vn -0.9997 0.0231 -0.0000
vn -0.9997 0.0242 -0.0000
vn -0.0081 1.0000 -0.0000
vn -0.7071 -0.7071 0.0001
vn -0.0081 -1.0000 -0.0000
vn -0.7071 -0.7071 -0.0000
vn -0.9999 -0.0138 -0.0000
vn -0.7072 -0.7070 -0.0000
vn -0.9999 -0.0135 -0.0000
vn 0.7071 0.7071 -0.0000
vn 0.0081 1.0000 -0.0000
vn 0.7071 0.7072 -0.0000
vn 0.9997 0.0232 -0.0000
vn 0.9997 0.0242 -0.0000
vn 0.7071 -0.7071 -0.0000
vn 0.9999 -0.0139 -0.0000
vn 0.9999 -0.0135 -0.0000
vn 0.0081 -1.0000 -0.0000
vn 0.9997 0.0231 -0.0000
vn 0.7072 0.7070 -0.0000
vn 0.7071 -0.7072 -0.0000
vn -0.0081 1.0000 0.0001
vn -0.9999 -0.0139 -0.0000
vn -1.0000 -0.0063 0.0008
vn -1.0000 -0.0064 -0.0003
vn 0.2575 -0.9661 -0.0179
vn 0.3577 -0.9296 0.0893
vn 0.1192 -0.9927 -0.0175
vn 0.1462 -0.9849 0.0927
vn 0.0669 -0.9976 -0.0163
vn 0.0663 -0.9935 0.0931
vn -0.3796 0.8188 -0.4307
vn -0.3797 0.9146 -0.1391
vn -0.7013 0.6309 -0.3319
vn -0.7016 0.7046 -0.1065
vn -0.9179 0.3513 -0.1848
vn -0.9187 0.3907 -0.0583
vn -1.0000 0.0047 -0.0025
vn 0.3794 0.9147 -0.1390
vn 0.3794 0.8189 -0.4306
vn 0.7013 0.7049 -0.1065
vn 0.7010 0.6313 -0.3318
vn 0.9187 0.3907 -0.0583
vn 0.9181 0.3509 -0.1845
vn -0.0009 -0.7654 -0.6435
vn -0.3809 -0.7057 -0.5975
vn -0.3747 -0.1961 -0.9062
vn -0.7016 -0.5427 -0.4618
vn -0.6949 -0.1518 -0.7029
vn -0.9169 -0.3021 -0.2610
vn -0.9142 -0.0853 -0.3962
vn -0.9999 0.0005 -0.0101
vn 0.0009 -0.7654 -0.6435
vn 0.0009 -0.2119 -0.9773
vn 0.3744 -0.1962 -0.9063
vn 0.3805 -0.7059 -0.5974
vn 0.6946 -0.1519 -0.7032
vn 0.7015 -0.5425 -0.4621
vn 0.9144 -0.0853 -0.3958
vn 0.9171 -0.3017 -0.2606
vn 0.9999 0.0005 -0.0100
vn -0.3808 -0.6979 0.6066
vn -0.3802 -0.8903 0.2506
vn -0.7014 -0.5381 0.4674
vn -0.7012 -0.6863 0.1930
vn -0.9168 -0.3013 0.2621
vn -0.9171 -0.3837 0.1078
vn -1.0000 -0.0048 0.0041
vn -1.0000 -0.0050 0.0012
vn 0.3800 -0.8904 0.2507
vn 0.3806 -0.6978 0.6068
vn 0.7011 -0.6864 0.1931
vn 0.7015 -0.5378 0.4677
vn 0.9173 -0.3834 0.1077
vn 0.9169 -0.3012 0.2618
vn -0.3848 0.4560 0.8025
vn -0.3847 -0.1181 0.9154
vn -0.7052 0.3501 0.6165
vn -0.7049 -0.0915 0.7034
vn -0.9165 0.1967 0.3483
vn -0.9163 -0.0524 0.3971
vn -1.0000 0.0019 0.0078
vn -1.0000 -0.0021 0.0062
vn 0.0009 -0.1270 0.9919
vn 0.3846 -0.1181 0.9155
vn 0.3848 0.4561 0.8024
vn 0.7046 -0.0914 0.7037
vn 0.7049 0.3499 0.6170
vn 0.9165 -0.0523 0.3965
vn 0.9167 0.1965 0.3480
vn 1.0000 -0.0021 0.0061
vn -1.0000 0.0057 -0.0001
vn -1.0000 0.0063 -0.0003
vn 0.2924 0.9533 -0.0761
vn 0.2384 0.9710 0.0190
vn 0.1412 0.9869 -0.0783
vn 0.1125 0.9934 0.0210
vn 0.0478 0.9957 -0.0793
vn 0.0338 0.9992 0.0226
vn -0.0487 0.9956 -0.0797
vn -0.0349 0.9991 0.0224
vn -0.1385 0.9873 -0.0784
vn -0.1095 0.9938 0.0211
vn -0.2851 0.9555 -0.0762
vn -0.2310 0.9728 0.0188
vn 1.0000 0.0067 -0.0005
vn 1.0000 0.0061 -0.0002
vn -1.0000 0.0030 0.0006
vn -1.0000 0.0032 0.0003
vn -0.8873 0.4554 0.0728
vn -0.9240 0.3770 0.0640
vn -0.6215 0.7735 0.1243
vn -0.7071 0.6972 0.1183
vn -0.3162 0.9366 0.1510
vn -0.3826 0.9109 0.1545
vn -0.0009 0.9871 0.1599
vn 0.3168 0.9364 0.1510
vn 0.3829 0.9108 0.1544
vn 0.6223 0.7728 0.1243
vn 0.7075 0.6968 0.1182
vn 0.8872 0.4556 0.0728
vn 1.0000 0.0033 0.0003
vn 1.0000 0.0029 0.0006
vn -1.0000 -0.0019 -0.0019
vn -0.9262 -0.2867 -0.2449
vn -0.9267 -0.2718 -0.2595
vn -0.7108 -0.5347 -0.4569
vn -0.7113 -0.5085 -0.4853
vn -0.3856 -0.7015 -0.5994
vn -0.3859 -0.6672 -0.6371
vn 0.3853 -0.7016 -0.5994
vn 0.3856 -0.6673 -0.6371
vn 0.7107 -0.5349 -0.4570
vn 0.7112 -0.5084 -0.4855
vn 0.9263 -0.2864 -0.2447
vn 0.9269 -0.2714 -0.2592
vn -0.3812 -0.4805 0.7898
vn -0.3818 -0.5047 0.7743
vn -0.7046 -0.3689 0.6061
vn -0.7056 -0.3871 0.5935
vn -0.9220 -0.2014 0.3307
vn -0.9227 -0.2107 0.3229
vn 0.9222 -0.2012 0.3302
vn 0.9229 -0.2104 0.3224
vn 0.7045 -0.3690 0.6063
vn 0.7055 -0.3870 0.5937
vn 0.3809 -0.4806 0.7899
vn 0.3816 -0.5048 0.7744
vn -1.0000 0.0034 -0.0001
vn -1.0000 0.0017 -0.0002
vn -0.9474 0.2722 -0.1684
vn 0.0265 0.9915 -0.1276
vn -0.7499 0.5615 -0.3497
vn 0.0333 0.9908 -0.1311
vn -0.4218 0.7688 -0.4806
vn 0.0145 0.9909 -0.1341
vn -0.0011 0.8482 -0.5296
vn -0.0000 0.9907 -0.1359
vn -1.0000 0.0019 -0.0025
vn -0.9171 0.2191 -0.3330
vn -0.9357 0.1929 -0.2955
vn -0.6911 0.3970 -0.6040
vn -0.7157 0.3813 -0.5851
vn -0.3686 0.5106 -0.7768
vn -0.3848 0.5040 -0.7732
vn -0.9206 0.3553 -0.1624
vn -0.9192 0.3256 -0.2216
vn -0.7032 0.6466 -0.2957
vn -0.3803 0.8410 -0.3848
vn -0.3796 0.7622 -0.5243
vn 0.3800 0.8412 -0.3848
vn 0.3794 0.7623 -0.5243
vn 0.7033 0.6464 -0.2958
vn 0.7019 0.5873 -0.4029
vn 0.9208 0.3546 -0.1621
vn 0.9196 0.3248 -0.2212
vn -0.3801 0.3707 -0.8474
vn -0.3801 0.5099 -0.7717
vn -0.7027 0.2854 -0.6517
vn -0.7034 0.3925 -0.5927
vn -0.9204 0.1565 -0.3582
vn -0.9207 0.2163 -0.3248
vn -1.0000 0.0037 -0.0016
vn 0.3804 0.5096 -0.7717
vn 0.3802 0.3705 -0.8475
vn 0.7033 0.3924 -0.5928
vn 0.7027 0.2854 -0.6517
vn 0.9204 0.1566 -0.3584
vn -0.3812 -0.1482 -0.9125
vn -0.3812 -0.0658 -0.9222
vn -0.7048 -0.1143 -0.7001
vn -0.7044 -0.0518 -0.7079
vn -0.9219 -0.0634 -0.3821
vn -0.9216 -0.0300 -0.3869
vn -1.0000 -0.0022 -0.0030
vn 0.3810 -0.0658 -0.9222
vn 0.3810 -0.1483 -0.9126
vn 0.7047 -0.1145 -0.7002
vn 0.9218 -0.0301 -0.3864
vn 0.9223 -0.0631 -0.3814
vn 1.0000 -0.0037 -0.0030
vn -1.0000 -0.0003 0.0029
vn -0.9250 -0.0417 0.3777
vn -0.9294 -0.0838 0.3595
vn -0.7088 -0.0774 0.7011
vn -0.7161 -0.1585 0.6798
vn -0.3839 -0.1014 0.9178
vn -0.3895 -0.2091 0.8970
vn 0.3837 -0.1013 0.9179
vn 0.3894 -0.2092 0.8970
vn 0.7086 -0.0775 0.7014
vn 0.7157 -0.1585 0.6801
vn 0.9253 -0.0417 0.3770
vn 0.9297 -0.0836 0.3587
vn 1.0000 -0.0003 0.0028
vn -0.3823 0.9125 0.1454
vn -0.3825 0.9111 0.1539
vn -0.7065 0.6989 0.1115
vn -0.7071 0.6972 0.1179
vn -0.9234 0.3791 0.0606
vn -0.9236 0.3780 0.0640
vn -1.0000 0.0029 0.0008
vn 0.0009 0.9860 0.1664
vn 0.3828 0.9109 0.1540
vn 0.3823 0.9125 0.1458
vn 0.7068 0.6975 0.1179
vn 0.7068 0.6986 0.1115
vn 0.9239 0.3772 0.0639
vn 0.9233 0.3792 0.0606
vn -0.3817 0.9207 0.0813
vn -0.3820 0.9160 0.1228
vn -0.7056 0.7059 0.0623
vn -0.7061 0.7018 0.0942
vn -0.9227 0.3839 0.0337
vn -0.9231 0.3812 0.0506
vn -1.0000 0.0030 0.0005
vn 0.3819 0.9160 0.1229
vn 0.3816 0.9208 0.0812
vn 0.7061 0.7018 0.0942
vn 0.7058 0.7057 0.0619
vn 0.9231 0.3811 0.0511
vn 0.9229 0.3836 0.0338
vn 1.0000 0.0031 0.0005
vn 1.0000 0.0032 0.0002
vn -0.3811 0.9229 -0.0551
vn -0.3813 0.9242 0.0227
vn -0.7044 0.7085 -0.0431
vn -0.7049 0.7091 0.0172
vn -0.9218 0.3868 -0.0241
vn -0.9223 0.3865 0.0086
vn -1.0000 0.0032 -0.0004
vn 0.3812 0.9242 0.0225
vn 0.3809 0.9230 -0.0555
vn 0.7051 0.7089 0.0170
vn 0.7046 0.7083 -0.0430
vn 0.9223 0.3862 0.0091
vn 0.9220 0.3864 -0.0240
vn 1.0000 0.0032 -0.0013
vn -0.3801 0.8884 -0.2573
vn -0.3808 0.9128 -0.1476
vn -0.7035 0.6825 -0.1982
vn -0.7042 0.7008 -0.1136
vn -0.9210 0.3739 -0.1093
vn -0.9215 0.3832 -0.0630
vn -1.0000 0.0028 -0.0023
vn -1.0000 0.0030 -0.0021
vn 0.3806 0.9130 -0.1471
vn 0.3803 0.8884 -0.2570
vn 0.7040 0.7010 -0.1138
vn 0.7035 0.6825 -0.1982
vn 0.9219 0.3823 -0.0628
vn 0.9212 0.3734 -0.1094
vn 1.0000 0.0029 -0.0021
vn -0.3815 -0.2883 -0.8782
vn -0.3812 -0.2208 -0.8978
vn -0.7052 -0.2202 -0.6739
vn -0.7046 -0.1692 -0.6891
vn -0.9223 -0.1187 -0.3679
vn -0.9218 -0.0919 -0.3767
vn -1.0000 0.0002 -0.0035
vn 0.3809 -0.2208 -0.8979
vn 0.3813 -0.2884 -0.8783
vn 0.7046 -0.1690 -0.6891
vn 0.7051 -0.2203 -0.6740
vn 0.9221 -0.0916 -0.3759
vn 0.9224 -0.1188 -0.3674
vn 1.0000 0.0014 -0.0038
vn -0.3807 -0.4406 -0.8130
vn -0.3811 -0.3579 -0.8524
vn -0.7039 -0.3382 -0.6246
vn -0.7047 -0.2738 -0.6545
vn -0.9213 -0.1848 -0.3420
vn -0.9220 -0.1483 -0.3577
vn 0.0009 -0.4770 -0.8789
vn 0.3810 -0.3578 -0.8525
vn 0.3806 -0.4407 -0.8130
vn 0.7046 -0.2738 -0.6547
vn 0.7039 -0.3381 -0.6247
vn 0.9221 -0.1483 -0.3573
vn 0.9214 -0.1846 -0.3420
vn 1.0000 0.0008 -0.0038
vn 1.0000 -0.0005 -0.0034
vn -0.3805 -0.6306 -0.6764
vn -0.3808 -0.5418 -0.7493
vn -0.7036 -0.4846 -0.5197
vn -0.9208 -0.2659 -0.2852
vn -0.9213 -0.2278 -0.3151
vn 0.0009 -0.6817 -0.7316
vn 0.3805 -0.5419 -0.7494
vn 0.3801 -0.6307 -0.6766
vn 0.7040 -0.4163 -0.5754
vn 0.7034 -0.4847 -0.5198
vn 0.9215 -0.2277 -0.3147
vn 0.9211 -0.2657 -0.2846
vn 1.0000 -0.0020 -0.0026
vn -0.3826 -0.7323 -0.5633
vn -0.3813 -0.7056 -0.5973
vn -0.7064 -0.5611 -0.4315
vn -0.7051 -0.5412 -0.4581
vn -0.9232 -0.3047 -0.2343
vn -0.9220 -0.2956 -0.2502
vn 0.3811 -0.7056 -0.5974
vn 0.3826 -0.7324 -0.5632
vn 0.7049 -0.5414 -0.4583
vn 0.7064 -0.5611 -0.4315
vn 0.9222 -0.2951 -0.2499
vn 0.9233 -0.3045 -0.2340
vn -0.9238 -0.0421 0.3806
vn -0.9236 -0.0420 0.3810
vn -0.7072 -0.0776 0.7028
vn -0.7068 -0.0776 0.7031
vn -0.3829 -0.1013 0.9182
vn -0.3826 -0.1014 0.9183
vn 0.3827 -0.1014 0.9183
vn 0.3825 -0.1014 0.9184
vn 0.7068 -0.0776 0.7032
vn 0.7068 -0.0776 0.7031
vn 0.9240 -0.0419 0.3802
vn 0.9240 -0.0420 0.3801
vn -0.0009 -0.4015 0.9159
vn 0.0009 0.9087 0.4173
vn -0.0009 0.9087 0.4173
vn -0.0009 -0.4587 0.8886
vn -0.0001 -0.8879 0.4601
vn 0.0008 0.7665 0.6423
vn 0.0009 0.9992 0.0408
vn -0.0001 0.7649 -0.6441
vn -0.0009 0.3960 -0.9182
vn 0.0009 0.3960 -0.9182
vn -0.0009 -0.9883 -0.1526
vn -0.0005 -0.9883 -0.1526
vn 0.0008 1.0000 -0.0000
vn 0.0008 -1.0000 -0.0000
vn -0.0009 -0.9859 -0.1672
vn 0.0008 -0.9859 -0.1673
vn 0.0008 -0.9872 -0.1593
vn -0.0009 0.7596 0.6504
vn 0.0008 0.4825 0.8759
vn -0.0000 -0.9933 -0.1153
vn 0.0009 0.5459 -0.8379
vn 0.0008 -0.5620 0.8272
vn -0.0009 -0.5620 0.8271
vn -0.0010 -0.8498 0.5272
vn -0.0001 -0.9888 0.1494
vn 0.0010 -0.8498 0.5272
vn 0.0009 -0.8243 0.5662
vn -0.0009 -0.4018 0.9157
vn 0.0008 -0.5504 0.8349
vn -0.0009 0.1589 0.9873
vn 0.0008 0.1599 0.9871
vn -0.0009 -0.6792 0.7339
vn 0.0008 -0.6792 0.7340
vn -0.0009 -0.0524 0.9986
vn 0.0008 0.1097 -0.9940
vn 0.0008 0.2267 -0.9740
vn -0.0009 -0.9860 -0.1664
vn 0.0008 -0.9875 -0.1577
vn 0.0009 -0.9860 -0.1664
vn 0.0008 -0.9961 -0.0882
vn 0.0008 -0.9911 -0.1330
vn 0.0008 -0.9983 0.0587
vn -0.0009 -0.9609 0.2770
vn 0.0008 -0.9610 0.2767
vn 0.0008 -0.9875 0.1578
vn -0.0009 0.3140 0.9494
vn 0.0008 0.3131 0.9497
vn 0.0009 0.3874 0.9219
vn 0.0009 0.5858 0.8105
vn -0.0009 0.7926 0.6097
vn 0.0009 0.5655 -0.8247
vn 0.0008 0.3397 -0.9405
vn 0.0007 0.4584 -0.8888
vn -1.0000 -0.0019 0.0017
vn -1.0000 -0.0013 0.0014
vn -1.0000 -0.0012 0.0006
vn 1.0000 -0.0012 0.0014
vn 1.0000 0.0032 -0.0034
vn -1.0000 0.0028 -0.0007
vn -1.0000 0.0017 -0.0004
vn -1.0000 0.0008 -0.0006
vn 1.0000 0.0004 -0.0016
vn 1.0000 -0.0025 0.0003
vn 1.0000 -0.0016 -0.0025
vn -1.0000 0.0030 -0.0003
vn -1.0000 -0.0031 -0.0003
vn 1.0000 -0.0028 -0.0059
vn -1.0000 -0.0030 0.0025
vn 1.0000 0.0031 0.0014
vn -1.0000 -0.0030 0.0001
vn 1.0000 -0.0030 0.0009
vn 1.0000 -0.0069 0.0010
vn 1.0000 -0.0071 -0.0003
vn -1.0000 0.0007 0.0034
vn -1.0000 -0.0005 -0.0028
vn 1.0000 0.0006 0.0033
vn 1.0000 -0.0030 -0.0004
vn -1.0000 0.0024 0.0024
vn -1.0000 0.0025 0.0021
vn 1.0000 0.0024 0.0024
vn -1.0000 0.0021 0.0037
vn 1.0000 -0.0010 -0.0018
vn 1.0000 0.0020 0.0037
vn -1.0000 -0.0047 -0.0009
vn -1.0000 0.0042 -0.0000
vn 1.0000 0.0044 0.0001
vn 1.0000 -0.0050 -0.0009
vn -1.0000 0.0014 -0.0026
vn 1.0000 0.0028 -0.0020
vn 1.0000 -0.0029 0.0047
vn -1.0000 -0.0097 0.0020
vn -1.0000 -0.0038 0.0032
vn -1.0000 -0.0017 0.0024
vn 1.0000 0.0012 -0.0028
vn 0.9999 -0.0107 0.0021
vn 1.0000 0.0035 -0.0001
vn 1.0000 0.0012 -0.0008
vn 1.0000 -0.0042 0.0025
vn -1.0000 -0.0021 0.0027
vn 1.0000 -0.0024 0.0010
vn 1.0000 -0.0004 0.0034
vn -1.0000 0.0004 0.0035
vn 1.0000 -0.0025 0.0021
vn -1.0000 -0.0032 0.0030
vn -1.0000 0.0056 0.0005
vn -1.0000 0.0012 0.0049
vn 1.0000 0.0013 0.0048
vn 1.0000 -0.0034 0.0025
vn -1.0000 0.0010 -0.0044
vn -1.0000 0.0004 -0.0032
vn 1.0000 0.0003 -0.0031
vn -1.0000 -0.0028 -0.0003
vn 1.0000 0.0033 0.0019
vn -1.0000 0.0032 0.0017
vn -1.0000 0.0018 0.0021
vn -1.0000 0.0016 0.0023
vn 1.0000 0.0015 0.0022
vn -1.0000 0.0024 0.0018
vn -1.0000 0.0022 0.0018
vn 1.0000 0.0023 0.0018
vn -1.0000 -0.0010 0.0029
vn -1.0000 0.0010 -0.0029
vn 1.0000 0.0010 -0.0028
vn -1.0000 0.0018 -0.0033
vn -1.0000 -0.0010 0.0021
vn 1.0000 -0.0010 0.0021
vn 1.0000 0.0017 -0.0034
vn 1.0000 -0.0004 0.0029
vn 1.0000 0.0011 -0.0029
vn 1.0000 -0.0030 -0.0008
vn -1.0000 -0.0009 0.0029
vn -0.9306 -0.2317 0.2833
vn -0.9381 -0.3074 0.1593
vn -0.7183 -0.4400 0.5390
vn -0.7335 -0.6033 0.3129
vn -0.4045 -0.8119 0.4208
vn -0.3914 -0.5814 0.7133
vn -0.9381 -0.3075 0.1592
vn -0.9300 -0.3667 0.0265
vn -0.7335 -0.6034 0.3129
vn -0.7171 -0.6954 0.0478
vn -0.4045 -0.8120 0.4208
vn -0.3904 -0.9186 0.0616
vn -0.9181 -0.2224 0.3280
vn -0.6930 -0.4050 0.5965
vn -0.3698 -0.5224 0.7684
vn -0.9321 0.3620 0.0145
vn -0.9454 0.2584 0.1985
vn -0.7200 0.6934 0.0284
vn -0.7500 0.5133 0.4172
vn -0.4192 0.6982 0.5804
vn -0.3926 0.9189 0.0378
vn -0.9314 0.0669 0.3578
vn -0.7185 0.1273 0.6838
vn -0.3906 0.1681 0.9051
vn -0.9237 0.3831 0.0008
vn -0.3829 0.9238 0.0003
vn -0.9345 0.0873 -0.3450
vn -0.9467 0.2461 -0.2076
vn -0.7257 0.1679 -0.6673
vn -0.4229 0.6930 -0.5838
vn -0.3975 0.2227 -0.8902
vn -0.9467 0.2462 -0.2076
vn -0.9331 0.3571 -0.0428
vn -0.7230 0.6861 -0.0812
vn -0.4229 0.6931 -0.5837
vn -0.3953 0.9123 -0.1069
vn -0.9237 0.0420 -0.3808
vn -0.7072 0.0776 -0.7028
vn -0.9382 -0.3413 -0.0579
vn -0.9597 -0.1463 -0.2400
vn -0.7329 -0.6716 -0.1084
vn -0.7897 -0.3139 -0.5271
vn -0.4614 -0.4508 -0.7641
vn -0.4041 -0.9036 -0.1420
vn -0.9392 0.1322 -0.3170
vn -0.7346 0.2650 -0.6246
vn -0.4045 0.3605 -0.8405
vn -0.9238 -0.3829 -0.0056
vn -0.7072 -0.7070 -0.0043
vn -0.3831 -0.9237 -0.0023
vn -0.9237 0.3830 -0.0003
vn -0.7072 0.7070 -0.0002
vn -0.3829 0.9238 -0.0001
vn -0.9236 -0.3833 -0.0010
vn -0.7070 -0.7072 -0.0007
vn -0.3824 -0.9240 -0.0003
vn -0.9238 -0.3828 0.0023
vn -0.7074 -0.7068 0.0018
vn -0.3826 -0.9239 0.0010
vn -0.9238 0.3829 0.0003
vn -0.7072 0.7071 0.0002
vn -0.5721 -0.8150 -0.0916
vn -0.2769 -0.9550 -0.1065
vn -0.1060 -0.9883 -0.1093
vn 0.0100 -0.9885 0.1507
vn 0.0219 -0.9880 0.1529
vn 0.0712 -0.9852 0.1559
vn -0.9202 0.0737 0.3844
vn -0.7023 0.1341 0.6991
vn -0.3792 0.1743 0.9087
vn -0.9238 -0.3776 -0.0634
vn -0.9240 -0.3771 -0.0640
vn -0.7071 -0.6973 -0.1174
vn -0.7073 -0.6970 -0.1183
vn -0.3825 -0.9110 -0.1545
vn -0.3829 -0.9110 -0.1534
vn -0.8854 -0.4588 -0.0742
vn -0.6196 -0.7749 -0.1247
vn -0.3080 -0.9394 -0.1507
vn -0.9204 0.2804 0.2724
vn -0.9216 0.2948 0.2523
vn -0.7026 0.5103 0.4959
vn -0.7043 0.5393 0.4617
vn -0.3808 0.7024 0.6013
vn -0.3797 0.6634 0.6448
vn -0.9182 0.1912 0.3470
vn -0.7013 0.3440 0.6244
vn -0.3796 0.4464 0.8103
vn -0.3516 -0.5268 0.7738
vn -0.6662 -0.4193 0.6167
vn -0.8982 -0.2469 0.3637
vn -0.9236 0.2012 -0.3263
vn -0.7071 0.3715 -0.6016
vn -0.3830 0.4854 -0.7860
vn -0.9249 0.2075 -0.3187
vn -0.7087 0.3850 -0.5911
vn -0.3840 0.5040 -0.7736
vn -0.3825 -0.7837 0.4893
vn -0.6984 -0.6068 0.3796
vn -0.9138 -0.3441 0.2157
vn -0.9277 -0.2507 0.2767
vn -0.9298 -0.3021 0.2104
vn -0.7135 -0.4737 0.5162
vn -0.7169 -0.5737 0.3962
vn -0.3904 -0.7584 0.5219
vn -0.3877 -0.6251 0.6774
vn -0.9273 -0.3408 0.1548
vn -0.3870 -0.8395 0.3814
vn -0.9285 -0.0844 0.3616
vn -0.9283 -0.1494 0.3406
vn -0.7145 -0.1568 0.6819
vn -0.7140 -0.2812 0.6412
vn -0.3880 -0.3705 0.8439
vn -0.9278 -0.2038 0.3125
vn -0.7132 -0.3847 0.5860
vn -0.3871 -0.5072 0.7701
vn -0.9274 -0.0227 0.3734
vn -0.7127 -0.0390 0.7004
vn -0.3872 -0.0494 0.9207
vn -0.9256 0.0917 0.3672
vn -0.9256 0.0590 0.3739
vn -0.7099 0.1114 0.6954
vn -0.3849 0.1470 0.9112
vn -0.3850 0.2214 0.8960
vn -0.9261 0.0235 0.3766
vn -0.7106 0.0474 0.7020
vn -0.3854 0.0642 0.9205
vn -0.9236 0.0420 -0.3810
vn -0.3828 0.1014 -0.9183
vn -0.9224 0.1304 -0.3635
vn -0.9212 0.0881 -0.3789
vn -0.7053 0.2394 -0.6673
vn -0.7040 0.1609 -0.6918
vn -0.3806 0.2095 -0.9007
vn -0.3815 0.3122 -0.8700
vn -0.9224 0.0432 -0.3838
vn -0.7052 0.0792 -0.7046
vn -0.3815 0.1033 -0.9186
vn -0.9237 0.1302 -0.3604
vn -0.7071 0.2402 -0.6651
vn -0.3827 0.3139 -0.8689
vn -0.9246 -0.3776 -0.0506
vn -0.9242 -0.3773 -0.0601
vn -0.7084 -0.6995 -0.0940
vn -0.7073 -0.6981 -0.1112
vn -0.3832 -0.9122 -0.1454
vn -0.3837 -0.9153 -0.1228
vn -0.9255 -0.3785 -0.0099
vn -0.9249 -0.3786 -0.0336
vn -0.7097 -0.7043 -0.0179
vn -0.7090 -0.7025 -0.0622
vn -0.3841 -0.9197 -0.0814
vn -0.3847 -0.9228 -0.0233
vn -0.9263 -0.3723 0.0580
vn -0.9259 -0.3773 0.0214
vn -0.7110 -0.6946 0.1098
vn -0.7099 -0.7031 0.0409
vn -0.3851 -0.9213 0.0538
vn -0.3857 -0.9112 0.1450
vn -0.9271 -0.3605 0.1024
vn -0.7120 -0.6750 0.1935
vn -0.3865 -0.8864 0.2548
vn -0.9258 0.1483 0.3478
vn -0.9252 0.1208 0.3597
vn -0.7101 0.2743 0.6485
vn -0.7093 0.2224 0.6690
vn -0.3845 0.2899 0.8764
vn -0.3848 0.3583 0.8506
vn -0.9265 0.2203 0.3049
vn -0.9268 0.1800 0.3297
vn -0.7116 0.3357 0.6172
vn -0.3861 0.4399 0.8108
vn -0.3860 0.5403 0.7477
vn -0.9256 0.2893 0.2443
vn -0.9272 0.2559 0.2736
vn -0.7100 0.5381 0.4542
vn -0.7126 0.4786 0.5130
vn -0.3869 0.6290 0.6743
vn -0.3848 0.7053 0.5953
vn -0.9243 0.3026 0.2328
vn -0.7078 0.5599 0.4307
vn -0.3836 0.7319 0.5632
vn -0.9223 0.2187 -0.3185
vn -0.7051 0.4010 -0.5848
vn -0.3814 0.5227 -0.7624
vn -0.9238 0.1302 -0.3600
vn -0.7071 0.2402 -0.6650
vn -0.3825 0.3138 -0.8690
vn -0.9210 0.1786 -0.3461
vn -0.7038 0.3254 -0.6315
vn -0.3806 0.4237 -0.8220
vn -0.9223 0.1329 -0.3629
vn -0.7051 0.2437 -0.6659
vn -0.3814 0.3176 -0.8681
vn -0.9237 0.0420 -0.3809
vn -0.7073 0.0776 -0.7027
vn -0.3827 0.1014 -0.9183
vn -0.9238 0.1302 -0.3602
vn -0.7071 0.2401 -0.6651
vn -0.3828 0.3138 -0.8689
vn 0.9240 -0.3824 0.0023
vn 0.9301 -0.3663 0.0265
vn 0.7072 -0.7071 0.0018
vn 0.7168 -0.6956 0.0478
vn 0.3900 -0.9187 0.0616
vn 0.3827 -0.9239 0.0010
vn 0.9385 -0.3066 0.1590
vn 0.7333 -0.6037 0.3128
vn 0.4043 -0.8120 0.4209
vn 0.9309 -0.2311 0.2829
vn 0.7183 -0.4399 0.5390
vn 0.4043 -0.8120 0.4210
vn 0.3911 -0.5815 0.7134
vn 0.0010 -0.8878 0.4601
vn 0.9204 0.0736 0.3839
vn 0.9317 0.0668 0.3570
vn 0.7022 0.1341 0.6992
vn 0.7183 0.1274 0.6840
vn 0.3909 0.1680 0.9050
vn 0.3795 0.1742 0.9086
vn 0.9459 0.2575 0.1973
vn 0.7510 0.5124 0.4163
vn 0.4207 0.6976 0.5799
vn 0.9324 0.3612 0.0145
vn 0.7205 0.6928 0.0284
vn 0.3929 0.9188 0.0377
vn 0.9241 0.3821 -0.0003
vn 0.9334 0.3562 -0.0427
vn 0.7070 0.7072 -0.0002
vn 0.7227 0.6863 -0.0811
vn 0.3948 0.9125 -0.1068
vn 0.3827 0.9239 -0.0001
vn 0.9470 0.2455 -0.2071
vn 0.7531 0.5032 -0.4239
vn 0.4226 0.6933 -0.5838
vn 0.9470 0.2454 -0.2071
vn 0.9348 0.0872 -0.3443
vn 0.7530 0.5031 -0.4240
vn 0.7255 0.1678 -0.6675
vn 0.4226 0.6932 -0.5838
vn 0.3973 0.2227 -0.8903
vn 0.0010 0.2419 -0.9703
vn 0.9239 0.2009 -0.3255
vn 0.9396 0.1315 -0.3161
vn 0.7071 0.3716 -0.6016
vn 0.7348 0.2649 -0.6244
vn 0.4048 0.3605 -0.8404
vn 0.3825 0.4857 -0.7860
vn 0.9601 -0.1459 -0.2388
vn 0.7904 -0.3133 -0.5265
vn 0.4623 -0.4505 -0.7637
vn 0.9385 -0.3405 -0.0578
vn 0.7332 -0.6713 -0.1084
vn 0.4042 -0.9036 -0.1419
vn 0.0010 -0.9883 -0.1525
vn 0.9241 0.3822 0.0002
vn 0.7067 0.7076 0.0002
vn 0.3826 0.9239 0.0001
vn 0.9240 -0.3823 -0.0056
vn 0.7074 -0.7068 -0.0043
vn 0.3828 -0.9238 -0.0023
vn 0.9239 -0.3827 -0.0008
vn 0.7068 -0.7074 -0.0006
vn 0.3821 -0.9241 -0.0002
vn 0.9241 0.3822 0.0008
vn 0.3827 0.9239 0.0003
vn -0.0750 -0.9849 0.1559
vn -0.3574 -0.9297 0.0891
vn -0.0225 -0.9880 0.1530
vn -0.1491 -0.9844 0.0929
vn -0.0669 -0.9934 0.0931
vn -0.0101 -0.9885 0.1507
vn -0.2625 -0.9648 -0.0179
vn -0.1218 -0.9924 -0.0177
vn -0.0673 -0.9976 -0.0165
vn 0.9184 0.1907 0.3465
vn 0.7010 0.3442 0.6246
vn 0.3793 0.4465 0.8104
vn 0.5664 -0.8190 -0.0919
vn 0.8848 -0.4601 -0.0744
vn 0.2799 -0.9541 -0.1065
vn 0.6209 -0.7739 -0.1245
vn 0.3085 -0.9392 -0.1507
vn 0.1071 -0.9882 -0.1094
vn 0.9238 -0.3775 -0.0638
vn 0.7073 -0.6970 -0.1182
vn 0.3826 -0.9109 -0.1546
vn 0.9241 0.3029 0.2328
vn 0.9217 0.2949 0.2521
vn 0.7076 0.5601 0.4309
vn 0.7042 0.5394 0.4618
vn 0.0009 0.7596 0.6503
vn 0.3808 0.7023 0.6015
vn 0.3831 0.7322 0.5632
vn 0.9205 0.2804 0.2721
vn 0.7024 0.5104 0.4960
vn 0.3795 0.6633 0.6449
vn 0.9250 0.2075 -0.3183
vn 0.7085 0.3854 -0.5912
vn 0.3837 0.5041 -0.7737
vn 0.9225 0.2183 -0.3182
vn 0.7049 0.4012 -0.5849
vn 0.3811 0.5228 -0.7625
vn 0.8982 -0.2471 0.3635
vn 0.9141 -0.3439 0.2149
vn 0.6661 -0.4193 0.6169
vn 0.6983 -0.6070 0.3794
vn 0.0009 -0.5625 0.8268
vn 0.3823 -0.7839 0.4893
vn 0.3515 -0.5264 0.7741
vn 0.9212 0.1785 -0.3458
vn 0.7036 0.3257 -0.6315
vn 0.3802 0.4241 -0.8219
vn 0.9182 -0.2224 0.3277
vn 0.6928 -0.4050 0.5966
vn 0.3697 -0.5221 0.7686
vn 0.0009 -0.5620 0.8272
vn 0.9271 -0.3605 0.1025
vn 0.9276 -0.3402 0.1545
vn 0.7120 -0.6750 0.1933
vn 0.7128 -0.6385 0.2902
vn 0.3868 -0.8396 0.3814
vn 0.3863 -0.8864 0.2551
vn 0.9302 -0.3012 0.2099
vn 0.7170 -0.5735 0.3962
vn 0.3901 -0.7585 0.5220
vn 0.0009 -0.8242 0.5662
vn 0.9282 -0.2496 0.2760
vn 0.9276 -0.2038 0.3131
vn 0.7135 -0.4739 0.5161
vn 0.7130 -0.3847 0.5862
vn 0.3875 -0.5070 0.7700
vn 0.3875 -0.6253 0.6774
vn 0.9283 -0.1494 0.3404
vn 0.7141 -0.2814 0.6410
vn 0.3881 -0.3703 0.8440
vn 0.9286 -0.0844 0.3614
vn 0.7146 -0.1568 0.6817
vn 0.3885 -0.2055 0.8982
vn 0.9276 -0.0227 0.3729
vn 0.9263 0.0235 0.3761
vn 0.7128 -0.0390 0.7003
vn 0.3852 0.0642 0.9206
vn 0.3870 -0.0494 0.9208
vn 0.9258 0.0587 0.3734
vn 0.7099 0.1113 0.6955
vn 0.3846 0.1469 0.9113
vn 0.9240 0.0420 -0.3801
vn 0.7072 0.0776 -0.7027
vn 0.3825 0.1014 -0.9184
vn 0.9240 0.0420 -0.3802
vn 0.9227 0.0431 -0.3832
vn 0.7049 0.0793 -0.7048
vn 0.3813 0.1033 -0.9187
vn 0.9213 0.0881 -0.3787
vn 0.7034 0.1611 -0.6923
vn 0.3805 0.2095 -0.9007
vn 0.9227 0.1302 -0.3629
vn 0.7050 0.2395 -0.6675
vn 0.3813 0.3122 -0.8702
vn 0.9240 -0.3771 -0.0634
vn 0.9242 -0.3771 -0.0600
vn 0.7076 -0.6978 -0.1111
vn 0.3830 -0.9122 -0.1454
vn 0.9248 -0.3771 -0.0506
vn 0.7084 -0.6995 -0.0939
vn 0.9251 -0.3783 -0.0333
vn 0.7090 -0.7025 -0.0618
vn 0.3839 -0.9198 -0.0812
vn 0.0009 -0.9961 -0.0883
vn 0.9257 -0.3780 -0.0100
vn 0.7098 -0.7042 -0.0180
vn 0.3845 -0.9228 -0.0233
vn 0.9261 -0.3767 0.0211
vn 0.7102 -0.7028 0.0409
vn 0.3849 -0.9214 0.0539
vn 0.9267 -0.3714 0.0578
vn 0.7111 -0.6945 0.1098
vn 0.3854 -0.9113 0.1449
vn 0.9260 0.0913 0.3664
vn 0.7100 0.1693 0.6836
vn 0.3847 0.2214 0.8961
vn 0.9255 0.1211 0.3590
vn 0.7093 0.2224 0.6689
vn 0.3843 0.2899 0.8765
vn 0.0009 0.3130 0.9497
vn 0.9259 0.1484 0.3473
vn 0.7100 0.2742 0.6487
vn 0.3847 0.3583 0.8506
vn 0.9269 0.1800 0.3295
vn 0.7116 0.3355 0.6172
vn 0.9268 0.2200 0.3044
vn 0.7114 0.4116 0.5696
vn 0.3859 0.5404 0.7477
vn 0.9275 0.2548 0.2734
vn 0.7125 0.4785 0.5131
vn 0.3866 0.6291 0.6743
vn 0.9258 0.2889 0.2439
vn 0.7098 0.5382 0.4544
vn 0.3846 0.7054 0.5954
vn 0.9240 0.1299 -0.3597
vn 0.7068 0.2402 -0.6654
vn 0.3824 0.3138 -0.8691
vn 0.9226 0.1325 -0.3623
vn 0.7048 0.2438 -0.6661
vn 0.3811 0.3177 -0.8682
vn 0.9240 0.1299 -0.3596
vn 0.7068 0.2403 -0.6653
vn 0.3823 0.3139 -0.8691
vn 0.9239 0.0420 -0.3802
vn 0.7068 0.0776 -0.7032
vn 0.3822 0.1013 -0.9185
vn 0.9241 0.0420 -0.3797
vn 0.7069 0.0776 -0.7030
vn 0.9241 0.1299 -0.3594
vn 0.7071 0.2403 -0.6650
vn 0.3826 0.3138 -0.8690
vn -0.3795 0.6504 -0.6580
vn -0.3796 0.8187 -0.4308
vn -0.7014 0.5009 -0.5071
vn -0.9179 0.3512 -0.1848
vn -0.9183 0.2781 -0.2816
vn -0.9234 0.3839 0.0012
vn -0.7067 0.7075 -0.0004
vn -0.3825 0.9239 -0.0018
vn 0.3822 0.9241 -0.0018
vn 0.7064 0.7078 -0.0004
vn 0.9235 0.3837 0.0012
vn 0.9186 0.2777 -0.2811
vn 0.9181 0.3508 -0.1846
vn 0.7011 0.5013 -0.5071
vn 0.7010 0.6313 -0.3319
vn 0.3794 0.8189 -0.4307
vn 0.3792 0.6504 -0.6581
vn -0.3791 -0.9164 -0.1286
vn -0.6999 -0.7073 -0.0993
vn -0.9165 -0.3961 -0.0559
vn -0.9266 -0.0694 -0.3695
vn -0.7114 -0.1297 -0.6907
vn -0.3859 -0.1703 -0.9067
vn 0.3856 -0.1703 -0.9068
vn 0.7111 -0.1299 -0.6910
vn 0.9269 -0.0694 -0.3687
vn 0.9167 -0.3956 -0.0559
vn 0.6998 -0.7074 -0.0994
vn 0.3789 -0.9165 -0.1286
vn -0.3827 -0.9239 -0.0017
vn -0.9237 -0.3831 -0.0001
vn 0.9238 -0.3828 -0.0001
vn 0.3825 -0.9240 -0.0017
vn -0.3804 -0.3714 0.8470
vn -0.3808 -0.6978 0.6066
vn -0.7012 -0.2862 0.6529
vn -0.7014 -0.5380 0.4675
vn -0.9168 -0.3013 0.2622
vn -0.9170 -0.1600 0.3655
vn -0.9228 -0.3853 0.0006
vn -0.7057 -0.7085 0.0014
vn -0.3818 -0.9243 0.0020
vn 0.3816 -0.9243 0.0019
vn 0.9231 -0.3845 0.0006
vn 0.9171 -0.1599 0.3651
vn 0.9169 -0.3011 0.2618
vn 0.7011 -0.2861 0.6531
vn 0.7015 -0.5377 0.4678
vn 0.3807 -0.6978 0.6068
vn 0.3802 -0.3713 0.8471
vn -0.3815 -0.1077 0.9181
vn -0.7053 -0.0826 0.7040
vn -0.9224 -0.0450 0.3836
vn 0.9226 -0.0449 0.3830
vn 0.7051 -0.0826 0.7042
vn 0.3813 -0.1077 0.9181
vn -0.3846 0.8392 0.3844
vn -0.7049 0.6452 0.2947
vn -0.9168 0.3637 0.1651
vn 0.9170 0.3633 0.1649
vn 0.7047 0.6454 0.2948
vn 0.3845 0.8393 0.3844
vn -0.3816 0.9242 0.0153
vn -0.7050 0.7092 0.0094
vn -0.9220 0.3871 0.0021
vn 0.9224 0.3863 0.0021
vn 0.7049 0.7092 0.0094
vn 0.3813 0.9243 0.0153
vn -0.3824 0.9240 -0.0007
vn -0.7070 0.7072 -0.0006
vn -0.9237 0.3831 -0.0008
vn 0.9239 0.3827 -0.0008
vn 0.7068 0.7074 -0.0007
vn 0.3821 0.9241 -0.0007
vn -0.7071 -0.7071 0.0002
vn -0.9238 -0.3829 0.0003
vn 0.9240 -0.3825 0.0003
vn 0.7069 -0.7073 0.0002
vn 0.3825 -0.9239 0.0001
vn -0.0147 0.9909 -0.1342
vn -0.0298 0.9909 -0.1311
vn -0.0222 0.9916 -0.1275
vn -0.9344 -0.1724 -0.3118
vn -0.7256 -0.3330 -0.6021
vn -0.3976 -0.4440 -0.8029
vn 0.3974 -0.4440 -0.8031
vn 0.7254 -0.3330 -0.6024
vn 0.9347 -0.1720 -0.3111
vn -0.5840 0.8068 0.0892
vn -0.2750 0.9554 0.1071
vn -0.1277 0.9855 0.1116
vn 0.1280 0.9855 0.1116
vn 0.2781 0.9546 0.1071
vn 0.5839 0.8069 0.0891
vn -0.9249 -0.2154 0.3134
vn -0.7086 -0.3997 0.5814
vn -0.3840 -0.5231 0.7609
vn 0.3837 -0.5231 0.7610
vn 0.7085 -0.3997 0.5815
vn 0.9250 -0.2152 0.3130
vn 0.3846 0.5041 -0.7732
vn 0.4216 0.7686 -0.4812
vn 0.7156 0.3817 -0.5850
vn 0.7497 0.5615 -0.3504
vn 0.9477 0.2710 -0.1687
vn 0.9358 0.1926 -0.2952
vn 0.3685 0.5107 -0.7768
vn 0.6910 0.3973 -0.6039
vn 0.9173 0.2189 -0.3327
vn -0.3803 0.6313 -0.6759
vn -0.7030 0.4869 -0.5185
vn -0.9205 0.2690 -0.2835
vn 0.9207 0.2687 -0.2832
vn 0.7032 0.4864 -0.5186
vn 0.3801 0.6316 -0.6757
vn -0.3801 0.2058 -0.9018
vn -0.7028 0.1577 -0.6937
vn -0.9201 0.0857 -0.3821
vn 0.9202 0.0859 -0.3819
vn 0.3801 0.2059 -0.9018
vn -0.3805 0.0493 -0.9235
vn -0.9207 0.0183 -0.3899
vn 0.9209 0.0183 -0.3894
vn 0.7033 0.0366 -0.7099
vn 0.3804 0.0493 -0.9235
vn -0.3840 -0.3135 0.8685
vn -0.7089 -0.2395 0.6635
vn -0.9250 -0.1290 0.3575
vn 0.9253 -0.1288 0.3568
vn 0.7086 -0.2396 0.6637
vn 0.3838 -0.3136 0.8685
vn -0.3827 -0.3140 0.8689
vn -0.7072 -0.2403 0.6650
vn -0.9236 -0.1302 0.3605
vn 0.9240 -0.1299 0.3598
vn 0.7071 -0.2404 0.6650
vn -0.9278 -0.1711 0.3316
vn -0.7130 -0.3214 0.6232
vn -0.3873 -0.4229 0.8192
vn 0.3871 -0.4228 0.8194
vn 0.7131 -0.3213 0.6231
vn 0.9279 -0.1711 0.3313
vn -0.3831 -0.3137 0.8688
vn -0.7071 -0.2402 0.6651
vn -0.9237 -0.1302 0.3603
vn 0.9240 -0.1299 0.3597
vn 0.7069 -0.2402 0.6653
vn 0.3825 -0.3139 0.8690
vn -0.9249 -0.1300 0.3574
vn -0.7086 -0.2413 0.6631
vn -0.3840 -0.3156 0.8677
vn 0.3834 -0.3157 0.8679
vn 0.7083 -0.2413 0.6634
vn 0.9251 -0.1298 0.3568
vn -0.3826 -0.1013 0.9183
vn -0.7071 -0.0775 0.7029
vn -0.9237 -0.0420 0.3807
vn 0.9240 -0.0419 0.3800
vn 0.7069 -0.0775 0.7030
vn 0.3825 -0.1013 0.9184
vn -0.3827 -0.3137 0.8690
vn -0.7070 -0.2402 0.6652
vn -0.9237 -0.1301 0.3602
vn 0.9240 -0.1299 0.3596
vn 0.7070 -0.2402 0.6652
vn 0.3826 -0.3137 0.8690
vn -0.0000 -0.7867 0.6173
vn -0.0000 -0.8109 0.5852
vn 0.0003 -0.8107 0.5854
vn -0.0000 -0.7869 0.6171
vn -0.0000 -0.0741 0.9973
vn -0.0000 -0.3270 0.9450
vn 0.0001 -0.3277 0.9448
vn 0.0001 -0.0747 0.9972
vn -0.0000 -0.3046 0.9525
vn -0.0000 -0.3006 0.9537
vn -0.0000 -0.2917 0.9565
vn -0.0000 -0.2881 0.9576
vn -0.0000 -0.2033 0.9791
vn -0.0000 -0.2086 0.9780
vn -0.0000 -0.2032 0.9791
vn -0.0000 -0.1652 0.9863
vn -0.0000 -0.1594 0.9872
vn -0.0000 -0.1595 0.9872
vn -0.0000 -0.0481 0.9988
vn -0.0000 -0.0420 0.9991
vn -0.0000 -0.0062 1.0000
vn -0.0000 0.0100 1.0000
vn -0.0000 0.0099 1.0000
vn -0.0000 -0.2060 0.9785
vn -0.0000 -0.1922 0.9814
vn -0.0000 -0.5686 0.8226
vn -0.0000 -0.5550 0.8319
vn -0.0000 -0.5685 0.8227
vn -0.0000 -0.8007 0.5991
vn -0.0000 -0.7912 0.6116
vn -0.0000 -0.7909 0.6119
vn -0.0000 -0.8004 0.5995
vn -0.0000 -0.9187 0.3950
vn -0.0000 -0.9125 0.4091
vn -0.0000 -0.9124 0.4092
vn -0.0000 -0.9186 0.3952
vn -0.0000 -0.9959 0.0903
vn -0.0000 -0.9942 0.1075
vn -0.0000 -0.9991 -0.0431
vn -0.0000 -0.9980 0.0639
vn -0.0000 -0.9957 -0.0931
vn -0.0000 -0.9979 -0.0641
vn -0.0000 -0.9979 -0.0640
vn -0.0000 -0.9899 -0.1421
vn -0.0000 -0.9934 -0.1150
vn -0.0000 -0.9899 -0.1420
vn -0.0000 -0.9972 -0.0743
vn -0.0000 -0.9973 -0.0730
vn -0.0000 -0.9965 -0.0833
vn -0.0001 -0.9830 0.1834
vn -0.0000 -0.9696 0.2445
vn 0.0002 -0.9696 0.2446
vn -0.0000 -0.9830 0.1834
vn -0.0000 0.9478 0.3190
vn -0.0000 0.9477 0.3190
vn -0.0000 0.8063 0.5916
vn -0.0000 0.8060 0.5920
vn -0.0000 -0.5980 0.8015
vn 0.0001 -0.5984 0.8012
vn -0.0000 1.0000 0.0016
vn -0.0000 0.9998 -0.0206
vn -0.0000 0.9998 -0.0207
vn -0.0000 1.0000 0.0017
vn -0.0000 0.4668 0.8843
vn -0.0000 0.4676 0.8839
vn -0.0000 0.1611 0.9869
vn 0.0001 0.1603 0.9871
vn -0.0000 0.6067 -0.7949
vn -0.0000 0.7748 -0.6322
vn -0.0000 0.7746 -0.6324
vn -0.0000 0.6066 -0.7950
vn -0.0000 -0.0475 -0.9989
vn -0.0000 -0.0477 -0.9989
vn -0.0000 -0.3062 -0.9520
vn -0.0000 -0.3061 -0.9520
vn -0.0000 0.3007 -0.9537
vn -0.0000 0.3046 -0.9525
vn -0.0000 0.3006 -0.9537
vn -0.0000 0.2881 -0.9576
vn -0.0000 0.2917 -0.9565
vn -0.0000 0.2087 -0.9780
vn -0.0000 0.2033 -0.9791
vn -0.0000 0.2086 -0.9780
vn -0.0000 0.1595 -0.9872
vn -0.0000 0.1652 -0.9863
vn -0.0000 0.0420 -0.9991
vn -0.0000 0.0481 -0.9988
vn -0.0000 -0.0100 -1.0000
vn -0.0000 0.0062 -1.0000
vn -0.0000 -0.0099 -1.0000
vn -0.0000 0.1922 -0.9814
vn -0.0000 0.2060 -0.9785
vn -0.0000 0.5550 -0.8319
vn -0.0000 0.5685 -0.8227
vn -0.0000 0.5686 -0.8226
vn -0.0000 0.7914 -0.6113
vn -0.0000 0.8009 -0.5988
vn -0.0000 0.8006 -0.5992
vn -0.0000 0.7912 -0.6116
vn -0.0000 0.9126 -0.4089
vn -0.0000 0.9188 -0.3948
vn -0.0000 0.9187 -0.3950
vn -0.0000 0.9125 -0.4091
vn -0.0000 0.9942 -0.1075
vn -0.0000 0.9959 -0.0903
vn -0.0000 0.9980 -0.0639
vn -0.0000 0.9991 0.0431
vn -0.0000 0.9979 0.0641
vn -0.0000 0.9957 0.0931
vn -0.0001 0.9979 0.0640
vn -0.0000 0.9934 0.1150
vn -0.0000 0.9899 0.1420
vn -0.0000 0.9899 0.1421
vn -0.0000 0.9973 0.0730
vn -0.0000 0.9972 0.0743
vn -0.0000 0.9979 0.0640
vn -0.0000 0.9965 0.0833
vn -0.0002 0.9696 -0.2445
vn -0.0000 0.9831 -0.1833
vn -0.0000 0.9830 -0.1834
vn -0.0000 0.9696 -0.2445
vn -0.0000 -0.9248 -0.3806
vn -0.0000 -0.9937 -0.1117
vn -0.0000 -0.9937 -0.1116
vn -0.0000 -0.9248 -0.3805
vn -0.0000 0.4173 -0.9088
vn -0.0000 0.4171 -0.9089
vn -0.0000 0.2063 -0.9785
vn -0.0000 0.2065 -0.9784
vn -0.0000 -0.9995 0.0313
vn 0.0001 -0.9995 0.0314
vn -0.0000 -0.5437 -0.8393
vn -0.0000 -0.7652 -0.6438
vn -0.0000 -0.7651 -0.6439
vn -0.0000 -0.5436 -0.8393
vn -0.0000 0.5996 0.8003
vn -0.0000 0.6278 0.7783
vn -0.0000 0.6279 0.7783
vn -0.0000 -0.0149 0.9999
vn -0.0000 -0.0494 0.9988
vn -0.0000 -0.0148 0.9999
vn -0.0000 0.9479 0.3184
vn -0.0000 0.9580 0.2867
vn -0.0000 -0.9580 -0.2867
vn -0.0000 -0.9479 -0.3184
vn -0.0000 -0.9479 -0.3185
vn -0.0000 0.9521 0.3058
vn -0.0000 0.9618 0.2739
vn -0.0000 -0.9618 -0.2739
vn -0.0000 -0.9521 -0.3058
vn -0.0000 -0.9819 -0.1896
vn -0.0000 -0.9750 -0.2222
vn -0.0000 0.9750 0.2222
vn -0.0000 0.9819 0.1896
vn -0.0000 0.9839 0.1788
vn -0.0000 0.9893 0.1459
vn -0.0000 0.9839 0.1787
vn -0.0000 -0.9893 -0.1459
vn -0.0000 -0.9839 -0.1787
vn -0.0000 0.9981 0.0617
vn -0.0000 0.9996 0.0284
vn -0.0000 -0.9996 -0.0284
vn -0.0000 -0.9981 -0.0617
vn -0.0000 0.9999 0.0148
vn -0.0000 0.9998 -0.0185
vn -0.0000 -0.9998 0.0185
vn -0.0000 -0.9999 -0.0148
vn -0.0000 0.9765 0.2154
vn -0.0000 0.9832 0.1827
vn -0.0000 0.9832 0.1828
vn 0.0001 0.9765 0.2154
vn -0.0000 -0.9832 -0.1828
vn -0.0000 -0.9765 -0.2154
vn -0.0000 -0.9832 -0.1827
vn -0.0000 0.8178 0.5755
vn -0.0000 0.8365 0.5479
vn -0.0000 -0.8365 -0.5479
vn -0.0000 -0.8178 -0.5755
vn -0.0000 0.5921 0.8059
vn -0.0000 0.6186 0.7857
vn -0.0000 0.6185 0.7858
vn -0.0000 0.5922 0.8058
vn -0.0000 -0.6187 -0.7857
vn -0.0000 -0.5920 -0.8060
vn -0.0000 -0.5920 -0.8059
vn -0.0000 -0.6186 -0.7857
vn -0.0000 0.3868 0.9222
vn -0.0000 0.4172 0.9088
vn -0.0000 -0.4173 -0.9088
vn -0.0000 -0.3867 -0.9222
vn -0.0000 -0.4172 -0.9088
vn -0.0000 0.0823 0.9966
vn -0.0000 0.1154 0.9933
vn -0.0000 -0.1154 -0.9933
vn -0.0000 -0.0823 -0.9966
vn -0.0000 0.0270 0.9996
vn -0.0000 0.0271 0.9996
vn -0.0000 -0.0270 -0.9996
vn -0.0000 0.0063 -1.0000
vn -0.0000 -0.0952 0.9955
vn -0.0000 -0.0620 0.9981
vn -0.0000 0.0620 -0.9981
vn -0.0000 0.0952 -0.9955
vn -0.0000 -0.1450 0.9894
vn -0.0000 -0.1121 0.9937
vn -0.0000 -0.1120 0.9937
vn -0.0000 0.1120 -0.9937
vn -0.0000 0.1450 -0.9894
vn -0.0000 0.1451 -0.9894
vn -0.0000 -0.0902 0.9959
vn -0.0000 -0.0570 0.9984
vn -0.0000 -0.0571 0.9984
vn -0.0000 0.0571 -0.9984
vn -0.0000 0.0903 -0.9959
vn -0.0000 -0.0903 0.9959
vn -0.0000 0.0570 -0.9984
vn -0.0000 0.0902 -0.9959
vn -0.0000 0.1978 0.9802
vn -0.0000 0.2303 0.9731
vn -0.0000 -0.2303 -0.9731
vn -0.0000 -0.1978 -0.9802
vn -0.0000 -0.5278 0.8493
vn -0.0000 -0.5279 0.8493
vn -0.0000 -0.5280 0.8492
vn -0.0000 -0.8818 0.4716
vn -0.0000 -0.8819 0.4715
vn -0.0000 0.9267 0.3758
vn -0.0000 0.9266 0.3760
vn -0.0000 0.9904 -0.1379
vn -0.0000 0.9905 -0.1375
vn -0.0000 0.8547 -0.5191
vn -0.0000 -0.2145 -0.9767
vn -0.0000 -0.6741 -0.7387
vn -0.0000 0.9767 -0.2144
vn -0.0000 0.7387 -0.6741
vn -0.0000 -0.2275 -0.9738
vn -0.0000 -0.6839 -0.7296
vn -0.0000 0.9738 -0.2275
vn -0.0000 0.7296 -0.6839
vn -0.0000 0.6676 -0.7445
vn -0.0000 0.9504 -0.3109
vn -0.0000 -0.7445 -0.6676
vn -0.0000 -0.3109 -0.9504
vn -0.0000 -0.3528 -0.9357
vn -0.0000 -0.7734 -0.6340
vn -0.0000 -0.7733 -0.6340
vn -0.0000 0.9357 -0.3528
vn -0.0000 0.6340 -0.7734
vn -0.0000 0.6339 -0.7734
vn -0.0000 -0.4605 -0.8877
vn -0.0000 -0.8426 -0.5385
vn -0.0000 0.8877 -0.4605
vn -0.0000 0.5385 -0.8426
vn -0.0000 -0.5016 -0.8651
vn -0.0000 -0.8669 -0.4984
vn -0.0000 0.8651 -0.5016
vn -0.0000 0.4984 -0.8669
vn -0.0000 0.4984 -0.8670
vn -0.0000 -0.3176 -0.9482
vn -0.0000 -0.7491 -0.6624
vn -0.0000 0.9482 -0.3176
vn -0.0000 0.6624 -0.7491
vn -0.0000 0.0729 -0.9973
vn -0.0000 0.0728 -0.9973
vn -0.0000 -0.4356 -0.9002
vn -0.0000 0.9973 0.0728
vn -0.0000 0.9973 0.0729
vn -0.0000 0.9001 -0.4356
vn -0.0000 0.9002 -0.4356
vn -0.0000 0.3866 -0.9222
vn -0.0000 0.3925 -0.9197
vn -0.0000 -0.1263 -0.9920
vn -0.0000 -0.1227 -0.9924
vn -0.0000 0.9223 0.3866
vn -0.0000 0.9208 0.3901
vn -0.0000 0.9920 -0.1263
vn -0.0000 0.9928 -0.1199
vn -0.0000 0.5919 -0.8060
vn -0.0000 0.5944 -0.8041
vn -0.0000 0.1096 -0.9940
vn -0.0000 0.1114 -0.9938
vn -0.0000 0.8060 0.5919
vn -0.0000 0.8049 0.5934
vn -0.0000 0.9940 0.1096
vn -0.0000 0.9936 0.1127
vn -0.0000 0.8123 -0.5832
vn -0.0000 0.8124 -0.5832
vn -0.0000 0.4119 -0.9112
vn -0.0000 0.5832 0.8123
vn -0.0000 0.9112 0.4119
vn -0.0000 0.8608 -0.5090
vn -0.0000 0.4910 -0.8712
vn -0.0000 0.4909 -0.8712
vn -0.0000 0.5090 0.8608
vn -0.0000 0.8712 0.4910
vn -0.0000 0.9026 -0.4304
vn -0.0000 0.5665 -0.8240
vn -0.0000 0.4304 0.9026
vn -0.0000 0.8241 0.5665
vn -0.0000 0.8240 0.5665
vn -0.0000 0.9231 -0.3845
vn -0.0000 0.6072 -0.7946
vn -0.0000 0.6072 -0.7945
vn -0.0000 0.3845 0.9231
vn -0.0000 0.7946 0.6072
vn -0.0000 0.9005 -0.4349
vn -0.0000 0.9005 -0.4348
vn -0.0000 0.5624 -0.8268
vn -0.0000 0.4349 0.9005
vn -0.0000 0.4348 0.9005
vn -0.0000 0.8269 0.5624
vn -0.0000 0.5624 -0.8269
vn -0.0000 0.8268 0.5624
vn -0.0000 0.7389 -0.6738
vn -0.0000 0.7391 -0.6736
vn -0.0000 0.3030 -0.9530
vn -0.0000 0.3032 -0.9529
vn -0.0000 0.6738 0.7389
vn -0.0000 0.6737 0.7390
vn -0.0000 0.9530 0.3030
vn -0.0000 0.9529 0.3032
vn -0.0000 0.0838 0.9965
vn -0.0000 0.0832 0.9965
vn -0.0000 -0.4745 0.8803
vn -0.0000 -0.4753 0.8798
vn -0.0000 0.8775 0.4796
vn -0.0000 0.8776 0.4793
vn -0.0000 0.4960 0.8683
vn -0.0000 0.4961 0.8682
vn -0.0000 0.6741 0.7386
vn -0.0000 0.2145 0.9767
vn -0.0000 -0.9767 0.2144
vn -0.0000 -0.9767 0.2145
vn -0.0000 -0.7387 0.6741
vn -0.0000 0.6839 0.7296
vn -0.0000 0.2275 0.9738
vn -0.0000 -0.9738 0.2274
vn -0.0000 -0.9738 0.2275
vn -0.0000 -0.7295 0.6839
vn -0.0000 -0.7296 0.6839
vn -0.0000 -0.9505 0.3109
vn -0.0000 -0.9505 0.3108
vn -0.0000 -0.9504 0.3110
vn -0.0000 -0.6676 0.7445
vn -0.0000 0.7445 0.6676
vn -0.0000 0.7445 0.6677
vn -0.0000 0.3109 0.9504
vn -0.0000 0.7734 0.6340
vn -0.0000 0.3528 0.9357
vn -0.0000 -0.9357 0.3527
vn -0.0000 -0.9357 0.3528
vn -0.0000 -0.6340 0.7734
vn -0.0000 0.8426 0.5385
vn -0.0000 0.4605 0.8877
vn -0.0000 -0.8877 0.4605
vn -0.0000 -0.8877 0.4604
vn -0.0000 -0.8876 0.4605
vn -0.0000 -0.8876 0.4606
vn -0.0000 -0.5385 0.8426
vn -0.0000 0.8670 0.4984
vn -0.0000 0.8669 0.4984
vn -0.0000 0.5016 0.8651
vn -0.0000 -0.8651 0.5016
vn -0.0000 -0.8651 0.5017
vn -0.0000 -0.4984 0.8669
vn -0.0000 -0.4984 0.8670
vn -0.0000 0.7491 0.6624
vn -0.0000 0.3175 0.9482
vn -0.0000 -0.9483 0.3175
vn 0.0001 -0.9483 0.3175
vn -0.0000 -0.9482 0.3176
vn -0.0000 -0.6624 0.7492
vn -0.0000 -0.6624 0.7491
vn -0.0000 0.4355 0.9002
vn -0.0000 0.4356 0.9002
vn -0.0000 -0.0729 0.9973
vn -0.0000 -0.9973 -0.0729
vn -0.0000 -0.9002 0.4356
vn -0.0000 0.1301 0.9915
vn -0.0000 0.1263 0.9920
vn -0.0000 -0.3806 0.9247
vn -0.0000 -0.3866 0.9222
vn -0.0000 -0.9222 -0.3866
vn -0.0000 -0.9237 -0.3832
vn -0.0000 -0.9237 -0.3831
vn -0.0000 -0.9223 -0.3866
vn -0.0000 -0.9920 0.1263
vn -0.0000 -0.9912 0.1327
vn -0.0000 -0.1078 0.9942
vn -0.0000 -0.1096 0.9940
vn -0.0000 -0.5894 0.8078
vn -0.0000 -0.5919 0.8060
vn -0.0000 -0.8060 -0.5919
vn -0.0000 -0.8070 -0.5905
vn -0.0000 -0.8071 -0.5904
vn -0.0000 -0.9940 -0.1096
vn -0.0000 -0.9943 -0.1065
vn -0.0000 -0.4119 0.9112
vn -0.0000 -0.8124 0.5832
vn -0.0000 -0.5831 -0.8124
vn -0.0000 -0.5832 -0.8123
vn -0.0000 -0.9112 -0.4119
vn -0.0000 -0.9112 -0.4120
vn -0.0000 -0.4909 0.8712
vn -0.0000 -0.8608 0.5090
vn -0.0000 -0.5090 -0.8608
vn -0.0000 -0.5089 -0.8608
vn -0.0000 -0.5091 -0.8607
vn -0.0000 -0.5090 -0.8607
vn -0.0000 -0.8712 -0.4909
vn -0.0000 -0.5665 0.8241
vn -0.0000 -0.9026 0.4304
vn -0.0000 -0.4304 -0.9026
vn -0.0000 -0.8240 -0.5666
vn -0.0000 -0.8241 -0.5665
vn -0.0000 -0.6072 0.7946
vn -0.0000 -0.9231 0.3845
vn -0.0000 -0.3845 -0.9231
vn -0.0000 -0.3846 -0.9231
vn -0.0000 -0.7946 -0.6072
vn -0.0000 -0.5624 0.8268
vn -0.0000 -0.9005 0.4349
vn -0.0000 -0.4348 -0.9005
vn 0.0001 -0.4348 -0.9005
vn -0.0000 -0.4349 -0.9005
vn -0.0000 -0.8268 -0.5624
vn -0.0000 -0.8269 -0.5624
vn -0.0000 -0.3029 0.9530
vn -0.0000 -0.3030 0.9530
vn -0.0000 -0.7388 0.6739
vn -0.0000 -0.7389 0.6738
vn -0.0000 -0.6738 -0.7389
vn -0.0000 -0.6739 -0.7388
vn -0.0000 -0.9530 -0.3031
vn -0.0000 -0.9530 -0.3028
vn -0.0000 -0.9531 -0.3028
vn -0.0000 -0.9530 -0.3030
vn -0.0000 0.2144 0.9767
vn -0.0000 0.9479 0.3185
vn -0.0000 0.7386 -0.6741
vn -0.0000 -0.9617 -0.2739
vn -0.0000 0.2274 0.9738
vn -0.0000 0.9617 0.2739
vn -0.0000 0.2032 -0.9791
vn -0.0000 -0.7445 -0.6677
vn -0.0001 -0.9504 0.3110
vn -0.0000 0.1594 -0.9872
vn -0.0000 -0.6339 0.7734
vn -0.0000 -0.1653 0.9863
vn -0.0000 0.2060 -0.9786
vn -0.0000 -0.7492 -0.6624
vn -0.0000 0.3176 0.9482
vn -0.0000 0.7492 0.6624
vn -0.0001 -0.8365 -0.5479
vn -0.0000 -0.9973 -0.0728
vn -0.0000 -0.0728 0.9973
vn -0.0000 0.8004 -0.5995
vn -0.0000 0.7909 -0.6119
vn -0.0000 0.3807 -0.9247
vn -0.0000 -0.1300 -0.9915
vn -0.0000 -0.5921 -0.8058
vn -0.0000 -0.6184 -0.7858
vn -0.0000 -0.9208 -0.3901
vn -0.0000 -0.9208 -0.3900
vn -0.0000 -0.9928 0.1199
vn -0.0000 -0.8009 0.5988
vn -0.0000 -0.7914 0.6113
vn -0.0000 -0.3925 0.9197
vn -0.0000 0.1226 0.9925
vn -0.0000 0.5920 0.8060
vn -0.0000 0.6187 0.7857
vn -0.0000 0.9237 0.3832
vn -0.0000 0.9912 -0.1327
vn -0.0000 0.9186 -0.3952
vn -0.0000 0.9124 -0.4093
vn -0.0000 0.5894 -0.8078
vn -0.0000 0.1078 -0.9942
vn -0.0000 -0.3868 -0.9222
vn -0.0000 -0.8049 -0.5934
vn -0.0000 -0.8049 -0.5933
vn -0.0000 -0.9936 -0.1127
vn -0.0000 -0.9188 0.3948
vn -0.0000 -0.9126 0.4089
vn -0.0000 -0.5945 0.8041
vn -0.0000 -0.1114 0.9938
vn -0.0000 0.3867 0.9222
vn -0.0000 0.4173 0.9088
vn -0.0000 0.8071 0.5905
vn -0.0000 0.9943 0.1065
vn -0.0000 0.5832 0.8124
vn 0.0001 -0.0062 1.0000
vn -0.0000 -0.4910 0.8712
vn -0.0000 -0.8712 -0.4910
vn 0.0001 -0.8240 -0.5666
vn -0.0000 0.9934 0.1151
vn -0.0000 -0.9934 -0.1151
vn -0.0000 -0.1451 0.9894
vn -0.0000 0.5625 -0.8268
vn -0.0001 -0.9973 -0.0730
vn -0.0000 0.8268 0.5625
vn -0.0000 -0.5625 0.8268
vn -0.0000 -0.9965 -0.0832
vn 0.0001 0.9830 -0.1834
vn -0.0000 0.9696 -0.2446
vn -0.0000 0.7388 -0.6739
vn -0.0000 0.3029 -0.9530
vn -0.0000 -0.6737 -0.7390
vn -0.0000 -0.9529 -0.3032
vn -0.0001 -0.9830 0.1833
vn -0.0000 -0.7390 0.6737
vn -0.0000 -0.3031 0.9530
vn -0.0000 0.9530 0.3029
vn -0.0000 0.9268 0.3757
vn -0.0000 0.9904 -0.1381
vn 0.0001 0.8546 -0.5193
vn -0.0000 0.7746 -0.6325
vn -0.0000 0.6065 -0.7951
vn -0.0000 0.2062 -0.9785
vn -0.0000 -0.3065 -0.9519
vn -0.0000 -0.5439 -0.8391
vn -0.0000 -0.9937 -0.1118
vn -0.0000 -0.8819 0.4714
vn -0.0000 -0.5281 0.8492
vn -0.0000 0.4963 0.8682
vn -0.0000 0.8777 0.4792
vn 0.0001 0.9998 -0.0207
vn 0.0001 1.0000 0.0017
vn -0.0000 0.8064 0.5914
vn -0.0000 0.4680 0.8837
vn -0.0000 0.1615 0.9869
vn -0.0000 -0.0737 0.9973
vn -0.0000 -0.3267 0.9451
vn -0.0000 -0.5977 0.8017
vn -0.0000 -0.7866 0.6175
vn -0.0000 -0.8110 0.5851
vn -0.0000 -0.4757 0.8796
vn -0.0000 0.0830 0.9966
vt 0.405297 0.512206
vt 0.404153 0.511963
vt 0.403577 0.572659
vt 0.404720 0.572948
vt 0.406157 0.512373
vt 0.405580 0.573150
vt 0.841350 0.463294
vt 0.841025 0.463294
vt 0.841025 0.520762
vt 0.841350 0.520762
vt 0.583751 0.906222
vt 0.584017 0.905123
vt 0.387454 0.908408
vt 0.387454 0.909633
vt 0.583677 0.907078
vt 0.387478 0.910519
vt 0.929210 0.981384
vt 0.929586 0.981351
vt 0.931747 0.770058
vt 0.931432 0.770003
vt 0.355805 0.741749
vt 0.352017 0.718947
vt 0.319737 0.722345
vt 0.323007 0.751609
vt 0.355546 0.633955
vt 0.358143 0.598278
vt 0.314740 0.587690
vt 0.313468 0.623491
vt 0.360778 0.562485
vt 0.363918 0.506318
vt 0.323684 0.500674
vt 0.317980 0.552311
vt 0.352614 0.669597
vt 0.315262 0.661317
vt 0.375084 0.806338
vt 0.364451 0.775198
vt 0.329792 0.799685
vt 0.338320 0.847806
vt 0.350721 0.696285
vt 0.317054 0.693162
vt 0.322572 0.500266
vt 0.316865 0.551929
vt 0.935742 0.355550
vt 0.935411 0.355541
vt 0.934920 0.405658
vt 0.935251 0.405668
vt 0.321780 0.499957
vt 0.316071 0.551639
vt 0.933654 0.539427
vt 0.933982 0.539444
vt 0.934277 0.509499
vt 0.933948 0.509466
vt 0.315937 0.693000
vt 0.314140 0.661061
vt 0.315141 0.692871
vt 0.313342 0.660863
vt 0.933398 0.566716
vt 0.933726 0.566734
vt 0.317830 0.722118
vt 0.318622 0.722220
vt 0.841350 0.646009
vt 0.841025 0.646009
vt 0.841025 0.660632
vt 0.841350 0.660632
vt 0.385531 0.699812
vt 0.384388 0.699407
vt 0.384297 0.715550
vt 0.385441 0.715628
vt 0.386391 0.700098
vt 0.386302 0.715674
vt 0.841025 0.675291
vt 0.841350 0.675291
vt 0.388602 0.731888
vt 0.389650 0.731596
vt 0.390439 0.731371
vt 0.841025 0.555466
vt 0.841350 0.555466
vt 0.401546 0.608867
vt 0.402686 0.609217
vt 0.403543 0.609463
vt 0.841025 0.590134
vt 0.841350 0.590134
vt 0.397624 0.644418
vt 0.398753 0.644867
vt 0.399602 0.645185
vt 0.934592 0.439854
vt 0.934922 0.439866
vt 0.312824 0.587096
vt 0.313621 0.587353
vt 0.934271 0.474034
vt 0.934601 0.474049
vt 0.311547 0.623047
vt 0.312345 0.623241
vt 0.841025 0.624174
vt 0.841350 0.624174
vt 0.389966 0.677876
vt 0.391078 0.678403
vt 0.391914 0.678777
vt 0.841350 0.694039
vt 0.841025 0.694039
vt 0.841025 0.710841
vt 0.841350 0.710841
vt 0.399970 0.750085
vt 0.399109 0.750712
vt 0.411847 0.764870
vt 0.412449 0.763956
vt 0.400622 0.749615
vt 0.412913 0.763276
vt 0.932696 0.638883
vt 0.933022 0.638903
vt 0.933461 0.594058
vt 0.933134 0.594038
vt 0.328687 0.799637
vt 0.321896 0.751517
vt 0.327902 0.799592
vt 0.321106 0.751440
vt 0.932257 0.683862
vt 0.932583 0.683885
vt 0.336446 0.847800
vt 0.337225 0.847808
vt 0.932070 0.746408
vt 0.931767 0.746313
vt 0.931411 0.768410
vt 0.931720 0.768373
vt 0.366318 0.900219
vt 0.365917 0.900880
vt 0.385997 0.910545
vt 0.385973 0.909658
vt 0.366897 0.899302
vt 0.385970 0.908432
vt 0.595463 0.904932
vt 0.595181 0.906023
vt 0.596172 0.906034
vt 0.596605 0.905178
vt 0.596990 0.906258
vt 0.597476 0.905469
vt 0.841350 0.992543
vt 0.841025 0.992543
vt 0.841025 0.993617
vt 0.841350 0.993617
vt 0.841025 0.994789
vt 0.841350 0.994789
vt 0.929065 0.993678
vt 0.929078 0.994839
vt 0.929363 0.994699
vt 0.929444 0.993652
vt 0.595102 0.906877
vt 0.596059 0.906809
vt 0.841350 0.739227
vt 0.841025 0.739227
vt 0.841025 0.754366
vt 0.841350 0.754366
vt 0.438250 0.777636
vt 0.437933 0.778422
vt 0.451809 0.784351
vt 0.452198 0.783596
vt 0.437531 0.779482
vt 0.451310 0.785368
vt 0.402214 0.839392
vt 0.423348 0.842385
vt 0.616949 0.856401
vt 0.612950 0.853198
vt 0.611172 0.853656
vt 0.615222 0.856864
vt 0.618945 0.861185
vt 0.617270 0.861630
vt 0.618200 0.865779
vt 0.616571 0.866195
vt 0.841025 0.944861
vt 0.841350 0.944450
vt 0.619448 0.865406
vt 0.841350 0.918590
vt 0.841025 0.918140
vt 0.841025 0.930141
vt 0.841350 0.930463
vt 0.603275 0.848152
vt 0.602077 0.848553
vt 0.614206 0.852823
vt 0.600386 0.849049
vt 0.597482 0.858997
vt 0.841025 0.935190
vt 0.841350 0.935190
vt 0.841025 0.940005
vt 0.841350 0.940005
vt 0.618207 0.856028
vt 0.620200 0.860815
vt 0.400071 0.452364
vt 0.395876 0.450273
vt 0.394754 0.451237
vt 0.398949 0.453328
vt 0.403173 0.456264
vt 0.402051 0.457228
vt 0.404366 0.460946
vt 0.403244 0.461910
vt 0.884300 0.268978
vt 0.888619 0.268688
vt 0.888374 0.268407
vt 0.884107 0.268633
vt 0.936201 0.305774
vt 0.936434 0.301611
vt 0.936051 0.301595
vt 0.935832 0.305699
vt 0.936130 0.309958
vt 0.935799 0.309780
vt 0.328820 0.454233
vt 0.328101 0.453390
vt 0.329833 0.455370
vt 0.405210 0.460230
vt 0.841350 0.413962
vt 0.841025 0.414233
vt 0.921094 0.268418
vt 0.921055 0.268691
vt 0.953696 0.268533
vt 0.954021 0.268256
vt 0.366141 0.448271
vt 0.366086 0.449321
vt 0.366203 0.447491
vt 0.396720 0.449557
vt 0.365735 0.458569
vt 0.333798 0.448725
vt 0.331150 0.451505
vt 0.958251 0.268891
vt 0.958516 0.268525
vt 0.841025 0.409651
vt 0.841350 0.409651
vt 0.841025 0.405085
vt 0.841350 0.405085
vt 0.400915 0.451648
vt 0.404017 0.455549
vt 0.335686 0.445425
vt 0.332066 0.446744
vt 0.332785 0.447587
vt 0.336405 0.446268
vt 0.329418 0.449524
vt 0.330137 0.450368
vt 0.337418 0.447406
vt 0.389053 0.833252
vt 0.386822 0.831298
vt 0.346972 0.888039
vt 0.348825 0.890546
vt 0.426671 0.774556
vt 0.429281 0.775958
vt 0.429587 0.774857
vt 0.427031 0.773483
vt 0.429854 0.774049
vt 0.427298 0.772676
vt 0.841025 0.727298
vt 0.841025 0.730120
vt 0.841350 0.730120
vt 0.841350 0.727298
vt 0.932120 0.725746
vt 0.932161 0.722733
vt 0.931834 0.722853
vt 0.931809 0.725605
vt 0.345408 0.889476
vt 0.347287 0.891901
vt 0.347883 0.891314
vt 0.346051 0.888851
vt 0.842000 0.935190
vt 0.841446 0.935190
vt 0.841446 0.940005
vt 0.842000 0.940005
vt 0.841446 0.944450
vt 0.842000 0.944450
vt 0.841446 0.992543
vt 0.842000 0.992543
vt 0.841446 0.993617
vt 0.842000 0.993617
vt 0.841446 0.994789
vt 0.842000 0.994789
vt 0.928430 0.994848
vt 0.928983 0.994841
vt 0.928970 0.993678
vt 0.928427 0.993675
vt 0.929115 0.981383
vt 0.928571 0.981377
vt 0.931338 0.770003
vt 0.930793 0.770006
vt 0.931317 0.768409
vt 0.930774 0.768405
vt 0.931672 0.746314
vt 0.931126 0.746316
vt 0.931714 0.725608
vt 0.931171 0.725623
vt 0.931739 0.722851
vt 0.931195 0.722840
vt 0.932163 0.683860
vt 0.931618 0.683851
vt 0.932601 0.638882
vt 0.932056 0.638878
vt 0.933039 0.594037
vt 0.932494 0.594032
vt 0.933303 0.566715
vt 0.932758 0.566710
vt 0.933559 0.539426
vt 0.933015 0.539420
vt 0.933854 0.509465
vt 0.933309 0.509461
vt 0.934177 0.474033
vt 0.933632 0.474029
vt 0.934497 0.439853
vt 0.933953 0.439847
vt 0.934826 0.405657
vt 0.934281 0.405652
vt 0.935316 0.355541
vt 0.934772 0.355538
vt 0.935704 0.309780
vt 0.935160 0.309777
vt 0.935738 0.305694
vt 0.935199 0.305665
vt 0.935955 0.301586
vt 0.935403 0.301539
vt 0.884046 0.267981
vt 0.884098 0.268537
vt 0.888372 0.268312
vt 0.888361 0.267770
vt 0.921094 0.268323
vt 0.921091 0.267778
vt 0.954023 0.268162
vt 0.954035 0.267619
vt 0.958526 0.268428
vt 0.958583 0.267872
vt 0.842000 0.405085
vt 0.841446 0.405085
vt 0.841446 0.409651
vt 0.842000 0.409651
vt 0.841446 0.413962
vt 0.842000 0.413962
vt 0.841446 0.463294
vt 0.842000 0.463294
vt 0.841446 0.520762
vt 0.842000 0.520762
vt 0.841446 0.555466
vt 0.842000 0.555466
vt 0.841446 0.590134
vt 0.842000 0.590134
vt 0.841446 0.624174
vt 0.842000 0.624174
vt 0.841446 0.646009
vt 0.842000 0.646009
vt 0.841446 0.660632
vt 0.842000 0.660632
vt 0.841446 0.675291
vt 0.842000 0.675291
vt 0.841446 0.694039
vt 0.842000 0.694039
vt 0.841446 0.710841
vt 0.842000 0.710841
vt 0.841446 0.727298
vt 0.842000 0.727298
vt 0.841446 0.730120
vt 0.842000 0.730120
vt 0.841446 0.739227
vt 0.842000 0.739227
vt 0.841446 0.754366
vt 0.842000 0.754366
vt 0.841446 0.918590
vt 0.842000 0.918590
vt 0.841446 0.930463
vt 0.842000 0.930463
vt 0.207606 0.569827
vt 0.203077 0.509298
vt 0.201974 0.509623
vt 0.206508 0.570199
vt 0.201191 0.509870
vt 0.205726 0.570480
vt 0.858510 0.520762
vt 0.858510 0.463294
vt 0.858141 0.463294
vt 0.858141 0.520762
vt 0.245569 0.903812
vt 0.049210 0.913341
vt 0.049570 0.914428
vt 0.245672 0.905043
vt 0.049765 0.915302
vt 0.245771 0.905954
vt 0.914514 0.769887
vt 0.912237 0.981163
vt 0.912612 0.981204
vt 0.914829 0.769838
vt 0.301021 0.713732
vt 0.268588 0.712445
vt 0.266294 0.735445
vt 0.299664 0.743148
vt 0.297234 0.579038
vt 0.254613 0.592432
vt 0.259529 0.627863
vt 0.300836 0.614681
vt 0.282639 0.492789
vt 0.242858 0.501044
vt 0.249651 0.556887
vt 0.291696 0.543946
vt 0.264776 0.663239
vt 0.301510 0.652543
vt 0.296026 0.791563
vt 0.259845 0.769387
vt 0.251263 0.801153
vt 0.290650 0.840138
vt 0.301796 0.684437
vt 0.268404 0.689747
vt 0.292807 0.543501
vt 0.283746 0.492319
vt 0.918314 0.405493
vt 0.918796 0.355354
vt 0.918465 0.355356
vt 0.917984 0.405497
vt 0.293644 0.543184
vt 0.284580 0.491984
vt 0.917007 0.509318
vt 0.916728 0.539286
vt 0.917056 0.539275
vt 0.917336 0.509292
vt 0.302924 0.684212
vt 0.302636 0.652223
vt 0.303774 0.684055
vt 0.303484 0.651997
vt 0.916793 0.566555
vt 0.916465 0.566566
vt 0.302996 0.713415
vt 0.302148 0.713544
vt 0.858510 0.660632
vt 0.858510 0.646009
vt 0.858141 0.646009
vt 0.858141 0.660632
vt 0.236155 0.711158
vt 0.235012 0.695056
vt 0.233921 0.695543
vt 0.235041 0.711319
vt 0.233146 0.695908
vt 0.234249 0.711445
vt 0.858510 0.675291
vt 0.858141 0.675291
vt 0.232923 0.727742
vt 0.231882 0.727527
vt 0.231144 0.727379
vt 0.858510 0.555466
vt 0.858141 0.555466
vt 0.211992 0.605826
vt 0.210901 0.606258
vt 0.210125 0.606584
vt 0.858510 0.590134
vt 0.858141 0.590134
vt 0.218222 0.641046
vt 0.217148 0.641576
vt 0.216385 0.641973
vt 0.917991 0.439700
vt 0.917661 0.439707
vt 0.299194 0.578354
vt 0.298352 0.578638
vt 0.917679 0.473895
vt 0.917349 0.473903
vt 0.302811 0.614145
vt 0.301963 0.614366
vt 0.858510 0.624174
vt 0.858141 0.624174
vt 0.228043 0.673934
vt 0.226992 0.674540
vt 0.226246 0.674993
vt 0.858510 0.710841
vt 0.858510 0.694039
vt 0.858141 0.694039
vt 0.858141 0.710841
vt 0.211876 0.762169
vt 0.223665 0.747211
vt 0.222789 0.746650
vt 0.211239 0.761304
vt 0.222171 0.746248
vt 0.210796 0.760680
vt 0.916206 0.593896
vt 0.915767 0.638736
vt 0.916094 0.638723
vt 0.916534 0.593883
vt 0.297148 0.791452
vt 0.300789 0.742993
vt 0.297993 0.791380
vt 0.301637 0.742888
vt 0.915616 0.683623
vt 0.915290 0.683640
vt 0.292608 0.840043
vt 0.291767 0.840078
vt 0.914884 0.768263
vt 0.915019 0.745981
vt 0.914713 0.746069
vt 0.914575 0.768219
vt 0.247250 0.905883
vt 0.266660 0.894931
vt 0.266151 0.894273
vt 0.247153 0.904972
vt 0.265490 0.893386
vt 0.247052 0.903740
vt 0.037175 0.915055
vt 0.038151 0.914975
vt 0.037776 0.913896
vt 0.036675 0.914224
vt 0.036438 0.915356
vt 0.035889 0.914596
vt 0.858510 0.993617
vt 0.858510 0.992543
vt 0.858141 0.992543
vt 0.858141 0.993617
vt 0.858510 0.994789
vt 0.858141 0.994789
vt 0.912181 0.994532
vt 0.912463 0.994678
vt 0.912500 0.993518
vt 0.912122 0.993485
vt 0.037403 0.915845
vt 0.038351 0.915847
vt 0.858510 0.754366
vt 0.858510 0.739227
vt 0.858141 0.739227
vt 0.858141 0.754366
vt 0.173292 0.784220
vt 0.186752 0.777400
vt 0.186449 0.776661
vt 0.172919 0.783517
vt 0.173834 0.785194
vt 0.187199 0.778423
vt 0.226344 0.835904
vt 0.205451 0.840268
vt 0.018760 0.863753
vt 0.016980 0.863420
vt 0.013198 0.866877
vt 0.014928 0.867217
vt 0.011518 0.871780
vt 0.013194 0.872107
vt 0.012561 0.876316
vt 0.014189 0.876617
vt 0.858510 0.944785
vt 0.858141 0.944450
vt 0.011356 0.876051
vt 0.858510 0.930062
vt 0.858510 0.918266
vt 0.858141 0.918590
vt 0.858141 0.930463
vt 0.027526 0.858076
vt 0.026369 0.857779
vt 0.015765 0.863152
vt 0.029223 0.858452
vt 0.032769 0.868190
vt 0.858141 0.935190
vt 0.858510 0.935190
vt 0.858510 0.940005
vt 0.858141 0.940005
vt 0.011983 0.866611
vt 0.010306 0.871517
vt 0.208499 0.448088
vt 0.207340 0.447209
vt 0.203291 0.449568
vt 0.204450 0.450448
vt 0.200449 0.453662
vt 0.201608 0.454542
vt 0.199564 0.458412
vt 0.200723 0.459292
vt 0.888260 0.251884
vt 0.888505 0.251602
vt 0.884266 0.251336
vt 0.884079 0.251682
vt 0.919136 0.301411
vt 0.918752 0.301420
vt 0.918908 0.305657
vt 0.919279 0.305588
vt 0.918908 0.309856
vt 0.919242 0.309685
vt 0.275239 0.445927
vt 0.274512 0.446791
vt 0.273552 0.447983
vt 0.198739 0.457777
vt 0.858510 0.414218
vt 0.858141 0.413962
vt 0.953538 0.251495
vt 0.921132 0.251481
vt 0.921171 0.251754
vt 0.953863 0.251771
vt 0.236982 0.444309
vt 0.236882 0.443273
vt 0.236833 0.442523
vt 0.206515 0.446573
vt 0.271986 0.444212
vt 0.269162 0.441610
vt 0.237935 0.453514
vt 0.958482 0.251469
vt 0.958209 0.251105
vt 0.858510 0.409651
vt 0.858141 0.409651
vt 0.858510 0.405085
vt 0.858141 0.405085
vt 0.202466 0.448933
vt 0.199624 0.453027
vt 0.270122 0.440418
vt 0.270849 0.439554
vt 0.267150 0.438473
vt 0.266424 0.439337
vt 0.273672 0.442156
vt 0.272946 0.443020
vt 0.265464 0.440529
vt 0.284638 0.880849
vt 0.241177 0.826825
vt 0.239077 0.828920
vt 0.282953 0.883471
vt 0.194848 0.773298
vt 0.195202 0.774369
vt 0.197716 0.772800
vt 0.197310 0.771762
vt 0.194593 0.772534
vt 0.197055 0.770997
vt 0.858141 0.730120
vt 0.858510 0.730120
vt 0.858510 0.727298
vt 0.858141 0.727298
vt 0.915360 0.722876
vt 0.915035 0.722750
vt 0.915033 0.725776
vt 0.915346 0.725644
vt 0.283967 0.884185
vt 0.284664 0.884756
vt 0.286380 0.882214
vt 0.285634 0.881608
vt 0.858046 0.940005
vt 0.858046 0.935190
vt 0.857496 0.935190
vt 0.857496 0.940005
vt 0.858046 0.944450
vt 0.857496 0.944450
vt 0.858046 0.992543
vt 0.857496 0.992543
vt 0.858046 0.993617
vt 0.857496 0.993617
vt 0.858046 0.994789
vt 0.857496 0.994789
vt 0.912595 0.993520
vt 0.912559 0.994681
vt 0.913112 0.994699
vt 0.913138 0.993529
vt 0.912707 0.981205
vt 0.913251 0.981210
vt 0.914923 0.769841
vt 0.915468 0.769855
vt 0.914978 0.768264
vt 0.915521 0.768271
vt 0.915114 0.745983
vt 0.915659 0.745996
vt 0.915441 0.725648
vt 0.915984 0.725674
vt 0.915454 0.722876
vt 0.915998 0.722875
vt 0.915711 0.683623
vt 0.916256 0.683623
vt 0.916189 0.638724
vt 0.916734 0.638730
vt 0.916628 0.593884
vt 0.917173 0.593889
vt 0.916888 0.566556
vt 0.917432 0.566561
vt 0.917151 0.539277
vt 0.917696 0.539281
vt 0.917430 0.509293
vt 0.917975 0.509299
vt 0.917773 0.473896
vt 0.918318 0.473901
vt 0.918086 0.439701
vt 0.918630 0.439706
vt 0.918409 0.405494
vt 0.918954 0.405499
vt 0.918890 0.355356
vt 0.919435 0.355363
vt 0.919336 0.309686
vt 0.919881 0.309693
vt 0.919373 0.305585
vt 0.919912 0.305567
vt 0.919232 0.301404
vt 0.919785 0.301364
vt 0.888259 0.251979
vt 0.884070 0.251778
vt 0.884024 0.252334
vt 0.888249 0.252522
vt 0.921171 0.251849
vt 0.921170 0.252394
vt 0.953865 0.251865
vt 0.953878 0.252407
vt 0.958493 0.251565
vt 0.958558 0.252121
vt 0.858046 0.409651
vt 0.858046 0.405085
vt 0.857496 0.405085
vt 0.857496 0.409651
vt 0.858046 0.413962
vt 0.857496 0.413962
vt 0.858046 0.463294
vt 0.857496 0.463294
vt 0.858046 0.520762
vt 0.857496 0.520762
vt 0.858046 0.555466
vt 0.857496 0.555466
vt 0.858046 0.590134
vt 0.857496 0.590134
vt 0.858046 0.624174
vt 0.857496 0.624174
vt 0.858046 0.646009
vt 0.857496 0.646009
vt 0.858046 0.660632
vt 0.857496 0.660632
vt 0.858046 0.675291
vt 0.857496 0.675291
vt 0.858046 0.694039
vt 0.857496 0.694039
vt 0.858046 0.710841
vt 0.857496 0.710841
vt 0.858046 0.727298
vt 0.857496 0.727298
vt 0.858046 0.730120
vt 0.857496 0.730120
vt 0.858046 0.739227
vt 0.857496 0.739227
vt 0.858046 0.754366
vt 0.857496 0.754366
vt 0.858046 0.918590
vt 0.857496 0.918590
vt 0.858046 0.930463
vt 0.857496 0.930463
vt 0.715617 0.674740
vt 0.704953 0.618371
vt 0.703778 0.618617
vt 0.714449 0.675030
vt 0.702916 0.618798
vt 0.713594 0.675242
vt 0.702593 0.618865
vt 0.713273 0.675322
vt 0.788949 0.986335
vt 0.577339 0.986895
vt 0.577823 0.987915
vt 0.789168 0.987477
vt 0.578083 0.988723
vt 0.789328 0.988315
vt 0.578046 0.989099
vt 0.789386 0.988630
vt 0.830456 0.812473
vt 0.795220 0.809842
vt 0.794953 0.831074
vt 0.831825 0.839684
vt 0.813505 0.687373
vt 0.768648 0.697859
vt 0.777341 0.730960
vt 0.820794 0.720603
vt 0.789505 0.606681
vt 0.747229 0.612531
vt 0.759896 0.664652
vt 0.804174 0.654560
vt 0.786390 0.764021
vt 0.825130 0.755756
vt 0.832591 0.884413
vt 0.791262 0.862274
vt 0.785066 0.891366
vt 0.831513 0.929223
vt 0.828484 0.785346
vt 0.792846 0.788778
vt 0.805322 0.654193
vt 0.790645 0.606290
vt 0.806478 0.653824
vt 0.791793 0.605896
vt 0.791481 0.606004
vt 0.806163 0.653925
vt 0.827167 0.755321
vt 0.830541 0.785063
vt 0.830867 0.785019
vt 0.827490 0.755253
vt 0.829671 0.785183
vt 0.826305 0.755505
vt 0.832843 0.812213
vt 0.832517 0.812249
vt 0.831645 0.812343
vt 0.757894 0.807369
vt 0.755212 0.792890
vt 0.754897 0.792999
vt 0.757563 0.807394
vt 0.759980 0.807205
vt 0.757202 0.792202
vt 0.756054 0.792599
vt 0.758776 0.807300
vt 0.756062 0.822028
vt 0.755744 0.821959
vt 0.758074 0.822461
vt 0.756913 0.822212
vt 0.721791 0.708942
vt 0.721475 0.709037
vt 0.723790 0.708340
vt 0.722637 0.708687
vt 0.731937 0.742062
vt 0.731628 0.742182
vt 0.733888 0.741304
vt 0.732762 0.741741
vt 0.815832 0.686720
vt 0.815514 0.686809
vt 0.814664 0.687048
vt 0.823157 0.720112
vt 0.822833 0.720179
vt 0.821971 0.720358
vt 0.745752 0.773157
vt 0.745452 0.773297
vt 0.747648 0.772274
vt 0.746554 0.772783
vt 0.737247 0.852066
vt 0.748167 0.839157
vt 0.747888 0.839001
vt 0.737031 0.851836
vt 0.738612 0.853510
vt 0.749928 0.840132
vt 0.748912 0.839569
vt 0.737824 0.852677
vt 0.833889 0.839512
vt 0.834656 0.884312
vt 0.834983 0.884296
vt 0.834216 0.839485
vt 0.833782 0.884355
vt 0.833016 0.839584
vt 0.833902 0.929200
vt 0.833575 0.929202
vt 0.832703 0.929211
vt 0.790983 0.988625
vt 0.811069 0.979221
vt 0.810854 0.978986
vt 0.790922 0.988311
vt 0.810275 0.978365
vt 0.790762 0.987474
vt 0.809485 0.977519
vt 0.790545 0.986331
vt 0.564458 0.987965
vt 0.565513 0.987935
vt 0.565014 0.986922
vt 0.563842 0.987177
vt 0.563652 0.988202
vt 0.562990 0.987477
vt 0.562693 0.987742
vt 0.563530 0.988486
vt 0.564744 0.988697
vt 0.564573 0.988959
vt 0.565734 0.989121
vt 0.565777 0.988741
vt 0.698461 0.871663
vt 0.712441 0.865869
vt 0.712278 0.865601
vt 0.698271 0.871407
vt 0.698970 0.872346
vt 0.712879 0.866582
vt 0.699666 0.873276
vt 0.713477 0.867554
vt 0.761486 0.922534
vt 0.739296 0.925696
vt 0.539513 0.939623
vt 0.537540 0.939235
vt 0.533786 0.942282
vt 0.535705 0.942675
vt 0.532449 0.946759
vt 0.534309 0.947137
vt 0.534024 0.951008
vt 0.535830 0.951360
vt 0.532657 0.950699
vt 0.532151 0.950592
vt 0.536162 0.938922
vt 0.547111 0.934381
vt 0.546623 0.934250
vt 0.535653 0.938801
vt 0.548430 0.934720
vt 0.550317 0.935144
vt 0.555117 0.944324
vt 0.531898 0.941855
vt 0.532407 0.941971
vt 0.531074 0.946452
vt 0.530565 0.946341
vt 0.705008 0.561825
vt 0.703656 0.560951
vt 0.699497 0.562953
vt 0.700848 0.563828
vt 0.696809 0.566621
vt 0.698160 0.567496
vt 0.696301 0.570988
vt 0.697653 0.571863
vt 0.767758 0.555270
vt 0.767514 0.555566
vt 0.771620 0.556736
vt 0.771867 0.556443
vt 0.774925 0.559279
vt 0.775175 0.558988
vt 0.776981 0.562849
vt 0.777233 0.562560
vt 0.776312 0.563631
vt 0.775399 0.564700
vt 0.695311 0.570348
vt 0.694941 0.570114
vt 0.702667 0.560309
vt 0.735091 0.557937
vt 0.735032 0.557667
vt 0.702304 0.560066
vt 0.735471 0.559620
vt 0.735252 0.558649
vt 0.773344 0.561129
vt 0.770039 0.558586
vt 0.737380 0.568205
vt 0.698142 0.562072
vt 0.698508 0.562312
vt 0.695819 0.565981
vt 0.695451 0.565744
vt 0.770951 0.557519
vt 0.766846 0.556349
vt 0.774257 0.560061
vt 0.765933 0.557416
vt 0.828973 0.966706
vt 0.776654 0.914743
vt 0.774586 0.916597
vt 0.827405 0.969064
vt 0.721245 0.863115
vt 0.721747 0.864127
vt 0.724315 0.862777
vt 0.723761 0.861793
vt 0.720857 0.862381
vt 0.723373 0.861059
vt 0.720712 0.862105
vt 0.723227 0.860783
vt 0.831257 0.968225
vt 0.830944 0.968030
vt 0.829335 0.970313
vt 0.829642 0.970511
vt 0.828560 0.969765
vt 0.830111 0.967448
vt 0.980306 0.939024
vt 0.980331 0.934350
vt 0.979787 0.934347
vt 0.979762 0.939021
vt 0.980282 0.943559
vt 0.979737 0.943556
vt 0.980039 0.991662
vt 0.979495 0.991659
vt 0.980033 0.992781
vt 0.979489 0.992778
vt 0.980027 0.993925
vt 0.979482 0.993922
vt 0.888299 0.995364
vt 0.888303 0.996536
vt 0.888848 0.996533
vt 0.888843 0.995362
vt 0.888244 0.983056
vt 0.888789 0.983054
vt 0.887309 0.771695
vt 0.887853 0.771692
vt 0.887302 0.770099
vt 0.887846 0.770097
vt 0.887207 0.747911
vt 0.887751 0.747908
vt 0.887114 0.727386
vt 0.887658 0.727384
vt 0.887101 0.724591
vt 0.887646 0.724589
vt 0.886928 0.685454
vt 0.887473 0.685452
vt 0.886730 0.640521
vt 0.887275 0.640519
vt 0.886533 0.595679
vt 0.887077 0.595676
vt 0.886412 0.568354
vt 0.886957 0.568352
vt 0.886292 0.541070
vt 0.886836 0.541067
vt 0.886160 0.511099
vt 0.886704 0.511097
vt 0.886003 0.475684
vt 0.886548 0.475682
vt 0.885853 0.441495
vt 0.886397 0.441493
vt 0.885702 0.407294
vt 0.886247 0.407292
vt 0.885481 0.357170
vt 0.886025 0.357168
vt 0.885279 0.311451
vt 0.885824 0.311449
vt 0.885261 0.307332
vt 0.885805 0.307330
vt 0.885243 0.303163
vt 0.885787 0.303160
vt 0.882986 0.275264
vt 0.878717 0.275226
vt 0.878712 0.275771
vt 0.882982 0.275808
vt 0.915807 0.275553
vt 0.915802 0.276097
vt 0.948628 0.275841
vt 0.948623 0.276386
vt 0.953244 0.275882
vt 0.953239 0.276426
vt 0.957791 0.275922
vt 0.957786 0.276466
vt 0.982972 0.413045
vt 0.982994 0.408649
vt 0.982449 0.408646
vt 0.982427 0.413042
vt 0.982722 0.462388
vt 0.982177 0.462385
vt 0.982431 0.519843
vt 0.981886 0.519841
vt 0.982255 0.554540
vt 0.981711 0.554537
vt 0.982080 0.589204
vt 0.981535 0.589201
vt 0.981907 0.623244
vt 0.981363 0.623241
vt 0.981797 0.645082
vt 0.981252 0.645079
vt 0.981723 0.659710
vt 0.981178 0.659707
vt 0.981648 0.674374
vt 0.981104 0.674372
vt 0.981553 0.693124
vt 0.981009 0.693121
vt 0.981468 0.709920
vt 0.980924 0.709917
vt 0.981385 0.726361
vt 0.980840 0.726358
vt 0.981371 0.729201
vt 0.980826 0.729198
vt 0.981324 0.738325
vt 0.980780 0.738323
vt 0.981248 0.753479
vt 0.980703 0.753476
vt 0.980416 0.917635
vt 0.979872 0.917632
vt 0.980356 0.929512
vt 0.979812 0.929510
vt 0.980401 0.939025
vt 0.980426 0.934350
vt 0.980376 0.943559
vt 0.980134 0.991663
vt 0.980128 0.992782
vt 0.980121 0.993925
vt 0.888204 0.995365
vt 0.888209 0.996536
vt 0.888150 0.983057
vt 0.887214 0.771695
vt 0.887207 0.770100
vt 0.887112 0.747911
vt 0.887019 0.727387
vt 0.887006 0.724591
vt 0.886834 0.685455
vt 0.886636 0.640522
vt 0.886438 0.595679
vt 0.886317 0.568354
vt 0.886197 0.541070
vt 0.886065 0.511099
vt 0.885909 0.475684
vt 0.885758 0.441495
vt 0.885607 0.407295
vt 0.885386 0.357170
vt 0.885184 0.311451
vt 0.885166 0.307332
vt 0.885148 0.303163
vt 0.882987 0.275169
vt 0.878717 0.275132
vt 0.915808 0.275458
vt 0.948628 0.275747
vt 0.953245 0.275787
vt 0.957792 0.275827
vt 0.983066 0.413045
vt 0.983089 0.408649
vt 0.982817 0.462389
vt 0.982525 0.519844
vt 0.982350 0.554541
vt 0.982174 0.589204
vt 0.982002 0.623244
vt 0.981891 0.645083
vt 0.981817 0.659711
vt 0.981743 0.674375
vt 0.981648 0.693124
vt 0.981563 0.709921
vt 0.981480 0.726361
vt 0.981465 0.729201
vt 0.981419 0.738326
vt 0.981342 0.753480
vt 0.980511 0.917636
vt 0.980451 0.929513
vt 0.659965 0.170099
vt 0.658786 0.169868
vt 0.648870 0.226373
vt 0.650041 0.226648
vt 0.660829 0.170268
vt 0.650899 0.226849
vt 0.661153 0.170331
vt 0.651221 0.226925
vt 0.790796 0.537699
vt 0.791266 0.536672
vt 0.579668 0.538912
vt 0.579463 0.540057
vt 0.790547 0.538510
vt 0.579314 0.540897
vt 0.790589 0.538885
vt 0.579261 0.541212
vt 0.571610 0.383744
vt 0.571061 0.362517
vt 0.535864 0.365615
vt 0.534854 0.392841
vt 0.587895 0.283406
vt 0.596149 0.250193
vt 0.551157 0.240301
vt 0.544309 0.273625
vt 0.604461 0.216873
vt 0.616437 0.164589
vt 0.574088 0.159299
vt 0.560053 0.207368
vt 0.579284 0.316584
vt 0.540439 0.308832
vt 0.582293 0.443900
vt 0.575712 0.414892
vt 0.534680 0.437577
vt 0.536352 0.482368
vt 0.573157 0.341424
vt 0.537476 0.338464
vt 0.572942 0.158923
vt 0.558901 0.207016
vt 0.572103 0.158647
vt 0.571788 0.158544
vt 0.557740 0.206662
vt 0.558056 0.206758
vt 0.535089 0.338168
vt 0.535415 0.338208
vt 0.538396 0.308424
vt 0.538072 0.308360
vt 0.536287 0.338316
vt 0.539260 0.308597
vt 0.533473 0.365386
vt 0.533800 0.365417
vt 0.534673 0.365501
vt 0.611158 0.345142
vt 0.610841 0.345037
vt 0.608352 0.359551
vt 0.608683 0.359572
vt 0.609996 0.344757
vt 0.608843 0.344376
vt 0.606263 0.359415
vt 0.607468 0.359493
vt 0.610377 0.374184
vt 0.610695 0.374111
vt 0.608371 0.374644
vt 0.609528 0.374379
vt 0.643149 0.260655
vt 0.643466 0.260745
vt 0.641142 0.260079
vt 0.642300 0.260411
vt 0.633442 0.293906
vt 0.633753 0.294022
vt 0.631481 0.293173
vt 0.632612 0.293596
vt 0.548821 0.239679
vt 0.549141 0.239764
vt 0.549994 0.239991
vt 0.541940 0.273165
vt 0.542264 0.273227
vt 0.543129 0.273395
vt 0.620039 0.325181
vt 0.620341 0.325317
vt 0.618132 0.324323
vt 0.619232 0.324818
vt 0.618776 0.391048
vt 0.618498 0.391207
vt 0.629588 0.403970
vt 0.629802 0.403738
vt 0.617759 0.391629
vt 0.616750 0.392206
vt 0.628242 0.405433
vt 0.629019 0.404589
vt 0.532288 0.437491
vt 0.532615 0.437503
vt 0.532788 0.392696
vt 0.532461 0.392674
vt 0.533489 0.437534
vt 0.533662 0.392757
vt 0.533962 0.482377
vt 0.534289 0.482375
vt 0.535162 0.482372
vt 0.557667 0.531854
vt 0.557455 0.532091
vt 0.577664 0.541229
vt 0.577721 0.540914
vt 0.558238 0.531225
vt 0.577869 0.540075
vt 0.559017 0.530369
vt 0.578071 0.538930
vt 0.803590 0.536536
vt 0.803105 0.537556
vt 0.804161 0.537571
vt 0.804765 0.536775
vt 0.804969 0.537798
vt 0.805621 0.537064
vt 0.805922 0.537325
vt 0.805095 0.538081
vt 0.803883 0.538307
vt 0.804059 0.538567
vt 0.802899 0.538744
vt 0.802851 0.538365
vt 0.654734 0.417174
vt 0.654574 0.417444
vt 0.668631 0.423053
vt 0.668817 0.422794
vt 0.654146 0.418163
vt 0.668130 0.423742
vt 0.653561 0.419142
vt 0.667447 0.424682
vt 0.606284 0.474753
vt 0.628513 0.477621
vt 0.834225 0.491486
vt 0.830431 0.488490
vt 0.828463 0.488903
vt 0.832311 0.491905
vt 0.835621 0.495946
vt 0.833766 0.496348
vt 0.834102 0.500215
vt 0.832301 0.500591
vt 0.835465 0.499888
vt 0.835970 0.499774
vt 0.821283 0.483626
vt 0.820797 0.483763
vt 0.831804 0.488158
vt 0.832312 0.488031
vt 0.819482 0.484119
vt 0.817601 0.484568
vt 0.812923 0.493810
vt 0.835600 0.491157
vt 0.836108 0.491034
vt 0.836992 0.495620
vt 0.837499 0.495502
vt 0.663509 0.114383
vt 0.659323 0.112436
vt 0.657983 0.113328
vt 0.662169 0.115276
vt 0.666245 0.118016
vt 0.664906 0.118908
vt 0.666810 0.122375
vt 0.665470 0.123268
vt 0.591310 0.109121
vt 0.595400 0.107897
vt 0.595152 0.107605
vt 0.591059 0.108832
vt 0.588038 0.111707
vt 0.587785 0.111420
vt 0.586030 0.115305
vt 0.585774 0.115019
vt 0.586709 0.116078
vt 0.587636 0.117134
vt 0.667792 0.121722
vt 0.668159 0.121483
vt 0.627907 0.109568
vt 0.627851 0.109839
vt 0.660304 0.111782
vt 0.660664 0.111533
vt 0.627700 0.110553
vt 0.627494 0.111527
vt 0.625699 0.120137
vt 0.592915 0.110951
vt 0.589644 0.113537
vt 0.664489 0.113729
vt 0.664852 0.113484
vt 0.667227 0.117362
vt 0.667591 0.117121
vt 0.591988 0.109895
vt 0.596078 0.108671
vt 0.588717 0.112481
vt 0.597005 0.109726
vt 0.593107 0.468990
vt 0.591014 0.467164
vt 0.539387 0.519814
vt 0.540986 0.522152
vt 0.642661 0.414510
vt 0.645247 0.415825
vt 0.645735 0.414806
vt 0.643202 0.413518
vt 0.646113 0.414067
vt 0.643580 0.412779
vt 0.646255 0.413790
vt 0.643723 0.412502
vt 0.539072 0.523426
vt 0.537434 0.521164
vt 0.537123 0.521364
vt 0.538769 0.523628
vt 0.539841 0.522868
vt 0.538259 0.520572
vt 0.964464 0.934269
vt 0.963920 0.934267
vt 0.963897 0.938941
vt 0.964442 0.938944
vt 0.963876 0.943476
vt 0.964420 0.943478
vt 0.963631 0.991579
vt 0.964175 0.991582
vt 0.963626 0.992698
vt 0.964170 0.992701
vt 0.963620 0.993841
vt 0.964165 0.993844
vt 0.904165 0.996466
vt 0.904710 0.996463
vt 0.904704 0.995292
vt 0.904159 0.995294
vt 0.904650 0.982984
vt 0.904105 0.982986
vt 0.903721 0.771622
vt 0.903177 0.771625
vt 0.903714 0.770027
vt 0.903170 0.770029
vt 0.903613 0.747838
vt 0.903069 0.747841
vt 0.903526 0.727314
vt 0.902981 0.727316
vt 0.903514 0.724519
vt 0.902969 0.724521
vt 0.903341 0.685382
vt 0.902796 0.685385
vt 0.903143 0.640449
vt 0.902599 0.640451
vt 0.902945 0.595606
vt 0.902401 0.595609
vt 0.902825 0.568282
vt 0.902280 0.568284
vt 0.902704 0.540997
vt 0.902160 0.541000
vt 0.902572 0.511027
vt 0.902028 0.511029
vt 0.902416 0.475612
vt 0.901872 0.475614
vt 0.902265 0.441423
vt 0.901721 0.441425
vt 0.902114 0.407222
vt 0.901570 0.407224
vt 0.901893 0.357098
vt 0.901349 0.357100
vt 0.901692 0.311379
vt 0.901147 0.311381
vt 0.901674 0.307260
vt 0.901129 0.307262
vt 0.901655 0.303090
vt 0.901111 0.303092
vt 0.878577 0.291094
vt 0.878572 0.291638
vt 0.882842 0.291676
vt 0.882847 0.291131
vt 0.915663 0.291965
vt 0.915667 0.291420
vt 0.948483 0.292253
vt 0.948488 0.291709
vt 0.953099 0.292294
vt 0.953104 0.291749
vt 0.957647 0.292334
vt 0.957651 0.291789
vt 0.967126 0.408569
vt 0.966581 0.408566
vt 0.966559 0.412962
vt 0.967104 0.412964
vt 0.966309 0.462305
vt 0.966854 0.462308
vt 0.966018 0.519760
vt 0.966563 0.519763
vt 0.965842 0.554457
vt 0.966387 0.554460
vt 0.965667 0.589121
vt 0.966212 0.589123
vt 0.965495 0.623161
vt 0.966039 0.623164
vt 0.965384 0.644999
vt 0.965929 0.645002
vt 0.965310 0.659627
vt 0.965855 0.659630
vt 0.965236 0.674291
vt 0.965780 0.674294
vt 0.965141 0.693040
vt 0.965685 0.693043
vt 0.965056 0.709837
vt 0.965600 0.709840
vt 0.964972 0.726277
vt 0.965517 0.726280
vt 0.964958 0.729118
vt 0.965503 0.729120
vt 0.964912 0.738242
vt 0.965456 0.738245
vt 0.964835 0.753396
vt 0.965380 0.753399
vt 0.964004 0.917552
vt 0.964548 0.917555
vt 0.963944 0.929429
vt 0.964488 0.929432
vt 0.963825 0.934266
vt 0.963803 0.938941
vt 0.963781 0.943475
vt 0.963536 0.991579
vt 0.963531 0.992697
vt 0.963526 0.993841
vt 0.904804 0.996463
vt 0.904798 0.995291
vt 0.904744 0.982984
vt 0.903816 0.771622
vt 0.903809 0.770026
vt 0.903708 0.747838
vt 0.903620 0.727313
vt 0.903608 0.724518
vt 0.903436 0.685382
vt 0.903238 0.640448
vt 0.903040 0.595606
vt 0.902919 0.568281
vt 0.902799 0.540997
vt 0.902667 0.511026
vt 0.902511 0.475611
vt 0.902360 0.441422
vt 0.902209 0.407221
vt 0.901988 0.357097
vt 0.901786 0.311378
vt 0.901768 0.307259
vt 0.901750 0.303090
vt 0.878572 0.291733
vt 0.882841 0.291771
vt 0.915662 0.292059
vt 0.948482 0.292348
vt 0.953099 0.292389
vt 0.957646 0.292428
vt 0.966487 0.408565
vt 0.966464 0.412961
vt 0.966215 0.462304
vt 0.965924 0.519760
vt 0.965748 0.554457
vt 0.965572 0.589120
vt 0.965400 0.623160
vt 0.965289 0.644998
vt 0.965215 0.659627
vt 0.965141 0.674291
vt 0.965046 0.693040
vt 0.964961 0.709836
vt 0.964878 0.726277
vt 0.964863 0.729117
vt 0.964817 0.738242
vt 0.964740 0.753395
vt 0.963909 0.917552
vt 0.963849 0.929429
vt 0.530468 0.374192
vt 0.529346 0.373861
vt 0.524067 0.434330
vt 0.525185 0.434707
vt 0.531312 0.374425
vt 0.526026 0.434974
vt 0.863399 0.463807
vt 0.863069 0.463796
vt 0.863235 0.521251
vt 0.863565 0.521261
vt 0.677845 0.780854
vt 0.678197 0.779779
vt 0.481970 0.767819
vt 0.481876 0.769040
vt 0.677706 0.781701
vt 0.481831 0.769926
vt 0.953585 0.982311
vt 0.953961 0.982276
vt 0.955190 0.770991
vt 0.954875 0.770938
vt 0.463333 0.599208
vt 0.461324 0.576182
vt 0.428878 0.577067
vt 0.429870 0.606497
vt 0.471429 0.491718
vt 0.476784 0.456351
vt 0.434332 0.442430
vt 0.430289 0.478025
vt 0.482186 0.420869
vt 0.489670 0.365115
vt 0.449994 0.356369
vt 0.440305 0.407409
vt 0.465744 0.527026
vt 0.429146 0.515876
vt 0.477548 0.665098
vt 0.469360 0.633227
vt 0.432908 0.654954
vt 0.437681 0.703591
vt 0.461789 0.553487
vt 0.428465 0.547765
vt 0.448917 0.355876
vt 0.439223 0.406942
vt 0.958119 0.356453
vt 0.957788 0.356445
vt 0.957437 0.406585
vt 0.957768 0.406595
vt 0.448152 0.355507
vt 0.438454 0.406591
vt 0.956474 0.540370
vt 0.956803 0.540386
vt 0.957021 0.510418
vt 0.956693 0.510386
vt 0.427363 0.547516
vt 0.428048 0.515534
vt 0.426580 0.547326
vt 0.427267 0.515274
vt 0.956285 0.567650
vt 0.956613 0.567667
vt 0.426994 0.576693
vt 0.427776 0.576856
vt 0.863861 0.646534
vt 0.863531 0.646530
vt 0.863611 0.661145
vt 0.863937 0.661160
vt 0.496221 0.559701
vt 0.495112 0.559210
vt 0.493770 0.575297
vt 0.494905 0.575462
vt 0.497055 0.560053
vt 0.495760 0.575575
vt 0.863701 0.675796
vt 0.864021 0.675819
vt 0.496797 0.591919
vt 0.497863 0.591709
vt 0.498668 0.591546
vt 0.863328 0.555959
vt 0.863658 0.555966
vt 0.519236 0.470271
vt 0.520346 0.470709
vt 0.521181 0.471021
vt 0.863417 0.590609
vt 0.863748 0.590612
vt 0.512570 0.505412
vt 0.513661 0.505946
vt 0.514483 0.506329
vt 0.957193 0.440793
vt 0.957523 0.440804
vt 0.432469 0.441689
vt 0.433243 0.442007
vt 0.956938 0.474988
vt 0.957267 0.475002
vt 0.428409 0.477433
vt 0.429190 0.477688
vt 0.863498 0.624644
vt 0.863829 0.624648
vt 0.502342 0.538175
vt 0.503410 0.538786
vt 0.504214 0.539225
vt 0.864125 0.694560
vt 0.863810 0.694543
vt 0.863878 0.711366
vt 0.864189 0.711373
vt 0.506719 0.610942
vt 0.505813 0.611501
vt 0.517415 0.626604
vt 0.518086 0.625739
vt 0.507406 0.610525
vt 0.518601 0.625097
vt 0.955786 0.639820
vt 0.956113 0.639838
vt 0.956418 0.594997
vt 0.956091 0.594978
vt 0.431811 0.654821
vt 0.428770 0.606319
vt 0.431031 0.654714
vt 0.427988 0.606181
vt 0.955519 0.684721
vt 0.955845 0.684744
vt 0.435813 0.703440
vt 0.436589 0.703509
vt 0.955385 0.747174
vt 0.955081 0.747080
vt 0.954847 0.769361
vt 0.955155 0.769323
vt 0.461532 0.758017
vt 0.461081 0.758645
vt 0.480352 0.769837
vt 0.480397 0.768951
vt 0.462181 0.757147
vt 0.480489 0.767729
vt 0.689623 0.780475
vt 0.689257 0.781542
vt 0.690245 0.781629
vt 0.690742 0.780810
vt 0.691042 0.781916
vt 0.691588 0.781167
vt 0.865059 0.993080
vt 0.864661 0.993077
vt 0.864759 0.994107
vt 0.865061 0.994176
vt 0.864682 0.995328
vt 0.864995 0.995307
vt 0.953492 0.994626
vt 0.953510 0.995786
vt 0.953794 0.995645
vt 0.953871 0.994598
vt 0.689112 0.782387
vt 0.690072 0.782393
vt 0.864345 0.739734
vt 0.864035 0.739689
vt 0.864059 0.754819
vt 0.864370 0.754895
vt 0.542749 0.641378
vt 0.542372 0.642137
vt 0.555747 0.649123
vt 0.556193 0.648401
vt 0.541889 0.643162
vt 0.555170 0.650098
vt 0.502035 0.700155
vt 0.522873 0.704777
vt 0.714805 0.733756
vt 0.711066 0.730252
vt 0.709259 0.730572
vt 0.713048 0.734083
vt 0.716425 0.738680
vt 0.714720 0.738995
vt 0.715326 0.743203
vt 0.713670 0.743491
vt 0.864722 0.945242
vt 0.865050 0.944862
vt 0.716599 0.742928
vt 0.864956 0.919107
vt 0.864647 0.918717
vt 0.864773 0.930511
vt 0.865103 0.930889
vt 0.701812 0.724472
vt 0.700587 0.724779
vt 0.712348 0.729976
vt 0.698862 0.725142
vt 0.695196 0.734835
vt 0.864655 0.935498
vt 0.865109 0.935696
vt 0.864608 0.940499
vt 0.865087 0.940350
vt 0.716088 0.733482
vt 0.717705 0.738408
vt 0.529895 0.314125
vt 0.525875 0.311715
vt 0.524682 0.312589
vt 0.528702 0.314999
vt 0.532686 0.318254
vt 0.531493 0.319128
vt 0.533512 0.323014
vt 0.532319 0.323888
vt 0.959282 0.229791
vt 0.955038 0.229980
vt 0.955278 0.230267
vt 0.959463 0.230140
vt 0.958501 0.306752
vt 0.958727 0.302519
vt 0.958344 0.302503
vt 0.958132 0.306677
vt 0.958432 0.310951
vt 0.958101 0.310774
vt 0.458713 0.310466
vt 0.458062 0.309569
vt 0.459635 0.311678
vt 0.534409 0.322366
vt 0.863308 0.414435
vt 0.862976 0.414705
vt 0.922346 0.229543
vt 0.922389 0.229270
vt 0.890024 0.228729
vt 0.889700 0.229000
vt 0.496385 0.307414
vt 0.496249 0.308457
vt 0.496507 0.306642
vt 0.526773 0.311067
vt 0.495181 0.317650
vt 0.464104 0.305360
vt 0.461248 0.307927
vt 0.885291 0.228414
vt 0.885106 0.228804
vt 0.862736 0.410328
vt 0.863124 0.410108
vt 0.880634 0.227960
vt 0.880538 0.228396
vt 0.530792 0.313477
vt 0.533583 0.317606
vt 0.466242 0.302216
vt 0.462531 0.303251
vt 0.463182 0.304147
vt 0.466894 0.303112
vt 0.459675 0.305818
vt 0.460326 0.306714
vt 0.467816 0.304325
vt 0.489389 0.693013
vt 0.487316 0.690892
vt 0.443189 0.744374
vt 0.444842 0.747016
vt 0.531443 0.637409
vt 0.533937 0.639009
vt 0.534328 0.637935
vt 0.531885 0.636368
vt 0.534656 0.637150
vt 0.532214 0.635583
vt 0.863989 0.727797
vt 0.863994 0.730604
vt 0.864305 0.730618
vt 0.864299 0.727775
vt 0.955402 0.726878
vt 0.955451 0.723852
vt 0.955124 0.723974
vt 0.955091 0.726741
vt 0.441518 0.745685
vt 0.443203 0.748248
vt 0.443843 0.747710
vt 0.442207 0.745112
vt 0.865747 0.935677
vt 0.865204 0.935693
vt 0.865182 0.940351
vt 0.865726 0.940353
vt 0.865144 0.944864
vt 0.865688 0.944871
vt 0.865153 0.993081
vt 0.865698 0.993089
vt 0.865154 0.994181
vt 0.865692 0.994207
vt 0.865093 0.995316
vt 0.865656 0.995352
vt 0.952861 0.995796
vt 0.953414 0.995788
vt 0.953398 0.994626
vt 0.952854 0.994625
vt 0.953490 0.982311
vt 0.952946 0.982307
vt 0.954780 0.770938
vt 0.954236 0.770943
vt 0.954752 0.769361
vt 0.954209 0.769359
vt 0.954986 0.747081
vt 0.954440 0.747085
vt 0.954996 0.726744
vt 0.954453 0.726760
vt 0.955029 0.723972
vt 0.954486 0.723961
vt 0.955424 0.684719
vt 0.954879 0.684711
vt 0.955691 0.639819
vt 0.955146 0.639816
vt 0.955996 0.594978
vt 0.955451 0.594974
vt 0.956190 0.567649
vt 0.955646 0.567645
vt 0.956380 0.540369
vt 0.955835 0.540365
vt 0.956598 0.510385
vt 0.956053 0.510382
vt 0.956843 0.474987
vt 0.956299 0.474984
vt 0.957098 0.440792
vt 0.956554 0.440787
vt 0.957343 0.406584
vt 0.956798 0.406580
vt 0.957694 0.356445
vt 0.957149 0.356443
vt 0.958006 0.310774
vt 0.957462 0.310772
vt 0.958038 0.306673
vt 0.957499 0.306646
vt 0.958248 0.302495
vt 0.957696 0.302446
vt 0.959505 0.230793
vt 0.959469 0.230236
vt 0.955278 0.230362
vt 0.955277 0.230905
vt 0.922345 0.229638
vt 0.922338 0.230183
vt 0.889699 0.229094
vt 0.889691 0.229637
vt 0.885095 0.228898
vt 0.885036 0.229435
vt 0.880523 0.228492
vt 0.880436 0.229047
vt 0.863775 0.410063
vt 0.863221 0.410102
vt 0.863403 0.414433
vt 0.863946 0.414422
vt 0.863494 0.463807
vt 0.864038 0.463807
vt 0.863660 0.521260
vt 0.864204 0.521259
vt 0.863753 0.555965
vt 0.864298 0.555963
vt 0.863843 0.590612
vt 0.864387 0.590610
vt 0.863924 0.624648
vt 0.864468 0.624651
vt 0.863956 0.646535
vt 0.864501 0.646539
vt 0.864032 0.661160
vt 0.864577 0.661159
vt 0.864116 0.675818
vt 0.864661 0.675816
vt 0.864220 0.694560
vt 0.864765 0.694557
vt 0.864284 0.711372
vt 0.864829 0.711367
vt 0.864393 0.727773
vt 0.864938 0.727764
vt 0.864400 0.730617
vt 0.864944 0.730610
vt 0.864440 0.739734
vt 0.864984 0.739730
vt 0.864464 0.754895
vt 0.865009 0.754893
vt 0.865051 0.919105
vt 0.865596 0.919094
vt 0.865197 0.930883
vt 0.865740 0.930850
vt 0.203046 0.125966
vt 0.195595 0.069084
vt 0.194407 0.069264
vt 0.201864 0.126189
vt 0.193537 0.069395
vt 0.200997 0.126353
vt 0.880500 0.521203
vt 0.880342 0.463725
vt 0.880012 0.463738
vt 0.880170 0.521214
vt 0.258178 0.441211
vt 0.046889 0.429157
vt 0.047312 0.430204
vt 0.258329 0.442363
vt 0.047523 0.431026
vt 0.258438 0.443209
vt 0.937956 0.770877
vt 0.936611 0.982177
vt 0.936986 0.982216
vt 0.938271 0.770827
vt 0.309860 0.270029
vt 0.274840 0.265367
vt 0.273344 0.286551
vt 0.309649 0.297290
vt 0.300062 0.144129
vt 0.254681 0.152052
vt 0.261484 0.185591
vt 0.305457 0.177723
vt 0.280671 0.062207
vt 0.238133 0.065646
vt 0.247825 0.118403
vt 0.292604 0.110840
vt 0.268642 0.219112
vt 0.307790 0.213072
vt 0.307789 0.342010
vt 0.267837 0.317487
vt 0.259939 0.346169
vt 0.304064 0.386694
vt 0.309452 0.242818
vt 0.273678 0.244198
vt 0.293770 0.110539
vt 0.281831 0.061882
vt 0.940831 0.406474
vt 0.941172 0.356356
vt 0.940842 0.356359
vt 0.940500 0.406479
vt 0.294625 0.110318
vt 0.282682 0.061643
vt 0.939751 0.510311
vt 0.939548 0.540257
vt 0.939877 0.540245
vt 0.940080 0.510284
vt 0.310646 0.242723
vt 0.308978 0.212889
vt 0.311522 0.242654
vt 0.309848 0.212754
vt 0.939680 0.567535
vt 0.939352 0.567548
vt 0.311931 0.269924
vt 0.311055 0.269969
vt 0.880893 0.661040
vt 0.880835 0.646418
vt 0.880505 0.646425
vt 0.880567 0.661059
vt 0.239819 0.260704
vt 0.237903 0.245577
vt 0.236735 0.245909
vt 0.238612 0.260729
vt 0.235878 0.246152
vt 0.237727 0.260748
vt 0.880956 0.675699
vt 0.880636 0.675725
vt 0.237039 0.275811
vt 0.235895 0.275495
vt 0.235056 0.275262
vt 0.880599 0.555905
vt 0.880269 0.555913
vt 0.209301 0.159975
vt 0.208129 0.160257
vt 0.207271 0.160463
vt 0.880667 0.590593
vt 0.880337 0.590598
vt 0.217511 0.193457
vt 0.216363 0.193831
vt 0.215521 0.194105
vt 0.940592 0.440671
vt 0.940262 0.440677
vt 0.302100 0.143680
vt 0.301238 0.143870
vt 0.940345 0.474851
vt 0.940015 0.474861
vt 0.307517 0.177415
vt 0.306646 0.177545
vt 0.880729 0.624634
vt 0.880398 0.624640
vt 0.229494 0.225151
vt 0.228373 0.225598
vt 0.227552 0.225926
vt 0.881155 0.711243
vt 0.881046 0.694454
vt 0.880731 0.694474
vt 0.880844 0.711254
vt 0.215812 0.305644
vt 0.227885 0.292964
vt 0.226904 0.292343
vt 0.215076 0.304765
vt 0.226184 0.291887
vt 0.214536 0.304121
vt 0.939163 0.594872
vt 0.938857 0.639718
vt 0.939184 0.639704
vt 0.939490 0.594858
vt 0.308981 0.342021
vt 0.310843 0.297260
vt 0.309856 0.342029
vt 0.311719 0.297238
vt 0.938876 0.684684
vt 0.938549 0.684702
vt 0.306125 0.386794
vt 0.305253 0.386752
vt 0.938319 0.769235
vt 0.938330 0.747135
vt 0.938025 0.747225
vt 0.938010 0.769193
vt 0.260031 0.443301
vt 0.280488 0.435167
vt 0.279947 0.434513
vt 0.259921 0.442455
vt 0.279209 0.433621
vt 0.259773 0.441302
vt 0.033968 0.429463
vt 0.035024 0.429495
vt 0.034586 0.428455
vt 0.033401 0.428639
vt 0.033150 0.429652
vt 0.032532 0.428887
vt 0.882010 0.993955
vt 0.882101 0.992925
vt 0.881704 0.992930
vt 0.881709 0.994026
vt 0.882095 0.995173
vt 0.881781 0.995154
vt 0.936612 0.995526
vt 0.936894 0.995671
vt 0.936927 0.994510
vt 0.936548 0.994478
vt 0.034212 0.430211
vt 0.035241 0.430316
vt 0.881283 0.754771
vt 0.881223 0.739654
vt 0.880913 0.739702
vt 0.880973 0.754848
vt 0.175140 0.322073
vt 0.189361 0.317153
vt 0.188967 0.316415
vt 0.174672 0.321361
vt 0.175778 0.323043
vt 0.189899 0.318159
vt 0.234555 0.375890
vt 0.212215 0.377728
vt 0.011945 0.379710
vt 0.009998 0.379205
vt 0.006069 0.382023
vt 0.007961 0.382529
vt 0.004466 0.386412
vt 0.006301 0.386901
vt 0.005784 0.390750
vt 0.007566 0.391208
vt 0.881897 0.945332
vt 0.881567 0.944955
vt 0.004438 0.390360
vt 0.881844 0.930621
vt 0.881910 0.918618
vt 0.881604 0.919012
vt 0.881516 0.931006
vt 0.021140 0.375349
vt 0.019844 0.374932
vt 0.008642 0.378809
vt 0.022999 0.375886
vt 0.027238 0.385337
vt 0.881516 0.935810
vt 0.881969 0.935613
vt 0.882011 0.940589
vt 0.881532 0.940440
vt 0.004711 0.381630
vt 0.003112 0.386023
vt 0.198846 0.012632
vt 0.197546 0.011683
vt 0.193280 0.013449
vt 0.194580 0.014398
vt 0.190390 0.016960
vt 0.191690 0.017909
vt 0.189637 0.021290
vt 0.190937 0.022240
vt 0.954869 0.246787
vt 0.954619 0.247064
vt 0.958933 0.247429
vt 0.959131 0.247087
vt 0.941428 0.302406
vt 0.941045 0.302416
vt 0.941208 0.306583
vt 0.941579 0.306513
vt 0.941211 0.310767
vt 0.941544 0.310595
vt 0.270657 0.017732
vt 0.269945 0.018475
vt 0.268973 0.019489
vt 0.188684 0.020596
vt 0.880201 0.414714
vt 0.879869 0.414445
vt 0.889494 0.245697
vt 0.922198 0.246507
vt 0.922166 0.246233
vt 0.889179 0.245413
vt 0.229391 0.012156
vt 0.229227 0.011174
vt 0.229107 0.010454
vt 0.196594 0.010986
vt 0.267124 0.015808
vt 0.263970 0.013081
vt 0.230810 0.020834
vt 0.884665 0.245404
vt 0.884830 0.245803
vt 0.880427 0.410269
vt 0.880037 0.410048
vt 0.880222 0.245622
vt 0.880298 0.246062
vt 0.192328 0.012753
vt 0.189438 0.016264
vt 0.264941 0.012067
vt 0.265653 0.011324
vt 0.261620 0.009921
vt 0.260908 0.010665
vt 0.268808 0.014051
vt 0.268096 0.014794
vt 0.259936 0.011679
vt 0.299317 0.423982
vt 0.250159 0.369011
vt 0.247985 0.370740
vt 0.297612 0.426245
vt 0.197915 0.314194
vt 0.198355 0.315234
vt 0.200998 0.314040
vt 0.200504 0.313024
vt 0.197572 0.313438
vt 0.200160 0.312268
vt 0.880896 0.730572
vt 0.881207 0.730556
vt 0.881192 0.727756
vt 0.880882 0.727736
vt 0.938652 0.723677
vt 0.938327 0.723552
vt 0.938318 0.726564
vt 0.938632 0.726429
vt 0.298723 0.427014
vt 0.299464 0.427606
vt 0.301207 0.425420
vt 0.300410 0.424790
vt 0.881437 0.940440
vt 0.881421 0.935807
vt 0.880877 0.935792
vt 0.880894 0.940441
vt 0.881473 0.944957
vt 0.880929 0.944966
vt 0.881609 0.992932
vt 0.881064 0.992942
vt 0.881615 0.994031
vt 0.881078 0.994061
vt 0.881684 0.995163
vt 0.881121 0.995202
vt 0.937022 0.994511
vt 0.936990 0.995674
vt 0.937543 0.995690
vt 0.937565 0.994518
vt 0.937081 0.982217
vt 0.937626 0.982220
vt 0.938366 0.770829
vt 0.938910 0.770841
vt 0.938413 0.769236
vt 0.938956 0.769240
vt 0.938424 0.747137
vt 0.938970 0.747149
vt 0.938726 0.726434
vt 0.939269 0.726457
vt 0.938747 0.723677
vt 0.939291 0.723675
vt 0.938970 0.684684
vt 0.939515 0.684684
vt 0.939279 0.639705
vt 0.939823 0.639710
vt 0.939585 0.594859
vt 0.940130 0.594863
vt 0.939775 0.567536
vt 0.940319 0.567540
vt 0.939971 0.540246
vt 0.940516 0.540250
vt 0.940174 0.510285
vt 0.940719 0.510289
vt 0.940440 0.474852
vt 0.940984 0.474857
vt 0.940687 0.440671
vt 0.941231 0.440674
vt 0.940926 0.406475
vt 0.941470 0.406478
vt 0.941267 0.356357
vt 0.941812 0.356363
vt 0.941639 0.310596
vt 0.942183 0.310602
vt 0.941673 0.306510
vt 0.942213 0.306490
vt 0.941524 0.302399
vt 0.942077 0.302361
vt 0.954872 0.246693
vt 0.959142 0.246992
vt 0.959204 0.246437
vt 0.954892 0.246150
vt 0.922168 0.246138
vt 0.922184 0.245593
vt 0.889182 0.245318
vt 0.889195 0.244775
vt 0.884658 0.245311
vt 0.884620 0.244771
vt 0.880211 0.245526
vt 0.880152 0.244967
vt 0.879774 0.414444
vt 0.879941 0.410041
vt 0.879387 0.410002
vt 0.879230 0.414437
vt 0.879918 0.463739
vt 0.879373 0.463742
vt 0.880076 0.521215
vt 0.879531 0.521216
vt 0.880174 0.555913
vt 0.879629 0.555914
vt 0.880242 0.590599
vt 0.879698 0.590600
vt 0.880304 0.624641
vt 0.879759 0.624647
vt 0.880410 0.646426
vt 0.879865 0.646434
vt 0.880472 0.661060
vt 0.879927 0.661064
vt 0.880541 0.675726
vt 0.879996 0.675729
vt 0.880636 0.694474
vt 0.880091 0.694477
vt 0.880749 0.711254
vt 0.880204 0.711253
vt 0.880787 0.727735
vt 0.880243 0.727732
vt 0.880801 0.730571
vt 0.880256 0.730568
vt 0.880818 0.739702
vt 0.880274 0.739701
vt 0.880878 0.754849
vt 0.880334 0.754850
vt 0.881509 0.919010
vt 0.880964 0.919001
vt 0.881421 0.931000
vt 0.880879 0.930971
vt 0.910208 0.024266
vt 0.910224 0.024303
vt 0.929996 0.024496
vt 0.929985 0.024407
vt 0.910201 0.024174
vt 0.929984 0.024270
vt 0.910208 0.024042
vt 0.930003 0.024090
vt 0.910232 0.023887
vt 0.930047 0.023884
vt 0.033348 0.437471
vt 0.033259 0.437455
vt 0.033006 0.440517
vt 0.033080 0.440522
vt 0.033436 0.437492
vt 0.033154 0.440528
vt 0.033524 0.437517
vt 0.033228 0.440533
vt 0.033612 0.437544
vt 0.033302 0.440539
vt 0.015368 0.440535
vt 0.015440 0.440531
vt 0.015109 0.437415
vt 0.015022 0.437435
vt 0.015295 0.440540
vt 0.014935 0.437459
vt 0.015222 0.440544
vt 0.014848 0.437487
vt 0.015149 0.440549
vt 0.014762 0.437518
vt 0.431856 0.029094
vt 0.431855 0.029162
vt 0.434802 0.029027
vt 0.434815 0.028959
vt 0.431857 0.029026
vt 0.434831 0.028891
vt 0.431858 0.028958
vt 0.434848 0.028822
vt 0.431860 0.028892
vt 0.434865 0.028752
vt 0.435629 0.044399
vt 0.435617 0.044330
vt 0.432506 0.044236
vt 0.432506 0.044303
vt 0.435642 0.044469
vt 0.432507 0.044370
vt 0.435657 0.044539
vt 0.432508 0.044436
vt 0.435672 0.044609
vt 0.432509 0.044502
vt 0.290200 0.028069
vt 0.290174 0.028152
vt 0.293849 0.028663
vt 0.293856 0.028597
vt 0.290232 0.027987
vt 0.293863 0.028530
vt 0.290269 0.027906
vt 0.293870 0.028463
vt 0.290308 0.027825
vt 0.293877 0.028395
vt 0.293953 0.044831
vt 0.293948 0.044765
vt 0.290123 0.045311
vt 0.290151 0.045394
vt 0.293958 0.044897
vt 0.290186 0.045476
vt 0.293963 0.044963
vt 0.290225 0.045557
vt 0.293968 0.045029
vt 0.290267 0.045637
vt 0.032628 0.485139
vt 0.032552 0.485139
vt 0.032654 0.489046
vt 0.032724 0.489031
vt 0.032703 0.485139
vt 0.032793 0.489016
vt 0.032778 0.485140
vt 0.032861 0.489000
vt 0.032853 0.485140
vt 0.032930 0.488983
vt 0.016938 0.489709
vt 0.017006 0.489718
vt 0.017212 0.485707
vt 0.017140 0.485708
vt 0.016871 0.489698
vt 0.017068 0.485708
vt 0.016804 0.489687
vt 0.016997 0.485709
vt 0.016737 0.489675
vt 0.016926 0.485709
vt 0.929295 0.029703
vt 0.929306 0.029626
vt 0.909638 0.029347
vt 0.909643 0.029381
vt 0.929300 0.029840
vt 0.909653 0.029475
vt 0.929332 0.030024
vt 0.909673 0.029613
vt 0.929403 0.030238
vt 0.909708 0.029777
vt 0.929430 0.045615
vt 0.929507 0.045409
vt 0.909708 0.045520
vt 0.909673 0.045679
vt 0.929388 0.045799
vt 0.909651 0.045817
vt 0.929377 0.045933
vt 0.909640 0.045910
vt 0.929381 0.046012
vt 0.909634 0.045946
vt 0.867262 0.029099
vt 0.867263 0.029026
vt 0.844468 0.028962
vt 0.844467 0.029035
vt 0.867260 0.029172
vt 0.844467 0.029108
vt 0.867259 0.029245
vt 0.844467 0.029181
vt 0.867259 0.029318
vt 0.844467 0.029254
vt 0.867216 0.045743
vt 0.867216 0.045670
vt 0.844421 0.045605
vt 0.844421 0.045678
vt 0.867217 0.045816
vt 0.844420 0.045751
vt 0.867219 0.045889
vt 0.844420 0.045824
vt 0.867220 0.045962
vt 0.844420 0.045897
vt 0.509087 0.028562
vt 0.509092 0.028489
vt 0.482925 0.028198
vt 0.482919 0.028272
vt 0.509083 0.028635
vt 0.482912 0.028346
vt 0.509078 0.028708
vt 0.482905 0.028421
vt 0.509073 0.028781
vt 0.482898 0.028495
vt 0.509077 0.045284
vt 0.509074 0.045211
vt 0.482495 0.045441
vt 0.482502 0.045515
vt 0.509081 0.045357
vt 0.482508 0.045589
vt 0.509084 0.045430
vt 0.482514 0.045662
vt 0.509087 0.045503
vt 0.482520 0.045736
vt 0.033272 0.492664
vt 0.033197 0.492678
vt 0.033047 0.537865
vt 0.033124 0.537860
vt 0.033347 0.492650
vt 0.033201 0.537856
vt 0.033421 0.492635
vt 0.033279 0.537851
vt 0.033496 0.492621
vt 0.033356 0.537847
vt 0.016025 0.493340
vt 0.015949 0.493331
vt 0.015287 0.537504
vt 0.015364 0.537508
vt 0.016101 0.493349
vt 0.015442 0.537512
vt 0.016178 0.493358
vt 0.015519 0.537516
vt 0.016254 0.493367
vt 0.015596 0.537520
vt 0.956573 0.029016
vt 0.956577 0.028934
vt 0.956469 0.028971
vt 0.956458 0.029044
vt 0.956571 0.029100
vt 0.956451 0.029120
vt 0.956568 0.029186
vt 0.956450 0.029199
vt 0.956566 0.029273
vt 0.956459 0.029280
vt 0.981873 0.030629
vt 0.981881 0.030560
vt 0.956667 0.028974
vt 0.956673 0.029048
vt 0.981865 0.030697
vt 0.956677 0.029125
vt 0.981856 0.030766
vt 0.956675 0.029205
vt 0.981848 0.030835
vt 0.956664 0.029286
vt 0.719824 0.028663
vt 0.719823 0.028589
vt 0.707093 0.028672
vt 0.707093 0.028744
vt 0.719826 0.028736
vt 0.707093 0.028816
vt 0.719828 0.028809
vt 0.707093 0.028888
vt 0.719829 0.028882
vt 0.707093 0.028961
vt 0.719804 0.045223
vt 0.719805 0.045150
vt 0.707163 0.045045
vt 0.707163 0.045117
vt 0.719802 0.045296
vt 0.707163 0.045189
vt 0.719801 0.045369
vt 0.707162 0.045261
vt 0.719799 0.045442
vt 0.707163 0.045334
vt 0.677998 0.028810
vt 0.677998 0.028883
vt 0.687724 0.028821
vt 0.687724 0.028748
vt 0.677998 0.028737
vt 0.687724 0.028675
vt 0.677998 0.028665
vt 0.687724 0.028601
vt 0.677997 0.028593
vt 0.687724 0.028528
vt 0.687736 0.045349
vt 0.687736 0.045276
vt 0.678021 0.045249
vt 0.678021 0.045321
vt 0.687737 0.045422
vt 0.678021 0.045394
vt 0.687737 0.045495
vt 0.678021 0.045467
vt 0.687737 0.045569
vt 0.678021 0.045539
vt 0.633436 0.028801
vt 0.633435 0.028874
vt 0.645930 0.028870
vt 0.645932 0.028797
vt 0.633437 0.028727
vt 0.645933 0.028723
vt 0.633437 0.028654
vt 0.645935 0.028650
vt 0.633438 0.028581
vt 0.645936 0.028577
vt 0.645885 0.045317
vt 0.645883 0.045244
vt 0.633385 0.045203
vt 0.633386 0.045277
vt 0.645886 0.045390
vt 0.633386 0.045350
vt 0.645887 0.045464
vt 0.633387 0.045423
vt 0.645889 0.045537
vt 0.633387 0.045497
vt 0.032072 0.668544
vt 0.032150 0.668547
vt 0.032180 0.668189
vt 0.032097 0.668188
vt 0.031994 0.668540
vt 0.032014 0.668188
vt 0.031916 0.668537
vt 0.031931 0.668188
vt 0.031838 0.668532
vt 0.031848 0.668188
vt 0.014172 0.668258
vt 0.014250 0.668256
vt 0.014247 0.667913
vt 0.014164 0.667912
vt 0.014094 0.668261
vt 0.014081 0.667911
vt 0.014016 0.668263
vt 0.013997 0.667911
vt 0.013938 0.668265
vt 0.013914 0.667910
vt 0.807684 0.029043
vt 0.807684 0.029117
vt 0.824026 0.029176
vt 0.824026 0.029103
vt 0.807684 0.028970
vt 0.824026 0.029030
vt 0.807684 0.028897
vt 0.824026 0.028956
vt 0.807684 0.028824
vt 0.824027 0.028883
vt 0.823964 0.045640
vt 0.823965 0.045567
vt 0.807619 0.045522
vt 0.807618 0.045595
vt 0.823964 0.045713
vt 0.807618 0.045668
vt 0.823964 0.045786
vt 0.807617 0.045741
vt 0.823963 0.045859
vt 0.807617 0.045814
vt 0.779089 0.028952
vt 0.779090 0.029025
vt 0.792351 0.029069
vt 0.792351 0.028996
vt 0.779089 0.028879
vt 0.792350 0.028923
vt 0.779088 0.028806
vt 0.792350 0.028850
vt 0.779088 0.028733
vt 0.792350 0.028777
vt 0.792290 0.045539
vt 0.792291 0.045466
vt 0.779029 0.045422
vt 0.779028 0.045495
vt 0.792289 0.045612
vt 0.779027 0.045568
vt 0.792288 0.045685
vt 0.779026 0.045641
vt 0.792288 0.045758
vt 0.779025 0.045714
vt 0.754629 0.028882
vt 0.754630 0.028955
vt 0.766413 0.028992
vt 0.766412 0.028919
vt 0.754629 0.028809
vt 0.766412 0.028846
vt 0.754628 0.028736
vt 0.766411 0.028773
vt 0.754628 0.028663
vt 0.766411 0.028700
vt 0.766355 0.045442
vt 0.766356 0.045369
vt 0.754569 0.045324
vt 0.754568 0.045397
vt 0.766354 0.045515
vt 0.754567 0.045470
vt 0.766353 0.045588
vt 0.754566 0.045543
vt 0.766352 0.045661
vt 0.754565 0.045616
vt 0.731424 0.028828
vt 0.731425 0.028901
vt 0.743069 0.028923
vt 0.743069 0.028850
vt 0.731423 0.028755
vt 0.743068 0.028777
vt 0.731422 0.028682
vt 0.743067 0.028704
vt 0.731421 0.028609
vt 0.743067 0.028631
vt 0.743008 0.045340
vt 0.743009 0.045267
vt 0.731378 0.045197
vt 0.731377 0.045270
vt 0.743007 0.045413
vt 0.731376 0.045343
vt 0.743006 0.045486
vt 0.731375 0.045416
vt 0.743005 0.045559
vt 0.731373 0.045489
vt 0.608227 0.028747
vt 0.608227 0.028821
vt 0.620329 0.028873
vt 0.620329 0.028799
vt 0.608226 0.028674
vt 0.620330 0.028726
vt 0.608226 0.028601
vt 0.620330 0.028653
vt 0.608226 0.028527
vt 0.620330 0.028580
vt 0.620295 0.045224
vt 0.620295 0.045150
vt 0.608181 0.045192
vt 0.608180 0.045265
vt 0.620295 0.045297
vt 0.608180 0.045339
vt 0.620295 0.045370
vt 0.608180 0.045412
vt 0.620295 0.045443
vt 0.608179 0.045485
vt 0.583313 0.028756
vt 0.583313 0.028828
vt 0.596657 0.028814
vt 0.596656 0.028741
vt 0.583312 0.028683
vt 0.596655 0.028668
vt 0.583312 0.028611
vt 0.596654 0.028595
vt 0.583311 0.028539
vt 0.596653 0.028522
vt 0.596619 0.045247
vt 0.596620 0.045174
vt 0.583317 0.045114
vt 0.583316 0.045187
vt 0.596618 0.045321
vt 0.583315 0.045259
vt 0.596617 0.045394
vt 0.583314 0.045332
vt 0.596616 0.045467
vt 0.583314 0.045405
vt 0.556728 0.028776
vt 0.556727 0.028848
vt 0.571158 0.028783
vt 0.571158 0.028710
vt 0.556728 0.028704
vt 0.571158 0.028637
vt 0.556729 0.028632
vt 0.571157 0.028564
vt 0.556729 0.028560
vt 0.571157 0.028492
vt 0.571163 0.045170
vt 0.571164 0.045097
vt 0.556799 0.045017
vt 0.556800 0.045089
vt 0.571163 0.045243
vt 0.556801 0.045161
vt 0.571162 0.045316
vt 0.556801 0.045234
vt 0.571162 0.045389
vt 0.556802 0.045306
vt 0.526117 0.028774
vt 0.526115 0.028847
vt 0.543109 0.028826
vt 0.543110 0.028753
vt 0.526120 0.028702
vt 0.543112 0.028681
vt 0.526122 0.028629
vt 0.543113 0.028608
vt 0.526125 0.028556
vt 0.543114 0.028535
vt 0.543184 0.045146
vt 0.543182 0.045073
vt 0.526195 0.045108
vt 0.526197 0.045180
vt 0.543186 0.045219
vt 0.526199 0.045253
vt 0.543187 0.045291
vt 0.526201 0.045325
vt 0.543189 0.045364
vt 0.526204 0.045398
vt 0.031358 0.743893
vt 0.031435 0.743895
vt 0.031630 0.714848
vt 0.031554 0.714847
vt 0.031280 0.743892
vt 0.031477 0.714847
vt 0.031203 0.743890
vt 0.031400 0.714846
vt 0.031126 0.743889
vt 0.031323 0.714845
vt 0.013699 0.743701
vt 0.013776 0.743701
vt 0.014073 0.714716
vt 0.013996 0.714716
vt 0.013622 0.743701
vt 0.013919 0.714715
vt 0.013544 0.743702
vt 0.013842 0.714715
vt 0.013467 0.743702
vt 0.013766 0.714714
vt 0.987408 0.030778
vt 0.984415 0.030956
vt 0.984601 0.046085
vt 0.987531 0.046310
vt 0.428832 0.029126
vt 0.429349 0.044386
vt 0.031206 0.776668
vt 0.030668 0.772596
vt 0.013808 0.772596
vt 0.013176 0.776504
vt 0.032639 0.481241
vt 0.016965 0.481640
vt 0.297095 0.028592
vt 0.297202 0.044835
vt 0.033123 0.477934
vt 0.016201 0.478174
vt 0.033097 0.444300
vt 0.015420 0.444298
vt 0.420323 0.028654
vt 0.420229 0.045360
vt 0.476068 0.028395
vt 0.475691 0.045424
vt 0.479431 0.028311
vt 0.479025 0.045587
vt 0.888473 0.029437
vt 0.888399 0.045676
vt 0.015090 0.579023
vt 0.032634 0.579159
vt 0.955698 0.046871
vt 0.955803 0.046881
vt 0.955900 0.046871
vt 0.982055 0.046163
vt 0.668093 0.028936
vt 0.668115 0.045212
vt 0.697332 0.028871
vt 0.697362 0.045185
vt 0.657517 0.028898
vt 0.657504 0.045234
vt 0.030765 0.769303
vt 0.013769 0.769268
vt 0.031845 0.667839
vt 0.014257 0.667567
vt 0.031881 0.647100
vt 0.014728 0.646997
vt 0.032641 0.580482
vt 0.015055 0.580308
vt 0.032605 0.581784
vt 0.015067 0.581579
vt 0.033253 0.465307
vt 0.015392 0.465212
vt 0.361064 0.028524
vt 0.360896 0.045031
vt 0.031498 0.690966
vt 0.014313 0.690850
vt 0.032050 0.626512
vt 0.014926 0.626423
vt 0.032215 0.607060
vt 0.015098 0.606992
vt 0.056375 0.440430
vt 0.038797 0.439694
vt 0.038706 0.440940
vt 0.056353 0.441665
vt 0.985944 0.009666
vt 0.984697 0.026031
vt 0.985840 0.026043
vt 0.987083 0.009762
vt 0.431960 0.007536
vt 0.432276 0.024307
vt 0.433752 0.024175
vt 0.433196 0.007604
vt 0.430733 0.007505
vt 0.430826 0.024213
vt 0.293014 0.006972
vt 0.292965 0.023378
vt 0.294238 0.023468
vt 0.294265 0.006947
vt 0.053585 0.772285
vt 0.036121 0.772259
vt 0.036210 0.773535
vt 0.053546 0.773554
vt 0.055642 0.485671
vt 0.037436 0.485436
vt 0.037683 0.486997
vt 0.055588 0.486983
vt 0.055596 0.484340
vt 0.037643 0.483851
vt 0.296767 0.023359
vt 0.296734 0.006984
vt 0.055502 0.481285
vt 0.038213 0.480366
vt 0.038757 0.444198
vt 0.056225 0.444887
vt 0.421576 0.007224
vt 0.420981 0.023423
vt 0.910100 0.007931
vt 0.929814 0.008092
vt 0.475369 0.023142
vt 0.474908 0.006767
vt 0.844516 0.007613
vt 0.844500 0.023973
vt 0.867403 0.024033
vt 0.867399 0.007680
vt 0.483636 0.006755
vt 0.483387 0.023161
vt 0.509303 0.023512
vt 0.509645 0.007093
vt 0.479334 0.022983
vt 0.479254 0.006759
vt 0.888925 0.023958
vt 0.888903 0.007785
vt 0.055525 0.490505
vt 0.038385 0.490978
vt 0.038647 0.537730
vt 0.055883 0.537654
vt 0.982765 0.025859
vt 0.984026 0.009561
vt 0.957595 0.008029
vt 0.956773 0.024315
vt 0.957404 0.008026
vt 0.956636 0.024310
vt 0.956707 0.024316
vt 0.957504 0.008023
vt 0.706940 0.007379
vt 0.707051 0.023701
vt 0.719715 0.023642
vt 0.719599 0.007403
vt 0.678072 0.007238
vt 0.677987 0.023673
vt 0.687723 0.023671
vt 0.687775 0.007274
vt 0.668298 0.007234
vt 0.668174 0.023666
vt 0.633585 0.007349
vt 0.633485 0.023579
vt 0.646045 0.023597
vt 0.646198 0.007314
vt 0.697390 0.007332
vt 0.697390 0.023660
vt 0.657824 0.007270
vt 0.657667 0.023655
vt 0.053564 0.769921
vt 0.036262 0.769815
vt 0.054684 0.668384
vt 0.037473 0.668202
vt 0.037456 0.668963
vt 0.054680 0.669185
vt 0.054691 0.667579
vt 0.037470 0.667439
vt 0.807653 0.007452
vt 0.807669 0.023831
vt 0.824029 0.023890
vt 0.824043 0.007522
vt 0.778972 0.007363
vt 0.779050 0.023748
vt 0.792323 0.023787
vt 0.792270 0.007399
vt 0.754464 0.007334
vt 0.754581 0.023689
vt 0.766367 0.023721
vt 0.766264 0.007339
vt 0.731211 0.007378
vt 0.731344 0.023652
vt 0.743003 0.023664
vt 0.742875 0.007349
vt 0.608233 0.007289
vt 0.608213 0.023559
vt 0.620355 0.023581
vt 0.620399 0.007342
vt 0.583250 0.007198
vt 0.583268 0.023557
vt 0.596601 0.023547
vt 0.596596 0.007233
vt 0.556903 0.007241
vt 0.556776 0.023602
vt 0.571144 0.023584
vt 0.571188 0.007225
vt 0.526629 0.007202
vt 0.526299 0.023595
vt 0.543234 0.023591
vt 0.543494 0.007247
vt 0.038251 0.578918
vt 0.055515 0.579046
vt 0.054733 0.647046
vt 0.037421 0.647048
vt 0.038259 0.580581
vt 0.055484 0.580806
vt 0.038213 0.582234
vt 0.055460 0.582551
vt 0.055816 0.466912
vt 0.038922 0.465829
vt 0.361106 0.006844
vt 0.361047 0.023217
vt 0.054147 0.715127
vt 0.036884 0.714901
vt 0.036683 0.743990
vt 0.053893 0.744263
vt 0.054357 0.691376
vt 0.037053 0.691118
vt 0.054841 0.626703
vt 0.037588 0.626562
vt 0.055032 0.607498
vt 0.037751 0.607222
vt 0.038365 0.440910
vt 0.038491 0.439583
vt 0.010044 0.439581
vt 0.010254 0.440916
vt 0.985902 0.026288
vt 0.984677 0.026330
vt 0.984418 0.030699
vt 0.987349 0.030481
vt 0.984637 0.050759
vt 0.985878 0.050887
vt 0.987472 0.046613
vt 0.984595 0.046343
vt 0.433806 0.024458
vt 0.432236 0.024691
vt 0.432862 0.048581
vt 0.434752 0.048895
vt 0.430731 0.024494
vt 0.428831 0.028852
vt 0.431073 0.048929
vt 0.429341 0.044658
vt 0.294204 0.023789
vt 0.292822 0.023660
vt 0.292838 0.049731
vt 0.294220 0.049537
vt 0.035919 0.773700
vt 0.035778 0.772292
vt 0.030949 0.772576
vt 0.031550 0.776510
vt 0.008837 0.772213
vt 0.008600 0.773595
vt 0.012834 0.776359
vt 0.013532 0.772566
vt 0.037366 0.487089
vt 0.036945 0.485393
vt 0.013159 0.485873
vt 0.012556 0.487764
vt 0.037335 0.483709
vt 0.032913 0.481313
vt 0.012578 0.483997
vt 0.016696 0.481692
vt 0.296778 0.023649
vt 0.297090 0.028302
vt 0.296895 0.049806
vt 0.297199 0.045126
vt 0.037923 0.480267
vt 0.033423 0.478050
vt 0.011456 0.480358
vt 0.015899 0.478263
vt 0.038444 0.444198
vt 0.033413 0.444298
vt 0.010105 0.444271
vt 0.015108 0.444303
vt 0.420949 0.023711
vt 0.420374 0.028362
vt 0.420845 0.050303
vt 0.420275 0.045652
vt 0.910168 0.051011
vt 0.929837 0.051167
vt 0.475398 0.023433
vt 0.476005 0.028099
vt 0.475093 0.050363
vt 0.475639 0.045719
vt 0.867399 0.024325
vt 0.844499 0.024266
vt 0.844421 0.050592
vt 0.867331 0.050664
vt 0.509282 0.023806
vt 0.483382 0.023457
vt 0.482806 0.050433
vt 0.509298 0.050161
vt 0.479344 0.023264
vt 0.479419 0.027991
vt 0.478899 0.050737
vt 0.479018 0.045913
vt 0.888922 0.024261
vt 0.888437 0.029124
vt 0.888845 0.050855
vt 0.888365 0.045987
vt 0.038093 0.491047
vt 0.038340 0.537744
vt 0.982636 0.050940
vt 0.982071 0.046442
vt 0.955901 0.047178
vt 0.955861 0.051451
vt 0.956633 0.024605
vt 0.956699 0.024584
vt 0.032945 0.579154
vt 0.037942 0.578919
vt 0.011245 0.491988
vt 0.010299 0.537322
vt 0.955813 0.047215
vt 0.955709 0.047176
vt 0.955815 0.051447
vt 0.955839 0.051471
vt 0.982714 0.026144
vt 0.956760 0.024609
vt 0.719720 0.023933
vt 0.707053 0.023993
vt 0.707129 0.050009
vt 0.719685 0.050105
vt 0.687723 0.023962
vt 0.677987 0.023964
vt 0.678014 0.050182
vt 0.687759 0.050145
vt 0.668170 0.023957
vt 0.668096 0.028648
vt 0.668172 0.050208
vt 0.668117 0.045501
vt 0.646039 0.023889
vt 0.633483 0.023872
vt 0.633420 0.050158
vt 0.645980 0.050220
vt 0.697387 0.023950
vt 0.697334 0.028581
vt 0.697444 0.050128
vt 0.697364 0.045477
vt 0.657661 0.023947
vt 0.657524 0.028607
vt 0.657625 0.050183
vt 0.657510 0.045526
vt 0.035959 0.769796
vt 0.031069 0.769313
vt 0.008584 0.769642
vt 0.013465 0.769272
vt 0.037148 0.668950
vt 0.037180 0.668202
vt 0.008905 0.667850
vt 0.008934 0.668553
vt 0.037162 0.667450
vt 0.032157 0.667826
vt 0.008947 0.667146
vt 0.013945 0.667551
vt 0.824029 0.024183
vt 0.807670 0.024124
vt 0.807571 0.050511
vt 0.823936 0.050557
vt 0.792324 0.024079
vt 0.779052 0.024040
vt 0.778956 0.050405
vt 0.792229 0.050451
vt 0.766370 0.024013
vt 0.754583 0.023981
vt 0.754486 0.050298
vt 0.766277 0.050345
vt 0.743007 0.023955
vt 0.731349 0.023944
vt 0.731273 0.050156
vt 0.742911 0.050237
vt 0.620353 0.023874
vt 0.608213 0.023852
vt 0.608157 0.050153
vt 0.620302 0.050167
vt 0.596604 0.023838
vt 0.583270 0.023847
vt 0.583254 0.050112
vt 0.596547 0.050153
vt 0.571144 0.023875
vt 0.556773 0.023892
vt 0.556845 0.049991
vt 0.571136 0.050019
vt 0.543228 0.023881
vt 0.526287 0.023886
vt 0.526387 0.050067
vt 0.543321 0.050033
vt 0.014779 0.579013
vt 0.009806 0.578746
vt 0.037113 0.647051
vt 0.032187 0.647098
vt 0.009500 0.646833
vt 0.014423 0.646989
vt 0.037965 0.580575
vt 0.032972 0.580488
vt 0.009710 0.580315
vt 0.014723 0.580310
vt 0.037904 0.582221
vt 0.032916 0.581803
vt 0.009770 0.581876
vt 0.014756 0.581591
vt 0.038619 0.465786
vt 0.033567 0.465356
vt 0.010052 0.465842
vt 0.015079 0.465265
vt 0.361049 0.023510
vt 0.361062 0.028230
vt 0.360888 0.050042
vt 0.360895 0.045325
vt 0.036376 0.743984
vt 0.036576 0.714897
vt 0.008811 0.714683
vt 0.008494 0.743729
vt 0.036744 0.691109
vt 0.031804 0.690974
vt 0.009083 0.690887
vt 0.014007 0.690851
vt 0.037281 0.626559
vt 0.032356 0.626515
vt 0.009680 0.626374
vt 0.014619 0.626420
vt 0.037443 0.607212
vt 0.032521 0.607069
vt 0.009875 0.607047
vt 0.014792 0.606995
vt 0.985880 0.026226
vt 0.984681 0.026256
vt 0.985861 0.026165
vt 0.984686 0.026181
vt 0.985847 0.026104
vt 0.984691 0.026106
vt 0.038567 0.439617
vt 0.038450 0.440918
vt 0.038644 0.439649
vt 0.038535 0.440926
vt 0.038720 0.439675
vt 0.038620 0.440933
vt 0.982727 0.026073
vt 0.982740 0.026002
vt 0.982753 0.025930
vt 0.432245 0.024596
vt 0.430753 0.024424
vt 0.432255 0.024500
vt 0.430775 0.024354
vt 0.432265 0.024404
vt 0.430800 0.024283
vt 0.433794 0.024388
vt 0.433782 0.024317
vt 0.433768 0.024246
vt 0.420957 0.023639
vt 0.420965 0.023567
vt 0.420973 0.023495
vt 0.035991 0.773649
vt 0.035863 0.772283
vt 0.036064 0.773602
vt 0.035949 0.772274
vt 0.036137 0.773563
vt 0.036035 0.772266
vt 0.292868 0.023589
vt 0.294213 0.023709
vt 0.292909 0.023519
vt 0.294222 0.023629
vt 0.292942 0.023449
vt 0.294230 0.023549
vt 0.036035 0.769801
vt 0.036111 0.769806
vt 0.036187 0.769810
vt 0.037066 0.485403
vt 0.037411 0.483743
vt 0.037189 0.485414
vt 0.037488 0.483778
vt 0.037313 0.485425
vt 0.037565 0.483814
vt 0.037444 0.487067
vt 0.037523 0.487045
vt 0.037603 0.487022
vt 0.037996 0.480292
vt 0.038068 0.480317
vt 0.038140 0.480342
vt 0.296775 0.023577
vt 0.296772 0.023504
vt 0.296769 0.023432
vt 0.038695 0.465797
vt 0.038771 0.465808
vt 0.038847 0.465818
vt 0.038522 0.444198
vt 0.038601 0.444198
vt 0.038679 0.444198
vt 0.361048 0.023436
vt 0.361048 0.023363
vt 0.361048 0.023290
vt 0.888914 0.024220
vt 0.888909 0.024152
vt 0.888912 0.024062
vt 0.956645 0.024387
vt 0.956647 0.024462
vt 0.956642 0.024534
vt 0.475391 0.023360
vt 0.475385 0.023287
vt 0.475377 0.023214
vt 0.844499 0.024193
vt 0.824029 0.024109
vt 0.844500 0.024119
vt 0.824029 0.024036
vt 0.844500 0.024047
vt 0.824029 0.023963
vt 0.867401 0.024252
vt 0.867402 0.024179
vt 0.867403 0.024106
vt 0.509287 0.023732
vt 0.483383 0.023383
vt 0.509293 0.023659
vt 0.483384 0.023309
vt 0.509298 0.023586
vt 0.483385 0.023235
vt 0.479341 0.023194
vt 0.479339 0.023123
vt 0.479337 0.023053
vt 0.956759 0.024391
vt 0.956753 0.024465
vt 0.956754 0.024537
vt 0.038166 0.491030
vt 0.038239 0.491012
vt 0.038312 0.490995
vt 0.038417 0.537740
vt 0.038494 0.537737
vt 0.038571 0.537733
vt 0.956705 0.024379
vt 0.956703 0.024445
vt 0.956701 0.024513
vt 0.707052 0.023920
vt 0.697388 0.023877
vt 0.707052 0.023847
vt 0.697388 0.023805
vt 0.707052 0.023774
vt 0.697389 0.023732
vt 0.719719 0.023860
vt 0.719717 0.023787
vt 0.719716 0.023714
vt 0.677987 0.023891
vt 0.668171 0.023884
vt 0.677987 0.023819
vt 0.668172 0.023811
vt 0.677987 0.023746
vt 0.668173 0.023739
vt 0.687723 0.023889
vt 0.687723 0.023816
vt 0.687723 0.023743
vt 0.657662 0.023874
vt 0.657664 0.023801
vt 0.657666 0.023728
vt 0.633483 0.023799
vt 0.620354 0.023800
vt 0.633484 0.023726
vt 0.620354 0.023727
vt 0.633484 0.023652
vt 0.620354 0.023654
vt 0.646041 0.023816
vt 0.646042 0.023743
vt 0.646043 0.023670
vt 0.036453 0.743986
vt 0.036530 0.743987
vt 0.036607 0.743989
vt 0.037253 0.668202
vt 0.037239 0.667447
vt 0.037327 0.668202
vt 0.037316 0.667445
vt 0.037400 0.668202
vt 0.037393 0.667442
vt 0.037225 0.668953
vt 0.037302 0.668956
vt 0.037379 0.668960
vt 0.037190 0.647050
vt 0.037267 0.647049
vt 0.037344 0.647049
vt 0.807670 0.024051
vt 0.792324 0.024006
vt 0.807670 0.023978
vt 0.792324 0.023933
vt 0.807670 0.023905
vt 0.792323 0.023860
vt 0.779052 0.023967
vt 0.766369 0.023940
vt 0.779051 0.023894
vt 0.766369 0.023867
vt 0.779051 0.023821
vt 0.766368 0.023794
vt 0.754583 0.023908
vt 0.743006 0.023883
vt 0.754582 0.023835
vt 0.743005 0.023809
vt 0.754581 0.023762
vt 0.743004 0.023737
vt 0.731348 0.023871
vt 0.731346 0.023798
vt 0.731345 0.023725
vt 0.608213 0.023779
vt 0.596603 0.023765
vt 0.608213 0.023706
vt 0.596602 0.023692
vt 0.608212 0.023632
vt 0.596602 0.023619
vt 0.583270 0.023775
vt 0.571144 0.023802
vt 0.583269 0.023702
vt 0.571144 0.023729
vt 0.583269 0.023629
vt 0.571144 0.023656
vt 0.556774 0.023819
vt 0.543229 0.023809
vt 0.556774 0.023747
vt 0.543231 0.023736
vt 0.556775 0.023674
vt 0.543232 0.023664
vt 0.526290 0.023813
vt 0.526293 0.023741
vt 0.526296 0.023668
vt 0.038019 0.578919
vt 0.038096 0.578919
vt 0.038174 0.578919
vt 0.037358 0.626559
vt 0.037434 0.626560
vt 0.037511 0.626561
vt 0.038038 0.580577
vt 0.038112 0.580578
vt 0.038186 0.580580
vt 0.037982 0.582224
vt 0.038059 0.582227
vt 0.038136 0.582230
vt 0.036653 0.714898
vt 0.036821 0.691111
vt 0.036730 0.714899
vt 0.036899 0.691114
vt 0.036807 0.714900
vt 0.036976 0.691116
vt 0.037520 0.607215
vt 0.037597 0.607217
vt 0.037674 0.607220
vt 0.010176 0.440923
vt 0.010028 0.444273
vt 0.010099 0.440930
vt 0.009951 0.444274
vt 0.056430 0.441667
vt 0.056302 0.444890
vt 0.056507 0.441669
vt 0.056379 0.444894
vt 0.009971 0.439615
vt 0.009898 0.439646
vt 0.056528 0.440416
vt 0.056451 0.440427
vt 0.985852 0.050958
vt 0.984639 0.050832
vt 0.985829 0.051029
vt 0.984641 0.050905
vt 0.987094 0.009690
vt 0.987111 0.009618
vt 0.985955 0.009520
vt 0.985949 0.009593
vt 0.434747 0.048966
vt 0.475087 0.050435
vt 0.434742 0.049038
vt 0.475080 0.050508
vt 0.433193 0.007531
vt 0.474906 0.006694
vt 0.433189 0.007458
vt 0.474904 0.006621
vt 0.432867 0.048658
vt 0.432871 0.048735
vt 0.431957 0.007389
vt 0.431958 0.007462
vt 0.431085 0.049000
vt 0.431098 0.049071
vt 0.430731 0.007360
vt 0.430731 0.007432
vt 0.294225 0.049611
vt 0.296893 0.049879
vt 0.294230 0.049685
vt 0.296891 0.049952
vt 0.294265 0.006874
vt 0.296734 0.006911
vt 0.294263 0.006801
vt 0.296735 0.006838
vt 0.292881 0.049799
vt 0.292919 0.049867
vt 0.292986 0.006827
vt 0.293005 0.006900
vt 0.008529 0.773548
vt 0.008759 0.772206
vt 0.008458 0.773505
vt 0.008682 0.772199
vt 0.053622 0.773564
vt 0.053698 0.773585
vt 0.053740 0.772288
vt 0.053663 0.772286
vt 0.012485 0.487741
vt 0.011169 0.491975
vt 0.012413 0.487717
vt 0.011093 0.491963
vt 0.055665 0.486990
vt 0.055602 0.490507
vt 0.055741 0.486995
vt 0.055679 0.490509
vt 0.013070 0.485877
vt 0.012984 0.485882
vt 0.055797 0.485674
vt 0.055719 0.485672
vt 0.012510 0.484028
vt 0.012442 0.484060
vt 0.055749 0.484333
vt 0.055673 0.484336
vt 0.360888 0.050115
vt 0.360888 0.050188
vt 0.361106 0.006771
vt 0.361106 0.006698
vt 0.011383 0.480381
vt 0.011310 0.480404
vt 0.055655 0.481285
vt 0.055579 0.481285
vt 0.009975 0.465850
vt 0.009899 0.465858
vt 0.055893 0.466915
vt 0.055970 0.466917
vt 0.420851 0.050375
vt 0.420857 0.050448
vt 0.421576 0.007078
vt 0.421576 0.007151
vt 0.929821 0.051259
vt 0.955829 0.051516
vt 0.929814 0.051395
vt 0.955838 0.051586
vt 0.929763 0.007885
vt 0.957402 0.007950
vt 0.929740 0.007709
vt 0.957389 0.007876
vt 0.910151 0.051052
vt 0.910143 0.051143
vt 0.910067 0.007645
vt 0.910074 0.007775
vt 0.478897 0.050811
vt 0.478895 0.050884
vt 0.479253 0.006686
vt 0.479253 0.006613
vt 0.867333 0.050737
vt 0.888837 0.050896
vt 0.867334 0.050810
vt 0.888834 0.050963
vt 0.867398 0.007607
vt 0.888890 0.007681
vt 0.867397 0.007534
vt 0.888887 0.007591
vt 0.844421 0.050665
vt 0.844421 0.050738
vt 0.844516 0.007467
vt 0.844516 0.007540
vt 0.509302 0.050234
vt 0.526390 0.050140
vt 0.509305 0.050307
vt 0.526393 0.050213
vt 0.509646 0.007020
vt 0.526630 0.007129
vt 0.509646 0.006947
vt 0.526631 0.007056
vt 0.482808 0.050506
vt 0.482809 0.050578
vt 0.483638 0.006609
vt 0.483637 0.006682
vt 0.010222 0.537319
vt 0.010145 0.537316
vt 0.055960 0.537654
vt 0.056037 0.537654
vt 0.009729 0.578745
vt 0.009652 0.578744
vt 0.055592 0.579046
vt 0.055668 0.579046
vt 0.955838 0.051543
vt 0.955847 0.051520
vt 0.955836 0.051618
vt 0.955837 0.051591
vt 0.957506 0.007955
vt 0.957601 0.007954
vt 0.957507 0.007882
vt 0.957617 0.007880
vt 0.009633 0.580315
vt 0.009555 0.580314
vt 0.055561 0.580807
vt 0.055638 0.580808
vt 0.982645 0.051012
vt 0.982655 0.051084
vt 0.984033 0.009415
vt 0.984030 0.009488
vt 0.719683 0.050178
vt 0.731272 0.050229
vt 0.719681 0.050251
vt 0.731270 0.050302
vt 0.719599 0.007330
vt 0.731211 0.007305
vt 0.719599 0.007257
vt 0.731210 0.007232
vt 0.707129 0.050082
vt 0.707129 0.050155
vt 0.706939 0.007234
vt 0.706940 0.007306
vt 0.687760 0.050218
vt 0.697445 0.050201
vt 0.687760 0.050291
vt 0.697446 0.050273
vt 0.687775 0.007202
vt 0.697390 0.007259
vt 0.687776 0.007129
vt 0.697390 0.007186
vt 0.678014 0.050255
vt 0.678015 0.050328
vt 0.678073 0.007092
vt 0.678072 0.007165
vt 0.668173 0.050281
vt 0.668174 0.050354
vt 0.668299 0.007088
vt 0.668299 0.007161
vt 0.645981 0.050293
vt 0.657626 0.050256
vt 0.645982 0.050366
vt 0.657628 0.050329
vt 0.646198 0.007241
vt 0.657824 0.007197
vt 0.646198 0.007168
vt 0.657825 0.007124
vt 0.633420 0.050231
vt 0.633420 0.050304
vt 0.633586 0.007204
vt 0.633586 0.007276
vt 0.008508 0.769645
vt 0.008431 0.769648
vt 0.053718 0.769921
vt 0.053641 0.769921
vt 0.008857 0.668553
vt 0.009006 0.690887
vt 0.008780 0.668554
vt 0.008929 0.690888
vt 0.054757 0.669186
vt 0.054434 0.691377
vt 0.054834 0.669187
vt 0.054511 0.691378
vt 0.008828 0.667849
vt 0.008751 0.667848
vt 0.054838 0.668385
vt 0.054761 0.668384
vt 0.008870 0.667144
vt 0.008793 0.667141
vt 0.054845 0.667580
vt 0.054768 0.667580
vt 0.823936 0.050630
vt 0.823936 0.050703
vt 0.824043 0.007376
vt 0.824043 0.007448
vt 0.807570 0.050584
vt 0.807569 0.050657
vt 0.807653 0.007306
vt 0.807653 0.007379
vt 0.792228 0.050524
vt 0.792227 0.050597
vt 0.792270 0.007253
vt 0.792270 0.007326
vt 0.778955 0.050477
vt 0.778954 0.050550
vt 0.778971 0.007217
vt 0.778971 0.007290
vt 0.766276 0.050418
vt 0.766275 0.050491
vt 0.766263 0.007193
vt 0.766264 0.007266
vt 0.754485 0.050371
vt 0.754484 0.050444
vt 0.754463 0.007188
vt 0.754463 0.007261
vt 0.742910 0.050309
vt 0.742908 0.050382
vt 0.742874 0.007203
vt 0.742874 0.007276
vt 0.620303 0.050240
vt 0.620303 0.050313
vt 0.620400 0.007196
vt 0.620400 0.007269
vt 0.608157 0.050226
vt 0.608157 0.050299
vt 0.608233 0.007143
vt 0.608233 0.007216
vt 0.596546 0.050226
vt 0.596545 0.050299
vt 0.596596 0.007087
vt 0.596596 0.007160
vt 0.583253 0.050185
vt 0.583252 0.050258
vt 0.583250 0.007052
vt 0.583250 0.007125
vt 0.571135 0.050092
vt 0.571135 0.050165
vt 0.571189 0.007079
vt 0.571188 0.007152
vt 0.556846 0.050064
vt 0.556846 0.050137
vt 0.556904 0.007095
vt 0.556904 0.007168
vt 0.543323 0.050106
vt 0.543325 0.050178
vt 0.543496 0.007101
vt 0.543495 0.007174
vt 0.009423 0.646830
vt 0.009346 0.646828
vt 0.054887 0.647046
vt 0.054810 0.647046
vt 0.009693 0.581877
vt 0.009616 0.581879
vt 0.055537 0.582552
vt 0.055614 0.582554
vt 0.009798 0.607048
vt 0.009721 0.607049
vt 0.055109 0.607499
vt 0.055186 0.607500
vt 0.008417 0.743730
vt 0.008340 0.743730
vt 0.054047 0.744264
vt 0.053970 0.744263
vt 0.008734 0.714683
vt 0.008658 0.714683
vt 0.054301 0.715129
vt 0.054224 0.715128
vt 0.009603 0.626373
vt 0.009526 0.626372
vt 0.054994 0.626704
vt 0.054917 0.626704
vt 0.987399 0.030703
vt 0.984415 0.030892
vt 0.987386 0.030629
vt 0.984416 0.030828
vt 0.987368 0.030555
vt 0.984417 0.030764
vt 0.033334 0.444298
vt 0.033255 0.444299
vt 0.033176 0.444299
vt 0.015342 0.444299
vt 0.015264 0.444301
vt 0.015186 0.444302
vt 0.987491 0.046538
vt 0.984596 0.046279
vt 0.987508 0.046462
vt 0.984598 0.046214
vt 0.987522 0.046386
vt 0.984599 0.046149
vt 0.428833 0.029058
vt 0.428832 0.028989
vt 0.428831 0.028921
vt 0.476020 0.028173
vt 0.476035 0.028247
vt 0.476051 0.028321
vt 0.475677 0.045497
vt 0.475664 0.045571
vt 0.475652 0.045645
vt 0.429343 0.044590
vt 0.429346 0.044522
vt 0.429348 0.044454
vt 0.420336 0.028581
vt 0.420348 0.028508
vt 0.420361 0.028435
vt 0.420264 0.045579
vt 0.420252 0.045506
vt 0.420241 0.045433
vt 0.031294 0.776637
vt 0.030738 0.772591
vt 0.031380 0.776599
vt 0.030808 0.772586
vt 0.031465 0.776556
vt 0.030878 0.772581
vt 0.297091 0.028375
vt 0.297092 0.028447
vt 0.297093 0.028520
vt 0.297201 0.044908
vt 0.297200 0.044981
vt 0.297199 0.045054
vt 0.012918 0.776401
vt 0.013601 0.772573
vt 0.013003 0.776441
vt 0.013670 0.772581
vt 0.013089 0.776476
vt 0.013739 0.772589
vt 0.030841 0.769306
vt 0.030917 0.769308
vt 0.030993 0.769311
vt 0.013541 0.769271
vt 0.013617 0.769271
vt 0.013693 0.769269
vt 0.032707 0.481258
vt 0.032776 0.481276
vt 0.032845 0.481294
vt 0.016763 0.481678
vt 0.016830 0.481665
vt 0.016898 0.481652
vt 0.033198 0.477963
vt 0.033274 0.477992
vt 0.033349 0.478021
vt 0.015974 0.478241
vt 0.016050 0.478218
vt 0.016126 0.478196
vt 0.033332 0.465319
vt 0.033410 0.465331
vt 0.033488 0.465344
vt 0.015157 0.465252
vt 0.015235 0.465238
vt 0.015314 0.465225
vt 0.361064 0.028451
vt 0.361063 0.028377
vt 0.361063 0.028303
vt 0.360895 0.045252
vt 0.360895 0.045178
vt 0.360895 0.045105
vt 0.955690 0.046951
vt 0.955691 0.047029
vt 0.955698 0.047104
vt 0.479422 0.028071
vt 0.479425 0.028151
vt 0.479428 0.028231
vt 0.479023 0.045669
vt 0.479022 0.045751
vt 0.479020 0.045832
vt 0.888440 0.029168
vt 0.888445 0.029236
vt 0.888455 0.029329
vt 0.888382 0.045782
vt 0.888371 0.045875
vt 0.888366 0.045944
vt 0.032868 0.579155
vt 0.032790 0.579156
vt 0.032712 0.579158
vt 0.015012 0.579020
vt 0.014934 0.579018
vt 0.014857 0.579015
vt 0.955806 0.046967
vt 0.955911 0.046952
vt 0.955808 0.047051
vt 0.955912 0.047030
vt 0.955810 0.047134
vt 0.955908 0.047105
vt 0.982059 0.046233
vt 0.982063 0.046302
vt 0.982067 0.046372
vt 0.697332 0.028799
vt 0.697333 0.028726
vt 0.697333 0.028653
vt 0.697363 0.045404
vt 0.697363 0.045331
vt 0.697362 0.045258
vt 0.668093 0.028864
vt 0.668094 0.028792
vt 0.668095 0.028720
vt 0.668117 0.045429
vt 0.668116 0.045357
vt 0.668115 0.045284
vt 0.657518 0.028825
vt 0.657520 0.028752
vt 0.657522 0.028680
vt 0.657508 0.045453
vt 0.657507 0.045380
vt 0.657505 0.045307
vt 0.031923 0.667835
vt 0.032001 0.667832
vt 0.032079 0.667829
vt 0.014023 0.667554
vt 0.014101 0.667558
vt 0.014179 0.667562
vt 0.031958 0.647099
vt 0.032034 0.647099
vt 0.032111 0.647098
vt 0.014499 0.646991
vt 0.014576 0.646993
vt 0.014652 0.646995
vt 0.032890 0.580486
vt 0.032807 0.580485
vt 0.032724 0.580483
vt 0.014972 0.580309
vt 0.014889 0.580309
vt 0.014806 0.580309
vt 0.032126 0.626513
vt 0.032203 0.626514
vt 0.032279 0.626515
vt 0.014696 0.626421
vt 0.014772 0.626421
vt 0.014849 0.626422
vt 0.032838 0.581798
vt 0.032760 0.581794
vt 0.032683 0.581789
vt 0.014989 0.581582
vt 0.014911 0.581585
vt 0.014834 0.581589
vt 0.031574 0.690968
vt 0.031651 0.690970
vt 0.031727 0.690972
vt 0.014084 0.690851
vt 0.014160 0.690850
vt 0.014237 0.690850
vt 0.032291 0.607063
vt 0.032368 0.607065
vt 0.032444 0.607067
vt 0.014869 0.606994
vt 0.014945 0.606994
vt 0.015022 0.606993
vt 0.780579 0.407259
vt 0.780894 0.407255
vt 0.777706 0.114788
vt 0.777392 0.114791
vt 0.780265 0.407262
vt 0.777078 0.114794
vt 0.742741 0.404891
vt 0.743055 0.404888
vt 0.739933 0.118423
vt 0.739619 0.118426
vt 0.787506 0.404404
vt 0.787820 0.404400
vt 0.784698 0.117935
vt 0.784384 0.117938
vt 0.765311 0.407425
vt 0.765625 0.407422
vt 0.762437 0.114954
vt 0.762123 0.114957
vt 0.764997 0.407428
vt 0.761809 0.114961
vt 0.758010 0.404725
vt 0.758324 0.404722
vt 0.755201 0.118256
vt 0.754887 0.118260
vt 0.757695 0.404729
vt 0.754573 0.118263
vt 0.691600 0.115443
vt 0.694604 0.407909
vt 0.694918 0.407906
vt 0.691914 0.115440
vt 0.695232 0.407903
vt 0.692228 0.115437
vt 0.729441 0.118278
vt 0.732383 0.404742
vt 0.732697 0.404738
vt 0.729755 0.118275
vt 0.684676 0.118738
vt 0.687618 0.405201
vt 0.687933 0.405198
vt 0.684990 0.118735
vt 0.706869 0.115286
vt 0.709872 0.407752
vt 0.710187 0.407749
vt 0.707183 0.115283
vt 0.710501 0.407746
vt 0.707497 0.115280
vt 0.714173 0.118435
vt 0.717115 0.404898
vt 0.717429 0.404895
vt 0.714487 0.118432
vt 0.717743 0.404892
vt 0.714801 0.118428
vt 0.930346 0.083558
vt 0.910551 0.083430
vt 0.910535 0.083467
vt 0.930335 0.083647
vt 0.910526 0.083559
vt 0.930333 0.083784
vt 0.910531 0.083691
vt 0.930350 0.083965
vt 0.910553 0.083845
vt 0.930393 0.084172
vt 0.033029 0.350034
vt 0.032704 0.352860
vt 0.032774 0.352864
vt 0.033101 0.350047
vt 0.032845 0.352867
vt 0.033172 0.350060
vt 0.032915 0.352870
vt 0.033244 0.350073
vt 0.032985 0.352872
vt 0.033315 0.350087
vt 0.016682 0.351403
vt 0.016655 0.348595
vt 0.016583 0.348597
vt 0.016614 0.351396
vt 0.016512 0.348599
vt 0.016545 0.351390
vt 0.016440 0.348601
vt 0.016476 0.351383
vt 0.016368 0.348602
vt 0.016408 0.351376
vt 0.435271 0.076275
vt 0.432324 0.076144
vt 0.432325 0.076212
vt 0.435284 0.076343
vt 0.432325 0.076280
vt 0.435300 0.076411
vt 0.432326 0.076347
vt 0.435317 0.076480
vt 0.432326 0.076413
vt 0.435335 0.076549
vt 0.433108 0.061116
vt 0.436214 0.061032
vt 0.436226 0.060964
vt 0.433109 0.061049
vt 0.436240 0.060894
vt 0.433110 0.060983
vt 0.436256 0.060825
vt 0.433111 0.060916
vt 0.436273 0.060755
vt 0.433112 0.060851
vt 0.294379 0.074897
vt 0.290696 0.075341
vt 0.290720 0.075425
vt 0.294385 0.074964
vt 0.290750 0.075508
vt 0.294391 0.075031
vt 0.290785 0.075590
vt 0.294397 0.075098
vt 0.290823 0.075671
vt 0.294402 0.075165
vt 0.290960 0.058185
vt 0.294772 0.058797
vt 0.294778 0.058731
vt 0.290990 0.058103
vt 0.294785 0.058665
vt 0.291027 0.058022
vt 0.294791 0.058599
vt 0.291068 0.057942
vt 0.294797 0.058532
vt 0.291112 0.057863
vt 0.034808 0.301386
vt 0.034646 0.305354
vt 0.034723 0.305356
vt 0.034878 0.301403
vt 0.034799 0.305358
vt 0.034948 0.301421
vt 0.034876 0.305359
vt 0.035018 0.301438
vt 0.034952 0.305361
vt 0.035087 0.301456
vt 0.018967 0.304402
vt 0.018862 0.300370
vt 0.018793 0.300380
vt 0.018893 0.304400
vt 0.018724 0.300390
vt 0.018819 0.304398
vt 0.018655 0.300401
vt 0.018746 0.304395
vt 0.018586 0.300413
vt 0.018673 0.304393
vt 0.910030 0.078395
vt 0.929726 0.078406
vt 0.929717 0.078328
vt 0.910035 0.078361
vt 0.929722 0.078192
vt 0.910046 0.078267
vt 0.929757 0.078007
vt 0.910068 0.078130
vt 0.929830 0.077794
vt 0.910105 0.077967
vt 0.910260 0.062247
vt 0.930083 0.062572
vt 0.930008 0.062365
vt 0.910225 0.062088
vt 0.929966 0.062180
vt 0.910203 0.061950
vt 0.929955 0.062045
vt 0.910193 0.061857
vt 0.929960 0.061966
vt 0.910188 0.061821
vt 0.844867 0.078399
vt 0.867655 0.078466
vt 0.867653 0.078393
vt 0.844867 0.078326
vt 0.867652 0.078320
vt 0.844867 0.078253
vt 0.867652 0.078247
vt 0.844867 0.078180
vt 0.867652 0.078174
vt 0.844867 0.078107
vt 0.844919 0.061755
vt 0.867711 0.061820
vt 0.867711 0.061747
vt 0.844919 0.061682
vt 0.867713 0.061675
vt 0.844920 0.061609
vt 0.867715 0.061602
vt 0.844920 0.061536
vt 0.867717 0.061528
vt 0.844921 0.061463
vt 0.483419 0.077557
vt 0.509528 0.077294
vt 0.509523 0.077221
vt 0.483413 0.077483
vt 0.509518 0.077148
vt 0.483407 0.077408
vt 0.509513 0.077074
vt 0.483400 0.077334
vt 0.509508 0.077001
vt 0.483393 0.077259
vt 0.483057 0.060269
vt 0.509534 0.060536
vt 0.509538 0.060463
vt 0.483065 0.060195
vt 0.509541 0.060390
vt 0.483072 0.060122
vt 0.509545 0.060317
vt 0.483078 0.060048
vt 0.509549 0.060244
vt 0.483084 0.059975
vt 0.035891 0.251622
vt 0.035415 0.297696
vt 0.035491 0.297712
vt 0.035970 0.251627
vt 0.035567 0.297727
vt 0.036048 0.251633
vt 0.035643 0.297742
vt 0.036127 0.251638
vt 0.035718 0.297757
vt 0.036206 0.251644
vt 0.017778 0.251805
vt 0.017881 0.296712
vt 0.017959 0.296703
vt 0.017857 0.251801
vt 0.018037 0.296694
vt 0.017936 0.251798
vt 0.018114 0.296685
vt 0.018015 0.251794
vt 0.018192 0.296676
vt 0.018094 0.251791
vt 0.956831 0.079653
vt 0.956941 0.079692
vt 0.956935 0.079609
vt 0.956819 0.079578
vt 0.956929 0.079523
vt 0.956809 0.079501
vt 0.956923 0.079435
vt 0.956806 0.079420
vt 0.956918 0.079346
vt 0.956813 0.079338
vt 0.957032 0.079651
vt 0.981708 0.078184
vt 0.981696 0.078113
vt 0.957034 0.079575
vt 0.981684 0.078043
vt 0.957034 0.079497
vt 0.981673 0.077972
vt 0.957028 0.079416
vt 0.981661 0.077901
vt 0.957014 0.079333
vt 0.707521 0.077604
vt 0.720259 0.077779
vt 0.720261 0.077706
vt 0.707521 0.077532
vt 0.720263 0.077633
vt 0.707522 0.077459
vt 0.720265 0.077560
vt 0.707523 0.077387
vt 0.720267 0.077487
vt 0.707523 0.077316
vt 0.707687 0.061249
vt 0.720347 0.061235
vt 0.720346 0.061162
vt 0.707687 0.061177
vt 0.720344 0.061089
vt 0.707687 0.061105
vt 0.720343 0.061016
vt 0.707687 0.061033
vt 0.720342 0.060943
vt 0.707688 0.060961
vt 0.688148 0.077368
vt 0.678419 0.077271
vt 0.678419 0.077344
vt 0.688147 0.077441
vt 0.678418 0.077416
vt 0.688147 0.077514
vt 0.678418 0.077488
vt 0.688146 0.077587
vt 0.678418 0.077561
vt 0.688146 0.077660
vt 0.678518 0.060922
vt 0.688240 0.060930
vt 0.688241 0.060857
vt 0.678519 0.060849
vt 0.688241 0.060784
vt 0.678519 0.060777
vt 0.688242 0.060711
vt 0.678519 0.060704
vt 0.688242 0.060638
vt 0.678520 0.060632
vt 0.646350 0.077204
vt 0.633865 0.077163
vt 0.633866 0.077237
vt 0.646352 0.077277
vt 0.633866 0.077310
vt 0.646353 0.077351
vt 0.633867 0.077384
vt 0.646354 0.077424
vt 0.633867 0.077458
vt 0.646356 0.077497
vt 0.633892 0.060820
vt 0.646381 0.060826
vt 0.646383 0.060753
vt 0.633893 0.060747
vt 0.646385 0.060680
vt 0.633894 0.060674
vt 0.646387 0.060606
vt 0.633895 0.060600
vt 0.646389 0.060533
vt 0.633896 0.060527
vt 0.036088 0.118824
vt 0.036061 0.118459
vt 0.035981 0.118461
vt 0.036003 0.118823
vt 0.035902 0.118464
vt 0.035918 0.118822
vt 0.035822 0.118467
vt 0.035833 0.118822
vt 0.035742 0.118470
vt 0.035748 0.118821
vt 0.017794 0.118939
vt 0.017801 0.118590
vt 0.017721 0.118586
vt 0.017709 0.118939
vt 0.017641 0.118583
vt 0.017624 0.118939
vt 0.017562 0.118580
vt 0.017540 0.118939
vt 0.017482 0.118577
vt 0.017455 0.118939
vt 0.824433 0.078061
vt 0.808098 0.078008
vt 0.808097 0.078081
vt 0.824433 0.078134
vt 0.808096 0.078154
vt 0.824432 0.078207
vt 0.808096 0.078227
vt 0.824432 0.078280
vt 0.808095 0.078300
vt 0.824432 0.078353
vt 0.808140 0.061600
vt 0.824474 0.061667
vt 0.824475 0.061594
vt 0.808140 0.061527
vt 0.824475 0.061521
vt 0.808140 0.061454
vt 0.824475 0.061448
vt 0.808140 0.061381
vt 0.824475 0.061375
vt 0.808140 0.061308
vt 0.792770 0.077940
vt 0.779513 0.077877
vt 0.779512 0.077950
vt 0.792769 0.078013
vt 0.779511 0.078023
vt 0.792768 0.078086
vt 0.779510 0.078096
vt 0.792767 0.078159
vt 0.779509 0.078169
vt 0.792766 0.078232
vt 0.779569 0.061478
vt 0.792823 0.061540
vt 0.792822 0.061467
vt 0.779569 0.061405
vt 0.792822 0.061394
vt 0.779569 0.061332
vt 0.792822 0.061321
vt 0.779568 0.061259
vt 0.792821 0.061248
vt 0.779568 0.061186
vt 0.766840 0.077803
vt 0.755062 0.077735
vt 0.755061 0.077808
vt 0.766840 0.077876
vt 0.755060 0.077881
vt 0.766838 0.077949
vt 0.755059 0.077954
vt 0.766837 0.078022
vt 0.755058 0.078027
vt 0.766836 0.078095
vt 0.755122 0.061367
vt 0.766904 0.061424
vt 0.766904 0.061351
vt 0.755122 0.061294
vt 0.766903 0.061278
vt 0.755121 0.061221
vt 0.766903 0.061205
vt 0.755121 0.061148
vt 0.766902 0.061132
vt 0.755120 0.061075
vt 0.743506 0.077660
vt 0.731864 0.077571
vt 0.731863 0.077644
vt 0.743505 0.077733
vt 0.731861 0.077717
vt 0.743504 0.077806
vt 0.731860 0.077790
vt 0.743502 0.077879
vt 0.731858 0.077863
vt 0.743501 0.077952
vt 0.731930 0.061284
vt 0.743564 0.061319
vt 0.743564 0.061246
vt 0.731929 0.061211
vt 0.743563 0.061173
vt 0.731929 0.061138
vt 0.743562 0.061100
vt 0.731928 0.061065
vt 0.743562 0.061027
vt 0.731927 0.060992
vt 0.620771 0.077112
vt 0.608679 0.077100
vt 0.608678 0.077173
vt 0.620770 0.077185
vt 0.608678 0.077247
vt 0.620770 0.077258
vt 0.608677 0.077320
vt 0.620770 0.077332
vt 0.608676 0.077394
vt 0.620770 0.077405
vt 0.608714 0.060718
vt 0.620815 0.060819
vt 0.620815 0.060746
vt 0.608714 0.060644
vt 0.620815 0.060673
vt 0.608714 0.060571
vt 0.620816 0.060600
vt 0.608713 0.060498
vt 0.620816 0.060527
vt 0.608714 0.060424
vt 0.597117 0.077029
vt 0.583773 0.076917
vt 0.583773 0.076989
vt 0.597115 0.077102
vt 0.583772 0.077062
vt 0.597114 0.077175
vt 0.583771 0.077134
vt 0.597113 0.077248
vt 0.583771 0.077206
vt 0.597112 0.077321
vt 0.583853 0.060647
vt 0.597160 0.060669
vt 0.597159 0.060596
vt 0.583853 0.060574
vt 0.597158 0.060522
vt 0.583852 0.060502
vt 0.597158 0.060449
vt 0.583852 0.060429
vt 0.597157 0.060376
vt 0.583852 0.060357
vt 0.571613 0.076883
vt 0.557168 0.076764
vt 0.557168 0.076836
vt 0.571613 0.076956
vt 0.557168 0.076907
vt 0.571612 0.077029
vt 0.557169 0.076979
vt 0.571612 0.077101
vt 0.557169 0.077051
vt 0.571611 0.077174
vt 0.557288 0.060630
vt 0.571684 0.060597
vt 0.571684 0.060524
vt 0.557289 0.060557
vt 0.571684 0.060451
vt 0.557290 0.060485
vt 0.571684 0.060378
vt 0.557291 0.060413
vt 0.571684 0.060305
vt 0.557292 0.060341
vt 0.543534 0.076791
vt 0.526533 0.076841
vt 0.526536 0.076913
vt 0.543536 0.076864
vt 0.526538 0.076986
vt 0.543537 0.076936
vt 0.526541 0.077058
vt 0.543538 0.077008
vt 0.526544 0.077131
vt 0.543539 0.077081
vt 0.526632 0.060582
vt 0.543640 0.060574
vt 0.543642 0.060501
vt 0.526634 0.060510
vt 0.543644 0.060428
vt 0.526637 0.060437
vt 0.543646 0.060356
vt 0.526639 0.060364
vt 0.543648 0.060283
vt 0.526642 0.060292
vt 0.035930 0.071281
vt 0.036011 0.041675
vt 0.035932 0.041676
vt 0.035852 0.071281
vt 0.035854 0.041677
vt 0.035774 0.071281
vt 0.035775 0.041677
vt 0.035695 0.071281
vt 0.035696 0.041678
vt 0.035617 0.071281
vt 0.018040 0.071245
vt 0.018025 0.041690
vt 0.017947 0.041689
vt 0.017961 0.071244
vt 0.017868 0.041688
vt 0.017883 0.071244
vt 0.017789 0.041687
vt 0.017805 0.071244
vt 0.017710 0.041686
vt 0.017726 0.071243
vt 0.984151 0.062565
vt 0.983977 0.077656
vt 0.986639 0.077541
vt 0.986782 0.062571
vt 0.429961 0.060968
vt 0.429300 0.076190
vt 0.018343 0.012231
vt 0.035535 0.012395
vt 0.036132 0.008251
vt 0.017745 0.008244
vt 0.018646 0.308474
vt 0.034679 0.309311
vt 0.297624 0.075023
vt 0.298023 0.058788
vt 0.017810 0.311928
vt 0.035120 0.312676
vt 0.033599 0.346546
vt 0.016397 0.345140
vt 0.420878 0.059994
vt 0.420782 0.076683
vt 0.476604 0.077305
vt 0.476278 0.060245
vt 0.479946 0.077420
vt 0.479602 0.060104
vt 0.888859 0.078165
vt 0.888908 0.061941
vt 0.017962 0.209570
vt 0.035859 0.209562
vt 0.956257 0.061367
vt 0.956155 0.061377
vt 0.981879 0.062380
vt 0.956351 0.061378
vt 0.668609 0.060928
vt 0.668510 0.077188
vt 0.697875 0.061063
vt 0.697757 0.077356
vt 0.657997 0.060871
vt 0.657932 0.077201
vt 0.018272 0.015619
vt 0.035595 0.015753
vt 0.017801 0.119292
vt 0.035742 0.119177
vt 0.018061 0.140261
vt 0.035539 0.140307
vt 0.035875 0.208216
vt 0.017934 0.208262
vt 0.035845 0.206890
vt 0.017954 0.206969
vt 0.016638 0.324818
vt 0.034922 0.325445
vt 0.361666 0.059658
vt 0.361596 0.076175
vt 0.018061 0.095576
vt 0.035581 0.095622
vt 0.018078 0.161253
vt 0.035512 0.161303
vt 0.018118 0.181080
vt 0.035556 0.181141
vt 0.038356 0.351583
vt 0.038166 0.353034
vt 0.056134 0.353072
vt 0.056229 0.351785
vt 0.986890 0.082620
vt 0.985575 0.082688
vt 0.987050 0.099301
vt 0.988210 0.099288
vt 0.434181 0.081095
vt 0.432693 0.080969
vt 0.432434 0.097565
vt 0.433650 0.097506
vt 0.431232 0.081073
vt 0.431224 0.097628
vt 0.294673 0.080107
vt 0.293400 0.080182
vt 0.293255 0.096608
vt 0.294506 0.096606
vt 0.041213 0.011494
vt 0.041100 0.012795
vt 0.058909 0.013047
vt 0.058939 0.011756
vt 0.039887 0.303589
vt 0.039614 0.305189
vt 0.057887 0.305327
vt 0.057919 0.303979
vt 0.039804 0.306823
vt 0.057864 0.306696
vt 0.297203 0.080249
vt 0.296968 0.096610
vt 0.040333 0.310412
vt 0.057822 0.309866
vt 0.038946 0.347921
vt 0.056499 0.348392
vt 0.421401 0.081922
vt 0.422021 0.098139
vt 0.910268 0.099749
vt 0.929824 0.099992
vt 0.475857 0.082554
vt 0.475075 0.098983
vt 0.867763 0.083461
vt 0.844867 0.083388
vt 0.844782 0.099748
vt 0.867667 0.099820
vt 0.509744 0.082285
vt 0.483851 0.082617
vt 0.483952 0.099091
vt 0.510211 0.098704
vt 0.479807 0.082763
vt 0.479494 0.099065
vt 0.889264 0.083644
vt 0.889162 0.099805
vt 0.041598 0.251826
vt 0.040665 0.299522
vt 0.058082 0.300357
vt 0.059181 0.252193
vt 0.957950 0.100812
vt 0.985094 0.099335
vt 0.983408 0.082916
vt 0.957167 0.084384
vt 0.957103 0.084384
vt 0.957032 0.084391
vt 0.957750 0.100812
vt 0.957855 0.100820
vt 0.720116 0.082720
vt 0.707445 0.082563
vt 0.707238 0.098839
vt 0.719834 0.098951
vt 0.688125 0.082513
vt 0.678391 0.082474
vt 0.678438 0.098897
vt 0.688122 0.098907
vt 0.668574 0.082451
vt 0.668689 0.098859
vt 0.646449 0.082481
vt 0.633897 0.082465
vt 0.633962 0.098707
vt 0.646598 0.098769
vt 0.697786 0.082561
vt 0.697719 0.098872
vt 0.658067 0.082441
vt 0.658231 0.098811
vt 0.041202 0.015290
vt 0.058863 0.015450
vt 0.041480 0.118084
vt 0.041491 0.118858
vt 0.059065 0.118865
vt 0.059067 0.118044
vt 0.041481 0.119635
vt 0.059063 0.119689
vt 0.824401 0.083347
vt 0.808044 0.083294
vt 0.807892 0.099676
vt 0.824298 0.099717
vt 0.792699 0.083222
vt 0.779429 0.083155
vt 0.779189 0.099539
vt 0.792496 0.099610
vt 0.766748 0.083073
vt 0.754965 0.083001
vt 0.754668 0.099356
vt 0.766475 0.099453
vt 0.743393 0.082919
vt 0.731740 0.082817
vt 0.731421 0.099089
vt 0.743076 0.099235
vt 0.620771 0.082410
vt 0.608636 0.082367
vt 0.608551 0.098655
vt 0.620749 0.098658
vt 0.597033 0.082299
vt 0.583704 0.082183
vt 0.583561 0.098538
vt 0.596894 0.098626
vt 0.571582 0.082073
vt 0.557208 0.081994
vt 0.557348 0.098312
vt 0.571540 0.098419
vt 0.543664 0.082012
vt 0.526727 0.082088
vt 0.527236 0.098441
vt 0.544029 0.098320
vt 0.059195 0.209839
vt 0.041593 0.209851
vt 0.041181 0.140410
vt 0.058828 0.140622
vt 0.041610 0.208156
vt 0.059179 0.208036
vt 0.041569 0.206471
vt 0.059161 0.206249
vt 0.040700 0.325355
vt 0.057798 0.324991
vt 0.361501 0.081484
vt 0.361291 0.097882
vt 0.041357 0.041630
vt 0.041283 0.071274
vt 0.058875 0.071192
vt 0.058881 0.041520
vt 0.041245 0.095519
vt 0.058866 0.095370
vt 0.041147 0.161297
vt 0.058710 0.161284
vt 0.041195 0.181015
vt 0.058778 0.180782
vt 0.037808 0.353036
vt 0.038035 0.351517
vt 0.011600 0.349380
vt 0.011748 0.350975
vt 0.984018 0.077923
vt 0.985488 0.082374
vt 0.986861 0.082287
vt 0.986649 0.077802
vt 0.986786 0.062314
vt 0.986807 0.057961
vt 0.985384 0.057935
vt 0.984182 0.062302
vt 0.432658 0.080588
vt 0.434235 0.080813
vt 0.435347 0.056479
vt 0.433476 0.056758
vt 0.429294 0.076462
vt 0.431142 0.080794
vt 0.431704 0.056442
vt 0.429953 0.060696
vt 0.293262 0.079894
vt 0.294645 0.079784
vt 0.295127 0.054006
vt 0.293739 0.053804
vt 0.035822 0.012419
vt 0.040749 0.012758
vt 0.040914 0.011324
vt 0.036482 0.008417
vt 0.017396 0.008390
vt 0.013037 0.011145
vt 0.013244 0.012571
vt 0.018060 0.012259
vt 0.039115 0.305217
vt 0.039568 0.303488
vt 0.014252 0.302246
vt 0.014774 0.304140
vt 0.034959 0.309243
vt 0.039491 0.306954
vt 0.014192 0.305996
vt 0.018374 0.308408
vt 0.297220 0.079959
vt 0.297614 0.075313
vt 0.298024 0.058498
vt 0.297809 0.053816
vt 0.035427 0.312565
vt 0.040038 0.310504
vt 0.013021 0.309626
vt 0.017506 0.311822
vt 0.038647 0.347858
vt 0.033907 0.346607
vt 0.016082 0.345145
vt 0.011036 0.345642
vt 0.420829 0.076975
vt 0.421371 0.081634
vt 0.421562 0.055060
vt 0.420924 0.059701
vt 0.930468 0.056810
vt 0.910741 0.056762
vt 0.475892 0.082263
vt 0.476536 0.077599
vt 0.476225 0.059950
vt 0.475674 0.055302
vt 0.844868 0.083096
vt 0.867761 0.083168
vt 0.867858 0.056829
vt 0.844949 0.056768
vt 0.483847 0.082319
vt 0.509722 0.081991
vt 0.509773 0.055586
vt 0.483404 0.055272
vt 0.479819 0.082482
vt 0.479932 0.077741
vt 0.479596 0.059778
vt 0.479492 0.054967
vt 0.889264 0.083341
vt 0.888819 0.078478
vt 0.888876 0.061629
vt 0.889384 0.056768
vt 0.040369 0.299446
vt 0.041286 0.251807
vt 0.956372 0.061069
vt 0.981907 0.062097
vt 0.983184 0.057656
vt 0.956512 0.056795
vt 0.957023 0.084091
vt 0.957088 0.084113
vt 0.036178 0.209570
vt 0.041277 0.209847
vt 0.013069 0.297988
vt 0.012695 0.251946
vt 0.956448 0.056796
vt 0.956181 0.061068
vt 0.956286 0.061030
vt 0.956482 0.056773
vt 0.983333 0.082629
vt 0.957146 0.084088
vt 0.707449 0.082272
vt 0.720123 0.082429
vt 0.720256 0.056282
vt 0.707675 0.056287
vt 0.678391 0.082184
vt 0.688126 0.082222
vt 0.688288 0.056063
vt 0.678537 0.055991
vt 0.668513 0.077476
vt 0.668571 0.082161
vt 0.668694 0.055935
vt 0.668613 0.060639
vt 0.633895 0.082171
vt 0.646444 0.082188
vt 0.646510 0.055851
vt 0.633958 0.055865
vt 0.697757 0.077646
vt 0.697785 0.082271
vt 0.697978 0.056125
vt 0.697879 0.060771
vt 0.657939 0.077492
vt 0.658061 0.082150
vt 0.658150 0.055924
vt 0.658005 0.060580
vt 0.035904 0.015746
vt 0.040893 0.015306
vt 0.012996 0.015198
vt 0.017962 0.015612
vt 0.041192 0.118856
vt 0.041166 0.118095
vt 0.012384 0.118233
vt 0.012351 0.118951
vt 0.036060 0.119193
vt 0.041166 0.119621
vt 0.012384 0.119670
vt 0.017483 0.119305
vt 0.808047 0.083002
vt 0.824403 0.083055
vt 0.824475 0.056677
vt 0.808122 0.056611
vt 0.779434 0.082862
vt 0.792703 0.082930
vt 0.792791 0.056555
vt 0.779527 0.056496
vt 0.754971 0.082709
vt 0.766753 0.082781
vt 0.766855 0.056448
vt 0.755069 0.056393
vt 0.731747 0.082526
vt 0.743400 0.082627
vt 0.743496 0.056350
vt 0.731854 0.056327
vt 0.608638 0.082074
vt 0.620771 0.082116
vt 0.620848 0.055801
vt 0.608714 0.055756
vt 0.583707 0.081893
vt 0.597037 0.082007
vt 0.597112 0.055691
vt 0.583815 0.055652
vt 0.557206 0.081705
vt 0.571584 0.081782
vt 0.571682 0.055678
vt 0.557353 0.055659
vt 0.526714 0.081796
vt 0.543658 0.081723
vt 0.543798 0.055619
vt 0.526842 0.055625
vt 0.017645 0.209578
vt 0.012572 0.209822
vt 0.035850 0.140311
vt 0.040867 0.140405
vt 0.012732 0.140383
vt 0.017750 0.140267
vt 0.041309 0.208160
vt 0.036213 0.208212
vt 0.017596 0.208259
vt 0.012493 0.208220
vt 0.041254 0.206483
vt 0.036162 0.206873
vt 0.017638 0.206954
vt 0.012556 0.206627
vt 0.035244 0.325422
vt 0.040394 0.325379
vt 0.011204 0.324106
vt 0.016315 0.324766
vt 0.361589 0.076469
vt 0.361507 0.081191
vt 0.361744 0.054646
vt 0.361671 0.059363
vt 0.040969 0.071275
vt 0.041044 0.041633
vt 0.012644 0.041609
vt 0.012678 0.071219
vt 0.035894 0.095617
vt 0.040930 0.095525
vt 0.012730 0.095485
vt 0.017749 0.095571
vt 0.035823 0.161302
vt 0.040835 0.161297
vt 0.012735 0.161260
vt 0.017766 0.161253
vt 0.035867 0.181134
vt 0.040881 0.181023
vt 0.012796 0.180987
vt 0.017807 0.181075
vt 0.985510 0.082452
vt 0.986868 0.082370
vt 0.985532 0.082531
vt 0.986875 0.082453
vt 0.986883 0.082536
vt 0.985553 0.082610
vt 0.037897 0.353035
vt 0.038115 0.351533
vt 0.037986 0.353035
vt 0.038196 0.351549
vt 0.038076 0.353034
vt 0.038276 0.351566
vt 0.983352 0.082701
vt 0.983371 0.082773
vt 0.983390 0.082844
vt 0.431162 0.080863
vt 0.432666 0.080683
vt 0.431184 0.080933
vt 0.432674 0.080778
vt 0.432683 0.080873
vt 0.431207 0.081003
vt 0.434223 0.080883
vt 0.434211 0.080953
vt 0.434197 0.081023
vt 0.421379 0.081706
vt 0.421386 0.081778
vt 0.421394 0.081850
vt 0.040836 0.012768
vt 0.040988 0.011377
vt 0.040924 0.012777
vt 0.041063 0.011425
vt 0.041138 0.011465
vt 0.041012 0.012787
vt 0.293306 0.079966
vt 0.294652 0.079864
vt 0.293346 0.080038
vt 0.294660 0.079945
vt 0.293378 0.080110
vt 0.294667 0.080026
vt 0.040970 0.015302
vt 0.041048 0.015298
vt 0.041125 0.015294
vt 0.039568 0.306923
vt 0.039239 0.305210
vt 0.039646 0.306891
vt 0.039363 0.305204
vt 0.039489 0.305197
vt 0.039725 0.306857
vt 0.039647 0.303512
vt 0.039727 0.303536
vt 0.039807 0.303561
vt 0.040112 0.310480
vt 0.040186 0.310457
vt 0.040260 0.310434
vt 0.297216 0.080032
vt 0.297212 0.080104
vt 0.297207 0.080176
vt 0.040470 0.325373
vt 0.040547 0.325367
vt 0.040624 0.325361
vt 0.038722 0.347874
vt 0.038797 0.347890
vt 0.038872 0.347905
vt 0.361506 0.081265
vt 0.361504 0.081338
vt 0.361503 0.081411
vt 0.889255 0.083382
vt 0.889250 0.083449
vt 0.889252 0.083540
vt 0.957040 0.084313
vt 0.957040 0.084237
vt 0.957034 0.084163
vt 0.475884 0.082335
vt 0.475876 0.082408
vt 0.475867 0.082481
vt 0.824402 0.083128
vt 0.844868 0.083169
vt 0.824402 0.083201
vt 0.844868 0.083242
vt 0.844868 0.083315
vt 0.824401 0.083274
vt 0.867763 0.083242
vt 0.867763 0.083315
vt 0.867764 0.083388
vt 0.483847 0.082394
vt 0.509728 0.082065
vt 0.483848 0.082468
vt 0.509733 0.082138
vt 0.509739 0.082212
vt 0.483850 0.082542
vt 0.479816 0.082552
vt 0.479813 0.082623
vt 0.479810 0.082693
vt 0.957151 0.084307
vt 0.957143 0.084232
vt 0.957142 0.084159
vt 0.040443 0.299465
vt 0.040517 0.299484
vt 0.040591 0.299503
vt 0.041364 0.251812
vt 0.041442 0.251817
vt 0.041520 0.251822
vt 0.957099 0.084321
vt 0.957095 0.084254
vt 0.957091 0.084185
vt 0.697785 0.082343
vt 0.707448 0.082345
vt 0.697785 0.082416
vt 0.707447 0.082418
vt 0.707446 0.082491
vt 0.697786 0.082488
vt 0.720121 0.082502
vt 0.720120 0.082574
vt 0.720118 0.082647
vt 0.668572 0.082233
vt 0.678391 0.082256
vt 0.668573 0.082306
vt 0.678391 0.082329
vt 0.678391 0.082401
vt 0.668573 0.082378
vt 0.688126 0.082295
vt 0.688126 0.082368
vt 0.688125 0.082440
vt 0.658062 0.082222
vt 0.658064 0.082295
vt 0.658065 0.082368
vt 0.620771 0.082190
vt 0.633896 0.082245
vt 0.620771 0.082263
vt 0.633896 0.082318
vt 0.633896 0.082391
vt 0.620771 0.082336
vt 0.646446 0.082261
vt 0.646447 0.082335
vt 0.646448 0.082408
vt 0.041123 0.041632
vt 0.041201 0.041632
vt 0.041279 0.041631
vt 0.041245 0.119624
vt 0.041267 0.118857
vt 0.041323 0.119627
vt 0.041342 0.118857
vt 0.041417 0.118858
vt 0.041402 0.119631
vt 0.041244 0.118092
vt 0.041323 0.118090
vt 0.041402 0.118087
vt 0.040945 0.140407
vt 0.041024 0.140408
vt 0.041102 0.140409
vt 0.792702 0.083003
vt 0.808046 0.083075
vt 0.792701 0.083076
vt 0.808046 0.083148
vt 0.808045 0.083221
vt 0.792700 0.083149
vt 0.766752 0.082854
vt 0.779433 0.082936
vt 0.766751 0.082927
vt 0.779431 0.083008
vt 0.779430 0.083082
vt 0.766750 0.083000
vt 0.743398 0.082700
vt 0.754969 0.082782
vt 0.743397 0.082773
vt 0.754968 0.082855
vt 0.754967 0.082928
vt 0.743395 0.082846
vt 0.731745 0.082599
vt 0.731744 0.082672
vt 0.731742 0.082745
vt 0.597035 0.082080
vt 0.608638 0.082147
vt 0.597035 0.082153
vt 0.608637 0.082220
vt 0.608637 0.082293
vt 0.597034 0.082226
vt 0.571583 0.081855
vt 0.583706 0.081966
vt 0.571583 0.081928
vt 0.583705 0.082038
vt 0.583704 0.082111
vt 0.571583 0.082000
vt 0.543659 0.081795
vt 0.557207 0.081777
vt 0.543661 0.081867
vt 0.557208 0.081849
vt 0.557208 0.081921
vt 0.543662 0.081940
vt 0.526717 0.081869
vt 0.526721 0.081942
vt 0.526724 0.082015
vt 0.041356 0.209848
vt 0.041435 0.209848
vt 0.041514 0.209849
vt 0.040913 0.161297
vt 0.040991 0.161297
vt 0.041069 0.161297
vt 0.041384 0.208159
vt 0.041459 0.208158
vt 0.041534 0.208157
vt 0.041333 0.206481
vt 0.041412 0.206478
vt 0.041491 0.206475
vt 0.041009 0.095523
vt 0.041048 0.071275
vt 0.041088 0.095522
vt 0.041126 0.071275
vt 0.041204 0.071274
vt 0.041166 0.095520
vt 0.040959 0.181021
vt 0.041038 0.181019
vt 0.041116 0.181017
vt 0.010958 0.345643
vt 0.011521 0.349383
vt 0.010879 0.345644
vt 0.011443 0.349386
vt 0.010723 0.345644
vt 0.011286 0.349393
vt 0.011364 0.349389
vt 0.010801 0.345644
vt 0.011669 0.350965
vt 0.011591 0.350955
vt 0.011512 0.350945
vt 0.011434 0.350936
vt 0.986810 0.057888
vt 0.985400 0.057864
vt 0.986813 0.057814
vt 0.985417 0.057792
vt 0.986816 0.057741
vt 0.985434 0.057721
vt 0.986820 0.057668
vt 0.985451 0.057650
vt 0.475669 0.055230
vt 0.435343 0.056408
vt 0.475663 0.055157
vt 0.435339 0.056336
vt 0.475648 0.055012
vt 0.435325 0.056192
vt 0.435333 0.056264
vt 0.475656 0.055085
vt 0.433480 0.056679
vt 0.433485 0.056602
vt 0.433489 0.056525
vt 0.433494 0.056451
vt 0.431715 0.056372
vt 0.431727 0.056301
vt 0.431741 0.056230
vt 0.431756 0.056158
vt 0.297808 0.053743
vt 0.295134 0.053932
vt 0.297808 0.053670
vt 0.295141 0.053859
vt 0.297807 0.053524
vt 0.295153 0.053712
vt 0.295147 0.053785
vt 0.297807 0.053597
vt 0.293782 0.053735
vt 0.293821 0.053666
vt 0.293851 0.053596
vt 0.293871 0.053526
vt 0.012963 0.011191
vt 0.013164 0.012577
vt 0.012889 0.011232
vt 0.013085 0.012583
vt 0.012814 0.011264
vt 0.013006 0.012589
vt 0.012738 0.011285
vt 0.012927 0.012593
vt 0.012991 0.297999
vt 0.014178 0.302265
vt 0.012914 0.298010
vt 0.014103 0.302284
vt 0.012758 0.298032
vt 0.013953 0.302326
vt 0.014028 0.302304
vt 0.012836 0.298021
vt 0.014683 0.304134
vt 0.014593 0.304127
vt 0.014507 0.304121
vt 0.014427 0.304115
vt 0.014122 0.305966
vt 0.014051 0.305937
vt 0.013980 0.305906
vt 0.013909 0.305874
vt 0.361746 0.054573
vt 0.361747 0.054500
vt 0.361749 0.054354
vt 0.361748 0.054428
vt 0.012946 0.309601
vt 0.012872 0.309578
vt 0.012797 0.309555
vt 0.012722 0.309532
vt 0.011126 0.324097
vt 0.011048 0.324088
vt 0.010892 0.324070
vt 0.010970 0.324079
vt 0.421569 0.054987
vt 0.421576 0.054915
vt 0.421583 0.054842
vt 0.421590 0.054770
vt 0.956463 0.056727
vt 0.930452 0.056718
vt 0.956473 0.056657
vt 0.930446 0.056583
vt 0.956473 0.056508
vt 0.930494 0.056201
vt 0.930457 0.056408
vt 0.956477 0.056584
vt 0.910725 0.056722
vt 0.910717 0.056631
vt 0.910722 0.056501
vt 0.910746 0.056346
vt 0.479490 0.054894
vt 0.479488 0.054821
vt 0.479484 0.054674
vt 0.479486 0.054747
vt 0.889376 0.056726
vt 0.867860 0.056756
vt 0.889373 0.056659
vt 0.867861 0.056683
vt 0.889389 0.056466
vt 0.867863 0.056537
vt 0.867863 0.056610
vt 0.889376 0.056570
vt 0.844950 0.056695
vt 0.844950 0.056623
vt 0.844950 0.056550
vt 0.844950 0.056477
vt 0.526845 0.055552
vt 0.509777 0.055514
vt 0.526849 0.055479
vt 0.509781 0.055441
vt 0.526855 0.055333
vt 0.509788 0.055295
vt 0.509785 0.055368
vt 0.526852 0.055406
vt 0.483406 0.055199
vt 0.483407 0.055126
vt 0.483410 0.055053
vt 0.483413 0.054980
vt 0.012616 0.251949
vt 0.012538 0.251952
vt 0.012381 0.251958
vt 0.012459 0.251955
vt 0.012494 0.209823
vt 0.012415 0.209824
vt 0.012258 0.209827
vt 0.012337 0.209825
vt 0.956501 0.056726
vt 0.956483 0.056704
vt 0.956496 0.056656
vt 0.956486 0.056636
vt 0.956507 0.056508
vt 0.956490 0.056499
vt 0.956488 0.056568
vt 0.956498 0.056583
vt 0.012414 0.208220
vt 0.012336 0.208220
vt 0.012179 0.208219
vt 0.012258 0.208219
vt 0.983201 0.057585
vt 0.983218 0.057514
vt 0.983234 0.057442
vt 0.983250 0.057371
vt 0.731853 0.056254
vt 0.720255 0.056209
vt 0.731852 0.056181
vt 0.720253 0.056136
vt 0.731850 0.056035
vt 0.720251 0.055990
vt 0.720252 0.056063
vt 0.731851 0.056108
vt 0.707675 0.056214
vt 0.707676 0.056141
vt 0.707676 0.056068
vt 0.707676 0.055995
vt 0.697979 0.056052
vt 0.688288 0.055990
vt 0.697980 0.055979
vt 0.688289 0.055917
vt 0.697983 0.055833
vt 0.688291 0.055772
vt 0.688290 0.055844
vt 0.697981 0.055906
vt 0.678538 0.055918
vt 0.678539 0.055846
vt 0.678539 0.055773
vt 0.678540 0.055700
vt 0.668695 0.055862
vt 0.668697 0.055790
vt 0.668698 0.055717
vt 0.668699 0.055644
vt 0.658152 0.055852
vt 0.646512 0.055778
vt 0.658154 0.055779
vt 0.646513 0.055705
vt 0.658157 0.055633
vt 0.646516 0.055559
vt 0.646515 0.055632
vt 0.658156 0.055706
vt 0.633959 0.055792
vt 0.633959 0.055719
vt 0.633960 0.055646
vt 0.633961 0.055573
vt 0.012917 0.015194
vt 0.012839 0.015191
vt 0.012761 0.015188
vt 0.012683 0.015185
vt 0.012652 0.095483
vt 0.012306 0.118232
vt 0.012573 0.095482
vt 0.012228 0.118230
vt 0.012416 0.095479
vt 0.012071 0.118226
vt 0.012149 0.118228
vt 0.012495 0.095480
vt 0.012273 0.118951
vt 0.012195 0.118951
vt 0.012117 0.118951
vt 0.012038 0.118952
vt 0.012305 0.119672
vt 0.012227 0.119674
vt 0.012149 0.119676
vt 0.012070 0.119679
vt 0.824475 0.056604
vt 0.824475 0.056531
vt 0.824475 0.056458
vt 0.824475 0.056385
vt 0.808121 0.056538
vt 0.808121 0.056465
vt 0.808121 0.056392
vt 0.808120 0.056319
vt 0.792790 0.056482
vt 0.792790 0.056409
vt 0.792789 0.056336
vt 0.792789 0.056263
vt 0.779526 0.056423
vt 0.779526 0.056350
vt 0.779525 0.056277
vt 0.779525 0.056204
vt 0.766854 0.056375
vt 0.766853 0.056302
vt 0.766853 0.056229
vt 0.766852 0.056156
vt 0.755068 0.056320
vt 0.755067 0.056247
vt 0.755067 0.056174
vt 0.755066 0.056101
vt 0.743495 0.056277
vt 0.743494 0.056205
vt 0.743493 0.056132
vt 0.743492 0.056059
vt 0.620849 0.055728
vt 0.620850 0.055656
vt 0.620850 0.055583
vt 0.620851 0.055510
vt 0.608714 0.055683
vt 0.608714 0.055610
vt 0.608715 0.055537
vt 0.608715 0.055464
vt 0.597111 0.055618
vt 0.597111 0.055545
vt 0.597110 0.055472
vt 0.597109 0.055399
vt 0.583815 0.055579
vt 0.583814 0.055506
vt 0.583814 0.055433
vt 0.583813 0.055360
vt 0.571681 0.055605
vt 0.571681 0.055532
vt 0.571681 0.055459
vt 0.571681 0.055386
vt 0.557354 0.055587
vt 0.557355 0.055514
vt 0.557356 0.055441
vt 0.557358 0.055368
vt 0.543800 0.055546
vt 0.543803 0.055473
vt 0.543805 0.055400
vt 0.543808 0.055327
vt 0.012653 0.140385
vt 0.012575 0.140387
vt 0.012496 0.140388
vt 0.012418 0.140390
vt 0.012478 0.206625
vt 0.012399 0.206623
vt 0.012243 0.206619
vt 0.012321 0.206621
vt 0.012718 0.180985
vt 0.012639 0.180984
vt 0.012482 0.180980
vt 0.012561 0.180982
vt 0.012565 0.041608
vt 0.012487 0.041606
vt 0.012408 0.041605
vt 0.012330 0.041604
vt 0.012600 0.071219
vt 0.012521 0.071218
vt 0.012443 0.071218
vt 0.012364 0.071217
vt 0.012656 0.161260
vt 0.012578 0.161260
vt 0.012499 0.161260
vt 0.012421 0.161260
vt 0.983987 0.077723
vt 0.986641 0.077606
vt 0.983997 0.077789
vt 0.986644 0.077671
vt 0.986646 0.077737
vt 0.984007 0.077856
vt 0.033830 0.346592
vt 0.033753 0.346576
vt 0.033676 0.346561
vt 0.016318 0.345141
vt 0.016240 0.345142
vt 0.016161 0.345144
vt 0.984173 0.062367
vt 0.986785 0.062378
vt 0.984166 0.062433
vt 0.986784 0.062442
vt 0.986783 0.062507
vt 0.984158 0.062499
vt 0.429299 0.076258
vt 0.429298 0.076325
vt 0.429296 0.076393
vt 0.476553 0.077525
vt 0.476569 0.077452
vt 0.476586 0.077378
vt 0.476264 0.060171
vt 0.476250 0.060097
vt 0.476238 0.060023
vt 0.429955 0.060764
vt 0.429958 0.060833
vt 0.429960 0.060900
vt 0.420794 0.076756
vt 0.420805 0.076829
vt 0.420817 0.076902
vt 0.420912 0.059775
vt 0.420901 0.059848
vt 0.420889 0.059921
vt 0.035607 0.012402
vt 0.036221 0.008284
vt 0.035678 0.012407
vt 0.036309 0.008324
vt 0.036395 0.008369
vt 0.035750 0.012413
vt 0.297616 0.075241
vt 0.297619 0.075168
vt 0.297621 0.075096
vt 0.298023 0.058716
vt 0.298023 0.058643
vt 0.298024 0.058570
vt 0.018131 0.012253
vt 0.017482 0.008347
vt 0.018202 0.012245
vt 0.017568 0.008307
vt 0.017656 0.008272
vt 0.018272 0.012238
vt 0.035672 0.015751
vt 0.035750 0.015749
vt 0.035827 0.015748
vt 0.018039 0.015613
vt 0.018117 0.015615
vt 0.018195 0.015617
vt 0.034749 0.309295
vt 0.034819 0.309279
vt 0.034889 0.309261
vt 0.018442 0.308425
vt 0.018509 0.308442
vt 0.018578 0.308458
vt 0.035197 0.312648
vt 0.035274 0.312620
vt 0.035351 0.312593
vt 0.017582 0.311849
vt 0.017658 0.311875
vt 0.017734 0.311902
vt 0.035003 0.325439
vt 0.035083 0.325433
vt 0.035163 0.325427
vt 0.016396 0.324779
vt 0.016477 0.324792
vt 0.016557 0.324805
vt 0.361594 0.076248
vt 0.361593 0.076322
vt 0.361591 0.076396
vt 0.361670 0.059437
vt 0.361669 0.059510
vt 0.361667 0.059584
vt 0.956150 0.061296
vt 0.956155 0.061217
vt 0.956166 0.061142
vt 0.479935 0.077661
vt 0.479939 0.077581
vt 0.479942 0.077500
vt 0.479600 0.060022
vt 0.479599 0.059940
vt 0.479597 0.059859
vt 0.888822 0.078435
vt 0.888828 0.078366
vt 0.888839 0.078273
vt 0.888892 0.061834
vt 0.888882 0.061741
vt 0.888877 0.061673
vt 0.036098 0.209568
vt 0.036018 0.209566
vt 0.035939 0.209565
vt 0.017883 0.209572
vt 0.017804 0.209574
vt 0.017724 0.209576
vt 0.956366 0.061297
vt 0.956264 0.061281
vt 0.956372 0.061218
vt 0.956271 0.061195
vt 0.956278 0.061111
vt 0.956373 0.061142
vt 0.981886 0.062309
vt 0.981893 0.062238
vt 0.981900 0.062168
vt 0.697757 0.077428
vt 0.697757 0.077501
vt 0.697757 0.077573
vt 0.697878 0.060844
vt 0.697877 0.060917
vt 0.697876 0.060990
vt 0.668511 0.077260
vt 0.668512 0.077332
vt 0.668512 0.077404
vt 0.668612 0.060711
vt 0.668611 0.060783
vt 0.668610 0.060855
vt 0.657934 0.077273
vt 0.657936 0.077346
vt 0.657937 0.077419
vt 0.658003 0.060653
vt 0.658001 0.060726
vt 0.657999 0.060799
vt 0.035821 0.119181
vt 0.035901 0.119185
vt 0.035981 0.119189
vt 0.017562 0.119302
vt 0.017642 0.119299
vt 0.017722 0.119296
vt 0.035616 0.140308
vt 0.035694 0.140309
vt 0.035772 0.140310
vt 0.017828 0.140265
vt 0.017905 0.140264
vt 0.017983 0.140262
vt 0.036129 0.208213
vt 0.036044 0.208214
vt 0.035959 0.208215
vt 0.017850 0.208261
vt 0.017765 0.208260
vt 0.017680 0.208259
vt 0.035590 0.161302
vt 0.035668 0.161302
vt 0.035746 0.161302
vt 0.017844 0.161253
vt 0.017922 0.161253
vt 0.018000 0.161253
vt 0.036083 0.206877
vt 0.036004 0.206881
vt 0.035924 0.206885
vt 0.017875 0.206965
vt 0.017796 0.206961
vt 0.017717 0.206958
vt 0.035659 0.095621
vt 0.035738 0.095619
vt 0.035816 0.095618
vt 0.017827 0.095572
vt 0.017905 0.095573
vt 0.017983 0.095575
vt 0.035634 0.181139
vt 0.035712 0.181138
vt 0.035790 0.181136
vt 0.017884 0.181076
vt 0.017962 0.181078
vt 0.018040 0.181079
vt 0.080197 0.635263
vt 0.081018 0.635259
vt 0.081018 0.273665
vt 0.080197 0.273669
vt 0.078417 0.635271
vt 0.078901 0.635268
vt 0.078901 0.273676
vt 0.078417 0.273680
vt 0.796634 0.635909
vt 0.830238 0.635909
vt 0.830237 0.274313
vt 0.796634 0.274313
vt 0.474360 0.633704
vt 0.511358 0.633704
vt 0.511358 0.272107
vt 0.474360 0.272107
vt 0.590111 0.273048
vt 0.564934 0.273048
vt 0.564934 0.634645
vt 0.590111 0.634645
vt 0.731336 0.633649
vt 0.754953 0.633649
vt 0.754953 0.272052
vt 0.731336 0.272052
vt 0.723593 0.635057
vt 0.700864 0.635057
vt 0.700864 0.996653
vt 0.723593 0.996653
vt 0.192103 0.635247
vt 0.200457 0.635247
vt 0.200457 0.273650
vt 0.192103 0.273650
vt 0.632337 0.634253
vt 0.641956 0.634253
vt 0.641956 0.272656
vt 0.632337 0.272656
vt 0.968417 0.633794
vt 0.960190 0.633794
vt 0.960190 0.995391
vt 0.968417 0.995391
vt 0.029871 0.634201
vt 0.021196 0.634593
vt 0.021194 0.996189
vt 0.029869 0.995797
vt 0.036232 0.634551
vt 0.045062 0.634357
vt 0.045063 0.272761
vt 0.036233 0.272954
vt 0.135231 0.635346
vt 0.143038 0.635347
vt 0.143038 0.273749
vt 0.135231 0.273749
vt 0.126233 0.275351
vt 0.125195 0.275351
vt 0.125195 0.636949
vt 0.126233 0.636949
vt 0.882726 0.997573
vt 0.887242 0.997573
vt 0.887242 0.635976
vt 0.882726 0.635976
vt 0.977781 0.635203
vt 0.982631 0.635204
vt 0.982631 0.273608
vt 0.977781 0.273608
vt 0.227912 0.634622
vt 0.343138 0.634622
vt 0.343138 0.273025
vt 0.227912 0.273025
vt 0.934304 0.273703
vt 0.927336 0.273703
vt 0.927336 0.635299
vt 0.934304 0.635299
vt 0.168665 0.633712
vt 0.170626 0.633710
vt 0.170626 0.272113
vt 0.168665 0.272117
vt 0.076922 0.273690
vt 0.076922 0.635278
vt 0.077303 0.635278
vt 0.077303 0.273690
vt 0.079500 0.635265
vt 0.079500 0.273672
vt 0.076481 0.273689
vt 0.074377 0.273685
vt 0.074377 0.635275
vt 0.076481 0.635278
vt 0.077642 0.273688
vt 0.077642 0.635277
vt 0.077996 0.635274
vt 0.077996 0.273685
vt 0.089043 0.273671
vt 0.087785 0.273667
vt 0.087785 0.635261
vt 0.089043 0.635264
vt 0.093987 0.273682
vt 0.093987 0.635272
vt 0.095579 0.635275
vt 0.095579 0.273686
vt 0.869373 0.274313
vt 0.835770 0.274313
vt 0.835770 0.635909
vt 0.869373 0.635909
vt 0.553888 0.272107
vt 0.516890 0.272107
vt 0.516890 0.633704
vt 0.553888 0.633704
vt 0.595643 0.634645
vt 0.620821 0.634645
vt 0.620821 0.273048
vt 0.595643 0.273048
vt 0.784102 0.272052
vt 0.760485 0.272052
vt 0.760485 0.633649
vt 0.784102 0.633649
vt 0.672604 0.996653
vt 0.695332 0.996653
vt 0.695332 0.635057
vt 0.672603 0.635057
vt 0.214343 0.273650
vt 0.205989 0.273650
vt 0.205989 0.635247
vt 0.214343 0.635247
vt 0.657107 0.272656
vt 0.647488 0.272656
vt 0.647488 0.634253
vt 0.657107 0.634253
vt 0.946431 0.995391
vt 0.954658 0.995391
vt 0.954658 0.633794
vt 0.946431 0.633794
vt 0.006987 0.995797
vt 0.015662 0.996189
vt 0.015664 0.634593
vt 0.006989 0.634201
vt 0.059425 0.272954
vt 0.050595 0.272760
vt 0.050594 0.634357
vt 0.059424 0.634551
vt 0.156378 0.273749
vt 0.148570 0.273749
vt 0.148570 0.635347
vt 0.156378 0.635346
vt 0.118625 0.636949
vt 0.119663 0.636949
vt 0.119663 0.275351
vt 0.118625 0.275351
vt 0.897290 0.635976
vt 0.892774 0.635976
vt 0.892774 0.997573
vt 0.897290 0.997573
vt 0.993013 0.273608
vt 0.988163 0.273608
vt 0.988163 0.635203
vt 0.993013 0.635204
vt 0.463897 0.273025
vt 0.348670 0.273025
vt 0.348670 0.634622
vt 0.463897 0.634622
vt 0.914835 0.635299
vt 0.921803 0.635299
vt 0.921803 0.273703
vt 0.914835 0.273703
vt 0.178119 0.272117
vt 0.176158 0.272113
vt 0.176158 0.633710
vt 0.178119 0.633712
vt 0.100596 0.635279
vt 0.102607 0.635277
vt 0.102607 0.273688
vt 0.100596 0.273690
vt 0.090484 0.273674
vt 0.090484 0.635266
vt 0.092267 0.635269
vt 0.092267 0.273678
vt 0.105020 0.635274
vt 0.105020 0.273685
vt 0.097195 0.635278
vt 0.098835 0.635279
vt 0.098835 0.273691
vt 0.097195 0.273689
vt 0.081840 0.635257
vt 0.085713 0.635257
vt 0.085713 0.273662
vt 0.081840 0.273662
vt 0.073563 0.273684
vt 0.069665 0.273684
vt 0.069665 0.635274
vt 0.073563 0.635274
vt 0.831043 0.635909
vt 0.834964 0.635909
vt 0.834964 0.274313
vt 0.831043 0.274313
vt 0.874100 0.274313
vt 0.870179 0.274313
vt 0.870179 0.635909
vt 0.874100 0.635909
vt 0.512163 0.633704
vt 0.516084 0.633704
vt 0.516084 0.272107
vt 0.512163 0.272107
vt 0.558615 0.272107
vt 0.554694 0.272107
vt 0.554694 0.633704
vt 0.558615 0.633704
vt 0.625547 0.273048
vt 0.621626 0.273048
vt 0.621626 0.634645
vt 0.625547 0.634645
vt 0.590916 0.634645
vt 0.594838 0.634645
vt 0.594838 0.273048
vt 0.590916 0.273048
vt 0.755759 0.633649
vt 0.759680 0.633649
vt 0.759680 0.272052
vt 0.755759 0.272052
vt 0.788828 0.272052
vt 0.784907 0.272052
vt 0.784907 0.633649
vt 0.788828 0.633649
vt 0.700059 0.635057
vt 0.696138 0.635057
vt 0.696138 0.996653
vt 0.700059 0.996653
vt 0.667877 0.996653
vt 0.671798 0.996653
vt 0.671798 0.635056
vt 0.667877 0.635057
vt 0.201262 0.635247
vt 0.205184 0.635247
vt 0.205184 0.273650
vt 0.201262 0.273650
vt 0.219070 0.273650
vt 0.215148 0.273650
vt 0.215148 0.635247
vt 0.219070 0.635247
vt 0.642761 0.634253
vt 0.646683 0.634253
vt 0.646683 0.272656
vt 0.642762 0.272656
vt 0.661834 0.272656
vt 0.657913 0.272656
vt 0.657912 0.634253
vt 0.661834 0.634253
vt 0.959385 0.633795
vt 0.955463 0.633795
vt 0.955463 0.995391
vt 0.959385 0.995391
vt 0.941704 0.995391
vt 0.945625 0.995391
vt 0.945625 0.633795
vt 0.941704 0.633794
vt 0.020391 0.634617
vt 0.016470 0.634616
vt 0.016467 0.996213
vt 0.020389 0.996213
vt 0.002261 0.995774
vt 0.006182 0.995774
vt 0.006184 0.634177
vt 0.002263 0.634177
vt 0.045868 0.634346
vt 0.049789 0.634346
vt 0.049790 0.272749
vt 0.045869 0.272749
vt 0.064152 0.272965
vt 0.060231 0.272965
vt 0.060230 0.634562
vt 0.064151 0.634562
vt 0.143844 0.635346
vt 0.147765 0.635346
vt 0.147765 0.273749
vt 0.143844 0.273749
vt 0.161104 0.273749
vt 0.157183 0.273749
vt 0.157183 0.635346
vt 0.161104 0.635346
vt 0.124390 0.275351
vt 0.120468 0.275351
vt 0.120468 0.636949
vt 0.124390 0.636949
vt 0.113899 0.636949
vt 0.117820 0.636949
vt 0.117820 0.275351
vt 0.113899 0.275351
vt 0.888047 0.997573
vt 0.891969 0.997573
vt 0.891969 0.635976
vt 0.888047 0.635976
vt 0.902017 0.635976
vt 0.898096 0.635976
vt 0.898096 0.997573
vt 0.902017 0.997573
vt 0.983436 0.635204
vt 0.987357 0.635204
vt 0.987357 0.273608
vt 0.983436 0.273608
vt 0.997740 0.273608
vt 0.993818 0.273608
vt 0.993818 0.635204
vt 0.997739 0.635204
vt 0.343944 0.634622
vt 0.347865 0.634622
vt 0.347865 0.273025
vt 0.343944 0.273025
vt 0.468623 0.273025
vt 0.464702 0.273025
vt 0.464702 0.634622
vt 0.468623 0.634622
vt 0.926530 0.273703
vt 0.922609 0.273703
vt 0.922609 0.635299
vt 0.926530 0.635299
vt 0.910109 0.635299
vt 0.914030 0.635299
vt 0.914030 0.273703
vt 0.910109 0.273703
vt 0.171431 0.633709
vt 0.175353 0.633709
vt 0.175353 0.272113
vt 0.171431 0.272113
vt 0.182846 0.272117
vt 0.178925 0.272117
vt 0.178925 0.633713
vt 0.182846 0.633713
vt 0.069396 0.273684
vt 0.069396 0.635274
vt 0.105557 0.635274
vt 0.105557 0.273684
vt 0.105288 0.273684
vt 0.105288 0.635274
vt 0.085981 0.635257
vt 0.085981 0.273662
vt 0.086250 0.635258
vt 0.086250 0.273662
vt 0.086518 0.635258
vt 0.086518 0.273663
vt 0.869642 0.635909
vt 0.869642 0.274313
vt 0.869910 0.635909
vt 0.869910 0.274313
vt 0.835233 0.635909
vt 0.835233 0.274313
vt 0.835501 0.635909
vt 0.835501 0.274313
vt 0.554156 0.633704
vt 0.554156 0.272107
vt 0.554425 0.633704
vt 0.554425 0.272107
vt 0.516353 0.633704
vt 0.516353 0.272107
vt 0.516621 0.633704
vt 0.516621 0.272107
vt 0.595375 0.273048
vt 0.595375 0.634645
vt 0.595106 0.273048
vt 0.595106 0.634645
vt 0.621357 0.273048
vt 0.621357 0.634645
vt 0.621089 0.273048
vt 0.621089 0.634645
vt 0.784370 0.633649
vt 0.784370 0.272052
vt 0.784639 0.633649
vt 0.784639 0.272052
vt 0.759948 0.633649
vt 0.759948 0.272052
vt 0.760217 0.633649
vt 0.760217 0.272052
vt 0.672335 0.635056
vt 0.672335 0.996653
vt 0.672067 0.635057
vt 0.672067 0.996653
vt 0.695869 0.635057
vt 0.695869 0.996653
vt 0.695601 0.635057
vt 0.695601 0.996653
vt 0.214611 0.635247
vt 0.214611 0.273650
vt 0.214880 0.635247
vt 0.214880 0.273650
vt 0.205452 0.635247
vt 0.205452 0.273650
vt 0.205721 0.635247
vt 0.205721 0.273650
vt 0.657376 0.634253
vt 0.657376 0.272656
vt 0.657644 0.634253
vt 0.657644 0.272656
vt 0.646951 0.634253
vt 0.646951 0.272656
vt 0.647220 0.634253
vt 0.647220 0.272656
vt 0.946162 0.633795
vt 0.946162 0.995391
vt 0.945894 0.633795
vt 0.945894 0.995391
vt 0.955195 0.633795
vt 0.955195 0.995391
vt 0.954926 0.633795
vt 0.954926 0.995391
vt 0.006721 0.634189
vt 0.006719 0.995785
vt 0.006452 0.634180
vt 0.006450 0.995777
vt 0.016201 0.634613
vt 0.016199 0.996210
vt 0.015933 0.634605
vt 0.015930 0.996201
vt 0.059693 0.634556
vt 0.059694 0.272960
vt 0.059961 0.634561
vt 0.059962 0.272964
vt 0.050057 0.634348
vt 0.050058 0.272751
vt 0.050326 0.634352
vt 0.050327 0.272755
vt 0.156646 0.635346
vt 0.156646 0.273749
vt 0.156915 0.635346
vt 0.156915 0.273749
vt 0.148033 0.635346
vt 0.148033 0.273749
vt 0.148302 0.635346
vt 0.148302 0.273749
vt 0.118357 0.275351
vt 0.118357 0.636949
vt 0.118088 0.275351
vt 0.118088 0.636949
vt 0.120200 0.275351
vt 0.120200 0.636949
vt 0.119931 0.275351
vt 0.119931 0.636949
vt 0.897559 0.997573
vt 0.897559 0.635976
vt 0.897827 0.997573
vt 0.897827 0.635976
vt 0.892237 0.997573
vt 0.892237 0.635976
vt 0.892506 0.997573
vt 0.892506 0.635976
vt 0.993281 0.635204
vt 0.993281 0.273608
vt 0.993550 0.635204
vt 0.993550 0.273608
vt 0.987626 0.635203
vt 0.987626 0.273608
vt 0.987894 0.635204
vt 0.987894 0.273608
vt 0.464165 0.634622
vt 0.464165 0.273025
vt 0.464434 0.634622
vt 0.464434 0.273025
vt 0.348133 0.634622
vt 0.348133 0.273025
vt 0.348402 0.634622
vt 0.348402 0.273025
vt 0.914567 0.273703
vt 0.914567 0.635299
vt 0.914298 0.273703
vt 0.914299 0.635299
vt 0.922340 0.273703
vt 0.922340 0.635299
vt 0.922072 0.273703
vt 0.922072 0.635299
vt 0.178388 0.633712
vt 0.178388 0.272117
vt 0.178656 0.633713
vt 0.178656 0.272117
vt 0.175621 0.633709
vt 0.175621 0.272113
vt 0.175889 0.633709
vt 0.175890 0.272113
vt 0.081566 0.273662
vt 0.081566 0.635257
vt 0.081292 0.273663
vt 0.081292 0.635258
vt 0.074105 0.273685
vt 0.074105 0.635274
vt 0.073834 0.273684
vt 0.073834 0.635274
vt 0.830774 0.274313
vt 0.830775 0.635909
vt 0.830506 0.274313
vt 0.830506 0.635909
vt 0.874369 0.635909
vt 0.874369 0.274313
vt 0.796097 0.274313
vt 0.796097 0.635909
vt 0.796365 0.635909
vt 0.796365 0.274313
vt 0.511895 0.272107
vt 0.511895 0.633704
vt 0.511626 0.272107
vt 0.511626 0.633704
vt 0.558883 0.633704
vt 0.558883 0.272107
vt 0.473823 0.272107
vt 0.473823 0.633704
vt 0.474091 0.633704
vt 0.474091 0.272107
vt 0.625816 0.634645
vt 0.625816 0.273048
vt 0.564397 0.273048
vt 0.564397 0.634645
vt 0.564665 0.634645
vt 0.564665 0.273048
vt 0.590648 0.273048
vt 0.590648 0.634645
vt 0.590379 0.273048
vt 0.590379 0.634645
vt 0.755490 0.272052
vt 0.755490 0.633649
vt 0.755221 0.272052
vt 0.755221 0.633649
vt 0.789097 0.633649
vt 0.789097 0.272052
vt 0.730799 0.272052
vt 0.730799 0.633649
vt 0.731068 0.633649
vt 0.731068 0.272052
vt 0.700327 0.996653
vt 0.700327 0.635057
vt 0.700596 0.996653
vt 0.700596 0.635056
vt 0.667608 0.635057
vt 0.667608 0.996653
vt 0.724130 0.996653
vt 0.724130 0.635057
vt 0.723862 0.635057
vt 0.723862 0.996653
vt 0.200994 0.273650
vt 0.200994 0.635247
vt 0.200725 0.273650
vt 0.200725 0.635247
vt 0.219338 0.635247
vt 0.219338 0.273650
vt 0.191566 0.273650
vt 0.191566 0.635247
vt 0.191835 0.635247
vt 0.191835 0.273650
vt 0.642493 0.272656
vt 0.642493 0.634253
vt 0.642225 0.272656
vt 0.642225 0.634253
vt 0.662102 0.634253
vt 0.662102 0.272656
vt 0.631800 0.272656
vt 0.631800 0.634253
vt 0.632069 0.634253
vt 0.632069 0.272656
vt 0.959653 0.995391
vt 0.959653 0.633794
vt 0.959921 0.995391
vt 0.959921 0.633795
vt 0.941436 0.633794
vt 0.941436 0.995391
vt 0.968954 0.995391
vt 0.968954 0.633794
vt 0.968685 0.633795
vt 0.968685 0.995391
vt 0.020657 0.996210
vt 0.020659 0.634613
vt 0.020926 0.996201
vt 0.020928 0.634605
vt 0.001994 0.634180
vt 0.001992 0.995777
vt 0.030406 0.995777
vt 0.030408 0.634181
vt 0.030140 0.634189
vt 0.030137 0.995786
vt 0.045600 0.272751
vt 0.045599 0.634347
vt 0.045332 0.272755
vt 0.045331 0.634352
vt 0.064419 0.634561
vt 0.064420 0.272964
vt 0.035696 0.272964
vt 0.035695 0.634561
vt 0.035964 0.634556
vt 0.035965 0.272960
vt 0.143575 0.273749
vt 0.143575 0.635346
vt 0.143307 0.273749
vt 0.143307 0.635346
vt 0.161373 0.635346
vt 0.161373 0.273749
vt 0.134694 0.273749
vt 0.134694 0.635346
vt 0.134962 0.635346
vt 0.134962 0.273749
vt 0.124658 0.636949
vt 0.124658 0.275351
vt 0.124927 0.636949
vt 0.124927 0.275351
vt 0.113630 0.275351
vt 0.113630 0.636949
vt 0.126770 0.636949
vt 0.126770 0.275351
vt 0.126501 0.275351
vt 0.126501 0.636949
vt 0.887779 0.635976
vt 0.887779 0.997573
vt 0.887510 0.635976
vt 0.887510 0.997573
vt 0.902285 0.997573
vt 0.902285 0.635976
vt 0.902554 0.997573
vt 0.902554 0.635976
vt 0.882457 0.635976
vt 0.882457 0.997573
vt 0.983168 0.273608
vt 0.983168 0.635204
vt 0.982899 0.273608
vt 0.982899 0.635204
vt 0.998008 0.635203
vt 0.998008 0.273608
vt 0.977244 0.273608
vt 0.977244 0.635204
vt 0.977512 0.635203
vt 0.977512 0.273608
vt 0.343675 0.273025
vt 0.343675 0.634622
vt 0.343407 0.273025
vt 0.343407 0.634622
vt 0.468892 0.634622
vt 0.468892 0.273025
vt 0.227375 0.273025
vt 0.227375 0.634622
vt 0.227643 0.634622
vt 0.227643 0.273025
vt 0.926798 0.635299
vt 0.926799 0.273703
vt 0.927067 0.635299
vt 0.927067 0.273703
vt 0.909840 0.273703
vt 0.909840 0.635299
vt 0.934840 0.635299
vt 0.934841 0.273703
vt 0.934572 0.273703
vt 0.934572 0.635299
vt 0.171163 0.272113
vt 0.171163 0.633709
vt 0.170894 0.272113
vt 0.170894 0.633709
vt 0.183114 0.633713
vt 0.183114 0.272117
vt 0.183383 0.633712
vt 0.183383 0.272117
vt 0.168396 0.272117
vt 0.168396 0.633712
vt 0.835770 0.997506
vt 0.869373 0.997506
vt 0.869642 0.997506
vt 0.869910 0.997506
vt 0.870179 0.997506
vt 0.874100 0.997506
vt 0.874369 0.997506
vt 0.796097 0.997506
vt 0.796365 0.997506
vt 0.796634 0.997506
vt 0.830237 0.997506
vt 0.830506 0.997506
vt 0.830774 0.997506
vt 0.831043 0.997506
vt 0.834964 0.997506
vt 0.835233 0.997506
vt 0.835501 0.997506
vt 0.516890 0.995301
vt 0.553888 0.995301
vt 0.554157 0.995301
vt 0.554425 0.995301
vt 0.554694 0.995301
vt 0.558615 0.995301
vt 0.558883 0.995301
vt 0.473823 0.995301
vt 0.474091 0.995301
vt 0.474360 0.995301
vt 0.511358 0.995301
vt 0.511626 0.995301
vt 0.511895 0.995301
vt 0.512163 0.995301
vt 0.516084 0.995301
vt 0.516353 0.995301
vt 0.516621 0.995301
vt 0.595643 0.996242
vt 0.620821 0.996242
vt 0.621089 0.996242
vt 0.621357 0.996242
vt 0.621626 0.996242
vt 0.625547 0.996242
vt 0.625816 0.996242
vt 0.564397 0.996242
vt 0.564665 0.996242
vt 0.564934 0.996242
vt 0.590111 0.996242
vt 0.590379 0.996242
vt 0.590648 0.996242
vt 0.590916 0.996242
vt 0.594838 0.996242
vt 0.595106 0.996242
vt 0.595375 0.996242
vt 0.760485 0.995246
vt 0.784102 0.995246
vt 0.784370 0.995246
vt 0.784639 0.995246
vt 0.784907 0.995246
vt 0.788828 0.995246
vt 0.789097 0.995246
vt 0.730799 0.995246
vt 0.731068 0.995246
vt 0.731336 0.995246
vt 0.754953 0.995246
vt 0.755221 0.995246
vt 0.755490 0.995246
vt 0.755759 0.995246
vt 0.759680 0.995246
vt 0.759948 0.995246
vt 0.760217 0.995246
vt 0.695332 0.273460
vt 0.672604 0.273460
vt 0.672335 0.273460
vt 0.672066 0.273460
vt 0.671798 0.273460
vt 0.667877 0.273460
vt 0.667608 0.273460
vt 0.724130 0.273460
vt 0.723862 0.273460
vt 0.723593 0.273460
vt 0.700864 0.273460
vt 0.700596 0.273460
vt 0.700327 0.273460
vt 0.700059 0.273460
vt 0.696138 0.273460
vt 0.695869 0.273460
vt 0.695601 0.273460
vt 0.205989 0.996844
vt 0.214343 0.996844
vt 0.214611 0.996844
vt 0.214880 0.996844
vt 0.215148 0.996844
vt 0.219070 0.996844
vt 0.219338 0.996844
vt 0.191566 0.996844
vt 0.191835 0.996844
vt 0.192103 0.996844
vt 0.200457 0.996844
vt 0.200725 0.996844
vt 0.200994 0.996844
vt 0.201262 0.996844
vt 0.205184 0.996844
vt 0.205452 0.996844
vt 0.205721 0.996844
vt 0.647488 0.995850
vt 0.657107 0.995850
vt 0.657376 0.995850
vt 0.657644 0.995850
vt 0.657913 0.995850
vt 0.661834 0.995850
vt 0.662102 0.995850
vt 0.631800 0.995850
vt 0.632069 0.995850
vt 0.632337 0.995850
vt 0.641956 0.995850
vt 0.642225 0.995850
vt 0.642493 0.995850
vt 0.642762 0.995850
vt 0.646683 0.995850
vt 0.646951 0.995850
vt 0.647220 0.995850
vt 0.954658 0.272198
vt 0.946431 0.272198
vt 0.946162 0.272198
vt 0.945894 0.272198
vt 0.945625 0.272198
vt 0.941704 0.272198
vt 0.941436 0.272198
vt 0.968954 0.272198
vt 0.968685 0.272198
vt 0.968417 0.272198
vt 0.960190 0.272198
vt 0.959921 0.272198
vt 0.959653 0.272198
vt 0.959385 0.272198
vt 0.955463 0.272198
vt 0.955195 0.272198
vt 0.954926 0.272198
vt 0.015666 0.272997
vt 0.006992 0.272604
vt 0.006723 0.272593
vt 0.006455 0.272584
vt 0.006186 0.272581
vt 0.002265 0.272581
vt 0.001996 0.272584
vt 0.030410 0.272584
vt 0.030142 0.272593
vt 0.029873 0.272604
vt 0.021199 0.272997
vt 0.020930 0.273008
vt 0.020662 0.273017
vt 0.020393 0.273020
vt 0.016472 0.273020
vt 0.016203 0.273017
vt 0.015935 0.273008
vt 0.050593 0.995954
vt 0.059423 0.996148
vt 0.059691 0.996153
vt 0.059960 0.996157
vt 0.060228 0.996159
vt 0.064150 0.996159
vt 0.064418 0.996158
vt 0.035694 0.996157
vt 0.035963 0.996153
vt 0.036231 0.996148
vt 0.045061 0.995954
vt 0.045329 0.995949
vt 0.045598 0.995944
vt 0.045866 0.995943
vt 0.049788 0.995943
vt 0.050056 0.995944
vt 0.050325 0.995948
vt 0.148570 0.996944
vt 0.156378 0.996944
vt 0.156646 0.996944
vt 0.156915 0.996944
vt 0.157183 0.996944
vt 0.161104 0.996944
vt 0.161373 0.996944
vt 0.134694 0.996944
vt 0.134962 0.996944
vt 0.135231 0.996944
vt 0.143038 0.996944
vt 0.143307 0.996944
vt 0.143575 0.996944
vt 0.143844 0.996944
vt 0.147765 0.996944
vt 0.148033 0.996944
vt 0.148302 0.996944
vt 0.118625 0.998547
vt 0.119663 0.998547
vt 0.119931 0.998547
vt 0.120200 0.998547
vt 0.120468 0.998547
vt 0.124390 0.998547
vt 0.124658 0.998547
vt 0.124927 0.998547
vt 0.125195 0.998547
vt 0.126233 0.998547
vt 0.126501 0.998547
vt 0.126770 0.998547
vt 0.113899 0.998547
vt 0.113630 0.998547
vt 0.117820 0.998547
vt 0.118088 0.998547
vt 0.118357 0.998547
vt 0.892237 0.274379
vt 0.892506 0.274379
vt 0.891969 0.274379
vt 0.888047 0.274379
vt 0.887779 0.274379
vt 0.887510 0.274379
vt 0.887242 0.274379
vt 0.882726 0.274379
vt 0.882457 0.274379
vt 0.902285 0.274379
vt 0.902554 0.274379
vt 0.902017 0.274379
vt 0.898096 0.274379
vt 0.897827 0.274379
vt 0.897559 0.274379
vt 0.897290 0.274379
vt 0.892774 0.274379
vt 0.988163 0.996799
vt 0.993013 0.996799
vt 0.993281 0.996799
vt 0.993550 0.996799
vt 0.993818 0.996799
vt 0.997739 0.996799
vt 0.998008 0.996799
vt 0.977244 0.996799
vt 0.977512 0.996799
vt 0.977781 0.996799
vt 0.982631 0.996799
vt 0.982899 0.996799
vt 0.983168 0.996799
vt 0.983436 0.996799
vt 0.987357 0.996799
vt 0.987626 0.996799
vt 0.987894 0.996799
vt 0.348670 0.996219
vt 0.463897 0.996219
vt 0.464165 0.996219
vt 0.464434 0.996219
vt 0.464702 0.996219
vt 0.468624 0.996219
vt 0.468892 0.996219
vt 0.227375 0.996219
vt 0.227643 0.996219
vt 0.227912 0.996219
vt 0.343138 0.996219
vt 0.343407 0.996219
vt 0.343675 0.996219
vt 0.343944 0.996219
vt 0.347865 0.996219
vt 0.348133 0.996219
vt 0.348402 0.996219
vt 0.914836 0.996896
vt 0.921803 0.996896
vt 0.922072 0.996896
vt 0.922340 0.996896
vt 0.922609 0.996896
vt 0.926530 0.996896
vt 0.926799 0.996896
vt 0.927067 0.996896
vt 0.927336 0.996896
vt 0.934304 0.996896
vt 0.934572 0.996896
vt 0.934841 0.996896
vt 0.910109 0.996896
vt 0.909840 0.996896
vt 0.914030 0.996896
vt 0.914298 0.996896
vt 0.914567 0.996896
vt 0.176158 0.995306
vt 0.178119 0.995307
vt 0.178388 0.995308
vt 0.178656 0.995308
vt 0.178925 0.995308
vt 0.182846 0.995308
vt 0.183114 0.995308
vt 0.183383 0.995308
vt 0.168396 0.995308
vt 0.168665 0.995307
vt 0.170626 0.995306
vt 0.170894 0.995306
vt 0.171163 0.995305
vt 0.171431 0.995305
vt 0.175352 0.995305
vt 0.175621 0.995305
vt 0.175889 0.995306
vt 0.081840 0.996852
vt 0.085713 0.996853
vt 0.085981 0.996853
vt 0.086250 0.996853
vt 0.086518 0.996853
vt 0.087784 0.996855
vt 0.089043 0.996857
vt 0.090484 0.996859
vt 0.092267 0.996861
vt 0.093987 0.996863
vt 0.095579 0.996865
vt 0.097195 0.996866
vt 0.098835 0.996867
vt 0.100596 0.996867
vt 0.102607 0.996866
vt 0.105020 0.996864
vt 0.105288 0.996864
vt 0.105557 0.996864
vt 0.069665 0.996864
vt 0.069396 0.996864
vt 0.073563 0.996864
vt 0.073834 0.996864
vt 0.074105 0.996864
vt 0.074377 0.996864
vt 0.076481 0.996866
vt 0.076922 0.996867
vt 0.077303 0.996867
vt 0.077642 0.996866
vt 0.077996 0.996864
vt 0.078417 0.996862
vt 0.078901 0.996860
vt 0.079500 0.996858
vt 0.080197 0.996856
vt 0.081018 0.996854
vt 0.081292 0.996853
vt 0.081566 0.996853
s 1
g off
g defaultMaterial_steel
usemtl steel
f 4/1/1 1/2/2 2/3/2
f 2/3/2 3/4/3 4/1/1
f 6/5/4 4/1/1 3/4/3
f 3/4/3 5/6/5 6/5/4
s 2
f 10/7/6 7/8/7 8/9/5
f 8/9/5 9/10/8 10/7/6
s 1
f 14/11/9 11/12/10 12/13/11
f 12/13/11 13/14/12 14/11/9
f 16/15/13 14/11/9 13/14/12
f 13/14/12 15/16/14 16/15/13
s 3
f 20/17/15 17/18/16 18/19/14
f 18/19/14 19/20/17 20/17/15
s 1
f 24/21/18 21/22/18 22/23/19
f 22/23/19 23/24/20 24/21/18
s 0
f 28/25/18 25/26/18 26/27/18
s 1
f 26/27/21 27/28/21 28/25/18
f 32/29/18 29/30/18 30/31/22
f 30/31/22 31/32/21 32/29/18
f 34/33/18 28/25/18 27/28/21
f 27/28/21 33/34/20 34/33/18
f 38/35/18 35/36/18 36/37/20
f 36/37/20 37/38/23 38/35/18
f 24/21/18 23/24/20 36/37/20
f 36/37/20 35/36/18 24/21/18
s 0
f 25/26/18 32/29/18 31/32/18
f 31/32/18 26/27/18 25/26/18
s 1
f 21/22/18 39/39/18 40/40/20
f 40/40/20 22/23/19 21/22/18
f 34/33/18 33/34/20 40/40/20
f 40/40/20 39/39/18 34/33/18
f 30/31/22 41/41/24 42/42/25
f 42/42/25 31/32/21 30/31/22
s 3
f 46/43/26 43/44/27 44/45/28
f 44/45/28 45/46/29 46/43/26
s 1
f 41/41/24 47/47/26 48/48/29
f 48/48/29 42/42/25 41/41/24
s 3
f 52/49/30 49/50/31 50/51/32
f 50/51/32 51/52/33 52/49/30
s 1
f 54/53/34 40/40/20 33/34/20
f 33/34/20 53/54/35 54/53/34
f 56/55/31 54/53/34 53/54/35
f 53/54/35 55/56/36 56/55/31
s 3
f 49/50/31 52/49/30 57/57/37
f 57/57/37 58/58/38 49/50/31
s 1
f 54/53/34 56/55/31 59/59/39
f 59/59/39 60/60/40 54/53/34
f 40/40/20 54/53/34 60/60/40
f 60/60/40 22/23/19 40/40/20
s 2
f 64/61/41 61/62/42 62/63/43
f 62/63/43 63/64/44 64/61/41
s 1
f 68/65/45 65/66/46 66/67/47
f 66/67/47 67/68/48 68/65/45
f 70/69/42 68/65/45 67/68/48
f 67/68/48 69/70/49 70/69/42
s 2
f 63/64/44 62/63/43 71/71/50
f 71/71/50 72/72/51 63/64/44
s 1
f 67/68/48 66/67/47 73/73/52
f 73/73/52 74/74/53 67/68/48
f 69/70/49 67/68/48 74/74/53
f 74/74/53 75/75/54 69/70/49
s 2
f 9/10/8 8/9/5 76/76/55
f 76/76/55 77/77/56 9/10/8
s 1
f 3/4/3 2/3/2 78/78/2
f 78/78/2 79/79/57 3/4/3
f 5/6/5 3/4/3 79/79/57
f 79/79/57 80/80/55 5/6/5
s 2
f 77/77/56 76/76/55 81/81/58
f 81/81/58 82/82/59 77/77/56
s 1
f 79/79/57 78/78/2 83/83/60
f 83/83/60 84/84/61 79/79/57
f 80/80/55 79/79/57 84/84/61
f 84/84/61 85/85/62 80/80/55
s 3
f 45/46/29 44/45/28 86/86/63
f 86/86/63 87/87/64 45/46/29
s 1
f 42/42/25 48/48/29 88/88/65
f 88/88/65 89/89/66 42/42/25
f 31/32/21 42/42/25 89/89/66
f 89/89/66 26/27/21 31/32/21
s 3
f 87/87/64 86/86/63 90/90/67
f 90/90/67 91/91/68 87/87/64
s 1
f 89/89/66 88/88/65 92/92/69
f 92/92/69 93/93/70 89/89/66
f 26/27/21 89/89/66 93/93/70
f 93/93/70 27/28/21 26/27/21
s 3
f 91/91/68 90/90/67 51/52/33
f 51/52/33 50/51/32 91/91/68
s 1
f 93/93/70 92/92/69 55/56/36
f 55/56/36 53/54/35 93/93/70
f 27/28/21 93/93/70 53/54/35
f 53/54/35 33/34/20 27/28/21
s 2
f 82/82/59 81/81/58 94/94/71
f 94/94/71 95/95/72 82/82/59
s 1
f 84/84/61 83/83/60 96/96/73
f 96/96/73 97/97/74 84/84/61
f 85/85/62 84/84/61 97/97/74
f 97/97/74 98/98/71 85/85/62
s 2
f 61/62/42 64/61/41 95/95/72
f 95/95/72 94/94/71 61/62/42
s 1
f 68/65/45 70/69/42 98/98/71
f 98/98/71 97/97/74 68/65/45
f 65/66/46 68/65/45 97/97/74
f 97/97/74 96/96/73 65/66/46
s 2
f 102/99/75 99/100/76 100/101/77
f 100/101/77 101/102/78 102/99/75
s 1
f 106/103/79 103/104/80 104/105/80
f 104/105/80 105/106/81 106/103/79
f 108/107/76 106/103/79 105/106/81
f 105/106/81 107/108/82 108/107/76
s 3
f 112/109/83 109/110/84 110/111/85
f 110/111/85 111/112/86 112/109/83
s 1
f 114/113/87 36/37/20 23/24/20
f 23/24/20 113/114/88 114/113/87
f 116/115/89 114/113/87 113/114/88
f 113/114/88 115/116/85 116/115/89
s 3
f 109/110/84 112/109/83 117/117/90
f 117/117/90 118/118/91 109/110/84
s 1
f 114/113/87 116/115/89 119/119/91
f 119/119/91 120/120/92 114/113/87
f 36/37/20 114/113/87 120/120/92
f 120/120/92 37/38/23 36/37/20
s 3
f 124/121/93 121/122/94 122/123/95
f 122/123/95 123/124/96 124/121/93
s 1
f 128/125/97 125/126/93 126/127/98
f 126/127/98 127/128/99 128/125/97
f 130/129/100 128/125/97 127/128/99
f 127/128/99 129/130/100 130/129/100
s 2
f 99/100/76 102/99/75 72/72/51
f 72/72/51 71/71/50 99/100/76
s 1
f 106/103/79 108/107/76 75/75/54
f 75/75/54 74/74/53 106/103/79
f 103/104/80 106/103/79 74/74/53
f 74/74/53 73/73/52 103/104/80
s 3
f 58/58/38 57/57/37 111/112/86
f 111/112/86 110/111/85 58/58/38
s 1
f 60/60/40 59/59/39 115/116/85
f 115/116/85 113/114/88 60/60/40
f 22/23/19 60/60/40 113/114/88
f 113/114/88 23/24/20 22/23/19
f 134/131/101 131/132/102 132/133/103
f 132/133/103 133/134/104 134/131/101
f 133/134/104 132/133/103 135/135/105
f 135/135/105 136/136/106 133/134/104
s 2
f 140/137/107 137/138/108 138/139/105
f 138/139/105 139/140/109 140/137/107
f 139/140/109 138/139/105 141/141/110
f 141/141/110 142/142/111 139/140/109
s 3
f 146/143/112 143/144/113 144/145/110
f 144/145/110 145/146/114 146/143/112
s 1
f 148/147/114 147/148/110 132/133/103
f 132/133/103 131/132/102 148/147/114
f 132/133/103 147/148/110 135/135/105
s 2
f 152/149/115 149/150/116 150/151/117
f 150/151/117 151/152/118 152/149/115
s 1
f 156/153/119 153/154/120 154/155/121
f 154/155/121 155/156/122 156/153/119
f 153/154/120 157/157/123 158/158/124
f 158/158/124 154/155/121 153/154/120
s 0
f 158/158/18 157/157/18 159/159/18
f 159/159/18 160/160/18 158/158/18
s 1
f 164/161/125 161/162/126 162/163/127
f 162/163/127 163/164/128 164/161/125
f 166/165/129 164/161/125 163/164/128
f 163/164/128 165/166/130 166/165/129
f 168/167/131 166/165/129 165/166/130
f 165/166/130 167/168/132 168/167/131
s 2
f 170/169/133 137/138/108 140/137/107
f 140/137/107 169/170/134 170/169/133
s 1
f 168/167/131 167/168/132 134/131/101
f 134/131/101 133/134/104 168/167/131
f 168/167/131 133/134/104 136/136/106
f 136/136/106 171/171/135 168/167/131
s 2
f 175/172/136 172/173/137 173/174/138
f 173/174/138 174/175/139 175/172/136
s 1
f 178/176/137 176/177/140 161/162/126
f 161/162/126 177/178/138 178/176/137
f 176/177/140 179/179/141 162/163/127
f 162/163/127 161/162/126 176/177/140
f 179/179/141 158/158/124 160/160/18
f 160/160/18 180/180/18 179/179/141
s 2
f 173/174/138 181/181/142 182/182/143
f 182/182/143 174/175/139 173/174/138
f 184/183/144 170/169/133 169/170/134
f 169/170/134 183/184/145 184/183/144
f 181/181/142 184/183/144 183/184/145
f 183/184/145 182/182/143 181/181/142
s 1
f 185/185/142 177/178/138 161/162/126
f 161/162/126 164/161/125 185/185/142
f 186/186/144 185/185/142 164/161/125
f 164/161/125 166/165/129 186/186/144
f 171/171/135 186/186/144 166/165/129
f 166/165/129 168/167/131 171/171/135
f 190/187/146 187/188/147 188/189/148
f 188/189/148 189/190/149 190/187/146
f 192/191/150 190/187/146 189/190/149
f 189/190/149 191/192/151 192/191/150
f 194/193/152 192/191/150 191/192/151
f 191/192/151 193/194/153 194/193/152
s 9
f 198/195/154 195/196/155 196/197/156
f 196/197/156 197/198/157 198/195/154
s 3
f 202/199/158 199/200/154 200/201/157
f 200/201/157 201/202/159 202/199/158
f 204/203/160 202/199/158 201/202/159
f 201/202/159 203/204/161 204/203/160
f 204/203/160 203/204/161 43/44/27
f 43/44/27 46/43/26 204/203/160
s 1
f 206/205/162 205/206/163 47/47/26
f 47/47/26 41/41/24 206/205/162
f 207/207/164 206/205/162 41/41/24
f 41/41/24 30/31/22 207/207/164
f 194/193/152 193/194/153 1/2/2
f 1/2/2 4/1/1 194/193/152
f 208/208/165 194/193/152 4/1/1
f 4/1/1 6/5/4 208/208/165
s 2
f 210/209/166 209/210/165 7/8/7
f 7/8/7 10/7/6 210/209/166
s 9
f 214/211/167 211/212/168 212/213/169
f 212/213/169 213/214/170 214/211/167
s 1
f 216/215/171 215/216/172 188/189/148
f 188/189/148 187/188/147 216/215/171
f 218/217/168 216/215/171 187/188/147
f 187/188/147 217/218/169 218/217/168
f 221/219/18 219/220/173 220/221/174
f 220/221/174 207/207/164 221/219/18
s 9
f 212/213/169 222/222/175 223/223/176
f 223/223/176 213/214/170 212/213/169
s 2
f 225/224/177 209/210/165 210/209/166
f 210/209/166 224/225/178 225/224/177
f 227/226/179 225/224/177 224/225/178
f 224/225/178 226/227/180 227/226/179
s 1
f 228/228/181 217/218/169 187/188/147
f 187/188/147 190/187/146 228/228/181
f 229/229/182 228/228/181 190/187/146
f 190/187/146 192/191/150 229/229/182
f 208/208/165 229/229/182 192/191/150
f 192/191/150 194/193/152 208/208/165
f 233/230/183 230/231/154 231/232/184
f 231/232/184 232/233/185 233/230/183
f 235/234/158 205/206/163 206/205/162
f 206/205/162 234/235/186 235/234/158
f 230/231/154 235/234/158 234/235/186
f 234/235/186 231/232/184 230/231/154
f 232/233/185 231/232/184 219/220/173
f 219/220/173 236/236/187 232/233/185
f 234/235/186 206/205/162 207/207/164
f 207/207/164 220/221/174 234/235/186
f 231/232/184 234/235/186 220/221/174
f 220/221/174 219/220/173 231/232/184
f 240/237/18 237/238/18 238/239/188
f 238/239/188 239/240/189 240/237/18
f 244/241/190 241/242/123 242/243/191
f 242/243/191 243/244/192 244/241/190
f 243/244/192 242/243/191 245/245/193
f 245/245/193 246/246/194 243/244/192
s 2
f 250/247/194 247/248/193 248/249/195
f 248/249/195 249/250/196 250/247/194
s 3
f 254/251/197 251/252/198 252/253/199
f 252/253/199 253/254/200 254/251/197
s 1
f 258/255/198 255/256/197 256/257/201
f 256/257/201 257/258/202 258/255/198
f 257/258/202 256/257/201 239/240/189
f 239/240/189 238/239/188 257/258/202
s 0
f 237/238/18 38/35/18 37/38/18
s 1
f 37/38/23 238/239/188 237/238/18
f 240/237/18 239/240/189 130/129/100
s 0
f 130/129/18 159/159/18 240/237/18
s 2
f 101/102/78 100/101/77 250/247/194
f 250/247/194 249/250/196 101/102/78
s 1
f 105/106/81 104/105/80 244/241/190
f 244/241/190 243/244/192 105/106/81
f 107/108/82 105/106/81 243/244/192
f 243/244/192 246/246/194 107/108/82
s 2
f 248/249/195 247/248/193 149/150/116
f 149/150/116 152/149/115 248/249/195
s 1
f 242/243/191 241/242/123 157/157/123
f 157/157/123 153/154/120 242/243/191
f 245/245/193 242/243/191 153/154/120
f 153/154/120 156/153/119 245/245/193
s 3
f 118/118/91 117/117/90 252/253/199
f 252/253/199 251/252/198 118/118/91
s 1
f 120/120/92 119/119/91 258/255/198
f 258/255/198 257/258/202 120/120/92
f 37/38/23 120/120/92 257/258/202
f 257/258/202 238/239/188 37/38/23
s 3
f 254/251/197 253/254/200 121/122/94
f 121/122/94 124/121/93 254/251/197
s 1
f 256/257/201 255/256/197 125/126/93
f 125/126/93 128/125/97 256/257/201
f 239/240/189 256/257/201 128/125/97
f 128/125/97 130/129/100 239/240/189
s 3
f 19/20/17 18/19/14 123/124/96
f 123/124/96 122/123/95 19/20/17
s 1
f 15/16/14 13/14/12 127/128/99
f 127/128/99 126/127/98 15/16/14
f 13/14/12 12/13/11 129/130/100
f 129/130/100 127/128/99 13/14/12
f 131/132/102 134/131/101 11/12/10
f 11/12/10 14/11/9 131/132/102
f 148/147/114 131/132/102 14/11/9
f 14/11/9 16/15/13 148/147/114
s 3
f 146/143/112 145/146/114 17/18/16
f 17/18/16 20/17/15 146/143/112
s 1
f 154/155/121 158/158/124 179/179/141
f 179/179/141 176/177/140 154/155/121
f 155/156/122 154/155/121 176/177/140
f 176/177/140 178/176/137 155/156/122
s 2
f 151/152/118 150/151/117 172/173/137
f 172/173/137 175/172/136 151/152/118
s 1
f 180/180/18 163/164/128 162/163/127
f 162/163/127 179/179/141 180/180/18
f 180/180/18 11/12/10 134/131/101
f 134/131/101 167/168/132 180/180/18
f 180/180/18 167/168/132 165/166/130
f 165/166/130 163/164/128 180/180/18
f 160/160/18 12/13/11 11/12/10
s 0
f 11/12/18 180/180/18 160/160/18
s 1
f 160/160/18 129/130/100 12/13/11
f 2/3/2 1/2/2 29/30/18
f 29/30/18 32/29/18 2/3/2
f 78/78/2 2/3/2 32/29/18
s 0
f 32/29/18 25/26/18 78/78/203
s 1
f 83/83/60 78/78/2 25/26/18
f 25/26/18 28/25/18 83/83/60
f 96/96/73 83/83/60 28/25/18
f 28/25/18 34/33/18 96/96/73
s 0
f 34/33/18 39/39/18 65/66/18
s 1
f 65/66/46 96/96/73 34/33/18
s 0
f 66/67/18 65/66/18 39/39/18
f 39/39/18 21/22/18 66/67/18
f 73/73/18 66/67/18 21/22/18
f 21/22/18 24/21/18 73/73/18
f 24/21/18 35/36/18 103/104/204
f 103/104/18 73/73/18 24/21/18
f 104/105/18 103/104/18 35/36/18
f 35/36/18 38/35/18 104/105/205
f 244/241/18 104/105/18 38/35/18
f 38/35/18 237/238/18 244/241/190
f 241/242/190 244/241/190 237/238/18
f 237/238/18 240/237/18 241/242/18
f 240/237/18 159/159/18 157/157/18
f 157/157/190 241/242/190 240/237/18
f 160/160/18 159/159/18 130/129/18
f 130/129/100 129/130/100 160/160/18
s 1
f 232/233/185 236/236/187 215/216/172
f 215/216/172 216/215/171 232/233/185
f 233/230/183 232/233/185 216/215/171
f 216/215/171 218/217/168 233/230/183
s 9
f 196/197/156 195/196/155 211/212/168
f 211/212/168 214/211/167 196/197/156
s 1
f 221/219/18 193/194/153 191/192/151
f 191/192/151 189/190/149 221/219/18
f 221/219/18 29/30/18 1/2/2
f 1/2/2 193/194/153 221/219/18
f 221/219/18 207/207/164 30/31/22
f 30/31/22 29/30/18 221/219/18
f 215/216/172 236/236/187 219/220/173
f 219/220/173 221/219/18 215/216/172
f 221/219/18 189/190/149 188/189/148
f 188/189/148 215/216/172 221/219/18
s 2
f 262/259/206 259/260/207 260/261/208
f 260/261/208 261/262/209 262/259/206
f 261/262/209 260/261/208 263/263/210
f 263/263/210 264/264/211 261/262/209
f 264/264/211 263/263/210 265/265/212
f 265/265/212 266/266/213 264/264/211
f 266/266/213 265/265/212 267/267/214
f 267/267/214 268/268/215 266/266/213
f 268/268/215 267/267/214 269/269/216
f 269/269/216 270/270/216 268/268/215
s 3
f 274/271/216 271/272/216 272/273/217
f 272/273/217 273/274/218 274/271/216
f 273/274/218 272/273/217 275/275/219
f 275/275/219 276/276/219 273/274/218
f 276/276/219 275/275/219 277/277/220
s 0
f 277/277/219 278/278/219 276/276/219
s 3
f 278/278/221 277/277/220 279/279/222
f 279/279/222 280/280/222 278/278/221
f 280/280/222 279/279/222 281/281/223
f 281/281/223 282/282/223 280/280/222
f 282/282/223 281/281/223 283/283/224
f 283/283/224 284/284/224 282/282/223
f 284/284/224 283/283/224 285/285/225
f 285/285/225 286/286/225 284/284/224
f 286/286/225 285/285/225 287/287/226
f 287/287/226 288/288/226 286/286/225
f 288/288/226 287/287/226 289/289/227
f 289/289/227 290/290/228 288/288/226
f 290/290/228 289/289/227 291/291/229
f 291/291/229 292/292/230 290/290/228
f 292/292/230 291/291/229 293/293/231
f 293/293/231 294/294/231 292/292/230
f 294/294/231 293/293/231 295/295/232
f 295/295/232 296/296/232 294/294/231
f 296/296/232 295/295/232 297/297/233
f 297/297/233 298/298/234 296/296/232
f 298/298/234 297/297/233 299/299/235
f 299/299/235 300/300/236 298/298/234
f 300/300/236 299/299/235 301/301/237
f 301/301/237 302/302/237 300/300/236
f 302/302/237 301/301/237 303/303/238
f 303/303/238 304/304/238 302/302/237
f 304/304/238 303/303/238 305/305/239
f 305/305/239 306/306/240 304/304/238
f 306/306/240 305/305/239 307/307/241
f 307/307/241 308/308/242 306/306/240
f 308/308/242 307/307/241 309/309/243
f 309/309/243 310/310/244 308/308/242
f 310/310/244 309/309/243 311/311/245
f 311/311/245 312/312/245 310/310/244
s 9
f 316/313/246 313/314/246 314/315/247
f 314/315/247 315/316/248 316/313/246
f 315/316/248 314/315/247 317/317/249
f 317/317/249 318/318/249 315/316/248
f 318/318/249 317/317/249 319/319/250
f 319/319/250 320/320/250 318/318/249
f 320/320/250 319/319/250 321/321/251
f 321/321/251 322/322/251 320/320/250
s 2
f 326/323/252 323/324/252 324/325/253
f 324/325/253 325/326/253 326/323/252
f 325/326/253 324/325/253 327/327/254
f 327/327/254 328/328/254 325/326/253
f 328/328/254 327/327/254 329/329/255
f 329/329/255 330/330/256 328/328/254
f 330/330/256 329/329/255 331/331/257
f 331/331/257 332/332/258 330/330/256
f 332/332/258 331/331/257 333/333/259
f 333/333/259 334/334/259 332/332/258
f 334/334/259 333/333/259 335/335/260
f 335/335/260 336/336/261 334/334/259
f 336/336/261 335/335/260 337/337/262
f 337/337/262 338/338/262 336/336/261
f 338/338/262 337/337/262 339/339/263
f 339/339/263 340/340/263 338/338/262
f 340/340/263 339/339/263 341/341/264
f 341/341/264 342/342/264 340/340/263
f 342/342/264 341/341/264 343/343/265
f 343/343/265 344/344/265 342/342/264
f 344/344/265 343/343/265 345/345/266
f 345/345/266 346/346/266 344/344/265
f 346/346/266 345/345/266 347/347/267
f 347/347/267 348/348/268 346/346/266
f 348/348/268 347/347/267 349/349/269
f 349/349/269 350/350/269 348/348/268
f 350/350/269 349/349/269 351/351/270
f 351/351/270 352/352/270 350/350/269
f 352/352/270 351/351/270 353/353/271
f 353/353/271 354/354/271 352/352/270
s 0
f 354/354/271 353/353/271 355/355/271
f 355/355/272 356/356/272 354/354/272
f 356/356/272 355/355/272 357/357/272
f 357/357/272 358/358/272 356/356/272
s 2
f 358/358/272 357/357/271 359/359/273
f 359/359/273 360/360/273 358/358/272
f 360/360/273 359/359/273 259/260/207
f 259/260/207 262/259/206 360/360/273
f 259/260/207 182/182/143 183/184/145
f 183/184/145 260/261/208 259/260/207
f 260/261/208 183/184/145 169/170/134
f 169/170/134 263/263/210 260/261/208
f 263/263/210 169/170/134 140/137/107
f 140/137/107 265/265/212 263/263/210
f 265/265/212 140/137/107 139/140/109
f 139/140/109 267/267/214 265/265/212
f 267/267/214 139/140/109 142/142/111
f 142/142/111 269/269/216 267/267/214
s 3
f 271/272/216 143/144/113 146/143/112
f 146/143/112 272/273/217 271/272/216
f 272/273/217 146/143/112 20/17/15
f 20/17/15 275/275/219 272/273/217
f 275/275/219 20/17/15 19/20/17
f 19/20/17 277/277/220 275/275/219
f 277/277/220 19/20/17 122/123/95
f 122/123/95 279/279/222 277/277/220
f 279/279/222 122/123/95 121/122/94
f 121/122/94 281/281/223 279/279/222
f 281/281/223 121/122/94 253/254/200
f 253/254/200 283/283/224 281/281/223
f 283/283/224 253/254/200 252/253/199
f 252/253/199 285/285/225 283/283/224
f 285/285/225 252/253/199 117/117/90
f 117/117/90 287/287/226 285/285/225
f 287/287/226 117/117/90 112/109/83
f 112/109/83 289/289/227 287/287/226
f 289/289/227 112/109/83 111/112/86
f 111/112/86 291/291/229 289/289/227
f 291/291/229 111/112/86 57/57/37
f 57/57/37 293/293/231 291/291/229
f 293/293/231 57/57/37 52/49/30
f 52/49/30 295/295/232 293/293/231
f 295/295/232 52/49/30 51/52/33
f 51/52/33 297/297/233 295/295/232
f 297/297/233 51/52/33 90/90/67
f 90/90/67 299/299/235 297/297/233
f 299/299/235 90/90/67 86/86/63
f 86/86/63 301/301/237 299/299/235
f 301/301/237 86/86/63 44/45/28
f 44/45/28 303/303/238 301/301/237
f 303/303/238 44/45/28 43/44/27
f 43/44/27 305/305/239 303/303/238
f 305/305/239 43/44/27 203/204/161
f 203/204/161 307/307/241 305/305/239
f 307/307/241 203/204/161 201/202/159
f 201/202/159 309/309/243 307/307/241
f 309/309/243 201/202/159 200/201/157
f 200/201/157 311/311/245 309/309/243
s 9
f 313/314/246 197/198/157 196/197/156
f 196/197/156 314/315/247 313/314/246
f 314/315/247 196/197/156 214/211/167
f 214/211/167 317/317/249 314/315/247
f 317/317/249 214/211/167 213/214/170
f 213/214/170 319/319/250 317/317/249
f 319/319/250 213/214/170 223/223/176
f 223/223/176 321/321/251 319/319/250
s 2
f 323/324/252 226/227/180 224/225/178
f 224/225/178 324/325/253 323/324/252
f 324/325/253 224/225/178 210/209/166
f 210/209/166 327/327/254 324/325/253
f 327/327/254 210/209/166 10/7/6
f 10/7/6 329/329/255 327/327/254
f 329/329/255 10/7/6 9/10/8
f 9/10/8 331/331/257 329/329/255
f 331/331/257 9/10/8 77/77/56
f 77/77/56 333/333/259 331/331/257
f 333/333/259 77/77/56 82/82/59
f 82/82/59 335/335/260 333/333/259
f 335/335/260 82/82/59 95/95/72
f 95/95/72 337/337/262 335/335/260
f 337/337/262 95/95/72 64/61/41
f 64/61/41 339/339/263 337/337/262
f 339/339/263 64/61/41 63/64/44
f 63/64/44 341/341/264 339/339/263
f 341/341/264 63/64/44 72/72/51
f 72/72/51 343/343/265 341/341/264
f 343/343/265 72/72/51 102/99/75
f 102/99/75 345/345/266 343/343/265
f 345/345/266 102/99/75 101/102/78
f 101/102/78 347/347/267 345/345/266
f 347/347/267 101/102/78 249/250/196
f 249/250/196 349/349/269 347/347/267
f 349/349/269 249/250/196 248/249/195
f 248/249/195 351/351/270 349/349/269
f 351/351/270 248/249/195 152/149/115
f 152/149/115 353/353/271 351/351/270
f 353/353/271 152/149/115 151/152/118
f 151/152/118 355/355/272 353/353/271
f 355/355/272 151/152/118 175/172/136
f 175/172/136 357/357/271 355/355/272
f 357/357/271 175/172/136 174/175/139
f 174/175/139 359/359/273 357/357/271
f 359/359/273 174/175/139 182/182/143
f 182/182/143 259/260/207 359/359/273
s 36
f 364/361/274 361/362/275 362/363/276
f 362/363/276 363/364/277 364/361/274
f 363/364/277 362/363/276 365/365/278
f 365/365/278 366/366/279 363/364/277
s 2
f 370/367/280 367/368/278 368/369/281
f 368/369/281 369/370/282 370/367/280
s 36
f 374/371/283 371/372/284 372/373/285
f 372/373/285 373/374/286 374/371/283
f 373/374/286 372/373/285 375/375/287
f 375/375/287 376/376/288 373/374/286
s 3
f 380/377/289 377/378/290 378/379/291
f 378/379/291 379/380/292 380/377/289
s 36
f 384/381/293 381/382/294 382/383/294
f 382/383/294 383/384/295 384/381/293
s 0
f 388/385/294 385/386/294 386/387/294
s 36
f 386/387/294 387/388/296 388/385/296
f 392/389/296 389/390/294 390/391/294
f 390/391/294 391/392/296 392/389/296
f 387/388/296 386/387/294 393/393/294
f 393/393/294 394/394/297 387/388/296
f 398/395/295 395/396/294 396/397/294
f 396/397/294 397/398/297 398/395/295
f 398/395/295 383/384/295 382/383/294
f 382/383/294 395/396/294 398/395/295
s 0
f 391/392/298 390/391/294 385/386/294
f 385/386/294 388/385/294 391/392/294
s 36
f 400/399/295 399/400/294 381/382/294
f 381/382/294 384/381/293 400/399/295
f 400/399/295 394/394/297 393/393/294
f 393/393/294 399/400/294 400/399/295
f 402/401/299 401/402/300 392/389/296
f 392/389/296 391/392/296 402/401/299
s 3
f 406/403/301 403/404/302 404/405/303
f 404/405/303 405/406/304 406/403/301
s 36
f 408/407/304 407/408/303 401/402/300
f 401/402/300 402/401/299 408/407/304
s 3
f 412/409/305 409/410/306 410/411/307
f 410/411/307 411/412/308 412/409/305
s 36
f 394/394/297 400/399/295 413/413/309
f 413/413/309 414/414/310 394/394/297
f 414/414/310 413/413/309 415/415/306
f 415/415/306 416/416/311 414/414/310
s 3
f 418/417/312 410/411/307 409/410/306
f 409/410/306 417/418/313 418/417/312
s 36
f 420/419/314 415/415/306 413/413/309
f 413/413/309 419/420/315 420/419/314
f 419/420/315 413/413/309 400/399/295
f 400/399/295 384/381/293 419/420/315
s 2
f 424/421/316 421/422/317 422/423/318
f 422/423/318 423/424/319 424/421/316
s 36
f 428/425/320 425/426/274 426/427/321
f 426/427/321 427/428/322 428/425/320
f 427/428/322 426/427/321 429/429/323
f 429/429/323 430/430/324 427/428/322
s 2
f 432/431/325 424/421/316 423/424/319
f 423/424/319 431/432/326 432/431/325
s 36
f 434/433/327 428/425/320 427/428/322
f 427/428/322 433/434/328 434/433/327
f 433/434/328 427/428/322 430/430/324
f 430/430/324 435/435/329 433/434/328
s 2
f 437/436/330 370/367/280 369/370/282
f 369/370/282 436/437/331 437/436/330
s 36
f 439/438/274 364/361/274 363/364/277
f 363/364/277 438/439/332 439/438/274
f 438/439/332 363/364/277 366/366/279
f 366/366/279 440/440/333 438/439/332
s 2
f 442/441/334 437/436/330 436/437/331
f 436/437/331 441/442/335 442/441/334
s 36
f 444/443/275 439/438/274 438/439/332
f 438/439/332 443/444/336 444/443/275
f 443/444/336 438/439/332 440/440/333
f 440/440/333 445/445/334 443/444/336
s 3
f 447/446/337 406/403/301 405/406/304
f 405/406/304 446/447/338 447/446/337
s 36
f 449/448/339 408/407/304 402/401/299
f 402/401/299 448/449/340 449/448/339
f 448/449/340 402/401/299 391/392/296
f 391/392/296 388/385/296 448/449/340
s 3
f 451/450/341 447/446/337 446/447/338
f 446/447/338 450/451/342 451/450/341
s 36
f 453/452/342 449/448/339 448/449/340
f 448/449/340 452/453/343 453/452/342
f 452/453/343 448/449/340 388/385/296
f 388/385/296 387/388/296 452/453/343
s 3
f 411/412/308 451/450/341 450/451/342
f 450/451/342 412/409/305 411/412/308
s 36
f 416/416/311 453/452/342 452/453/343
f 452/453/343 414/414/310 416/416/311
f 414/414/310 452/453/343 387/388/296
f 387/388/296 394/394/297 414/414/310
s 2
f 455/454/344 442/441/334 441/442/335
f 441/442/335 454/455/345 455/454/344
s 36
f 457/456/346 444/443/275 443/444/336
f 443/444/336 456/457/347 457/456/346
f 456/457/347 443/444/336 445/445/334
f 445/445/334 458/458/344 456/457/347
s 2
f 454/455/345 422/423/318 421/422/317
f 421/422/317 455/454/344 454/455/345
s 36
f 458/458/344 429/429/323 426/427/321
f 426/427/321 456/457/347 458/458/344
f 456/457/347 426/427/321 425/426/274
f 425/426/274 457/456/346 456/457/347
s 2
f 462/459/348 459/460/349 460/461/350
f 460/461/350 461/462/351 462/459/348
s 36
f 466/463/352 463/464/352 464/465/353
f 464/465/353 465/466/354 466/463/352
f 465/466/354 464/465/353 467/467/349
f 467/467/349 468/468/348 465/466/354
s 3
f 472/469/355 469/470/356 470/471/357
f 470/471/357 471/472/358 472/469/355
s 36
f 383/384/295 398/395/295 473/473/359
f 473/473/359 474/474/360 383/384/295
f 474/474/360 473/473/359 475/475/356
f 475/475/356 476/476/355 474/474/360
s 3
f 478/477/361 470/471/357 469/470/356
f 469/470/356 477/478/362 478/477/361
s 36
f 480/479/362 475/475/356 473/473/359
f 473/473/359 479/480/363 480/479/362
f 479/480/363 473/473/359 398/395/295
f 398/395/295 397/398/297 479/480/363
s 3
f 484/481/364 481/482/365 482/483/366
f 482/483/366 483/484/367 484/481/364
s 36
f 488/485/367 485/486/366 486/487/368
f 486/487/368 487/488/369 488/485/367
f 487/488/369 486/487/368 489/489/370
f 489/489/370 490/490/370 487/488/369
s 2
f 431/432/326 460/461/350 459/460/349
f 459/460/349 432/431/325 431/432/326
s 36
f 435/435/329 467/467/349 464/465/353
f 464/465/353 433/434/328 435/435/329
f 433/434/328 464/465/353 463/464/352
f 463/464/352 434/433/327 433/434/328
s 3
f 471/472/358 418/417/312 417/418/313
f 417/418/313 472/469/355 471/472/358
s 36
f 476/476/355 420/419/314 419/420/315
f 419/420/315 474/474/360 476/476/355
f 474/474/360 419/420/315 384/381/293
f 384/381/293 383/384/295 474/474/360
f 494/491/371 491/492/372 492/493/373
f 492/493/373 493/494/374 494/491/371
f 496/495/375 494/491/371 493/494/374
f 493/494/374 495/496/376 496/495/375
s 2
f 500/497/375 497/498/377 498/499/378
f 498/499/378 499/500/379 500/497/375
f 502/501/380 500/497/375 499/500/379
f 499/500/379 501/502/381 502/501/380
s 3
f 506/503/382 503/504/383 504/505/384
f 504/505/384 505/506/385 506/503/382
s 36
f 494/491/371 507/507/382 508/508/385
f 508/508/385 491/492/372 494/491/371
f 494/491/371 496/495/375 507/507/382
s 2
f 512/509/386 509/510/387 510/511/388
f 510/511/388 511/512/389 512/509/386
s 36
f 516/513/390 513/514/391 514/515/392
f 514/515/392 515/516/386 516/513/390
f 518/517/393 517/518/394 513/514/391
f 513/514/391 516/513/390 518/517/393
s 0
f 520/519/294 517/518/294 518/517/294
f 518/517/294 519/520/294 520/519/294
s 36
f 524/521/395 521/522/396 522/523/397
f 522/523/397 523/524/398 524/521/395
f 523/524/398 522/523/397 525/525/399
f 525/525/399 526/526/400 523/524/398
f 526/526/400 525/525/399 527/527/401
f 527/527/401 528/528/402 526/526/400
s 2
f 498/499/378 497/498/377 529/529/403
f 529/529/403 530/530/404 498/499/378
s 36
f 492/493/373 528/528/402 527/527/401
f 527/527/401 493/494/374 492/493/373
f 495/496/376 493/494/374 527/527/401
f 527/527/401 531/531/405 495/496/376
s 2
f 535/532/406 532/533/407 533/534/408
f 533/534/408 534/535/409 535/532/406
s 36
f 521/522/396 536/536/410 537/537/407
f 537/537/407 538/538/406 521/522/396
f 524/521/395 539/539/411 536/536/410
f 536/536/410 521/522/396 524/521/395
f 519/520/294 518/517/393 539/539/411
f 539/539/411 540/540/294 519/520/294
s 2
f 542/541/412 541/542/413 535/532/406
f 535/532/406 534/535/409 542/541/412
f 530/530/404 529/529/403 543/543/414
f 543/543/414 544/544/415 530/530/404
f 544/544/415 543/543/414 541/542/413
f 541/542/413 542/541/412 544/544/415
s 36
f 521/522/396 538/538/406 545/545/413
f 545/545/413 522/523/397 521/522/396
f 522/523/397 545/545/413 546/546/414
f 546/546/414 525/525/399 522/523/397
f 525/525/399 546/546/414 531/531/405
f 531/531/405 527/527/401 525/525/399
f 550/547/416 547/548/417 548/549/418
f 548/549/418 549/550/419 550/547/416
f 549/550/419 548/549/418 551/551/420
f 551/551/420 552/552/421 549/550/419
f 552/552/421 551/551/420 553/553/422
f 553/553/422 554/554/423 552/552/421
s 9
f 558/555/424 555/556/425 556/557/426
f 556/557/426 557/558/427 558/555/424
s 3
f 562/559/428 559/560/426 560/561/429
f 560/561/429 561/562/430 562/559/428
f 561/562/430 560/561/429 563/563/431
f 563/563/431 564/564/432 561/562/430
f 403/404/302 564/564/432 563/563/431
f 563/563/431 404/405/303 403/404/302
s 36
f 407/408/303 565/565/433 566/566/434
f 566/566/434 401/402/300 407/408/303
f 401/402/300 566/566/434 567/567/435
f 567/567/435 392/389/296 401/402/300
f 361/362/275 554/554/423 553/553/422
f 553/553/422 362/363/276 361/362/275
f 362/363/276 553/553/422 568/568/436
f 568/568/436 365/365/278 362/363/276
s 2
f 367/368/278 569/569/436 570/570/437
f 570/570/437 368/369/281 367/368/278
s 9
f 574/571/438 571/572/439 572/573/440
f 572/573/440 573/574/441 574/571/438
s 36
f 550/547/416 575/575/442 576/576/443
f 576/576/443 547/548/417 550/547/416
f 547/548/417 576/576/443 577/577/439
f 577/577/439 578/578/444 547/548/417
f 581/579/445 579/580/446 580/581/294
f 580/581/294 567/567/435 581/579/445
s 9
f 583/582/447 582/583/448 574/571/438
f 574/571/438 573/574/441 583/582/447
s 2
f 570/570/437 569/569/436 584/584/449
f 584/584/449 585/585/450 570/570/437
f 585/585/450 584/584/449 586/586/451
f 586/586/451 587/587/447 585/585/450
s 36
f 547/548/417 578/578/444 588/588/452
f 588/588/452 548/549/418 547/548/417
f 548/549/418 588/588/452 589/589/453
f 589/589/453 551/551/420 548/549/418
f 551/551/420 589/589/453 568/568/436
f 568/568/436 553/553/422 551/551/420
f 593/590/454 590/591/455 591/592/425
f 591/592/425 592/593/456 593/590/454
f 566/566/434 565/565/433 594/594/429
f 594/594/429 595/595/457 566/566/434
f 595/595/457 594/594/429 590/591/455
f 590/591/455 593/590/454 595/595/457
f 579/580/446 593/590/454 592/593/456
f 592/593/456 596/596/458 579/580/446
f 567/567/435 566/566/434 595/595/457
f 595/595/457 581/579/445 567/567/435
f 581/579/445 595/595/457 593/590/454
f 593/590/454 579/580/446 581/579/445
f 600/597/459 597/598/294 598/599/294
f 598/599/294 599/600/460 600/597/459
f 604/601/461 601/602/394 602/603/462
f 602/603/462 603/604/463 604/601/461
f 606/605/464 604/601/461 603/604/463
f 603/604/463 605/606/465 606/605/464
s 2
f 610/607/466 607/608/464 608/609/465
f 608/609/465 609/610/467 610/607/466
s 3
f 614/611/468 611/612/469 612/613/470
f 612/613/470 613/614/471 614/611/468
s 36
f 618/615/472 615/616/473 616/617/474
f 616/617/474 617/618/475 618/615/472
f 599/600/460 618/615/472 617/618/475
f 617/618/475 600/597/459 599/600/460
s 0
f 397/398/294 396/397/294 597/598/294
s 36
f 597/598/294 600/597/459 397/398/297
f 489/489/370 599/600/460 598/599/294
s 0
f 598/599/294 520/519/294 489/489/294
s 2
f 608/609/465 462/459/348 461/462/351
f 461/462/351 609/610/467 608/609/465
s 36
f 602/603/462 466/463/352 465/466/354
f 465/466/354 603/604/463 602/603/462
f 603/604/463 465/466/354 468/468/348
f 468/468/348 605/606/465 603/604/463
s 2
f 509/510/387 607/608/464 610/607/466
f 610/607/466 510/511/388 509/510/387
s 36
f 517/518/394 601/602/394 604/601/461
f 604/601/461 513/514/391 517/518/394
f 513/514/391 604/601/461 606/605/464
f 606/605/464 514/515/392 513/514/391
s 3
f 614/611/468 478/477/361 477/478/362
f 477/478/362 611/612/469 614/611/468
s 36
f 616/617/474 480/479/362 479/480/363
f 479/480/363 617/618/475 616/617/474
f 617/618/475 479/480/363 397/398/297
f 397/398/297 600/597/459 617/618/475
s 3
f 481/482/365 613/614/471 612/613/470
f 612/613/470 482/483/366 481/482/365
s 36
f 485/486/366 615/616/473 618/615/472
f 618/615/472 486/487/368 485/486/366
f 486/487/368 618/615/472 599/600/460
f 599/600/460 489/489/370 486/487/368
s 3
f 483/484/367 380/377/289 379/380/292
f 379/380/292 484/481/364 483/484/367
s 36
f 487/488/369 373/374/286 376/376/288
f 376/376/288 488/485/367 487/488/369
f 490/490/370 374/371/283 373/374/286
f 373/374/286 487/488/369 490/490/370
f 371/372/284 492/493/373 491/492/372
f 491/492/372 372/373/285 371/372/284
f 372/373/285 491/492/372 508/508/385
f 508/508/385 375/375/287 372/373/285
s 3
f 377/378/290 505/506/385 504/505/384
f 504/505/384 378/379/291 377/378/290
s 36
f 539/539/411 518/517/393 516/513/390
f 516/513/390 536/536/410 539/539/411
f 536/536/410 516/513/390 515/516/386
f 515/516/386 537/537/407 536/536/410
s 2
f 532/533/407 512/509/386 511/512/389
f 511/512/389 533/534/408 532/533/407
s 36
f 524/521/395 523/524/398 540/540/294
f 540/540/294 539/539/411 524/521/395
f 492/493/373 371/372/284 540/540/294
f 540/540/294 528/528/402 492/493/373
f 526/526/400 528/528/402 540/540/294
f 540/540/294 523/524/398 526/526/400
f 371/372/284 374/371/283 519/520/294
s 0
f 519/520/294 540/540/294 371/372/294
s 36
f 519/520/294 374/371/283 490/490/370
f 389/390/294 361/362/275 364/361/274
f 364/361/274 390/391/294 389/390/294
f 390/391/294 364/361/274 439/438/274
s 0
f 439/438/294 385/386/294 390/391/294
s 36
f 385/386/294 439/438/274 444/443/275
f 444/443/275 386/387/294 385/386/294
f 386/387/294 444/443/275 457/456/346
f 457/456/346 393/393/294 386/387/294
s 0
f 425/426/294 399/400/294 393/393/294
s 36
f 393/393/294 457/456/346 425/426/274
s 0
f 399/400/294 425/426/294 428/425/294
f 428/425/294 381/382/294 399/400/294
f 381/382/294 428/425/294 434/433/294
f 434/433/294 382/383/294 381/382/294
f 463/464/476 395/396/294 382/383/294
f 382/383/294 434/433/294 463/464/294
f 395/396/294 463/464/294 466/463/294
f 466/463/294 396/397/294 395/396/294
f 396/397/294 466/463/294 602/603/294
f 602/603/462 597/598/294 396/397/294
f 597/598/294 602/603/294 601/602/294
f 601/602/294 598/599/294 597/598/294
f 517/518/294 520/519/294 598/599/294
f 598/599/294 601/602/462 517/518/462
f 489/489/294 520/519/294 519/520/294
f 519/520/294 490/490/370 489/489/370
s 36
f 575/575/442 596/596/458 592/593/456
f 592/593/456 576/576/443 575/575/442
f 576/576/443 592/593/456 591/592/425
f 591/592/425 577/577/439 576/576/443
s 9
f 571/572/439 555/556/425 558/555/424
f 558/555/424 572/573/440 571/572/439
s 36
f 552/552/421 554/554/423 580/581/294
f 580/581/294 549/550/419 552/552/421
f 361/362/275 389/390/294 580/581/294
f 580/581/294 554/554/423 361/362/275
f 392/389/296 567/567/435 580/581/294
f 580/581/294 389/390/294 392/389/296
f 579/580/446 596/596/458 575/575/442
f 575/575/442 580/581/294 579/580/446
f 550/547/416 549/550/419 580/581/294
f 580/581/294 575/575/442 550/547/416
s 2
f 622/619/208 619/620/207 620/621/206
f 620/621/206 621/622/209 622/619/208
f 624/623/210 622/619/208 621/622/209
f 621/622/209 623/624/477 624/623/210
f 626/625/478 624/623/210 623/624/477
f 623/624/477 625/626/478 626/625/478
f 628/627/479 626/625/478 625/626/478
f 625/626/478 627/628/215 628/627/479
f 630/629/216 628/627/479 627/628/215
f 627/628/215 629/630/216 630/629/216
s 3
f 634/631/218 631/632/216 632/633/216
f 632/633/216 633/634/218 634/631/218
f 636/635/219 634/631/218 633/634/218
f 633/634/218 635/636/221 636/635/219
s 0
f 638/637/221 636/635/221 635/636/221
f 635/636/219 637/638/219 638/637/219
s 3
f 640/639/480 638/637/219 637/638/481
f 637/638/481 639/640/222 640/639/480
f 642/641/223 640/639/480 639/640/222
f 639/640/222 641/642/223 642/641/223
f 644/643/224 642/641/223 641/642/223
f 641/642/223 643/644/224 644/643/224
f 646/645/225 644/643/224 643/644/224
f 643/644/224 645/646/482 646/645/225
f 648/647/226 646/645/225 645/646/482
f 645/646/482 647/648/226 648/647/226
f 650/649/483 648/647/226 647/648/226
f 647/648/226 649/650/228 650/649/483
f 652/651/229 650/649/483 649/650/228
f 649/650/228 651/652/230 652/651/229
f 654/653/231 652/651/229 651/652/230
f 651/652/230 653/654/231 654/653/231
f 656/655/232 654/653/231 653/654/231
f 653/654/231 655/656/232 656/655/232
f 658/657/233 656/655/232 655/656/232
f 655/656/232 657/658/484 658/657/233
f 660/659/485 658/657/233 657/658/484
f 657/658/484 659/660/236 660/659/485
f 662/661/486 660/659/485 659/660/236
f 659/660/236 661/662/237 662/661/486
f 664/663/487 662/661/486 661/662/237
f 661/662/237 663/664/238 664/663/487
f 666/665/488 664/663/487 663/664/238
f 663/664/238 665/666/239 666/665/488
f 668/667/242 666/665/488 665/666/239
f 665/666/239 667/668/242 668/667/242
f 670/669/243 668/667/242 667/668/242
f 667/668/242 669/670/243 670/669/243
f 672/671/245 670/669/243 669/670/243
f 669/670/243 671/672/246 672/671/245
s 9
f 676/673/247 673/674/489 674/675/246
f 674/675/246 675/676/247 676/673/247
f 678/677/249 676/673/247 675/676/247
f 675/676/247 677/678/490 678/677/249
f 680/679/250 678/677/249 677/678/490
f 677/678/490 679/680/250 680/679/250
f 682/681/251 680/679/250 679/680/250
f 679/680/250 681/682/251 682/681/251
s 2
f 686/683/253 683/684/252 684/685/252
f 684/685/252 685/686/253 686/683/253
f 688/687/254 686/683/253 685/686/253
f 685/686/253 687/688/254 688/687/254
f 690/689/491 688/687/254 687/688/254
f 687/688/254 689/690/492 690/689/491
f 692/691/493 690/689/491 689/690/492
f 689/690/492 691/692/258 692/691/493
f 694/693/494 692/691/493 691/692/258
f 691/692/258 693/694/259 694/693/494
f 696/695/261 694/693/494 693/694/259
f 693/694/259 695/696/260 696/695/261
f 698/697/262 696/695/261 695/696/260
f 695/696/260 697/698/262 698/697/262
f 700/699/263 698/697/262 697/698/262
f 697/698/262 699/700/263 700/699/263
f 702/701/495 700/699/263 699/700/263
f 699/700/263 701/702/264 702/701/495
f 704/703/265 702/701/495 701/702/264
f 701/702/264 703/704/265 704/703/265
f 706/705/266 704/703/265 703/704/265
f 703/704/265 705/706/266 706/705/266
f 708/707/267 706/705/266 705/706/266
f 705/706/266 707/708/267 708/707/267
f 710/709/269 708/707/267 707/708/267
f 707/708/267 709/710/269 710/709/269
f 712/711/270 710/709/269 709/710/269
f 709/710/269 711/712/270 712/711/270
f 714/713/271 712/711/270 711/712/270
f 711/712/270 713/714/271 714/713/271
s 0
f 716/715/272 714/713/272 713/714/272
f 713/714/272 715/716/272 716/715/272
f 718/717/272 716/715/272 715/716/272
f 715/716/271 717/718/271 718/717/271
s 2
f 720/719/273 718/717/271 717/718/272
f 717/718/272 719/720/273 720/719/273
f 619/620/207 720/719/273 719/720/273
f 719/720/273 620/621/206 619/620/207
f 544/544/415 542/541/412 619/620/207
f 619/620/207 622/619/208 544/544/415
f 530/530/404 544/544/415 622/619/208
f 622/619/208 624/623/210 530/530/404
f 498/499/378 530/530/404 624/623/210
f 624/623/210 626/625/478 498/499/378
f 499/500/379 498/499/378 626/625/478
f 626/625/478 628/627/479 499/500/379
f 501/502/381 499/500/379 628/627/479
f 628/627/479 630/629/216 501/502/381
s 3
f 504/505/384 503/504/383 631/632/216
f 631/632/216 634/631/218 504/505/384
f 378/379/291 504/505/384 634/631/218
f 634/631/218 636/635/219 378/379/291
f 379/380/292 378/379/291 636/635/219
f 636/635/219 638/637/219 379/380/292
f 484/481/364 379/380/292 638/637/219
f 638/637/219 640/639/480 484/481/364
f 481/482/365 484/481/364 640/639/480
f 640/639/480 642/641/223 481/482/365
f 613/614/471 481/482/365 642/641/223
f 642/641/223 644/643/224 613/614/471
f 614/611/468 613/614/471 644/643/224
f 644/643/224 646/645/225 614/611/468
f 478/477/361 614/611/468 646/645/225
f 646/645/225 648/647/226 478/477/361
f 470/471/357 478/477/361 648/647/226
f 648/647/226 650/649/483 470/471/357
f 471/472/358 470/471/357 650/649/483
f 650/649/483 652/651/229 471/472/358
f 418/417/312 471/472/358 652/651/229
f 652/651/229 654/653/231 418/417/312
f 410/411/307 418/417/312 654/653/231
f 654/653/231 656/655/232 410/411/307
f 411/412/308 410/411/307 656/655/232
f 656/655/232 658/657/233 411/412/308
f 451/450/341 411/412/308 658/657/233
f 658/657/233 660/659/485 451/450/341
f 447/446/337 451/450/341 660/659/485
f 660/659/485 662/661/486 447/446/337
f 406/403/301 447/446/337 662/661/486
f 662/661/486 664/663/487 406/403/301
f 403/404/302 406/403/301 664/663/487
f 664/663/487 666/665/488 403/404/302
f 564/564/432 403/404/302 666/665/488
f 666/665/488 668/667/242 564/564/432
f 561/562/430 564/564/432 668/667/242
f 668/667/242 670/669/243 561/562/430
f 562/559/428 561/562/430 670/669/243
f 670/669/243 672/671/245 562/559/428
s 9
f 558/555/424 557/558/427 673/674/489
f 673/674/489 676/673/247 558/555/424
f 572/573/440 558/555/424 676/673/247
f 676/673/247 678/677/249 572/573/440
f 573/574/441 572/573/440 678/677/249
f 678/677/249 680/679/250 573/574/441
f 583/582/447 573/574/441 680/679/250
f 680/679/250 682/681/251 583/582/447
s 2
f 585/585/450 587/587/447 683/684/252
f 683/684/252 686/683/253 585/585/450
f 570/570/437 585/585/450 686/683/253
f 686/683/253 688/687/254 570/570/437
f 368/369/281 570/570/437 688/687/254
f 688/687/254 690/689/491 368/369/281
f 369/370/282 368/369/281 690/689/491
f 690/689/491 692/691/493 369/370/282
f 436/437/331 369/370/282 692/691/493
f 692/691/493 694/693/494 436/437/331
f 441/442/335 436/437/331 694/693/494
f 694/693/494 696/695/261 441/442/335
f 454/455/345 441/442/335 696/695/261
f 696/695/261 698/697/262 454/455/345
f 422/423/318 454/455/345 698/697/262
f 698/697/262 700/699/263 422/423/318
f 423/424/319 422/423/318 700/699/263
f 700/699/263 702/701/495 423/424/319
f 431/432/326 423/424/319 702/701/495
f 702/701/495 704/703/265 431/432/326
f 460/461/350 431/432/326 704/703/265
f 704/703/265 706/705/266 460/461/350
f 461/462/351 460/461/350 706/705/266
f 706/705/266 708/707/267 461/462/351
f 609/610/467 461/462/351 708/707/267
f 708/707/267 710/709/269 609/610/467
f 610/607/466 609/610/467 710/709/269
f 710/709/269 712/711/270 610/607/466
f 510/511/388 610/607/466 712/711/270
f 712/711/270 714/713/271 510/511/388
f 511/512/389 510/511/388 714/713/271
f 714/713/271 716/715/272 511/512/389
f 533/534/408 511/512/389 716/715/272
f 716/715/272 718/717/271 533/534/408
f 534/535/409 533/534/408 718/717/271
f 718/717/271 720/719/273 534/535/409
f 542/541/412 534/535/409 720/719/273
f 720/719/273 619/620/207 542/541/412
f 358/358/272 360/360/273 719/720/273
f 719/720/273 717/718/272 358/358/272
f 360/360/273 262/259/206 620/621/206
f 620/621/206 719/720/273 360/360/273
f 262/259/206 261/262/209 621/622/209
f 621/622/209 620/621/206 262/259/206
f 261/262/209 264/264/211 623/624/477
f 623/624/477 621/622/209 261/262/209
f 264/264/211 266/266/213 625/626/478
f 625/626/478 623/624/477 264/264/211
f 266/266/213 268/268/215 627/628/215
f 627/628/215 625/626/478 266/266/213
f 268/268/215 270/270/216 629/630/216
f 629/630/216 627/628/215 268/268/215
s 3
f 274/271/216 273/274/218 633/634/218
f 633/634/218 632/633/216 274/271/216
f 273/274/218 276/276/219 635/636/221
f 635/636/221 633/634/218 273/274/218
s 0
f 276/276/221 278/278/221 637/638/221
f 637/638/481 635/636/481 276/276/481
s 3
f 278/278/221 280/280/222 639/640/222
f 639/640/222 637/638/481 278/278/221
f 280/280/222 282/282/223 641/642/223
f 641/642/223 639/640/222 280/280/222
f 282/282/223 284/284/224 643/644/224
f 643/644/224 641/642/223 282/282/223
f 284/284/224 286/286/225 645/646/482
f 645/646/482 643/644/224 284/284/224
f 286/286/225 288/288/226 647/648/226
f 647/648/226 645/646/482 286/286/225
f 288/288/226 290/290/228 649/650/228
f 649/650/228 647/648/226 288/288/226
f 290/290/228 292/292/230 651/652/230
f 651/652/230 649/650/228 290/290/228
f 292/292/230 294/294/231 653/654/231
f 653/654/231 651/652/230 292/292/230
f 294/294/231 296/296/232 655/656/232
f 655/656/232 653/654/231 294/294/231
f 296/296/232 298/298/234 657/658/484
f 657/658/484 655/656/232 296/296/232
f 298/298/234 300/300/236 659/660/236
f 659/660/236 657/658/484 298/298/234
f 300/300/236 302/302/237 661/662/237
f 661/662/237 659/660/236 300/300/236
f 302/302/237 304/304/238 663/664/238
f 663/664/238 661/662/237 302/302/237
f 304/304/238 306/306/240 665/666/239
f 665/666/239 663/664/238 304/304/238
f 306/306/240 308/308/242 667/668/242
f 667/668/242 665/666/239 306/306/240
f 308/308/242 310/310/244 669/670/243
f 669/670/243 667/668/242 308/308/242
f 310/310/244 312/312/245 671/672/246
f 671/672/246 669/670/243 310/310/244
s 9
f 316/313/246 315/316/248 675/676/247
f 675/676/247 674/675/246 316/313/246
f 315/316/248 318/318/249 677/678/490
f 677/678/490 675/676/247 315/316/248
f 318/318/249 320/320/250 679/680/250
f 679/680/250 677/678/490 318/318/249
f 320/320/250 322/322/251 681/682/251
f 681/682/251 679/680/250 320/320/250
s 2
f 326/323/252 325/326/253 685/686/253
f 685/686/253 684/685/252 326/323/252
f 325/326/253 328/328/254 687/688/254
f 687/688/254 685/686/253 325/326/253
f 328/328/254 330/330/256 689/690/492
f 689/690/492 687/688/254 328/328/254
f 330/330/256 332/332/258 691/692/258
f 691/692/258 689/690/492 330/330/256
f 332/332/258 334/334/259 693/694/259
f 693/694/259 691/692/258 332/332/258
f 334/334/259 336/336/261 695/696/260
f 695/696/260 693/694/259 334/334/259
f 336/336/261 338/338/262 697/698/262
f 697/698/262 695/696/260 336/336/261
f 338/338/262 340/340/263 699/700/263
f 699/700/263 697/698/262 338/338/262
f 340/340/263 342/342/264 701/702/264
f 701/702/264 699/700/263 340/340/263
f 342/342/264 344/344/265 703/704/265
f 703/704/265 701/702/264 342/342/264
f 344/344/265 346/346/266 705/706/266
f 705/706/266 703/704/265 344/344/265
f 346/346/266 348/348/268 707/708/267
f 707/708/267 705/706/266 346/346/266
f 348/348/268 350/350/269 709/710/269
f 709/710/269 707/708/267 348/348/268
f 350/350/269 352/352/270 711/712/270
f 711/712/270 709/710/269 350/350/269
f 352/352/270 354/354/271 713/714/271
f 713/714/271 711/712/270 352/352/270
s 0
f 354/354/272 356/356/272 715/716/272
f 715/716/272 713/714/272 354/354/272
f 356/356/272 358/358/272 717/718/272
f 717/718/272 715/716/272 356/356/272
s 75
f 724/721/275 721/722/274 722/723/276
f 722/723/276 723/724/496 724/721/275
f 723/724/496 722/723/276 725/725/497
f 725/725/497 726/726/498 723/724/496
f 726/726/498 725/725/497 727/727/499
f 727/727/499 728/728/282 726/726/498
f 732/729/500 729/730/284 730/731/285
f 730/731/285 731/732/501 732/729/500
f 731/732/501 730/731/285 733/733/287
f 733/733/287 734/734/288 731/732/501
f 734/734/288 733/733/287 735/735/502
f 735/735/502 736/736/503 734/734/288
f 740/737/295 737/738/294 738/739/294
f 738/739/294 739/740/295 740/737/295
s 0
f 744/741/294 741/742/294 742/743/294
s 75
f 742/743/294 743/744/504 744/741/296
f 748/745/296 745/746/294 746/747/294
f 746/747/294 747/748/504 748/745/296
f 743/744/504 742/743/294 749/749/294
f 749/749/294 750/750/295 743/744/504
f 754/751/505 751/752/294 752/753/294
f 752/753/294 753/754/297 754/751/505
f 754/751/505 739/740/295 738/739/294
f 738/739/294 751/752/294 754/751/505
s 0
f 747/748/298 746/747/294 741/742/294
f 741/742/294 744/741/294 747/748/294
s 75
f 756/755/293 755/756/294 737/738/294
f 737/738/294 740/737/295 756/755/293
f 756/755/293 750/750/295 749/749/294
f 749/749/294 755/756/294 756/755/293
f 758/757/299 757/758/300 748/745/296
f 748/745/296 747/748/504 758/757/299
f 762/759/506 759/760/507 760/761/303
f 760/761/303 761/762/304 762/759/506
f 761/762/304 760/761/303 757/758/300
f 757/758/300 758/757/299 761/762/304
f 766/763/311 763/764/306 764/765/508
f 764/765/508 765/766/509 766/763/311
f 750/750/295 756/755/293 767/767/309
f 767/767/309 768/768/510 750/750/295
f 768/768/510 767/767/309 763/764/306
f 763/764/306 766/763/311 768/768/510
f 770/769/312 764/765/508 763/764/306
f 763/764/306 769/770/511 770/769/312
f 769/770/511 763/764/306 767/767/309
f 767/767/309 771/771/315 769/770/511
f 771/771/315 767/767/309 756/755/293
f 756/755/293 740/737/295 771/771/315
f 775/772/324 772/773/323 773/774/512
f 773/774/512 774/775/319 775/772/324
f 779/776/320 776/777/274 777/778/321
f 777/778/321 778/779/513 779/776/320
f 778/779/513 777/778/321 772/773/323
f 772/773/323 775/772/324 778/779/513
f 781/780/514 775/772/324 774/775/319
f 774/775/319 780/781/515 781/780/514
f 783/782/327 779/776/320 778/779/513
f 778/779/513 782/783/328 783/782/327
f 782/783/328 778/779/513 775/772/324
f 775/772/324 781/780/514 782/783/328
f 785/784/333 726/726/498 728/728/282
f 728/728/282 784/785/516 785/784/333
f 787/786/274 724/721/275 723/724/496
f 723/724/496 786/787/332 787/786/274
f 786/787/332 723/724/496 726/726/498
f 726/726/498 785/784/333 786/787/332
f 789/788/334 785/784/333 784/785/516
f 784/785/516 788/789/335 789/788/334
f 791/790/275 787/786/274 786/787/332
f 786/787/332 790/791/336 791/790/275
f 790/791/336 786/787/332 785/784/333
f 785/784/333 789/788/334 790/791/336
f 793/792/337 762/759/506 761/762/304
f 761/762/304 792/793/339 793/792/337
f 792/793/339 761/762/304 758/757/299
f 758/757/299 794/794/340 792/793/339
f 794/794/340 758/757/299 747/748/504
f 747/748/504 744/741/296 794/794/340
f 796/795/517 793/792/337 792/793/339
f 792/793/339 795/796/518 796/795/517
f 795/796/518 792/793/339 794/794/340
f 794/794/340 797/797/343 795/796/518
f 797/797/343 794/794/340 744/741/296
f 744/741/296 743/744/504 797/797/343
f 765/766/509 796/795/517 795/796/518
f 795/796/518 766/763/311 765/766/509
f 766/763/311 795/796/518 797/797/343
f 797/797/343 768/768/510 766/763/311
f 768/768/510 797/797/343 743/744/504
f 743/744/504 750/750/295 768/768/510
f 799/798/519 789/788/334 788/789/335
f 788/789/335 798/799/520 799/798/519
f 801/800/346 791/790/275 790/791/336
f 790/791/336 800/801/347 801/800/346
f 800/801/347 790/791/336 789/788/334
f 789/788/334 799/798/519 800/801/347
f 798/799/520 773/774/512 772/773/323
f 772/773/323 799/798/519 798/799/520
f 799/798/519 772/773/323 777/778/321
f 777/778/321 800/801/347 799/798/519
f 800/801/347 777/778/321 776/777/274
f 776/777/274 801/800/346 800/801/347
f 805/802/348 802/803/349 803/804/521
f 803/804/521 804/805/351 805/802/348
f 809/806/352 806/807/352 807/808/353
f 807/808/353 808/809/354 809/806/352
f 808/809/354 807/808/353 802/803/349
f 802/803/349 805/802/348 808/809/354
f 813/810/355 810/811/356 811/812/522
f 811/812/522 812/813/523 813/810/355
f 739/740/295 754/751/505 814/814/359
f 814/814/359 815/815/360 739/740/295
f 815/815/360 814/814/359 810/811/356
f 810/811/356 813/810/355 815/815/360
f 817/816/524 811/812/522 810/811/356
f 810/811/356 816/817/362 817/816/524
f 816/817/362 810/811/356 814/814/359
f 814/814/359 818/818/525 816/817/362
f 818/818/525 814/814/359 754/751/505
f 754/751/505 753/754/297 818/818/525
f 822/819/364 819/820/365 820/821/366
f 820/821/366 821/822/526 822/819/364
f 821/822/526 820/821/366 823/823/368
f 823/823/368 824/824/527 821/822/526
f 824/824/527 823/823/368 825/825/370
f 825/825/370 826/826/370 824/824/527
f 780/781/515 803/804/521 802/803/349
f 802/803/349 781/780/514 780/781/515
f 781/780/514 802/803/349 807/808/353
f 807/808/353 782/783/328 781/780/514
f 782/783/328 807/808/353 806/807/352
f 806/807/352 783/782/327 782/783/328
f 812/813/523 770/769/312 769/770/511
f 769/770/511 813/810/355 812/813/523
f 813/810/355 769/770/511 771/771/315
f 771/771/315 815/815/360 813/810/355
f 815/815/360 771/771/315 740/737/295
f 740/737/295 739/740/295 815/815/360
f 830/827/528 827/828/372 828/829/373
f 828/829/373 829/830/529 830/827/528
f 832/831/375 830/827/528 829/830/529
f 829/830/529 831/832/376 832/831/375
f 832/831/375 831/832/376 833/833/530
f 833/833/530 834/834/379 832/831/375
f 836/835/382 832/831/375 834/834/379
f 834/834/379 835/836/531 836/835/382
f 836/835/382 835/836/531 837/837/532
f 837/837/532 838/838/533 836/835/382
f 830/827/528 836/835/382 838/838/533
f 838/838/533 827/828/372 830/827/528
f 830/827/528 832/831/375 836/835/382
f 842/839/534 839/840/387 840/841/535
f 840/841/535 841/842/536 842/839/534
f 844/843/390 843/844/391 839/840/387
f 839/840/387 842/839/534 844/843/390
f 846/845/393 845/846/394 843/844/391
f 843/844/391 844/843/390 846/845/393
s 0
f 848/847/294 845/846/294 846/845/294
f 846/845/294 847/848/294 848/847/294
s 75
f 852/849/537 849/850/538 850/851/397
f 850/851/397 851/852/398 852/849/537
f 851/852/398 850/851/397 853/853/539
f 853/853/539 854/854/400 851/852/398
f 854/854/400 853/853/539 855/855/401
f 855/855/401 856/856/402 854/854/400
f 833/833/530 831/832/376 857/857/405
f 857/857/405 858/858/540 833/833/530
f 828/829/373 856/856/402 855/855/401
f 855/855/401 829/830/529 828/829/373
f 831/832/376 829/830/529 855/855/401
f 855/855/401 857/857/405 831/832/376
f 862/859/406 859/860/541 860/861/542
f 860/861/542 861/862/543 862/859/406
f 849/850/538 863/863/410 859/860/541
f 859/860/541 862/859/406 849/850/538
f 852/849/537 864/864/544 863/863/410
f 863/863/410 849/850/538 852/849/537
f 847/848/294 846/845/393 864/864/544
f 864/864/544 865/865/294 847/848/294
f 867/866/545 866/867/546 862/859/406
f 862/859/406 861/862/543 867/866/545
f 858/858/540 857/857/405 868/868/547
f 868/868/547 869/869/415 858/858/540
f 869/869/415 868/868/547 866/867/546
f 866/867/546 867/866/545 869/869/415
f 849/850/538 862/859/406 866/867/546
f 866/867/546 850/851/397 849/850/538
f 850/851/397 866/867/546 868/868/547
f 868/868/547 853/853/539 850/851/397
f 853/853/539 868/868/547 857/857/405
f 857/857/405 855/855/401 853/853/539
f 873/870/548 870/871/549 871/872/550
f 871/872/550 872/873/419 873/870/548
f 872/873/419 871/872/550 874/874/420
f 874/874/420 875/875/421 872/873/419
f 875/875/421 874/874/420 876/876/551
f 876/876/551 877/877/552 875/875/421
f 881/878/553 878/879/425 879/880/455
f 879/880/455 880/881/554 881/878/553
f 880/881/554 879/880/455 882/882/429
f 882/882/429 883/883/555 880/881/554
f 883/883/555 882/882/429 884/884/431
f 884/884/431 885/885/556 883/883/555
f 759/760/507 885/885/556 884/884/431
f 884/884/431 760/761/303 759/760/507
f 760/761/303 884/884/431 886/886/434
f 886/886/434 757/758/300 760/761/303
f 757/758/300 886/886/434 887/887/435
f 887/887/435 748/745/296 757/758/300
f 721/722/274 877/877/552 876/876/551
f 876/876/551 722/723/276 721/722/274
f 722/723/276 876/876/551 888/888/436
f 888/888/436 725/725/497 722/723/276
f 725/725/497 888/888/436 889/889/557
f 889/889/557 727/727/499 725/725/497
f 893/890/558 890/891/439 891/892/559
f 891/892/559 892/893/560 893/890/558
f 873/870/548 894/894/442 895/895/443
f 895/895/443 870/871/549 873/870/548
f 870/871/549 895/895/443 890/891/439
f 890/891/439 893/890/558 870/871/549
f 898/896/445 896/897/561 897/898/294
f 897/898/294 887/887/435 898/896/445
f 900/899/562 899/900/452 893/890/558
f 893/890/558 892/893/560 900/899/562
f 889/889/557 888/888/436 901/901/563
f 901/901/563 902/902/564 889/889/557
f 902/902/564 901/901/563 899/900/452
f 899/900/452 900/899/562 902/902/564
f 870/871/549 893/890/558 899/900/452
f 899/900/452 871/872/550 870/871/549
f 871/872/550 899/900/452 901/901/563
f 901/901/563 874/874/420 871/872/550
f 874/874/420 901/901/563 888/888/436
f 888/888/436 876/876/551 874/874/420
f 904/903/454 879/880/455 878/879/425
f 878/879/425 903/904/565 904/903/454
f 886/886/434 884/884/431 882/882/429
f 882/882/429 905/905/457 886/886/434
f 905/905/457 882/882/429 879/880/455
f 879/880/455 904/903/454 905/905/457
f 896/897/561 904/903/454 903/904/565
f 903/904/565 906/906/458 896/897/561
f 887/887/435 886/886/434 905/905/457
f 905/905/457 898/896/445 887/887/435
f 898/896/445 905/905/457 904/903/454
f 904/903/454 896/897/561 898/896/445
f 910/907/459 907/908/294 908/909/294
f 908/909/294 909/910/460 910/907/459
f 914/911/461 911/912/394 912/913/462
f 912/913/462 913/914/463 914/911/461
f 916/915/464 914/911/461 913/914/463
f 913/914/463 915/916/465 916/915/464
f 918/917/566 916/915/464 915/916/465
f 915/916/465 917/918/467 918/917/566
f 922/919/567 919/920/474 920/921/568
f 920/921/568 921/922/569 922/919/567
f 924/923/472 920/921/568 919/920/474
f 919/920/474 923/924/570 924/923/472
f 909/910/460 924/923/472 923/924/570
f 923/924/570 910/907/459 909/910/460
s 0
f 753/754/294 752/753/294 907/908/294
s 75
f 907/908/294 910/907/459 753/754/297
f 825/825/370 909/910/460 908/909/294
s 0
f 908/909/294 848/847/294 825/825/294
s 75
f 915/916/465 805/802/348 804/805/351
f 804/805/351 917/918/467 915/916/465
f 912/913/462 809/806/352 808/809/354
f 808/809/354 913/914/463 912/913/462
f 913/914/463 808/809/354 805/802/348
f 805/802/348 915/916/465 913/914/463
f 839/840/387 916/915/464 918/917/566
f 918/917/566 840/841/535 839/840/387
f 845/846/394 911/912/394 914/911/461
f 914/911/461 843/844/391 845/846/394
f 843/844/391 914/911/461 916/915/464
f 916/915/464 839/840/387 843/844/391
f 922/919/567 817/816/524 816/817/362
f 816/817/362 919/920/474 922/919/567
f 919/920/474 816/817/362 818/818/525
f 818/818/525 923/924/570 919/920/474
f 923/924/570 818/818/525 753/754/297
f 753/754/297 910/907/459 923/924/570
f 819/820/365 921/922/569 920/921/568
f 920/921/568 820/821/366 819/820/365
f 820/821/366 920/921/568 924/923/472
f 924/923/472 823/823/368 820/821/366
f 823/823/368 924/923/472 909/910/460
f 909/910/460 825/825/370 823/823/368
f 821/822/526 734/734/288 736/736/503
f 736/736/503 822/819/364 821/822/526
f 824/824/527 731/732/501 734/734/288
f 734/734/288 821/822/526 824/824/527
f 826/826/370 732/729/500 731/732/501
f 731/732/501 824/824/527 826/826/370
f 729/730/284 828/829/373 827/828/372
f 827/828/372 730/731/285 729/730/284
f 730/731/285 827/828/372 838/838/533
f 838/838/533 733/733/287 730/731/285
f 733/733/287 838/838/533 837/837/532
f 837/837/532 735/735/502 733/733/287
f 864/864/544 846/845/393 844/843/390
f 844/843/390 863/863/410 864/864/544
f 863/863/410 844/843/390 842/839/534
f 842/839/534 859/860/541 863/863/410
f 859/860/541 842/839/534 841/842/536
f 841/842/536 860/861/542 859/860/541
f 852/849/537 851/852/398 865/865/294
f 865/865/294 864/864/544 852/849/537
f 828/829/373 729/730/284 865/865/294
f 865/865/294 856/856/402 828/829/373
f 854/854/400 856/856/402 865/865/294
f 865/865/294 851/852/398 854/854/400
f 729/730/284 732/729/500 847/848/294
s 0
f 847/848/294 865/865/294 729/730/294
s 75
f 847/848/294 732/729/500 826/826/370
f 745/746/294 721/722/274 724/721/275
f 724/721/275 746/747/294 745/746/294
f 746/747/294 724/721/275 787/786/274
s 0
f 787/786/294 741/742/294 746/747/294
s 75
f 741/742/294 787/786/274 791/790/275
f 791/790/275 742/743/294 741/742/294
f 742/743/294 791/790/275 801/800/346
f 801/800/346 749/749/294 742/743/294
s 0
f 776/777/294 755/756/294 749/749/294
s 75
f 749/749/294 801/800/346 776/777/274
s 0
f 755/756/294 776/777/294 779/776/294
f 779/776/294 737/738/294 755/756/294
f 737/738/294 779/776/294 783/782/294
f 783/782/294 738/739/294 737/738/294
f 806/807/476 751/752/294 738/739/294
f 738/739/294 783/782/294 806/807/294
f 751/752/294 806/807/294 809/806/294
f 809/806/294 752/753/294 751/752/294
f 752/753/294 809/806/294 912/913/294
f 912/913/462 907/908/294 752/753/294
f 907/908/294 912/913/294 911/912/294
f 911/912/294 908/909/294 907/908/294
f 845/846/294 848/847/294 908/909/294
f 908/909/294 911/912/462 845/846/462
f 825/825/294 848/847/294 847/848/294
f 847/848/294 826/826/370 825/825/370
s 75
f 894/894/442 906/906/458 903/904/565
f 903/904/565 895/895/443 894/894/442
f 895/895/443 903/904/565 878/879/425
f 878/879/425 890/891/439 895/895/443
f 890/891/439 878/879/425 881/878/553
f 881/878/553 891/892/559 890/891/439
f 875/875/421 877/877/552 897/898/294
f 897/898/294 872/873/419 875/875/421
f 721/722/274 745/746/294 897/898/294
f 897/898/294 877/877/552 721/722/274
f 748/745/296 887/887/435 897/898/294
f 897/898/294 745/746/294 748/745/296
f 896/897/561 906/906/458 894/894/442
f 894/894/442 897/898/294 896/897/561
f 873/870/548 872/873/419 897/898/294
f 897/898/294 894/894/442 873/870/548
s 102
f 928/925/209 925/926/207 926/927/206
f 926/927/206 927/928/209 928/925/209
f 930/929/211 928/925/209 927/928/209
f 927/928/209 929/930/211 930/929/211
f 932/931/213 930/929/211 929/930/211
f 929/930/211 931/932/213 932/931/213
f 934/933/214 932/931/213 931/932/213
f 931/932/213 933/934/214 934/933/214
f 936/935/216 934/933/214 933/934/214
f 933/934/214 935/936/216 936/935/216
s 103
f 940/937/218 937/938/216 938/939/216
f 938/939/216 939/940/218 940/937/218
f 942/941/571 940/937/218 939/940/218
f 939/940/218 941/942/481 942/941/571
s 0
f 944/943/221 942/941/221 941/942/221
f 941/942/219 943/944/219 944/943/219
s 103
f 946/945/222 944/943/221 943/944/481
f 943/944/481 945/946/222 946/945/222
f 948/947/223 946/945/222 945/946/222
f 945/946/222 947/948/223 948/947/223
f 950/949/224 948/947/223 947/948/223
f 947/948/223 949/950/224 950/949/224
f 952/951/482 950/949/224 949/950/224
f 949/950/224 951/952/482 952/951/482
f 954/953/226 952/951/482 951/952/482
f 951/952/482 953/954/226 954/953/226
f 956/955/572 954/953/226 953/954/226
f 953/954/226 955/956/228 956/955/572
f 958/957/230 956/955/572 955/956/228
f 955/956/228 957/958/230 958/957/230
f 960/959/231 958/957/230 957/958/230
f 957/958/230 959/960/231 960/959/231
f 962/961/573 960/959/231 959/960/231
f 959/960/231 961/962/573 962/961/573
f 964/963/234 962/961/573 961/962/573
f 961/962/573 963/964/574 964/963/234
f 966/965/235 964/963/234 963/964/574
f 963/964/574 965/966/575 966/965/235
f 968/967/237 966/965/235 965/966/575
f 965/966/575 967/968/237 968/967/237
f 970/969/576 968/967/237 967/968/237
f 967/968/237 969/970/238 970/969/576
f 972/971/577 970/969/576 969/970/238
f 969/970/238 971/972/488 972/971/577
f 974/973/242 972/971/577 971/972/488
f 971/972/488 973/974/242 974/973/242
f 976/975/243 974/973/242 973/974/242
f 973/974/242 975/976/243 976/975/243
f 978/977/245 976/975/243 975/976/243
f 975/976/243 977/978/245 978/977/245
s 106
f 982/979/247 979/980/246 980/981/246
f 980/981/246 981/982/247 982/979/247
f 984/983/249 982/979/247 981/982/247
f 981/982/247 983/984/249 984/983/249
f 986/985/250 984/983/249 983/984/249
f 983/984/249 985/986/250 986/985/250
f 988/987/252 986/985/250 985/986/250
f 985/986/250 987/988/252 988/987/252
f 990/989/578 988/987/252 987/988/252
f 987/988/252 989/990/253 990/989/578
s 102
f 994/991/254 991/992/253 992/993/253
f 992/993/253 993/994/254 994/991/254
f 996/995/579 994/991/254 993/994/254
f 993/994/254 995/996/256 996/995/579
f 998/997/258 996/995/579 995/996/256
f 995/996/256 997/998/258 998/997/258
f 1000/999/259 998/997/258 997/998/258
f 997/998/258 999/1000/259 1000/999/259
f 1002/1001/580 1000/999/259 999/1000/259
f 999/1000/259 1001/1002/260 1002/1001/580
f 1004/1003/262 1002/1001/580 1001/1002/260
f 1001/1002/260 1003/1004/262 1004/1003/262
f 1006/1005/263 1004/1003/262 1003/1004/262
f 1003/1004/262 1005/1006/263 1006/1005/263
f 1008/1007/581 1006/1005/263 1005/1006/263
f 1005/1006/263 1007/1008/264 1008/1007/581
f 1010/1009/265 1008/1007/581 1007/1008/264
f 1007/1008/264 1009/1010/265 1010/1009/265
f 1012/1011/582 1010/1009/265 1009/1010/265
f 1009/1010/265 1011/1012/266 1012/1011/582
f 1014/1013/267 1012/1011/582 1011/1012/266
f 1011/1012/266 1013/1014/267 1014/1013/267
f 1016/1015/269 1014/1013/267 1013/1014/267
f 1013/1014/267 1015/1016/269 1016/1015/269
f 1018/1017/583 1016/1015/269 1015/1016/269
f 1015/1016/269 1017/1018/583 1018/1017/583
f 1020/1019/272 1018/1017/583 1017/1018/583
f 1017/1018/583 1019/1020/271 1020/1019/272
s 0
f 1022/1021/272 1020/1019/272 1019/1020/272
f 1019/1020/271 1021/1022/271 1022/1021/271
f 1024/1023/272 1022/1021/272 1021/1022/272
f 1021/1022/272 1023/1024/272 1024/1023/272
s 102
f 1026/1025/273 1024/1023/271 1023/1024/272
f 1023/1024/272 1025/1026/273 1026/1025/273
f 925/926/207 1026/1025/273 1025/1026/273
f 1025/1026/273 926/927/206 925/926/207
f 1028/1027/584 1027/1028/585 925/926/207
f 925/926/207 928/925/209 1028/1027/584
f 1029/1029/540 1028/1027/584 928/925/209
f 928/925/209 930/929/211 1029/1029/540
f 1030/1030/586 1029/1029/540 930/929/211
f 930/929/211 932/931/213 1030/1030/586
f 1031/1031/587 1030/1030/586 932/931/213
f 932/931/213 934/933/214 1031/1031/587
f 1032/1032/588 1031/1031/587 934/933/214
f 934/933/214 936/935/216 1032/1032/588
s 103
f 1034/1033/384 1033/1034/588 937/938/216
f 937/938/216 940/937/218 1034/1033/384
f 1035/1035/589 1034/1033/384 940/937/218
f 940/937/218 942/941/571 1035/1035/589
f 1036/1036/590 1035/1035/589 942/941/571
f 942/941/571 944/943/221 1036/1036/590
f 1037/1037/591 1036/1036/590 944/943/221
f 944/943/221 946/945/222 1037/1037/591
f 1038/1038/592 1037/1037/591 946/945/222
f 946/945/222 948/947/223 1038/1038/592
f 1039/1039/569 1038/1038/592 948/947/223
f 948/947/223 950/949/224 1039/1039/569
f 1040/1040/567 1039/1039/569 950/949/224
f 950/949/224 952/951/482 1040/1040/567
f 1041/1041/593 1040/1040/567 952/951/482
f 952/951/482 954/953/226 1041/1041/593
f 1042/1042/522 1041/1041/593 954/953/226
f 954/953/226 956/955/572 1042/1042/522
f 1043/1043/594 1042/1042/522 956/955/572
f 956/955/572 958/957/230 1043/1043/594
f 1044/1044/595 1043/1043/594 958/957/230
f 958/957/230 960/959/231 1044/1044/595
f 1045/1045/596 1044/1044/595 960/959/231
f 960/959/231 962/961/573 1045/1045/596
f 1046/1046/597 1045/1045/596 962/961/573
f 962/961/573 964/963/234 1046/1046/597
f 1047/1047/598 1046/1046/597 964/963/234
f 964/963/234 966/965/235 1047/1047/598
f 1048/1048/599 1047/1047/598 966/965/235
f 966/965/235 968/967/237 1048/1048/599
f 1049/1049/600 1048/1048/599 968/967/237
f 968/967/237 970/969/576 1049/1049/600
f 1050/1050/601 1049/1049/600 970/969/576
f 970/969/576 972/971/577 1050/1050/601
f 1051/1051/602 1050/1050/601 972/971/577
f 972/971/577 974/973/242 1051/1051/602
f 1052/1052/603 1051/1051/602 974/973/242
f 974/973/242 976/975/243 1052/1052/603
f 1053/1053/604 1052/1052/603 976/975/243
f 976/975/243 978/977/245 1053/1053/604
s 106
f 1055/1054/553 1054/1055/554 979/980/246
f 979/980/246 982/979/247 1055/1054/553
f 1056/1056/605 1055/1054/553 982/979/247
f 982/979/247 984/983/249 1056/1056/605
f 1057/1057/441 1056/1056/605 984/983/249
f 984/983/249 986/985/250 1057/1057/441
f 1058/1058/606 1057/1057/441 986/985/250
f 986/985/250 988/987/252 1058/1058/606
f 1059/1059/607 1058/1058/606 988/987/252
f 988/987/252 990/989/578 1059/1059/607
s 102
f 1061/1060/608 1060/1061/609 991/992/253
f 991/992/253 994/991/254 1061/1060/608
f 1062/1062/610 1061/1060/608 994/991/254
f 994/991/254 996/995/579 1062/1062/610
f 1063/1063/611 1062/1062/610 996/995/579
f 996/995/579 998/997/258 1063/1063/611
f 1064/1064/612 1063/1063/611 998/997/258
f 998/997/258 1000/999/259 1064/1064/612
f 1065/1065/613 1064/1064/612 1000/999/259
f 1000/999/259 1002/1001/580 1065/1065/613
f 1066/1066/520 1065/1065/613 1002/1001/580
f 1002/1001/580 1004/1003/262 1066/1066/520
f 1067/1067/614 1066/1066/520 1004/1003/262
f 1004/1003/262 1006/1005/263 1067/1067/614
f 1068/1068/615 1067/1067/614 1006/1005/263
f 1006/1005/263 1008/1007/581 1068/1068/615
f 1069/1069/616 1068/1068/615 1008/1007/581
f 1008/1007/581 1010/1009/265 1069/1069/616
f 1070/1070/617 1069/1069/616 1010/1009/265
f 1010/1009/265 1012/1011/582 1070/1070/617
f 1071/1071/618 1070/1070/617 1012/1011/582
f 1012/1011/582 1014/1013/267 1071/1071/618
f 1072/1072/619 1071/1071/618 1014/1013/267
f 1014/1013/267 1016/1015/269 1072/1072/619
f 1073/1073/620 1072/1072/619 1016/1015/269
f 1016/1015/269 1018/1017/583 1073/1073/620
f 1074/1074/621 1073/1073/620 1018/1017/583
f 1018/1017/583 1020/1019/272 1074/1074/621
f 1075/1075/536 1074/1074/621 1020/1019/272
f 1020/1019/272 1022/1021/271 1075/1075/536
f 1076/1076/622 1075/1075/536 1022/1021/271
f 1022/1021/271 1024/1023/271 1076/1076/622
f 1077/1077/543 1076/1076/622 1024/1023/271
f 1024/1023/271 1026/1025/273 1077/1077/543
f 1027/1028/585 1077/1077/543 1026/1025/273
f 1026/1025/273 925/926/207 1027/1028/585
s 111
f 1081/1078/1 1078/1079/2 1079/1080/2
f 1079/1080/2 1080/1081/623 1081/1078/1
f 1083/1082/7 1081/1078/1 1080/1081/623
f 1080/1081/623 1082/1083/624 1083/1082/7
f 1085/1084/625 1083/1082/7 1082/1083/624
f 1082/1083/624 1084/1085/8 1085/1084/625
f 1089/1086/626 1086/1087/10 1087/1088/11
f 1087/1088/11 1088/1089/627 1089/1086/626
f 1091/1090/628 1089/1086/626 1088/1089/627
f 1088/1089/627 1090/1091/629 1091/1090/628
f 1093/1092/630 1091/1090/628 1090/1091/629
f 1090/1091/629 1092/1093/631 1093/1092/630
f 1097/1094/18 1094/1095/18 1095/1096/19
f 1095/1096/19 1096/1097/20 1097/1094/18
s 0
f 1101/1098/18 1098/1099/18 1099/1100/18
s 111
f 1099/1100/21 1100/1101/21 1101/1098/18
f 1105/1102/18 1102/1103/18 1103/1104/22
f 1103/1104/22 1104/1105/21 1105/1102/18
f 1107/1106/18 1101/1098/18 1100/1101/21
f 1100/1101/21 1106/1107/23 1107/1106/18
f 1111/1108/18 1108/1109/18 1109/1110/20
f 1109/1110/20 1110/1111/23 1111/1108/18
f 1097/1094/18 1096/1097/20 1109/1110/20
f 1109/1110/20 1108/1109/18 1097/1094/18
s 0
f 1098/1099/18 1105/1102/18 1104/1105/18
f 1104/1105/18 1099/1100/18 1098/1099/18
s 111
f 1094/1095/18 1112/1112/18 1113/1113/20
f 1113/1113/20 1095/1096/19 1094/1095/18
f 1107/1106/18 1106/1107/23 1113/1113/20
f 1113/1113/20 1112/1112/18 1107/1106/18
f 1103/1104/22 1114/1114/24 1115/1115/25
f 1115/1115/25 1104/1105/21 1103/1104/22
f 1119/1116/632 1116/1117/633 1117/1118/28
f 1117/1118/28 1118/1119/29 1119/1116/632
f 1114/1114/24 1119/1116/632 1118/1119/29
f 1118/1119/29 1115/1115/25 1114/1114/24
f 1123/1120/634 1120/1121/31 1121/1122/32
f 1121/1122/32 1122/1123/635 1123/1120/634
f 1125/1124/636 1113/1113/20 1106/1107/23
f 1106/1107/23 1124/1125/35 1125/1124/636
f 1120/1121/31 1125/1124/636 1124/1125/35
f 1124/1125/35 1121/1122/32 1120/1121/31
f 1120/1121/31 1123/1120/634 1126/1126/37
f 1126/1126/37 1127/1127/637 1120/1121/31
f 1125/1124/636 1120/1121/31 1127/1127/637
f 1127/1127/637 1128/1128/638 1125/1124/636
f 1113/1113/20 1125/1124/636 1128/1128/638
f 1128/1128/638 1095/1096/19 1113/1113/20
f 1132/1129/41 1129/1130/42 1130/1131/43
f 1130/1131/43 1131/1132/44 1132/1129/41
f 1136/1133/639 1133/1134/2 1134/1135/47
f 1134/1135/47 1135/1136/640 1136/1133/639
f 1129/1130/42 1136/1133/639 1135/1136/640
f 1135/1136/640 1130/1131/43 1129/1130/42
f 1131/1132/44 1130/1131/43 1137/1137/50
f 1137/1137/50 1138/1138/641 1131/1132/44
f 1135/1136/640 1134/1135/47 1139/1139/52
f 1139/1139/52 1140/1140/53 1135/1136/640
f 1130/1131/43 1135/1136/640 1140/1140/53
f 1140/1140/53 1137/1137/50 1130/1131/43
f 1084/1085/8 1082/1083/624 1141/1141/642
f 1141/1141/642 1142/1142/56 1084/1085/8
f 1080/1081/623 1079/1080/2 1143/1143/2
f 1143/1143/2 1144/1144/643 1080/1081/623
f 1082/1083/624 1080/1081/623 1144/1144/643
f 1144/1144/643 1141/1141/642 1082/1083/624
f 1142/1142/56 1141/1141/642 1145/1145/58
f 1145/1145/58 1146/1146/59 1142/1142/56
f 1144/1144/643 1143/1143/2 1147/1147/73
f 1147/1147/73 1148/1148/644 1144/1144/643
f 1141/1141/642 1144/1144/643 1148/1148/644
f 1148/1148/644 1145/1145/58 1141/1141/642
f 1118/1119/29 1117/1118/28 1149/1149/63
f 1149/1149/63 1150/1150/645 1118/1119/29
f 1115/1115/25 1118/1119/29 1150/1150/645
f 1150/1150/645 1151/1151/646 1115/1115/25
f 1104/1105/21 1115/1115/25 1151/1151/646
f 1151/1151/646 1099/1100/21 1104/1105/21
f 1150/1150/645 1149/1149/63 1152/1152/647
f 1152/1152/647 1153/1153/68 1150/1150/645
f 1151/1151/646 1150/1150/645 1153/1153/68
f 1153/1153/68 1154/1154/70 1151/1151/646
f 1099/1100/21 1151/1151/646 1154/1154/70
f 1154/1154/70 1100/1101/21 1099/1100/21
f 1153/1153/68 1152/1152/647 1122/1123/635
f 1122/1123/635 1121/1122/32 1153/1153/68
f 1154/1154/70 1153/1153/68 1121/1122/32
f 1121/1122/32 1124/1125/35 1154/1154/70
f 1100/1101/21 1154/1154/70 1124/1125/35
f 1124/1125/35 1106/1107/23 1100/1101/21
f 1146/1146/59 1145/1145/58 1155/1155/648
f 1155/1155/648 1156/1156/649 1146/1146/59
f 1148/1148/644 1147/1147/73 1157/1157/46
f 1157/1157/46 1158/1158/74 1148/1148/644
f 1145/1145/58 1148/1148/644 1158/1158/74
f 1158/1158/74 1155/1155/648 1145/1145/58
f 1129/1130/42 1132/1129/41 1156/1156/649
f 1156/1156/649 1155/1155/648 1129/1130/42
f 1136/1133/639 1129/1130/42 1155/1155/648
f 1155/1155/648 1158/1158/74 1136/1133/639
f 1133/1134/2 1136/1133/639 1158/1158/74
f 1158/1158/74 1157/1157/46 1133/1134/2
f 1162/1159/650 1159/1160/76 1160/1161/77
f 1160/1161/77 1161/1162/78 1162/1159/650
f 1166/1163/651 1163/1164/80 1164/1165/80
f 1164/1165/80 1165/1166/81 1166/1163/651
f 1159/1160/76 1166/1163/651 1165/1166/81
f 1165/1166/81 1160/1161/77 1159/1160/76
f 1170/1167/83 1167/1168/84 1168/1169/85
f 1168/1169/85 1169/1170/652 1170/1167/83
f 1172/1171/87 1109/1110/20 1096/1097/20
f 1096/1097/20 1171/1172/88 1172/1171/87
f 1167/1168/84 1172/1171/87 1171/1172/88
f 1171/1172/88 1168/1169/85 1167/1168/84
f 1167/1168/84 1170/1167/83 1173/1173/90
f 1173/1173/90 1174/1174/91 1167/1168/84
f 1172/1171/87 1167/1168/84 1174/1174/91
f 1174/1174/91 1175/1175/92 1172/1171/87
f 1109/1110/20 1172/1171/87 1175/1175/92
f 1175/1175/92 1110/1111/23 1109/1110/20
f 1179/1176/93 1176/1177/653 1177/1178/95
f 1177/1178/95 1178/1179/96 1179/1176/93
f 1181/1180/97 1179/1176/93 1178/1179/96
f 1178/1179/96 1180/1181/99 1181/1180/97
f 1183/1182/100 1181/1180/97 1180/1181/99
f 1180/1181/99 1182/1183/100 1183/1182/100
f 1159/1160/76 1162/1159/650 1138/1138/641
f 1138/1138/641 1137/1137/50 1159/1160/76
f 1166/1163/651 1159/1160/76 1137/1137/50
f 1137/1137/50 1140/1140/53 1166/1163/651
f 1163/1164/80 1166/1163/651 1140/1140/53
f 1140/1140/53 1139/1139/52 1163/1164/80
f 1127/1127/637 1126/1126/37 1169/1170/652
f 1169/1170/652 1168/1169/85 1127/1127/637
f 1128/1128/638 1127/1127/637 1168/1169/85
f 1168/1169/85 1171/1172/88 1128/1128/638
f 1095/1096/19 1128/1128/638 1171/1172/88
f 1171/1172/88 1096/1097/20 1095/1096/19
f 1187/1184/101 1184/1185/102 1185/1186/103
f 1185/1186/103 1186/1187/104 1187/1184/101
f 1186/1187/104 1185/1186/103 1188/1188/105
f 1188/1188/105 1189/1189/106 1186/1187/104
f 1191/1190/654 1189/1189/106 1188/1188/105
f 1188/1188/105 1190/1191/655 1191/1190/654
f 1190/1191/655 1188/1188/105 1192/1192/110
f 1192/1192/110 1193/1193/656 1190/1191/655
f 1195/1194/657 1193/1193/656 1192/1192/110
f 1192/1192/110 1194/1195/658 1195/1194/657
f 1194/1195/658 1192/1192/110 1185/1186/103
f 1185/1186/103 1184/1185/102 1194/1195/658
f 1185/1186/103 1192/1192/110 1188/1188/105
f 1199/1196/659 1196/1197/116 1197/1198/117
f 1197/1198/117 1198/1199/118 1199/1196/659
f 1196/1197/116 1200/1200/120 1201/1201/121
f 1201/1201/121 1197/1198/117 1196/1197/116
f 1200/1200/120 1202/1202/123 1203/1203/124
f 1203/1203/124 1201/1201/121 1200/1200/120
s 0
f 1203/1203/18 1202/1202/18 1204/1204/18
f 1204/1204/18 1205/1205/18 1203/1203/18
s 111
f 1209/1206/660 1206/1207/126 1207/1208/127
f 1207/1208/127 1208/1209/661 1209/1206/660
f 1211/1210/662 1209/1206/660 1208/1209/661
f 1208/1209/661 1210/1211/130 1211/1210/662
f 1213/1212/131 1211/1210/662 1210/1211/130
f 1210/1211/130 1212/1213/132 1213/1212/131
f 1215/1214/135 1189/1189/106 1191/1190/654
f 1191/1190/654 1214/1215/134 1215/1214/135
f 1213/1212/131 1212/1213/132 1187/1184/101
f 1187/1184/101 1186/1187/104 1213/1212/131
f 1213/1212/131 1186/1187/104 1189/1189/106
f 1189/1189/106 1215/1214/135 1213/1212/131
f 1219/1216/663 1216/1217/664 1217/1218/665
f 1217/1218/665 1218/1219/139 1219/1216/663
f 1216/1217/664 1220/1220/140 1206/1207/126
f 1206/1207/126 1217/1218/665 1216/1217/664
f 1220/1220/140 1221/1221/141 1207/1208/127
f 1207/1208/127 1206/1207/126 1220/1220/140
f 1221/1221/141 1203/1203/124 1205/1205/18
f 1205/1205/18 1222/1222/18 1221/1221/141
f 1217/1218/665 1223/1223/666 1224/1224/667
f 1224/1224/667 1218/1219/139 1217/1218/665
f 1226/1225/144 1215/1214/135 1214/1215/134
f 1214/1215/134 1225/1226/668 1226/1225/144
f 1223/1223/666 1226/1225/144 1225/1226/668
f 1225/1226/668 1224/1224/667 1223/1223/666
f 1223/1223/666 1217/1218/665 1206/1207/126
f 1206/1207/126 1209/1206/660 1223/1223/666
f 1226/1225/144 1223/1223/666 1209/1206/660
f 1209/1206/660 1211/1210/662 1226/1225/144
f 1215/1214/135 1226/1225/144 1211/1210/662
f 1211/1210/662 1213/1212/131 1215/1214/135
f 1230/1227/669 1227/1228/670 1228/1229/671
f 1228/1229/671 1229/1230/149 1230/1227/669
f 1232/1231/150 1230/1227/669 1229/1230/149
f 1229/1230/149 1231/1232/151 1232/1231/150
f 1234/1233/152 1232/1231/150 1231/1232/151
f 1231/1232/151 1233/1234/153 1234/1233/152
f 1238/1235/672 1235/1236/155 1236/1237/673
f 1236/1237/673 1237/1238/157 1238/1235/672
f 1240/1239/674 1238/1235/672 1237/1238/157
f 1237/1238/157 1239/1240/159 1240/1239/674
f 1242/1241/675 1240/1239/674 1239/1240/159
f 1239/1240/159 1241/1242/676 1242/1241/675
f 1242/1241/675 1241/1242/676 1116/1117/633
f 1116/1117/633 1119/1116/632 1242/1241/675
f 1243/1243/162 1242/1241/675 1119/1116/632
f 1119/1116/632 1114/1114/24 1243/1243/162
f 1244/1244/164 1243/1243/162 1114/1114/24
f 1114/1114/24 1103/1104/22 1244/1244/164
f 1234/1233/152 1233/1234/153 1078/1079/2
f 1078/1079/2 1081/1078/1 1234/1233/152
f 1245/1245/165 1234/1233/152 1081/1078/1
f 1081/1078/1 1083/1082/7 1245/1245/165
f 1246/1246/677 1245/1245/165 1083/1082/7
f 1083/1082/7 1085/1084/625 1246/1246/677
f 1250/1247/678 1247/1248/168 1248/1249/679
f 1248/1249/679 1249/1250/680 1250/1247/678
f 1252/1251/171 1251/1252/172 1228/1229/671
f 1228/1229/671 1227/1228/670 1252/1251/171
f 1247/1248/168 1252/1251/171 1227/1228/670
f 1227/1228/670 1248/1249/679 1247/1248/168
f 1255/1253/18 1253/1254/173 1254/1255/174
f 1254/1255/174 1244/1244/164 1255/1253/18
f 1248/1249/679 1256/1256/175 1257/1257/180
f 1257/1257/180 1249/1250/680 1248/1249/679
f 1259/1258/681 1245/1245/165 1246/1246/677
f 1246/1246/677 1258/1259/682 1259/1258/681
f 1256/1256/175 1259/1258/681 1258/1259/682
f 1258/1259/682 1257/1257/180 1256/1256/175
f 1256/1256/175 1248/1249/679 1227/1228/670
f 1227/1228/670 1230/1227/669 1256/1256/175
f 1259/1258/681 1256/1256/175 1230/1227/669
f 1230/1227/669 1232/1231/150 1259/1258/681
f 1245/1245/165 1259/1258/681 1232/1231/150
f 1232/1231/150 1234/1233/152 1245/1245/165
f 1235/1236/155 1238/1235/672 1260/1260/184
f 1260/1260/184 1261/1261/185 1235/1236/155
f 1240/1239/674 1242/1241/675 1243/1243/162
f 1243/1243/162 1262/1262/186 1240/1239/674
f 1238/1235/672 1240/1239/674 1262/1262/186
f 1262/1262/186 1260/1260/184 1238/1235/672
f 1261/1261/185 1260/1260/184 1253/1254/173
f 1253/1254/173 1263/1263/187 1261/1261/185
f 1262/1262/186 1243/1243/162 1244/1244/164
f 1244/1244/164 1254/1255/174 1262/1262/186
f 1260/1260/184 1262/1262/186 1254/1255/174
f 1254/1255/174 1253/1254/173 1260/1260/184
f 1267/1264/18 1264/1265/18 1265/1266/188
f 1265/1266/188 1266/1267/189 1267/1264/18
f 1271/1268/190 1268/1269/123 1269/1270/191
f 1269/1270/191 1270/1271/192 1271/1268/190
f 1270/1271/192 1269/1270/191 1272/1272/683
f 1272/1272/683 1273/1273/194 1270/1271/192
f 1273/1273/194 1272/1272/683 1274/1274/195
f 1274/1274/195 1275/1275/684 1273/1273/194
f 1279/1276/685 1276/1277/686 1277/1278/687
f 1277/1278/687 1278/1279/688 1279/1276/685
f 1276/1277/686 1279/1276/685 1280/1280/689
f 1280/1280/689 1281/1281/690 1276/1277/686
f 1281/1281/690 1280/1280/689 1266/1267/189
f 1266/1267/189 1265/1266/188 1281/1281/690
s 0
f 1264/1265/18 1111/1108/18 1110/1111/18
s 111
f 1110/1111/23 1265/1266/188 1264/1265/18
f 1267/1264/18 1266/1267/189 1183/1182/100
s 0
f 1183/1182/18 1204/1204/18 1267/1264/18
s 111
f 1161/1162/78 1160/1161/77 1273/1273/194
f 1273/1273/194 1275/1275/684 1161/1162/78
f 1165/1166/81 1164/1165/80 1271/1268/190
f 1271/1268/190 1270/1271/192 1165/1166/81
f 1160/1161/77 1165/1166/81 1270/1271/192
f 1270/1271/192 1273/1273/194 1160/1161/77
f 1274/1274/195 1272/1272/683 1196/1197/116
f 1196/1197/116 1199/1196/659 1274/1274/195
f 1269/1270/191 1268/1269/123 1202/1202/123
f 1202/1202/123 1200/1200/120 1269/1270/191
f 1272/1272/683 1269/1270/191 1200/1200/120
f 1200/1200/120 1196/1197/116 1272/1272/683
f 1174/1174/91 1173/1173/90 1277/1278/687
f 1277/1278/687 1276/1277/686 1174/1174/91
f 1175/1175/92 1174/1174/91 1276/1277/686
f 1276/1277/686 1281/1281/690 1175/1175/92
f 1110/1111/23 1175/1175/92 1281/1281/690
f 1281/1281/690 1265/1266/188 1110/1111/23
f 1279/1276/685 1278/1279/688 1176/1177/653
f 1176/1177/653 1179/1176/93 1279/1276/685
f 1280/1280/689 1279/1276/685 1179/1176/93
f 1179/1176/93 1181/1180/97 1280/1280/689
f 1266/1267/189 1280/1280/689 1181/1180/97
f 1181/1180/97 1183/1182/100 1266/1267/189
f 1092/1093/631 1090/1091/629 1178/1179/96
f 1178/1179/96 1177/1178/95 1092/1093/631
f 1090/1091/629 1088/1089/627 1180/1181/99
f 1180/1181/99 1178/1179/96 1090/1091/629
f 1088/1089/627 1087/1088/11 1182/1183/100
f 1182/1183/100 1180/1181/99 1088/1089/627
f 1184/1185/102 1187/1184/101 1086/1087/10
f 1086/1087/10 1089/1086/626 1184/1185/102
f 1194/1195/658 1184/1185/102 1089/1086/626
f 1089/1086/626 1091/1090/628 1194/1195/658
f 1195/1194/657 1194/1195/658 1091/1090/628
f 1091/1090/628 1093/1092/630 1195/1194/657
f 1201/1201/121 1203/1203/124 1221/1221/141
f 1221/1221/141 1220/1220/140 1201/1201/121
f 1197/1198/117 1201/1201/121 1220/1220/140
f 1220/1220/140 1216/1217/664 1197/1198/117
f 1198/1199/118 1197/1198/117 1216/1217/664
f 1216/1217/664 1219/1216/663 1198/1199/118
f 1222/1222/18 1208/1209/661 1207/1208/127
f 1207/1208/127 1221/1221/141 1222/1222/18
f 1222/1222/18 1086/1087/10 1187/1184/101
f 1187/1184/101 1212/1213/132 1222/1222/18
f 1222/1222/18 1212/1213/132 1210/1211/130
f 1210/1211/130 1208/1209/661 1222/1222/18
f 1205/1205/18 1087/1088/11 1086/1087/10
s 0
f 1086/1087/18 1222/1222/18 1205/1205/18
s 111
f 1205/1205/18 1182/1183/100 1087/1088/11
f 1079/1080/2 1078/1079/2 1102/1103/18
f 1102/1103/18 1105/1102/18 1079/1080/2
f 1143/1143/2 1079/1080/2 1105/1102/18
s 0
f 1105/1102/18 1098/1099/18 1143/1143/203
s 111
f 1147/1147/73 1143/1143/2 1098/1099/18
f 1098/1099/18 1101/1098/18 1147/1147/73
f 1157/1157/46 1147/1147/73 1101/1098/18
f 1101/1098/18 1107/1106/18 1157/1157/46
s 0
f 1107/1106/18 1112/1112/18 1133/1134/18
s 111
f 1133/1134/2 1157/1157/46 1107/1106/18
s 0
f 1134/1135/18 1133/1134/18 1112/1112/18
f 1112/1112/18 1094/1095/18 1134/1135/18
f 1139/1139/18 1134/1135/18 1094/1095/18
f 1094/1095/18 1097/1094/18 1139/1139/18
f 1097/1094/18 1108/1109/18 1163/1164/204
f 1163/1164/18 1139/1139/18 1097/1094/18
f 1164/1165/18 1163/1164/18 1108/1109/18
f 1108/1109/18 1111/1108/18 1164/1165/205
f 1271/1268/18 1164/1165/18 1111/1108/18
f 1111/1108/18 1264/1265/18 1271/1268/190
f 1268/1269/190 1271/1268/190 1264/1265/18
f 1264/1265/18 1267/1264/18 1268/1269/18
f 1267/1264/18 1204/1204/18 1202/1202/18
f 1202/1202/190 1268/1269/190 1267/1264/18
f 1205/1205/18 1204/1204/18 1183/1182/18
f 1183/1182/100 1182/1183/100 1205/1205/18
s 111
f 1261/1261/185 1263/1263/187 1251/1252/172
f 1251/1252/172 1252/1251/171 1261/1261/185
f 1235/1236/155 1261/1261/185 1252/1251/171
f 1252/1251/171 1247/1248/168 1235/1236/155
f 1236/1237/673 1235/1236/155 1247/1248/168
f 1247/1248/168 1250/1247/678 1236/1237/673
f 1255/1253/18 1233/1234/153 1231/1232/151
f 1231/1232/151 1229/1230/149 1255/1253/18
f 1255/1253/18 1102/1103/18 1078/1079/2
f 1078/1079/2 1233/1234/153 1255/1253/18
f 1255/1253/18 1244/1244/164 1103/1104/22
f 1103/1104/22 1102/1103/18 1255/1253/18
f 1251/1252/172 1263/1263/187 1253/1254/173
f 1253/1254/173 1255/1253/18 1251/1252/172
f 1255/1253/18 1229/1230/149 1228/1229/671
f 1228/1229/671 1251/1252/172 1255/1253/18
s 102
f 1285/1282/207 1282/1283/207 1283/1284/208
f 1283/1284/208 1284/1285/209 1285/1282/207
f 1284/1285/209 1283/1284/208 1286/1286/211
f 1286/1286/211 1287/1287/477 1284/1285/209
f 1287/1287/477 1286/1286/211 1288/1288/691
f 1288/1288/691 1289/1289/478 1287/1287/477
f 1289/1289/478 1288/1288/691 1290/1290/215
f 1290/1290/215 1291/1291/479 1289/1289/478
f 1291/1291/479 1290/1290/215 1292/1292/692
f 1292/1292/692 1293/1293/216 1291/1291/479
s 103
f 1297/1294/216 1294/1295/216 1295/1296/218
f 1295/1296/218 1296/1297/218 1297/1294/216
f 1296/1297/218 1295/1296/218 1298/1298/219
f 1298/1298/219 1299/1299/221 1296/1297/218
f 1299/1299/221 1298/1298/219 1300/1300/221
f 1300/1300/221 1301/1301/221 1299/1299/221
f 1301/1301/221 1300/1300/221 1302/1302/693
f 1302/1302/693 1303/1303/694 1301/1301/221
f 1303/1303/694 1302/1302/693 1304/1304/223
f 1304/1304/223 1305/1305/223 1303/1303/694
f 1305/1305/223 1304/1304/223 1306/1306/224
f 1306/1306/224 1307/1307/224 1305/1305/223
f 1307/1307/224 1306/1306/224 1308/1308/482
f 1308/1308/482 1309/1309/482 1307/1307/224
f 1309/1309/482 1308/1308/482 1310/1310/695
f 1310/1310/695 1311/1311/226 1309/1309/482
f 1311/1311/226 1310/1310/695 1312/1312/483
f 1312/1312/483 1313/1313/228 1311/1311/226
f 1313/1313/228 1312/1312/483 1314/1314/229
f 1314/1314/229 1315/1315/229 1313/1313/228
f 1315/1315/229 1314/1314/229 1316/1316/231
f 1316/1316/231 1317/1317/231 1315/1315/229
f 1317/1317/231 1316/1316/231 1318/1318/696
f 1318/1318/696 1319/1319/232 1317/1317/231
f 1319/1319/232 1318/1318/696 1320/1320/697
f 1320/1320/697 1321/1321/484 1319/1319/232
f 1321/1321/484 1320/1320/697 1322/1322/485
f 1322/1322/485 1323/1323/575 1321/1321/484
f 1323/1323/575 1322/1322/485 1324/1324/237
f 1324/1324/237 1325/1325/237 1323/1323/575
f 1325/1325/237 1324/1324/237 1326/1326/238
f 1326/1326/238 1327/1327/238 1325/1325/237
f 1327/1327/238 1326/1326/238 1328/1328/698
f 1328/1328/698 1329/1329/488 1327/1327/238
f 1329/1329/488 1328/1328/698 1330/1330/699
f 1330/1330/699 1331/1331/242 1329/1329/488
f 1331/1331/242 1330/1330/699 1332/1332/243
f 1332/1332/243 1333/1333/243 1331/1331/242
f 1333/1333/243 1332/1332/243 1334/1334/245
f 1334/1334/245 1335/1335/246 1333/1333/243
s 106
f 1339/1336/246 1336/1337/246 1337/1338/247
f 1337/1338/247 1338/1339/247 1339/1336/246
f 1338/1339/247 1337/1338/247 1340/1340/249
f 1340/1340/249 1341/1341/249 1338/1339/247
f 1341/1341/249 1340/1340/249 1342/1342/250
f 1342/1342/250 1343/1343/250 1341/1341/249
f 1343/1343/250 1342/1342/250 1344/1344/252
f 1344/1344/252 1345/1345/252 1343/1343/250
f 1345/1345/252 1344/1344/252 1346/1346/700
f 1346/1346/700 1347/1347/700 1345/1345/252
s 102
f 1351/1348/253 1348/1349/253 1349/1350/254
f 1349/1350/254 1350/1351/254 1351/1348/253
f 1350/1351/254 1349/1350/254 1352/1352/491
f 1352/1352/491 1353/1353/256 1350/1351/254
f 1353/1353/256 1352/1352/491 1354/1354/257
f 1354/1354/257 1355/1355/258 1353/1353/256
f 1355/1355/258 1354/1354/257 1356/1356/259
f 1356/1356/259 1357/1357/259 1355/1355/258
f 1357/1357/259 1356/1356/259 1358/1358/701
f 1358/1358/701 1359/1359/261 1357/1357/259
f 1359/1359/261 1358/1358/701 1360/1360/262
f 1360/1360/262 1361/1361/262 1359/1359/261
f 1361/1361/262 1360/1360/262 1362/1362/263
f 1362/1362/263 1363/1363/263 1361/1361/262
f 1363/1363/263 1362/1362/263 1364/1364/495
f 1364/1364/495 1365/1365/702 1363/1363/263
f 1365/1365/702 1364/1364/495 1366/1366/265
f 1366/1366/265 1367/1367/265 1365/1365/702
f 1367/1367/265 1366/1366/265 1368/1368/266
f 1368/1368/266 1369/1369/266 1367/1367/265
f 1369/1369/266 1368/1368/266 1370/1370/267
f 1370/1370/267 1371/1371/267 1369/1369/266
f 1371/1371/267 1370/1370/267 1372/1372/269
f 1372/1372/269 1373/1373/269 1371/1371/267
f 1373/1373/269 1372/1372/269 1374/1374/583
f 1374/1374/583 1375/1375/270 1373/1373/269
f 1375/1375/270 1374/1374/583 1376/1376/272
f 1376/1376/272 1377/1377/272 1375/1375/270
s 0
f 1377/1377/272 1376/1376/272 1378/1378/272
f 1378/1378/272 1379/1379/272 1377/1377/272
f 1379/1379/271 1378/1378/271 1380/1380/271
f 1380/1380/272 1381/1381/272 1379/1379/272
s 102
f 1381/1381/272 1380/1380/272 1382/1382/273
f 1382/1382/273 1383/1383/273 1381/1381/272
f 1383/1383/273 1382/1382/273 1282/1283/207
f 1282/1283/207 1285/1282/207 1383/1383/273
f 1282/1283/207 1384/1384/703 1385/1385/145
f 1385/1385/145 1283/1284/208 1282/1283/207
f 1283/1284/208 1385/1385/145 1386/1386/704
f 1386/1386/704 1286/1286/211 1283/1284/208
f 1286/1286/211 1386/1386/704 1387/1387/705
f 1387/1387/705 1288/1288/691 1286/1286/211
f 1288/1288/691 1387/1387/705 1388/1388/109
f 1388/1388/109 1290/1290/215 1288/1288/691
f 1290/1290/215 1388/1388/109 1389/1389/113
f 1389/1389/113 1292/1292/692 1290/1290/215
s 103
f 1294/1295/216 1390/1390/706 1391/1391/707
f 1391/1391/707 1295/1296/218 1294/1295/216
f 1295/1296/218 1391/1391/707 1392/1392/708
f 1392/1392/708 1298/1298/219 1295/1296/218
f 1298/1298/219 1392/1392/708 1393/1393/709
f 1393/1393/709 1300/1300/221 1298/1298/219
f 1300/1300/221 1393/1393/709 1394/1394/95
f 1394/1394/95 1302/1302/693 1300/1300/221
f 1302/1302/693 1394/1394/95 1395/1395/710
f 1395/1395/710 1304/1304/223 1302/1302/693
f 1304/1304/223 1395/1395/710 1396/1396/688
f 1396/1396/688 1306/1306/224 1304/1304/223
f 1306/1306/224 1396/1396/688 1397/1397/711
f 1397/1397/711 1308/1308/482 1306/1306/224
f 1308/1308/482 1397/1397/711 1398/1398/712
f 1398/1398/712 1310/1310/695 1308/1308/482
f 1310/1310/695 1398/1398/712 1399/1399/713
f 1399/1399/713 1312/1312/483 1310/1310/695
f 1312/1312/483 1399/1399/713 1400/1400/714
f 1400/1400/714 1314/1314/229 1312/1312/483
f 1314/1314/229 1400/1400/714 1401/1401/715
f 1401/1401/715 1316/1316/231 1314/1314/229
f 1316/1316/231 1401/1401/715 1402/1402/716
f 1402/1402/716 1318/1318/696 1316/1316/231
f 1318/1318/696 1402/1402/716 1403/1403/635
f 1403/1403/635 1320/1320/697 1318/1318/696
f 1320/1320/697 1403/1403/635 1404/1404/67
f 1404/1404/67 1322/1322/485 1320/1320/697
f 1322/1322/485 1404/1404/67 1405/1405/717
f 1405/1405/717 1324/1324/237 1322/1322/485
f 1324/1324/237 1405/1405/717 1406/1406/718
f 1406/1406/718 1326/1326/238 1324/1324/237
f 1326/1326/238 1406/1406/718 1407/1407/633
f 1407/1407/633 1328/1328/698 1326/1326/238
f 1328/1328/698 1407/1407/633 1408/1408/719
f 1408/1408/719 1330/1330/699 1328/1328/698
f 1330/1330/699 1408/1408/719 1409/1409/720
f 1409/1409/720 1332/1332/243 1330/1330/699
f 1332/1332/243 1409/1409/720 1410/1410/721
f 1410/1410/721 1334/1334/245 1332/1332/243
s 106
f 1336/1337/246 1411/1411/721 1412/1412/673
f 1412/1412/673 1337/1338/247 1336/1337/246
f 1337/1338/247 1412/1412/673 1413/1413/678
f 1413/1413/678 1340/1340/249 1337/1338/247
f 1340/1340/249 1413/1413/678 1414/1414/680
f 1414/1414/680 1342/1342/250 1340/1340/249
f 1342/1342/250 1414/1414/680 1415/1415/722
f 1415/1415/722 1344/1344/252 1342/1342/250
f 1344/1344/252 1415/1415/722 1416/1416/723
f 1416/1416/723 1346/1346/700 1344/1344/252
s 102
f 1348/1349/253 1417/1417/724 1418/1418/166
f 1418/1418/166 1349/1350/254 1348/1349/253
f 1349/1350/254 1418/1418/166 1419/1419/725
f 1419/1419/725 1352/1352/491 1349/1350/254
f 1352/1352/491 1419/1419/725 1420/1420/726
f 1420/1420/726 1354/1354/257 1352/1352/491
f 1354/1354/257 1420/1420/726 1421/1421/727
f 1421/1421/727 1356/1356/259 1354/1354/257
f 1356/1356/259 1421/1421/727 1422/1422/728
f 1422/1422/728 1358/1358/701 1356/1356/259
f 1358/1358/701 1422/1422/728 1423/1423/649
f 1423/1423/649 1360/1360/262 1358/1358/701
f 1360/1360/262 1423/1423/649 1424/1424/729
f 1424/1424/729 1362/1362/263 1360/1360/262
f 1362/1362/263 1424/1424/729 1425/1425/730
f 1425/1425/730 1364/1364/495 1362/1362/263
f 1364/1364/495 1425/1425/730 1426/1426/731
f 1426/1426/731 1366/1366/265 1364/1364/495
f 1366/1366/265 1426/1426/731 1427/1427/732
f 1427/1427/732 1368/1368/266 1366/1366/265
f 1368/1368/266 1427/1427/732 1428/1428/733
f 1428/1428/733 1370/1370/267 1368/1368/266
f 1370/1370/267 1428/1428/733 1429/1429/196
f 1429/1429/196 1372/1372/269 1370/1370/267
f 1372/1372/269 1429/1429/196 1430/1430/734
f 1430/1430/734 1374/1374/583 1372/1372/269
f 1374/1374/583 1430/1430/734 1431/1431/659
f 1431/1431/659 1376/1376/272 1374/1374/583
f 1376/1376/272 1431/1431/659 1432/1432/118
f 1432/1432/118 1378/1378/271 1376/1376/272
f 1378/1378/271 1432/1432/118 1433/1433/663
f 1433/1433/663 1380/1380/272 1378/1378/271
f 1380/1380/272 1433/1433/663 1434/1434/139
f 1434/1434/139 1382/1382/273 1380/1380/272
f 1382/1382/273 1434/1434/139 1384/1384/703
f 1384/1384/703 1282/1283/207 1382/1382/273
f 1383/1383/273 1025/1026/273 1023/1024/272
f 1023/1024/272 1381/1381/272 1383/1383/273
f 1285/1282/207 926/927/206 1025/1026/273
f 1025/1026/273 1383/1383/273 1285/1282/207
f 1284/1285/209 927/928/209 926/927/206
f 926/927/206 1285/1282/207 1284/1285/209
f 1287/1287/477 929/930/211 927/928/209
f 927/928/209 1284/1285/209 1287/1287/477
f 1289/1289/478 931/932/213 929/930/211
f 929/930/211 1287/1287/477 1289/1289/478
f 1291/1291/479 933/934/214 931/932/213
f 931/932/213 1289/1289/478 1291/1291/479
f 1293/1293/216 935/936/216 933/934/214
f 933/934/214 1291/1291/479 1293/1293/216
s 103
f 1296/1297/218 939/940/218 938/939/216
f 938/939/216 1297/1294/216 1296/1297/218
f 1299/1299/221 941/942/481 939/940/218
f 939/940/218 1296/1297/218 1299/1299/221
s 0
f 1301/1301/221 943/944/221 941/942/221
f 941/942/221 1299/1299/221 1301/1301/221
s 103
f 1303/1303/694 945/946/222 943/944/481
f 943/944/481 1301/1301/221 1303/1303/694
f 1305/1305/223 947/948/223 945/946/222
f 945/946/222 1303/1303/694 1305/1305/223
f 1307/1307/224 949/950/224 947/948/223
f 947/948/223 1305/1305/223 1307/1307/224
f 1309/1309/482 951/952/482 949/950/224
f 949/950/224 1307/1307/224 1309/1309/482
f 1311/1311/226 953/954/226 951/952/482
f 951/952/482 1309/1309/482 1311/1311/226
f 1313/1313/228 955/956/228 953/954/226
f 953/954/226 1311/1311/226 1313/1313/228
f 1315/1315/229 957/958/230 955/956/228
f 955/956/228 1313/1313/228 1315/1315/229
f 1317/1317/231 959/960/231 957/958/230
f 957/958/230 1315/1315/229 1317/1317/231
f 1319/1319/232 961/962/573 959/960/231
f 959/960/231 1317/1317/231 1319/1319/232
f 1321/1321/484 963/964/574 961/962/573
f 961/962/573 1319/1319/232 1321/1321/484
f 1323/1323/575 965/966/575 963/964/574
f 963/964/574 1321/1321/484 1323/1323/575
f 1325/1325/237 967/968/237 965/966/575
f 965/966/575 1323/1323/575 1325/1325/237
f 1327/1327/238 969/970/238 967/968/237
f 967/968/237 1325/1325/237 1327/1327/238
f 1329/1329/488 971/972/488 969/970/238
f 969/970/238 1327/1327/238 1329/1329/488
f 1331/1331/242 973/974/242 971/972/488
f 971/972/488 1329/1329/488 1331/1331/242
f 1333/1333/243 975/976/243 973/974/242
f 973/974/242 1331/1331/242 1333/1333/243
f 1335/1335/246 977/978/245 975/976/243
f 975/976/243 1333/1333/243 1335/1335/246
s 106
f 1338/1339/247 981/982/247 980/981/246
f 980/981/246 1339/1336/246 1338/1339/247
f 1341/1341/249 983/984/249 981/982/247
f 981/982/247 1338/1339/247 1341/1341/249
f 1343/1343/250 985/986/250 983/984/249
f 983/984/249 1341/1341/249 1343/1343/250
f 1345/1345/252 987/988/252 985/986/250
f 985/986/250 1343/1343/250 1345/1345/252
f 1347/1347/700 989/990/253 987/988/252
f 987/988/252 1345/1345/252 1347/1347/700
s 102
f 1350/1351/254 993/994/254 992/993/253
f 992/993/253 1351/1348/253 1350/1351/254
f 1353/1353/256 995/996/256 993/994/254
f 993/994/254 1350/1351/254 1353/1353/256
f 1355/1355/258 997/998/258 995/996/256
f 995/996/256 1353/1353/256 1355/1355/258
f 1357/1357/259 999/1000/259 997/998/258
f 997/998/258 1355/1355/258 1357/1357/259
f 1359/1359/261 1001/1002/260 999/1000/259
f 999/1000/259 1357/1357/259 1359/1359/261
f 1361/1361/262 1003/1004/262 1001/1002/260
f 1001/1002/260 1359/1359/261 1361/1361/262
f 1363/1363/263 1005/1006/263 1003/1004/262
f 1003/1004/262 1361/1361/262 1363/1363/263
f 1365/1365/702 1007/1008/264 1005/1006/263
f 1005/1006/263 1363/1363/263 1365/1365/702
f 1367/1367/265 1009/1010/265 1007/1008/264
f 1007/1008/264 1365/1365/702 1367/1367/265
f 1369/1369/266 1011/1012/266 1009/1010/265
f 1009/1010/265 1367/1367/265 1369/1369/266
f 1371/1371/267 1013/1014/267 1011/1012/266
f 1011/1012/266 1369/1369/266 1371/1371/267
f 1373/1373/269 1015/1016/269 1013/1014/267
f 1013/1014/267 1371/1371/267 1373/1373/269
f 1375/1375/270 1017/1018/583 1015/1016/269
f 1015/1016/269 1373/1373/269 1375/1375/270
f 1377/1377/272 1019/1020/271 1017/1018/583
f 1017/1018/583 1375/1375/270 1377/1377/272
s 0
f 1379/1379/272 1021/1022/272 1019/1020/272
f 1019/1020/272 1377/1377/272 1379/1379/272
f 1381/1381/272 1023/1024/272 1021/1022/272
f 1021/1022/272 1379/1379/272 1381/1381/272
s 148
f 1438/1435/1 1435/1436/2 1436/1437/2
f 1436/1437/2 1437/1438/623 1438/1435/1
f 1440/1439/4 1438/1435/1 1437/1438/623
f 1437/1438/623 1439/1440/5 1440/1439/4
s 149
f 1444/1441/725 1441/1442/7 1442/1443/5
f 1442/1443/5 1443/1444/8 1444/1441/725
s 148
f 1448/1445/9 1445/1446/10 1446/1447/735
f 1446/1447/735 1447/1448/12 1448/1445/9
f 1450/1449/13 1448/1445/9 1447/1448/12
f 1447/1448/12 1449/1450/14 1450/1449/13
s 150
f 1454/1451/736 1451/1452/628 1452/1453/14
f 1452/1453/14 1453/1454/737 1454/1451/736
s 148
f 1458/1455/18 1455/1456/18 1456/1457/19
f 1456/1457/19 1457/1458/20 1458/1455/18
s 0
f 1462/1459/18 1459/1460/18 1460/1461/18
s 148
f 1460/1461/21 1461/1462/21 1462/1459/18
f 1466/1463/18 1463/1464/18 1464/1465/22
f 1464/1465/22 1465/1466/21 1466/1463/18
f 1468/1467/18 1462/1459/18 1461/1462/21
f 1461/1462/21 1467/1468/20 1468/1467/18
f 1472/1469/18 1469/1470/18 1470/1471/20
f 1470/1471/20 1471/1472/23 1472/1469/18
f 1458/1455/18 1457/1458/20 1470/1471/20
f 1470/1471/20 1469/1470/18 1458/1455/18
s 0
f 1459/1460/18 1466/1463/18 1465/1466/18
f 1465/1466/18 1460/1461/18 1459/1460/18
s 148
f 1455/1456/18 1473/1473/18 1474/1474/19
f 1474/1474/19 1456/1457/19 1455/1456/18
f 1468/1467/18 1467/1468/20 1474/1474/19
f 1474/1474/19 1473/1473/18 1468/1467/18
f 1464/1465/22 1475/1475/24 1476/1476/738
f 1476/1476/738 1465/1466/21 1464/1465/22
s 150
f 1480/1477/26 1477/1478/633 1478/1479/28
f 1478/1479/28 1479/1480/29 1480/1477/26
s 148
f 1475/1475/24 1481/1481/26 1482/1482/29
f 1482/1482/29 1476/1476/738 1475/1475/24
s 150
f 1486/1483/30 1483/1484/31 1484/1485/32
f 1484/1485/32 1485/1486/635 1486/1483/30
s 148
f 1488/1487/739 1474/1474/19 1467/1468/20
f 1467/1468/20 1487/1488/35 1488/1487/739
f 1490/1489/740 1488/1487/739 1487/1488/35
f 1487/1488/35 1489/1490/36 1490/1489/740
s 150
f 1483/1484/31 1486/1483/30 1491/1491/37
f 1491/1491/37 1492/1492/741 1483/1484/31
s 148
f 1488/1487/739 1490/1489/740 1493/1493/39
f 1493/1493/39 1494/1494/40 1488/1487/739
f 1474/1474/19 1488/1487/739 1494/1494/40
f 1494/1494/40 1456/1457/19 1474/1474/19
s 149
f 1498/1495/41 1495/1496/42 1496/1497/43
f 1496/1497/43 1497/1498/44 1498/1495/41
s 148
f 1502/1499/45 1499/1500/46 1500/1501/203
f 1500/1501/203 1501/1502/640 1502/1499/45
f 1504/1503/42 1502/1499/45 1501/1502/640
f 1501/1502/640 1503/1504/43 1504/1503/42
s 149
f 1497/1498/44 1496/1497/43 1505/1505/50
f 1505/1505/50 1506/1506/51 1497/1498/44
s 148
f 1501/1502/640 1500/1501/203 1507/1507/52
f 1507/1507/52 1508/1508/53 1501/1502/640
f 1503/1504/43 1501/1502/640 1508/1508/53
f 1508/1508/53 1509/1509/54 1503/1504/43
s 149
f 1443/1444/8 1442/1443/5 1510/1510/55
f 1510/1510/55 1511/1511/742 1443/1444/8
s 148
f 1437/1438/623 1436/1437/2 1512/1512/2
f 1512/1512/2 1513/1513/643 1437/1438/623
f 1439/1440/5 1437/1438/623 1513/1513/643
f 1513/1513/643 1514/1514/55 1439/1440/5
s 149
f 1511/1511/742 1510/1510/55 1515/1515/58
f 1515/1515/58 1516/1516/59 1511/1511/742
s 148
f 1513/1513/643 1512/1512/2 1517/1517/60
f 1517/1517/60 1518/1518/644 1513/1513/643
f 1514/1514/55 1513/1513/643 1518/1518/644
f 1518/1518/644 1519/1519/58 1514/1514/55
s 150
f 1479/1480/29 1478/1479/28 1520/1520/63
f 1520/1520/63 1521/1521/645 1479/1480/29
s 148
f 1476/1476/738 1482/1482/29 1522/1522/65
f 1522/1522/65 1523/1523/646 1476/1476/738
f 1465/1466/21 1476/1476/738 1523/1523/646
f 1523/1523/646 1460/1461/21 1465/1466/21
s 150
f 1521/1521/645 1520/1520/63 1524/1524/67
f 1524/1524/67 1525/1525/68 1521/1521/645
s 148
f 1523/1523/646 1522/1522/65 1526/1526/69
f 1526/1526/69 1527/1527/70 1523/1523/646
f 1460/1461/21 1523/1523/646 1527/1527/70
f 1527/1527/70 1461/1462/21 1460/1461/21
s 150
f 1525/1525/68 1524/1524/67 1485/1486/635
f 1485/1486/635 1484/1485/32 1525/1525/68
s 148
f 1527/1527/70 1526/1526/69 1489/1490/36
f 1489/1490/36 1487/1488/35 1527/1527/70
f 1461/1462/21 1527/1527/70 1487/1488/35
f 1487/1488/35 1467/1468/20 1461/1462/21
s 149
f 1516/1516/59 1515/1515/58 1528/1528/71
f 1528/1528/71 1529/1529/72 1516/1516/59
s 148
f 1518/1518/644 1517/1517/60 1530/1530/73
f 1530/1530/73 1531/1531/74 1518/1518/644
f 1519/1519/58 1518/1518/644 1531/1531/74
f 1531/1531/74 1532/1532/71 1519/1519/58
s 149
f 1495/1496/42 1498/1495/41 1529/1529/72
f 1529/1529/72 1528/1528/71 1495/1496/42
s 148
f 1502/1499/45 1504/1503/42 1532/1532/71
f 1532/1532/71 1531/1531/74 1502/1499/45
f 1499/1500/46 1502/1499/45 1531/1531/74
f 1531/1531/74 1530/1530/73 1499/1500/46
s 149
f 1536/1533/75 1533/1534/76 1534/1535/743
f 1534/1535/743 1535/1536/744 1536/1533/75
s 148
f 1540/1537/79 1537/1538/80 1538/1539/80
f 1538/1539/80 1539/1540/81 1540/1537/79
f 1542/1541/76 1540/1537/79 1539/1540/81
f 1539/1540/81 1541/1542/743 1542/1541/76
s 150
f 1546/1543/83 1543/1544/84 1544/1545/85
f 1544/1545/85 1545/1546/652 1546/1543/83
s 148
f 1548/1547/745 1470/1471/20 1457/1458/20
f 1457/1458/20 1547/1548/746 1548/1547/745
f 1550/1549/89 1548/1547/745 1547/1548/746
f 1547/1548/746 1549/1550/747 1550/1549/89
s 150
f 1543/1544/84 1546/1543/83 1551/1551/90
f 1551/1551/90 1552/1552/91 1543/1544/84
s 148
f 1548/1547/745 1550/1549/89 1553/1553/91
f 1553/1553/91 1554/1554/92 1548/1547/745
f 1470/1471/20 1548/1547/745 1554/1554/92
f 1554/1554/92 1471/1472/23 1470/1471/20
s 150
f 1558/1555/93 1555/1556/748 1556/1557/95
f 1556/1557/95 1557/1558/96 1558/1555/93
s 148
f 1562/1559/97 1559/1560/749 1560/1561/98
f 1560/1561/98 1561/1562/99 1562/1559/97
f 1564/1563/100 1562/1559/97 1561/1562/99
f 1561/1562/99 1563/1564/100 1564/1563/100
s 149
f 1533/1534/76 1536/1533/75 1506/1506/51
f 1506/1506/51 1505/1505/50 1533/1534/76
s 148
f 1540/1537/79 1542/1541/76 1509/1509/54
f 1509/1509/54 1508/1508/53 1540/1537/79
f 1537/1538/80 1540/1537/79 1508/1508/53
f 1508/1508/53 1507/1507/52 1537/1538/80
s 150
f 1492/1492/741 1491/1491/37 1545/1546/652
f 1545/1546/652 1544/1545/85 1492/1492/741
s 148
f 1494/1494/40 1493/1493/39 1549/1550/747
f 1549/1550/747 1547/1548/746 1494/1494/40
f 1456/1457/19 1494/1494/40 1547/1548/746
f 1547/1548/746 1457/1458/20 1456/1457/19
f 1568/1565/750 1565/1566/102 1566/1567/751
f 1566/1567/751 1567/1568/752 1568/1565/750
f 1567/1568/752 1566/1567/751 1569/1569/105
f 1569/1569/105 1570/1570/106 1567/1568/752
s 149
f 1574/1571/107 1571/1572/108 1572/1573/105
f 1572/1573/105 1573/1574/753 1574/1571/107
f 1573/1574/753 1572/1573/105 1575/1575/110
f 1575/1575/110 1576/1576/111 1573/1574/753
s 150
f 1580/1577/754 1577/1578/113 1578/1579/755
f 1578/1579/755 1579/1580/658 1580/1577/754
s 148
f 1582/1581/114 1581/1582/110 1566/1567/751
f 1566/1567/751 1565/1566/102 1582/1581/114
f 1566/1567/751 1581/1582/110 1569/1569/105
s 149
f 1586/1583/659 1583/1584/116 1584/1585/117
f 1584/1585/117 1585/1586/118 1586/1583/659
s 148
f 1590/1587/116 1587/1588/120 1588/1589/121
f 1588/1589/121 1589/1590/122 1590/1587/116
f 1587/1588/120 1591/1591/123 1592/1592/124
f 1592/1592/124 1588/1589/121 1587/1588/120
s 0
f 1592/1592/18 1591/1591/18 1593/1593/18
f 1593/1593/18 1594/1594/18 1592/1592/18
s 148
f 1598/1595/125 1595/1596/756 1596/1597/127
f 1596/1597/127 1597/1598/757 1598/1595/125
f 1600/1599/129 1598/1595/125 1597/1598/757
f 1597/1598/757 1599/1600/130 1600/1599/129
f 1602/1601/131 1600/1599/129 1599/1600/130
f 1599/1600/130 1601/1602/132 1602/1601/131
s 149
f 1604/1603/135 1571/1572/108 1574/1571/107
f 1574/1571/107 1603/1604/758 1604/1603/135
s 148
f 1602/1601/131 1601/1602/132 1568/1565/750
f 1568/1565/750 1567/1568/752 1602/1601/131
f 1602/1601/131 1567/1568/752 1570/1570/106
f 1570/1570/106 1605/1605/135 1602/1601/131
s 149
f 1609/1606/136 1606/1607/664 1607/1608/138
f 1607/1608/138 1608/1609/759 1609/1606/136
s 148
f 1612/1610/137 1610/1611/140 1595/1596/756
f 1595/1596/756 1611/1612/138 1612/1610/137
f 1610/1611/140 1613/1613/760 1596/1597/127
f 1596/1597/127 1595/1596/756 1610/1611/140
f 1613/1613/760 1592/1592/124 1594/1594/18
f 1594/1594/18 1614/1614/18 1613/1613/760
s 149
f 1607/1608/138 1615/1615/666 1616/1616/143
f 1616/1616/143 1608/1609/759 1607/1608/138
f 1618/1617/144 1604/1603/135 1603/1604/758
f 1603/1604/758 1617/1618/145 1618/1617/144
f 1615/1615/666 1618/1617/144 1617/1618/145
f 1617/1618/145 1616/1616/143 1615/1615/666
s 148
f 1619/1619/666 1611/1612/138 1595/1596/756
f 1595/1596/756 1598/1595/125 1619/1619/666
f 1620/1620/144 1619/1619/666 1598/1595/125
f 1598/1595/125 1600/1599/129 1620/1620/144
f 1605/1605/135 1620/1620/144 1600/1599/129
f 1600/1599/129 1602/1601/131 1605/1605/135
f 1624/1621/146 1621/1622/147 1622/1623/671
f 1622/1623/671 1623/1624/149 1624/1621/146
f 1626/1625/150 1624/1621/146 1623/1624/149
f 1623/1624/149 1625/1626/151 1626/1625/150
f 1628/1627/152 1626/1625/150 1625/1626/151
f 1625/1626/151 1627/1628/153 1628/1627/152
s 156
f 1632/1629/154 1629/1630/155 1630/1631/761
f 1630/1631/761 1631/1632/157 1632/1629/154
s 150
f 1636/1633/674 1633/1634/154 1634/1635/157
f 1634/1635/157 1635/1636/762 1636/1633/674
f 1638/1637/160 1636/1633/674 1635/1636/762
f 1635/1636/762 1637/1638/161 1638/1637/160
f 1638/1637/160 1637/1638/161 1477/1478/633
f 1477/1478/633 1480/1477/26 1638/1637/160
s 148
f 1640/1639/162 1639/1640/163 1481/1481/26
f 1481/1481/26 1475/1475/24 1640/1639/162
f 1641/1641/164 1640/1639/162 1475/1475/24
f 1475/1475/24 1464/1465/22 1641/1641/164
f 1628/1627/152 1627/1628/153 1435/1436/2
f 1435/1436/2 1438/1435/1 1628/1627/152
f 1642/1642/165 1628/1627/152 1438/1435/1
f 1438/1435/1 1440/1439/4 1642/1642/165
s 149
f 1644/1643/166 1643/1644/165 1441/1442/7
f 1441/1442/7 1444/1441/725 1644/1643/166
s 156
f 1648/1645/763 1645/1646/168 1646/1647/169
f 1646/1647/169 1647/1648/764 1648/1645/763
s 148
f 1650/1649/171 1649/1650/172 1622/1623/671
f 1622/1623/671 1621/1622/147 1650/1649/171
f 1652/1651/765 1650/1649/171 1621/1622/147
f 1621/1622/147 1651/1652/169 1652/1651/765
f 1655/1653/18 1653/1654/173 1654/1655/174
f 1654/1655/174 1641/1641/164 1655/1653/18
s 156
f 1646/1647/169 1656/1656/175 1657/1657/180
f 1657/1657/180 1647/1648/764 1646/1647/169
s 149
f 1659/1658/766 1643/1644/165 1644/1643/166
f 1644/1643/166 1658/1659/178 1659/1658/766
s 156
f 1656/1656/175 1660/1660/766 1661/1661/682
f 1661/1661/682 1657/1657/180 1656/1656/175
s 148
f 1662/1662/181 1651/1652/169 1621/1622/147
f 1621/1622/147 1624/1621/146 1662/1662/181
f 1663/1663/182 1662/1662/181 1624/1621/146
f 1624/1621/146 1626/1625/150 1663/1663/182
f 1642/1642/165 1663/1663/182 1626/1625/150
f 1626/1625/150 1628/1627/152 1642/1642/165
f 1667/1664/155 1664/1665/154 1665/1666/184
f 1665/1666/184 1666/1667/185 1667/1664/155
f 1669/1668/158 1639/1640/163 1640/1639/162
f 1640/1639/162 1668/1669/767 1669/1668/158
f 1664/1665/154 1669/1668/158 1668/1669/767
f 1668/1669/767 1665/1666/184 1664/1665/154
f 1666/1667/185 1665/1666/184 1653/1654/173
f 1653/1654/173 1670/1670/187 1666/1667/185
f 1668/1669/767 1640/1639/162 1641/1641/164
f 1641/1641/164 1654/1655/174 1668/1669/767
f 1665/1666/184 1668/1669/767 1654/1655/174
f 1654/1655/174 1653/1654/173 1665/1666/184
f 1674/1671/18 1671/1672/18 1672/1673/188
f 1672/1673/188 1673/1674/189 1674/1671/18
f 1678/1675/190 1675/1676/123 1676/1677/191
f 1676/1677/191 1677/1678/192 1678/1675/190
f 1677/1678/192 1676/1677/191 1679/1679/193
f 1679/1679/193 1680/1680/194 1677/1678/192
s 149
f 1684/1681/194 1681/1682/193 1682/1683/734
f 1682/1683/734 1683/1684/768 1684/1681/194
s 150
f 1688/1685/769 1685/1686/770 1686/1687/711
f 1686/1687/711 1687/1688/771 1688/1685/769
s 148
f 1692/1689/198 1689/1690/772 1690/1691/201
f 1690/1691/201 1691/1692/202 1692/1689/198
f 1691/1692/202 1690/1691/201 1673/1674/189
f 1673/1674/189 1672/1673/188 1691/1692/202
s 0
f 1671/1672/18 1472/1469/18 1471/1472/18
s 148
f 1471/1472/23 1672/1673/188 1671/1672/18
f 1674/1671/18 1673/1674/189 1564/1563/100
s 0
f 1564/1563/18 1593/1593/18 1674/1671/18
s 149
f 1535/1536/744 1534/1535/743 1684/1681/194
f 1684/1681/194 1683/1684/768 1535/1536/744
s 148
f 1539/1540/81 1538/1539/80 1678/1675/190
f 1678/1675/190 1677/1678/192 1539/1540/81
f 1541/1542/743 1539/1540/81 1677/1678/192
f 1677/1678/192 1680/1680/194 1541/1542/743
s 149
f 1682/1683/734 1681/1682/193 1583/1584/116
f 1583/1584/116 1586/1583/659 1682/1683/734
s 148
f 1676/1677/191 1675/1676/123 1591/1591/123
f 1591/1591/123 1587/1588/120 1676/1677/191
f 1679/1679/193 1676/1677/191 1587/1588/120
f 1587/1588/120 1590/1587/116 1679/1679/193
s 150
f 1552/1552/91 1551/1551/90 1686/1687/711
f 1686/1687/711 1685/1686/770 1552/1552/91
s 148
f 1554/1554/92 1553/1553/91 1692/1689/198
f 1692/1689/198 1691/1692/202 1554/1554/92
f 1471/1472/23 1554/1554/92 1691/1692/202
f 1691/1692/202 1672/1673/188 1471/1472/23
s 150
f 1688/1685/769 1687/1688/771 1555/1556/748
f 1555/1556/748 1558/1555/93 1688/1685/769
s 148
f 1690/1691/201 1689/1690/772 1559/1560/749
f 1559/1560/749 1562/1559/97 1690/1691/201
f 1673/1674/189 1690/1691/201 1562/1559/97
f 1562/1559/97 1564/1563/100 1673/1674/189
s 150
f 1453/1454/737 1452/1453/14 1557/1558/96
f 1557/1558/96 1556/1557/95 1453/1454/737
s 148
f 1449/1450/14 1447/1448/12 1561/1562/99
f 1561/1562/99 1560/1561/98 1449/1450/14
f 1447/1448/12 1446/1447/735 1563/1564/100
f 1563/1564/100 1561/1562/99 1447/1448/12
f 1565/1566/102 1568/1565/750 1445/1446/10
f 1445/1446/10 1448/1445/9 1565/1566/102
f 1582/1581/114 1565/1566/102 1448/1445/9
f 1448/1445/9 1450/1449/13 1582/1581/114
s 150
f 1580/1577/754 1579/1580/658 1451/1452/628
f 1451/1452/628 1454/1451/736 1580/1577/754
s 148
f 1588/1589/121 1592/1592/124 1613/1613/760
f 1613/1613/760 1610/1611/140 1588/1589/121
f 1589/1590/122 1588/1589/121 1610/1611/140
f 1610/1611/140 1612/1610/137 1589/1590/122
s 149
f 1585/1586/118 1584/1585/117 1606/1607/664
f 1606/1607/664 1609/1606/136 1585/1586/118
s 148
f 1614/1614/18 1597/1598/757 1596/1597/127
f 1596/1597/127 1613/1613/760 1614/1614/18
f 1614/1614/18 1445/1446/10 1568/1565/750
f 1568/1565/750 1601/1602/132 1614/1614/18
f 1614/1614/18 1601/1602/132 1599/1600/130
f 1599/1600/130 1597/1598/757 1614/1614/18
f 1594/1594/18 1446/1447/735 1445/1446/10
s 0
f 1445/1446/18 1614/1614/18 1594/1594/18
s 148
f 1594/1594/18 1563/1564/100 1446/1447/735
f 1436/1437/2 1435/1436/2 1463/1464/18
f 1463/1464/18 1466/1463/18 1436/1437/2
f 1512/1512/2 1436/1437/2 1466/1463/18
s 0
f 1466/1463/18 1459/1460/18 1512/1512/203
s 148
f 1517/1517/60 1512/1512/2 1459/1460/18
f 1459/1460/18 1462/1459/18 1517/1517/60
f 1530/1530/73 1517/1517/60 1462/1459/18
f 1462/1459/18 1468/1467/18 1530/1530/73
s 0
f 1468/1467/18 1473/1473/18 1499/1500/18
s 148
f 1499/1500/46 1530/1530/73 1468/1467/18
s 0
f 1500/1501/18 1499/1500/18 1473/1473/18
f 1473/1473/18 1455/1456/18 1500/1501/18
f 1507/1507/18 1500/1501/18 1455/1456/18
f 1455/1456/18 1458/1455/18 1507/1507/18
f 1458/1455/18 1469/1470/18 1537/1538/204
f 1537/1538/18 1507/1507/18 1458/1455/18
f 1538/1539/18 1537/1538/18 1469/1470/18
f 1469/1470/18 1472/1469/18 1538/1539/205
f 1678/1675/18 1538/1539/18 1472/1469/18
f 1472/1469/18 1671/1672/18 1678/1675/190
f 1675/1676/190 1678/1675/190 1671/1672/18
f 1671/1672/18 1674/1671/18 1675/1676/18
f 1674/1671/18 1593/1593/18 1591/1591/18
f 1591/1591/190 1675/1676/190 1674/1671/18
f 1594/1594/18 1593/1593/18 1564/1563/18
f 1564/1563/100 1563/1564/100 1594/1594/18
s 148
f 1666/1667/185 1670/1670/187 1649/1650/172
f 1649/1650/172 1650/1649/171 1666/1667/185
f 1667/1664/155 1666/1667/185 1650/1649/171
f 1650/1649/171 1652/1651/765 1667/1664/155
s 156
f 1630/1631/761 1629/1630/155 1645/1646/168
f 1645/1646/168 1648/1645/763 1630/1631/761
s 148
f 1655/1653/18 1627/1628/153 1625/1626/151
f 1625/1626/151 1623/1624/149 1655/1653/18
f 1655/1653/18 1463/1464/18 1435/1436/2
f 1435/1436/2 1627/1628/153 1655/1653/18
f 1655/1653/18 1641/1641/164 1464/1465/22
f 1464/1465/22 1463/1464/18 1655/1653/18
f 1649/1650/172 1670/1670/187 1653/1654/173
f 1653/1654/173 1655/1653/18 1649/1650/172
f 1655/1653/18 1623/1624/149 1622/1623/671
f 1622/1623/671 1649/1650/172 1655/1653/18
s 149
f 1696/1693/207 1693/1694/207 1694/1695/208
f 1694/1695/208 1695/1696/209 1696/1693/207
f 1695/1696/209 1694/1695/208 1697/1697/210
f 1697/1697/210 1698/1698/477 1695/1696/209
f 1698/1698/477 1697/1697/210 1699/1699/691
f 1699/1699/691 1700/1700/478 1698/1698/477
f 1700/1700/478 1699/1699/691 1701/1701/479
f 1701/1701/479 1702/1702/214 1700/1700/478
f 1702/1702/214 1701/1701/479 1703/1703/216
f 1703/1703/216 1704/1704/216 1702/1702/214
s 150
f 1708/1705/216 1705/1706/216 1706/1707/218
f 1706/1707/218 1707/1708/218 1708/1705/216
f 1707/1708/218 1706/1707/218 1709/1709/221
f 1709/1709/221 1710/1710/221 1707/1708/218
s 0
f 1710/1710/221 1709/1709/221 1711/1711/221
f 1711/1711/221 1712/1712/221 1710/1710/221
s 150
f 1712/1712/481 1711/1711/221 1713/1713/693
f 1713/1713/693 1714/1714/693 1712/1712/481
f 1714/1714/693 1713/1713/693 1715/1715/223
f 1715/1715/223 1716/1716/223 1714/1714/693
f 1716/1716/223 1715/1715/223 1717/1717/224
f 1717/1717/224 1718/1718/224 1716/1716/223
f 1718/1718/224 1717/1717/224 1719/1719/482
f 1719/1719/482 1720/1720/225 1718/1718/224
f 1720/1720/225 1719/1719/482 1721/1721/773
f 1721/1721/773 1722/1722/226 1720/1720/225
f 1722/1722/226 1721/1721/773 1723/1723/228
f 1723/1723/228 1724/1724/228 1722/1722/226
f 1724/1724/228 1723/1723/228 1725/1725/230
f 1725/1725/230 1726/1726/230 1724/1724/228
f 1726/1726/230 1725/1725/230 1727/1727/231
f 1727/1727/231 1728/1728/231 1726/1726/230
f 1728/1728/231 1727/1727/231 1729/1729/774
f 1729/1729/774 1730/1730/232 1728/1728/231
f 1730/1730/232 1729/1729/774 1731/1731/574
f 1731/1731/574 1732/1732/574 1730/1730/232
f 1732/1732/574 1731/1731/574 1733/1733/575
f 1733/1733/575 1734/1734/235 1732/1732/574
f 1734/1734/235 1733/1733/575 1735/1735/237
f 1735/1735/237 1736/1736/237 1734/1734/235
f 1736/1736/237 1735/1735/237 1737/1737/238
f 1737/1737/238 1738/1738/487 1736/1736/237
f 1738/1738/487 1737/1737/238 1739/1739/240
f 1739/1739/240 1740/1740/240 1738/1738/487
f 1740/1740/240 1739/1739/240 1741/1741/241
f 1741/1741/241 1742/1742/242 1740/1740/240
f 1742/1742/242 1741/1741/241 1743/1743/244
f 1743/1743/244 1744/1744/244 1742/1742/242
f 1744/1744/244 1743/1743/244 1745/1745/245
f 1745/1745/245 1746/1746/245 1744/1744/244
s 156
f 1750/1747/246 1747/1748/246 1748/1749/247
f 1748/1749/247 1749/1750/247 1750/1747/246
f 1749/1750/247 1748/1749/247 1751/1751/249
f 1751/1751/249 1752/1752/249 1749/1750/247
f 1752/1752/249 1751/1751/249 1753/1753/250
f 1753/1753/250 1754/1754/250 1752/1752/249
f 1754/1754/250 1753/1753/250 1755/1755/251
f 1755/1755/251 1756/1756/252 1754/1754/250
f 1756/1756/252 1755/1755/251 1757/1757/700
f 1757/1757/700 1758/1758/700 1756/1756/252
s 149
f 1762/1759/253 1759/1760/253 1760/1761/254
f 1760/1761/254 1761/1762/254 1762/1759/253
f 1761/1762/254 1760/1761/254 1763/1763/256
f 1763/1763/256 1764/1764/256 1761/1762/254
f 1764/1764/256 1763/1763/256 1765/1765/775
f 1765/1765/775 1766/1766/258 1764/1764/256
f 1766/1766/258 1765/1765/775 1767/1767/259
f 1767/1767/259 1768/1768/259 1766/1766/258
f 1768/1768/259 1767/1767/259 1769/1769/261
f 1769/1769/261 1770/1770/260 1768/1768/259
f 1770/1770/260 1769/1769/261 1771/1771/262
f 1771/1771/262 1772/1772/262 1770/1770/260
f 1772/1772/262 1771/1771/262 1773/1773/263
f 1773/1773/263 1774/1774/263 1772/1772/262
f 1774/1774/263 1773/1773/263 1775/1775/264
f 1775/1775/264 1776/1776/264 1774/1774/263
f 1776/1776/264 1775/1775/264 1777/1777/265
f 1777/1777/265 1778/1778/265 1776/1776/264
f 1778/1778/265 1777/1777/265 1779/1779/266
f 1779/1779/266 1780/1780/266 1778/1778/265
f 1780/1780/266 1779/1779/266 1781/1781/267
f 1781/1781/267 1782/1782/267 1780/1780/266
f 1782/1782/267 1781/1781/267 1783/1783/269
f 1783/1783/269 1784/1784/269 1782/1782/267
f 1784/1784/269 1783/1783/269 1785/1785/270
f 1785/1785/270 1786/1786/270 1784/1784/269
f 1786/1786/270 1785/1785/270 1787/1787/272
f 1787/1787/272 1788/1788/272 1786/1786/270
s 0
f 1788/1788/272 1787/1787/272 1789/1789/272
f 1789/1789/272 1790/1790/272 1788/1788/272
f 1790/1790/272 1789/1789/272 1791/1791/272
f 1791/1791/272 1792/1792/272 1790/1790/272
s 149
f 1792/1792/272 1791/1791/272 1793/1793/273
f 1793/1793/273 1794/1794/273 1792/1792/272
f 1794/1794/273 1793/1793/273 1693/1694/207
f 1693/1694/207 1696/1693/207 1794/1794/273
f 1693/1694/207 1616/1616/143 1617/1618/145
f 1617/1618/145 1694/1695/208 1693/1694/207
f 1694/1695/208 1617/1618/145 1603/1604/758
f 1603/1604/758 1697/1697/210 1694/1695/208
f 1697/1697/210 1603/1604/758 1574/1571/107
f 1574/1571/107 1699/1699/691 1697/1697/210
f 1699/1699/691 1574/1571/107 1573/1574/753
f 1573/1574/753 1701/1701/479 1699/1699/691
f 1701/1701/479 1573/1574/753 1576/1576/111
f 1576/1576/111 1703/1703/216 1701/1701/479
s 150
f 1705/1706/216 1577/1578/113 1580/1577/754
f 1580/1577/754 1706/1707/218 1705/1706/216
f 1706/1707/218 1580/1577/754 1454/1451/736
f 1454/1451/736 1709/1709/221 1706/1707/218
f 1709/1709/221 1454/1451/736 1453/1454/737
f 1453/1454/737 1711/1711/221 1709/1709/221
f 1711/1711/221 1453/1454/737 1556/1557/95
f 1556/1557/95 1713/1713/693 1711/1711/221
f 1713/1713/693 1556/1557/95 1555/1556/748
f 1555/1556/748 1715/1715/223 1713/1713/693
f 1715/1715/223 1555/1556/748 1687/1688/771
f 1687/1688/771 1717/1717/224 1715/1715/223
f 1717/1717/224 1687/1688/771 1686/1687/711
f 1686/1687/711 1719/1719/482 1717/1717/224
f 1719/1719/482 1686/1687/711 1551/1551/90
f 1551/1551/90 1721/1721/773 1719/1719/482
f 1721/1721/773 1551/1551/90 1546/1543/83
f 1546/1543/83 1723/1723/228 1721/1721/773
f 1723/1723/228 1546/1543/83 1545/1546/652
f 1545/1546/652 1725/1725/230 1723/1723/228
f 1725/1725/230 1545/1546/652 1491/1491/37
f 1491/1491/37 1727/1727/231 1725/1725/230
f 1727/1727/231 1491/1491/37 1486/1483/30
f 1486/1483/30 1729/1729/774 1727/1727/231
f 1729/1729/774 1486/1483/30 1485/1486/635
f 1485/1486/635 1731/1731/574 1729/1729/774
f 1731/1731/574 1485/1486/635 1524/1524/67
f 1524/1524/67 1733/1733/575 1731/1731/574
f 1733/1733/575 1524/1524/67 1520/1520/63
f 1520/1520/63 1735/1735/237 1733/1733/575
f 1735/1735/237 1520/1520/63 1478/1479/28
f 1478/1479/28 1737/1737/238 1735/1735/237
f 1737/1737/238 1478/1479/28 1477/1478/633
f 1477/1478/633 1739/1739/240 1737/1737/238
f 1739/1739/240 1477/1478/633 1637/1638/161
f 1637/1638/161 1741/1741/241 1739/1739/240
f 1741/1741/241 1637/1638/161 1635/1636/762
f 1635/1636/762 1743/1743/244 1741/1741/241
f 1743/1743/244 1635/1636/762 1634/1635/157
f 1634/1635/157 1745/1745/245 1743/1743/244
s 156
f 1747/1748/246 1631/1632/157 1630/1631/761
f 1630/1631/761 1748/1749/247 1747/1748/246
f 1748/1749/247 1630/1631/761 1648/1645/763
f 1648/1645/763 1751/1751/249 1748/1749/247
f 1751/1751/249 1648/1645/763 1647/1648/764
f 1647/1648/764 1753/1753/250 1751/1751/249
f 1753/1753/250 1647/1648/764 1657/1657/180
f 1657/1657/180 1755/1755/251 1753/1753/250
f 1755/1755/251 1657/1657/180 1661/1661/682
f 1661/1661/682 1757/1757/700 1755/1755/251
s 149
f 1759/1760/253 1658/1659/178 1644/1643/166
f 1644/1643/166 1760/1761/254 1759/1760/253
f 1760/1761/254 1644/1643/166 1444/1441/725
f 1444/1441/725 1763/1763/256 1760/1761/254
f 1763/1763/256 1444/1441/725 1443/1444/8
f 1443/1444/8 1765/1765/775 1763/1763/256
f 1765/1765/775 1443/1444/8 1511/1511/742
f 1511/1511/742 1767/1767/259 1765/1765/775
f 1767/1767/259 1511/1511/742 1516/1516/59
f 1516/1516/59 1769/1769/261 1767/1767/259
f 1769/1769/261 1516/1516/59 1529/1529/72
f 1529/1529/72 1771/1771/262 1769/1769/261
f 1771/1771/262 1529/1529/72 1498/1495/41
f 1498/1495/41 1773/1773/263 1771/1771/262
f 1773/1773/263 1498/1495/41 1497/1498/44
f 1497/1498/44 1775/1775/264 1773/1773/263
f 1775/1775/264 1497/1498/44 1506/1506/51
f 1506/1506/51 1777/1777/265 1775/1775/264
f 1777/1777/265 1506/1506/51 1536/1533/75
f 1536/1533/75 1779/1779/266 1777/1777/265
f 1779/1779/266 1536/1533/75 1535/1536/744
f 1535/1536/744 1781/1781/267 1779/1779/266
f 1781/1781/267 1535/1536/744 1683/1684/768
f 1683/1684/768 1783/1783/269 1781/1781/267
f 1783/1783/269 1683/1684/768 1682/1683/734
f 1682/1683/734 1785/1785/270 1783/1783/269
f 1785/1785/270 1682/1683/734 1586/1583/659
f 1586/1583/659 1787/1787/272 1785/1785/270
f 1787/1787/272 1586/1583/659 1585/1586/118
f 1585/1586/118 1789/1789/272 1787/1787/272
f 1789/1789/272 1585/1586/118 1609/1606/136
f 1609/1606/136 1791/1791/272 1789/1789/272
f 1791/1791/272 1609/1606/136 1608/1609/759
f 1608/1609/759 1793/1793/273 1791/1791/272
f 1793/1793/273 1608/1609/759 1616/1616/143
f 1616/1616/143 1693/1694/207 1793/1793/273
s 184
f 1798/1795/275 1795/1796/274 1796/1797/276
f 1796/1797/276 1797/1798/277 1798/1795/275
f 1797/1798/277 1796/1797/276 1799/1799/278
f 1799/1799/278 1800/1800/279 1797/1798/277
s 149
f 1804/1801/280 1801/1802/278 1802/1803/610
f 1802/1803/610 1803/1804/282 1804/1801/280
s 184
f 1808/1805/500 1805/1806/284 1806/1807/776
f 1806/1807/776 1807/1808/777 1808/1805/500
f 1807/1808/777 1806/1807/776 1809/1809/287
f 1809/1809/287 1810/1810/288 1807/1808/777
s 150
f 1814/1811/288 1811/1812/778 1812/1813/589
f 1812/1813/589 1813/1814/779 1814/1811/288
s 184
f 1818/1815/295 1815/1816/294 1816/1817/294
f 1816/1817/294 1817/1818/295 1818/1815/295
s 0
f 1822/1819/294 1819/1820/294 1820/1821/294
s 184
f 1820/1821/294 1821/1822/296 1822/1819/296
f 1826/1823/296 1823/1824/294 1824/1825/294
f 1824/1825/294 1825/1826/296 1826/1823/296
f 1821/1822/296 1820/1821/294 1827/1827/294
f 1827/1827/294 1828/1828/295 1821/1822/296
f 1832/1829/295 1829/1830/294 1830/1831/294
f 1830/1831/294 1831/1832/297 1832/1829/295
f 1832/1829/295 1817/1818/295 1816/1817/294
f 1816/1817/294 1829/1830/294 1832/1829/295
s 0
f 1825/1826/298 1824/1825/294 1819/1820/294
f 1819/1820/294 1822/1819/294 1825/1826/294
s 184
f 1834/1833/295 1833/1834/294 1815/1816/294
f 1815/1816/294 1818/1815/295 1834/1833/295
f 1834/1833/295 1828/1828/295 1827/1827/294
f 1827/1827/294 1833/1834/294 1834/1833/295
f 1836/1835/299 1835/1836/300 1826/1823/296
f 1826/1823/296 1825/1826/296 1836/1835/299
s 150
f 1840/1837/506 1837/1838/507 1838/1839/303
f 1838/1839/303 1839/1840/304 1840/1837/506
s 184
f 1842/1841/304 1841/1842/780 1835/1836/300
f 1835/1836/300 1836/1835/299 1842/1841/304
s 150
f 1846/1843/305 1843/1844/306 1844/1845/307
f 1844/1845/307 1845/1846/781 1846/1843/305
s 184
f 1828/1828/295 1834/1833/295 1847/1847/309
f 1847/1847/309 1848/1848/510 1828/1828/295
f 1848/1848/510 1847/1847/309 1849/1849/306
f 1849/1849/306 1850/1850/311 1848/1848/510
s 150
f 1852/1851/782 1844/1845/307 1843/1844/306
f 1843/1844/306 1851/1852/313 1852/1851/782
s 184
f 1854/1853/313 1849/1849/306 1847/1847/309
f 1847/1847/309 1853/1854/783 1854/1853/313
f 1853/1854/783 1847/1847/309 1834/1833/295
f 1834/1833/295 1818/1815/295 1853/1854/783
s 149
f 1858/1855/316 1855/1856/323 1856/1857/512
f 1856/1857/512 1857/1858/319 1858/1855/316
s 184
f 1862/1859/784 1859/1860/274 1860/1861/785
f 1860/1861/785 1861/1862/322 1862/1859/784
f 1861/1862/322 1860/1861/785 1863/1863/323
f 1863/1863/323 1864/1864/324 1861/1862/322
s 149
f 1866/1865/325 1858/1855/316 1857/1858/319
f 1857/1858/319 1865/1866/515 1866/1865/325
s 184
f 1868/1867/327 1862/1859/784 1861/1862/322
f 1861/1862/322 1867/1868/328 1868/1867/327
f 1867/1868/328 1861/1862/322 1864/1864/324
f 1864/1864/324 1869/1869/786 1867/1868/328
s 149
f 1871/1870/330 1804/1801/280 1803/1804/282
f 1803/1804/282 1870/1871/516 1871/1870/330
s 184
f 1873/1872/274 1798/1795/275 1797/1798/277
f 1797/1798/277 1872/1873/332 1873/1872/274
f 1872/1873/332 1797/1798/277 1800/1800/279
f 1800/1800/279 1874/1874/330 1872/1873/332
s 149
f 1876/1875/334 1871/1870/330 1870/1871/516
f 1870/1871/516 1875/1876/335 1876/1875/334
s 184
f 1878/1877/787 1873/1872/274 1872/1873/332
f 1872/1873/332 1877/1878/336 1878/1877/787
f 1877/1878/336 1872/1873/332 1874/1874/330
f 1874/1874/330 1879/1879/334 1877/1878/336
s 150
f 1881/1880/337 1840/1837/506 1839/1840/304
f 1839/1840/304 1880/1881/338 1881/1880/337
s 184
f 1883/1882/338 1842/1841/304 1836/1835/299
f 1836/1835/299 1882/1883/340 1883/1882/338
f 1882/1883/340 1836/1835/299 1825/1826/296
f 1825/1826/296 1822/1819/296 1882/1883/340
s 150
f 1885/1884/788 1881/1880/337 1880/1881/338
f 1880/1881/338 1884/1885/342 1885/1884/788
s 184
f 1887/1886/342 1883/1882/338 1882/1883/340
f 1882/1883/340 1886/1887/789 1887/1886/342
f 1886/1887/789 1882/1883/340 1822/1819/296
f 1822/1819/296 1821/1822/296 1886/1887/789
s 150
f 1845/1846/781 1885/1884/788 1884/1885/342
f 1884/1885/342 1846/1843/305 1845/1846/781
s 184
f 1850/1850/311 1887/1886/342 1886/1887/789
f 1886/1887/789 1848/1848/510 1850/1850/311
f 1848/1848/510 1886/1887/789 1821/1822/296
f 1821/1822/296 1828/1828/295 1848/1848/510
s 149
f 1889/1888/344 1876/1875/334 1875/1876/335
f 1875/1876/335 1888/1889/790 1889/1888/344
s 184
f 1891/1890/346 1878/1877/787 1877/1878/336
f 1877/1878/336 1890/1891/347 1891/1890/346
f 1890/1891/347 1877/1878/336 1879/1879/334
f 1879/1879/334 1892/1892/519 1890/1891/347
s 149
f 1888/1889/790 1856/1857/512 1855/1856/323
f 1855/1856/323 1889/1888/344 1888/1889/790
s 184
f 1892/1892/519 1863/1863/323 1860/1861/785
f 1860/1861/785 1890/1891/347 1892/1892/519
f 1890/1891/347 1860/1861/785 1859/1860/274
f 1859/1860/274 1891/1890/346 1890/1891/347
s 149
f 1896/1893/348 1893/1894/349 1894/1895/521
f 1894/1895/521 1895/1896/618 1896/1893/348
s 184
f 1900/1897/352 1897/1898/352 1898/1899/353
f 1898/1899/353 1899/1900/354 1900/1897/352
f 1899/1900/354 1898/1899/353 1901/1901/349
f 1901/1901/349 1902/1902/348 1899/1900/354
s 150
f 1906/1903/355 1903/1904/356 1904/1905/522
f 1904/1905/522 1905/1906/358 1906/1903/355
s 184
f 1817/1818/295 1832/1829/295 1907/1907/359
f 1907/1907/359 1908/1908/360 1817/1818/295
f 1908/1908/360 1907/1907/359 1909/1909/356
f 1909/1909/356 1910/1910/355 1908/1908/360
s 150
f 1912/1911/791 1904/1905/522 1903/1904/356
f 1903/1904/356 1911/1912/362 1912/1911/791
s 184
f 1914/1913/362 1909/1909/356 1907/1907/359
f 1907/1907/359 1913/1914/363 1914/1913/362
f 1913/1914/363 1907/1907/359 1832/1829/295
f 1832/1829/295 1831/1832/297 1913/1914/363
s 150
f 1918/1915/792 1915/1916/592 1916/1917/366
f 1916/1917/366 1917/1918/367 1918/1915/792
s 184
f 1922/1919/367 1919/1920/793 1920/1921/368
f 1920/1921/368 1921/1922/369 1922/1919/367
f 1921/1922/369 1920/1921/368 1923/1923/370
f 1923/1923/370 1924/1924/370 1921/1922/369
s 149
f 1865/1866/515 1894/1895/521 1893/1894/349
f 1893/1894/349 1866/1865/325 1865/1866/515
s 184
f 1869/1869/786 1901/1901/349 1898/1899/353
f 1898/1899/353 1867/1868/328 1869/1869/786
f 1867/1868/328 1898/1899/353 1897/1898/352
f 1897/1898/352 1868/1867/327 1867/1868/328
s 150
f 1905/1906/358 1852/1851/782 1851/1852/313
f 1851/1852/313 1906/1903/355 1905/1906/358
s 184
f 1910/1910/355 1854/1853/313 1853/1854/783
f 1853/1854/783 1908/1908/360 1910/1910/355
f 1908/1908/360 1853/1854/783 1818/1815/295
f 1818/1815/295 1817/1818/295 1908/1908/360
f 1928/1925/528 1925/1926/372 1926/1927/794
f 1926/1927/794 1927/1928/374 1928/1925/528
f 1930/1929/795 1928/1925/528 1927/1928/374
f 1927/1928/374 1929/1930/376 1930/1929/795
s 149
f 1934/1931/375 1931/1932/377 1932/1933/796
f 1932/1933/796 1933/1934/587 1934/1931/375
f 1936/1935/797 1934/1931/375 1933/1934/587
f 1933/1934/587 1935/1936/798 1936/1935/797
s 150
f 1940/1937/797 1937/1938/531 1938/1939/799
f 1938/1939/799 1939/1940/385 1940/1937/797
s 184
f 1928/1925/528 1941/1941/797 1942/1942/533
f 1942/1942/533 1925/1926/372 1928/1925/528
f 1928/1925/528 1930/1929/795 1941/1941/797
s 149
f 1946/1943/386 1943/1944/800 1944/1945/535
f 1944/1945/535 1945/1946/536 1946/1943/386
s 184
f 1950/1947/801 1947/1948/391 1948/1949/387
f 1948/1949/387 1949/1950/534 1950/1947/801
f 1952/1951/393 1951/1952/394 1947/1948/391
f 1947/1948/391 1950/1947/801 1952/1951/393
s 0
f 1954/1953/294 1951/1952/294 1952/1951/294
f 1952/1951/294 1953/1954/294 1954/1953/294
s 184
f 1958/1955/537 1955/1956/538 1956/1957/397
f 1956/1957/397 1957/1958/398 1958/1955/537
f 1957/1958/398 1956/1957/397 1959/1959/539
f 1959/1959/539 1960/1960/802 1957/1958/398
f 1960/1960/802 1959/1959/539 1961/1961/401
f 1961/1961/401 1962/1962/402 1960/1960/802
s 149
f 1932/1933/796 1931/1932/377 1963/1963/405
f 1963/1963/405 1964/1964/803 1932/1933/796
s 184
f 1926/1927/794 1962/1962/402 1961/1961/401
f 1961/1961/401 1927/1928/374 1926/1927/794
f 1929/1930/376 1927/1928/374 1961/1961/401
f 1961/1961/401 1965/1965/405 1929/1930/376
s 149
f 1969/1966/804 1966/1967/407 1967/1968/408
f 1967/1968/408 1968/1969/543 1969/1966/804
s 184
f 1955/1956/538 1970/1970/410 1971/1971/407
f 1971/1971/407 1972/1972/804 1955/1956/538
f 1958/1955/537 1973/1973/411 1970/1970/410
f 1970/1970/410 1955/1956/538 1958/1955/537
f 1953/1954/294 1952/1951/393 1973/1973/411
f 1973/1973/411 1974/1974/294 1953/1954/294
s 149
f 1976/1975/545 1975/1976/805 1969/1966/804
f 1969/1966/804 1968/1969/543 1976/1975/545
f 1964/1964/803 1963/1963/405 1977/1977/547
f 1977/1977/547 1978/1978/806 1964/1964/803
f 1978/1978/806 1977/1977/547 1975/1976/805
f 1975/1976/805 1976/1975/545 1978/1978/806
s 184
f 1955/1956/538 1972/1972/804 1979/1979/413
f 1979/1979/413 1956/1957/397 1955/1956/538
f 1956/1957/397 1979/1979/413 1980/1980/547
f 1980/1980/547 1959/1959/539 1956/1957/397
f 1959/1959/539 1980/1980/547 1965/1965/405
f 1965/1965/405 1961/1961/401 1959/1959/539
f 1984/1981/548 1981/1982/549 1982/1983/418
f 1982/1983/418 1983/1984/419 1984/1981/548
f 1983/1984/419 1982/1983/418 1985/1985/420
f 1985/1985/420 1986/1986/421 1983/1984/419
f 1986/1986/421 1985/1985/420 1987/1987/551
f 1987/1987/551 1988/1988/423 1986/1986/421
s 156
f 1992/1989/424 1989/1990/807 1990/1991/455
f 1990/1991/455 1991/1992/808 1992/1989/424
s 150
f 1996/1993/809 1993/1994/455 1994/1995/429
f 1994/1995/429 1995/1996/430 1996/1993/809
f 1995/1996/430 1994/1995/429 1997/1997/431
f 1997/1997/431 1998/1998/432 1995/1996/430
f 1837/1838/507 1998/1998/432 1997/1997/431
f 1997/1997/431 1838/1839/303 1837/1838/507
s 184
f 1841/1842/780 1999/1999/433 2000/2000/434
f 2000/2000/434 1835/1836/300 1841/1842/780
f 1835/1836/300 2000/2000/434 2001/2001/435
f 2001/2001/435 1826/1823/296 1835/1836/300
f 1795/1796/274 1988/1988/423 1987/1987/551
f 1987/1987/551 1796/1797/276 1795/1796/274
f 1796/1797/276 1987/1987/551 2002/2002/436
f 2002/2002/436 1799/1799/278 1796/1797/276
s 149
f 1801/1802/278 2003/2003/436 2004/2004/437
f 2004/2004/437 1802/1803/610 1801/1802/278
s 156
f 2008/2005/438 2005/2006/439 2006/2007/440
f 2006/2007/440 2007/2008/441 2008/2005/438
s 184
f 1984/1981/548 2009/2009/442 2010/2010/443
f 2010/2010/443 1981/1982/549 1984/1981/548
f 1981/1982/549 2010/2010/443 2011/2011/439
f 2011/2011/439 2012/2012/438 1981/1982/549
f 2015/2013/445 2013/2014/446 2014/2015/294
f 2014/2015/294 2001/2001/435 2015/2013/445
s 156
f 2017/2016/562 2016/2017/448 2008/2005/438
f 2008/2005/438 2007/2008/441 2017/2016/562
s 149
f 2004/2004/437 2003/2003/436 2018/2018/449
f 2018/2018/449 2019/2019/810 2004/2004/437
s 156
f 2021/2020/450 2020/2021/449 2016/2017/448
f 2016/2017/448 2017/2016/562 2021/2020/450
s 184
f 1981/1982/549 2012/2012/438 2022/2022/448
f 2022/2022/448 1982/1983/418 1981/1982/549
f 1982/1983/418 2022/2022/448 2023/2023/453
f 2023/2023/453 1985/1985/420 1982/1983/418
f 1985/1985/420 2023/2023/453 2002/2002/436
f 2002/2002/436 1987/1987/551 1985/1985/420
f 2027/2024/454 2024/2025/455 2025/2026/425
f 2025/2026/425 2026/2027/565 2027/2024/454
f 2000/2000/434 1999/1999/433 2028/2028/811
f 2028/2028/811 2029/2029/457 2000/2000/434
f 2029/2029/457 2028/2028/811 2024/2025/455
f 2024/2025/455 2027/2024/454 2029/2029/457
f 2013/2014/446 2027/2024/454 2026/2027/565
f 2026/2027/565 2030/2030/458 2013/2014/446
f 2001/2001/435 2000/2000/434 2029/2029/457
f 2029/2029/457 2015/2013/445 2001/2001/435
f 2015/2013/445 2029/2029/457 2027/2024/454
f 2027/2024/454 2013/2014/446 2015/2013/445
f 2034/2031/459 2031/2032/294 2032/2033/294
f 2032/2033/294 2033/2034/460 2034/2031/459
f 2038/2035/461 2035/2036/394 2036/2037/462
f 2036/2037/462 2037/2038/463 2038/2035/461
f 2040/2039/464 2038/2035/461 2037/2038/463
f 2037/2038/463 2039/2040/465 2040/2039/464
s 149
f 2044/2041/566 2041/2042/812 2042/2043/813
f 2042/2043/813 2043/2044/619 2044/2041/566
s 150
f 2048/2045/814 2045/2046/815 2046/2047/470
f 2046/2047/470 2047/2048/816 2048/2045/814
s 184
f 2052/2049/817 2049/2050/473 2050/2051/469
f 2050/2051/469 2051/2052/570 2052/2049/817
f 2033/2034/460 2052/2049/817 2051/2052/570
f 2051/2052/570 2034/2031/459 2033/2034/460
s 0
f 1831/1832/294 1830/1831/294 2031/2032/294
s 184
f 2031/2032/294 2034/2031/459 1831/1832/297
f 1923/1923/370 2033/2034/460 2032/2033/294
s 0
f 2032/2033/294 1954/1953/294 1923/1923/294
s 149
f 2042/2043/813 1896/1893/348 1895/1896/618
f 1895/1896/618 2043/2044/619 2042/2043/813
s 184
f 2036/2037/462 1900/1897/352 1899/1900/354
f 1899/1900/354 2037/2038/463 2036/2037/462
f 2037/2038/463 1899/1900/354 1902/1902/348
f 1902/1902/348 2039/2040/465 2037/2038/463
s 149
f 1943/1944/800 2041/2042/812 2044/2041/566
f 2044/2041/566 1944/1945/535 1943/1944/800
s 184
f 1951/1952/394 2035/2036/394 2038/2035/461
f 2038/2035/461 1947/1948/391 1951/1952/394
f 1947/1948/391 2038/2035/461 2040/2039/464
f 2040/2039/464 1948/1949/387 1947/1948/391
s 150
f 2048/2045/814 1912/1911/791 1911/1912/362
f 1911/1912/362 2045/2046/815 2048/2045/814
s 184
f 2050/2051/469 1914/1913/362 1913/1914/363
f 1913/1914/363 2051/2052/570 2050/2051/469
f 2051/2052/570 1913/1914/363 1831/1832/297
f 1831/1832/297 2034/2031/459 2051/2052/570
s 150
f 1915/1916/592 2047/2048/816 2046/2047/470
f 2046/2047/470 1916/1917/366 1915/1916/592
s 184
f 1919/1920/793 2049/2050/473 2052/2049/817
f 2052/2049/817 1920/1921/368 1919/1920/793
f 1920/1921/368 2052/2049/817 2033/2034/460
f 2033/2034/460 1923/1923/370 1920/1921/368
s 150
f 1917/1918/367 1814/1811/288 1813/1814/779
f 1813/1814/779 1918/1915/792 1917/1918/367
s 184
f 1921/1922/369 1807/1808/777 1810/1810/288
f 1810/1810/288 1922/1919/367 1921/1922/369
f 1924/1924/370 1808/1805/500 1807/1808/777
f 1807/1808/777 1921/1922/369 1924/1924/370
f 1805/1806/284 1926/1927/794 1925/1926/372
f 1925/1926/372 1806/1807/776 1805/1806/284
f 1806/1807/776 1925/1926/372 1942/1942/533
f 1942/1942/533 1809/1809/287 1806/1807/776
s 150
f 1811/1812/778 1939/1940/385 1938/1939/799
f 1938/1939/799 1812/1813/589 1811/1812/778
s 184
f 1973/1973/411 1952/1951/393 1950/1947/801
f 1950/1947/801 1970/1970/410 1973/1973/411
f 1970/1970/410 1950/1947/801 1949/1950/534
f 1949/1950/534 1971/1971/407 1970/1970/410
s 149
f 1966/1967/407 1946/1943/386 1945/1946/536
f 1945/1946/536 1967/1968/408 1966/1967/407
s 184
f 1958/1955/537 1957/1958/398 1974/1974/294
f 1974/1974/294 1973/1973/411 1958/1955/537
f 1926/1927/794 1805/1806/284 1974/1974/294
f 1974/1974/294 1962/1962/402 1926/1927/794
f 1960/1960/802 1962/1962/402 1974/1974/294
f 1974/1974/294 1957/1958/398 1960/1960/802
f 1805/1806/284 1808/1805/500 1953/1954/294
s 0
f 1953/1954/294 1974/1974/294 1805/1806/294
s 184
f 1953/1954/294 1808/1805/500 1924/1924/370
f 1823/1824/294 1795/1796/274 1798/1795/275
f 1798/1795/275 1824/1825/294 1823/1824/294
f 1824/1825/294 1798/1795/275 1873/1872/274
s 0
f 1873/1872/294 1819/1820/294 1824/1825/294
s 184
f 1819/1820/294 1873/1872/274 1878/1877/787
f 1878/1877/787 1820/1821/294 1819/1820/294
f 1820/1821/294 1878/1877/787 1891/1890/346
f 1891/1890/346 1827/1827/294 1820/1821/294
s 0
f 1859/1860/294 1833/1834/294 1827/1827/294
s 184
f 1827/1827/294 1891/1890/346 1859/1860/274
s 0
f 1833/1834/294 1859/1860/294 1862/1859/294
f 1862/1859/294 1815/1816/294 1833/1834/294
f 1815/1816/294 1862/1859/294 1868/1867/294
f 1868/1867/294 1816/1817/294 1815/1816/294
f 1897/1898/476 1829/1830/294 1816/1817/294
f 1816/1817/294 1868/1867/294 1897/1898/294
f 1829/1830/294 1897/1898/294 1900/1897/294
f 1900/1897/294 1830/1831/294 1829/1830/294
f 1830/1831/294 1900/1897/294 2036/2037/294
f 2036/2037/462 2031/2032/294 1830/1831/294
f 2031/2032/294 2036/2037/294 2035/2036/294
f 2035/2036/294 2032/2033/294 2031/2032/294
f 1951/1952/294 1954/1953/294 2032/2033/294
f 2032/2033/294 2035/2036/462 1951/1952/462
f 1923/1923/294 1954/1953/294 1953/1954/294
f 1953/1954/294 1924/1924/370 1923/1923/370
s 184
f 2009/2009/442 2030/2030/458 2026/2027/565
f 2026/2027/565 2010/2010/443 2009/2009/442
f 2010/2010/443 2026/2027/565 2025/2026/425
f 2025/2026/425 2011/2011/439 2010/2010/443
s 156
f 2005/2006/439 1989/1990/807 1992/1989/424
f 1992/1989/424 2006/2007/440 2005/2006/439
s 184
f 1986/1986/421 1988/1988/423 2014/2015/294
f 2014/2015/294 1983/1984/419 1986/1986/421
f 1795/1796/274 1823/1824/294 2014/2015/294
f 2014/2015/294 1988/1988/423 1795/1796/274
f 1826/1823/296 2001/2001/435 2014/2015/294
f 2014/2015/294 1823/1824/294 1826/1823/296
f 2013/2014/446 2030/2030/458 2009/2009/442
f 2009/2009/442 2014/2015/294 2013/2014/446
f 1984/1981/548 1983/1984/419 2014/2015/294
f 2014/2015/294 2009/2009/442 1984/1981/548
s 149
f 2056/2053/208 2053/2054/207 2054/2055/206
f 2054/2055/206 2055/2056/209 2056/2053/208
f 2058/2057/210 2056/2053/208 2055/2056/209
f 2055/2056/209 2057/2058/211 2058/2057/210
f 2060/2059/478 2058/2057/210 2057/2058/211
f 2057/2058/211 2059/2060/213 2060/2059/478
f 2062/2061/479 2060/2059/478 2059/2060/213
f 2059/2060/213 2061/2062/479 2062/2061/479
f 2064/2063/216 2062/2061/479 2061/2062/479
f 2061/2062/479 2063/2064/216 2064/2063/216
s 150
f 2068/2065/218 2065/2066/216 2066/2067/216
f 2066/2067/216 2067/2068/218 2068/2065/218
f 2070/2069/221 2068/2065/218 2067/2068/218
f 2067/2068/218 2069/2070/221 2070/2069/221
s 0
f 2072/2071/221 2070/2069/221 2069/2070/221
f 2069/2070/221 2071/2072/221 2072/2071/221
s 150
f 2074/2073/693 2072/2071/481 2071/2072/481
f 2071/2072/481 2073/2074/222 2074/2073/693
f 2076/2075/223 2074/2073/693 2073/2074/222
f 2073/2074/222 2075/2076/223 2076/2075/223
f 2078/2077/224 2076/2075/223 2075/2076/223
f 2075/2076/223 2077/2078/224 2078/2077/224
f 2080/2079/818 2078/2077/224 2077/2078/224
f 2077/2078/224 2079/2080/482 2080/2079/818
f 2082/2081/226 2080/2079/818 2079/2080/482
f 2079/2080/482 2081/2082/226 2082/2081/226
f 2084/2083/228 2082/2081/226 2081/2082/226
f 2081/2082/226 2083/2084/228 2084/2083/228
f 2086/2085/230 2084/2083/228 2083/2084/228
f 2083/2084/228 2085/2086/229 2086/2085/230
f 2088/2087/231 2086/2085/230 2085/2086/229
f 2085/2086/229 2087/2088/231 2088/2087/231
f 2090/2089/232 2088/2087/231 2087/2088/231
f 2087/2088/231 2089/2090/573 2090/2089/232
f 2092/2091/819 2090/2089/232 2089/2090/573
f 2089/2090/573 2091/2092/574 2092/2091/819
f 2094/2093/235 2092/2091/819 2091/2092/574
f 2091/2092/574 2093/2094/235 2094/2093/235
f 2096/2095/237 2094/2093/235 2093/2094/235
f 2093/2094/235 2095/2096/237 2096/2095/237
f 2098/2097/238 2096/2095/237 2095/2096/237
f 2095/2096/237 2097/2098/238 2098/2097/238
f 2100/2099/240 2098/2097/238 2097/2098/238
f 2097/2098/238 2099/2100/488 2100/2099/240
f 2102/2101/242 2100/2099/240 2099/2100/488
f 2099/2100/488 2101/2102/242 2102/2101/242
f 2104/2103/244 2102/2101/242 2101/2102/242
f 2101/2102/242 2103/2104/244 2104/2103/244
f 2106/2105/246 2104/2103/244 2103/2104/244
f 2103/2104/244 2105/2106/245 2106/2105/246
s 156
f 2110/2107/247 2107/2108/246 2108/2109/246
f 2108/2109/246 2109/2110/247 2110/2107/247
f 2112/2111/249 2110/2107/247 2109/2110/247
f 2109/2110/247 2111/2112/249 2112/2111/249
f 2114/2113/250 2112/2111/249 2111/2112/249
f 2111/2112/249 2113/2114/250 2114/2113/250
f 2116/2115/252 2114/2113/250 2113/2114/250
f 2113/2114/250 2115/2116/252 2116/2115/252
f 2118/2117/700 2116/2115/252 2115/2116/252
f 2115/2116/252 2117/2118/700 2118/2117/700
s 149
f 2122/2119/254 2119/2120/253 2120/2121/253
f 2120/2121/253 2121/2122/254 2122/2119/254
f 2124/2123/256 2122/2119/254 2121/2122/254
f 2121/2122/254 2123/2124/256 2124/2123/256
f 2126/2125/493 2124/2123/256 2123/2124/256
f 2123/2124/256 2125/2126/493 2126/2125/493
f 2128/2127/259 2126/2125/493 2125/2126/493
f 2125/2126/493 2127/2128/259 2128/2127/259
f 2130/2129/701 2128/2127/259 2127/2128/259
f 2127/2128/259 2129/2130/260 2130/2129/701
f 2132/2131/262 2130/2129/701 2129/2130/260
f 2129/2130/260 2131/2132/262 2132/2131/262
f 2134/2133/263 2132/2131/262 2131/2132/262
f 2131/2132/262 2133/2134/263 2134/2133/263
f 2136/2135/264 2134/2133/263 2133/2134/263
f 2133/2134/263 2135/2136/264 2136/2135/264
f 2138/2137/265 2136/2135/264 2135/2136/264
f 2135/2136/264 2137/2138/265 2138/2137/265
f 2140/2139/266 2138/2137/265 2137/2138/265
f 2137/2138/265 2139/2140/266 2140/2139/266
f 2142/2141/267 2140/2139/266 2139/2140/266
f 2139/2140/266 2141/2142/267 2142/2141/267
f 2144/2143/269 2142/2141/267 2141/2142/267
f 2141/2142/267 2143/2144/269 2144/2143/269
f 2146/2145/270 2144/2143/269 2143/2144/269
f 2143/2144/269 2145/2146/270 2146/2145/270
f 2148/2147/272 2146/2145/270 2145/2146/270
f 2145/2146/270 2147/2148/272 2148/2147/272
s 0
f 2150/2149/272 2148/2147/272 2147/2148/272
f 2147/2148/272 2149/2150/272 2150/2149/272
f 2152/2151/272 2150/2149/272 2149/2150/272
f 2149/2150/272 2151/2152/272 2152/2151/272
s 149
f 2154/2153/273 2152/2151/272 2151/2152/272
f 2151/2152/272 2153/2154/273 2154/2153/273
f 2053/2054/207 2154/2153/273 2153/2154/273
f 2153/2154/273 2054/2055/206 2053/2054/207
f 1978/1978/806 1976/1975/545 2053/2054/207
f 2053/2054/207 2056/2053/208 1978/1978/806
f 1964/1964/803 1978/1978/806 2056/2053/208
f 2056/2053/208 2058/2057/210 1964/1964/803
f 1932/1933/796 1964/1964/803 2058/2057/210
f 2058/2057/210 2060/2059/478 1932/1933/796
f 1933/1934/587 1932/1933/796 2060/2059/478
f 2060/2059/478 2062/2061/479 1933/1934/587
f 1935/1936/798 1933/1934/587 2062/2061/479
f 2062/2061/479 2064/2063/216 1935/1936/798
s 150
f 1938/1939/799 1937/1938/531 2065/2066/216
f 2065/2066/216 2068/2065/218 1938/1939/799
f 1812/1813/589 1938/1939/799 2068/2065/218
f 2068/2065/218 2070/2069/221 1812/1813/589
f 1813/1814/779 1812/1813/589 2070/2069/221
f 2070/2069/221 2072/2071/481 1813/1814/779
f 1918/1915/792 1813/1814/779 2072/2071/481
f 2072/2071/481 2074/2073/693 1918/1915/792
f 1915/1916/592 1918/1915/792 2074/2073/693
f 2074/2073/693 2076/2075/223 1915/1916/592
f 2047/2048/816 1915/1916/592 2076/2075/223
f 2076/2075/223 2078/2077/224 2047/2048/816
f 2048/2045/814 2047/2048/816 2078/2077/224
f 2078/2077/224 2080/2079/818 2048/2045/814
f 1912/1911/791 2048/2045/814 2080/2079/818
f 2080/2079/818 2082/2081/226 1912/1911/791
f 1904/1905/522 1912/1911/791 2082/2081/226
f 2082/2081/226 2084/2083/228 1904/1905/522
f 1905/1906/358 1904/1905/522 2084/2083/228
f 2084/2083/228 2086/2085/230 1905/1906/358
f 1852/1851/782 1905/1906/358 2086/2085/230
f 2086/2085/230 2088/2087/231 1852/1851/782
f 1844/1845/307 1852/1851/782 2088/2087/231
f 2088/2087/231 2090/2089/232 1844/1845/307
f 1845/1846/781 1844/1845/307 2090/2089/232
f 2090/2089/232 2092/2091/819 1845/1846/781
f 1885/1884/788 1845/1846/781 2092/2091/819
f 2092/2091/819 2094/2093/235 1885/1884/788
f 1881/1880/337 1885/1884/788 2094/2093/235
f 2094/2093/235 2096/2095/237 1881/1880/337
f 1840/1837/506 1881/1880/337 2096/2095/237
f 2096/2095/237 2098/2097/238 1840/1837/506
f 1837/1838/507 1840/1837/506 2098/2097/238
f 2098/2097/238 2100/2099/240 1837/1838/507
f 1998/1998/432 1837/1838/507 2100/2099/240
f 2100/2099/240 2102/2101/242 1998/1998/432
f 1995/1996/430 1998/1998/432 2102/2101/242
f 2102/2101/242 2104/2103/244 1995/1996/430
f 1996/1993/809 1995/1996/430 2104/2103/244
f 2104/2103/244 2106/2105/246 1996/1993/809
s 156
f 1992/1989/424 1991/1992/808 2107/2108/246
f 2107/2108/246 2110/2107/247 1992/1989/424
f 2006/2007/440 1992/1989/424 2110/2107/247
f 2110/2107/247 2112/2111/249 2006/2007/440
f 2007/2008/441 2006/2007/440 2112/2111/249
f 2112/2111/249 2114/2113/250 2007/2008/441
f 2017/2016/562 2007/2008/441 2114/2113/250
f 2114/2113/250 2116/2115/252 2017/2016/562
f 2021/2020/450 2017/2016/562 2116/2115/252
f 2116/2115/252 2118/2117/700 2021/2020/450
s 149
f 2004/2004/437 2019/2019/810 2119/2120/253
f 2119/2120/253 2122/2119/254 2004/2004/437
f 1802/1803/610 2004/2004/437 2122/2119/254
f 2122/2119/254 2124/2123/256 1802/1803/610
f 1803/1804/282 1802/1803/610 2124/2123/256
f 2124/2123/256 2126/2125/493 1803/1804/282
f 1870/1871/516 1803/1804/282 2126/2125/493
f 2126/2125/493 2128/2127/259 1870/1871/516
f 1875/1876/335 1870/1871/516 2128/2127/259
f 2128/2127/259 2130/2129/701 1875/1876/335
f 1888/1889/790 1875/1876/335 2130/2129/701
f 2130/2129/701 2132/2131/262 1888/1889/790
f 1856/1857/512 1888/1889/790 2132/2131/262
f 2132/2131/262 2134/2133/263 1856/1857/512
f 1857/1858/319 1856/1857/512 2134/2133/263
f 2134/2133/263 2136/2135/264 1857/1858/319
f 1865/1866/515 1857/1858/319 2136/2135/264
f 2136/2135/264 2138/2137/265 1865/1866/515
f 1894/1895/521 1865/1866/515 2138/2137/265
f 2138/2137/265 2140/2139/266 1894/1895/521
f 1895/1896/618 1894/1895/521 2140/2139/266
f 2140/2139/266 2142/2141/267 1895/1896/618
f 2043/2044/619 1895/1896/618 2142/2141/267
f 2142/2141/267 2144/2143/269 2043/2044/619
f 2044/2041/566 2043/2044/619 2144/2143/269
f 2144/2143/269 2146/2145/270 2044/2041/566
f 1944/1945/535 2044/2041/566 2146/2145/270
f 2146/2145/270 2148/2147/272 1944/1945/535
f 1945/1946/536 1944/1945/535 2148/2147/272
f 2148/2147/272 2150/2149/272 1945/1946/536
f 1967/1968/408 1945/1946/536 2150/2149/272
f 2150/2149/272 2152/2151/272 1967/1968/408
f 1968/1969/543 1967/1968/408 2152/2151/272
f 2152/2151/272 2154/2153/273 1968/1969/543
f 1976/1975/545 1968/1969/543 2154/2153/273
f 2154/2153/273 2053/2054/207 1976/1975/545
f 2151/2152/272 1792/1792/272 1794/1794/273
f 1794/1794/273 2153/2154/273 2151/2152/272
f 2153/2154/273 1794/1794/273 1696/1693/207
f 1696/1693/207 2054/2055/206 2153/2154/273
f 2055/2056/209 2054/2055/206 1696/1693/207
f 1696/1693/207 1695/1696/209 2055/2056/209
f 2055/2056/209 1695/1696/209 1698/1698/477
f 1698/1698/477 2057/2058/211 2055/2056/209
f 2057/2058/211 1698/1698/477 1700/1700/478
f 1700/1700/478 2059/2060/213 2057/2058/211
f 2059/2060/213 1700/1700/478 1702/1702/214
f 1702/1702/214 2061/2062/479 2059/2060/213
f 2061/2062/479 1702/1702/214 1704/1704/216
f 1704/1704/216 2063/2064/216 2061/2062/479
s 150
f 2066/2067/216 1708/1705/216 1707/1708/218
f 1707/1708/218 2067/2068/218 2066/2067/216
f 2067/2068/218 1707/1708/218 1710/1710/221
f 1710/1710/221 2069/2070/221 2067/2068/218
s 0
f 2069/2070/221 1710/1710/221 1712/1712/221
f 1712/1712/221 2071/2072/221 2069/2070/221
s 150
f 2071/2072/481 1712/1712/481 1714/1714/693
f 1714/1714/693 2073/2074/222 2071/2072/481
f 2073/2074/222 1714/1714/693 1716/1716/223
f 1716/1716/223 2075/2076/223 2073/2074/222
f 2075/2076/223 1716/1716/223 1718/1718/224
f 1718/1718/224 2077/2078/224 2075/2076/223
f 2077/2078/224 1718/1718/224 1720/1720/225
f 1720/1720/225 2079/2080/482 2077/2078/224
f 2079/2080/482 1720/1720/225 1722/1722/226
f 1722/1722/226 2081/2082/226 2079/2080/482
f 2081/2082/226 1722/1722/226 1724/1724/228
f 1724/1724/228 2083/2084/228 2081/2082/226
f 2083/2084/228 1724/1724/228 1726/1726/230
f 1726/1726/230 2085/2086/229 2083/2084/228
f 2085/2086/229 1726/1726/230 1728/1728/231
f 1728/1728/231 2087/2088/231 2085/2086/229
f 2087/2088/231 1728/1728/231 1730/1730/232
f 1730/1730/232 2089/2090/573 2087/2088/231
f 2089/2090/573 1730/1730/232 1732/1732/574
f 1732/1732/574 2091/2092/574 2089/2090/573
f 2091/2092/574 1732/1732/574 1734/1734/235
f 1734/1734/235 2093/2094/235 2091/2092/574
f 2093/2094/235 1734/1734/235 1736/1736/237
f 1736/1736/237 2095/2096/237 2093/2094/235
f 2095/2096/237 1736/1736/237 1738/1738/487
f 1738/1738/487 2097/2098/238 2095/2096/237
f 2097/2098/238 1738/1738/487 1740/1740/240
f 1740/1740/240 2099/2100/488 2097/2098/238
f 2099/2100/488 1740/1740/240 1742/1742/242
f 1742/1742/242 2101/2102/242 2099/2100/488
f 2101/2102/242 1742/1742/242 1744/1744/244
f 1744/1744/244 2103/2104/244 2101/2102/242
f 2103/2104/244 1744/1744/244 1746/1746/245
f 1746/1746/245 2105/2106/245 2103/2104/244
s 156
f 2108/2109/246 1750/1747/246 1749/1750/247
f 1749/1750/247 2109/2110/247 2108/2109/246
f 2109/2110/247 1749/1750/247 1752/1752/249
f 1752/1752/249 2111/2112/249 2109/2110/247
f 2111/2112/249 1752/1752/249 1754/1754/250
f 1754/1754/250 2113/2114/250 2111/2112/249
f 2113/2114/250 1754/1754/250 1756/1756/252
f 1756/1756/252 2115/2116/252 2113/2114/250
f 2115/2116/252 1756/1756/252 1758/1758/700
f 1758/1758/700 2117/2118/700 2115/2116/252
s 149
f 2120/2121/253 1762/1759/253 1761/1762/254
f 1761/1762/254 2121/2122/254 2120/2121/253
f 2121/2122/254 1761/1762/254 1764/1764/256
f 1764/1764/256 2123/2124/256 2121/2122/254
f 2123/2124/256 1764/1764/256 1766/1766/258
f 1766/1766/258 2125/2126/493 2123/2124/256
f 2125/2126/493 1766/1766/258 1768/1768/259
f 1768/1768/259 2127/2128/259 2125/2126/493
f 2127/2128/259 1768/1768/259 1770/1770/260
f 1770/1770/260 2129/2130/260 2127/2128/259
f 2129/2130/260 1770/1770/260 1772/1772/262
f 1772/1772/262 2131/2132/262 2129/2130/260
f 2131/2132/262 1772/1772/262 1774/1774/263
f 1774/1774/263 2133/2134/263 2131/2132/262
f 2133/2134/263 1774/1774/263 1776/1776/264
f 1776/1776/264 2135/2136/264 2133/2134/263
f 2135/2136/264 1776/1776/264 1778/1778/265
f 1778/1778/265 2137/2138/265 2135/2136/264
f 2137/2138/265 1778/1778/265 1780/1780/266
f 1780/1780/266 2139/2140/266 2137/2138/265
f 2139/2140/266 1780/1780/266 1782/1782/267
f 1782/1782/267 2141/2142/267 2139/2140/266
f 2141/2142/267 1782/1782/267 1784/1784/269
f 1784/1784/269 2143/2144/269 2141/2142/267
f 2143/2144/269 1784/1784/269 1786/1786/270
f 1786/1786/270 2145/2146/270 2143/2144/269
f 2145/2146/270 1786/1786/270 1788/1788/272
f 1788/1788/272 2147/2148/272 2145/2146/270
s 0
f 2147/2148/272 1788/1788/272 1790/1790/272
f 1790/1790/272 2149/2150/272 2147/2148/272
f 2149/2150/272 1790/1790/272 1792/1792/272
f 1792/1792/272 2151/2152/272 2149/2150/272
s 223
f 2158/2155/820 2155/2156/821 2156/2157/822
f 2156/2157/822 2157/2158/823 2158/2155/820
f 2160/2159/824 2158/2155/820 2157/2158/823
f 2157/2158/823 2159/2160/825 2160/2159/824
f 2162/2161/826 2160/2159/824 2159/2160/825
f 2159/2160/825 2161/2162/827 2162/2161/826
f 2164/2163/828 2162/2161/826 2161/2162/827
f 2161/2162/827 2163/2164/829 2164/2163/828
s 224
f 2168/2165/830 2165/2166/831 2166/2167/832
f 2166/2167/832 2167/2168/833 2168/2165/830
f 2170/2169/834 2168/2165/830 2167/2168/833
f 2167/2168/833 2169/2170/835 2170/2169/834
f 2172/2171/836 2170/2169/834 2169/2170/835
f 2169/2170/835 2171/2172/837 2172/2171/836
f 2174/2173/838 2172/2171/836 2171/2172/837
f 2171/2172/837 2173/2174/839 2174/2173/838
f 2178/2175/840 2175/2176/841 2176/2177/842
f 2176/2177/842 2177/2178/843 2178/2175/840
f 2180/2179/844 2178/2175/840 2177/2178/843
f 2177/2178/843 2179/2180/845 2180/2179/844
f 2182/2181/846 2180/2179/844 2179/2180/845
f 2179/2180/845 2181/2182/847 2182/2181/846
f 2184/2183/848 2182/2181/846 2181/2182/847
f 2181/2182/847 2183/2184/849 2184/2183/848
s 223
f 2188/2185/850 2185/2186/851 2186/2187/852
f 2186/2187/852 2187/2188/853 2188/2185/850
f 2190/2189/854 2188/2185/850 2187/2188/853
f 2187/2188/853 2189/2190/855 2190/2189/854
f 2192/2191/856 2190/2189/854 2189/2190/855
f 2189/2190/855 2191/2192/857 2192/2191/856
f 2194/2193/858 2192/2191/856 2191/2192/857
f 2191/2192/857 2193/2194/859 2194/2193/858
f 2198/2195/860 2195/2196/861 2196/2197/862
f 2196/2197/862 2197/2198/863 2198/2195/860
f 2200/2199/864 2198/2195/860 2197/2198/863
f 2197/2198/863 2199/2200/865 2200/2199/864
f 2202/2201/866 2200/2199/864 2199/2200/865
f 2199/2200/865 2201/2202/867 2202/2201/866
f 2204/2203/868 2202/2201/866 2201/2202/867
f 2201/2202/867 2203/2204/869 2204/2203/868
f 2208/2205/870 2205/2206/871 2206/2207/872
f 2206/2207/872 2207/2208/873 2208/2205/870
f 2210/2209/874 2208/2205/870 2207/2208/873
f 2207/2208/873 2209/2210/875 2210/2209/874
f 2212/2211/876 2210/2209/874 2209/2210/875
f 2209/2210/875 2211/2212/877 2212/2211/876
f 2214/2213/878 2212/2211/876 2211/2212/877
f 2211/2212/877 2213/2214/879 2214/2213/878
f 2218/2215/880 2215/2216/881 2216/2217/882
f 2216/2217/882 2217/2218/883 2218/2215/880
f 2220/2219/884 2218/2215/880 2217/2218/883
f 2217/2218/883 2219/2220/885 2220/2219/884
f 2222/2221/886 2220/2219/884 2219/2220/885
f 2219/2220/885 2221/2222/887 2222/2221/886
f 2224/2223/888 2222/2221/886 2221/2222/887
f 2221/2222/887 2223/2224/889 2224/2223/888
s 224
f 2228/2225/890 2225/2226/891 2226/2227/892
f 2226/2227/892 2227/2228/893 2228/2225/890
f 2230/2229/894 2228/2225/890 2227/2228/893
f 2227/2228/893 2229/2230/895 2230/2229/894
f 2232/2231/896 2230/2229/894 2229/2230/895
f 2229/2230/895 2231/2232/897 2232/2231/896
f 2234/2233/898 2232/2231/896 2231/2232/897
f 2231/2232/897 2233/2234/899 2234/2233/898
f 2238/2235/900 2235/2236/901 2236/2237/902
f 2236/2237/902 2237/2238/903 2238/2235/900
f 2240/2239/904 2238/2235/900 2237/2238/903
f 2237/2238/903 2239/2240/905 2240/2239/904
f 2242/2241/906 2240/2239/904 2239/2240/905
f 2239/2240/905 2241/2242/907 2242/2241/906
f 2244/2243/908 2242/2241/906 2241/2242/907
f 2241/2242/907 2243/2244/909 2244/2243/908
s 223
f 2248/2245/910 2245/2246/911 2246/2247/912
f 2246/2247/912 2247/2248/913 2248/2245/910
f 2250/2249/914 2248/2245/910 2247/2248/913
f 2247/2248/913 2249/2250/915 2250/2249/914
f 2252/2251/916 2250/2249/914 2249/2250/915
f 2249/2250/915 2251/2252/917 2252/2251/916
f 2254/2253/918 2252/2251/916 2251/2252/917
f 2251/2252/917 2253/2254/919 2254/2253/918
f 2258/2255/920 2255/2256/921 2256/2257/919
f 2256/2257/919 2257/2258/922 2258/2255/920
f 2260/2259/923 2258/2255/920 2257/2258/922
f 2257/2258/922 2259/2260/924 2260/2259/923
f 2262/2261/925 2260/2259/923 2259/2260/924
f 2259/2260/924 2261/2262/926 2262/2261/925
f 2264/2263/927 2262/2261/925 2261/2262/926
f 2261/2262/926 2263/2264/928 2264/2263/927
f 2268/2265/929 2265/2266/930 2266/2267/931
f 2266/2267/931 2267/2268/932 2268/2265/929
f 2270/2269/933 2268/2265/929 2267/2268/932
f 2267/2268/932 2269/2270/934 2270/2269/933
f 2272/2271/935 2270/2269/933 2269/2270/934
f 2269/2270/934 2271/2272/936 2272/2271/935
f 2274/2273/937 2272/2271/935 2271/2272/936
f 2271/2272/936 2273/2274/938 2274/2273/937
f 2278/2275/939 2275/2276/940 2276/2277/941
f 2276/2277/941 2277/2278/942 2278/2275/939
f 2280/2279/943 2278/2275/939 2277/2278/942
f 2277/2278/942 2279/2280/944 2280/2279/943
f 2282/2281/945 2280/2279/943 2279/2280/944
f 2279/2280/944 2281/2282/946 2282/2281/945
f 2284/2283/947 2282/2281/945 2281/2282/946
f 2281/2282/946 2283/2284/948 2284/2283/947
f 2288/2285/949 2285/2286/950 2286/2287/951
f 2286/2287/951 2287/2288/952 2288/2285/949
f 2290/2289/953 2288/2285/949 2287/2288/952
f 2287/2288/952 2289/2290/954 2290/2289/953
f 2292/2291/955 2290/2289/953 2289/2290/954
f 2289/2290/954 2291/2292/956 2292/2291/955
f 2294/2293/957 2292/2291/955 2291/2292/956
f 2291/2292/956 2293/2294/958 2294/2293/957
f 2298/2295/959 2295/2296/960 2296/2297/961
f 2296/2297/961 2297/2298/962 2298/2295/959
f 2300/2299/963 2298/2295/959 2297/2298/962
f 2297/2298/962 2299/2300/964 2300/2299/963
f 2302/2301/965 2300/2299/963 2299/2300/964
f 2299/2300/964 2301/2302/966 2302/2301/965
f 2304/2303/967 2302/2301/965 2301/2302/966
f 2301/2302/966 2303/2304/968 2304/2303/967
s 224
f 2308/2305/969 2305/2306/970 2306/2307/971
f 2306/2307/971 2307/2308/972 2308/2305/969
f 2310/2309/973 2308/2305/969 2307/2308/972
f 2307/2308/972 2309/2310/974 2310/2309/973
f 2312/2311/975 2310/2309/973 2309/2310/974
f 2309/2310/974 2311/2312/976 2312/2311/975
f 2314/2313/977 2312/2311/975 2311/2312/976
f 2311/2312/976 2313/2314/978 2314/2313/977
f 2318/2315/979 2315/2316/980 2316/2317/980
f 2316/2317/980 2317/2318/981 2318/2315/979
f 2320/2319/982 2318/2315/979 2317/2318/981
f 2317/2318/981 2319/2320/983 2320/2319/982
f 2322/2321/984 2320/2319/982 2319/2320/983
f 2319/2320/983 2321/2322/985 2322/2321/984
f 2324/2323/986 2322/2321/984 2321/2322/985
f 2321/2322/985 2323/2324/987 2324/2323/986
s 223
f 2328/2325/988 2325/2326/989 2326/2327/990
f 2326/2327/990 2327/2328/991 2328/2325/988
f 2330/2329/992 2328/2325/988 2327/2328/991
f 2327/2328/991 2329/2330/993 2330/2329/992
f 2332/2331/994 2330/2329/992 2329/2330/993
f 2329/2330/993 2331/2332/995 2332/2331/994
f 2334/2333/996 2332/2331/994 2331/2332/995
f 2331/2332/995 2333/2334/997 2334/2333/996
f 2338/2335/998 2335/2336/999 2336/2337/1000
f 2336/2337/1000 2337/2338/1001 2338/2335/998
f 2340/2339/1002 2338/2335/998 2337/2338/1001
f 2337/2338/1001 2339/2340/1003 2340/2339/1002
f 2342/2341/1004 2340/2339/1002 2339/2340/1003
f 2339/2340/1003 2341/2342/1005 2342/2341/1004
f 2344/2343/1006 2342/2341/1004 2341/2342/1005
f 2341/2342/1005 2343/2344/1007 2344/2343/1006
f 2348/2345/1008 2345/2346/1009 2346/2347/1010
f 2346/2347/1010 2347/2348/1011 2348/2345/1008
f 2350/2349/1012 2348/2345/1008 2347/2348/1011
f 2347/2348/1011 2349/2350/1013 2350/2349/1012
f 2352/2351/1014 2350/2349/1012 2349/2350/1013
f 2349/2350/1013 2351/2352/1015 2352/2351/1014
f 2354/2353/1016 2352/2351/1014 2351/2352/1015
f 2351/2352/1015 2353/2354/1017 2354/2353/1016
f 2358/2355/1018 2355/2356/1019 2356/2357/1020
f 2356/2357/1020 2357/2358/1021 2358/2355/1018
f 2360/2359/1022 2358/2355/1018 2357/2358/1021
f 2357/2358/1021 2359/2360/1023 2360/2359/1022
f 2362/2361/1024 2360/2359/1022 2359/2360/1023
f 2359/2360/1023 2361/2362/1025 2362/2361/1024
f 2364/2363/1026 2362/2361/1024 2361/2362/1025
f 2361/2362/1025 2363/2364/1027 2364/2363/1026
f 2368/2365/1028 2365/2366/1029 2366/2367/1030
f 2366/2367/1030 2367/2368/1031 2368/2365/1028
f 2370/2369/1032 2368/2365/1028 2367/2368/1031
f 2367/2368/1031 2369/2370/1033 2370/2369/1032
f 2372/2371/1034 2370/2369/1032 2369/2370/1033
f 2369/2370/1033 2371/2372/1035 2372/2371/1034
f 2374/2373/1036 2372/2371/1034 2371/2372/1035
f 2371/2372/1035 2373/2374/1037 2374/2373/1036
f 2378/2375/1038 2375/2376/1039 2376/2377/1040
f 2376/2377/1040 2377/2378/1041 2378/2375/1038
f 2380/2379/1042 2378/2375/1038 2377/2378/1041
f 2377/2378/1041 2379/2380/1043 2380/2379/1042
f 2382/2381/1044 2380/2379/1042 2379/2380/1043
f 2379/2380/1043 2381/2382/1045 2382/2381/1044
f 2384/2383/1046 2382/2381/1044 2381/2382/1045
f 2381/2382/1045 2383/2384/1047 2384/2383/1046
f 2388/2385/1048 2385/2386/1049 2386/2387/1050
f 2386/2387/1050 2387/2388/1051 2388/2385/1048
f 2390/2389/1052 2388/2385/1048 2387/2388/1051
f 2387/2388/1051 2389/2390/1053 2390/2389/1052
f 2392/2391/1054 2390/2389/1052 2389/2390/1053
f 2389/2390/1053 2391/2392/1055 2392/2391/1054
f 2394/2393/1056 2392/2391/1054 2391/2392/1055
f 2391/2392/1055 2393/2394/1057 2394/2393/1056
f 2398/2395/1058 2395/2396/1059 2396/2397/1060
f 2396/2397/1060 2397/2398/1061 2398/2395/1058
f 2400/2399/1062 2398/2395/1058 2397/2398/1061
f 2397/2398/1061 2399/2400/1063 2400/2399/1062
f 2402/2401/1064 2400/2399/1062 2399/2400/1063
f 2399/2400/1063 2401/2402/1065 2402/2401/1064
f 2404/2403/1066 2402/2401/1064 2401/2402/1065
f 2401/2402/1065 2403/2404/1067 2404/2403/1066
s 224
f 2408/2405/1068 2405/2406/1069 2406/2407/1070
f 2406/2407/1070 2407/2408/1071 2408/2405/1068
f 2410/2409/1072 2408/2405/1068 2407/2408/1071
f 2407/2408/1071 2409/2410/1073 2410/2409/1072
f 2412/2411/1074 2410/2409/1072 2409/2410/1073
f 2409/2410/1073 2411/2412/1075 2412/2411/1074
f 2414/2413/1076 2412/2411/1074 2411/2412/1075
f 2411/2412/1075 2413/2414/1077 2414/2413/1076
f 2418/2415/1078 2415/2416/1079 2416/2417/1080
f 2416/2417/1080 2417/2418/1081 2418/2415/1078
f 2420/2419/1082 2418/2415/1078 2417/2418/1081
f 2417/2418/1081 2419/2420/1083 2420/2419/1082
f 2422/2421/1084 2420/2419/1082 2419/2420/1083
f 2419/2420/1083 2421/2422/1085 2422/2421/1084
f 2424/2423/1086 2422/2421/1084 2421/2422/1085
f 2421/2422/1085 2423/2424/1087 2424/2423/1086
s 223
f 2428/2425/1088 2425/2426/1089 2426/2427/1090
f 2426/2427/1090 2427/2428/1091 2428/2425/1088
f 2430/2429/1092 2428/2425/1088 2427/2428/1091
f 2427/2428/1091 2429/2430/1093 2430/2429/1092
f 2432/2431/1094 2430/2429/1092 2429/2430/1093
f 2429/2430/1093 2431/2432/1095 2432/2431/1094
f 2434/2433/1096 2432/2431/1094 2431/2432/1095
f 2431/2432/1095 2433/2434/1097 2434/2433/1096
f 2438/2435/1098 2435/2436/1099 2436/2437/1100
f 2436/2437/1100 2437/2438/1101 2438/2435/1098
f 2440/2439/1102 2438/2435/1098 2437/2438/1101
f 2437/2438/1101 2439/2440/1103 2440/2439/1102
f 2442/2441/1104 2440/2439/1102 2439/2440/1103
f 2439/2440/1103 2441/2442/1105 2442/2441/1104
f 2444/2443/1106 2442/2441/1104 2441/2442/1105
f 2441/2442/1105 2443/2444/1107 2444/2443/1106
f 2448/2445/1108 2445/2446/1109 2446/2447/1110
f 2446/2447/1110 2447/2448/1111 2448/2445/1108
f 2450/2449/1112 2448/2445/1108 2447/2448/1111
f 2447/2448/1111 2449/2450/1113 2450/2449/1112
f 2452/2451/1114 2450/2449/1112 2449/2450/1113
f 2449/2450/1113 2451/2452/1115 2452/2451/1114
f 2454/2453/1116 2452/2451/1114 2451/2452/1115
f 2451/2452/1115 2453/2454/1117 2454/2453/1116
f 2458/2455/1118 2455/2456/1119 2456/2457/1120
f 2456/2457/1120 2457/2458/1121 2458/2455/1118
f 2460/2459/1122 2458/2455/1118 2457/2458/1121
f 2457/2458/1121 2459/2460/1123 2460/2459/1122
f 2462/2461/1124 2460/2459/1122 2459/2460/1123
f 2459/2460/1123 2461/2462/1125 2462/2461/1124
f 2464/2463/1126 2462/2461/1124 2461/2462/1125
f 2461/2462/1125 2463/2464/1127 2464/2463/1126
f 2468/2465/1128 2465/2466/1129 2466/2467/1130
f 2466/2467/1130 2467/2468/1131 2468/2465/1128
f 2470/2469/1132 2468/2465/1128 2467/2468/1131
f 2467/2468/1131 2469/2470/1133 2470/2469/1132
f 2472/2471/1134 2470/2469/1132 2469/2470/1133
f 2469/2470/1133 2471/2472/1135 2472/2471/1134
f 2474/2473/1136 2472/2471/1134 2471/2472/1135
f 2471/2472/1135 2473/2474/1137 2474/2473/1136
f 2478/2475/1138 2475/2476/1139 2476/2477/1140
f 2476/2477/1140 2477/2478/1141 2478/2475/1138
f 2480/2479/1142 2478/2475/1138 2477/2478/1141
f 2477/2478/1141 2479/2480/1143 2480/2479/1142
f 2482/2481/1144 2480/2479/1142 2479/2480/1143
f 2479/2480/1143 2481/2482/1145 2482/2481/1144
f 2484/2483/1146 2482/2481/1144 2481/2482/1145
f 2481/2482/1145 2483/2484/1147 2484/2483/1146
f 2488/2485/1148 2485/2486/1149 2486/2487/1150
f 2486/2487/1150 2487/2488/1151 2488/2485/1148
f 2490/2489/1152 2488/2485/1148 2487/2488/1151
f 2487/2488/1151 2489/2490/1153 2490/2489/1152
f 2492/2491/1154 2490/2489/1152 2489/2490/1153
f 2489/2490/1153 2491/2492/1155 2492/2491/1154
f 2494/2493/1156 2492/2491/1154 2491/2492/1155
f 2491/2492/1155 2493/2494/1157 2494/2493/1156
f 2498/2495/1158 2495/2496/1159 2496/2497/1160
f 2496/2497/1160 2497/2498/1161 2498/2495/1158
f 2500/2499/1162 2498/2495/1158 2497/2498/1161
f 2497/2498/1161 2499/2500/1163 2500/2499/1162
f 2502/2501/1164 2500/2499/1162 2499/2500/1163
f 2499/2500/1163 2501/2502/1165 2502/2501/1164
f 2504/2503/1166 2502/2501/1164 2501/2502/1165
f 2501/2502/1165 2503/2504/1167 2504/2503/1166
f 2508/2505/1168 2505/2506/1169 2506/2507/1170
f 2506/2507/1170 2507/2508/1171 2508/2505/1168
f 2510/2509/1172 2508/2505/1168 2507/2508/1171
f 2507/2508/1171 2509/2510/1173 2510/2509/1172
f 2512/2511/1174 2510/2509/1172 2509/2510/1173
f 2509/2510/1173 2511/2512/1175 2512/2511/1174
f 2514/2513/1176 2512/2511/1174 2511/2512/1175
f 2511/2512/1175 2513/2514/1177 2514/2513/1176
f 2518/2515/1178 2515/2516/1179 2516/2517/1180
f 2516/2517/1180 2517/2518/1181 2518/2515/1178
f 2520/2519/1182 2518/2515/1178 2517/2518/1181
f 2517/2518/1181 2519/2520/1183 2520/2519/1182
f 2522/2521/1184 2520/2519/1182 2519/2520/1183
f 2519/2520/1183 2521/2522/1185 2522/2521/1184
f 2524/2523/1186 2522/2521/1184 2521/2522/1185
f 2521/2522/1185 2523/2524/1187 2524/2523/1186
f 2528/2525/1188 2525/2526/1189 2526/2527/1190
f 2526/2527/1190 2527/2528/1191 2528/2525/1188
f 2530/2529/1192 2528/2525/1188 2527/2528/1191
f 2527/2528/1191 2529/2530/1193 2530/2529/1192
f 2532/2531/1194 2530/2529/1192 2529/2530/1193
f 2529/2530/1193 2531/2532/1195 2532/2531/1194
f 2534/2533/1196 2532/2531/1194 2531/2532/1195
f 2531/2532/1195 2533/2534/1197 2534/2533/1196
f 2538/2535/1198 2535/2536/1199 2536/2537/1200
f 2536/2537/1200 2537/2538/1201 2538/2535/1198
f 2540/2539/1202 2538/2535/1198 2537/2538/1201
f 2537/2538/1201 2539/2540/1203 2540/2539/1202
f 2542/2541/1204 2540/2539/1202 2539/2540/1203
f 2539/2540/1203 2541/2542/1205 2542/2541/1204
f 2544/2543/1206 2542/2541/1204 2541/2542/1205
f 2541/2542/1205 2543/2544/1207 2544/2543/1206
f 2548/2545/1208 2545/2546/1209 2546/2547/1210
f 2546/2547/1210 2547/2548/1211 2548/2545/1208
f 2550/2549/1212 2548/2545/1208 2547/2548/1211
f 2547/2548/1211 2549/2550/1213 2550/2549/1212
f 2552/2551/1214 2550/2549/1212 2549/2550/1213
f 2549/2550/1213 2551/2552/1215 2552/2551/1214
f 2554/2553/1216 2552/2551/1214 2551/2552/1215
f 2551/2552/1215 2553/2554/1217 2554/2553/1216
f 2558/2555/1218 2555/2556/1219 2556/2557/1220
f 2556/2557/1220 2557/2558/1221 2558/2555/1218
f 2560/2559/1222 2558/2555/1218 2557/2558/1221
f 2557/2558/1221 2559/2560/1223 2560/2559/1222
f 2562/2561/1224 2560/2559/1222 2559/2560/1223
f 2559/2560/1223 2561/2562/1225 2562/2561/1224
f 2564/2563/1226 2562/2561/1224 2561/2562/1225
f 2561/2562/1225 2563/2564/1227 2564/2563/1226
f 2568/2565/1228 2565/2566/1229 2566/2567/1230
f 2566/2567/1230 2567/2568/1231 2568/2565/1228
f 2570/2569/1232 2568/2565/1228 2567/2568/1231
f 2567/2568/1231 2569/2570/1233 2570/2569/1232
f 2572/2571/1234 2570/2569/1232 2569/2570/1233
f 2569/2570/1233 2571/2572/1235 2572/2571/1234
f 2574/2573/1236 2572/2571/1234 2571/2572/1235
f 2571/2572/1235 2573/2574/1237 2574/2573/1236
f 2578/2575/1238 2575/2576/1239 2576/2577/1240
f 2576/2577/1240 2577/2578/1241 2578/2575/1238
f 2580/2579/1242 2578/2575/1238 2577/2578/1241
f 2577/2578/1241 2579/2580/1243 2580/2579/1242
f 2582/2581/1244 2580/2579/1242 2579/2580/1243
f 2579/2580/1243 2581/2582/1245 2582/2581/1244
f 2584/2583/1246 2582/2581/1244 2581/2582/1245
f 2581/2582/1245 2583/2584/1247 2584/2583/1246
s 224
f 2588/2585/1248 2585/2586/1249 2586/2587/1249
f 2586/2587/1249 2587/2588/1250 2588/2585/1248
f 2590/2589/1251 2588/2585/1248 2587/2588/1250
f 2587/2588/1250 2589/2590/1252 2590/2589/1251
f 2592/2591/1253 2590/2589/1251 2589/2590/1252
f 2589/2590/1252 2591/2592/1253 2592/2591/1253
f 2594/2593/1254 2592/2591/1253 2591/2592/1253
f 2591/2592/1253 2593/2594/1254 2594/2593/1254
f 2598/2595/1255 2595/2596/1256 2596/2597/1256
f 2596/2597/1256 2597/2598/1257 2598/2595/1255
f 2600/2599/1258 2598/2595/1255 2597/2598/1257
f 2597/2598/1257 2599/2600/1259 2600/2599/1258
f 2602/2601/1260 2600/2599/1258 2599/2600/1259
f 2599/2600/1259 2601/2602/1261 2602/2601/1260
f 2604/2603/1262 2602/2601/1260 2601/2602/1261
f 2601/2602/1261 2603/2604/1263 2604/2603/1262
f 2166/2167/832 2165/2166/831 2176/2177/842
f 2176/2177/842 2175/2176/841 2166/2167/832
s 223
f 2608/2605/1264 2605/2606/1265 2606/2607/1266
f 2606/2607/1266 2607/2608/1267 2608/2605/1264
f 2186/2187/852 2185/2186/851 2196/2197/862
f 2196/2197/862 2195/2196/861 2186/2187/852
f 2185/2186/851 2609/2609/1268 2610/2610/1269
f 2610/2610/1269 2196/2197/862 2185/2186/851
f 2206/2207/872 2205/2206/871 2216/2217/882
f 2216/2217/882 2215/2216/881 2206/2207/872
s 224
f 2614/2611/1270 2611/2612/1271 2612/2613/1272
f 2612/2613/1272 2613/2614/1273 2614/2611/1270
f 2226/2227/892 2225/2226/891 2236/2237/902
f 2236/2237/902 2235/2236/901 2226/2227/892
f 2225/2226/891 2615/2615/1274 2616/2616/1275
f 2616/2616/1275 2236/2237/902 2225/2226/891
s 223
f 2618/2617/1276 2206/2207/872 2215/2216/881
f 2215/2216/881 2617/2618/1277 2618/2617/1276
s 224
f 2615/2615/1274 2619/2619/1278 2620/2620/1279
f 2620/2620/1279 2616/2616/1275 2615/2615/1274
f 2622/2621/1280 2166/2167/832 2175/2176/841
f 2175/2176/841 2621/2622/1281 2622/2621/1280
s 223
f 2609/2609/1268 2623/2623/1282 2624/2624/1283
f 2624/2624/1283 2610/2610/1269 2609/2609/1268
f 2254/2253/918 2253/2254/919 2256/2257/919
f 2256/2257/919 2255/2256/921 2254/2253/918
f 2626/2625/1284 2186/2187/852 2195/2196/861
f 2195/2196/861 2625/2626/1285 2626/2625/1284
f 2274/2273/937 2273/2274/938 2276/2277/941
f 2276/2277/941 2275/2276/940 2274/2273/937
f 2294/2293/957 2293/2294/958 2296/2297/961
f 2296/2297/961 2295/2296/960 2294/2293/957
f 2628/2627/1286 2626/2625/1284 2625/2626/1285
f 2625/2626/1285 2627/2628/1287 2628/2627/1286
f 2293/2294/958 2628/2627/1286 2627/2628/1287
f 2627/2628/1287 2296/2297/961 2293/2294/958
f 2630/2629/1288 2274/2273/937 2275/2276/940
f 2275/2276/940 2629/2630/1289 2630/2629/1288
f 2253/2254/919 2630/2629/1288 2629/2630/1289
f 2629/2630/1289 2256/2257/919 2253/2254/919
s 224
f 2306/2307/971 2323/2324/987 2631/2631/1290
f 2631/2631/1290 2632/2632/1291 2306/2307/971
f 2306/2307/971 2305/2306/970 2324/2323/986
f 2324/2323/986 2323/2324/987 2306/2307/971
s 223
f 2333/2334/997 2633/2633/997 2634/2634/1292
f 2634/2634/1292 2334/2333/996 2333/2334/997
f 2636/2635/1293 2635/2636/1294 2344/2343/1006
f 2344/2343/1006 2343/2344/1007 2636/2635/1293
f 2354/2353/1016 2353/2354/1017 2356/2357/1020
f 2356/2357/1020 2355/2356/1019 2354/2353/1016
f 2366/2367/1030 2365/2366/1029 2376/2377/1040
f 2376/2377/1040 2375/2376/1039 2366/2367/1030
f 2365/2366/1029 2637/2637/1295 2638/2638/1296
f 2638/2638/1296 2376/2377/1040 2365/2366/1029
f 2386/2387/1050 2385/2386/1049 2396/2397/1060
f 2396/2397/1060 2395/2396/1059 2386/2387/1050
f 2353/2354/1017 2639/2639/1297 2640/2640/1298
f 2640/2640/1298 2356/2357/1020 2353/2354/1017
f 2639/2639/1297 2366/2367/1030 2375/2376/1039
f 2375/2376/1039 2640/2640/1298 2639/2639/1297
f 2637/2637/1295 2641/2641/1299 2642/2642/1300
f 2642/2642/1300 2638/2638/1296 2637/2637/1295
f 2641/2641/1299 2386/2387/1050 2395/2396/1059
f 2395/2396/1059 2642/2642/1300 2641/2641/1299
s 224
f 2611/2612/1271 2643/2643/1301 2644/2644/1302
f 2644/2644/1302 2612/2613/1272 2611/2612/1271
f 2414/2413/1076 2413/2414/1077 2416/2417/1080
f 2416/2417/1080 2415/2416/1079 2414/2413/1076
f 2413/2414/1077 2645/2645/1303 2646/2646/1304
f 2646/2646/1304 2416/2417/1080 2413/2414/1077
s 223
f 2426/2427/1090 2425/2426/1089 2436/2437/1100
f 2436/2437/1100 2435/2436/1099 2426/2427/1090
f 2446/2447/1110 2445/2446/1109 2456/2457/1120
f 2456/2457/1120 2455/2456/1119 2446/2447/1110
f 2466/2467/1130 2465/2466/1129 2476/2477/1140
f 2476/2477/1140 2475/2476/1139 2466/2467/1130
f 2486/2487/1150 2485/2486/1149 2496/2497/1160
f 2496/2497/1160 2495/2496/1159 2486/2487/1150
f 2506/2507/1170 2505/2506/1169 2516/2517/1180
f 2516/2517/1180 2515/2516/1179 2506/2507/1170
f 2526/2527/1190 2525/2526/1189 2536/2537/1200
f 2536/2537/1200 2535/2536/1199 2526/2527/1190
f 2546/2547/1210 2545/2546/1209 2556/2557/1220
f 2556/2557/1220 2555/2556/1219 2546/2547/1210
f 2566/2567/1230 2565/2566/1229 2576/2577/1240
f 2576/2577/1240 2575/2576/1239 2566/2567/1230
f 2273/2274/938 2426/2427/1090 2435/2436/1099
f 2435/2436/1099 2276/2277/941 2273/2274/938
f 2445/2446/1109 2466/2467/1130 2475/2476/1139
f 2475/2476/1139 2456/2457/1120 2445/2446/1109
f 2465/2466/1129 2486/2487/1150 2495/2496/1159
f 2495/2496/1159 2476/2477/1140 2465/2466/1129
f 2425/2426/1089 2446/2447/1110 2455/2456/1119
f 2455/2456/1119 2436/2437/1100 2425/2426/1089
f 2505/2506/1169 2526/2527/1190 2535/2536/1199
f 2535/2536/1199 2516/2517/1180 2505/2506/1169
f 2525/2526/1189 2546/2547/1210 2555/2556/1219
f 2555/2556/1219 2536/2537/1200 2525/2526/1189
f 2545/2546/1209 2566/2567/1230 2575/2576/1239
f 2575/2576/1239 2556/2557/1220 2545/2546/1209
f 2565/2566/1229 2294/2293/957 2295/2296/960
f 2295/2296/960 2576/2577/1240 2565/2566/1229
f 2385/2386/1049 2506/2507/1170 2515/2516/1179
f 2515/2516/1179 2396/2397/1060 2385/2386/1049
f 2485/2486/1149 2354/2353/1016 2355/2356/1019
f 2355/2356/1019 2496/2497/1160 2485/2486/1149
s 224
f 2645/2645/1303 2647/2647/1305 2648/2648/1306
f 2648/2648/1306 2646/2646/1304 2645/2645/1303
f 2650/2649/1307 2632/2632/1291 2631/2631/1290
f 2631/2631/1290 2649/2650/1308 2650/2649/1307
f 2652/2651/1309 2650/2649/1307 2649/2650/1308
f 2649/2650/1308 2651/2652/1310 2652/2651/1309
f 2619/2619/1278 2653/2653/1311 2654/2654/1312
f 2654/2654/1312 2620/2620/1279 2619/2619/1278
s 223
f 2623/2623/1282 2655/2655/1313 2656/2656/1314
f 2656/2656/1314 2624/2624/1283 2623/2623/1282
s 224
f 2653/2653/1311 2622/2621/1280 2621/2622/1281
f 2621/2622/1281 2654/2654/1312 2653/2653/1311
s 223
f 2655/2655/1313 2618/2617/1276 2617/2618/1277
f 2617/2618/1277 2656/2656/1314 2655/2655/1313
s 224
f 2594/2593/1254 2593/2594/1254 2596/2597/1256
f 2596/2597/1256 2595/2596/1256 2594/2593/1254
f 2593/2594/1254 2657/2657/1315 2658/2658/1316
f 2658/2658/1316 2596/2597/1256 2593/2594/1254
f 2657/2657/1315 2414/2413/1076 2415/2416/1079
f 2415/2416/1079 2658/2658/1316 2657/2657/1315
f 2647/2647/1305 2659/2659/1303 2660/2660/1304
f 2660/2660/1304 2648/2648/1306 2647/2647/1305
f 2659/2659/1303 2661/2661/1317 2662/2662/1318
f 2662/2662/1318 2660/2660/1304 2659/2659/1303
f 2661/2661/1317 2652/2651/1309 2651/2652/1310
f 2651/2652/1310 2662/2662/1318 2661/2661/1317
f 2643/2643/1301 2594/2593/1254 2595/2596/1256
f 2595/2596/1256 2644/2644/1302 2643/2643/1301
f 2305/2306/970 2226/2227/892 2235/2236/901
f 2235/2236/901 2324/2323/986 2305/2306/970
s 223
f 2605/2606/1265 2344/2343/1006 2635/2636/1294
f 2635/2636/1294 2606/2607/1266 2605/2606/1265
s 224
f 2666/2663/1319 2663/2664/1320 2664/2665/1321
f 2664/2665/1321 2665/2666/1322 2666/2663/1319
s 223
f 2670/2667/1323 2667/2668/1324 2668/2669/1325
f 2668/2669/1325 2669/2670/1326 2670/2667/1323
f 2674/2671/1327 2671/2672/1328 2672/2673/1329
f 2672/2673/1329 2673/2674/1330 2674/2671/1327
f 2676/2675/1331 2675/2676/1332 2671/2672/1328
f 2671/2672/1328 2674/2671/1327 2676/2675/1331
f 2680/2677/1333 2677/2678/1334 2678/2679/1335
f 2678/2679/1335 2679/2680/1336 2680/2677/1333
s 224
f 2684/2681/1337 2681/2682/1338 2682/2683/1339
f 2682/2683/1339 2683/2684/1340 2684/2681/1337
f 2688/2685/1341 2685/2686/1342 2686/2687/1343
f 2686/2687/1343 2687/2688/1344 2688/2685/1341
f 2690/2689/1345 2689/2690/1346 2685/2686/1342
f 2685/2686/1342 2688/2685/1341 2690/2689/1345
s 223
f 2679/2680/1336 2678/2679/1335 2691/2691/1347
f 2691/2691/1347 2692/2692/1312 2679/2680/1336
s 224
f 2694/2693/1348 2693/2694/1313 2689/2690/1346
f 2689/2690/1346 2690/2689/1345 2694/2693/1348
f 2665/2666/1322 2664/2665/1321 2695/2695/1313
f 2695/2695/1313 2696/2696/1314 2665/2666/1322
s 223
f 2698/2697/1349 2697/2698/1347 2675/2676/1332
f 2675/2676/1332 2676/2675/1331 2698/2697/1349
f 2700/2699/1350 2164/2163/828 2163/2164/829
f 2163/2164/829 2699/2700/1351 2700/2699/1350
f 2673/2674/1330 2672/2673/1329 2701/2701/1352
f 2701/2701/1352 2702/2702/1353 2673/2674/1330
f 2706/2703/1354 2703/2704/1355 2704/2705/1356
f 2704/2705/1356 2705/2706/1357 2706/2703/1354
f 2710/2707/1358 2707/2708/1359 2708/2709/1360
f 2708/2709/1360 2709/2710/1361 2710/2707/1358
f 2702/2702/1353 2701/2701/1352 2711/2711/1362
f 2711/2711/1362 2712/2712/1363 2702/2702/1353
f 2712/2712/1363 2711/2711/1362 2707/2708/1359
f 2707/2708/1359 2710/2707/1358 2712/2712/1363
f 2705/2706/1357 2704/2705/1356 2713/2713/1364
f 2713/2713/1364 2714/2714/1365 2705/2706/1357
f 2714/2714/1365 2713/2713/1364 2164/2163/828
f 2164/2163/828 2700/2699/1350 2714/2714/1365
s 224
f 2718/2715/1366 2715/2716/1367 2716/2717/1368
f 2716/2717/1368 2717/2718/1369 2718/2715/1366
s 223
f 2722/2719/1370 2719/2720/1371 2720/2721/1372
f 2720/2721/1372 2721/2722/1373 2722/2719/1370
f 2726/2723/1374 2723/2724/1375 2724/2725/1376
f 2724/2725/1376 2725/2726/1377 2726/2723/1374
f 2730/2727/1378 2727/2728/1379 2728/2729/1380
f 2728/2729/1380 2729/2730/1381 2730/2727/1378
f 2734/2731/1382 2731/2732/1383 2732/2733/1384
f 2732/2733/1384 2733/2734/1385 2734/2731/1382
f 2736/2735/1386 2735/2736/1387 2731/2732/1383
f 2731/2732/1383 2734/2731/1382 2736/2735/1386
f 2740/2737/1388 2737/2738/1389 2738/2739/1390
f 2738/2739/1390 2739/2740/1391 2740/2737/1388
f 2742/2741/1392 2741/2742/1393 2727/2728/1379
f 2727/2728/1379 2730/2727/1378 2742/2741/1392
f 2733/2734/1385 2732/2733/1384 2741/2742/1393
f 2741/2742/1393 2742/2741/1392 2733/2734/1385
f 2744/2743/1394 2743/2744/1395 2735/2736/1387
f 2735/2736/1387 2736/2735/1386 2744/2743/1394
f 2739/2740/1391 2738/2739/1390 2743/2744/1395
f 2743/2744/1395 2744/2743/1394 2739/2740/1391
s 224
f 2746/2745/1396 2745/2746/1397 2681/2682/1338
f 2681/2682/1338 2684/2681/1337 2746/2745/1396
f 2750/2747/1398 2747/2748/1399 2748/2749/1400
f 2748/2749/1400 2749/2750/1401 2750/2747/1398
f 2752/2751/1402 2751/2752/1403 2747/2748/1399
f 2747/2748/1399 2750/2747/1398 2752/2751/1402
s 223
f 2756/2753/1404 2753/2754/1405 2754/2755/1406
f 2754/2755/1406 2755/2756/1407 2756/2753/1404
f 2760/2757/1408 2757/2758/1409 2758/2759/1410
f 2758/2759/1410 2759/2760/1411 2760/2757/1408
f 2764/2761/1412 2761/2762/1413 2762/2763/1414
f 2762/2763/1414 2763/2764/1415 2764/2761/1412
f 2768/2765/1416 2765/2766/1417 2766/2767/1418
f 2766/2767/1418 2767/2768/1419 2768/2765/1416
f 2772/2769/1420 2769/2770/1421 2770/2771/1422
f 2770/2771/1422 2771/2772/1423 2772/2769/1420
f 2776/2773/1424 2773/2774/1425 2774/2775/1426
f 2774/2775/1426 2775/2776/1427 2776/2773/1424
f 2780/2777/1428 2777/2778/1429 2778/2779/1430
f 2778/2779/1430 2779/2780/1431 2780/2777/1428
f 2784/2781/1432 2781/2782/1433 2782/2783/1434
f 2782/2783/1434 2783/2784/1435 2784/2781/1432
f 2755/2756/1407 2754/2755/1406 2703/2704/1355
f 2703/2704/1355 2706/2703/1354 2755/2756/1407
f 2763/2764/1415 2762/2763/1414 2757/2758/1409
f 2757/2758/1409 2760/2757/1408 2763/2764/1415
f 2767/2768/1419 2766/2767/1418 2761/2762/1413
f 2761/2762/1413 2764/2761/1412 2767/2768/1419
f 2759/2760/1411 2758/2759/1410 2753/2754/1405
f 2753/2754/1405 2756/2753/1404 2759/2760/1411
f 2775/2776/1427 2774/2775/1426 2769/2770/1421
f 2769/2770/1421 2772/2769/1420 2775/2776/1427
f 2779/2780/1431 2778/2779/1430 2773/2774/1425
f 2773/2774/1425 2776/2773/1424 2779/2780/1431
f 2783/2784/1435 2782/2783/1434 2777/2778/1429
f 2777/2778/1429 2780/2777/1428 2783/2784/1435
f 2709/2710/1361 2708/2709/1360 2781/2782/1433
f 2781/2782/1433 2784/2781/1432 2709/2710/1361
f 2771/2772/1423 2770/2771/1422 2737/2738/1389
f 2737/2738/1389 2740/2737/1388 2771/2772/1423
f 2729/2730/1381 2728/2729/1380 2765/2766/1417
f 2765/2766/1417 2768/2765/1416 2729/2730/1381
s 224
f 2786/2785/1436 2785/2786/1437 2717/2718/1369
f 2717/2718/1369 2716/2717/1368 2786/2785/1436
f 2788/2787/1438 2787/2788/1439 2751/2752/1403
f 2751/2752/1403 2752/2751/1402 2788/2787/1438
f 2785/2786/1437 2786/2785/1436 2789/2789/1440
f 2789/2789/1440 2790/2790/1441 2785/2786/1437
f 2790/2790/1441 2789/2789/1440 2791/2791/1442
f 2791/2791/1442 2792/2792/1443 2790/2790/1441
f 2794/2793/1444 2793/2794/1313 2693/2694/1313
f 2693/2694/1313 2694/2693/1348 2794/2793/1444
s 223
f 2796/2795/1312 2795/2796/1347 2697/2698/1347
f 2697/2698/1347 2698/2697/1349 2796/2795/1312
s 224
f 2696/2696/1314 2695/2695/1313 2793/2794/1313
f 2793/2794/1313 2794/2793/1444 2696/2696/1314
s 223
f 2692/2692/1312 2691/2691/1347 2795/2796/1347
f 2795/2796/1347 2796/2795/1312 2692/2692/1312
s 224
f 2800/2797/1445 2797/2798/1397 2798/2799/1397
f 2798/2799/1397 2799/2800/1445 2800/2797/1445
f 2802/2801/1445 2801/2802/1397 2797/2798/1397
f 2797/2798/1397 2800/2797/1445 2802/2801/1445
f 2749/2750/1401 2748/2749/1400 2801/2802/1397
f 2801/2802/1397 2802/2801/1445 2749/2750/1401
f 2804/2803/1446 2803/2804/1439 2787/2788/1439
f 2787/2788/1439 2788/2787/1438 2804/2803/1446
f 2806/2805/1447 2805/2806/1439 2803/2804/1439
f 2803/2804/1439 2804/2803/1446 2806/2805/1447
f 2792/2792/1443 2791/2791/1442 2805/2806/1439
f 2805/2806/1439 2806/2805/1447 2792/2792/1443
f 2799/2800/1445 2798/2799/1397 2745/2746/1397
f 2745/2746/1397 2746/2745/1396 2799/2800/1445
f 2687/2688/1344 2686/2687/1343 2715/2716/1367
f 2715/2716/1367 2718/2715/1366 2687/2688/1344
s 223
f 2719/2720/1371 2722/2719/1370 2667/2668/1324
f 2667/2668/1324 2670/2667/1323 2719/2720/1371
s 224
f 2808/2807/1448 2807/2808/1449 2174/2173/838
f 2174/2173/838 2173/2174/839 2808/2807/1448
f 2810/2809/1450 2809/2810/1451 2184/2183/848
f 2184/2183/848 2183/2184/849 2810/2809/1450
s 223
f 2814/2811/1449 2811/2812/1452 2812/2813/1453
f 2812/2813/1453 2813/2814/1454 2814/2811/1449
f 2818/2815/1455 2815/2816/1450 2816/2817/849
f 2816/2817/849 2817/2818/1456 2818/2815/1455
f 2820/2819/1457 2819/2820/1458 2194/2193/858
f 2194/2193/858 2193/2194/859 2820/2819/1457
f 2822/2821/1459 2821/2822/1460 2204/2203/868
f 2204/2203/868 2203/2204/869 2822/2821/1459
f 2819/2820/1458 2823/2823/1461 2824/2824/1462
f 2824/2824/1462 2194/2193/858 2819/2820/1458
f 2826/2825/1463 2822/2821/1459 2203/2204/869
f 2203/2204/869 2825/2826/1464 2826/2825/1463
f 2828/2827/1465 2827/2828/1466 2214/2213/878
f 2214/2213/878 2213/2214/879 2828/2827/1465
f 2830/2829/1467 2829/2830/1468 2224/2223/888
f 2224/2223/888 2223/2224/889 2830/2829/1467
s 224
f 2834/2831/1469 2831/2832/1470 2832/2833/1471
f 2832/2833/1471 2833/2834/878 2834/2831/1469
f 2838/2835/1472 2835/2836/1467 2836/2837/889
f 2836/2837/889 2837/2838/1473 2838/2835/1472
f 2840/2839/1474 2839/2840/1475 2234/2233/898
f 2234/2233/898 2233/2234/899 2840/2839/1474
f 2842/2841/1476 2841/2842/1477 2244/2243/908
f 2244/2243/908 2243/2244/909 2842/2841/1476
f 2839/2840/1475 2843/2843/1478 2844/2844/1479
f 2844/2844/1479 2234/2233/898 2839/2840/1475
f 2846/2845/1480 2842/2841/1476 2243/2244/909
f 2243/2244/909 2845/2846/1481 2846/2845/1480
s 223
f 2848/2847/1482 2828/2827/1465 2213/2214/879
f 2213/2214/879 2847/2848/1483 2848/2847/1482
f 2829/2830/1468 2849/2849/1484 2850/2850/1485
f 2850/2850/1485 2224/2223/888 2829/2830/1468
s 224
f 2843/2843/1478 2851/2851/1486 2852/2852/1487
f 2852/2852/1487 2844/2844/1479 2843/2843/1478
f 2854/2853/1488 2846/2845/1480 2845/2846/1481
f 2845/2846/1481 2853/2854/1489 2854/2853/1488
f 2856/2855/1490 2808/2807/1448 2173/2174/839
f 2173/2174/839 2855/2856/1491 2856/2855/1490
f 2809/2810/1451 2857/2857/1492 2858/2858/1493
f 2858/2858/1493 2184/2183/848 2809/2810/1451
s 223
f 2823/2823/1461 2859/2859/1494 2860/2860/1495
f 2860/2860/1495 2824/2824/1462 2823/2823/1461
f 2862/2861/1496 2826/2825/1463 2825/2826/1464
f 2825/2826/1464 2861/2862/1497 2862/2861/1496
f 2156/2157/822 2155/2156/821 2246/2247/912
f 2246/2247/912 2245/2246/911 2156/2157/822
f 2864/2863/1498 2863/2864/1499 2264/2263/927
f 2264/2263/927 2263/2264/928 2864/2863/1498
f 2866/2865/1500 2820/2819/1457 2193/2194/859
f 2193/2194/859 2865/2866/1501 2866/2865/1500
f 2821/2822/1460 2867/2867/1502 2868/2868/1503
f 2868/2868/1503 2204/2203/868 2821/2822/1460
f 2870/2869/1504 2869/2870/1505 2266/2267/931
f 2266/2267/931 2265/2266/930 2870/2869/1504
f 2872/2871/1506 2871/2872/1507 2284/2283/947
f 2284/2283/947 2283/2284/948 2872/2871/1506
f 2874/2873/1508 2873/2874/1509 2286/2287/951
f 2286/2287/951 2285/2286/950 2874/2873/1508
f 2876/2875/1510 2875/2876/1511 2304/2303/967
f 2304/2303/967 2303/2304/968 2876/2875/1510
f 2878/2877/1512 2866/2865/1500 2865/2866/1501
f 2865/2866/1501 2877/2878/1513 2878/2877/1512
f 2867/2867/1502 2879/2879/1514 2880/2880/1515
f 2880/2880/1515 2868/2868/1503 2867/2867/1502
f 2873/2874/1509 2878/2877/1512 2877/2878/1513
f 2877/2878/1513 2286/2287/951 2873/2874/1509
f 2879/2879/1514 2876/2875/1510 2303/2304/968
f 2303/2304/968 2880/2880/1515 2879/2879/1514
f 2882/2881/1516 2870/2869/1504 2265/2266/930
f 2265/2266/930 2881/2882/1517 2882/2881/1516
f 2871/2872/1507 2883/2883/1518 2884/2884/1519
f 2884/2884/1519 2284/2283/947 2871/2872/1507
f 2155/2156/821 2882/2881/1516 2881/2882/1517
f 2881/2882/1517 2246/2247/912 2155/2156/821
f 2883/2883/1518 2864/2863/1498 2263/2264/928
f 2263/2264/928 2884/2884/1519 2883/2883/1518
s 224
f 2886/2885/1520 2314/2313/977 2313/2314/978
f 2313/2314/978 2885/2886/1521 2886/2885/1520
s 223
f 2890/2887/1522 2887/2888/1523 2888/2889/1524
f 2888/2889/1524 2889/2890/1525 2890/2887/1522
f 2892/2891/1526 2326/2327/990 2325/2326/989
f 2325/2326/989 2891/2892/1527 2892/2891/1526
s 224
f 2885/2886/1521 2313/2314/978 2893/2893/1528
f 2893/2893/1528 2894/2894/1529 2885/2886/1521
f 2316/2317/980 2315/2316/980 2895/2895/1530
f 2895/2895/1530 2896/2896/1531 2316/2317/980
s 223
f 2900/2897/1532 2897/2898/1533 2898/2899/1534
f 2898/2899/1534 2899/2900/1535 2900/2897/1532
f 2336/2337/1000 2335/2336/999 2901/2901/1536
f 2901/2901/1536 2902/2902/1537 2336/2337/1000
f 2904/2903/1538 2903/2904/1539 2346/2347/1010
f 2346/2347/1010 2345/2346/1009 2904/2903/1538
f 2906/2905/1540 2905/2906/1541 2364/2363/1026
f 2364/2363/1026 2363/2364/1027 2906/2905/1540
f 2908/2907/1542 2907/2908/1543 2374/2373/1036
f 2374/2373/1036 2373/2374/1037 2908/2907/1542
f 2910/2909/1544 2909/2910/1545 2384/2383/1046
f 2384/2383/1046 2383/2384/1047 2910/2909/1544
f 2907/2908/1543 2911/2911/1546 2912/2912/1547
f 2912/2912/1547 2374/2373/1036 2907/2908/1543
f 2914/2913/1548 2910/2909/1544 2383/2384/1047
f 2383/2384/1047 2913/2914/1549 2914/2913/1548
f 2916/2915/1550 2915/2916/1551 2394/2393/1056
f 2394/2393/1056 2393/2394/1057 2916/2915/1550
f 2918/2917/1552 2917/2918/1553 2404/2403/1066
f 2404/2403/1066 2403/2404/1067 2918/2917/1552
f 2903/2904/1539 2919/2919/1554 2920/2920/1555
f 2920/2920/1555 2346/2347/1010 2903/2904/1539
f 2922/2921/1556 2906/2905/1540 2363/2364/1027
f 2363/2364/1027 2921/2922/1557 2922/2921/1556
f 2919/2919/1554 2908/2907/1542 2373/2374/1037
f 2373/2374/1037 2920/2920/1555 2919/2919/1554
f 2909/2910/1545 2922/2921/1556 2921/2922/1557
f 2921/2922/1557 2384/2383/1046 2909/2910/1545
f 2911/2911/1546 2923/2923/1558 2924/2924/1559
f 2924/2924/1559 2912/2912/1547 2911/2911/1546
f 2926/2925/1560 2914/2913/1548 2913/2914/1549
f 2913/2914/1549 2925/2926/1561 2926/2925/1560
f 2923/2923/1558 2916/2915/1550 2393/2394/1057
f 2393/2394/1057 2924/2924/1559 2923/2923/1558
f 2917/2918/1553 2926/2925/1560 2925/2926/1561
f 2925/2926/1561 2404/2403/1066 2917/2918/1553
s 224
f 2831/2832/1470 2927/2927/1562 2928/2928/1563
f 2928/2928/1563 2832/2833/1471 2831/2832/1470
f 2930/2929/1564 2838/2835/1472 2837/2838/1473
f 2837/2838/1473 2929/2930/1565 2930/2929/1564
f 2932/2931/1566 2931/2932/1567 2406/2407/1070
f 2406/2407/1070 2405/2406/1069 2932/2931/1566
f 2934/2933/1568 2933/2934/1569 2424/2423/1086
f 2424/2423/1086 2423/2424/1087 2934/2933/1568
f 2931/2932/1567 2935/2935/1570 2936/2936/1571
f 2936/2936/1571 2406/2407/1070 2931/2932/1567
f 2938/2937/1572 2934/2933/1568 2423/2424/1087
f 2423/2424/1087 2937/2938/1573 2938/2937/1572
s 223
f 2940/2939/1574 2939/2940/1575 2434/2433/1096
f 2434/2433/1096 2433/2434/1097 2940/2939/1574
f 2942/2941/1576 2941/2942/1577 2444/2443/1106
f 2444/2443/1106 2443/2444/1107 2942/2941/1576
f 2944/2943/1578 2943/2944/1578 2454/2453/1116
f 2454/2453/1116 2453/2454/1117 2944/2943/1578
f 2946/2945/1576 2945/2946/1576 2464/2463/1126
f 2464/2463/1126 2463/2464/1127 2946/2945/1576
f 2948/2947/1579 2947/2948/1580 2474/2473/1136
f 2474/2473/1136 2473/2474/1137 2948/2947/1579
f 2950/2949/1581 2949/2950/1582 2484/2483/1146
f 2484/2483/1146 2483/2484/1147 2950/2949/1581
f 2952/2951/1583 2951/2952/1584 2494/2493/1156
f 2494/2493/1156 2493/2494/1157 2952/2951/1583
f 2954/2953/1585 2953/2954/1586 2504/2503/1166
f 2504/2503/1166 2503/2504/1167 2954/2953/1585
f 2956/2955/1587 2955/2956/1588 2514/2513/1176
f 2514/2513/1176 2513/2514/1177 2956/2955/1587
f 2958/2957/1589 2957/2958/1590 2524/2523/1186
f 2524/2523/1186 2523/2524/1187 2958/2957/1589
f 2960/2959/1591 2959/2960/1592 2534/2533/1196
f 2534/2533/1196 2533/2534/1197 2960/2959/1591
f 2962/2961/1593 2961/2962/1594 2544/2543/1206
f 2544/2543/1206 2543/2544/1207 2962/2961/1593
f 2964/2963/1595 2963/2964/1596 2554/2553/1216
f 2554/2553/1216 2553/2554/1217 2964/2963/1595
f 2966/2965/1597 2965/2966/1598 2564/2563/1226
f 2564/2563/1226 2563/2564/1227 2966/2965/1597
f 2968/2967/1599 2967/2968/1600 2574/2573/1236
f 2574/2573/1236 2573/2574/1237 2968/2967/1599
f 2970/2969/1601 2969/2970/1602 2584/2583/1246
f 2584/2583/1246 2583/2584/1247 2970/2969/1601
f 2869/2870/1505 2940/2939/1574 2433/2434/1097
f 2433/2434/1097 2266/2267/931 2869/2870/1505
f 2941/2942/1577 2872/2871/1506 2283/2284/948
f 2283/2284/948 2444/2443/1106 2941/2942/1577
f 2943/2944/1578 2948/2947/1579 2473/2474/1137
f 2473/2474/1137 2454/2453/1116 2943/2944/1578
f 2949/2950/1582 2946/2945/1576 2463/2464/1127
f 2463/2464/1127 2484/2483/1146 2949/2950/1582
f 2947/2948/1580 2952/2951/1583 2493/2494/1157
f 2493/2494/1157 2474/2473/1136 2947/2948/1580
f 2953/2954/1586 2950/2949/1581 2483/2484/1147
f 2483/2484/1147 2504/2503/1166 2953/2954/1586
f 2939/2940/1575 2944/2943/1578 2453/2454/1117
f 2453/2454/1117 2434/2433/1096 2939/2940/1575
f 2945/2946/1576 2942/2941/1576 2443/2444/1107
f 2443/2444/1107 2464/2463/1126 2945/2946/1576
f 2955/2956/1588 2960/2959/1591 2533/2534/1197
f 2533/2534/1197 2514/2513/1176 2955/2956/1588
f 2961/2962/1594 2958/2957/1589 2523/2524/1187
f 2523/2524/1187 2544/2543/1206 2961/2962/1594
f 2959/2960/1592 2964/2963/1595 2553/2554/1217
f 2553/2554/1217 2534/2533/1196 2959/2960/1592
f 2965/2966/1598 2962/2961/1593 2543/2544/1207
f 2543/2544/1207 2564/2563/1226 2965/2966/1598
f 2963/2964/1596 2968/2967/1599 2573/2574/1237
f 2573/2574/1237 2554/2553/1216 2963/2964/1596
f 2969/2970/1602 2966/2965/1597 2563/2564/1227
f 2563/2564/1227 2584/2583/1246 2969/2970/1602
f 2967/2968/1600 2874/2873/1508 2285/2286/950
f 2285/2286/950 2574/2573/1236 2967/2968/1600
f 2875/2876/1511 2970/2969/1601 2583/2584/1247
f 2583/2584/1247 2304/2303/967 2875/2876/1511
f 2915/2916/1551 2956/2955/1587 2513/2514/1177
f 2513/2514/1177 2394/2393/1056 2915/2916/1551
f 2957/2958/1590 2918/2917/1552 2403/2404/1067
f 2403/2404/1067 2524/2523/1186 2957/2958/1590
f 2951/2952/1584 2904/2903/1538 2345/2346/1009
f 2345/2346/1009 2494/2493/1156 2951/2952/1584
f 2905/2906/1541 2954/2953/1585 2503/2504/1167
f 2503/2504/1167 2364/2363/1026 2905/2906/1541
s 224
f 2972/2971/1603 2316/2317/980 2896/2896/1531
f 2896/2896/1531 2971/2972/1604 2972/2971/1603
f 2935/2935/1570 2973/2973/1605 2974/2974/1606
f 2974/2974/1606 2936/2936/1571 2935/2935/1570
f 2976/2975/1607 2938/2937/1572 2937/2938/1573
f 2937/2938/1573 2975/2976/1608 2976/2975/1607
f 2978/2977/1609 2894/2894/1529 2893/2893/1528
f 2893/2893/1528 2977/2978/1610 2978/2977/1609
f 2971/2972/1604 2979/2979/1611 2980/2980/1612
f 2980/2980/1612 2972/2971/1603 2971/2972/1604
f 2982/2981/1613 2978/2977/1609 2977/2978/1610
f 2977/2978/1610 2981/2982/1249 2982/2981/1613
f 2979/2979/1611 2983/2983/1614 2984/2984/1573
f 2984/2984/1573 2980/2980/1612 2979/2979/1611
f 2851/2851/1486 2985/2985/1615 2986/2986/1616
f 2986/2986/1616 2852/2852/1487 2851/2851/1486
f 2988/2987/1617 2854/2853/1488 2853/2854/1489
f 2853/2854/1489 2987/2988/1618 2988/2987/1617
s 223
f 2859/2859/1494 2989/2989/1619 2990/2990/1620
f 2990/2990/1620 2860/2860/1495 2859/2859/1494
f 2992/2991/1621 2862/2861/1496 2861/2862/1497
f 2861/2862/1497 2991/2992/1622 2992/2991/1621
s 224
f 2985/2985/1615 2856/2855/1490 2855/2856/1491
f 2855/2856/1491 2986/2986/1616 2985/2985/1615
f 2857/2857/1492 2988/2987/1617 2987/2988/1618
f 2987/2988/1618 2858/2858/1493 2857/2857/1492
s 223
f 2989/2989/1619 2848/2847/1482 2847/2848/1483
f 2847/2848/1483 2990/2990/1620 2989/2989/1619
f 2849/2849/1484 2992/2991/1621 2991/2992/1622
f 2991/2992/1622 2850/2850/1485 2849/2849/1484
s 224
f 2994/2993/1623 2993/2994/1623 2586/2587/1249
f 2586/2587/1249 2585/2586/1249 2994/2993/1623
f 2996/2995/1624 2995/2996/1625 2604/2603/1262
f 2604/2603/1262 2603/2604/1263 2996/2995/1624
f 2993/2994/1623 2997/2997/1623 2998/2998/1249
f 2998/2998/1249 2586/2587/1249 2993/2994/1623
f 3000/2999/1624 2996/2995/1624 2603/2604/1263
f 2603/2604/1263 2999/3000/1263 3000/2999/1624
f 2997/2997/1623 2932/2931/1566 2405/2406/1069
f 2405/2406/1069 2998/2998/1249 2997/2997/1623
f 2933/2934/1569 3000/2999/1624 2999/3000/1263
f 2999/3000/1263 2424/2423/1086 2933/2934/1569
f 2973/2973/1605 3001/3001/1520 3002/3002/1606
f 3002/3002/1606 2974/2974/1606 2973/2973/1605
f 3004/3003/1607 2976/2975/1607 2975/2976/1608
f 2975/2976/1608 3003/3004/1626 3004/3003/1607
f 3001/3001/1520 3005/3005/1627 3006/3006/1606
f 3006/3006/1606 3002/3002/1606 3001/3001/1520
f 3008/3007/1607 3004/3003/1607 3003/3004/1626
f 3003/3004/1626 3007/3008/1626 3008/3007/1607
f 3005/3005/1627 2982/2981/1613 2981/2982/1249
f 2981/2982/1249 3006/3006/1606 3005/3005/1627
f 2983/2983/1614 3008/3007/1607 3007/3008/1626
f 3007/3008/1626 2984/2984/1573 2983/2983/1614
f 2927/2927/1562 2994/2993/1623 2585/2586/1249
f 2585/2586/1249 2928/2928/1563 2927/2927/1562
f 2995/2996/1625 2930/2929/1564 2929/2930/1565
f 2929/2930/1565 2604/2603/1262 2995/2996/1625
f 2886/2885/1520 2840/2839/1474 2233/2234/899
f 2233/2234/899 2314/2313/977 2886/2885/1520
f 2841/2842/1477 2895/2895/1530 2315/2316/980
f 2315/2316/980 2244/2243/908 2841/2842/1477
s 223
f 2811/2812/1452 2901/2901/1536 2335/2336/999
f 2335/2336/999 2812/2813/1453 2811/2812/1452
f 2890/2887/1522 2818/2815/1455 2817/2818/1456
f 2817/2818/1456 2887/2888/1523 2890/2887/1522
f 2325/2326/989 2336/2337/1000 2902/2902/1537
f 2902/2902/1537 2891/2892/1527 2325/2326/989
f 2721/2722/1373 2720/2721/1372 2725/2726/1377
f 2725/2726/1377 2724/2725/1376 2721/2722/1373
f 2889/2890/1525 2888/2889/1524 2900/2897/1532
f 2900/2897/1532 2899/2900/1535 2889/2890/1525
f 2636/2635/1293 2343/2344/1007 2334/2333/996
f 2334/2333/996 2634/2634/1292 2636/2635/1293
f 2156/2157/822 2245/2246/911 2326/2327/990
f 2326/2327/990 2892/2891/1526 2156/2157/822
f 2699/2700/1351 2163/2164/829 2723/2724/1375
f 2723/2724/1375 2726/2723/1374 2699/2700/1351
f 2897/2898/1533 2264/2263/927 2863/2864/1499
f 2863/2864/1499 2898/2899/1534 2897/2898/1533
f 2333/2334/997 2254/2253/918 2255/2256/921
f 2255/2256/921 2633/2633/997 2333/2334/997
f 2814/2811/1449 3009/3009/1628 3010/3010/1629
f 3010/3010/1629 2811/2812/1452 2814/2811/1449
f 3009/3009/1628 3011/3011/1630 3012/3012/1631
f 3012/3012/1631 3010/3010/1629 3009/3009/1628
f 3014/3013/1632 2668/2669/1325 2667/2668/1324
f 2667/2668/1324 3013/3014/1633 3014/3013/1632
f 3011/3011/1630 3014/3013/1632 3013/3014/1633
f 3013/3014/1633 3012/3012/1631 3011/3011/1630
s 224
f 3016/3015/1628 2807/2808/1449 2808/2807/1448
f 2808/2807/1448 3015/3016/1634 3016/3015/1628
f 3018/3017/1630 3016/3015/1628 3015/3016/1634
f 3015/3016/1634 3017/3018/1635 3018/3017/1630
f 3020/3019/1636 3018/3017/1630 3017/3018/1635
f 3017/3018/1635 3019/3020/1637 3020/3019/1636
f 2663/2664/1320 3020/3019/1636 3019/3020/1637
f 3019/3020/1637 2664/2665/1321 2663/2664/1320
s 223
f 2811/2812/1452 3010/3010/1629 3021/3021/1638
f 3021/3021/1638 2901/2901/1536 2811/2812/1452
f 3010/3010/1629 3012/3012/1631 3022/3022/1639
f 3022/3022/1639 3021/3021/1638 3010/3010/1629
f 3013/3014/1633 2667/2668/1324 2722/2719/1370
f 2722/2719/1370 3023/3023/1640 3013/3014/1633
f 3012/3012/1631 3013/3014/1633 3023/3023/1640
f 3023/3023/1640 3022/3022/1639 3012/3012/1631
f 2819/2820/1458 3024/3024/1641 3025/3025/1642
f 3025/3025/1642 2823/2823/1461 2819/2820/1458
f 3024/3024/1641 3026/3026/1643 3027/3027/1644
f 3027/3027/1644 3025/3025/1642 3024/3024/1641
f 3029/3028/1645 2671/2672/1328 2675/2676/1332
f 2675/2676/1332 3028/3029/1646 3029/3028/1645
f 3026/3026/1643 3029/3028/1645 3028/3029/1646
f 3028/3029/1646 3027/3027/1644 3026/3026/1643
f 3024/3024/1641 2819/2820/1458 2820/2819/1457
f 2820/2819/1457 3030/3030/1647 3024/3024/1641
f 3026/3026/1643 3024/3024/1641 3030/3030/1647
f 3030/3030/1647 3031/3031/1648 3026/3026/1643
f 3029/3028/1645 3026/3026/1643 3031/3031/1648
f 3031/3031/1648 3032/3032/1649 3029/3028/1645
f 2671/2672/1328 3029/3028/1645 3032/3032/1649
f 3032/3032/1649 2672/2673/1329 2671/2672/1328
f 2823/2823/1461 3025/3025/1642 3033/3033/1650
f 3033/3033/1650 2859/2859/1494 2823/2823/1461
f 3025/3025/1642 3027/3027/1644 3034/3034/1651
f 3034/3034/1651 3033/3033/1650 3025/3025/1642
f 3028/3029/1646 2675/2676/1332 2697/2698/1347
f 2697/2698/1347 3035/3035/1652 3028/3029/1646
f 3027/3027/1644 3028/3029/1646 3035/3035/1652
f 3035/3035/1652 3034/3034/1651 3027/3027/1644
s 224
f 2834/2831/1469 3036/3036/1653 3037/3037/1654
f 3037/3037/1654 2831/2832/1470 2834/2831/1469
f 3036/3036/1653 3038/3038/1655 3039/3039/1656
f 3039/3039/1656 3037/3037/1654 3036/3036/1653
f 3041/3040/1657 2682/2683/1339 2681/2682/1338
f 2681/2682/1338 3040/3041/1658 3041/3040/1657
f 3038/3038/1655 3041/3040/1657 3040/3041/1658
f 3040/3041/1658 3039/3039/1656 3038/3038/1655
s 223
f 3043/3042/1659 2827/2828/1466 2828/2827/1465
f 2828/2827/1465 3042/3043/1660 3043/3042/1659
f 3045/3044/1661 3043/3042/1659 3042/3043/1660
f 3042/3043/1660 3044/3045/1662 3045/3044/1661
f 3047/3046/1663 3045/3044/1661 3044/3045/1662
f 3044/3045/1662 3046/3047/1664 3047/3046/1663
f 2677/2678/1334 3047/3046/1663 3046/3047/1664
f 3046/3047/1664 2678/2679/1335 2677/2678/1334
s 224
f 2831/2832/1470 3037/3037/1654 3048/3048/1665
f 3048/3048/1665 2927/2927/1562 2831/2832/1470
f 3037/3037/1654 3039/3039/1656 3049/3049/1666
f 3049/3049/1666 3048/3048/1665 3037/3037/1654
f 3040/3041/1658 2681/2682/1338 2745/2746/1397
f 2745/2746/1397 3050/3050/1667 3040/3041/1658
f 3039/3039/1656 3040/3041/1658 3050/3050/1667
f 3050/3050/1667 3049/3049/1666 3039/3039/1656
f 2839/2840/1475 3051/3051/1668 3052/3052/1669
f 3052/3052/1669 2843/2843/1478 2839/2840/1475
f 3051/3051/1668 3053/3053/1670 3054/3054/1671
f 3054/3054/1671 3052/3052/1669 3051/3051/1668
f 3056/3055/1672 2685/2686/1342 2689/2690/1346
f 2689/2690/1346 3055/3056/1673 3056/3055/1672
f 3053/3053/1670 3056/3055/1672 3055/3056/1673
f 3055/3056/1673 3054/3054/1671 3053/3053/1670
f 3051/3051/1668 2839/2840/1475 2840/2839/1474
f 2840/2839/1474 3057/3057/1674 3051/3051/1668
f 3053/3053/1670 3051/3051/1668 3057/3057/1674
f 3057/3057/1674 3058/3058/1675 3053/3053/1670
f 3056/3055/1672 3053/3053/1670 3058/3058/1675
f 3058/3058/1675 3059/3059/1676 3056/3055/1672
f 2685/2686/1342 3056/3055/1672 3059/3059/1676
f 3059/3059/1676 2686/2687/1343 2685/2686/1342
f 2843/2843/1478 3052/3052/1669 3060/3060/1677
f 3060/3060/1677 2851/2851/1486 2843/2843/1478
f 3052/3052/1669 3054/3054/1671 3061/3061/1678
f 3061/3061/1678 3060/3060/1677 3052/3052/1669
f 3055/3056/1673 2689/2690/1346 2693/2694/1313
f 2693/2694/1313 3062/3062/1679 3055/3056/1673
f 3054/3054/1671 3055/3056/1673 3062/3062/1679
f 3062/3062/1679 3061/3061/1678 3054/3054/1671
s 223
f 3042/3043/1660 2828/2827/1465 2848/2847/1482
f 2848/2847/1482 3063/3063/1680 3042/3043/1660
f 3044/3045/1662 3042/3043/1660 3063/3063/1680
f 3063/3063/1680 3064/3064/1681 3044/3045/1662
f 3046/3047/1664 3044/3045/1662 3064/3064/1681
f 3064/3064/1681 3065/3065/1682 3046/3047/1664
f 2678/2679/1335 3046/3047/1664 3065/3065/1682
f 3065/3065/1682 2691/2691/1347 2678/2679/1335
s 224
f 2851/2851/1486 3060/3060/1677 3066/3066/1683
f 3066/3066/1683 2985/2985/1615 2851/2851/1486
f 3060/3060/1677 3061/3061/1678 3067/3067/1684
f 3067/3067/1684 3066/3066/1683 3060/3060/1677
f 3062/3062/1679 2693/2694/1313 2793/2794/1313
f 2793/2794/1313 3068/3068/1685 3062/3062/1679
f 3061/3061/1678 3062/3062/1679 3068/3068/1685
f 3068/3068/1685 3067/3067/1684 3061/3061/1678
f 3015/3016/1634 2808/2807/1448 2856/2855/1490
f 2856/2855/1490 3069/3069/1686 3015/3016/1634
f 3017/3018/1635 3015/3016/1634 3069/3069/1686
f 3069/3069/1686 3070/3070/1687 3017/3018/1635
f 3019/3020/1637 3017/3018/1635 3070/3070/1687
f 3070/3070/1687 3071/3071/1688 3019/3020/1637
f 2664/2665/1321 3019/3020/1637 3071/3071/1688
f 3071/3071/1688 2695/2695/1313 2664/2665/1321
s 223
f 2859/2859/1494 3033/3033/1650 3072/3072/1689
f 3072/3072/1689 2989/2989/1619 2859/2859/1494
f 3033/3033/1650 3034/3034/1651 3073/3073/1690
f 3073/3073/1690 3072/3072/1689 3033/3033/1650
f 3035/3035/1652 2697/2698/1347 2795/2796/1347
f 2795/2796/1347 3074/3074/1691 3035/3035/1652
f 3034/3034/1651 3035/3035/1652 3074/3074/1691
f 3074/3074/1691 3073/3073/1690 3034/3034/1651
f 2155/2156/821 2158/2155/820 3075/3075/1692
f 3075/3075/1692 2882/2881/1516 2155/2156/821
f 2158/2155/820 2160/2159/824 3076/3076/1693
f 3076/3076/1693 3075/3075/1692 2158/2155/820
f 2162/2161/826 2164/2163/828 2713/2713/1364
f 2713/2713/1364 3077/3077/1694 2162/2161/826
f 2160/2159/824 2162/2161/826 3077/3077/1694
f 3077/3077/1694 3076/3076/1693 2160/2159/824
f 2163/2164/829 2161/2162/827 3078/3078/1695
f 3078/3078/1695 2723/2724/1375 2163/2164/829
f 2161/2162/827 2159/2160/825 3079/3079/1696
f 3079/3079/1696 3078/3078/1695 2161/2162/827
f 2157/2158/823 2156/2157/822 2892/2891/1526
f 2892/2891/1526 3080/3080/1697 2157/2158/823
f 2159/2160/825 2157/2158/823 3080/3080/1697
f 3080/3080/1697 3079/3079/1696 2159/2160/825
f 3030/3030/1647 2820/2819/1457 2866/2865/1500
f 2866/2865/1500 3081/3081/1698 3030/3030/1647
f 3031/3031/1648 3030/3030/1647 3081/3081/1698
f 3081/3081/1698 3082/3082/1699 3031/3031/1648
f 3032/3032/1649 3031/3031/1648 3082/3082/1699
f 3082/3082/1699 3083/3083/1700 3032/3032/1649
f 2672/2673/1329 3032/3032/1649 3083/3083/1700
f 3083/3083/1700 2701/2701/1352 2672/2673/1329
f 2869/2870/1505 3084/3084/1701 3085/3085/1702
f 3085/3085/1702 2940/2939/1574 2869/2870/1505
f 3084/3084/1701 3086/3086/1703 3087/3087/1704
f 3087/3087/1704 3085/3085/1702 3084/3084/1701
f 3089/3088/1705 2703/2704/1355 2754/2755/1406
f 2754/2755/1406 3088/3089/1706 3089/3088/1705
f 3086/3086/1703 3089/3088/1705 3088/3089/1706
f 3088/3089/1706 3087/3087/1704 3086/3086/1703
f 3084/3084/1701 2869/2870/1505 2870/2869/1504
f 2870/2869/1504 3090/3090/1707 3084/3084/1701
f 3086/3086/1703 3084/3084/1701 3090/3090/1707
f 3090/3090/1707 3091/3091/1708 3086/3086/1703
f 3089/3088/1705 3086/3086/1703 3091/3091/1708
f 3091/3091/1708 3092/3092/1709 3089/3088/1705
f 2703/2704/1355 3089/3088/1705 3092/3092/1709
f 3092/3092/1709 2704/2705/1356 2703/2704/1355
f 2874/2873/1508 3093/3093/1710 3094/3094/1711
f 3094/3094/1711 2873/2874/1509 2874/2873/1508
f 3093/3093/1710 3095/3095/1712 3096/3096/1713
f 3096/3096/1713 3094/3094/1711 3093/3093/1710
f 3098/3097/1714 2708/2709/1360 2707/2708/1359
f 2707/2708/1359 3097/3098/1715 3098/3097/1714
f 3095/3095/1712 3098/3097/1714 3097/3098/1715
f 3097/3098/1715 3096/3096/1713 3095/3095/1712
f 2873/2874/1509 3094/3094/1711 3099/3099/1716
f 3099/3099/1716 2878/2877/1512 2873/2874/1509
f 3094/3094/1711 3096/3096/1713 3100/3100/1717
f 3100/3100/1717 3099/3099/1716 3094/3094/1711
f 3097/3098/1715 2707/2708/1359 2711/2711/1362
f 2711/2711/1362 3101/3101/1718 3097/3098/1715
f 3096/3096/1713 3097/3098/1715 3101/3101/1718
f 3101/3101/1718 3100/3100/1717 3096/3096/1713
f 3081/3081/1698 2866/2865/1500 2878/2877/1512
f 2878/2877/1512 3099/3099/1716 3081/3081/1698
f 3082/3082/1699 3081/3081/1698 3099/3099/1716
f 3099/3099/1716 3100/3100/1717 3082/3082/1699
f 3083/3083/1700 3082/3082/1699 3100/3100/1717
f 3100/3100/1717 3101/3101/1718 3083/3083/1700
f 2701/2701/1352 3083/3083/1700 3101/3101/1718
f 3101/3101/1718 2711/2711/1362 2701/2701/1352
f 3090/3090/1707 2870/2869/1504 2882/2881/1516
f 2882/2881/1516 3075/3075/1692 3090/3090/1707
f 3091/3091/1708 3090/3090/1707 3075/3075/1692
f 3075/3075/1692 3076/3076/1693 3091/3091/1708
f 3092/3092/1709 3091/3091/1708 3076/3076/1693
f 3076/3076/1693 3077/3077/1694 3092/3092/1709
f 2704/2705/1356 3092/3092/1709 3077/3077/1694
f 3077/3077/1694 2713/2713/1364 2704/2705/1356
f 3023/3023/1640 2722/2719/1370 2721/2722/1373
f 2721/2722/1373 3102/3102/1719 3023/3023/1640
f 3022/3022/1639 3023/3023/1640 3102/3102/1719
f 3102/3102/1719 3103/3103/1720 3022/3022/1639
f 3021/3021/1638 3022/3022/1639 3103/3103/1720
f 3103/3103/1720 3104/3104/1721 3021/3021/1638
f 2901/2901/1536 3021/3021/1638 3104/3104/1721
f 3104/3104/1721 2902/2902/1537 2901/2901/1536
s 224
f 3057/3057/1674 2840/2839/1474 2886/2885/1520
f 2886/2885/1520 3105/3105/1722 3057/3057/1674
f 3058/3058/1675 3057/3057/1674 3105/3105/1722
f 3105/3105/1722 3106/3106/1723 3058/3058/1675
f 3059/3059/1676 3058/3058/1675 3106/3106/1723
f 3106/3106/1723 3107/3107/1724 3059/3059/1676
f 2686/2687/1343 3059/3059/1676 3107/3107/1724
f 3107/3107/1724 2715/2716/1367 2686/2687/1343
f 3105/3105/1722 2886/2885/1520 2885/2886/1521
f 2885/2886/1521 3108/3108/1725 3105/3105/1722
f 3106/3106/1723 3105/3105/1722 3108/3108/1725
f 3108/3108/1725 3109/3109/1726 3106/3106/1723
f 3107/3107/1724 3106/3106/1723 3109/3109/1726
f 3109/3109/1726 3110/3110/1727 3107/3107/1724
f 2715/2716/1367 3107/3107/1724 3110/3110/1727
f 3110/3110/1727 2716/2717/1368 2715/2716/1367
s 223
f 3102/3102/1719 2721/2722/1373 2724/2725/1376
f 2724/2725/1376 3111/3111/1728 3102/3102/1719
f 3103/3103/1720 3102/3102/1719 3111/3111/1728
f 3111/3111/1728 3112/3112/1729 3103/3103/1720
f 3104/3104/1721 3103/3103/1720 3112/3112/1729
f 3112/3112/1729 3113/3113/1730 3104/3104/1721
f 2902/2902/1537 3104/3104/1721 3113/3113/1730
f 3113/3113/1730 2891/2892/1527 2902/2902/1537
f 3111/3111/1728 2724/2725/1376 2723/2724/1375
f 2723/2724/1375 3078/3078/1695 3111/3111/1728
f 3112/3112/1729 3111/3111/1728 3078/3078/1695
f 3078/3078/1695 3079/3079/1696 3112/3112/1729
f 3113/3113/1730 3112/3112/1729 3079/3079/1696
f 3079/3079/1696 3080/3080/1697 3113/3113/1730
f 2891/2892/1527 3113/3113/1730 3080/3080/1697
f 3080/3080/1697 2892/2891/1526 2891/2892/1527
f 2903/2904/1539 3114/3114/1731 3115/3115/1732
f 3115/3115/1732 2919/2919/1554 2903/2904/1539
f 3114/3114/1731 3116/3116/1733 3117/3117/1734
f 3117/3117/1734 3115/3115/1732 3114/3114/1731
f 3119/3118/1735 2727/2728/1379 2741/2742/1393
f 2741/2742/1393 3118/3119/1736 3119/3118/1735
f 3116/3116/1733 3119/3118/1735 3118/3119/1736
f 3118/3119/1736 3117/3117/1734 3116/3116/1733
f 3114/3114/1731 2903/2904/1539 2904/2903/1538
f 2904/2903/1538 3120/3120/1737 3114/3114/1731
f 3116/3116/1733 3114/3114/1731 3120/3120/1737
f 3120/3120/1737 3121/3121/1738 3116/3116/1733
f 3119/3118/1735 3116/3116/1733 3121/3121/1738
f 3121/3121/1738 3122/3122/1739 3119/3118/1735
f 2727/2728/1379 3119/3118/1735 3122/3122/1739
f 3122/3122/1739 2728/2729/1380 2727/2728/1379
f 2907/2908/1543 3123/3123/1740 3124/3124/1741
f 3124/3124/1741 2911/2911/1546 2907/2908/1543
f 3123/3123/1740 3125/3125/1742 3126/3126/1743
f 3126/3126/1743 3124/3124/1741 3123/3123/1740
f 3128/3127/1744 2731/2732/1383 2735/2736/1387
f 2735/2736/1387 3127/3128/1745 3128/3127/1744
f 3125/3125/1742 3128/3127/1744 3127/3128/1745
f 3127/3128/1745 3126/3126/1743 3125/3125/1742
f 3123/3123/1740 2907/2908/1543 2908/2907/1542
f 2908/2907/1542 3129/3129/1746 3123/3123/1740
f 3125/3125/1742 3123/3123/1740 3129/3129/1746
f 3129/3129/1746 3130/3130/1747 3125/3125/1742
f 3128/3127/1744 3125/3125/1742 3130/3130/1747
f 3130/3130/1747 3131/3131/1748 3128/3127/1744
f 2731/2732/1383 3128/3127/1744 3131/3131/1748
f 3131/3131/1748 2732/2733/1384 2731/2732/1383
f 2911/2911/1546 3124/3124/1741 3132/3132/1749
f 3132/3132/1749 2923/2923/1558 2911/2911/1546
f 3124/3124/1741 3126/3126/1743 3133/3133/1750
f 3133/3133/1750 3132/3132/1749 3124/3124/1741
f 3127/3128/1745 2735/2736/1387 2743/2744/1395
f 2743/2744/1395 3134/3134/1751 3127/3128/1745
f 3126/3126/1743 3127/3128/1745 3134/3134/1751
f 3134/3134/1751 3133/3133/1750 3126/3126/1743
f 2915/2916/1551 3135/3135/1752 3136/3136/1753
f 3136/3136/1753 2956/2955/1587 2915/2916/1551
f 3135/3135/1752 3137/3137/1754 3138/3138/1755
f 3138/3138/1755 3136/3136/1753 3135/3135/1752
f 3140/3139/1756 2737/2738/1389 2770/2771/1422
f 2770/2771/1422 3139/3140/1757 3140/3139/1756
f 3137/3137/1754 3140/3139/1756 3139/3140/1757
f 3139/3140/1757 3138/3138/1755 3137/3137/1754
f 3135/3135/1752 2915/2916/1551 2916/2915/1550
f 2916/2915/1550 3141/3141/1758 3135/3135/1752
f 3137/3137/1754 3135/3135/1752 3141/3141/1758
f 3141/3141/1758 3142/3142/1759 3137/3137/1754
f 3140/3139/1756 3137/3137/1754 3142/3142/1759
f 3142/3142/1759 3143/3143/1760 3140/3139/1756
f 2737/2738/1389 3140/3139/1756 3143/3143/1760
f 3143/3143/1760 2738/2739/1390 2737/2738/1389
f 3129/3129/1746 2908/2907/1542 2919/2919/1554
f 2919/2919/1554 3115/3115/1732 3129/3129/1746
f 3130/3130/1747 3129/3129/1746 3115/3115/1732
f 3115/3115/1732 3117/3117/1734 3130/3130/1747
f 3131/3131/1748 3130/3130/1747 3117/3117/1734
f 3117/3117/1734 3118/3119/1736 3131/3131/1748
f 2732/2733/1384 3131/3131/1748 3118/3119/1736
f 3118/3119/1736 2741/2742/1393 2732/2733/1384
f 3141/3141/1758 2916/2915/1550 2923/2923/1558
f 2923/2923/1558 3132/3132/1749 3141/3141/1758
f 3142/3142/1759 3141/3141/1758 3132/3132/1749
f 3132/3132/1749 3133/3133/1750 3142/3142/1759
f 3143/3143/1760 3142/3142/1759 3133/3133/1750
f 3133/3133/1750 3134/3134/1751 3143/3143/1760
f 2738/2739/1390 3143/3143/1760 3134/3134/1751
f 3134/3134/1751 2743/2744/1395 2738/2739/1390
s 224
f 2927/2927/1562 3048/3048/1665 3144/3144/1761
f 3144/3144/1761 2994/2993/1623 2927/2927/1562
f 3048/3048/1665 3049/3049/1666 3145/3145/1762
f 3145/3145/1762 3144/3144/1761 3048/3048/1665
f 3050/3050/1667 2745/2746/1397 2798/2799/1397
f 2798/2799/1397 3146/3146/1763 3050/3050/1667
f 3049/3049/1666 3050/3050/1667 3146/3146/1763
f 3146/3146/1763 3145/3145/1762 3049/3049/1666
f 2931/2932/1567 3147/3147/1764 3148/3148/1765
f 3148/3148/1765 2935/2935/1570 2931/2932/1567
f 3147/3147/1764 3149/3149/1766 3150/3150/1767
f 3150/3150/1767 3148/3148/1765 3147/3147/1764
f 3152/3151/1768 2747/2748/1399 2751/2752/1403
f 2751/2752/1403 3151/3152/1769 3152/3151/1768
f 3149/3149/1766 3152/3151/1768 3151/3152/1769
f 3151/3152/1769 3150/3150/1767 3149/3149/1766
f 3147/3147/1764 2931/2932/1567 2932/2931/1566
f 2932/2931/1566 3153/3153/1770 3147/3147/1764
f 3149/3149/1766 3147/3147/1764 3153/3153/1770
f 3153/3153/1770 3154/3154/1771 3149/3149/1766
f 3152/3151/1768 3149/3149/1766 3154/3154/1771
f 3154/3154/1771 3155/3155/1772 3152/3151/1768
f 2747/2748/1399 3152/3151/1768 3155/3155/1772
f 3155/3155/1772 2748/2749/1400 2747/2748/1399
f 2935/2935/1570 3148/3148/1765 3156/3156/1773
f 3156/3156/1773 2973/2973/1605 2935/2935/1570
f 3148/3148/1765 3150/3150/1767 3157/3157/1774
f 3157/3157/1774 3156/3156/1773 3148/3148/1765
f 3151/3152/1769 2751/2752/1403 2787/2788/1439
f 2787/2788/1439 3158/3158/1775 3151/3152/1769
f 3150/3150/1767 3151/3152/1769 3158/3158/1775
f 3158/3158/1775 3157/3157/1774 3150/3150/1767
s 223
f 2939/2940/1575 3159/3159/1776 3160/3160/1777
f 3160/3160/1777 2944/2943/1578 2939/2940/1575
f 3159/3159/1776 3161/3161/1778 3162/3162/1779
f 3162/3162/1779 3160/3160/1777 3159/3159/1776
f 3164/3163/1780 2753/2754/1405 2758/2759/1410
f 2758/2759/1410 3163/3164/1781 3164/3163/1780
f 3161/3161/1778 3164/3163/1780 3163/3164/1781
f 3163/3164/1781 3162/3162/1779 3161/3161/1778
f 3159/3159/1776 2939/2940/1575 2940/2939/1574
f 2940/2939/1574 3085/3085/1702 3159/3159/1776
f 3161/3161/1778 3159/3159/1776 3085/3085/1702
f 3085/3085/1702 3087/3087/1704 3161/3161/1778
f 3164/3163/1780 3161/3161/1778 3087/3087/1704
f 3087/3087/1704 3088/3089/1706 3164/3163/1780
f 2753/2754/1405 3164/3163/1780 3088/3089/1706
f 3088/3089/1706 2754/2755/1406 2753/2754/1405
f 2943/2944/1578 3165/3165/1782 3166/3166/1783
f 3166/3166/1783 2948/2947/1579 2943/2944/1578
f 3165/3165/1782 3167/3167/1784 3168/3168/1785
f 3168/3168/1785 3166/3166/1783 3165/3165/1782
f 3170/3169/1786 2757/2758/1409 2762/2763/1414
f 2762/2763/1414 3169/3170/1787 3170/3169/1786
f 3167/3167/1784 3170/3169/1786 3169/3170/1787
f 3169/3170/1787 3168/3168/1785 3167/3167/1784
f 3165/3165/1782 2943/2944/1578 2944/2943/1578
f 2944/2943/1578 3160/3160/1777 3165/3165/1782
f 3167/3167/1784 3165/3165/1782 3160/3160/1777
f 3160/3160/1777 3162/3162/1779 3167/3167/1784
f 3170/3169/1786 3167/3167/1784 3162/3162/1779
f 3162/3162/1779 3163/3164/1781 3170/3169/1786
f 2757/2758/1409 3170/3169/1786 3163/3164/1781
f 3163/3164/1781 2758/2759/1410 2757/2758/1409
f 2947/2948/1580 3171/3171/1788 3172/3172/1789
f 3172/3172/1789 2952/2951/1583 2947/2948/1580
f 3171/3171/1788 3173/3173/1790 3174/3174/1791
f 3174/3174/1791 3172/3172/1789 3171/3171/1788
f 3176/3175/1792 2761/2762/1413 2766/2767/1418
f 2766/2767/1418 3175/3176/1793 3176/3175/1792
f 3173/3173/1790 3176/3175/1792 3175/3176/1793
f 3175/3176/1793 3174/3174/1791 3173/3173/1790
f 3171/3171/1788 2947/2948/1580 2948/2947/1579
f 2948/2947/1579 3166/3166/1783 3171/3171/1788
f 3173/3173/1790 3171/3171/1788 3166/3166/1783
f 3166/3166/1783 3168/3168/1785 3173/3173/1790
f 3176/3175/1792 3173/3173/1790 3168/3168/1785
f 3168/3168/1785 3169/3170/1787 3176/3175/1792
f 2761/2762/1413 3176/3175/1792 3169/3170/1787
f 3169/3170/1787 2762/2763/1414 2761/2762/1413
f 3120/3120/1737 2904/2903/1538 2951/2952/1584
f 2951/2952/1584 3177/3177/1794 3120/3120/1737
f 3121/3121/1738 3120/3120/1737 3177/3177/1794
f 3177/3177/1794 3178/3178/1795 3121/3121/1738
f 3122/3122/1739 3121/3121/1738 3178/3178/1795
f 3178/3178/1795 3179/3179/1796 3122/3122/1739
f 2728/2729/1380 3122/3122/1739 3179/3179/1796
f 3179/3179/1796 2765/2766/1417 2728/2729/1380
f 3177/3177/1794 2951/2952/1584 2952/2951/1583
f 2952/2951/1583 3172/3172/1789 3177/3177/1794
f 3178/3178/1795 3177/3177/1794 3172/3172/1789
f 3172/3172/1789 3174/3174/1791 3178/3178/1795
f 3179/3179/1796 3178/3178/1795 3174/3174/1791
f 3174/3174/1791 3175/3176/1793 3179/3179/1796
f 2765/2766/1417 3179/3179/1796 3175/3176/1793
f 3175/3176/1793 2766/2767/1418 2765/2766/1417
f 2955/2956/1588 3180/3180/1797 3181/3181/1798
f 3181/3181/1798 2960/2959/1591 2955/2956/1588
f 3180/3180/1797 3182/3182/1799 3183/3183/1800
f 3183/3183/1800 3181/3181/1798 3180/3180/1797
f 3185/3184/1801 2769/2770/1421 2774/2775/1426
f 2774/2775/1426 3184/3185/1802 3185/3184/1801
f 3182/3182/1799 3185/3184/1801 3184/3185/1802
f 3184/3185/1802 3183/3183/1800 3182/3182/1799
f 3180/3180/1797 2955/2956/1588 2956/2955/1587
f 2956/2955/1587 3136/3136/1753 3180/3180/1797
f 3182/3182/1799 3180/3180/1797 3136/3136/1753
f 3136/3136/1753 3138/3138/1755 3182/3182/1799
f 3185/3184/1801 3182/3182/1799 3138/3138/1755
f 3138/3138/1755 3139/3140/1757 3185/3184/1801
f 2769/2770/1421 3185/3184/1801 3139/3140/1757
f 3139/3140/1757 2770/2771/1422 2769/2770/1421
f 2959/2960/1592 3186/3186/1803 3187/3187/1804
f 3187/3187/1804 2964/2963/1595 2959/2960/1592
f 3186/3186/1803 3188/3188/1805 3189/3189/1806
f 3189/3189/1806 3187/3187/1804 3186/3186/1803
f 3191/3190/1807 2773/2774/1425 2778/2779/1430
f 2778/2779/1430 3190/3191/1808 3191/3190/1807
f 3188/3188/1805 3191/3190/1807 3190/3191/1808
f 3190/3191/1808 3189/3189/1806 3188/3188/1805
f 3186/3186/1803 2959/2960/1592 2960/2959/1591
f 2960/2959/1591 3181/3181/1798 3186/3186/1803
f 3188/3188/1805 3186/3186/1803 3181/3181/1798
f 3181/3181/1798 3183/3183/1800 3188/3188/1805
f 3191/3190/1807 3188/3188/1805 3183/3183/1800
f 3183/3183/1800 3184/3185/1802 3191/3190/1807
f 2773/2774/1425 3191/3190/1807 3184/3185/1802
f 3184/3185/1802 2774/2775/1426 2773/2774/1425
f 2963/2964/1596 3192/3192/1809 3193/3193/1810
f 3193/3193/1810 2968/2967/1599 2963/2964/1596
f 3192/3192/1809 3194/3194/1811 3195/3195/1812
f 3195/3195/1812 3193/3193/1810 3192/3192/1809
f 3197/3196/1813 2777/2778/1429 2782/2783/1434
f 2782/2783/1434 3196/3197/1814 3197/3196/1813
f 3194/3194/1811 3197/3196/1813 3196/3197/1814
f 3196/3197/1814 3195/3195/1812 3194/3194/1811
f 3192/3192/1809 2963/2964/1596 2964/2963/1595
f 2964/2963/1595 3187/3187/1804 3192/3192/1809
f 3194/3194/1811 3192/3192/1809 3187/3187/1804
f 3187/3187/1804 3189/3189/1806 3194/3194/1811
f 3197/3196/1813 3194/3194/1811 3189/3189/1806
f 3189/3189/1806 3190/3191/1808 3197/3196/1813
f 2777/2778/1429 3197/3196/1813 3190/3191/1808
f 3190/3191/1808 2778/2779/1430 2777/2778/1429
f 3093/3093/1710 2874/2873/1508 2967/2968/1600
f 2967/2968/1600 3198/3198/1815 3093/3093/1710
f 3095/3095/1712 3093/3093/1710 3198/3198/1815
f 3198/3198/1815 3199/3199/1816 3095/3095/1712
f 3098/3097/1714 3095/3095/1712 3199/3199/1816
f 3199/3199/1816 3200/3200/1817 3098/3097/1714
f 2708/2709/1360 3098/3097/1714 3200/3200/1817
f 3200/3200/1817 2781/2782/1433 2708/2709/1360
f 3198/3198/1815 2967/2968/1600 2968/2967/1599
f 2968/2967/1599 3193/3193/1810 3198/3198/1815
f 3199/3199/1816 3198/3198/1815 3193/3193/1810
f 3193/3193/1810 3195/3195/1812 3199/3199/1816
f 3200/3200/1817 3199/3199/1816 3195/3195/1812
f 3195/3195/1812 3196/3197/1814 3200/3200/1817
f 2781/2782/1433 3200/3200/1817 3196/3197/1814
f 3196/3197/1814 2782/2783/1434 2781/2782/1433
s 224
f 3108/3108/1725 2885/2886/1521 2894/2894/1529
f 2894/2894/1529 3201/3201/1818 3108/3108/1725
f 3109/3109/1726 3108/3108/1725 3201/3201/1818
f 3201/3201/1818 3202/3202/1819 3109/3109/1726
f 3110/3110/1727 3109/3109/1726 3202/3202/1819
f 3202/3202/1819 3203/3203/1820 3110/3110/1727
f 2716/2717/1368 3110/3110/1727 3203/3203/1820
f 3203/3203/1820 2786/2785/1436 2716/2717/1368
f 2973/2973/1605 3156/3156/1773 3204/3204/1821
f 3204/3204/1821 3001/3001/1520 2973/2973/1605
f 3156/3156/1773 3157/3157/1774 3205/3205/1822
f 3205/3205/1822 3204/3204/1821 3156/3156/1773
f 3158/3158/1775 2787/2788/1439 2803/2804/1439
f 2803/2804/1439 3206/3206/1823 3158/3158/1775
f 3157/3157/1774 3158/3158/1775 3206/3206/1823
f 3206/3206/1823 3205/3205/1822 3157/3157/1774
f 3201/3201/1818 2894/2894/1529 2978/2977/1609
f 2978/2977/1609 3207/3207/1824 3201/3201/1818
f 3202/3202/1819 3201/3201/1818 3207/3207/1824
f 3207/3207/1824 3208/3208/1825 3202/3202/1819
f 3203/3203/1820 3202/3202/1819 3208/3208/1825
f 3208/3208/1825 3209/3209/1826 3203/3203/1820
f 2786/2785/1436 3203/3203/1820 3209/3209/1826
f 3209/3209/1826 2789/2789/1440 2786/2785/1436
f 3207/3207/1824 2978/2977/1609 2982/2981/1613
f 2982/2981/1613 3210/3210/1827 3207/3207/1824
f 3208/3208/1825 3207/3207/1824 3210/3210/1827
f 3210/3210/1827 3211/3211/1828 3208/3208/1825
f 3209/3209/1826 3208/3208/1825 3211/3211/1828
f 3211/3211/1828 3212/3212/1829 3209/3209/1826
f 2789/2789/1440 3209/3209/1826 3212/3212/1829
f 3212/3212/1829 2791/2791/1442 2789/2789/1440
f 3069/3069/1686 2856/2855/1490 2985/2985/1615
f 2985/2985/1615 3066/3066/1683 3069/3069/1686
f 3070/3070/1687 3069/3069/1686 3066/3066/1683
f 3066/3066/1683 3067/3067/1684 3070/3070/1687
f 3071/3071/1688 3070/3070/1687 3067/3067/1684
f 3067/3067/1684 3068/3068/1685 3071/3071/1688
f 2695/2695/1313 3071/3071/1688 3068/3068/1685
f 3068/3068/1685 2793/2794/1313 2695/2695/1313
s 223
f 3063/3063/1680 2848/2847/1482 2989/2989/1619
f 2989/2989/1619 3072/3072/1689 3063/3063/1680
f 3064/3064/1681 3063/3063/1680 3072/3072/1689
f 3072/3072/1689 3073/3073/1690 3064/3064/1681
f 3065/3065/1682 3064/3064/1681 3073/3073/1690
f 3073/3073/1690 3074/3074/1691 3065/3065/1682
f 2691/2691/1347 3065/3065/1682 3074/3074/1691
f 3074/3074/1691 2795/2796/1347 2691/2691/1347
s 224
f 2993/2994/1623 3213/3213/1830 3214/3214/1665
f 3214/3214/1665 2997/2997/1623 2993/2994/1623
f 3213/3213/1830 3215/3215/1831 3216/3216/1832
f 3216/3216/1832 3214/3214/1665 3213/3213/1830
f 3218/3217/1833 2797/2798/1397 2801/2802/1397
f 2801/2802/1397 3217/3218/1833 3218/3217/1833
f 3215/3215/1831 3218/3217/1833 3217/3218/1833
f 3217/3218/1833 3216/3216/1832 3215/3215/1831
f 3213/3213/1830 2993/2994/1623 2994/2993/1623
f 2994/2993/1623 3144/3144/1761 3213/3213/1830
f 3215/3215/1831 3213/3213/1830 3144/3144/1761
f 3144/3144/1761 3145/3145/1762 3215/3215/1831
f 3218/3217/1833 3215/3215/1831 3145/3145/1762
f 3145/3145/1762 3146/3146/1763 3218/3217/1833
f 2797/2798/1397 3218/3217/1833 3146/3146/1763
f 3146/3146/1763 2798/2799/1397 2797/2798/1397
f 3153/3153/1770 2932/2931/1566 2997/2997/1623
f 2997/2997/1623 3214/3214/1665 3153/3153/1770
f 3154/3154/1771 3153/3153/1770 3214/3214/1665
f 3214/3214/1665 3216/3216/1832 3154/3154/1771
f 3155/3155/1772 3154/3154/1771 3216/3216/1832
f 3216/3216/1832 3217/3218/1833 3155/3155/1772
f 2748/2749/1400 3155/3155/1772 3217/3218/1833
f 3217/3218/1833 2801/2802/1397 2748/2749/1400
f 3001/3001/1520 3204/3204/1821 3219/3219/1834
f 3219/3219/1834 3005/3005/1627 3001/3001/1520
f 3204/3204/1821 3205/3205/1822 3220/3220/1835
f 3220/3220/1835 3219/3219/1834 3204/3204/1821
f 3206/3206/1823 2803/2804/1439 2805/2806/1439
f 2805/2806/1439 3221/3221/1836 3206/3206/1823
f 3205/3205/1822 3206/3206/1823 3221/3221/1836
f 3221/3221/1836 3220/3220/1835 3205/3205/1822
f 3210/3210/1827 2982/2981/1613 3005/3005/1627
f 3005/3005/1627 3219/3219/1834 3210/3210/1827
f 3211/3211/1828 3210/3210/1827 3219/3219/1834
f 3219/3219/1834 3220/3220/1835 3211/3211/1828
f 3212/3212/1829 3211/3211/1828 3220/3220/1835
f 3220/3220/1835 3221/3221/1836 3212/3212/1829
f 2791/2791/1442 3212/3212/1829 3221/3221/1836
f 3221/3221/1836 2805/2806/1439 2791/2791/1442
f 2809/2810/1451 3222/3222/1837 3223/3223/1838
f 3223/3223/1838 2857/2857/1492 2809/2810/1451
f 3222/3222/1837 3224/3224/1839 3225/3225/1840
f 3225/3225/1840 3223/3223/1838 3222/3222/1837
f 3227/3226/1841 2665/2666/1322 2696/2696/1314
f 2696/2696/1314 3226/3227/1842 3227/3226/1841
f 3229/3228/1843 3227/3226/1841 3226/3227/1842
f 3226/3227/1842 3228/3229/1840 3229/3228/1843
f 3222/3222/1837 2809/2810/1451 2810/2809/1450
f 2810/2809/1450 3230/3230/1844 3222/3222/1837
f 3224/3224/1839 3222/3222/1837 3230/3230/1844
f 3230/3230/1844 3231/3231/1845 3224/3224/1839
f 3227/3226/1841 3229/3228/1843 3232/3232/1846
f 3232/3232/1846 3233/3233/1847 3227/3226/1841
f 2665/2666/1322 3227/3226/1841 3233/3233/1847
f 3233/3233/1847 2666/2663/1319 2665/2666/1322
s 223
f 3235/3234/1848 2815/2816/1450 2818/2815/1455
f 2818/2815/1455 3234/3235/1849 3235/3234/1848
f 3237/3236/1845 3235/3234/1848 3234/3235/1849
f 3234/3235/1849 3236/3237/1850 3237/3236/1845
f 3241/3238/1851 3238/3239/1852 3239/3240/1850
f 3239/3240/1850 3240/3241/1853 3241/3238/1851
f 2669/2670/1326 3241/3238/1851 3240/3241/1853
f 3240/3241/1853 2670/2667/1323 2669/2670/1326
f 2821/2822/1460 3242/3242/1854 3243/3243/1855
f 3243/3243/1855 2867/2867/1502 2821/2822/1460
f 3242/3242/1854 3244/3244/1856 3245/3245/1857
f 3245/3245/1857 3243/3243/1855 3242/3242/1854
f 3247/3246/1858 2673/2674/1330 2702/2702/1353
f 2702/2702/1353 3246/3247/1859 3247/3246/1858
f 3249/3248/1860 3247/3246/1858 3246/3247/1859
f 3246/3247/1859 3248/3249/1861 3249/3248/1860
f 3242/3242/1854 2821/2822/1460 2822/2821/1459
f 2822/2821/1459 3250/3250/1862 3242/3242/1854
f 3244/3244/1856 3242/3242/1854 3250/3250/1862
f 3250/3250/1862 3251/3251/1863 3244/3244/1856
f 3247/3246/1858 3249/3248/1860 3252/3252/1864
f 3252/3252/1864 3253/3253/1865 3247/3246/1858
f 2673/2674/1330 3247/3246/1858 3253/3253/1865
f 3253/3253/1865 2674/2671/1327 2673/2674/1330
f 3250/3250/1862 2822/2821/1459 2826/2825/1463
f 2826/2825/1463 3254/3254/1866 3250/3250/1862
f 3251/3251/1863 3250/3250/1862 3254/3254/1866
f 3254/3254/1866 3255/3255/1867 3251/3251/1863
f 3253/3253/1865 3252/3252/1864 3256/3256/1868
f 3256/3256/1868 3257/3257/1869 3253/3253/1865
f 2674/2671/1327 3253/3253/1865 3257/3257/1869
f 3257/3257/1869 2676/2675/1331 2674/2671/1327
f 2829/2830/1468 3258/3258/1870 3259/3259/1871
f 3259/3259/1871 2849/2849/1484 2829/2830/1468
f 3258/3258/1870 3260/3260/1872 3261/3261/1873
f 3261/3261/1873 3259/3259/1871 3258/3258/1870
f 3263/3262/1874 2679/2680/1336 2692/2692/1312
f 2692/2692/1312 3262/3263/1875 3263/3262/1874
f 3265/3264/1876 3263/3262/1874 3262/3263/1875
f 3262/3263/1875 3264/3265/1877 3265/3264/1876
f 3258/3258/1870 2829/2830/1468 2830/2829/1467
f 2830/2829/1467 3266/3266/1878 3258/3258/1870
f 3260/3260/1872 3258/3258/1870 3266/3266/1878
f 3266/3266/1878 3267/3267/1879 3260/3260/1872
f 3263/3262/1874 3265/3264/1876 3268/3268/1880
f 3268/3268/1880 3269/3269/1881 3263/3262/1874
f 2679/2680/1336 3263/3262/1874 3269/3269/1881
f 3269/3269/1881 2680/2677/1333 2679/2680/1336
s 224
f 3271/3270/1882 2835/2836/1467 2838/2835/1472
f 2838/2835/1472 3270/3271/1883 3271/3270/1882
f 3273/3272/1884 3271/3270/1882 3270/3271/1883
f 3270/3271/1883 3272/3273/1885 3273/3272/1884
f 3277/3274/1886 3274/3275/1887 3275/3276/1888
f 3275/3276/1888 3276/3277/1889 3277/3274/1886
f 2683/2684/1340 3277/3274/1886 3276/3277/1889
f 3276/3277/1889 2684/2681/1337 2683/2684/1340
f 2841/2842/1477 3278/3278/1890 3279/3279/1891
f 3279/3279/1891 2895/2895/1530 2841/2842/1477
f 3278/3278/1890 3280/3280/1892 3281/3281/1893
f 3281/3281/1893 3279/3279/1891 3278/3278/1890
f 3283/3282/1894 2687/2688/1344 2718/2715/1366
f 2718/2715/1366 3282/3283/1895 3283/3282/1894
f 3285/3284/1896 3283/3282/1894 3282/3283/1895
f 3282/3283/1895 3284/3285/1893 3285/3284/1896
f 3278/3278/1890 2841/2842/1477 2842/2841/1476
f 2842/2841/1476 3286/3286/1897 3278/3278/1890
f 3280/3280/1892 3278/3278/1890 3286/3286/1897
f 3286/3286/1897 3287/3287/1898 3280/3280/1892
f 3283/3282/1894 3285/3284/1896 3288/3288/1899
f 3288/3288/1899 3289/3289/1900 3283/3282/1894
f 2687/2688/1344 3283/3282/1894 3289/3289/1900
f 3289/3289/1900 2688/2685/1341 2687/2688/1344
f 3286/3286/1897 2842/2841/1476 2846/2845/1480
f 2846/2845/1480 3290/3290/1901 3286/3286/1897
f 3287/3287/1898 3286/3286/1897 3290/3290/1901
f 3290/3290/1901 3291/3291/1902 3287/3287/1898
f 3289/3289/1900 3288/3288/1899 3292/3292/1903
f 3292/3292/1903 3293/3293/1904 3289/3289/1900
f 2688/2685/1341 3289/3289/1900 3293/3293/1904
f 3293/3293/1904 2690/2689/1345 2688/2685/1341
s 223
f 2849/2849/1484 3259/3259/1871 3294/3294/1905
f 3294/3294/1905 2992/2991/1621 2849/2849/1484
f 3259/3259/1871 3261/3261/1873 3295/3295/1906
f 3295/3295/1906 3294/3294/1905 3259/3259/1871
f 3262/3263/1875 2692/2692/1312 2796/2795/1312
f 2796/2795/1312 3296/3296/1907 3262/3263/1875
f 3264/3265/1877 3262/3263/1875 3296/3296/1907
f 3296/3296/1907 3297/3297/1908 3264/3265/1877
s 224
f 3290/3290/1901 2846/2845/1480 2854/2853/1488
f 2854/2853/1488 3298/3298/1909 3290/3290/1901
f 3291/3291/1902 3290/3290/1901 3298/3298/1909
f 3298/3298/1909 3299/3299/1910 3291/3291/1902
f 3293/3293/1904 3292/3292/1903 3300/3300/1911
f 3300/3300/1911 3301/3301/1912 3293/3293/1904
f 2690/2689/1345 3293/3293/1904 3301/3301/1912
f 3301/3301/1912 2694/2693/1348 2690/2689/1345
f 2857/2857/1492 3223/3223/1838 3302/3302/1913
f 3302/3302/1913 2988/2987/1617 2857/2857/1492
f 3223/3223/1838 3225/3225/1840 3303/3303/1914
f 3303/3303/1914 3302/3302/1913 3223/3223/1838
f 3226/3227/1842 2696/2696/1314 2794/2793/1444
f 2794/2793/1444 3304/3304/1915 3226/3227/1842
f 3228/3229/1840 3226/3227/1842 3304/3304/1915
f 3304/3304/1915 3305/3305/1916 3228/3229/1840
s 223
f 3254/3254/1866 2826/2825/1463 2862/2861/1496
f 2862/2861/1496 3306/3306/1917 3254/3254/1866
f 3255/3255/1867 3254/3254/1866 3306/3306/1917
f 3306/3306/1917 3307/3307/1918 3255/3255/1867
f 3257/3257/1869 3256/3256/1868 3308/3308/1919
f 3308/3308/1919 3309/3309/1920 3257/3257/1869
f 2676/2675/1331 3257/3257/1869 3309/3309/1920
f 3309/3309/1920 2698/2697/1349 2676/2675/1331
f 2863/2864/1499 3310/3310/1921 3311/3311/1922
f 3311/3311/1922 2898/2899/1534 2863/2864/1499
f 3310/3310/1921 3312/3312/1923 3313/3313/1924
f 3313/3313/1924 3311/3311/1922 3310/3310/1921
f 3315/3314/1925 2699/2700/1351 2726/2723/1374
f 2726/2723/1374 3314/3315/1926 3315/3314/1925
f 3317/3316/1923 3315/3314/1925 3314/3315/1926
f 3314/3315/1926 3316/3317/1924 3317/3316/1923
f 3310/3310/1921 2863/2864/1499 2864/2863/1498
f 2864/2863/1498 3318/3318/1927 3310/3310/1921
f 3312/3312/1923 3310/3310/1921 3318/3318/1927
f 3318/3318/1927 3319/3319/1928 3312/3312/1923
f 3315/3314/1925 3317/3316/1923 3320/3320/1928
f 3320/3320/1928 3321/3321/1929 3315/3314/1925
f 2699/2700/1351 3315/3314/1925 3321/3321/1929
f 3321/3321/1929 2700/2699/1350 2699/2700/1351
f 2867/2867/1502 3243/3243/1855 3322/3322/1930
f 3322/3322/1930 2879/2879/1514 2867/2867/1502
f 3243/3243/1855 3245/3245/1857 3323/3323/1931
f 3323/3323/1931 3322/3322/1930 3243/3243/1855
f 3246/3247/1859 2702/2702/1353 2712/2712/1363
f 2712/2712/1363 3324/3324/1932 3246/3247/1859
f 3248/3249/1861 3246/3247/1859 3324/3324/1932
f 3324/3324/1932 3325/3325/1933 3248/3249/1861
f 2871/2872/1507 3326/3326/1934 3327/3327/1935
f 3327/3327/1935 2883/2883/1518 2871/2872/1507
f 3326/3326/1934 3328/3328/1936 3329/3329/1937
f 3329/3329/1937 3327/3327/1935 3326/3326/1934
f 3331/3330/1938 2705/2706/1357 2714/2714/1365
f 2714/2714/1365 3330/3331/1939 3331/3330/1938
f 3333/3332/1936 3331/3330/1938 3330/3331/1939
f 3330/3331/1939 3332/3333/1937 3333/3332/1936
f 3326/3326/1934 2871/2872/1507 2872/2871/1506
f 2872/2871/1506 3334/3334/1940 3326/3326/1934
f 3328/3328/1936 3326/3326/1934 3334/3334/1940
f 3334/3334/1940 3335/3335/1941 3328/3328/1936
f 3331/3330/1938 3333/3332/1936 3336/3336/1942
f 3336/3336/1942 3337/3337/1943 3331/3330/1938
f 2705/2706/1357 3331/3330/1938 3337/3337/1943
f 3337/3337/1943 2706/2703/1354 2705/2706/1357
f 2875/2876/1511 3338/3338/1944 3339/3339/1945
f 3339/3339/1945 2970/2969/1601 2875/2876/1511
f 3338/3338/1944 3340/3340/1946 3341/3341/1947
f 3341/3341/1947 3339/3339/1945 3338/3338/1944
f 3343/3342/1948 2709/2710/1361 2784/2781/1432
f 2784/2781/1432 3342/3343/1949 3343/3342/1948
f 3345/3344/1950 3343/3342/1948 3342/3343/1949
f 3342/3343/1949 3344/3345/1951 3345/3344/1950
f 3338/3338/1944 2875/2876/1511 2876/2875/1510
f 2876/2875/1510 3346/3346/1952 3338/3338/1944
f 3340/3340/1946 3338/3338/1944 3346/3346/1952
f 3346/3346/1952 3347/3347/1953 3340/3340/1946
f 3343/3342/1948 3345/3344/1950 3348/3348/1954
f 3348/3348/1954 3349/3349/1955 3343/3342/1948
f 2709/2710/1361 3343/3342/1948 3349/3349/1955
f 3349/3349/1955 2710/2707/1358 2709/2710/1361
f 3346/3346/1952 2876/2875/1510 2879/2879/1514
f 2879/2879/1514 3322/3322/1930 3346/3346/1952
f 3347/3347/1953 3346/3346/1952 3322/3322/1930
f 3322/3322/1930 3323/3323/1931 3347/3347/1953
f 3349/3349/1955 3348/3348/1954 3325/3325/1933
f 3325/3325/1933 3324/3324/1932 3349/3349/1955
f 2710/2707/1358 3349/3349/1955 3324/3324/1932
f 3324/3324/1932 2712/2712/1363 2710/2707/1358
f 3318/3318/1927 2864/2863/1498 2883/2883/1518
f 2883/2883/1518 3327/3327/1935 3318/3318/1927
f 3319/3319/1928 3318/3318/1927 3327/3327/1935
f 3327/3327/1935 3329/3329/1937 3319/3319/1928
f 3321/3321/1929 3320/3320/1928 3332/3333/1937
f 3332/3333/1937 3330/3331/1939 3321/3321/1929
f 2700/2699/1350 3321/3321/1929 3330/3331/1939
f 3330/3331/1939 2714/2714/1365 2700/2699/1350
s 224
f 2895/2895/1530 3279/3279/1891 3350/3350/1956
f 3350/3350/1956 2896/2896/1531 2895/2895/1530
f 3279/3279/1891 3281/3281/1893 3351/3351/1957
f 3351/3351/1957 3350/3350/1956 3279/3279/1891
f 3282/3283/1895 2718/2715/1366 2717/2718/1369
f 2717/2718/1369 3352/3352/1958 3282/3283/1895
f 3284/3285/1893 3282/3283/1895 3352/3352/1958
f 3352/3352/1958 3353/3353/1959 3284/3285/1893
f 2896/2896/1531 3350/3350/1956 3354/3354/1960
f 3354/3354/1960 2971/2972/1604 2896/2896/1531
f 3350/3350/1956 3351/3351/1957 3355/3355/1961
f 3355/3355/1961 3354/3354/1960 3350/3350/1956
f 3352/3352/1958 2717/2718/1369 2785/2786/1437
f 2785/2786/1437 3356/3356/1962 3352/3352/1958
f 3353/3353/1959 3352/3352/1958 3356/3356/1962
f 3356/3356/1962 3357/3357/1963 3353/3353/1959
s 223
f 2899/2900/1535 3358/3358/1964 3359/3359/1965
f 3359/3359/1965 2889/2890/1525 2899/2900/1535
f 3358/3358/1964 3360/3360/1966 3361/3361/1967
f 3361/3361/1967 3359/3359/1965 3358/3358/1964
f 3363/3362/1968 2725/2726/1377 2720/2721/1372
f 2720/2721/1372 3362/3363/1969 3363/3362/1968
f 3365/3364/1970 3363/3362/1968 3362/3363/1969
f 3362/3363/1969 3364/3365/1971 3365/3364/1970
f 3358/3358/1964 2899/2900/1535 2898/2899/1534
f 2898/2899/1534 3311/3311/1922 3358/3358/1964
f 3360/3360/1966 3358/3358/1964 3311/3311/1922
f 3311/3311/1922 3313/3313/1924 3360/3360/1966
f 3363/3362/1968 3365/3364/1970 3316/3317/1924
f 3316/3317/1924 3314/3315/1926 3363/3362/1968
f 2725/2726/1377 3363/3362/1968 3314/3315/1926
f 3314/3315/1926 2726/2723/1374 2725/2726/1377
s 224
f 2971/2972/1604 3354/3354/1960 3366/3366/1972
f 3366/3366/1972 2979/2979/1611 2971/2972/1604
f 3354/3354/1960 3355/3355/1961 3367/3367/1973
f 3367/3367/1973 3366/3366/1972 3354/3354/1960
f 3356/3356/1962 2785/2786/1437 2790/2790/1441
f 2790/2790/1441 3368/3368/1974 3356/3356/1962
f 3357/3357/1963 3356/3356/1962 3368/3368/1974
f 3368/3368/1974 3369/3369/1975 3357/3357/1963
s 223
f 3234/3235/1849 2818/2815/1455 2890/2887/1522
f 2890/2887/1522 3370/3370/1976 3234/3235/1849
f 3236/3237/1850 3234/3235/1849 3370/3370/1976
f 3370/3370/1976 3371/3371/1977 3236/3237/1850
f 3240/3241/1853 3239/3240/1850 3372/3372/1978
f 3372/3372/1978 3373/3373/1979 3240/3241/1853
f 2670/2667/1323 3240/3241/1853 3373/3373/1979
f 3373/3373/1979 2719/2720/1371 2670/2667/1323
f 3370/3370/1976 2890/2887/1522 2889/2890/1525
f 2889/2890/1525 3359/3359/1965 3370/3370/1976
f 3371/3371/1977 3370/3370/1976 3359/3359/1965
f 3359/3359/1965 3361/3361/1967 3371/3371/1977
f 3373/3373/1979 3372/3372/1978 3364/3365/1971
f 3364/3365/1971 3362/3363/1969 3373/3373/1979
f 2719/2720/1371 3373/3373/1979 3362/3363/1969
f 3362/3363/1969 2720/2721/1372 2719/2720/1371
f 2905/2906/1541 3374/3374/1980 3375/3375/1981
f 3375/3375/1981 2954/2953/1585 2905/2906/1541
f 3374/3374/1980 3376/3376/1982 3377/3377/1983
f 3377/3377/1983 3375/3375/1981 3374/3374/1980
f 3379/3378/1984 2729/2730/1381 2768/2765/1416
f 2768/2765/1416 3378/3379/1985 3379/3378/1984
f 3381/3380/1986 3379/3378/1984 3378/3379/1985
f 3378/3379/1985 3380/3381/1987 3381/3380/1986
f 3374/3374/1980 2905/2906/1541 2906/2905/1540
f 2906/2905/1540 3382/3382/1988 3374/3374/1980
f 3376/3376/1982 3374/3374/1980 3382/3382/1988
f 3382/3382/1988 3383/3383/1989 3376/3376/1982
f 3379/3378/1984 3381/3380/1986 3384/3384/1990
f 3384/3384/1990 3385/3385/1991 3379/3378/1984
f 2729/2730/1381 3379/3378/1984 3385/3385/1991
f 3385/3385/1991 2730/2727/1378 2729/2730/1381
f 2909/2910/1545 3386/3386/1992 3387/3387/1993
f 3387/3387/1993 2922/2921/1556 2909/2910/1545
f 3386/3386/1992 3388/3388/1994 3389/3389/1995
f 3389/3389/1995 3387/3387/1993 3386/3386/1992
f 3391/3390/1996 2733/2734/1385 2742/2741/1392
f 2742/2741/1392 3390/3391/1997 3391/3390/1996
f 3393/3392/1998 3391/3390/1996 3390/3391/1997
f 3390/3391/1997 3392/3393/1995 3393/3392/1998
f 3386/3386/1992 2909/2910/1545 2910/2909/1544
f 2910/2909/1544 3394/3394/1999 3386/3386/1992
f 3388/3388/1994 3386/3386/1992 3394/3394/1999
f 3394/3394/1999 3395/3395/2000 3388/3388/1994
f 3391/3390/1996 3393/3392/1998 3396/3396/2001
f 3396/3396/2001 3397/3397/2002 3391/3390/1996
f 2733/2734/1385 3391/3390/1996 3397/3397/2002
f 3397/3397/2002 2734/2731/1382 2733/2734/1385
f 3394/3394/1999 2910/2909/1544 2914/2913/1548
f 2914/2913/1548 3398/3398/2003 3394/3394/1999
f 3395/3395/2000 3394/3394/1999 3398/3398/2003
f 3398/3398/2003 3399/3399/2004 3395/3395/2000
f 3397/3397/2002 3396/3396/2001 3400/3400/2005
f 3400/3400/2005 3401/3401/2006 3397/3397/2002
f 2734/2731/1382 3397/3397/2002 3401/3401/2006
f 3401/3401/2006 2736/2735/1386 2734/2731/1382
f 2917/2918/1553 3402/3402/2007 3403/3403/2008
f 3403/3403/2008 2926/2925/1560 2917/2918/1553
f 3402/3402/2007 3404/3404/2009 3405/3405/2010
f 3405/3405/2010 3403/3403/2008 3402/3402/2007
f 3407/3406/2011 2739/2740/1391 2744/2743/1394
f 2744/2743/1394 3406/3407/2012 3407/3406/2011
f 3409/3408/2009 3407/3406/2011 3406/3407/2012
f 3406/3407/2012 3408/3409/2010 3409/3408/2009
f 3402/3402/2007 2917/2918/1553 2918/2917/1552
f 2918/2917/1552 3410/3410/2013 3402/3402/2007
f 3404/3404/2009 3402/3402/2007 3410/3410/2013
f 3410/3410/2013 3411/3411/2014 3404/3404/2009
f 3407/3406/2011 3409/3408/2009 3412/3412/2015
f 3412/3412/2015 3413/3413/2016 3407/3406/2011
f 2739/2740/1391 3407/3406/2011 3413/3413/2016
f 3413/3413/2016 2740/2737/1388 2739/2740/1391
f 3382/3382/1988 2906/2905/1540 2922/2921/1556
f 2922/2921/1556 3387/3387/1993 3382/3382/1988
f 3383/3383/1989 3382/3382/1988 3387/3387/1993
f 3387/3387/1993 3389/3389/1995 3383/3383/1989
f 3385/3385/1991 3384/3384/1990 3392/3393/1995
f 3392/3393/1995 3390/3391/1997 3385/3385/1991
f 2730/2727/1378 3385/3385/1991 3390/3391/1997
f 3390/3391/1997 2742/2741/1392 2730/2727/1378
f 3398/3398/2003 2914/2913/1548 2926/2925/1560
f 2926/2925/1560 3403/3403/2008 3398/3398/2003
f 3399/3399/2004 3398/3398/2003 3403/3403/2008
f 3403/3403/2008 3405/3405/2010 3399/3399/2004
f 3401/3401/2006 3400/3400/2005 3408/3409/2010
f 3408/3409/2010 3406/3407/2012 3401/3401/2006
f 2736/2735/1386 3401/3401/2006 3406/3407/2012
f 3406/3407/2012 2744/2743/1394 2736/2735/1386
s 224
f 3270/3271/1883 2838/2835/1472 2930/2929/1564
f 2930/2929/1564 3414/3414/2017 3270/3271/1883
f 3272/3273/1885 3270/3271/1883 3414/3414/2017
f 3414/3414/2017 3415/3415/2018 3272/3273/1885
f 3276/3277/1889 3275/3276/1888 3416/3416/2019
f 3416/3416/2019 3417/3417/2020 3276/3277/1889
f 2684/2681/1337 3276/3277/1889 3417/3417/2020
f 3417/3417/2020 2746/2745/1396 2684/2681/1337
f 2933/2934/1569 3418/3418/2021 3419/3419/2022
f 3419/3419/2022 3000/2999/1624 2933/2934/1569
f 3418/3418/2021 3420/3420/2023 3421/3421/2019
f 3421/3421/2019 3419/3419/2022 3418/3418/2021
f 3423/3422/2024 2749/2750/1401 2802/2801/1445
f 2802/2801/1445 3422/3423/2025 3423/3422/2024
f 3425/3424/2026 3423/3422/2024 3422/3423/2025
f 3422/3423/2025 3424/3425/2027 3425/3424/2026
f 3418/3418/2021 2933/2934/1569 2934/2933/1568
f 2934/2933/1568 3426/3426/2028 3418/3418/2021
f 3420/3420/2023 3418/3418/2021 3426/3426/2028
f 3426/3426/2028 3427/3427/2029 3420/3420/2023
f 3423/3422/2024 3425/3424/2026 3428/3428/2030
f 3428/3428/2030 3429/3429/2031 3423/3422/2024
f 2749/2750/1401 3423/3422/2024 3429/3429/2031
f 3429/3429/2031 2750/2747/1398 2749/2750/1401
f 3426/3426/2028 2934/2933/1568 2938/2937/1572
f 2938/2937/1572 3430/3430/2032 3426/3426/2028
f 3427/3427/2029 3426/3426/2028 3430/3430/2032
f 3430/3430/2032 3431/3431/2033 3427/3427/2029
f 3429/3429/2031 3428/3428/2030 3432/3432/2033
f 3432/3432/2033 3433/3433/2034 3429/3429/2031
f 2750/2747/1398 3429/3429/2031 3433/3433/2034
f 3433/3433/2034 2752/2751/1402 2750/2747/1398
s 223
f 3334/3334/1940 2872/2871/1506 2941/2942/1577
f 2941/2942/1577 3434/3434/2035 3334/3334/1940
f 3335/3335/1941 3334/3334/1940 3434/3434/2035
f 3434/3434/2035 3435/3435/2036 3335/3335/1941
f 3337/3337/1943 3336/3336/1942 3436/3436/2037
f 3436/3436/2037 3437/3437/2038 3337/3337/1943
f 2706/2703/1354 3337/3337/1943 3437/3437/2038
f 3437/3437/2038 2755/2756/1407 2706/2703/1354
f 3434/3434/2035 2941/2942/1577 2942/2941/1576
f 2942/2941/1576 3438/3438/2039 3434/3434/2035
f 3435/3435/2036 3434/3434/2035 3438/3438/2039
f 3438/3438/2039 3439/3439/2040 3435/3435/2036
f 3437/3437/2038 3436/3436/2037 3440/3440/2041
f 3440/3440/2041 3441/3441/2042 3437/3437/2038
f 2755/2756/1407 3437/3437/2038 3441/3441/2042
f 3441/3441/2042 2756/2753/1404 2755/2756/1407
f 3438/3438/2039 2942/2941/1576 2945/2946/1576
f 2945/2946/1576 3442/3442/2043 3438/3438/2039
f 3439/3439/2040 3438/3438/2039 3442/3442/2043
f 3442/3442/2043 3443/3443/2044 3439/3439/2040
f 3441/3441/2042 3440/3440/2041 3444/3444/2044
f 3444/3444/2044 3445/3445/2045 3441/3441/2042
f 2756/2753/1404 3441/3441/2042 3445/3445/2045
f 3445/3445/2045 2759/2760/1411 2756/2753/1404
f 3442/3442/2043 2945/2946/1576 2946/2945/1576
f 2946/2945/1576 3446/3446/2046 3442/3442/2043
f 3443/3443/2044 3442/3442/2043 3446/3446/2046
f 3446/3446/2046 3447/3447/2047 3443/3443/2044
f 3445/3445/2045 3444/3444/2044 3448/3448/2048
f 3448/3448/2048 3449/3449/2049 3445/3445/2045
f 2759/2760/1411 3445/3445/2045 3449/3449/2049
f 3449/3449/2049 2760/2757/1408 2759/2760/1411
f 3446/3446/2046 2946/2945/1576 2949/2950/1582
f 2949/2950/1582 3450/3450/2050 3446/3446/2046
f 3447/3447/2047 3446/3446/2046 3450/3450/2050
f 3450/3450/2050 3451/3451/2051 3447/3447/2047
f 3449/3449/2049 3448/3448/2048 3452/3452/2052
f 3452/3452/2052 3453/3453/2053 3449/3449/2049
f 2760/2757/1408 3449/3449/2049 3453/3453/2053
f 3453/3453/2053 2763/2764/1415 2760/2757/1408
f 3450/3450/2050 2949/2950/1582 2950/2949/1581
f 2950/2949/1581 3454/3454/2054 3450/3450/2050
f 3451/3451/2051 3450/3450/2050 3454/3454/2054
f 3454/3454/2054 3455/3455/2055 3451/3451/2051
f 3453/3453/2053 3452/3452/2052 3456/3456/2056
f 3456/3456/2056 3457/3457/2057 3453/3453/2053
f 2763/2764/1415 3453/3453/2053 3457/3457/2057
f 3457/3457/2057 2764/2761/1412 2763/2764/1415
f 3454/3454/2054 2950/2949/1581 2953/2954/1586
f 2953/2954/1586 3458/3458/2058 3454/3454/2054
f 3455/3455/2055 3454/3454/2054 3458/3458/2058
f 3458/3458/2058 3459/3459/2059 3455/3455/2055
f 3457/3457/2057 3456/3456/2056 3460/3460/2060
f 3460/3460/2060 3461/3461/2061 3457/3457/2057
f 2764/2761/1412 3457/3457/2057 3461/3461/2061
f 3461/3461/2061 2767/2768/1419 2764/2761/1412
f 3458/3458/2058 2953/2954/1586 2954/2953/1585
f 2954/2953/1585 3375/3375/1981 3458/3458/2058
f 3459/3459/2059 3458/3458/2058 3375/3375/1981
f 3375/3375/1981 3377/3377/1983 3459/3459/2059
f 3461/3461/2061 3460/3460/2060 3380/3381/1987
f 3380/3381/1987 3378/3379/1985 3461/3461/2061
f 2767/2768/1419 3461/3461/2061 3378/3379/1985
f 3378/3379/1985 2768/2765/1416 2767/2768/1419
f 3410/3410/2013 2918/2917/1552 2957/2958/1590
f 2957/2958/1590 3462/3462/2062 3410/3410/2013
f 3411/3411/2014 3410/3410/2013 3462/3462/2062
f 3462/3462/2062 3463/3463/2063 3411/3411/2014
f 3413/3413/2016 3412/3412/2015 3464/3464/2064
f 3464/3464/2064 3465/3465/2065 3413/3413/2016
f 2740/2737/1388 3413/3413/2016 3465/3465/2065
f 3465/3465/2065 2771/2772/1423 2740/2737/1388
f 3462/3462/2062 2957/2958/1590 2958/2957/1589
f 2958/2957/1589 3466/3466/2066 3462/3462/2062
f 3463/3463/2063 3462/3462/2062 3466/3466/2066
f 3466/3466/2066 3467/3467/2067 3463/3463/2063
f 3465/3465/2065 3464/3464/2064 3468/3468/2067
f 3468/3468/2067 3469/3469/2068 3465/3465/2065
f 2771/2772/1423 3465/3465/2065 3469/3469/2068
f 3469/3469/2068 2772/2769/1420 2771/2772/1423
f 3466/3466/2066 2958/2957/1589 2961/2962/1594
f 2961/2962/1594 3470/3470/2069 3466/3466/2066
f 3467/3467/2067 3466/3466/2066 3470/3470/2069
f 3470/3470/2069 3471/3471/2070 3467/3467/2067
f 3469/3469/2068 3468/3468/2067 3472/3472/2071
f 3472/3472/2071 3473/3473/2072 3469/3469/2068
f 2772/2769/1420 3469/3469/2068 3473/3473/2072
f 3473/3473/2072 2775/2776/1427 2772/2769/1420
f 3470/3470/2069 2961/2962/1594 2962/2961/1593
f 2962/2961/1593 3474/3474/2073 3470/3470/2069
f 3471/3471/2070 3470/3470/2069 3474/3474/2073
f 3474/3474/2073 3475/3475/2074 3471/3471/2070
f 3473/3473/2072 3472/3472/2071 3476/3476/2074
f 3476/3476/2074 3477/3477/2075 3473/3473/2072
f 2775/2776/1427 3473/3473/2072 3477/3477/2075
f 3477/3477/2075 2776/2773/1424 2775/2776/1427
f 3474/3474/2073 2962/2961/1593 2965/2966/1598
f 2965/2966/1598 3478/3478/2076 3474/3474/2073
f 3475/3475/2074 3474/3474/2073 3478/3478/2076
f 3478/3478/2076 3479/3479/2077 3475/3475/2074
f 3477/3477/2075 3476/3476/2074 3480/3480/2078
f 3480/3480/2078 3481/3481/2079 3477/3477/2075
f 2776/2773/1424 3477/3477/2075 3481/3481/2079
f 3481/3481/2079 2779/2780/1431 2776/2773/1424
f 3478/3478/2076 2965/2966/1598 2966/2965/1597
f 2966/2965/1597 3482/3482/2080 3478/3478/2076
f 3479/3479/2077 3478/3478/2076 3482/3482/2080
f 3482/3482/2080 3483/3483/2081 3479/3479/2077
f 3481/3481/2079 3480/3480/2078 3484/3484/2082
f 3484/3484/2082 3485/3485/2083 3481/3481/2079
f 2779/2780/1431 3481/3481/2079 3485/3485/2083
f 3485/3485/2083 2780/2777/1428 2779/2780/1431
f 3482/3482/2080 2966/2965/1597 2969/2970/1602
f 2969/2970/1602 3486/3486/2084 3482/3482/2080
f 3483/3483/2081 3482/3482/2080 3486/3486/2084
f 3486/3486/2084 3487/3487/2085 3483/3483/2081
f 3485/3485/2083 3484/3484/2082 3488/3488/2086
f 3488/3488/2086 3489/3489/2087 3485/3485/2083
f 2780/2777/1428 3485/3485/2083 3489/3489/2087
f 3489/3489/2087 2783/2784/1435 2780/2777/1428
f 3486/3486/2084 2969/2970/1602 2970/2969/1601
f 2970/2969/1601 3339/3339/1945 3486/3486/2084
f 3487/3487/2085 3486/3486/2084 3339/3339/1945
f 3339/3339/1945 3341/3341/1947 3487/3487/2085
f 3489/3489/2087 3488/3488/2086 3344/3345/1951
f 3344/3345/1951 3342/3343/1949 3489/3489/2087
f 2783/2784/1435 3489/3489/2087 3342/3343/1949
f 3342/3343/1949 2784/2781/1432 2783/2784/1435
s 224
f 3430/3430/2032 2938/2937/1572 2976/2975/1607
f 2976/2975/1607 3490/3490/2088 3430/3430/2032
f 3431/3431/2033 3430/3430/2032 3490/3490/2088
f 3490/3490/2088 3491/3491/2089 3431/3431/2033
f 3433/3433/2034 3432/3432/2033 3492/3492/2090
f 3492/3492/2090 3493/3493/2091 3433/3433/2034
f 2752/2751/1402 3433/3433/2034 3493/3493/2091
f 3493/3493/2091 2788/2787/1438 2752/2751/1402
f 2979/2979/1611 3366/3366/1972 3494/3494/2092
f 3494/3494/2092 2983/2983/1614 2979/2979/1611
f 3366/3366/1972 3367/3367/1973 3495/3495/2093
f 3495/3495/2093 3494/3494/2092 3366/3366/1972
f 3368/3368/1974 2790/2790/1441 2792/2792/1443
f 2792/2792/1443 3496/3496/2094 3368/3368/1974
f 3369/3369/1975 3368/3368/1974 3496/3496/2094
f 3496/3496/2094 3497/3497/2095 3369/3369/1975
f 2983/2983/1614 3494/3494/2092 3498/3498/2096
f 3498/3498/2096 3008/3007/1607 2983/2983/1614
f 3494/3494/2092 3495/3495/2093 3499/3499/2090
f 3499/3499/2090 3498/3498/2096 3494/3494/2092
f 3496/3496/2094 2792/2792/1443 2806/2805/1447
f 2806/2805/1447 3500/3500/2097 3496/3496/2094
f 3497/3497/2095 3496/3496/2094 3500/3500/2097
f 3500/3500/2097 3501/3501/2090 3497/3497/2095
f 3298/3298/1909 2854/2853/1488 2988/2987/1617
f 2988/2987/1617 3302/3302/1913 3298/3298/1909
f 3299/3299/1910 3298/3298/1909 3302/3302/1913
f 3302/3302/1913 3303/3303/1914 3299/3299/1910
f 3301/3301/1912 3300/3300/1911 3305/3305/1916
f 3305/3305/1916 3304/3304/1915 3301/3301/1912
f 2694/2693/1348 3301/3301/1912 3304/3304/1915
f 3304/3304/1915 2794/2793/1444 2694/2693/1348
s 223
f 3306/3306/1917 2862/2861/1496 2992/2991/1621
f 2992/2991/1621 3294/3294/1905 3306/3306/1917
f 3307/3307/1918 3306/3306/1917 3294/3294/1905
f 3294/3294/1905 3295/3295/1906 3307/3307/1918
f 3309/3309/1920 3308/3308/1919 3297/3297/1908
f 3297/3297/1908 3296/3296/1907 3309/3309/1920
f 2698/2697/1349 3309/3309/1920 3296/3296/1907
f 3296/3296/1907 2796/2795/1312 2698/2697/1349
s 224
f 3414/3414/2017 2930/2929/1564 2995/2996/1625
f 2995/2996/1625 3502/3502/2098 3414/3414/2017
f 3415/3415/2018 3414/3414/2017 3502/3502/2098
f 3502/3502/2098 3503/3503/2019 3415/3415/2018
f 3417/3417/2020 3416/3416/2019 3504/3504/2027
f 3504/3504/2027 3505/3505/2099 3417/3417/2020
f 2746/2745/1396 3417/3417/2020 3505/3505/2099
f 3505/3505/2099 2799/2800/1445 2746/2745/1396
f 3502/3502/2098 2995/2996/1625 2996/2995/1624
f 2996/2995/1624 3506/3506/2100 3502/3502/2098
f 3503/3503/2019 3502/3502/2098 3506/3506/2100
f 3506/3506/2100 3507/3507/2019 3503/3503/2019
f 3505/3505/2099 3504/3504/2027 3508/3508/2027
f 3508/3508/2027 3509/3509/2101 3505/3505/2099
f 2799/2800/1445 3505/3505/2099 3509/3509/2101
f 3509/3509/2101 2800/2797/1445 2799/2800/1445
f 3506/3506/2100 2996/2995/1624 3000/2999/1624
f 3000/2999/1624 3419/3419/2022 3506/3506/2100
f 3507/3507/2019 3506/3506/2100 3419/3419/2022
f 3419/3419/2022 3421/3421/2019 3507/3507/2019
f 3509/3509/2101 3508/3508/2027 3424/3425/2027
f 3424/3425/2027 3422/3423/2025 3509/3509/2101
f 2800/2797/1445 3509/3509/2101 3422/3423/2025
f 3422/3423/2025 2802/2801/1445 2800/2797/1445
f 3490/3490/2088 2976/2975/1607 3004/3003/1607
f 3004/3003/1607 3510/3510/2102 3490/3490/2088
f 3491/3491/2089 3490/3490/2088 3510/3510/2102
f 3510/3510/2102 3511/3511/2089 3491/3491/2089
f 3493/3493/2091 3492/3492/2090 3512/3512/2090
f 3512/3512/2090 3513/3513/2091 3493/3493/2091
f 2788/2787/1438 3493/3493/2091 3513/3513/2091
f 3513/3513/2091 2804/2803/1446 2788/2787/1438
f 3510/3510/2102 3004/3003/1607 3008/3007/1607
f 3008/3007/1607 3498/3498/2096 3510/3510/2102
f 3511/3511/2089 3510/3510/2102 3498/3498/2096
f 3498/3498/2096 3499/3499/2090 3511/3511/2089
f 3513/3513/2091 3512/3512/2090 3501/3501/2090
f 3501/3501/2090 3500/3500/2097 3513/3513/2091
f 2804/2803/1446 3513/3513/2091 3500/3500/2097
f 3500/3500/2097 2806/2805/1447 2804/2803/1446
s 223
f 2608/2605/1264 3514/3514/2103 3515/3515/2104
f 3515/3515/2104 2605/2606/1265 2608/2605/1264
f 3514/3514/2103 3516/3516/2105 3517/3517/2106
f 3517/3517/2106 3515/3515/2104 3514/3514/2103
f 3519/3518/2107 2813/2814/1454 2812/2813/1453
f 2812/2813/1453 3518/3519/2108 3519/3518/2107
f 3516/3516/2105 3519/3518/2107 3518/3519/2108
f 3518/3519/2108 3517/3517/2106 3516/3516/2105
s 224
f 2173/2174/839 2171/2172/837 3520/3520/2109
f 3520/3520/2109 2855/2856/1491 2173/2174/839
f 2171/2172/837 2169/2170/835 3521/3521/2110
f 3521/3521/2110 3520/3520/2109 2171/2172/837
f 2167/2168/833 2166/2167/832 2622/2621/1280
f 2622/2621/1280 3522/3522/2111 2167/2168/833
f 2169/2170/835 2167/2168/833 3522/3522/2111
f 3522/3522/2111 3521/3521/2110 2169/2170/835
f 2175/2176/841 2178/2175/840 3523/3523/2112
f 3523/3523/2112 2621/2622/1281 2175/2176/841
f 2178/2175/840 2180/2179/844 3524/3524/2113
f 3524/3524/2113 3523/3523/2112 2178/2175/840
f 2182/2181/846 2184/2183/848 2858/2858/1493
f 2858/2858/1493 3525/3525/2114 2182/2181/846
f 2180/2179/844 2182/2181/846 3525/3525/2114
f 3525/3525/2114 3524/3524/2113 2180/2179/844
s 223
f 2816/2817/849 3526/3526/2115 3527/3527/2116
f 3527/3527/2116 2817/2818/1456 2816/2817/849
f 3526/3526/2115 3528/3528/2117 3529/3529/2118
f 3529/3529/2118 3527/3527/2116 3526/3526/2115
f 3531/3530/2119 2607/2608/1267 2606/2607/1266
f 2606/2607/1266 3530/3531/2120 3531/3530/2119
f 3528/3528/2117 3531/3530/2119 3530/3531/2120
f 3530/3531/2120 3529/3529/2118 3528/3528/2117
f 2185/2186/851 2188/2185/850 3532/3532/2121
f 3532/3532/2121 2609/2609/1268 2185/2186/851
f 2188/2185/850 2190/2189/854 3533/3533/2122
f 3533/3533/2122 3532/3532/2121 2188/2185/850
f 2192/2191/856 2194/2193/858 2824/2824/1462
f 2824/2824/1462 3534/3534/2123 2192/2191/856
f 2190/2189/854 2192/2191/856 3534/3534/2123
f 3534/3534/2123 3533/3533/2122 2190/2189/854
f 2193/2194/859 2191/2192/857 3535/3535/2124
f 3535/3535/2124 2865/2866/1501 2193/2194/859
f 2191/2192/857 2189/2190/855 3536/3536/2125
f 3536/3536/2125 3535/3535/2124 2191/2192/857
f 2187/2188/853 2186/2187/852 2626/2625/1284
f 2626/2625/1284 3537/3537/2126 2187/2188/853
f 2189/2190/855 2187/2188/853 3537/3537/2126
f 3537/3537/2126 3536/3536/2125 2189/2190/855
f 2195/2196/861 2198/2195/860 3538/3538/2127
f 3538/3538/2127 2625/2626/1285 2195/2196/861
f 2198/2195/860 2200/2199/864 3539/3539/2128
f 3539/3539/2128 3538/3538/2127 2198/2195/860
f 2202/2201/866 2204/2203/868 2868/2868/1503
f 2868/2868/1503 3540/3540/2129 2202/2201/866
f 2200/2199/864 2202/2201/866 3540/3540/2129
f 3540/3540/2129 3539/3539/2128 2200/2199/864
f 2203/2204/869 2201/2202/867 3541/3541/2130
f 3541/3541/2130 2825/2826/1464 2203/2204/869
f 2201/2202/867 2199/2200/865 3542/3542/2131
f 3542/3542/2131 3541/3541/2130 2201/2202/867
f 2197/2198/863 2196/2197/862 2610/2610/1269
f 2610/2610/1269 3543/3543/2132 2197/2198/863
f 2199/2200/865 2197/2198/863 3543/3543/2132
f 3543/3543/2132 3542/3542/2131 2199/2200/865
f 2609/2609/1268 3532/3532/2121 3544/3544/2133
f 3544/3544/2133 2623/2623/1282 2609/2609/1268
f 3532/3532/2121 3533/3533/2122 3545/3545/2134
f 3545/3545/2134 3544/3544/2133 3532/3532/2121
f 3534/3534/2123 2824/2824/1462 2860/2860/1495
f 2860/2860/1495 3546/3546/2135 3534/3534/2123
f 3533/3533/2122 3534/3534/2123 3546/3546/2135
f 3546/3546/2135 3545/3545/2134 3533/3533/2122
f 2825/2826/1464 3541/3541/2130 3547/3547/2136
f 3547/3547/2136 2861/2862/1497 2825/2826/1464
f 3541/3541/2130 3542/3542/2131 3548/3548/2137
f 3548/3548/2137 3547/3547/2136 3541/3541/2130
f 3543/3543/2132 2610/2610/1269 2624/2624/1283
f 2624/2624/1283 3549/3549/2138 3543/3543/2132
f 3542/3542/2131 3543/3543/2132 3549/3549/2138
f 3549/3549/2138 3548/3548/2137 3542/3542/2131
s 224
f 2614/2611/1270 3550/3550/2139 3551/3551/2140
f 3551/3551/2140 2611/2612/1271 2614/2611/1270
f 3550/3550/2139 3552/3552/874 3553/3553/2141
f 3553/3553/2141 3551/3551/2140 3550/3550/2139
f 3555/3554/876 2833/2834/878 2832/2833/1471
f 2832/2833/1471 3554/3555/2142 3555/3554/876
f 3552/3552/874 3555/3554/876 3554/3555/2142
f 3554/3555/2142 3553/3553/2141 3552/3552/874
s 223
f 2213/2214/879 2211/2212/877 3556/3556/2143
f 3556/3556/2143 2847/2848/1483 2213/2214/879
f 2211/2212/877 2209/2210/875 3557/3557/2144
f 3557/3557/2144 3556/3556/2143 2211/2212/877
f 2207/2208/873 2206/2207/872 2618/2617/1276
f 2618/2617/1276 3558/3558/2145 2207/2208/873
f 2209/2210/875 2207/2208/873 3558/3558/2145
f 3558/3558/2145 3557/3557/2144 2209/2210/875
f 2215/2216/881 2218/2215/880 3559/3559/2146
f 3559/3559/2146 2617/2618/1277 2215/2216/881
f 2218/2215/880 2220/2219/884 3560/3560/2147
f 3560/3560/2147 3559/3559/2146 2218/2215/880
f 2222/2221/886 2224/2223/888 2850/2850/1485
f 2850/2850/1485 3561/3561/2148 2222/2221/886
f 2220/2219/884 2222/2221/886 3561/3561/2148
f 3561/3561/2148 3560/3560/2147 2220/2219/884
s 224
f 2836/2837/889 3562/3562/2149 3563/3563/2150
f 3563/3563/2150 2837/2838/1473 2836/2837/889
f 3562/3562/2149 3564/3564/2151 3565/3565/2152
f 3565/3565/2152 3563/3563/2150 3562/3562/2149
f 3567/3566/2153 2613/2614/1273 2612/2613/1272
f 2612/2613/1272 3566/3567/2154 3567/3566/2153
f 3564/3564/2151 3567/3566/2153 3566/3567/2154
f 3566/3567/2154 3565/3565/2152 3564/3564/2151
f 2611/2612/1271 3551/3551/2140 3568/3568/2155
f 3568/3568/2155 2643/2643/1301 2611/2612/1271
f 3551/3551/2140 3553/3553/2141 3569/3569/2156
f 3569/3569/2156 3568/3568/2155 3551/3551/2140
f 3554/3555/2142 2832/2833/1471 2928/2928/1563
f 2928/2928/1563 3570/3570/2157 3554/3555/2142
f 3553/3553/2141 3554/3555/2142 3570/3570/2157
f 3570/3570/2157 3569/3569/2156 3553/3553/2141
f 2837/2838/1473 3563/3563/2150 3571/3571/2158
f 3571/3571/2158 2929/2930/1565 2837/2838/1473
f 3563/3563/2150 3565/3565/2152 3572/3572/2159
f 3572/3572/2159 3571/3571/2158 3563/3563/2150
f 3566/3567/2154 2612/2613/1272 2644/2644/1302
f 2644/2644/1302 3573/3573/2160 3566/3567/2154
f 3565/3565/2152 3566/3567/2154 3573/3573/2160
f 3573/3573/2160 3572/3572/2159 3565/3565/2152
f 2225/2226/891 2228/2225/890 3574/3574/2161
f 3574/3574/2161 2615/2615/1274 2225/2226/891
f 2228/2225/890 2230/2229/894 3575/3575/2162
f 3575/3575/2162 3574/3574/2161 2228/2225/890
f 2232/2231/896 2234/2233/898 2844/2844/1479
f 2844/2844/1479 3576/3576/2163 2232/2231/896
f 2230/2229/894 2232/2231/896 3576/3576/2163
f 3576/3576/2163 3575/3575/2162 2230/2229/894
f 2243/2244/909 2241/2242/907 3577/3577/2164
f 3577/3577/2164 2845/2846/1481 2243/2244/909
f 2241/2242/907 2239/2240/905 3578/3578/2165
f 3578/3578/2165 3577/3577/2164 2241/2242/907
f 2237/2238/903 2236/2237/902 2616/2616/1275
f 2616/2616/1275 3579/3579/2166 2237/2238/903
f 2239/2240/905 2237/2238/903 3579/3579/2166
f 3579/3579/2166 3578/3578/2165 2239/2240/905
f 2615/2615/1274 3574/3574/2161 3580/3580/2167
f 3580/3580/2167 2619/2619/1278 2615/2615/1274
f 3574/3574/2161 3575/3575/2162 3581/3581/2168
f 3581/3581/2168 3580/3580/2167 3574/3574/2161
f 3576/3576/2163 2844/2844/1479 2852/2852/1487
f 2852/2852/1487 3582/3582/2169 3576/3576/2163
f 3575/3575/2162 3576/3576/2163 3582/3582/2169
f 3582/3582/2169 3581/3581/2168 3575/3575/2162
f 2845/2846/1481 3577/3577/2164 3583/3583/2170
f 3583/3583/2170 2853/2854/1489 2845/2846/1481
f 3577/3577/2164 3578/3578/2165 3584/3584/2171
f 3584/3584/2171 3583/3583/2170 3577/3577/2164
f 3579/3579/2166 2616/2616/1275 2620/2620/1279
f 2620/2620/1279 3585/3585/2172 3579/3579/2166
f 3578/3578/2165 3579/3579/2166 3585/3585/2172
f 3585/3585/2172 3584/3584/2171 3578/3578/2165
f 2619/2619/1278 3580/3580/2167 3586/3586/2173
f 3586/3586/2173 2653/2653/1311 2619/2619/1278
f 3580/3580/2167 3581/3581/2168 3587/3587/2174
f 3587/3587/2174 3586/3586/2173 3580/3580/2167
f 3582/3582/2169 2852/2852/1487 2986/2986/1616
f 2986/2986/1616 3588/3588/2175 3582/3582/2169
f 3581/3581/2168 3582/3582/2169 3588/3588/2175
f 3588/3588/2175 3587/3587/2174 3581/3581/2168
f 2853/2854/1489 3583/3583/2170 3589/3589/2176
f 3589/3589/2176 2987/2988/1618 2853/2854/1489
f 3583/3583/2170 3584/3584/2171 3590/3590/2177
f 3590/3590/2177 3589/3589/2176 3583/3583/2170
f 3585/3585/2172 2620/2620/1279 2654/2654/1312
f 2654/2654/1312 3591/3591/2178 3585/3585/2172
f 3584/3584/2171 3585/3585/2172 3591/3591/2178
f 3591/3591/2178 3590/3590/2177 3584/3584/2171
s 223
f 2623/2623/1282 3544/3544/2133 3592/3592/2179
f 3592/3592/2179 2655/2655/1313 2623/2623/1282
f 3544/3544/2133 3545/3545/2134 3593/3593/2180
f 3593/3593/2180 3592/3592/2179 3544/3544/2133
f 3546/3546/2135 2860/2860/1495 2990/2990/1620
f 2990/2990/1620 3594/3594/2181 3546/3546/2135
f 3545/3545/2134 3546/3546/2135 3594/3594/2181
f 3594/3594/2181 3593/3593/2180 3545/3545/2134
f 2861/2862/1497 3547/3547/2136 3595/3595/2182
f 3595/3595/2182 2991/2992/1622 2861/2862/1497
f 3547/3547/2136 3548/3548/2137 3596/3596/2183
f 3596/3596/2183 3595/3595/2182 3547/3547/2136
f 3549/3549/2138 2624/2624/1283 2656/2656/1314
f 2656/2656/1314 3597/3597/2184 3549/3549/2138
f 3548/3548/2137 3549/3549/2138 3597/3597/2184
f 3597/3597/2184 3596/3596/2183 3548/3548/2137
f 2255/2256/921 2258/2255/920 3598/3598/2185
f 3598/3598/2185 2633/2633/997 2255/2256/921
f 2258/2255/920 2260/2259/923 3599/3599/2186
f 3599/3599/2186 3598/3598/2185 2258/2255/920
f 2262/2261/925 2264/2263/927 2897/2898/1533
f 2897/2898/1533 3600/3600/2187 2262/2261/925
f 2260/2259/923 2262/2261/925 3600/3600/2187
f 3600/3600/2187 3599/3599/2186 2260/2259/923
f 2865/2866/1501 3535/3535/2124 3601/3601/2188
f 3601/3601/2188 2877/2878/1513 2865/2866/1501
f 3535/3535/2124 3536/3536/2125 3602/3602/2189
f 3602/3602/2189 3601/3601/2188 3535/3535/2124
f 3537/3537/2126 2626/2625/1284 2628/2627/1286
f 2628/2627/1286 3603/3603/2190 3537/3537/2126
f 3536/3536/2125 3537/3537/2126 3603/3603/2190
f 3603/3603/2190 3602/3602/2189 3536/3536/2125
f 2625/2626/1285 3538/3538/2127 3604/3604/2191
f 3604/3604/2191 2627/2628/1287 2625/2626/1285
f 3538/3538/2127 3539/3539/2128 3605/3605/2192
f 3605/3605/2192 3604/3604/2191 3538/3538/2127
f 3540/3540/2129 2868/2868/1503 2880/2880/1515
f 2880/2880/1515 3606/3606/2193 3540/3540/2129
f 3539/3539/2128 3540/3540/2129 3606/3606/2193
f 3606/3606/2193 3605/3605/2192 3539/3539/2128
f 2265/2266/930 2268/2265/929 3607/3607/2194
f 3607/3607/2194 2881/2882/1517 2265/2266/930
f 2268/2265/929 2270/2269/933 3608/3608/2195
f 3608/3608/2195 3607/3607/2194 2268/2265/929
f 2272/2271/935 2274/2273/937 2630/2629/1288
f 2630/2629/1288 3609/3609/2196 2272/2271/935
f 2270/2269/933 2272/2271/935 3609/3609/2196
f 3609/3609/2196 3608/3608/2195 2270/2269/933
f 2275/2276/940 2278/2275/939 3610/3610/2197
f 3610/3610/2197 2629/2630/1289 2275/2276/940
f 2278/2275/939 2280/2279/943 3611/3611/2198
f 3611/3611/2198 3610/3610/2197 2278/2275/939
f 2282/2281/945 2284/2283/947 2884/2884/1519
f 2884/2884/1519 3612/3612/2199 2282/2281/945
f 2280/2279/943 2282/2281/945 3612/3612/2199
f 3612/3612/2199 3611/3611/2198 2280/2279/943
f 2287/2288/952 2286/2287/951 2877/2878/1513
f 2877/2878/1513 3601/3601/2188 2287/2288/952
f 2289/2290/954 2287/2288/952 3601/3601/2188
f 3601/3601/2188 3602/3602/2189 2289/2290/954
f 2291/2292/956 2289/2290/954 3602/3602/2189
f 3602/3602/2189 3603/3603/2190 2291/2292/956
f 2293/2294/958 2291/2292/956 3603/3603/2190
f 3603/3603/2190 2628/2627/1286 2293/2294/958
f 2297/2298/962 2296/2297/961 2627/2628/1287
f 2627/2628/1287 3604/3604/2191 2297/2298/962
f 2299/2300/964 2297/2298/962 3604/3604/2191
f 3604/3604/2191 3605/3605/2192 2299/2300/964
f 2301/2302/966 2299/2300/964 3605/3605/2192
f 3605/3605/2192 3606/3606/2193 2301/2302/966
f 2303/2304/968 2301/2302/966 3606/3606/2193
f 3606/3606/2193 2880/2880/1515 2303/2304/968
f 2247/2248/913 2246/2247/912 2881/2882/1517
f 2881/2882/1517 3607/3607/2194 2247/2248/913
f 2249/2250/915 2247/2248/913 3607/3607/2194
f 3607/3607/2194 3608/3608/2195 2249/2250/915
f 2251/2252/917 2249/2250/915 3608/3608/2195
f 3608/3608/2195 3609/3609/2196 2251/2252/917
f 2253/2254/919 2251/2252/917 3609/3609/2196
f 3609/3609/2196 2630/2629/1288 2253/2254/919
f 2257/2258/922 2256/2257/919 2629/2630/1289
f 2629/2630/1289 3610/3610/2197 2257/2258/922
f 2259/2260/924 2257/2258/922 3610/3610/2197
f 3610/3610/2197 3611/3611/2198 2259/2260/924
f 2261/2262/926 2259/2260/924 3611/3611/2198
f 3611/3611/2198 3612/3612/2199 2261/2262/926
f 2263/2264/928 2261/2262/926 3612/3612/2199
f 3612/3612/2199 2884/2884/1519 2263/2264/928
s 224
f 2227/2228/893 2226/2227/892 2305/2306/970
f 2305/2306/970 2308/2305/969 2227/2228/893
f 2229/2230/895 2227/2228/893 2308/2305/969
f 2308/2305/969 2310/2309/973 2229/2230/895
f 2231/2232/897 2229/2230/895 2310/2309/973
f 2310/2309/973 2312/2311/975 2231/2232/897
f 2233/2234/899 2231/2232/897 2312/2311/975
f 2312/2311/975 2314/2313/977 2233/2234/899
f 2313/2314/978 2311/2312/976 3613/3613/2200
f 3613/3613/2200 2893/2893/1528 2313/2314/978
f 2311/2312/976 2309/2310/974 3614/3614/2201
f 3614/3614/2201 3613/3613/2200 2311/2312/976
f 2307/2308/972 2306/2307/971 2632/2632/1291
f 2632/2632/1291 3615/3615/2202 2307/2308/972
f 2309/2310/974 2307/2308/972 3615/3615/2202
f 3615/3615/2202 3614/3614/2201 2309/2310/974
f 2242/2241/906 2244/2243/908 2315/2316/980
f 2315/2316/980 2318/2315/979 2242/2241/906
f 2240/2239/904 2242/2241/906 2318/2315/979
f 2318/2315/979 2320/2319/982 2240/2239/904
f 2238/2235/900 2240/2239/904 2320/2319/982
f 2320/2319/982 2322/2321/984 2238/2235/900
f 2235/2236/901 2238/2235/900 2322/2321/984
f 2322/2321/984 2324/2323/986 2235/2236/901
f 2323/2324/987 2321/2322/985 3616/3616/2203
f 3616/3616/2203 2631/2631/1290 2323/2324/987
f 2321/2322/985 2319/2320/983 3617/3617/2204
f 3617/3617/2204 3616/3616/2203 2321/2322/985
f 2317/2318/981 2316/2317/980 2972/2971/1603
f 2972/2971/1603 3618/3618/2205 2317/2318/981
f 2319/2320/983 2317/2318/981 3618/3618/2205
f 3618/3618/2205 3617/3617/2204 2319/2320/983
s 223
f 2252/2251/916 2254/2253/918 2333/2334/997
f 2333/2334/997 2331/2332/995 2252/2251/916
f 2250/2249/914 2252/2251/916 2331/2332/995
f 2331/2332/995 2329/2330/993 2250/2249/914
f 2248/2245/910 2250/2249/914 2329/2330/993
f 2329/2330/993 2327/2328/991 2248/2245/910
f 2245/2246/911 2248/2245/910 2327/2328/991
f 2327/2328/991 2326/2327/990 2245/2246/911
f 2634/2634/1292 3619/3619/2206 3620/3620/2207
f 3620/3620/2207 2636/2635/1293 2634/2634/1292
f 3619/3619/2206 3621/3621/2208 3622/3622/2209
f 3622/3622/2209 3620/3620/2207 3619/3619/2206
f 3624/3623/2210 2900/2897/1532 2888/2889/1524
f 2888/2889/1524 3623/3624/2211 3624/3623/2210
f 3621/3621/2208 3624/3623/2210 3623/3624/2211
f 3623/3624/2211 3622/3622/2209 3621/3621/2208
f 3619/3619/2206 2634/2634/1292 2633/2633/997
f 2633/2633/997 3598/3598/2185 3619/3619/2206
f 3621/3621/2208 3619/3619/2206 3598/3598/2185
f 3598/3598/2185 3599/3599/2186 3621/3621/2208
f 3624/3623/2210 3621/3621/2208 3599/3599/2186
f 3599/3599/2186 3600/3600/2187 3624/3623/2210
f 2900/2897/1532 3624/3623/2210 3600/3600/2187
f 3600/3600/2187 2897/2898/1533 2900/2897/1532
f 3518/3519/2108 2812/2813/1453 2335/2336/999
f 2335/2336/999 2338/2335/998 3518/3519/2108
f 3517/3517/2106 3518/3519/2108 2338/2335/998
f 2338/2335/998 2340/2339/1002 3517/3517/2106
f 3515/3515/2104 3517/3517/2106 2340/2339/1002
f 2340/2339/1002 2342/2341/1004 3515/3515/2104
f 2605/2606/1265 3515/3515/2104 2342/2341/1004
f 2342/2341/1004 2344/2343/1006 2605/2606/1265
f 2332/2331/994 2334/2333/996 2343/2344/1007
f 2343/2344/1007 2341/2342/1005 2332/2331/994
f 2330/2329/992 2332/2331/994 2341/2342/1005
f 2341/2342/1005 2339/2340/1003 2330/2329/992
f 2328/2325/988 2330/2329/992 2339/2340/1003
f 2339/2340/1003 2337/2338/1001 2328/2325/988
f 2325/2326/989 2328/2325/988 2337/2338/1001
f 2337/2338/1001 2336/2337/1000 2325/2326/989
f 3530/3531/2120 2606/2607/1266 2635/2636/1294
f 2635/2636/1294 3625/3625/2212 3530/3531/2120
f 3529/3529/2118 3530/3531/2120 3625/3625/2212
f 3625/3625/2212 3626/3626/2213 3529/3529/2118
f 3527/3527/2116 3529/3529/2118 3626/3626/2213
f 3626/3626/2213 3627/3627/2214 3527/3527/2116
f 2817/2818/1456 3527/3527/2116 3627/3627/2214
f 3627/3627/2214 2887/2888/1523 2817/2818/1456
f 3625/3625/2212 2635/2636/1294 2636/2635/1293
f 2636/2635/1293 3620/3620/2207 3625/3625/2212
f 3626/3626/2213 3625/3625/2212 3620/3620/2207
f 3620/3620/2207 3622/3622/2209 3626/3626/2213
f 3627/3627/2214 3626/3626/2213 3622/3622/2209
f 3622/3622/2209 3623/3624/2211 3627/3627/2214
f 2887/2888/1523 3627/3627/2214 3623/3624/2211
f 3623/3624/2211 2888/2889/1524 2887/2888/1523
f 2353/2354/1017 2351/2352/1015 3628/3628/2215
f 3628/3628/2215 2639/2639/1297 2353/2354/1017
f 2351/2352/1015 2349/2350/1013 3629/3629/2216
f 3629/3629/2216 3628/3628/2215 2351/2352/1015
f 2347/2348/1011 2346/2347/1010 2920/2920/1555
f 2920/2920/1555 3630/3630/2217 2347/2348/1011
f 2349/2350/1013 2347/2348/1011 3630/3630/2217
f 3630/3630/2217 3629/3629/2216 2349/2350/1013
f 2363/2364/1027 2361/2362/1025 3631/3631/2218
f 3631/3631/2218 2921/2922/1557 2363/2364/1027
f 2361/2362/1025 2359/2360/1023 3632/3632/2219
f 3632/3632/2219 3631/3631/2218 2361/2362/1025
f 2357/2358/1021 2356/2357/1020 2640/2640/1298
f 2640/2640/1298 3633/3633/2220 2357/2358/1021
f 2359/2360/1023 2357/2358/1021 3633/3633/2220
f 3633/3633/2220 3632/3632/2219 2359/2360/1023
f 2365/2366/1029 2368/2365/1028 3634/3634/2221
f 3634/3634/2221 2637/2637/1295 2365/2366/1029
f 2368/2365/1028 2370/2369/1032 3635/3635/2222
f 3635/3635/2222 3634/3634/2221 2368/2365/1028
f 2372/2371/1034 2374/2373/1036 2912/2912/1547
f 2912/2912/1547 3636/3636/2223 2372/2371/1034
f 2370/2369/1032 2372/2371/1034 3636/3636/2223
f 3636/3636/2223 3635/3635/2222 2370/2369/1032
f 2383/2384/1047 2381/2382/1045 3637/3637/2224
f 3637/3637/2224 2913/2914/1549 2383/2384/1047
f 2381/2382/1045 2379/2380/1043 3638/3638/2225
f 3638/3638/2225 3637/3637/2224 2381/2382/1045
f 2377/2378/1041 2376/2377/1040 2638/2638/1296
f 2638/2638/1296 3639/3639/2226 2377/2378/1041
f 2379/2380/1043 2377/2378/1041 3639/3639/2226
f 3639/3639/2226 3638/3638/2225 2379/2380/1043
f 2637/2637/1295 3634/3634/2221 3640/3640/2227
f 3640/3640/2227 2641/2641/1299 2637/2637/1295
f 3634/3634/2221 3635/3635/2222 3641/3641/2228
f 3641/3641/2228 3640/3640/2227 3634/3634/2221
f 3636/3636/2223 2912/2912/1547 2924/2924/1559
f 2924/2924/1559 3642/3642/2229 3636/3636/2223
f 3635/3635/2222 3636/3636/2223 3642/3642/2229
f 3642/3642/2229 3641/3641/2228 3635/3635/2222
f 2913/2914/1549 3637/3637/2224 3643/3643/2230
f 3643/3643/2230 2925/2926/1561 2913/2914/1549
f 3637/3637/2224 3638/3638/2225 3644/3644/2231
f 3644/3644/2231 3643/3643/2230 3637/3637/2224
f 3639/3639/2226 2638/2638/1296 2642/2642/1300
f 2642/2642/1300 3645/3645/2232 3639/3639/2226
f 3638/3638/2225 3639/3639/2226 3645/3645/2232
f 3645/3645/2232 3644/3644/2231 3638/3638/2225
f 2367/2368/1031 2366/2367/1030 2639/2639/1297
f 2639/2639/1297 3628/3628/2215 2367/2368/1031
f 2369/2370/1033 2367/2368/1031 3628/3628/2215
f 3628/3628/2215 3629/3629/2216 2369/2370/1033
f 2371/2372/1035 2369/2370/1033 3629/3629/2216
f 3629/3629/2216 3630/3630/2217 2371/2372/1035
f 2373/2374/1037 2371/2372/1035 3630/3630/2217
f 3630/3630/2217 2920/2920/1555 2373/2374/1037
f 2382/2381/1044 2384/2383/1046 2921/2922/1557
f 2921/2922/1557 3631/3631/2218 2382/2381/1044
f 2380/2379/1042 2382/2381/1044 3631/3631/2218
f 3631/3631/2218 3632/3632/2219 2380/2379/1042
f 2378/2375/1038 2380/2379/1042 3632/3632/2219
f 3632/3632/2219 3633/3633/2220 2378/2375/1038
f 2375/2376/1039 2378/2375/1038 3633/3633/2220
f 3633/3633/2220 2640/2640/1298 2375/2376/1039
f 2387/2388/1051 2386/2387/1050 2641/2641/1299
f 2641/2641/1299 3640/3640/2227 2387/2388/1051
f 2389/2390/1053 2387/2388/1051 3640/3640/2227
f 3640/3640/2227 3641/3641/2228 2389/2390/1053
f 2391/2392/1055 2389/2390/1053 3641/3641/2228
f 3641/3641/2228 3642/3642/2229 2391/2392/1055
f 2393/2394/1057 2391/2392/1055 3642/3642/2229
f 3642/3642/2229 2924/2924/1559 2393/2394/1057
f 2402/2401/1064 2404/2403/1066 2925/2926/1561
f 2925/2926/1561 3643/3643/2230 2402/2401/1064
f 2400/2399/1062 2402/2401/1064 3643/3643/2230
f 3643/3643/2230 3644/3644/2231 2400/2399/1062
f 2398/2395/1058 2400/2399/1062 3644/3644/2231
f 3644/3644/2231 3645/3645/2232 2398/2395/1058
f 2395/2396/1059 2398/2395/1058 3645/3645/2232
f 3645/3645/2232 2642/2642/1300 2395/2396/1059
s 224
f 2413/2414/1077 2411/2412/1075 3646/3646/2233
f 3646/3646/2233 2645/2645/1303 2413/2414/1077
f 2411/2412/1075 2409/2410/1073 3647/3647/2234
f 3647/3647/2234 3646/3646/2233 2411/2412/1075
f 2407/2408/1071 2406/2407/1070 2936/2936/1571
f 2936/2936/1571 3648/3648/2235 2407/2408/1071
f 2409/2410/1073 2407/2408/1071 3648/3648/2235
f 3648/3648/2235 3647/3647/2234 2409/2410/1073
f 2423/2424/1087 2421/2422/1085 3649/3649/2236
f 3649/3649/2236 2937/2938/1573 2423/2424/1087
f 2421/2422/1085 2419/2420/1083 3650/3650/2237
f 3650/3650/2237 3649/3649/2236 2421/2422/1085
f 2417/2418/1081 2416/2417/1080 2646/2646/1304
f 2646/2646/1304 3651/3651/2238 2417/2418/1081
f 2419/2420/1083 2417/2418/1081 3651/3651/2238
f 3651/3651/2238 3650/3650/2237 2419/2420/1083
f 2645/2645/1303 3646/3646/2233 3652/3652/2239
f 3652/3652/2239 2647/2647/1305 2645/2645/1303
f 3646/3646/2233 3647/3647/2234 3653/3653/2240
f 3653/3653/2240 3652/3652/2239 3646/3646/2233
f 3648/3648/2235 2936/2936/1571 2974/2974/1606
f 2974/2974/1606 3654/3654/2241 3648/3648/2235
f 3647/3647/2234 3648/3648/2235 3654/3654/2241
f 3654/3654/2241 3653/3653/2240 3647/3647/2234
f 2937/2938/1573 3649/3649/2236 3655/3655/2242
f 3655/3655/2242 2975/2976/1608 2937/2938/1573
f 3649/3649/2236 3650/3650/2237 3656/3656/2243
f 3656/3656/2243 3655/3655/2242 3649/3649/2236
f 3651/3651/2238 2646/2646/1304 2648/2648/1306
f 2648/2648/1306 3657/3657/2244 3651/3651/2238
f 3650/3650/2237 3651/3651/2238 3657/3657/2244
f 3657/3657/2244 3656/3656/2243 3650/3650/2237
s 223
f 2267/2268/932 2266/2267/931 2433/2434/1097
f 2433/2434/1097 2431/2432/1095 2267/2268/932
f 2269/2270/934 2267/2268/932 2431/2432/1095
f 2431/2432/1095 2429/2430/1093 2269/2270/934
f 2271/2272/936 2269/2270/934 2429/2430/1093
f 2429/2430/1093 2427/2428/1091 2271/2272/936
f 2273/2274/938 2271/2272/936 2427/2428/1091
f 2427/2428/1091 2426/2427/1090 2273/2274/938
f 2277/2278/942 2276/2277/941 2435/2436/1099
f 2435/2436/1099 2438/2435/1098 2277/2278/942
f 2279/2280/944 2277/2278/942 2438/2435/1098
f 2438/2435/1098 2440/2439/1102 2279/2280/944
f 2281/2282/946 2279/2280/944 2440/2439/1102
f 2440/2439/1102 2442/2441/1104 2281/2282/946
f 2283/2284/948 2281/2282/946 2442/2441/1104
f 2442/2441/1104 2444/2443/1106 2283/2284/948
f 2432/2431/1094 2434/2433/1096 2453/2454/1117
f 2453/2454/1117 2451/2452/1115 2432/2431/1094
f 2430/2429/1092 2432/2431/1094 2451/2452/1115
f 2451/2452/1115 2449/2450/1113 2430/2429/1092
f 2428/2425/1088 2430/2429/1092 2449/2450/1113
f 2449/2450/1113 2447/2448/1111 2428/2425/1088
f 2425/2426/1089 2428/2425/1088 2447/2448/1111
f 2447/2448/1111 2446/2447/1110 2425/2426/1089
f 2437/2438/1101 2436/2437/1100 2455/2456/1119
f 2455/2456/1119 2458/2455/1118 2437/2438/1101
f 2439/2440/1103 2437/2438/1101 2458/2455/1118
f 2458/2455/1118 2460/2459/1122 2439/2440/1103
f 2441/2442/1105 2439/2440/1103 2460/2459/1122
f 2460/2459/1122 2462/2461/1124 2441/2442/1105
f 2443/2444/1107 2441/2442/1105 2462/2461/1124
f 2462/2461/1124 2464/2463/1126 2443/2444/1107
f 2452/2451/1114 2454/2453/1116 2473/2474/1137
f 2473/2474/1137 2471/2472/1135 2452/2451/1114
f 2450/2449/1112 2452/2451/1114 2471/2472/1135
f 2471/2472/1135 2469/2470/1133 2450/2449/1112
f 2448/2445/1108 2450/2449/1112 2469/2470/1133
f 2469/2470/1133 2467/2468/1131 2448/2445/1108
f 2445/2446/1109 2448/2445/1108 2467/2468/1131
f 2467/2468/1131 2466/2467/1130 2445/2446/1109
f 2457/2458/1121 2456/2457/1120 2475/2476/1139
f 2475/2476/1139 2478/2475/1138 2457/2458/1121
f 2459/2460/1123 2457/2458/1121 2478/2475/1138
f 2478/2475/1138 2480/2479/1142 2459/2460/1123
f 2461/2462/1125 2459/2460/1123 2480/2479/1142
f 2480/2479/1142 2482/2481/1144 2461/2462/1125
f 2463/2464/1127 2461/2462/1125 2482/2481/1144
f 2482/2481/1144 2484/2483/1146 2463/2464/1127
f 2352/2351/1014 2354/2353/1016 2485/2486/1149
f 2485/2486/1149 2488/2485/1148 2352/2351/1014
f 2350/2349/1012 2352/2351/1014 2488/2485/1148
f 2488/2485/1148 2490/2489/1152 2350/2349/1012
f 2348/2345/1008 2350/2349/1012 2490/2489/1152
f 2490/2489/1152 2492/2491/1154 2348/2345/1008
f 2345/2346/1009 2348/2345/1008 2492/2491/1154
f 2492/2491/1154 2494/2493/1156 2345/2346/1009
f 2472/2471/1134 2474/2473/1136 2493/2494/1157
f 2493/2494/1157 2491/2492/1155 2472/2471/1134
f 2470/2469/1132 2472/2471/1134 2491/2492/1155
f 2491/2492/1155 2489/2490/1153 2470/2469/1132
f 2468/2465/1128 2470/2469/1132 2489/2490/1153
f 2489/2490/1153 2487/2488/1151 2468/2465/1128
f 2465/2466/1129 2468/2465/1128 2487/2488/1151
f 2487/2488/1151 2486/2487/1150 2465/2466/1129
f 2477/2478/1141 2476/2477/1140 2495/2496/1159
f 2495/2496/1159 2498/2495/1158 2477/2478/1141
f 2479/2480/1143 2477/2478/1141 2498/2495/1158
f 2498/2495/1158 2500/2499/1162 2479/2480/1143
f 2481/2482/1145 2479/2480/1143 2500/2499/1162
f 2500/2499/1162 2502/2501/1164 2481/2482/1145
f 2483/2484/1147 2481/2482/1145 2502/2501/1164
f 2502/2501/1164 2504/2503/1166 2483/2484/1147
f 2362/2361/1024 2364/2363/1026 2503/2504/1167
f 2503/2504/1167 2501/2502/1165 2362/2361/1024
f 2360/2359/1022 2362/2361/1024 2501/2502/1165
f 2501/2502/1165 2499/2500/1163 2360/2359/1022
f 2358/2355/1018 2360/2359/1022 2499/2500/1163
f 2499/2500/1163 2497/2498/1161 2358/2355/1018
f 2355/2356/1019 2358/2355/1018 2497/2498/1161
f 2497/2498/1161 2496/2497/1160 2355/2356/1019
f 2392/2391/1054 2394/2393/1056 2513/2514/1177
f 2513/2514/1177 2511/2512/1175 2392/2391/1054
f 2390/2389/1052 2392/2391/1054 2511/2512/1175
f 2511/2512/1175 2509/2510/1173 2390/2389/1052
f 2388/2385/1048 2390/2389/1052 2509/2510/1173
f 2509/2510/1173 2507/2508/1171 2388/2385/1048
f 2385/2386/1049 2388/2385/1048 2507/2508/1171
f 2507/2508/1171 2506/2507/1170 2385/2386/1049
f 2397/2398/1061 2396/2397/1060 2515/2516/1179
f 2515/2516/1179 2518/2515/1178 2397/2398/1061
f 2399/2400/1063 2397/2398/1061 2518/2515/1178
f 2518/2515/1178 2520/2519/1182 2399/2400/1063
f 2401/2402/1065 2399/2400/1063 2520/2519/1182
f 2520/2519/1182 2522/2521/1184 2401/2402/1065
f 2403/2404/1067 2401/2402/1065 2522/2521/1184
f 2522/2521/1184 2524/2523/1186 2403/2404/1067
f 2512/2511/1174 2514/2513/1176 2533/2534/1197
f 2533/2534/1197 2531/2532/1195 2512/2511/1174
f 2510/2509/1172 2512/2511/1174 2531/2532/1195
f 2531/2532/1195 2529/2530/1193 2510/2509/1172
f 2508/2505/1168 2510/2509/1172 2529/2530/1193
f 2529/2530/1193 2527/2528/1191 2508/2505/1168
f 2505/2506/1169 2508/2505/1168 2527/2528/1191
f 2527/2528/1191 2526/2527/1190 2505/2506/1169
f 2517/2518/1181 2516/2517/1180 2535/2536/1199
f 2535/2536/1199 2538/2535/1198 2517/2518/1181
f 2519/2520/1183 2517/2518/1181 2538/2535/1198
f 2538/2535/1198 2540/2539/1202 2519/2520/1183
f 2521/2522/1185 2519/2520/1183 2540/2539/1202
f 2540/2539/1202 2542/2541/1204 2521/2522/1185
f 2523/2524/1187 2521/2522/1185 2542/2541/1204
f 2542/2541/1204 2544/2543/1206 2523/2524/1187
f 2532/2531/1194 2534/2533/1196 2553/2554/1217
f 2553/2554/1217 2551/2552/1215 2532/2531/1194
f 2530/2529/1192 2532/2531/1194 2551/2552/1215
f 2551/2552/1215 2549/2550/1213 2530/2529/1192
f 2528/2525/1188 2530/2529/1192 2549/2550/1213
f 2549/2550/1213 2547/2548/1211 2528/2525/1188
f 2525/2526/1189 2528/2525/1188 2547/2548/1211
f 2547/2548/1211 2546/2547/1210 2525/2526/1189
f 2537/2538/1201 2536/2537/1200 2555/2556/1219
f 2555/2556/1219 2558/2555/1218 2537/2538/1201
f 2539/2540/1203 2537/2538/1201 2558/2555/1218
f 2558/2555/1218 2560/2559/1222 2539/2540/1203
f 2541/2542/1205 2539/2540/1203 2560/2559/1222
f 2560/2559/1222 2562/2561/1224 2541/2542/1205
f 2543/2544/1207 2541/2542/1205 2562/2561/1224
f 2562/2561/1224 2564/2563/1226 2543/2544/1207
f 2292/2291/955 2294/2293/957 2565/2566/1229
f 2565/2566/1229 2568/2565/1228 2292/2291/955
f 2290/2289/953 2292/2291/955 2568/2565/1228
f 2568/2565/1228 2570/2569/1232 2290/2289/953
f 2288/2285/949 2290/2289/953 2570/2569/1232
f 2570/2569/1232 2572/2571/1234 2288/2285/949
f 2285/2286/950 2288/2285/949 2572/2571/1234
f 2572/2571/1234 2574/2573/1236 2285/2286/950
f 2552/2551/1214 2554/2553/1216 2573/2574/1237
f 2573/2574/1237 2571/2572/1235 2552/2551/1214
f 2550/2549/1212 2552/2551/1214 2571/2572/1235
f 2571/2572/1235 2569/2570/1233 2550/2549/1212
f 2548/2545/1208 2550/2549/1212 2569/2570/1233
f 2569/2570/1233 2567/2568/1231 2548/2545/1208
f 2545/2546/1209 2548/2545/1208 2567/2568/1231
f 2567/2568/1231 2566/2567/1230 2545/2546/1209
f 2557/2558/1221 2556/2557/1220 2575/2576/1239
f 2575/2576/1239 2578/2575/1238 2557/2558/1221
f 2559/2560/1223 2557/2558/1221 2578/2575/1238
f 2578/2575/1238 2580/2579/1242 2559/2560/1223
f 2561/2562/1225 2559/2560/1223 2580/2579/1242
f 2580/2579/1242 2582/2581/1244 2561/2562/1225
f 2563/2564/1227 2561/2562/1225 2582/2581/1244
f 2582/2581/1244 2584/2583/1246 2563/2564/1227
f 2302/2301/965 2304/2303/967 2583/2584/1247
f 2583/2584/1247 2581/2582/1245 2302/2301/965
f 2300/2299/963 2302/2301/965 2581/2582/1245
f 2581/2582/1245 2579/2580/1243 2300/2299/963
f 2298/2295/959 2300/2299/963 2579/2580/1243
f 2579/2580/1243 2577/2578/1241 2298/2295/959
f 2295/2296/960 2298/2295/959 2577/2578/1241
f 2577/2578/1241 2576/2577/1240 2295/2296/960
s 224
f 2893/2893/1528 3613/3613/2200 3658/3658/2245
f 3658/3658/2245 2977/2978/1610 2893/2893/1528
f 3613/3613/2200 3614/3614/2201 3659/3659/2246
f 3659/3659/2246 3658/3658/2245 3613/3613/2200
f 3615/3615/2202 2632/2632/1291 2650/2649/1307
f 2650/2649/1307 3660/3660/2247 3615/3615/2202
f 3614/3614/2201 3615/3615/2202 3660/3660/2247
f 3660/3660/2247 3659/3659/2246 3614/3614/2201
f 2631/2631/1290 3616/3616/2203 3661/3661/2248
f 3661/3661/2248 2649/2650/1308 2631/2631/1290
f 3616/3616/2203 3617/3617/2204 3662/3662/2249
f 3662/3662/2249 3661/3661/2248 3616/3616/2203
f 3618/3618/2205 2972/2971/1603 2980/2980/1612
f 2980/2980/1612 3663/3663/2250 3618/3618/2205
f 3617/3617/2204 3618/3618/2205 3663/3663/2250
f 3663/3663/2250 3662/3662/2249 3617/3617/2204
f 2647/2647/1305 3652/3652/2239 3664/3664/2251
f 3664/3664/2251 2659/2659/1303 2647/2647/1305
f 3652/3652/2239 3653/3653/2240 3665/3665/2252
f 3665/3665/2252 3664/3664/2251 3652/3652/2239
f 3654/3654/2241 2974/2974/1606 3002/3002/1606
f 3002/3002/1606 3666/3666/2253 3654/3654/2241
f 3653/3653/2240 3654/3654/2241 3666/3666/2253
f 3666/3666/2253 3665/3665/2252 3653/3653/2240
f 2975/2976/1608 3655/3655/2242 3667/3667/2254
f 3667/3667/2254 3003/3004/1626 2975/2976/1608
f 3655/3655/2242 3656/3656/2243 3668/3668/2255
f 3668/3668/2255 3667/3667/2254 3655/3655/2242
f 3657/3657/2244 2648/2648/1306 2660/2660/1304
f 2660/2660/1304 3669/3669/2256 3657/3657/2244
f 3656/3656/2243 3657/3657/2244 3669/3669/2256
f 3669/3669/2256 3668/3668/2255 3656/3656/2243
f 2977/2978/1610 3658/3658/2245 3670/3670/2257
f 3670/3670/2257 2981/2982/1249 2977/2978/1610
f 3658/3658/2245 3659/3659/2246 3671/3671/2258
f 3671/3671/2258 3670/3670/2257 3658/3658/2245
f 3660/3660/2247 2650/2649/1307 2652/2651/1309
f 2652/2651/1309 3672/3672/2259 3660/3660/2247
f 3659/3659/2246 3660/3660/2247 3672/3672/2259
f 3672/3672/2259 3671/3671/2258 3659/3659/2246
f 2649/2650/1308 3661/3661/2248 3673/3673/2260
f 3673/3673/2260 2651/2652/1310 2649/2650/1308
f 3661/3661/2248 3662/3662/2249 3674/3674/2261
f 3674/3674/2261 3673/3673/2260 3661/3661/2248
f 3663/3663/2250 2980/2980/1612 2984/2984/1573
f 2984/2984/1573 3675/3675/2262 3663/3663/2250
f 3662/3662/2249 3663/3663/2250 3675/3675/2262
f 3675/3675/2262 3674/3674/2261 3662/3662/2249
f 3522/3522/2111 2622/2621/1280 2653/2653/1311
f 2653/2653/1311 3586/3586/2173 3522/3522/2111
f 3521/3521/2110 3522/3522/2111 3586/3586/2173
f 3586/3586/2173 3587/3587/2174 3521/3521/2110
f 3520/3520/2109 3521/3521/2110 3587/3587/2174
f 3587/3587/2174 3588/3588/2175 3520/3520/2109
f 2855/2856/1491 3520/3520/2109 3588/3588/2175
f 3588/3588/2175 2986/2986/1616 2855/2856/1491
f 3525/3525/2114 2858/2858/1493 2987/2988/1618
f 2987/2988/1618 3589/3589/2176 3525/3525/2114
f 3524/3524/2113 3525/3525/2114 3589/3589/2176
f 3589/3589/2176 3590/3590/2177 3524/3524/2113
f 3523/3523/2112 3524/3524/2113 3590/3590/2177
f 3590/3590/2177 3591/3591/2178 3523/3523/2112
f 2621/2622/1281 3523/3523/2112 3591/3591/2178
f 3591/3591/2178 2654/2654/1312 2621/2622/1281
s 223
f 3558/3558/2145 2618/2617/1276 2655/2655/1313
f 2655/2655/1313 3592/3592/2179 3558/3558/2145
f 3557/3557/2144 3558/3558/2145 3592/3592/2179
f 3592/3592/2179 3593/3593/2180 3557/3557/2144
f 3556/3556/2143 3557/3557/2144 3593/3593/2180
f 3593/3593/2180 3594/3594/2181 3556/3556/2143
f 2847/2848/1483 3556/3556/2143 3594/3594/2181
f 3594/3594/2181 2990/2990/1620 2847/2848/1483
f 3561/3561/2148 2850/2850/1485 2991/2992/1622
f 2991/2992/1622 3595/3595/2182 3561/3561/2148
f 3560/3560/2147 3561/3561/2148 3595/3595/2182
f 3595/3595/2182 3596/3596/2183 3560/3560/2147
f 3559/3559/2146 3560/3560/2147 3596/3596/2183
f 3596/3596/2183 3597/3597/2184 3559/3559/2146
f 2617/2618/1277 3559/3559/2146 3597/3597/2184
f 3597/3597/2184 2656/2656/1314 2617/2618/1277
s 224
f 3570/3570/2157 2928/2928/1563 2585/2586/1249
f 2585/2586/1249 2588/2585/1248 3570/3570/2157
f 3569/3569/2156 3570/3570/2157 2588/2585/1248
f 2588/2585/1248 2590/2589/1251 3569/3569/2156
f 3568/3568/2155 3569/3569/2156 2590/2589/1251
f 2590/2589/1251 2592/2591/1253 3568/3568/2155
f 2643/2643/1301 3568/3568/2155 2592/2591/1253
f 2592/2591/1253 2594/2593/1254 2643/2643/1301
f 2593/2594/1254 2591/2592/1253 3676/3676/2263
f 3676/3676/2263 2657/2657/1315 2593/2594/1254
f 2591/2592/1253 2589/2590/1252 3677/3677/2264
f 3677/3677/2264 3676/3676/2263 2591/2592/1253
f 2587/2588/1250 2586/2587/1249 2998/2998/1249
f 2998/2998/1249 3678/3678/2265 2587/2588/1250
f 2589/2590/1252 2587/2588/1250 3678/3678/2265
f 3678/3678/2265 3677/3677/2264 2589/2590/1252
f 3573/3573/2160 2644/2644/1302 2595/2596/1256
f 2595/2596/1256 2598/2595/1255 3573/3573/2160
f 3572/3572/2159 3573/3573/2160 2598/2595/1255
f 2598/2595/1255 2600/2599/1258 3572/3572/2159
f 3571/3571/2158 3572/3572/2159 2600/2599/1258
f 2600/2599/1258 2602/2601/1260 3571/3571/2158
f 2929/2930/1565 3571/3571/2158 2602/2601/1260
f 2602/2601/1260 2604/2603/1262 2929/2930/1565
f 2603/2604/1263 2601/2602/1261 3679/3679/2266
f 3679/3679/2266 2999/3000/1263 2603/2604/1263
f 2601/2602/1261 2599/2600/1259 3680/3680/2267
f 3680/3680/2267 3679/3679/2266 2601/2602/1261
f 2597/2598/1257 2596/2597/1256 2658/2658/1316
f 2658/2658/1316 3681/3681/1255 2597/2598/1257
f 2599/2600/1259 2597/2598/1257 3681/3681/1255
f 3681/3681/1255 3680/3680/2267 2599/2600/1259
f 2412/2411/1074 2414/2413/1076 2657/2657/1315
f 2657/2657/1315 3676/3676/2263 2412/2411/1074
f 2410/2409/1072 2412/2411/1074 3676/3676/2263
f 3676/3676/2263 3677/3677/2264 2410/2409/1072
f 2408/2405/1068 2410/2409/1072 3677/3677/2264
f 3677/3677/2264 3678/3678/2265 2408/2405/1068
f 2405/2406/1069 2408/2405/1068 3678/3678/2265
f 3678/3678/2265 2998/2998/1249 2405/2406/1069
f 2422/2421/1084 2424/2423/1086 2999/3000/1263
f 2999/3000/1263 3679/3679/2266 2422/2421/1084
f 2420/2419/1082 2422/2421/1084 3679/3679/2266
f 3679/3679/2266 3680/3680/2267 2420/2419/1082
f 2418/2415/1078 2420/2419/1082 3680/3680/2267
f 3680/3680/2267 3681/3681/1255 2418/2415/1078
f 2415/2416/1079 2418/2415/1078 3681/3681/1255
f 3681/3681/1255 2658/2658/1316 2415/2416/1079
f 2659/2659/1303 3664/3664/2251 3682/3682/2268
f 3682/3682/2268 2661/2661/1317 2659/2659/1303
f 3664/3664/2251 3665/3665/2252 3683/3683/2269
f 3683/3683/2269 3682/3682/2268 3664/3664/2251
f 3666/3666/2253 3002/3002/1606 3006/3006/1606
f 3006/3006/1606 3684/3684/2270 3666/3666/2253
f 3665/3665/2252 3666/3666/2253 3684/3684/2270
f 3684/3684/2270 3683/3683/2269 3665/3665/2252
f 3003/3004/1626 3667/3667/2254 3685/3685/2271
f 3685/3685/2271 3007/3008/1626 3003/3004/1626
f 3667/3667/2254 3668/3668/2255 3686/3686/2272
f 3686/3686/2272 3685/3685/2271 3667/3667/2254
f 3669/3669/2256 2660/2660/1304 2662/2662/1318
f 2662/2662/1318 3687/3687/2273 3669/3669/2256
f 3668/3668/2255 3669/3669/2256 3687/3687/2273
f 3687/3687/2273 3686/3686/2272 3668/3668/2255
f 3672/3672/2259 2652/2651/1309 2661/2661/1317
f 2661/2661/1317 3682/3682/2268 3672/3672/2259
f 3671/3671/2258 3672/3672/2259 3682/3682/2268
f 3682/3682/2268 3683/3683/2269 3671/3671/2258
f 3670/3670/2257 3671/3671/2258 3683/3683/2269
f 3683/3683/2269 3684/3684/2270 3670/3670/2257
f 2981/2982/1249 3670/3670/2257 3684/3684/2270
f 3684/3684/2270 3006/3006/1606 2981/2982/1249
f 3675/3675/2262 2984/2984/1573 3007/3008/1626
f 3007/3008/1626 3685/3685/2271 3675/3675/2262
f 3674/3674/2261 3675/3675/2262 3685/3685/2271
f 3685/3685/2271 3686/3686/2272 3674/3674/2261
f 3673/3673/2260 3674/3674/2261 3686/3686/2272
f 3686/3686/2272 3687/3687/2273 3673/3673/2260
f 2651/2652/1310 3673/3673/2260 3687/3687/2273
f 3687/3687/2273 2662/2662/1318 2651/2652/1310
s 225
f 3691/3688/2274 3688/3689/2275 3689/3690/2276
f 3689/3690/2276 3690/3691/2274 3691/3688/2274
f 3693/3692/2277 3691/3688/2274 3690/3691/2274
f 3690/3691/2274 3692/3693/2277 3693/3692/2277
f 3697/3694/2278 3694/3695/2279 3695/3696/2279
f 3695/3696/2279 3696/3697/2280 3697/3694/2278
f 3701/3698/2281 3698/3699/2282 3699/3700/2280
f 3699/3700/2280 3700/3701/2283 3701/3698/2281
f 3705/3702/2284 3702/3703/2285 3703/3704/2285
f 3703/3704/2285 3704/3705/2286 3705/3702/2284
f 3707/3706/2287 3705/3702/2284 3704/3705/2286
f 3704/3705/2286 3706/3707/2288 3707/3706/2287
f 3711/3708/2289 3708/3709/2290 3709/3710/2291
f 3709/3710/2291 3710/3711/2289 3711/3708/2289
f 3713/3712/2292 3711/3708/2289 3710/3711/2289
f 3710/3711/2289 3712/3713/2292 3713/3712/2292
f 3708/3709/2290 3707/3706/2287 3706/3707/2288
f 3706/3707/2288 3709/3710/2291 3708/3709/2290
f 3700/3701/2283 3689/3690/2276 3688/3689/2275
f 3688/3689/2275 3701/3698/2281 3700/3701/2283
f 3695/3696/2279 3694/3695/2279 3713/3712/2292
f 3713/3712/2292 3712/3713/2292 3695/3696/2279
f 3693/3692/2277 3692/3693/2277 3703/3704/2285
f 3703/3704/2285 3702/3703/2285 3693/3692/2277
s 226
f 3717/3714/2288 3714/3715/2293 3715/3716/2284
f 3715/3716/2284 3716/3717/2294 3717/3714/2288
f 3716/3717/2294 3715/3716/2284 3718/3718/2285
f 3718/3718/2285 3719/3719/2285 3716/3717/2294
f 3723/3720/2292 3720/3721/2292 3721/3722/2295
f 3721/3722/2295 3722/3723/2295 3723/3720/2292
f 3727/3724/2289 3724/3725/2289 3725/3726/2290
f 3725/3726/2290 3726/3727/2291 3727/3724/2289
f 3731/3728/2277 3728/3729/2296 3729/3730/2274
f 3729/3730/2274 3730/3731/2274 3731/3728/2277
f 3730/3731/2274 3729/3730/2274 3732/3732/2275
f 3732/3732/2275 3733/3733/2276 3730/3731/2274
f 3737/3734/2283 3734/3735/2297 3735/3736/2280
f 3735/3736/2280 3736/3737/2280 3737/3734/2283
f 3736/3737/2280 3735/3736/2280 3738/3738/2279
f 3738/3738/2279 3739/3739/2279 3736/3737/2280
f 3733/3733/2276 3732/3732/2275 3734/3735/2297
f 3734/3735/2297 3737/3734/2283 3733/3733/2276
f 3714/3715/2293 3717/3714/2288 3726/3727/2291
f 3726/3727/2291 3725/3726/2290 3714/3715/2293
f 3738/3738/2279 3720/3721/2292 3723/3720/2292
f 3723/3720/2292 3739/3739/2279 3738/3738/2279
f 3731/3728/2277 3719/3719/2285 3718/3718/2285
f 3718/3718/2285 3728/3729/2296 3731/3728/2277
s 227
f 3743/3740/2298 3740/3741/2299 3741/3742/2300
f 3741/3742/2300 3742/3743/2301 3743/3740/2298
f 3742/3743/2301 3741/3742/2300 3744/3744/2302
f 3744/3744/2302 3745/3745/2303 3742/3743/2301
f 3745/3745/2303 3744/3744/2302 3746/3746/2304
f 3746/3746/2304 3747/3747/2305 3745/3745/2303
f 3747/3747/2305 3746/3746/2304 3748/3748/1350
f 3748/3748/1350 3749/3749/1351 3747/3747/2305
s 228
f 3753/3750/841 3750/3751/842 3751/3752/2306
f 3751/3752/2306 3752/3753/2307 3753/3750/841
f 3752/3753/2307 3751/3752/2306 3754/3754/2308
f 3754/3754/2308 3755/3755/2309 3752/3753/2307
f 3755/3755/2309 3754/3754/2308 3756/3756/2310
f 3756/3756/2310 3757/3757/2311 3755/3755/2309
f 3757/3757/2311 3756/3756/2310 3758/3758/2312
f 3758/3758/2312 3759/3759/848 3757/3757/2311
f 3763/3760/831 3760/3761/832 3761/3762/2313
f 3761/3762/2313 3762/3763/2314 3763/3760/831
f 3762/3763/2314 3761/3762/2313 3764/3764/2315
f 3764/3764/2315 3765/3765/2316 3762/3763/2314
f 3765/3765/2316 3764/3764/2315 3766/3766/2317
f 3766/3766/2317 3767/3767/2318 3765/3765/2316
f 3767/3767/2318 3766/3766/2317 3768/3768/839
f 3768/3768/839 3769/3769/1454 3767/3767/2318
s 227
f 3773/3770/861 3770/3771/2319 3771/3772/2320
f 3771/3772/2320 3772/3773/2321 3773/3770/861
f 3772/3773/2321 3771/3772/2320 3774/3774/2322
f 3774/3774/2322 3775/3775/2323 3772/3773/2321
f 3775/3775/2323 3774/3774/2322 3776/3776/2324
f 3776/3776/2324 3777/3777/2325 3775/3775/2323
f 3777/3777/2325 3776/3776/2324 3778/3778/2326
f 3778/3778/2326 3779/3779/868 3777/3777/2325
f 3783/3780/2327 3780/3781/2328 3781/3782/2329
f 3781/3782/2329 3782/3783/2330 3783/3780/2327
f 3782/3783/2330 3781/3782/2329 3784/3784/2331
f 3784/3784/2331 3785/3785/2332 3782/3783/2330
f 3785/3785/2332 3784/3784/2331 3786/3786/2333
f 3786/3786/2333 3787/3787/2334 3785/3785/2332
f 3787/3787/2334 3786/3786/2333 3788/3788/859
f 3788/3788/859 3789/3789/2335 3787/3787/2334
f 3793/3790/881 3790/3791/882 3791/3792/2336
f 3791/3792/2336 3792/3793/2337 3793/3790/881
f 3792/3793/2337 3791/3792/2336 3794/3794/2338
f 3794/3794/2338 3795/3795/2339 3792/3793/2337
f 3795/3795/2339 3794/3794/2338 3796/3796/2340
f 3796/3796/2340 3797/3797/2341 3795/3795/2339
f 3797/3797/2341 3796/3796/2340 3798/3798/2342
f 3798/3798/2342 3799/3799/2343 3797/3797/2341
f 3803/3800/871 3800/3801/872 3801/3802/2344
f 3801/3802/2344 3802/3803/2345 3803/3800/871
f 3802/3803/2345 3801/3802/2344 3804/3804/2346
f 3804/3804/2346 3805/3805/2347 3802/3803/2345
f 3805/3805/2347 3804/3804/2346 3806/3806/2348
f 3806/3806/2348 3807/3807/2349 3805/3805/2347
f 3807/3807/2349 3806/3806/2348 3808/3808/879
f 3808/3808/879 3809/3809/878 3807/3807/2349
s 228
f 3813/3810/901 3810/3811/902 3811/3812/2350
f 3811/3812/2350 3812/3813/2351 3813/3810/901
f 3812/3813/2351 3811/3812/2350 3814/3814/2352
f 3814/3814/2352 3815/3815/2353 3812/3813/2351
f 3815/3815/2353 3814/3814/2352 3816/3816/2354
f 3816/3816/2354 3817/3817/2355 3815/3815/2353
f 3817/3817/2355 3816/3816/2354 3818/3818/2356
f 3818/3818/2356 3819/3819/2357 3817/3817/2355
f 3823/3820/891 3820/3821/2358 3821/3822/2359
f 3821/3822/2359 3822/3823/2360 3823/3820/891
f 3822/3823/2360 3821/3822/2359 3824/3824/2361
f 3824/3824/2361 3825/3825/2362 3822/3823/2360
f 3825/3825/2362 3824/3824/2361 3826/3826/2363
f 3826/3826/2363 3827/3827/2364 3825/3825/2362
f 3827/3827/2364 3826/3826/2363 3828/3828/2365
f 3828/3828/2365 3829/3829/898 3827/3827/2364
s 227
f 3833/3830/2366 3830/3831/2367 3831/3832/2368
f 3831/3832/2368 3832/3833/2369 3833/3830/2366
f 3832/3833/2369 3831/3832/2368 3834/3834/2370
f 3834/3834/2370 3835/3835/2371 3832/3833/2369
f 3835/3835/2371 3834/3834/2370 3836/3836/2372
f 3836/3836/2372 3837/3837/2373 3835/3835/2371
f 3837/3837/2373 3836/3836/2372 3838/3838/921
f 3838/3838/921 3839/3839/919 3837/3837/2373
f 3843/3840/919 3840/3841/918 3841/3842/2374
f 3841/3842/2374 3842/3843/2375 3843/3840/919
f 3842/3843/2375 3841/3842/2374 3844/3844/2376
f 3844/3844/2376 3845/3845/2377 3842/3843/2375
f 3845/3845/2377 3844/3844/2376 3846/3846/2378
f 3846/3846/2378 3847/3847/2379 3845/3845/2377
f 3847/3847/2379 3846/3846/2378 3848/3848/2380
f 3848/3848/2380 3849/3849/2381 3847/3847/2379
f 3853/3850/2382 3850/3851/2383 3851/3852/2384
f 3851/3852/2384 3852/3853/2385 3853/3850/2382
f 3852/3853/2385 3851/3852/2384 3854/3854/2386
f 3854/3854/2386 3855/3855/2387 3852/3853/2385
f 3855/3855/2387 3854/3854/2386 3856/3856/2388
f 3856/3856/2388 3857/3857/2389 3855/3855/2387
f 3857/3857/2389 3856/3856/2388 3858/3858/2390
f 3858/3858/2390 3859/3859/941 3857/3857/2389
f 3863/3860/938 3860/3861/937 3861/3862/2391
f 3861/3862/2391 3862/3863/2392 3863/3860/938
f 3862/3863/2392 3861/3862/2391 3864/3864/2393
f 3864/3864/2393 3865/3865/2394 3862/3863/2392
f 3865/3865/2394 3864/3864/2393 3866/3866/2395
f 3866/3866/2395 3867/3867/932 3865/3865/2394
f 3867/3867/932 3866/3866/2395 3868/3868/2396
f 3868/3868/2396 3869/3869/2397 3867/3867/932
f 3873/3870/2398 3870/3871/967 3871/3872/2399
f 3871/3872/2399 3872/3873/2400 3873/3870/2398
f 3872/3873/2400 3871/3872/2399 3874/3874/2401
f 3874/3874/2401 3875/3875/2402 3872/3873/2400
f 3875/3875/2402 3874/3874/2401 3876/3876/2403
f 3876/3876/2403 3877/3877/2404 3875/3875/2402
f 3877/3877/2404 3876/3876/2403 3878/3878/960
f 3878/3878/960 3879/3879/961 3877/3877/2404
f 3883/3880/958 3880/3881/957 3881/3882/2405
f 3881/3882/2405 3882/3883/2406 3883/3880/958
f 3882/3883/2406 3881/3882/2405 3884/3884/2407
f 3884/3884/2407 3885/3885/2408 3882/3883/2406
f 3885/3885/2408 3884/3884/2407 3886/3886/2409
f 3886/3886/2409 3887/3887/2410 3885/3885/2408
f 3887/3887/2410 3886/3886/2409 3888/3888/950
f 3888/3888/950 3889/3889/951 3887/3887/2410
s 228
f 3893/3890/987 3890/3891/986 3891/3892/2411
f 3891/3892/2411 3892/3893/2412 3893/3890/987
f 3892/3893/2412 3891/3892/2411 3894/3894/2413
f 3894/3894/2413 3895/3895/2414 3892/3893/2412
f 3895/3895/2414 3894/3894/2413 3896/3896/2415
f 3896/3896/2415 3897/3897/2416 3895/3895/2414
f 3897/3897/2416 3896/3896/2415 3898/3898/980
f 3898/3898/980 3899/3899/980 3897/3897/2416
f 3903/3900/978 3900/3901/977 3901/3902/2417
f 3901/3902/2417 3902/3903/2418 3903/3900/978
f 3902/3903/2418 3901/3902/2417 3904/3904/2419
f 3904/3904/2419 3905/3905/2420 3902/3903/2418
f 3905/3905/2420 3904/3904/2419 3906/3906/2421
f 3906/3906/2421 3907/3907/2422 3905/3905/2420
f 3907/3907/2422 3906/3906/2421 3908/3908/970
f 3908/3908/970 3909/3909/971 3907/3907/2422
s 227
f 3913/3910/2423 3910/3911/2424 3911/3912/2425
f 3911/3912/2425 3912/3913/2426 3913/3910/2423
f 3912/3913/2426 3911/3912/2425 3914/3914/2427
f 3914/3914/2427 3915/3915/2428 3912/3913/2426
f 3915/3915/2428 3914/3914/2427 3916/3916/2429
f 3916/3916/2429 3917/3917/2430 3915/3915/2428
f 3917/3917/2430 3916/3916/2429 3918/3918/2431
f 3918/3918/2431 3919/3919/2432 3917/3917/2430
f 3923/3920/1524 3920/3921/2433 3921/3922/2434
f 3921/3922/2434 3922/3923/2435 3923/3920/1524
f 3922/3923/2435 3921/3922/2434 3924/3924/2436
f 3924/3924/2436 3925/3925/2437 3922/3923/2435
f 3925/3925/2437 3924/3924/2436 3926/3926/2438
f 3926/3926/2438 3927/3927/2439 3925/3925/2437
f 3927/3927/2439 3926/3926/2438 3928/3928/1294
f 3928/3928/1294 3929/3929/1293 3927/3927/2439
f 3933/3930/1027 3930/3931/1026 3931/3932/2440
f 3931/3932/2440 3932/3933/2441 3933/3930/1027
f 3932/3933/2441 3931/3932/2440 3934/3934/2442
f 3934/3934/2442 3935/3935/1023 3932/3933/2441
f 3935/3935/1023 3934/3934/2442 3936/3936/2443
f 3936/3936/2443 3937/3937/2444 3935/3935/1023
f 3937/3937/2444 3936/3936/2443 3938/3938/1019
f 3938/3938/1019 3939/3939/1020 3937/3937/2444
f 3943/3940/1017 3940/3941/1016 3941/3942/2445
f 3941/3942/2445 3942/3943/2446 3943/3940/1017
f 3942/3943/2446 3941/3942/2445 3944/3944/2447
f 3944/3944/2447 3945/3945/2448 3942/3943/2446
f 3945/3945/2448 3944/3944/2447 3946/3946/2449
f 3946/3946/2449 3947/3947/2450 3945/3945/2448
f 3947/3947/2450 3946/3946/2449 3948/3948/1009
f 3948/3948/1009 3949/3949/1010 3947/3947/2450
f 3953/3950/1039 3950/3951/1040 3951/3952/2451
f 3951/3952/2451 3952/3953/2452 3953/3950/1039
f 3952/3953/2452 3951/3952/2451 3954/3954/2453
f 3954/3954/2453 3955/3955/2454 3952/3953/2452
f 3955/3955/2454 3954/3954/2453 3956/3956/2455
f 3956/3956/2455 3957/3957/2456 3955/3955/2454
f 3957/3957/2456 3956/3956/2455 3958/3958/1047
f 3958/3958/1047 3959/3959/2457 3957/3957/2456
f 3963/3960/1029 3960/3961/1030 3961/3962/2458
f 3961/3962/2458 3962/3963/2459 3963/3960/1029
f 3962/3963/2459 3961/3962/2458 3964/3964/2460
f 3964/3964/2460 3965/3965/2461 3962/3963/2459
f 3965/3965/2461 3964/3964/2460 3966/3966/1035
f 3966/3966/1035 3967/3967/2462 3965/3965/2461
f 3967/3967/2462 3966/3966/1035 3968/3968/1037
f 3968/3968/1037 3969/3969/1036 3967/3967/2462
f 3973/3970/1059 3970/3971/1060 3971/3972/2463
f 3971/3972/2463 3972/3973/2464 3973/3970/1059
f 3972/3973/2464 3971/3972/2463 3974/3974/2465
f 3974/3974/2465 3975/3975/2466 3972/3973/2464
f 3975/3975/2466 3974/3974/2465 3976/3976/2467
f 3976/3976/2467 3977/3977/2468 3975/3975/2466
f 3977/3977/2468 3976/3976/2467 3978/3978/2469
f 3978/3978/2469 3979/3979/1066 3977/3977/2468
f 3983/3980/1049 3980/3981/1050 3981/3982/2470
f 3981/3982/2470 3982/3983/2471 3983/3980/1049
f 3982/3983/2471 3981/3982/2470 3984/3984/1053
f 3984/3984/1053 3985/3985/2472 3982/3983/2471
f 3985/3985/2472 3984/3984/1053 3986/3986/2473
f 3986/3986/2473 3987/3987/2474 3985/3985/2472
f 3987/3987/2474 3986/3986/2473 3988/3988/2475
f 3988/3988/2475 3989/3989/1056 3987/3987/2474
s 228
f 3993/3990/1087 3990/3991/2476 3991/3992/2477
f 3991/3992/2477 3992/3993/2478 3993/3990/1087
f 3992/3993/2478 3991/3992/2477 3994/3994/2479
f 3994/3994/2479 3995/3995/2480 3992/3993/2478
f 3995/3995/2480 3994/3994/2479 3996/3996/2481
f 3996/3996/2481 3997/3997/2482 3995/3995/2480
f 3997/3997/2482 3996/3996/2481 3998/3998/1256
f 3998/3998/1256 3999/3999/1080 3997/3997/2482
f 4003/4000/1077 4000/4001/1076 4001/4002/2483
f 4001/4002/2483 4002/4003/2484 4003/4000/1077
f 4002/4003/2484 4001/4002/2483 4004/4004/2485
f 4004/4004/2485 4005/4005/2486 4002/4003/2484
f 4005/4005/2486 4004/4004/2485 4006/4006/2487
f 4006/4006/2487 4007/4007/2488 4005/4005/2486
f 4007/4007/2488 4006/4006/2487 4008/4008/2489
f 4008/4008/2489 4009/4009/1070 4007/4007/2488
s 227
f 4013/4010/1099 4010/4011/1100 4011/4012/2490
f 4011/4012/2490 4012/4013/2491 4013/4010/1099
f 4012/4013/2491 4011/4012/2490 4014/4014/2492
f 4014/4014/2492 4015/4015/2493 4012/4013/2491
f 4015/4015/2493 4014/4014/2492 4016/4016/2494
f 4016/4016/2494 4017/4017/2495 4015/4015/2493
f 4017/4017/2495 4016/4016/2494 4018/4018/1107
f 4018/4018/1107 4019/4019/2496 4017/4017/2495
f 4023/4020/1089 4020/4021/2497 4021/4022/2498
f 4021/4022/2498 4022/4023/2499 4023/4020/1089
f 4022/4023/2499 4021/4022/2498 4024/4024/2500
f 4024/4024/2500 4025/4025/2501 4022/4023/2499
f 4025/4025/2501 4024/4024/2500 4026/4026/2502
f 4026/4026/2502 4027/4027/2503 4025/4025/2501
f 4027/4027/2503 4026/4026/2502 4028/4028/1097
f 4028/4028/1097 4029/4029/931 4027/4027/2503
f 4033/4030/1119 4030/4031/1120 4031/4032/2504
f 4031/4032/2504 4032/4033/2505 4033/4030/1119
f 4032/4033/2505 4031/4032/2504 4034/4034/2506
f 4034/4034/2506 4035/4035/2507 4032/4033/2505
f 4035/4035/2507 4034/4034/2506 4036/4036/2508
f 4036/4036/2508 4037/4037/2509 4035/4035/2507
f 4037/4037/2509 4036/4036/2508 4038/4038/1127
f 4038/4038/1127 4039/4039/2510 4037/4037/2509
f 4043/4040/1109 4040/4041/1110 4041/4042/2511
f 4041/4042/2511 4042/4043/2512 4043/4040/1109
f 4042/4043/2512 4041/4042/2511 4044/4044/2513
f 4044/4044/2513 4045/4045/2514 4042/4043/2512
f 4045/4045/2514 4044/4044/2513 4046/4046/2515
f 4046/4046/2515 4047/4047/2516 4045/4045/2514
f 4047/4047/2516 4046/4046/2515 4048/4048/2517
f 4048/4048/2517 4049/4049/2518 4047/4047/2516
f 4053/4050/1139 4050/4051/1140 4051/4052/2519
f 4051/4052/2519 4052/4053/2520 4053/4050/1139
f 4052/4053/2520 4051/4052/2519 4054/4054/2521
f 4054/4054/2521 4055/4055/2522 4052/4053/2520
f 4055/4055/2522 4054/4054/2521 4056/4056/2523
f 4056/4056/2523 4057/4057/2524 4055/4055/2522
f 4057/4057/2524 4056/4056/2523 4058/4058/1147
f 4058/4058/1147 4059/4059/2525 4057/4057/2524
f 4063/4060/1129 4060/4061/1130 4061/4062/2526
f 4061/4062/2526 4062/4063/2527 4063/4060/1129
f 4062/4063/2527 4061/4062/2526 4064/4064/2528
f 4064/4064/2528 4065/4065/2529 4062/4063/2527
f 4065/4065/2529 4064/4064/2528 4066/4066/2530
f 4066/4066/2530 4067/4067/2531 4065/4065/2529
f 4067/4067/2531 4066/4066/2530 4068/4068/1137
f 4068/4068/1137 4069/4069/2532 4067/4067/2531
f 4073/4070/1159 4070/4071/1160 4071/4072/2533
f 4071/4072/2533 4072/4073/2534 4073/4070/1159
f 4072/4073/2534 4071/4072/2533 4074/4074/2535
f 4074/4074/2535 4075/4075/2536 4072/4073/2534
f 4075/4075/2536 4074/4074/2535 4076/4076/2537
f 4076/4076/2537 4077/4077/2538 4075/4075/2536
f 4077/4077/2538 4076/4076/2537 4078/4078/2539
f 4078/4078/2539 4079/4079/2540 4077/4077/2538
f 4083/4080/1149 4080/4081/1150 4081/4082/2541
f 4081/4082/2541 4082/4083/2542 4083/4080/1149
f 4082/4083/2542 4081/4082/2541 4084/4084/2543
f 4084/4084/2543 4085/4085/2544 4082/4083/2542
f 4085/4085/2544 4084/4084/2543 4086/4086/2545
f 4086/4086/2545 4087/4087/2546 4085/4085/2544
f 4087/4087/2546 4086/4086/2545 4088/4088/2547
f 4088/4088/2547 4089/4089/1156 4087/4087/2546
f 4093/4090/1179 4090/4091/1180 4091/4092/2548
f 4091/4092/2548 4092/4093/2549 4093/4090/1179
f 4092/4093/2549 4091/4092/2548 4094/4094/2550
f 4094/4094/2550 4095/4095/2551 4092/4093/2549
f 4095/4095/2551 4094/4094/2550 4096/4096/2552
f 4096/4096/2552 4097/4097/2553 4095/4095/2551
f 4097/4097/2553 4096/4096/2552 4098/4098/1187
f 4098/4098/1187 4099/4099/2554 4097/4097/2553
f 4103/4100/1169 4100/4101/1170 4101/4102/2555
f 4101/4102/2555 4102/4103/2556 4103/4100/1169
f 4102/4103/2556 4101/4102/2555 4104/4104/2557
f 4104/4104/2557 4105/4105/2558 4102/4103/2556
f 4105/4105/2558 4104/4104/2557 4106/4106/2559
f 4106/4106/2559 4107/4107/2560 4105/4105/2558
f 4107/4107/2560 4106/4106/2559 4108/4108/1177
f 4108/4108/1177 4109/4109/2561 4107/4107/2560
f 4113/4110/1199 4110/4111/1200 4111/4112/2562
f 4111/4112/2562 4112/4113/2563 4113/4110/1199
f 4112/4113/2563 4111/4112/2562 4114/4114/2564
f 4114/4114/2564 4115/4115/2565 4112/4113/2563
f 4115/4115/2565 4114/4114/2564 4116/4116/2566
f 4116/4116/2566 4117/4117/2567 4115/4115/2565
f 4117/4117/2567 4116/4116/2566 4118/4118/1207
f 4118/4118/1207 4119/4119/1206 4117/4117/2567
f 4123/4120/2568 4120/4121/1190 4121/4122/2569
f 4121/4122/2569 4122/4123/2570 4123/4120/2568
f 4122/4123/2570 4121/4122/2569 4124/4124/2571
f 4124/4124/2571 4125/4125/2572 4122/4123/2570
f 4125/4125/2572 4124/4124/2571 4126/4126/2573
f 4126/4126/2573 4127/4127/2574 4125/4125/2572
f 4127/4127/2574 4126/4126/2573 4128/4128/2575
f 4128/4128/2575 4129/4129/2576 4127/4127/2574
f 4133/4130/1219 4130/4131/1220 4131/4132/2577
f 4131/4132/2577 4132/4133/2578 4133/4130/1219
f 4132/4133/2578 4131/4132/2577 4134/4134/2579
f 4134/4134/2579 4135/4135/1222 4132/4133/2578
f 4135/4135/1222 4134/4134/2579 4136/4136/2580
f 4136/4136/2580 4137/4137/2581 4135/4135/1222
f 4137/4137/2581 4136/4136/2580 4138/4138/1227
f 4138/4138/1227 4139/4139/1226 4137/4137/2581
f 4143/4140/2582 4140/4141/1210 4141/4142/2583
f 4141/4142/2583 4142/4143/2584 4143/4140/2582
f 4142/4143/2584 4141/4142/2583 4144/4144/2585
f 4144/4144/2585 4145/4145/2586 4142/4143/2584
f 4145/4145/2586 4144/4144/2585 4146/4146/2587
f 4146/4146/2587 4147/4147/2588 4145/4145/2586
f 4147/4147/2588 4146/4146/2587 4148/4148/2589
f 4148/4148/2589 4149/4149/1216 4147/4147/2588
f 4153/4150/1239 4150/4151/1240 4151/4152/2590
f 4151/4152/2590 4152/4153/2591 4153/4150/1239
f 4152/4153/2591 4151/4152/2590 4154/4154/2592
f 4154/4154/2592 4155/4155/2593 4152/4153/2591
f 4155/4155/2593 4154/4154/2592 4156/4156/2594
f 4156/4156/2594 4157/4157/2595 4155/4155/2593
f 4157/4157/2595 4156/4156/2594 4158/4158/1247
f 4158/4158/1247 4159/4159/1246 4157/4157/2595
f 4163/4160/1229 4160/4161/1230 4161/4162/2596
f 4161/4162/2596 4162/4163/2597 4163/4160/1229
f 4162/4163/2597 4161/4162/2596 4164/4164/2598
f 4164/4164/2598 4165/4165/2599 4162/4163/2597
f 4165/4165/2599 4164/4164/2598 4166/4166/2600
f 4166/4166/2600 4167/4167/2601 4165/4165/2599
f 4167/4167/2601 4166/4166/2600 4168/4168/1237
f 4168/4168/1237 4169/4169/1236 4167/4167/2601
s 228
f 4173/4170/1263 4170/4171/1263 4171/4172/2602
f 4171/4172/2602 4172/4173/2603 4173/4170/1263
f 4172/4173/2603 4171/4172/2602 4174/4174/2604
f 4174/4174/2604 4175/4175/2605 4172/4173/2603
f 4175/4175/2605 4174/4174/2604 4176/4176/2606
f 4176/4176/2606 4177/4177/2607 4175/4175/2605
f 4177/4177/2607 4176/4176/2606 4178/4178/1256
f 4178/4178/1256 4179/4179/1256 4177/4177/2607
f 4183/4180/1254 4180/4181/1254 4181/4182/2608
f 4181/4182/2608 4182/4183/2609 4183/4180/1254
f 4182/4183/2609 4181/4182/2608 4184/4184/2610
f 4184/4184/2610 4185/4185/2611 4182/4183/2609
f 4185/4185/2611 4184/4184/2610 4186/4186/2612
f 4186/4186/2612 4187/4187/2613 4185/4185/2611
f 4187/4187/2613 4186/4186/2612 4188/4188/1249
f 4188/4188/1249 4189/4189/1249 4187/4187/2613
f 3763/3760/831 3750/3751/842 3753/3750/841
f 3753/3750/841 3760/3761/832 3763/3760/831
s 227
f 4193/4190/1265 4190/4191/1266 4191/4192/1267
f 4191/4192/1267 4192/4193/1264 4193/4190/1265
f 3783/3780/2327 3770/3771/2319 3773/3770/861
f 3773/3770/861 3780/3781/2328 3783/3780/2327
f 4195/4194/1268 4194/4195/1269 3770/3771/2319
f 3770/3771/2319 3783/3780/2327 4195/4194/1268
f 3803/3800/871 3790/3791/882 3793/3790/881
f 3793/3790/881 3800/3801/872 3803/3800/871
s 228
f 4199/4196/1271 4196/4197/2614 4197/4198/1273
f 4197/4198/1273 4198/4199/1270 4199/4196/1271
f 3823/3820/891 3810/3811/902 3813/3810/901
f 3813/3810/901 3820/3821/2358 3823/3820/891
f 4201/4200/2615 4200/4201/2616 3810/3811/902
f 3810/3811/902 3823/3820/891 4201/4200/2615
s 227
f 3800/3801/872 3793/3790/881 4202/4202/1277
f 4202/4202/1277 4203/4203/1276 3800/3801/872
s 228
f 4205/4204/1278 4204/4205/1279 4200/4201/2616
f 4200/4201/2616 4201/4200/2615 4205/4204/1278
f 3760/3761/832 3753/3750/841 4206/4206/1281
f 4206/4206/1281 4207/4207/1280 3760/3761/832
s 227
f 4209/4208/1282 4208/4209/1283 4194/4195/1269
f 4194/4195/1269 4195/4194/1268 4209/4208/1282
f 3843/3840/919 3839/3839/919 3838/3838/921
f 3838/3838/921 3840/3841/918 3843/3840/919
f 3780/3781/2328 3773/3770/861 4210/4210/1285
f 4210/4210/1285 4211/4211/1284 3780/3781/2328
f 3863/3860/938 3859/3859/941 3858/3858/2390
f 3858/3858/2390 3860/3861/937 3863/3860/938
f 3883/3880/958 3879/3879/961 3878/3878/960
f 3878/3878/960 3880/3881/957 3883/3880/958
f 4211/4211/1284 4210/4210/1285 4212/4212/1287
f 4212/4212/1287 4213/4213/1286 4211/4211/1284
f 4213/4213/1286 4212/4212/1287 3879/3879/961
f 3879/3879/961 3883/3880/958 4213/4213/1286
f 3860/3861/937 3858/3858/2390 4214/4214/1289
f 4214/4214/1289 4215/4215/1288 3860/3861/937
f 4215/4215/1288 4214/4214/1289 3839/3839/919
f 3839/3839/919 3843/3840/919 4215/4215/1288
s 228
f 4217/4216/1291 3909/3909/971 3893/3890/987
f 3893/3890/987 4216/4217/1290 4217/4216/1291
f 3908/3908/970 3890/3891/986 3893/3890/987
f 3893/3890/987 3909/3909/971 3908/3908/970
s 227
f 4219/4218/996 4218/4219/2432 3919/3919/2432
f 3919/3919/2432 3918/3918/2431 4219/4218/996
f 3928/3928/1294 4220/4220/1006 4221/4221/1007
f 4221/4221/1007 3929/3929/1293 3928/3928/1294
f 3943/3940/1017 3939/3939/1020 3938/3938/1019
f 3938/3938/1019 3940/3941/1016 3943/3940/1017
f 3963/3960/1029 3950/3951/1040 3953/3950/1039
f 3953/3950/1039 3960/3961/1030 3963/3960/1029
f 4223/4222/1295 4222/4223/1296 3950/3951/1040
f 3950/3951/1040 3963/3960/1029 4223/4222/1295
f 3983/3980/1049 3970/3971/1060 3973/3970/1059
f 3973/3970/1059 3980/3981/1050 3983/3980/1049
f 4225/4224/1297 4224/4225/1298 3939/3939/1020
f 3939/3939/1020 3943/3940/1017 4225/4224/1297
f 3960/3961/1030 3953/3950/1039 4224/4225/1298
f 4224/4225/1298 4225/4224/1297 3960/3961/1030
f 4227/4226/1299 4226/4227/1300 4222/4223/1296
f 4222/4223/1296 4223/4222/1295 4227/4226/1299
f 3980/3981/1050 3973/3970/1059 4226/4227/1300
f 4226/4227/1300 4227/4226/1299 3980/3981/1050
s 228
f 4229/4228/1301 4228/4229/1302 4196/4197/2614
f 4196/4197/2614 4199/4196/1271 4229/4228/1301
f 4003/4000/1077 3999/3999/1080 3998/3998/1256
f 3998/3998/1256 4000/4001/1076 4003/4000/1077
f 4231/4230/1303 4230/4231/1304 3999/3999/1080
f 3999/3999/1080 4003/4000/1077 4231/4230/1303
s 227
f 4023/4020/1089 4010/4011/1100 4013/4010/1099
f 4013/4010/1099 4020/4021/2497 4023/4020/1089
f 4043/4040/1109 4030/4031/1120 4033/4030/1119
f 4033/4030/1119 4040/4041/1110 4043/4040/1109
f 4063/4060/1129 4050/4051/1140 4053/4050/1139
f 4053/4050/1139 4060/4061/1130 4063/4060/1129
f 4083/4080/1149 4070/4071/1160 4073/4070/1159
f 4073/4070/1159 4080/4081/1150 4083/4080/1149
f 4103/4100/1169 4090/4091/1180 4093/4090/1179
f 4093/4090/1179 4100/4101/1170 4103/4100/1169
f 4123/4120/2568 4110/4111/1200 4113/4110/1199
f 4113/4110/1199 4120/4121/1190 4123/4120/2568
f 4143/4140/2582 4130/4131/1220 4133/4130/1219
f 4133/4130/1219 4140/4141/1210 4143/4140/2582
f 4163/4160/1229 4150/4151/1240 4153/4150/1239
f 4153/4150/1239 4160/4161/1230 4163/4160/1229
f 4020/4021/2497 4013/4010/1099 3859/3859/941
f 3859/3859/941 3863/3860/938 4020/4021/2497
f 4060/4061/1130 4053/4050/1139 4030/4031/1120
f 4030/4031/1120 4043/4040/1109 4060/4061/1130
f 4080/4081/1150 4073/4070/1159 4050/4051/1140
f 4050/4051/1140 4063/4060/1129 4080/4081/1150
f 4040/4041/1110 4033/4030/1119 4010/4011/1100
f 4010/4011/1100 4023/4020/1089 4040/4041/1110
f 4120/4121/1190 4113/4110/1199 4090/4091/1180
f 4090/4091/1180 4103/4100/1169 4120/4121/1190
f 4140/4141/1210 4133/4130/1219 4110/4111/1200
f 4110/4111/1200 4123/4120/2568 4140/4141/1210
f 4160/4161/1230 4153/4150/1239 4130/4131/1220
f 4130/4131/1220 4143/4140/2582 4160/4161/1230
f 3880/3881/957 3878/3878/960 4150/4151/1240
f 4150/4151/1240 4163/4160/1229 3880/3881/957
f 4100/4101/1170 4093/4090/1179 3970/3971/1060
f 3970/3971/1060 3983/3980/1049 4100/4101/1170
f 3940/3941/1016 3938/3938/1019 4070/4071/1160
f 4070/4071/1160 4083/4080/1149 3940/3941/1016
s 228
f 4233/4232/1303 4232/4233/1306 4230/4231/1304
f 4230/4231/1304 4231/4230/1303 4233/4232/1303
f 4217/4216/1291 4216/4217/1290 4234/4234/2617
f 4234/4234/2617 4235/4235/1307 4217/4216/1291
f 4235/4235/1307 4234/4234/2617 4236/4236/1310
f 4236/4236/1310 4237/4237/1309 4235/4235/1307
f 4239/4238/1311 4238/4239/1312 4204/4205/1279
f 4204/4205/1279 4205/4204/1278 4239/4238/1311
s 227
f 4241/4240/1313 4240/4241/1314 4208/4209/1283
f 4208/4209/1283 4209/4208/1282 4241/4240/1313
s 228
f 4207/4207/1280 4206/4206/1281 4238/4239/1312
f 4238/4239/1312 4239/4238/1311 4207/4207/1280
s 227
f 4203/4203/1276 4202/4202/1277 4240/4241/1314
f 4240/4241/1314 4241/4240/1313 4203/4203/1276
s 228
f 4183/4180/1254 4179/4179/1256 4178/4178/1256
f 4178/4178/1256 4180/4181/1254 4183/4180/1254
f 4243/4242/1315 4242/4243/1316 4179/4179/1256
f 4179/4179/1256 4183/4180/1254 4243/4242/1315
f 4000/4001/1076 3998/3998/1256 4242/4243/1316
f 4242/4243/1316 4243/4242/1315 4000/4001/1076
f 4245/4244/1303 4244/4245/1304 4232/4233/1306
f 4232/4233/1306 4233/4232/1303 4245/4244/1303
f 4247/4246/1317 4246/4247/1318 4244/4245/1304
f 4244/4245/1304 4245/4244/1303 4247/4246/1317
f 4237/4237/1309 4236/4236/1310 4246/4247/1318
f 4246/4247/1318 4247/4246/1317 4237/4237/1309
f 4180/4181/1254 4178/4178/1256 4228/4229/1302
f 4228/4229/1302 4229/4228/1301 4180/4181/1254
f 3820/3821/2358 3813/3810/901 3890/3891/986
f 3890/3891/986 3908/3908/970 3820/3821/2358
s 227
f 4220/4220/1006 3928/3928/1294 4190/4191/1266
f 4190/4191/1266 4193/4190/1265 4220/4220/1006
s 228
f 4251/4248/1322 4248/4249/1326 4249/4250/2618
f 4249/4250/2618 4250/4251/1321 4251/4248/1322
s 227
f 4255/4252/1326 4252/4253/1323 4253/4254/1324
f 4253/4254/1324 4254/4255/1325 4255/4252/1326
f 4259/4256/1330 4256/4257/1327 4257/4258/2619
f 4257/4258/2619 4258/4259/1329 4259/4256/1330
f 4256/4257/1327 4260/4260/1331 4261/4261/2620
f 4261/4261/2620 4257/4258/2619 4256/4257/1327
f 4265/4262/1336 4262/4263/1333 4263/4264/2621
f 4263/4264/2621 4264/4265/1335 4265/4262/1336
s 228
f 4269/4266/1340 4266/4267/1337 4267/4268/1338
f 4267/4268/1338 4268/4269/1339 4269/4266/1340
f 4273/4270/2622 4270/4271/1341 4271/4272/1342
f 4271/4272/1342 4272/4273/2623 4273/4270/2622
f 4270/4271/1341 4274/4274/2624 4275/4275/2625
f 4275/4275/2625 4271/4272/1342 4270/4271/1341
s 227
f 4277/4276/1312 4265/4262/1336 4264/4265/1335
f 4264/4265/1335 4276/4277/2626 4277/4276/1312
s 228
f 4274/4274/2624 4278/4278/1348 4279/4279/2627
f 4279/4279/2627 4275/4275/2625 4274/4274/2624
f 4281/4280/1314 4251/4248/1322 4250/4251/1321
f 4250/4251/1321 4280/4281/2627 4281/4280/1314
s 227
f 4260/4260/1331 4282/4282/1349 4283/4283/2626
f 4283/4283/2626 4261/4261/2620 4260/4260/1331
f 3749/3749/1351 3748/3748/1350 4284/4284/828
f 4284/4284/828 4285/4285/829 3749/3749/1351
f 4287/4286/1353 4259/4256/1330 4258/4259/1329
f 4258/4259/1329 4286/4287/1352 4287/4286/1353
f 4291/4288/1357 4288/4289/2628 4289/4290/2629
f 4289/4290/2629 4290/4291/2630 4291/4288/1357
f 4295/4292/2631 4292/4293/1358 4293/4294/1359
f 4293/4294/1359 4294/4295/1360 4295/4292/2631
f 4297/4296/1363 4287/4286/1353 4286/4287/1352
f 4286/4287/1352 4296/4297/2632 4297/4296/1363
f 4292/4293/1358 4297/4296/1363 4296/4297/2632
f 4296/4297/2632 4293/4294/1359 4292/4293/1358
f 4299/4298/1365 4291/4288/1357 4290/4291/2630
f 4290/4291/2630 4298/4299/2633 4299/4298/1365
f 3748/3748/1350 4299/4298/1365 4298/4299/2633
f 4298/4299/2633 4284/4284/828 3748/3748/1350
s 228
f 4303/4300/1369 4300/4301/1366 4301/4302/1367
f 4301/4302/1367 4302/4303/2634 4303/4300/1369
s 227
f 4307/4304/1373 4304/4305/2635 4305/4306/2636
f 4305/4306/2636 4306/4307/1372 4307/4304/1373
f 4311/4308/2637 4308/4309/1375 4309/4310/2638
f 4309/4310/2638 4310/4311/2639 4311/4308/2637
f 4315/4312/1381 4312/4313/1378 4313/4314/2640
f 4313/4314/2640 4314/4315/1380 4315/4312/1381
f 4319/4316/1385 4316/4317/2641 4317/4318/1383
f 4317/4318/1383 4318/4319/2642 4319/4316/1385
f 4316/4317/2641 4320/4320/1386 4321/4321/1387
f 4321/4321/1387 4317/4318/1383 4316/4317/2641
f 4325/4322/1391 4322/4323/2643 4323/4324/2644
f 4323/4324/2644 4324/4325/1390 4325/4322/1391
f 4312/4313/1378 4326/4326/2645 4327/4327/2646
f 4327/4327/2646 4313/4314/2640 4312/4313/1378
f 4326/4326/2645 4319/4316/1385 4318/4319/2642
f 4318/4319/2642 4327/4327/2646 4326/4326/2645
f 4320/4320/1386 4328/4328/2647 4329/4329/1395
f 4329/4329/1395 4321/4321/1387 4320/4320/1386
f 4328/4328/2647 4325/4322/1391 4324/4325/1390
f 4324/4325/1390 4329/4329/1395 4328/4328/2647
s 228
f 4266/4267/1337 4330/4330/1445 4331/4331/2648
f 4331/4331/2648 4267/4268/1338 4266/4267/1337
f 4335/4332/1401 4332/4333/1398 4333/4334/2649
f 4333/4334/2649 4334/4335/1400 4335/4332/1401
f 4332/4333/1398 4336/4336/1402 4337/4337/1403
f 4337/4337/1403 4333/4334/2649 4332/4333/1398
s 227
f 4341/4338/2650 4338/4339/1404 4339/4340/2651
f 4339/4340/2651 4340/4341/2652 4341/4338/2650
f 4345/4342/1411 4342/4343/1408 4343/4344/2653
f 4343/4344/2653 4344/4345/2654 4345/4342/1411
f 4349/4346/1415 4346/4347/1412 4347/4348/2655
f 4347/4348/2655 4348/4349/1414 4349/4346/1415
f 4353/4350/1419 4350/4351/2656 4351/4352/2657
f 4351/4352/2657 4352/4353/2658 4353/4350/1419
f 4357/4354/1423 4354/4355/2659 4355/4356/2660
f 4355/4356/2660 4356/4357/1422 4357/4354/1423
f 4361/4358/1427 4358/4359/1424 4359/4360/1425
f 4359/4360/1425 4360/4361/2661 4361/4358/1427
f 4365/4362/1431 4362/4363/1428 4363/4364/1429
f 4363/4364/1429 4364/4365/2662 4365/4362/1431
f 4369/4366/1435 4366/4367/2663 4367/4368/1433
f 4367/4368/1433 4368/4369/1434 4369/4366/1435
f 4288/4289/2628 4341/4338/2650 4340/4341/2652
f 4340/4341/2652 4289/4290/2629 4288/4289/2628
f 4342/4343/1408 4349/4346/1415 4348/4349/1414
f 4348/4349/1414 4343/4344/2653 4342/4343/1408
f 4346/4347/1412 4353/4350/1419 4352/4353/2658
f 4352/4353/2658 4347/4348/2655 4346/4347/1412
f 4338/4339/1404 4345/4342/1411 4344/4345/2654
f 4344/4345/2654 4339/4340/2651 4338/4339/1404
f 4354/4355/2659 4361/4358/1427 4360/4361/2661
f 4360/4361/2661 4355/4356/2660 4354/4355/2659
f 4358/4359/1424 4365/4362/1431 4364/4365/2662
f 4364/4365/2662 4359/4360/1425 4358/4359/1424
f 4362/4363/1428 4369/4366/1435 4368/4369/1434
f 4368/4369/1434 4363/4364/1429 4362/4363/1428
f 4366/4367/2663 4295/4292/2631 4294/4295/1360
f 4294/4295/1360 4367/4368/1433 4366/4367/2663
f 4322/4323/2643 4357/4354/1423 4356/4357/1422
f 4356/4357/1422 4323/4324/2644 4322/4323/2643
f 4350/4351/2656 4315/4312/1381 4314/4315/1380
f 4314/4315/1380 4351/4352/2657 4350/4351/2656
s 228
f 4302/4303/2634 4370/4370/2664 4371/4371/1437
f 4371/4371/1437 4303/4300/1369 4302/4303/2634
f 4336/4336/1402 4372/4372/1438 4373/4373/2665
f 4373/4373/2665 4337/4337/1403 4336/4336/1402
f 4375/4374/1441 4371/4371/1437 4370/4370/2664
f 4370/4370/2664 4374/4375/2666 4375/4374/1441
f 4377/4376/1443 4375/4374/1441 4374/4375/2666
f 4374/4375/2666 4376/4377/1442 4377/4376/1443
f 4278/4278/1348 4378/4378/1444 4379/4379/2627
f 4379/4379/2627 4279/4279/2627 4278/4278/1348
s 227
f 4282/4282/1349 4380/4380/1312 4381/4381/2626
f 4381/4381/2626 4283/4283/2626 4282/4282/1349
s 228
f 4378/4378/1444 4281/4280/1314 4280/4281/2627
f 4280/4281/2627 4379/4379/2627 4378/4378/1444
s 227
f 4380/4380/1312 4277/4276/1312 4276/4277/2626
f 4276/4277/2626 4381/4381/2626 4380/4380/1312
s 228
f 4385/4382/1445 4382/4383/1445 4383/4384/1397
f 4383/4384/1397 4384/4385/1397 4385/4382/1445
f 4382/4383/1445 4386/4386/1445 4387/4387/1397
f 4387/4387/1397 4383/4384/1397 4382/4383/1445
f 4386/4386/1445 4335/4332/1401 4334/4335/1400
f 4334/4335/1400 4387/4387/1397 4386/4386/1445
f 4372/4372/1438 4388/4388/1447 4389/4389/1439
f 4389/4389/1439 4373/4373/2665 4372/4372/1438
f 4388/4388/1447 4390/4390/1446 4391/4391/1439
f 4391/4391/1439 4389/4389/1439 4388/4388/1447
f 4390/4390/1446 4377/4376/1443 4376/4377/1442
f 4376/4377/1442 4391/4391/1439 4390/4390/1446
f 4330/4330/1445 4385/4382/1445 4384/4385/1397
f 4384/4385/1397 4331/4331/2648 4330/4330/1445
f 4300/4301/1366 4273/4270/2622 4272/4273/2623
f 4272/4273/2623 4301/4302/1367 4300/4301/1366
s 227
f 4252/4253/1323 4305/4306/2636 4304/4305/2635
f 4304/4305/2635 4253/4254/1324 4252/4253/1323
s 228
f 3758/3758/2312 4392/4392/1450 4393/4393/2667
f 4393/4393/2667 3759/3759/848 3758/3758/2312
f 3768/3768/839 4394/4394/1448 4395/4395/1449
f 4395/4395/1449 3769/3769/1454 3768/3768/839
s 227
f 4399/4396/1456 4396/4397/2668 4397/4398/2669
f 4397/4398/2669 4398/4399/849 4399/4396/1456
f 4403/4400/1454 4400/4401/1449 4401/4402/2670
f 4401/4402/2670 4402/4403/2671 4403/4400/1454
f 3778/3778/2326 4404/4404/1459 4405/4405/1460
f 4405/4405/1460 3779/3779/868 3778/3778/2326
f 3788/3788/859 4406/4406/1457 4407/4407/1458
f 4407/4407/1458 3789/3789/2335 3788/3788/859
f 4409/4408/1464 4408/4409/2672 4404/4404/1459
f 4404/4404/1459 3778/3778/2326 4409/4408/1464
f 3789/3789/2335 4407/4407/1458 4410/4410/1461
f 4410/4410/1461 4411/4411/1462 3789/3789/2335
f 3798/3798/2342 4412/4412/1467 4413/4413/2673
f 4413/4413/2673 3799/3799/2343 3798/3798/2342
f 3808/3808/879 4414/4414/1465 4415/4415/1466
f 4415/4415/1466 3809/3809/878 3808/3808/879
s 228
f 4419/4416/1473 4416/4417/1472 4417/4418/2674
f 4417/4418/2674 4418/4419/889 4419/4416/1473
f 4423/4420/878 4420/4421/1466 4421/4422/2675
f 4421/4422/2675 4422/4423/1471 4423/4420/878
f 3818/3818/2356 4424/4424/1476 4425/4425/1477
f 4425/4425/1477 3819/3819/2357 3818/3818/2356
f 3828/3828/2365 4426/4426/1474 4427/4427/2676
f 4427/4427/2676 3829/3829/898 3828/3828/2365
f 4429/4428/1481 4428/4429/1480 4424/4424/1476
f 4424/4424/1476 3818/3818/2356 4429/4428/1481
f 3829/3829/898 4427/4427/2676 4430/4430/2677
f 4430/4430/2677 4431/4431/1479 3829/3829/898
s 227
f 3799/3799/2343 4413/4413/2673 4432/4432/2678
f 4432/4432/2678 4433/4433/2679 3799/3799/2343
f 4435/4434/1575 4434/4435/1482 4414/4414/1465
f 4414/4414/1465 3808/3808/879 4435/4434/1575
s 228
f 4437/4436/1489 4436/4437/1488 4428/4429/1480
f 4428/4429/1480 4429/4428/1481 4437/4436/1489
f 4431/4431/1479 4430/4430/2677 4438/4438/2680
f 4438/4438/2680 4439/4439/1487 4431/4431/1479
f 3759/3759/848 4393/4393/2667 4440/4440/2681
f 4440/4440/2681 4441/4441/1493 3759/3759/848
f 4443/4442/2682 4442/4443/1490 4394/4394/1448
f 4394/4394/1448 3768/3768/839 4443/4442/2682
s 227
f 4445/4444/2683 4444/4445/1496 4408/4409/2672
f 4408/4409/2672 4409/4408/1464 4445/4444/2683
f 4411/4411/1462 4410/4410/1461 4446/4446/1494
f 4446/4446/1494 4447/4447/2684 4411/4411/1462
f 3833/3830/2366 3740/3741/2299 3743/3740/2298
f 3743/3740/2298 3830/3831/2367 3833/3830/2366
f 3848/3848/2380 4448/4448/2685 4449/4449/2686
f 4449/4449/2686 3849/3849/2381 3848/3848/2380
f 3779/3779/868 4405/4405/1460 4450/4450/2687
f 4450/4450/2687 4451/4451/2688 3779/3779/868
f 4453/4452/1501 4452/4453/2689 4406/4406/1457
f 4406/4406/1457 3788/3788/859 4453/4452/1501
f 3853/3850/2382 4454/4454/1506 4455/4455/1507
f 4455/4455/1507 3850/3851/2383 3853/3850/2382
f 3868/3868/2396 4456/4456/1504 4457/4457/2690
f 4457/4457/2690 3869/3869/2397 3868/3868/2396
f 3873/3870/2398 4458/4458/2691 4459/4459/2692
f 4459/4459/2692 3870/3871/967 3873/3870/2398
f 3888/3888/950 4460/4460/1508 4461/4461/2693
f 4461/4461/2693 3889/3889/951 3888/3888/950
f 4451/4451/2688 4450/4450/2687 4462/4462/2694
f 4462/4462/2694 4463/4463/1515 4451/4451/2688
f 4465/4464/2695 4464/4465/2696 4452/4453/2689
f 4452/4453/2689 4453/4452/1501 4465/4464/2695
f 4463/4463/1515 4462/4462/2694 4458/4458/2691
f 4458/4458/2691 3873/3870/2398 4463/4463/1515
f 3889/3889/951 4461/4461/2693 4464/4465/2696
f 4464/4465/2696 4465/4464/2695 3889/3889/951
f 3850/3851/2383 4455/4455/1507 4466/4466/2697
f 4466/4466/2697 4467/4467/2698 3850/3851/2383
f 4469/4468/2699 4468/4469/2700 4456/4456/1504
f 4456/4456/1504 3868/3868/2396 4469/4468/2699
f 4467/4467/2698 4466/4466/2697 3740/3741/2299
f 3740/3741/2299 3833/3830/2366 4467/4467/2698
f 3849/3849/2381 4449/4449/2686 4468/4469/2700
f 4468/4469/2700 4469/4468/2699 3849/3849/2381
s 228
f 3899/3899/980 3898/3898/980 4470/4470/1530
f 4470/4470/1530 4471/4471/2701 3899/3899/980
s 227
f 4475/4472/1000 4472/4473/2702 4473/4474/1536
f 4473/4474/1536 4474/4475/2703 4475/4472/1000
f 3910/3911/2424 3913/3910/2423 4476/4476/2704
f 4476/4476/2704 4477/4477/2705 3910/3911/2424
s 228
f 4479/4478/2706 3899/3899/980 4471/4471/2701
f 4471/4471/2701 4478/4479/1604 4479/4478/2706
f 4481/4480/2707 3900/3901/977 3903/3900/978
f 3903/3900/978 4480/4481/1521 4481/4480/2707
s 227
f 4485/4482/2708 4482/4483/2709 4483/4484/2710
f 4483/4484/2710 4484/4485/2711 4485/4482/2708
f 4487/4486/2712 3920/3921/2433 3923/3920/1524
f 3923/3920/1524 4486/4487/1525 4487/4486/2712
f 3933/3930/1027 4488/4488/1540 4489/4489/1541
f 4489/4489/1541 3930/3931/1026 3933/3930/1027
f 3948/3948/1009 4490/4490/2713 4491/4491/2714
f 4491/4491/2714 3949/3949/1010 3948/3948/1009
f 3958/3958/1047 4492/4492/1544 4493/4493/2715
f 4493/4493/2715 3959/3959/2457 3958/3958/1047
f 3968/3968/1037 4494/4494/1542 4495/4495/1543
f 4495/4495/1543 3969/3969/1036 3968/3968/1037
f 4497/4496/1549 4496/4497/1548 4492/4492/1544
f 4492/4492/1544 3958/3958/1047 4497/4496/1549
f 3969/3969/1036 4495/4495/1543 4498/4498/2716
f 4498/4498/2716 4499/4499/1547 3969/3969/1036
f 3978/3978/2469 4500/4500/1552 4501/4501/2717
f 4501/4501/2717 3979/3979/1066 3978/3978/2469
f 3988/3988/2475 4502/4502/1550 4503/4503/1551
f 4503/4503/1551 3989/3989/1056 3988/3988/2475
f 4505/4504/2718 4504/4505/2719 4488/4488/1540
f 4488/4488/1540 3933/3930/1027 4505/4504/2718
f 3949/3949/1010 4491/4491/2714 4506/4506/2720
f 4506/4506/2720 4507/4507/1555 3949/3949/1010
f 3959/3959/2457 4493/4493/2715 4504/4505/2719
f 4504/4505/2719 4505/4504/2718 3959/3959/2457
f 4507/4507/1555 4506/4506/2720 4494/4494/1542
f 4494/4494/1542 3968/3968/1037 4507/4507/1555
f 4509/4508/1561 4508/4509/1560 4496/4497/1548
f 4496/4497/1548 4497/4496/1549 4509/4508/1561
f 4499/4499/1547 4498/4498/2716 4510/4510/2721
f 4510/4510/2721 4511/4511/1559 4499/4499/1547
f 3979/3979/1066 4501/4501/2717 4508/4509/1560
f 4508/4509/1560 4509/4508/1561 3979/3979/1066
f 4511/4511/1559 4510/4510/2721 4502/4502/1550
f 4502/4502/1550 3988/3988/2475 4511/4511/1559
s 228
f 4513/4512/1565 4512/4513/1624 4416/4417/1472
f 4416/4417/1472 4419/4416/1473 4513/4512/1565
f 4422/4423/1471 4421/4422/2675 4514/4514/1623
f 4514/4514/1623 4515/4515/1563 4422/4423/1471
f 3993/3990/1087 4516/4516/2722 4517/4517/2723
f 4517/4517/2723 3990/3991/2476 3993/3990/1087
f 4008/4008/2489 4518/4518/2724 4519/4519/1567
f 4519/4519/1567 4009/4009/1070 4008/4008/2489
f 4521/4520/1573 4520/4521/1614 4516/4516/2722
f 4516/4516/2722 3993/3990/1087 4521/4520/1573
f 4009/4009/1070 4519/4519/1567 4522/4522/1605
f 4522/4522/1605 4523/4523/1571 4009/4009/1070
s 227
f 4018/4018/1107 4524/4524/1485 4525/4525/1577
f 4525/4525/1577 4019/4019/2496 4018/4018/1107
f 4028/4028/1097 4526/4526/1574 4527/4527/1575
f 4527/4527/1575 4029/4029/931 4028/4028/1097
f 4038/4038/1127 4528/4528/2725 4529/4529/1576
f 4529/4529/1576 4039/4039/2510 4038/4038/1127
f 4048/4048/2517 4530/4530/1578 4531/4531/1578
f 4531/4531/1578 4049/4049/2518 4048/4048/2517
f 4058/4058/1147 4532/4532/1581 4533/4533/1582
f 4533/4533/1582 4059/4059/2525 4058/4058/1147
f 4068/4068/1137 4534/4534/1579 4535/4535/1580
f 4535/4535/1580 4069/4069/2532 4068/4068/1137
f 4078/4078/2539 4536/4536/1585 4537/4537/1586
f 4537/4537/1586 4079/4079/2540 4078/4078/2539
f 4088/4088/2547 4538/4538/1583 4539/4539/1584
f 4539/4539/1584 4089/4089/1156 4088/4088/2547
f 4098/4098/1187 4540/4540/1589 4541/4541/1590
f 4541/4541/1590 4099/4099/2554 4098/4098/1187
f 4108/4108/1177 4542/4542/1587 4543/4543/2726
f 4543/4543/2726 4109/4109/2561 4108/4108/1177
f 4118/4118/1207 4544/4544/1593 4545/4545/2727
f 4545/4545/2727 4119/4119/1206 4118/4118/1207
f 4128/4128/2575 4546/4546/1591 4547/4547/1592
f 4547/4547/1592 4129/4129/2576 4128/4128/2575
f 4138/4138/1227 4548/4548/2728 4549/4549/2729
f 4549/4549/2729 4139/4139/1226 4138/4138/1227
f 4148/4148/2589 4550/4550/2730 4551/4551/1596
f 4551/4551/1596 4149/4149/1216 4148/4148/2589
f 4158/4158/1247 4552/4552/2731 4553/4553/2732
f 4553/4553/2732 4159/4159/1246 4158/4158/1247
f 4168/4168/1237 4554/4554/1599 4555/4555/2733
f 4555/4555/2733 4169/4169/1236 4168/4168/1237
f 4019/4019/2496 4525/4525/1577 4454/4454/1506
f 4454/4454/1506 3853/3850/2382 4019/4019/2496
f 3869/3869/2397 4457/4457/2690 4526/4526/1574
f 4526/4526/1574 4028/4028/1097 3869/3869/2397
f 4059/4059/2525 4533/4533/1582 4528/4528/2725
f 4528/4528/2725 4038/4038/1127 4059/4059/2525
f 4049/4049/2518 4531/4531/1578 4534/4534/1579
f 4534/4534/1579 4068/4068/1137 4049/4049/2518
f 4079/4079/2540 4537/4537/1586 4532/4532/1581
f 4532/4532/1581 4058/4058/1147 4079/4079/2540
f 4069/4069/2532 4535/4535/1580 4538/4538/1583
f 4538/4538/1583 4088/4088/2547 4069/4069/2532
f 4039/4039/2510 4529/4529/1576 4524/4524/1485
f 4524/4524/1485 4018/4018/1107 4039/4039/2510
f 4029/4029/931 4527/4527/1575 4530/4530/1578
f 4530/4530/1578 4048/4048/2517 4029/4029/931
f 4119/4119/1206 4545/4545/2727 4540/4540/1589
f 4540/4540/1589 4098/4098/1187 4119/4119/1206
f 4109/4109/2561 4543/4543/2726 4546/4546/1591
f 4546/4546/1591 4128/4128/2575 4109/4109/2561
f 4139/4139/1226 4549/4549/2729 4544/4544/1593
f 4544/4544/1593 4118/4118/1207 4139/4139/1226
f 4129/4129/2576 4547/4547/1592 4550/4550/2730
f 4550/4550/2730 4148/4148/2589 4129/4129/2576
f 4159/4159/1246 4553/4553/2732 4548/4548/2728
f 4548/4548/2728 4138/4138/1227 4159/4159/1246
f 4149/4149/1216 4551/4551/1596 4554/4554/1599
f 4554/4554/1599 4168/4168/1237 4149/4149/1216
f 3870/3871/967 4459/4459/2692 4552/4552/2731
f 4552/4552/2731 4158/4158/1247 3870/3871/967
f 4169/4169/1236 4555/4555/2733 4460/4460/1508
f 4460/4460/1508 3888/3888/950 4169/4169/1236
f 4099/4099/2554 4541/4541/1590 4500/4500/1552
f 4500/4500/1552 3978/3978/2469 4099/4099/2554
f 3989/3989/1056 4503/4503/1551 4542/4542/1587
f 4542/4542/1587 4108/4108/1177 3989/3989/1056
f 3930/3931/1026 4489/4489/1541 4536/4536/1585
f 4536/4536/1585 4078/4078/2539 3930/3931/1026
f 4089/4089/1156 4539/4539/1584 4490/4490/2713
f 4490/4490/2713 3948/3948/1009 4089/4089/1156
s 228
f 4480/4481/1521 3903/3900/978 4556/4556/1528
f 4556/4556/1528 4557/4557/1529 4480/4481/1521
f 4559/4558/2734 4558/4559/2735 4520/4521/1614
f 4520/4521/1614 4521/4520/1573 4559/4558/2734
f 4523/4523/1571 4522/4522/1605 4560/4560/2736
f 4560/4560/2736 4561/4561/1606 4523/4523/1571
f 4479/4478/2706 4478/4479/1604 4562/4562/2737
f 4562/4562/2737 4563/4563/2738 4479/4478/2706
f 4565/4564/2739 4564/4565/2740 4557/4557/1529
f 4557/4557/1529 4556/4556/1528 4565/4564/2739
f 4563/4563/2738 4562/4562/2737 4566/4566/1614
f 4566/4566/1614 4567/4567/1573 4563/4563/2738
f 4569/4568/2741 4568/4569/2742 4564/4565/2740
f 4564/4565/2740 4565/4564/2739 4569/4568/2741
f 4571/4570/1618 4570/4571/1617 4436/4437/1488
f 4436/4437/1488 4437/4436/1489 4571/4570/1618
f 4439/4439/1487 4438/4438/2680 4572/4572/2743
f 4572/4572/2743 4573/4573/1616 4439/4439/1487
s 227
f 4575/4574/1622 4574/4575/1621 4444/4445/1496
f 4444/4445/1496 4445/4444/2683 4575/4574/1622
f 4447/4447/2684 4446/4446/1494 4576/4576/1619
f 4576/4576/1619 4577/4577/1620 4447/4447/2684
s 228
f 4441/4441/1493 4440/4440/2681 4570/4571/1617
f 4570/4571/1617 4571/4570/1618 4441/4441/1493
f 4573/4573/1616 4572/4572/2743 4442/4443/1490
f 4442/4443/1490 4443/4442/2682 4573/4573/1616
s 227
f 4433/4433/2679 4432/4432/2678 4574/4575/1621
f 4574/4575/1621 4575/4574/1622 4433/4433/2679
f 4577/4577/1620 4576/4576/1619 4434/4435/1482
f 4434/4435/1482 4435/4434/1575 4577/4577/1620
s 228
f 4173/4170/1263 4578/4578/1624 4579/4579/1624
f 4579/4579/1624 4170/4171/1263 4173/4170/1263
f 4188/4188/1249 4580/4580/1623 4581/4581/1623
f 4581/4581/1623 4189/4189/1249 4188/4188/1249
f 4583/4582/1263 4582/4583/1624 4578/4578/1624
f 4578/4578/1624 4173/4170/1263 4583/4582/1263
f 4189/4189/1249 4581/4581/1623 4584/4584/1623
f 4584/4584/1623 4585/4585/1249 4189/4189/1249
f 3990/3991/2476 4517/4517/2723 4582/4583/1624
f 4582/4583/1624 4583/4582/1263 3990/3991/2476
f 4585/4585/1249 4584/4584/1623 4518/4518/2724
f 4518/4518/2724 4008/4008/2489 4585/4585/1249
f 4587/4586/2744 4586/4587/2735 4558/4559/2735
f 4558/4559/2735 4559/4558/2734 4587/4586/2744
f 4561/4561/1606 4560/4560/2736 4588/4588/2736
f 4588/4588/2736 4589/4589/1606 4561/4561/1606
f 4591/4590/2734 4590/4591/1607 4586/4587/2735
f 4586/4587/2735 4587/4586/2744 4591/4590/2734
f 4589/4589/1606 4588/4588/2736 4592/4592/2736
f 4592/4592/2736 4593/4593/1606 4589/4589/1606
f 4567/4567/1573 4566/4566/1614 4590/4591/1607
f 4590/4591/1607 4591/4590/2734 4567/4567/1573
f 4593/4593/1606 4592/4592/2736 4568/4569/2742
f 4568/4569/2742 4569/4568/2741 4593/4593/1606
f 4170/4171/1263 4579/4579/1624 4512/4513/1624
f 4512/4513/1624 4513/4512/1565 4170/4171/1263
f 4515/4515/1563 4514/4514/1623 4580/4580/1623
f 4580/4580/1623 4188/4188/1249 4515/4515/1563
f 3819/3819/2357 4425/4425/1477 4470/4470/1530
f 4470/4470/1530 3898/3898/980 3819/3819/2357
f 3900/3901/977 4481/4480/2707 4426/4426/1474
f 4426/4426/1474 3828/3828/2365 3900/3901/977
s 227
f 3920/3921/2433 4487/4486/2712 4396/4397/2668
f 4396/4397/2668 4399/4396/1456 3920/3921/2433
f 4402/4403/2671 4401/4402/2670 4473/4474/1536
f 4473/4474/1536 4472/4473/2702 4402/4403/2671
f 4486/4487/1525 3923/3920/1524 3910/3911/2424
f 3910/3911/2424 4477/4477/2705 4486/4487/1525
f 4310/4311/2639 4307/4304/1373 4306/4307/1372
f 4306/4307/1372 4311/4308/2637 4310/4311/2639
f 4483/4484/2710 4475/4472/1000 4474/4475/2703
f 4474/4475/2703 4484/4485/2711 4483/4484/2710
f 3918/3918/2431 3929/3929/1293 4221/4221/1007
f 4221/4221/1007 4219/4218/996 3918/3918/2431
f 3913/3910/2423 3830/3831/2367 3743/3740/2298
f 3743/3740/2298 4476/4476/2704 3913/3910/2423
f 4308/4309/1375 3749/3749/1351 4285/4285/829
f 4285/4285/829 4309/4310/2638 4308/4309/1375
f 4448/4448/2685 3848/3848/2380 4482/4483/2709
f 4482/4483/2709 4485/4482/2708 4448/4448/2685
f 3840/3841/918 3838/3838/921 3919/3919/2432
f 3919/3919/2432 4218/4219/2432 3840/3841/918
f 4595/4594/2745 4594/4595/2746 4397/4398/2669
f 4397/4398/2669 4396/4397/2668 4595/4594/2745
f 4597/4596/2747 4596/4597/2748 4594/4595/2746
f 4594/4595/2746 4595/4594/2745 4597/4596/2747
f 4252/4253/1323 4255/4252/1326 4598/4598/2749
f 4598/4598/2749 4599/4599/2750 4252/4253/1323
f 4599/4599/2750 4598/4598/2749 4596/4597/2748
f 4596/4597/2748 4597/4596/2747 4599/4599/2750
s 228
f 4393/4393/2667 4392/4392/1450 4600/4600/2751
f 4600/4600/2751 4601/4601/2752 4393/4393/2667
f 4601/4601/2752 4600/4600/2751 4602/4602/2753
f 4602/4602/2753 4603/4603/2754 4601/4601/2752
f 4603/4603/2754 4602/4602/2753 4604/4604/2755
f 4604/4604/2755 4605/4605/2756 4603/4603/2754
f 4605/4605/2756 4604/4604/2755 4248/4249/1326
f 4248/4249/1326 4251/4248/1322 4605/4605/2756
s 227
f 4606/4606/2757 4595/4594/2745 4396/4397/2668
f 4396/4397/2668 4487/4486/2712 4606/4606/2757
f 4607/4607/2758 4597/4596/2747 4595/4594/2745
f 4595/4594/2745 4606/4606/2757 4607/4607/2758
f 4305/4306/2636 4252/4253/1323 4599/4599/2750
f 4599/4599/2750 4608/4608/2759 4305/4306/2636
f 4608/4608/2759 4599/4599/2750 4597/4596/2747
f 4597/4596/2747 4607/4607/2758 4608/4608/2759
f 4610/4609/2760 4609/4610/2761 4404/4404/1459
f 4404/4404/1459 4408/4409/2672 4610/4609/2760
f 4612/4611/2762 4611/4612/2763 4609/4610/2761
f 4609/4610/2761 4610/4609/2760 4612/4611/2762
f 4260/4260/1331 4256/4257/1327 4613/4613/2764
f 4613/4613/2764 4614/4614/2765 4260/4260/1331
f 4614/4614/2765 4613/4613/2764 4611/4612/2763
f 4611/4612/2763 4612/4611/2762 4614/4614/2765
f 4405/4405/1460 4404/4404/1459 4609/4610/2761
f 4609/4610/2761 4615/4615/2766 4405/4405/1460
f 4615/4615/2766 4609/4610/2761 4611/4612/2763
f 4611/4612/2763 4616/4616/2767 4615/4615/2766
f 4616/4616/2767 4611/4612/2763 4613/4613/2764
f 4613/4613/2764 4617/4617/2768 4616/4616/2767
f 4617/4617/2768 4613/4613/2764 4256/4257/1327
f 4256/4257/1327 4259/4256/1330 4617/4617/2768
f 4618/4618/2769 4610/4609/2760 4408/4409/2672
f 4408/4409/2672 4444/4445/1496 4618/4618/2769
f 4619/4619/1919 4612/4611/2762 4610/4609/2760
f 4610/4609/2760 4618/4618/2769 4619/4619/1919
f 4282/4282/1349 4260/4260/1331 4614/4614/2765
f 4614/4614/2765 4620/4620/2770 4282/4282/1349
f 4620/4620/2770 4614/4614/2765 4612/4611/2762
f 4612/4611/2762 4619/4619/1919 4620/4620/2770
s 228
f 4622/4621/2771 4621/4622/2772 4417/4418/2674
f 4417/4418/2674 4416/4417/1472 4622/4621/2771
f 4624/4623/2773 4623/4624/1884 4621/4622/2772
f 4621/4622/2772 4622/4621/2771 4624/4623/2773
f 4266/4267/1337 4269/4266/1340 4625/4625/2774
f 4625/4625/2774 4626/4626/2775 4266/4267/1337
f 4626/4626/2775 4625/4625/2774 4623/4624/1884
f 4623/4624/1884 4624/4623/2773 4626/4626/2775
s 227
f 4413/4413/2673 4412/4412/1467 4627/4627/2776
f 4627/4627/2776 4628/4628/2777 4413/4413/2673
f 4628/4628/2777 4627/4627/2776 4629/4629/1880
f 4629/4629/1880 4630/4630/2778 4628/4628/2777
f 4630/4630/2778 4629/4629/1880 4631/4631/2779
f 4631/4631/2779 4632/4632/2780 4630/4630/2778
f 4632/4632/2780 4631/4631/2779 4262/4263/1333
f 4262/4263/1333 4265/4262/1336 4632/4632/2780
s 228
f 4633/4633/2781 4622/4621/2771 4416/4417/1472
f 4416/4417/1472 4512/4513/1624 4633/4633/2781
f 4634/4634/2782 4624/4623/2773 4622/4621/2771
f 4622/4621/2771 4633/4633/2781 4634/4634/2782
f 4330/4330/1445 4266/4267/1337 4626/4626/2775
f 4626/4626/2775 4635/4635/2101 4330/4330/1445
f 4635/4635/2101 4626/4626/2775 4624/4623/2773
f 4624/4623/2773 4634/4634/2782 4635/4635/2101
f 4637/4636/2783 4636/4637/2784 4424/4424/1476
f 4424/4424/1476 4428/4429/1480 4637/4636/2783
f 4639/4638/2785 4638/4639/2786 4636/4637/2784
f 4636/4637/2784 4637/4636/2783 4639/4638/2785
f 4274/4274/2624 4270/4271/1341 4640/4640/2787
f 4640/4640/2787 4641/4641/2788 4274/4274/2624
f 4641/4641/2788 4640/4640/2787 4638/4639/2786
f 4638/4639/2786 4639/4638/2785 4641/4641/2788
f 4425/4425/1477 4424/4424/1476 4636/4637/2784
f 4636/4637/2784 4642/4642/2789 4425/4425/1477
f 4642/4642/2789 4636/4637/2784 4638/4639/2786
f 4638/4639/2786 4643/4643/2790 4642/4642/2789
f 4643/4643/2790 4638/4639/2786 4640/4640/2787
f 4640/4640/2787 4644/4644/2791 4643/4643/2790
f 4644/4644/2791 4640/4640/2787 4270/4271/1341
f 4270/4271/1341 4273/4270/2622 4644/4644/2791
f 4645/4645/2792 4637/4636/2783 4428/4429/1480
f 4428/4429/1480 4436/4437/1488 4645/4645/2792
f 4646/4646/2793 4639/4638/2785 4637/4636/2783
f 4637/4636/2783 4645/4645/2792 4646/4646/2793
f 4278/4278/1348 4274/4274/2624 4641/4641/2788
f 4641/4641/2788 4647/4647/2794 4278/4278/1348
f 4647/4647/2794 4641/4641/2788 4639/4638/2785
f 4639/4638/2785 4646/4646/2793 4647/4647/2794
s 227
f 4432/4432/2678 4413/4413/2673 4628/4628/2777
f 4628/4628/2777 4648/4648/2795 4432/4432/2678
f 4648/4648/2795 4628/4628/2777 4630/4630/2778
f 4630/4630/2778 4649/4649/2796 4648/4648/2795
f 4649/4649/2796 4630/4630/2778 4632/4632/2780
f 4632/4632/2780 4650/4650/2797 4649/4649/2796
f 4650/4650/2797 4632/4632/2780 4265/4262/1336
f 4265/4262/1336 4277/4276/1312 4650/4650/2797
s 228
f 4651/4651/2798 4645/4645/2792 4436/4437/1488
f 4436/4437/1488 4570/4571/1617 4651/4651/2798
f 4652/4652/2799 4646/4646/2793 4645/4645/2792
f 4645/4645/2792 4651/4651/2798 4652/4652/2799
f 4378/4378/1444 4278/4278/1348 4647/4647/2794
f 4647/4647/2794 4653/4653/2800 4378/4378/1444
f 4653/4653/2800 4647/4647/2794 4646/4646/2793
f 4646/4646/2793 4652/4652/2799 4653/4653/2800
f 4440/4440/2681 4393/4393/2667 4601/4601/2752
f 4601/4601/2752 4654/4654/2801 4440/4440/2681
f 4654/4654/2801 4601/4601/2752 4603/4603/2754
f 4603/4603/2754 4655/4655/2802 4654/4654/2801
f 4655/4655/2802 4603/4603/2754 4605/4605/2756
f 4605/4605/2756 4656/4656/2803 4655/4655/2802
f 4656/4656/2803 4605/4605/2756 4251/4248/1322
f 4251/4248/1322 4281/4280/1314 4656/4656/2803
s 227
f 4657/4657/2804 4618/4618/2769 4444/4445/1496
f 4444/4445/1496 4574/4575/1621 4657/4657/2804
f 4658/4658/2805 4619/4619/1919 4618/4618/2769
f 4618/4618/2769 4657/4657/2804 4658/4658/2805
f 4380/4380/1312 4282/4282/1349 4620/4620/2770
f 4620/4620/2770 4659/4659/1907 4380/4380/1312
f 4659/4659/1907 4620/4620/2770 4619/4619/1919
f 4619/4619/1919 4658/4658/2805 4659/4659/1907
f 4660/4660/2806 3741/3742/2300 3740/3741/2299
f 3740/3741/2299 4466/4466/2697 4660/4660/2806
f 4661/4661/2807 3744/3744/2302 3741/3742/2300
f 3741/3742/2300 4660/4660/2806 4661/4661/2807
f 4299/4298/1365 3748/3748/1350 3746/3746/2304
f 3746/3746/2304 4662/4662/2808 4299/4298/1365
f 4662/4662/2808 3746/3746/2304 3744/3744/2302
f 3744/3744/2302 4661/4661/2807 4662/4662/2808
f 4663/4663/2809 3747/3747/2305 3749/3749/1351
f 3749/3749/1351 4308/4309/1375 4663/4663/2809
f 4664/4664/2810 3745/3745/2303 3747/3747/2305
f 3747/3747/2305 4663/4663/2809 4664/4664/2810
f 4476/4476/2704 3743/3740/2298 3742/3743/2301
f 3742/3743/2301 4665/4665/2811 4476/4476/2704
f 4665/4665/2811 3742/3743/2301 3745/3745/2303
f 3745/3745/2303 4664/4664/2810 4665/4665/2811
f 4450/4450/2687 4405/4405/1460 4615/4615/2766
f 4615/4615/2766 4666/4666/2812 4450/4450/2687
f 4666/4666/2812 4615/4615/2766 4616/4616/2767
f 4616/4616/2767 4667/4667/2813 4666/4666/2812
f 4667/4667/2813 4616/4616/2767 4617/4617/2768
f 4617/4617/2768 4668/4668/2814 4667/4667/2813
f 4668/4668/2814 4617/4617/2768 4259/4256/1330
f 4259/4256/1330 4287/4286/1353 4668/4668/2814
f 4670/4669/2815 4669/4670/2816 4454/4454/1506
f 4454/4454/1506 4525/4525/1577 4670/4669/2815
f 4672/4671/2817 4671/4672/2818 4669/4670/2816
f 4669/4670/2816 4670/4669/2815 4672/4671/2817
f 4341/4338/2650 4288/4289/2628 4673/4673/2819
f 4673/4673/2819 4674/4674/2820 4341/4338/2650
f 4674/4674/2820 4673/4673/2819 4671/4672/2818
f 4671/4672/2818 4672/4671/2817 4674/4674/2820
f 4455/4455/1507 4454/4454/1506 4669/4670/2816
f 4669/4670/2816 4675/4675/2821 4455/4455/1507
f 4675/4675/2821 4669/4670/2816 4671/4672/2818
f 4671/4672/2818 4676/4676/2822 4675/4675/2821
f 4676/4676/2822 4671/4672/2818 4673/4673/2819
f 4673/4673/2819 4677/4677/2823 4676/4676/2822
f 4677/4677/2823 4673/4673/2819 4288/4289/2628
f 4288/4289/2628 4291/4288/1357 4677/4677/2823
f 4679/4678/2824 4678/4679/2825 4459/4459/2692
f 4459/4459/2692 4458/4458/2691 4679/4678/2824
f 4681/4680/2826 4680/4681/2827 4678/4679/2825
f 4678/4679/2825 4679/4678/2824 4681/4680/2826
f 4292/4293/1358 4295/4292/2631 4682/4682/2828
f 4682/4682/2828 4683/4683/2829 4292/4293/1358
f 4683/4683/2829 4682/4682/2828 4680/4681/2827
f 4680/4681/2827 4681/4680/2826 4683/4683/2829
f 4684/4684/2830 4679/4678/2824 4458/4458/2691
f 4458/4458/2691 4462/4462/2694 4684/4684/2830
f 4685/4685/2831 4681/4680/2826 4679/4678/2824
f 4679/4678/2824 4684/4684/2830 4685/4685/2831
f 4297/4296/1363 4292/4293/1358 4683/4683/2829
f 4683/4683/2829 4686/4686/2832 4297/4296/1363
f 4686/4686/2832 4683/4683/2829 4681/4680/2826
f 4681/4680/2826 4685/4685/2831 4686/4686/2832
f 4462/4462/2694 4450/4450/2687 4666/4666/2812
f 4666/4666/2812 4684/4684/2830 4462/4462/2694
f 4684/4684/2830 4666/4666/2812 4667/4667/2813
f 4667/4667/2813 4685/4685/2831 4684/4684/2830
f 4685/4685/2831 4667/4667/2813 4668/4668/2814
f 4668/4668/2814 4686/4686/2832 4685/4685/2831
f 4686/4686/2832 4668/4668/2814 4287/4286/1353
f 4287/4286/1353 4297/4296/1363 4686/4686/2832
f 4466/4466/2697 4455/4455/1507 4675/4675/2821
f 4675/4675/2821 4660/4660/2806 4466/4466/2697
f 4660/4660/2806 4675/4675/2821 4676/4676/2822
f 4676/4676/2822 4661/4661/2807 4660/4660/2806
f 4661/4661/2807 4676/4676/2822 4677/4677/2823
f 4677/4677/2823 4662/4662/2808 4661/4661/2807
f 4662/4662/2808 4677/4677/2823 4291/4288/1357
f 4291/4288/1357 4299/4298/1365 4662/4662/2808
f 4306/4307/1372 4305/4306/2636 4608/4608/2759
f 4608/4608/2759 4687/4687/2833 4306/4307/1372
f 4687/4687/2833 4608/4608/2759 4607/4607/2758
f 4607/4607/2758 4688/4688/2834 4687/4687/2833
f 4688/4688/2834 4607/4607/2758 4606/4606/2757
f 4606/4606/2757 4689/4689/2835 4688/4688/2834
f 4689/4689/2835 4606/4606/2757 4487/4486/2712
f 4487/4486/2712 4486/4487/1525 4689/4689/2835
s 228
f 4470/4470/1530 4425/4425/1477 4642/4642/2789
f 4642/4642/2789 4690/4690/2836 4470/4470/1530
f 4690/4690/2836 4642/4642/2789 4643/4643/2790
f 4643/4643/2790 4691/4691/2837 4690/4690/2836
f 4691/4691/2837 4643/4643/2790 4644/4644/2791
f 4644/4644/2791 4692/4692/2838 4691/4691/2837
f 4692/4692/2838 4644/4644/2791 4273/4270/2622
f 4273/4270/2622 4300/4301/1366 4692/4692/2838
f 4471/4471/2701 4470/4470/1530 4690/4690/2836
f 4690/4690/2836 4693/4693/2839 4471/4471/2701
f 4693/4693/2839 4690/4690/2836 4691/4691/2837
f 4691/4691/2837 4694/4694/2840 4693/4693/2839
f 4694/4694/2840 4691/4691/2837 4692/4692/2838
f 4692/4692/2838 4695/4695/2841 4694/4694/2840
f 4695/4695/2841 4692/4692/2838 4300/4301/1366
f 4300/4301/1366 4303/4300/1369 4695/4695/2841
s 227
f 4311/4308/2637 4306/4307/1372 4687/4687/2833
f 4687/4687/2833 4696/4696/2842 4311/4308/2637
f 4696/4696/2842 4687/4687/2833 4688/4688/2834
f 4688/4688/2834 4697/4697/2843 4696/4696/2842
f 4697/4697/2843 4688/4688/2834 4689/4689/2835
f 4689/4689/2835 4698/4698/2844 4697/4697/2843
f 4698/4698/2844 4689/4689/2835 4486/4487/1525
f 4486/4487/1525 4477/4477/2705 4698/4698/2844
f 4308/4309/1375 4311/4308/2637 4696/4696/2842
f 4696/4696/2842 4663/4663/2809 4308/4309/1375
f 4663/4663/2809 4696/4696/2842 4697/4697/2843
f 4697/4697/2843 4664/4664/2810 4663/4663/2809
f 4664/4664/2810 4697/4697/2843 4698/4698/2844
f 4698/4698/2844 4665/4665/2811 4664/4664/2810
f 4665/4665/2811 4698/4698/2844 4477/4477/2705
f 4477/4477/2705 4476/4476/2704 4665/4665/2811
f 4700/4699/2845 4699/4700/2846 4488/4488/1540
f 4488/4488/1540 4504/4505/2719 4700/4699/2845
f 4702/4701/2847 4701/4702/2848 4699/4700/2846
f 4699/4700/2846 4700/4699/2845 4702/4701/2847
f 4326/4326/2645 4312/4313/1378 4703/4703/2849
f 4703/4703/2849 4704/4704/2850 4326/4326/2645
f 4704/4704/2850 4703/4703/2849 4701/4702/2848
f 4701/4702/2848 4702/4701/2847 4704/4704/2850
f 4489/4489/1541 4488/4488/1540 4699/4700/2846
f 4699/4700/2846 4705/4705/2851 4489/4489/1541
f 4705/4705/2851 4699/4700/2846 4701/4702/2848
f 4701/4702/2848 4706/4706/1986 4705/4705/2851
f 4706/4706/1986 4701/4702/2848 4703/4703/2849
f 4703/4703/2849 4707/4707/2852 4706/4706/1986
f 4707/4707/2852 4703/4703/2849 4312/4313/1378
f 4312/4313/1378 4315/4312/1381 4707/4707/2852
f 4709/4708/2853 4708/4709/2854 4492/4492/1544
f 4492/4492/1544 4496/4497/1548 4709/4708/2853
f 4711/4710/2855 4710/4711/2856 4708/4709/2854
f 4708/4709/2854 4709/4708/2853 4711/4710/2855
f 4320/4320/1386 4316/4317/2641 4712/4712/2857
f 4712/4712/2857 4713/4713/2006 4320/4320/1386
f 4713/4713/2006 4712/4712/2857 4710/4711/2856
f 4710/4711/2856 4711/4710/2855 4713/4713/2006
f 4493/4493/2715 4492/4492/1544 4708/4709/2854
f 4708/4709/2854 4714/4714/2858 4493/4493/2715
f 4714/4714/2858 4708/4709/2854 4710/4711/2856
f 4710/4711/2856 4715/4715/2859 4714/4714/2858
f 4715/4715/2859 4710/4711/2856 4712/4712/2857
f 4712/4712/2857 4716/4716/2860 4715/4715/2859
f 4716/4716/2860 4712/4712/2857 4316/4317/2641
f 4316/4317/2641 4319/4316/1385 4716/4716/2860
f 4717/4717/2861 4709/4708/2853 4496/4497/1548
f 4496/4497/1548 4508/4509/1560 4717/4717/2861
f 4718/4718/2862 4711/4710/2855 4709/4708/2853
f 4709/4708/2853 4717/4717/2861 4718/4718/2862
f 4328/4328/2647 4320/4320/1386 4713/4713/2006
f 4713/4713/2006 4719/4719/2863 4328/4328/2647
f 4719/4719/2863 4713/4713/2006 4711/4710/2855
f 4711/4710/2855 4718/4718/2862 4719/4719/2863
f 4721/4720/2864 4720/4721/2865 4500/4500/1552
f 4500/4500/1552 4541/4541/1590 4721/4720/2864
f 4723/4722/2064 4722/4723/2866 4720/4721/2865
f 4720/4721/2865 4721/4720/2864 4723/4722/2064
f 4357/4354/1423 4322/4323/2643 4724/4724/2867
f 4724/4724/2867 4725/4725/2868 4357/4354/1423
f 4725/4725/2868 4724/4724/2867 4722/4723/2866
f 4722/4723/2866 4723/4722/2064 4725/4725/2868
f 4501/4501/2717 4500/4500/1552 4720/4721/2865
f 4720/4721/2865 4726/4726/2869 4501/4501/2717
f 4726/4726/2869 4720/4721/2865 4722/4723/2866
f 4722/4723/2866 4727/4727/2870 4726/4726/2869
f 4727/4727/2870 4722/4723/2866 4724/4724/2867
f 4724/4724/2867 4728/4728/2871 4727/4727/2870
f 4728/4728/2871 4724/4724/2867 4322/4323/2643
f 4322/4323/2643 4325/4322/1391 4728/4728/2871
f 4504/4505/2719 4493/4493/2715 4714/4714/2858
f 4714/4714/2858 4700/4699/2845 4504/4505/2719
f 4700/4699/2845 4714/4714/2858 4715/4715/2859
f 4715/4715/2859 4702/4701/2847 4700/4699/2845
f 4702/4701/2847 4715/4715/2859 4716/4716/2860
f 4716/4716/2860 4704/4704/2850 4702/4701/2847
f 4704/4704/2850 4716/4716/2860 4319/4316/1385
f 4319/4316/1385 4326/4326/2645 4704/4704/2850
f 4508/4509/1560 4501/4501/2717 4726/4726/2869
f 4726/4726/2869 4717/4717/2861 4508/4509/1560
f 4717/4717/2861 4726/4726/2869 4727/4727/2870
f 4727/4727/2870 4718/4718/2862 4717/4717/2861
f 4718/4718/2862 4727/4727/2870 4728/4728/2871
f 4728/4728/2871 4719/4719/2863 4718/4718/2862
f 4719/4719/2863 4728/4728/2871 4325/4322/1391
f 4325/4322/1391 4328/4328/2647 4719/4719/2863
s 228
f 4729/4729/2872 4633/4633/2781 4512/4513/1624
f 4512/4513/1624 4579/4579/1624 4729/4729/2872
f 4730/4730/2782 4634/4634/2782 4633/4633/2781
f 4633/4633/2781 4729/4729/2872 4730/4730/2782
f 4385/4382/1445 4330/4330/1445 4635/4635/2101
f 4635/4635/2101 4731/4731/2873 4385/4382/1445
f 4731/4731/2873 4635/4635/2101 4634/4634/2782
f 4634/4634/2782 4730/4730/2782 4731/4731/2873
f 4733/4732/2874 4732/4733/2875 4516/4516/2722
f 4516/4516/2722 4520/4521/1614 4733/4732/2874
f 4735/4734/2876 4734/4735/2877 4732/4733/2875
f 4732/4733/2875 4733/4732/2874 4735/4734/2876
f 4336/4336/1402 4332/4333/1398 4736/4736/2878
f 4736/4736/2878 4737/4737/2879 4336/4336/1402
f 4737/4737/2879 4736/4736/2878 4734/4735/2877
f 4734/4735/2877 4735/4734/2876 4737/4737/2879
f 4517/4517/2723 4516/4516/2722 4732/4733/2875
f 4732/4733/2875 4738/4738/2880 4517/4517/2723
f 4738/4738/2880 4732/4733/2875 4734/4735/2877
f 4734/4735/2877 4739/4739/2881 4738/4738/2880
f 4739/4739/2881 4734/4735/2877 4736/4736/2878
f 4736/4736/2878 4740/4740/2882 4739/4739/2881
f 4740/4740/2882 4736/4736/2878 4332/4333/1398
f 4332/4333/1398 4335/4332/1401 4740/4740/2882
f 4741/4741/2883 4733/4732/2874 4520/4521/1614
f 4520/4521/1614 4558/4559/2735 4741/4741/2883
f 4742/4742/2884 4735/4734/2876 4733/4732/2874
f 4733/4732/2874 4741/4741/2883 4742/4742/2884
f 4372/4372/1438 4336/4336/1402 4737/4737/2879
f 4737/4737/2879 4743/4743/2885 4372/4372/1438
f 4743/4743/2885 4737/4737/2879 4735/4734/2876
f 4735/4734/2876 4742/4742/2884 4743/4743/2885
s 227
f 4745/4744/2886 4744/4745/2887 4524/4524/1485
f 4524/4524/1485 4529/4529/1576 4745/4744/2886
f 4747/4746/2888 4746/4747/2889 4744/4745/2887
f 4744/4745/2887 4745/4744/2886 4747/4746/2888
f 4345/4342/1411 4338/4339/1404 4748/4748/2890
f 4748/4748/2890 4749/4749/2891 4345/4342/1411
f 4749/4749/2891 4748/4748/2890 4746/4747/2889
f 4746/4747/2889 4747/4746/2888 4749/4749/2891
f 4525/4525/1577 4524/4524/1485 4744/4745/2887
f 4744/4745/2887 4670/4669/2815 4525/4525/1577
f 4670/4669/2815 4744/4745/2887 4746/4747/2889
f 4746/4747/2889 4672/4671/2817 4670/4669/2815
f 4672/4671/2817 4746/4747/2889 4748/4748/2890
f 4748/4748/2890 4674/4674/2820 4672/4671/2817
f 4674/4674/2820 4748/4748/2890 4338/4339/1404
f 4338/4339/1404 4341/4338/2650 4674/4674/2820
f 4751/4750/2892 4750/4751/2893 4528/4528/2725
f 4528/4528/2725 4533/4533/1582 4751/4750/2892
f 4753/4752/2894 4752/4753/2895 4750/4751/2893
f 4750/4751/2893 4751/4750/2892 4753/4752/2894
f 4349/4346/1415 4342/4343/1408 4754/4754/2896
f 4754/4754/2896 4755/4755/2897 4349/4346/1415
f 4755/4755/2897 4754/4754/2896 4752/4753/2895
f 4752/4753/2895 4753/4752/2894 4755/4755/2897
f 4529/4529/1576 4528/4528/2725 4750/4751/2893
f 4750/4751/2893 4745/4744/2886 4529/4529/1576
f 4745/4744/2886 4750/4751/2893 4752/4753/2895
f 4752/4753/2895 4747/4746/2888 4745/4744/2886
f 4747/4746/2888 4752/4753/2895 4754/4754/2896
f 4754/4754/2896 4749/4749/2891 4747/4746/2888
f 4749/4749/2891 4754/4754/2896 4342/4343/1408
f 4342/4343/1408 4345/4342/1411 4749/4749/2891
f 4757/4756/2898 4756/4757/2899 4532/4532/1581
f 4532/4532/1581 4537/4537/1586 4757/4756/2898
f 4759/4758/2900 4758/4759/2901 4756/4757/2899
f 4756/4757/2899 4757/4756/2898 4759/4758/2900
f 4353/4350/1419 4346/4347/1412 4760/4760/2902
f 4760/4760/2902 4761/4761/2903 4353/4350/1419
f 4761/4761/2903 4760/4760/2902 4758/4759/2901
f 4758/4759/2901 4759/4758/2900 4761/4761/2903
f 4533/4533/1582 4532/4532/1581 4756/4757/2899
f 4756/4757/2899 4751/4750/2892 4533/4533/1582
f 4751/4750/2892 4756/4757/2899 4758/4759/2901
f 4758/4759/2901 4753/4752/2894 4751/4750/2892
f 4753/4752/2894 4758/4759/2901 4760/4760/2902
f 4760/4760/2902 4755/4755/2897 4753/4752/2894
f 4755/4755/2897 4760/4760/2902 4346/4347/1412
f 4346/4347/1412 4349/4346/1415 4755/4755/2897
f 4536/4536/1585 4489/4489/1541 4705/4705/2851
f 4705/4705/2851 4762/4762/2904 4536/4536/1585
f 4762/4762/2904 4705/4705/2851 4706/4706/1986
f 4706/4706/1986 4763/4763/2905 4762/4762/2904
f 4763/4763/2905 4706/4706/1986 4707/4707/2852
f 4707/4707/2852 4764/4764/2906 4763/4763/2905
f 4764/4764/2906 4707/4707/2852 4315/4312/1381
f 4315/4312/1381 4350/4351/2656 4764/4764/2906
f 4537/4537/1586 4536/4536/1585 4762/4762/2904
f 4762/4762/2904 4757/4756/2898 4537/4537/1586
f 4757/4756/2898 4762/4762/2904 4763/4763/2905
f 4763/4763/2905 4759/4758/2900 4757/4756/2898
f 4759/4758/2900 4763/4763/2905 4764/4764/2906
f 4764/4764/2906 4761/4761/2903 4759/4758/2900
f 4761/4761/2903 4764/4764/2906 4350/4351/2656
f 4350/4351/2656 4353/4350/1419 4761/4761/2903
f 4766/4765/2907 4765/4766/2908 4540/4540/1589
f 4540/4540/1589 4545/4545/2727 4766/4765/2907
f 4768/4767/2909 4767/4768/2910 4765/4766/2908
f 4765/4766/2908 4766/4765/2907 4768/4767/2909
f 4361/4358/1427 4354/4355/2659 4769/4769/2911
f 4769/4769/2911 4770/4770/2912 4361/4358/1427
f 4770/4770/2912 4769/4769/2911 4767/4768/2910
f 4767/4768/2910 4768/4767/2909 4770/4770/2912
f 4541/4541/1590 4540/4540/1589 4765/4766/2908
f 4765/4766/2908 4721/4720/2864 4541/4541/1590
f 4721/4720/2864 4765/4766/2908 4767/4768/2910
f 4767/4768/2910 4723/4722/2064 4721/4720/2864
f 4723/4722/2064 4767/4768/2910 4769/4769/2911
f 4769/4769/2911 4725/4725/2868 4723/4722/2064
f 4725/4725/2868 4769/4769/2911 4354/4355/2659
f 4354/4355/2659 4357/4354/1423 4725/4725/2868
f 4772/4771/2913 4771/4772/2914 4544/4544/1593
f 4544/4544/1593 4549/4549/2729 4772/4771/2913
f 4774/4773/2078 4773/4774/2915 4771/4772/2914
f 4771/4772/2914 4772/4771/2913 4774/4773/2078
f 4365/4362/1431 4358/4359/1424 4775/4775/2916
f 4775/4775/2916 4776/4776/2917 4365/4362/1431
f 4776/4776/2917 4775/4775/2916 4773/4774/2915
f 4773/4774/2915 4774/4773/2078 4776/4776/2917
f 4545/4545/2727 4544/4544/1593 4771/4772/2914
f 4771/4772/2914 4766/4765/2907 4545/4545/2727
f 4766/4765/2907 4771/4772/2914 4773/4774/2915
f 4773/4774/2915 4768/4767/2909 4766/4765/2907
f 4768/4767/2909 4773/4774/2915 4775/4775/2916
f 4775/4775/2916 4770/4770/2912 4768/4767/2909
f 4770/4770/2912 4775/4775/2916 4358/4359/1424
f 4358/4359/1424 4361/4358/1427 4770/4770/2912
f 4778/4777/2918 4777/4778/2919 4548/4548/2728
f 4548/4548/2728 4553/4553/2732 4778/4777/2918
f 4780/4779/2920 4779/4780/2921 4777/4778/2919
f 4777/4778/2919 4778/4777/2918 4780/4779/2920
f 4369/4366/1435 4362/4363/1428 4781/4781/2922
f 4781/4781/2922 4782/4782/2923 4369/4366/1435
f 4782/4782/2923 4781/4781/2922 4779/4780/2921
f 4779/4780/2921 4780/4779/2920 4782/4782/2923
f 4549/4549/2729 4548/4548/2728 4777/4778/2919
f 4777/4778/2919 4772/4771/2913 4549/4549/2729
f 4772/4771/2913 4777/4778/2919 4779/4780/2921
f 4779/4780/2921 4774/4773/2078 4772/4771/2913
f 4774/4773/2078 4779/4780/2921 4781/4781/2922
f 4781/4781/2922 4776/4776/2917 4774/4773/2078
f 4776/4776/2917 4781/4781/2922 4362/4363/1428
f 4362/4363/1428 4365/4362/1431 4776/4776/2917
f 4552/4552/2731 4459/4459/2692 4678/4679/2825
f 4678/4679/2825 4783/4783/2924 4552/4552/2731
f 4783/4783/2924 4678/4679/2825 4680/4681/2827
f 4680/4681/2827 4784/4784/2925 4783/4783/2924
f 4784/4784/2925 4680/4681/2827 4682/4682/2828
f 4682/4682/2828 4785/4785/2926 4784/4784/2925
f 4785/4785/2926 4682/4682/2828 4295/4292/2631
f 4295/4292/2631 4366/4367/2663 4785/4785/2926
f 4553/4553/2732 4552/4552/2731 4783/4783/2924
f 4783/4783/2924 4778/4777/2918 4553/4553/2732
f 4778/4777/2918 4783/4783/2924 4784/4784/2925
f 4784/4784/2925 4780/4779/2920 4778/4777/2918
f 4780/4779/2920 4784/4784/2925 4785/4785/2926
f 4785/4785/2926 4782/4782/2923 4780/4779/2920
f 4782/4782/2923 4785/4785/2926 4366/4367/2663
f 4366/4367/2663 4369/4366/1435 4782/4782/2923
s 228
f 4478/4479/1604 4471/4471/2701 4693/4693/2839
f 4693/4693/2839 4786/4786/2927 4478/4479/1604
f 4786/4786/2927 4693/4693/2839 4694/4694/2840
f 4694/4694/2840 4787/4787/2928 4786/4786/2927
f 4787/4787/2928 4694/4694/2840 4695/4695/2841
f 4695/4695/2841 4788/4788/2929 4787/4787/2928
f 4788/4788/2929 4695/4695/2841 4303/4300/1369
f 4303/4300/1369 4371/4371/1437 4788/4788/2929
f 4789/4789/2930 4741/4741/2883 4558/4559/2735
f 4558/4559/2735 4586/4587/2735 4789/4789/2930
f 4790/4790/2931 4742/4742/2884 4741/4741/2883
f 4741/4741/2883 4789/4789/2930 4790/4790/2931
f 4388/4388/1447 4372/4372/1438 4743/4743/2885
f 4743/4743/2885 4791/4791/2932 4388/4388/1447
f 4791/4791/2932 4743/4743/2885 4742/4742/2884
f 4742/4742/2884 4790/4790/2931 4791/4791/2932
f 4562/4562/2737 4478/4479/1604 4786/4786/2927
f 4786/4786/2927 4792/4792/2933 4562/4562/2737
f 4792/4792/2933 4786/4786/2927 4787/4787/2928
f 4787/4787/2928 4793/4793/2934 4792/4792/2933
f 4793/4793/2934 4787/4787/2928 4788/4788/2929
f 4788/4788/2929 4794/4794/2935 4793/4793/2934
f 4794/4794/2935 4788/4788/2929 4371/4371/1437
f 4371/4371/1437 4375/4374/1441 4794/4794/2935
f 4566/4566/1614 4562/4562/2737 4792/4792/2933
f 4792/4792/2933 4795/4795/2936 4566/4566/1614
f 4795/4795/2936 4792/4792/2933 4793/4793/2934
f 4793/4793/2934 4796/4796/2937 4795/4795/2936
f 4796/4796/2937 4793/4793/2934 4794/4794/2935
f 4794/4794/2935 4797/4797/2938 4796/4796/2937
f 4797/4797/2938 4794/4794/2935 4375/4374/1441
f 4375/4374/1441 4377/4376/1443 4797/4797/2938
f 4570/4571/1617 4440/4440/2681 4654/4654/2801
f 4654/4654/2801 4651/4651/2798 4570/4571/1617
f 4651/4651/2798 4654/4654/2801 4655/4655/2802
f 4655/4655/2802 4652/4652/2799 4651/4651/2798
f 4652/4652/2799 4655/4655/2802 4656/4656/2803
f 4656/4656/2803 4653/4653/2800 4652/4652/2799
f 4653/4653/2800 4656/4656/2803 4281/4280/1314
f 4281/4280/1314 4378/4378/1444 4653/4653/2800
s 227
f 4574/4575/1621 4432/4432/2678 4648/4648/2795
f 4648/4648/2795 4657/4657/2804 4574/4575/1621
f 4657/4657/2804 4648/4648/2795 4649/4649/2796
f 4649/4649/2796 4658/4658/2805 4657/4657/2804
f 4658/4658/2805 4649/4649/2796 4650/4650/2797
f 4650/4650/2797 4659/4659/1907 4658/4658/2805
f 4659/4659/1907 4650/4650/2797 4277/4276/1312
f 4277/4276/1312 4380/4380/1312 4659/4659/1907
s 228
f 4799/4798/2939 4798/4799/2939 4578/4578/1624
f 4578/4578/1624 4582/4583/1624 4799/4798/2939
f 4801/4800/2782 4800/4801/2940 4798/4799/2939
f 4798/4799/2939 4799/4798/2939 4801/4800/2782
f 4386/4386/1445 4382/4383/1445 4802/4802/2941
f 4802/4802/2941 4803/4803/2941 4386/4386/1445
f 4803/4803/2941 4802/4802/2941 4800/4801/2940
f 4800/4801/2940 4801/4800/2782 4803/4803/2941
f 4579/4579/1624 4578/4578/1624 4798/4799/2939
f 4798/4799/2939 4729/4729/2872 4579/4579/1624
f 4729/4729/2872 4798/4799/2939 4800/4801/2940
f 4800/4801/2940 4730/4730/2782 4729/4729/2872
f 4730/4730/2782 4800/4801/2940 4802/4802/2941
f 4802/4802/2941 4731/4731/2873 4730/4730/2782
f 4731/4731/2873 4802/4802/2941 4382/4383/1445
f 4382/4383/1445 4385/4382/1445 4731/4731/2873
f 4582/4583/1624 4517/4517/2723 4738/4738/2880
f 4738/4738/2880 4799/4798/2939 4582/4583/1624
f 4799/4798/2939 4738/4738/2880 4739/4739/2881
f 4739/4739/2881 4801/4800/2782 4799/4798/2939
f 4801/4800/2782 4739/4739/2881 4740/4740/2882
f 4740/4740/2882 4803/4803/2941 4801/4800/2782
f 4803/4803/2941 4740/4740/2882 4335/4332/1401
f 4335/4332/1401 4386/4386/1445 4803/4803/2941
f 4804/4804/2942 4789/4789/2930 4586/4587/2735
f 4586/4587/2735 4590/4591/1607 4804/4804/2942
f 4805/4805/2943 4790/4790/2931 4789/4789/2930
f 4789/4789/2930 4804/4804/2942 4805/4805/2943
f 4390/4390/1446 4388/4388/1447 4791/4791/2932
f 4791/4791/2932 4806/4806/2944 4390/4390/1446
f 4806/4806/2944 4791/4791/2932 4790/4790/2931
f 4790/4790/2931 4805/4805/2943 4806/4806/2944
f 4590/4591/1607 4566/4566/1614 4795/4795/2936
f 4795/4795/2936 4804/4804/2942 4590/4591/1607
f 4804/4804/2942 4795/4795/2936 4796/4796/2937
f 4796/4796/2937 4805/4805/2943 4804/4804/2942
f 4805/4805/2943 4796/4796/2937 4797/4797/2938
f 4797/4797/2938 4806/4806/2944 4805/4805/2943
f 4806/4806/2944 4797/4797/2938 4377/4376/1443
f 4377/4376/1443 4390/4390/1446 4806/4806/2944
f 4808/4807/2945 4807/4808/2946 4394/4394/1448
f 4394/4394/1448 4442/4443/1490 4808/4807/2945
f 4810/4809/2947 4809/4810/2948 4807/4808/2946
f 4807/4808/2946 4808/4807/2945 4810/4809/2947
f 4814/4811/1313 4811/4812/1321 4812/4813/2949
f 4812/4813/2949 4813/4814/2950 4814/4811/1313
f 4813/4814/2950 4812/4813/2949 4809/4810/2948
f 4809/4810/2948 4810/4809/2947 4813/4814/2950
f 4395/4395/1449 4394/4394/1448 4807/4808/2946
f 4807/4808/2946 4815/4815/2951 4395/4395/1449
f 4815/4815/2951 4807/4808/2946 4809/4810/2948
f 4809/4810/2948 4816/4816/2952 4815/4815/2951
f 4816/4816/2952 4809/4810/2948 4812/4813/2949
f 4812/4813/2949 4817/4817/2953 4816/4816/2952
f 4817/4817/2953 4812/4813/2949 4811/4812/1321
f 4811/4812/1321 4818/4818/1320 4817/4817/2953
s 227
f 4401/4402/2670 4400/4401/1449 4819/4819/2951
f 4819/4819/2951 4820/4820/2954 4401/4402/2670
f 4820/4820/2954 4819/4819/2951 4821/4821/2952
f 4821/4821/2952 4822/4822/2955 4820/4820/2954
f 4822/4822/2955 4821/4821/2952 4823/4823/2956
f 4823/4823/2956 4824/4824/2957 4822/4822/2955
f 4824/4824/2957 4823/4823/2956 4825/4825/2958
f 4825/4825/2958 4826/4826/1324 4824/4824/2957
f 4828/4827/2959 4827/4828/2960 4406/4406/1457
f 4406/4406/1457 4452/4453/2689 4828/4827/2959
f 4830/4829/2961 4829/4830/2962 4827/4828/2960
f 4827/4828/2960 4828/4827/2959 4830/4829/2961
f 4834/4831/1352 4831/4832/1329 4832/4833/2963
f 4832/4833/2963 4833/4834/2964 4834/4831/1352
f 4833/4834/2964 4832/4833/2963 4829/4830/2962
f 4829/4830/2962 4830/4829/2961 4833/4834/2964
f 4407/4407/1458 4406/4406/1457 4827/4828/2960
f 4827/4828/2960 4835/4835/2965 4407/4407/1458
f 4835/4835/2965 4827/4828/2960 4829/4830/2962
f 4829/4830/2962 4836/4836/2966 4835/4835/2965
f 4836/4836/2966 4829/4830/2962 4832/4833/2963
f 4832/4833/2963 4837/4837/2967 4836/4836/2966
f 4837/4837/2967 4832/4833/2963 4831/4832/1329
f 4831/4832/1329 4838/4838/1328 4837/4837/2967
f 4410/4410/1461 4407/4407/1458 4835/4835/2965
f 4835/4835/2965 4839/4839/2968 4410/4410/1461
f 4839/4839/2968 4835/4835/2965 4836/4836/2966
f 4836/4836/2966 4840/4840/2969 4839/4839/2968
f 4840/4840/2969 4836/4836/2966 4837/4837/2967
f 4837/4837/2967 4841/4841/2970 4840/4840/2969
f 4841/4841/2970 4837/4837/2967 4838/4838/1328
f 4838/4838/1328 4842/4842/2620 4841/4841/2970
f 4844/4843/2971 4843/4844/2972 4414/4414/1465
f 4414/4414/1465 4434/4435/1482 4844/4843/2971
f 4846/4845/2973 4845/4846/2974 4843/4844/2972
f 4843/4844/2972 4844/4843/2971 4846/4845/2973
f 4850/4847/1347 4847/4848/1335 4848/4849/2975
f 4848/4849/2975 4849/4850/2976 4850/4847/1347
f 4849/4850/2976 4848/4849/2975 4845/4846/2974
f 4845/4846/2974 4846/4845/2973 4849/4850/2976
f 4415/4415/1466 4414/4414/1465 4843/4844/2972
f 4843/4844/2972 4851/4851/2977 4415/4415/1466
f 4851/4851/2977 4843/4844/2972 4845/4846/2974
f 4845/4846/2974 4852/4852/2978 4851/4851/2977
f 4852/4852/2978 4845/4846/2974 4848/4849/2975
f 4848/4849/2975 4853/4853/2979 4852/4852/2978
f 4853/4853/2979 4848/4849/2975 4847/4848/1335
f 4847/4848/1335 4854/4854/1334 4853/4853/2979
s 228
f 4421/4422/2675 4420/4421/1466 4855/4855/2980
f 4855/4855/2980 4856/4856/2981 4421/4422/2675
f 4856/4856/2981 4855/4855/2980 4857/4857/2982
f 4857/4857/2982 4858/4858/2983 4856/4856/2981
f 4858/4858/2983 4857/4857/2982 4859/4859/2984
f 4859/4859/2984 4860/4860/2985 4858/4858/2983
f 4860/4860/2985 4859/4859/2984 4861/4861/1339
f 4861/4861/1339 4862/4862/2986 4860/4860/2985
f 4864/4863/2987 4863/4864/2988 4426/4426/1474
f 4426/4426/1474 4481/4480/2707 4864/4863/2987
f 4866/4865/2989 4865/4866/2990 4863/4864/2988
f 4863/4864/2988 4864/4863/2987 4866/4865/2989
f 4870/4867/1367 4867/4868/1343 4868/4869/2991
f 4868/4869/2991 4869/4870/2992 4870/4867/1367
f 4869/4870/2992 4868/4869/2991 4865/4866/2990
f 4865/4866/2990 4866/4865/2989 4869/4870/2992
f 4427/4427/2676 4426/4426/1474 4863/4864/2988
f 4863/4864/2988 4871/4871/2993 4427/4427/2676
f 4871/4871/2993 4863/4864/2988 4865/4866/2990
f 4865/4866/2990 4872/4872/2994 4871/4871/2993
f 4872/4872/2994 4865/4866/2990 4868/4869/2991
f 4868/4869/2991 4873/4873/2995 4872/4872/2994
f 4873/4873/2995 4868/4869/2991 4867/4868/1343
f 4867/4868/1343 4874/4874/1342 4873/4873/2995
f 4430/4430/2677 4427/4427/2676 4871/4871/2993
f 4871/4871/2993 4875/4875/2996 4430/4430/2677
f 4875/4875/2996 4871/4871/2993 4872/4872/2994
f 4872/4872/2994 4876/4876/2997 4875/4875/2996
f 4876/4876/2997 4872/4872/2994 4873/4873/2995
f 4873/4873/2995 4877/4877/2998 4876/4876/2997
f 4877/4877/2998 4873/4873/2995 4874/4874/1342
f 4874/4874/1342 4878/4878/2999 4877/4877/2998
s 227
f 4879/4879/3000 4844/4843/2971 4434/4435/1482
f 4434/4435/1482 4576/4576/1619 4879/4879/3000
f 4880/4880/3001 4846/4845/2973 4844/4843/2971
f 4844/4843/2971 4879/4879/3000 4880/4880/3001
f 4882/4881/1347 4850/4847/1347 4849/4850/2976
f 4849/4850/2976 4881/4882/3002 4882/4881/1347
f 4881/4882/3002 4849/4850/2976 4846/4845/2973
f 4846/4845/2973 4880/4880/3001 4881/4882/3002
s 228
f 4438/4438/2680 4430/4430/2677 4875/4875/2996
f 4875/4875/2996 4883/4883/3003 4438/4438/2680
f 4883/4883/3003 4875/4875/2996 4876/4876/2997
f 4876/4876/2997 4884/4884/3004 4883/4883/3003
f 4884/4884/3004 4876/4876/2997 4877/4877/2998
f 4877/4877/2998 4885/4885/3005 4884/4884/3004
f 4885/4885/3005 4877/4877/2998 4878/4878/2999
f 4878/4878/2999 4886/4886/1313 4885/4885/3005
f 4887/4887/3006 4808/4807/2945 4442/4443/1490
f 4442/4443/1490 4572/4572/2743 4887/4887/3006
f 4888/4888/3007 4810/4809/2947 4808/4807/2945
f 4808/4807/2945 4887/4887/3006 4888/4888/3007
f 4890/4889/1313 4814/4811/1313 4813/4814/2950
f 4813/4814/2950 4889/4890/3008 4890/4889/1313
f 4889/4890/3008 4813/4814/2950 4810/4809/2947
f 4810/4809/2947 4888/4888/3007 4889/4890/3008
s 227
f 4446/4446/1494 4410/4410/1461 4839/4839/2968
f 4839/4839/2968 4891/4891/3009 4446/4446/1494
f 4891/4891/3009 4839/4839/2968 4840/4840/2969
f 4840/4840/2969 4892/4892/1651 4891/4891/3009
f 4892/4892/1651 4840/4840/2969 4841/4841/2970
f 4841/4841/2970 4893/4893/3010 4892/4892/1651
f 4893/4893/3010 4841/4841/2970 4842/4842/2620
f 4842/4842/2620 4894/4894/1347 4893/4893/3010
f 4896/4895/3011 4895/4896/3012 4448/4448/2685
f 4448/4448/2685 4485/4482/2708 4896/4895/3011
f 4898/4897/3013 4897/4898/3014 4895/4896/3012
f 4895/4896/3012 4896/4895/3011 4898/4897/3013
f 4902/4899/1375 4899/4900/829 4900/4901/3015
f 4900/4901/3015 4901/4902/3016 4902/4899/1375
f 4901/4902/3016 4900/4901/3015 4897/4898/3014
f 4897/4898/3014 4898/4897/3013 4901/4902/3016
f 4449/4449/2686 4448/4448/2685 4895/4896/3012
f 4895/4896/3012 4903/4903/3017 4449/4449/2686
f 4903/4903/3017 4895/4896/3012 4897/4898/3014
f 4897/4898/3014 4904/4904/3018 4903/4903/3017
f 4904/4904/3018 4897/4898/3014 4900/4901/3015
f 4900/4901/3015 4905/4905/3019 4904/4904/3018
f 4905/4905/3019 4900/4901/3015 4899/4900/829
f 4899/4900/829 4906/4906/828 4905/4905/3019
f 4907/4907/3020 4828/4827/2959 4452/4453/2689
f 4452/4453/2689 4464/4465/2696 4907/4907/3020
f 4908/4908/3021 4830/4829/2961 4828/4827/2959
f 4828/4827/2959 4907/4907/3020 4908/4908/3021
f 4910/4909/1362 4834/4831/1352 4833/4834/2964
f 4833/4834/2964 4909/4910/3022 4910/4909/1362
f 4909/4910/3022 4833/4834/2964 4830/4829/2961
f 4830/4829/2961 4908/4908/3021 4909/4910/3022
f 4912/4911/3023 4911/4912/3024 4456/4456/1504
f 4456/4456/1504 4468/4469/2700 4912/4911/3023
f 4914/4913/3025 4913/4914/3026 4911/4912/3024
f 4911/4912/3024 4912/4911/3023 4914/4913/3025
f 4918/4915/1364 4915/4916/2630 4916/4917/3027
f 4916/4917/3027 4917/4918/3028 4918/4915/1364
f 4917/4918/3028 4916/4917/3027 4913/4914/3026
f 4913/4914/3026 4914/4913/3025 4917/4918/3028
f 4457/4457/2690 4456/4456/1504 4911/4912/3024
f 4911/4912/3024 4919/4919/3029 4457/4457/2690
f 4919/4919/3029 4911/4912/3024 4913/4914/3026
f 4913/4914/3026 4920/4920/3030 4919/4919/3029
f 4920/4920/3030 4913/4914/3026 4916/4917/3027
f 4916/4917/3027 4921/4921/3031 4920/4920/3030
f 4921/4921/3031 4916/4917/3027 4915/4916/2630
f 4915/4916/2630 4922/4922/1355 4921/4921/3031
f 4924/4923/3032 4923/4924/3033 4460/4460/1508
f 4460/4460/1508 4555/4555/2733 4924/4923/3032
f 4926/4925/3034 4925/4926/3035 4923/4924/3033
f 4923/4924/3033 4924/4923/3032 4926/4925/3034
f 4930/4927/1433 4927/4928/3036 4928/4929/3037
f 4928/4929/3037 4929/4930/3038 4930/4927/1433
f 4929/4930/3038 4928/4929/3037 4925/4926/3035
f 4925/4926/3035 4926/4925/3034 4929/4930/3038
f 4461/4461/2693 4460/4460/1508 4923/4924/3033
f 4923/4924/3033 4931/4931/3039 4461/4461/2693
f 4931/4931/3039 4923/4924/3033 4925/4926/3035
f 4925/4926/3035 4932/4932/3040 4931/4931/3039
f 4932/4932/3040 4925/4926/3035 4928/4929/3037
f 4928/4929/3037 4933/4933/3041 4932/4932/3040
f 4933/4933/3041 4928/4929/3037 4927/4928/3036
f 4927/4928/3036 4934/4934/1359 4933/4933/3041
f 4464/4465/2696 4461/4461/2693 4931/4931/3039
f 4931/4931/3039 4907/4907/3020 4464/4465/2696
f 4907/4907/3020 4931/4931/3039 4932/4932/3040
f 4932/4932/3040 4908/4908/3021 4907/4907/3020
f 4908/4908/3021 4932/4932/3040 4933/4933/3041
f 4933/4933/3041 4909/4910/3022 4908/4908/3021
f 4909/4910/3022 4933/4933/3041 4934/4934/1359
f 4934/4934/1359 4910/4909/1362 4909/4910/3022
f 4468/4469/2700 4449/4449/2686 4903/4903/3017
f 4903/4903/3017 4912/4911/3023 4468/4469/2700
f 4912/4911/3023 4903/4903/3017 4904/4904/3018
f 4904/4904/3018 4914/4913/3025 4912/4911/3023
f 4914/4913/3025 4904/4904/3018 4905/4905/3019
f 4905/4905/3019 4917/4918/3028 4914/4913/3025
f 4917/4918/3028 4905/4905/3019 4906/4906/828
f 4906/4906/828 4918/4915/1364 4917/4918/3028
s 228
f 4935/4935/3042 4864/4863/2987 4481/4480/2707
f 4481/4480/2707 4480/4481/1521 4935/4935/3042
f 4936/4936/3043 4866/4865/2989 4864/4863/2987
f 4864/4863/2987 4935/4935/3042 4936/4936/3043
f 4938/4937/2634 4870/4867/1367 4869/4870/2992
f 4869/4870/2992 4937/4938/3044 4938/4937/2634
f 4937/4938/3044 4869/4870/2992 4866/4865/2989
f 4866/4865/2989 4936/4936/3043 4937/4938/3044
f 4939/4939/3045 4935/4935/3042 4480/4481/1521
f 4480/4481/1521 4557/4557/1529 4939/4939/3045
f 4940/4940/3046 4936/4936/3043 4935/4935/3042
f 4935/4935/3042 4939/4939/3045 4940/4940/3046
f 4942/4941/2664 4938/4937/2634 4937/4938/3044
f 4937/4938/3044 4941/4942/3047 4942/4941/2664
f 4941/4942/3047 4937/4938/3044 4936/4936/3043
f 4936/4936/3043 4940/4940/3046 4941/4942/3047
s 227
f 4944/4943/3048 4943/4944/3049 4484/4485/2711
f 4484/4485/2711 4474/4475/2703 4944/4943/3048
f 4946/4945/3050 4945/4946/3051 4943/4944/3049
f 4943/4944/3049 4944/4943/3048 4946/4945/3050
f 4950/4947/3052 4947/4948/2639 4948/4949/3053
f 4948/4949/3053 4949/4950/3054 4950/4947/3052
f 4949/4950/3054 4948/4949/3053 4945/4946/3051
f 4945/4946/3051 4946/4945/3050 4949/4950/3054
f 4485/4482/2708 4484/4485/2711 4943/4944/3049
f 4943/4944/3049 4896/4895/3011 4485/4482/2708
f 4896/4895/3011 4943/4944/3049 4945/4946/3051
f 4945/4946/3051 4898/4897/3013 4896/4895/3011
f 4898/4897/3013 4945/4946/3051 4948/4949/3053
f 4948/4949/3053 4901/4902/3016 4898/4897/3013
f 4901/4902/3016 4948/4949/3053 4947/4948/2639
f 4947/4948/2639 4902/4899/1375 4901/4902/3016
s 228
f 4951/4951/3055 4939/4939/3045 4557/4557/1529
f 4557/4557/1529 4564/4565/2740 4951/4951/3055
f 4952/4952/3056 4940/4940/3046 4939/4939/3045
f 4939/4939/3045 4951/4951/3055 4952/4952/3056
f 4954/4953/1440 4942/4941/2664 4941/4942/3047
f 4941/4942/3047 4953/4954/3057 4954/4953/1440
f 4953/4954/3057 4941/4942/3047 4940/4940/3046
f 4940/4940/3046 4952/4952/3056 4953/4954/3057
s 227
f 4473/4474/1536 4401/4402/2670 4820/4820/2954
f 4820/4820/2954 4955/4955/3058 4473/4474/1536
f 4955/4955/3058 4820/4820/2954 4822/4822/2955
f 4822/4822/2955 4956/4956/3059 4955/4955/3058
f 4956/4956/3059 4822/4822/2955 4824/4824/2957
f 4824/4824/2957 4957/4957/3060 4956/4956/3059
f 4957/4957/3060 4824/4824/2957 4826/4826/1324
f 4826/4826/1324 4958/4958/3061 4957/4957/3060
f 4474/4475/2703 4473/4474/1536 4955/4955/3058
f 4955/4955/3058 4944/4943/3048 4474/4475/2703
f 4944/4943/3048 4955/4955/3058 4956/4956/3059
f 4956/4956/3059 4946/4945/3050 4944/4943/3048
f 4946/4945/3050 4956/4956/3059 4957/4957/3060
f 4957/4957/3060 4949/4950/3054 4946/4945/3050
f 4949/4950/3054 4957/4957/3060 4958/4958/3061
f 4958/4958/3061 4950/4947/3052 4949/4950/3054
f 4960/4959/3062 4959/4960/3063 4490/4490/2713
f 4490/4490/2713 4539/4539/1584 4960/4959/3062
f 4962/4961/3064 4961/4962/3065 4959/4960/3063
f 4959/4960/3063 4960/4959/3062 4962/4961/3064
f 4966/4963/1417 4963/4964/1380 4964/4965/3066
f 4964/4965/3066 4965/4966/3067 4966/4963/1417
f 4965/4966/3067 4964/4965/3066 4961/4962/3065
f 4961/4962/3065 4962/4961/3064 4965/4966/3067
f 4491/4491/2714 4490/4490/2713 4959/4960/3063
f 4959/4960/3063 4967/4967/3068 4491/4491/2714
f 4967/4967/3068 4959/4960/3063 4961/4962/3065
f 4961/4962/3065 4968/4968/3069 4967/4967/3068
f 4968/4968/3069 4961/4962/3065 4964/4965/3066
f 4964/4965/3066 4969/4969/3070 4968/4968/3069
f 4969/4969/3070 4964/4965/3066 4963/4964/1380
f 4963/4964/1380 4970/4970/3071 4969/4969/3070
f 4972/4971/3072 4971/4972/3073 4494/4494/1542
f 4494/4494/1542 4506/4506/2720 4972/4971/3072
f 4974/4973/3074 4973/4974/3075 4971/4972/3073
f 4971/4972/3073 4972/4971/3072 4974/4973/3074
f 4978/4975/1393 4975/4976/1384 4976/4977/3076
f 4976/4977/3076 4977/4978/3077 4978/4975/1393
f 4977/4978/3077 4976/4977/3076 4973/4974/3075
f 4973/4974/3075 4974/4973/3074 4977/4978/3077
f 4495/4495/1543 4494/4494/1542 4971/4972/3073
f 4971/4972/3073 4979/4979/3078 4495/4495/1543
f 4979/4979/3078 4971/4972/3073 4973/4974/3075
f 4973/4974/3075 4980/4980/3079 4979/4979/3078
f 4980/4980/3079 4973/4974/3075 4976/4977/3076
f 4976/4977/3076 4981/4981/3080 4980/4980/3079
f 4981/4981/3080 4976/4977/3076 4975/4976/1384
f 4975/4976/1384 4982/4982/1383 4981/4981/3080
f 4498/4498/2716 4495/4495/1543 4979/4979/3078
f 4979/4979/3078 4983/4983/3081 4498/4498/2716
f 4983/4983/3081 4979/4979/3078 4980/4980/3079
f 4980/4980/3079 4984/4984/3082 4983/4983/3081
f 4984/4984/3082 4980/4980/3079 4981/4981/3080
f 4981/4981/3080 4985/4985/3083 4984/4984/3082
f 4985/4985/3083 4981/4981/3080 4982/4982/1383
f 4982/4982/1383 4986/4986/1387 4985/4985/3083
f 4988/4987/3084 4987/4988/3085 4502/4502/1550
f 4502/4502/1550 4510/4510/2721 4988/4987/3084
f 4990/4989/3086 4989/4990/1759 4987/4988/3085
f 4987/4988/3085 4988/4987/3084 4990/4989/3086
f 4994/4991/1395 4991/4992/1390 4992/4993/3087
f 4992/4993/3087 4993/4994/3088 4994/4991/1395
f 4993/4994/3088 4992/4993/3087 4989/4990/1759
f 4989/4990/1759 4990/4989/3086 4993/4994/3088
f 4503/4503/1551 4502/4502/1550 4987/4988/3085
f 4987/4988/3085 4995/4995/3089 4503/4503/1551
f 4995/4995/3089 4987/4988/3085 4989/4990/1759
f 4989/4990/1759 4996/4996/3090 4995/4995/3089
f 4996/4996/3090 4989/4990/1759 4992/4993/3087
f 4992/4993/3087 4997/4997/3091 4996/4996/3090
f 4997/4997/3091 4992/4993/3087 4991/4992/1390
f 4991/4992/1390 4998/4998/1389 4997/4997/3091
f 4506/4506/2720 4491/4491/2714 4967/4967/3068
f 4967/4967/3068 4972/4971/3072 4506/4506/2720
f 4972/4971/3072 4967/4967/3068 4968/4968/3069
f 4968/4968/3069 4974/4973/3074 4972/4971/3072
f 4974/4973/3074 4968/4968/3069 4969/4969/3070
f 4969/4969/3070 4977/4978/3077 4974/4973/3074
f 4977/4978/3077 4969/4969/3070 4970/4970/3071
f 4970/4970/3071 4978/4975/1393 4977/4978/3077
f 4510/4510/2721 4498/4498/2716 4983/4983/3081
f 4983/4983/3081 4988/4987/3084 4510/4510/2721
f 4988/4987/3084 4983/4983/3081 4984/4984/3082
f 4984/4984/3082 4990/4989/3086 4988/4987/3084
f 4990/4989/3086 4984/4984/3082 4985/4985/3083
f 4985/4985/3083 4993/4994/3088 4990/4989/3086
f 4993/4994/3088 4985/4985/3083 4986/4986/1387
f 4986/4986/1387 4994/4991/1395 4993/4994/3088
s 228
f 4514/4514/1623 4421/4422/2675 4856/4856/2981
f 4856/4856/2981 4999/4999/3092 4514/4514/1623
f 4999/4999/3092 4856/4856/2981 4858/4858/2983
f 4858/4858/2983 5000/5000/3093 4999/4999/3092
f 5000/5000/3093 4858/4858/2983 4860/4860/2985
f 4860/4860/2985 5001/5001/3094 5000/5000/3093
f 5001/5001/3094 4860/4860/2985 4862/4862/2986
f 4862/4862/2986 5002/5002/1397 5001/5001/3094
f 5004/5003/3095 5003/5004/3096 4518/4518/2724
f 4518/4518/2724 4584/4584/1623 5004/5003/3095
f 5006/5005/1666 5005/5006/3097 5003/5004/3096
f 5003/5004/3096 5004/5003/3095 5006/5005/1666
f 5010/5007/1397 5007/5008/1400 5008/5009/3098
f 5008/5009/3098 5009/5010/3094 5010/5007/1397
f 5009/5010/3094 5008/5009/3098 5005/5006/3097
f 5005/5006/3097 5006/5005/1666 5009/5010/3094
f 4519/4519/1567 4518/4518/2724 5003/5004/3096
f 5003/5004/3096 5011/5011/3099 4519/4519/1567
f 5011/5011/3099 5003/5004/3096 5005/5006/3097
f 5005/5006/3097 5012/5012/3100 5011/5011/3099
f 5012/5012/3100 5005/5006/3097 5008/5009/3098
f 5008/5009/3098 5013/5013/3101 5012/5012/3100
f 5013/5013/3101 5008/5009/3098 5007/5008/1400
f 5007/5008/1400 5014/5014/1399 5013/5013/3101
f 4522/4522/1605 4519/4519/1567 5011/5011/3099
f 5011/5011/3099 5015/5015/3102 4522/4522/1605
f 5015/5015/3102 5011/5011/3099 5012/5012/3100
f 5012/5012/3100 5016/5016/3103 5015/5015/3102
f 5016/5016/3103 5012/5012/3100 5013/5013/3101
f 5013/5013/3101 5017/5017/3104 5016/5016/3103
f 5017/5017/3104 5013/5013/3101 5014/5014/1399
f 5014/5014/1399 5018/5018/1403 5017/5017/3104
s 227
f 4526/4526/1574 4457/4457/2690 4919/4919/3029
f 4919/4919/3029 5019/5019/3105 4526/4526/1574
f 5019/5019/3105 4919/4919/3029 4920/4920/3030
f 4920/4920/3030 5020/5020/1704 5019/5019/3105
f 5020/5020/1704 4920/4920/3030 4921/4921/3031
f 4921/4921/3031 5021/5021/1706 5020/5020/1704
f 5021/5021/1706 4921/4921/3031 4922/4922/1355
f 4922/4922/1355 5022/5022/1406 5021/5021/1706
f 4527/4527/1575 4526/4526/1574 5019/5019/3105
f 5019/5019/3105 5023/5023/3106 4527/4527/1575
f 5023/5023/3106 5019/5019/3105 5020/5020/1704
f 5020/5020/1704 5024/5024/3107 5023/5023/3106
f 5024/5024/3107 5020/5020/1704 5021/5021/1706
f 5021/5021/1706 5025/5025/3108 5024/5024/3107
f 5025/5025/3108 5021/5021/1706 5022/5022/1406
f 5022/5022/1406 5026/5026/1405 5025/5025/3108
f 4530/4530/1578 4527/4527/1575 5023/5023/3106
f 5023/5023/3106 5027/5027/3109 4530/4530/1578
f 5027/5027/3109 5023/5023/3106 5024/5024/3107
f 5024/5024/3107 5028/5028/3110 5027/5027/3109
f 5028/5028/3110 5024/5024/3107 5025/5025/3108
f 5025/5025/3108 5029/5029/1781 5028/5028/3110
f 5029/5029/1781 5025/5025/3108 5026/5026/1405
f 5026/5026/1405 5030/5030/1410 5029/5029/1781
f 4531/4531/1578 4530/4530/1578 5027/5027/3109
f 5027/5027/3109 5031/5031/3111 4531/4531/1578
f 5031/5031/3111 5027/5027/3109 5028/5028/3110
f 5028/5028/3110 5032/5032/3112 5031/5031/3111
f 5032/5032/3112 5028/5028/3110 5029/5029/1781
f 5029/5029/1781 5033/5033/3113 5032/5032/3112
f 5033/5033/3113 5029/5029/1781 5030/5030/1410
f 5030/5030/1410 5034/5034/3114 5033/5033/3113
f 4534/4534/1579 4531/4531/1578 5031/5031/3111
f 5031/5031/3111 5035/5035/3115 4534/4534/1579
f 5035/5035/3115 5031/5031/3111 5032/5032/3112
f 5032/5032/3112 5036/5036/3116 5035/5035/3115
f 5036/5036/3116 5032/5032/3112 5033/5033/3113
f 5033/5033/3113 5037/5037/3117 5036/5036/3116
f 5037/5037/3117 5033/5033/3113 5034/5034/3114
f 5034/5034/3114 5038/5038/1414 5037/5037/3117
f 4535/4535/1580 4534/4534/1579 5035/5035/3115
f 5035/5035/3115 5039/5039/3118 4535/4535/1580
f 5039/5039/3118 5035/5035/3115 5036/5036/3116
f 5036/5036/3116 5040/5040/3119 5039/5039/3118
f 5040/5040/3119 5036/5036/3116 5037/5037/3117
f 5037/5037/3117 5041/5041/3120 5040/5040/3119
f 5041/5041/3120 5037/5037/3117 5038/5038/1414
f 5038/5038/1414 5042/5042/1413 5041/5041/3120
f 4538/4538/1583 4535/4535/1580 5039/5039/3118
f 5039/5039/3118 5043/5043/3121 4538/4538/1583
f 5043/5043/3121 5039/5039/3118 5040/5040/3119
f 5040/5040/3119 5044/5044/3122 5043/5043/3121
f 5044/5044/3122 5040/5040/3119 5041/5041/3120
f 5041/5041/3120 5045/5045/3123 5044/5044/3122
f 5045/5045/3123 5041/5041/3120 5042/5042/1413
f 5042/5042/1413 5046/5046/1418 5045/5045/3123
f 4539/4539/1584 4538/4538/1583 5043/5043/3121
f 5043/5043/3121 4960/4959/3062 4539/4539/1584
f 4960/4959/3062 5043/5043/3121 5044/5044/3122
f 5044/5044/3122 4962/4961/3064 4960/4959/3062
f 4962/4961/3064 5044/5044/3122 5045/5045/3123
f 5045/5045/3123 4965/4966/3067 4962/4961/3064
f 4965/4966/3067 5045/5045/3123 5046/5046/1418
f 5046/5046/1418 4966/4963/1417 4965/4966/3067
f 4542/4542/1587 4503/4503/1551 4995/4995/3089
f 4995/4995/3089 5047/5047/3124 4542/4542/1587
f 5047/5047/3124 4995/4995/3089 4996/4996/3090
f 4996/4996/3090 5048/5048/3125 5047/5047/3124
f 5048/5048/3125 4996/4996/3090 4997/4997/3091
f 4997/4997/3091 5049/5049/3126 5048/5048/3125
f 5049/5049/3126 4997/4997/3091 4998/4998/1389
f 4998/4998/1389 5050/5050/1422 5049/5049/3126
f 4543/4543/2726 4542/4542/1587 5047/5047/3124
f 5047/5047/3124 5051/5051/3127 4543/4543/2726
f 5051/5051/3127 5047/5047/3124 5048/5048/3125
f 5048/5048/3125 5052/5052/3128 5051/5051/3127
f 5052/5052/3128 5048/5048/3125 5049/5049/3126
f 5049/5049/3126 5053/5053/3129 5052/5052/3128
f 5053/5053/3129 5049/5049/3126 5050/5050/1422
f 5050/5050/1422 5054/5054/3130 5053/5053/3129
f 4546/4546/1591 4543/4543/2726 5051/5051/3127
f 5051/5051/3127 5055/5055/3131 4546/4546/1591
f 5055/5055/3131 5051/5051/3127 5052/5052/3128
f 5052/5052/3128 5056/5056/3132 5055/5055/3131
f 5056/5056/3132 5052/5052/3128 5053/5053/3129
f 5053/5053/3129 5057/5057/3133 5056/5056/3132
f 5057/5057/3133 5053/5053/3129 5054/5054/3130
f 5054/5054/3130 5058/5058/1426 5057/5057/3133
f 4547/4547/1592 4546/4546/1591 5055/5055/3131
f 5055/5055/3131 5059/5059/3134 4547/4547/1592
f 5059/5059/3134 5055/5055/3131 5056/5056/3132
f 5056/5056/3132 5060/5060/3135 5059/5059/3134
f 5060/5060/3135 5056/5056/3132 5057/5057/3133
f 5057/5057/3133 5061/5061/1807 5060/5060/3135
f 5061/5061/1807 5057/5057/3133 5058/5058/1426
f 5058/5058/1426 5062/5062/1425 5061/5061/1807
f 4550/4550/2730 4547/4547/1592 5059/5059/3134
f 5059/5059/3134 5063/5063/3136 4550/4550/2730
f 5063/5063/3136 5059/5059/3134 5060/5060/3135
f 5060/5060/3135 5064/5064/3137 5063/5063/3136
f 5064/5064/3137 5060/5060/3135 5061/5061/1807
f 5061/5061/1807 5065/5065/3138 5064/5064/3137
f 5065/5065/3138 5061/5061/1807 5062/5062/1425
f 5062/5062/1425 5066/5066/1430 5065/5065/3138
f 4551/4551/1596 4550/4550/2730 5063/5063/3136
f 5063/5063/3136 5067/5067/3139 4551/4551/1596
f 5067/5067/3139 5063/5063/3136 5064/5064/3137
f 5064/5064/3137 5068/5068/3140 5067/5067/3139
f 5068/5068/3140 5064/5064/3137 5065/5065/3138
f 5065/5065/3138 5069/5069/3141 5068/5068/3140
f 5069/5069/3141 5065/5065/3138 5066/5066/1430
f 5066/5066/1430 5070/5070/1429 5069/5069/3141
f 4554/4554/1599 4551/4551/1596 5067/5067/3139
f 5067/5067/3139 5071/5071/3142 4554/4554/1599
f 5071/5071/3142 5067/5067/3139 5068/5068/3140
f 5068/5068/3140 5072/5072/3143 5071/5071/3142
f 5072/5072/3143 5068/5068/3140 5069/5069/3141
f 5069/5069/3141 5073/5073/3144 5072/5072/3143
f 5073/5073/3144 5069/5069/3141 5070/5070/1429
f 5070/5070/1429 5074/5074/1434 5073/5073/3144
f 4555/4555/2733 4554/4554/1599 5071/5071/3142
f 5071/5071/3142 4924/4923/3032 4555/4555/2733
f 4924/4923/3032 5071/5071/3142 5072/5072/3143
f 5072/5072/3143 4926/4925/3034 4924/4923/3032
f 4926/4925/3034 5072/5072/3143 5073/5073/3144
f 5073/5073/3144 4929/4930/3038 4926/4925/3034
f 4929/4930/3038 5073/5073/3144 5074/5074/1434
f 5074/5074/1434 4930/4927/1433 4929/4930/3038
s 228
f 4560/4560/2736 4522/4522/1605 5015/5015/3102
f 5015/5015/3102 5075/5075/3145 4560/4560/2736
f 5075/5075/3145 5015/5015/3102 5016/5016/3103
f 5016/5016/3103 5076/5076/3146 5075/5075/3145
f 5076/5076/3146 5016/5016/3103 5017/5017/3104
f 5017/5017/3104 5077/5077/3147 5076/5076/3146
f 5077/5077/3147 5017/5017/3104 5018/5018/1403
f 5018/5018/1403 5078/5078/1439 5077/5077/3147
f 5079/5079/3148 4951/4951/3055 4564/4565/2740
f 4564/4565/2740 4568/4569/2742 5079/5079/3148
f 5080/5080/3149 4952/4952/3056 4951/4951/3055
f 4951/4951/3055 5079/5079/3148 5080/5080/3149
f 5082/5081/1442 4954/4953/1440 4953/4954/3057
f 4953/4954/3057 5081/5082/3150 5082/5081/1442
f 5081/5082/3150 4953/4954/3057 4952/4952/3056
f 4952/4952/3056 5080/5080/3149 5081/5082/3150
f 5083/5083/3151 5079/5079/3148 4568/4569/2742
f 4568/4569/2742 4592/4592/2736 5083/5083/3151
f 5084/5084/3152 5080/5080/3149 5079/5079/3148
f 5079/5079/3148 5083/5083/3151 5084/5084/3152
f 5086/5085/1439 5082/5081/1442 5081/5082/3150
f 5081/5082/3150 5085/5086/3153 5086/5085/1439
f 5085/5086/3153 5081/5082/3150 5080/5080/3149
f 5080/5080/3149 5084/5084/3152 5085/5086/3153
f 4572/4572/2743 4438/4438/2680 4883/4883/3003
f 4883/4883/3003 4887/4887/3006 4572/4572/2743
f 4887/4887/3006 4883/4883/3003 4884/4884/3004
f 4884/4884/3004 4888/4888/3007 4887/4887/3006
f 4888/4888/3007 4884/4884/3004 4885/4885/3005
f 4885/4885/3005 4889/4890/3008 4888/4888/3007
f 4889/4890/3008 4885/4885/3005 4886/4886/1313
f 4886/4886/1313 4890/4889/1313 4889/4890/3008
s 227
f 4576/4576/1619 4446/4446/1494 4891/4891/3009
f 4891/4891/3009 4879/4879/3000 4576/4576/1619
f 4879/4879/3000 4891/4891/3009 4892/4892/1651
f 4892/4892/1651 4880/4880/3001 4879/4879/3000
f 4880/4880/3001 4892/4892/1651 4893/4893/3010
f 4893/4893/3010 4881/4882/3002 4880/4880/3001
f 4881/4882/3002 4893/4893/3010 4894/4894/1347
f 4894/4894/1347 4882/4881/1347 4881/4882/3002
s 228
f 4580/4580/1623 4514/4514/1623 4999/4999/3092
f 4999/4999/3092 5087/5087/3154 4580/4580/1623
f 5087/5087/3154 4999/4999/3092 5000/5000/3093
f 5000/5000/3093 5088/5088/3155 5087/5087/3154
f 5088/5088/3155 5000/5000/3093 5001/5001/3094
f 5001/5001/3094 5089/5089/3156 5088/5088/3155
f 5089/5089/3156 5001/5001/3094 5002/5002/1397
f 5002/5002/1397 5090/5090/1397 5089/5089/3156
f 4581/4581/1623 4580/4580/1623 5087/5087/3154
f 5087/5087/3154 5091/5091/3157 4581/4581/1623
f 5091/5091/3157 5087/5087/3154 5088/5088/3155
f 5088/5088/3155 5092/5092/3158 5091/5091/3157
f 5092/5092/3158 5088/5088/3155 5089/5089/3156
f 5089/5089/3156 5093/5093/3094 5092/5092/3158
f 5093/5093/3094 5089/5089/3156 5090/5090/1397
f 5090/5090/1397 5094/5094/1397 5093/5093/3094
f 4584/4584/1623 4581/4581/1623 5091/5091/3157
f 5091/5091/3157 5004/5003/3095 4584/4584/1623
f 5004/5003/3095 5091/5091/3157 5092/5092/3158
f 5092/5092/3158 5006/5005/1666 5004/5003/3095
f 5006/5005/1666 5092/5092/3158 5093/5093/3094
f 5093/5093/3094 5009/5010/3094 5006/5005/1666
f 5009/5010/3094 5093/5093/3094 5094/5094/1397
f 5094/5094/1397 5010/5007/1397 5009/5010/3094
f 4588/4588/2736 4560/4560/2736 5075/5075/3145
f 5075/5075/3145 5095/5095/3159 4588/4588/2736
f 5095/5095/3159 5075/5075/3145 5076/5076/3146
f 5076/5076/3146 5096/5096/3160 5095/5095/3159
f 5096/5096/3160 5076/5076/3146 5077/5077/3147
f 5077/5077/3147 5097/5097/3161 5096/5096/3160
f 5097/5097/3161 5077/5077/3147 5078/5078/1439
f 5078/5078/1439 5098/5098/1439 5097/5097/3161
f 4592/4592/2736 4588/4588/2736 5095/5095/3159
f 5095/5095/3159 5083/5083/3151 4592/4592/2736
f 5083/5083/3151 5095/5095/3159 5096/5096/3160
f 5096/5096/3160 5084/5084/3152 5083/5083/3151
f 5084/5084/3152 5096/5096/3160 5097/5097/3161
f 5097/5097/3161 5085/5086/3153 5084/5084/3152
f 5085/5086/3153 5097/5097/3161 5098/5098/1439
f 5098/5098/1439 5086/5085/1439 5085/5086/3153
s 227
f 5100/5099/3162 5099/5100/3163 4191/4192/1267
f 4191/4192/1267 4190/4191/1266 5100/5099/3162
f 5102/5101/3164 5101/5102/2308 5099/5100/3163
f 5099/5100/3163 5100/5099/3162 5102/5101/3164
f 4399/4396/1456 4398/4399/849 5103/5103/3165
f 5103/5103/3165 5104/5104/3166 4399/4396/1456
f 5104/5104/3166 5103/5103/3165 5101/5102/2308
f 5101/5102/2308 5102/5101/3164 5104/5104/3166
s 228
f 5105/5105/3167 3757/3757/2311 3759/3759/848
f 3759/3759/848 4441/4441/1493 5105/5105/3167
f 5106/5106/3168 3755/3755/2309 3757/3757/2311
f 3757/3757/2311 5105/5105/3167 5106/5106/3168
f 4206/4206/1281 3753/3750/841 3752/3753/2307
f 3752/3753/2307 5107/5107/3169 4206/4206/1281
f 5107/5107/3169 3752/3753/2307 3755/3755/2309
f 3755/3755/2309 5106/5106/3168 5107/5107/3169
f 5108/5108/3170 3761/3762/2313 3760/3761/832
f 3760/3761/832 4207/4207/1280 5108/5108/3170
f 5109/5109/3171 3764/3764/2315 3761/3762/2313
f 3761/3762/2313 5108/5108/3170 5109/5109/3171
f 4443/4442/2682 3768/3768/839 3766/3766/2317
f 3766/3766/2317 5110/5110/3172 4443/4442/2682
f 5110/5110/3172 3766/3766/2317 3764/3764/2315
f 3764/3764/2315 5109/5109/3171 5110/5110/3172
s 227
f 5112/5111/3173 5111/5112/3174 4403/4400/1454
f 4403/4400/1454 4402/4403/2671 5112/5111/3173
f 5114/5113/3175 5113/5114/3176 5111/5112/3174
f 5111/5112/3174 5112/5111/3173 5114/5113/3175
f 4193/4190/1265 4192/4193/1264 5115/5115/3177
f 5115/5115/3177 5116/5116/3178 4193/4190/1265
f 5116/5116/3178 5115/5115/3177 5113/5114/3176
f 5113/5114/3176 5114/5113/3175 5116/5116/3178
f 5117/5117/3179 3771/3772/2320 3770/3771/2319
f 3770/3771/2319 4194/4195/1269 5117/5117/3179
f 5118/5118/3180 3774/3774/2322 3771/3772/2320
f 3771/3772/2320 5117/5117/3179 5118/5118/3180
f 4409/4408/1464 3778/3778/2326 3776/3776/2324
f 3776/3776/2324 5119/5119/3181 4409/4408/1464
f 5119/5119/3181 3776/3776/2324 3774/3774/2322
f 3774/3774/2322 5118/5118/3180 5119/5119/3181
f 5120/5120/3182 3777/3777/2325 3779/3779/868
f 3779/3779/868 4451/4451/2688 5120/5120/3182
f 5121/5121/3183 3775/3775/2323 3777/3777/2325
f 3777/3777/2325 5120/5120/3182 5121/5121/3183
f 4210/4210/1285 3773/3770/861 3772/3773/2321
f 3772/3773/2321 5122/5122/3184 4210/4210/1285
f 5122/5122/3184 3772/3773/2321 3775/3775/2323
f 3775/3775/2323 5121/5121/3183 5122/5122/3184
f 5123/5123/3185 3781/3782/2329 3780/3781/2328
f 3780/3781/2328 4211/4211/1284 5123/5123/3185
f 5124/5124/3186 3784/3784/2331 3781/3782/2329
f 3781/3782/2329 5123/5123/3185 5124/5124/3186
f 4453/4452/1501 3788/3788/859 3786/3786/2333
f 3786/3786/2333 5125/5125/3187 4453/4452/1501
f 5125/5125/3187 3786/3786/2333 3784/3784/2331
f 3784/3784/2331 5124/5124/3186 5125/5125/3187
f 5126/5126/3188 3787/3787/2334 3789/3789/2335
f 3789/3789/2335 4411/4411/1462 5126/5126/3188
f 5127/5127/3189 3785/3785/2332 3787/3787/2334
f 3787/3787/2334 5126/5126/3188 5127/5127/3189
f 4195/4194/1268 3783/3780/2327 3782/3783/2330
f 3782/3783/2330 5128/5128/3190 4195/4194/1268
f 5128/5128/3190 3782/3783/2330 3785/3785/2332
f 3785/3785/2332 5127/5127/3189 5128/5128/3190
f 5129/5129/3191 5117/5117/3179 4194/4195/1269
f 4194/4195/1269 4208/4209/1283 5129/5129/3191
f 5130/5130/2137 5118/5118/3180 5117/5117/3179
f 5117/5117/3179 5129/5129/3191 5130/5130/2137
f 4445/4444/2683 4409/4408/1464 5119/5119/3181
f 5119/5119/3181 5131/5131/3192 4445/4444/2683
f 5131/5131/3192 5119/5119/3181 5118/5118/3180
f 5118/5118/3180 5130/5130/2137 5131/5131/3192
f 5132/5132/3193 5126/5126/3188 4411/4411/1462
f 4411/4411/1462 4447/4447/2684 5132/5132/3193
f 5133/5133/2134 5127/5127/3189 5126/5126/3188
f 5126/5126/3188 5132/5132/3193 5133/5133/2134
f 4209/4208/1282 4195/4194/1268 5128/5128/3190
f 5128/5128/3190 5134/5134/3194 4209/4208/1282
f 5134/5134/3194 5128/5128/3190 5127/5127/3189
f 5127/5127/3189 5133/5133/2134 5134/5134/3194
s 228
f 5136/5135/3195 5135/5136/3196 4197/4198/1273
f 4197/4198/1273 4196/4197/2614 5136/5135/3195
f 5138/5137/3197 5137/5138/3198 5135/5136/3196
f 5135/5136/3196 5136/5135/3195 5138/5137/3197
f 4419/4416/1473 4418/4419/889 5139/5139/3199
f 5139/5139/3199 5140/5140/3200 4419/4416/1473
f 5140/5140/3200 5139/5139/3199 5137/5138/3198
f 5137/5138/3198 5138/5137/3197 5140/5140/3200
s 227
f 5141/5141/3201 3797/3797/2341 3799/3799/2343
f 3799/3799/2343 4433/4433/2679 5141/5141/3201
f 5142/5142/3202 3795/3795/2339 3797/3797/2341
f 3797/3797/2341 5141/5141/3201 5142/5142/3202
f 4202/4202/1277 3793/3790/881 3792/3793/2337
f 3792/3793/2337 5143/5143/3203 4202/4202/1277
f 5143/5143/3203 3792/3793/2337 3795/3795/2339
f 3795/3795/2339 5142/5142/3202 5143/5143/3203
f 5144/5144/3204 3801/3802/2344 3800/3801/872
f 3800/3801/872 4203/4203/1276 5144/5144/3204
f 5145/5145/2144 3804/3804/2346 3801/3802/2344
f 3801/3802/2344 5144/5144/3204 5145/5145/2144
f 4435/4434/1575 3808/3808/879 3806/3806/2348
f 3806/3806/2348 5146/5146/3205 4435/4434/1575
f 5146/5146/3205 3806/3806/2348 3804/3804/2346
f 3804/3804/2346 5145/5145/2144 5146/5146/3205
s 228
f 5148/5147/3206 5147/5148/3207 4423/4420/878
f 4423/4420/878 4422/4423/1471 5148/5147/3206
f 5150/5149/3208 5149/5150/3209 5147/5148/3207
f 5147/5148/3207 5148/5147/3206 5150/5149/3208
f 4199/4196/1271 4198/4199/1270 5151/5151/3210
f 5151/5151/3210 5152/5152/3211 4199/4196/1271
f 5152/5152/3211 5151/5151/3210 5149/5150/3209
f 5149/5150/3209 5150/5149/3208 5152/5152/3211
f 5153/5153/3212 5136/5135/3195 4196/4197/2614
f 4196/4197/2614 4228/4229/1302 5153/5153/3212
f 5154/5154/3213 5138/5137/3197 5136/5135/3195
f 5136/5135/3195 5153/5153/3212 5154/5154/3213
f 4513/4512/1565 4419/4416/1473 5140/5140/3200
f 5140/5140/3200 5155/5155/3214 4513/4512/1565
f 5155/5155/3214 5140/5140/3200 5138/5137/3197
f 5138/5137/3197 5154/5154/3213 5155/5155/3214
f 5156/5156/3215 5148/5147/3206 4422/4423/1471
f 4422/4423/1471 4515/4515/1563 5156/5156/3215
f 5157/5157/3216 5150/5149/3208 5148/5147/3206
f 5148/5147/3206 5156/5156/3215 5157/5157/3216
f 4229/4228/1301 4199/4196/1271 5152/5152/3211
f 5152/5152/3211 5158/5158/3217 4229/4228/1301
f 5158/5158/3217 5152/5152/3211 5150/5149/3208
f 5150/5149/3208 5157/5157/3216 5158/5158/3217
f 5159/5159/3218 3811/3812/2350 3810/3811/902
f 3810/3811/902 4200/4201/2616 5159/5159/3218
f 5160/5160/3219 3814/3814/2352 3811/3812/2350
f 3811/3812/2350 5159/5159/3218 5160/5160/3219
f 4429/4428/1481 3818/3818/2356 3816/3816/2354
f 3816/3816/2354 5161/5161/3220 4429/4428/1481
f 5161/5161/3220 3816/3816/2354 3814/3814/2352
f 3814/3814/2352 5160/5160/3219 5161/5161/3220
f 5162/5162/3221 3827/3827/2364 3829/3829/898
f 3829/3829/898 4431/4431/1479 5162/5162/3221
f 5163/5163/3222 3825/3825/2362 3827/3827/2364
f 3827/3827/2364 5162/5162/3221 5163/5163/3222
f 4201/4200/2615 3823/3820/891 3822/3823/2360
f 3822/3823/2360 5164/5164/3223 4201/4200/2615
f 5164/5164/3223 3822/3823/2360 3825/3825/2362
f 3825/3825/2362 5163/5163/3222 5164/5164/3223
f 5165/5165/3224 5159/5159/3218 4200/4201/2616
f 4200/4201/2616 4204/4205/1279 5165/5165/3224
f 5166/5166/3225 5160/5160/3219 5159/5159/3218
f 5159/5159/3218 5165/5165/3224 5166/5166/3225
f 4437/4436/1489 4429/4428/1481 5161/5161/3220
f 5161/5161/3220 5167/5167/3226 4437/4436/1489
f 5167/5167/3226 5161/5161/3220 5160/5160/3219
f 5160/5160/3219 5166/5166/3225 5167/5167/3226
f 5168/5168/3227 5162/5162/3221 4431/4431/1479
f 4431/4431/1479 4439/4439/1487 5168/5168/3227
f 5169/5169/3228 5163/5163/3222 5162/5162/3221
f 5162/5162/3221 5168/5168/3227 5169/5169/3228
f 4205/4204/1278 4201/4200/2615 5164/5164/3223
f 5164/5164/3223 5170/5170/3229 4205/4204/1278
f 5170/5170/3229 5164/5164/3223 5163/5163/3222
f 5163/5163/3222 5169/5169/3228 5170/5170/3229
f 5171/5171/3230 5165/5165/3224 4204/4205/1279
f 4204/4205/1279 4238/4239/1312 5171/5171/3230
f 5172/5172/3231 5166/5166/3225 5165/5165/3224
f 5165/5165/3224 5171/5171/3230 5172/5172/3231
f 4571/4570/1618 4437/4436/1489 5167/5167/3226
f 5167/5167/3226 5173/5173/3232 4571/4570/1618
f 5173/5173/3232 5167/5167/3226 5166/5166/3225
f 5166/5166/3225 5172/5172/3231 5173/5173/3232
f 5174/5174/3233 5168/5168/3227 4439/4439/1487
f 4439/4439/1487 4573/4573/1616 5174/5174/3233
f 5175/5175/3234 5169/5169/3228 5168/5168/3227
f 5168/5168/3227 5174/5174/3233 5175/5175/3234
f 4239/4238/1311 4205/4204/1278 5170/5170/3229
f 5170/5170/3229 5176/5176/3235 4239/4238/1311
f 5176/5176/3235 5170/5170/3229 5169/5169/3228
f 5169/5169/3228 5175/5175/3234 5176/5176/3235
s 227
f 5177/5177/2184 5129/5129/3191 4208/4209/1283
f 4208/4209/1283 4240/4241/1314 5177/5177/2184
f 5178/5178/3236 5130/5130/2137 5129/5129/3191
f 5129/5129/3191 5177/5177/2184 5178/5178/3236
f 4575/4574/1622 4445/4444/2683 5131/5131/3192
f 5131/5131/3192 5179/5179/3237 4575/4574/1622
f 5179/5179/3237 5131/5131/3192 5130/5130/2137
f 5130/5130/2137 5178/5178/3236 5179/5179/3237
f 5180/5180/3238 5132/5132/3193 4447/4447/2684
f 4447/4447/2684 4577/4577/1620 5180/5180/3238
f 5181/5181/3239 5133/5133/2134 5132/5132/3193
f 5132/5132/3193 5180/5180/3238 5181/5181/3239
f 4241/4240/1313 4209/4208/1282 5134/5134/3194
f 5134/5134/3194 5182/5182/3240 4241/4240/1313
f 5182/5182/3240 5134/5134/3194 5133/5133/2134
f 5133/5133/2134 5181/5181/3239 5182/5182/3240
f 5183/5183/3241 3841/3842/2374 3840/3841/918
f 3840/3841/918 4218/4219/2432 5183/5183/3241
f 5184/5184/3242 3844/3844/2376 3841/3842/2374
f 3841/3842/2374 5183/5183/3241 5184/5184/3242
f 4482/4483/2709 3848/3848/2380 3846/3846/2378
f 3846/3846/2378 5185/5185/3243 4482/4483/2709
f 5185/5185/3243 3846/3846/2378 3844/3844/2376
f 3844/3844/2376 5184/5184/3242 5185/5185/3243
f 5186/5186/3244 5120/5120/3182 4451/4451/2688
f 4451/4451/2688 4463/4463/1515 5186/5186/3244
f 5187/5187/3245 5121/5121/3183 5120/5120/3182
f 5120/5120/3182 5186/5186/3244 5187/5187/3245
f 4212/4212/1287 4210/4210/1285 5122/5122/3184
f 5122/5122/3184 5188/5188/3246 4212/4212/1287
f 5188/5188/3246 5122/5122/3184 5121/5121/3183
f 5121/5121/3183 5187/5187/3245 5188/5188/3246
f 5189/5189/3247 5123/5123/3185 4211/4211/1284
f 4211/4211/1284 4213/4213/1286 5189/5189/3247
f 5190/5190/3248 5124/5124/3186 5123/5123/3185
f 5123/5123/3185 5189/5189/3247 5190/5190/3248
f 4465/4464/2695 4453/4452/1501 5125/5125/3187
f 5125/5125/3187 5191/5191/3249 4465/4464/2695
f 5191/5191/3249 5125/5125/3187 5124/5124/3186
f 5124/5124/3186 5190/5190/3248 5191/5191/3249
f 5192/5192/3250 3851/3852/2384 3850/3851/2383
f 3850/3851/2383 4467/4467/2698 5192/5192/3250
f 5193/5193/3251 3854/3854/2386 3851/3852/2384
f 3851/3852/2384 5192/5192/3250 5193/5193/3251
f 4214/4214/1289 3858/3858/2390 3856/3856/2388
f 3856/3856/2388 5194/5194/3252 4214/4214/1289
f 5194/5194/3252 3856/3856/2388 3854/3854/2386
f 3854/3854/2386 5193/5193/3251 5194/5194/3252
f 5195/5195/3253 3861/3862/2391 3860/3861/937
f 3860/3861/937 4215/4215/1288 5195/5195/3253
f 5196/5196/3254 3864/3864/2393 3861/3862/2391
f 3861/3862/2391 5195/5195/3253 5196/5196/3254
f 4469/4468/2699 3868/3868/2396 3866/3866/2395
f 3866/3866/2395 5197/5197/3255 4469/4468/2699
f 5197/5197/3255 3866/3866/2395 3864/3864/2393
f 3864/3864/2393 5196/5196/3254 5197/5197/3255
f 4463/4463/1515 3873/3870/2398 3872/3873/2400
f 3872/3873/2400 5186/5186/3244 4463/4463/1515
f 5186/5186/3244 3872/3873/2400 3875/3875/2402
f 3875/3875/2402 5187/5187/3245 5186/5186/3244
f 5187/5187/3245 3875/3875/2402 3877/3877/2404
f 3877/3877/2404 5188/5188/3246 5187/5187/3245
f 5188/5188/3246 3877/3877/2404 3879/3879/961
f 3879/3879/961 4212/4212/1287 5188/5188/3246
f 4213/4213/1286 3883/3880/958 3882/3883/2406
f 3882/3883/2406 5189/5189/3247 4213/4213/1286
f 5189/5189/3247 3882/3883/2406 3885/3885/2408
f 3885/3885/2408 5190/5190/3248 5189/5189/3247
f 5190/5190/3248 3885/3885/2408 3887/3887/2410
f 3887/3887/2410 5191/5191/3249 5190/5190/3248
f 5191/5191/3249 3887/3887/2410 3889/3889/951
f 3889/3889/951 4465/4464/2695 5191/5191/3249
f 4467/4467/2698 3833/3830/2366 3832/3833/2369
f 3832/3833/2369 5192/5192/3250 4467/4467/2698
f 5192/5192/3250 3832/3833/2369 3835/3835/2371
f 3835/3835/2371 5193/5193/3251 5192/5192/3250
f 5193/5193/3251 3835/3835/2371 3837/3837/2373
f 3837/3837/2373 5194/5194/3252 5193/5193/3251
f 5194/5194/3252 3837/3837/2373 3839/3839/919
f 3839/3839/919 4214/4214/1289 5194/5194/3252
f 4215/4215/1288 3843/3840/919 3842/3843/2375
f 3842/3843/2375 5195/5195/3253 4215/4215/1288
f 5195/5195/3253 3842/3843/2375 3845/3845/2377
f 3845/3845/2377 5196/5196/3254 5195/5195/3253
f 5196/5196/3254 3845/3845/2377 3847/3847/2379
f 3847/3847/2379 5197/5197/3255 5196/5196/3254
f 5197/5197/3255 3847/3847/2379 3849/3849/2381
f 3849/3849/2381 4469/4468/2699 5197/5197/3255
s 228
f 3890/3891/986 3813/3810/901 3812/3813/2351
f 3812/3813/2351 3891/3892/2411 3890/3891/986
f 3891/3892/2411 3812/3813/2351 3815/3815/2353
f 3815/3815/2353 3894/3894/2413 3891/3892/2411
f 3894/3894/2413 3815/3815/2353 3817/3817/2355
f 3817/3817/2355 3896/3896/2415 3894/3894/2413
f 3896/3896/2415 3817/3817/2355 3819/3819/2357
f 3819/3819/2357 3898/3898/980 3896/3896/2415
f 5198/5198/3256 3897/3897/2416 3899/3899/980
f 3899/3899/980 4479/4478/2706 5198/5198/3256
f 5199/5199/3257 3895/3895/2414 3897/3897/2416
f 3897/3897/2416 5198/5198/3256 5199/5199/3257
f 4216/4217/1290 3893/3890/987 3892/3893/2412
f 3892/3893/2412 5200/5200/3258 4216/4217/1290
f 5200/5200/3258 3892/3893/2412 3895/3895/2414
f 3895/3895/2414 5199/5199/3257 5200/5200/3258
f 3900/3901/977 3828/3828/2365 3826/3826/2363
f 3826/3826/2363 3901/3902/2417 3900/3901/977
f 3901/3902/2417 3826/3826/2363 3824/3824/2361
f 3824/3824/2361 3904/3904/2419 3901/3902/2417
f 3904/3904/2419 3824/3824/2361 3821/3822/2359
f 3821/3822/2359 3906/3906/2421 3904/3904/2419
f 3906/3906/2421 3821/3822/2359 3820/3821/2358
f 3820/3821/2358 3908/3908/970 3906/3906/2421
f 5201/5201/3259 3907/3907/2422 3909/3909/971
f 3909/3909/971 4217/4216/1291 5201/5201/3259
f 5202/5202/3260 3905/3905/2420 3907/3907/2422
f 3907/3907/2422 5201/5201/3259 5202/5202/3260
f 4556/4556/1528 3903/3900/978 3902/3903/2418
f 3902/3903/2418 5203/5203/3261 4556/4556/1528
f 5203/5203/3261 3902/3903/2418 3905/3905/2420
f 3905/3905/2420 5202/5202/3260 5203/5203/3261
s 227
f 3919/3919/2432 3838/3838/921 3836/3836/2372
f 3836/3836/2372 3917/3917/2430 3919/3919/2432
f 3917/3917/2430 3836/3836/2372 3834/3834/2370
f 3834/3834/2370 3915/3915/2428 3917/3917/2430
f 3915/3915/2428 3834/3834/2370 3831/3832/2368
f 3831/3832/2368 3912/3913/2426 3915/3915/2428
f 3912/3913/2426 3831/3832/2368 3830/3831/2367
f 3830/3831/2367 3913/3910/2423 3912/3913/2426
f 5205/5204/3262 5204/5205/3263 4219/4218/996
f 4219/4218/996 4221/4221/1007 5205/5204/3262
f 5207/5206/3264 5206/5207/3265 5204/5205/3263
f 5204/5205/3263 5205/5204/3262 5207/5206/3264
f 4475/4472/1000 4483/4484/2710 5208/5208/3266
f 5208/5208/3266 5209/5209/3267 4475/4472/1000
f 5209/5209/3267 5208/5208/3266 5206/5207/3265
f 5206/5207/3265 5207/5206/3264 5209/5209/3267
f 4218/4219/2432 4219/4218/996 5204/5205/3263
f 5204/5205/3263 5183/5183/3241 4218/4219/2432
f 5183/5183/3241 5204/5205/3263 5206/5207/3265
f 5206/5207/3265 5184/5184/3242 5183/5183/3241
f 5184/5184/3242 5206/5207/3265 5208/5208/3266
f 5208/5208/3266 5185/5185/3243 5184/5184/3242
f 5185/5185/3243 5208/5208/3266 4483/4484/2710
f 4483/4484/2710 4482/4483/2709 5185/5185/3243
f 3920/3921/2433 4399/4396/1456 5104/5104/3166
f 5104/5104/3166 3921/3922/2434 3920/3921/2433
f 3921/3922/2434 5104/5104/3166 5102/5101/3164
f 5102/5101/3164 3924/3924/2436 3921/3922/2434
f 3924/3924/2436 5102/5101/3164 5100/5099/3162
f 5100/5099/3162 3926/3926/2438 3924/3924/2436
f 3926/3926/2438 5100/5099/3162 4190/4191/1266
f 4190/4191/1266 3928/3928/1294 3926/3926/2438
f 3929/3929/1293 3918/3918/2431 3916/3916/2429
f 3916/3916/2429 3927/3927/2439 3929/3929/1293
f 3927/3927/2439 3916/3916/2429 3914/3914/2427
f 3914/3914/2427 3925/3925/2437 3927/3927/2439
f 3925/3925/2437 3914/3914/2427 3911/3912/2425
f 3911/3912/2425 3922/3923/2435 3925/3925/2437
f 3922/3923/2435 3911/3912/2425 3910/3911/2424
f 3910/3911/2424 3923/3920/1524 3922/3923/2435
f 4220/4220/1006 4193/4190/1265 5116/5116/3178
f 5116/5116/3178 5210/5210/3268 4220/4220/1006
f 5210/5210/3268 5116/5116/3178 5114/5113/3175
f 5114/5113/3175 5211/5211/3269 5210/5210/3268
f 5211/5211/3269 5114/5113/3175 5112/5111/3173
f 5112/5111/3173 5212/5212/3270 5211/5211/3269
f 5212/5212/3270 5112/5111/3173 4402/4403/2671
f 4402/4403/2671 4472/4473/2702 5212/5212/3270
f 4221/4221/1007 4220/4220/1006 5210/5210/3268
f 5210/5210/3268 5205/5204/3262 4221/4221/1007
f 5205/5204/3262 5210/5210/3268 5211/5211/3269
f 5211/5211/3269 5207/5206/3264 5205/5204/3262
f 5207/5206/3264 5211/5211/3269 5212/5212/3270
f 5212/5212/3270 5209/5209/3267 5207/5206/3264
f 5209/5209/3267 5212/5212/3270 4472/4473/2702
f 4472/4473/2702 4475/4472/1000 5209/5209/3267
f 5213/5213/3271 3937/3937/2444 3939/3939/1020
f 3939/3939/1020 4224/4225/1298 5213/5213/3271
f 5214/5214/3272 3935/3935/1023 3937/3937/2444
f 3937/3937/2444 5213/5213/3271 5214/5214/3272
f 4505/4504/2718 3933/3930/1027 3932/3933/2441
f 3932/3933/2441 5215/5215/3273 4505/4504/2718
f 5215/5215/3273 3932/3933/2441 3935/3935/1023
f 3935/3935/1023 5214/5214/3272 5215/5215/3273
f 5216/5216/3274 3947/3947/2450 3949/3949/1010
f 3949/3949/1010 4507/4507/1555 5216/5216/3274
f 5217/5217/3275 3945/3945/2448 3947/3947/2450
f 3947/3947/2450 5216/5216/3274 5217/5217/3275
f 4225/4224/1297 3943/3940/1017 3942/3943/2446
f 3942/3943/2446 5218/5218/3276 4225/4224/1297
f 5218/5218/3276 3942/3943/2446 3945/3945/2448
f 3945/3945/2448 5217/5217/3275 5218/5218/3276
f 5219/5219/3277 3951/3952/2451 3950/3951/1040
f 3950/3951/1040 4222/4223/1296 5219/5219/3277
f 5220/5220/3278 3954/3954/2453 3951/3952/2451
f 3951/3952/2451 5219/5219/3277 5220/5220/3278
f 4497/4496/1549 3958/3958/1047 3956/3956/2455
f 3956/3956/2455 5221/5221/3279 4497/4496/1549
f 5221/5221/3279 3956/3956/2455 3954/3954/2453
f 3954/3954/2453 5220/5220/3278 5221/5221/3279
f 5222/5222/3280 3967/3967/2462 3969/3969/1036
f 3969/3969/1036 4499/4499/1547 5222/5222/3280
f 5223/5223/2222 3965/3965/2461 3967/3967/2462
f 3967/3967/2462 5222/5222/3280 5223/5223/2222
f 4223/4222/1295 3963/3960/1029 3962/3963/2459
f 3962/3963/2459 5224/5224/3281 4223/4222/1295
f 5224/5224/3281 3962/3963/2459 3965/3965/2461
f 3965/3965/2461 5223/5223/2222 5224/5224/3281
f 5225/5225/3282 5219/5219/3277 4222/4223/1296
f 4222/4223/1296 4226/4227/1300 5225/5225/3282
f 5226/5226/2231 5220/5220/3278 5219/5219/3277
f 5219/5219/3277 5225/5225/3282 5226/5226/2231
f 4509/4508/1561 4497/4496/1549 5221/5221/3279
f 5221/5221/3279 5227/5227/3283 4509/4508/1561
f 5227/5227/3283 5221/5221/3279 5220/5220/3278
f 5220/5220/3278 5226/5226/2231 5227/5227/3283
f 5228/5228/3284 5222/5222/3280 4499/4499/1547
f 4499/4499/1547 4511/4511/1559 5228/5228/3284
f 5229/5229/3285 5223/5223/2222 5222/5222/3280
f 5222/5222/3280 5228/5228/3284 5229/5229/3285
f 4227/4226/1299 4223/4222/1295 5224/5224/3281
f 5224/5224/3281 5230/5230/3286 4227/4226/1299
f 5230/5230/3286 5224/5224/3281 5223/5223/2222
f 5223/5223/2222 5229/5229/3285 5230/5230/3286
f 4224/4225/1298 3953/3950/1039 3952/3953/2452
f 3952/3953/2452 5213/5213/3271 4224/4225/1298
f 5213/5213/3271 3952/3953/2452 3955/3955/2454
f 3955/3955/2454 5214/5214/3272 5213/5213/3271
f 5214/5214/3272 3955/3955/2454 3957/3957/2456
f 3957/3957/2456 5215/5215/3273 5214/5214/3272
f 5215/5215/3273 3957/3957/2456 3959/3959/2457
f 3959/3959/2457 4505/4504/2718 5215/5215/3273
f 4507/4507/1555 3968/3968/1037 3966/3966/1035
f 3966/3966/1035 5216/5216/3274 4507/4507/1555
f 5216/5216/3274 3966/3966/1035 3964/3964/2460
f 3964/3964/2460 5217/5217/3275 5216/5216/3274
f 5217/5217/3275 3964/3964/2460 3961/3962/2458
f 3961/3962/2458 5218/5218/3276 5217/5217/3275
f 5218/5218/3276 3961/3962/2458 3960/3961/1030
f 3960/3961/1030 4225/4224/1297 5218/5218/3276
f 4226/4227/1300 3973/3970/1059 3972/3973/2464
f 3972/3973/2464 5225/5225/3282 4226/4227/1300
f 5225/5225/3282 3972/3973/2464 3975/3975/2466
f 3975/3975/2466 5226/5226/2231 5225/5225/3282
f 5226/5226/2231 3975/3975/2466 3977/3977/2468
f 3977/3977/2468 5227/5227/3283 5226/5226/2231
f 5227/5227/3283 3977/3977/2468 3979/3979/1066
f 3979/3979/1066 4509/4508/1561 5227/5227/3283
f 4511/4511/1559 3988/3988/2475 3986/3986/2473
f 3986/3986/2473 5228/5228/3284 4511/4511/1559
f 5228/5228/3284 3986/3986/2473 3984/3984/1053
f 3984/3984/1053 5229/5229/3285 5228/5228/3284
f 5229/5229/3285 3984/3984/1053 3981/3982/2470
f 3981/3982/2470 5230/5230/3286 5229/5229/3285
f 5230/5230/3286 3981/3982/2470 3980/3981/1050
f 3980/3981/1050 4227/4226/1299 5230/5230/3286
s 228
f 5231/5231/3287 3997/3997/2482 3999/3999/1080
f 3999/3999/1080 4230/4231/1304 5231/5231/3287
f 5232/5232/3288 3995/3995/2480 3997/3997/2482
f 3997/3997/2482 5231/5231/3287 5232/5232/3288
f 4521/4520/1573 3993/3990/1087 3992/3993/2478
f 3992/3993/2478 5233/5233/3289 4521/4520/1573
f 5233/5233/3289 3992/3993/2478 3995/3995/2480
f 3995/3995/2480 5232/5232/3288 5233/5233/3289
f 5234/5234/3290 4007/4007/2488 4009/4009/1070
f 4009/4009/1070 4523/4523/1571 5234/5234/3290
f 5235/5235/3291 4005/4005/2486 4007/4007/2488
f 4007/4007/2488 5234/5234/3290 5235/5235/3291
f 4231/4230/1303 4003/4000/1077 4002/4003/2484
f 4002/4003/2484 5236/5236/3292 4231/4230/1303
f 5236/5236/3292 4002/4003/2484 4005/4005/2486
f 4005/4005/2486 5235/5235/3291 5236/5236/3292
f 5237/5237/3293 5231/5231/3287 4230/4231/1304
f 4230/4231/1304 4232/4233/1306 5237/5237/3293
f 5238/5238/3294 5232/5232/3288 5231/5231/3287
f 5231/5231/3287 5237/5237/3293 5238/5238/3294
f 4559/4558/2734 4521/4520/1573 5233/5233/3289
f 5233/5233/3289 5239/5239/3295 4559/4558/2734
f 5239/5239/3295 5233/5233/3289 5232/5232/3288
f 5232/5232/3288 5238/5238/3294 5239/5239/3295
f 5240/5240/3296 5234/5234/3290 4523/4523/1571
f 4523/4523/1571 4561/4561/1606 5240/5240/3296
f 5241/5241/3297 5235/5235/3291 5234/5234/3290
f 5234/5234/3290 5240/5240/3296 5241/5241/3297
f 4233/4232/1303 4231/4230/1303 5236/5236/3292
f 5236/5236/3292 5242/5242/2239 4233/4232/1303
f 5242/5242/2239 5236/5236/3292 5235/5235/3291
f 5235/5235/3291 5241/5241/3297 5242/5242/2239
s 227
f 4019/4019/2496 3853/3850/2382 3852/3853/2385
f 3852/3853/2385 4017/4017/2495 4019/4019/2496
f 4017/4017/2495 3852/3853/2385 3855/3855/2387
f 3855/3855/2387 4015/4015/2493 4017/4017/2495
f 4015/4015/2493 3855/3855/2387 3857/3857/2389
f 3857/3857/2389 4012/4013/2491 4015/4015/2493
f 4012/4013/2491 3857/3857/2389 3859/3859/941
f 3859/3859/941 4013/4010/1099 4012/4013/2491
f 4020/4021/2497 3863/3860/938 3862/3863/2392
f 3862/3863/2392 4021/4022/2498 4020/4021/2497
f 4021/4022/2498 3862/3863/2392 3865/3865/2394
f 3865/3865/2394 4024/4024/2500 4021/4022/2498
f 4024/4024/2500 3865/3865/2394 3867/3867/932
f 3867/3867/932 4026/4026/2502 4024/4024/2500
f 4026/4026/2502 3867/3867/932 3869/3869/2397
f 3869/3869/2397 4028/4028/1097 4026/4026/2502
f 4039/4039/2510 4018/4018/1107 4016/4016/2494
f 4016/4016/2494 4037/4037/2509 4039/4039/2510
f 4037/4037/2509 4016/4016/2494 4014/4014/2492
f 4014/4014/2492 4035/4035/2507 4037/4037/2509
f 4035/4035/2507 4014/4014/2492 4011/4012/2490
f 4011/4012/2490 4032/4033/2505 4035/4035/2507
f 4032/4033/2505 4011/4012/2490 4010/4011/1100
f 4010/4011/1100 4033/4030/1119 4032/4033/2505
f 4040/4041/1110 4023/4020/1089 4022/4023/2499
f 4022/4023/2499 4041/4042/2511 4040/4041/1110
f 4041/4042/2511 4022/4023/2499 4025/4025/2501
f 4025/4025/2501 4044/4044/2513 4041/4042/2511
f 4044/4044/2513 4025/4025/2501 4027/4027/2503
f 4027/4027/2503 4046/4046/2515 4044/4044/2513
f 4046/4046/2515 4027/4027/2503 4029/4029/931
f 4029/4029/931 4048/4048/2517 4046/4046/2515
f 4059/4059/2525 4038/4038/1127 4036/4036/2508
f 4036/4036/2508 4057/4057/2524 4059/4059/2525
f 4057/4057/2524 4036/4036/2508 4034/4034/2506
f 4034/4034/2506 4055/4055/2522 4057/4057/2524
f 4055/4055/2522 4034/4034/2506 4031/4032/2504
f 4031/4032/2504 4052/4053/2520 4055/4055/2522
f 4052/4053/2520 4031/4032/2504 4030/4031/1120
f 4030/4031/1120 4053/4050/1139 4052/4053/2520
f 4060/4061/1130 4043/4040/1109 4042/4043/2512
f 4042/4043/2512 4061/4062/2526 4060/4061/1130
f 4061/4062/2526 4042/4043/2512 4045/4045/2514
f 4045/4045/2514 4064/4064/2528 4061/4062/2526
f 4064/4064/2528 4045/4045/2514 4047/4047/2516
f 4047/4047/2516 4066/4066/2530 4064/4064/2528
f 4066/4066/2530 4047/4047/2516 4049/4049/2518
f 4049/4049/2518 4068/4068/1137 4066/4066/2530
f 4070/4071/1160 3938/3938/1019 3936/3936/2443
f 3936/3936/2443 4071/4072/2533 4070/4071/1160
f 4071/4072/2533 3936/3936/2443 3934/3934/2442
f 3934/3934/2442 4074/4074/2535 4071/4072/2533
f 4074/4074/2535 3934/3934/2442 3931/3932/2440
f 3931/3932/2440 4076/4076/2537 4074/4074/2535
f 4076/4076/2537 3931/3932/2440 3930/3931/1026
f 3930/3931/1026 4078/4078/2539 4076/4076/2537
f 4079/4079/2540 4058/4058/1147 4056/4056/2523
f 4056/4056/2523 4077/4077/2538 4079/4079/2540
f 4077/4077/2538 4056/4056/2523 4054/4054/2521
f 4054/4054/2521 4075/4075/2536 4077/4077/2538
f 4075/4075/2536 4054/4054/2521 4051/4052/2519
f 4051/4052/2519 4072/4073/2534 4075/4075/2536
f 4072/4073/2534 4051/4052/2519 4050/4051/1140
f 4050/4051/1140 4073/4070/1159 4072/4073/2534
f 4080/4081/1150 4063/4060/1129 4062/4063/2527
f 4062/4063/2527 4081/4082/2541 4080/4081/1150
f 4081/4082/2541 4062/4063/2527 4065/4065/2529
f 4065/4065/2529 4084/4084/2543 4081/4082/2541
f 4084/4084/2543 4065/4065/2529 4067/4067/2531
f 4067/4067/2531 4086/4086/2545 4084/4084/2543
f 4086/4086/2545 4067/4067/2531 4069/4069/2532
f 4069/4069/2532 4088/4088/2547 4086/4086/2545
f 4089/4089/1156 3948/3948/1009 3946/3946/2449
f 3946/3946/2449 4087/4087/2546 4089/4089/1156
f 4087/4087/2546 3946/3946/2449 3944/3944/2447
f 3944/3944/2447 4085/4085/2544 4087/4087/2546
f 4085/4085/2544 3944/3944/2447 3941/3942/2445
f 3941/3942/2445 4082/4083/2542 4085/4085/2544
f 4082/4083/2542 3941/3942/2445 3940/3941/1016
f 3940/3941/1016 4083/4080/1149 4082/4083/2542
f 4099/4099/2554 3978/3978/2469 3976/3976/2467
f 3976/3976/2467 4097/4097/2553 4099/4099/2554
f 4097/4097/2553 3976/3976/2467 3974/3974/2465
f 3974/3974/2465 4095/4095/2551 4097/4097/2553
f 4095/4095/2551 3974/3974/2465 3971/3972/2463
f 3971/3972/2463 4092/4093/2549 4095/4095/2551
f 4092/4093/2549 3971/3972/2463 3970/3971/1060
f 3970/3971/1060 4093/4090/1179 4092/4093/2549
f 4100/4101/1170 3983/3980/1049 3982/3983/2471
f 3982/3983/2471 4101/4102/2555 4100/4101/1170
f 4101/4102/2555 3982/3983/2471 3985/3985/2472
f 3985/3985/2472 4104/4104/2557 4101/4102/2555
f 4104/4104/2557 3985/3985/2472 3987/3987/2474
f 3987/3987/2474 4106/4106/2559 4104/4104/2557
f 4106/4106/2559 3987/3987/2474 3989/3989/1056
f 3989/3989/1056 4108/4108/1177 4106/4106/2559
f 4119/4119/1206 4098/4098/1187 4096/4096/2552
f 4096/4096/2552 4117/4117/2567 4119/4119/1206
f 4117/4117/2567 4096/4096/2552 4094/4094/2550
f 4094/4094/2550 4115/4115/2565 4117/4117/2567
f 4115/4115/2565 4094/4094/2550 4091/4092/2548
f 4091/4092/2548 4112/4113/2563 4115/4115/2565
f 4112/4113/2563 4091/4092/2548 4090/4091/1180
f 4090/4091/1180 4113/4110/1199 4112/4113/2563
f 4120/4121/1190 4103/4100/1169 4102/4103/2556
f 4102/4103/2556 4121/4122/2569 4120/4121/1190
f 4121/4122/2569 4102/4103/2556 4105/4105/2558
f 4105/4105/2558 4124/4124/2571 4121/4122/2569
f 4124/4124/2571 4105/4105/2558 4107/4107/2560
f 4107/4107/2560 4126/4126/2573 4124/4124/2571
f 4126/4126/2573 4107/4107/2560 4109/4109/2561
f 4109/4109/2561 4128/4128/2575 4126/4126/2573
f 4139/4139/1226 4118/4118/1207 4116/4116/2566
f 4116/4116/2566 4137/4137/2581 4139/4139/1226
f 4137/4137/2581 4116/4116/2566 4114/4114/2564
f 4114/4114/2564 4135/4135/1222 4137/4137/2581
f 4135/4135/1222 4114/4114/2564 4111/4112/2562
f 4111/4112/2562 4132/4133/2578 4135/4135/1222
f 4132/4133/2578 4111/4112/2562 4110/4111/1200
f 4110/4111/1200 4133/4130/1219 4132/4133/2578
f 4140/4141/1210 4123/4120/2568 4122/4123/2570
f 4122/4123/2570 4141/4142/2583 4140/4141/1210
f 4141/4142/2583 4122/4123/2570 4125/4125/2572
f 4125/4125/2572 4144/4144/2585 4141/4142/2583
f 4144/4144/2585 4125/4125/2572 4127/4127/2574
f 4127/4127/2574 4146/4146/2587 4144/4144/2585
f 4146/4146/2587 4127/4127/2574 4129/4129/2576
f 4129/4129/2576 4148/4148/2589 4146/4146/2587
f 4150/4151/1240 3878/3878/960 3876/3876/2403
f 3876/3876/2403 4151/4152/2590 4150/4151/1240
f 4151/4152/2590 3876/3876/2403 3874/3874/2401
f 3874/3874/2401 4154/4154/2592 4151/4152/2590
f 4154/4154/2592 3874/3874/2401 3871/3872/2399
f 3871/3872/2399 4156/4156/2594 4154/4154/2592
f 4156/4156/2594 3871/3872/2399 3870/3871/967
f 3870/3871/967 4158/4158/1247 4156/4156/2594
f 4159/4159/1246 4138/4138/1227 4136/4136/2580
f 4136/4136/2580 4157/4157/2595 4159/4159/1246
f 4157/4157/2595 4136/4136/2580 4134/4134/2579
f 4134/4134/2579 4155/4155/2593 4157/4157/2595
f 4155/4155/2593 4134/4134/2579 4131/4132/2577
f 4131/4132/2577 4152/4153/2591 4155/4155/2593
f 4152/4153/2591 4131/4132/2577 4130/4131/1220
f 4130/4131/1220 4153/4150/1239 4152/4153/2591
f 4160/4161/1230 4143/4140/2582 4142/4143/2584
f 4142/4143/2584 4161/4162/2596 4160/4161/1230
f 4161/4162/2596 4142/4143/2584 4145/4145/2586
f 4145/4145/2586 4164/4164/2598 4161/4162/2596
f 4164/4164/2598 4145/4145/2586 4147/4147/2588
f 4147/4147/2588 4166/4166/2600 4164/4164/2598
f 4166/4166/2600 4147/4147/2588 4149/4149/1216
f 4149/4149/1216 4168/4168/1237 4166/4166/2600
f 4169/4169/1236 3888/3888/950 3886/3886/2409
f 3886/3886/2409 4167/4167/2601 4169/4169/1236
f 4167/4167/2601 3886/3886/2409 3884/3884/2407
f 3884/3884/2407 4165/4165/2599 4167/4167/2601
f 4165/4165/2599 3884/3884/2407 3881/3882/2405
f 3881/3882/2405 4162/4163/2597 4165/4165/2599
f 4162/4163/2597 3881/3882/2405 3880/3881/957
f 3880/3881/957 4163/4160/1229 4162/4163/2597
s 228
f 5243/5243/3298 5198/5198/3256 4479/4478/2706
f 4479/4478/2706 4563/4563/2738 5243/5243/3298
f 5244/5244/3299 5199/5199/3257 5198/5198/3256
f 5198/5198/3256 5243/5243/3298 5244/5244/3299
f 4234/4234/2617 4216/4217/1290 5200/5200/3258
f 5200/5200/3258 5245/5245/3300 4234/4234/2617
f 5245/5245/3300 5200/5200/3258 5199/5199/3257
f 5199/5199/3257 5244/5244/3299 5245/5245/3300
f 5246/5246/3301 5201/5201/3259 4217/4216/1291
f 4217/4216/1291 4235/4235/1307 5246/5246/3301
f 5247/5247/3302 5202/5202/3260 5201/5201/3259
f 5201/5201/3259 5246/5246/3301 5247/5247/3302
f 4565/4564/2739 4556/4556/1528 5203/5203/3261
f 5203/5203/3261 5248/5248/3303 4565/4564/2739
f 5248/5248/3303 5203/5203/3261 5202/5202/3260
f 5202/5202/3260 5247/5247/3302 5248/5248/3303
f 5249/5249/3304 5237/5237/3293 4232/4233/1306
f 4232/4233/1306 4244/4245/1304 5249/5249/3304
f 5250/5250/3305 5238/5238/3294 5237/5237/3293
f 5237/5237/3293 5249/5249/3304 5250/5250/3305
f 4587/4586/2744 4559/4558/2734 5239/5239/3295
f 5239/5239/3295 5251/5251/3306 4587/4586/2744
f 5251/5251/3306 5239/5239/3295 5238/5238/3294
f 5238/5238/3294 5250/5250/3305 5251/5251/3306
f 5252/5252/3307 5240/5240/3296 4561/4561/1606
f 4561/4561/1606 4589/4589/1606 5252/5252/3307
f 5253/5253/3308 5241/5241/3297 5240/5240/3296
f 5240/5240/3296 5252/5252/3307 5253/5253/3308
f 4245/4244/1303 4233/4232/1303 5242/5242/2239
f 5242/5242/2239 5254/5254/3309 4245/4244/1303
f 5254/5254/3309 5242/5242/2239 5241/5241/3297
f 5241/5241/3297 5253/5253/3308 5254/5254/3309
f 5255/5255/3310 5243/5243/3298 4563/4563/2738
f 4563/4563/2738 4567/4567/1573 5255/5255/3310
f 5256/5256/3311 5244/5244/3299 5243/5243/3298
f 5243/5243/3298 5255/5255/3310 5256/5256/3311
f 4236/4236/1310 4234/4234/2617 5245/5245/3300
f 5245/5245/3300 5257/5257/3312 4236/4236/1310
f 5257/5257/3312 5245/5245/3300 5244/5244/3299
f 5244/5244/3299 5256/5256/3311 5257/5257/3312
f 5258/5258/3313 5246/5246/3301 4235/4235/1307
f 4235/4235/1307 4237/4237/1309 5258/5258/3313
f 5259/5259/3314 5247/5247/3302 5246/5246/3301
f 5246/5246/3301 5258/5258/3313 5259/5259/3314
f 4569/4568/2741 4565/4564/2739 5248/5248/3303
f 5248/5248/3303 5260/5260/3315 4569/4568/2741
f 5260/5260/3315 5248/5248/3303 5247/5247/3302
f 5247/5247/3302 5259/5259/3314 5260/5260/3315
f 4238/4239/1312 4206/4206/1281 5107/5107/3169
f 5107/5107/3169 5171/5171/3230 4238/4239/1312
f 5171/5171/3230 5107/5107/3169 5106/5106/3168
f 5106/5106/3168 5172/5172/3231 5171/5171/3230
f 5172/5172/3231 5106/5106/3168 5105/5105/3167
f 5105/5105/3167 5173/5173/3232 5172/5172/3231
f 5173/5173/3232 5105/5105/3167 4441/4441/1493
f 4441/4441/1493 4571/4570/1618 5173/5173/3232
f 4573/4573/1616 4443/4442/2682 5110/5110/3172
f 5110/5110/3172 5174/5174/3233 4573/4573/1616
f 5174/5174/3233 5110/5110/3172 5109/5109/3171
f 5109/5109/3171 5175/5175/3234 5174/5174/3233
f 5175/5175/3234 5109/5109/3171 5108/5108/3170
f 5108/5108/3170 5176/5176/3235 5175/5175/3234
f 5176/5176/3235 5108/5108/3170 4207/4207/1280
f 4207/4207/1280 4239/4238/1311 5176/5176/3235
s 227
f 4240/4241/1314 4202/4202/1277 5143/5143/3203
f 5143/5143/3203 5177/5177/2184 4240/4241/1314
f 5177/5177/2184 5143/5143/3203 5142/5142/3202
f 5142/5142/3202 5178/5178/3236 5177/5177/2184
f 5178/5178/3236 5142/5142/3202 5141/5141/3201
f 5141/5141/3201 5179/5179/3237 5178/5178/3236
f 5179/5179/3237 5141/5141/3201 4433/4433/2679
f 4433/4433/2679 4575/4574/1622 5179/5179/3237
f 4577/4577/1620 4435/4434/1575 5146/5146/3205
f 5146/5146/3205 5180/5180/3238 4577/4577/1620
f 5180/5180/3238 5146/5146/3205 5145/5145/2144
f 5145/5145/2144 5181/5181/3239 5180/5180/3238
f 5181/5181/3239 5145/5145/2144 5144/5144/3204
f 5144/5144/3204 5182/5182/3240 5181/5181/3239
f 5182/5182/3240 5144/5144/3204 4203/4203/1276
f 4203/4203/1276 4241/4240/1313 5182/5182/3240
s 228
f 4170/4171/1263 4513/4512/1565 5155/5155/3214
f 5155/5155/3214 4171/4172/2602 4170/4171/1263
f 4171/4172/2602 5155/5155/3214 5154/5154/3213
f 5154/5154/3213 4174/4174/2604 4171/4172/2602
f 4174/4174/2604 5154/5154/3213 5153/5153/3212
f 5153/5153/3212 4176/4176/2606 4174/4174/2604
f 4176/4176/2606 5153/5153/3212 4228/4229/1302
f 4228/4229/1302 4178/4178/1256 4176/4176/2606
f 5261/5261/3316 4177/4177/2607 4179/4179/1256
f 4179/4179/1256 4242/4243/1316 5261/5261/3316
f 5262/5262/3317 4175/4175/2605 4177/4177/2607
f 4177/4177/2607 5261/5261/3316 5262/5262/3317
f 4583/4582/1263 4173/4170/1263 4172/4173/2603
f 4172/4173/2603 5263/5263/3318 4583/4582/1263
f 5263/5263/3318 4172/4173/2603 4175/4175/2605
f 4175/4175/2605 5262/5262/3317 5263/5263/3318
f 4180/4181/1254 4229/4228/1301 5158/5158/3217
f 5158/5158/3217 4181/4182/2608 4180/4181/1254
f 4181/4182/2608 5158/5158/3217 5157/5157/3216
f 5157/5157/3216 4184/4184/2610 4181/4182/2608
f 4184/4184/2610 5157/5157/3216 5156/5156/3215
f 5156/5156/3215 4186/4186/2612 4184/4184/2610
f 4186/4186/2612 5156/5156/3215 4515/4515/1563
f 4515/4515/1563 4188/4188/1249 4186/4186/2612
f 5264/5264/3319 4187/4187/2613 4189/4189/1249
f 4189/4189/1249 4585/4585/1249 5264/5264/3319
f 5265/5265/3320 4185/4185/2611 4187/4187/2613
f 4187/4187/2613 5264/5264/3319 5265/5265/3320
f 4243/4242/1315 4183/4180/1254 4182/4183/2609
f 4182/4183/2609 5266/5266/3321 4243/4242/1315
f 5266/5266/3321 4182/4183/2609 4185/4185/2611
f 4185/4185/2611 5265/5265/3320 5266/5266/3321
f 4242/4243/1316 3998/3998/1256 3996/3996/2481
f 3996/3996/2481 5261/5261/3316 4242/4243/1316
f 5261/5261/3316 3996/3996/2481 3994/3994/2479
f 3994/3994/2479 5262/5262/3317 5261/5261/3316
f 5262/5262/3317 3994/3994/2479 3991/3992/2477
f 3991/3992/2477 5263/5263/3318 5262/5262/3317
f 5263/5263/3318 3991/3992/2477 3990/3991/2476
f 3990/3991/2476 4583/4582/1263 5263/5263/3318
f 4585/4585/1249 4008/4008/2489 4006/4006/2487
f 4006/4006/2487 5264/5264/3319 4585/4585/1249
f 5264/5264/3319 4006/4006/2487 4004/4004/2485
f 4004/4004/2485 5265/5265/3320 5264/5264/3319
f 5265/5265/3320 4004/4004/2485 4001/4002/2483
f 4001/4002/2483 5266/5266/3321 5265/5265/3320
f 5266/5266/3321 4001/4002/2483 4000/4001/1076
f 4000/4001/1076 4243/4242/1315 5266/5266/3321
f 5267/5267/3322 5249/5249/3304 4244/4245/1304
f 4244/4245/1304 4246/4247/1318 5267/5267/3322
f 5268/5268/3323 5250/5250/3305 5249/5249/3304
f 5249/5249/3304 5267/5267/3322 5268/5268/3323
f 4591/4590/2734 4587/4586/2744 5251/5251/3306
f 5251/5251/3306 5269/5269/3324 4591/4590/2734
f 5269/5269/3324 5251/5251/3306 5250/5250/3305
f 5250/5250/3305 5268/5268/3323 5269/5269/3324
f 5270/5270/3325 5252/5252/3307 4589/4589/1606
f 4589/4589/1606 4593/4593/1606 5270/5270/3325
f 5271/5271/3326 5253/5253/3308 5252/5252/3307
f 5252/5252/3307 5270/5270/3325 5271/5271/3326
f 4247/4246/1317 4245/4244/1303 5254/5254/3309
f 5254/5254/3309 5272/5272/3327 4247/4246/1317
f 5272/5272/3327 5254/5254/3309 5253/5253/3308
f 5253/5253/3308 5271/5271/3326 5272/5272/3327
f 4246/4247/1318 4236/4236/1310 5257/5257/3312
f 5257/5257/3312 5267/5267/3322 4246/4247/1318
f 5267/5267/3322 5257/5257/3312 5256/5256/3311
f 5256/5256/3311 5268/5268/3323 5267/5267/3322
f 5268/5268/3323 5256/5256/3311 5255/5255/3310
f 5255/5255/3310 5269/5269/3324 5268/5268/3323
f 5269/5269/3324 5255/5255/3310 4567/4567/1573
f 4567/4567/1573 4591/4590/2734 5269/5269/3324
f 4593/4593/1606 4569/4568/2741 5260/5260/3315
f 5260/5260/3315 5270/5270/3325 4593/4593/1606
f 5270/5270/3325 5260/5260/3315 5259/5259/3314
f 5259/5259/3314 5271/5271/3326 5270/5270/3325
f 5271/5271/3326 5259/5259/3314 5258/5258/3313
f 5258/5258/3313 5272/5272/3327 5271/5271/3326
f 5272/5272/3327 5258/5258/3313 4237/4237/1309
f 4237/4237/1309 4247/4246/1317 5272/5272/3327
s 229
g defaultMaterial_wood_01
usemtl wood_01
f 5276/5273/3328 5273/5274/3329 5274/5275/3330
f 5274/5275/3330 5275/5276/3331 5276/5273/3328
f 5280/5277/3332 5277/5278/3333 5278/5279/3334
f 5278/5279/3334 5279/5280/3335 5280/5277/3332
s 230
f 5284/5281/3336 5281/5282/3337 5282/5283/3337
f 5282/5283/3337 5283/5284/3336 5284/5281/3336
s 231
f 5288/5285/3338 5285/5286/3339 5286/5287/3339
f 5286/5287/3339 5287/5288/3338 5288/5285/3338
s 232
f 5292/5289/3340 5289/5290/3341 5290/5291/3341
f 5290/5291/3341 5291/5292/3342 5292/5289/3340
s 233
f 5296/5293/3343 5293/5294/3344 5294/5295/3345
f 5294/5295/3345 5295/5296/3343 5296/5293/3343
s 234
f 5300/5297/3346 5297/5298/3347 5298/5299/3347
f 5298/5299/3347 5299/5300/3346 5300/5297/3346
s 235
f 5304/5301/3348 5301/5302/3349 5302/5303/3350
f 5302/5303/3350 5303/5304/3348 5304/5301/3348
s 236
f 5308/5305/3351 5305/5306/3352 5306/5307/3352
f 5306/5307/3352 5307/5308/3351 5308/5305/3351
s 237
f 5312/5309/3353 5309/5310/3354 5310/5311/3354
f 5310/5311/3354 5311/5312/3355 5312/5309/3353
s 238
f 5316/5313/3356 5313/5314/3357 5314/5315/3358
f 5314/5315/3358 5315/5316/3359 5316/5313/3356
s 239
f 5320/5317/3360 5317/5318/3361 5318/5319/3362
f 5318/5319/3362 5319/5320/3363 5320/5317/3360
s 240
f 5324/5321/3364 5321/5322/3365 5322/5323/3365
f 5322/5323/3365 5323/5324/3364 5324/5321/3364
s 241
f 5328/5325/3366 5325/5326/3367 5326/5327/3367
f 5326/5327/3367 5327/5328/3366 5328/5325/3366
s 242
f 5332/5329/3368 5329/5330/3369 5330/5331/3370
f 5330/5331/3370 5331/5332/3368 5332/5329/3368
s 243
f 5336/5333/3371 5333/5334/3372 5334/5335/3372
f 5334/5335/3372 5335/5336/3373 5336/5333/3371
s 244
f 5340/5337/3374 5337/5338/3375 5338/5339/3375
f 5338/5339/3375 5339/5340/3374 5340/5337/3374
s 245
f 5344/5341/3376 5341/5342/3370 5342/5343/3370
f 5342/5343/3370 5343/5344/3376 5344/5341/3376
s 246
f 5348/5345/3377 5345/5346/3378 5346/5347/3379
f 5346/5347/3379 5347/5348/3380 5348/5345/3377
s 229
f 5352/5349/3381 5349/5350/3382 5350/5351/3383
f 5350/5351/3383 5351/5352/3384 5352/5349/3381
f 5354/5353/3385 5276/5273/3328 5275/5276/3331
f 5275/5276/3331 5353/5354/3386 5354/5353/3385
f 5358/5355/3387 5355/5356/3388 5356/5357/3389
f 5356/5357/3389 5357/5358/3390 5358/5355/3387
f 5362/5359/3391 5359/5360/3392 5360/5361/3393
f 5360/5361/3393 5361/5362/3394 5362/5359/3391
f 5366/5363/3395 5363/5364/3396 5364/5365/3397
f 5364/5365/3397 5365/5366/3398 5366/5363/3395
f 5370/5367/3399 5367/5368/3400 5368/5369/3401
f 5368/5369/3401 5369/5370/3402 5370/5367/3399
s 230
f 5374/5371/3403 5371/5372/3404 5372/5373/3404
f 5372/5373/3404 5373/5374/3405 5374/5371/3403
s 231
f 5378/5375/3406 5375/5376/3407 5376/5377/3407
f 5376/5377/3407 5377/5378/3406 5378/5375/3406
s 232
f 5382/5379/3408 5379/5380/3409 5380/5381/3409
f 5380/5381/3409 5381/5382/3410 5382/5379/3408
s 233
f 5386/5383/3411 5383/5384/3412 5384/5385/3412
f 5384/5385/3412 5385/5386/3411 5386/5383/3411
s 234
f 5390/5387/3413 5387/5388/3414 5388/5389/3414
f 5388/5389/3414 5389/5390/3413 5390/5387/3413
s 235
f 5394/5391/3415 5391/5392/3416 5392/5393/3416
f 5392/5393/3416 5393/5394/3417 5394/5391/3415
s 236
f 5398/5395/3418 5395/5396/3419 5396/5397/3419
f 5396/5397/3419 5397/5398/3418 5398/5395/3418
s 237
f 5402/5399/3420 5399/5400/3421 5400/5401/3422
f 5400/5401/3422 5401/5402/3420 5402/5399/3420
s 238
f 5406/5403/3423 5403/5404/3424 5404/5405/3425
f 5404/5405/3425 5405/5406/3426 5406/5403/3423
s 239
f 5410/5407/3427 5407/5408/3428 5408/5409/3429
f 5408/5409/3429 5409/5410/3430 5410/5407/3427
s 240
f 5414/5411/3431 5411/5412/3432 5412/5413/3432
f 5412/5413/3432 5413/5414/3431 5414/5411/3431
s 241
f 5418/5415/3433 5415/5416/3434 5416/5417/3434
f 5416/5417/3434 5417/5418/3433 5418/5415/3433
s 242
f 5422/5419/3435 5419/5420/3436 5420/5421/3436
f 5420/5421/3436 5421/5422/3437 5422/5419/3435
s 243
f 5426/5423/3438 5423/5424/3439 5424/5425/3440
f 5424/5425/3440 5425/5426/3438 5426/5423/3438
s 244
f 5430/5427/3441 5427/5428/3442 5428/5429/3442
f 5428/5429/3442 5429/5430/3441 5430/5427/3441
s 245
f 5434/5431/3443 5431/5432/3444 5432/5433/3444
f 5432/5433/3444 5433/5434/3443 5434/5431/3443
s 246
f 5438/5435/3445 5435/5436/3446 5436/5437/3447
f 5436/5437/3447 5437/5438/3448 5438/5435/3445
s 229
f 5442/5439/3449 5439/5440/3450 5440/5441/3451
f 5440/5441/3451 5441/5442/3452 5442/5439/3449
f 5446/5443/3453 5443/5444/3454 5444/5445/3455
f 5444/5445/3455 5445/5446/3456 5446/5443/3453
f 5439/5440/3450 5447/5447/3457 5448/5448/3458
f 5448/5448/3458 5440/5441/3451 5439/5440/3450
f 5452/5449/3459 5449/5450/3460 5450/5451/3461
f 5450/5451/3461 5451/5452/3462 5452/5449/3459
f 5456/5453/3463 5453/5454/3464 5454/5455/3465
f 5454/5455/3465 5455/5456/3463 5456/5453/3463
f 5460/5457/3466 5457/5458/3467 5458/5459/3467
f 5458/5459/3467 5459/5460/3468 5460/5457/3466
s 230
f 5464/5461/3469 5461/5462/3470 5462/5463/3470
f 5462/5463/3470 5463/5464/3469 5464/5461/3469
f 5468/5465/3471 5465/5466/3472 5466/5467/3473
f 5466/5467/3473 5467/5468/3471 5468/5465/3471
s 231
f 5472/5469/3474 5469/5470/3475 5470/5471/3475
f 5470/5471/3475 5471/5472/3474 5472/5469/3474
f 5476/5473/3476 5473/5474/3477 5474/5475/3477
f 5474/5475/3477 5475/5476/3476 5476/5473/3476
s 232
f 5480/5477/3478 5477/5478/3479 5478/5479/3479
f 5478/5479/3479 5479/5480/3478 5480/5477/3478
f 5484/5481/3480 5481/5482/3481 5482/5483/3481
f 5482/5483/3481 5483/5484/3480 5484/5481/3480
s 233
f 5488/5485/3482 5485/5486/3483 5486/5487/3483
f 5486/5487/3483 5487/5488/3484 5488/5485/3482
f 5492/5489/3485 5489/5490/3486 5490/5491/3486
f 5490/5491/3486 5491/5492/3485 5492/5489/3485
s 234
f 5496/5493/3487 5493/5494/3488 5494/5495/3488
f 5494/5495/3488 5495/5496/3487 5496/5493/3487
f 5500/5497/3489 5497/5498/3490 5498/5499/3490
f 5498/5499/3490 5499/5500/3489 5500/5497/3489
s 235
f 5504/5501/3491 5501/5502/3492 5502/5503/3492
f 5502/5503/3492 5503/5504/3491 5504/5501/3491
f 5508/5505/3493 5505/5506/3494 5506/5507/3494
f 5506/5507/3494 5507/5508/3493 5508/5505/3493
s 236
f 5512/5509/3495 5509/5510/3496 5510/5511/3497
f 5510/5511/3497 5511/5512/3498 5512/5509/3495
f 5516/5513/3499 5513/5514/3500 5514/5515/3500
f 5514/5515/3500 5515/5516/3501 5516/5513/3499
s 237
f 5520/5517/3502 5517/5518/3503 5518/5519/3503
f 5518/5519/3503 5519/5520/3502 5520/5517/3502
f 5524/5521/3504 5521/5522/3505 5522/5523/3505
f 5522/5523/3505 5523/5524/3504 5524/5521/3504
s 238
f 5528/5525/3506 5525/5526/3507 5526/5527/3508
f 5526/5527/3508 5527/5528/3509 5528/5525/3506
f 5532/5529/3510 5529/5530/3511 5530/5531/3512
f 5530/5531/3512 5531/5532/3513 5532/5529/3510
s 239
f 5536/5533/3514 5533/5534/3515 5534/5535/3515
f 5534/5535/3515 5535/5536/3514 5536/5533/3514
f 5540/5537/3516 5537/5538/3517 5538/5539/3517
f 5538/5539/3517 5539/5540/3518 5540/5537/3516
s 240
f 5544/5541/3519 5541/5542/3520 5542/5543/3520
f 5542/5543/3520 5543/5544/3519 5544/5541/3519
f 5548/5545/3521 5545/5546/3522 5546/5547/3522
f 5546/5547/3522 5547/5548/3521 5548/5545/3521
s 241
f 5552/5549/3348 5549/5550/3523 5550/5551/3524
f 5550/5551/3524 5551/5552/3348 5552/5549/3348
f 5556/5553/3525 5553/5554/3526 5554/5555/3416
f 5554/5555/3416 5555/5556/3525 5556/5553/3525
s 242
f 5560/5557/3527 5557/5558/3528 5558/5559/3528
f 5558/5559/3528 5559/5560/3527 5560/5557/3527
f 5564/5561/3529 5561/5562/3530 5562/5563/3530
f 5562/5563/3530 5563/5564/3529 5564/5561/3529
s 243
f 5568/5565/3531 5565/5566/3532 5566/5567/3533
f 5566/5567/3533 5567/5568/3531 5568/5565/3531
f 5572/5569/3534 5569/5570/3535 5570/5571/3536
f 5570/5571/3536 5571/5572/3534 5572/5569/3534
s 244
f 5576/5573/3537 5573/5574/3538 5574/5575/3539
f 5574/5575/3539 5575/5576/3537 5576/5573/3537
f 5580/5577/3540 5577/5578/3541 5578/5579/3541
f 5578/5579/3541 5579/5580/3540 5580/5577/3540
s 245
f 5584/5581/3542 5581/5582/3538 5582/5583/3538
f 5582/5583/3538 5583/5584/3537 5584/5581/3542
f 5588/5585/3543 5585/5586/3544 5586/5587/3541
f 5586/5587/3541 5587/5588/3540 5588/5585/3543
s 246
f 5592/5589/3545 5589/5590/3546 5590/5591/3546
f 5590/5591/3546 5591/5592/3545 5592/5589/3545
f 5596/5593/3547 5593/5594/3548 5594/5595/3548
f 5594/5595/3548 5595/5596/3547 5596/5593/3547
s 229
f 5458/5459/3467 5457/5458/3467 5597/5597/3549
f 5597/5597/3549 5598/5598/3550 5458/5459/3467
f 5602/5599/3551 5599/5600/3550 5600/5601/3552
f 5600/5601/3552 5601/5602/3553 5602/5599/3551
f 5601/5602/3553 5600/5601/3552 5448/5448/3458
f 5448/5448/3458 5447/5447/3457 5601/5602/3553
f 5454/5455/3465 5453/5454/3464 5603/5603/3554
f 5603/5603/3554 5604/5604/3555 5454/5455/3465
f 5604/5604/3555 5603/5603/3554 5605/5605/3556
f 5605/5605/3556 5606/5606/3557 5604/5604/3555
f 5606/5606/3557 5605/5605/3556 5607/5607/582
f 5607/5607/582 5608/5608/3558 5606/5606/3557
s 230
f 5374/5371/3403 5373/5374/3405 5609/5609/3559
f 5609/5609/3559 5610/5610/3559 5374/5371/3403
f 5610/5610/3559 5609/5609/3559 5611/5611/3560
f 5611/5611/3560 5612/5612/3560 5610/5610/3559
f 5612/5612/3560 5611/5611/3560 5466/5467/3473
f 5466/5467/3473 5465/5466/3472 5612/5612/3560
f 5462/5463/3470 5461/5462/3470 5613/5613/3561
f 5613/5613/3561 5614/5614/3561 5462/5463/3470
f 5614/5614/3561 5613/5613/3561 5615/5615/3562
f 5615/5615/3562 5616/5616/3562 5614/5614/3561
f 5616/5616/3562 5615/5615/3562 5372/5373/3404
f 5372/5373/3404 5371/5372/3404 5616/5616/3562
s 231
f 5378/5375/3406 5377/5378/3406 5617/5617/3563
f 5617/5617/3563 5618/5618/3563 5378/5375/3406
f 5618/5618/3563 5617/5617/3563 5619/5619/3564
f 5619/5619/3564 5620/5620/3564 5618/5618/3563
f 5620/5620/3564 5619/5619/3564 5474/5475/3477
f 5474/5475/3477 5473/5474/3477 5620/5620/3564
f 5470/5471/3475 5469/5470/3475 5621/5621/3565
f 5621/5621/3565 5622/5622/3565 5470/5471/3475
f 5622/5622/3565 5621/5621/3565 5623/5623/3566
f 5623/5623/3566 5624/5624/3566 5622/5622/3565
f 5624/5624/3566 5623/5623/3566 5376/5377/3407
f 5376/5377/3407 5375/5376/3407 5624/5624/3566
s 232
f 5382/5379/3408 5381/5382/3410 5625/5625/3567
f 5625/5625/3567 5626/5626/3567 5382/5379/3408
f 5626/5626/3567 5625/5625/3567 5627/5627/3568
f 5627/5627/3568 5628/5628/3568 5626/5626/3567
f 5628/5628/3568 5627/5627/3568 5482/5483/3481
f 5482/5483/3481 5481/5482/3481 5628/5628/3568
f 5478/5479/3479 5477/5478/3479 5629/5629/3569
f 5629/5629/3569 5630/5630/3569 5478/5479/3479
f 5630/5630/3569 5629/5629/3569 5631/5631/3570
f 5631/5631/3570 5632/5632/3570 5630/5630/3569
f 5632/5632/3570 5631/5631/3570 5380/5381/3409
f 5380/5381/3409 5379/5380/3409 5632/5632/3570
s 233
f 5386/5383/3411 5385/5386/3411 5633/5633/3571
f 5633/5633/3571 5634/5634/3571 5386/5383/3411
f 5634/5634/3571 5633/5633/3571 5635/5635/3572
f 5635/5635/3572 5636/5636/3573 5634/5634/3571
f 5636/5636/3573 5635/5635/3572 5490/5491/3486
f 5490/5491/3486 5489/5490/3486 5636/5636/3573
f 5486/5487/3483 5485/5486/3483 5637/5637/3574
f 5637/5637/3574 5638/5638/3574 5486/5487/3483
f 5638/5638/3574 5637/5637/3574 5639/5639/3575
f 5639/5639/3575 5640/5640/3576 5638/5638/3574
f 5640/5640/3576 5639/5639/3575 5384/5385/3412
f 5384/5385/3412 5383/5384/3412 5640/5640/3576
s 234
f 5390/5387/3413 5389/5390/3413 5641/5641/3577
f 5641/5641/3577 5642/5642/3577 5390/5387/3413
f 5642/5642/3577 5641/5641/3577 5643/5643/3578
f 5643/5643/3578 5644/5644/3578 5642/5642/3577
f 5644/5644/3578 5643/5643/3578 5498/5499/3490
f 5498/5499/3490 5497/5498/3490 5644/5644/3578
f 5494/5495/3488 5493/5494/3488 5645/5645/3579
f 5645/5645/3579 5646/5646/3579 5494/5495/3488
f 5646/5646/3579 5645/5645/3579 5647/5647/3580
f 5647/5647/3580 5648/5648/3580 5646/5646/3579
f 5648/5648/3580 5647/5647/3580 5388/5389/3414
f 5388/5389/3414 5387/5388/3414 5648/5648/3580
s 235
f 5394/5391/3415 5393/5394/3417 5649/5649/3581
f 5649/5649/3581 5650/5650/3581 5394/5391/3415
f 5650/5650/3581 5649/5649/3581 5651/5651/3582
f 5651/5651/3582 5652/5652/3582 5650/5650/3581
f 5652/5652/3582 5651/5651/3582 5506/5507/3494
f 5506/5507/3494 5505/5506/3494 5652/5652/3582
f 5502/5503/3492 5501/5502/3492 5653/5653/3583
f 5653/5653/3583 5654/5654/3583 5502/5503/3492
f 5654/5654/3583 5653/5653/3583 5655/5655/3584
f 5655/5655/3584 5656/5656/3585 5654/5654/3583
f 5656/5656/3585 5655/5655/3584 5392/5393/3416
f 5392/5393/3416 5391/5392/3416 5656/5656/3585
s 236
f 5398/5395/3418 5397/5398/3418 5657/5657/3586
f 5657/5657/3586 5658/5658/3586 5398/5395/3418
f 5658/5658/3586 5657/5657/3586 5659/5659/3587
f 5659/5659/3587 5660/5660/3587 5658/5658/3586
f 5660/5660/3587 5659/5659/3587 5514/5515/3500
f 5514/5515/3500 5513/5514/3500 5660/5660/3587
f 5510/5511/3497 5509/5510/3496 5661/5661/3588
f 5661/5661/3588 5662/5662/3588 5510/5511/3497
f 5662/5662/3588 5661/5661/3588 5663/5663/3589
f 5663/5663/3589 5664/5664/3589 5662/5662/3588
f 5664/5664/3589 5663/5663/3589 5396/5397/3419
f 5396/5397/3419 5395/5396/3419 5664/5664/3589
s 237
f 5402/5399/3420 5401/5402/3420 5665/5665/3590
f 5665/5665/3590 5666/5666/3591 5402/5399/3420
f 5666/5666/3591 5665/5665/3590 5667/5667/3592
f 5667/5667/3592 5668/5668/3592 5666/5666/3591
f 5668/5668/3592 5667/5667/3592 5522/5523/3505
f 5522/5523/3505 5521/5522/3505 5668/5668/3592
f 5518/5519/3503 5517/5518/3503 5669/5669/3593
f 5669/5669/3593 5670/5670/3594 5518/5519/3503
f 5670/5670/3594 5669/5669/3593 5671/5671/3595
f 5671/5671/3595 5672/5672/3596 5670/5670/3594
f 5672/5672/3596 5671/5671/3595 5400/5401/3422
f 5400/5401/3422 5399/5400/3421 5672/5672/3596
s 238
f 5406/5403/3423 5405/5406/3426 5673/5673/3597
f 5673/5673/3597 5674/5674/3598 5406/5403/3423
f 5674/5674/3598 5673/5673/3597 5675/5675/3599
f 5675/5675/3599 5676/5676/3600 5674/5674/3598
f 5676/5676/3600 5675/5675/3599 5530/5531/3512
f 5530/5531/3512 5529/5530/3511 5676/5676/3600
f 5526/5527/3508 5525/5526/3507 5677/5677/3601
f 5677/5677/3601 5678/5678/3602 5526/5527/3508
f 5678/5678/3602 5677/5677/3601 5679/5679/3603
f 5679/5679/3603 5680/5680/3604 5678/5678/3602
f 5680/5680/3604 5679/5679/3603 5404/5405/3425
f 5404/5405/3425 5403/5404/3424 5680/5680/3604
s 239
f 5410/5407/3427 5409/5410/3430 5681/5681/3605
f 5681/5681/3605 5682/5682/3606 5410/5407/3427
f 5682/5682/3606 5681/5681/3605 5683/5683/3607
f 5683/5683/3607 5684/5684/3608 5682/5682/3606
f 5684/5684/3608 5683/5683/3607 5538/5539/3517
f 5538/5539/3517 5537/5538/3517 5684/5684/3608
f 5534/5535/3515 5533/5534/3515 5685/5685/3609
f 5685/5685/3609 5686/5686/3610 5534/5535/3515
f 5686/5686/3610 5685/5685/3609 5687/5687/3611
f 5687/5687/3611 5688/5688/3612 5686/5686/3610
f 5688/5688/3612 5687/5687/3611 5408/5409/3429
f 5408/5409/3429 5407/5408/3428 5688/5688/3612
s 240
f 5414/5411/3431 5413/5414/3431 5689/5689/3613
f 5689/5689/3613 5690/5690/3614 5414/5411/3431
f 5690/5690/3614 5689/5689/3613 5691/5691/3615
f 5691/5691/3615 5692/5692/3615 5690/5690/3614
f 5692/5692/3615 5691/5691/3615 5546/5547/3522
f 5546/5547/3522 5545/5546/3522 5692/5692/3615
f 5542/5543/3520 5541/5542/3520 5693/5693/3616
f 5693/5693/3616 5694/5694/3616 5542/5543/3520
f 5694/5694/3616 5693/5693/3616 5695/5695/3617
f 5695/5695/3617 5696/5696/3617 5694/5694/3616
f 5696/5696/3617 5695/5695/3617 5412/5413/3432
f 5412/5413/3432 5411/5412/3432 5696/5696/3617
s 241
f 5418/5415/3433 5417/5418/3433 5697/5697/3618
f 5697/5697/3618 5698/5698/3618 5418/5415/3433
f 5698/5698/3618 5697/5697/3618 5699/5699/3619
f 5699/5699/3619 5700/5700/3620 5698/5698/3618
f 5700/5700/3620 5699/5699/3619 5554/5555/3416
f 5554/5555/3416 5553/5554/3526 5700/5700/3620
f 5550/5551/3524 5549/5550/3523 5701/5701/3621
f 5701/5701/3621 5702/5702/3621 5550/5551/3524
f 5702/5702/3621 5701/5701/3621 5703/5703/3622
f 5703/5703/3622 5704/5704/3622 5702/5702/3621
f 5704/5704/3622 5703/5703/3622 5416/5417/3434
f 5416/5417/3434 5415/5416/3434 5704/5704/3622
s 242
f 5422/5419/3435 5421/5422/3437 5705/5705/3623
f 5705/5705/3623 5706/5706/3623 5422/5419/3435
f 5706/5706/3623 5705/5705/3623 5707/5707/3624
f 5707/5707/3624 5708/5708/3624 5706/5706/3623
f 5708/5708/3624 5707/5707/3624 5562/5563/3530
f 5562/5563/3530 5561/5562/3530 5708/5708/3624
f 5558/5559/3528 5557/5558/3528 5709/5709/3625
f 5709/5709/3625 5710/5710/3625 5558/5559/3528
f 5710/5710/3625 5709/5709/3625 5711/5711/3626
f 5711/5711/3626 5712/5712/3627 5710/5710/3625
f 5712/5712/3627 5711/5711/3626 5420/5421/3436
f 5420/5421/3436 5419/5420/3436 5712/5712/3627
s 243
f 5426/5423/3438 5425/5426/3438 5713/5713/3628
f 5713/5713/3628 5714/5714/3628 5426/5423/3438
f 5714/5714/3628 5713/5713/3628 5715/5715/3629
f 5715/5715/3629 5716/5716/3630 5714/5714/3628
f 5716/5716/3630 5715/5715/3629 5570/5571/3536
f 5570/5571/3536 5569/5570/3535 5716/5716/3630
f 5566/5567/3533 5565/5566/3532 5717/5717/3631
f 5717/5717/3631 5718/5718/3631 5566/5567/3533
f 5718/5718/3631 5717/5717/3631 5719/5719/3632
f 5719/5719/3632 5720/5720/3632 5718/5718/3631
f 5720/5720/3632 5719/5719/3632 5424/5425/3440
f 5424/5425/3440 5423/5424/3439 5720/5720/3632
s 244
f 5430/5427/3441 5429/5430/3441 5721/5721/3633
f 5721/5721/3633 5722/5722/3634 5430/5427/3441
f 5722/5722/3634 5721/5721/3633 5723/5723/3635
f 5723/5723/3635 5724/5724/3635 5722/5722/3634
f 5724/5724/3635 5723/5723/3635 5578/5579/3541
f 5578/5579/3541 5577/5578/3541 5724/5724/3635
f 5574/5575/3539 5573/5574/3538 5725/5725/3636
f 5725/5725/3636 5726/5726/3637 5574/5575/3539
f 5726/5726/3637 5725/5725/3636 5727/5727/3638
f 5727/5727/3638 5728/5728/3638 5726/5726/3637
f 5728/5728/3638 5727/5727/3638 5428/5429/3442
f 5428/5429/3442 5427/5428/3442 5728/5728/3638
s 245
f 5434/5431/3443 5433/5434/3443 5729/5729/3633
f 5729/5729/3633 5730/5730/3633 5434/5431/3443
f 5730/5730/3633 5729/5729/3633 5731/5731/3639
f 5731/5731/3639 5732/5732/3635 5730/5730/3633
f 5732/5732/3635 5731/5731/3639 5586/5587/3541
f 5586/5587/3541 5585/5586/3544 5732/5732/3635
f 5582/5583/3538 5581/5582/3538 5733/5733/3636
f 5733/5733/3636 5734/5734/3636 5582/5583/3538
f 5734/5734/3636 5733/5733/3636 5735/5735/3640
f 5735/5735/3640 5736/5736/3640 5734/5734/3636
f 5736/5736/3640 5735/5735/3640 5432/5433/3444
f 5432/5433/3444 5431/5432/3444 5736/5736/3640
s 246
f 5438/5435/3445 5437/5438/3448 5737/5737/3641
f 5737/5737/3641 5738/5738/3642 5438/5435/3445
f 5738/5738/3642 5737/5737/3641 5739/5739/3643
f 5739/5739/3643 5740/5740/3644 5738/5738/3642
f 5740/5740/3644 5739/5739/3643 5594/5595/3548
f 5594/5595/3548 5593/5594/3548 5740/5740/3644
f 5590/5591/3546 5589/5590/3546 5741/5741/3645
f 5741/5741/3645 5742/5742/3646 5590/5591/3546
f 5742/5742/3646 5741/5741/3645 5743/5743/3647
f 5743/5743/3647 5744/5744/3648 5742/5742/3646
f 5744/5744/3648 5743/5743/3647 5436/5437/3447
f 5436/5437/3447 5435/5436/3446 5744/5744/3648
s 229
f 5456/5453/3463 5455/5456/3463 5745/5745/3649
f 5745/5745/3649 5746/5746/3650 5456/5453/3463
f 5746/5746/3650 5745/5745/3649 5747/5747/3651
f 5747/5747/3651 5748/5748/3652 5746/5746/3650
f 5748/5748/3652 5747/5747/3651 5274/5275/3330
f 5274/5275/3330 5273/5274/3329 5748/5748/3652
f 5356/5357/3389 5355/5356/3388 5749/5749/3653
f 5749/5749/3653 5750/5750/3654 5356/5357/3389
f 5750/5750/3654 5749/5749/3653 5751/5751/3655
f 5751/5751/3655 5752/5752/3656 5750/5750/3654
f 5752/5752/3656 5751/5751/3655 5460/5457/3466
f 5460/5457/3466 5459/5460/3468 5752/5752/3656
s 230
f 5464/5461/3469 5463/5464/3469 5753/5753/3657
f 5753/5753/3657 5754/5754/3657 5464/5461/3469
f 5754/5754/3657 5753/5753/3657 5755/5755/3658
f 5755/5755/3658 5756/5756/3658 5754/5754/3657
f 5756/5756/3658 5755/5755/3658 5282/5283/3337
f 5282/5283/3337 5281/5282/3337 5756/5756/3658
f 5468/5465/3471 5467/5468/3471 5757/5757/3659
f 5757/5757/3659 5758/5758/3659 5468/5465/3471
f 5762/5759/3660 5759/5760/3660 5760/5761/3661
f 5760/5761/3661 5761/5762/3661 5762/5759/3660
f 5761/5762/3661 5760/5761/3661 5284/5281/3336
f 5284/5281/3336 5283/5284/3336 5761/5762/3661
s 231
f 5472/5469/3474 5471/5472/3474 5763/5763/3662
f 5763/5763/3662 5764/5764/3662 5472/5469/3474
f 5764/5764/3662 5763/5763/3662 5765/5765/3663
f 5765/5765/3663 5766/5766/3663 5764/5764/3662
f 5766/5766/3663 5765/5765/3663 5286/5287/3339
f 5286/5287/3339 5285/5286/3339 5766/5766/3663
f 5476/5473/3476 5475/5476/3476 5767/5767/3664
f 5767/5767/3664 5768/5768/3664 5476/5473/3476
f 5772/5769/3665 5769/5770/3665 5770/5771/3666
f 5770/5771/3666 5771/5772/3667 5772/5769/3665
f 5771/5772/3667 5770/5771/3666 5288/5285/3338
f 5288/5285/3338 5287/5288/3338 5771/5772/3667
s 232
f 5480/5477/3478 5479/5480/3478 5773/5773/3668
f 5773/5773/3668 5774/5774/3669 5480/5477/3478
f 5778/5775/3670 5775/5776/3670 5776/5777/3671
f 5776/5777/3671 5777/5778/3671 5778/5775/3670
f 5777/5778/3671 5776/5777/3671 5290/5291/3341
f 5290/5291/3341 5289/5290/3341 5777/5778/3671
f 5484/5481/3480 5483/5484/3480 5779/5779/3672
f 5779/5779/3672 5780/5780/3673 5484/5481/3480
f 5780/5780/3673 5779/5779/3672 5781/5781/3674
f 5781/5781/3674 5782/5782/3674 5780/5780/3673
f 5782/5782/3674 5781/5781/3674 5292/5289/3340
f 5292/5289/3340 5291/5292/3342 5782/5782/3674
s 233
f 5488/5485/3482 5487/5488/3484 5783/5783/3675
f 5783/5783/3675 5784/5784/3675 5488/5485/3482
f 5784/5784/3675 5783/5783/3675 5785/5785/3676
f 5785/5785/3676 5786/5786/3676 5784/5784/3675
f 5786/5786/3676 5785/5785/3676 5294/5295/3345
f 5294/5295/3345 5293/5294/3344 5786/5786/3676
f 5492/5489/3485 5491/5492/3485 5787/5787/3677
f 5787/5787/3677 5788/5788/3677 5492/5489/3485
f 5792/5789/3678 5789/5790/3678 5790/5791/3679
f 5790/5791/3679 5791/5792/3679 5792/5789/3678
f 5791/5792/3679 5790/5791/3679 5296/5293/3343
f 5296/5293/3343 5295/5296/3343 5791/5792/3679
s 234
f 5496/5493/3487 5495/5496/3487 5793/5793/3680
f 5793/5793/3680 5794/5794/3680 5496/5493/3487
f 5794/5794/3680 5793/5793/3680 5795/5795/3681
f 5795/5795/3681 5796/5796/3681 5794/5794/3680
f 5796/5796/3681 5795/5795/3681 5298/5299/3347
f 5298/5299/3347 5297/5298/3347 5796/5796/3681
f 5500/5497/3489 5499/5500/3489 5797/5797/3682
f 5797/5797/3682 5798/5798/3683 5500/5497/3489
f 5802/5799/3684 5799/5800/3685 5800/5801/3686
f 5800/5801/3686 5801/5802/3686 5802/5799/3684
f 5801/5802/3686 5800/5801/3686 5300/5297/3346
f 5300/5297/3346 5299/5300/3346 5801/5802/3686
s 235
f 5504/5501/3491 5503/5504/3491 5803/5803/3687
f 5803/5803/3687 5804/5804/3688 5504/5501/3491
f 5804/5804/3688 5803/5803/3687 5805/5805/3689
f 5805/5805/3689 5806/5806/3689 5804/5804/3688
f 5806/5806/3689 5805/5805/3689 5302/5303/3350
f 5302/5303/3350 5301/5302/3349 5806/5806/3689
f 5508/5505/3493 5507/5508/3493 5807/5807/3690
f 5807/5807/3690 5808/5808/3690 5508/5505/3493
f 5812/5809/3691 5809/5810/3691 5810/5811/3692
f 5810/5811/3692 5811/5812/3693 5812/5809/3691
f 5811/5812/3693 5810/5811/3692 5304/5301/3348
f 5304/5301/3348 5303/5304/3348 5811/5812/3693
s 236
f 5512/5509/3495 5511/5512/3498 5813/5813/3694
f 5813/5813/3694 5814/5814/3694 5512/5509/3495
f 5814/5814/3694 5813/5813/3694 5815/5815/3695
f 5815/5815/3695 5816/5816/3695 5814/5814/3694
f 5816/5816/3695 5815/5815/3695 5306/5307/3352
f 5306/5307/3352 5305/5306/3352 5816/5816/3695
f 5516/5513/3499 5515/5516/3501 5817/5817/3696
f 5817/5817/3696 5818/5818/3697 5516/5513/3499
f 5822/5819/3698 5819/5820/3698 5820/5821/3699
f 5820/5821/3699 5821/5822/3700 5822/5819/3698
f 5821/5822/3700 5820/5821/3699 5308/5305/3351
f 5308/5305/3351 5307/5308/3351 5821/5822/3700
s 237
f 5520/5517/3502 5519/5520/3502 5823/5823/3701
f 5823/5823/3701 5824/5824/3702 5520/5517/3502
f 5824/5824/3702 5823/5823/3701 5825/5825/3703
f 5825/5825/3703 5826/5826/3703 5824/5824/3702
f 5826/5826/3703 5825/5825/3703 5310/5311/3354
f 5310/5311/3354 5309/5310/3354 5826/5826/3703
f 5524/5521/3504 5523/5524/3504 5827/5827/3704
f 5827/5827/3704 5828/5828/3704 5524/5521/3504
f 5832/5829/3704 5829/5830/3704 5830/5831/3705
f 5830/5831/3705 5831/5832/3705 5832/5829/3704
f 5831/5832/3705 5830/5831/3705 5312/5309/3353
f 5312/5309/3353 5311/5312/3355 5831/5832/3705
s 238
f 5528/5525/3506 5527/5528/3509 5833/5833/3706
f 5833/5833/3706 5834/5834/3707 5528/5525/3506
f 5834/5834/3707 5833/5833/3706 5835/5835/3708
f 5835/5835/3708 5836/5836/3709 5834/5834/3707
f 5836/5836/3709 5835/5835/3708 5314/5315/3358
f 5314/5315/3358 5313/5314/3357 5836/5836/3709
f 5532/5529/3510 5531/5532/3513 5837/5837/3710
f 5837/5837/3710 5838/5838/3711 5532/5529/3510
f 5842/5839/3712 5839/5840/3713 5840/5841/3714
f 5840/5841/3714 5841/5842/3715 5842/5839/3712
f 5841/5842/3715 5840/5841/3714 5316/5313/3356
f 5316/5313/3356 5315/5316/3359 5841/5842/3715
s 239
f 5536/5533/3514 5535/5536/3514 5843/5843/3716
f 5843/5843/3716 5844/5844/3717 5536/5533/3514
f 5844/5844/3717 5843/5843/3716 5845/5845/3718
f 5845/5845/3718 5846/5846/3719 5844/5844/3717
f 5846/5846/3719 5845/5845/3718 5318/5319/3362
f 5318/5319/3362 5317/5318/3361 5846/5846/3719
f 5540/5537/3516 5539/5540/3518 5847/5847/3720
f 5847/5847/3720 5848/5848/3721 5540/5537/3516
f 5852/5849/3722 5849/5850/3720 5850/5851/3723
f 5850/5851/3723 5851/5852/3724 5852/5849/3722
f 5851/5852/3724 5850/5851/3723 5320/5317/3360
f 5320/5317/3360 5319/5320/3363 5851/5852/3724
s 240
f 5544/5541/3519 5543/5544/3519 5853/5853/3725
f 5853/5853/3725 5854/5854/3725 5544/5541/3519
f 5854/5854/3725 5853/5853/3725 5855/5855/3726
f 5855/5855/3726 5856/5856/3726 5854/5854/3725
f 5856/5856/3726 5855/5855/3726 5322/5323/3365
f 5322/5323/3365 5321/5322/3365 5856/5856/3726
f 5548/5545/3521 5547/5548/3521 5857/5857/3727
f 5857/5857/3727 5858/5858/3727 5548/5545/3521
f 5862/5859/3728 5859/5860/3728 5860/5861/3729
f 5860/5861/3729 5861/5862/3730 5862/5859/3728
f 5861/5862/3730 5860/5861/3729 5324/5321/3364
f 5324/5321/3364 5323/5324/3364 5861/5862/3730
s 241
f 5552/5549/3348 5551/5552/3348 5863/5863/3731
f 5863/5863/3731 5864/5864/3731 5552/5549/3348
f 5864/5864/3731 5863/5863/3731 5865/5865/3732
f 5865/5865/3732 5866/5866/3732 5864/5864/3731
f 5866/5866/3732 5865/5865/3732 5326/5327/3367
f 5326/5327/3367 5325/5326/3367 5866/5866/3732
f 5556/5553/3525 5555/5556/3525 5867/5867/3733
f 5867/5867/3733 5868/5868/3734 5556/5553/3525
f 5872/5869/3735 5869/5870/3736 5870/5871/3737
f 5870/5871/3737 5871/5872/3737 5872/5869/3735
f 5871/5872/3737 5870/5871/3737 5328/5325/3366
f 5328/5325/3366 5327/5328/3366 5871/5872/3737
s 242
f 5560/5557/3527 5559/5560/3527 5873/5873/3738
f 5873/5873/3738 5874/5874/3738 5560/5557/3527
f 5874/5874/3738 5873/5873/3738 5875/5875/3739
f 5875/5875/3739 5876/5876/3739 5874/5874/3738
f 5876/5876/3739 5875/5875/3739 5330/5331/3370
f 5330/5331/3370 5329/5330/3369 5876/5876/3739
f 5564/5561/3529 5563/5564/3529 5877/5877/3740
f 5877/5877/3740 5878/5878/3740 5564/5561/3529
f 5878/5878/3740 5877/5877/3740 5879/5879/3741
f 5879/5879/3741 5880/5880/3741 5878/5878/3740
f 5882/5881/3742 5881/5882/3742 5332/5329/3368
f 5332/5329/3368 5331/5332/3368 5882/5881/3742
s 243
f 5568/5565/3531 5567/5568/3531 5883/5883/3743
f 5883/5883/3743 5884/5884/3743 5568/5565/3531
f 5884/5884/3743 5883/5883/3743 5885/5885/3744
f 5885/5885/3744 5886/5886/3744 5884/5884/3743
f 5886/5886/3744 5885/5885/3744 5334/5335/3372
f 5334/5335/3372 5333/5334/3372 5886/5886/3744
f 5572/5569/3534 5571/5572/3534 5887/5887/3745
f 5887/5887/3745 5888/5888/3745 5572/5569/3534
f 5892/5889/3746 5889/5890/3746 5890/5891/3747
f 5890/5891/3747 5891/5892/3747 5892/5889/3746
f 5891/5892/3747 5890/5891/3747 5336/5333/3371
f 5336/5333/3371 5335/5336/3373 5891/5892/3747
s 244
f 5576/5573/3537 5575/5576/3537 5893/5893/3748
f 5893/5893/3748 5894/5894/3748 5576/5573/3537
f 5894/5894/3748 5893/5893/3748 5895/5895/3749
f 5895/5895/3749 5896/5896/3749 5894/5894/3748
f 5896/5896/3749 5895/5895/3749 5338/5339/3375
f 5338/5339/3375 5337/5338/3375 5896/5896/3749
f 5580/5577/3540 5579/5580/3540 5897/5897/3750
f 5897/5897/3750 5898/5898/3751 5580/5577/3540
f 5902/5899/3752 5899/5900/3752 5900/5901/3753
f 5900/5901/3753 5901/5902/3754 5902/5899/3752
f 5901/5902/3754 5900/5901/3753 5340/5337/3374
f 5340/5337/3374 5339/5340/3374 5901/5902/3754
s 245
f 5584/5581/3542 5583/5584/3537 5903/5903/3748
f 5903/5903/3748 5904/5904/3748 5584/5581/3542
f 5904/5904/3748 5903/5903/3748 5905/5905/3749
f 5905/5905/3749 5906/5906/3749 5904/5904/3748
f 5906/5906/3749 5905/5905/3749 5342/5343/3370
f 5342/5343/3370 5341/5342/3370 5906/5906/3749
f 5588/5585/3543 5587/5588/3540 5907/5907/3750
f 5907/5907/3750 5908/5908/3750 5588/5585/3543
f 5912/5909/3752 5909/5910/3752 5910/5911/3753
f 5910/5911/3753 5911/5912/3754 5912/5909/3752
f 5911/5912/3754 5910/5911/3753 5344/5341/3376
f 5344/5341/3376 5343/5344/3376 5911/5912/3754
s 246
f 5592/5589/3545 5591/5592/3545 5913/5913/3755
f 5913/5913/3755 5914/5914/3756 5592/5589/3545
f 5914/5914/3756 5913/5913/3755 5915/5915/3757
f 5915/5915/3757 5916/5916/3758 5914/5914/3756
f 5916/5916/3758 5915/5915/3757 5346/5347/3379
f 5346/5347/3379 5345/5346/3378 5916/5916/3758
f 5596/5593/3547 5595/5596/3547 5917/5917/3759
f 5917/5917/3759 5918/5918/3760 5596/5593/3547
f 5918/5918/3760 5917/5917/3759 5919/5919/3761
f 5919/5919/3761 5920/5920/3762 5918/5918/3760
f 5922/5921/3763 5921/5922/3764 5348/5345/3377
f 5348/5345/3377 5347/5348/3380 5922/5921/3763
s 229
f 5366/5363/3395 5365/5366/3398 5443/5444/3454
f 5443/5444/3454 5446/5443/3453 5366/5363/3395
f 5445/5446/3456 5444/5445/3455 5367/5368/3400
f 5367/5368/3400 5370/5367/3399 5445/5446/3456
f 5368/5369/3401 5452/5449/3459 5451/5452/3462
f 5451/5452/3462 5369/5370/3402 5368/5369/3401
f 5449/5450/3460 5442/5439/3449 5441/5442/3452
f 5441/5442/3452 5450/5451/3461 5449/5450/3460
f 5277/5278/3333 5354/5353/3385 5353/5354/3386
f 5353/5354/3386 5278/5279/3334 5277/5278/3333
f 5360/5361/3393 5280/5277/3332 5279/5280/3335
f 5279/5280/3335 5361/5362/3394 5360/5361/3393
f 5351/5352/3384 5350/5351/3383 5359/5360/3392
f 5359/5360/3392 5362/5359/3391 5351/5352/3384
f 5358/5355/3387 5357/5358/3390 5349/5350/3382
f 5349/5350/3382 5352/5349/3381 5358/5355/3387
f 5363/5364/3396 5608/5608/3558 5607/5607/582
f 5607/5607/582 5364/5365/3397 5363/5364/3396
s 230
f 5373/5374/3405 5372/5373/3404 5923/5923/3404
f 5923/5923/3404 5924/5924/3405 5373/5374/3405
f 5373/5374/3405 5924/5924/3405 5925/5925/3559
f 5925/5925/3559 5609/5609/3559 5373/5374/3405
f 5609/5609/3559 5925/5925/3559 5926/5926/3560
f 5926/5926/3560 5611/5611/3560 5609/5609/3559
f 5611/5611/3560 5926/5926/3560 5927/5927/3472
f 5927/5927/3472 5466/5467/3473 5611/5611/3560
f 5928/5928/3471 5467/5468/3471 5466/5467/3473
f 5466/5467/3473 5927/5927/3472 5928/5928/3471
f 5467/5468/3471 5928/5928/3471 5929/5929/3659
f 5929/5929/3659 5757/5757/3659 5467/5468/3471
f 5759/5760/3660 5930/5930/3660 5931/5931/3661
f 5931/5931/3661 5760/5761/3661 5759/5760/3660
f 5760/5761/3661 5931/5931/3661 5932/5932/3336
f 5932/5932/3336 5284/5281/3336 5760/5761/3661
f 5932/5932/3336 5933/5933/3337 5281/5282/3337
f 5281/5282/3337 5284/5281/3336 5932/5932/3336
f 5934/5934/3765 5756/5756/3658 5281/5282/3337
f 5281/5282/3337 5933/5933/3337 5934/5934/3765
f 5935/5935/3657 5754/5754/3657 5756/5756/3658
f 5756/5756/3658 5934/5934/3765 5935/5935/3657
f 5936/5936/3766 5464/5461/3469 5754/5754/3657
f 5754/5754/3657 5935/5935/3657 5936/5936/3766
f 5936/5936/3766 5937/5937/3470 5461/5462/3470
f 5461/5462/3470 5464/5461/3469 5936/5936/3766
f 5461/5462/3470 5937/5937/3470 5938/5938/3561
f 5938/5938/3561 5613/5613/3561 5461/5462/3470
f 5613/5613/3561 5938/5938/3561 5939/5939/3767
f 5939/5939/3767 5615/5615/3562 5613/5613/3561
f 5615/5615/3562 5939/5939/3767 5923/5923/3404
f 5923/5923/3404 5372/5373/3404 5615/5615/3562
s 231
f 5377/5378/3406 5376/5377/3407 5940/5940/3407
f 5940/5940/3407 5941/5941/3406 5377/5378/3406
f 5377/5378/3406 5941/5941/3406 5942/5942/3563
f 5942/5942/3563 5617/5617/3563 5377/5378/3406
f 5617/5617/3563 5942/5942/3563 5943/5943/3564
f 5943/5943/3564 5619/5619/3564 5617/5617/3563
f 5619/5619/3564 5943/5943/3564 5944/5944/3477
f 5944/5944/3477 5474/5475/3477 5619/5619/3564
f 5945/5945/3768 5475/5476/3476 5474/5475/3477
f 5474/5475/3477 5944/5944/3477 5945/5945/3768
f 5475/5476/3476 5945/5945/3768 5946/5946/3664
f 5946/5946/3664 5767/5767/3664 5475/5476/3476
f 5769/5770/3665 5947/5947/3665 5948/5948/3667
f 5948/5948/3667 5770/5771/3666 5769/5770/3665
f 5770/5771/3666 5948/5948/3667 5949/5949/3338
f 5949/5949/3338 5288/5285/3338 5770/5771/3666
f 5949/5949/3338 5950/5950/3339 5285/5286/3339
f 5285/5286/3339 5288/5285/3338 5949/5949/3338
f 5951/5951/3769 5766/5766/3663 5285/5286/3339
f 5285/5286/3339 5950/5950/3339 5951/5951/3769
f 5952/5952/3662 5764/5764/3662 5766/5766/3663
f 5766/5766/3663 5951/5951/3769 5952/5952/3662
f 5953/5953/3474 5472/5469/3474 5764/5764/3662
f 5764/5764/3662 5952/5952/3662 5953/5953/3474
f 5953/5953/3474 5954/5954/3770 5469/5470/3475
f 5469/5470/3475 5472/5469/3474 5953/5953/3474
f 5469/5470/3475 5954/5954/3770 5955/5955/3565
f 5955/5955/3565 5621/5621/3565 5469/5470/3475
f 5621/5621/3565 5955/5955/3565 5956/5956/3566
f 5956/5956/3566 5623/5623/3566 5621/5621/3565
f 5623/5623/3566 5956/5956/3566 5940/5940/3407
f 5940/5940/3407 5376/5377/3407 5623/5623/3566
s 232
f 5958/5957/3408 5957/5958/3771 5379/5380/3409
f 5379/5380/3409 5382/5379/3408 5958/5957/3408
f 5959/5959/3570 5632/5632/3570 5379/5380/3409
f 5379/5380/3409 5957/5958/3771 5959/5959/3570
f 5960/5960/3772 5630/5630/3569 5632/5632/3570
f 5632/5632/3570 5959/5959/3570 5960/5960/3772
f 5961/5961/3479 5478/5479/3479 5630/5630/3569
f 5630/5630/3569 5960/5960/3772 5961/5961/3479
f 5962/5962/3478 5479/5480/3478 5478/5479/3479
f 5478/5479/3479 5961/5961/3479 5962/5962/3478
f 5479/5480/3478 5962/5962/3478 5963/5963/3669
f 5963/5963/3669 5773/5773/3668 5479/5480/3478
f 5775/5776/3670 5964/5964/3773 5965/5965/3671
f 5965/5965/3671 5776/5777/3671 5775/5776/3670
f 5776/5777/3671 5965/5965/3671 5966/5966/3341
f 5966/5966/3341 5290/5291/3341 5776/5777/3671
f 5967/5967/3340 5291/5292/3342 5290/5291/3341
f 5290/5291/3341 5966/5966/3341 5967/5967/3340
f 5968/5968/3674 5782/5782/3674 5291/5292/3342
f 5291/5292/3342 5967/5967/3340 5968/5968/3674
f 5969/5969/3672 5780/5780/3673 5782/5782/3674
f 5782/5782/3674 5968/5968/3674 5969/5969/3672
f 5970/5970/3480 5484/5481/3480 5780/5780/3673
f 5780/5780/3673 5969/5969/3672 5970/5970/3480
f 5970/5970/3480 5971/5971/3481 5481/5482/3481
f 5481/5482/3481 5484/5481/3480 5970/5970/3480
f 5972/5972/3568 5628/5628/3568 5481/5482/3481
f 5481/5482/3481 5971/5971/3481 5972/5972/3568
f 5973/5973/3567 5626/5626/3567 5628/5628/3568
f 5628/5628/3568 5972/5972/3568 5973/5973/3567
f 5958/5957/3408 5382/5379/3408 5626/5626/3567
f 5626/5626/3567 5973/5973/3567 5958/5957/3408
s 233
f 5385/5386/3411 5384/5385/3412 5974/5974/3412
f 5974/5974/3412 5975/5975/3774 5385/5386/3411
f 5385/5386/3411 5975/5975/3774 5976/5976/3571
f 5976/5976/3571 5633/5633/3571 5385/5386/3411
f 5633/5633/3571 5976/5976/3571 5977/5977/3572
f 5977/5977/3572 5635/5635/3572 5633/5633/3571
f 5635/5635/3572 5977/5977/3572 5978/5978/3486
f 5978/5978/3486 5490/5491/3486 5635/5635/3572
f 5979/5979/3485 5491/5492/3485 5490/5491/3486
f 5490/5491/3486 5978/5978/3486 5979/5979/3485
f 5491/5492/3485 5979/5979/3485 5980/5980/3677
f 5980/5980/3677 5787/5787/3677 5491/5492/3485
f 5789/5790/3678 5981/5981/3678 5982/5982/3775
f 5982/5982/3775 5790/5791/3679 5789/5790/3678
f 5790/5791/3679 5982/5982/3775 5983/5983/3776
f 5983/5983/3776 5296/5293/3343 5790/5791/3679
f 5983/5983/3776 5984/5984/3344 5293/5294/3344
f 5293/5294/3344 5296/5293/3343 5983/5983/3776
f 5985/5985/3676 5786/5786/3676 5293/5294/3344
f 5293/5294/3344 5984/5984/3344 5985/5985/3676
f 5986/5986/3675 5784/5784/3675 5786/5786/3676
f 5786/5786/3676 5985/5985/3676 5986/5986/3675
f 5987/5987/3484 5488/5485/3482 5784/5784/3675
f 5784/5784/3675 5986/5986/3675 5987/5987/3484
f 5987/5987/3484 5988/5988/3483 5485/5486/3483
f 5485/5486/3483 5488/5485/3482 5987/5987/3484
f 5485/5486/3483 5988/5988/3483 5989/5989/3574
f 5989/5989/3574 5637/5637/3574 5485/5486/3483
f 5637/5637/3574 5989/5989/3574 5990/5990/3575
f 5990/5990/3575 5639/5639/3575 5637/5637/3574
f 5639/5639/3575 5990/5990/3575 5974/5974/3412
f 5974/5974/3412 5384/5385/3412 5639/5639/3575
s 234
f 5389/5390/3413 5388/5389/3414 5991/5991/3414
f 5991/5991/3414 5992/5992/3413 5389/5390/3413
f 5389/5390/3413 5992/5992/3413 5993/5993/3577
f 5993/5993/3577 5641/5641/3577 5389/5390/3413
f 5641/5641/3577 5993/5993/3577 5994/5994/3578
f 5994/5994/3578 5643/5643/3578 5641/5641/3577
f 5643/5643/3578 5994/5994/3578 5995/5995/3490
f 5995/5995/3490 5498/5499/3490 5643/5643/3578
f 5996/5996/3489 5499/5500/3489 5498/5499/3490
f 5498/5499/3490 5995/5995/3490 5996/5996/3489
f 5499/5500/3489 5996/5996/3489 5997/5997/3683
f 5997/5997/3683 5797/5797/3682 5499/5500/3489
f 5799/5800/3685 5998/5998/3684 5999/5999/3686
f 5999/5999/3686 5800/5801/3686 5799/5800/3685
f 5800/5801/3686 5999/5999/3686 6000/6000/3346
f 6000/6000/3346 5300/5297/3346 5800/5801/3686
f 6000/6000/3346 6001/6001/3347 5297/5298/3347
f 5297/5298/3347 5300/5297/3346 6000/6000/3346
f 6002/6002/3681 5796/5796/3681 5297/5298/3347
f 5297/5298/3347 6001/6001/3347 6002/6002/3681
f 6003/6003/3680 5794/5794/3680 5796/5796/3681
f 5796/5796/3681 6002/6002/3681 6003/6003/3680
f 6004/6004/3487 5496/5493/3487 5794/5794/3680
f 5794/5794/3680 6003/6003/3680 6004/6004/3487
f 6004/6004/3487 6005/6005/3488 5493/5494/3488
f 5493/5494/3488 5496/5493/3487 6004/6004/3487
f 5493/5494/3488 6005/6005/3488 6006/6006/3579
f 6006/6006/3579 5645/5645/3579 5493/5494/3488
f 5645/5645/3579 6006/6006/3579 6007/6007/3580
f 6007/6007/3580 5647/5647/3580 5645/5645/3579
f 5647/5647/3580 6007/6007/3580 5991/5991/3414
f 5991/5991/3414 5388/5389/3414 5647/5647/3580
s 235
f 5393/5394/3417 5392/5393/3416 6008/6008/3416
f 6008/6008/3416 6009/6009/3417 5393/5394/3417
f 5393/5394/3417 6009/6009/3417 6010/6010/3581
f 6010/6010/3581 5649/5649/3581 5393/5394/3417
f 5649/5649/3581 6010/6010/3581 6011/6011/3582
f 6011/6011/3582 5651/5651/3582 5649/5649/3581
f 5651/5651/3582 6011/6011/3582 6012/6012/3494
f 6012/6012/3494 5506/5507/3494 5651/5651/3582
f 6013/6013/3493 5507/5508/3493 5506/5507/3494
f 5506/5507/3494 6012/6012/3494 6013/6013/3493
f 5507/5508/3493 6013/6013/3493 6014/6014/3690
f 6014/6014/3690 5807/5807/3690 5507/5508/3493
f 5809/5810/3691 6015/6015/3690 6016/6016/3693
f 6016/6016/3693 5810/5811/3692 5809/5810/3691
f 5810/5811/3692 6016/6016/3693 6017/6017/3348
f 6017/6017/3348 5304/5301/3348 5810/5811/3692
f 6017/6017/3348 6018/6018/3350 5301/5302/3349
f 5301/5302/3349 5304/5301/3348 6017/6017/3348
f 6019/6019/3689 5806/5806/3689 5301/5302/3349
f 5301/5302/3349 6018/6018/3350 6019/6019/3689
f 6020/6020/3687 5804/5804/3688 5806/5806/3689
f 5806/5806/3689 6019/6019/3689 6020/6020/3687
f 6021/6021/3491 5504/5501/3491 5804/5804/3688
f 5804/5804/3688 6020/6020/3687 6021/6021/3491
f 6021/6021/3491 6022/6022/3492 5501/5502/3492
f 5501/5502/3492 5504/5501/3491 6021/6021/3491
f 5501/5502/3492 6022/6022/3492 6023/6023/3583
f 6023/6023/3583 5653/5653/3583 5501/5502/3492
f 5653/5653/3583 6023/6023/3583 6024/6024/3585
f 6024/6024/3585 5655/5655/3584 5653/5653/3583
f 5655/5655/3584 6024/6024/3585 6008/6008/3416
f 6008/6008/3416 5392/5393/3416 5655/5655/3584
s 236
f 5397/5398/3418 5396/5397/3419 6025/6025/3777
f 6025/6025/3777 6026/6026/3418 5397/5398/3418
f 5397/5398/3418 6026/6026/3418 6027/6027/3586
f 6027/6027/3586 5657/5657/3586 5397/5398/3418
f 5657/5657/3586 6027/6027/3586 6028/6028/3778
f 6028/6028/3778 5659/5659/3587 5657/5657/3586
f 5659/5659/3587 6028/6028/3778 6029/6029/3500
f 6029/6029/3500 5514/5515/3500 5659/5659/3587
f 6030/6030/3501 5515/5516/3501 5514/5515/3500
f 5514/5515/3500 6029/6029/3500 6030/6030/3501
f 5515/5516/3501 6030/6030/3501 6031/6031/3696
f 6031/6031/3696 5817/5817/3696 5515/5516/3501
f 5819/5820/3698 6032/6032/3698 6033/6033/3700
f 6033/6033/3700 5820/5821/3699 5819/5820/3698
f 5820/5821/3699 6033/6033/3700 6034/6034/3351
f 6034/6034/3351 5308/5305/3351 5820/5821/3699
f 6034/6034/3351 6035/6035/3352 5305/5306/3352
f 5305/5306/3352 5308/5305/3351 6034/6034/3351
f 6036/6036/3779 5816/5816/3695 5305/5306/3352
f 5305/5306/3352 6035/6035/3352 6036/6036/3779
f 6037/6037/3780 5814/5814/3694 5816/5816/3695
f 5816/5816/3695 6036/6036/3779 6037/6037/3780
f 6038/6038/3495 5512/5509/3495 5814/5814/3694
f 5814/5814/3694 6037/6037/3780 6038/6038/3495
f 6038/6038/3495 6039/6039/3497 5509/5510/3496
f 5509/5510/3496 5512/5509/3495 6038/6038/3495
f 5509/5510/3496 6039/6039/3497 6040/6040/3588
f 6040/6040/3588 5661/5661/3588 5509/5510/3496
f 5661/5661/3588 6040/6040/3588 6041/6041/3589
f 6041/6041/3589 5663/5663/3589 5661/5661/3588
f 5663/5663/3589 6041/6041/3589 6025/6025/3777
f 6025/6025/3777 5396/5397/3419 5663/5663/3589
s 237
f 5401/5402/3420 5400/5401/3422 6042/6042/3422
f 6042/6042/3422 6043/6043/3420 5401/5402/3420
f 5401/5402/3420 6043/6043/3420 6044/6044/3590
f 6044/6044/3590 5665/5665/3590 5401/5402/3420
f 5665/5665/3590 6044/6044/3590 6045/6045/3592
f 6045/6045/3592 5667/5667/3592 5665/5665/3590
f 5667/5667/3592 6045/6045/3592 6046/6046/3505
f 6046/6046/3505 5522/5523/3505 5667/5667/3592
f 6047/6047/3781 5523/5524/3504 5522/5523/3505
f 5522/5523/3505 6046/6046/3505 6047/6047/3781
f 5523/5524/3504 6047/6047/3781 6048/6048/3704
f 6048/6048/3704 5827/5827/3704 5523/5524/3504
f 5829/5830/3704 6049/6049/3782 6050/6050/3705
f 6050/6050/3705 5830/5831/3705 5829/5830/3704
f 5830/5831/3705 6050/6050/3705 6051/6051/3355
f 6051/6051/3355 5312/5309/3353 5830/5831/3705
f 6051/6051/3355 6052/6052/3354 5309/5310/3354
f 5309/5310/3354 5312/5309/3353 6051/6051/3355
f 6053/6053/3783 5826/5826/3703 5309/5310/3354
f 5309/5310/3354 6052/6052/3354 6053/6053/3783
f 6054/6054/3702 5824/5824/3702 5826/5826/3703
f 5826/5826/3703 6053/6053/3783 6054/6054/3702
f 6055/6055/3502 5520/5517/3502 5824/5824/3702
f 5824/5824/3702 6054/6054/3702 6055/6055/3502
f 6055/6055/3502 6056/6056/3503 5517/5518/3503
f 5517/5518/3503 5520/5517/3502 6055/6055/3502
f 5517/5518/3503 6056/6056/3503 6057/6057/3594
f 6057/6057/3594 5669/5669/3593 5517/5518/3503
f 5669/5669/3593 6057/6057/3594 6058/6058/3596
f 6058/6058/3596 5671/5671/3595 5669/5669/3593
f 5671/5671/3595 6058/6058/3596 6042/6042/3422
f 6042/6042/3422 5400/5401/3422 5671/5671/3595
s 238
f 5405/5406/3426 5404/5405/3425 6059/6059/3784
f 6059/6059/3784 6060/6060/3785 5405/5406/3426
f 5405/5406/3426 6060/6060/3785 6061/6061/3786
f 6061/6061/3786 5673/5673/3597 5405/5406/3426
f 5673/5673/3597 6061/6061/3786 6062/6062/3787
f 6062/6062/3787 5675/5675/3599 5673/5673/3597
f 5675/5675/3599 6062/6062/3787 6063/6063/3788
f 6063/6063/3788 5530/5531/3512 5675/5675/3599
f 6064/6064/3789 5531/5532/3513 5530/5531/3512
f 5530/5531/3512 6063/6063/3788 6064/6064/3789
f 5531/5532/3513 6064/6064/3789 6065/6065/3790
f 6065/6065/3790 5837/5837/3710 5531/5532/3513
f 5839/5840/3713 6066/6066/3791 6067/6067/3792
f 6067/6067/3792 5840/5841/3714 5839/5840/3713
f 5840/5841/3714 6067/6067/3792 6068/6068/3793
f 6068/6068/3793 5316/5313/3356 5840/5841/3714
f 6068/6068/3793 6069/6069/3794 5313/5314/3357
f 5313/5314/3357 5316/5313/3356 6068/6068/3793
f 6070/6070/3795 5836/5836/3709 5313/5314/3357
f 5313/5314/3357 6069/6069/3794 6070/6070/3795
f 6071/6071/3796 5834/5834/3707 5836/5836/3709
f 5836/5836/3709 6070/6070/3795 6071/6071/3796
f 6072/6072/3797 5528/5525/3506 5834/5834/3707
f 5834/5834/3707 6071/6071/3796 6072/6072/3797
f 6072/6072/3797 6073/6073/3798 5525/5526/3507
f 5525/5526/3507 5528/5525/3506 6072/6072/3797
f 5525/5526/3507 6073/6073/3798 6074/6074/3799
f 6074/6074/3799 5677/5677/3601 5525/5526/3507
f 5677/5677/3601 6074/6074/3799 6075/6075/3800
f 6075/6075/3800 5679/5679/3603 5677/5677/3601
f 5679/5679/3603 6075/6075/3800 6059/6059/3784
f 6059/6059/3784 5404/5405/3425 5679/5679/3603
s 239
f 5409/5410/3430 5408/5409/3429 6076/6076/3801
f 6076/6076/3801 6077/6077/3802 5409/5410/3430
f 5409/5410/3430 6077/6077/3802 6078/6078/3803
f 6078/6078/3803 5681/5681/3605 5409/5410/3430
f 5681/5681/3605 6078/6078/3803 6079/6079/3804
f 6079/6079/3804 5683/5683/3607 5681/5681/3605
f 5683/5683/3607 6079/6079/3804 6080/6080/3805
f 6080/6080/3805 5538/5539/3517 5683/5683/3607
f 6081/6081/3518 5539/5540/3518 5538/5539/3517
f 5538/5539/3517 6080/6080/3805 6081/6081/3518
f 5539/5540/3518 6081/6081/3518 6082/6082/3806
f 6082/6082/3806 5847/5847/3720 5539/5540/3518
f 5849/5850/3720 6083/6083/3807 6084/6084/3808
f 6084/6084/3808 5850/5851/3723 5849/5850/3720
f 5850/5851/3723 6084/6084/3808 6085/6085/3809
f 6085/6085/3809 5320/5317/3360 5850/5851/3723
f 6085/6085/3809 6086/6086/3810 5317/5318/3361
f 5317/5318/3361 5320/5317/3360 6085/6085/3809
f 6087/6087/3811 5846/5846/3719 5317/5318/3361
f 5317/5318/3361 6086/6086/3810 6087/6087/3811
f 6088/6088/3812 5844/5844/3717 5846/5846/3719
f 5846/5846/3719 6087/6087/3811 6088/6088/3812
f 6089/6089/3813 5536/5533/3514 5844/5844/3717
f 5844/5844/3717 6088/6088/3812 6089/6089/3813
f 6089/6089/3813 6090/6090/3814 5533/5534/3515
f 5533/5534/3515 5536/5533/3514 6089/6089/3813
f 5533/5534/3515 6090/6090/3814 6091/6091/3815
f 6091/6091/3815 5685/5685/3609 5533/5534/3515
f 5685/5685/3609 6091/6091/3815 6092/6092/3816
f 6092/6092/3816 5687/5687/3611 5685/5685/3609
f 5687/5687/3611 6092/6092/3816 6076/6076/3801
f 6076/6076/3801 5408/5409/3429 5687/5687/3611
s 240
f 5413/5414/3431 5412/5413/3432 6093/6093/3432
f 6093/6093/3432 6094/6094/3431 5413/5414/3431
f 5413/5414/3431 6094/6094/3431 6095/6095/3613
f 6095/6095/3613 5689/5689/3613 5413/5414/3431
f 5689/5689/3613 6095/6095/3613 6096/6096/3615
f 6096/6096/3615 5691/5691/3615 5689/5689/3613
f 5691/5691/3615 6096/6096/3615 6097/6097/3522
f 6097/6097/3522 5546/5547/3522 5691/5691/3615
f 6098/6098/3521 5547/5548/3521 5546/5547/3522
f 5546/5547/3522 6097/6097/3522 6098/6098/3521
f 5547/5548/3521 6098/6098/3521 6099/6099/3727
f 6099/6099/3727 5857/5857/3727 5547/5548/3521
f 5859/5860/3728 6100/6100/3728 6101/6101/3729
f 6101/6101/3729 5860/5861/3729 5859/5860/3728
f 5860/5861/3729 6101/6101/3729 6102/6102/3364
f 6102/6102/3364 5324/5321/3364 5860/5861/3729
f 6102/6102/3364 6103/6103/3365 5321/5322/3365
f 5321/5322/3365 5324/5321/3364 6102/6102/3364
f 6104/6104/3726 5856/5856/3726 5321/5322/3365
f 5321/5322/3365 6103/6103/3365 6104/6104/3726
f 6105/6105/3725 5854/5854/3725 5856/5856/3726
f 5856/5856/3726 6104/6104/3726 6105/6105/3725
f 6106/6106/3519 5544/5541/3519 5854/5854/3725
f 5854/5854/3725 6105/6105/3725 6106/6106/3519
f 6106/6106/3519 6107/6107/3520 5541/5542/3520
f 5541/5542/3520 5544/5541/3519 6106/6106/3519
f 5541/5542/3520 6107/6107/3520 6108/6108/3817
f 6108/6108/3817 5693/5693/3616 5541/5542/3520
f 5693/5693/3616 6108/6108/3817 6109/6109/3617
f 6109/6109/3617 5695/5695/3617 5693/5693/3616
f 5695/5695/3617 6109/6109/3617 6093/6093/3432
f 6093/6093/3432 5412/5413/3432 5695/5695/3617
s 241
f 6111/6110/3433 6110/6111/3434 5415/5416/3434
f 5415/5416/3434 5418/5415/3433 6111/6110/3433
f 6112/6112/3622 5704/5704/3622 5415/5416/3434
f 5415/5416/3434 6110/6111/3434 6112/6112/3622
f 6113/6113/3621 5702/5702/3621 5704/5704/3622
f 5704/5704/3622 6112/6112/3622 6113/6113/3621
f 6114/6114/3524 5550/5551/3524 5702/5702/3621
f 5702/5702/3621 6113/6113/3621 6114/6114/3524
f 6115/6115/3818 5551/5552/3348 5550/5551/3524
f 5550/5551/3524 6114/6114/3524 6115/6115/3818
f 5551/5552/3348 6115/6115/3818 6116/6116/3819
f 6116/6116/3819 5863/5863/3731 5551/5552/3348
f 5863/5863/3731 6116/6116/3819 6117/6117/3732
f 6117/6117/3732 5865/5865/3732 5863/5863/3731
f 5865/5865/3732 6117/6117/3732 6118/6118/3367
f 6118/6118/3367 5326/5327/3367 5865/5865/3732
f 6119/6119/3366 5327/5328/3366 5326/5327/3367
f 5326/5327/3367 6118/6118/3367 6119/6119/3366
f 6120/6120/3820 5871/5872/3737 5327/5328/3366
f 5327/5328/3366 6119/6119/3366 6120/6120/3820
f 6121/6121/3736 5872/5869/3735 5871/5872/3737
f 5871/5872/3737 6120/6120/3820 6121/6121/3736
f 6123/6122/3525 5556/5553/3525 5868/5868/3734
f 5868/5868/3734 6122/6123/3733 6123/6122/3525
f 6123/6122/3525 6124/6124/3416 5553/5554/3526
f 5553/5554/3526 5556/5553/3525 6123/6122/3525
f 6125/6125/3619 5700/5700/3620 5553/5554/3526
f 5553/5554/3526 6124/6124/3416 6125/6125/3619
f 6126/6126/3618 5698/5698/3618 5700/5700/3620
f 5700/5700/3620 6125/6125/3619 6126/6126/3618
f 6111/6110/3433 5418/5415/3433 5698/5698/3618
f 5698/5698/3618 6126/6126/3618 6111/6110/3433
s 242
f 6128/6127/3625 5710/5710/3625 5712/5712/3627
f 5712/5712/3627 6127/6128/3627 6128/6127/3625
f 6129/6129/3528 5558/5559/3528 5710/5710/3625
f 5710/5710/3625 6128/6127/3625 6129/6129/3528
f 6130/6130/3527 5559/5560/3527 5558/5559/3528
f 5558/5559/3528 6129/6129/3528 6130/6130/3527
f 5559/5560/3527 6130/6130/3527 6131/6131/3738
f 6131/6131/3738 5873/5873/3738 5559/5560/3527
f 5873/5873/3738 6131/6131/3738 6132/6132/3739
f 6132/6132/3739 5875/5875/3739 5873/5873/3738
f 5875/5875/3739 6132/6132/3739 6133/6133/3370
f 6133/6133/3370 5330/5331/3370 5875/5875/3739
f 6134/6134/3368 5331/5332/3368 5330/5331/3370
f 5330/5331/3370 6133/6133/3370 6134/6134/3368
f 6135/6135/3742 5882/5881/3742 5331/5332/3368
f 5331/5332/3368 6134/6134/3368 6135/6135/3742
f 6137/6136/3740 5878/5878/3740 5880/5880/3741
f 5880/5880/3741 6136/6137/3821 6137/6136/3740
f 6138/6138/3529 5564/5561/3529 5878/5878/3740
f 5878/5878/3740 6137/6136/3740 6138/6138/3529
f 6138/6138/3529 6139/6139/3530 5561/5562/3530
f 5561/5562/3530 5564/5561/3529 6138/6138/3529
f 6140/6140/3624 5708/5708/3624 5561/5562/3530
f 5561/5562/3530 6139/6139/3530 6140/6140/3624
f 6141/6141/3623 5706/5706/3623 5708/5708/3624
f 5708/5708/3624 6140/6140/3624 6141/6141/3623
f 6142/6142/3443 5422/5419/3435 5706/5706/3623
f 5706/5706/3623 6141/6141/3623 6142/6142/3443
f 6142/6142/3443 6143/6143/3436 5419/5420/3436
f 5419/5420/3436 5422/5419/3435 6142/6142/3443
f 6127/6128/3627 5712/5712/3627 5419/5420/3436
f 5419/5420/3436 6143/6143/3436 6127/6128/3627
s 243
f 5425/5426/3438 5424/5425/3440 6144/6144/3440
f 6144/6144/3440 6145/6145/3822 5425/5426/3438
f 5425/5426/3438 6145/6145/3822 6146/6146/3628
f 6146/6146/3628 5713/5713/3628 5425/5426/3438
f 5713/5713/3628 6146/6146/3628 6147/6147/3629
f 6147/6147/3629 5715/5715/3629 5713/5713/3628
f 5715/5715/3629 6147/6147/3629 6148/6148/3535
f 6148/6148/3535 5570/5571/3536 5715/5715/3629
f 6149/6149/3534 5571/5572/3534 5570/5571/3536
f 5570/5571/3536 6148/6148/3535 6149/6149/3534
f 5571/5572/3534 6149/6149/3534 6150/6150/3745
f 6150/6150/3745 5887/5887/3745 5571/5572/3534
f 5889/5890/3746 6151/6151/3746 6152/6152/3747
f 6152/6152/3747 5890/5891/3747 5889/5890/3746
f 5890/5891/3747 6152/6152/3747 6153/6153/3371
f 6153/6153/3371 5336/5333/3371 5890/5891/3747
f 6153/6153/3371 6154/6154/3823 5333/5334/3372
f 5333/5334/3372 5336/5333/3371 6153/6153/3371
f 6155/6155/3744 5886/5886/3744 5333/5334/3372
f 5333/5334/3372 6154/6154/3823 6155/6155/3744
f 6156/6156/3743 5884/5884/3743 5886/5886/3744
f 5886/5886/3744 6155/6155/3744 6156/6156/3743
f 6157/6157/3824 5568/5565/3531 5884/5884/3743
f 5884/5884/3743 6156/6156/3743 6157/6157/3824
f 6157/6157/3824 6158/6158/3533 5565/5566/3532
f 5565/5566/3532 5568/5565/3531 6157/6157/3824
f 5565/5566/3532 6158/6158/3533 6159/6159/3631
f 6159/6159/3631 5717/5717/3631 5565/5566/3532
f 5717/5717/3631 6159/6159/3631 6160/6160/3632
f 6160/6160/3632 5719/5719/3632 5717/5717/3631
f 5719/5719/3632 6160/6160/3632 6144/6144/3440
f 6144/6144/3440 5424/5425/3440 5719/5719/3632
s 244
f 5429/5430/3441 5428/5429/3442 6161/6161/3442
f 6161/6161/3442 6162/6162/3441 5429/5430/3441
f 5429/5430/3441 6162/6162/3441 6163/6163/3633
f 6163/6163/3633 5721/5721/3633 5429/5430/3441
f 5721/5721/3633 6163/6163/3633 6164/6164/3825
f 6164/6164/3825 5723/5723/3635 5721/5721/3633
f 5723/5723/3635 6164/6164/3825 6165/6165/3541
f 6165/6165/3541 5578/5579/3541 5723/5723/3635
f 6166/6166/3543 5579/5580/3540 5578/5579/3541
f 5578/5579/3541 6165/6165/3541 6166/6166/3543
f 5579/5580/3540 6166/6166/3543 6167/6167/3750
f 6167/6167/3750 5897/5897/3750 5579/5580/3540
f 5899/5900/3752 6168/6168/3752 6169/6169/3753
f 6169/6169/3753 5900/5901/3753 5899/5900/3752
f 5900/5901/3753 6169/6169/3753 6170/6170/3374
f 6170/6170/3374 5340/5337/3374 5900/5901/3753
f 6170/6170/3374 6171/6171/3826 5337/5338/3375
f 5337/5338/3375 5340/5337/3374 6170/6170/3374
f 6172/6172/3749 5896/5896/3749 5337/5338/3375
f 5337/5338/3375 6171/6171/3826 6172/6172/3749
f 6173/6173/3748 5894/5894/3748 5896/5896/3749
f 5896/5896/3749 6172/6172/3749 6173/6173/3748
f 6174/6174/3542 5576/5573/3537 5894/5894/3748
f 5894/5894/3748 6173/6173/3748 6174/6174/3542
f 6174/6174/3542 6175/6175/3539 5573/5574/3538
f 5573/5574/3538 5576/5573/3537 6174/6174/3542
f 5573/5574/3538 6175/6175/3539 6176/6176/3636
f 6176/6176/3636 5725/5725/3636 5573/5574/3538
f 5725/5725/3636 6176/6176/3636 6177/6177/3638
f 6177/6177/3638 5727/5727/3638 5725/5725/3636
f 5727/5727/3638 6177/6177/3638 6161/6161/3442
f 6161/6161/3442 5428/5429/3442 5727/5727/3638
s 245
f 6179/6178/3443 6178/6179/3444 5431/5432/3444
f 5431/5432/3444 5434/5431/3443 6179/6178/3443
f 6180/6180/3827 5736/5736/3640 5431/5432/3444
f 5431/5432/3444 6178/6179/3444 6180/6180/3827
f 6181/6181/3637 5734/5734/3636 5736/5736/3640
f 5736/5736/3640 6180/6180/3827 6181/6181/3637
f 6182/6182/3538 5582/5583/3538 5734/5734/3636
f 5734/5734/3636 6181/6181/3637 6182/6182/3538
f 6183/6183/3537 5583/5584/3537 5582/5583/3538
f 5582/5583/3538 6182/6182/3538 6183/6183/3537
f 5583/5584/3537 6183/6183/3537 6184/6184/3828
f 6184/6184/3828 5903/5903/3748 5583/5584/3537
f 5903/5903/3748 6184/6184/3828 6185/6185/3749
f 6185/6185/3749 5905/5905/3749 5903/5903/3748
f 5905/5905/3749 6185/6185/3749 6186/6186/3370
f 6186/6186/3370 5342/5343/3370 5905/5905/3749
f 6187/6187/3829 5343/5344/3376 5342/5343/3370
f 5342/5343/3370 6186/6186/3370 6187/6187/3829
f 6188/6188/3754 5911/5912/3754 5343/5344/3376
f 5343/5344/3376 6187/6187/3829 6188/6188/3754
f 6189/6189/3752 5912/5909/3752 5911/5912/3754
f 5911/5912/3754 6188/6188/3754 6189/6189/3752
f 6191/6190/3543 5588/5585/3543 5908/5908/3750
f 5908/5908/3750 6190/6191/3751 6191/6190/3543
f 6191/6190/3543 6192/6192/3541 5585/5586/3544
f 5585/5586/3544 5588/5585/3543 6191/6190/3543
f 6193/6193/3635 5732/5732/3635 5585/5586/3544
f 5585/5586/3544 6192/6192/3541 6193/6193/3635
f 6194/6194/3633 5730/5730/3633 5732/5732/3635
f 5732/5732/3635 6193/6193/3635 6194/6194/3633
f 6179/6178/3443 5434/5431/3443 5730/5730/3633
f 5730/5730/3633 6194/6194/3633 6179/6178/3443
s 246
f 5437/5438/3448 5436/5437/3447 6195/6195/3830
f 6195/6195/3830 6196/6196/3831 5437/5438/3448
f 5437/5438/3448 6196/6196/3831 6197/6197/3832
f 6197/6197/3832 5737/5737/3641 5437/5438/3448
f 5737/5737/3641 6197/6197/3832 6198/6198/3833
f 6198/6198/3833 5739/5739/3643 5737/5737/3641
f 5739/5739/3643 6198/6198/3833 6199/6199/3548
f 6199/6199/3548 5594/5595/3548 5739/5739/3643
f 6200/6200/3547 5595/5596/3547 5594/5595/3548
f 5594/5595/3548 6199/6199/3548 6200/6200/3547
f 5595/5596/3547 6200/6200/3547 6201/6201/3834
f 6201/6201/3834 5917/5917/3759 5595/5596/3547
f 5917/5917/3759 6201/6201/3834 6202/6202/3835
f 6202/6202/3835 5919/5919/3761 5917/5917/3759
f 5921/5922/3764 6203/6203/3761 6204/6204/3836
f 6204/6204/3836 5348/5345/3377 5921/5922/3764
f 6204/6204/3836 6205/6205/3378 5345/5346/3378
f 5345/5346/3378 5348/5345/3377 6204/6204/3836
f 6206/6206/3837 5916/5916/3758 5345/5346/3378
f 5345/5346/3378 6205/6205/3378 6206/6206/3837
f 6207/6207/3838 5914/5914/3756 5916/5916/3758
f 5916/5916/3758 6206/6206/3837 6207/6207/3838
f 6208/6208/3545 5592/5589/3545 5914/5914/3756
f 5914/5914/3756 6207/6207/3838 6208/6208/3545
f 6208/6208/3545 6209/6209/3546 5589/5590/3546
f 5589/5590/3546 5592/5589/3545 6208/6208/3545
f 5589/5590/3546 6209/6209/3546 6210/6210/3645
f 6210/6210/3645 5741/5741/3645 5589/5590/3546
f 5741/5741/3645 6210/6210/3645 6211/6211/3839
f 6211/6211/3839 5743/5743/3647 5741/5741/3645
f 5743/5743/3647 6211/6211/3839 6195/6195/3830
f 6195/6195/3830 5436/5437/3447 5743/5743/3647
s 229
f 6213/6212/3463 6212/6213/3465 5453/5454/3464
f 5453/5454/3464 5456/5453/3463 6213/6212/3463
f 5453/5454/3464 6212/6213/3465 6214/6214/3840
f 6214/6214/3840 5603/5603/3554 5453/5454/3464
f 5603/5603/3554 6214/6214/3840 6215/6215/3841
f 6215/6215/3841 5605/5605/3556 5603/5603/3554
f 5605/5605/3556 6215/6215/3841 6216/6216/3842
f 6216/6216/3842 5607/5607/582 5605/5605/3556
f 6217/6217/3843 5364/5365/3397 5607/5607/582
f 5607/5607/582 6216/6216/3842 6217/6217/3843
f 6218/6218/3844 5365/5366/3398 5364/5365/3397
f 5364/5365/3397 6217/6217/3843 6218/6218/3844
f 5365/5366/3398 6218/6218/3844 6219/6219/3454
f 6219/6219/3454 5443/5444/3454 5365/5366/3398
f 5443/5444/3454 6219/6219/3454 6220/6220/3845
f 6220/6220/3845 5444/5445/3455 5443/5444/3454
f 5444/5445/3455 6220/6220/3845 6221/6221/3400
f 6221/6221/3400 5367/5368/3400 5444/5445/3455
f 5367/5368/3400 6221/6221/3400 6222/6222/3846
f 6222/6222/3846 5368/5369/3401 5367/5368/3400
f 6222/6222/3846 6223/6223/3847 5452/5449/3459
f 5452/5449/3459 5368/5369/3401 6222/6222/3846
f 6223/6223/3847 6224/6224/3460 5449/5450/3460
f 5449/5450/3460 5452/5449/3459 6223/6223/3847
f 6224/6224/3460 6225/6225/3452 5442/5439/3449
f 5442/5439/3449 5449/5450/3460 6224/6224/3460
f 6225/6225/3452 6226/6226/3848 5439/5440/3450
f 5439/5440/3450 5442/5439/3449 6225/6225/3452
f 6226/6226/3848 6227/6227/3457 5447/5447/3457
f 5447/5447/3457 5439/5440/3450 6226/6226/3848
f 6228/6228/3849 5601/5602/3553 5447/5447/3457
f 5447/5447/3457 6227/6227/3457 6228/6228/3849
f 6229/6229/3850 5602/5599/3551 5601/5602/3553
f 5601/5602/3553 6228/6228/3849 6229/6229/3850
f 6231/6230/3467 5458/5459/3467 5598/5598/3550
f 5598/5598/3550 6230/6231/3551 6231/6230/3467
f 6232/6232/3468 5459/5460/3468 5458/5459/3467
f 5458/5459/3467 6231/6230/3467 6232/6232/3468
f 6233/6233/3851 5752/5752/3656 5459/5460/3468
f 5459/5460/3468 6232/6232/3468 6233/6233/3851
f 6234/6234/3852 5750/5750/3654 5752/5752/3656
f 5752/5752/3656 6233/6233/3851 6234/6234/3852
f 6235/6235/3853 5356/5357/3389 5750/5750/3654
f 5750/5750/3654 6234/6234/3852 6235/6235/3853
f 6236/6236/3854 5357/5358/3390 5356/5357/3389
f 5356/5357/3389 6235/6235/3853 6236/6236/3854
f 5357/5358/3390 6236/6236/3854 6237/6237/3382
f 6237/6237/3382 5349/5350/3382 5357/5358/3390
f 5349/5350/3382 6237/6237/3382 6238/6238/3855
f 6238/6238/3855 5350/5351/3383 5349/5350/3382
f 5350/5351/3383 6238/6238/3855 6239/6239/3856
f 6239/6239/3856 5359/5360/3392 5350/5351/3383
f 5359/5360/3392 6239/6239/3856 6240/6240/3857
f 6240/6240/3857 5360/5361/3393 5359/5360/3392
f 6240/6240/3857 6241/6241/3858 5280/5277/3332
f 5280/5277/3332 5360/5361/3393 6240/6240/3857
f 6241/6241/3858 6242/6242/3859 5277/5278/3333
f 5277/5278/3333 5280/5277/3332 6241/6241/3858
f 6242/6242/3859 6243/6243/3860 5354/5353/3385
f 5354/5353/3385 5277/5278/3333 6242/6242/3859
f 6243/6243/3860 6244/6244/3861 5276/5273/3328
f 5276/5273/3328 5354/5353/3385 6243/6243/3860
f 6244/6244/3861 6245/6245/3862 5273/5274/3329
f 5273/5274/3329 5276/5273/3328 6244/6244/3861
f 6246/6246/3863 5748/5748/3652 5273/5274/3329
f 5273/5274/3329 6245/6245/3862 6246/6246/3863
f 6247/6247/3864 5746/5746/3650 5748/5748/3652
f 5748/5748/3652 6246/6246/3863 6247/6247/3864
f 6213/6212/3463 5456/5453/3463 5746/5746/3650
f 5746/5746/3650 6247/6247/3864 6213/6212/3463
