# Blender 5.0.1
# www.blender.org
mtllib Farola.mtl
g glass__design_Malla
v -0.002013 4.167358 0.001254
v -0.002013 4.279205 0.001254
v -0.189164 4.192365 -0.574737
v -0.188116 4.179861 -0.571511
v -0.185252 4.170708 -0.562697
v -0.181340 4.167358 -0.550658
v -0.357995 4.192365 -0.488713
v -0.356001 4.179861 -0.485969
v -0.350554 4.170708 -0.478472
v -0.343113 4.167358 -0.468230
v -0.491980 4.192365 -0.354728
v -0.489236 4.179861 -0.352734
v -0.481739 4.170708 -0.347287
v -0.471497 4.167358 -0.339846
v -0.578004 4.192365 -0.185897
v -0.574778 4.179861 -0.184849
v -0.565964 4.170708 -0.181985
v -0.553925 4.167358 -0.178073
v -0.607645 4.192365 0.001254
v -0.604253 4.179861 0.001254
v -0.594986 4.170708 0.001254
v -0.582327 4.167358 0.001254
v -0.578004 4.192365 0.188404
v -0.574778 4.179861 0.187356
v -0.565964 4.170708 0.184492
v -0.553925 4.167358 0.180580
v -0.491980 4.192365 0.357235
v -0.489236 4.179861 0.355242
v -0.481738 4.170708 0.349794
v -0.471497 4.167358 0.342353
v -0.357995 4.192365 0.491220
v -0.356001 4.179861 0.488476
v -0.350554 4.170708 0.480979
v -0.343113 4.167358 0.470737
v -0.189164 4.192365 0.577244
v -0.188116 4.179861 0.574018
v -0.185252 4.170708 0.565204
v -0.181340 4.167358 0.553165
v -0.002013 4.192365 0.606886
v -0.002013 4.179861 0.603494
v -0.002013 4.170708 0.594226
v -0.002013 4.167358 0.581567
v 0.185137 4.192365 0.577244
v 0.184089 4.179861 0.574018
v 0.181225 4.170708 0.565204
v 0.177313 4.167358 0.553165
v 0.353968 4.192365 0.491220
v 0.351974 4.179861 0.488476
v 0.346527 4.170708 0.480979
v 0.339086 4.167358 0.470737
v 0.487953 4.192365 0.357235
v 0.485209 4.179861 0.355241
v 0.477712 4.170708 0.349794
v 0.467470 4.167358 0.342353
v 0.573977 4.192365 0.188404
v 0.570751 4.179861 0.187356
v 0.561937 4.170708 0.184492
v 0.549898 4.167358 0.180580
v 0.603618 4.192365 0.001254
v 0.600226 4.179861 0.001254
v 0.590959 4.170708 0.001254
v 0.578300 4.167358 0.001254
v 0.573977 4.192365 -0.185897
v 0.570751 4.179861 -0.184849
v 0.561937 4.170708 -0.181985
v 0.549898 4.167358 -0.178073
v 0.487953 4.192365 -0.354728
v 0.485209 4.179861 -0.352734
v 0.477712 4.170708 -0.347287
v 0.467470 4.167358 -0.339846
v 0.353968 4.192365 -0.488713
v 0.351974 4.179861 -0.485969
v 0.346527 4.170708 -0.478471
v 0.339086 4.167358 -0.468230
v 0.185137 4.192365 -0.574736
v 0.184089 4.179861 -0.571510
v 0.181225 4.170708 -0.562697
v 0.177313 4.167358 -0.550657
v -0.002013 4.192365 -0.604378
v -0.002013 4.179861 -0.600986
v -0.002013 4.170708 -0.591719
v -0.002013 4.167358 -0.579060
v -0.189164 4.254198 -0.574737
v -0.188116 4.266702 -0.571511
v -0.185252 4.275855 -0.562697
v -0.181340 4.279205 -0.550658
v -0.357995 4.254198 -0.488713
v -0.356001 4.266702 -0.485969
v -0.350554 4.275855 -0.478472
v -0.343113 4.279205 -0.468230
v -0.491980 4.254198 -0.354728
v -0.489236 4.266702 -0.352734
v -0.481739 4.275855 -0.347287
v -0.471497 4.279205 -0.339846
v -0.578004 4.254198 -0.185897
v -0.574778 4.266702 -0.184849
v -0.565964 4.275855 -0.181985
v -0.553925 4.279205 -0.178073
v -0.607645 4.254198 0.001254
v -0.604253 4.266702 0.001254
v -0.594986 4.275855 0.001254
v -0.582327 4.279205 0.001254
v -0.578004 4.254198 0.188404
v -0.574778 4.266702 0.187356
v -0.565964 4.275855 0.184492
v -0.553925 4.279205 0.180580
v -0.491980 4.254198 0.357235
v -0.489236 4.266702 0.355242
v -0.481738 4.275855 0.349794
v -0.471497 4.279205 0.342353
v -0.357995 4.254198 0.491220
v -0.356001 4.266702 0.488476
v -0.350554 4.275855 0.480979
v -0.343113 4.279205 0.470737
v -0.189164 4.254198 0.577244
v -0.188116 4.266702 0.574018
v -0.185252 4.275855 0.565204
v -0.181340 4.279205 0.553165
v -0.002013 4.254198 0.606886
v -0.002013 4.266702 0.603494
v -0.002013 4.275855 0.594226
v -0.002013 4.279205 0.581567
v 0.185137 4.254198 0.577244
v 0.184089 4.266702 0.574018
v 0.181225 4.275855 0.565204
v 0.177313 4.279205 0.553165
v 0.353968 4.254198 0.491220
v 0.351974 4.266702 0.488476
v 0.346527 4.275855 0.480979
v 0.339086 4.279205 0.470737
v 0.487953 4.254198 0.357235
v 0.485209 4.266702 0.355241
v 0.477712 4.275855 0.349794
v 0.467470 4.279205 0.342353
v 0.573977 4.254198 0.188404
v 0.570751 4.266702 0.187356
v 0.561937 4.275855 0.184492
v 0.549898 4.279205 0.180580
v 0.603618 4.254198 0.001254
v 0.600226 4.266702 0.001254
v 0.590959 4.275855 0.001254
v 0.578300 4.279205 0.001254
v 0.573977 4.254198 -0.185897
v 0.570751 4.266702 -0.184849
v 0.561937 4.275855 -0.181985
v 0.549898 4.279205 -0.178073
v 0.487953 4.254198 -0.354728
v 0.485209 4.266702 -0.352734
v 0.477712 4.275855 -0.347287
v 0.467470 4.279205 -0.339846
v 0.353968 4.254198 -0.488713
v 0.351974 4.266702 -0.485969
v 0.346527 4.275855 -0.478471
v 0.339086 4.279205 -0.468230
v 0.185137 4.254198 -0.574736
v 0.184089 4.266702 -0.571510
v 0.181225 4.275855 -0.562697
v 0.177313 4.279205 -0.550657
v -0.002013 4.254198 -0.604378
v -0.002013 4.266702 -0.600986
v -0.002013 4.275855 -0.591719
v -0.002013 4.279205 -0.579060
v 1.757513 4.057558 0.027037
v 1.755404 4.057651 0.041676
v 1.755404 4.042470 0.026994
v 1.755404 4.057651 -0.062777
v 1.757514 4.057559 -0.048139
v 1.755404 4.042470 -0.048096
v 1.755404 4.136555 -0.048096
v 1.757514 4.121468 -0.048139
v 1.755404 4.121376 -0.062777
v 1.755404 4.121376 0.041676
v 1.757513 4.121468 0.027037
v 1.755404 4.136555 0.026994
v 1.754410 4.043635 0.041122
v 1.754410 4.043635 -0.062224
v 1.754410 4.135392 -0.062224
v 1.754410 4.135391 0.041122
v 1.753283 4.057614 0.042437
v 1.753283 4.121411 0.042437
v 1.756771 4.057614 0.040494
v 1.756771 4.121411 0.040494
v 1.756771 4.044956 0.027011
v 1.756771 4.044956 -0.048113
v 1.753283 4.040867 0.027011
v 1.753283 4.040867 -0.048113
v 1.756771 4.057614 -0.061596
v 1.756771 4.121411 -0.061596
v 1.753283 4.057614 -0.063539
v 1.753283 4.121411 -0.063539
v 1.756771 4.134070 -0.048113
v 1.756771 4.134070 0.027011
v 1.753283 4.138158 -0.048113
v 1.753283 4.138158 0.027011
v 1.755023 4.042916 0.040320
v 1.755023 4.045322 0.041464
v 1.752971 4.042916 0.041464
v 1.752971 4.042916 -0.062565
v 1.755023 4.045322 -0.062565
v 1.755023 4.042916 -0.061422
v 1.752971 4.136108 -0.062565
v 1.755023 4.136108 -0.061422
v 1.755023 4.133704 -0.062565
v 1.752971 4.136108 0.041464
v 1.755023 4.133704 0.041464
v 1.755023 4.136108 0.040320
v 1.756186 4.045175 0.040390
v 1.753096 4.045175 0.042111
v 1.753096 4.041554 0.040390
v 1.753096 4.045175 -0.063213
v 1.756186 4.045175 -0.061492
v 1.753096 4.041554 -0.061492
v 1.753096 4.137472 -0.061492
v 1.756186 4.133850 -0.061492
v 1.753096 4.133850 -0.063213
v 1.753096 4.133850 0.042111
v 1.756186 4.133850 0.040390
v 1.753096 4.137472 0.040390
v 0.167904 4.119967 0.042989
v 0.167904 4.056026 0.042989
v 0.167904 4.043577 0.042546
v 0.167904 4.041213 0.041746
v 0.167904 4.039565 0.040529
v 0.167904 4.038599 0.027046
v 0.167904 4.038599 -0.048148
v 0.167904 4.039565 -0.061631
v 0.167904 4.041213 -0.062848
v 0.167904 4.043577 -0.063647
v 0.167904 4.056026 -0.064090
v 0.167904 4.119967 -0.064090
v 0.167904 4.132833 -0.063647
v 0.167903 4.135592 -0.062848
v 0.167903 4.137311 -0.061631
v 0.167903 4.138209 -0.048148
v 0.167903 4.138209 0.027046
v 0.167903 4.137311 0.040529
v 0.167903 4.135592 0.041746
v 0.167904 4.132833 0.042546
v 1.775243 3.833450 -0.014730
v 1.807055 3.818172 -0.014730
v 1.832300 3.793666 -0.014730
v 1.848509 3.762327 -0.014730
v 1.854095 3.727229 -0.014730
v 1.848509 3.691802 -0.014730
v 1.832300 3.659517 -0.014730
v 1.807055 3.633533 -0.014730
v 1.775243 3.616394 -0.014730
v 1.739980 3.609778 -0.014730
v 1.704717 3.614331 -0.014730
v 1.672905 3.629612 -0.014730
v 1.647660 3.654118 -0.014730
v 1.631451 3.685454 -0.014730
v 1.625866 3.720554 -0.014730
v 1.631451 3.755980 -0.014730
v 1.647660 3.788264 -0.014730
v 1.672905 3.814251 -0.014730
v 1.704717 3.831388 -0.014730
v 1.739980 3.838004 -0.014730
v 1.775476 3.834174 -0.021016
v 1.807497 3.818794 -0.021016
v 1.832909 3.794125 -0.021016
v 1.849225 3.762581 -0.021016
v 1.854847 3.727250 -0.021016
v 1.849225 3.691591 -0.021016
v 1.832909 3.659092 -0.021016
v 1.807497 3.632938 -0.021016
v 1.775476 3.615684 -0.021016
v 1.739980 3.609025 -0.021016
v 1.704484 3.613607 -0.021016
v 1.672463 3.628988 -0.021016
v 1.647051 3.653657 -0.021016
v 1.630735 3.685200 -0.021016
v 1.625113 3.720532 -0.021016
v 1.630735 3.756193 -0.021016
v 1.647051 3.788690 -0.021016
v 1.672463 3.814845 -0.021016
v 1.704484 3.832099 -0.021016
v 1.739980 3.838759 -0.021016
v 1.776220 3.836488 -0.026894
v 1.808914 3.820785 -0.026894
v 1.834860 3.795600 -0.026894
v 1.851517 3.763392 -0.026894
v 1.857257 3.727319 -0.026894
v 1.851517 3.690912 -0.026894
v 1.834860 3.657732 -0.026894
v 1.808914 3.631029 -0.026894
v 1.776220 3.613415 -0.026894
v 1.739980 3.606615 -0.026894
v 1.703739 3.611295 -0.026894
v 1.671046 3.626998 -0.026894
v 1.645100 3.652183 -0.026894
v 1.628443 3.684390 -0.026894
v 1.622703 3.720463 -0.026894
v 1.628443 3.756869 -0.026894
v 1.645100 3.790050 -0.026894
v 1.671046 3.816754 -0.026894
v 1.703739 3.834367 -0.026894
v 1.739980 3.841168 -0.026894
v 1.777279 3.839772 -0.031495
v 1.810925 3.823613 -0.031495
v 1.837630 3.797692 -0.031495
v 1.854773 3.764545 -0.031495
v 1.860680 3.727422 -0.031495
v 1.854773 3.689949 -0.031495
v 1.837629 3.655801 -0.031495
v 1.810925 3.628318 -0.031495
v 1.777279 3.610191 -0.031495
v 1.739980 3.603192 -0.031495
v 1.702682 3.608008 -0.031495
v 1.669035 3.624168 -0.031495
v 1.642331 3.650090 -0.031495
v 1.625188 3.683236 -0.031495
v 1.619280 3.720361 -0.031495
v 1.625188 3.757832 -0.031495
v 1.642331 3.791980 -0.031495
v 1.669035 3.819464 -0.031495
v 1.702682 3.837593 -0.031495
v 1.739980 3.844590 -0.031495
v 1.778520 3.843633 -0.034315
v 1.813289 3.826934 -0.034315
v 1.840880 3.800149 -0.034315
v 1.858596 3.765900 -0.034315
v 1.864700 3.727538 -0.034315
v 1.858596 3.688820 -0.034315
v 1.840881 3.653534 -0.034315
v 1.813290 3.625134 -0.034315
v 1.778520 3.606404 -0.034315
v 1.739980 3.599173 -0.034315
v 1.701440 3.604151 -0.034315
v 1.666671 3.620850 -0.034315
v 1.639080 3.647635 -0.034315
v 1.621365 3.681883 -0.034315
v 1.615260 3.720246 -0.034315
v 1.621365 3.758963 -0.034315
v 1.639080 3.794250 -0.034315
v 1.666671 3.822647 -0.034315
v 1.701440 3.841378 -0.034315
v 1.739980 3.848610 -0.034315
v 1.780004 3.848241 -0.035403
v 1.816109 3.830900 -0.035403
v 1.844763 3.803085 -0.035403
v 1.863160 3.767516 -0.035403
v 1.869499 3.727680 -0.035403
v 1.863160 3.687470 -0.035403
v 1.844763 3.650826 -0.035403
v 1.816109 3.621335 -0.035403
v 1.780004 3.601882 -0.035403
v 1.739980 3.594374 -0.035403
v 1.699956 3.599541 -0.035403
v 1.663851 3.616881 -0.035403
v 1.635196 3.644697 -0.035403
v 1.616800 3.680265 -0.035403
v 1.610461 3.720103 -0.035403
v 1.616800 3.760312 -0.035403
v 1.635196 3.796956 -0.035403
v 1.663851 3.826447 -0.035403
v 1.699956 3.845899 -0.035403
v 1.739980 3.853410 -0.035403
v 1.781778 3.853753 -0.034388
v 1.819484 3.835642 -0.034388
v 1.849408 3.806594 -0.034388
v 1.868621 3.769450 -0.034388
v 1.875239 3.727847 -0.034388
v 1.868621 3.685856 -0.034388
v 1.849408 3.647588 -0.034388
v 1.819484 3.616789 -0.034388
v 1.781778 3.596473 -0.034388
v 1.739980 3.588632 -0.034388
v 1.698183 3.594030 -0.034388
v 1.660476 3.612140 -0.034388
v 1.630552 3.641189 -0.034388
v 1.611340 3.678332 -0.034388
v 1.604720 3.719937 -0.034388
v 1.611340 3.761925 -0.034388
v 1.630552 3.800193 -0.034388
v 1.660476 3.830993 -0.034388
v 1.698183 3.851308 -0.034388
v 1.739980 3.859149 -0.034388
v 1.783558 3.859285 -0.031452
v 1.822871 3.840404 -0.031452
v 1.854069 3.810117 -0.031452
v 1.874100 3.771391 -0.031452
v 1.881003 3.728015 -0.031452
v 1.874100 3.684235 -0.031452
v 1.854069 3.644337 -0.031452
v 1.822872 3.612228 -0.031452
v 1.783559 3.591046 -0.031452
v 1.739980 3.582870 -0.031452
v 1.696401 3.588498 -0.031452
v 1.657089 3.607379 -0.031452
v 1.625891 3.637666 -0.031452
v 1.605860 3.676389 -0.031452
v 1.598957 3.719766 -0.031452
v 1.605860 3.763546 -0.031452
v 1.625891 3.803444 -0.031452
v 1.657089 3.835556 -0.031452
v 1.696401 3.856736 -0.031452
v 1.739980 3.864912 -0.031452
v 1.784972 3.863675 -0.026879
v 1.825559 3.844182 -0.026879
v 1.857769 3.812912 -0.026879
v 1.878450 3.772932 -0.026879
v 1.885575 3.728148 -0.026879
v 1.878450 3.682951 -0.026879
v 1.857769 3.641757 -0.026879
v 1.825559 3.608605 -0.026879
v 1.784972 3.586739 -0.026879
v 1.739980 3.578296 -0.026879
v 1.694989 3.584108 -0.026879
v 1.654401 3.603601 -0.026879
v 1.622191 3.634868 -0.026879
v 1.601510 3.674851 -0.026879
v 1.594385 3.719635 -0.026879
v 1.601510 3.764833 -0.026879
v 1.622191 3.806024 -0.026879
v 1.654401 3.839175 -0.026879
v 1.694989 3.861044 -0.026879
v 1.739980 3.869486 -0.026879
v 1.785879 3.866493 -0.021118
v 1.827285 3.846607 -0.021118
v 1.860145 3.814708 -0.021118
v 1.881241 3.773921 -0.021118
v 1.888511 3.728235 -0.021118
v 1.881242 3.682123 -0.021118
v 1.860145 3.640101 -0.021118
v 1.827285 3.606282 -0.021118
v 1.785879 3.583974 -0.021118
v 1.739980 3.575360 -0.021118
v 1.694082 3.581290 -0.021118
v 1.652676 3.601176 -0.021118
v 1.619815 3.633074 -0.021118
v 1.598719 3.673862 -0.021118
v 1.591448 3.719548 -0.021118
v 1.598719 3.765658 -0.021118
v 1.619815 3.807680 -0.021118
v 1.652676 3.841502 -0.021118
v 1.694082 3.863809 -0.021118
v 1.739980 3.872421 -0.021118
v 1.786192 3.867466 -0.014730
v 1.827880 3.847443 -0.014730
v 1.860963 3.815327 -0.014730
v 1.882204 3.774259 -0.014730
v 1.889523 3.728264 -0.014730
v 1.882204 3.681841 -0.014730
v 1.860963 3.639531 -0.014730
v 1.827880 3.605480 -0.014730
v 1.786192 3.583019 -0.014730
v 1.739980 3.574348 -0.014730
v 1.693769 3.580317 -0.014730
v 1.652081 3.600340 -0.014730
v 1.618997 3.632456 -0.014730
v 1.597756 3.673521 -0.014730
v 1.590438 3.719519 -0.014730
v 1.597756 3.765943 -0.014730
v 1.618997 3.808252 -0.014730
v 1.652081 3.842304 -0.014730
v 1.693769 3.864762 -0.014730
v 1.739980 3.873433 -0.014730
v 1.785879 3.866493 -0.008342
v 1.827285 3.846607 -0.008342
v 1.860145 3.814708 -0.008342
v 1.881242 3.773921 -0.008342
v 1.888511 3.728235 -0.008342
v 1.881242 3.682123 -0.008342
v 1.860145 3.640101 -0.008342
v 1.827285 3.606282 -0.008342
v 1.785879 3.583974 -0.008342
v 1.739980 3.575360 -0.008342
v 1.694082 3.581290 -0.008342
v 1.652676 3.601176 -0.008342
v 1.619815 3.633074 -0.008342
v 1.598719 3.673862 -0.008342
v 1.591448 3.719548 -0.008342
v 1.598719 3.765658 -0.008342
v 1.619815 3.807680 -0.008342
v 1.652676 3.841502 -0.008342
v 1.694082 3.863809 -0.008342
v 1.739980 3.872421 -0.008342
v 1.784972 3.863675 -0.002579
v 1.825559 3.844182 -0.002579
v 1.857769 3.812912 -0.002579
v 1.878450 3.772932 -0.002579
v 1.885575 3.728148 -0.002579
v 1.878450 3.682951 -0.002579
v 1.857769 3.641757 -0.002579
v 1.825559 3.608605 -0.002579
v 1.784972 3.586739 -0.002579
v 1.739980 3.578296 -0.002579
v 1.694989 3.584108 -0.002579
v 1.654401 3.603601 -0.002579
v 1.622191 3.634868 -0.002579
v 1.601510 3.674851 -0.002579
v 1.594385 3.719635 -0.002579
v 1.601510 3.764833 -0.002579
v 1.622191 3.806024 -0.002579
v 1.654401 3.839175 -0.002579
v 1.694989 3.861044 -0.002579
v 1.739980 3.869486 -0.002579
v 1.783559 3.859285 0.001994
v 1.822872 3.840404 0.001994
v 1.854070 3.810117 0.001994
v 1.874101 3.771391 0.001994
v 1.881003 3.728015 0.001994
v 1.874100 3.684235 0.001994
v 1.854069 3.644337 0.001994
v 1.822872 3.612228 0.001994
v 1.783559 3.591046 0.001994
v 1.739980 3.582870 0.001994
v 1.696401 3.588498 0.001994
v 1.657089 3.607379 0.001994
v 1.625891 3.637666 0.001994
v 1.605860 3.676389 0.001994
v 1.598957 3.719766 0.001994
v 1.605860 3.763546 0.001994
v 1.625891 3.803444 0.001994
v 1.657089 3.835556 0.001994
v 1.696401 3.856736 0.001994
v 1.739980 3.864912 0.001994
v 1.781778 3.853753 0.004930
v 1.819483 3.835642 0.004930
v 1.849408 3.806594 0.004930
v 1.868620 3.769450 0.004930
v 1.875239 3.727847 0.004930
v 1.868621 3.685856 0.004930
v 1.849408 3.647588 0.004930
v 1.819483 3.616789 0.004930
v 1.781778 3.596473 0.004930
v 1.739980 3.588632 0.004930
v 1.698183 3.594030 0.004930
v 1.660476 3.612140 0.004930
v 1.630553 3.641189 0.004930
v 1.611340 3.678332 0.004930
v 1.604721 3.719937 0.004930
v 1.611340 3.761925 0.004930
v 1.630553 3.800193 0.004930
v 1.660476 3.830993 0.004930
v 1.698183 3.851308 0.004930
v 1.739980 3.859149 0.004930
v 1.780023 3.848302 0.005819
v 1.816147 3.830951 0.005819
v 1.844815 3.803123 0.005819
v 1.863221 3.767539 0.005819
v 1.869563 3.727682 0.005819
v 1.863221 3.687451 0.005819
v 1.844815 3.650790 0.005819
v 1.816147 3.621286 0.005819
v 1.780023 3.601823 0.005819
v 1.739980 3.594309 0.005819
v 1.699937 3.599480 0.005819
v 1.663812 3.616831 0.005819
v 1.635145 3.644658 0.005819
v 1.616739 3.680244 0.005819
v 1.610397 3.720102 0.005819
v 1.616739 3.760329 0.005819
v 1.635145 3.796991 0.005819
v 1.663812 3.826498 0.005819
v 1.699937 3.845960 0.005819
v 1.739980 3.853473 0.005819
v 1.778321 3.843010 0.004661
v 1.812908 3.826399 0.004661
v 1.840356 3.799752 0.004661
v 1.857979 3.765681 0.004661
v 1.864052 3.727520 0.004661
v 1.857980 3.689002 0.004661
v 1.840356 3.653900 0.004661
v 1.812908 3.625647 0.004661
v 1.778321 3.607014 0.004661
v 1.739980 3.599821 0.004661
v 1.701640 3.604772 0.004661
v 1.667052 3.621385 0.004661
v 1.639604 3.648028 0.004661
v 1.621981 3.682100 0.004661
v 1.615909 3.720264 0.004661
v 1.621981 3.758780 0.004661
v 1.639604 3.793883 0.004661
v 1.667052 3.822133 0.004661
v 1.701640 3.840769 0.004661
v 1.739980 3.847960 0.004661
v 1.777066 3.839114 0.001683
v 1.810521 3.823045 0.001683
v 1.837073 3.797272 0.001683
v 1.854118 3.764313 0.001683
v 1.859991 3.727400 0.001683
v 1.854118 3.690144 0.001683
v 1.837072 3.656190 0.001683
v 1.810521 3.628864 0.001683
v 1.777066 3.610838 0.001683
v 1.739980 3.603881 0.001683
v 1.702895 3.608670 0.001683
v 1.669439 3.624738 0.001683
v 1.642889 3.650512 0.001683
v 1.625842 3.683468 0.001683
v 1.619968 3.720381 0.001683
v 1.625842 3.757639 0.001683
v 1.642889 3.791593 0.001683
v 1.669439 3.818919 0.001683
v 1.702895 3.836944 0.001683
v 1.739980 3.843900 0.001683
v 1.776135 3.836220 -0.002805
v 1.808751 3.820556 -0.002805
v 1.834635 3.795429 -0.002805
v 1.851253 3.763300 -0.002805
v 1.856980 3.727314 -0.002805
v 1.851253 3.690991 -0.002805
v 1.834635 3.657888 -0.002805
v 1.808751 3.631249 -0.002805
v 1.776135 3.613676 -0.002805
v 1.739980 3.606892 -0.002805
v 1.703825 3.611562 -0.002805
v 1.671209 3.627226 -0.002805
v 1.645325 3.652355 -0.002805
v 1.628706 3.684483 -0.002805
v 1.622981 3.720470 -0.002805
v 1.628706 3.756792 -0.002805
v 1.645325 3.789893 -0.002805
v 1.671209 3.816535 -0.002805
v 1.703825 3.834108 -0.002805
v 1.739980 3.840890 -0.002805
v 1.775572 3.834475 -0.007993
v 1.807681 3.819053 -0.007993
v 1.833163 3.794318 -0.007993
v 1.849523 3.762686 -0.007993
v 1.855161 3.727260 -0.007993
v 1.849523 3.691503 -0.007993
v 1.833163 3.658916 -0.007993
v 1.807681 3.632689 -0.007993
v 1.775572 3.615388 -0.007993
v 1.739980 3.608711 -0.007993
v 1.704388 3.613308 -0.007993
v 1.672278 3.628730 -0.007993
v 1.646797 3.653466 -0.007993
v 1.630436 3.685096 -0.007993
v 1.624799 3.720524 -0.007993
v 1.630436 3.756281 -0.007993
v 1.646797 3.788866 -0.007993
v 1.672278 3.815093 -0.007993
v 1.704388 3.832392 -0.007993
v 1.739980 3.839072 -0.007993
v 0.887100 3.649351 0.013163
v 0.893782 3.638643 0.020181
v 0.901900 3.625635 0.019917
v 0.908464 3.615122 0.013163
v 0.908464 3.615122 -0.035434
v 0.901900 3.625635 -0.042187
v 0.893707 3.638757 -0.041739
v 0.887100 3.649351 -0.035434
v 0.909763 3.613087 -0.011134
v 0.882547 3.656647 -0.011134
v 0.939547 3.674486 0.013163
v 0.944228 3.663211 0.020181
v 0.949921 3.649493 0.019918
v 0.954534 3.638381 0.013163
v 0.955324 3.636150 -0.011134
v 0.954534 3.638381 -0.035434
v 0.949921 3.649493 -0.042188
v 0.944176 3.663335 -0.041739
v 0.939547 3.674486 -0.035434
v 0.936359 3.682156 -0.011134
v 1.046344 3.702472 0.013163
v 1.046293 3.691371 0.020181
v 1.046243 3.677819 0.019918
v 1.046217 3.666797 0.013163
v 1.046064 3.664580 -0.011134
v 1.046217 3.666797 -0.035434
v 1.046243 3.677819 -0.042188
v 1.046295 3.691491 -0.041739
v 1.046344 3.702472 -0.035434
v 1.046379 3.710004 -0.011134
v 0.858798 3.585886 -0.035434
v 0.860494 3.584145 -0.011134
v 0.858798 3.585886 0.013163
v 0.852218 3.596027 0.019917
v 0.844077 3.608607 0.020181
v 0.837376 3.618977 0.013163
v 0.832812 3.626044 -0.011134
v 0.837376 3.618977 -0.035434
v 0.844004 3.608721 -0.041739
v 0.852218 3.596027 -0.042187
v 0.994220 3.694035 -0.035434
v 0.992506 3.701795 -0.011134
v 0.994220 3.694035 0.013163
v 0.996742 3.682606 0.020181
v 0.999819 3.668674 0.019918
v 1.002327 3.657361 0.013163
v 1.002569 3.655042 -0.011134
v 1.002327 3.657361 -0.035434
v 0.999819 3.668674 -0.042188
v 0.996714 3.682731 -0.041739
v 1.147122 3.678836 0.013163
v 1.142541 3.671103 0.020181
v 1.136960 3.661677 0.019918
v 1.132434 3.654025 0.013163
v 1.131563 3.652440 -0.011134
v 1.132434 3.654025 -0.035434
v 1.136960 3.661677 -0.042187
v 1.142592 3.671187 -0.041739
v 1.147122 3.678836 -0.035434
v 1.150234 3.684090 -0.011134
v 1.187912 3.647404 0.013163
v 1.181350 3.642011 0.020181
v 1.173372 3.635453 0.019918
v 1.166914 3.630142 0.013163
v 1.165721 3.628961 -0.011134
v 1.166914 3.630142 -0.035434
v 1.173372 3.635453 -0.042187
v 1.181423 3.642069 -0.041739
v 1.187912 3.647404 -0.035434
v 1.192376 3.651070 -0.011134
v 1.206904 3.616780 0.013163
v 1.199049 3.612727 0.020181
v 1.189499 3.607795 0.019918
v 1.181767 3.603799 0.013163
v 1.180325 3.602885 -0.011134
v 1.181767 3.603799 -0.035434
v 1.189499 3.607795 -0.042187
v 1.199137 3.612769 -0.041739
v 1.206904 3.616780 -0.035434
v 1.212248 3.619539 -0.011134
v 1.216098 3.573537 0.013163
v 1.208935 3.571336 0.020181
v 1.200254 3.568634 0.019918
v 1.193249 3.566420 0.013163
v 1.191942 3.565828 -0.011134
v 1.193249 3.566420 -0.035434
v 1.200254 3.568634 -0.042187
v 1.209015 3.571361 -0.041739
v 1.216098 3.573537 -0.035434
v 1.220977 3.575032 -0.011134
v 1.210502 3.529210 0.013163
v 1.204446 3.529181 0.020181
v 1.197085 3.529145 0.019918
v 1.191124 3.529112 0.013163
v 1.189959 3.528954 -0.011134
v 1.191124 3.529112 -0.035434
v 1.197085 3.529145 -0.042187
v 1.204514 3.529184 -0.041739
v 1.210502 3.529210 -0.035434
v 1.214620 3.529231 -0.011134
v 1.191371 3.489916 0.013163
v 1.185880 3.493656 0.020181
v 1.179201 3.498203 0.019918
v 1.173793 3.501884 0.013163
v 1.172622 3.502522 -0.011134
v 1.173793 3.501884 -0.035434
v 1.179201 3.498203 -0.042187
v 1.185940 3.493615 -0.041739
v 1.191371 3.489916 -0.035434
v 1.195107 3.487370 -0.011134
v 1.164631 3.464380 0.013163
v 1.161274 3.470130 0.020181
v 1.157194 3.477114 0.019918
v 1.153886 3.482774 0.013163
v 1.153105 3.483848 -0.011134
v 1.153886 3.482774 -0.035434
v 1.157194 3.477114 -0.042187
v 1.161310 3.470065 -0.041739
v 1.164631 3.464380 -0.035434
v 1.166914 3.460473 -0.011134
v 1.115862 3.449058 0.013163
v 1.116798 3.456227 0.020181
v 1.117936 3.464945 0.019918
v 1.118855 3.472011 0.013163
v 1.118914 3.473455 -0.011134
v 1.118855 3.472011 -0.035434
v 1.117936 3.464945 -0.042187
v 1.116787 3.456148 -0.041739
v 1.115862 3.449058 -0.035434
v 1.115225 3.444181 -0.011134
v 1.075073 3.458471 0.013163
v 1.078591 3.464684 0.020181
v 1.082866 3.472243 0.019918
v 1.086326 3.478363 0.013163
v 1.086924 3.479676 -0.011134
v 1.086326 3.478363 -0.035434
v 1.082866 3.472243 -0.042187
v 1.078551 3.464617 -0.041739
v 1.075073 3.458471 -0.035434
v 1.072678 3.454242 -0.011134
v 1.042042 3.485232 0.013163
v 1.047623 3.489301 0.020181
v 1.054406 3.494245 0.019918
v 1.059902 3.498251 0.013163
v 1.060940 3.499166 -0.011134
v 1.059902 3.498251 -0.035434
v 1.054406 3.494245 -0.042187
v 1.047559 3.489256 -0.041739
v 1.042042 3.485232 -0.035434
v 1.038243 3.482467 -0.011134
v 1.023638 3.522649 0.013163
v 1.029219 3.526718 0.020181
v 1.036004 3.531663 0.019918
v 1.041500 3.535669 0.013163
v 1.042537 3.536582 -0.011134
v 1.041500 3.535669 -0.035434
v 1.036004 3.531663 -0.042187
v 1.029157 3.526670 -0.041739
v 1.023638 3.522649 -0.035434
v 1.019841 3.519886 -0.011134
v 1.009325 3.555460 0.013163
v 1.014905 3.559528 0.020181
v 1.021691 3.564475 0.019918
v 1.027186 3.568482 0.013163
v 1.028224 3.569395 -0.011134
v 1.027186 3.568482 -0.035434
v 1.021691 3.564475 -0.042187
v 1.014843 3.559484 -0.041739
v 1.009325 3.555460 -0.035434
v 1.005528 3.552697 -0.011134
v 1.017766 3.561642 -0.011010
v 0.699743 3.477014 -0.035434
v 0.701439 3.475274 -0.011134
v 0.699743 3.477014 0.013163
v 0.693163 3.487154 0.019917
v 0.685022 3.499713 0.020181
v 0.678321 3.510071 0.013163
v 0.673756 3.517122 -0.011134
v 0.678321 3.510071 -0.035434
v 0.684948 3.499828 -0.041739
v 0.693163 3.487154 -0.042187
v 0.546507 3.378455 -0.035434
v 0.548204 3.376731 -0.011134
v 0.546507 3.378455 0.013163
v 0.539927 3.388391 0.019917
v 0.531786 3.400706 0.020181
v 0.525085 3.410845 0.013163
v 0.520521 3.417736 -0.011134
v 0.525085 3.410845 -0.035434
v 0.531710 3.400812 -0.041739
v 0.539927 3.388391 -0.042187
v 0.464314 3.342904 -0.035434
v 0.465313 3.340930 -0.011134
v 0.464314 3.342904 0.013163
v 0.461444 3.353621 0.019917
v 0.457903 3.366947 0.020181
v 0.454991 3.377930 0.013163
v 0.453010 3.385380 -0.011134
v 0.454991 3.377930 -0.035434
v 0.457868 3.367069 -0.041739
v 0.461444 3.353621 -0.042187
v 0.379144 3.327489 -0.035434
v 0.379414 3.325460 -0.011134
v 0.379144 3.327489 0.013163
v 0.380076 3.337950 0.019917
v 0.381249 3.350933 0.020181
v 0.382224 3.361663 0.013163
v 0.382890 3.368944 -0.011134
v 0.382224 3.361663 -0.035434
v 0.381259 3.351050 -0.041739
v 0.380076 3.337950 -0.042187
v 0.307763 3.337527 -0.035434
v 0.307159 3.335458 -0.011134
v 0.307763 3.337527 0.013163
v 0.312841 3.346967 0.019917
v 0.319150 3.358661 0.020181
v 0.324360 3.368294 0.013163
v 0.327908 3.374856 -0.011134
v 0.324360 3.368294 -0.035434
v 0.319209 3.358768 -0.041739
v 0.312841 3.346967 -0.042187
v 0.250926 3.370868 -0.035434
v 0.249879 3.369040 -0.011134
v 0.250926 3.370868 0.013163
v 0.258020 3.378683 0.019917
v 0.266812 3.388350 0.020181
v 0.274051 3.396308 0.013163
v 0.278976 3.401727 -0.011134
v 0.274051 3.396308 -0.035434
v 0.266891 3.388439 -0.041739
v 0.258020 3.378683 -0.042187
v 0.210733 3.423603 -0.035434
v 0.209272 3.422180 -0.011134
v 0.210733 3.423603 0.013163
v 0.219403 3.429204 0.019917
v 0.230154 3.436159 0.020181
v 0.239019 3.441900 0.013163
v 0.245057 3.445786 -0.011134
v 0.239019 3.441900 -0.035434
v 0.230254 3.436225 -0.041739
v 0.219403 3.429204 -0.042187
v 0.192638 3.489419 -0.035434
v 0.190685 3.488737 -0.011134
v 0.192638 3.489419 0.013163
v 0.202889 3.490737 0.019917
v 0.215607 3.492367 0.020181
v 0.226102 3.493707 0.013163
v 0.233256 3.494586 -0.011134
v 0.226102 3.493707 -0.035434
v 0.215725 3.492385 -0.041739
v 0.202889 3.490737 -0.042187
v 0.199035 3.558299 -0.035434
v 0.196877 3.558417 -0.011134
v 0.199035 3.558299 0.013163
v 0.209173 3.555204 0.019917
v 0.221749 3.551348 0.020181
v 0.232123 3.548137 0.013163
v 0.239199 3.545913 -0.011134
v 0.232123 3.548137 -0.035434
v 0.221867 3.551312 -0.041739
v 0.209173 3.555204 -0.042187
v 0.228287 3.619740 -0.035434
v 0.226408 3.620645 -0.011134
v 0.228287 3.619740 0.013163
v 0.236341 3.613148 0.019917
v 0.246320 3.604936 0.020181
v 0.254549 3.598125 0.013163
v 0.260159 3.593455 -0.011134
v 0.254549 3.598125 -0.035434
v 0.246414 3.604859 -0.041739
v 0.236341 3.613148 -0.042187
v 0.274708 3.660833 -0.035434
v 0.273338 3.662273 -0.011134
v 0.274708 3.660833 0.013163
v 0.279664 3.652212 0.019917
v 0.285804 3.641490 0.020181
v 0.290872 3.632625 0.013163
v 0.294332 3.626579 -0.011134
v 0.290872 3.632625 -0.035434
v 0.285864 3.641391 -0.041739
v 0.279664 3.652212 -0.042187
v 0.333636 3.682153 -0.035434
v 0.332951 3.683887 -0.011134
v 0.333637 3.682153 0.013163
v 0.334899 3.672986 0.019917
v 0.336450 3.661601 0.020181
v 0.337730 3.652194 0.013163
v 0.338607 3.645806 -0.011134
v 0.337730 3.652194 -0.035434
v 0.336468 3.661492 -0.041739
v 0.334899 3.672986 -0.042187
v 0.386932 3.681637 -0.035434
v 0.386942 3.683388 -0.011134
v 0.386932 3.681637 0.013163
v 0.384957 3.673450 0.019917
v 0.382490 3.663286 0.020181
v 0.380443 3.654894 0.013163
v 0.379044 3.649182 -0.011134
v 0.380443 3.654894 -0.035434
v 0.382469 3.663190 -0.041739
v 0.384957 3.673450 -0.042187
v 0.432604 3.662227 -0.035434
v 0.433252 3.663801 -0.011134
v 0.432604 3.662227 0.013163
v 0.428075 3.655843 0.019917
v 0.422450 3.647923 0.020181
v 0.417805 3.641373 0.013163
v 0.414639 3.636907 -0.011134
v 0.417805 3.641373 -0.035434
v 0.422400 3.647845 -0.041739
v 0.428075 3.655843 -0.042187
v 0.465762 3.626674 -0.035434
v 0.466956 3.627874 -0.011134
v 0.465762 3.626674 0.013163
v 0.459296 3.622774 0.019917
v 0.451281 3.617929 0.020181
v 0.444673 3.613917 0.013163
v 0.440171 3.611165 -0.011134
v 0.444673 3.613917 -0.035434
v 0.451208 3.617880 -0.041739
v 0.459296 3.622774 -0.042187
v 0.477092 3.585825 -0.035434
v 0.478641 3.586493 -0.011134
v 0.477092 3.585825 0.013163
v 0.469391 3.584708 0.019917
v 0.459848 3.583314 0.020181
v 0.451981 3.582151 0.013163
v 0.446624 3.581339 -0.011134
v 0.451981 3.582151 -0.035434
v 0.459760 3.583296 -0.041739
v 0.469391 3.584708 -0.042187
v 0.473234 3.544541 -0.035434
v 0.474870 3.544646 -0.011134
v 0.473234 3.544541 0.013163
v 0.465893 3.546150 0.019917
v 0.456802 3.548136 0.020181
v 0.449311 3.549758 0.013163
v 0.444208 3.550839 -0.011134
v 0.449311 3.549758 -0.035434
v 0.456717 3.548150 -0.041739
v 0.465893 3.546150 -0.042187
v 0.448829 3.502366 -0.035434
v 0.450269 3.501699 -0.011134
v 0.448829 3.502366 0.013163
v 0.443319 3.507136 0.019917
v 0.436502 3.513030 0.020181
v 0.430892 3.517868 0.013163
v 0.427069 3.521138 -0.011134
v 0.430892 3.517868 -0.035434
v 0.436438 3.513078 -0.041739
v 0.443319 3.507136 -0.042187
v 0.410545 3.471325 -0.035434
v 0.411528 3.470030 -0.011134
v 0.410545 3.471325 0.013163
v 0.407862 3.478456 0.019917
v 0.404552 3.487267 0.020181
v 0.401835 3.494500 0.013163
v 0.409585 3.506507 -0.011134
v 0.401835 3.494500 -0.035434
v 0.404520 3.487345 -0.041739
v 0.407862 3.478456 -0.042187
v 0.322545 3.451553 -0.035434
v 0.322982 3.449889 -0.011134
v 0.322545 3.451553 0.013163
v 0.322697 3.459469 0.019917
v 0.322900 3.469240 0.020181
v 0.323078 3.477254 0.013163
v 0.328440 3.479785 -0.011107
v 0.323078 3.477254 -0.035434
v 0.322900 3.469328 -0.041739
v 0.322697 3.459469 -0.042187
v 0.369119 3.466477 -0.042187
v 0.371836 3.459142 -0.035434
v 0.372847 3.457748 -0.011134
v 0.371836 3.459142 0.013163
v 0.369119 3.466477 0.019917
v 0.365759 3.475549 0.020181
v 0.362989 3.483009 0.013163
v 0.363929 3.481078 -0.039742
v 0.365725 3.475625 -0.041739
v 0.322897 3.465005 -0.011016
v 0.394531 3.497140 0.001076
v 0.388699 3.496798 -0.011134
v 0.361225 3.488372 0.001755
v 0.360785 3.490163 -0.011134
v 0.392497 3.496415 -0.023507
v 0.361484 3.488356 -0.027181
v 0.323360 3.482126 0.003856
v 0.326189 3.484500 -0.011131
v 0.323771 3.482335 -0.025909
v 0.326324 3.452134 -0.035434
v 0.326256 3.460008 -0.042187
v 0.326183 3.469811 -0.041739
v 0.326209 3.477548 -0.035763
v 0.336841 3.485214 -0.023496
v 0.344167 3.487391 -0.011138
v 0.335791 3.484881 0.001436
v 0.326137 3.477695 0.013163
v 0.326185 3.469726 0.020181
v 0.326256 3.460008 0.019917
v 0.326324 3.452134 0.013163
v 0.326805 3.450492 -0.011134
v 1.028659 3.565104 -0.035434
v 1.029697 3.566020 -0.011134
v 1.028659 3.565104 0.013163
v 1.023164 3.561099 0.019918
v 1.016377 3.556153 0.020181
v 1.010798 3.552086 0.013163
v 1.007000 3.549321 -0.011134
v 1.010798 3.552086 -0.035434
v 1.016316 3.556109 -0.041739
v 1.023164 3.561099 -0.042187
v 1.092671 3.676080 -0.042187
v 1.090328 3.666217 -0.035434
v 1.089819 3.664242 -0.011134
v 1.090328 3.666217 0.013163
v 1.092671 3.676080 0.019918
v 1.095565 3.688217 0.020181
v 1.097942 3.698169 0.013163
v 1.099557 3.704923 -0.011134
v 1.097942 3.698169 -0.035434
v 1.095593 3.688327 -0.041739
v 1.205322 3.705753 0.009602
v 1.221456 3.706225 0.016017
v 1.241447 3.706810 0.016025
v 1.257664 3.707284 0.009640
v 1.257664 3.707284 -0.034989
v 1.241447 3.706810 -0.041374
v 1.221456 3.706225 -0.041366
v 1.205322 3.705753 -0.034952
v 1.264209 3.707476 -0.012675
v 1.205053 3.705744 -0.012675
v 1.210458 3.618383 0.009424
v 1.225860 3.620777 0.015788
v 1.244912 3.623739 0.015798
v 1.260337 3.626143 0.009465
v 1.260337 3.626143 -0.034813
v 1.244912 3.623739 -0.041147
v 1.225860 3.620777 -0.041137
v 1.210458 3.618383 -0.034772
v 1.222252 3.549367 0.009012
v 1.235772 3.554375 0.015272
v 1.252511 3.560575 0.015299
v 1.266071 3.565600 0.009089
v 1.266071 3.565600 -0.034438
v 1.252511 3.560575 -0.040649
v 1.235772 3.554375 -0.040620
v 1.222252 3.549367 -0.034361
v 1.248659 3.486399 0.007518
v 1.259971 3.493692 0.013337
v 1.273959 3.502710 0.013348
v 1.285273 3.510019 0.007562
v 1.285273 3.510019 -0.032910
v 1.273959 3.502710 -0.038698
v 1.259971 3.493692 -0.038685
v 1.248659 3.486399 -0.032867
v 1.293252 3.433614 0.005278
v 1.301726 3.443651 0.010448
v 1.312196 3.456065 0.010455
v 1.320656 3.466106 0.005310
v 1.320656 3.466106 -0.030658
v 1.312196 3.456065 -0.035804
v 1.301726 3.443651 -0.035797
v 1.293252 3.433614 -0.030626
v 1.350416 3.397012 0.005139
v 1.355609 3.408849 0.010265
v 1.362027 3.423473 0.010267
v 1.367213 3.435301 0.005161
v 1.367213 3.435301 -0.030510
v 1.362027 3.423473 -0.035617
v 1.355609 3.408849 -0.035614
v 1.350416 3.397012 -0.030487
v 1.410836 3.379746 0.005135
v 1.413020 3.390680 0.010260
v 1.415719 3.404184 0.010260
v 1.417903 3.415100 0.005153
v 1.417903 3.415100 -0.030502
v 1.415719 3.404184 -0.035608
v 1.413020 3.390680 -0.035608
v 1.410836 3.379746 -0.030485
v 1.468693 3.381207 0.005156
v 1.467667 3.391905 0.010285
v 1.466400 3.405123 0.010285
v 1.465374 3.415813 0.005172
v 1.465374 3.415813 -0.030521
v 1.466400 3.405123 -0.035634
v 1.467667 3.391905 -0.035634
v 1.468693 3.381207 -0.030505
v 1.525659 3.399988 0.005170
v 1.519870 3.407764 0.010303
v 1.512718 3.417373 0.010303
v 1.506927 3.425145 0.005186
v 1.506927 3.425145 -0.030534
v 1.512718 3.417373 -0.035652
v 1.519870 3.407764 -0.035652
v 1.525659 3.399988 -0.030518
v 1.566804 3.424931 0.005177
v 1.561075 3.432213 0.010313
v 1.553995 3.441214 0.010313
v 1.548262 3.448491 0.005194
v 1.548262 3.448491 -0.030543
v 1.553995 3.441214 -0.035662
v 1.561075 3.432213 -0.035662
v 1.566804 3.424931 -0.030526
v 1.603222 3.458831 0.005177
v 1.595378 3.465021 0.010313
v 1.585683 3.472680 0.010313
v 1.577843 3.478873 0.005194
v 1.577843 3.478873 -0.030543
v 1.585683 3.472680 -0.035661
v 1.595378 3.465021 -0.035661
v 1.603222 3.458831 -0.030526
v 1.623535 3.496908 0.005177
v 1.615050 3.499970 0.010313
v 1.604571 3.503766 0.010313
v 1.596093 3.506835 0.005194
v 1.596093 3.506835 -0.030543
v 1.604571 3.503766 -0.035661
v 1.615050 3.499970 -0.035661
v 1.623535 3.496908 -0.030526
v 1.632027 3.538562 0.005177
v 1.623615 3.538242 0.010313
v 1.613217 3.537848 0.010313
v 1.604810 3.537531 0.005194
v 1.604810 3.537531 -0.030543
v 1.613217 3.537848 -0.035661
v 1.623615 3.538242 -0.035661
v 1.632027 3.538562 -0.030526
v 1.635938 3.570515 0.005177
v 1.627310 3.569252 0.010313
v 1.616651 3.567688 0.010313
v 1.608029 3.566421 0.005194
v 1.608029 3.566421 -0.030543
v 1.616651 3.567688 -0.035661
v 1.627310 3.569252 -0.035661
v 1.635938 3.570515 -0.030526
v 1.633185 3.606813 0.005177
v 1.624355 3.604490 0.010313
v 1.613444 3.601619 0.010313
v 1.604618 3.599292 0.005194
v 1.604618 3.599292 -0.030543
v 1.613444 3.601619 -0.035661
v 1.624355 3.604490 -0.035661
v 1.633185 3.606813 -0.030526
v 1.618160 3.644494 0.005177
v 1.610151 3.640722 0.010313
v 1.600252 3.636060 0.010313
v 1.592244 3.632283 0.005194
v 1.592244 3.632283 -0.030543
v 1.600252 3.636060 -0.035661
v 1.610151 3.640722 -0.035661
v 1.618160 3.644494 -0.030526
v 1.596239 3.675515 0.005184
v 1.590097 3.670573 0.010313
v 1.582488 3.664462 0.010307
v 1.576316 3.659518 0.005185
v 1.576300 3.659503 -0.030541
v 1.582466 3.664439 -0.035652
v 1.590076 3.670547 -0.035645
v 1.596223 3.675495 -0.030506
v 1.569827 3.698208 0.005181
v 1.565950 3.692827 0.010303
v 1.561120 3.686151 0.010293
v 1.557177 3.680733 0.005171
v 1.557130 3.680718 -0.030536
v 1.561059 3.686126 -0.035642
v 1.565890 3.692794 -0.035629
v 1.569782 3.698176 -0.030487
v 1.539833 3.710258 0.005166
v 1.538164 3.704154 0.010292
v 1.536058 3.696575 0.010288
v 1.534313 3.690423 0.005174
v 1.534238 3.690424 -0.030525
v 1.535962 3.696568 -0.035634
v 1.538069 3.704137 -0.035627
v 1.539760 3.710236 -0.030491
v 1.507167 3.713241 0.005161
v 1.507619 3.706729 0.010304
v 1.508129 3.698667 0.010316
v 1.508495 3.692145 0.005207
v 1.508399 3.692183 -0.030525
v 1.508004 3.698704 -0.035652
v 1.507496 3.706753 -0.035660
v 1.507073 3.713253 -0.030533
v 1.474655 3.706857 0.005212
v 1.477187 3.700504 0.010382
v 1.480262 3.692671 0.010401
v 1.482700 3.686359 0.005283
v 1.482581 3.686420 -0.030567
v 1.480107 3.692746 -0.035728
v 1.477033 3.700573 -0.035761
v 1.474535 3.706907 -0.030631
v 1.444908 3.692005 0.005356
v 1.449155 3.686574 0.010563
v 1.454353 3.679890 0.010572
v 1.458514 3.674515 0.005411
v 1.458390 3.674583 -0.030682
v 1.454194 3.679975 -0.035896
v 1.448996 3.686657 -0.035951
v 1.444786 3.692069 -0.030796
v 1.416008 3.666012 0.005687
v 1.421344 3.662682 0.010939
v 1.427907 3.658572 0.010898
v 1.433193 3.655260 0.005627
v 1.433139 3.655274 -0.030943
v 1.427837 3.658593 -0.036236
v 1.421274 3.662704 -0.036304
v 1.415953 3.666029 -0.031073
v 1.398499 3.631834 0.005800
v 1.404606 3.631098 0.011067
v 1.412108 3.630187 0.011010
v 1.418142 3.629450 0.005700
v 1.418142 3.629450 -0.031050
v 1.412108 3.630187 -0.036359
v 1.404606 3.631098 -0.036416
v 1.398499 3.631834 -0.031149
v 1.394785 3.577810 0.005177
v 1.402702 3.578114 0.010313
v 1.412491 3.578484 0.010313
v 1.420409 3.578788 0.005194
v 1.420409 3.578788 -0.030543
v 1.412491 3.578484 -0.035662
v 1.402703 3.578114 -0.035662
v 1.394785 3.577810 -0.030526
v 1.432788 3.513334 0.001394
v 1.438383 3.513386 0.005441
v 1.445300 3.513450 0.005441
v 1.450895 3.513506 0.001407
v 1.450895 3.513506 -0.026756
v 1.445300 3.513450 -0.030791
v 1.438383 3.513386 -0.030791
v 1.432788 3.513334 -0.026743
v 1.440501 3.508281 -0.023345
v 1.441847 3.506700 -0.012178
v 1.444695 3.508062 -0.023356
v 1.440471 3.508391 -0.001583
v 1.444667 3.508167 -0.001572
v 1.448023 3.508008 -0.003931
v 1.448042 3.507930 -0.020996
v 1.437149 3.508533 -0.020977
v 1.437114 3.508625 -0.003958
v 1.266544 3.627130 -0.012675
v 1.271529 3.567409 -0.012675
v 1.289942 3.512564 -0.012675
v 1.324245 3.469850 -0.012675
v 1.369362 3.439920 -0.012675
v 1.418632 3.419429 -0.012675
v 1.464785 3.420015 -0.012675
v 1.504624 3.428235 -0.012675
v 1.546141 3.451496 -0.012675
v 1.574882 3.481598 -0.012675
v 1.592753 3.508560 -0.012675
v 1.601476 3.537996 -0.012675
v 1.604523 3.566470 -0.012675
v 1.601039 3.599060 -0.012675
v 1.588271 3.630826 -0.012675
v 1.572946 3.657183 -0.012681
v 1.554856 3.678023 -0.012687
v 1.533180 3.687312 -0.012677
v 1.508563 3.688902 -0.012654
v 1.483935 3.683333 -0.012630
v 1.460715 3.672122 -0.012622
v 1.435952 3.654138 -0.012653
v 1.421316 3.629894 -0.012675
v 1.425185 3.579394 -0.012675
v 1.453336 3.512876 -0.012675
v 1.449478 3.507779 -0.012464
v 1.210196 3.618406 -0.012675
v 1.222031 3.549274 -0.012675
v 1.248499 3.486217 -0.012675
v 1.293108 3.433425 -0.012675
v 1.350353 3.396754 -0.012675
v 1.410918 3.379523 -0.012675
v 1.468858 3.381016 -0.012675
v 1.525833 3.399854 -0.012675
v 1.566897 3.424784 -0.012675
v 1.603367 3.458698 -0.012675
v 1.623692 3.496826 -0.012675
v 1.632190 3.538581 -0.012675
v 1.636110 3.570529 -0.012675
v 1.633354 3.606795 -0.012675
v 1.621697 3.641221 -0.011878
v 1.600986 3.673888 -0.011676
v 1.575213 3.697698 -0.011721
v 1.545306 3.711018 -0.011790
v 1.512233 3.716194 -0.011847
v 1.478751 3.712331 -0.011883
v 1.447551 3.699942 -0.011891
v 1.415645 3.673899 -0.011880
v 1.396058 3.638161 -0.011868
v 1.395858 3.582034 -0.012106
v 1.428089 3.515191 -0.012608
v 1.436672 3.509135 -0.012501
v 1.210458 3.793424 0.009424
v 1.225860 3.791931 0.015788
v 1.244912 3.790082 0.015798
v 1.260337 3.788582 0.009465
v 1.260337 3.788582 -0.034813
v 1.244912 3.790082 -0.041146
v 1.225860 3.791931 -0.041137
v 1.210458 3.793424 -0.034772
v 1.222252 3.863130 0.009012
v 1.235772 3.858910 0.015272
v 1.252511 3.853690 0.015299
v 1.266071 3.849458 0.009089
v 1.266071 3.849458 -0.034438
v 1.252511 3.853690 -0.040649
v 1.235772 3.858910 -0.040620
v 1.222252 3.863130 -0.034361
v 1.248659 3.927641 0.007519
v 1.259971 3.921010 0.013337
v 1.273959 3.912808 0.013348
v 1.285273 3.906162 0.007562
v 1.285273 3.906162 -0.032910
v 1.273959 3.912808 -0.038698
v 1.259971 3.921010 -0.038685
v 1.248659 3.927641 -0.032867
v 1.293252 3.983037 0.005278
v 1.301726 3.973491 0.010448
v 1.312196 3.961693 0.010456
v 1.320656 3.952142 0.005310
v 1.320656 3.952142 -0.030658
v 1.312196 3.961693 -0.035804
v 1.301726 3.973491 -0.035797
v 1.293252 3.983037 -0.030626
v 1.350416 4.022981 0.005139
v 1.355609 4.011448 0.010265
v 1.362027 3.997196 0.010267
v 1.367213 3.985673 0.005161
v 1.367213 3.985673 -0.030510
v 1.362027 3.997196 -0.035617
v 1.355609 4.011448 -0.035614
v 1.350416 4.022981 -0.030487
v 1.410836 4.043778 0.005135
v 1.413020 4.032974 0.010260
v 1.415719 4.019627 0.010260
v 1.417903 4.008842 0.005153
v 1.417903 4.008842 -0.030502
v 1.415719 4.019627 -0.035608
v 1.413020 4.032974 -0.035608
v 1.410836 4.043778 -0.030485
v 1.468693 4.045702 0.005156
v 1.467667 4.034946 0.010285
v 1.466400 4.021652 0.010285
v 1.465374 4.010903 0.005172
v 1.465374 4.010903 -0.030521
v 1.466400 4.021652 -0.035634
v 1.467667 4.034946 -0.035634
v 1.468693 4.045702 -0.030505
v 1.525659 4.030252 0.005170
v 1.519870 4.022138 0.010303
v 1.512718 4.012111 0.010303
v 1.506927 4.003999 0.005186
v 1.506927 4.003999 -0.030534
v 1.512718 4.012111 -0.035652
v 1.519870 4.022138 -0.035652
v 1.525659 4.030253 -0.030518
v 1.566804 4.007716 0.005177
v 1.561075 4.000098 0.010313
v 1.553995 3.990685 0.010313
v 1.548262 3.983073 0.005194
v 1.548262 3.983073 -0.030543
v 1.553995 3.990685 -0.035661
v 1.561075 4.000098 -0.035661
v 1.566804 4.007716 -0.030526
v 1.603222 3.975949 0.005177
v 1.595378 3.969296 0.010313
v 1.585683 3.961072 0.010313
v 1.577843 3.954419 0.005194
v 1.577843 3.954419 -0.030543
v 1.585683 3.961072 -0.035661
v 1.595378 3.969296 -0.035661
v 1.603222 3.975949 -0.030526
v 1.623535 3.939059 0.005177
v 1.615050 3.935497 0.010313
v 1.604571 3.931089 0.010313
v 1.596093 3.927527 0.005194
v 1.596093 3.927527 -0.030543
v 1.604571 3.931089 -0.035661
v 1.615050 3.935497 -0.035661
v 1.623535 3.939059 -0.030526
v 1.632027 3.897903 0.005177
v 1.623615 3.897730 0.010313
v 1.613217 3.897512 0.010313
v 1.604810 3.897340 0.005194
v 1.604810 3.897340 -0.030543
v 1.613217 3.897512 -0.035661
v 1.623615 3.897730 -0.035661
v 1.632027 3.897903 -0.030526
v 1.635938 3.866174 0.005177
v 1.627310 3.866935 0.010313
v 1.616651 3.867874 0.010313
v 1.608029 3.868639 0.005194
v 1.608029 3.868639 -0.030543
v 1.616651 3.867874 -0.035661
v 1.627310 3.866935 -0.035661
v 1.635938 3.866174 -0.030526
v 1.633185 3.829718 0.005177
v 1.624355 3.831522 0.010313
v 1.613444 3.833755 0.010313
v 1.604618 3.835568 0.005194
v 1.604618 3.835568 -0.030543
v 1.613444 3.833755 -0.035661
v 1.624355 3.831522 -0.035661
v 1.633185 3.829718 -0.030526
v 1.618160 3.791159 0.005177
v 1.610151 3.794459 0.010313
v 1.600252 3.798546 0.010313
v 1.592244 3.801853 0.005194
v 1.592244 3.801853 -0.030543
v 1.600252 3.798546 -0.035661
v 1.610151 3.794459 -0.035661
v 1.618160 3.791159 -0.030526
v 1.596314 3.758869 0.005177
v 1.590181 3.763441 0.010306
v 1.582582 3.769096 0.010298
v 1.576420 3.773667 0.005176
v 1.576403 3.773688 -0.030549
v 1.582560 3.769124 -0.035660
v 1.590160 3.763473 -0.035653
v 1.596297 3.758894 -0.030512
v 1.569897 3.732666 0.005175
v 1.566033 3.737810 0.010297
v 1.561220 3.744191 0.010286
v 1.557292 3.749367 0.005163
v 1.557245 3.749384 -0.030544
v 1.561160 3.744219 -0.035649
v 1.565973 3.737844 -0.035635
v 1.569851 3.732702 -0.030494
v 1.540039 3.718114 0.005163
v 1.538375 3.724137 0.010288
v 1.536276 3.731620 0.010285
v 1.534534 3.737695 0.005169
v 1.534461 3.737689 -0.030530
v 1.536180 3.731621 -0.035638
v 1.538281 3.724152 -0.035631
v 1.539966 3.718131 -0.030494
v 1.507325 3.713992 0.005168
v 1.507830 3.720530 0.010308
v 1.508409 3.728611 0.010316
v 1.508835 3.735139 0.005205
v 1.508732 3.735106 -0.030530
v 1.508277 3.728582 -0.035657
v 1.507700 3.720513 -0.035664
v 1.507225 3.713984 -0.030534
v 1.474542 3.720913 0.005217
v 1.477131 3.727360 0.010386
v 1.480280 3.735302 0.010403
v 1.482779 3.741696 0.005284
v 1.482653 3.741632 -0.030569
v 1.480118 3.735227 -0.035731
v 1.476972 3.727294 -0.035764
v 1.474420 3.720867 -0.030632
v 1.444908 3.733513 0.005356
v 1.449155 3.739193 0.010563
v 1.454353 3.746182 0.010572
v 1.458514 3.751798 0.005411
v 1.458390 3.751724 -0.030682
v 1.454194 3.746087 -0.035896
v 1.448996 3.739100 -0.035951
v 1.444786 3.733440 -0.030796
v 1.416008 3.757818 0.005687
v 1.421344 3.761459 0.010939
v 1.427906 3.765950 0.010898
v 1.433193 3.769575 0.005627
v 1.433139 3.769555 -0.030943
v 1.427837 3.765925 -0.036236
v 1.421274 3.761432 -0.036304
v 1.415953 3.757797 -0.031073
v 1.398499 3.790973 0.005800
v 1.404606 3.792062 0.011067
v 1.412108 3.793413 0.011010
v 1.418142 3.794503 0.005700
v 1.418142 3.794503 -0.031050
v 1.412108 3.793413 -0.036359
v 1.404606 3.792062 -0.036416
v 1.398499 3.790973 -0.031149
v 1.394785 3.844774 0.005177
v 1.402702 3.844937 0.010313
v 1.412491 3.845136 0.010313
v 1.420409 3.845298 0.005194
v 1.420409 3.845298 -0.030543
v 1.412491 3.845136 -0.035661
v 1.402703 3.844937 -0.035661
v 1.394785 3.844774 -0.030526
v 1.432788 3.911476 0.001394
v 1.438383 3.911752 0.005441
v 1.445300 3.912090 0.005441
v 1.450895 3.912365 0.001407
v 1.450895 3.912365 -0.026756
v 1.445300 3.912090 -0.030791
v 1.438383 3.911752 -0.030791
v 1.432788 3.911476 -0.026743
v 1.440501 3.916979 -0.023345
v 1.441847 3.918639 -0.012178
v 1.444695 3.917443 -0.023356
v 1.440471 3.916867 -0.001583
v 1.444667 3.917338 -0.001572
v 1.448023 3.917692 -0.003931
v 1.448042 3.917773 -0.020996
v 1.437149 3.916531 -0.020977
v 1.437114 3.916438 -0.003958
v 1.266544 3.787956 -0.012675
v 1.271529 3.847970 -0.012675
v 1.289942 3.903893 -0.012675
v 1.324245 3.948611 -0.012675
v 1.369362 3.981177 -0.012675
v 1.418632 4.004552 -0.012675
v 1.464785 4.006665 -0.012675
v 1.504624 4.000777 -0.012675
v 1.546141 3.979944 -0.012675
v 1.574882 3.951521 -0.012675
v 1.592753 3.925603 -0.012675
v 1.601476 3.896676 -0.012675
v 1.604523 3.868382 -0.012675
v 1.601039 3.835591 -0.012675
v 1.588271 3.803080 -0.012675
v 1.573053 3.775803 -0.012690
v 1.554977 3.751939 -0.012696
v 1.533402 3.740753 -0.012682
v 1.508914 3.738367 -0.012659
v 1.484028 3.744749 -0.012631
v 1.460715 3.754323 -0.012622
v 1.435952 3.770856 -0.012653
v 1.421316 3.794243 -0.012675
v 1.425185 3.844970 -0.012675
v 1.453336 3.913135 -0.012675
v 1.449478 3.918008 -0.012464
v 1.210196 3.793385 -0.012675
v 1.222031 3.863212 -0.012675
v 1.248499 3.927815 -0.012675
v 1.293107 3.983214 -0.012675
v 1.350353 4.023235 -0.012675
v 1.410918 4.044008 -0.012675
v 1.468858 4.045904 -0.012675
v 1.525833 4.030397 -0.012675
v 1.566897 4.007869 -0.012675
v 1.603367 3.976088 -0.012675
v 1.623692 3.939147 -0.012675
v 1.632190 3.897890 -0.012675
v 1.636110 3.866172 -0.012675
v 1.633354 3.829747 -0.012675
v 1.621697 3.794636 -0.011878
v 1.601064 3.760785 -0.011684
v 1.575287 3.733510 -0.011726
v 1.545556 3.717638 -0.011793
v 1.512464 3.711705 -0.011859
v 1.478717 3.715936 -0.011890
v 1.447551 3.725729 -0.011891
v 1.415645 3.749906 -0.011880
v 1.396058 3.784500 -0.011868
v 1.391985 3.840027 -0.011833
v 1.427039 3.909801 -0.012623
v 1.436672 3.915901 -0.012501
v 1.443917 3.528444 -0.027622
v 1.437791 3.528334 -0.031906
v 1.430218 3.528198 -0.031906
v 1.424090 3.528090 -0.027609
v 1.415881 3.532661 -0.012480
v 1.424090 3.528090 0.002260
v 1.430218 3.528198 0.006556
v 1.437791 3.528334 0.006556
v 1.443918 3.528444 0.002274
v 1.446895 3.528100 -0.012675
v 1.443746 3.896637 -0.027645
v 1.446735 3.897150 -0.012675
v 1.443746 3.896637 0.002295
v 1.437606 3.896389 0.006583
v 1.430016 3.896082 0.006583
v 1.423875 3.895834 0.002281
v 1.416115 3.888350 -0.012467
v 1.423875 3.895834 -0.027630
v 1.430016 3.896082 -0.031933
v 1.437606 3.896389 -0.031933
v 0.896225 3.751016 0.013163
v 0.903043 3.762123 0.020181
v 0.911326 3.775611 0.019917
v 0.918023 3.786508 0.013163
v 0.918023 3.786508 -0.035434
v 0.911326 3.775611 -0.042187
v 0.902967 3.762001 -0.041739
v 0.896225 3.751016 -0.035434
v 0.919348 3.788622 -0.011134
v 0.891579 3.743455 -0.011134
v 0.953371 3.730440 0.013163
v 0.958667 3.741254 0.020181
v 0.965110 3.754409 0.019918
v 0.970330 3.765059 0.013163
v 0.970989 3.767328 -0.011134
v 0.970330 3.765059 -0.035434
v 0.965110 3.754409 -0.042188
v 0.958609 3.741137 -0.041739
v 0.953371 3.730440 -0.035434
v 0.949763 3.723079 -0.011134
v 1.049361 3.707796 0.013163
v 1.049235 3.719527 0.020181
v 1.049081 3.733845 0.019918
v 1.048962 3.745492 0.013163
v 1.048790 3.747781 -0.011134
v 1.048962 3.745492 -0.035434
v 1.049081 3.733845 -0.042187
v 1.049238 3.719400 -0.041739
v 1.049361 3.707796 -0.035434
v 1.049443 3.699834 -0.011134
v 1.101680 3.714051 0.013163
v 1.099511 3.724340 0.020181
v 1.096869 3.736882 0.019918
v 1.094732 3.747067 0.013163
v 1.094310 3.749086 -0.011134
v 1.094732 3.747067 -0.035434
v 1.096869 3.736882 -0.042187
v 1.099536 3.724229 -0.041739
v 1.101680 3.714051 -0.035434
v 1.103154 3.707063 -0.011134
v 0.867349 3.816852 -0.035434
v 0.869079 3.818694 -0.011134
v 0.867349 3.816852 0.013163
v 0.860636 3.806322 0.019917
v 0.852329 3.789222 0.020181
v 0.845492 3.778454 0.013163
v 0.840835 3.771117 -0.011134
v 0.845492 3.778454 -0.035434
v 0.852254 3.789103 -0.041739
v 0.860636 3.806322 -0.042187
v 0.994386 3.717859 -0.035434
v 0.993124 3.710347 -0.011134
v 0.994386 3.717859 0.013163
v 0.996242 3.728915 0.020181
v 0.998505 3.742388 0.019917
v 1.000347 3.753318 0.013163
v 1.000273 3.755557 -0.011134
v 1.000347 3.753318 -0.035434
v 0.998505 3.742388 -0.042187
v 0.996221 3.728794 -0.041739
v 1.150773 3.735292 0.013163
v 1.146048 3.743181 0.020181
v 1.140294 3.752795 0.019918
v 1.135632 3.760596 0.013163
v 1.134766 3.762201 -0.011134
v 1.135632 3.760596 -0.035434
v 1.140294 3.752795 -0.042187
v 1.146100 3.743095 -0.041739
v 1.150773 3.735292 -0.035434
v 1.153985 3.729935 -0.011134
v 1.190250 3.770362 0.013163
v 1.183556 3.775367 0.020181
v 1.175415 3.781453 0.019918
v 1.168826 3.786383 0.013163
v 1.167608 3.787492 -0.011134
v 1.168826 3.786383 -0.035434
v 1.175415 3.781453 -0.042187
v 1.183630 3.775310 -0.041739
v 1.190250 3.770362 -0.035434
v 1.194806 3.766957 -0.011134
v 1.209628 3.802106 0.013163
v 1.201614 3.805698 0.020181
v 1.191870 3.810064 0.019918
v 1.183981 3.813602 0.013163
v 1.182509 3.814431 -0.011134
v 1.183981 3.813602 -0.035434
v 1.191870 3.810064 -0.042187
v 1.201703 3.805658 -0.041739
v 1.209628 3.802106 -0.035434
v 1.215080 3.799664 -0.011134
v 1.219994 3.849170 0.013163
v 1.212569 3.848817 0.020181
v 1.203537 3.848394 0.019918
v 1.196225 3.848052 0.013163
v 1.194796 3.848136 -0.011134
v 1.196225 3.848052 -0.035434
v 1.203537 3.848394 -0.042187
v 1.212649 3.848824 -0.041739
v 1.219994 3.849170 -0.035434
v 1.225047 3.849409 -0.011134
v 1.218300 3.890033 0.013163
v 1.212121 3.889705 0.020181
v 1.204611 3.889307 0.019918
v 1.198529 3.888988 0.013163
v 1.197340 3.889079 -0.011134
v 1.198529 3.888988 -0.035434
v 1.204611 3.889307 -0.042187
v 1.212190 3.889709 -0.041739
v 1.218300 3.890033 -0.035434
v 1.222502 3.890258 -0.011134
v 1.198781 3.928199 0.013163
v 1.193179 3.924135 0.020181
v 1.186364 3.919193 0.019918
v 1.180846 3.915194 0.013163
v 1.179651 3.914486 -0.011134
v 1.180846 3.915194 -0.035434
v 1.186364 3.919193 -0.042187
v 1.193240 3.924180 -0.041739
v 1.198781 3.928199 -0.035434
v 1.202592 3.930966 -0.011134
v 1.171498 3.952155 0.013163
v 1.168074 3.946208 0.020181
v 1.163910 3.938981 0.019918
v 1.160534 3.933129 0.013163
v 1.159738 3.932007 -0.011134
v 1.160534 3.933129 -0.035434
v 1.163910 3.938981 -0.042187
v 1.168110 3.946273 -0.041739
v 1.171498 3.952155 -0.035434
v 1.173828 3.956198 -0.011134
v 1.121739 3.964597 0.013163
v 1.122694 3.957481 0.020181
v 1.123855 3.948830 0.019918
v 1.124793 3.941819 0.013163
v 1.124853 3.940380 -0.011134
v 1.124793 3.941819 -0.035434
v 1.123855 3.948830 -0.042187
v 1.122683 3.957560 -0.041739
v 1.121739 3.964597 -0.035434
v 1.121089 3.969439 -0.011134
v 1.080122 3.952771 0.013163
v 1.083711 3.946767 0.020181
v 1.088073 3.939462 0.019918
v 1.091603 3.933546 0.013163
v 1.092214 3.932268 -0.011134
v 1.091603 3.933546 -0.035434
v 1.088073 3.939462 -0.042187
v 1.083671 3.946834 -0.041739
v 1.080122 3.952771 -0.035434
v 1.077679 3.956859 -0.011134
v 1.046420 3.924059 0.013163
v 1.052114 3.920324 0.020181
v 1.059035 3.915776 0.019918
v 1.064643 3.912096 0.013163
v 1.065703 3.911244 -0.011134
v 1.064643 3.912096 -0.035434
v 1.059035 3.915776 -0.042187
v 1.052050 3.920365 -0.041739
v 1.046420 3.924059 -0.035434
v 1.042544 3.926599 -0.011134
v 1.027643 3.885556 0.013163
v 1.033337 3.881819 0.020181
v 1.040260 3.877274 0.019918
v 1.045867 3.873591 0.013163
v 1.046926 3.872742 -0.011134
v 1.045867 3.873591 -0.035434
v 1.040260 3.877274 -0.042187
v 1.033273 3.881863 -0.041739
v 1.027643 3.885556 -0.035434
v 1.023769 3.888097 -0.011134
v 1.013039 3.851900 0.013163
v 1.018733 3.848161 0.020181
v 1.025657 3.843617 0.019918
v 1.031264 3.839936 0.013163
v 1.032322 3.839081 -0.011134
v 1.031264 3.839936 -0.035434
v 1.025657 3.843617 -0.042187
v 1.018669 3.848203 -0.041739
v 1.013039 3.851900 -0.035434
v 1.009165 3.854439 -0.011134
v 1.021652 3.846217 -0.011010
v 0.710066 3.912433 -0.035434
v 0.711797 3.914275 -0.011134
v 0.710066 3.912433 0.013163
v 0.703353 3.901905 0.019917
v 0.695047 3.888863 0.020181
v 0.688210 3.878112 0.013163
v 0.683552 3.870790 -0.011134
v 0.688210 3.878112 -0.035434
v 0.694971 3.888743 -0.041739
v 0.703353 3.901905 -0.042187
v 0.553720 4.001939 -0.035434
v 0.555452 4.003764 -0.011134
v 0.553720 4.001939 0.013163
v 0.547007 3.991615 0.019917
v 0.538701 3.978821 0.020181
v 0.531863 3.968284 0.013163
v 0.527207 3.961124 -0.011134
v 0.531863 3.968284 -0.035434
v 0.538624 3.978706 -0.041739
v 0.547007 3.991615 -0.042187
v 0.469858 4.032633 -0.035434
v 0.470878 4.034666 -0.011134
v 0.469858 4.032633 0.013163
v 0.466930 4.021748 0.019917
v 0.463318 4.008214 0.020181
v 0.460347 3.997060 0.013163
v 0.458326 3.989490 -0.011134
v 0.460347 3.997060 -0.035434
v 0.463282 4.008089 -0.041739
v 0.466930 4.021748 -0.042187
v 0.382960 4.043018 -0.035434
v 0.383236 4.045063 -0.011134
v 0.382960 4.043018 0.013163
v 0.383911 4.032612 0.019917
v 0.385107 4.019696 0.020181
v 0.386103 4.009027 0.013163
v 0.386782 4.001782 -0.011134
v 0.386102 4.009027 -0.035434
v 0.385117 4.019580 -0.041739
v 0.383911 4.032612 -0.042187
v 0.310130 4.028765 -0.035434
v 0.309514 4.030796 -0.011134
v 0.310130 4.028765 0.013163
v 0.315311 4.019623 0.019917
v 0.321749 4.008301 0.020181
v 0.327063 3.998976 0.013163
v 0.330683 3.992625 -0.011134
v 0.327063 3.998976 -0.035434
v 0.321808 4.008197 -0.041739
v 0.315311 4.019623 -0.042187
v 0.252138 3.992062 -0.035434
v 0.251071 3.993828 -0.011134
v 0.252138 3.992062 0.013163
v 0.259376 3.984666 0.019917
v 0.268348 3.975520 0.020181
v 0.275733 3.967988 0.013163
v 0.280758 3.962863 -0.011134
v 0.275733 3.967988 -0.035434
v 0.268429 3.975434 -0.041739
v 0.259376 3.984666 -0.042187
v 0.211250 3.935984 -0.035434
v 0.209642 3.937213 -0.011134
v 0.211250 3.935984 0.013163
v 0.220629 3.931726 0.019917
v 0.232262 3.926456 0.020181
v 0.241851 3.922119 0.013163
v 0.248383 3.919181 -0.011134
v 0.241851 3.922119 -0.035434
v 0.232368 3.926406 -0.041739
v 0.220629 3.931726 -0.042187
v 0.193160 3.869552 -0.035434
v 0.191164 3.870110 -0.011134
v 0.193160 3.869552 0.013163
v 0.203622 3.868906 0.019917
v 0.216602 3.868107 0.020181
v 0.227314 3.867456 0.013163
v 0.234614 3.867049 -0.011134
v 0.227314 3.867456 -0.035434
v 0.216723 3.868096 -0.041739
v 0.203622 3.868906 -0.042187
v 0.200411 3.800555 -0.035434
v 0.198202 3.800281 -0.011134
v 0.200411 3.800555 0.013163
v 0.210771 3.804392 0.019917
v 0.223621 3.809179 0.020181
v 0.234222 3.813158 0.013163
v 0.241451 3.815906 -0.011134
v 0.234222 3.813158 -0.035434
v 0.223741 3.809219 -0.041739
v 0.210771 3.804392 -0.042187
v 0.231297 3.739176 -0.035434
v 0.229365 3.738091 -0.011134
v 0.231297 3.739176 0.013163
v 0.239543 3.746601 0.019917
v 0.249761 3.755851 0.020181
v 0.258186 3.763522 0.013163
v 0.263931 3.768782 -0.011134
v 0.258186 3.763522 -0.035434
v 0.249857 3.755932 -0.041739
v 0.239543 3.746601 -0.042187
v 0.279717 3.695974 -0.035434
v 0.278302 3.694314 -0.011134
v 0.279717 3.695974 0.013163
v 0.284808 3.705575 0.019917
v 0.291102 3.717522 0.020181
v 0.296281 3.727412 0.013163
v 0.299809 3.734175 -0.011134
v 0.296281 3.727412 -0.035434
v 0.291161 3.717626 -0.041739
v 0.284808 3.705575 -0.042187
v 0.336069 3.682470 -0.035434
v 0.335361 3.680645 -0.011134
v 0.336069 3.682470 0.013163
v 0.337390 3.691990 0.019917
v 0.339005 3.703810 0.020181
v 0.340331 3.713576 0.013163
v 0.341235 3.720200 -0.011134
v 0.340331 3.713576 -0.035434
v 0.339022 3.703919 -0.041739
v 0.337390 3.691990 -0.042187
v 0.390854 3.688091 -0.035434
v 0.390860 3.686321 -0.011134
v 0.390854 3.688091 0.013163
v 0.388846 3.696276 0.019917
v 0.386335 3.706431 0.020181
v 0.384248 3.714818 0.013163
v 0.382821 3.720518 -0.011134
v 0.384248 3.714818 -0.035434
v 0.386312 3.706530 -0.041739
v 0.388846 3.696276 -0.042187
v 0.439816 3.712331 -0.035434
v 0.440508 3.710823 -0.011134
v 0.439816 3.712331 0.013163
v 0.435000 3.718242 0.019917
v 0.429012 3.725575 0.020181
v 0.424063 3.731643 0.013163
v 0.420687 3.735796 -0.011134
v 0.424063 3.731643 -0.035434
v 0.428959 3.725651 -0.041739
v 0.435000 3.718242 -0.042187
v 0.471336 3.748952 -0.035434
v 0.472554 3.747820 -0.011134
v 0.471336 3.748952 0.013163
v 0.464739 3.752470 0.019917
v 0.456562 3.756839 0.020181
v 0.449818 3.760460 0.013163
v 0.445225 3.762946 -0.011134
v 0.449818 3.760460 -0.035434
v 0.456486 3.756884 -0.041739
v 0.464739 3.752470 -0.042187
v 0.482896 3.790468 -0.035434
v 0.484476 3.789893 -0.011134
v 0.482896 3.790468 0.013163
v 0.475038 3.791129 0.019917
v 0.465302 3.791960 0.020181
v 0.457275 3.792658 0.013163
v 0.451809 3.793156 -0.011134
v 0.457275 3.792658 -0.035434
v 0.465212 3.791973 -0.041739
v 0.475038 3.791129 -0.042187
v 0.478960 3.831525 -0.035434
v 0.480629 3.831515 -0.011134
v 0.478960 3.831525 0.013163
v 0.471470 3.829481 0.019917
v 0.462194 3.826958 0.020181
v 0.454550 3.824894 0.013163
v 0.449344 3.823511 -0.011134
v 0.454550 3.824894 -0.035434
v 0.462106 3.826940 -0.041739
v 0.471470 3.829481 -0.042187
v 0.454060 3.872256 -0.035434
v 0.455529 3.873008 -0.011134
v 0.454060 3.872256 0.013163
v 0.448437 3.867161 0.019917
v 0.441483 3.860866 0.020181
v 0.435758 3.855696 0.013163
v 0.431857 3.852199 -0.011134
v 0.435758 3.855696 -0.035434
v 0.441417 3.860813 -0.041739
v 0.448437 3.867161 -0.042187
v 0.414998 3.901037 -0.035434
v 0.416001 3.902389 -0.011134
v 0.414998 3.901037 0.013163
v 0.412261 3.893745 0.019917
v 0.408884 3.884740 0.020181
v 0.406111 3.877347 0.013163
v 0.414019 3.865800 -0.011134
v 0.406111 3.877347 -0.035434
v 0.408851 3.884660 -0.041739
v 0.412261 3.893745 -0.042187
v 0.325212 3.915608 -0.035434
v 0.325658 3.917299 -0.011134
v 0.325212 3.915608 0.013163
v 0.325367 3.907700 0.019917
v 0.325574 3.897942 0.020181
v 0.325756 3.889939 0.013163
v 0.331227 3.887726 -0.011107
v 0.325756 3.889939 -0.035434
v 0.325574 3.897857 -0.041739
v 0.325367 3.907700 -0.042187
v 0.372732 3.903436 -0.042187
v 0.375504 3.910934 -0.035434
v 0.376535 3.912385 -0.011134
v 0.375504 3.910934 0.013163
v 0.372732 3.903436 0.019917
v 0.369303 3.894166 0.020181
v 0.366477 3.886543 0.013163
v 0.367436 3.888528 -0.039742
v 0.369269 3.894088 -0.041739
v 0.325571 3.902178 -0.011016
v 0.398660 3.874275 0.001076
v 0.392709 3.874271 -0.011134
v 0.364677 3.881074 0.001755
v 0.364228 3.879261 -0.011134
v 0.396584 3.874881 -0.023507
v 0.364941 3.881106 -0.027181
v 0.325364 3.885228 0.003843
v 0.328566 3.883010 -0.011130
v 0.325798 3.885034 -0.025796
v 0.326092 3.915528 -0.035434
v 0.326547 3.917212 -0.011134
v 0.326092 3.915528 0.013163
v 0.326196 3.907626 0.019917
v 0.326339 3.897877 0.020181
v 0.326468 3.889879 0.013163
v 0.337064 3.883191 0.001417
v 0.346186 3.881164 -0.011138
v 0.338186 3.882902 -0.023260
v 0.326484 3.889915 -0.035509
v 0.326338 3.897789 -0.041739
v 0.326196 3.907626 -0.042187
v 1.034294 3.846923 -0.035434
v 1.028688 3.850602 -0.042187
v 1.021702 3.855189 -0.041739
v 1.016071 3.858885 -0.035434
v 1.012196 3.861425 -0.011134
v 1.016071 3.858885 0.013163
v 1.021765 3.855147 0.020181
v 1.028688 3.850602 0.019918
v 1.034294 3.846923 0.013163
v 1.035353 3.846071 -0.011134
v 0.144456 4.676414 -0.644123
v 0.144456 5.976565 -0.644123
v 0.144456 5.097649 -0.644123
v 0.386027 5.976565 -0.402576
v 0.386027 5.097649 -0.402576
v 0.386027 4.676414 -0.402576
v 0.638640 5.976565 -0.149988
v 0.638640 5.097649 -0.149988
v 0.638640 4.676414 -0.149988
v 0.144452 4.515265 -0.644127
v 0.017809 4.515265 -0.770746
v 0.017809 4.676414 -0.770746
v 0.017809 5.976565 -0.770746
v 0.017809 5.097649 -0.770746
v 0.386027 4.515265 -0.402576
v 0.759210 5.976565 -0.029442
v 0.759210 5.097649 -0.029442
v 0.759210 4.676414 -0.029442
v 0.759210 4.515265 -0.029442
v 0.638640 4.515265 -0.149988
v -0.646812 4.660002 -0.137436
v -0.646812 5.962971 -0.137436
v -0.646812 5.081238 -0.137436
v -0.405265 5.962971 -0.379007
v -0.405265 5.081238 -0.379007
v -0.405265 4.660002 -0.379007
v -0.152677 5.962971 -0.631619
v -0.152677 5.081238 -0.631620
v -0.152677 4.660002 -0.631620
v -0.646816 4.498855 -0.137432
v -0.773435 4.498855 -0.010788
v -0.773435 4.660002 -0.010788
v -0.773435 5.962971 -0.010788
v -0.773435 5.081238 -0.010788
v -0.405265 4.498855 -0.379007
v -0.032131 5.962971 -0.752190
v -0.032131 5.081238 -0.752190
v -0.032131 4.660002 -0.752190
v -0.032131 4.498855 -0.752190
v -0.152677 4.498855 -0.631620
v 0.622780 4.660002 0.155992
v 0.622780 5.979258 0.155992
v 0.622780 5.081238 0.155992
v 0.381234 5.979258 0.397563
v 0.381234 5.081238 0.397563
v 0.381234 4.660002 0.397563
v 0.128645 5.979258 0.650176
v 0.128645 5.081238 0.650175
v 0.128645 4.660002 0.650175
v 0.622784 4.498855 0.155987
v 0.749403 4.498855 0.029344
v 0.749403 4.660002 0.029344
v 0.749403 5.979258 0.029344
v 0.749403 5.081238 0.029344
v 0.381234 4.498855 0.397563
v 0.008100 5.979258 0.770746
v 0.008100 5.081238 0.770746
v 0.008100 4.660002 0.770746
v 0.008100 4.498855 0.770746
v 0.128645 4.498855 0.650175
v -0.164451 4.676414 0.640949
v -0.164451 5.755825 0.640949
v -0.164451 5.435421 0.640949
v -0.164451 5.097649 0.640949
v -0.406022 5.755825 0.399403
v -0.406022 5.435421 0.399403
v -0.406022 5.097649 0.399402
v -0.406022 4.676414 0.399402
v -0.658631 5.755825 0.146818
v -0.658635 5.435421 0.146814
v -0.658635 5.097649 0.146814
v -0.658635 4.676414 0.146814
v -0.164447 4.515265 0.640953
v -0.037804 4.515265 0.767572
v -0.037804 4.676414 0.767572
v -0.037804 5.435421 0.767572
v -0.037804 5.755825 0.767572
v -0.037804 5.097649 0.767572
v -0.406022 4.515265 0.399402
v -0.779206 5.755825 0.026269
v -0.779206 5.435421 0.026269
v -0.779206 5.097649 0.026269
v -0.779206 4.676414 0.026269
v -0.779206 4.515265 0.026268
v -0.658635 4.515265 0.146814
v -0.658631 5.914131 0.146818
v -0.779206 5.914131 0.026269
v -0.406022 5.914131 0.399403
v -0.164451 5.914131 0.640949
v -0.037804 5.914131 0.767572
v -0.276187 -3.977891 -0.842569
v -0.523524 -3.977891 -0.716545
v -0.719811 -3.977891 -0.520258
v -0.845835 -3.977891 -0.272921
v -0.889260 -3.977891 0.001253
v -0.845835 -3.977891 0.275427
v -0.719811 -3.977891 0.522763
v -0.523524 -3.977891 0.719051
v -0.276187 -3.977891 0.845075
v -0.002013 -3.977891 0.888499
v 0.272161 -3.977891 0.845075
v 0.519497 -3.977891 0.719051
v 0.715784 -3.977891 0.522763
v 0.841808 -3.977891 0.275427
v 0.885233 -3.977891 0.001253
v 0.841808 -3.977891 -0.272921
v 0.715784 -3.977891 -0.520257
v 0.519497 -3.977891 -0.716545
v 0.272161 -3.977891 -0.842569
v -0.002013 -3.977891 -0.885993
v -0.066131 4.175528 -0.196080
v -0.123972 4.175528 -0.166608
v -0.169876 4.175528 -0.120705
v -0.199347 4.175528 -0.062864
v -0.209502 4.175528 0.001254
v -0.199347 4.175528 0.065371
v -0.169876 4.175528 0.123213
v -0.123972 4.175528 0.169116
v -0.066131 4.175528 0.198588
v -0.002013 4.175528 0.208743
v 0.062104 4.175528 0.198588
v 0.119946 4.175528 0.169116
v 0.165849 4.175528 0.123213
v 0.195320 4.175528 0.065371
v 0.205476 4.175528 0.001254
v 0.195320 4.175528 -0.062864
v 0.165849 4.175528 -0.120705
v 0.119946 4.175528 -0.166608
v 0.062104 4.175528 -0.196080
v -0.002013 4.175528 -0.206235
v -0.319922 -3.093060 -0.436310
v -0.317670 -3.085250 -0.433211
v -0.316929 -3.076663 -0.432191
v -0.169148 -3.093060 -0.513133
v -0.167964 -3.085250 -0.509490
v -0.167574 -3.076663 -0.508291
v -0.002013 -3.093060 -0.539605
v -0.002013 -3.085250 -0.535774
v -0.002013 -3.076663 -0.534513
v 0.165121 -3.093060 -0.513133
v 0.163937 -3.085250 -0.509490
v 0.163547 -3.076663 -0.508291
v 0.315895 -3.093060 -0.436310
v 0.313643 -3.085250 -0.433211
v 0.312902 -3.076663 -0.432191
v 0.435550 -3.093060 -0.316655
v 0.432451 -3.085250 -0.314403
v 0.431431 -3.076663 -0.313662
v 0.512373 -3.093060 -0.165881
v 0.508730 -3.085250 -0.164697
v 0.507531 -3.076663 -0.164308
v 0.538845 -3.093060 0.001253
v 0.535014 -3.085250 0.001253
v 0.533753 -3.076663 0.001253
v 0.512373 -3.093060 0.168387
v 0.508730 -3.085250 0.167204
v 0.507531 -3.076663 0.166814
v 0.435550 -3.093060 0.319161
v 0.432451 -3.085250 0.316910
v 0.431431 -3.076663 0.316169
v 0.315895 -3.093060 0.438817
v 0.313643 -3.085250 0.435718
v 0.312902 -3.076663 0.434697
v 0.165121 -3.093060 0.515640
v 0.163937 -3.085250 0.511997
v 0.163548 -3.076663 0.510797
v -0.002013 -3.093060 0.542111
v -0.002013 -3.085250 0.538280
v -0.002013 -3.076663 0.537019
v -0.169148 -3.093060 0.515640
v -0.167964 -3.085250 0.511997
v -0.167574 -3.076663 0.510797
v -0.319922 -3.093060 0.438817
v -0.317670 -3.085250 0.435718
v -0.316929 -3.076663 0.434697
v -0.439577 -3.093060 0.319162
v -0.436478 -3.085250 0.316910
v -0.435457 -3.076663 0.316169
v -0.516400 -3.093060 0.168387
v -0.512757 -3.085250 0.167204
v -0.511557 -3.076663 0.166814
v -0.542871 -3.093060 0.001253
v -0.539041 -3.085250 0.001253
v -0.537780 -3.076663 0.001253
v -0.516400 -3.093060 -0.165881
v -0.512757 -3.085250 -0.164697
v -0.511557 -3.076663 -0.164308
v -0.439577 -3.093060 -0.316655
v -0.436478 -3.085250 -0.314404
v -0.435458 -3.076663 -0.313662
v -0.683864 -3.524478 -0.494140
v -0.687106 -3.532167 -0.496495
v -0.688626 -3.540614 -0.497601
v -0.500867 -3.540614 -0.685360
v -0.499762 -3.532167 -0.683839
v -0.497407 -3.524478 -0.680597
v -0.264276 -3.540614 -0.805909
v -0.263695 -3.532167 -0.804121
v -0.262457 -3.524478 -0.800310
v -0.002013 -3.540614 -0.847447
v -0.002013 -3.532167 -0.845567
v -0.002013 -3.524478 -0.841560
v 0.260249 -3.540614 -0.805909
v 0.259668 -3.532167 -0.804121
v 0.258430 -3.524478 -0.800310
v 0.496840 -3.540614 -0.685360
v 0.495735 -3.532167 -0.683839
v 0.493380 -3.524478 -0.680597
v 0.684600 -3.540614 -0.497600
v 0.683079 -3.532167 -0.496495
v 0.679837 -3.524478 -0.494140
v 0.805148 -3.540614 -0.261009
v 0.803360 -3.532167 -0.260429
v 0.799549 -3.524478 -0.259190
v 0.846686 -3.540614 0.001253
v 0.844806 -3.532167 0.001253
v 0.840799 -3.524478 0.001253
v 0.805148 -3.540614 0.263516
v 0.803360 -3.532167 0.262935
v 0.799550 -3.524478 0.261697
v 0.684600 -3.540614 0.500106
v 0.683079 -3.532167 0.499001
v 0.679837 -3.524478 0.496646
v 0.496840 -3.540614 0.687866
v 0.495735 -3.532167 0.686345
v 0.493380 -3.524478 0.683103
v 0.260250 -3.540614 0.808415
v 0.259669 -3.532167 0.806627
v 0.258430 -3.524478 0.802816
v -0.002013 -3.540614 0.849953
v -0.002013 -3.532167 0.848073
v -0.002013 -3.524478 0.844066
v -0.264276 -3.540614 0.808415
v -0.263695 -3.532167 0.806627
v -0.262457 -3.524478 0.802816
v -0.500867 -3.540614 0.687866
v -0.499762 -3.532167 0.686345
v -0.497407 -3.524478 0.683104
v -0.688626 -3.540614 0.500107
v -0.687105 -3.532167 0.499001
v -0.683864 -3.524478 0.496646
v -0.809175 -3.540614 0.263516
v -0.807387 -3.532167 0.262935
v -0.803576 -3.524478 0.261697
v -0.850713 -3.540614 0.001253
v -0.848833 -3.532167 0.001253
v -0.844826 -3.524478 0.001253
v -0.809175 -3.540614 -0.261010
v -0.807387 -3.532167 -0.260429
v -0.803576 -3.524478 -0.259191
v -0.502828 -1.956532 0.365116
v -0.502923 -1.965285 0.365185
v -0.500189 -1.973378 0.363199
v -0.365876 -1.956532 0.502068
v -0.365945 -1.965285 0.502163
v -0.363959 -1.973378 0.499429
v -0.193307 -1.956532 0.589996
v -0.193344 -1.965285 0.590107
v -0.192300 -1.973378 0.586894
v -0.002013 -1.956532 0.620294
v -0.002013 -1.965285 0.620411
v -0.002013 -1.973378 0.617032
v 0.189281 -1.956532 0.589996
v 0.189317 -1.965285 0.590107
v 0.188273 -1.973378 0.586894
v 0.361849 -1.956532 0.502068
v 0.361919 -1.965285 0.502163
v 0.359932 -1.973378 0.499429
v 0.498801 -1.956532 0.365116
v 0.498896 -1.965285 0.365185
v 0.496162 -1.973378 0.363199
v 0.586729 -1.956532 0.192547
v 0.586841 -1.965285 0.192584
v 0.583627 -1.973378 0.191539
v 0.617027 -1.956532 0.001253
v 0.617145 -1.965285 0.001253
v 0.613766 -1.973378 0.001253
v 0.586729 -1.956532 -0.190041
v 0.586841 -1.965285 -0.190077
v 0.583627 -1.973378 -0.189033
v 0.498801 -1.956532 -0.362609
v 0.498896 -1.965285 -0.362679
v 0.496162 -1.973378 -0.360692
v 0.361849 -1.956532 -0.499561
v 0.361918 -1.965285 -0.499656
v 0.359932 -1.973378 -0.496922
v 0.189281 -1.956532 -0.587489
v 0.189317 -1.965285 -0.587601
v 0.188273 -1.973378 -0.584387
v -0.002013 -1.956532 -0.617787
v -0.002013 -1.965285 -0.617905
v -0.002013 -1.973378 -0.614526
v -0.193307 -1.956532 -0.587489
v -0.193344 -1.965285 -0.587601
v -0.192300 -1.973378 -0.584387
v -0.365876 -1.956532 -0.499561
v -0.365945 -1.965285 -0.499656
v -0.363959 -1.973378 -0.496923
v -0.502828 -1.956532 -0.362610
v -0.502923 -1.965285 -0.362679
v -0.500189 -1.973378 -0.360693
v -0.590756 -1.956532 -0.190041
v -0.590868 -1.965285 -0.190077
v -0.587654 -1.973378 -0.189033
v -0.621054 -1.956532 0.001253
v -0.621171 -1.965285 0.001253
v -0.617792 -1.973378 0.001253
v -0.590756 -1.956532 0.192547
v -0.590868 -1.965285 0.192584
v -0.587654 -1.973378 0.191539
v -0.170575 -2.085083 -0.517528
v -0.170996 -2.076521 -0.518822
v -0.172170 -2.068706 -0.522435
v -0.002013 -2.085083 -0.544225
v -0.002013 -2.076521 -0.545586
v -0.002013 -2.068706 -0.549385
v -0.322638 -2.085083 -0.440048
v -0.323438 -2.076521 -0.441150
v -0.325670 -2.068706 -0.444223
v -0.443315 -2.085083 -0.319371
v -0.444416 -2.076521 -0.320171
v -0.447489 -2.068706 -0.322404
v 0.166549 -2.085083 -0.517528
v 0.166969 -2.076521 -0.518822
v 0.168143 -2.068706 -0.522435
v 0.318611 -2.085083 -0.440048
v 0.319411 -2.076521 -0.441149
v 0.321644 -2.068706 -0.444222
v 0.439288 -2.085083 -0.319371
v 0.440389 -2.076521 -0.320171
v 0.443462 -2.068706 -0.322404
v 0.516767 -2.085083 -0.167309
v 0.518062 -2.076521 -0.167729
v 0.521675 -2.068706 -0.168903
v 0.543465 -2.085083 0.001253
v 0.544826 -2.076521 0.001253
v 0.548625 -2.068706 0.001253
v 0.516767 -2.085083 0.169815
v 0.518062 -2.076521 0.170236
v 0.521675 -2.068706 0.171410
v 0.439288 -2.085083 0.321877
v 0.440389 -2.076521 0.322677
v 0.443462 -2.068706 0.324910
v 0.318611 -2.085083 0.442555
v 0.319411 -2.076521 0.443656
v 0.321644 -2.068706 0.446729
v 0.166549 -2.085083 0.520034
v 0.166969 -2.076521 0.521329
v 0.168143 -2.068706 0.524941
v -0.002013 -2.085083 0.546732
v -0.002013 -2.076521 0.548093
v -0.002013 -2.068706 0.551891
v -0.170575 -2.085083 0.520034
v -0.170996 -2.076521 0.521329
v -0.172170 -2.068706 0.524941
v -0.322638 -2.085083 0.442555
v -0.323438 -2.076521 0.443656
v -0.325670 -2.068706 0.446729
v -0.443315 -2.085083 0.321877
v -0.444416 -2.076521 0.322678
v -0.447489 -2.068706 0.324910
v -0.520794 -2.085083 0.169815
v -0.522089 -2.076521 0.170236
v -0.525701 -2.068706 0.171410
v -0.547492 -2.085083 0.001253
v -0.548853 -2.076521 0.001253
v -0.552652 -2.068706 0.001253
v -0.520794 -2.085083 -0.167309
v -0.522089 -2.076521 -0.167730
v -0.525702 -2.068706 -0.168903
v 0.119946 2.199625 -0.166608
v 0.120838 2.194069 -0.167837
v 0.062104 2.199625 -0.196080
v 0.062573 2.194069 -0.197524
v 0.120840 1.946630 -0.167840
v 0.119979 1.941060 -0.166655
v 0.062575 1.946630 -0.197528
v 0.062122 1.941060 -0.196135
v 0.167080 1.946630 -0.121600
v 0.165895 1.941060 -0.120739
v 0.165849 2.199625 -0.120705
v 0.167077 2.194069 -0.121598
v 0.196768 1.946630 -0.063334
v 0.195375 1.941060 -0.062882
v 0.195320 2.199625 -0.062864
v 0.196764 2.194069 -0.063333
v 0.206998 1.946630 0.001254
v 0.205533 1.941060 0.001254
v 0.205476 2.199625 0.001254
v 0.206994 2.194069 0.001254
v 0.196768 1.946630 0.065842
v 0.195375 1.941060 0.065389
v 0.195320 2.199625 0.065371
v 0.196764 2.194069 0.065840
v 0.167080 1.946630 0.124107
v 0.165895 1.941060 0.123246
v 0.165849 2.199625 0.123213
v 0.167077 2.194069 0.124105
v 0.120840 1.946630 0.170347
v 0.119979 1.941060 0.169162
v 0.119946 2.199625 0.169116
v 0.120838 2.194069 0.170344
v 0.062575 1.946630 0.200035
v 0.062122 1.941060 0.198642
v 0.062104 2.199625 0.198587
v 0.062573 2.194069 0.200032
v -0.002013 1.946630 0.210265
v -0.002013 1.941060 0.208800
v -0.002013 2.199625 0.208743
v -0.002013 2.194069 0.210261
v -0.066602 1.946630 0.200035
v -0.066149 1.941060 0.198642
v -0.066131 2.199625 0.198587
v -0.066600 2.194069 0.200032
v -0.124867 1.946630 0.170347
v -0.124006 1.941060 0.169162
v -0.123972 2.199625 0.169116
v -0.124865 2.194069 0.170344
v -0.171107 1.946630 0.124107
v -0.169922 1.941060 0.123246
v -0.169876 2.199625 0.123213
v -0.171104 2.194069 0.124105
v -0.200795 1.946630 0.065842
v -0.199402 1.941060 0.065389
v -0.199347 2.199625 0.065371
v -0.200791 2.194069 0.065840
v -0.211025 1.946630 0.001254
v -0.209560 1.941060 0.001254
v -0.209502 2.199625 0.001254
v -0.211021 2.194069 0.001254
v -0.200795 1.946630 -0.063335
v -0.199402 1.941060 -0.062882
v -0.199347 2.199625 -0.062864
v -0.200791 2.194069 -0.063333
v -0.171107 1.946630 -0.121600
v -0.169922 1.941060 -0.120739
v -0.169876 2.199625 -0.120705
v -0.171104 2.194069 -0.121598
v -0.124867 1.946630 -0.167840
v -0.124006 1.941060 -0.166655
v -0.123972 2.199625 -0.166609
v -0.124865 2.194069 -0.167837
v -0.066602 1.946630 -0.197528
v -0.066149 1.941060 -0.196135
v -0.066131 2.199625 -0.196080
v -0.066600 2.194069 -0.197524
v -0.002013 1.946630 -0.207758
v -0.002013 1.941060 -0.206293
v -0.002013 2.199625 -0.206235
v -0.002013 2.194069 -0.207754
v 0.134391 1.988716 -0.186491
v 0.133499 1.983159 -0.185263
v 0.069699 1.988716 -0.219453
v 0.069229 1.983159 -0.218009
v 0.134391 2.151977 -0.186491
v 0.133499 2.157533 -0.185263
v 0.069699 2.151977 -0.219453
v 0.069229 2.157533 -0.218009
v 0.185731 2.151977 -0.135151
v 0.184503 2.157533 -0.134258
v 0.185731 1.988716 -0.135151
v 0.184503 1.983159 -0.134258
v 0.218694 2.151977 -0.070458
v 0.217250 2.157533 -0.069989
v 0.218694 1.988716 -0.070458
v 0.217250 1.983159 -0.069989
v 0.230052 2.151977 0.001254
v 0.228533 2.157533 0.001254
v 0.230052 1.988716 0.001254
v 0.228533 1.983159 0.001254
v 0.218694 2.151977 0.072966
v 0.217250 2.157533 0.072496
v 0.218694 1.988716 0.072966
v 0.217250 1.983159 0.072496
v 0.185731 2.151977 0.137658
v 0.184503 2.157533 0.136766
v 0.185731 1.988716 0.137658
v 0.184503 1.983159 0.136766
v 0.134391 2.151977 0.188998
v 0.133499 2.157533 0.187770
v 0.134391 1.988716 0.188998
v 0.133499 1.983159 0.187770
v 0.069699 2.151977 0.221961
v 0.069229 2.157533 0.220517
v 0.069699 1.988716 0.221961
v 0.069229 1.983159 0.220517
v -0.002013 2.151977 0.233319
v -0.002013 2.157533 0.231800
v -0.002013 1.988716 0.233319
v -0.002013 1.983159 0.231800
v -0.073725 2.151977 0.221961
v -0.073256 2.157533 0.220517
v -0.073725 1.988716 0.221961
v -0.073256 1.983159 0.220517
v -0.138418 2.151977 0.188998
v -0.137525 2.157533 0.187770
v -0.138418 1.988716 0.188998
v -0.137525 1.983159 0.187770
v -0.189758 2.151977 0.137658
v -0.188530 2.157533 0.136766
v -0.189758 1.988716 0.137658
v -0.188530 1.983159 0.136766
v -0.222721 2.151977 0.072966
v -0.221276 2.157533 0.072496
v -0.222721 1.988716 0.072966
v -0.221276 1.983159 0.072496
v -0.234079 2.151977 0.001254
v -0.232560 2.157533 0.001254
v -0.234079 1.988716 0.001254
v -0.232560 1.983159 0.001254
v -0.222721 2.151977 -0.070459
v -0.221276 2.157533 -0.069989
v -0.222721 1.988716 -0.070459
v -0.221276 1.983159 -0.069989
v -0.189758 2.151977 -0.135151
v -0.188530 2.157533 -0.134258
v -0.189758 1.988716 -0.135151
v -0.188530 1.983159 -0.134258
v -0.138418 2.151977 -0.186491
v -0.137525 2.157533 -0.185263
v -0.138418 1.988716 -0.186491
v -0.137525 1.983159 -0.185263
v -0.073726 2.151977 -0.219454
v -0.073256 2.157533 -0.218009
v -0.073726 1.988716 -0.219454
v -0.073256 1.983159 -0.218009
v -0.002013 2.151977 -0.230812
v -0.002013 2.157533 -0.229293
v -0.002013 1.988716 -0.230812
v -0.002013 1.983159 -0.229293
v -0.145453 0.043628 -0.196174
v -0.146904 0.038415 -0.198171
v -0.077424 0.043628 -0.230836
v -0.078187 0.038415 -0.233184
v -0.154507 -0.106888 -0.208636
v -0.153520 -0.112399 -0.207278
v -0.082184 -0.106888 -0.245486
v -0.081665 -0.112399 -0.243890
v -0.211903 -0.106888 -0.151240
v -0.210545 -0.112399 -0.150253
v -0.199441 0.043628 -0.142186
v -0.201438 0.038415 -0.143637
v -0.002013 0.043628 -0.242780
v -0.002013 0.038415 -0.245249
v -0.002013 -0.106888 -0.258184
v -0.002013 -0.112399 -0.256505
v 0.073397 0.043628 -0.230836
v 0.074160 0.038415 -0.233184
v 0.078157 -0.106888 -0.245486
v 0.077638 -0.112399 -0.243890
v 0.141426 0.043628 -0.196174
v 0.142877 0.038415 -0.198171
v 0.150480 -0.106888 -0.208636
v 0.149493 -0.112399 -0.207278
v 0.195414 0.043628 -0.142186
v 0.197411 0.038415 -0.143637
v 0.207876 -0.106888 -0.151240
v 0.206518 -0.112399 -0.150253
v 0.230076 0.043628 -0.074157
v 0.232424 0.038415 -0.074920
v 0.244726 -0.106888 -0.078917
v 0.243130 -0.112399 -0.078398
v 0.242020 0.043628 0.001253
v 0.244489 0.038415 0.001253
v 0.257424 -0.106888 0.001253
v 0.255745 -0.112399 0.001253
v 0.230076 0.043628 0.076664
v 0.232424 0.038415 0.077427
v 0.244726 -0.106888 0.081424
v 0.243130 -0.112399 0.080905
v 0.195414 0.043628 0.144693
v 0.197411 0.038415 0.146144
v 0.207876 -0.106888 0.153747
v 0.206518 -0.112399 0.152760
v 0.141426 0.043628 0.198680
v 0.142877 0.038415 0.200678
v 0.150480 -0.106888 0.211143
v 0.149493 -0.112399 0.209785
v 0.073397 0.043628 0.233343
v 0.074160 0.038415 0.235691
v 0.078157 -0.106888 0.247993
v 0.077638 -0.112399 0.246397
v -0.002013 0.043628 0.245287
v -0.002013 0.038415 0.247756
v -0.002013 -0.106888 0.260691
v -0.002013 -0.112399 0.259012
v -0.077424 0.043628 0.233343
v -0.078187 0.038415 0.235691
v -0.082184 -0.106888 0.247993
v -0.081665 -0.112399 0.246397
v -0.145453 0.043628 0.198681
v -0.146904 0.038415 0.200678
v -0.154507 -0.106888 0.211143
v -0.153520 -0.112399 0.209785
v -0.199441 0.043628 0.144693
v -0.201438 0.038415 0.146144
v -0.211903 -0.106888 0.153747
v -0.210545 -0.112399 0.152760
v -0.234103 0.043628 0.076664
v -0.236451 0.038415 0.077427
v -0.248753 -0.106888 0.081424
v -0.247157 -0.112399 0.080905
v -0.246047 0.043628 0.001253
v -0.248516 0.038415 0.001253
v -0.261451 -0.106888 0.001253
v -0.259772 -0.112399 0.001253
v -0.234103 0.043628 -0.074157
v -0.236451 0.038415 -0.074920
v -0.248753 -0.106888 -0.078917
v -0.247157 -0.112399 -0.078398
v 0.083354 0.009896 -0.261481
v 0.082574 0.015082 -0.259080
v 0.160366 0.009896 -0.222242
v 0.158881 0.015082 -0.220199
v 0.084525 -0.082870 -0.265083
v 0.083878 -0.088240 -0.263092
v 0.162592 -0.082870 -0.225306
v 0.161361 -0.088240 -0.223612
v -0.002013 -0.082870 -0.278790
v -0.002013 -0.088240 -0.276696
v -0.002013 0.009896 -0.275002
v -0.002013 0.015082 -0.272477
v -0.088552 -0.082870 -0.265084
v -0.087904 -0.088240 -0.263092
v -0.087381 0.009896 -0.261481
v -0.086601 0.015082 -0.259080
v -0.166619 -0.082870 -0.225306
v -0.165388 -0.088240 -0.223612
v -0.164392 0.009896 -0.222242
v -0.162908 0.015082 -0.220199
v -0.228573 -0.082870 -0.163352
v -0.226879 -0.088240 -0.162121
v -0.225509 0.009896 -0.161125
v -0.223466 0.015082 -0.159641
v -0.268350 -0.082870 -0.085285
v -0.266359 -0.088240 -0.084638
v -0.264748 0.009896 -0.084114
v -0.262347 0.015082 -0.083334
v -0.282057 -0.082870 0.001253
v -0.279963 -0.088240 0.001253
v -0.278269 0.009896 0.001253
v -0.275744 0.015082 0.001253
v -0.268350 -0.082870 0.087792
v -0.266359 -0.088240 0.087144
v -0.264748 0.009896 0.086621
v -0.262347 0.015082 0.085841
v -0.228573 -0.082870 0.165859
v -0.226879 -0.088240 0.164628
v -0.225509 0.009896 0.163632
v -0.223466 0.015082 0.162148
v -0.166619 -0.082870 0.227813
v -0.165388 -0.088240 0.226119
v -0.164392 0.009896 0.224749
v -0.162908 0.015082 0.222706
v -0.088552 -0.082870 0.267590
v -0.087904 -0.088240 0.265599
v -0.087381 0.009896 0.263988
v -0.086601 0.015082 0.261586
v -0.002013 -0.082870 0.281297
v -0.002013 -0.088240 0.279203
v -0.002013 0.009896 0.277509
v -0.002013 0.015082 0.274984
v 0.084525 -0.082870 0.267590
v 0.083878 -0.088240 0.265599
v 0.083354 0.009896 0.263988
v 0.082574 0.015082 0.261586
v 0.162592 -0.082870 0.227813
v 0.161361 -0.088240 0.226119
v 0.160366 0.009896 0.224749
v 0.158881 0.015082 0.222706
v 0.224546 -0.082870 0.165859
v 0.222852 -0.088240 0.164628
v 0.221482 0.009896 0.163632
v 0.219439 0.015082 0.162148
v 0.264324 -0.082870 0.087792
v 0.262332 -0.088240 0.087144
v 0.260721 0.009896 0.086621
v 0.258320 0.015082 0.085841
v 0.278030 -0.082870 0.001253
v 0.275936 -0.088240 0.001253
v 0.274242 0.009896 0.001253
v 0.271717 0.015082 0.001253
v 0.264324 -0.082870 -0.085285
v 0.262332 -0.088240 -0.084638
v 0.260721 0.009896 -0.084114
v 0.258320 0.015082 -0.083334
v 0.224546 -0.082870 -0.163352
v 0.222852 -0.088240 -0.162121
v 0.221482 0.009896 -0.161125
v 0.219439 0.015082 -0.159641
v 0.970960 -4.179737 1.006006
v 1.002740 -4.179737 0.974226
v 1.007656 -4.161388 0.974226
v 1.002740 -4.161388 0.992575
v 0.989308 -4.161388 1.006006
v 0.970960 -4.161388 1.010923
v 0.970960 -4.179737 -1.003500
v 0.970960 -4.161388 -1.008417
v 0.989308 -4.161388 -1.003500
v 1.002740 -4.161388 -0.990068
v 1.007656 -4.161388 -0.971720
v 1.002740 -4.179737 -0.971720
v 0.970960 -3.920692 0.992575
v 0.970960 -3.934124 1.006006
v 0.970960 -3.952473 1.010923
v 0.989308 -3.952473 1.006006
v 1.002740 -3.952473 0.992575
v 1.007656 -3.952473 0.974226
v 1.002740 -3.934124 0.974226
v 0.989308 -3.920692 0.974226
v 0.970960 -3.915776 0.974226
v 0.970960 -3.934124 -1.003500
v 0.970960 -3.920692 -0.990068
v 0.970960 -3.915776 -0.971720
v 0.989308 -3.920692 -0.971720
v 1.002740 -3.934124 -0.971720
v 1.007656 -3.952473 -0.971720
v 1.002740 -3.952473 -0.990068
v 0.989308 -3.952473 -1.003500
v 0.970960 -3.952473 -1.008417
v -1.006767 -3.952473 0.992575
v -0.993335 -3.952473 1.006006
v -0.974987 -3.952473 1.010923
v -0.974987 -3.934124 1.006006
v -0.974986 -3.920692 0.992575
v -0.974987 -3.915776 0.974226
v -0.993335 -3.920692 0.974226
v -1.006767 -3.934124 0.974226
v -1.011683 -3.952473 0.974226
v -0.993335 -3.952473 -1.003500
v -1.006767 -3.952473 -0.990068
v -1.011683 -3.952473 -0.971720
v -1.006767 -3.934124 -0.971720
v -0.993335 -3.920692 -0.971720
v -0.974987 -3.915776 -0.971720
v -0.974987 -3.920692 -0.990068
v -0.974987 -3.934124 -1.003500
v -0.974987 -3.952473 -1.008417
v -0.974987 -4.179737 1.006006
v -0.974987 -4.161388 1.010923
v -0.993335 -4.161388 1.006006
v -1.006767 -4.161388 0.992575
v -1.011683 -4.161388 0.974226
v -1.006767 -4.179737 0.974226
v -0.974987 -4.179737 -1.003500
v -1.006767 -4.179737 -0.971720
v -1.011683 -4.161388 -0.971720
v -1.006767 -4.161388 -0.990068
v -0.993335 -4.161388 -1.003500
v -0.974987 -4.161388 -1.008417
v 0.986816 -4.177244 1.003247
v 0.999980 -4.177244 0.990082
v 0.986816 -4.177244 -1.000741
v 0.999980 -4.177244 -0.987576
v 0.986816 -3.923452 0.990082
v 0.986816 -3.936616 1.003247
v 0.999980 -3.936616 0.990082
v 0.986816 -3.936616 -1.000741
v 0.986816 -3.923452 -0.987576
v 0.999980 -3.936616 -0.987576
v -1.004007 -3.936616 0.990082
v -0.990843 -3.936616 1.003247
v -0.990842 -3.923452 0.990082
v -0.990843 -3.936616 -1.000741
v -1.004007 -3.936616 -0.987576
v -0.990843 -3.923452 -0.987576
v -0.990843 -4.177244 1.003247
v -1.004007 -4.177244 0.990082
v -0.990843 -4.177244 -1.000741
v -1.004007 -4.177244 -0.987576
v 1.326800 -4.517633 1.373469
v 1.326800 -4.535978 1.355125
v 1.326800 -4.542692 1.330066
v 1.351859 -4.535978 1.330066
v 1.370203 -4.517633 1.330066
v 1.376917 -4.492575 1.330066
v 1.370203 -4.492575 1.355125
v 1.351859 -4.492575 1.373469
v 1.326800 -4.492575 1.380184
v 1.326800 -4.535978 -1.352619
v 1.326800 -4.517633 -1.370963
v 1.326800 -4.492575 -1.377678
v 1.351858 -4.492575 -1.370963
v 1.370203 -4.492575 -1.352619
v 1.376917 -4.492575 -1.327560
v 1.370203 -4.517633 -1.327560
v 1.351859 -4.535978 -1.327560
v 1.326800 -4.542692 -1.327560
v 1.326800 -4.163852 1.355125
v 1.326800 -4.182195 1.373469
v 1.326800 -4.207253 1.380184
v 1.351859 -4.207253 1.373469
v 1.370203 -4.207253 1.355125
v 1.376917 -4.207253 1.330066
v 1.370203 -4.182195 1.330066
v 1.351859 -4.163852 1.330066
v 1.326800 -4.157136 1.330066
v 1.326800 -4.182195 -1.370963
v 1.326800 -4.163852 -1.352619
v 1.326800 -4.157136 -1.327560
v 1.351859 -4.163852 -1.327560
v 1.370203 -4.182195 -1.327560
v 1.376917 -4.207253 -1.327560
v 1.370203 -4.207253 -1.352619
v 1.351858 -4.207253 -1.370963
v 1.326800 -4.207253 -1.377678
v -1.374229 -4.207253 1.355125
v -1.355885 -4.207253 1.373469
v -1.330827 -4.207253 1.380184
v -1.330826 -4.182195 1.373469
v -1.330827 -4.163852 1.355125
v -1.330827 -4.157136 1.330066
v -1.355885 -4.163852 1.330066
v -1.374229 -4.182195 1.330066
v -1.380944 -4.207253 1.330066
v -1.355885 -4.207253 -1.370963
v -1.374229 -4.207253 -1.352619
v -1.380944 -4.207253 -1.327560
v -1.374229 -4.182195 -1.327560
v -1.355885 -4.163852 -1.327560
v -1.330827 -4.157136 -1.327560
v -1.330827 -4.163852 -1.352619
v -1.330827 -4.182195 -1.370963
v -1.330827 -4.207253 -1.377677
v -1.330827 -4.535978 1.355125
v -1.330826 -4.517633 1.373469
v -1.330827 -4.492575 1.380184
v -1.355885 -4.492575 1.373469
v -1.374229 -4.492575 1.355125
v -1.380944 -4.492575 1.330066
v -1.374229 -4.517633 1.330066
v -1.355885 -4.535978 1.330066
v -1.330827 -4.542692 1.330066
v -1.330827 -4.517633 -1.370963
v -1.330827 -4.535978 -1.352619
v -1.330827 -4.542692 -1.327560
v -1.355885 -4.535978 -1.327560
v -1.374229 -4.517633 -1.327560
v -1.380944 -4.492575 -1.327560
v -1.374229 -4.492575 -1.352619
v -1.355885 -4.492575 -1.370963
v -1.330827 -4.492575 -1.377677
v 1.348455 -4.514230 1.369700
v 1.348455 -4.532209 1.351721
v 1.366434 -4.514230 1.351721
v 1.348455 -4.532209 -1.349215
v 1.348455 -4.514230 -1.367194
v 1.366434 -4.514230 -1.349215
v 1.348455 -4.167620 1.351721
v 1.348455 -4.185599 1.369700
v 1.366434 -4.185599 1.351721
v 1.348455 -4.185599 -1.367194
v 1.348455 -4.167620 -1.349215
v 1.366434 -4.185599 -1.349215
v -1.370461 -4.185599 1.351721
v -1.352481 -4.185599 1.369700
v -1.352481 -4.167620 1.351721
v -1.352481 -4.185599 -1.367195
v -1.370461 -4.185599 -1.349215
v -1.352481 -4.167620 -1.349215
v -1.352481 -4.532209 1.351721
v -1.352481 -4.514230 1.369700
v -1.370461 -4.514230 1.351721
v -1.352481 -4.514230 -1.367195
v -1.352481 -4.532209 -1.349215
v -1.370461 -4.514230 -1.349215
v 0.179143 6.614522 0.004095
v -0.004854 6.614522 -0.179902
v 0.177885 6.858735 0.004240
v -0.005081 6.858735 -0.178497
v -0.005487 6.858735 0.186318
v -0.188022 6.858735 0.003470
v -0.004854 6.614522 0.188092
v -0.188852 6.614522 0.004095
v -0.004854 6.842062 -0.179902
v 0.179143 6.842062 0.004095
v -0.004854 6.842062 0.188092
v -0.188852 6.842062 0.004095
v -0.004854 6.826818 -0.179902
v 0.179143 6.826818 0.004095
v -0.004854 6.826818 0.188092
v -0.188852 6.826818 0.004095
v -0.004854 6.629632 -0.179902
v 0.179143 6.629632 0.004095
v -0.004854 6.629632 0.188092
v -0.188852 6.629632 0.004095
v -0.004854 6.599696 0.188092
v -0.188852 6.599696 0.004095
v -0.004854 6.599696 -0.179902
v 0.179143 6.599696 0.004095
v 0.200345 6.614522 0.004095
v -0.004854 6.614522 -0.201104
v -0.004854 6.629632 -0.201104
v 0.200345 6.629632 0.004095
v -0.004854 6.629632 0.209294
v -0.210053 6.629632 0.004095
v -0.210053 6.614522 0.004095
v -0.004854 6.614522 0.209294
v -0.004854 6.826818 -0.201104
v 0.200345 6.826818 0.004095
v -0.004854 6.842062 -0.201104
v 0.200345 6.842062 0.004095
v -0.004854 6.826818 0.209294
v -0.004854 6.842062 0.209294
v -0.210053 6.842062 0.004095
v -0.210053 6.826818 0.004095
v -0.004854 6.905673 0.004095
v 0.200345 6.831384 0.004095
v -0.004854 6.831384 0.209294
v -0.210053 6.831384 0.004095
v -0.004854 6.831384 -0.201104
v 0.200345 6.619482 0.004095
v -0.004854 6.619482 0.209294
v -0.210053 6.619482 0.004095
v -0.004854 6.619482 -0.201104
v 0.002313 6.858735 0.180720
v 0.002302 6.842062 0.180936
v 0.002460 6.842062 0.201979
v 0.002460 6.831384 0.201979
v 0.002460 6.826818 0.201979
v 0.002302 6.826818 0.180936
v 0.002302 6.629632 0.180936
v 0.002460 6.629632 0.201979
v 0.002460 6.619482 0.201979
v 0.002460 6.614522 0.201979
v 0.000490 6.614522 0.182748
v 0.000490 6.599696 0.182748
v -0.012460 6.858735 0.180281
v -0.012446 6.842062 0.180501
v -0.012603 6.842062 0.201545
v -0.012603 6.831384 0.201545
v -0.012603 6.826818 0.201545
v -0.012446 6.826818 0.180501
v -0.012446 6.629632 0.180501
v -0.012603 6.629632 0.201545
v -0.012603 6.619482 0.201545
v -0.012603 6.614522 0.201545
v -0.012446 6.614522 0.180501
v -0.012446 6.599696 0.180501
v -0.181292 6.599696 0.011655
v -0.181292 6.614522 0.011655
v -0.202251 6.614522 0.011897
v -0.202251 6.619482 0.011897
v -0.202251 6.629632 0.011897
v -0.181292 6.629632 0.011655
v -0.181292 6.826818 0.011655
v -0.202251 6.826818 0.011897
v -0.202251 6.831384 0.011897
v -0.202251 6.842062 0.011897
v -0.181292 6.842062 0.011655
v -0.181075 6.858735 0.011666
v -0.004854 6.903290 0.013707
v 0.171367 6.858735 0.011666
v 0.171583 6.842062 0.011655
v 0.192543 6.842062 0.011896
v 0.192543 6.831384 0.011896
v 0.192543 6.826818 0.011896
v 0.171583 6.826818 0.011655
v 0.171583 6.629632 0.011655
v 0.192543 6.629632 0.011896
v 0.192543 6.619482 0.011896
v 0.192543 6.614522 0.011896
v 0.171583 6.614522 0.011655
v 0.171583 6.599696 0.011655
v 0.171735 6.858735 -0.003109
v 0.171947 6.842062 -0.003101
v 0.192914 6.842062 -0.003337
v 0.192914 6.831384 -0.003337
v 0.192914 6.826818 -0.003337
v 0.171947 6.826818 -0.003101
v 0.171947 6.629632 -0.003101
v 0.192914 6.629632 -0.003337
v 0.192914 6.619482 -0.003337
v 0.192914 6.614522 -0.003337
v 0.171947 6.614522 -0.003101
v 0.171947 6.599696 -0.003101
v 0.003940 6.901112 0.013705
v 0.004006 6.903476 0.004095
v 0.001492 6.858735 -0.173351
v 0.001480 6.842062 -0.173568
v 0.001753 6.842062 -0.194497
v 0.001753 6.831384 -0.194497
v 0.001753 6.826818 -0.194497
v 0.001480 6.826818 -0.173568
v 0.001480 6.629632 -0.173568
v 0.001753 6.629632 -0.194497
v 0.001753 6.619482 -0.194497
v 0.001753 6.614522 -0.194497
v 0.001480 6.614522 -0.173568
v 0.001480 6.599696 -0.173568
v -0.012375 6.858735 -0.172177
v -0.012360 6.842062 -0.172396
v -0.012650 6.842062 -0.193308
v -0.012650 6.831384 -0.193308
v -0.012650 6.826818 -0.193308
v -0.012360 6.826818 -0.172396
v -0.012360 6.629632 -0.172396
v -0.012650 6.629632 -0.193308
v -0.012650 6.619482 -0.193308
v -0.012650 6.614522 -0.193308
v -0.012360 6.614522 -0.172396
v -0.012360 6.599696 -0.172396
v 0.004006 6.901158 -0.005272
v -0.004854 6.903341 -0.005311
v -0.181189 6.858735 -0.003363
v -0.181400 6.842062 -0.003356
v -0.202338 6.842062 -0.003621
v -0.202338 6.831384 -0.003621
v -0.202338 6.826818 -0.003621
v -0.181400 6.826818 -0.003356
v -0.181400 6.629632 -0.003356
v -0.202338 6.629632 -0.003621
v -0.202338 6.619482 -0.003621
v -0.202338 6.614522 -0.003621
v -0.181400 6.614522 -0.003356
v -0.181400 6.599696 -0.003356
v -0.014552 6.900940 -0.005308
v -0.014550 6.903269 0.004095
v -0.014424 6.900918 0.013708
v -0.188852 6.845625 0.004095
v -0.181292 6.845625 0.011655
v -0.012446 6.845625 0.180501
v -0.004854 6.845625 0.188092
v 0.002302 6.845625 0.180936
v 0.171583 6.845625 0.011655
v 0.179143 6.845625 0.004095
v 0.171947 6.845625 -0.003101
v 0.001480 6.845625 -0.173568
v -0.004854 6.845625 -0.179902
v -0.012360 6.845625 -0.172396
v -0.181400 6.845625 -0.003356
v -0.188231 6.855206 0.003474
v -0.181292 6.855206 0.011655
v -0.012446 6.855206 0.180501
v -0.005483 6.855206 0.186534
v 0.002302 6.855206 0.180936
v 0.171583 6.855206 0.011655
v 0.178098 6.855206 0.004239
v 0.171947 6.855206 -0.003101
v 0.001480 6.855206 -0.173568
v -0.005080 6.855206 -0.178710
v -0.012360 6.855206 -0.172396
v -0.181400 6.855206 -0.003356
v -0.188852 6.820476 0.004095
v -0.181292 6.820476 0.011655
v -0.012446 6.820476 0.180501
v -0.004854 6.820476 0.188092
v 0.002302 6.820476 0.180936
v 0.171583 6.820476 0.011655
v 0.179143 6.820476 0.004095
v 0.171947 6.820476 -0.003101
v 0.001480 6.820476 -0.173568
v -0.004854 6.820476 -0.179902
v -0.012360 6.820476 -0.172396
v -0.181400 6.820476 -0.003356
v -0.195511 6.826818 0.004095
v -0.188022 6.826818 -0.003457
v -0.012476 6.826818 -0.179020
v -0.004854 6.826818 -0.186562
v 0.001586 6.826818 -0.180190
v 0.178575 6.826818 -0.003193
v 0.185803 6.826818 0.004095
v 0.178216 6.826818 0.011755
v 0.002373 6.826818 0.187584
v -0.004854 6.826818 0.194752
v -0.012519 6.826818 0.187151
v -0.187923 6.826818 0.011753
v -0.194312 6.629632 0.004095
v -0.186738 6.629632 0.011740
v -0.012511 6.629632 0.185962
v -0.004854 6.629632 0.193553
v 0.002365 6.629632 0.186395
v 0.177032 6.629632 0.011741
v 0.184604 6.629632 0.004095
v 0.177390 6.629632 -0.003180
v 0.001571 6.629632 -0.179007
v -0.004854 6.629632 -0.185363
v -0.012460 6.629632 -0.177838
v -0.186838 6.629632 -0.003442
v -0.204121 6.629632 0.004095
v -0.196328 6.629632 0.011802
v -0.012530 6.629632 0.195607
v -0.004854 6.629632 0.203362
v 0.002390 6.629632 0.196045
v 0.186618 6.629632 0.011800
v 0.194413 6.629632 0.004095
v 0.186995 6.629632 -0.003249
v 0.001652 6.629632 -0.188581
v -0.004854 6.629632 -0.195172
v -0.012539 6.629632 -0.187389
v -0.196424 6.629632 -0.003526
v -0.004854 6.614522 -0.186552
v 0.001600 6.614522 -0.180214
v 0.178595 6.614522 -0.003205
v 0.185792 6.614522 0.004095
v 0.178241 6.614522 0.011771
v 0.000765 6.614522 0.189381
v -0.004854 6.614522 0.194741
v -0.012536 6.614522 0.187170
v -0.187946 6.614522 0.011768
v -0.195501 6.614522 0.004095
v -0.188043 6.614522 -0.003469
v -0.012493 6.614522 -0.179049
v -0.012360 6.610676 -0.172396
v -0.181400 6.610676 -0.003356
v -0.188852 6.610676 0.004095
v -0.181292 6.610676 0.011655
v -0.012446 6.610676 0.180501
v -0.004854 6.610676 0.188092
v 0.000490 6.610676 0.182748
v 0.171583 6.610676 0.011655
v 0.179143 6.610676 0.004095
v 0.171947 6.610676 -0.003101
v 0.001480 6.610676 -0.173568
v -0.004854 6.610676 -0.179902
v 0.017197 6.858735 0.165836
v 0.017222 6.855206 0.166016
v 0.017222 6.845625 0.166016
v 0.017222 6.842062 0.166016
v 0.019766 6.842062 0.184674
v 0.019766 6.831384 0.184674
v 0.019766 6.826818 0.184674
v 0.018055 6.826818 0.172127
v 0.017222 6.826818 0.166016
v 0.017222 6.820476 0.166016
v 0.017222 6.629632 0.166016
v 0.017912 6.629632 0.171075
v 0.019010 6.629632 0.179134
v 0.019766 6.629632 0.184674
v 0.019766 6.619482 0.184674
v 0.019766 6.614522 0.184674
v 0.018078 6.614522 0.172293
v 0.017222 6.614522 0.166016
v 0.017222 6.610676 0.166016
v 0.017222 6.599696 0.166016
v 0.155696 6.858735 0.027337
v 0.155875 6.855206 0.027363
v 0.155875 6.845625 0.027363
v 0.155875 6.842062 0.027363
v 0.174228 6.842062 0.030211
v 0.174228 6.831384 0.030211
v 0.174228 6.826818 0.030211
v 0.161916 6.826818 0.028301
v 0.155875 6.826818 0.027363
v 0.155875 6.820476 0.027363
v 0.155875 6.629632 0.027363
v 0.160882 6.629632 0.028140
v 0.168740 6.629632 0.029360
v 0.174228 6.629632 0.030211
v 0.174228 6.619482 0.030211
v 0.174228 6.614522 0.030211
v 0.162102 6.614522 0.028330
v 0.155875 6.614522 0.027363
v 0.155875 6.610676 0.027363
v 0.155875 6.599696 0.027363
v 0.090844 6.858735 0.092189
v 0.090951 6.855206 0.092287
v 0.090951 6.845625 0.092287
v 0.090951 6.842062 0.092287
v 0.101990 6.842062 0.102449
v 0.101990 6.831384 0.102449
v 0.101990 6.826818 0.102449
v 0.094904 6.826818 0.095926
v 0.090951 6.826818 0.092287
v 0.090951 6.820476 0.092287
v 0.090951 6.629632 0.092287
v 0.094286 6.629632 0.095357
v 0.098282 6.629632 0.099036
v 0.101990 6.629632 0.102450
v 0.101990 6.619482 0.102450
v 0.101990 6.614522 0.102450
v 0.095240 6.614522 0.096235
v 0.090951 6.614522 0.092287
v 0.090951 6.610676 0.092287
v 0.090951 6.599696 0.092287
v 0.157157 6.599696 -0.017891
v 0.157157 6.610676 -0.017891
v 0.157157 6.614522 -0.017891
v 0.163436 6.614522 -0.018743
v 0.175826 6.614522 -0.020425
v 0.175826 6.619482 -0.020425
v 0.175826 6.629632 -0.020425
v 0.170284 6.629632 -0.019673
v 0.162218 6.629632 -0.018578
v 0.157157 6.629632 -0.017891
v 0.157157 6.820476 -0.017891
v 0.157157 6.826818 -0.017891
v 0.163270 6.826818 -0.018721
v 0.175826 6.826818 -0.020425
v 0.175826 6.831384 -0.020425
v 0.175826 6.842062 -0.020425
v 0.157157 6.842062 -0.017891
v 0.157157 6.845625 -0.017891
v 0.157157 6.855206 -0.017891
v 0.156977 6.858735 -0.017867
v 0.019112 6.599696 -0.155936
v 0.019112 6.610676 -0.155936
v 0.019112 6.614522 -0.155936
v 0.020047 6.614522 -0.162177
v 0.021874 6.614522 -0.174376
v 0.021874 6.619482 -0.174376
v 0.021874 6.629632 -0.174376
v 0.021050 6.629632 -0.168873
v 0.019865 6.629632 -0.160958
v 0.019112 6.629632 -0.155936
v 0.019112 6.820476 -0.155936
v 0.019112 6.826818 -0.155936
v 0.020020 6.826818 -0.161997
v 0.021874 6.826818 -0.174376
v 0.021874 6.831384 -0.174376
v 0.021874 6.842062 -0.174376
v 0.019112 6.842062 -0.155936
v 0.019112 6.845625 -0.155936
v 0.019112 6.855206 -0.155936
v 0.019086 6.858735 -0.155758
v 0.085862 6.599696 -0.089186
v 0.085862 6.610676 -0.089186
v 0.085862 6.614522 -0.089186
v 0.089925 6.614522 -0.093364
v 0.096315 6.614522 -0.099935
v 0.096315 6.619482 -0.099935
v 0.096315 6.629632 -0.099935
v 0.092803 6.629632 -0.096323
v 0.089021 6.629632 -0.092435
v 0.085862 6.629632 -0.089186
v 0.085862 6.820476 -0.089186
v 0.085862 6.826818 -0.089186
v 0.089606 6.826818 -0.093036
v 0.096315 6.826818 -0.099935
v 0.096315 6.831384 -0.099935
v 0.096315 6.842062 -0.099935
v 0.085862 6.842062 -0.089186
v 0.085862 6.845625 -0.089186
v 0.085862 6.855206 -0.089186
v 0.085761 6.858735 -0.089082
v -0.035412 6.858735 -0.149140
v -0.035446 6.855206 -0.149311
v -0.035446 6.845625 -0.149311
v -0.035446 6.842062 -0.149311
v -0.038971 6.842062 -0.166988
v -0.038971 6.831384 -0.166988
v -0.038971 6.826818 -0.166988
v -0.036619 6.826818 -0.155195
v -0.035446 6.826818 -0.149311
v -0.035446 6.820476 -0.149311
v -0.035446 6.629632 -0.149311
v -0.036421 6.629632 -0.154200
v -0.037900 6.629632 -0.161619
v -0.038971 6.629632 -0.166988
v -0.038971 6.619482 -0.166988
v -0.038971 6.614522 -0.166988
v -0.036664 6.614522 -0.155419
v -0.035446 6.614522 -0.149311
v -0.035446 6.610676 -0.149311
v -0.035446 6.599696 -0.149311
v -0.097339 6.599696 -0.087418
v -0.097339 6.610676 -0.087418
v -0.097339 6.614522 -0.087418
v -0.101481 6.614522 -0.091517
v -0.107996 6.614522 -0.097963
v -0.107996 6.619482 -0.097963
v -0.107996 6.629632 -0.097963
v -0.104414 6.629632 -0.094419
v -0.100560 6.629632 -0.090605
v -0.097339 6.629632 -0.087418
v -0.097339 6.820476 -0.087418
v -0.097339 6.826818 -0.087418
v -0.101156 6.826818 -0.091195
v -0.107996 6.826818 -0.097963
v -0.107996 6.831384 -0.097963
v -0.107996 6.842062 -0.097963
v -0.097339 6.842062 -0.087418
v -0.097339 6.845625 -0.087418
v -0.097339 6.855206 -0.087418
v -0.097236 6.858735 -0.087316
v -0.161287 6.599696 -0.023469
v -0.161287 6.610676 -0.023469
v -0.161287 6.614522 -0.023469
v -0.167458 6.614522 -0.024556
v -0.179313 6.614522 -0.026645
v -0.179313 6.619482 -0.026645
v -0.179313 6.629632 -0.026645
v -0.173882 6.629632 -0.025688
v -0.166238 6.629632 -0.024342
v -0.161287 6.629632 -0.023469
v -0.161287 6.820476 -0.023469
v -0.161287 6.826818 -0.023469
v -0.167253 6.826818 -0.024521
v -0.179313 6.826818 -0.026645
v -0.179313 6.831384 -0.026645
v -0.179313 6.842062 -0.026645
v -0.161287 6.842062 -0.023469
v -0.161287 6.845625 -0.023469
v -0.161287 6.855206 -0.023469
v -0.161113 6.858735 -0.023439
v -0.161881 6.599696 0.031066
v -0.161881 6.610676 0.031066
v -0.161881 6.614522 0.031066
v -0.168063 6.614522 0.032127
v -0.179975 6.614522 0.034173
v -0.179975 6.619482 0.034173
v -0.179975 6.629632 0.034173
v -0.174531 6.629632 0.033238
v -0.166843 6.629632 0.031918
v -0.161881 6.629632 0.031066
v -0.161881 6.820476 0.031066
v -0.161881 6.826818 0.031066
v -0.167862 6.826818 0.032093
v -0.179975 6.826818 0.034173
v -0.179975 6.831384 0.034173
v -0.179975 6.842062 0.034173
v -0.161881 6.842062 0.031066
v -0.161881 6.845625 0.031065
v -0.161881 6.855206 0.031065
v -0.161706 6.858735 0.031035
v -0.099649 6.858735 0.093092
v -0.099755 6.855206 0.093191
v -0.099755 6.845625 0.093191
v -0.099755 6.842062 0.093191
v -0.109945 6.842062 0.104203
v -0.109945 6.831384 0.104203
v -0.109945 6.826818 0.104203
v -0.103404 6.826818 0.097135
v -0.099755 6.826818 0.093191
v -0.099755 6.820476 0.093191
v -0.099755 6.629632 0.093191
v -0.102834 6.629632 0.096518
v -0.106522 6.629632 0.100504
v -0.109945 6.629632 0.104203
v -0.109945 6.619482 0.104203
v -0.109945 6.614522 0.104203
v -0.103714 6.614522 0.097470
v -0.099755 6.614522 0.093191
v -0.099755 6.610676 0.093191
v -0.099755 6.599696 0.093191
v -0.030869 6.858735 0.161872
v -0.030898 6.855206 0.162048
v -0.030898 6.845625 0.162048
v -0.030898 6.842062 0.162048
v -0.033702 6.842062 0.180446
v -0.033702 6.831384 0.180446
v -0.033702 6.826818 0.180446
v -0.031821 6.826818 0.168100
v -0.030898 6.826818 0.162048
v -0.030898 6.820476 0.162048
v -0.030898 6.629632 0.162048
v -0.031662 6.629632 0.167063
v -0.032865 6.629632 0.174950
v -0.033702 6.629632 0.180446
v -0.033702 6.619482 0.180446
v -0.033702 6.614522 0.180446
v -0.031849 6.614522 0.168282
v -0.030898 6.614522 0.162048
v -0.030898 6.610676 0.162048
v -0.030898 6.599696 0.162048
v -0.034029 6.896121 -0.005301
v -0.034000 6.898452 0.004095
v -0.033581 6.896175 0.013711
v 0.013874 6.898657 0.013694
v 0.013663 6.901086 0.004095
v 0.013616 6.898785 -0.005239
v 0.014129 6.895181 -0.019290
v 0.004006 6.897661 -0.019389
v -0.004854 6.899834 -0.019476
v -0.014551 6.897414 -0.019547
v -0.034173 6.892456 -0.019949
v 0.014145 6.895543 0.025992
v 0.003877 6.897983 0.026410
v -0.004854 6.900057 0.026765
v -0.014360 6.897680 0.026859
v -0.033340 6.892933 0.027046
v -0.004864 6.860414 0.184212
v 0.002414 6.860404 0.176970
v 0.017457 6.860415 0.161881
v 0.152202 6.860272 0.027718
v 0.168300 6.860249 0.011712
v 0.175961 6.860240 0.004091
v 0.168635 6.860252 -0.003186
v 0.153355 6.860277 -0.018360
v 0.019253 6.860627 -0.151047
v 0.001537 6.860635 -0.168740
v -0.004864 6.860642 -0.175108
v -0.012422 6.860646 -0.167537
v -0.035931 6.860651 -0.144005
v -0.156135 6.860662 -0.023752
v -0.176551 6.860635 -0.003455
v -0.184103 6.860633 0.004091
v -0.176476 6.860627 0.011735
v -0.156884 6.860635 0.031305
v -0.031515 6.860426 0.157514
v -0.012551 6.860415 0.176519
v -0.147257 6.870410 0.004095
v -0.139719 6.870400 0.011673
v -0.121677 6.870375 0.029809
v -0.031653 6.870260 0.120303
v -0.012621 6.870235 0.139435
v -0.004854 6.870224 0.147243
v 0.002642 6.870151 0.140042
v 0.016361 6.870019 0.126863
v 0.120302 6.869005 0.027019
v 0.136410 6.868846 0.011547
v 0.144167 6.868771 0.004095
v 0.136966 6.868752 -0.003177
v 0.122055 6.868716 -0.018235
v 0.017925 6.868464 -0.123385
v 0.001466 6.868424 -0.140006
v -0.004854 6.868409 -0.146388
v -0.012179 6.868512 -0.138647
v -0.035102 6.868834 -0.114424
v -0.122197 6.870057 -0.022387
v -0.140066 6.870309 -0.003504
v -0.093476 6.861057 -0.084817
v -0.076102 6.869409 -0.071098
v -0.096849 6.860960 0.090023
v -0.079449 6.870321 0.072257
v 0.088025 6.860749 0.089961
v 0.070395 6.869490 0.074959
v 0.083117 6.860875 -0.086181
v 0.069347 6.868590 -0.071460
v 0.143736 6.863401 -0.018022
v 0.158680 6.863391 -0.003114
v 0.165906 6.863389 0.004095
v 0.158266 6.863419 0.011611
v 0.142386 6.863482 0.027233
v 0.083107 6.863690 0.085675
v 0.016891 6.863914 0.150976
v 0.002434 6.863971 0.165207
v -0.004854 6.864000 0.172379
v -0.012504 6.864011 0.164691
v -0.031190 6.864033 0.145913
v -0.091807 6.864106 0.084997
v -0.145970 6.864172 0.030568
v -0.164775 6.864195 0.011670
v -0.172313 6.864205 0.004095
v -0.164948 6.864172 -0.003405
v -0.145668 6.864086 -0.023037
v -0.088766 6.863863 -0.080830
v -0.035306 6.863667 -0.135083
v -0.012295 6.863558 -0.158537
v -0.004854 6.863523 -0.166122
v 0.001488 6.863519 -0.159796
v 0.018630 6.863508 -0.142698
v 0.079343 6.863458 -0.082189
v 0.179143 6.784336 0.004095
v 0.171583 6.784336 0.011655
v 0.155875 6.784336 0.027363
v 0.090951 6.784336 0.092287
v 0.017222 6.784336 0.166016
v 0.002302 6.784336 0.180936
v -0.004854 6.784336 0.188092
v -0.012446 6.784336 0.180501
v -0.030898 6.784336 0.162048
v -0.099755 6.784336 0.093191
v -0.161881 6.784336 0.031066
v -0.181292 6.784336 0.011655
v -0.188852 6.784336 0.004095
v -0.181400 6.784336 -0.003356
v -0.161287 6.784336 -0.023469
v -0.097339 6.784336 -0.087418
v -0.035446 6.784336 -0.149311
v -0.012360 6.784336 -0.172396
v -0.004854 6.784336 -0.179902
v 0.001480 6.784336 -0.173568
v 0.019112 6.784336 -0.155936
v 0.085862 6.784336 -0.089186
v 0.157157 6.784336 -0.017891
v 0.171947 6.784336 -0.003101
v 0.179143 6.636245 0.004095
v 0.171583 6.636245 0.011655
v 0.155875 6.636245 0.027363
v 0.090951 6.636245 0.092287
v 0.017222 6.636245 0.166016
v 0.002302 6.636245 0.180936
v -0.004854 6.636245 0.188092
v -0.012446 6.636245 0.180501
v -0.030898 6.636245 0.162048
v -0.099755 6.636245 0.093191
v -0.161881 6.636245 0.031066
v -0.181292 6.636245 0.011655
v -0.188852 6.636245 0.004095
v -0.181400 6.636245 -0.003356
v -0.161287 6.636245 -0.023469
v -0.097339 6.636245 -0.087418
v -0.035446 6.636245 -0.149311
v -0.012360 6.636245 -0.172396
v -0.004854 6.636245 -0.179902
v 0.001480 6.636245 -0.173568
v 0.019112 6.636245 -0.155936
v 0.085862 6.636245 -0.089186
v 0.157157 6.636245 -0.017891
v 0.171947 6.636245 -0.003101
v 0.179143 6.651356 0.004095
v 0.171583 6.651356 0.011655
v 0.155875 6.651356 0.027363
v 0.090951 6.651356 0.092287
v 0.017222 6.651356 0.166016
v 0.002302 6.651356 0.180936
v -0.004854 6.651356 0.188092
v -0.012446 6.651356 0.180501
v -0.030898 6.651356 0.162048
v -0.099755 6.651356 0.093191
v -0.161881 6.651356 0.031066
v -0.181292 6.651356 0.011655
v -0.188852 6.651356 0.004095
v -0.181400 6.651356 -0.003356
v -0.161287 6.651356 -0.023469
v -0.097339 6.651356 -0.087418
v -0.035446 6.651356 -0.149311
v -0.012360 6.651356 -0.172396
v -0.004854 6.651356 -0.179902
v 0.001480 6.651356 -0.173568
v 0.019112 6.651356 -0.155936
v 0.085862 6.651356 -0.089186
v 0.157157 6.651356 -0.017891
v 0.171947 6.651356 -0.003101
v 0.179143 6.714452 0.004095
v 0.171583 6.714452 0.011655
v 0.155875 6.714452 0.027363
v 0.090951 6.714452 0.092287
v 0.017222 6.714452 0.166016
v 0.002302 6.714452 0.180936
v -0.004854 6.714452 0.188092
v -0.012446 6.714452 0.180501
v -0.030898 6.714452 0.162048
v -0.099755 6.714452 0.093191
v -0.161881 6.714452 0.031066
v -0.181292 6.714452 0.011655
v -0.188852 6.714452 0.004095
v -0.181400 6.714452 -0.003356
v -0.161287 6.714452 -0.023469
v -0.097339 6.714452 -0.087418
v -0.035446 6.714452 -0.149311
v -0.012360 6.714452 -0.172396
v -0.004854 6.714452 -0.179902
v 0.001480 6.714452 -0.173568
v 0.019112 6.714452 -0.155936
v 0.085862 6.714452 -0.089186
v 0.157157 6.714452 -0.017891
v 0.171947 6.714452 -0.003101
v 0.193624 6.842062 0.004095
v 0.186207 6.842062 -0.003238
v 0.169546 6.842062 -0.019572
v 0.092333 6.842062 -0.095840
v 0.020940 6.842062 -0.168140
v 0.001639 6.842062 -0.187794
v -0.004854 6.842062 -0.194383
v -0.012524 6.842062 -0.186601
v -0.037757 6.842062 -0.160903
v -0.103936 6.842062 -0.093945
v -0.173158 6.842062 -0.025561
v -0.195637 6.842062 -0.003513
v -0.203332 6.842062 0.004095
v -0.195540 6.842062 0.011789
v -0.173806 6.842062 0.033114
v -0.106065 6.842062 0.100010
v -0.032753 6.842062 0.174218
v -0.012520 6.842062 0.194816
v -0.004854 6.842062 0.202573
v 0.002380 6.842062 0.195255
v 0.018910 6.842062 0.178397
v 0.097787 6.842062 0.098580
v 0.168009 6.842062 0.029246
v 0.185829 6.842062 0.011787
v -0.002826 6.072512 -1.132474
v -1.138394 6.072512 0.003094
v -0.003853 6.072512 1.137634
v 1.134367 6.072512 -0.000586
v -0.002826 6.162838 -1.132474
v -1.138394 6.162838 0.003094
v -0.003853 6.162838 1.137634
v 1.134367 6.162838 -0.000586
v -0.003449 6.602418 -0.203778
v -0.208273 6.602418 0.001046
v -0.001806 6.602418 0.207514
v 0.203018 6.602418 0.002690
v -0.024644 6.162838 1.116843
v -0.024644 6.072512 1.116843
v 1.113522 6.072512 -0.021322
v 1.113522 6.162838 -0.021322
v 0.182227 6.602418 -0.018101
v -0.022596 6.602418 0.186723
v 0.015506 6.162838 1.118275
v 0.015506 6.072512 1.118275
v -1.119034 6.072512 -0.016266
v -1.119034 6.162838 -0.016266
v -0.188921 6.602418 -0.018306
v -0.003244 6.602418 0.167371
v 0.017547 6.602418 0.188161
v -1.118482 6.162838 0.023006
v -1.118482 6.072512 0.023006
v 0.017139 6.072512 -1.112616
v 0.017139 6.162838 -1.112616
v 0.016462 6.602418 -0.183866
v -0.169009 6.602418 0.001606
v -0.188361 6.602418 0.020958
v -0.023602 6.162838 -1.111698
v -0.023592 6.602418 -0.183635
v -0.003680 6.602418 -0.163723
v 0.162085 6.602418 0.002042
v 0.182876 6.602418 0.022832
v 1.113591 6.162838 0.020190
v 1.113591 6.072512 0.020190
v -0.023602 6.072512 -1.111698
v 1.113522 6.091382 -0.021322
v 1.134367 6.091382 -0.000586
v 1.113591 6.091382 0.020190
v 0.015506 6.091382 1.118275
v -0.003853 6.091382 1.137634
v -0.024644 6.091382 1.116843
v -1.118482 6.091382 0.023006
v -1.138394 6.091382 0.003094
v -1.119034 6.091382 -0.016266
v -0.023602 6.091382 -1.111698
v -0.002826 6.091382 -1.132474
v 0.017139 6.091382 -1.112616
v 1.113522 6.142517 -0.021322
v 1.134367 6.142517 -0.000586
v 1.113591 6.142517 0.020190
v 0.015506 6.142517 1.118275
v -0.003853 6.142517 1.137634
v -0.024644 6.142517 1.116843
v -1.118482 6.142517 0.023006
v -1.138394 6.142517 0.003094
v -1.119034 6.142517 -0.016266
v -0.023602 6.142517 -1.111698
v -0.002826 6.142517 -1.132474
v 0.017139 6.142517 -1.112616
v 1.078046 6.179603 -0.021151
v 1.098938 6.179559 -0.000461
v 1.078118 6.179619 0.020232
v 0.015535 6.179613 1.082825
v -0.003775 6.179568 1.102232
v -0.024518 6.179613 1.081393
v -1.083022 6.179624 0.022869
v -1.102991 6.179568 0.003016
v -1.083584 6.179613 -0.016295
v -0.023543 6.179638 -1.076283
v -0.002850 6.179580 -1.097102
v 0.017056 6.179634 -1.077186
v -0.236815 6.588928 0.001109
v -0.217463 6.588928 -0.018243
v -0.023592 6.588928 -0.212114
v -0.003430 6.588928 -0.232276
v 0.016485 6.588928 -0.212368
v 0.210804 6.588928 -0.018198
v 0.231598 6.588928 0.002589
v 0.211436 6.588928 0.022751
v 0.017484 6.588928 0.216704
v -0.001868 6.588928 0.236056
v -0.022659 6.588928 0.215265
v -0.216904 6.588928 0.021021
v 1.082122 6.072274 0.020245
v 1.102963 6.072277 -0.000465
v 0.015518 6.072274 1.086841
v -0.003786 6.072274 1.106256
v -0.024521 6.072274 1.085410
v -1.107012 6.072274 0.003020
v -1.087034 6.072274 0.022865
v -1.087598 6.072274 -0.016284
v -0.002856 6.072274 -1.101113
v -0.023565 6.072274 -1.080271
v 0.017042 6.072274 -1.081188
v 1.082063 6.072274 -0.021146
v 1.102963 6.088246 -0.000465
v 1.082122 6.088246 0.020245
v 0.015518 6.088246 1.086841
v -0.003786 6.088246 1.106256
v -0.024521 6.088246 1.085410
v -1.087034 6.088246 0.022865
v -1.107012 6.088246 0.003020
v -1.087598 6.088246 -0.016284
v -0.023565 6.088246 -1.080271
v -0.002856 6.088246 -1.101113
v 0.017042 6.088246 -1.081188
v 1.082063 6.088246 -0.021146
v 1.113377 6.072353 -0.000505
v 1.092557 6.072353 0.020227
v 0.015514 6.072353 1.097265
v -0.003808 6.072353 1.116661
v -0.024562 6.072353 1.095833
v -1.097462 6.072353 0.022912
v -1.117418 6.072353 0.003044
v -1.098022 6.072353 -0.016278
v -0.023578 6.072353 -1.090693
v -0.002846 6.072353 -1.111512
v 0.017075 6.072353 -1.091610
v 1.092495 6.072353 -0.021205
v 1.102963 6.078878 -0.000465
v 1.082063 6.078878 -0.021146
v 0.017042 6.078878 -1.081188
v -0.002856 6.078878 -1.101113
v -0.023565 6.078878 -1.080271
v -1.087598 6.078878 -0.016284
v -1.107012 6.078878 0.003020
v -1.087034 6.078878 0.022865
v -0.024521 6.078878 1.085410
v -0.003786 6.078878 1.106256
v 0.015518 6.078878 1.086841
v 1.082122 6.078878 0.020245
v 0.905562 4.275203 0.000165
v -0.003049 4.275203 -0.904197
v 0.902517 4.359520 -0.000089
v -0.003049 4.361921 -0.904197
v -0.003363 4.359216 0.909089
v -0.907253 4.360085 0.003229
v -0.003363 4.275203 0.909089
v -0.909828 4.275203 0.002583
v 0.833874 4.372235 0.000483
v -0.003049 4.372235 -0.832827
v -0.838326 4.372235 0.002451
v -0.003152 4.372235 0.837508
v 0.833873 5.997195 0.000483
v -0.003049 5.997195 -0.832826
v -0.838326 5.997195 0.002451
v -0.003152 5.997195 0.837509
v -0.003049 6.003186 -0.826879
v -0.832368 6.003186 0.002440
v -0.003151 6.003186 0.831561
v 0.827926 6.003186 0.000484
v -0.003049 6.016279 -0.826879
v -0.832368 6.016279 0.002440
v -0.003151 6.016279 0.831561
v 0.827926 6.016279 0.000484
v -0.003067 6.029322 -0.869961
v -0.875505 6.029482 0.002476
v -0.003292 6.032722 0.874802
v 0.871087 6.032569 0.000423
v -0.003070 6.070554 -0.873006
v -0.878556 6.070554 0.002480
v -0.003296 6.070554 0.877853
v 0.874138 6.070554 0.000419
v -0.003049 4.512832 -0.832827
v 0.833874 4.512832 0.000483
v -0.003152 4.512832 0.837508
v -0.838326 4.512832 0.002451
v 0.050764 4.512832 -0.779307
v 0.050764 4.372235 -0.779307
v 0.050776 4.372235 -0.850689
v 0.050776 4.275203 -0.850689
v -0.856164 4.275203 0.056251
v -0.856164 4.372235 0.056251
v -0.784656 4.372235 0.056113
v -0.784656 4.512832 0.056113
v -0.784656 5.997195 0.056113
v -0.778697 6.003186 0.056102
v -0.778697 6.016279 0.056102
v -0.822029 6.024897 0.055960
v -0.824894 6.070554 0.056151
v 0.050742 6.070554 -0.819486
v 0.050557 6.024897 -0.816627
v 0.050764 6.016279 -0.773360
v 0.050764 6.003186 -0.773360
v 0.050763 5.997195 -0.779306
v 0.774205 4.512832 -0.058883
v 0.774205 4.372235 -0.058883
v 0.845881 4.370870 -0.059188
v 0.845881 4.275203 -0.059188
v -0.062878 4.275203 0.849571
v -0.062878 4.372235 0.849571
v -0.062674 4.372235 0.777996
v -0.062674 4.512832 0.777996
v -0.062674 5.997195 0.777996
v -0.062673 6.003186 0.772048
v -0.062673 6.016279 0.772048
v -0.062597 6.024897 0.815487
v -0.062808 6.070554 0.818331
v 0.814470 6.070554 -0.058947
v 0.811626 6.024897 -0.058736
v 0.768256 6.016279 -0.058881
v 0.768256 6.003186 -0.058881
v 0.774205 5.997195 -0.058882
v 0.775183 4.512832 0.059174
v 0.775183 4.372235 0.059174
v 0.846871 4.369912 0.058855
v 0.846871 4.275203 0.058855
v 0.787190 4.275203 -0.000498
v -0.007915 4.275203 -0.791998
v -0.061739 4.275203 -0.845506
v -0.061739 4.372235 -0.845506
v -0.061739 4.372235 -0.774136
v -0.061739 4.512832 -0.774136
v -0.061739 5.997195 -0.774136
v -0.061739 6.003183 -0.768188
v -0.061739 6.016279 -0.768188
v -0.061553 6.024897 -0.811475
v -0.061761 6.070554 -0.814315
v 0.815447 6.070554 0.059110
v 0.812601 6.024897 0.058909
v 0.769235 6.016279 0.059174
v 0.769235 6.003186 0.059174
v 0.775183 5.997195 0.059174
v 0.054435 4.512832 0.779922
v 0.054435 4.372235 0.779922
v 0.054224 4.372235 0.851503
v 0.054224 4.275203 0.851503
v -0.005292 4.275203 0.791984
v -0.798577 4.275203 -0.001336
v -0.852242 4.275203 -0.055003
v -0.852242 4.372235 -0.055003
v -0.780740 4.372235 -0.055135
v -0.780740 4.512832 -0.055135
v -0.780740 5.997195 -0.055135
v -0.774781 6.003186 -0.055147
v -0.774781 6.016279 -0.055147
v -0.818119 6.024897 -0.054909
v -0.820969 6.070554 -0.055106
v 0.054291 6.070554 0.820266
v 0.054094 6.024897 0.817416
v 0.054435 6.016279 0.773975
v 0.054435 6.003186 0.773975
v 0.054435 5.997195 0.779922
v 0.050763 5.902011 -0.779307
v -0.003049 5.902011 -0.832827
v -0.061739 5.902011 -0.774136
v -0.780740 5.902011 -0.055135
v -0.838326 5.902011 0.002451
v -0.784656 5.902011 0.056113
v -0.062674 5.902011 0.777996
v -0.003152 5.902011 0.837508
v 0.054435 5.902011 0.779922
v 0.775183 5.902011 0.059174
v 0.833873 5.902011 0.000483
v 0.774205 5.902011 -0.058882
v 0.743999 4.512832 -0.028634
v 0.020557 4.512832 -0.749058
v 0.743999 5.902011 -0.028634
v 0.020557 5.902011 -0.749058
v -0.036314 4.512832 -0.748711
v -0.755316 4.512832 -0.029710
v -0.036314 5.902011 -0.748711
v -0.755316 5.902011 -0.029710
v -0.042703 4.512832 0.758024
v -0.764685 4.512832 0.036141
v -0.764685 5.902011 0.036141
v -0.042703 5.902011 0.758024
v 0.739850 4.512832 0.023841
v 0.019102 4.512832 0.744589
v 0.019102 5.902011 0.744590
v 0.739850 5.902011 0.023841
v -0.016335 6.070554 0.864812
v -0.016286 6.028332 0.861806
v -0.016192 6.016279 0.818522
v -0.016192 6.003186 0.818522
v -0.016193 5.997195 0.824469
v -0.016193 5.902011 0.824469
v -0.016193 4.512832 0.824469
v -0.016193 4.372235 0.824469
v -0.016403 4.364692 0.896049
v -0.016403 4.275203 0.896049
v 0.041184 4.275203 0.838462
v 0.833796 4.275203 0.045851
v 0.892486 4.275203 -0.012839
v 0.889218 4.362537 -0.014752
v 0.820800 4.372235 -0.012524
v 0.820800 4.512832 -0.012524
v 0.820800 5.902011 -0.012524
v 0.820800 5.997195 -0.012524
v 0.814853 6.003186 -0.012523
v 0.814853 6.016279 -0.012523
v 0.858059 6.028319 -0.012539
v 0.861065 6.070554 -0.012588
v 0.008115 6.070554 0.866442
v 0.008079 6.028332 0.863431
v 0.008259 6.016279 0.820150
v 0.008259 6.003186 0.820150
v 0.008259 5.997195 0.826098
v 0.008259 5.902011 0.826098
v 0.008259 4.512832 0.826098
v 0.008259 4.372235 0.826098
v 0.010538 4.364828 0.895189
v 0.008048 4.275203 0.897679
v -0.004992 4.275203 0.884638
v -0.051468 4.275203 0.838160
v -0.844753 4.275203 0.044840
v -0.898418 4.275203 -0.008827
v -0.897381 4.364511 -0.007791
v -0.826916 4.372235 -0.008960
v -0.826916 4.512832 -0.008960
v -0.826916 5.902011 -0.008959
v -0.826916 5.997195 -0.008959
v -0.820957 6.003186 -0.008971
v -0.820957 6.016279 -0.008971
v -0.864134 6.027339 -0.008894
v -0.867145 6.070554 -0.008931
v -0.867824 6.070554 0.013213
v -0.864811 6.027339 0.013172
v -0.821634 6.016279 0.013171
v -0.821634 6.003186 0.013171
v -0.827593 5.997195 0.013183
v -0.827593 5.902011 0.013183
v -0.827593 4.512832 0.013182
v -0.827593 4.372235 0.013182
v -0.898442 4.364511 0.012662
v -0.899096 4.275203 0.013316
v -0.887686 4.275203 0.001905
v -0.841510 4.275203 -0.044271
v -0.050975 4.275203 -0.834805
v 0.007715 4.275203 -0.893496
v 0.010289 4.365561 -0.890923
v 0.007713 4.372235 -0.822124
v 0.007713 4.512832 -0.822124
v 0.007713 5.902011 -0.822124
v 0.007713 5.997195 -0.822124
v 0.007713 6.003186 -0.816176
v 0.007713 6.016279 -0.816176
v 0.007657 6.027484 -0.859295
v 0.007691 6.070554 -0.862303
v 0.861281 6.070554 0.013276
v 0.858270 6.028319 0.013240
v 0.815069 6.016279 0.013340
v 0.815069 6.003186 0.013340
v 0.821017 5.997195 0.013340
v 0.821017 5.902011 0.013340
v 0.821017 4.512832 0.013340
v 0.821017 4.372235 0.013340
v 0.889674 4.362329 0.014784
v 0.892705 4.275203 0.013021
v 0.879629 4.275203 0.000017
v 0.833024 4.275203 -0.046331
v 0.037919 4.275203 -0.837832
v -0.005142 4.275203 -0.880639
v -0.015905 4.275203 -0.891340
v -0.018273 4.366262 -0.888972
v -0.015906 4.372235 -0.819970
v -0.015906 4.512832 -0.819970
v -0.015906 5.902011 -0.819970
v -0.015906 5.997195 -0.819970
v -0.015906 6.003186 -0.814022
v -0.015906 6.016279 -0.814022
v -0.015884 6.027484 -0.857145
v -0.015927 6.070554 -0.860149
v 1.102963 6.072277 -0.000465
v 1.090106 6.072277 0.012392
v 1.044272 6.072277 0.058226
v 0.053800 6.072274 1.048669
v 0.007625 6.072274 1.094845
v -0.003786 6.072274 1.106256
v -0.016826 6.072274 1.093216
v -0.063302 6.072274 1.046738
v -1.053346 6.072274 0.056686
v -1.096280 6.072274 0.013752
v -1.107012 6.072274 0.003020
v -1.095601 6.072274 -0.008391
v -1.049426 6.072274 -0.054567
v -0.061546 6.072274 -1.042422
v -0.015713 6.072274 -1.088256
v -0.002856 6.072274 -1.101113
v 0.007908 6.072274 -1.090412
v 0.050967 6.072274 -1.047604
v 1.043283 6.072277 -0.059819
v 1.089887 6.072277 -0.013469
v 0.908413 6.070813 0.000287
v 0.895556 6.070813 0.013144
v 0.849723 6.070813 0.058977
v 0.054217 6.070813 0.854510
v 0.008042 6.070813 0.900686
v -0.003369 6.070813 0.912096
v -0.016408 6.070813 0.899055
v -0.062882 6.070813 0.852575
v -0.859141 6.070813 0.056231
v -0.902072 6.070813 0.013294
v -0.912803 6.070813 0.002561
v -0.901393 6.070813 -0.008850
v -0.855217 6.070813 -0.055026
v -0.061729 6.070813 -0.848537
v -0.015895 6.070813 -0.894371
v -0.003038 6.070813 -0.907228
v 0.007724 6.070813 -0.896525
v 0.050776 6.070813 -0.853708
v 0.848744 6.070813 -0.059077
v 0.895340 6.070813 -0.012720
v 1.012129 6.071593 -0.000114
v 0.999272 6.071593 0.012743
v 0.953438 6.071593 0.058577
v 0.053995 6.071593 0.958020
v 0.007819 6.071593 1.004195
v -0.003591 6.071593 1.015606
v -0.016631 6.071593 1.002566
v -0.063106 6.071593 0.956087
v -0.962675 6.071593 0.056474
v -1.005607 6.071593 0.013538
v -1.016339 6.071593 0.002805
v -1.004928 6.071593 -0.008605
v -0.958753 6.071593 -0.054781
v -0.061631 6.071593 -0.951902
v -0.015798 6.071593 -0.997736
v -0.002941 6.071593 -1.010593
v 0.007822 6.071593 -0.999891
v 0.050878 6.071593 -0.957079
v 0.952454 6.071593 -0.059473
v 0.999054 6.071593 -0.013119
v 0.874138 6.063628 0.000419
v 0.861281 6.063628 0.013276
v 0.815447 6.063628 0.059110
v 0.054291 6.063628 0.820266
v 0.008115 6.063628 0.866442
v -0.003296 6.063628 0.877853
v -0.016335 6.063628 0.864812
v -0.062808 6.063628 0.818331
v -0.824894 6.063628 0.056151
v -0.867824 6.063628 0.013213
v -0.878556 6.063628 0.002480
v -0.867145 6.063628 -0.008931
v -0.820969 6.063628 -0.055106
v -0.061761 6.063628 -0.814315
v -0.015927 6.063628 -0.860149
v -0.003070 6.063628 -0.873006
v 0.007691 6.063628 -0.862303
v 0.050742 6.063628 -0.819486
v 0.814470 6.063628 -0.058947
v 0.861065 6.063628 -0.012588
v 0.874138 6.040317 0.000419
v 0.861281 6.036461 0.013276
v 0.815447 6.032148 0.059110
v 0.054291 6.032148 0.820266
v 0.008115 6.035864 0.866442
v -0.003296 6.040138 0.877853
v -0.016335 6.035864 0.864812
v -0.062808 6.032148 0.818331
v -0.824894 6.032148 0.056150
v -0.867824 6.035829 0.013213
v -0.878556 6.038995 0.002480
v -0.867145 6.035829 -0.008931
v -0.820969 6.032148 -0.055106
v -0.061761 6.032148 -0.814315
v -0.015927 6.035909 -0.860149
v -0.003070 6.038181 -0.873006
v 0.007691 6.035909 -0.862303
v 0.050742 6.032148 -0.819486
v 0.814470 6.032148 -0.058947
v 0.861065 6.036461 -0.012588
v 0.861190 6.025426 0.000437
v 0.848334 6.023275 0.013294
v 0.802500 6.021114 0.059128
v 0.054331 6.021114 0.807297
v 0.008155 6.023089 0.853472
v -0.003255 6.025670 0.864883
v -0.016295 6.023089 0.851843
v -0.062770 6.021114 0.805364
v -0.811950 6.021114 0.056137
v -0.854883 6.022503 0.013201
v -0.865615 6.023582 0.002469
v -0.854204 6.022503 -0.008942
v -0.808028 6.021114 -0.055118
v -0.061755 6.021114 -0.801392
v -0.015921 6.022700 -0.847225
v -0.003064 6.024136 -0.860082
v 0.007697 6.022635 -0.849379
v 0.050748 6.021114 -0.806562
v 0.801522 6.021114 -0.058928
v 0.848117 6.023275 -0.012569
v 0.835244 6.021114 0.000473
v 0.822388 6.021114 0.013330
v 0.776554 6.021114 0.059164
v 0.054412 6.021114 0.781306
v 0.008236 6.021114 0.827481
v -0.003174 6.021114 0.838892
v -0.016215 6.021114 0.825853
v -0.062694 6.021114 0.779377
v -0.786013 6.021114 0.056110
v -0.828950 6.021114 0.013178
v -0.839682 6.021114 0.002446
v -0.828272 6.021114 -0.008965
v -0.782096 6.021114 -0.055140
v -0.061743 6.021114 -0.775493
v -0.015909 6.021114 -0.821327
v -0.003052 6.021114 -0.834184
v 0.007709 6.021114 -0.823481
v 0.050761 6.021114 -0.780665
v 0.775575 6.021114 -0.058891
v 0.822171 6.021114 -0.012533
v 0.813516 6.010151 -0.012500
v 0.826568 6.010151 0.000485
v 0.813730 6.010151 0.013323
v 0.767974 6.010151 0.059080
v 0.054342 6.010151 0.772711
v 0.008242 6.010151 0.818811
v -0.003150 6.010151 0.830203
v -0.016170 6.010151 0.817185
v -0.062574 6.010151 0.770787
v -0.777427 6.010151 0.056013
v -0.820294 6.010151 0.013152
v -0.831010 6.010151 0.002438
v -0.819618 6.010151 -0.008954
v -0.773517 6.010151 -0.055054
v -0.061642 6.010151 -0.766930
v -0.015886 6.010151 -0.812686
v -0.003048 6.010151 -0.825524
v 0.007696 6.010151 -0.814839
v 0.050677 6.010151 -0.772093
v 0.766996 6.010151 -0.058782
v 0.833873 5.992323 0.000483
v 0.821017 5.992323 0.013340
v 0.775183 5.992323 0.059174
v 0.054435 5.992323 0.779922
v 0.008259 5.992323 0.826098
v -0.003152 5.992323 0.837509
v -0.016193 5.992323 0.824469
v -0.062674 5.992323 0.777996
v -0.784656 5.992323 0.056113
v -0.827593 5.992323 0.013183
v -0.838326 5.992323 0.002451
v -0.826916 5.992323 -0.008959
v -0.780740 5.992323 -0.055135
v -0.061739 5.992323 -0.774136
v -0.015906 5.992323 -0.819970
v -0.003049 5.992323 -0.832826
v 0.007713 5.992323 -0.822124
v 0.050763 5.992323 -0.779306
v 0.774205 5.992323 -0.058882
v 0.820800 5.992323 -0.012524
v 0.820800 5.919528 -0.012524
v 0.833873 5.919528 0.000483
v 0.821017 5.919528 0.013340
v 0.775183 5.919528 0.059174
v 0.054435 5.919528 0.779922
v 0.008259 5.919528 0.826098
v -0.003152 5.919528 0.837508
v -0.016193 5.919528 0.824469
v -0.062674 5.919528 0.777996
v -0.784656 5.919528 0.056113
v -0.827593 5.919528 0.013183
v -0.838327 5.919528 0.002451
v -0.826916 5.919528 -0.008959
v -0.780741 5.919528 -0.055135
v -0.061739 5.919528 -0.774136
v -0.015906 5.919528 -0.819970
v -0.003049 5.919528 -0.832827
v 0.007713 5.919528 -0.822124
v 0.050763 5.919528 -0.779307
v 0.774205 5.919528 -0.058882
v 0.764799 5.902011 -0.049460
v 0.041357 5.902011 -0.769885
v 0.041357 4.512832 -0.769885
v 0.764799 4.512832 -0.049461
v 0.743999 5.895942 -0.028634
v 0.764799 5.895942 -0.049460
v 0.774205 5.895942 -0.058882
v 0.820800 5.895942 -0.012524
v 0.833873 5.895942 0.000483
v 0.821017 5.895942 0.013340
v 0.775183 5.895942 0.059174
v 0.739850 5.895942 0.023841
v -0.042703 5.889392 0.758024
v -0.062674 5.889392 0.777996
v -0.016193 5.889392 0.824469
v -0.003152 5.889392 0.837508
v 0.008259 5.889392 0.826098
v 0.054435 5.889392 0.779922
v 0.019102 5.889392 0.744590
v 0.028963 5.902011 0.734728
v 0.064296 5.902011 0.770061
v 0.064296 5.919528 0.770061
v 0.064296 5.992323 0.770061
v 0.064296 5.997195 0.770061
v 0.064259 6.003186 0.764151
v 0.064159 6.010151 0.762894
v 0.064259 6.016279 0.764151
v 0.064282 6.021114 0.771436
v 0.064363 6.021114 0.797265
v 0.064190 6.024897 0.807320
v 0.064403 6.032148 0.810154
v 0.064403 6.063628 0.810154
v 0.064403 6.070554 0.810154
v 0.064604 6.070814 0.844344
v 0.064969 6.071593 0.947046
v 0.065290 6.072274 1.036975
v -1.043171 6.072274 -0.060717
v -0.953167 6.071593 -0.060367
v -0.850376 6.070814 -0.059967
v -0.816242 6.070554 -0.059834
v -0.816242 6.063628 -0.059834
v -0.816242 6.032148 -0.059834
v -0.813408 6.024897 -0.059620
v -0.803382 6.021114 -0.059764
v -0.777611 6.021114 -0.059626
v -0.770341 6.016279 -0.059586
v -0.769085 6.010151 -0.059487
v -0.770341 6.003186 -0.059586
v -0.776263 5.997195 -0.059612
v -0.776263 5.992323 -0.059612
v -0.776263 5.919528 -0.059612
v -0.776263 5.902011 -0.059612
v -0.750839 5.902011 -0.034187
v 0.040287 5.902011 0.794070
v 0.040287 5.919528 0.794070
v 0.040287 5.992323 0.794070
v 0.040287 5.997195 0.794070
v 0.040287 6.003186 0.788123
v 0.040201 6.010151 0.786853
v 0.040287 6.016279 0.788123
v 0.040264 6.021114 0.795454
v 0.040183 6.021114 0.821445
v 0.039960 6.024897 0.831550
v 0.040143 6.032148 0.834414
v 0.040143 6.063628 0.834414
v 0.040143 6.070554 0.834414
v 0.040069 6.070813 0.868658
v 0.039847 6.071593 0.972167
v 0.039652 6.072274 1.062817
v -1.063573 6.072274 -0.040419
v -0.972901 6.071593 -0.040633
v -0.869365 6.070813 -0.040878
v -0.835117 6.070554 -0.040959
v -0.835117 6.063628 -0.040958
v -0.835117 6.032148 -0.040958
v -0.832253 6.024897 -0.040775
v -0.822176 6.021114 -0.040970
v -0.796244 6.021114 -0.040992
v -0.788929 6.016279 -0.040999
v -0.787659 6.010151 -0.040913
v -0.788929 6.003186 -0.040999
v -0.794888 5.997195 -0.040987
v -0.794888 5.992323 -0.040987
v -0.794888 5.919528 -0.040987
v -0.794888 5.902011 -0.040987
v -0.794888 4.512832 -0.040987
v -0.794888 4.372235 -0.040987
v -0.866390 4.371320 -0.040855
v -0.866390 4.275203 -0.040855
v -0.855658 4.275203 -0.030123
v -0.812725 4.275203 0.012813
v -0.019440 4.275203 0.806132
v 0.027036 4.275203 0.852610
v 0.040076 4.275203 0.865651
v 0.040076 4.371154 0.865651
v 0.040287 4.372235 0.794070
v 0.040287 4.512832 0.794070
v 0.040287 5.889392 0.794070
v 0.041784 5.902011 0.767271
v 0.051645 5.902011 0.757410
v 0.762532 5.902011 0.046523
v 0.762532 5.895942 0.046523
v 0.762532 4.512832 0.046523
v 0.041784 4.512832 0.767271
v 0.041784 5.889392 0.767271
v -0.050203 5.902011 0.790465
v -0.050203 5.919528 0.790465
v -0.050203 5.992323 0.790465
v -0.050203 5.997195 0.790465
v -0.050202 6.003186 0.784517
v -0.050110 6.010151 0.783250
v -0.050202 6.016279 0.784517
v -0.050224 6.021114 0.791847
v -0.050301 6.021114 0.817834
v -0.050143 6.024897 0.827944
v -0.050339 6.032148 0.830802
v -0.050339 6.063628 0.830802
v -0.050339 6.070554 0.830802
v -0.050413 6.070813 0.865046
v -0.050637 6.071593 0.968557
v -0.050833 6.072274 1.059208
v 1.055787 6.072277 -0.047384
v 0.964957 6.071593 -0.047036
v 0.861246 6.070813 -0.046639
v 0.826971 6.070554 -0.046508
v 0.826971 6.063628 -0.046508
v 0.826971 6.032148 -0.046508
v 0.824113 6.024897 -0.046313
v 0.814024 6.021114 -0.046490
v 0.788077 6.021114 -0.046453
v 0.780758 6.016279 -0.046443
v 0.779491 6.010151 -0.046351
v 0.780758 6.003186 -0.046443
v 0.786707 5.997195 -0.046444
v 0.786707 5.992323 -0.046444
v 0.786707 5.919528 -0.046444
v 0.786707 5.902011 -0.046444
v 0.786707 5.895942 -0.046444
v 0.786707 4.512832 -0.046444
v 0.786707 4.372235 -0.046444
v 0.858385 4.368715 -0.046753
v 0.858385 4.275203 -0.046753
v 0.845528 4.275203 -0.033896
v 0.799694 4.275203 0.011938
v 0.007178 4.275203 0.804454
v -0.006970 4.275203 0.818602
v -0.038998 4.275203 0.850630
v -0.050409 4.275203 0.862041
v -0.050409 4.371452 0.862041
v -0.050203 4.372235 0.790465
v -0.050203 4.512832 0.790465
v -0.050203 5.889392 0.790465
v 0.731653 5.902011 -0.040929
v 0.752453 5.902011 -0.061755
v 0.761859 5.902011 -0.071177
v 0.761859 5.919528 -0.071177
v 0.761859 5.992323 -0.071177
v 0.761859 5.997195 -0.071177
v 0.755947 6.003183 -0.071139
v 0.754694 6.010151 -0.071033
v 0.755947 6.016279 -0.071139
v 0.763220 6.021114 -0.071194
v 0.789008 6.021114 -0.071390
v 0.799049 6.024897 -0.071261
v 0.801876 6.032148 -0.071488
v 0.801876 6.063628 -0.071488
v 0.801876 6.070554 -0.071488
v 0.836123 6.070814 -0.071914
v 0.939012 6.071593 -0.072855
v 1.029111 6.072274 -0.073683
v -0.075866 6.072274 1.033953
v -0.075174 6.071593 0.944018
v -0.074387 6.070814 0.841311
v -0.074031 6.070554 0.807107
v -0.074031 6.063628 0.807107
v -0.074031 6.032148 0.807107
v -0.073804 6.024897 0.804280
v -0.073914 6.021114 0.794219
v -0.073679 6.021114 0.768393
v -0.073613 6.016279 0.761109
v -0.073507 6.010151 0.759855
v -0.073613 6.003183 0.761109
v -0.073651 5.997195 0.767021
v -0.073651 5.992323 0.767021
v -0.073651 5.919528 0.767021
v -0.073651 5.902011 0.767021
v -0.053680 5.902011 0.747049
v -0.050650 5.902011 0.765972
v -0.050650 5.889392 0.765972
v -0.050650 4.512832 0.765972
v -0.772632 4.512832 0.044088
v -0.772632 5.902011 0.044088
v -0.061627 5.902011 0.754996
v -0.795943 5.919528 0.044827
v -0.795943 5.902011 0.044827
v -0.795943 4.512832 0.044827
v -0.795943 4.372235 0.044827
v -0.867450 4.371431 0.044964
v -0.867450 4.275203 0.044964
v -0.856040 4.275203 0.033553
v -0.824012 4.275203 0.001525
v -0.809864 4.275203 -0.012623
v -0.019235 4.275203 -0.803252
v 0.026598 4.275203 -0.849086
v 0.039455 4.275203 -0.861942
v 0.039455 4.370624 -0.861942
v 0.039446 4.372235 -0.790563
v 0.039446 4.512832 -0.790563
v 0.039446 5.902011 -0.790563
v 0.039446 5.919528 -0.790563
v 0.039446 5.992323 -0.790563
v 0.039446 5.997195 -0.790563
v 0.039446 6.003186 -0.784616
v 0.039367 6.010151 -0.783341
v 0.039446 6.016279 -0.784616
v 0.039443 6.021114 -0.791921
v 0.039431 6.021114 -0.817818
v 0.039255 6.025568 -0.827868
v 0.039425 6.032148 -0.830742
v 0.039425 6.063628 -0.830742
v 0.039425 6.070554 -0.830742
v 0.039458 6.070813 -0.864964
v 0.039559 6.071593 -0.968334
v 0.039647 6.072274 -1.058858
v -1.064633 6.072274 0.045399
v -0.973961 6.071593 0.045186
v -0.870427 6.070813 0.044943
v -0.836179 6.070554 0.044863
v -0.836179 6.063628 0.044863
v -0.836180 6.032148 0.044863
v -0.833300 6.024897 0.044688
v -0.823237 6.021114 0.044850
v -0.797301 6.021114 0.044823
v -0.789985 6.016279 0.044816
v -0.788708 6.010151 0.044734
v -0.789985 6.003186 0.044816
v -0.795943 5.997195 0.044827
v -0.795943 5.992323 0.044827
v 0.031723 5.902011 -0.737939
v 0.052523 5.902011 -0.758766
v 0.061929 5.902011 -0.768187
v 0.061929 5.919528 -0.768187
v 0.061929 5.992323 -0.768187
v 0.061929 5.997195 -0.768187
v 0.061893 6.003186 -0.762278
v 0.061799 6.010151 -0.761019
v 0.061893 6.016279 -0.762278
v 0.061935 6.021114 -0.769537
v 0.062085 6.021114 -0.795273
v 0.061959 6.024897 -0.805274
v 0.062160 6.032148 -0.808115
v 0.062160 6.063628 -0.808115
v 0.062160 6.070554 -0.808115
v 0.062482 6.070814 -0.842297
v 0.063161 6.071593 -0.944850
v 0.063757 6.072274 -1.034645
v -1.042636 6.072274 0.067208
v -0.952677 6.071593 0.066472
v -0.849941 6.070814 0.065631
v -0.815758 6.070554 0.065287
v -0.815758 6.063628 0.065287
v -0.815758 6.032148 0.065287
v -0.812911 6.024897 0.065080
v -0.802896 6.021114 0.065192
v -0.777121 6.021114 0.065002
v -0.769851 6.016279 0.064948
v -0.768588 6.010151 0.064851
v -0.769851 6.003186 0.064948
v -0.775772 5.997195 0.064996
v -0.775772 5.992323 0.064996
v -0.775772 5.919528 0.064996
v -0.775772 5.902011 0.064996
v -0.763748 5.902011 0.052971
v -0.755801 5.902011 0.045024
v -0.755316 5.887273 -0.029710
v -0.780740 5.887273 -0.055135
v -0.794888 5.887273 -0.040987
v -0.826916 5.887273 -0.008959
v -0.838326 5.887273 0.002451
v -0.827593 5.887273 0.013183
v -0.795943 5.887273 0.044827
v -0.784656 5.887273 0.056113
v -0.772632 5.887273 0.044088
v -0.764685 5.887273 0.036141
v 0.729520 5.902011 0.034171
v 0.752202 5.902011 0.056853
v 0.764853 5.902011 0.069504
v 0.764853 5.919528 0.069504
v 0.764853 5.992323 0.069504
v 0.764853 5.997195 0.069504
v 0.758950 6.003186 0.069459
v 0.757697 6.010151 0.069356
v 0.758950 6.016279 0.069459
v 0.766213 6.021114 0.069504
v 0.791963 6.021114 0.069665
v 0.801986 6.024897 0.069524
v 0.804813 6.032148 0.069744
v 0.804813 6.063628 0.069744
v 0.804813 6.070554 0.069744
v 0.839006 6.070814 0.069926
v 0.941761 6.071593 0.070254
v 1.031737 6.072274 0.070542
v -0.076486 6.072274 -1.027216
v -0.075959 6.071593 -0.937575
v -0.075359 6.070815 -0.835196
v -0.075048 6.070554 -0.801027
v -0.075048 6.063628 -0.801027
v -0.075048 6.032148 -0.801027
v -0.074821 6.024897 -0.798207
v -0.074945 6.021114 -0.788201
v -0.074738 6.021114 -0.762499
v -0.074679 6.016279 -0.755249
v -0.074573 6.010151 -0.753999
v -0.074679 6.003183 -0.755249
v -0.074724 5.997195 -0.761152
v -0.074724 5.992323 -0.761152
v -0.074724 5.919528 -0.761152
v -0.074724 5.902011 -0.761152
v -0.049299 5.902011 -0.735727
v -0.049172 5.919528 -0.786704
v -0.049172 5.902011 -0.786704
v -0.049171 4.512832 -0.786704
v -0.049171 4.372235 -0.786704
v -0.049171 4.370891 -0.858074
v -0.049171 4.275203 -0.858074
v -0.038408 4.275203 -0.847373
v -0.006668 4.275203 -0.815820
v 0.004653 4.275203 -0.804566
v 0.799758 4.275203 -0.013066
v 0.812262 4.275203 -0.000630
v 0.846363 4.275203 0.033283
v 0.859439 4.275203 0.046287
v 0.859439 4.367860 0.046287
v 0.787751 4.372235 0.046606
v 0.787751 4.512832 0.046606
v 0.787751 5.895942 0.046606
v 0.787751 5.902011 0.046606
v 0.787751 5.919528 0.046606
v 0.787751 5.992323 0.046606
v 0.787751 5.997195 0.046606
v 0.781803 6.003186 0.046606
v 0.780533 6.010151 0.046520
v 0.781803 6.016279 0.046606
v 0.789122 6.021114 0.046596
v 0.815068 6.021114 0.046560
v 0.825151 6.024897 0.046359
v 0.828015 6.032148 0.046542
v 0.828015 6.063628 0.046542
v 0.828015 6.070554 0.046542
v 0.862290 6.070813 0.046410
v 0.966006 6.071593 0.046009
v 1.056840 6.072277 0.045658
v -0.048979 6.072274 -1.054990
v -0.049064 6.071593 -0.964470
v -0.049161 6.070813 -0.861105
v -0.049193 6.070554 -0.826883
v -0.049193 6.063628 -0.826883
v -0.049193 6.032148 -0.826883
v -0.049003 6.025061 -0.824026
v -0.049187 6.021114 -0.813959
v -0.049175 6.021114 -0.788061
v -0.049172 6.016279 -0.780756
v -0.049083 6.010151 -0.779489
v -0.049172 6.003183 -0.780756
v -0.049172 5.997195 -0.786704
v -0.049172 5.992323 -0.786704
v -0.036314 5.884616 -0.748711
v -0.061739 5.884616 -0.774136
v -0.049172 5.884616 -0.786704
v -0.015906 5.884616 -0.819970
v -0.003049 5.884616 -0.832827
v 0.007713 5.884616 -0.822124
v 0.039446 5.884616 -0.790563
v 0.050763 5.884616 -0.779307
v 0.041357 5.884616 -0.769885
v 0.020557 5.884616 -0.749058
v -0.049676 5.902011 -0.762073
v -0.062661 5.902011 -0.749088
v -0.764200 5.902011 -0.047549
v -0.768677 5.902011 -0.043072
v -0.768677 5.887273 -0.043072
v -0.768677 4.512832 -0.043072
v -0.049676 4.512832 -0.762073
v -0.049676 5.884616 -0.762073
v -0.061739 4.490306 -0.774136
v -0.049171 4.490306 -0.786704
v -0.015906 4.490306 -0.819970
v -0.003049 4.490306 -0.832827
v 0.007713 4.490306 -0.822124
v 0.039446 4.490306 -0.790563
v 0.050764 4.490306 -0.779307
v 0.774205 4.490306 -0.058883
v 0.786707 4.490306 -0.046444
v 0.820800 4.490306 -0.012524
v 0.833874 4.490306 0.000483
v 0.821017 4.490306 0.013340
v 0.787751 4.490306 0.046606
v 0.775183 4.490306 0.059174
v 0.054435 4.490306 0.779922
v 0.040287 4.490306 0.794070
v 0.008259 4.490306 0.826098
v -0.003152 4.490306 0.837508
v -0.016193 4.490306 0.824469
v -0.050203 4.490306 0.790465
v -0.062674 4.490306 0.777996
v -0.784656 4.490306 0.056113
v -0.795943 4.490306 0.044827
v -0.827593 4.490306 0.013182
v -0.838326 4.490306 0.002451
v -0.826916 4.490306 -0.008960
v -0.794888 4.490306 -0.040987
v -0.780740 4.490306 -0.055135
v -0.036314 4.529486 -0.748711
v -0.049676 4.529486 -0.762073
v -0.061739 4.529486 -0.774136
v -0.049171 4.529486 -0.786704
v -0.015906 4.529486 -0.819970
v -0.003049 4.529486 -0.832827
v 0.007713 4.529486 -0.822124
v 0.039446 4.529486 -0.790563
v 0.050764 4.529486 -0.779307
v 0.041357 4.529486 -0.769885
v 0.020557 4.529486 -0.749058
v 0.032666 4.512832 -0.736994
v 0.053465 4.512832 -0.757821
v 0.062871 4.512832 -0.767243
v 0.062871 4.490306 -0.767243
v 0.062871 4.372235 -0.767243
v 0.063381 4.372235 -0.838133
v 0.063381 4.275203 -0.838133
v 0.050524 4.275203 -0.825276
v 0.017258 4.275203 -0.792010
v 0.004691 4.275203 -0.779443
v -0.785997 4.275203 0.011245
v -0.800145 4.275203 0.025393
v -0.832173 4.275203 0.057421
v -0.843583 4.275203 0.068832
v -0.843583 4.372235 0.068832
v -0.772569 4.372235 0.068197
v -0.772569 4.490306 0.068197
v -0.772569 4.512832 0.068197
v -0.760546 4.512832 0.056173
v -0.752599 4.512832 0.048226
v 0.820800 4.393845 -0.012524
v 0.833874 4.393845 0.000483
v 0.821017 4.393845 0.013340
v 0.787751 4.393845 0.046606
v 0.775183 4.393845 0.059174
v 0.054435 4.393845 0.779922
v 0.040287 4.393845 0.794070
v 0.008259 4.393845 0.826098
v -0.003152 4.393845 0.837508
v -0.016193 4.393845 0.824469
v -0.050203 4.393845 0.790465
v -0.062674 4.393845 0.777996
v -0.772569 4.393845 0.068197
v -0.784656 4.393845 0.056113
v -0.795943 4.393845 0.044827
v -0.827593 4.393845 0.013182
v -0.838326 4.393845 0.002451
v -0.826916 4.393845 -0.008960
v -0.794888 4.393845 -0.040987
v -0.780740 4.393845 -0.055135
v -0.061739 4.393845 -0.774136
v -0.049171 4.393845 -0.786704
v -0.015906 4.393845 -0.819970
v -0.003049 4.393845 -0.832827
v 0.007713 4.393845 -0.822124
v 0.039446 4.393845 -0.790563
v 0.050764 4.393845 -0.779307
v 0.062871 4.393845 -0.767243
v 0.774205 4.393845 -0.058883
v 0.786707 4.393845 -0.046444
v 0.872595 4.368308 0.000362
v 0.858732 4.370092 0.013660
v 0.823424 4.372235 0.046448
v 0.810857 4.372235 0.059015
v 0.054330 4.372235 0.815542
v 0.040182 4.372235 0.829690
v 0.009261 4.371392 0.864854
v -0.003509 4.370743 0.882035
v -0.016503 4.371553 0.866263
v -0.050305 4.372235 0.826082
v -0.062776 4.372235 0.813613
v -0.807907 4.372235 0.068513
v -0.820239 4.372235 0.056181
v -0.831527 4.372235 0.044895
v -0.859921 4.370422 0.016387
v -0.867186 4.369735 0.002416
v -0.860775 4.370422 -0.010616
v -0.830469 4.372235 -0.040922
v -0.816321 4.372235 -0.055070
v -0.061739 4.372235 -0.809651
v -0.049172 4.372235 -0.822219
v -0.016821 4.371217 -0.854570
v -0.003049 4.370545 -0.868342
v 0.009108 4.371217 -0.856246
v 0.039451 4.372235 -0.826083
v 0.050769 4.372235 -0.814828
v 0.063125 4.372235 -0.802519
v 0.809872 4.372235 -0.059035
v 0.822375 4.372235 -0.046598
v 0.857074 4.369844 -0.013282
v 0.891542 4.344129 -0.013784
v 0.905424 4.344129 0.000027
v 0.891436 4.344129 0.014290
v 0.859439 4.344129 0.046287
v 0.846871 4.344129 0.058855
v 0.054224 4.344129 0.851503
v 0.040076 4.344129 0.865651
v 0.008048 4.344129 0.897679
v -0.003363 4.344129 0.909089
v -0.016403 4.344129 0.896049
v -0.050409 4.344129 0.862041
v -0.062878 4.344129 0.849571
v -0.843583 4.344129 0.068832
v -0.856164 4.344129 0.056251
v -0.867450 4.344129 0.044964
v -0.899096 4.344129 0.013316
v -0.909828 4.344129 0.002583
v -0.898418 4.344129 -0.008827
v -0.866390 4.344129 -0.040855
v -0.852242 4.344129 -0.055003
v -0.061739 4.344129 -0.845506
v -0.049171 4.344129 -0.858074
v -0.015905 4.344129 -0.891340
v -0.003049 4.344129 -0.904197
v 0.007715 4.344129 -0.893496
v 0.039455 4.344129 -0.861942
v 0.050776 4.344129 -0.850689
v 0.063381 4.344129 -0.838133
v 0.845881 4.344129 -0.059188
v 0.858385 4.344129 -0.046753
v 0.892486 4.303372 -0.012839
v 0.905562 4.303372 0.000165
v 0.892705 4.303372 0.013021
v 0.859439 4.303372 0.046287
v 0.846871 4.303372 0.058855
v 0.054224 4.303372 0.851503
v 0.040076 4.303372 0.865651
v 0.008048 4.303372 0.897679
v -0.003363 4.303372 0.909089
v -0.016403 4.303372 0.896049
v -0.050409 4.303372 0.862041
v -0.062878 4.303372 0.849571
v -0.843583 4.303372 0.068832
v -0.856163 4.303372 0.056251
v -0.867450 4.303372 0.044964
v -0.899096 4.303372 0.013316
v -0.909828 4.303372 0.002583
v -0.898418 4.303372 -0.008827
v -0.866390 4.303372 -0.040855
v -0.852242 4.303372 -0.055003
v -0.061739 4.303372 -0.845506
v -0.049171 4.303372 -0.858074
v -0.015905 4.303372 -0.891340
v -0.003049 4.303372 -0.904197
v 0.007715 4.303372 -0.893496
v 0.039455 4.303372 -0.861942
v 0.050776 4.303372 -0.850689
v 0.063381 4.303372 -0.838133
v 0.845881 4.303372 -0.059188
v 0.858385 4.303372 -0.046753
v 0.731352 4.512832 -0.041235
v 0.752151 4.512832 -0.062062
v 0.761557 4.512832 -0.071484
v 0.761557 4.490306 -0.071484
v 0.761557 4.393845 -0.071484
v 0.761557 4.372235 -0.071484
v 0.797012 4.372235 -0.071845
v 0.832807 4.372235 -0.072210
v 0.832807 4.344129 -0.072210
v 0.832807 4.303372 -0.072210
v 0.832807 4.275203 -0.072210
v 0.819950 4.275203 -0.059354
v 0.786684 4.275203 -0.026088
v 0.774116 4.275203 -0.013520
v -0.018340 4.275203 0.778936
v -0.032488 4.275203 0.793084
v -0.064516 4.275203 0.825112
v -0.075926 4.275203 0.836522
v -0.075926 4.303372 0.836522
v -0.075926 4.344129 0.836522
v -0.075926 4.372235 0.836522
v -0.075611 4.372235 0.800778
v -0.075299 4.372235 0.765372
v -0.075299 4.393845 0.765372
v -0.075299 4.490306 0.765372
v -0.075299 4.512832 0.765372
v -0.063276 4.512832 0.753348
v -0.055329 4.512832 0.745400
v 0.739850 4.532782 0.023841
v 0.762532 4.532782 0.046523
v 0.775183 4.532782 0.059174
v 0.787751 4.532782 0.046606
v 0.821017 4.532782 0.013340
v 0.833874 4.532782 0.000483
v 0.820800 4.532782 -0.012524
v 0.786707 4.532782 -0.046444
v 0.774205 4.532782 -0.058883
v 0.764799 4.532782 -0.049461
v 0.743999 4.532782 -0.028634
v 0.739850 4.689511 0.023841
v 0.762532 4.689511 0.046523
v 0.775183 4.689511 0.059174
v 0.787751 4.689511 0.046606
v 0.821017 4.689511 0.013340
v 0.833874 4.689511 0.000483
v 0.820800 4.689511 -0.012524
v 0.786707 4.689511 -0.046444
v 0.774205 4.689511 -0.058882
v 0.764799 4.689511 -0.049461
v 0.743999 4.689511 -0.028634
v 0.725516 4.512832 0.038175
v 0.748198 4.512832 0.060857
v 0.760849 4.512832 0.073508
v 0.760849 4.490306 0.073508
v 0.760849 4.393845 0.073508
v 0.760849 4.372235 0.073508
v 0.796237 4.372235 0.073635
v 0.831962 4.370883 0.073764
v 0.831962 4.344129 0.073764
v 0.831962 4.303372 0.073764
v 0.831962 4.275203 0.073764
v 0.818887 4.275203 0.060760
v 0.784787 4.275203 0.026845
v 0.772284 4.275203 0.014409
v 0.759210 4.275203 0.001386
v -0.010188 4.275203 -0.764564
v -0.022793 4.275203 -0.777120
v -0.034112 4.275203 -0.788375
v -0.065851 4.275203 -0.819929
v -0.076615 4.275203 -0.830631
v -0.076615 4.303372 -0.830631
v -0.076615 4.344129 -0.830631
v -0.076615 4.372235 -0.830631
v -0.076328 4.372235 -0.795062
v -0.076044 4.372235 -0.759831
v -0.076044 4.393845 -0.759831
v -0.076044 4.490306 -0.759831
v -0.076044 4.512832 -0.759831
v -0.063981 4.512832 -0.747768
v -0.050619 4.512832 -0.734406
v 0.032896 4.512832 0.730795
v 0.055578 4.512832 0.753477
v 0.068229 4.512832 0.766128
v 0.068229 4.490306 0.766128
v 0.068229 4.393845 0.766128
v 0.068229 4.372235 0.766128
v 0.068360 4.372235 0.801512
v 0.068492 4.372235 0.837234
v 0.068492 4.344129 0.837234
v 0.068492 4.303372 0.837234
v 0.068492 4.275203 0.837234
v 0.055452 4.275203 0.824194
v 0.021446 4.275203 0.790186
v 0.008977 4.275203 0.777715
v -0.004071 4.275203 0.764667
v -0.771728 4.275203 -0.003023
v -0.784309 4.275203 -0.015604
v -0.795595 4.275203 -0.026891
v -0.827242 4.275203 -0.058539
v -0.837974 4.275203 -0.069272
v -0.837974 4.303372 -0.069272
v -0.837974 4.344129 -0.069272
v -0.837974 4.372235 -0.069272
v -0.802290 4.372235 -0.069100
v -0.766945 4.372235 -0.068930
v -0.766945 4.393845 -0.068930
v -0.766945 4.490306 -0.068930
v -0.766945 4.512832 -0.068930
v -0.754882 4.512832 -0.056867
v -0.741520 4.512832 -0.043505
v -0.042703 4.533143 0.758024
v -0.050650 4.533143 0.765972
v -0.062674 4.533143 0.777996
v -0.050203 4.533143 0.790465
v -0.016193 4.533143 0.824469
v -0.003152 4.533143 0.837508
v 0.008259 4.533143 0.826098
v 0.040287 4.533143 0.794070
v 0.054435 4.533143 0.779922
v 0.041784 4.533143 0.767271
v 0.019102 4.533143 0.744589
v -0.764685 4.522015 0.036141
v -0.772632 4.522015 0.044088
v -0.784656 4.522015 0.056113
v -0.795943 4.522015 0.044827
v -0.827593 4.522015 0.013182
v -0.838326 4.522015 0.002451
v -0.826916 4.522015 -0.008960
v -0.794888 4.522015 -0.040987
v -0.780740 4.522015 -0.055135
v -0.768677 4.522015 -0.043072
v -0.755315 4.522015 -0.029710
v 1.102963 6.084996 -0.000465
v 1.090106 6.084996 0.012392
v 1.056840 6.084996 0.045658
v 1.044272 6.084996 0.058226
v 1.031737 6.084995 0.070542
v 0.053800 6.084996 1.048669
v 0.039652 6.084996 1.062817
v 0.007625 6.084996 1.094845
v -0.003786 6.084996 1.106256
v -0.016826 6.084996 1.093216
v -0.050833 6.084996 1.059208
v -0.063302 6.084996 1.046738
v -0.075866 6.084995 1.033953
v -1.053346 6.084996 0.056686
v -1.064633 6.084996 0.045399
v -1.096280 6.084996 0.013752
v -1.107012 6.084996 0.003020
v -1.095601 6.084996 -0.008391
v -1.063573 6.084996 -0.040419
v -1.049426 6.084996 -0.054567
v -1.043171 6.084996 -0.060717
v -0.061546 6.084996 -1.042422
v -0.048979 6.084996 -1.054990
v -0.015713 6.084996 -1.088256
v -0.002856 6.084996 -1.101113
v 0.007908 6.084996 -1.090412
v 0.039647 6.084996 -1.058858
v 0.050967 6.084996 -1.047604
v 0.063757 6.084995 -1.034645
v 1.043283 6.084996 -0.059819
v 1.055787 6.084996 -0.047384
v 1.089887 6.084996 -0.013469
v 0.065290 6.084995 1.036975
v 1.029111 6.084995 -0.073683
v -1.042636 6.084995 0.067208
v -0.076486 6.084995 -1.027216
v 1.087059 6.072155 -0.000403
v 1.074203 6.072155 0.012454
v 1.040937 6.072155 0.045719
v 1.028369 6.072155 0.058287
v 1.015983 6.072155 0.070491
v 0.065233 6.072155 1.021229
v 0.053835 6.072155 1.032798
v 0.039687 6.072155 1.046946
v 0.007659 6.072155 1.078974
v -0.003752 6.072155 1.090384
v -0.016792 6.072155 1.077344
v -0.050798 6.072155 1.043337
v -0.063268 6.072155 1.030867
v -0.075744 6.072155 1.018206
v -1.026885 6.072155 0.067079
v -1.037470 6.072155 0.056649
v -1.048758 6.072155 0.045362
v -1.080404 6.072155 0.013715
v -1.091137 6.072155 0.002982
v -1.079726 6.072155 -0.008428
v -1.047698 6.072155 -0.040456
v -1.033550 6.072155 -0.054604
v -1.027412 6.072155 -0.060656
v -0.076393 6.072155 -1.011520
v -0.061561 6.072155 -1.026574
v -0.048994 6.072155 -1.039141
v -0.015727 6.072155 -1.072407
v -0.002871 6.072155 -1.085264
v 0.007893 6.072155 -1.074563
v 0.039631 6.072155 -1.043009
v 0.050951 6.072155 -1.031755
v 0.063652 6.072155 -1.018923
v 1.013335 6.072155 -0.073537
v 1.027380 6.072155 -0.059759
v 1.039884 6.072155 -0.047323
v 1.073984 6.072155 -0.013408
v 1.089887 6.080359 -0.013469
v 1.102963 6.080359 -0.000465
v 1.090106 6.080359 0.012392
v 1.056840 6.080359 0.045658
v 1.044272 6.080359 0.058226
v 1.031737 6.080356 0.070542
v 0.065290 6.080356 1.036975
v 0.053800 6.080359 1.048669
v 0.039652 6.080359 1.062817
v 0.007625 6.080359 1.094845
v -0.003786 6.080359 1.106256
v -0.016826 6.080359 1.093216
v -0.050833 6.080359 1.059208
v -0.063302 6.080359 1.046738
v -0.075866 6.080356 1.033953
v -1.042636 6.080356 0.067208
v -1.053346 6.080359 0.056686
v -1.064633 6.080359 0.045399
v -1.096280 6.080359 0.013752
v -1.107012 6.080359 0.003020
v -1.095601 6.080359 -0.008391
v -1.063573 6.080359 -0.040419
v -1.049425 6.080359 -0.054567
v -1.043171 6.080359 -0.060717
v -0.076486 6.080356 -1.027216
v -0.061546 6.080359 -1.042422
v -0.048979 6.080359 -1.054990
v -0.015713 6.080359 -1.088256
v -0.002856 6.080359 -1.101113
v 0.007908 6.080359 -1.090412
v 0.039647 6.080359 -1.058858
v 0.050967 6.080359 -1.047604
v 0.063757 6.080356 -1.034645
v 1.029111 6.080356 -0.073683
v 1.043283 6.080359 -0.059819
v 1.055787 6.080359 -0.047384
v -0.074724 5.992323 -0.761152
v -0.074724 5.919528 -0.761152
v -0.776263 5.919528 -0.059612
v -0.776263 5.992323 -0.059612
v -0.054718 4.858132 0.774803
v -0.381725 4.858132 0.447796
v -0.054718 4.959920 0.774803
v -0.381725 4.959920 0.447796
v -0.415671 4.858132 0.413850
v -0.446626 4.858132 0.382895
v -0.415671 4.959920 0.413850
v -0.446626 4.959920 0.382895
v -0.446626 4.855111 0.382895
v -0.415671 4.855111 0.413850
v -0.384716 4.858132 0.444805
v -0.384716 4.959920 0.444805
v -0.384716 4.855111 0.444805
v -0.449614 4.858132 0.379907
v -0.449614 4.959920 0.379907
v -0.777503 4.858132 0.052018
v -0.777503 4.959920 0.052018
v -0.384716 4.489836 0.444805
v -0.415671 4.489836 0.413850
v -0.446626 4.489836 0.382895
v -0.359077 4.858132 0.425148
v -0.032069 4.858132 0.752155
v -0.032069 4.959920 0.752155
v -0.359077 4.959920 0.425148
v -0.393023 4.959920 0.391202
v -0.423978 4.959920 0.360247
v -0.423978 4.858132 0.360247
v -0.423978 4.855111 0.360247
v -0.362068 4.858132 0.422157
v -0.362068 4.959920 0.422157
v -0.362068 4.855111 0.422157
v -0.426965 4.858132 0.357259
v -0.426965 4.959920 0.357259
v -0.754855 4.858132 0.029369
v -0.754855 4.959920 0.029369
v -0.362068 4.489836 0.422157
v -0.423978 4.489836 0.360247
v -0.383505 4.858132 0.443594
v -0.383505 4.855111 0.443594
v -0.383505 4.489836 0.443594
v -0.445415 4.489836 0.381684
v -0.445415 4.855111 0.381684
v -0.445415 4.858132 0.381684
v -0.448402 4.858132 0.378696
v -0.776292 4.858132 0.050806
v -0.776292 4.959920 0.050806
v -0.448402 4.959920 0.378696
v -0.445415 4.959920 0.381684
v -0.414460 4.959920 0.412639
v -0.383505 4.959920 0.443594
v -0.380514 4.959920 0.446585
v -0.053506 4.959920 0.773592
v -0.053506 4.858132 0.773592
v -0.380514 4.858132 0.446585
v -0.777503 4.861993 0.052018
v -0.449614 4.861993 0.379907
v -0.446626 4.861993 0.382895
v -0.415671 4.861993 0.413850
v -0.384716 4.861993 0.444805
v -0.381725 4.861993 0.447796
v -0.054718 4.861993 0.774803
v -0.777503 4.956049 0.052018
v -0.449614 4.956049 0.379907
v -0.446626 4.956049 0.382895
v -0.415671 4.956049 0.413850
v -0.384716 4.956049 0.444805
v -0.381725 4.956049 0.447796
v -0.054718 4.956049 0.774803
v -0.777503 4.909647 0.052018
v -0.449614 4.909647 0.379907
v -0.446626 4.909647 0.382895
v -0.415671 4.909647 0.413850
v -0.384716 4.909647 0.444805
v -0.381725 4.909647 0.447796
v -0.054718 4.909644 0.774803
v -0.777503 4.882163 0.052018
v -0.449614 4.882163 0.379907
v -0.446626 4.882163 0.382895
v -0.415671 4.882163 0.413850
v -0.384716 4.882163 0.444805
v -0.381725 4.882163 0.447796
v -0.054718 4.882163 0.774803
v -0.777503 4.932477 0.052018
v -0.449614 4.932477 0.379907
v -0.446626 4.932477 0.382895
v -0.415671 4.932477 0.413850
v -0.384716 4.932477 0.444805
v -0.381725 4.932477 0.447796
v -0.054718 4.932477 0.774803
v -0.725652 4.858132 0.058572
v -0.747089 4.858132 0.080009
v -0.748301 4.858132 0.081220
v -0.748301 4.861993 0.081220
v -0.748301 4.882163 0.081220
v -0.748301 4.909644 0.081220
v -0.748301 4.932477 0.081220
v -0.748301 4.956049 0.081220
v -0.748301 4.959920 0.081220
v -0.747089 4.959920 0.080009
v -0.725652 4.959920 0.058572
v -0.641219 4.858132 0.143005
v -0.662656 4.858132 0.164442
v -0.663868 4.858132 0.165653
v -0.663868 4.861993 0.165653
v -0.663868 4.882163 0.165653
v -0.663868 4.909647 0.165653
v -0.663868 4.932477 0.165653
v -0.663868 4.956049 0.165653
v -0.663868 4.959920 0.165653
v -0.662656 4.959920 0.164442
v -0.641219 4.959920 0.143005
v -0.519632 4.858132 0.264592
v -0.541069 4.858132 0.286029
v -0.542280 4.858132 0.287241
v -0.542280 4.861993 0.287241
v -0.542280 4.882163 0.287241
v -0.542280 4.909647 0.287241
v -0.542280 4.932477 0.287241
v -0.542280 4.956049 0.287241
v -0.542280 4.959920 0.287241
v -0.541069 4.959920 0.286029
v -0.519632 4.959920 0.264592
v -0.056772 4.858132 0.727453
v -0.078209 4.858132 0.748890
v -0.079420 4.858132 0.750101
v -0.079420 4.861993 0.750101
v -0.079420 4.882163 0.750101
v -0.079420 4.909644 0.750101
v -0.079420 4.932477 0.750101
v -0.079420 4.956049 0.750101
v -0.079420 4.959920 0.750101
v -0.078209 4.959920 0.748890
v -0.056772 4.959920 0.727453
v -0.137902 4.858132 0.646322
v -0.159339 4.858132 0.667759
v -0.160550 4.858132 0.668971
v -0.160550 4.861993 0.668971
v -0.160550 4.882163 0.668971
v -0.160550 4.909644 0.668971
v -0.160550 4.932477 0.668971
v -0.160550 4.956049 0.668971
v -0.160550 4.959920 0.668971
v -0.159339 4.959920 0.667759
v -0.137902 4.959920 0.646322
v -0.251374 4.858132 0.532851
v -0.272811 4.858132 0.554288
v -0.274022 4.858132 0.555499
v -0.274022 4.861993 0.555499
v -0.274022 4.882163 0.555499
v -0.274022 4.909647 0.555499
v -0.274022 4.932477 0.555499
v -0.274022 4.956049 0.555499
v -0.274022 4.959920 0.555499
v -0.272811 4.959920 0.554288
v -0.251374 4.959920 0.532851
v -0.365504 4.959920 0.418721
v -0.386941 4.959920 0.440157
v -0.388152 4.959920 0.441369
v -0.388152 4.956049 0.441369
v -0.388152 4.932477 0.441369
v -0.388152 4.909647 0.441369
v -0.388152 4.882163 0.441369
v -0.388152 4.861993 0.441369
v -0.388152 4.858132 0.441369
v -0.388152 4.855111 0.441369
v -0.388152 4.489836 0.441369
v -0.420859 4.959920 0.363366
v -0.442296 4.959920 0.384803
v -0.443507 4.959920 0.386014
v -0.443507 4.956049 0.386014
v -0.443507 4.932477 0.386014
v -0.443507 4.909647 0.386014
v -0.443507 4.882163 0.386014
v -0.443507 4.861993 0.386014
v -0.443507 4.858132 0.386014
v -0.443507 4.855111 0.386014
v -0.443507 4.489836 0.386014
v -0.423978 4.515214 0.360247
v -0.445415 4.515214 0.381684
v -0.446626 4.515214 0.382895
v -0.443507 4.515214 0.386014
v -0.415671 4.515214 0.413850
v -0.388152 4.515214 0.441369
v -0.384716 4.515214 0.444805
v -0.383505 4.515214 0.443594
v -0.362068 4.515214 0.422157
v -0.423978 4.603803 0.360247
v -0.445415 4.603803 0.381684
v -0.446626 4.603803 0.382895
v -0.443507 4.603803 0.386014
v -0.415671 4.603803 0.413850
v -0.388152 4.603803 0.441369
v -0.384716 4.603803 0.444805
v -0.383505 4.603803 0.443594
v -0.362068 4.603803 0.422157
v -0.423978 4.707806 0.360247
v -0.445415 4.707806 0.381684
v -0.446626 4.707806 0.382895
v -0.443507 4.707806 0.386014
v -0.415671 4.707806 0.413850
v -0.388152 4.707806 0.441369
v -0.384716 4.707806 0.444805
v -0.383505 4.707806 0.443594
v -0.362068 4.707806 0.422157
v -0.423978 4.825898 0.360247
v -0.445415 4.825898 0.381684
v -0.446626 4.825898 0.382895
v -0.443507 4.825898 0.386014
v -0.415671 4.825898 0.413850
v -0.388152 4.825898 0.441369
v -0.384716 4.825898 0.444805
v -0.383505 4.825898 0.443594
v -0.362068 4.825898 0.422157
v -0.332766 4.858132 0.451458
v -0.354203 4.858132 0.472895
v -0.355414 4.858132 0.474107
v -0.355414 4.861993 0.474107
v -0.355414 4.882163 0.474107
v -0.355414 4.909647 0.474107
v -0.355414 4.932477 0.474107
v -0.355414 4.956049 0.474107
v -0.355414 4.959920 0.474107
v -0.354203 4.959920 0.472895
v -0.332766 4.959920 0.451458
v -0.451665 4.959920 0.332559
v -0.473101 4.959920 0.353996
v -0.474313 4.959920 0.355208
v -0.474313 4.956049 0.355208
v -0.474313 4.932477 0.355208
v -0.474313 4.909647 0.355208
v -0.474313 4.882163 0.355208
v -0.474313 4.861993 0.355208
v -0.474313 4.858132 0.355208
v -0.473101 4.858132 0.353996
v -0.451665 4.858132 0.332559
v -0.041081 4.858132 0.761167
v -0.368088 4.858132 0.434159
v -0.041081 4.959920 0.761167
v -0.368088 4.959920 0.434159
v -0.432989 4.858132 0.369258
v -0.402034 4.959920 0.400213
v -0.432989 4.959920 0.369258
v -0.432989 4.855111 0.369258
v -0.371079 4.858132 0.431168
v -0.371079 4.959920 0.431168
v -0.371079 4.855111 0.431168
v -0.435977 4.858132 0.366271
v -0.435977 4.959920 0.366271
v -0.763867 4.858132 0.038381
v -0.763867 4.959920 0.038381
v -0.371079 4.489836 0.431168
v -0.432989 4.489836 0.369258
v -0.734664 4.858132 0.067584
v -0.734664 4.959920 0.067584
v -0.650231 4.858132 0.152017
v -0.650231 4.959920 0.152017
v -0.528644 4.858132 0.273604
v -0.528644 4.959920 0.273604
v -0.065783 4.858132 0.736464
v -0.065783 4.959920 0.736464
v -0.146914 4.858132 0.655334
v -0.146914 4.959920 0.655334
v -0.260385 4.858132 0.541862
v -0.260385 4.959920 0.541862
v -0.374515 4.959920 0.427732
v -0.429870 4.959920 0.372377
v -0.432989 4.515214 0.369258
v -0.371079 4.515214 0.431168
v -0.432989 4.603803 0.369258
v -0.371079 4.603803 0.431168
v -0.432989 4.707805 0.369258
v -0.371079 4.707806 0.431168
v -0.432989 4.825898 0.369258
v -0.371079 4.825898 0.431168
v -0.341778 4.858132 0.460470
v -0.341778 4.959920 0.460470
v -0.460676 4.959920 0.341571
v -0.460676 4.858132 0.341571
v 0.038979 4.861424 0.765935
v 0.372017 4.861424 0.432897
v 0.038979 4.953575 0.765935
v 0.372017 4.953578 0.432897
v 0.399786 4.861424 0.405129
v 0.425108 4.861424 0.379806
v 0.399786 4.953578 0.405129
v 0.425108 4.953578 0.379806
v 0.425108 4.858687 0.379806
v 0.399786 4.858687 0.405129
v 0.374464 4.861424 0.430450
v 0.374464 4.953578 0.430450
v 0.374464 4.858687 0.430450
v 0.427552 4.861424 0.377362
v 0.427552 4.953578 0.377363
v 0.761765 4.861424 0.043149
v 0.761765 4.953578 0.043149
v 0.374464 4.489836 0.430450
v 0.399786 4.489836 0.405128
v 0.425108 4.489836 0.379806
v 0.339193 4.861424 0.400074
v 0.006156 4.861424 0.733112
v 0.006156 4.953575 0.733112
v 0.339193 4.953578 0.400074
v 0.366962 4.953578 0.372305
v 0.392284 4.953578 0.346983
v 0.392284 4.861424 0.346983
v 0.392284 4.858687 0.346983
v 0.341640 4.861424 0.397627
v 0.341640 4.953578 0.397627
v 0.341640 4.858687 0.397627
v 0.394728 4.861424 0.344539
v 0.394728 4.953578 0.344539
v 0.728942 4.861424 0.010326
v 0.728942 4.953578 0.010326
v 0.341640 4.489836 0.397627
v 0.392284 4.489836 0.346983
v 0.373252 4.861424 0.429239
v 0.373252 4.858687 0.429239
v 0.373252 4.489836 0.429239
v 0.423896 4.489836 0.378595
v 0.423896 4.858687 0.378595
v 0.423896 4.861424 0.378595
v 0.426340 4.861424 0.376151
v 0.760554 4.861424 0.041938
v 0.760554 4.953578 0.041938
v 0.426340 4.953575 0.376151
v 0.423896 4.953575 0.378595
v 0.398574 4.953575 0.403917
v 0.373252 4.953575 0.429239
v 0.370805 4.953575 0.431686
v 0.037768 4.953575 0.764724
v 0.037768 4.861424 0.764724
v 0.370805 4.861424 0.431686
v 0.761765 4.864919 0.043149
v 0.427552 4.864919 0.377362
v 0.425108 4.864919 0.379806
v 0.399786 4.864919 0.405129
v 0.374464 4.864919 0.430450
v 0.372017 4.864919 0.432897
v 0.038979 4.864919 0.765935
v 0.761765 4.950074 0.043149
v 0.427552 4.950074 0.377363
v 0.425108 4.950074 0.379806
v 0.399786 4.950074 0.405129
v 0.374464 4.950074 0.430450
v 0.372017 4.950074 0.432897
v 0.038979 4.950074 0.765935
v 0.761765 4.908061 0.043149
v 0.427552 4.908061 0.377362
v 0.425108 4.908061 0.379806
v 0.399786 4.908061 0.405129
v 0.374464 4.908061 0.430450
v 0.372017 4.908061 0.432897
v 0.038979 4.908060 0.765935
v 0.761765 4.883180 0.043149
v 0.427552 4.883180 0.377362
v 0.425108 4.883180 0.379806
v 0.399786 4.883180 0.405129
v 0.374464 4.883180 0.430450
v 0.372017 4.883180 0.432897
v 0.038979 4.883180 0.765935
v 0.761765 4.928732 0.043149
v 0.427552 4.928732 0.377362
v 0.425108 4.928732 0.379806
v 0.399786 4.928732 0.405129
v 0.374464 4.928732 0.430450
v 0.372017 4.928732 0.432897
v 0.038979 4.928732 0.765935
v 0.699739 4.861424 0.039529
v 0.731351 4.861424 0.071141
v 0.732562 4.861424 0.072352
v 0.732562 4.864919 0.072352
v 0.732562 4.883180 0.072352
v 0.732562 4.908060 0.072352
v 0.732562 4.928732 0.072352
v 0.732562 4.950074 0.072352
v 0.732562 4.953578 0.072352
v 0.731351 4.953578 0.071141
v 0.699739 4.953578 0.039529
v 0.615306 4.861424 0.123962
v 0.646918 4.861424 0.155574
v 0.648129 4.861424 0.156785
v 0.648129 4.864919 0.156785
v 0.648129 4.883180 0.156785
v 0.648129 4.908061 0.156785
v 0.648129 4.928732 0.156785
v 0.648129 4.950074 0.156785
v 0.648129 4.953578 0.156785
v 0.646918 4.953578 0.155574
v 0.615306 4.953578 0.123962
v 0.493718 4.861424 0.245549
v 0.525330 4.861424 0.277161
v 0.526542 4.861424 0.278372
v 0.526542 4.864919 0.278372
v 0.526542 4.883180 0.278372
v 0.526542 4.908061 0.278372
v 0.526542 4.928732 0.278372
v 0.526542 4.950074 0.278372
v 0.526542 4.953578 0.278372
v 0.525330 4.953575 0.277161
v 0.493718 4.953578 0.245549
v 0.030858 4.861424 0.708409
v 0.062470 4.861424 0.740021
v 0.063682 4.861424 0.741233
v 0.063682 4.864919 0.741233
v 0.063682 4.883180 0.741233
v 0.063682 4.908060 0.741233
v 0.063682 4.928732 0.741233
v 0.063682 4.950074 0.741233
v 0.063682 4.953575 0.741233
v 0.062470 4.953575 0.740021
v 0.030858 4.953575 0.708409
v 0.111988 4.861424 0.627279
v 0.143600 4.861424 0.658891
v 0.144812 4.861424 0.660102
v 0.144812 4.864919 0.660102
v 0.144812 4.883180 0.660102
v 0.144812 4.908060 0.660102
v 0.144812 4.928732 0.660102
v 0.144812 4.950074 0.660102
v 0.144812 4.953575 0.660102
v 0.143600 4.953575 0.658891
v 0.111988 4.953575 0.627279
v 0.225460 4.861424 0.513807
v 0.257072 4.861424 0.545419
v 0.258284 4.861424 0.546631
v 0.258284 4.864919 0.546631
v 0.258284 4.883180 0.546631
v 0.258284 4.908061 0.546631
v 0.258284 4.928732 0.546631
v 0.258284 4.950074 0.546631
v 0.258284 4.953575 0.546631
v 0.257072 4.953575 0.545419
v 0.225460 4.953575 0.513807
v 0.344451 4.953578 0.394816
v 0.376063 4.953575 0.426428
v 0.377274 4.953578 0.427640
v 0.377274 4.950074 0.427640
v 0.377274 4.928732 0.427640
v 0.377274 4.908061 0.427640
v 0.377274 4.883180 0.427640
v 0.377274 4.864919 0.427640
v 0.377274 4.861424 0.427640
v 0.377274 4.858687 0.427640
v 0.377274 4.489836 0.427640
v 0.389733 4.953578 0.349534
v 0.421345 4.953575 0.381146
v 0.422556 4.953578 0.382358
v 0.422556 4.950074 0.382358
v 0.422556 4.928732 0.382358
v 0.422556 4.908061 0.382358
v 0.422556 4.883180 0.382358
v 0.422556 4.864919 0.382358
v 0.422556 4.861424 0.382358
v 0.422556 4.858687 0.382358
v 0.422556 4.489836 0.382358
v 0.392284 4.515214 0.346983
v 0.423896 4.515214 0.378595
v 0.425108 4.515214 0.379806
v 0.422556 4.515214 0.382358
v 0.399786 4.515214 0.405128
v 0.377274 4.515214 0.427640
v 0.374464 4.515214 0.430450
v 0.373252 4.515214 0.429239
v 0.341640 4.515214 0.397627
v 0.392284 4.603803 0.346983
v 0.423896 4.603803 0.378595
v 0.425108 4.603803 0.379806
v 0.422556 4.603803 0.382358
v 0.399786 4.603803 0.405129
v 0.377274 4.603803 0.427640
v 0.374464 4.603803 0.430450
v 0.373252 4.603803 0.429239
v 0.341640 4.603803 0.397627
v 0.392284 4.707806 0.346983
v 0.423896 4.707806 0.378595
v 0.425108 4.707806 0.379806
v 0.422556 4.707806 0.382358
v 0.399786 4.707806 0.405129
v 0.377274 4.707806 0.427640
v 0.374464 4.707806 0.430450
v 0.373252 4.707806 0.429239
v 0.341640 4.707806 0.397627
v 0.392284 4.832241 0.346983
v 0.423896 4.832241 0.378595
v 0.425108 4.832241 0.379806
v 0.422556 4.832241 0.382358
v 0.399786 4.832241 0.405129
v 0.377274 4.832241 0.427640
v 0.374464 4.832241 0.430450
v 0.373252 4.832241 0.429239
v 0.341640 4.832241 0.397627
v 0.317671 4.861424 0.421597
v 0.349283 4.861424 0.453209
v 0.350494 4.861424 0.454420
v 0.350494 4.864919 0.454420
v 0.350494 4.883180 0.454420
v 0.350494 4.908061 0.454420
v 0.350494 4.928732 0.454420
v 0.350494 4.950074 0.454420
v 0.350494 4.953578 0.454420
v 0.349283 4.953575 0.453209
v 0.317671 4.953578 0.421597
v 0.414933 4.953578 0.324334
v 0.446545 4.953575 0.355946
v 0.447757 4.953578 0.357158
v 0.447757 4.950074 0.357158
v 0.447757 4.928732 0.357158
v 0.447757 4.908061 0.357158
v 0.447757 4.883180 0.357158
v 0.447757 4.864919 0.357158
v 0.447757 4.861424 0.357158
v 0.446545 4.861424 0.355946
v 0.414933 4.861424 0.324334
v 0.021197 4.861424 0.748153
v 0.354235 4.861424 0.415115
v 0.021197 4.953575 0.748153
v 0.354235 4.953578 0.415115
v 0.407326 4.861424 0.362024
v 0.382004 4.953578 0.387347
v 0.407326 4.953578 0.362024
v 0.407326 4.858687 0.362024
v 0.356682 4.861424 0.412668
v 0.356682 4.953578 0.412668
v 0.356682 4.858687 0.412668
v 0.409770 4.861424 0.359580
v 0.409770 4.953578 0.359580
v 0.743983 4.861424 0.025367
v 0.743983 4.953578 0.025367
v 0.356682 4.489836 0.412668
v 0.407326 4.489836 0.362024
v 0.714780 4.861424 0.054570
v 0.714780 4.953578 0.054570
v 0.630347 4.861424 0.139003
v 0.630347 4.953578 0.139003
v 0.508760 4.861424 0.260590
v 0.508760 4.953578 0.260590
v 0.045900 4.861424 0.723450
v 0.045900 4.953575 0.723450
v 0.127030 4.861424 0.642320
v 0.127030 4.953575 0.642320
v 0.240502 4.861424 0.528848
v 0.240502 4.953575 0.528848
v 0.359492 4.953578 0.409858
v 0.404774 4.953578 0.364576
v 0.407326 4.515214 0.362024
v 0.356682 4.515214 0.412668
v 0.407326 4.603803 0.362024
v 0.356682 4.603803 0.412668
v 0.407326 4.707806 0.362024
v 0.356682 4.707806 0.412668
v 0.407326 4.832241 0.362024
v 0.356682 4.832241 0.412668
v 0.332712 4.861424 0.436638
v 0.332712 4.953578 0.436638
v 0.429974 4.953575 0.339376
v 0.429974 4.861424 0.339376
v -0.046536 4.854596 -0.763556
v -0.371448 4.854596 -0.438644
v -0.046536 4.966733 -0.763556
v -0.371448 4.966734 -0.438644
v -0.407540 4.854596 -0.402552
v -0.440452 4.854596 -0.369640
v -0.407540 4.966734 -0.402552
v -0.440452 4.966734 -0.369640
v -0.440452 4.851268 -0.369640
v -0.407540 4.851268 -0.402552
v -0.374628 4.854596 -0.435464
v -0.374628 4.966734 -0.435464
v -0.374628 4.851268 -0.435464
v -0.443628 4.854596 -0.366464
v -0.443628 4.966734 -0.366464
v -0.769321 4.854596 -0.040771
v -0.769321 4.966734 -0.040771
v -0.374628 4.489836 -0.435464
v -0.407540 4.489836 -0.402552
v -0.440452 4.489836 -0.369640
v -0.347071 4.854596 -0.414266
v -0.022158 4.854596 -0.739179
v -0.022158 4.966733 -0.739179
v -0.347071 4.966734 -0.414266
v -0.383163 4.966734 -0.378175
v -0.416074 4.966734 -0.345263
v -0.416074 4.854596 -0.345263
v -0.416074 4.851268 -0.345263
v -0.350251 4.854596 -0.411086
v -0.350251 4.966734 -0.411086
v -0.350251 4.851268 -0.411086
v -0.419251 4.854596 -0.342087
v -0.419251 4.966734 -0.342087
v -0.744944 4.854596 -0.016393
v -0.744944 4.966734 -0.016393
v -0.350251 4.489836 -0.411086
v -0.416074 4.489836 -0.345263
v -0.373417 4.854596 -0.434252
v -0.373417 4.851268 -0.434252
v -0.373417 4.489836 -0.434252
v -0.439240 4.489836 -0.368429
v -0.439240 4.851268 -0.368429
v -0.439240 4.854596 -0.368429
v -0.442416 4.854596 -0.365252
v -0.768110 4.854596 -0.039559
v -0.768110 4.966734 -0.039559
v -0.442416 4.966733 -0.365252
v -0.439240 4.966733 -0.368429
v -0.406328 4.966733 -0.401341
v -0.373417 4.966733 -0.434252
v -0.370237 4.966733 -0.437432
v -0.045324 4.966733 -0.762345
v -0.045324 4.854596 -0.762345
v -0.370237 4.854596 -0.437432
v -0.769321 4.858850 -0.040771
v -0.443628 4.858850 -0.366464
v -0.440452 4.858850 -0.369640
v -0.407540 4.858850 -0.402552
v -0.374628 4.858850 -0.435464
v -0.371448 4.858850 -0.438644
v -0.046536 4.858850 -0.763556
v -0.769321 4.962470 -0.040771
v -0.443628 4.962470 -0.366464
v -0.440452 4.962470 -0.369640
v -0.407540 4.962470 -0.402552
v -0.374628 4.962470 -0.435464
v -0.371448 4.962470 -0.438644
v -0.046536 4.962470 -0.763556
v -0.769321 4.911347 -0.040771
v -0.443628 4.911347 -0.366464
v -0.440452 4.911347 -0.369640
v -0.407540 4.911347 -0.402552
v -0.374628 4.911347 -0.435464
v -0.371448 4.911347 -0.438644
v -0.046536 4.911347 -0.763556
v -0.769321 4.881070 -0.040771
v -0.443628 4.881070 -0.366464
v -0.440452 4.881070 -0.369640
v -0.407540 4.881070 -0.402552
v -0.374628 4.881070 -0.435464
v -0.371448 4.881070 -0.438644
v -0.046536 4.881070 -0.763556
v -0.769321 4.936501 -0.040771
v -0.443628 4.936501 -0.366464
v -0.440452 4.936501 -0.369640
v -0.407540 4.936501 -0.402552
v -0.374628 4.936501 -0.435464
v -0.371448 4.936501 -0.438644
v -0.046536 4.936501 -0.763556
v -0.715741 4.854596 -0.045596
v -0.738907 4.854596 -0.068762
v -0.740118 4.854596 -0.069973
v -0.740118 4.858850 -0.069973
v -0.740118 4.881070 -0.069973
v -0.740118 4.911347 -0.069973
v -0.740118 4.936501 -0.069973
v -0.740118 4.962470 -0.069973
v -0.740118 4.966734 -0.069973
v -0.738907 4.966734 -0.068762
v -0.715741 4.966734 -0.045596
v -0.631308 4.854596 -0.130029
v -0.654474 4.854596 -0.153195
v -0.655686 4.854596 -0.154406
v -0.655686 4.858850 -0.154406
v -0.655686 4.881070 -0.154406
v -0.655686 4.911347 -0.154406
v -0.655686 4.936501 -0.154406
v -0.655686 4.962470 -0.154406
v -0.655686 4.966734 -0.154406
v -0.654474 4.966734 -0.153195
v -0.631308 4.966734 -0.130029
v -0.509721 4.854596 -0.251616
v -0.532887 4.854596 -0.274782
v -0.534098 4.854596 -0.275994
v -0.534098 4.858850 -0.275994
v -0.534098 4.881070 -0.275994
v -0.534098 4.911347 -0.275994
v -0.534098 4.936501 -0.275993
v -0.534098 4.962470 -0.275993
v -0.534098 4.966734 -0.275993
v -0.532887 4.966733 -0.274782
v -0.509721 4.966734 -0.251616
v -0.046861 4.854596 -0.714477
v -0.070026 4.854596 -0.737643
v -0.071238 4.854596 -0.738854
v -0.071238 4.858850 -0.738854
v -0.071238 4.881070 -0.738854
v -0.071238 4.911347 -0.738854
v -0.071238 4.936501 -0.738854
v -0.071238 4.962470 -0.738854
v -0.071238 4.966733 -0.738854
v -0.070026 4.966733 -0.737643
v -0.046861 4.966733 -0.714477
v -0.127991 4.854596 -0.633347
v -0.151157 4.854596 -0.656512
v -0.152368 4.854596 -0.657724
v -0.152368 4.858850 -0.657724
v -0.152368 4.881070 -0.657724
v -0.152368 4.911347 -0.657724
v -0.152368 4.936501 -0.657724
v -0.152368 4.962470 -0.657724
v -0.152368 4.966733 -0.657724
v -0.151157 4.966733 -0.656512
v -0.127991 4.966733 -0.633347
v -0.241463 4.854596 -0.519875
v -0.264628 4.854596 -0.543040
v -0.265840 4.854596 -0.544252
v -0.265840 4.858850 -0.544252
v -0.265840 4.881070 -0.544252
v -0.265840 4.911347 -0.544252
v -0.265840 4.936501 -0.544252
v -0.265840 4.962470 -0.544252
v -0.265840 4.966733 -0.544252
v -0.264628 4.966733 -0.543040
v -0.241463 4.966733 -0.519875
v -0.353904 4.966734 -0.407433
v -0.377070 4.966733 -0.430599
v -0.378282 4.966734 -0.431810
v -0.378282 4.962470 -0.431810
v -0.378282 4.936501 -0.431810
v -0.378282 4.911347 -0.431810
v -0.378282 4.881070 -0.431810
v -0.378282 4.858850 -0.431810
v -0.378282 4.854596 -0.431810
v -0.378282 4.851268 -0.431810
v -0.378282 4.489836 -0.431810
v -0.412758 4.966734 -0.348579
v -0.435924 4.966733 -0.371745
v -0.437136 4.966734 -0.372956
v -0.437136 4.962470 -0.372956
v -0.437136 4.936501 -0.372956
v -0.437136 4.911347 -0.372956
v -0.437136 4.881070 -0.372956
v -0.437136 4.858850 -0.372956
v -0.437136 4.854596 -0.372956
v -0.437136 4.851268 -0.372956
v -0.437136 4.489836 -0.372956
v -0.416074 4.515214 -0.345263
v -0.439240 4.515214 -0.368429
v -0.440452 4.515214 -0.369640
v -0.437136 4.515214 -0.372956
v -0.407540 4.515214 -0.402552
v -0.378282 4.515214 -0.431810
v -0.374628 4.515214 -0.435464
v -0.373417 4.515214 -0.434252
v -0.350251 4.515214 -0.411086
v -0.416074 4.603803 -0.345263
v -0.439240 4.603803 -0.368429
v -0.440452 4.603803 -0.369640
v -0.437136 4.603803 -0.372956
v -0.407540 4.603803 -0.402552
v -0.378282 4.603803 -0.431810
v -0.374628 4.603803 -0.435464
v -0.373417 4.603803 -0.434252
v -0.350251 4.603803 -0.411086
v -0.416074 4.707806 -0.345263
v -0.439240 4.707806 -0.368429
v -0.440452 4.707806 -0.369640
v -0.437136 4.707806 -0.372956
v -0.407540 4.707806 -0.402552
v -0.378282 4.707806 -0.431810
v -0.374628 4.707806 -0.435464
v -0.373417 4.707806 -0.434252
v -0.350251 4.707806 -0.411086
v -0.416074 4.819084 -0.345263
v -0.439240 4.819084 -0.368429
v -0.440452 4.819084 -0.369640
v -0.437136 4.819084 -0.372956
v -0.407540 4.819084 -0.402552
v -0.378282 4.819084 -0.431810
v -0.374628 4.819084 -0.435464
v -0.373417 4.819084 -0.434252
v -0.350251 4.819084 -0.411086
v -0.319097 4.854596 -0.442240
v -0.342263 4.854596 -0.465406
v -0.343475 4.854596 -0.466617
v -0.343475 4.858850 -0.466617
v -0.343475 4.881070 -0.466617
v -0.343475 4.911347 -0.466617
v -0.343475 4.936501 -0.466617
v -0.343475 4.962470 -0.466617
v -0.343475 4.966734 -0.466617
v -0.342263 4.966733 -0.465406
v -0.319097 4.966734 -0.442240
v -0.445512 4.966734 -0.315826
v -0.468677 4.966733 -0.338992
v -0.469889 4.966734 -0.340203
v -0.469889 4.962470 -0.340203
v -0.469889 4.936501 -0.340203
v -0.469889 4.911347 -0.340203
v -0.469889 4.881070 -0.340203
v -0.469889 4.858850 -0.340203
v -0.469889 4.854596 -0.340203
v -0.468677 4.854596 -0.338992
v -0.445512 4.854596 -0.315826
v -0.034128 4.854596 -0.751149
v -0.359041 4.854596 -0.426236
v -0.034128 4.966733 -0.751149
v -0.359041 4.966733 -0.426236
v -0.428044 4.854596 -0.357233
v -0.395132 4.966733 -0.390144
v -0.428044 4.966733 -0.357233
v -0.428044 4.851268 -0.357233
v -0.362221 4.854596 -0.423056
v -0.362221 4.966733 -0.423056
v -0.362221 4.851268 -0.423056
v -0.431220 4.854596 -0.354056
v -0.431220 4.966733 -0.354056
v -0.756913 4.854596 -0.028363
v -0.756913 4.966734 -0.028363
v -0.362221 4.489836 -0.423056
v -0.428044 4.489836 -0.357233
v -0.727711 4.854596 -0.057565
v -0.727710 4.966734 -0.057566
v -0.643278 4.854596 -0.141998
v -0.643278 4.966734 -0.141998
v -0.521691 4.854596 -0.263586
v -0.521691 4.966733 -0.263586
v -0.058830 4.854596 -0.726446
v -0.058830 4.966733 -0.726446
v -0.139960 4.854596 -0.645316
v -0.139960 4.966733 -0.645316
v -0.253432 4.854596 -0.531844
v -0.253432 4.966733 -0.531844
v -0.365874 4.966733 -0.419402
v -0.424728 4.966733 -0.360548
v -0.428044 4.515214 -0.357233
v -0.362221 4.515214 -0.423056
v -0.428044 4.603803 -0.357233
v -0.362221 4.603803 -0.423056
v -0.428044 4.707806 -0.357233
v -0.362221 4.707806 -0.423056
v -0.428044 4.819084 -0.357233
v -0.362221 4.819084 -0.423056
v -0.331067 4.854596 -0.454209
v -0.331067 4.966733 -0.454209
v -0.457481 4.966733 -0.327795
v -0.457481 4.854596 -0.327795
v 0.765240 4.858132 -0.045154
v 0.438233 4.858132 -0.372162
v 0.765240 4.959920 -0.045154
v 0.438233 4.959920 -0.372162
v 0.404287 4.858132 -0.406108
v 0.373332 4.858132 -0.437063
v 0.404287 4.959920 -0.406108
v 0.373332 4.959920 -0.437063
v 0.373332 4.855111 -0.437063
v 0.404287 4.855111 -0.406108
v 0.435242 4.858132 -0.375153
v 0.435242 4.959920 -0.375152
v 0.435242 4.855111 -0.375153
v 0.370344 4.858132 -0.440050
v 0.370344 4.959920 -0.440050
v 0.042454 4.858132 -0.767940
v 0.042454 4.959920 -0.767940
v 0.435242 4.489836 -0.375153
v 0.404287 4.489836 -0.406108
v 0.373332 4.489836 -0.437063
v 0.415584 4.858132 -0.349513
v 0.742592 4.858132 -0.022506
v 0.742592 4.959920 -0.022506
v 0.415584 4.959920 -0.349513
v 0.381638 4.959920 -0.383459
v 0.350683 4.959920 -0.414414
v 0.350683 4.858132 -0.414414
v 0.350683 4.855111 -0.414414
v 0.412593 4.858132 -0.352504
v 0.412593 4.959920 -0.352504
v 0.412593 4.855111 -0.352504
v 0.347696 4.858132 -0.417402
v 0.347696 4.959920 -0.417402
v 0.019806 4.858132 -0.745292
v 0.019806 4.959920 -0.745292
v 0.412593 4.489836 -0.352504
v 0.350683 4.489836 -0.414414
v 0.434030 4.858132 -0.373941
v 0.434030 4.855111 -0.373941
v 0.434030 4.489836 -0.373941
v 0.372120 4.489836 -0.435851
v 0.372120 4.855111 -0.435851
v 0.372120 4.858132 -0.435851
v 0.369132 4.858132 -0.438839
v 0.041243 4.858132 -0.766729
v 0.041243 4.959920 -0.766729
v 0.369132 4.959920 -0.438839
v 0.372120 4.959920 -0.435851
v 0.403075 4.959920 -0.404896
v 0.434030 4.959920 -0.373941
v 0.437021 4.959920 -0.370950
v 0.764028 4.959920 -0.043943
v 0.764028 4.858132 -0.043943
v 0.437021 4.858132 -0.370950
v 0.042454 4.861993 -0.767940
v 0.370344 4.861993 -0.440050
v 0.373332 4.861993 -0.437063
v 0.404287 4.861993 -0.406108
v 0.435242 4.861993 -0.375153
v 0.438233 4.861993 -0.372162
v 0.765240 4.861993 -0.045154
v 0.042454 4.956049 -0.767940
v 0.370344 4.956049 -0.440050
v 0.373332 4.956049 -0.437063
v 0.404287 4.956049 -0.406108
v 0.435242 4.956049 -0.375152
v 0.438233 4.956049 -0.372162
v 0.765240 4.956049 -0.045154
v 0.042454 4.909647 -0.767940
v 0.370344 4.909647 -0.440050
v 0.373332 4.909647 -0.437063
v 0.404287 4.909647 -0.406108
v 0.435242 4.909647 -0.375153
v 0.438233 4.909647 -0.372162
v 0.765240 4.909644 -0.045154
v 0.042454 4.882163 -0.767940
v 0.370344 4.882163 -0.440050
v 0.373332 4.882163 -0.437063
v 0.404287 4.882163 -0.406108
v 0.435242 4.882163 -0.375153
v 0.438233 4.882163 -0.372162
v 0.765240 4.882163 -0.045154
v 0.042454 4.932477 -0.767940
v 0.370344 4.932477 -0.440050
v 0.373332 4.932477 -0.437063
v 0.404287 4.932477 -0.406108
v 0.435242 4.932477 -0.375153
v 0.438233 4.932477 -0.372162
v 0.765240 4.932477 -0.045154
v 0.049009 4.858132 -0.716089
v 0.070445 4.858132 -0.737526
v 0.071657 4.858132 -0.738737
v 0.071657 4.861993 -0.738737
v 0.071657 4.882163 -0.738737
v 0.071657 4.909644 -0.738737
v 0.071657 4.932477 -0.738737
v 0.071657 4.956049 -0.738737
v 0.071657 4.959920 -0.738737
v 0.070445 4.959920 -0.737526
v 0.049009 4.959920 -0.716089
v 0.133442 4.858132 -0.631656
v 0.154878 4.858132 -0.653093
v 0.156090 4.858132 -0.654304
v 0.156090 4.861993 -0.654305
v 0.156090 4.882163 -0.654305
v 0.156090 4.909647 -0.654305
v 0.156090 4.932477 -0.654305
v 0.156090 4.956049 -0.654305
v 0.156090 4.959920 -0.654304
v 0.154878 4.959920 -0.653093
v 0.133442 4.959920 -0.631656
v 0.255029 4.858132 -0.510069
v 0.276466 4.858132 -0.531506
v 0.277677 4.858132 -0.532717
v 0.277677 4.861993 -0.532717
v 0.277677 4.882163 -0.532717
v 0.277677 4.909647 -0.532717
v 0.277677 4.932477 -0.532717
v 0.277677 4.956049 -0.532717
v 0.277677 4.959920 -0.532717
v 0.276466 4.959920 -0.531505
v 0.255029 4.959920 -0.510069
v 0.717889 4.858132 -0.047208
v 0.739326 4.858132 -0.068645
v 0.740538 4.858132 -0.069857
v 0.740538 4.861993 -0.069857
v 0.740538 4.882163 -0.069857
v 0.740538 4.909644 -0.069857
v 0.740538 4.932477 -0.069857
v 0.740538 4.956049 -0.069857
v 0.740538 4.959920 -0.069857
v 0.739326 4.959920 -0.068645
v 0.717889 4.959920 -0.047208
v 0.636759 4.858132 -0.128339
v 0.658196 4.858132 -0.149776
v 0.659407 4.858132 -0.150987
v 0.659407 4.861993 -0.150987
v 0.659407 4.882163 -0.150987
v 0.659407 4.909644 -0.150987
v 0.659407 4.932477 -0.150987
v 0.659407 4.956049 -0.150987
v 0.659407 4.959920 -0.150987
v 0.658196 4.959920 -0.149776
v 0.636759 4.959920 -0.128339
v 0.523287 4.858132 -0.241810
v 0.544724 4.858132 -0.263247
v 0.545936 4.858132 -0.264459
v 0.545936 4.861993 -0.264459
v 0.545936 4.882163 -0.264459
v 0.545936 4.909647 -0.264459
v 0.545936 4.932477 -0.264459
v 0.545936 4.956049 -0.264459
v 0.545936 4.959920 -0.264459
v 0.544724 4.959920 -0.263247
v 0.523287 4.959920 -0.241810
v 0.409157 4.959920 -0.355940
v 0.430594 4.959920 -0.377377
v 0.431805 4.959920 -0.378589
v 0.431805 4.956049 -0.378589
v 0.431805 4.932477 -0.378589
v 0.431805 4.909647 -0.378589
v 0.431805 4.882163 -0.378589
v 0.431805 4.861993 -0.378589
v 0.431805 4.858132 -0.378589
v 0.431805 4.855111 -0.378589
v 0.431805 4.489836 -0.378589
v 0.353802 4.959920 -0.411295
v 0.375239 4.959920 -0.432732
v 0.376450 4.959920 -0.433944
v 0.376450 4.956049 -0.433944
v 0.376450 4.932477 -0.433944
v 0.376450 4.909647 -0.433944
v 0.376450 4.882163 -0.433944
v 0.376450 4.861993 -0.433944
v 0.376450 4.858132 -0.433944
v 0.376450 4.855111 -0.433944
v 0.376450 4.489836 -0.433944
v 0.350683 4.515214 -0.414414
v 0.372120 4.515214 -0.435851
v 0.373332 4.515214 -0.437063
v 0.376450 4.515214 -0.433944
v 0.404287 4.515214 -0.406108
v 0.431805 4.515214 -0.378589
v 0.435242 4.515214 -0.375153
v 0.434030 4.515214 -0.373941
v 0.412593 4.515214 -0.352504
v 0.350683 4.603803 -0.414414
v 0.372120 4.603803 -0.435851
v 0.373332 4.603803 -0.437063
v 0.376450 4.603803 -0.433944
v 0.404287 4.603803 -0.406108
v 0.431805 4.603803 -0.378589
v 0.435242 4.603803 -0.375153
v 0.434030 4.603803 -0.373941
v 0.412593 4.603803 -0.352504
v 0.350683 4.707806 -0.414414
v 0.372120 4.707806 -0.435851
v 0.373332 4.707806 -0.437063
v 0.376450 4.707806 -0.433944
v 0.404287 4.707806 -0.406108
v 0.431805 4.707806 -0.378589
v 0.435242 4.707806 -0.375153
v 0.434030 4.707806 -0.373941
v 0.412593 4.707806 -0.352504
v 0.350683 4.825898 -0.414414
v 0.372120 4.825898 -0.435851
v 0.373332 4.825898 -0.437063
v 0.376450 4.825898 -0.433944
v 0.404287 4.825898 -0.406108
v 0.431805 4.825898 -0.378589
v 0.435242 4.825898 -0.375153
v 0.434030 4.825898 -0.373941
v 0.412593 4.825898 -0.352504
v 0.441895 4.858132 -0.323202
v 0.463332 4.858132 -0.344639
v 0.464543 4.858132 -0.345851
v 0.464543 4.861993 -0.345851
v 0.464543 4.882163 -0.345851
v 0.464543 4.909647 -0.345851
v 0.464543 4.932477 -0.345851
v 0.464543 4.956049 -0.345851
v 0.464543 4.959920 -0.345851
v 0.463332 4.959920 -0.344639
v 0.441895 4.959920 -0.323202
v 0.322996 4.959920 -0.442101
v 0.344433 4.959920 -0.463538
v 0.345644 4.959920 -0.464750
v 0.345644 4.956049 -0.464750
v 0.345644 4.932477 -0.464750
v 0.345644 4.909647 -0.464750
v 0.345644 4.882163 -0.464750
v 0.345644 4.861993 -0.464750
v 0.345644 4.858132 -0.464750
v 0.344433 4.858132 -0.463538
v 0.322996 4.858132 -0.442101
v 0.751603 4.858132 -0.031517
v 0.424596 4.858132 -0.358525
v 0.751603 4.959920 -0.031517
v 0.424596 4.959920 -0.358525
v 0.359695 4.858132 -0.423426
v 0.390650 4.959920 -0.392471
v 0.359695 4.959920 -0.423426
v 0.359695 4.855111 -0.423426
v 0.421605 4.858132 -0.361516
v 0.421605 4.959920 -0.361516
v 0.421605 4.855111 -0.361516
v 0.356707 4.858132 -0.426414
v 0.356707 4.959920 -0.426413
v 0.028817 4.858132 -0.754303
v 0.028817 4.959920 -0.754303
v 0.421605 4.489836 -0.361516
v 0.359695 4.489836 -0.423426
v 0.058020 4.858132 -0.725100
v 0.058020 4.959920 -0.725100
v 0.142453 4.858132 -0.640668
v 0.142453 4.959920 -0.640668
v 0.264040 4.858132 -0.519080
v 0.264040 4.959920 -0.519080
v 0.726901 4.858132 -0.056220
v 0.726901 4.959920 -0.056220
v 0.645770 4.858132 -0.137350
v 0.645770 4.959920 -0.137350
v 0.532299 4.858132 -0.250822
v 0.532299 4.959920 -0.250822
v 0.418169 4.959920 -0.364952
v 0.362814 4.959920 -0.420307
v 0.359695 4.515214 -0.423426
v 0.421605 4.515214 -0.361516
v 0.359695 4.603803 -0.423426
v 0.421605 4.603803 -0.361516
v 0.359695 4.707805 -0.423426
v 0.421605 4.707806 -0.361516
v 0.359695 4.825898 -0.423426
v 0.421605 4.825898 -0.361516
v 0.450907 4.858132 -0.332214
v 0.450907 4.959920 -0.332214
v 0.332008 4.959920 -0.451113
v 0.332008 4.858132 -0.451113
vn -0.5154 -0.1046 -0.8505
vn -0.3087 0.0440 -0.9501
vn -0.3087 -0.0439 -0.9501
vn -0.7531 -0.1047 -0.6495
vn -0.6506 0.1317 -0.7479
vn -0.9169 -0.1047 -0.3851
vn -0.8498 0.1317 -0.5104
vn -0.9910 -0.1047 -0.0829
vn -0.9660 0.1317 -0.2227
vn -0.9682 -0.1047 0.2274
vn -0.9875 0.1317 0.0867
vn -0.8504 -0.1047 0.5155
vn -0.9124 0.1317 0.3875
vn -0.6496 -0.1047 0.7531
vn -0.7479 0.1317 0.6506
vn -0.3851 -0.1047 0.9169
vn -0.5103 0.1317 0.8498
vn -0.0829 -0.1047 0.9910
vn -0.2227 0.1317 0.9659
vn 0.2274 -0.1047 0.9682
vn 0.0867 0.1317 0.9875
vn 0.5155 -0.1047 0.8505
vn 0.3875 0.1317 0.9124
vn 0.7531 -0.1047 0.6496
vn 0.6506 0.1317 0.7479
vn 0.9170 -0.1047 0.3850
vn 0.8498 0.1317 0.5104
vn 0.9910 -0.1047 0.0829
vn 0.9659 0.1317 0.2227
vn 0.9681 -0.1047 -0.2275
vn 0.9875 0.1317 -0.0867
vn 0.8505 -0.1047 -0.5155
vn 0.9124 0.1317 -0.3875
vn 0.6496 -0.1047 -0.7531
vn 0.7480 0.1317 -0.6505
vn 0.3851 -0.1047 -0.9169
vn 0.5103 0.1317 -0.8499
vn 0.0829 -0.1047 -0.9910
vn 0.2228 0.1317 -0.9659
vn -0.0867 0.1317 -0.9875
vn -0.0080 -0.9999 -0.0109
vn -0.0045 -0.9999 -0.0140
vn -0.0000 -1.0000 -0.0000
vn -0.0115 -0.9999 -0.0084
vn -0.0135 -0.9999 -0.0044
vn -0.0147 -0.9999 -0.0000
vn -0.0135 -0.9999 0.0044
vn -0.0115 -0.9999 0.0084
vn -0.0084 -0.9999 0.0115
vn -0.0042 -0.9999 0.0129
vn -0.0000 -0.9999 0.0147
vn 0.0044 -0.9999 0.0135
vn 0.0080 -0.9999 0.0109
vn 0.0119 -0.9999 0.0086
vn 0.0129 -0.9999 0.0042
vn 0.0147 -0.9999 -0.0000
vn 0.0135 -0.9999 -0.0044
vn 0.0109 -0.9999 -0.0079
vn 0.0086 -0.9999 -0.0119
vn 0.0044 -0.9999 -0.0135
vn -0.0000 -0.9999 -0.0135
vn -0.0045 0.9999 -0.0140
vn -0.0079 0.9999 -0.0109
vn -0.0000 1.0000 -0.0000
vn -0.0115 0.9999 -0.0084
vn -0.0135 0.9999 -0.0044
vn -0.0147 0.9999 -0.0000
vn -0.0135 0.9999 0.0044
vn -0.0115 0.9999 0.0084
vn -0.0079 0.9999 0.0109
vn -0.0044 0.9999 0.0135
vn -0.0000 0.9999 0.0142
vn 0.0044 0.9999 0.0135
vn 0.0086 0.9999 0.0119
vn 0.0109 0.9999 0.0079
vn 0.0135 0.9999 0.0044
vn 0.0147 0.9999 -0.0000
vn 0.0129 0.9999 -0.0042
vn 0.0115 0.9999 -0.0084
vn 0.0086 0.9999 -0.0119
vn 0.0042 0.9999 -0.0129
vn -0.0000 0.9999 -0.0142
vn -0.3038 -0.8560 -0.4182
vn -0.1597 -0.8560 -0.4916
vn -0.2690 -0.4918 -0.8281
vn -0.5102 -0.4932 -0.7046
vn -0.4182 -0.8561 -0.3038
vn -0.7044 -0.4918 -0.5118
vn -0.4916 -0.8561 -0.1597
vn -0.8269 -0.4931 -0.2701
vn -0.5170 -0.8560 -0.0000
vn -0.8699 -0.4932 -0.0014
vn -0.4916 -0.8561 0.1597
vn -0.8281 -0.4918 0.2691
vn -0.4182 -0.8560 0.3039
vn -0.7044 -0.4918 0.5118
vn -0.3039 -0.8560 0.4182
vn -0.5125 -0.4931 0.7030
vn -0.1597 -0.8560 0.4916
vn -0.2702 -0.4932 0.8269
vn -0.0000 -0.8560 0.5169
vn -0.0000 -0.4918 0.8707
vn 0.1597 -0.8560 0.4916
vn 0.2691 -0.4918 0.8281
vn 0.3038 -0.8560 0.4182
vn 0.5118 -0.4918 0.7044
vn 0.4182 -0.8560 0.3039
vn 0.7044 -0.4918 0.5118
vn 0.4916 -0.8560 0.1597
vn 0.8281 -0.4918 0.2691
vn 0.5170 -0.8560 -0.0000
vn 0.8699 -0.4931 0.0014
vn 0.4916 -0.8560 -0.1597
vn 0.8281 -0.4918 -0.2691
vn 0.4182 -0.8561 -0.3038
vn 0.7046 -0.4931 -0.5102
vn 0.3038 -0.8560 -0.4182
vn 0.5125 -0.4932 -0.7030
vn 0.1597 -0.8561 -0.4916
vn 0.2702 -0.4932 -0.8269
vn -0.0000 -0.8560 -0.5169
vn 0.0014 -0.4931 -0.8699
vn -0.0000 0.8560 -0.5170
vn -0.1597 0.8560 -0.4917
vn -0.2691 0.4919 -0.8280
vn -0.0015 0.4932 -0.8699
vn -0.3038 0.8561 -0.4182
vn -0.5126 0.4930 -0.7030
vn -0.7044 0.4918 -0.5118
vn -0.4182 0.8571 -0.3009
vn -0.8281 0.4918 -0.2691
vn -0.4907 0.8571 -0.1570
vn -0.8707 0.4918 -0.0000
vn -0.5151 0.8571 0.0024
vn -0.4916 0.8560 0.1597
vn -0.8270 0.4930 0.2702
vn -0.4182 0.8560 0.3038
vn -0.7031 0.4930 0.5125
vn -0.3038 0.8560 0.4182
vn -0.5102 0.4930 0.7047
vn -0.1569 0.8571 0.4907
vn -0.2675 0.4930 0.8279
vn 0.0023 0.8571 0.5151
vn 0.0014 0.4930 0.8700
vn 0.2691 0.4918 0.8281
vn 0.1615 0.8571 0.4892
vn 0.3047 0.8571 0.4154
vn 0.5125 0.4930 0.7031
vn 0.4182 0.8561 0.3038
vn 0.7044 0.4918 0.5118
vn 0.4906 0.8571 0.1570
vn 0.8279 0.4930 0.2675
vn 0.8707 0.4918 -0.0000
vn 0.5151 0.8571 -0.0024
vn 0.4916 0.8560 -0.1597
vn 0.8270 0.4930 -0.2702
vn 0.4154 0.8571 -0.3047
vn 0.7031 0.4930 -0.5125
vn 0.3008 0.8571 -0.4182
vn 0.5103 0.4930 -0.7047
vn 0.1597 0.8560 -0.4917
vn 0.2675 0.4929 -0.8279
vn 0.0003 0.0071 1.0000
vn 0.0022 -0.0035 1.0000
vn 0.0048 0.0038 1.0000
vn -0.0000 0.9999 0.0128
vn 0.0060 1.0000 -0.0064
vn -0.0000 0.9999 -0.0128
vn 0.0003 0.0071 -1.0000
vn 0.0022 -0.0035 -1.0000
vn 0.0003 -0.0074 -1.0000
vn 0.0013 -0.9999 0.0144
vn 0.0036 -1.0000 -0.0062
vn 0.0124 -0.9999 0.0064
vn 0.9996 -0.0299 -0.0004
vn 0.9999 0.0096 0.0082
vn 0.9999 -0.0096 0.0082
vn -0.0063 0.9897 0.1433
vn 0.2849 0.8985 0.3340
vn -0.0001 0.9825 0.1864
vn 0.0021 0.4250 0.9052
vn 0.0002 0.0765 0.9971
vn -0.0036 0.0696 0.9976
vn -0.0037 0.0697 -0.9976
vn 0.1599 0.1805 -0.9705
vn 0.0002 0.0765 -0.9971
vn 0.0021 0.4250 -0.9052
vn -0.0001 0.9825 -0.1864
vn -0.0042 0.9899 -0.1414
vn 0.0003 -0.0074 1.0000
vn -0.0038 -0.0659 0.9978
vn 0.0003 -0.0899 0.9960
vn 0.0029 -0.4374 0.8993
vn 0.0012 -0.9832 0.1825
vn -0.0024 -0.9896 0.1436
vn 0.0014 -0.9999 -0.0144
vn -0.0042 -0.9894 -0.1453
vn 0.0012 -0.9832 -0.1825
vn 0.0029 -0.4379 -0.8990
vn 0.0004 -0.0899 -0.9960
vn -0.0037 -0.0658 -0.9978
vn 0.4859 -0.0048 0.8740
vn 0.9880 0.0074 0.1545
vn 0.5152 -0.0070 0.8571
vn 0.8550 -0.3216 0.4069
vn 0.9897 -0.1430 -0.0058
vn 0.7614 -0.6482 0.0056
vn 0.9499 -0.2902 -0.1160
vn 0.7450 -0.6669 -0.0147
vn 0.9880 0.0070 -0.1546
vn 0.9989 0.0100 -0.0447
vn 0.4865 -0.0035 -0.8737
vn 0.8580 0.2797 -0.4309
vn 0.4957 0.0375 -0.8677
vn 0.9897 0.1431 0.0058
vn 0.7613 0.6484 -0.0057
vn 0.9499 0.2903 0.1161
vn 0.7450 0.6669 0.0147
vn 0.7597 -0.6431 0.0963
vn 0.8421 0.0695 0.5349
vn 0.4899 -0.0714 0.8688
vn 0.4477 -0.3617 0.8177
vn 0.4896 -0.0715 -0.8690
vn 0.4478 -0.3618 -0.8177
vn 0.8054 -0.5349 -0.2554
vn 0.7598 -0.6430 -0.0962
vn 0.7591 0.6439 -0.0961
vn 0.4476 0.3621 -0.8177
vn 0.8421 -0.0694 -0.5348
vn 0.4898 0.0713 -0.8689
vn 0.4896 0.0715 0.8690
vn 0.4477 0.3619 0.8177
vn 0.8054 0.5348 0.2556
vn 0.7599 0.6429 0.0962
vn -0.5725 -0.8196 0.0246
vn -0.2737 -0.9266 -0.2579
vn -0.5523 -0.7923 -0.2592
vn -0.8033 -0.5951 0.0245
vn -0.7756 -0.5756 -0.2592
vn -0.9181 -0.3009 -0.2579
vn -0.9500 -0.3113 0.0245
vn -0.9668 0.0003 -0.2557
vn -0.9997 0.0004 0.0243
vn -0.9207 0.2966 -0.2537
vn -0.9515 0.3066 0.0240
vn -0.7884 0.5610 -0.2524
vn -0.8145 0.5796 0.0239
vn -0.5835 0.7719 -0.2523
vn -0.6029 0.7975 0.0241
vn -0.3332 0.9425 0.0241
vn -0.3232 0.9117 -0.2536
vn -0.0287 0.9993 0.0244
vn -0.0286 0.9664 -0.2556
vn 0.2841 0.9585 0.0243
vn 0.2737 0.9266 -0.2578
vn 0.5725 0.8196 0.0245
vn 0.5523 0.7923 -0.2592
vn 0.7755 0.5756 -0.2593
vn 0.8028 0.5958 0.0247
vn 0.9181 0.3009 -0.2579
vn 0.9500 0.3113 0.0245
vn 0.9667 -0.0003 -0.2558
vn 0.9997 -0.0004 0.0244
vn 0.9207 -0.2966 -0.2536
vn 0.9515 -0.3066 0.0241
vn 0.7884 -0.5610 -0.2524
vn 0.8145 -0.5796 0.0240
vn 0.5835 -0.7719 -0.2523
vn 0.6029 -0.7975 0.0241
vn 0.3332 -0.9426 0.0239
vn 0.3232 -0.9118 -0.2535
vn 0.0287 -0.9993 0.0242
vn 0.0286 -0.9663 -0.2558
vn -0.2787 -0.9602 0.0197
vn -0.2461 -0.8326 -0.4962
vn -0.4958 -0.7111 -0.4985
vn -0.6960 -0.5166 -0.4986
vn -0.8248 -0.2705 -0.4965
vn -0.8700 0.0001 -0.4931
vn -0.8298 0.2672 -0.4899
vn -0.7112 0.5061 -0.4879
vn -0.5264 0.6964 -0.4878
vn -0.2912 0.8219 -0.4896
vn -0.0256 0.8697 -0.4929
vn 0.2461 0.8325 -0.4963
vn 0.4958 0.7111 -0.4985
vn 0.6960 0.5166 -0.4987
vn 0.8249 0.2705 -0.4965
vn 0.8699 -0.0001 -0.4931
vn 0.8299 -0.2672 -0.4898
vn 0.7113 -0.5061 -0.4878
vn 0.5264 -0.6964 -0.4878
vn 0.2912 -0.8219 -0.4896
vn 0.0256 -0.8697 -0.4929
vn -0.1966 -0.6646 -0.7209
vn -0.3953 -0.5666 -0.7230
vn -0.5547 -0.4119 -0.7229
vn -0.6583 -0.2160 -0.7211
vn -0.6961 -0.0001 -0.7179
vn -0.6657 0.2142 -0.7148
vn -0.5716 0.4065 -0.7128
vn -0.4227 0.5596 -0.7129
vn -0.2335 0.6594 -0.7146
vn -0.0203 0.6960 -0.7177
vn 0.1966 0.6645 -0.7209
vn 0.3953 0.5667 -0.7229
vn 0.5547 0.4119 -0.7229
vn 0.6583 0.2160 -0.7211
vn 0.6961 0.0001 -0.7179
vn 0.6657 -0.2142 -0.7148
vn 0.5716 -0.4064 -0.7128
vn 0.4228 -0.5596 -0.7128
vn 0.2334 -0.6594 -0.7146
vn 0.0202 -0.6960 -0.7177
vn -0.1088 -0.3671 -0.9238
vn -0.2180 -0.3124 -0.9246
vn -0.3058 -0.2272 -0.9246
vn -0.3637 -0.1196 -0.9238
vn -0.3859 -0.0003 -0.9225
vn -0.3704 0.1189 -0.9212
vn -0.3187 0.2266 -0.9204
vn -0.2357 0.3120 -0.9204
vn -0.1297 0.3670 -0.9212
vn -0.0109 0.3860 -0.9224
vn 0.1089 0.3671 -0.9238
vn 0.2180 0.3125 -0.9246
vn 0.3058 0.2271 -0.9246
vn 0.3637 0.1196 -0.9238
vn 0.3859 0.0003 -0.9225
vn 0.3704 -0.1189 -0.9212
vn 0.3186 -0.2266 -0.9204
vn 0.2357 -0.3120 -0.9204
vn 0.1297 -0.3670 -0.9211
vn 0.0109 -0.3859 -0.9225
vn 0.0042 0.0158 -0.9999
vn 0.0092 0.0136 -0.9999
vn 0.0133 0.0097 -0.9999
vn 0.0157 0.0047 -0.9999
vn 0.0161 -0.0006 -0.9999
vn 0.0150 -0.0053 -0.9999
vn 0.0128 -0.0093 -0.9999
vn 0.0096 -0.0125 -0.9999
vn 0.0057 -0.0149 -0.9999
vn 0.0010 -0.0161 -0.9999
vn -0.0042 -0.0158 -0.9999
vn -0.0093 -0.0137 -0.9999
vn -0.0133 -0.0096 -0.9999
vn -0.0156 -0.0046 -0.9999
vn -0.0162 0.0006 -0.9999
vn -0.0150 0.0053 -0.9999
vn -0.0128 0.0093 -0.9999
vn -0.0096 0.0125 -0.9999
vn -0.0057 0.0148 -0.9999
vn -0.0010 0.0161 -0.9999
vn 0.0957 0.3247 -0.9410
vn 0.1927 0.2765 -0.9415
vn 0.2707 0.2008 -0.9415
vn 0.3217 0.1052 -0.9410
vn 0.3408 -0.0004 -0.9401
vn 0.3265 -0.1054 -0.9393
vn 0.2807 -0.1999 -0.9387
vn 0.2079 -0.2749 -0.9387
vn 0.1149 -0.3235 -0.9392
vn 0.0104 -0.3407 -0.9401
vn -0.0957 -0.3248 -0.9409
vn -0.1927 -0.2766 -0.9415
vn -0.2707 -0.2008 -0.9415
vn -0.3217 -0.1052 -0.9410
vn -0.3408 0.0004 -0.9401
vn -0.3266 0.1054 -0.9393
vn -0.2807 0.1999 -0.9387
vn -0.2079 0.2749 -0.9387
vn -0.1149 0.3234 -0.9393
vn -0.0104 0.3408 -0.9401
vn 0.1693 0.5729 -0.8019
vn 0.3405 0.4884 -0.8035
vn 0.4781 0.3548 -0.8034
vn 0.5675 0.1860 -0.8021
vn 0.6004 -0.0002 -0.7997
vn 0.5744 -0.1850 -0.7974
vn 0.4932 -0.3510 -0.7960
vn 0.3651 -0.4829 -0.7959
vn 0.2016 -0.5690 -0.7973
vn 0.0177 -0.6002 -0.7996
vn -0.1693 -0.5729 -0.8019
vn -0.3405 -0.4884 -0.8034
vn -0.4780 -0.3548 -0.8035
vn -0.5675 -0.1861 -0.8021
vn -0.6003 0.0001 -0.7997
vn -0.5743 0.1850 -0.7974
vn -0.4932 0.3509 -0.7960
vn -0.3651 0.4830 -0.7959
vn -0.2016 0.5689 -0.7973
vn -0.0177 0.6002 -0.7997
vn 0.2308 0.7801 -0.5816
vn 0.4645 0.6661 -0.5836
vn 0.6519 0.4840 -0.5837
vn 0.7729 0.2536 -0.5817
vn 0.8156 0.0001 -0.5786
vn 0.7786 -0.2505 -0.5754
vn 0.6675 -0.4749 -0.5735
vn 0.4939 -0.6536 -0.5735
vn 0.2730 -0.7711 -0.5753
vn 0.0237 -0.8154 -0.5784
vn -0.2308 -0.7801 -0.5815
vn -0.4645 -0.6660 -0.5837
vn -0.6519 -0.4840 -0.5838
vn -0.7728 -0.2536 -0.5817
vn -0.8156 -0.0001 -0.5786
vn -0.7785 0.2505 -0.5755
vn -0.6675 0.4748 -0.5736
vn -0.4939 0.6535 -0.5735
vn -0.2730 0.7710 -0.5753
vn -0.0237 0.8154 -0.5784
vn 0.2702 0.9130 -0.3056
vn 0.5445 0.7806 -0.3070
vn 0.7641 0.5673 -0.3072
vn 0.9046 0.2971 -0.3056
vn 0.9529 0.0004 -0.3034
vn 0.9078 -0.2919 -0.3011
vn 0.7774 -0.5529 -0.2998
vn 0.5751 -0.7612 -0.2997
vn 0.3181 -0.8990 -0.3012
vn 0.0275 -0.9525 -0.3032
vn -0.2703 -0.9130 -0.3056
vn -0.5444 -0.7806 -0.3071
vn -0.7640 -0.5673 -0.3072
vn -0.9046 -0.2970 -0.3056
vn -0.9529 -0.0004 -0.3034
vn -0.9078 0.2919 -0.3011
vn -0.7774 0.5529 -0.2997
vn -0.5751 0.7611 -0.2998
vn -0.3181 0.8990 -0.3010
vn -0.0275 0.9525 -0.3033
vn 0.2840 0.9588 -0.0000
vn 0.5719 0.8203 -0.0000
vn 0.8027 0.5963 -0.0000
vn 0.9500 0.3122 -0.0000
vn 1.0000 0.0005 -0.0000
vn 0.9521 -0.3059 -0.0000
vn 0.8150 -0.5794 -0.0000
vn 0.6027 -0.7980 -0.0000
vn 0.3335 -0.9428 -0.0000
vn 0.0287 -0.9996 -0.0000
vn -0.2838 -0.9589 -0.0000
vn -0.5723 -0.8201 -0.0000
vn -0.8027 -0.5963 -0.0000
vn -0.9500 -0.3121 -0.0000
vn -1.0000 -0.0006 -0.0000
vn -0.9520 0.3061 -0.0000
vn -0.8150 0.5794 -0.0000
vn -0.6027 0.7980 -0.0000
vn -0.3336 0.9427 -0.0000
vn -0.0288 0.9996 -0.0000
vn 0.5445 0.7806 0.3069
vn 0.7641 0.5673 0.3071
vn 0.9047 0.2971 0.3055
vn 0.9529 0.0004 0.3034
vn 0.9078 -0.2919 0.3011
vn 0.7774 -0.5529 0.2998
vn 0.5751 -0.7612 0.2998
vn 0.3181 -0.8990 0.3011
vn 0.0275 -0.9525 0.3033
vn -0.2703 -0.9130 0.3055
vn -0.5444 -0.7806 0.3070
vn -0.7641 -0.5674 0.3070
vn -0.9046 -0.2970 0.3056
vn -0.9529 -0.0004 0.3034
vn -0.9078 0.2919 0.3011
vn -0.7774 0.5529 0.2997
vn -0.5751 0.7612 0.2997
vn -0.3181 0.8990 0.3010
vn -0.0275 0.9525 0.3032
vn 0.2695 0.9127 0.3073
vn 0.4645 0.6661 0.5836
vn 0.6519 0.4840 0.5837
vn 0.7729 0.2536 0.5817
vn 0.8156 0.0001 0.5786
vn 0.7786 -0.2505 0.5754
vn 0.6675 -0.4748 0.5736
vn 0.4939 -0.6536 0.5735
vn 0.2730 -0.7711 0.5752
vn 0.0237 -0.8154 0.5784
vn -0.2308 -0.7801 0.5815
vn -0.4645 -0.6661 0.5836
vn -0.6519 -0.4840 0.5837
vn -0.7729 -0.2536 0.5816
vn -0.8156 -0.0001 0.5786
vn -0.7785 0.2505 0.5754
vn -0.6675 0.4749 0.5735
vn -0.4939 0.6536 0.5735
vn -0.2730 0.7710 0.5753
vn -0.0237 0.8154 0.5784
vn 0.2287 0.7791 0.5837
vn 0.3405 0.4884 0.8035
vn 0.4781 0.3549 0.8034
vn 0.5675 0.1860 0.8021
vn 0.6004 -0.0002 0.7997
vn 0.5744 -0.1850 0.7974
vn 0.4932 -0.3510 0.7960
vn 0.3651 -0.4829 0.7959
vn 0.2016 -0.5690 0.7973
vn 0.0177 -0.6003 0.7996
vn -0.1693 -0.5730 0.8019
vn -0.3405 -0.4884 0.8034
vn -0.4780 -0.3548 0.8035
vn -0.5675 -0.1861 0.8021
vn -0.6004 0.0001 0.7997
vn -0.5744 0.1850 0.7974
vn -0.4932 0.3510 0.7960
vn -0.3651 0.4830 0.7959
vn -0.2016 0.5689 0.7973
vn -0.0177 0.6002 0.7997
vn 0.1658 0.5711 0.8040
vn 0.1890 0.2711 0.9438
vn 0.2654 0.1970 0.9438
vn 0.3155 0.1031 0.9433
vn 0.3342 -0.0004 0.9425
vn 0.3203 -0.1034 0.9417
vn 0.2754 -0.1959 0.9412
vn 0.2038 -0.2696 0.9412
vn 0.1127 -0.3172 0.9416
vn 0.0102 -0.3342 0.9424
vn -0.0938 -0.3185 0.9433
vn -0.1891 -0.2711 0.9438
vn -0.2654 -0.1970 0.9438
vn -0.3155 -0.1031 0.9433
vn -0.3342 0.0004 0.9425
vn -0.3202 0.1034 0.9417
vn -0.2754 0.1959 0.9411
vn -0.2038 0.2697 0.9411
vn -0.1127 0.3172 0.9416
vn -0.0102 0.3342 0.9425
vn 0.0783 0.3091 0.9478
vn -0.0011 -0.0013 1.0000
vn -0.0013 -0.0011 1.0000
vn -0.0016 -0.0010 1.0000
vn -0.0022 -0.0005 1.0000
vn -0.0026 0.0004 1.0000
vn -0.0023 0.0015 1.0000
vn -0.0016 0.0023 1.0000
vn -0.0005 0.0025 1.0000
vn 0.0004 0.0022 1.0000
vn 0.0009 0.0017 1.0000
vn 0.0011 0.0013 1.0000
vn 0.0013 0.0011 1.0000
vn 0.0016 0.0010 1.0000
vn 0.0022 0.0005 1.0000
vn 0.0025 -0.0004 1.0000
vn 0.0023 -0.0015 1.0000
vn 0.0015 -0.0022 1.0000
vn 0.0005 -0.0026 1.0000
vn -0.0004 -0.0022 1.0000
vn -0.0081 -0.0062 0.9999
vn -0.2121 -0.3042 0.9287
vn -0.2978 -0.2211 0.9287
vn -0.3540 -0.1164 0.9280
vn -0.3757 -0.0003 0.9267
vn -0.3607 0.1158 0.9255
vn -0.3103 0.2208 0.9246
vn -0.2296 0.3038 0.9247
vn -0.1263 0.3574 0.9254
vn -0.0107 0.3758 0.9267
vn 0.1060 0.3574 0.9279
vn 0.2122 0.3042 0.9287
vn 0.2977 0.2210 0.9287
vn 0.3540 0.1164 0.9280
vn 0.3758 0.0003 0.9267
vn 0.3608 -0.1158 0.9254
vn 0.3103 -0.2207 0.9247
vn 0.2296 -0.3038 0.9247
vn 0.1263 -0.3573 0.9254
vn 0.0107 -0.3757 0.9267
vn -0.1253 -0.3683 0.9212
vn -0.4066 -0.5831 0.7033
vn -0.5707 -0.4237 0.7034
vn -0.6772 -0.2221 0.7014
vn -0.7160 -0.0000 0.6981
vn -0.6845 0.2203 0.6950
vn -0.5876 0.4180 0.6928
vn -0.4347 0.5752 0.6929
vn -0.2401 0.6780 0.6947
vn -0.0209 0.7159 0.6979
vn 0.2021 0.6837 0.7012
vn 0.4066 0.5831 0.7033
vn 0.5706 0.4236 0.7035
vn 0.6773 0.2222 0.7014
vn 0.7160 -0.0000 0.6981
vn 0.6846 -0.2203 0.6949
vn 0.5875 -0.4180 0.6929
vn 0.4348 -0.5753 0.6928
vn 0.2401 -0.6780 0.6947
vn 0.0209 -0.7159 0.6979
vn -0.1980 -0.6817 0.7043
vn -0.5084 -0.7292 0.4581
vn -0.7138 -0.5299 0.4580
vn -0.8456 -0.2771 0.4562
vn -0.8916 0.0003 0.4528
vn -0.8501 0.2739 0.4497
vn -0.7286 0.5183 0.4479
vn -0.5395 0.7131 0.4477
vn -0.2983 0.8420 0.4496
vn -0.0262 0.8913 0.4527
vn 0.2520 0.8535 0.4561
vn 0.5086 0.7292 0.4579
vn 0.7138 0.5300 0.4579
vn 0.8457 0.2771 0.4562
vn 0.8916 -0.0002 0.4528
vn 0.8503 -0.2734 0.4497
vn 0.7286 -0.5182 0.4479
vn 0.5391 -0.7134 0.4478
vn 0.2984 -0.8419 0.4496
vn 0.0262 -0.8914 0.4525
vn -0.2527 -0.8533 0.4561
vn -0.5550 -0.7961 0.2413
vn -0.7793 -0.5784 0.2413
vn -0.9224 -0.3025 0.2401
vn -0.9713 0.0001 0.2380
vn -0.9250 0.2978 0.2360
vn -0.7920 0.5635 0.2349
vn -0.5861 0.7754 0.2348
vn -0.3245 0.9160 0.2360
vn -0.0285 0.9708 0.2380
vn 0.2752 0.9310 0.2399
vn 0.5550 0.7960 0.2414
vn 0.7793 0.5784 0.2413
vn 0.9224 0.3025 0.2401
vn 0.9713 -0.0002 0.2381
vn 0.9249 -0.2978 0.2361
vn 0.7920 -0.5635 0.2349
vn 0.5862 -0.7755 0.2347
vn 0.3245 -0.9159 0.2361
vn 0.0285 -0.9709 0.2379
vn -0.2663 -0.9311 0.2493
vn -0.1157 0.2170 0.9693
vn -0.3254 0.7769 0.5390
vn -0.3968 0.7337 0.5516
vn 0.1118 -0.2114 0.9710
vn -0.0995 0.2370 0.9664
vn 0.4577 -0.7722 0.4407
vn 0.0912 -0.2393 0.9667
vn 0.4117 -0.9113 -0.0000
vn 0.4634 -0.6921 0.5534
vn 0.2816 -0.7986 -0.5320
vn 0.0879 -0.1958 -0.9767
vn 0.3712 -0.8222 -0.4314
vn 0.0992 -0.1893 -0.9769
vn -0.1000 0.2331 -0.9673
vn -0.1142 0.2159 -0.9697
vn -0.3237 0.7734 -0.5451
vn -0.4322 0.7034 -0.5643
vn -0.3836 0.9235 -0.0000
vn 0.4792 -0.8777 -0.0018
vn -0.4764 0.8792 0.0003
vn -0.0722 0.2630 0.9621
vn -0.2165 0.8278 0.5175
vn 0.0700 -0.2334 0.9699
vn 0.2681 -0.8636 0.4270
vn 0.2991 -0.9542 -0.0000
vn 0.2682 -0.8636 -0.4270
vn 0.0828 -0.2176 -0.9725
vn -0.0757 0.2641 -0.9615
vn -0.0700 0.7876 -0.6122
vn -0.2442 0.9697 0.0045
vn 0.5515 -0.8342 -0.0000
vn 0.4979 -0.7526 -0.4310
vn 0.5452 -0.6055 0.5798
vn 0.1370 -0.2063 0.9689
vn -0.1358 0.2036 0.9696
vn -0.4637 0.6942 0.5505
vn -0.4613 0.6907 -0.5569
vn -0.5446 0.8386 0.0135
vn -0.1474 0.2085 -0.9668
vn 0.1357 -0.1909 -0.9722
vn -0.0342 0.8660 -0.4988
vn -0.1459 0.8168 0.5582
vn -0.0196 0.2866 0.9579
vn 0.0077 -0.2635 0.9646
vn 0.2282 -0.8197 0.5254
vn 0.1041 -0.9946 0.0010
vn -0.0619 -0.8493 -0.5243
vn 0.0368 -0.2338 -0.9716
vn -0.0178 0.2900 -0.9569
vn 0.0565 0.3040 0.9510
vn -0.0584 -0.2718 0.9606
vn 0.0253 -0.8607 0.5086
vn -0.1420 -0.9899 0.0004
vn -0.1329 -0.9114 -0.3894
vn -0.0262 -0.2481 -0.9684
vn 0.0669 0.3062 -0.9496
vn -0.0321 0.9995 -0.0014
vn 0.3235 0.7555 -0.5698
vn 0.2570 0.8446 0.4697
vn 0.2428 0.2534 0.9364
vn 0.4461 0.7922 0.4164
vn 0.1707 0.3127 0.9344
vn -0.2253 -0.1934 0.9549
vn -0.1310 -0.2652 0.9553
vn -0.5189 -0.6929 0.5007
vn -0.3979 -0.8460 0.3548
vn -0.7261 -0.6868 0.0315
vn -0.4231 -0.9061 -0.0000
vn -0.1126 -0.2347 -0.9655
vn -0.6699 -0.6575 -0.3448
vn -0.3980 -0.8460 -0.3548
vn 0.1689 0.3077 -0.9364
vn -0.1977 -0.1927 -0.9611
vn 0.4691 0.7749 -0.4237
vn 0.2860 0.2493 -0.9252
vn 0.4946 0.8691 0.0009
vn 0.7382 0.4700 -0.4838
vn 0.7025 0.5924 0.3945
vn 0.8573 0.3220 0.4016
vn 0.3208 0.1510 0.9350
vn -0.2938 -0.1223 0.9480
vn -0.7405 -0.4883 0.4617
vn -0.2535 -0.1085 -0.9612
vn 0.3357 0.1161 -0.9348
vn 0.8423 0.1738 -0.5102
vn 0.9327 0.3603 -0.0149
vn 0.7430 0.6686 -0.0316
vn -0.8256 -0.4419 -0.3510
vn 0.9365 0.0384 0.3485
vn 0.3956 0.0431 0.9174
vn -0.3359 -0.0529 0.9404
vn -0.9220 -0.3871 0.0115
vn -0.8637 -0.2573 0.4334
vn -0.3063 -0.0279 -0.9515
vn 0.4140 0.0016 -0.9103
vn 0.8738 -0.1092 -0.4740
vn 0.9993 0.0385 -0.0005
vn -0.9300 -0.1939 -0.3122
vn 0.9208 -0.2657 0.2855
vn 0.4461 -0.0778 0.8916
vn -0.3743 0.0777 0.9241
vn -0.9923 -0.1240 -0.0036
vn -0.9131 0.1318 0.3858
vn -0.3247 0.1112 -0.9392
vn 0.4371 -0.1743 -0.8824
vn 0.8210 -0.3896 -0.4174
vn 0.9616 -0.2743 0.0010
vn -0.9421 0.2019 -0.2678
vn 0.7730 -0.5502 0.3160
vn 0.3620 -0.1877 0.9131
vn -0.3050 0.2230 0.9259
vn -0.9538 0.2999 -0.0157
vn -0.7937 0.4529 0.4060
vn -0.2578 0.2282 -0.9389
vn 0.3282 -0.3016 -0.8952
vn 0.6434 -0.6487 -0.4065
vn 0.8139 -0.5809 0.0136
vn -0.7949 0.5335 -0.2889
vn 0.2789 -0.3531 0.8930
vn -0.1941 0.3123 0.9299
vn -0.5933 0.7200 0.3600
vn -0.7723 0.6352 -0.0068
vn -0.4592 0.8449 -0.2745
vn -0.1432 0.2644 -0.9537
vn 0.1830 -0.3920 -0.9016
vn 0.3081 -0.8276 -0.4692
vn 0.3830 -0.8541 0.3519
vn 0.0822 -0.3972 0.9141
vn -0.0178 0.3324 0.9430
vn -0.2133 0.8707 0.4431
vn -0.0599 0.9982 0.0097
vn -0.5040 0.8630 0.0333
vn -0.0677 0.9539 -0.2925
vn -0.0055 0.2967 -0.9550
vn 0.0005 -0.4490 -0.8935
vn 0.4935 -0.8691 0.0344
vn -0.1080 -0.9066 -0.4079
vn 0.0023 -0.9442 0.3294
vn -0.1313 -0.3915 0.9108
vn 0.1369 0.3143 0.9394
vn 0.2159 0.8808 0.4215
vn 0.4062 0.9138 0.0003
vn 0.3869 0.8749 -0.2912
vn 0.1328 0.2707 -0.9534
vn -0.2073 -0.3741 -0.9039
vn 0.0470 -0.9986 -0.0247
vn -0.5210 -0.7242 -0.4517
vn -0.4721 -0.8082 0.3520
vn -0.2984 -0.2949 0.9077
vn 0.2639 0.2382 0.9347
vn 0.5981 0.7014 0.3877
vn 0.7547 0.5929 -0.2808
vn 0.2472 0.1739 -0.9532
vn -0.3502 -0.2533 -0.9018
vn -0.4440 -0.8960 0.0016
vn -0.7840 -0.4347 -0.4430
vn -0.7726 -0.5341 0.3432
vn -0.8512 -0.3978 0.3424
vn -0.3356 -0.1880 0.9230
vn 0.3487 0.1985 0.9160
vn 0.7789 0.6267 0.0241
vn 0.7562 0.5303 0.3833
vn 0.3396 0.1202 -0.9328
vn -0.3676 -0.1558 -0.9168
vn -0.8539 -0.2383 -0.4626
vn -0.9064 -0.4225 0.0026
vn -0.7841 -0.6206 -0.0047
vn 0.8360 0.4773 -0.2706
vn -0.8586 -0.3746 0.3501
vn -0.3465 -0.1478 0.9263
vn 0.3541 0.2258 0.9075
vn 0.9066 0.4221 -0.0024
vn 0.7648 0.5275 0.3700
vn 0.3663 0.0802 -0.9270
vn -0.3551 -0.1724 -0.9188
vn -0.8574 -0.2270 -0.4619
vn -0.9166 -0.3998 -0.0000
vn 0.8370 0.4798 -0.2631
vn -0.0632 0.9890 -0.1336
vn -0.4529 0.8468 -0.2790
vn -0.5918 0.8061 -0.0000
vn -0.6487 0.7069 0.2819
vn -0.8620 0.4809 0.1602
vn -0.8901 0.4557 -0.0000
vn -0.8635 0.4768 -0.1647
vn -0.6492 0.7107 -0.2710
vn -0.0611 0.9981 -0.0000
vn -0.0607 0.9891 0.1342
vn -0.4474 0.8524 0.2706
vn 0.5531 -0.8331 -0.0000
vn 0.1370 -0.2236 0.9650
vn -0.1296 0.2076 0.9696
vn -0.5125 0.5801 0.6332
vn -0.5544 0.8322 0.0005
vn -0.3183 0.6896 -0.6505
vn -0.1466 0.2012 -0.9685
vn 0.1424 -0.1932 -0.9708
vn 0.4740 -0.8801 0.0275
vn 0.3425 -0.7699 -0.5386
vn 0.3462 -0.7744 0.5295
vn 0.5068 -0.6641 0.5497
vn 0.1127 -0.2447 0.9630
vn -0.1093 0.2062 0.9724
vn -0.4587 0.6032 0.6525
vn -0.2776 0.7329 -0.6211
vn -0.1310 0.2144 -0.9679
vn 0.1369 -0.2220 -0.9654
vn 0.4576 -0.7863 -0.4151
vn 0.2906 -0.9569 0.0019
vn 0.3911 -0.7625 0.5154
vn -0.0655 0.2369 0.9693
vn -0.3535 0.6986 0.6221
vn -0.3313 0.9435 0.0023
vn -0.4875 0.8727 -0.0275
vn -0.1367 0.7668 -0.6272
vn -0.0945 0.2350 -0.9674
vn 0.2907 -0.8790 -0.3779
vn 0.0255 -0.9996 0.0141
vn 0.0143 -0.3119 0.9500
vn 0.0906 -0.2840 0.9545
vn 0.0068 0.2457 0.9693
vn -0.1487 0.7622 0.6300
vn -0.0678 0.9975 0.0203
vn 0.0748 0.7960 -0.6007
vn 0.0803 -0.2599 -0.9623
vn -0.0281 0.2575 -0.9659
vn 0.0083 -0.2996 -0.9540
vn -0.3252 -0.9456 0.0087
vn -0.1456 -0.8618 -0.4860
vn -0.1377 -0.8841 0.4466
vn -0.0950 -0.3037 0.9480
vn 0.0900 0.2251 0.9702
vn 0.1278 0.7723 0.6222
vn 0.2956 0.9553 -0.0000
vn 0.3527 0.7027 -0.6179
vn 0.0664 0.2381 -0.9690
vn -0.0934 -0.2855 -0.9538
vn -0.6612 -0.7502 -0.0005
vn -0.4360 -0.7520 -0.4943
vn -0.4382 -0.7787 0.4490
vn -0.2113 -0.2408 0.9473
vn 0.1648 0.1745 0.9708
vn 0.4267 0.6646 0.6134
vn 0.6516 0.7585 0.0004
vn 0.5996 0.5027 -0.6227
vn 0.1536 0.1958 -0.9685
vn -0.1970 -0.2237 -0.9545
vn -0.8943 -0.4475 -0.0028
vn -0.6849 -0.5308 -0.4992
vn -0.6980 -0.5504 0.4581
vn -0.6954 -0.5281 0.4874
vn -0.2932 -0.1451 0.9450
vn 0.2222 0.0998 0.9699
vn 0.6521 0.4376 0.6191
vn 0.7768 0.2537 -0.5763
vn 0.2203 0.1266 -0.9672
vn -0.2767 -0.1289 -0.9523
vn -0.8302 -0.4410 -0.3410
vn -0.9958 -0.0921 -0.0011
vn -0.8376 -0.2375 0.4920
vn -0.3218 -0.0325 0.9463
vn 0.2506 0.0053 0.9681
vn 0.9012 0.4332 -0.0085
vn 0.7743 0.1605 0.6121
vn 0.8120 -0.0562 -0.5809
vn 0.2506 0.0354 -0.9675
vn -0.3006 -0.0181 -0.9536
vn -0.9330 -0.1077 -0.3433
vn -0.9651 0.2618 0.0013
vn -0.8613 0.0717 0.5030
vn -0.3052 0.0775 0.9491
vn 0.2361 -0.0786 0.9685
vn 0.9982 0.0599 0.0023
vn 0.7749 -0.0966 0.6247
vn 0.7473 -0.3162 -0.5844
vn 0.2450 -0.0509 -0.9682
vn -0.2836 0.0809 -0.9555
vn -0.9089 0.2225 -0.3527
vn -0.8024 0.5967 0.0091
vn -0.2615 0.1860 0.9471
vn 0.1877 -0.1525 0.9703
vn 0.7004 -0.3584 0.6173
vn 0.8230 -0.5679 0.0080
vn 0.9653 -0.2611 -0.0000
vn 0.5690 -0.5507 -0.6107
vn 0.2147 -0.1347 -0.9673
vn -0.2442 0.1844 -0.9520
vn -0.5125 0.8587 -0.0010
vn -0.5868 0.6472 -0.4867
vn -0.6113 0.6568 0.4416
vn -0.1787 0.2806 0.9431
vn 0.1272 -0.2200 0.9672
vn 0.5318 -0.6046 0.5930
vn 0.5547 -0.8321 -0.0007
vn 0.3247 -0.7294 -0.6021
vn 0.1540 -0.2145 -0.9645
vn -0.1560 0.2696 -0.9503
vn -0.1751 0.9845 0.0137
vn -0.2967 0.8227 -0.4850
vn -0.3130 0.8417 0.4399
vn -0.0735 0.3351 0.9393
vn 0.0467 -0.2641 0.9634
vn 0.2979 -0.7573 0.5811
vn 0.2477 -0.9688 0.0132
vn 0.0624 -0.8222 -0.5658
vn 0.0766 -0.2769 -0.9578
vn -0.0507 0.3277 -0.9434
vn 0.1988 0.9800 0.0065
vn 0.0183 0.8898 -0.4560
vn 0.0007 0.9159 0.4015
vn 0.0542 0.3685 0.9281
vn -0.0499 -0.2767 0.9597
vn 0.0026 -0.8344 0.5512
vn -0.1235 -0.9923 0.0071
vn -0.2499 -0.8011 -0.5439
vn -0.0370 -0.2993 -0.9535
vn 0.0849 0.3467 -0.9341
vn 0.5699 0.8217 0.0019
vn 0.3460 0.8278 -0.4417
vn 0.3401 0.8602 0.3801
vn 0.2058 0.3391 0.9180
vn -0.1591 -0.2442 0.9566
vn -0.3544 -0.7746 0.5239
vn -0.5327 -0.8463 0.0037
vn -0.5699 -0.6294 -0.5283
vn -0.1667 -0.2654 -0.9496
vn 0.2338 0.2951 -0.9264
vn 0.8659 0.4999 0.0152
vn 0.6476 0.6285 -0.4308
vn 0.6561 0.6597 0.3665
vn 0.3423 0.2209 0.9132
vn -0.2461 -0.1425 0.9587
vn -0.6798 -0.5110 0.5261
vn -0.8725 -0.4882 0.0196
vn -0.8100 -0.2896 -0.5100
vn -0.2742 -0.1607 -0.9482
vn 0.3588 0.1681 -0.9181
vn 0.9955 0.0945 0.0019
vn 0.8653 0.2880 -0.4103
vn 0.8843 0.3222 0.3379
vn 0.8680 0.2474 0.4305
vn 0.3879 0.0589 0.9198
vn -0.3065 -0.0276 0.9515
vn -0.8365 -0.1781 0.5182
vn -0.8864 0.0472 -0.4605
vn -0.3226 -0.0311 -0.9460
vn 0.3753 0.0002 -0.9269
vn 0.9545 0.1248 -0.2708
vn 0.9517 -0.3068 -0.0156
vn 0.9087 -0.1059 0.4037
vn 0.4034 -0.0971 0.9098
vn -0.2928 0.0836 0.9525
vn -0.9979 -0.0643 -0.0000
vn -0.8495 0.1404 0.5086
vn -0.8068 0.3708 -0.4600
vn -0.3051 0.0889 -0.9482
vn 0.3563 -0.1551 -0.9214
vn 0.9288 -0.2697 -0.2542
vn 0.7630 -0.6464 -0.0010
vn 0.7892 -0.4521 0.4157
vn 0.3320 -0.2380 0.9128
vn -0.2432 0.2007 0.9490
vn -0.9519 0.3063 0.0109
vn -0.7181 0.4676 0.5155
vn -0.6170 0.6507 -0.4427
vn -0.2572 0.2138 -0.9424
vn 0.2754 -0.2816 -0.9192
vn 0.7554 -0.6032 -0.2558
vn 0.4835 -0.8752 0.0174
vn 0.2146 -0.3368 0.9168
vn -0.1518 0.2680 0.9514
vn -0.4008 0.7181 0.5690
vn -0.5583 0.8281 0.0511
vn -0.7657 0.6430 -0.0156
vn -0.3285 0.7942 -0.5112
vn -0.1506 0.2810 -0.9478
vn 0.1672 -0.3483 -0.9224
vn 0.2278 -0.9737 -0.0044
vn 0.2699 -0.8716 -0.4092
vn 0.3095 -0.8906 0.3333
vn 0.3659 -0.8272 0.4265
vn 0.1026 -0.3653 0.9252
vn -0.0836 0.3175 0.9446
vn -0.3087 0.9511 -0.0080
vn -0.1912 0.9311 0.3105
vn -0.2861 0.9145 0.2860
vn -0.2079 0.9144 -0.3473
vn -0.2790 0.9168 -0.2857
vn -0.1423 0.6694 -0.7291
vn 0.0559 -0.3418 -0.9381
vn 0.2512 -0.9258 -0.2824
vn -0.0372 -0.9224 -0.3844
vn 0.1545 -0.9880 -0.0000
vn 0.3180 -0.8404 0.4390
vn 0.1032 -0.3448 0.9330
vn -0.1560 0.7829 0.6022
vn -0.0292 0.3451 0.9381
vn -0.1548 0.9879 0.0056
vn -0.1917 0.9814 0.0036
vn -0.1354 0.3050 -0.9427
vn -0.0099 0.1806 -0.9835
vn 0.0679 -0.3718 -0.9258
vn -0.9094 0.3864 0.1535
vn -0.9965 0.0837 -0.0052
vn -0.9897 0.1434 -0.0003
vn -0.8549 -0.5188 0.0043
vn -0.8752 -0.4656 -0.1314
vn -0.9600 -0.0907 -0.2650
vn -0.9626 0.1043 -0.2500
vn -0.8946 0.4151 -0.1655
vn -0.9619 0.1022 0.2535
vn -0.9612 -0.0975 0.2582
vn -0.8741 -0.4675 0.1318
vn -0.1737 0.9531 0.2479
vn -0.0875 0.7871 0.6105
vn -0.7333 0.6781 0.0492
vn -0.6835 0.7226 -0.1028
vn -0.1983 0.9459 -0.2569
vn -0.1384 0.7569 -0.6387
vn -0.9848 0.1735 -0.0086
vn 0.9166 0.3999 -0.0000
vn 0.2391 0.9710 -0.0000
vn -0.8756 -0.0138 0.4829
vn -0.1878 -0.0224 0.9819
vn -0.1840 0.0006 0.9829
vn 0.1702 0.0066 0.9854
vn 0.1667 -0.0005 0.9860
vn 0.7840 0.0422 0.6193
vn 0.7785 -0.0013 0.6276
vn 0.9986 0.0529 -0.0011
vn 0.7441 -0.0237 -0.6677
vn 0.1667 -0.0005 -0.9860
vn 0.7785 -0.0013 -0.6277
vn 0.1712 0.0024 -0.9852
vn -0.1839 0.0006 -0.9829
vn -0.1885 -0.0207 -0.9819
vn -0.8762 0.0003 -0.4820
vn -0.8738 -0.1150 -0.4725
vn -1.0000 -0.0001 -0.0000
vn -0.8403 -0.0022 0.5421
vn -0.1970 -0.0711 0.9778
vn 0.1706 0.0216 0.9851
vn 0.7757 0.1547 0.6118
vn 0.9799 0.1994 -0.0016
vn 0.7404 0.0731 -0.6681
vn 0.1727 0.0166 -0.9848
vn -0.1980 -0.0696 -0.9777
vn -0.8500 -0.2797 -0.4464
vn -0.9935 -0.1138 -0.0065
vn -0.8387 -0.1418 0.5259
vn -0.1659 -0.1396 0.9762
vn 0.1605 0.0475 0.9859
vn 0.6999 0.3520 0.6215
vn 0.8840 0.4674 -0.0042
vn 0.6867 0.2677 -0.6758
vn 0.1639 0.0436 -0.9855
vn -0.1670 -0.1385 -0.9762
vn -0.7457 -0.4988 -0.4417
vn -0.9601 -0.2797 -0.0040
vn -0.7720 -0.3666 0.5193
vn -0.1167 -0.1624 0.9798
vn 0.1189 0.0943 0.9884
vn 0.5293 0.5528 0.6437
vn 0.5456 0.4811 -0.6862
vn 0.1231 0.0916 -0.9882
vn -0.1179 -0.1617 -0.9798
vn -0.5658 -0.6851 -0.4589
vn -0.8525 -0.5226 -0.0064
vn -0.6229 -0.5798 0.5252
vn -0.0821 -0.1792 0.9804
vn 0.0738 0.1384 0.9876
vn 0.3639 0.6818 0.6346
vn 0.6736 0.7390 -0.0056
vn 0.4002 0.6140 -0.6803
vn 0.0784 0.1370 -0.9875
vn -0.0838 -0.1791 -0.9803
vn -0.3499 -0.8155 -0.4610
vn -0.6588 -0.7523 -0.0062
vn -0.0028 -0.8679 0.4967
vn -0.4325 -0.7209 0.5416
vn 0.0314 0.1685 0.9852
vn 0.1519 0.7812 0.6055
vn 0.1966 0.9805 -0.0045
vn 0.2076 0.7140 -0.6687
vn 0.0363 0.1692 -0.9849
vn -0.1249 -0.8975 -0.4231
vn -0.4111 -0.9116 -0.0060
vn 0.2751 -0.8257 0.4924
vn -0.0400 -0.2361 0.9709
vn 0.0379 -0.2340 0.9715
vn -0.0260 0.1824 0.9829
vn -0.0569 0.8171 0.5736
vn -0.0206 0.1829 -0.9829
vn 0.0374 -0.2343 -0.9714
vn -0.0234 -0.2305 -0.9728
vn 0.1544 -0.9056 -0.3949
vn -0.1250 -0.9921 -0.0064
vn 0.1016 -0.2410 0.9652
vn -0.0823 0.1913 0.9781
vn -0.3127 0.7903 0.5270
vn -0.3589 0.9334 0.0039
vn -0.1795 0.7661 -0.6172
vn -0.1782 0.7477 -0.6396
vn -0.0780 0.1936 -0.9780
vn 0.1018 -0.2416 -0.9650
vn 0.4143 -0.8319 -0.3693
vn 0.1720 -0.9851 0.0027
vn 0.2245 -0.8358 0.5010
vn 0.1582 -0.2065 0.9656
vn -0.1310 0.1726 0.9762
vn -0.5152 0.6813 0.5199
vn -0.6051 0.7961 -0.0031
vn -0.3908 0.6946 -0.6040
vn -0.1287 0.1751 -0.9761
vn 0.1570 -0.2074 -0.9656
vn 0.5965 -0.7091 -0.3759
vn 0.4192 -0.9078 -0.0126
vn 0.4175 -0.7809 0.4646
vn 0.2011 -0.1588 0.9666
vn -0.1561 0.1278 0.9794
vn -0.6244 0.5605 0.5441
vn -0.1560 0.1278 -0.9795
vn 0.2014 -0.1596 -0.9664
vn 0.7857 -0.6186 -0.0041
vn 0.7683 -0.4022 -0.4980
vn 0.8825 -0.1635 0.4409
vn 0.5874 -0.6409 0.4942
vn -0.1950 0.0853 0.9771
vn -0.7745 0.3588 0.5210
vn -0.7834 0.6214 -0.0112
vn -0.6741 0.4272 -0.6025
vn -0.6772 0.4007 -0.6171
vn -0.1937 0.0921 -0.9767
vn 0.8810 -0.3234 -0.3453
vn 0.9406 -0.3396 -0.0004
vn 0.2827 -0.0490 0.9580
vn 0.2615 -0.0981 0.9602
vn -0.2395 0.0428 0.9700
vn -0.8618 0.1726 0.4770
vn -0.9081 0.4187 -0.0039
vn -0.7715 0.2724 -0.5750
vn -0.2395 0.0488 -0.9697
vn 0.2572 -0.1020 -0.9610
vn 0.2831 -0.0477 -0.9579
vn 0.9351 -0.0973 -0.3409
vn 0.8312 -0.3009 0.4675
vn 0.2760 -0.0057 0.9612
vn -0.2368 -0.0025 0.9716
vn -0.8751 -0.0012 0.4840
vn -1.0000 -0.0036 0.0037
vn -0.8132 0.1295 -0.5673
vn -0.2366 0.0012 -0.9716
vn 0.2755 -0.0078 -0.9613
vn 0.9310 0.0559 -0.3607
vn 0.9870 -0.1606 -0.0055
vn 0.8730 -0.1698 0.4572
vn 0.2649 0.0630 0.9622
vn -0.2123 -0.0513 0.9759
vn -0.8397 -0.2002 0.5048
vn -0.8124 -0.0717 -0.5786
vn -0.2135 -0.0472 -0.9758
vn 0.2648 0.0617 -0.9623
vn 0.9791 0.2035 0.0010
vn 0.8018 0.3236 -0.5023
vn 0.6970 0.5166 0.4973
vn 0.8740 0.0488 0.4835
vn 0.2436 0.1303 0.9611
vn -0.2066 -0.1020 0.9731
vn -0.7934 -0.3212 0.5170
vn -0.9715 -0.2368 0.0038
vn -0.2082 -0.0979 -0.9732
vn 0.2442 0.1304 -0.9609
vn 0.8088 0.4348 -0.3959
vn 0.8998 0.4364 0.0013
vn 0.5519 0.6735 0.4917
vn 0.2325 0.2017 0.9514
vn -0.7086 -0.5111 0.4865
vn -0.8976 -0.4407 -0.0042
vn -0.7269 -0.3831 -0.5700
vn -0.6609 -0.4489 -0.6015
vn 0.2333 0.2039 -0.9508
vn 0.6873 0.6159 -0.3851
vn 0.7679 0.6406 -0.0011
vn 0.3417 0.8241 0.4517
vn -0.1583 -0.2228 0.9619
vn -0.2268 -0.1533 0.9618
vn -0.5301 -0.7191 0.4492
vn -0.8115 -0.5843 -0.0072
vn -0.5772 -0.6054 -0.5480
vn -0.2002 -0.1725 -0.9644
vn -0.1608 -0.2214 -0.9618
vn 0.4909 0.8015 -0.3416
vn 0.5608 0.8279 -0.0029
vn 0.0748 0.8955 0.4387
vn 0.1793 0.3108 0.9334
vn 0.0933 0.3677 0.9252
vn -0.0661 -0.2848 0.9563
vn -0.2794 -0.8560 0.4349
vn -0.5842 -0.8114 -0.0189
vn -0.0685 -0.2834 -0.9566
vn 0.0894 0.3704 -0.9246
vn 0.1970 0.2942 -0.9352
vn 0.2227 0.9188 -0.3260
vn 0.2863 0.9582 0.0006
vn -0.1713 0.8708 0.4608
vn -0.0165 0.3707 0.9286
vn 0.0258 -0.2896 0.9568
vn -0.0008 -0.9013 0.4333
vn -0.2313 -0.9729 0.0037
vn -0.0735 -0.8568 -0.5104
vn 0.0236 -0.2911 -0.9564
vn -0.0200 0.3693 -0.9291
vn -0.0431 0.9327 -0.3580
vn 0.0127 0.9999 0.0022
vn -0.1114 0.3408 0.9335
vn 0.0994 -0.2681 0.9582
vn 0.2320 -0.8702 0.4347
vn 0.0795 -0.9968 0.0007
vn 0.1602 -0.8449 -0.5103
vn 0.1958 -0.8193 -0.5389
vn 0.0977 -0.2733 -0.9570
vn -0.1125 0.3356 -0.9353
vn -0.2576 0.9662 0.0045
vn -0.4015 0.7702 -0.4957
vn -0.1556 0.8467 0.5089
vn -0.1932 0.3013 0.9338
vn 0.1649 -0.2451 0.9554
vn 0.4829 -0.7754 0.4070
vn 0.5189 -0.8548 0.0016
vn 0.3351 -0.7957 -0.5046
vn 0.1671 -0.2498 -0.9538
vn -0.1935 0.2938 -0.9361
vn -0.5244 0.8514 0.0136
vn -0.5871 0.6207 -0.5196
vn -0.3804 0.7632 0.5223
vn -0.3045 0.2536 0.9182
vn 0.2370 -0.1926 0.9522
vn 0.6879 -0.6147 0.3860
vn 0.7338 -0.6793 -0.0050
vn 0.5521 -0.6604 -0.5089
vn 0.2394 -0.1954 -0.9511
vn -0.3068 0.2465 -0.9193
vn -0.7620 0.6476 0.0034
vn -0.7705 0.4068 -0.4908
vn -0.6152 0.6083 0.5015
vn -0.3793 0.0803 0.9218
vn 0.2982 -0.0575 0.9528
vn 0.8990 -0.1440 0.4135
vn 0.9843 -0.1709 0.0451
vn 0.8283 -0.3306 -0.4523
vn 0.2943 -0.0571 -0.9540
vn -0.3754 0.0788 -0.9235
vn -0.9683 0.2488 0.0207
vn -0.8791 0.0136 -0.4764
vn -0.8393 0.3363 0.4272
vn -0.3249 -0.1218 0.9379
vn 0.2445 0.0150 0.9695
vn 0.9720 0.2351 -0.0003
vn 0.8024 0.0432 0.5953
vn 0.2446 0.0148 -0.9695
vn -0.3249 -0.1218 -0.9379
vn -0.9924 -0.1230 -0.0087
vn -0.8509 -0.3532 -0.3888
vn -0.6390 -0.5478 0.5400
vn -0.9237 -0.0552 0.3791
vn -0.2350 -0.2116 0.9487
vn 0.3399 0.0899 0.9361
vn 0.8636 0.3177 0.3915
vn 0.7176 0.2993 -0.6288
vn 0.3370 0.0973 -0.9365
vn -0.2385 -0.2044 -0.9494
vn -0.7675 -0.4658 -0.4405
vn -0.8629 -0.5054 -0.0060
vn -0.1643 -0.8858 -0.4340
vn 0.1394 -0.8707 -0.4717
vn -0.1001 -0.9950 0.0058
vn 0.5951 -0.7640 -0.2494
vn 0.6573 -0.7536 0.0051
vn -0.5308 -0.8350 -0.1453
vn -0.5668 -0.8239 0.0026
vn 0.4547 -0.1837 -0.8715
vn -0.2123 -0.3885 -0.8967
vn -0.2278 -0.8888 0.3976
vn 0.3645 -0.1391 0.9208
vn -0.2138 -0.3792 0.9003
vn 0.1926 -0.8767 0.4408
vn 0.9116 0.1887 0.3653
vn 0.4439 -0.8921 0.0846
vn 0.9842 0.1771 0.0003
vn 0.9757 0.0471 -0.2140
vn -0.7194 -0.5653 -0.4036
vn -0.8015 -0.5980 -0.0005
vn -0.7052 -0.6057 0.3685
vn 1.0000 -0.0015 -0.0000
vn 0.4714 0.8819 0.0014
vn -0.1075 0.9942 0.0060
vn -0.9805 0.1967 0.0036
vn 0.3296 -0.9441 -0.0032
vn 0.8434 0.1866 -0.5039
vn 0.9178 0.3970 0.0005
vn 0.6030 -0.7977 -0.0017
vn 0.9997 -0.0230 -0.0061
vn -0.3117 -0.9284 0.2023
vn -0.8768 0.0937 0.4716
vn -0.1959 0.0350 0.9800
vn 0.1880 -0.0256 0.9818
vn 0.7272 0.0241 0.6859
vn 0.9987 -0.0514 -0.0000
vn 0.1714 -0.0059 -0.9852
vn 0.7861 -0.0408 -0.6167
vn -0.1884 0.0220 -0.9818
vn -0.8768 0.0938 -0.4716
vn -0.9943 0.1066 -0.0000
vn -0.2002 0.0714 0.9771
vn -0.8628 0.2489 0.4400
vn 0.1727 -0.0212 0.9848
vn 0.7799 -0.1540 0.6067
vn 0.9801 -0.1985 -0.0000
vn 0.7799 -0.1540 -0.6067
vn 0.1919 -0.0072 -0.9814
vn -0.2092 0.0675 -0.9755
vn -0.7673 0.3392 -0.5442
vn -0.9624 0.2717 -0.0000
vn -0.1726 0.1392 0.9751
vn -0.7728 0.4642 0.4328
vn 0.1645 -0.0476 0.9852
vn 0.7108 -0.3469 0.6119
vn 0.8902 -0.4556 -0.0000
vn 0.7108 -0.3469 -0.6119
vn 0.1873 -0.0399 -0.9815
vn -0.1808 0.1374 -0.9739
vn -0.6549 0.5316 -0.5371
vn -0.8637 0.5041 -0.0000
vn -0.1254 0.1613 0.9789
vn -0.6085 0.6540 0.4495
vn 0.1249 -0.0950 0.9876
vn 0.5524 -0.5436 0.6319
vn 0.7002 -0.7139 -0.0000
vn 0.5524 -0.5436 -0.6319
vn 0.1501 -0.0944 -0.9842
vn -0.1331 0.1610 -0.9779
vn -0.4890 0.6851 -0.5399
vn -0.6870 0.7267 -0.0000
vn -0.0944 0.1759 0.9799
vn -0.4113 0.7914 0.4522
vn 0.0817 -0.1387 0.9870
vn 0.3980 -0.6722 0.6244
vn 0.5115 -0.8593 -0.0000
vn 0.3981 -0.6721 -0.6244
vn 0.1060 -0.1442 -0.9839
vn -0.1027 0.1799 -0.9783
vn -0.2886 0.7901 -0.5408
vn -0.4590 0.8884 -0.0000
vn -0.0445 0.2238 0.9736
vn -0.1728 0.8923 0.4170
vn 0.0402 -0.1685 0.9849
vn 0.1966 -0.7750 0.6006
vn 0.2540 -0.9672 -0.0000
vn 0.1965 -0.7750 -0.6007
vn 0.0599 -0.1830 -0.9813
vn -0.0507 0.2317 -0.9715
vn -0.0378 0.8477 -0.5291
vn -0.1875 0.9823 -0.0000
vn 0.1031 0.9121 0.3968
vn 0.0260 0.2358 0.9715
vn -0.0374 -0.2044 0.9782
vn -0.0437 -0.9990 -0.0000
vn 0.0475 -0.7569 0.6517
vn -0.0106 -0.1822 -0.9832
vn -0.0397 -0.8211 -0.5694
vn 0.0228 0.2351 -0.9717
vn 0.1033 0.9121 -0.3968
vn 0.1180 0.9930 -0.0000
vn 0.0876 0.2426 0.9662
vn 0.3370 0.8645 0.3730
vn -0.0713 -0.1903 0.9791
vn -0.2699 -0.8007 0.5348
vn -0.3100 -0.9507 -0.0000
vn -0.2700 -0.8007 -0.5347
vn -0.0581 -0.2077 -0.9765
vn 0.0899 0.2452 -0.9653
vn 0.4592 0.7461 -0.4821
vn 0.3618 0.9322 -0.0000
vn 0.1467 0.2078 0.9671
vn 0.5328 0.7575 0.3772
vn -0.1207 -0.1717 0.9777
vn -0.4846 -0.6946 0.5317
vn -0.5736 -0.8191 -0.0000
vn -0.4846 -0.6945 -0.5318
vn -0.1172 -0.1899 -0.9748
vn 0.1439 0.2167 -0.9656
vn 0.5927 0.6088 -0.5274
vn 0.5736 0.8191 -0.0000
vn 0.1932 0.1597 0.9681
vn 0.7141 0.5910 0.3753
vn -0.1481 -0.1276 0.9807
vn -0.5062 -0.5423 0.6705
vn -0.7613 -0.6484 -0.0000
vn -0.1481 -0.1276 -0.9807
vn -0.6349 -0.5457 -0.5470
vn 0.1979 0.1634 -0.9665
vn 0.7708 0.6371 -0.0000
vn 0.7628 0.4298 -0.4830
vn 0.8768 0.3295 0.3502
vn 0.2534 0.1003 0.9621
vn -0.7655 -0.3643 0.5304
vn -0.2209 -0.0732 0.9726
vn -0.9023 -0.4312 -0.0000
vn -0.7654 -0.3643 -0.5305
vn 0.2561 0.1021 -0.9613
vn -0.1994 -0.1129 -0.9734
vn 0.8769 0.3292 -0.3502
vn 0.9382 0.3460 -0.0000
vn 0.2792 0.0485 0.9590
vn 0.9285 0.1568 0.3366
vn -0.2376 -0.0435 0.9704
vn -0.8592 -0.1749 0.4808
vn -0.9791 -0.2034 -0.0000
vn -0.8592 -0.1748 -0.4808
vn -0.2506 -0.0652 -0.9659
vn 0.2786 0.0432 -0.9594
vn 0.9858 0.1678 -0.0000
vn 0.8915 -0.0178 -0.4526
vn 0.2764 0.0049 0.9610
vn 0.9389 0.0138 0.3439
vn -0.2362 0.0017 0.9717
vn -0.8752 0.0020 0.4838
vn -1.0000 0.0068 -0.0000
vn -0.8752 0.0021 -0.4838
vn -0.2432 -0.0116 -0.9699
vn 0.2783 0.0122 -0.9604
vn 0.8407 -0.1288 -0.5260
vn 0.9999 0.0170 -0.0000
vn 0.2680 -0.0639 0.9613
vn 0.9095 -0.1977 0.3658
vn -0.2156 0.0504 0.9752
vn -0.8431 0.1986 0.4998
vn -0.9713 0.2379 -0.0000
vn -0.8431 0.1985 -0.4998
vn -0.2298 0.0382 -0.9725
vn 0.2695 -0.0590 -0.9612
vn 0.9795 -0.2013 -0.0008
vn 0.8119 -0.3241 -0.4857
vn 0.8105 -0.4190 0.4094
vn 0.2481 -0.1326 0.9596
vn -0.2176 0.1202 0.9686
vn -0.7363 0.2317 0.6357
vn -0.9047 0.4261 0.0002
vn -0.2122 0.0993 -0.9722
vn -0.7871 0.3662 -0.4963
vn 0.2500 -0.1298 -0.9595
vn 0.8173 -0.4248 -0.3893
vn 0.9054 -0.4245 0.0009
vn 0.7092 -0.5766 0.4056
vn 0.2415 -0.1844 0.9527
vn -0.2211 0.1676 0.9608
vn -0.7008 0.3417 0.6262
vn -0.8381 0.5455 0.0007
vn -0.2178 0.1462 -0.9650
vn -0.7409 0.4842 -0.4655
vn 0.2460 -0.1910 -0.9503
vn 0.7177 -0.5838 -0.3795
vn 0.7935 -0.6086 0.0006
vn 0.2201 -0.2999 0.9282
vn 0.5401 -0.7610 0.3594
vn -0.1790 0.2170 0.9596
vn -0.5865 0.6833 0.4348
vn -0.6548 0.7558 0.0010
vn -0.5866 0.6841 -0.4336
vn -0.1911 0.2235 -0.9558
vn 0.2027 -0.3081 -0.9295
vn 0.6239 -0.7815 -0.0010
vn 0.3726 -0.8064 -0.4592
vn 0.2621 -0.9034 0.3395
vn -0.0818 0.2800 0.9565
vn 0.1248 -0.3439 0.9307
vn -0.2577 0.8718 0.4167
vn -0.2823 0.9593 0.0002
vn -0.2573 0.8732 -0.4140
vn -0.0903 0.2823 -0.9551
vn 0.2662 -0.9097 -0.3187
vn 0.0867 -0.3630 -0.9278
vn 0.3397 -0.9405 -0.0011
vn -0.0170 -0.3744 0.9271
vn -0.0389 -0.9324 0.3594
vn 0.0222 0.2840 0.9586
vn -0.0487 0.8011 0.5965
vn 0.0799 0.9968 -0.0014
vn 0.0683 0.9045 -0.4209
vn 0.0115 0.2915 -0.9565
vn -0.0314 -0.3577 -0.9333
vn 0.0303 -0.9995 -0.0003
vn -0.1924 -0.8659 -0.4618
vn -0.0993 -0.3331 0.9376
vn -0.2537 -0.8661 0.4308
vn 0.1094 0.2819 0.9532
vn 0.1515 0.7874 0.5975
vn 0.3137 0.9495 -0.0027
vn 0.0967 0.2791 -0.9554
vn 0.2864 0.8614 -0.4195
vn -0.1079 -0.3148 -0.9430
vn -0.2293 -0.9733 0.0020
vn -0.3806 -0.7726 -0.5081
vn -0.1749 -0.3054 0.9360
vn -0.4742 -0.7482 0.4640
vn 0.1493 0.2450 0.9580
vn 0.4427 0.7945 0.4158
vn 0.4769 0.8789 -0.0032
vn 0.4426 0.7929 -0.4189
vn 0.1468 0.2555 -0.9556
vn -0.1755 -0.2840 -0.9426
vn -0.4769 -0.8789 0.0035
vn -0.5514 -0.6343 -0.5419
vn -0.2928 -0.2556 0.9214
vn -0.7107 -0.5551 0.4321
vn 0.2245 0.1921 0.9553
vn 0.6678 0.6297 0.3969
vn 0.7141 0.7000 -0.0019
vn 0.6688 0.6275 -0.3986
vn 0.2292 0.2022 -0.9521
vn -0.2964 -0.2274 -0.9276
vn -0.7417 -0.6707 0.0023
vn -0.7548 -0.4176 -0.5059
vn -0.3747 -0.0854 0.9232
vn -0.9068 -0.1919 0.3754
vn 0.2911 0.0588 0.9549
vn 0.8984 0.1517 0.4121
vn 0.9850 0.1723 -0.0002
vn 0.8984 0.1499 -0.4128
vn 0.2720 0.0715 -0.9596
vn -0.3522 -0.0898 -0.9316
vn -0.9596 -0.2813 0.0004
vn -0.8678 -0.0581 -0.4934
vn -0.9032 0.2290 0.3631
vn -0.3214 0.1237 0.9388
vn 0.2472 -0.0141 0.9689
vn 0.7867 -0.0453 0.6157
vn 0.9694 -0.2455 -0.0000
vn 0.2467 -0.0132 -0.9690
vn 0.8508 -0.1982 -0.4867
vn -0.3264 0.1280 -0.9365
vn -0.9107 0.2238 -0.3471
vn -0.9900 0.1409 -0.0000
vn -0.7770 0.4485 0.4417
vn -0.2496 0.2599 0.9328
vn 0.3427 -0.0415 0.9385
vn 0.8516 -0.1795 0.4924
vn 0.9214 -0.3885 -0.0000
vn 0.3456 -0.0990 -0.9332
vn 0.8538 -0.3581 -0.3780
vn -0.2461 0.2020 -0.9480
vn -0.7822 0.4498 -0.4312
vn -0.8765 0.4814 0.0001
vn -0.2118 0.8773 -0.4308
vn -0.1557 0.9878 0.0057
vn 0.0915 0.8757 -0.4742
vn 0.6310 0.7758 0.0052
vn 0.5674 0.7834 -0.2535
vn -0.5276 0.8347 -0.1579
vn -0.5446 0.8387 0.0026
vn 0.1157 0.2584 -0.9591
vn 0.4656 0.1775 0.8670
vn -0.2137 0.8696 0.4452
vn -0.2298 0.3708 0.8998
vn 0.9817 -0.0328 0.1878
vn 0.1438 0.9125 0.3829
vn 0.2423 0.9315 0.2713
vn 0.9839 -0.1785 -0.0002
vn 0.5861 -0.0362 -0.8094
vn -0.7226 0.5799 -0.3762
vn -0.0806 0.5070 -0.8581
vn -0.8344 0.5511 -0.0006
vn -0.6712 0.4901 0.5561
vn -0.5294 0.8325 0.1636
vn -0.1439 -0.7785 0.6110
vn -0.0938 -0.2146 0.9722
vn -0.3348 -0.7598 0.5573
vn -0.0808 -0.2394 0.9675
vn 0.0990 0.1985 0.9751
vn 0.0897 0.2340 0.9681
vn 0.3991 0.7977 0.4521
vn 0.3849 0.8155 0.4322
vn 0.4489 0.8936 -0.0000
vn 0.4240 0.7831 -0.4551
vn 0.0836 0.2082 -0.9745
vn 0.0883 0.1753 -0.9806
vn -0.0826 -0.2377 -0.9678
vn -0.0939 -0.2136 -0.9724
vn -0.2667 -0.7962 -0.5431
vn -0.3333 -0.7562 -0.5631
vn -0.3140 -0.9494 -0.0000
vn -0.4049 -0.9143 -0.0000
vn 0.4389 0.7235 -0.5329
vn -0.0854 -0.8179 0.5689
vn 0.0579 0.2460 0.9675
vn 0.2173 0.8833 0.4154
vn 0.2439 0.9698 -0.0000
vn 0.3771 0.9262 -0.0018
vn 0.3561 0.7910 -0.4975
vn 0.0568 0.2157 -0.9748
vn -0.1984 -0.8353 -0.5128
vn -0.2282 -0.9736 -0.0000
vn -0.0034 -0.8615 0.5077
vn 0.0802 -0.3012 0.9502
vn -0.0149 -0.2815 0.9594
vn -0.0482 0.2552 0.9657
vn 0.0157 0.2406 0.9705
vn -0.1561 0.9026 0.4012
vn 0.0631 0.9037 0.4235
vn -0.1674 0.9859 -0.0000
vn 0.0697 0.9976 -0.0000
vn -0.0042 0.8569 -0.5155
vn 0.0138 0.2120 -0.9772
vn 0.0632 0.9037 -0.4235
vn -0.0375 0.2265 -0.9733
vn -0.0147 -0.2765 -0.9609
vn 0.0777 -0.2969 -0.9517
vn -0.0305 -0.8591 -0.5109
vn 0.2690 -0.9631 -0.0000
vn -0.0289 -0.9996 -0.0000
vn 0.5180 0.8554 -0.0000
vn 0.5427 0.6311 0.5543
vn 0.1184 0.1944 0.9737
vn -0.1240 -0.1943 0.9731
vn -0.4308 -0.7044 0.5642
vn -0.4284 -0.7006 -0.5706
vn -0.1133 -0.1951 -0.9742
vn 0.1068 0.1760 -0.9786
vn 0.5342 0.6220 -0.5725
vn -0.0669 -0.2686 0.9609
vn -0.0713 -0.2773 -0.9581
vn 0.4848 -0.7662 0.4218
vn 0.1834 -0.3048 0.9346
vn -0.1384 0.2518 0.9578
vn -0.4363 0.8229 0.3639
vn -0.4671 0.8842 -0.0000
vn -0.4364 0.8229 -0.3639
vn -0.1205 0.2206 -0.9679
vn 0.1795 -0.2996 -0.9370
vn 0.4838 -0.7642 -0.4266
vn 0.0771 -0.8102 -0.5810
vn 0.5415 -0.8407 -0.0000
vn 0.0924 -0.7960 0.5982
vn 0.2879 -0.2537 0.9234
vn -0.2297 0.2049 0.9514
vn -0.6949 0.6340 0.3392
vn -0.7381 0.6747 -0.0000
vn -0.6948 0.6342 -0.3393
vn -0.2005 0.1785 -0.9633
vn 0.2834 -0.2497 -0.9259
vn 0.6900 -0.6056 -0.3964
vn 0.7512 -0.6600 -0.0000
vn 0.7532 -0.4579 0.4722
vn 0.3498 -0.1389 0.9265
vn -0.2912 0.1282 0.9480
vn -0.8620 0.3866 0.3279
vn -0.9128 0.4085 -0.0000
vn -0.2577 0.1141 -0.9595
vn 0.3426 -0.1368 -0.9295
vn 0.8547 -0.3265 -0.4035
vn 0.9356 -0.3530 -0.0000
vn -0.7215 0.5059 -0.4727
vn 0.8276 -0.1910 0.5278
vn 0.4134 -0.0522 0.9091
vn -0.3611 0.0593 0.9307
vn -0.9407 0.1826 0.2860
vn -0.9814 0.1922 -0.0000
vn -0.9407 0.1826 -0.2860
vn -0.3206 0.0525 -0.9458
vn 0.4082 -0.0522 -0.9114
vn 0.9296 -0.0872 -0.3581
vn 0.9969 -0.0785 -0.0000
vn 0.8962 0.0527 0.4406
vn 0.4716 0.1338 0.8716
vn -0.3782 -0.0799 0.9223
vn -0.9408 -0.2211 0.2570
vn -0.9743 -0.2251 -0.0000
vn -0.9410 -0.2198 -0.2573
vn -0.3289 -0.0655 -0.9421
vn 0.4675 0.1303 -0.8743
vn 0.9230 0.2462 -0.2958
vn 0.9676 0.2525 -0.0000
vn 0.8350 0.3480 0.4262
vn 0.7534 0.5712 0.3258
vn 0.3658 0.2880 0.8850
vn -0.2915 -0.2471 0.9241
vn -0.7250 -0.6329 0.2717
vn -0.7521 -0.6590 -0.0000
vn -0.2578 -0.2188 -0.9411
vn 0.3577 0.2828 -0.8900
vn 0.7525 0.5702 -0.3295
vn 0.8011 0.5985 -0.0000
vn -0.7736 -0.4769 -0.4173
vn 0.4042 0.8564 0.3212
vn 0.2022 0.4323 0.8788
vn -0.1528 -0.3181 0.9357
vn -0.4110 -0.8678 0.2792
vn -0.4274 -0.9040 -0.0000
vn -0.1325 -0.2746 -0.9524
vn 0.1980 0.4227 -0.8844
vn 0.4037 0.8554 -0.3247
vn 0.4271 0.9042 -0.0000
vn -0.5593 -0.7244 -0.4031
vn 0.0111 0.4682 0.8835
vn 0.0016 -0.3446 0.9387
vn -0.0097 -0.9562 0.2926
vn -0.0044 -1.0000 -0.0000
vn -0.0095 -0.9562 -0.2926
vn 0.0031 -0.2981 -0.9545
vn 0.0100 0.4571 -0.8894
vn 0.0088 0.9428 -0.3333
vn 0.0041 1.0000 -0.0000
vn -0.1428 0.9031 0.4050
vn -0.2127 0.4069 0.8884
vn 0.1629 -0.3204 0.9332
vn 0.4228 -0.8602 0.2851
vn 0.4424 -0.8968 -0.0000
vn 0.4229 -0.8602 -0.2850
vn 0.1426 -0.2797 -0.9494
vn -0.2084 0.3992 -0.8929
vn -0.4468 0.8300 -0.3338
vn -0.4780 0.8784 -0.0000
vn -0.5375 0.7223 0.4352
vn -0.3600 0.2843 0.8886
vn 0.2991 -0.2250 0.9273
vn 0.7629 -0.5849 0.2755
vn 0.7949 -0.6067 -0.0000
vn 0.7628 -0.5850 -0.2755
vn 0.2636 -0.1968 -0.9444
vn -0.3549 0.2794 -0.8922
vn -0.7444 0.5812 -0.3287
vn -0.7895 0.6138 -0.0000
vn -0.7900 0.4465 0.4202
vn -0.8523 0.3969 0.3408
vn -0.3721 0.1725 0.9120
vn 0.3881 -0.1813 0.9036
vn 0.8781 -0.4087 0.2490
vn 0.9066 -0.4220 -0.0000
vn 0.3535 -0.1653 -0.9207
vn -0.3725 0.1729 -0.9118
vn -0.8506 0.3961 -0.3458
vn -0.9064 0.4225 -0.0000
vn 0.7552 -0.5282 -0.3881
vn -0.8613 0.3738 0.3441
vn -0.3594 0.1559 0.9201
vn 0.4118 -0.1787 0.8936
vn 0.8912 -0.3867 0.2372
vn 0.9174 -0.3979 -0.0000
vn 0.3795 -0.1647 -0.9104
vn -0.3624 0.1572 -0.9187
vn -0.8595 0.3729 -0.3495
vn -0.9174 0.3980 -0.0000
vn 0.7666 -0.5205 -0.3760
vn 0.3752 -0.9051 -0.2001
vn -0.5518 -0.8340 -0.0000
vn -0.2512 -0.8211 -0.5126
vn -0.6299 -0.5914 0.5035
vn -0.9394 -0.2388 0.2460
vn -0.9759 -0.2184 -0.0000
vn -0.9394 -0.2327 -0.2517
vn -0.6328 -0.6020 -0.4869
vn 0.3928 -0.9196 -0.0000
vn 0.3777 -0.9040 0.2005
vn -0.2401 -0.8332 0.4981
vn 0.5082 0.8612 -0.0000
vn 0.4573 0.7751 0.4360
vn 0.1212 0.2055 0.9711
vn -0.1159 -0.1913 0.9747
vn -0.4258 -0.7036 0.5689
vn -0.4926 -0.8703 -0.0022
vn -0.5179 -0.8554 -0.0000
vn -0.4234 -0.6995 -0.5757
vn -0.1164 -0.1926 -0.9743
vn 0.1086 0.1841 -0.9769
vn 0.5358 0.6442 -0.5459
vn 0.4486 0.8938 -0.0000
vn 0.4047 0.8097 0.4249
vn 0.1126 0.2269 0.9674
vn -0.1066 -0.2037 0.9732
vn -0.3810 -0.7315 0.5654
vn -0.4619 -0.8869 -0.0000
vn -0.3790 -0.7273 -0.5722
vn -0.1067 -0.2047 -0.9730
vn 0.1016 0.2056 -0.9734
vn 0.4637 0.6904 -0.5553
vn 0.2350 0.9720 -0.0000
vn 0.2179 0.8982 0.3817
vn 0.0718 0.2822 0.9567
vn -0.0624 -0.2213 0.9732
vn -0.2312 -0.8057 0.5454
vn -0.2789 -0.9603 -0.0000
vn -0.2299 -0.8010 -0.5527
vn -0.0633 -0.2254 -0.9722
vn 0.0655 0.2591 -0.9636
vn 0.3448 0.7836 -0.5168
vn -0.0219 0.9998 -0.0000
vn -0.0230 0.9361 0.3509
vn -0.0039 0.3200 0.9474
vn -0.0004 -0.2355 0.9719
vn -0.0135 -0.8506 0.5257
vn -0.0222 -0.9998 -0.0000
vn -0.0135 -0.8456 -0.5337
vn -0.0006 -0.2420 -0.9703
vn -0.0037 0.2957 -0.9553
vn 0.1258 0.8516 -0.5089
vn -0.3615 0.9324 -0.0000
vn -0.3425 0.8733 0.3466
vn -0.1136 0.3062 0.9452
vn 0.0861 -0.2186 0.9720
vn 0.2965 -0.7996 0.5222
vn 0.3406 -0.9402 -0.0000
vn 0.2949 -0.7949 -0.5302
vn 0.0878 -0.2254 -0.9703
vn -0.1046 0.2839 -0.9531
vn -0.1678 0.8461 -0.5059
vn -0.6822 0.7311 -0.0000
vn -0.6433 0.6840 0.3439
vn -0.2226 0.2400 0.9449
vn 0.1589 -0.1737 0.9719
vn 0.5711 -0.6337 0.5217
vn 0.6670 -0.7450 -0.0000
vn 0.5677 -0.6300 -0.5298
vn 0.1637 -0.1790 -0.9701
vn -0.2062 0.2222 -0.9529
vn -0.4680 0.7329 -0.4938
vn -0.8995 0.4369 -0.0000
vn -0.8472 0.4065 0.3420
vn -0.2963 0.1431 0.9443
vn 0.2124 -0.1013 0.9719
vn 0.7691 -0.3696 0.5214
vn 0.9009 -0.4341 -0.0000
vn 0.7646 -0.3674 -0.5295
vn 0.2189 -0.1046 -0.9701
vn -0.2745 0.1327 -0.9524
vn -0.7004 0.5149 -0.4943
vn -0.9965 0.0838 -0.0000
vn -0.9348 0.0735 0.3474
vn -0.3245 0.0251 0.9456
vn 0.2282 -0.0155 0.9735
vn 0.8455 -0.0573 0.5309
vn 0.9978 -0.0670 -0.0000
vn 0.8403 -0.0569 -0.5391
vn 0.2358 -0.0161 -0.9717
vn -0.3009 0.0234 -0.9534
vn -0.8369 0.2280 -0.4976
vn -0.9606 -0.2780 -0.0000
vn -0.8944 -0.2632 0.3616
vn -0.2994 -0.0852 0.9503
vn 0.2130 0.0643 0.9749
vn 0.8045 0.2374 0.5445
vn 0.9596 0.2813 -0.0000
vn 0.7995 0.2361 -0.5523
vn 0.2194 0.0658 -0.9734
vn -0.2774 -0.0786 -0.9575
vn -0.8546 -0.0872 -0.5119
vn -0.7983 -0.6023 -0.0000
vn -0.7421 -0.5642 0.3619
vn -0.2502 -0.1844 0.9505
vn 0.1760 0.1309 0.9756
vn 0.6783 0.4886 0.5488
vn 0.8153 0.5791 -0.0000
vn 0.6739 0.4856 -0.5568
vn 0.1819 0.1347 -0.9741
vn -0.2320 -0.1707 -0.9576
vn -0.7638 -0.3893 -0.5149
vn -0.4790 -0.8778 -0.0000
vn -0.4454 -0.8250 0.3479
vn -0.1565 -0.2842 0.9459
vn 0.1079 0.1841 0.9770
vn 0.4329 0.7151 0.5488
vn 0.5255 0.8508 -0.0000
vn 0.4302 0.7101 -0.5574
vn 0.1120 0.1914 -0.9751
vn -0.1457 -0.2651 -0.9532
vn -0.5301 -0.6738 -0.5147
vn -0.0735 -0.9973 -0.0000
vn -0.0692 -0.9434 0.3243
vn -0.0286 -0.3475 0.9372
vn 0.0370 0.2501 0.9675
vn 0.1352 0.8590 0.4938
vn 0.1637 0.9865 -0.0000
vn 0.1347 0.8547 -0.5014
vn 0.0370 0.2575 -0.9656
vn -0.0256 -0.3225 -0.9462
vn -0.2250 -0.8467 -0.4821
vn 0.2739 -0.9618 -0.0000
vn 0.2605 -0.9212 0.2889
vn 0.0999 -0.3778 0.9205
vn -0.0627 0.2772 0.9588
vn -0.1848 0.8746 0.4482
vn -0.1979 0.9802 -0.0000
vn -0.1837 0.8710 -0.4556
vn -0.0644 0.2853 -0.9563
vn 0.0937 -0.3511 -0.9316
vn 0.0765 -0.8900 -0.4496
vn 0.6001 -0.7999 -0.0000
vn 0.5821 -0.7696 0.2624
vn 0.2544 -0.3428 0.9043
vn -0.1760 0.2457 0.9532
vn -0.5188 0.7462 0.4172
vn -0.5650 0.8251 -0.0000
vn -0.5166 0.7435 -0.4247
vn -0.1820 0.2543 -0.9498
vn 0.2374 -0.3196 -0.9173
vn 0.4086 -0.8006 -0.4383
vn 0.8732 -0.4873 -0.0000
vn 0.8470 -0.4661 0.2556
vn 0.3839 -0.2112 0.8989
vn -0.2652 0.1452 0.9532
vn -0.7994 0.4352 0.4142
vn -0.8791 0.4767 -0.0000
vn -0.7962 0.4333 -0.4223
vn -0.2755 0.1508 -0.9494
vn 0.3589 -0.1975 -0.9122
vn 0.7005 -0.5666 -0.4339
vn 0.9953 -0.0965 -0.0000
vn 0.9590 -0.0865 0.2698
vn 0.4153 -0.0354 0.9090
vn -0.3066 0.0230 0.9516
vn -0.9071 0.0640 0.4159
vn -0.9977 0.0675 -0.0000
vn -0.9041 0.0638 -0.4225
vn -0.3144 0.0235 -0.9490
vn 0.3870 -0.0332 -0.9215
vn 0.8655 -0.2455 -0.4366
vn 0.9450 0.3272 -0.0000
vn 0.9105 0.3205 0.2613
vn 0.4063 0.1444 0.9023
vn -0.2795 -0.0937 0.9556
vn -0.8580 -0.2926 0.4222
vn -0.9464 -0.3231 -0.0000
vn -0.8544 -0.2912 -0.4304
vn -0.2898 -0.0978 -0.9521
vn 0.3803 0.1357 -0.9148
vn 0.9029 0.1173 -0.4135
vn 0.7392 0.6735 -0.0000
vn 0.7100 0.6539 0.2612
vn 0.3179 0.2933 0.9016
vn -0.2262 -0.2084 0.9515
vn -0.6781 -0.6063 0.4154
vn -0.7536 -0.6573 -0.0000
vn -0.6758 -0.6036 -0.4230
vn -0.2336 -0.2154 -0.9482
vn 0.2969 0.2740 -0.9147
vn 0.7704 0.4757 -0.4244
vn 0.4457 0.8952 -0.0000
vn 0.4237 0.8653 0.2680
vn 0.1853 0.3756 0.9081
vn -0.1257 -0.2834 0.9507
vn -0.3543 -0.7702 0.5303
vn -0.5471 -0.8370 -0.0023
vn -0.3606 -0.7738 -0.5207
vn -0.1310 -0.2758 -0.9523
vn 0.1734 0.3492 -0.9209
vn 0.5242 0.7243 -0.4480
vn 0.1643 0.9864 -0.0000
vn 0.1551 0.9469 0.2817
vn 0.0602 0.3888 0.9194
vn -0.0545 -0.3293 0.9427
vn -0.1170 -0.7885 0.6038
vn -0.2515 -0.9678 0.0095
vn -0.1328 -0.9400 0.3142
vn -0.1452 -0.9894 0.0061
vn -0.1327 -0.9207 -0.3670
vn -0.2238 -0.9304 -0.2903
vn -0.0091 -0.1673 -0.9859
vn 0.0549 0.3575 -0.9323
vn 0.3175 0.8471 -0.4261
vn 0.0888 0.9572 -0.2755
vn 0.0953 0.9955 -0.0000
vn 0.0888 0.9572 0.2755
vn 0.0363 0.4013 0.9152
vn -0.0273 -0.3236 0.9458
vn -0.0661 -0.7714 0.6329
vn -0.0892 -0.9960 0.0035
vn -0.0983 -0.9453 -0.3112
vn -0.0095 -0.6249 -0.7806
vn -0.0333 -0.2674 -0.9630
vn 0.0780 0.3157 -0.9456
vn -0.9528 -0.2959 0.0678
vn -0.9890 -0.1477 -0.0003
vn -0.9979 -0.0647 -0.0052
vn -0.9845 0.1753 0.0001
vn -0.9942 0.1038 -0.0277
vn -0.9970 0.0100 -0.0765
vn -0.9957 -0.0515 -0.0776
vn -0.9399 -0.3318 -0.0802
vn -0.9962 -0.0464 0.0734
vn -0.9971 0.0122 0.0754
vn -0.9942 0.1044 0.0277
vn -0.2455 -0.9240 0.2932
vn -0.1249 -0.9489 0.2900
vn -0.8167 -0.5753 0.0456
vn -0.7745 -0.6300 -0.0559
vn -0.7057 -0.5862 0.3981
vn -0.0776 -0.7676 -0.6363
vn 0.7070 -0.0000 -0.7072
vn 0.7071 -0.0000 -0.7072
vn 0.7071 -0.0000 -0.7071
vn -0.7072 -0.0000 -0.7070
vn -0.7072 -0.0000 -0.7071
vn -0.7071 -0.0000 -0.7071
vn 0.7072 -0.0000 0.7070
vn 0.7072 -0.0000 0.7071
vn 0.7071 -0.0000 0.7071
vn -0.7070 -0.0000 0.7072
vn -0.7071 -0.0000 0.7072
vn -0.7071 -0.0000 0.7071
vn -0.8352 0.1480 -0.5296
vn -0.5532 0.3382 -0.7614
vn -0.5854 0.0897 -0.8058
vn -0.6627 0.5713 -0.4842
vn -0.7613 0.3385 -0.5531
vn -0.3078 0.0878 -0.9474
vn -0.3078 0.0898 -0.9472
vn -0.8059 0.0878 -0.5855
vn -0.5855 0.0878 -0.8059
vn -0.9474 0.0878 -0.3078
vn -0.9961 0.0878 -0.0000
vn -0.9573 0.1531 -0.2451
vn -0.9474 0.0878 0.3078
vn -0.9862 0.1531 0.0625
vn -0.8059 0.0878 0.5855
vn -0.9186 0.1531 0.3642
vn -0.5855 0.0878 0.8059
vn -0.7611 0.1531 0.6303
vn -0.3078 0.0878 0.9474
vn -0.5291 0.1531 0.8346
vn -0.0000 0.0878 0.9961
vn -0.2453 0.1531 0.9573
vn 0.3078 0.0878 0.9474
vn 0.0623 0.1531 0.9863
vn 0.5855 0.0878 0.8059
vn 0.3642 0.1531 0.9186
vn 0.8059 0.0878 0.5855
vn 0.6303 0.1531 0.7611
vn 0.9472 0.0898 0.3078
vn 0.8347 0.1531 0.5290
vn 0.9474 0.0878 0.3078
vn 0.9960 0.0897 -0.0000
vn 0.9474 0.0878 -0.3078
vn 0.9961 0.0878 -0.0000
vn 0.8059 0.0878 -0.5855
vn 0.9186 0.1531 -0.3642
vn 0.5855 0.0878 -0.8059
vn 0.7611 0.1531 -0.6303
vn 0.3078 0.0878 -0.9474
vn 0.5291 0.1531 -0.8346
vn -0.0000 0.0900 -0.9959
vn 0.2454 0.1531 -0.9573
vn -0.0000 0.0878 -0.9961
vn -0.5057 0.4610 -0.7292
vn -0.6633 0.5726 -0.4819
vn -0.4820 0.5724 -0.6634
vn -0.2023 0.5358 -0.8197
vn -0.2535 0.5717 -0.7803
vn 0.0612 0.5360 -0.8420
vn -0.0000 0.5732 -0.8194
vn 0.2536 0.5715 -0.7804
vn 0.2537 0.5711 -0.7807
vn 0.5444 0.5359 -0.6453
vn 0.4820 0.5724 -0.6634
vn 0.7172 0.5360 -0.4454
vn 0.6634 0.5723 -0.4820
vn 0.8197 0.5359 -0.2023
vn 0.7797 0.5727 -0.2533
vn 0.8197 0.5728 -0.0000
vn 0.8207 0.5714 -0.0000
vn 0.7803 0.5717 0.2535
vn 0.7807 0.5711 0.2537
vn 0.6635 0.5721 0.4821
vn 0.6639 0.5715 0.4824
vn 0.4455 0.5359 0.7171
vn 0.4820 0.5723 0.6634
vn 0.2021 0.5359 0.8197
vn 0.2534 0.5724 0.7799
vn -0.0611 0.5359 0.8421
vn -0.0000 0.5727 0.8198
vn -0.2534 0.5723 0.7799
vn -0.2537 0.5711 0.7807
vn -0.4818 0.5728 0.6631
vn -0.4824 0.5713 0.6640
vn -0.6638 0.5717 0.4823
vn -0.6640 0.5713 0.4824
vn -0.7800 0.5721 0.2534
vn -0.7805 0.5715 0.2536
vn -0.8421 0.5359 -0.0611
vn -0.8194 0.5732 -0.0000
vn -0.7803 0.5717 -0.2536
vn -0.7806 0.5713 -0.2536
vn -0.3141 -0.5293 -0.7882
vn -0.0000 -0.5511 -0.8344
vn -0.0000 -0.5577 -0.8301
vn -0.5421 -0.5291 -0.6529
vn -0.3561 -0.4770 -0.8035
vn -0.7172 -0.5290 -0.4537
vn -0.5871 -0.4770 -0.6541
vn 0.2579 -0.5510 -0.7936
vn 0.2566 -0.5572 -0.7897
vn 0.4904 -0.5512 -0.6750
vn 0.4880 -0.5575 -0.6716
vn 0.6557 -0.5497 -0.5175
vn 0.6753 -0.5507 -0.4906
vn 0.7936 -0.5511 -0.2579
vn 0.7895 -0.5576 -0.2565
vn 0.8345 -0.5510 -0.0000
vn 0.8301 -0.5576 -0.0000
vn 0.7935 -0.5512 0.2578
vn 0.7899 -0.5569 0.2567
vn 0.6948 -0.5498 0.4637
vn 0.6752 -0.5508 0.4906
vn 0.4904 -0.5512 0.6750
vn 0.4882 -0.5568 0.6720
vn 0.2895 -0.5495 0.7837
vn 0.2579 -0.5507 0.7938
vn -0.0000 -0.5513 0.8343
vn -0.0000 -0.5579 0.8299
vn -0.2266 -0.5494 0.8042
vn -0.2579 -0.5509 0.7937
vn -0.4639 -0.5495 0.6949
vn -0.4906 -0.5508 0.6752
vn -0.6750 -0.5513 0.4904
vn -0.6720 -0.5569 0.4882
vn -0.7837 -0.5495 0.2895
vn -0.7940 -0.5505 0.2580
vn -0.8343 -0.5513 -0.0000
vn -0.8299 -0.5579 -0.0000
vn -0.8042 -0.5494 -0.2266
vn -0.7936 -0.5510 -0.2579
vn -0.7603 -0.4770 -0.4408
vn -0.2387 -0.0710 -0.9685
vn -0.0000 -0.0086 -1.0000
vn -0.3090 -0.0095 -0.9510
vn -0.0121 -0.0120 -0.9999
vn 0.3090 -0.0086 -0.9510
vn 0.2977 -0.0129 -0.9546
vn 0.5878 -0.0086 -0.8090
vn 0.5778 -0.0113 -0.8161
vn 0.8090 -0.0080 -0.5878
vn 0.9547 -0.0120 -0.2975
vn 0.7611 -0.0830 -0.6433
vn 0.9999 -0.0113 0.0122
vn 0.9222 0.0675 -0.3807
vn 0.9472 -0.0129 0.3203
vn 0.9947 0.0675 -0.0771
vn 0.8017 -0.0113 0.5976
vn 0.9699 0.0675 0.2341
vn 0.5781 -0.0129 0.8159
vn 0.8501 0.0675 0.5224
vn 0.2975 -0.0120 0.9547
vn 0.6470 0.0675 0.7595
vn -0.0121 -0.0120 0.9999
vn 0.3807 0.0675 0.9222
vn -0.3205 -0.0119 0.9472
vn 0.0771 0.0674 0.9947
vn -0.5878 -0.0080 0.8090
vn -0.2332 0.0674 0.9701
vn -0.8160 -0.0120 0.5779
vn -0.5241 -0.0830 0.8476
vn -0.9546 -0.0129 0.2976
vn -0.7601 0.0675 0.6462
vn -0.9999 -0.0119 -0.0121
vn -0.9222 0.0674 0.3807
vn -0.9510 -0.0080 -0.3090
vn -0.9946 0.0674 0.0787
vn -0.8018 -0.0120 -0.5974
vn -0.9678 -0.0831 -0.2376
vn -0.5779 -0.0120 -0.8160
vn -0.8501 0.0675 -0.5224
vn -0.6470 0.0675 -0.7595
vn -0.2947 0.3012 -0.9069
vn -0.5608 0.3009 -0.7713
vn 0.0005 0.3008 -0.9537
vn 0.2947 0.3009 -0.9070
vn 0.5606 0.3009 -0.7715
vn 0.7718 0.3008 -0.5602
vn 0.9072 0.3008 -0.2942
vn 0.9537 0.3008 0.0005
vn 0.9070 0.3009 0.2947
vn 0.7713 0.3008 0.5608
vn 0.5606 0.3008 0.7715
vn 0.2942 0.3008 0.9072
vn -0.0005 0.3008 0.9537
vn -0.2950 0.3008 0.9069
vn -0.5610 0.3008 0.7713
vn -0.7714 0.3012 0.5605
vn -0.9072 0.3008 0.2942
vn -0.9537 0.3009 -0.0000
vn -0.9068 0.3013 -0.2947
vn -0.7712 0.3008 -0.5610
vn -0.2908 0.3385 -0.8949
vn -0.0000 0.3385 -0.9410
vn 0.2908 0.3385 -0.8949
vn 0.5531 0.3385 -0.7613
vn 0.7613 0.3385 -0.5531
vn 0.8949 0.3385 -0.2908
vn 0.9410 0.3385 -0.0000
vn 0.8949 0.3385 0.2908
vn 0.7615 0.3385 0.5527
vn 0.5531 0.3385 0.7613
vn 0.2908 0.3385 0.8949
vn -0.0000 0.3385 0.9410
vn -0.2908 0.3385 0.8949
vn -0.5531 0.3385 0.7613
vn -0.7613 0.3385 0.5531
vn -0.8949 0.3385 0.2908
vn -0.9410 0.3385 -0.0000
vn -0.8950 0.3385 -0.2903
vn -0.7949 -0.1862 0.5775
vn -0.5770 0.1909 0.7941
vn -0.7941 0.1911 0.5769
vn -0.5775 -0.1862 0.7949
vn -0.3033 0.1914 0.9335
vn -0.3036 -0.1862 0.9344
vn -0.0000 0.1909 0.9816
vn -0.0000 -0.1862 0.9825
vn 0.3033 0.1911 0.9335
vn 0.3036 -0.1862 0.9344
vn 0.5769 0.1914 0.7941
vn 0.5772 -0.1862 0.7951
vn 0.7949 -0.1859 0.5775
vn 0.7941 0.1914 0.5769
vn 0.9344 -0.1862 0.3036
vn 0.9336 0.1908 0.3033
vn 0.9815 0.1914 -0.0000
vn 0.9825 -0.1862 0.0003
vn 0.9344 -0.1862 -0.3036
vn 0.9336 0.1906 -0.3033
vn 0.7941 0.1914 -0.5769
vn 0.7951 -0.1862 -0.5771
vn 0.5769 0.1912 -0.7941
vn 0.5779 -0.1862 -0.7946
vn 0.3036 -0.1862 -0.9344
vn 0.3033 0.1911 -0.9335
vn -0.0000 -0.1862 -0.9825
vn -0.0000 0.1911 -0.9816
vn -0.3036 -0.1862 -0.9344
vn -0.3033 0.1911 -0.9335
vn -0.5775 -0.1862 -0.7949
vn -0.5769 0.1914 -0.7941
vn -0.7949 -0.1862 -0.5775
vn -0.7942 0.1908 -0.5770
vn -0.9335 0.1911 -0.3033
vn -0.9344 -0.1862 -0.3036
vn -0.9816 0.1911 -0.0000
vn -0.9825 -0.1862 -0.0003
vn -0.9335 0.1911 0.3033
vn -0.9344 -0.1862 0.3036
vn -0.0000 -0.3049 -0.9524
vn -0.2943 -0.3046 -0.9059
vn 0.2943 -0.3046 -0.9059
vn -0.5598 -0.3049 -0.7705
vn -0.7706 -0.3046 -0.5599
vn 0.5596 -0.3046 -0.7708
vn 0.7706 -0.3046 -0.5598
vn 0.9057 -0.3046 -0.2948
vn 0.9525 -0.3046 -0.0000
vn 0.9058 -0.3050 0.2943
vn 0.7708 -0.3046 0.5595
vn 0.5598 -0.3046 0.7706
vn 0.2947 -0.3046 0.9057
vn 0.0003 -0.3046 0.9525
vn -0.2939 -0.3046 0.9060
vn -0.5598 -0.3046 0.7706
vn -0.7705 -0.3049 0.5598
vn -0.9059 -0.3046 0.2943
vn -0.9525 -0.3046 0.0003
vn -0.9057 -0.3051 -0.2943
vn 0.5213 0.4847 -0.7023
vn 0.3090 0.0010 -0.9511
vn 0.5878 0.0009 -0.8090
vn 0.7075 0.4851 -0.5140
vn 0.1854 0.4059 -0.8949
vn -0.0000 0.0010 -1.0000
vn 0.5975 0.0178 -0.8017
vn 0.2702 -0.4851 -0.8317
vn 0.5142 -0.4845 -0.7077
vn 0.8089 0.0165 -0.5877
vn -0.0000 0.0165 -0.9999
vn -0.0000 -0.4840 -0.8751
vn 0.7969 -0.4019 -0.4510
vn 0.9508 0.0208 -0.3090
vn 0.8739 0.1247 -0.4699
vn 0.8312 0.4859 -0.2701
vn 0.8973 -0.4019 -0.1823
vn 0.9998 0.0182 -0.0000
vn 1.0000 -0.0007 -0.0000
vn 0.8754 0.4834 -0.0000
vn 0.8320 -0.4845 0.2703
vn 0.9509 0.0208 0.3090
vn 0.8312 0.4859 0.2701
vn 0.7075 -0.4851 0.5140
vn 0.8089 0.0142 0.5877
vn 0.8090 -0.0007 0.5878
vn 0.7079 0.4840 0.5143
vn 0.5876 0.0224 0.8088
vn 0.5137 0.4858 0.7071
vn 0.2703 -0.4845 0.8320
vn 0.3090 0.0165 0.9509
vn 0.3090 0.0009 0.9511
vn 0.2702 0.4851 0.8317
vn -0.0000 -0.4851 0.8745
vn -0.0000 0.0159 0.9999
vn -0.0000 -0.0007 1.0000
vn -0.0000 0.4840 0.8750
vn -0.3089 0.0208 0.9509
vn -0.2701 0.4858 0.8313
vn -0.3799 -0.4019 0.8331
vn -0.5877 0.0183 0.8089
vn -0.5878 0.0009 0.8090
vn -0.5141 0.4848 0.7076
vn -0.6188 -0.4020 0.6749
vn -0.8089 0.0183 0.5877
vn -0.8090 -0.0007 0.5878
vn -0.7077 0.4845 0.5142
vn -0.7971 -0.4019 0.4507
vn -0.9509 0.0182 0.3090
vn -0.8318 0.4848 0.2703
vn -0.8749 -0.4843 -0.0000
vn -0.9998 0.0208 -0.0000
vn -0.9763 0.1247 0.1768
vn -0.8744 0.4853 -0.0000
vn -0.8320 -0.4845 -0.2703
vn -0.9509 0.0183 -0.3090
vn -0.9832 0.1247 -0.1335
vn -0.8317 0.4851 -0.2702
vn -0.7078 -0.4843 -0.5143
vn -0.8089 0.0183 -0.5877
vn -0.8938 0.1247 -0.4308
vn -0.7076 0.4848 -0.5141
vn -0.5144 -0.4840 -0.7079
vn -0.5877 0.0183 -0.8089
vn -0.7169 0.1247 -0.6859
vn -0.5137 0.4859 -0.7071
vn -0.2703 -0.4845 -0.8320
vn -0.3090 0.0183 -0.9509
vn -0.3090 -0.0007 -0.9511
vn -0.2704 0.4840 -0.8322
vn -0.1008 0.3978 -0.9119
vn 0.6785 -0.1180 -0.7251
vn 0.2715 -0.4777 -0.8355
vn 0.3090 -0.0080 -0.9510
vn 0.5664 -0.2878 -0.7722
vn 0.8090 -0.0079 -0.5877
vn 0.7106 -0.4780 -0.5163
vn -0.0000 -0.4780 -0.8784
vn -0.0000 -0.0082 -1.0000
vn 0.5231 0.4775 -0.7060
vn 0.8090 0.0079 -0.5878
vn 0.5878 0.0082 -0.8090
vn 0.3090 0.0079 -0.9510
vn 0.2715 0.4776 -0.8356
vn -0.0000 0.4780 -0.8784
vn 0.8357 0.4774 -0.2715
vn 0.9510 0.0082 -0.3090
vn 0.8355 -0.4777 -0.2715
vn 1.0000 0.0080 -0.0000
vn 0.8993 -0.1180 -0.4212
vn 0.8785 -0.4777 -0.0000
vn 0.9174 0.3843 -0.1035
vn 0.9510 0.0079 0.3090
vn 0.9854 -0.1180 -0.1227
vn 0.8358 -0.4772 0.2716
vn 0.7107 0.4778 0.5163
vn 0.8090 0.0082 0.5878
vn 0.9751 -0.1180 0.1878
vn 0.7108 -0.4777 0.5164
vn 0.5878 0.0080 0.8090
vn 0.8693 -0.1180 0.4799
vn 0.5163 -0.4780 0.7106
vn 0.6227 0.3843 0.6816
vn 0.3090 0.0080 0.9510
vn 0.6785 -0.1180 0.7251
vn 0.2715 -0.4774 0.8357
vn 0.3816 0.3843 0.8407
vn -0.0000 0.0080 1.0000
vn -0.0001 -0.0080 1.0000
vn -0.0000 -0.4777 0.8785
vn 0.1031 0.3843 0.9174
vn -0.3090 0.0079 0.9510
vn -0.3090 -0.0079 0.9510
vn -0.2715 -0.4776 0.8356
vn -0.5163 0.4780 0.7106
vn -0.5878 0.0080 0.8090
vn -0.5164 -0.4777 0.7107
vn -0.7109 0.4774 0.5165
vn -0.8090 0.0082 0.5878
vn -0.4799 -0.1180 0.8693
vn -0.7107 -0.4777 0.5164
vn -0.9510 0.0080 0.3090
vn -0.9510 -0.0080 0.3090
vn -0.8354 -0.4780 0.2714
vn -0.8406 0.3842 0.3819
vn -1.0000 0.0079 -0.0000
vn -1.0000 -0.0079 -0.0000
vn -0.8786 -0.4776 -0.0000
vn -0.8355 0.4777 -0.2715
vn -0.9510 0.0080 -0.3090
vn -0.8358 -0.4772 -0.2716
vn -0.7106 0.4780 -0.5163
vn -0.8090 0.0080 -0.5878
vn -0.9751 -0.1179 -0.1878
vn -0.7108 -0.4777 -0.5164
vn -0.5165 0.4772 -0.7109
vn -0.5878 0.0080 -0.8090
vn -0.8693 -0.1180 -0.4799
vn -0.5163 -0.4780 -0.7106
vn -0.2715 0.4777 -0.8355
vn -0.3090 0.0080 -0.9510
vn -0.3090 -0.0079 -0.9510
vn -0.2716 -0.4771 -0.8359
vn 0.1231 0.1277 -0.9841
vn -0.3927 0.7298 -0.5596
vn -0.8088 0.0210 -0.5877
vn -0.5876 0.0258 -0.8087
vn -0.3089 0.0210 -0.9508
vn -0.2113 0.7295 -0.6505
vn -0.0000 0.0129 -0.9999
vn -0.0000 0.7266 -0.6871
vn -0.6147 -0.5377 -0.5771
vn -0.7941 0.1913 -0.5769
vn -0.6134 -0.6520 -0.4457
vn -0.3033 0.1913 -0.9335
vn -0.3824 -0.0528 -0.9225
vn -0.1063 -0.5377 -0.8364
vn -0.0000 0.1955 -0.9807
vn -0.9327 0.1955 -0.3031
vn -0.7226 -0.6501 -0.2348
vn -0.7036 0.6303 -0.3280
vn -0.9508 0.0210 -0.3090
vn 0.2115 0.7291 -0.6509
vn 0.2341 -0.6528 -0.7205
vn 0.3033 0.1913 -0.9335
vn 0.4935 0.2208 -0.8412
vn 0.4016 0.7302 -0.5528
vn 0.4453 -0.6527 -0.6130
vn 0.5769 0.1914 -0.7941
vn 0.8089 0.0129 -0.5877
vn 0.5549 0.7277 -0.4032
vn 0.7947 0.1872 -0.5774
vn 0.6505 0.7295 -0.2113
vn 0.7622 -0.5376 -0.3605
vn 0.9316 0.2010 -0.3027
vn 0.9707 0.2208 -0.0952
vn 0.6833 0.7302 -0.0000
vn 0.7571 -0.6533 -0.0000
vn 0.9826 0.1856 -0.0000
vn 0.9508 0.0212 0.3089
vn 0.6524 0.7277 0.2120
vn 0.9335 0.1913 0.3033
vn 0.5528 0.7302 0.4016
vn 0.7392 -0.5377 0.4056
vn 0.7941 0.1913 0.5769
vn 0.5876 0.0246 0.8088
vn 0.4023 0.7291 0.5537
vn 0.4457 -0.6520 0.6134
vn 0.5769 0.1913 0.7941
vn 0.3090 0.0129 0.9510
vn 0.2123 0.7266 0.6535
vn 0.2346 -0.6509 0.7220
vn 0.3033 0.1913 0.9335
vn -0.0000 0.7295 0.6839
vn -0.0000 -0.6533 0.7571
vn -0.0000 0.1914 0.9815
vn -0.2129 0.2205 0.9519
vn -0.2115 0.7291 0.6509
vn -0.3036 0.1872 0.9342
vn -0.4935 0.2208 0.8412
vn -0.4016 0.7302 0.5528
vn -0.4056 -0.5377 0.7392
vn -0.5762 0.1971 0.7931
vn -0.8089 0.0177 0.5877
vn -0.5549 0.7277 0.4032
vn -0.6135 -0.5376 0.5784
vn -0.7941 0.1913 0.5769
vn -0.6515 0.7285 0.2117
vn -0.7617 -0.5376 0.3618
vn -0.9335 0.1913 0.3033
vn -0.9716 0.2201 0.0867
vn -0.6839 0.7295 -0.0000
vn -0.8364 -0.5377 0.1063
vn -0.9815 0.1914 -0.0000
vn -0.9526 0.2208 -0.2094
vn -0.7775 0.6217 -0.0944
vn -0.8289 -0.5376 -0.1550
vn 0.1275 0.2178 -0.9676
vn 0.4107 0.7154 -0.5653
vn 0.5867 0.0615 -0.8075
vn -0.0000 0.7158 -0.6983
vn 0.3903 0.5832 -0.7124
vn 0.8074 0.0620 -0.5867
vn 0.2283 -0.6436 -0.7306
vn -0.0000 0.0186 -0.9998
vn 0.3090 0.0189 -0.9509
vn 0.4497 -0.6440 -0.6189
vn 0.8089 0.0189 -0.5877
vn 0.6189 -0.6440 -0.4497
vn -0.2365 -0.6438 -0.7277
vn -0.3090 0.0189 -0.9509
vn 0.1781 0.2178 -0.9596
vn -0.2161 0.7150 -0.6649
vn -0.4497 -0.6440 -0.6189
vn -0.5877 0.0189 -0.8089
vn -0.5867 0.0620 -0.8075
vn -0.4106 0.7156 -0.5651
vn -0.6190 -0.6438 -0.4497
vn -0.8089 0.0194 -0.5877
vn -0.8074 0.0620 -0.5867
vn -0.5649 0.7158 -0.4104
vn -0.9509 0.0189 -0.3090
vn -0.9492 0.0623 -0.3084
vn -0.6640 0.7159 -0.2157
vn -0.7557 -0.5293 -0.3857
vn -0.9998 0.0186 -0.0000
vn -0.6989 0.7152 -0.0000
vn -0.7277 -0.6438 0.2365
vn -0.9509 0.0189 0.3090
vn -0.9596 0.2178 -0.1781
vn -0.6641 0.7158 0.2158
vn -0.6189 -0.6440 0.4497
vn -0.8089 0.0194 0.5877
vn -0.9677 0.2177 0.1271
vn -0.5651 0.7156 0.4106
vn -0.5877 0.0189 0.8089
vn -0.8810 0.2178 0.4200
vn -0.4106 0.7156 0.5652
vn -0.6004 -0.5293 0.5995
vn -0.3090 0.0176 0.9509
vn -0.7081 0.2178 0.6717
vn -0.2159 0.7153 0.6646
vn -0.3855 -0.5293 0.7558
vn -0.0000 0.0199 0.9998
vn -0.0000 0.0635 0.9980
vn -0.0000 0.7155 0.6986
vn -0.1333 -0.5292 0.8379
vn 0.3090 0.0190 0.9509
vn 0.2158 0.7158 0.6641
vn 0.1319 -0.5292 0.8382
vn 0.5877 0.0190 0.8089
vn 0.1272 0.2177 0.9677
vn 0.4107 0.7153 0.5653
vn 0.3846 -0.5293 0.7563
vn 0.8089 0.0175 0.5877
vn 0.8075 0.0611 0.5867
vn 0.5651 0.7156 0.4106
vn 0.7279 -0.6436 0.2365
vn 0.9509 0.0204 0.3090
vn 0.9492 0.0633 0.3083
vn 0.6644 0.7156 0.2159
vn 0.9998 0.0190 -0.0000
vn 0.9981 0.0624 -0.0000
vn 0.6982 0.7159 -0.0000
vn 0.8379 -0.5293 0.1333
vn 0.9509 0.0186 -0.3090
vn 0.6647 0.7152 -0.2160
vn 0.9677 0.2178 -0.1271
vn 0.5572 0.5833 -0.5910
vn 0.8090 -0.0000 -0.5878
vn 0.9511 -0.0000 -0.3090
vn 0.8932 0.1364 -0.4285
vn 1.0000 -0.0000 -0.0000
vn 0.9511 -0.0000 0.3090
vn 0.9745 0.1364 0.1783
vn 0.8090 -0.0000 0.5878
vn 0.5878 -0.0000 0.8090
vn 0.6836 0.1364 0.7170
vn 0.3090 -0.0000 0.9511
vn -0.0000 -0.0000 1.0000
vn -0.3090 -0.0000 0.9511
vn -0.1783 0.1364 0.9745
vn -0.5878 -0.0000 0.8090
vn -0.8090 -0.0000 0.5878
vn -0.9511 -0.0000 0.3090
vn -1.0000 -0.0000 -0.0000
vn -0.9511 -0.0000 -0.3090
vn -0.8090 -0.0000 -0.5878
vn -0.5878 -0.0000 -0.8090
vn -0.6836 0.1364 -0.7170
vn -0.3090 -0.0000 -0.9511
vn -0.0000 -0.0000 -1.0000
vn 0.3090 -0.0000 -0.9511
vn 0.5878 -0.0000 -0.8090
vn 0.1870 -0.1278 0.9740
vn -0.8686 -0.1278 0.4788
vn -0.4788 -0.1278 -0.8686
vn 0.8053 0.3767 -0.4578
vn 0.9135 -0.3935 -0.1036
vn 0.8440 0.3767 0.3818
vn 0.6202 -0.3935 0.6786
vn -0.3823 0.3767 0.8438
vn -0.8371 -0.3935 0.3801
vn -0.9207 0.3767 -0.1023
vn 0.2987 -0.2568 -0.9192
vn 0.3894 0.2359 -0.8903
vn 0.9481 0.2358 -0.2132
vn 0.8924 0.2358 0.3848
vn -0.3894 0.2359 0.8903
vn 0.7171 -0.1543 -0.6797
vn -0.4663 0.2293 -0.8544
vn -0.1240 0.2292 0.9655
vn 0.7075 0.2293 0.6685
vn -0.1241 -0.4890 -0.8634
vn -0.0000 -0.3870 -0.9221
vn -0.8634 -0.4890 0.1241
vn 0.6051 -0.4896 0.6278
vn 0.7347 -0.4186 0.5338
vn 0.7829 -0.4890 -0.3847
vn 0.8778 -0.3848 -0.2852
vn 0.0012 -0.0226 0.9997
vn 0.0112 -0.2699 0.9628
vn -0.0107 -0.2698 0.9629
vn 0.9628 -0.2699 -0.0112
vn 0.9998 -0.0214 -0.0022
vn 0.9998 -0.0213 0.0021
vn 0.4966 -0.0100 0.8679
vn 0.0021 0.0213 0.9998
vn 0.8590 -0.0112 0.5119
vn 0.5837 0.1146 0.8039
vn 0.9051 0.1118 0.4102
vn -0.0112 -0.2698 -0.9628
vn -0.0022 -0.0214 -0.9998
vn 0.0021 -0.0213 -0.9998
vn 0.8679 -0.0100 -0.4966
vn 0.9998 0.0213 -0.0021
vn 0.5119 -0.0112 -0.8590
vn 0.8034 0.1146 -0.5844
vn 0.4110 0.1118 -0.9048
vn -0.0046 0.5036 0.8639
vn -0.0022 0.0214 0.9998
vn -0.0035 0.8628 0.5055
vn -0.1151 0.5959 0.7948
vn 0.0011 1.0000 0.0035
vn -0.1118 0.9105 0.3980
vn 0.5036 0.8639 -0.0046
vn 0.0019 1.0000 -0.0019
vn 0.8628 0.5055 -0.0035
vn 0.5950 0.7954 -0.1151
vn 0.9454 0.2158 0.2443
vn 0.9109 0.3971 -0.1118
vn -0.0035 0.8639 -0.5036
vn -0.0023 1.0000 -0.0023
vn -0.0046 0.5055 -0.8628
vn -0.1151 0.7954 -0.5950
vn 0.2443 0.2158 -0.9454
vn -0.1118 0.3971 -0.9110
vn -0.4966 0.0100 0.8679
vn -0.2369 -0.2248 0.9452
vn -0.8589 0.0112 0.5119
vn -0.5837 -0.1146 0.8039
vn -0.9999 0.0108 0.0118
vn -0.9051 -0.1118 0.4102
vn -0.8639 0.5036 -0.0046
vn -0.9998 0.0214 -0.0022
vn -0.5055 0.8628 -0.0035
vn -0.7948 0.5959 -0.1151
vn -0.2347 0.9407 0.2448
vn -0.3980 0.9105 -0.1118
vn -0.8679 0.0100 -0.4966
vn -0.9998 -0.0213 -0.0021
vn -0.5119 0.0112 -0.8590
vn -0.8039 -0.1146 -0.5837
vn -0.2268 0.2350 -0.9452
vn -0.4102 -0.1118 -0.9051
vn -0.9454 -0.2158 0.2443
vn -0.9628 -0.2699 0.0112
vn -0.9629 -0.2698 -0.0107
vn 0.4567 -0.2369 0.8575
vn 0.8574 -0.2369 0.4568
vn 0.4568 -0.2369 -0.8574
vn 0.8575 -0.2369 -0.4567
vn 0.4152 0.8094 0.4152
vn 0.4152 0.4152 0.8094
vn 0.8094 0.4152 0.4152
vn 0.4152 0.4152 -0.8095
vn 0.4151 0.8095 -0.4151
vn 0.8093 0.4154 -0.4153
vn -0.8094 0.4152 0.4152
vn -0.4153 0.4153 0.8093
vn -0.4151 0.8095 0.4151
vn -0.4152 0.4152 -0.8095
vn -0.8093 0.4154 -0.4154
vn -0.4151 0.8095 -0.4151
vn -0.4568 -0.2369 0.8574
vn -0.8575 -0.2369 0.4567
vn -0.4567 -0.2369 -0.8575
vn -0.8574 -0.2369 -0.4568
vn -0.0046 -0.8639 0.5036
vn -0.0023 -1.0000 0.0023
vn 0.0019 -1.0000 0.0019
vn -0.0035 -0.5055 0.8628
vn -0.1151 -0.7948 0.5959
vn -0.1118 -0.3980 0.9105
vn 0.8639 -0.5036 -0.0035
vn 0.5055 -0.8628 -0.0046
vn 0.7948 -0.5959 -0.1151
vn 0.3980 -0.9105 -0.1118
vn 0.0022 0.0214 0.9998
vn -0.0035 -0.5036 -0.8639
vn -0.0046 -0.8628 -0.5055
vn -0.1151 -0.5950 -0.7954
vn 0.2444 -0.9409 -0.2343
vn -0.1118 -0.9110 -0.3971
vn 0.8039 0.1146 -0.5837
vn 0.4102 0.1118 -0.9051
vn 0.0029 0.5047 0.8633
vn -0.0021 0.0213 0.9998
vn -0.0046 0.8628 0.5055
vn 0.1149 0.5958 0.7949
vn -0.1118 0.9109 0.3971
vn 0.5036 0.8639 -0.0029
vn 0.8635 0.5043 0.0029
vn 0.5967 0.7942 -0.1151
vn 0.9114 0.3962 0.1117
vn -0.0046 0.8639 -0.5036
vn -0.0029 0.5055 -0.8628
vn -0.1151 0.7948 -0.5959
vn -0.0022 0.0214 -0.9998
vn -0.1118 0.3972 -0.9109
vn -0.4967 0.0109 0.8679
vn -0.8589 0.0103 0.5120
vn -0.8639 0.5036 -0.0029
vn -0.5043 0.8635 0.0029
vn -0.7942 0.5967 -0.1151
vn -0.2347 0.9407 0.2449
vn -0.3962 0.9114 0.1117
vn -0.8679 0.0109 -0.4967
vn -0.9998 -0.0214 -0.0022
vn -0.5120 0.0103 -0.8589
vn -0.8034 -0.1146 -0.5844
vn -0.4110 -0.1118 -0.9048
vn -0.5036 -0.8639 -0.0046
vn -0.2359 -0.9407 -0.2437
vn -0.8628 -0.5055 -0.0029
vn -0.5950 -0.7954 -0.1151
vn -0.9113 -0.3962 -0.1118
vn -0.9697 -0.2434 0.0215
vn 0.0215 0.2434 -0.9697
vn 0.4152 -0.4152 0.8094
vn 0.4154 -0.8093 0.4154
vn 0.8095 -0.4151 0.4151
vn 0.4152 -0.8094 -0.4152
vn 0.4151 -0.4151 -0.8095
vn 0.8093 -0.4154 -0.4154
vn 0.4151 0.4151 0.8095
vn 0.8093 0.4154 0.4154
vn 0.4152 0.4152 -0.8094
vn 0.4154 0.8093 -0.4154
vn 0.8095 0.4151 -0.4151
vn -0.4151 0.4151 0.8096
vn -0.4154 0.8093 0.4154
vn -0.4152 0.4152 -0.8094
vn -0.8094 0.4152 -0.4152
vn -0.4152 0.8094 -0.4152
vn -0.4154 -0.8093 0.4154
vn -0.4151 -0.4151 0.8095
vn -0.8094 -0.4152 0.4152
vn -0.4151 -0.4151 -0.8095
vn -0.4152 -0.8094 -0.4152
vn -0.8093 -0.4154 -0.4154
vn -0.3494 -0.5118 -0.7848
vn 0.3876 -0.8363 -0.3877
vn 0.2432 0.9700 0.0027
vn -0.0117 0.9706 0.2404
vn 0.2336 0.9438 0.2337
vn -0.0174 -0.8128 0.5823
vn -0.0292 -0.0000 0.9996
vn -0.7768 -0.5228 0.3511
vn -0.3863 -0.8376 -0.3863
vn 0.7677 -0.5351 -0.3524
vn 0.3720 -0.8504 0.3721
vn 0.6763 -0.0014 -0.7366
vn -0.0828 0.4697 -0.8789
vn 0.6155 0.4551 -0.6435
vn 0.7249 0.0071 0.6888
vn 0.9469 0.3204 0.0275
vn 0.6645 0.3722 0.6480
vn -0.0330 0.3701 0.9284
vn -0.6918 0.0092 0.7221
vn -0.0512 0.0748 0.9959
vn -0.7094 0.0115 -0.7047
vn -0.8738 0.4861 -0.0116
vn -0.6239 0.4704 -0.6240
vn -0.3831 -0.4917 -0.7820
vn 0.3627 -0.8584 -0.3627
vn 0.7670 -0.5116 -0.3872
vn 0.3483 -0.8703 0.3482
vn -0.0157 -0.8498 0.5269
vn -0.0291 -0.0000 0.9996
vn -0.7754 -0.5001 0.3855
vn -0.3612 -0.8597 -0.3613
vn -0.0609 0.0608 -0.9963
vn 0.5112 -0.6910 -0.5111
vn 0.9997 -0.0193 0.0162
vn 0.5224 -0.6740 0.5224
vn -0.5282 -0.6976 0.4842
vn -0.0298 -0.0000 0.9996
vn -0.0168 -0.8418 0.5395
vn -0.5382 -0.8428 0.0041
vn -0.5118 -0.6900 -0.5118
vn -0.3025 -0.7281 0.6151
vn -0.1791 -0.0000 0.9838
vn -0.0642 -0.9358 0.3466
vn -0.6192 -0.7289 -0.2921
vn -1.0000 -0.0000 0.0076
vn -0.3496 -0.9369 0.0027
vn 0.2911 -0.7356 -0.6116
vn -0.0870 -0.0000 -0.9962
vn -0.0322 -0.9369 -0.3480
vn 0.6094 -0.7281 0.3140
vn 0.9997 -0.0000 0.0260
vn 0.3497 -0.9368 0.0094
vn -0.1855 0.8042 -0.5647
vn 0.0993 0.7782 0.6201
vn -0.6070 0.7853 0.1219
vn 0.6179 0.7795 -0.1023
vn -0.1224 -0.8721 -0.4737
vn 0.2768 0.8753 -0.3966
vn 0.5241 -0.8492 -0.0638
vn 0.3705 0.8869 0.2758
vn -0.2754 0.8862 0.3725
vn -0.3673 0.8865 -0.2813
vn -0.2404 0.9707 0.0022
vn -0.2337 0.9438 0.2337
vn -0.0114 0.9706 -0.2404
vn 0.0022 0.9999 0.0111
vn -0.2337 0.9438 -0.2337
vn 0.9570 0.2891 0.0240
vn 0.6657 0.3371 0.6657
vn -0.0281 0.2938 0.9555
vn -0.6682 0.3271 0.6682
vn -0.9559 0.2936 0.0055
vn -0.6707 0.3170 -0.6706
vn 0.3360 0.4243 -0.8409
vn -0.0000 -0.0855 -0.9963
vn -0.0785 0.2992 -0.9510
vn 0.9616 0.2735 0.0239
vn 0.6702 0.3186 0.6703
vn -0.0283 0.2737 0.9614
vn -0.6725 0.3091 0.6724
vn -0.9618 0.2736 0.0054
vn -0.6747 0.2992 -0.6747
vn -0.0807 0.2726 -0.9587
vn 0.6760 0.2936 -0.6759
vn 0.6686 0.0100 0.7436
vn 0.6230 0.4064 0.6683
vn 0.1957 0.9609 0.1957
vn 0.6688 0.3247 0.6688
vn 0.4990 -0.6790 0.5384
vn 0.5755 0.5811 0.5755
vn 0.6732 0.3058 0.6732
vn 0.4938 -0.8202 0.2890
vn -0.7169 0.0198 0.6969
vn -0.6378 0.4602 0.6176
vn -0.1890 0.9636 0.1890
vn -1.0000 -0.0046 -0.0033
vn -0.6713 0.3143 0.6713
vn -0.3622 -0.8588 0.3623
vn -0.0000 -1.0000 0.0001
vn -0.5233 -0.6968 0.4905
vn -1.0000 -0.0073 -0.0000
vn -1.0000 -0.0045 -0.0035
vn -0.6753 0.2961 0.6755
vn -0.3864 -0.8375 0.3864
vn -0.2877 -0.7918 0.5388
vn -0.3409 -0.8762 0.3408
vn -0.6628 0.3485 0.6628
vn -0.4073 0.8045 0.4323
vn -0.5576 0.6149 0.5576
vn -0.5012 -0.7054 0.5012
vn -0.6573 0.3687 0.6573
vn -0.0000 1.0000 -0.0001
vn -0.1750 0.9689 0.1748
vn -0.7071 0.0110 0.7071
vn -0.6236 0.4710 0.6239
vn -0.0005 0.9697 0.2444
vn -0.0045 0.9707 0.2404
vn 0.2337 0.9438 0.2337
vn 0.7081 0.0111 0.7060
vn 0.6555 0.3741 0.6561
vn 0.8593 0.4457 0.2508
vn 0.6598 0.3595 0.6598
vn 0.3791 -0.8441 0.3791
vn 0.4931 -0.7167 0.4931
vn 0.3501 0.7813 0.5166
vn 0.6649 0.3401 0.6650
vn 0.4068 -0.8179 0.4069
vn 0.3307 -0.8839 0.3307
vn 0.7273 0.0105 -0.6862
vn 0.6686 0.3704 -0.6449
vn 0.1966 0.9606 -0.1966
vn 0.6660 0.3363 -0.6659
vn 0.9997 -0.0243 -0.0000
vn 0.5400 -0.6779 -0.4988
vn 0.5762 0.5796 -0.5762
vn 0.9997 0.0199 -0.0146
vn 0.6726 0.3086 -0.6726
vn 0.3194 -0.8100 -0.4919
vn 0.2404 0.9707 0.0010
vn 0.2337 0.9438 -0.2337
vn 0.7002 0.0192 -0.7137
vn 0.1564 0.9752 -0.1565
vn 0.6652 0.3392 -0.6652
vn 0.3365 -0.7115 -0.6168
vn 0.6763 -0.6795 -0.2844
vn 0.6697 0.3211 -0.6696
vn 0.3754 -0.7143 -0.5906
vn 0.6543 -0.6867 -0.3168
vn 0.2193 -0.8097 -0.5443
vn -0.6936 0.0329 -0.7196
vn -0.0285 -0.0107 -0.9995
vn -0.1774 0.9680 -0.1774
vn -0.6736 0.3041 -0.6736
vn -0.6101 -0.7338 -0.2988
vn -0.4998 -0.7005 -0.5094
vn 0.0521 -0.0678 -0.9963
vn -0.6775 0.2865 -0.6775
vn -0.5893 -0.7348 -0.3357
vn -0.0116 0.9706 -0.2404
vn -0.7136 0.0201 -0.7002
vn -0.6194 0.4827 -0.6192
vn -0.7070 0.0110 -0.7071
vn -0.3145 0.3871 -0.8668
vn -0.2087 0.9555 -0.2086
vn -0.6250 0.4677 -0.6250
vn -0.6527 0.3848 -0.6527
vn -0.6857 -0.6809 -0.2573
vn -0.3567 -0.8634 -0.3567
vn -0.5082 -0.6945 -0.5093
vn -0.4293 -0.7038 -0.5660
vn -0.5633 0.6045 -0.5633
vn -0.6333 0.4448 -0.6333
vn -0.6586 0.3639 -0.6587
vn -0.6632 -0.6890 -0.2924
vn -0.3839 -0.8398 -0.3839
vn -0.3573 -0.8702 -0.3394
vn -0.6315 -0.6883 -0.3569
vn -0.2337 0.9438 -0.2336
vn -0.2403 0.9707 0.0038
vn -0.2337 0.9438 0.2336
vn 0.2337 0.9438 -0.2338
vn -0.7054 -0.0014 0.7088
vn -0.7000 0.0067 0.7141
vn 0.0015 0.0972 0.9953
vn 0.6936 0.0187 0.7201
vn -0.0167 0.8684 0.4956
vn 0.7134 0.0075 0.7007
vn 0.9993 0.0337 -0.0176
vn 0.7143 0.0102 -0.6998
vn 0.6999 0.0108 -0.7141
vn 0.4397 0.8976 -0.0318
vn 0.0206 0.1380 -0.9902
vn -0.0289 0.8981 -0.4389
vn -0.9991 0.0416 -0.0054
vn 0.9991 0.0395 0.0119
vn -0.7006 0.0049 -0.7135
vn -0.9947 0.0905 -0.0478
vn -0.0302 -0.0000 0.9995
vn 0.5880 0.6488 0.4830
vn 0.9997 -0.0170 -0.0186
vn 0.5599 0.6369 -0.5300
vn 0.4929 0.6180 -0.6124
vn -0.5182 0.6164 -0.5929
vn -0.0000 0.0865 -0.9963
vn -0.5876 0.5385 -0.6039
vn -0.6130 0.6175 -0.4929
vn 0.6746 -0.6801 0.2872
vn -0.6941 -0.5348 0.4818
vn -0.3191 -0.6871 0.6527
vn 0.6511 -0.6876 0.3213
vn -0.6663 -0.5646 0.4871
vn -0.3557 -0.6941 0.6259
vn -1.0000 -0.0000 0.0072
vn -0.1710 -0.0000 0.9853
vn 0.9997 -0.0000 0.0246
vn -0.0838 -0.0000 -0.9965
vn 0.7136 0.0192 0.7003
vn 0.0292 0.6470 0.7620
vn -0.0000 1.0000 0.0001
vn 0.6651 0.3393 0.6652
vn 0.6185 -0.7112 0.3341
vn 0.5725 0.6897 0.4434
vn 0.5544 0.8297 0.0651
vn 0.5951 -0.7140 0.3689
vn 0.5405 -0.8113 0.2230
vn 0.7073 0.0111 0.7068
vn 0.6062 0.5142 0.6068
vn 0.2194 0.9506 0.2194
vn 0.6259 0.4652 0.6259
vn 0.3220 -0.8903 0.3220
vn 0.5470 -0.6337 0.5470
vn 0.5941 0.5424 0.5940
vn 0.6342 0.4424 0.6342
vn 0.3483 -0.8703 0.3483
vn 0.3954 -0.8290 0.3954
vn 0.6869 0.4911 0.5358
vn 0.4961 -0.6940 0.5217
vn 0.3922 -0.8286 -0.3995
vn 0.3480 -0.8706 -0.3479
vn 0.6328 0.4462 -0.6328
vn 0.5473 -0.6331 -0.5473
vn 0.4956 -0.6954 -0.5203
vn 0.3217 -0.8905 -0.3217
vn 0.6259 0.4655 -0.6258
vn 0.2197 0.9505 -0.2197
vn 0.7071 0.0111 -0.7071
vn 0.5732 0.5800 -0.5788
vn 0.5943 0.5412 -0.5949
vn 0.4032 -0.8215 -0.4033
vn 0.6660 0.3362 -0.6660
vn 0.4660 0.6577 -0.5919
vn 0.4954 -0.7136 -0.4953
vn -0.0000 -1.0000 -0.0001
vn 0.3756 -0.8472 -0.3757
vn 0.6590 0.3626 -0.6590
vn 0.5382 0.8427 0.0157
vn 0.7070 0.0110 -0.7071
vn 0.6272 0.4618 -0.6272
vn 0.6795 -0.6826 -0.2691
vn 0.3907 0.8402 -0.3760
vn -0.6284 0.5152 -0.5828
vn -0.4545 -0.5601 -0.6927
vn -0.3462 -0.8766 -0.3342
vn -0.3930 -0.8314 -0.3930
vn -0.6605 0.3573 -0.6604
vn -0.5606 0.6151 -0.5544
vn -0.5021 -0.7041 -0.5021
vn -0.3656 -0.8559 -0.3656
vn -0.6549 0.3771 -0.6549
vn -0.1504 0.9677 -0.2025
vn -0.7071 0.0110 -0.7071
vn -0.6200 0.4801 -0.6205
vn -0.5596 0.5335 -0.6342
vn -0.3343 -0.8812 0.3343
vn -0.4168 -0.6396 0.6459
vn -0.6639 0.3444 0.6638
vn -0.4956 0.7868 0.3680
vn -0.5526 0.6239 0.5526
vn -0.4963 -0.7123 0.4963
vn -0.3931 -0.6189 0.6800
vn -0.6585 0.3642 0.6586
vn -0.2863 0.4236 0.8594
vn -0.5375 0.8432 -0.0148
vn -0.7070 0.0110 0.7071
vn -0.6542 0.5004 0.5671
vn -0.6436 0.4148 0.6432
vn -0.7070 0.0111 0.7071
vn -0.5879 0.5563 0.5874
vn -0.2081 0.9557 0.2081
vn -0.6254 0.4666 0.6254
vn -0.2579 -0.6727 0.6936
vn -0.5647 -0.7074 0.4250
vn -0.3401 0.6913 0.6375
vn -0.6337 0.4436 0.6337
vn -0.2926 -0.6814 0.6708
vn -0.3610 -0.6867 0.6310
vn -0.2337 0.9438 -0.2338
vn -0.2404 0.9707 -0.0007
vn 0.2337 0.9438 0.2338
vn 0.2337 0.9438 -0.2336
vn 0.2336 0.9438 -0.2337
vn -0.0126 0.9706 -0.2403
vn 0.0128 0.8927 0.4504
vn 0.2922 0.8966 0.3329
vn 0.3249 0.8854 0.3325
vn 0.3171 0.8898 0.3283
vn 0.4566 0.8893 0.0261
vn 0.3196 0.8905 -0.3237
vn 0.3468 0.8736 -0.3414
vn 0.3233 0.8915 -0.3174
vn -0.0093 0.9221 -0.3868
vn -0.3179 0.8908 -0.3246
vn -0.3216 0.8899 -0.3235
vn -0.3102 0.8977 -0.3129
vn -0.3714 0.9285 0.0038
vn -0.3064 0.9003 0.3091
vn -0.3201 0.8940 0.3135
vn -0.3160 0.8977 0.3070
vn -0.2714 0.9625 -0.0061
vn -0.2531 0.9338 0.2530
vn -0.2977 0.9063 0.3000
vn -0.2571 0.9327 0.2530
vn -0.2547 0.9338 0.2514
vn -0.3320 0.8866 0.3221
vn -0.0100 0.9595 0.2816
vn 0.2500 0.9335 0.2572
vn 0.3060 0.9022 0.3038
vn 0.2562 0.9317 0.2573
vn 0.2532 0.9323 0.2582
vn 0.3345 0.8758 0.3479
vn 0.2851 0.9584 0.0119
vn 0.2550 0.9327 -0.2552
vn 0.3106 0.8976 -0.3128
vn 0.2607 0.9300 -0.2592
vn 0.2608 0.9304 -0.2577
vn 0.3261 0.8872 -0.3263
vn 0.0033 0.9647 -0.2634
vn -0.2579 0.9297 -0.2629
vn -0.3056 0.9025 -0.3036
vn -0.2553 0.9306 -0.2623
vn -0.2523 0.9334 -0.2550
vn -0.3153 0.8935 -0.3196
vn -0.2625 0.9300 -0.2572
vn -0.2549 0.9273 -0.2743
vn -0.2564 0.9313 0.2588
vn -0.2682 0.9299 0.2518
vn 0.2625 0.9292 0.2601
vn 0.2537 0.9281 0.2727
vn 0.2628 0.9268 -0.2683
vn 0.2793 0.9253 -0.2566
vn 0.9997 -0.0048 0.0231
vn -0.0000 -0.0287 0.9996
vn -1.0000 -0.0000 0.0070
vn -0.0824 -0.0000 -0.9966
vn -0.0261 -0.0124 0.9996
vn -1.0000 0.0073 -0.0000
vn -0.0826 -0.0000 -0.9966
vn 0.9997 -0.0217 -0.0104
vn -0.0279 -0.0032 0.9996
vn -0.0790 -0.0000 -0.9969
vn 0.9997 -0.0233 -0.0027
vn -0.3008 -0.5400 -0.7861
vn -0.0233 -0.0000 -0.9997
vn -0.0197 -0.4849 -0.8743
vn 0.8236 -0.5570 0.1066
vn 0.6583 -0.3649 0.6584
vn -0.6583 0.4457 -0.6067
vn -0.0059 0.9038 -0.4278
vn -0.0189 0.5585 -0.8293
vn 0.6585 0.4638 0.5927
vn 0.4268 0.9043 -0.0047
vn 0.3935 0.8308 0.3935
vn -0.6528 -0.3844 0.6528
vn -0.6574 -0.3682 0.6574
vn -0.3923 0.8320 0.3923
vn -0.6380 0.4313 0.6379
vn -0.6379 0.4316 0.6378
vn 0.2269 0.9471 -0.2270
vn 0.3913 0.8320 -0.3933
vn 0.6362 0.4322 -0.6391
vn 0.3915 0.8318 -0.3934
vn 0.6555 -0.3779 -0.6539
vn 0.7053 -0.0000 -0.7089
vn 0.7054 -0.0000 -0.7089
vn -0.0371 -0.0000 0.9993
vn -0.0165 0.9040 0.4272
vn 0.1725 0.9637 -0.2040
vn 0.2243 0.9484 0.2243
vn 0.3000 0.9539 -0.0046
vn 0.5862 0.4779 -0.6543
vn 0.8636 0.4906 -0.1160
vn 1.0000 -0.0000 -0.0013
vn 0.3066 -0.5315 0.7897
vn 0.1081 -0.5932 0.7978
vn -0.5150 -0.3909 -0.7628
vn -0.9999 -0.0000 0.0146
vn -0.6577 0.4668 -0.5912
vn -0.4273 0.9041 0.0068
vn -0.3935 0.8308 -0.3935
vn -0.2308 0.9452 0.2308
vn -0.2310 0.9451 0.2310
vn 0.2335 0.9504 0.2053
vn -0.0112 0.9532 0.3022
vn 0.6586 0.4425 0.6086
vn 0.1036 0.5166 0.8499
vn -0.7764 -0.6243 0.0864
vn 0.2997 -0.5325 -0.7916
vn -0.0020 0.9531 -0.3025
vn -0.2284 0.9464 -0.2284
vn -0.2289 0.9461 -0.2289
vn -0.3042 0.9526 0.0043
vn -0.8685 0.4805 0.1221
vn -0.0354 -0.0000 0.9994
vn -0.9999 -0.0000 0.0140
vn -0.0224 -0.0000 -0.9998
vn 0.7056 -0.0000 -0.7086
vn 0.7054 -0.0000 -0.7088
vn 0.4268 0.9043 -0.0029
vn -0.0145 0.9040 0.4272
vn -0.4272 0.9042 0.0055
vn -0.0057 0.9039 -0.4278
vn 0.3923 0.8315 -0.3932
vn -0.4321 -0.9012 0.0330
vn 0.0076 -0.9999 0.0076
vn -0.3650 -0.8565 -0.3650
vn -0.0004 -0.9231 -0.3845
vn -0.0003 -1.0000 0.0075
vn -0.0076 -0.9999 0.0075
vn 0.6006 -0.5286 -0.5999
vn -0.0075 -0.9999 0.0075
vn 0.3591 -0.8614 -0.3592
vn 0.3890 -0.9211 -0.0166
vn -0.0076 -1.0000 -0.0000
vn -0.0076 -0.9999 -0.0076
vn 0.6009 -0.5260 0.6018
vn 0.3652 -0.8563 0.3651
vn 0.0187 -0.9207 0.3899
vn -0.0000 -1.0000 -0.0076
vn 0.0075 -0.9999 -0.0076
vn -0.3668 -0.8542 0.3686
vn -0.2851 -0.8278 0.4832
vn 0.0075 -0.9999 -0.0075
vn 0.0075 -1.0000 -0.0000
vn -0.4862 -0.5544 -0.6755
vn 0.3918 0.8325 -0.3916
vn -1.0000 -0.0000 0.0010
vn -0.0001 -0.0337 -0.9994
vn 0.9999 0.0127 -0.0002
vn 0.7051 -0.0000 0.7091
vn 0.0013 0.0191 0.9998
vn -0.7055 -0.0000 0.7088
vn -0.7075 -0.0000 0.7067
vn -0.7054 -0.0000 0.7088
vn -0.7055 -0.0000 0.7087
vn 0.0215 -0.0000 0.9998
vn 0.7071 -0.0000 0.7072
vn 0.9999 -0.0000 -0.0137
vn 0.0339 -0.0000 -0.9994
vn -0.7071 -0.0000 -0.7072
vn -1.0000 -0.0000 0.0014
vn 0.6677 -0.5702 -0.4787
vn 0.5938 -0.5397 -0.5967
vn -0.6165 -0.4899 0.6164
vn -0.4480 -0.5269 -0.7223
vn -0.0897 -0.0000 -0.9960
vn -0.0871 -0.3745 -0.9231
vn 0.8889 -0.4436 0.1145
vn 0.7073 0.0007 0.7069
vn 0.5928 -0.5451 0.5928
vn 0.3967 0.7407 -0.5421
vn 0.0022 0.9998 -0.0173
vn -0.5202 0.6300 -0.5767
vn 0.0043 0.9898 -0.1423
vn -0.0640 0.5732 -0.8169
vn -0.5147 0.6751 0.5285
vn -0.0202 0.9998 -0.0093
vn -0.4937 0.7827 0.3790
vn 0.6436 0.6158 0.4545
vn 0.2069 0.9783 -0.0092
vn 0.1466 0.9886 0.0356
vn 0.5075 0.7458 -0.4316
vn 0.7052 -0.0000 -0.7090
vn 0.7055 -0.0000 -0.7087
vn -0.3594 0.7631 -0.5371
vn -0.0896 -0.0000 -0.9960
vn -0.0322 0.9204 -0.3896
vn -0.5115 0.7435 0.4308
vn -0.5346 0.6576 0.5309
vn 0.4158 0.9089 0.0303
vn 0.4246 0.8105 0.4034
vn -0.6469 0.2981 -0.7019
vn -0.0828 0.5368 -0.8397
vn -0.0860 0.4104 -0.9079
vn -0.7215 0.3010 0.6236
vn -0.6629 0.3479 0.6630
vn -0.6537 0.3812 0.6538
vn 0.6542 0.3339 0.6786
vn 0.8424 0.5389 -0.0076
vn 0.6511 0.3901 0.6511
vn 0.6825 0.3535 -0.6397
vn 0.6612 0.3476 -0.6648
vn 0.6552 0.3706 -0.6583
vn -0.6584 0.3884 -0.6447
vn -0.0996 0.0002 -0.9950
vn -0.6583 0.3660 0.6578
vn -0.7070 0.0004 0.7072
vn 1.0000 0.0003 -0.0090
vn 0.7071 -0.0002 0.7071
vn 0.7051 0.0004 -0.7091
vn -0.0744 -0.6490 -0.7571
vn -0.1192 -0.9830 -0.1394
vn -0.0112 -0.9905 -0.1370
vn -0.6378 -0.4531 0.6228
vn -0.1568 -0.9751 0.1569
vn -0.2000 -0.9600 0.1959
vn 0.7502 -0.6606 -0.0262
vn 0.1513 -0.9807 0.1235
vn 0.6044 -0.5190 0.6044
vn 0.6365 -0.4701 -0.6115
vn 0.1460 -0.9783 -0.1468
vn 0.6158 -0.4880 -0.6186
vn -0.0592 -0.5225 -0.8506
vn -0.7029 -0.0507 -0.7095
vn -0.0877 -0.0613 -0.9943
vn -0.5143 -0.6819 0.5202
vn -0.7060 -0.0559 0.7060
vn -0.7075 -0.0695 0.7033
vn 0.8531 -0.5215 -0.0164
vn 0.7119 -0.0521 0.7004
vn 0.6253 -0.5641 0.5393
vn 0.4859 -0.6237 -0.6123
vn 0.7033 -0.0542 -0.7088
vn 0.5354 -0.6419 -0.5489
vn -0.2977 -0.8345 -0.4637
vn -0.0006 -1.0000 -0.0076
vn -0.2875 -0.5197 0.8045
vn 0.1876 -0.9682 -0.1654
vn 0.0076 -0.9999 0.0075
vn 0.1650 -0.9724 0.1650
vn 0.1617 -0.8886 -0.4292
vn 0.2102 -0.9546 -0.2113
vn 0.8802 -0.2235 -0.4186
vn 1.0000 -0.0000 -0.0083
vn -0.4500 -0.2712 0.8508
vn -0.0909 -0.0000 -0.9959
vn -0.0921 -0.0000 -0.9957
vn 0.3434 0.8760 -0.3387
vn 0.7057 -0.0000 -0.7085
vn -0.0014 1.0000 0.0045
vn 0.6387 0.4246 -0.6417
vn 0.5956 -0.5419 -0.5929
vn 0.6352 -0.6917 -0.3436
vn -0.6126 -0.4996 0.6125
vn -0.6112 -0.5028 0.6112
vn -0.6428 0.4166 0.6428
vn -0.6450 0.4100 0.6449
vn -0.3396 0.8771 0.3397
vn -0.3468 0.8715 0.3468
vn -0.5072 -0.6967 0.5073
vn -0.8234 -0.3026 0.4801
vn -0.6583 0.3674 0.6570
vn -0.6735 0.3046 0.6735
vn -0.6586 0.3640 0.6586
vn -0.7099 -0.0008 0.7043
vn -0.6805 0.3884 0.6214
vn -0.6120 -0.4680 0.6375
vn -0.0658 -0.9957 0.0658
vn -0.5905 -0.5501 0.5905
vn -0.5341 -0.6342 0.5591
vn -0.7063 -0.0495 0.7062
vn -0.6052 -0.5172 0.6051
vn -0.0975 -0.9062 0.4114
vn -0.1173 -0.9862 0.1172
vn 0.2120 -0.5125 -0.8321
vn 0.5410 -0.6371 -0.5491
vn 0.7048 -0.0499 -0.7077
vn 0.7044 -0.0551 -0.7077
vn 0.6092 -0.4853 -0.6272
vn 0.0655 -0.9957 -0.0658
vn 0.1460 -0.9783 -0.1467
vn 0.7117 -0.0066 -0.7024
vn 0.6436 0.4100 -0.6463
vn 0.7056 -0.0006 -0.7086
vn 0.6541 0.3690 -0.6602
vn 0.6722 0.3043 -0.6750
vn 0.5611 -0.6064 -0.5635
vn 0.5541 0.7557 -0.3491
vn 1.0000 0.0070 -0.0013
vn 0.6206 0.6115 -0.4908
vn 0.1341 0.9906 -0.0259
vn 0.6710 -0.5774 -0.4652
vn 1.0000 0.0035 -0.0004
vn -0.0632 -0.3891 0.9190
vn -0.0657 -0.0000 0.9978
vn -0.3766 0.6010 0.7050
vn 0.0082 0.9788 0.2046
vn -0.0224 0.9952 0.0952
vn -0.5043 0.7996 0.3261
vn -0.0658 -0.0000 0.9978
vn -0.0656 -0.0000 0.9978
vn -0.6783 0.3339 0.6545
vn -0.0606 0.5378 0.8409
vn -0.6510 0.3904 0.6510
vn -0.0730 0.0002 0.9973
vn -0.7070 -0.0003 0.7072
vn -0.1458 -0.8763 0.4592
vn -0.0524 -0.6835 0.7281
vn -0.0073 -0.9865 0.1636
vn -0.7436 -0.1767 0.6449
vn -0.0556 -0.5561 0.8292
vn -0.0622 -0.0589 0.9963
vn -0.0095 -0.9903 0.1387
vn 0.7100 -0.0521 -0.7023
vn 0.9911 -0.1096 0.0754
vn 0.1505 -0.9808 -0.1244
vn 0.1858 -0.9815 -0.0469
vn 0.6729 0.3708 -0.6401
vn 0.7001 0.2973 -0.6493
vn 0.9329 0.3498 -0.0853
vn 1.0000 -0.0074 -0.0012
vn 0.4235 0.7412 0.5209
vn 0.3410 0.8761 0.3410
vn 0.6788 0.7045 0.2071
vn 0.0256 0.9995 0.0189
vn 0.0198 0.9995 0.0235
vn 0.4529 -0.5892 0.6691
vn 0.5926 -0.5455 0.5926
vn -0.4421 -0.5258 -0.7267
vn -0.0002 1.0000 0.0004
vn -0.6450 0.4098 -0.6450
vn -0.3476 0.8708 -0.3476
vn -0.5068 -0.6974 -0.5067
vn -0.4439 -0.1212 -0.8878
vn -0.6733 0.3016 -0.6751
vn -0.6638 0.3448 -0.6637
vn -0.6449 0.4102 -0.6449
vn -0.7071 0.0003 -0.7071
vn -0.7071 -0.0005 -0.7071
vn -0.2727 -0.9620 0.0160
vn -0.6328 -0.4462 -0.6328
vn -0.2002 -0.9590 -0.2004
vn -0.6534 -0.0774 -0.7531
vn -0.5160 -0.6837 -0.5161
vn -0.7059 -0.0587 -0.7059
vn -0.2631 -0.9282 -0.2632
vn 0.0075 -0.9999 0.0076
vn 0.2258 -0.9476 0.2258
vn 0.1377 -0.9809 0.1376
vn 0.6700 -0.0622 0.7398
vn 0.5348 -0.6542 0.5348
vn 0.6057 -0.5159 0.6058
vn 0.2213 -0.9751 -0.0154
vn 0.6225 -0.4744 0.6225
vn 0.5911 -0.5487 0.5912
vn 0.6213 0.3812 0.6846
vn 0.7071 0.0001 0.7071
vn 0.6592 0.3620 0.6592
vn 0.6721 0.3016 0.6762
vn 0.6574 0.3682 0.6574
vn 0.8317 -0.2730 0.4835
vn 0.4949 -0.7142 0.4949
vn 0.5190 0.7011 0.4890
vn 0.3969 0.8234 0.4056
vn 0.4438 0.6767 0.5874
vn 0.0182 0.9960 0.0878
vn 0.5267 0.5360 0.6598
vn 0.3976 -0.6335 0.6638
vn 0.5945 -0.5414 0.5945
vn -0.5286 -0.4908 -0.6926
vn -0.4671 0.7564 -0.4579
vn -0.0915 0.9956 0.0198
vn -0.0193 0.9998 0.0086
vn -0.5269 0.6820 -0.5071
vn -0.6458 0.3756 -0.6648
vn -0.6506 0.3915 -0.6507
vn -0.6620 0.3514 -0.6620
vn -0.7071 -0.0003 -0.7071
vn -0.7071 0.0004 -0.7071
vn -0.3591 -0.9050 -0.2281
vn -0.6036 -0.5210 -0.6035
vn -0.1331 -0.9844 -0.1148
vn -0.6440 -0.1595 -0.7483
vn -0.6192 -0.5453 -0.5650
vn -0.7099 -0.0522 -0.7024
vn -0.1673 -0.9716 -0.1673
vn 0.4606 -0.8876 -0.0084
vn 0.5228 -0.5695 0.6344
vn 0.7030 -0.0646 0.7082
vn 0.6999 -0.0548 0.7121
vn 0.6109 -0.5203 0.5967
vn 0.1864 -0.9637 0.1913
vn 0.1196 -0.9822 0.1445
vn 0.6690 0.3653 0.6473
vn 0.7071 -0.0003 0.7071
vn 0.6507 0.3914 0.6507
vn 0.6254 0.2723 0.7312
vn 0.6660 0.3360 0.6660
vn 0.2617 0.8043 -0.5335
vn 0.9957 0.0514 -0.0777
vn -0.0708 0.0536 -0.9961
vn 0.0315 -0.0000 0.9995
vn -0.0666 -0.0000 0.9978
vn -0.0000 -0.0665 0.9978
vn 1.0000 -0.0000 -0.0078
vn 1.0000 -0.0000 -0.0086
vn 0.6014 0.5230 -0.6039
vn 0.8520 0.4023 -0.3349
vn 0.4978 0.7011 0.5106
vn 0.7076 -0.0000 0.7066
vn 0.1358 -0.0011 -0.9907
vn -0.7076 -0.0000 -0.7066
vn -0.5295 -0.8433 -0.0917
vn 0.5685 -0.1524 -0.8084
vn -0.6123 0.6516 -0.4478
vn -0.4515 0.7696 0.4515
vn -0.8213 0.2789 -0.4977
vn 0.6487 -0.3981 -0.6486
vn -0.4491 -0.7724 -0.4491
vn -0.4535 0.6421 0.6181
vn 0.3388 0.8777 0.3388
vn -0.5502 0.3059 0.7770
vn 0.5029 -0.6580 0.5605
vn 0.4654 0.2989 0.8331
vn 0.5528 0.6236 0.5528
vn -0.0032 -0.0000 1.0000
vn -0.0031 -0.0000 1.0000
vn 0.5535 0.6241 0.5515
vn 0.4609 -0.7381 -0.4927
vn 0.9984 -0.0000 0.0561
vn -0.2656 -0.9268 0.2656
vn -0.7159 -0.2236 0.6615
vn -0.4882 -0.6933 0.5300
vn -0.7030 -0.0659 0.7081
vn -0.2952 -0.8675 0.4004
vn -0.6305 -0.4526 0.6306
vn -0.1944 -0.9604 0.1997
vn -0.6448 0.3637 0.6723
vn -0.9998 -0.0180 0.0001
vn -0.5049 0.7451 0.4358
vn -0.4338 0.7278 0.5312
vn -0.0015 0.9999 0.0103
vn -0.6176 -0.4871 0.6175
vn -0.6120 -0.5009 0.6120
vn 0.5938 -0.5399 -0.5966
vn 0.5928 -0.5416 -0.5961
vn 0.7052 -0.0000 -0.7091
vn 0.5439 0.6890 -0.4791
vn 0.0416 0.9991 -0.0129
vn 0.5014 0.7721 -0.3904
vn 0.4966 0.6784 -0.5415
vn -0.0017 -0.1277 -0.9918
vn 0.6423 0.3661 -0.6734
vn 0.7026 0.3312 -0.6299
vn 0.7118 -0.0066 -0.7024
vn 0.6354 -0.4527 -0.6256
vn 0.2011 -0.9597 -0.1963
vn 0.5151 -0.6888 -0.5102
vn 0.7063 -0.0683 -0.7046
vn 0.2631 -0.5418 -0.7983
vn 0.0624 0.4115 0.9093
vn 0.0775 0.9309 0.3569
vn 0.0562 0.4456 0.8935
vn -0.4963 -0.5229 0.6930
vn -0.4809 -0.5290 0.6992
vn -0.7199 -0.5178 -0.4622
vn -0.9995 -0.0000 -0.0302
vn -0.6139 0.6548 -0.4408
vn -0.1449 0.9894 0.0014
vn -0.5385 0.7582 -0.3676
vn -0.9995 -0.0000 -0.0301
vn -0.9995 -0.0000 -0.0304
vn -0.9995 -0.0000 -0.0308
vn -0.9996 -0.0000 -0.0298
vn -0.6998 0.3006 -0.6480
vn -0.8417 0.5393 -0.0280
vn -0.9994 0.0002 -0.0337
vn -0.7296 -0.6834 -0.0242
vn -0.1261 -0.9920 -0.0030
vn -0.8485 -0.5286 -0.0263
vn -0.9981 -0.0545 -0.0287
vn -0.1413 -0.9900 -0.0044
vn -0.0075 -1.0000 -0.0000
vn -0.7100 -0.0520 0.7022
vn -0.1316 -0.9848 0.1135
vn -0.6746 0.3748 0.6360
vn -0.6988 0.3028 0.6481
vn -0.9214 0.3816 0.0738
vn -0.5345 0.7573 0.3751
vn -0.4331 0.9008 0.0304
vn -0.6195 0.6569 0.4298
vn -0.7748 0.6167 0.1387
vn -0.7320 -0.6401 0.2334
vn -0.6123 -0.5002 0.6123
vn 0.5933 -0.5403 -0.5967
vn 0.7050 -0.0000 -0.7092
vn 0.3914 0.6625 -0.6387
vn 0.0087 0.9965 -0.0831
vn 0.5176 0.7721 -0.3687
vn -0.0014 0.0906 -0.9959
vn 0.6791 0.3305 -0.6555
vn 0.6485 0.3929 -0.6520
vn 0.7052 -0.0003 -0.7090
vn 0.1176 -0.8883 -0.4439
vn 0.7460 -0.1189 -0.6553
vn 0.4563 -0.8768 0.1513
vn 0.2186 -0.9510 0.2187
vn 0.5985 -0.6410 0.4805
vn 0.7060 -0.0562 0.7060
vn 0.5396 -0.6462 0.5397
vn 0.6110 -0.4706 0.6366
vn 0.1549 -0.9757 0.1548
vn 0.6200 -0.4807 0.6201
vn 0.6581 0.3657 0.6581
vn 0.7071 0.0004 0.7071
vn 0.6380 0.3579 0.6818
vn 0.6718 0.3635 0.6454
vn 0.5714 -0.2268 0.7887
vn 0.5387 0.6870 0.4877
vn 0.5479 0.6756 0.4932
vn 0.0482 0.9986 0.0235
vn 0.4693 -0.5837 0.6626
vn -0.3746 -0.5682 -0.7327
vn -0.5289 0.7023 -0.4766
vn -0.0006 0.9999 -0.0156
vn -0.4204 0.7648 -0.4881
vn -0.5424 0.6779 -0.4963
vn -0.9998 0.0197 -0.0000
vn -0.6710 0.3667 -0.6444
vn -0.6596 0.3603 -0.6596
vn -0.6566 0.3711 -0.6566
vn -0.7005 -0.0066 -0.7136
vn -0.6241 -0.4536 -0.6362
vn -0.1442 -0.9790 -0.1443
vn -0.1939 -0.9608 -0.1981
vn -0.5202 -0.6779 -0.5195
vn -0.7058 -0.0543 -0.7063
vn -0.7036 -0.0705 -0.7071
vn -0.7976 -0.5428 -0.2632
vn 0.0075 -0.9999 0.0075
vn -0.0075 -1.0000 -0.0004
vn -0.0075 -0.9999 -0.0075
vn -0.0075 -0.9999 -0.0076
vn -0.0006 -1.0000 -0.0075
vn -0.0005 -1.0000 0.0075
vn -0.0075 -0.9999 0.0074
vn -0.0076 -0.9999 -0.0075
vn -0.0007 -1.0000 -0.0075
vn 0.0076 -1.0000 -0.0000
vn 1.0000 0.0064 -0.0047
vn -0.0665 -0.0000 0.9978
vn -0.7072 -0.0000 0.7070
vn -0.7992 -0.5984 0.0562
vn -0.7072 -0.0000 0.7071
vn -0.9995 -0.0000 -0.0307
vn -0.1805 -0.6455 -0.7421
vn 0.0519 -0.9039 -0.4245
vn -0.4466 -0.8923 -0.0660
vn -0.0908 -0.0000 -0.9959
vn 0.7993 -0.5982 -0.0577
vn -0.0721 -0.9070 -0.4149
vn 0.7544 -0.1063 0.6477
vn 0.6393 -0.1223 0.7592
vn 0.6422 -0.1191 -0.7572
vn 0.4615 -0.8838 -0.0770
vn 0.2328 -0.9612 0.1479
vn 0.2861 -0.9541 0.0891
vn 0.0968 -0.9906 0.0967
vn 0.1802 -0.9821 0.0553
vn 0.1480 -0.9599 0.2383
vn 0.5504 -0.6634 0.5069
vn 0.0306 -0.9164 0.3991
vn -0.5113 -0.5714 0.6419
vn -0.0711 -0.9933 0.0910
vn -0.1754 -0.9449 0.2766
vn -0.1911 -0.9628 0.1911
vn -0.0422 -0.9867 0.1571
vn -0.5294 -0.6354 0.5621
vn -0.3357 -0.9407 0.0494
vn -0.6526 -0.5625 0.5076
vn -0.5284 -0.6766 -0.5129
vn -0.2445 -0.9609 -0.1296
vn -0.6385 -0.6331 -0.4377
vn -0.0687 -0.9953 -0.0687
vn -0.1481 -0.9876 -0.0517
vn -0.5524 -0.6316 -0.5440
vn -0.0695 -0.9423 -0.3275
vn -0.5082 -0.5739 -0.6421
vn 0.5205 -0.5593 -0.6452
vn 0.0740 -0.9520 -0.2971
vn 0.1031 -0.9894 -0.1022
vn 0.0740 -0.9844 -0.1594
vn 0.6534 -0.5967 -0.4658
vn 0.0516 -0.9883 -0.1436
vn 0.6530 -0.5670 -0.5022
vn 0.1920 -0.9263 0.3241
vn 0.3846 -0.8726 0.3012
vn 0.1722 -0.9641 0.2021
vn 0.1650 -0.9848 0.0535
vn -0.2244 -0.9401 0.2568
vn -0.0611 -0.9822 0.1774
vn -0.1993 -0.9612 0.1905
vn -0.0522 -0.9886 -0.1414
vn -0.1800 -0.9731 -0.1438
vn -0.1773 -0.9813 -0.0754
vn -0.1932 -0.9603 -0.2013
vn 0.2183 -0.9458 -0.2402
vn 0.3282 -0.9230 -0.2008
vn 0.2000 -0.9645 -0.1725
vn 0.2240 -0.9548 -0.1954
vn 0.5772 -0.4991 -0.6463
vn 0.6206 -0.4613 0.6341
vn -0.6178 -0.5185 0.5911
vn -0.7131 -0.0082 0.7011
vn -0.6149 -0.4754 0.6292
vn -0.5758 -0.5013 0.6459
vn -0.6299 -0.4573 -0.6277
vn -0.5528 -0.5221 -0.6495
vn -0.6334 -0.4809 -0.6062
vn -0.6448 -0.4988 -0.5792
vn 0.6196 -0.5185 -0.5893
vn 0.5485 -0.5167 -0.6574
vn 0.6128 0.3409 0.7129
vn -0.0664 -0.0000 0.9978
vn -0.7131 0.3412 0.6124
vn -0.9995 -0.0000 -0.0306
vn -0.6098 0.3429 -0.7146
vn -0.6697 0.3761 -0.6403
vn -0.0886 -0.0000 -0.9961
vn 0.7118 0.3420 -0.6135
vn 0.6118 0.2997 -0.7320
vn 1.0000 -0.0071 -0.0013
vn -0.4370 -0.2974 -0.8489
vn -0.4370 0.2967 -0.8491
vn -0.2016 -0.9586 -0.2013
vn 0.4937 0.7163 0.4931
vn 0.7076 -0.0000 0.7067
vn -0.7076 -0.0000 -0.7067
vn -0.2599 -0.9300 0.2599
vn -0.9998 0.0002 0.0176
vn -0.0638 -0.0006 0.9980
vn 0.9986 -0.0000 0.0536
vn 0.7047 -0.0182 0.7093
vn 0.8047 -0.4823 0.3462
vn -0.0000 -0.0781 -0.9969
vn -0.4425 0.7438 -0.5010
vn -0.5349 0.7230 -0.4373
vn -0.4356 -0.5290 -0.7283
vn 0.5925 -0.5459 0.5924
vn 0.5220 0.6865 0.5062
vn 0.0005 1.0000 0.0095
vn 0.4728 -0.7436 -0.4728
vn -0.2574 -0.9314 0.2574
vn -0.4932 0.7094 0.5035
vn 0.8541 -0.4897 -0.1753
vn 0.7044 -0.0181 -0.7096
vn -0.4521 0.6690 0.5900
vn -0.5262 0.6993 0.4838
vn 0.5594 -0.6096 -0.5617
vn 0.6722 0.3045 -0.6749
vn 0.6437 0.4096 -0.6464
vn 0.7056 -0.0005 -0.7086
vn 0.5904 -0.5475 -0.5930
vn 0.0658 -0.9956 -0.0661
vn 0.1917 -0.9624 -0.1925
vn 0.6029 -0.5197 -0.6054
vn 0.7048 -0.0481 -0.7078
vn 0.1156 -0.9865 -0.1161
vn -0.1165 -0.9863 0.1165
vn -0.7063 -0.0486 0.7062
vn -0.6045 -0.5189 0.6044
vn -0.1928 -0.9621 0.1927
vn -0.0667 -0.9955 0.0667
vn -0.5906 -0.5498 0.5906
vn -0.7070 -0.0005 0.7072
vn -0.6448 0.4104 0.6448
vn -0.6735 0.3045 0.6736
vn -0.4461 -0.7759 -0.4461
vn 0.3364 0.8796 0.3364
vn 0.5374 -0.6500 0.5374
vn -0.0953 0.9951 -0.0266
vn 0.3983 0.6674 -0.6292
vn -0.8445 -0.5148 0.1475
vn -0.7061 -0.0181 0.7079
vn 0.5247 -0.6711 0.5238
vn -0.8159 -0.3680 0.4460
vn -0.7039 -0.0175 0.7101
vn 0.3951 0.8915 -0.2217
vn -0.0786 -0.0000 -0.9969
vn -0.4541 0.1386 -0.8801
vn -0.9995 -0.0000 -0.0317
vn -0.9996 -0.0000 -0.0294
vn 0.0304 -0.0000 0.9995
vn 0.4948 -0.7144 0.4948
vn 0.6736 0.3042 0.6736
vn 0.6219 0.3877 0.6804
vn 0.6778 -0.4876 0.5503
vn 0.0662 -0.9956 0.0661
vn 0.1782 -0.9633 0.2007
vn 0.4453 -0.6257 0.6405
vn 0.7063 -0.0487 0.7063
vn 0.1027 -0.9894 0.1027
vn -0.4143 -0.9073 0.0717
vn -0.6300 -0.1433 -0.7633
vn -0.4666 -0.5976 -0.6520
vn -0.1722 -0.9646 -0.1997
vn -0.2515 -0.9676 0.0198
vn -0.6560 -0.5157 -0.5511
vn -0.6450 0.4097 -0.6451
vn -0.7010 -0.0081 -0.7131
vn -0.6734 0.3047 -0.6735
vn -0.7132 -0.0000 -0.7010
vn -0.7073 -0.0000 -0.7069
vn -0.8558 -0.2866 -0.4306
vn -0.5061 -0.6983 -0.5061
vn -0.4868 -0.7253 0.4868
vn -0.0107 0.9969 -0.0774
vn 0.6848 0.6053 0.4057
vn -0.1683 -0.4970 -0.8513
vn -0.7078 -0.0181 -0.7062
vn -0.9998 -0.0000 -0.0203
vn -0.0014 0.0872 -0.9962
vn 0.5246 -0.6710 0.5239
vn -0.4862 -0.7261 0.4862
vn 0.6569 -0.3698 -0.6570
vn -0.4496 0.7718 0.4497
vn 0.7009 -0.0082 0.7132
vn 0.7055 -0.0175 0.7085
vn -0.7128 0.0436 -0.7000
vn -0.6976 -0.0000 -0.7165
vn -0.7258 -0.0000 -0.6879
vn -0.0884 -0.0000 -0.9961
vn 0.6605 0.6845 -0.3085
vn 0.5167 0.1983 -0.8329
vn 1.0000 -0.0000 -0.0085
vn 1.0000 -0.0000 -0.0082
vn 0.8439 0.2511 0.4742
vn -0.0676 -0.0000 0.9977
vn -0.0646 -0.0000 0.9979
vn -0.8532 0.2441 0.4609
vn -0.5590 0.6096 0.5620
vn -0.9996 -0.0000 -0.0297
vn 0.4497 0.7054 0.5479
vn -0.5687 0.6893 -0.4488
vn 0.5162 0.7296 -0.4486
vn 0.0075 1.0000 0.0007
vn 0.6993 0.0313 -0.7141
vn 0.9024 0.4308 -0.0089
vn 0.9978 0.0656 -0.0037
vn 0.7211 0.0173 0.6926
vn 0.7098 0.0025 0.7044
vn -0.0515 -0.0000 0.9987
vn -0.7097 0.0026 0.7045
vn -0.7077 0.0172 0.7063
vn -0.9977 0.0540 -0.0409
vn -0.7190 0.0281 -0.6944
vn -0.7113 0.0048 -0.7029
vn -0.0889 -0.0000 -0.9960
vn 0.7051 0.0002 -0.7091
vn 0.7375 0.6535 -0.1704
vn 0.7080 0.0032 -0.7062
vn -0.5280 0.6657 -0.5273
vn -0.5266 0.6681 -0.5257
vn 0.4430 0.7049 -0.5539
vn -0.5298 0.6623 -0.5298
vn -0.5301 0.6619 -0.5300
vn -0.4959 0.7129 0.4959
vn 0.1363 -0.0000 -0.9907
vn 0.3442 0.8711 0.3502
vn 0.0081 0.9999 0.0068
vn 0.2168 0.6608 0.7186
vn 0.5868 -0.5525 0.5920
vn -0.3467 -0.8709 -0.3482
vn -0.6854 -0.6760 -0.2707
vn -0.6482 0.4142 -0.6390
vn -0.3441 0.8710 -0.3508
vn -0.5629 0.6080 -0.5599
vn 0.5103 0.6922 -0.5103
vn 0.5098 0.6930 -0.5098
vn 0.3018 0.9044 -0.3015
vn 0.9964 -0.0844 -0.0018
vn 0.8157 -0.5553 -0.1620
vn 0.4837 -0.7294 0.4837
vn 0.3652 -0.8563 0.3652
vn 0.5793 -0.7286 0.3655
vn 0.7070 -0.0000 0.7072
vn 0.5774 -0.5771 0.5776
vn 0.5952 -0.7263 0.3440
vn 0.3743 -0.8484 0.3744
vn 0.5162 -0.7097 0.4795
vn -0.0701 -0.0000 0.9975
vn -0.0483 -0.6988 0.7137
vn -0.4827 -0.7307 0.4827
vn -0.3633 -0.8579 0.3632
vn -0.3678 -0.7278 0.5788
vn -0.5794 -0.5733 0.5794
vn -0.3514 -0.7330 0.5824
vn -0.3642 -0.8572 0.3642
vn -0.4817 -0.7094 0.5145
vn -0.9994 -0.0000 -0.0332
vn -0.7160 -0.6977 -0.0220
vn -0.4961 -0.7216 -0.4830
vn -0.3958 -0.8471 -0.3547
vn -0.4996 -0.5856 -0.6383
vn -0.7053 -0.0000 -0.7089
vn -0.7070 -0.0000 -0.7072
vn -0.5716 -0.7253 -0.3837
vn -0.3679 -0.8540 -0.3679
vn -0.5222 -0.7110 -0.4708
vn -0.0983 -0.0000 -0.9952
vn -0.0652 -0.6964 -0.7147
vn 0.4835 -0.7194 -0.4987
vn 0.3606 -0.8593 -0.3627
vn 0.3780 -0.7260 -0.5745
vn 0.5739 -0.5819 -0.5762
vn 0.3721 -0.7269 -0.5772
vn 0.3645 -0.8561 -0.3664
vn 0.4676 -0.7113 -0.5248
vn 1.0000 0.0075 -0.0013
vn 0.7102 -0.0005 0.7040
vn -0.2885 -0.7293 -0.6204
vn -0.7102 -0.0000 0.7040
vn 0.7051 -0.0000 -0.7091
vn 0.7022 -0.0000 -0.7120
vn 0.7084 -0.0000 -0.7058
vn -0.7040 -0.0000 0.7102
vn -0.7102 -0.0000 -0.7040
vn 0.7040 -0.0000 0.7102
vn -0.3791 -0.6921 0.6143
vn 0.3704 -0.6955 0.6157
vn -0.6144 -0.6926 -0.3779
vn 0.6099 -0.6964 -0.3783
vn 1.0000 -0.0000 -0.0087
vn 0.7100 -0.0000 0.7042
vn -0.0683 -0.0000 0.9977
vn -0.7039 -0.0000 0.7102
vn -0.7054 -0.0000 -0.7088
vn -0.7069 -0.0000 -0.7073
vn -0.7105 -0.0000 -0.7037
vn -0.0908 -0.0001 -0.9959
vn 0.7022 -0.0000 -0.7119
vn -0.2223 0.4762 -0.8508
vn -0.6402 0.4244 0.6403
vn -0.6431 0.4159 0.6430
vn -0.6461 0.4062 0.6462
vn -0.6439 0.4134 0.6439
vn -0.2900 -0.3298 0.8984
vn -0.6419 0.4196 0.6418
vn -0.6401 0.4250 0.6400
vn -0.6403 0.4247 0.6400
vn -0.4074 -0.0479 0.9120
vn -0.4023 -0.8224 -0.4023
vn -0.4113 -0.8134 -0.4113
vn 0.3990 -0.8256 0.3990
vn 0.4066 -0.8181 0.4066
vn 0.5313 -0.7679 0.3580
vn -0.9232 -0.0000 0.3843
vn -0.5022 -0.7819 -0.3694
vn -0.7750 -0.1573 0.6121
vn -0.6420 -0.4193 0.6419
vn -0.6365 -0.4359 0.6363
vn -0.6423 -0.4181 0.6424
vn -0.0000 1.0000 -0.0002
vn -0.7207 0.6599 0.2127
vn -0.7108 0.6649 0.2295
vn -0.7213 0.6596 0.2116
vn -0.6434 -0.4148 0.6434
vn -0.3482 -0.5455 0.7624
vn -0.6202 -0.4322 0.6547
vn -0.6372 -0.4333 0.6373
vn -0.6425 0.4175 0.6425
vn -0.6424 -0.4180 0.6424
vn -0.6396 0.4266 0.6395
vn -0.6400 -0.4253 0.6399
vn -0.6397 0.4261 0.6397
vn -0.7152 -0.6573 0.2376
vn -0.6406 -0.4233 0.6406
vn -0.6408 0.4227 0.6409
vn -0.6399 0.4255 0.6399
vn -0.6423 -0.4181 0.6423
vn -0.6375 0.4327 0.6375
vn -0.7104 -0.6639 0.2334
vn -0.6397 0.4262 0.6397
vn -0.9213 -0.3889 -0.0000
vn -0.9251 0.3792 0.0181
vn -0.9230 -0.0000 0.3848
vn -0.0540 -0.3988 0.9154
vn -0.4087 -0.0000 0.9127
vn -0.9253 -0.0000 0.3792
vn -0.9254 -0.0000 0.3790
vn -0.0135 0.4060 0.9138
vn -0.0118 0.4059 0.9138
vn 0.6493 0.4501 0.6131
vn 0.6481 0.4503 0.6141
vn 0.7389 0.4818 0.4710
vn 0.7276 0.4801 0.4899
vn 0.3760 -0.0000 0.9266
vn 0.7349 0.4870 0.4720
vn 0.7011 0.6602 0.2693
vn 0.6353 0.4394 0.6351
vn 0.3504 -0.0000 0.9366
vn 0.4023 -0.7096 -0.5785
vn 0.4326 -0.7910 -0.4326
vn -0.4006 -0.7116 0.5772
vn -0.4319 -0.7918 0.4318
vn 0.0001 1.0000 -0.0000
vn -0.4383 -0.7848 0.4382
vn 0.9457 -0.0149 0.3248
vn 0.7684 -0.2013 0.6075
vn 0.4388 -0.7842 -0.4388
vn 0.5492 -0.4632 0.6955
vn 0.2738 -0.6697 0.6903
vn 0.6349 -0.4402 0.6349
vn 0.0002 1.0000 -0.0006
vn 0.6867 0.6816 0.2526
vn 0.6853 0.6825 0.2541
vn -0.0002 1.0000 -0.0003
vn 0.6269 -0.4625 0.6270
vn 0.5238 -0.4711 0.7097
vn 0.3084 -0.8998 0.3085
vn 0.6947 0.6691 0.2640
vn 0.2678 -0.6736 0.6888
vn 0.6955 -0.6718 0.2549
vn 0.6934 0.6709 0.2628
vn -0.0001 1.0000 -0.0001
vn 0.6317 -0.4494 0.6317
vn 0.6267 0.4633 0.6266
vn -0.0000 -1.0000 0.0002
vn 0.6207 -0.4588 0.6358
vn 0.6293 -0.4562 0.6291
vn 0.6294 0.4555 0.6297
vn 0.6287 0.4579 0.6286
vn -0.0000 1.0000 0.0002
vn 0.6310 -0.4514 0.6309
vn 0.6264 0.4642 0.6262
vn 0.6245 -0.4648 0.6277
vn 0.6312 0.4507 0.6313
vn 0.3732 0.5367 0.7567
vn 0.9463 -0.3232 -0.0000
vn 0.9489 -0.0000 0.3155
vn 0.9477 -0.0000 0.3190
vn 0.3431 -0.0000 0.9393
vn 0.3494 -0.0000 0.9370
vn 0.9491 -0.0000 0.3150
vn 0.9492 -0.0000 0.3148
vn -0.0000 0.3470 0.9378
vn -0.0000 0.3469 0.9379
vn -0.6495 0.3951 -0.6496
vn -0.6705 0.3885 -0.6321
vn -0.7800 0.4160 -0.4674
vn -0.7621 0.4220 -0.4911
vn -0.4550 -0.0000 -0.8905
vn -0.7676 0.4346 -0.4711
vn -0.7445 0.6343 -0.2082
vn -0.6498 0.3949 -0.6495
vn -0.4260 -0.0000 -0.9047
vn -0.0001 1.0000 -0.0000
vn -0.3734 -0.7136 0.5927
vn -0.4141 -0.8106 0.4141
vn 0.3700 -0.7188 -0.5885
vn 0.4128 -0.8119 -0.4128
vn 0.4249 -0.7993 -0.4248
vn -0.9124 -0.0154 -0.4090
vn -0.7541 -0.1737 -0.6333
vn -0.4220 -0.8025 0.4219
vn -0.5766 -0.3883 -0.7188
vn -0.6459 -0.4071 -0.6458
vn -0.0000 1.0000 0.0004
vn -0.7210 0.6645 -0.1966
vn -0.0001 1.0000 0.0003
vn -0.2116 0.9124 -0.3504
vn 0.0003 1.0000 0.0002
vn -0.6475 -0.4019 -0.6475
vn -0.1838 -0.6508 -0.7366
vn -0.3101 -0.0599 -0.9488
vn -0.2132 -0.6570 -0.7232
vn -0.7301 -0.6547 -0.1959
vn -0.7301 0.6507 -0.2087
vn -0.7284 0.6530 -0.2074
vn -0.6389 -0.4021 -0.6558
vn -0.0000 -1.0000 -0.0002
vn -0.6491 0.3964 -0.6492
vn -0.6426 -0.3874 -0.6611
vn -0.6503 -0.3931 -0.6500
vn -0.6504 0.3924 -0.6504
vn -0.6472 0.4028 -0.6472
vn -0.6462 -0.3973 -0.6516
vn -0.6490 0.3970 -0.6490
vn -0.6448 -0.4045 -0.6485
vn -0.6521 0.3868 -0.6520
vn -0.3302 0.4977 -0.8020
vn -0.9135 -0.4069 -0.0000
vn -0.9178 -0.0000 -0.3971
vn -0.9153 -0.0000 -0.4028
vn -0.4187 -0.0000 -0.9081
vn -0.4248 -0.0000 -0.9053
vn -0.9180 -0.0000 -0.3967
vn -0.9181 -0.0000 -0.3965
vn -0.0000 0.4223 -0.9064
vn -0.0000 0.4222 -0.9065
vn -0.2739 -0.9220 -0.2738
vn 0.6245 0.4164 -0.6608
vn 0.6231 0.4254 -0.6563
vn 0.4793 0.4461 -0.7558
vn 0.4986 0.4399 -0.7469
vn 0.8985 -0.0000 -0.4391
vn 0.4804 0.4530 -0.7511
vn 0.2475 0.6512 -0.7174
vn 0.6402 0.4247 -0.6402
vn 0.9120 -0.0000 -0.4101
vn -0.3993 -0.8253 -0.3993
vn 0.5940 -0.7245 0.3495
vn 0.4028 -0.8219 0.4028
vn 0.4154 -0.8093 0.4153
vn 0.3821 -0.0158 -0.9240
vn 0.6256 -0.1892 -0.7568
vn -0.4093 -0.8155 -0.4093
vn 0.7026 -0.4288 -0.5679
vn 0.7144 -0.6585 -0.2366
vn 0.6405 -0.4240 -0.6403
vn 0.2175 0.6710 -0.7089
vn 0.6381 -0.4311 -0.6380
vn 0.6939 -0.4927 -0.5250
vn 0.2843 -0.9156 -0.2842
vn 0.7109 -0.6633 -0.2338
vn 0.7071 -0.6656 -0.2386
vn 0.7171 0.6593 -0.2262
vn 0.2305 0.6672 -0.7083
vn 0.6429 -0.4163 -0.6429
vn 0.6399 0.4254 -0.6399
vn 0.6366 -0.4355 -0.6364
vn 0.6421 -0.4186 -0.6422
vn 0.6369 0.4347 -0.6368
vn 0.6396 0.4262 -0.6397
vn 0.6423 -0.4182 -0.6423
vn 0.6465 0.4049 -0.6466
vn 0.6391 -0.4334 -0.6354
vn 0.6321 0.4372 -0.6398
vn 0.7053 0.6724 -0.2245
vn 0.7801 0.5231 -0.3433
vn -0.0000 -0.3888 -0.9213
vn 0.3796 -0.0000 -0.9251
vn 0.3848 -0.0000 -0.9230
vn 0.9154 -0.0000 -0.4024
vn 0.9126 -0.0000 -0.4088
vn 0.3792 -0.0000 -0.9253
vn 0.3789 -0.0000 -0.9254
vn 0.9138 0.4063 -0.0000
vn 0.9138 0.4061 -0.0000
vn -0.3774 -0.6975 -0.6091
vn -0.0000 0.4090 0.9125
vn -0.0000 0.4090 -0.9125
vn 0.0006 -0.4435 0.8963
vn 0.0007 -0.4437 -0.8962
vn 0.9629 -0.2698 0.0106
vn 0.0107 -0.2698 -0.9629
vt 0.833754 0.976485
vt 0.914255 0.950366
vt 0.914030 0.976893
vt 0.753550 0.976306
vt 0.833757 0.950287
vt 0.673406 0.976066
vt 0.753629 0.950009
vt 0.593264 0.975820
vt 0.673488 0.949762
vt 0.513121 0.975572
vt 0.593346 0.949516
vt 0.432978 0.975325
vt 0.513203 0.949269
vt 0.352835 0.975078
vt 0.433060 0.949021
vt 0.272692 0.974831
vt 0.352917 0.948774
vt 0.192549 0.974584
vt 0.272774 0.948527
vt 0.112406 0.974337
vt 0.192631 0.948280
vt 0.032263 0.974090
vt 0.112488 0.948033
vt 0.836680 0.920089
vt 0.916793 0.893696
vt 0.916822 0.919999
vt 0.756538 0.920179
vt 0.836651 0.893786
vt 0.676396 0.920269
vt 0.756509 0.893875
vt 0.596254 0.920359
vt 0.676367 0.893965
vt 0.516111 0.920449
vt 0.596225 0.894055
vt 0.435969 0.920539
vt 0.516083 0.894145
vt 0.355830 0.920629
vt 0.435941 0.894235
vt 0.275703 0.920688
vt 0.355798 0.894333
vt 0.195206 0.920948
vt 0.275596 0.894491
vt 0.186125 0.841811
vt 0.178385 0.865643
vt 0.107021 0.829293
vt 0.186122 0.816754
vt 0.178375 0.792924
vt 0.163644 0.772654
vt 0.143371 0.757929
vt 0.119539 0.750189
vt 0.094482 0.750193
vt 0.070652 0.757939
vt 0.050383 0.772670
vt 0.035657 0.792944
vt 0.027917 0.816775
vt 0.027921 0.841833
vt 0.035667 0.865662
vt 0.050398 0.885932
vt 0.070672 0.900658
vt 0.094503 0.908397
vt 0.119561 0.908394
vt 0.143390 0.900648
vt 0.163660 0.885916
vt 0.143383 0.900651
vt 0.119553 0.908395
vt 0.107021 0.829293
vt 0.094496 0.908396
vt 0.070665 0.900653
vt 0.050393 0.885926
vt 0.035664 0.865655
vt 0.027920 0.841825
vt 0.027919 0.816767
vt 0.035661 0.792937
vt 0.050388 0.772665
vt 0.070659 0.757936
vt 0.094490 0.750192
vt 0.119547 0.750191
vt 0.143378 0.757933
vt 0.163650 0.772660
vt 0.178379 0.792931
vt 0.186122 0.816762
vt 0.186123 0.841819
vt 0.178381 0.865650
vt 0.163654 0.885922
vt 0.187911 0.842094
vt 0.179996 0.866463
vt 0.913726 0.982434
vt 0.913023 0.987960
vt 0.833703 0.981977
vt 0.187907 0.816471
vt 0.753534 0.981810
vt 0.833654 0.987474
vt 0.179986 0.792103
vt 0.753523 0.987308
vt 0.673388 0.981572
vt 0.164923 0.771376
vt 0.673376 0.987070
vt 0.593246 0.981325
vt 0.144191 0.756318
vt 0.513103 0.981078
vt 0.513090 0.986576
vt 0.119821 0.748403
vt 0.432960 0.980831
vt 0.432947 0.986329
vt 0.094199 0.748407
vt 0.352804 0.986081
vt 0.352817 0.980584
vt 0.069831 0.756328
vt 0.272661 0.985834
vt 0.272674 0.980337
vt 0.049104 0.771392
vt 0.192531 0.980089
vt 0.192518 0.985587
vt 0.034046 0.792123
vt 0.112388 0.979842
vt 0.112375 0.985340
vt 0.026132 0.816493
vt 0.032245 0.979595
vt 0.032232 0.985093
vt 0.026135 0.842116
vt 0.836685 0.925595
vt 0.916837 0.931003
vt 0.916827 0.925505
vt 0.034056 0.866483
vt 0.756543 0.925685
vt 0.756553 0.931182
vt 0.049120 0.887210
vt 0.676401 0.925774
vt 0.069851 0.902268
vt 0.596259 0.925864
vt 0.596269 0.931362
vt 0.094221 0.910183
vt 0.516116 0.925954
vt 0.119843 0.910179
vt 0.435984 0.931543
vt 0.435974 0.926045
vt 0.144211 0.902258
vt 0.355842 0.931630
vt 0.355833 0.926133
vt 0.164938 0.887195
vt 0.275782 0.931662
vt 0.275737 0.926176
vt 0.196210 0.931990
vt 0.195510 0.926483
vt 0.164932 0.887200
vt 0.144204 0.902262
vt 0.195600 0.888878
vt 0.195319 0.894420
vt 0.275649 0.883502
vt 0.275623 0.888999
vt 0.119835 0.910180
vt 0.913974 0.944829
vt 0.833723 0.939313
vt 0.913298 0.939319
vt 0.833746 0.944799
vt 0.753649 0.944505
vt 0.753663 0.939008
vt 0.094213 0.910181
vt 0.673507 0.944256
vt 0.673520 0.938758
vt 0.069844 0.902264
vt 0.593364 0.944010
vt 0.593377 0.938512
vt 0.034053 0.866476
vt 0.513234 0.938265
vt 0.513221 0.943763
vt 0.026134 0.842108
vt 0.433091 0.938018
vt 0.433078 0.943516
vt 0.026133 0.816485
vt 0.352947 0.937771
vt 0.352935 0.943269
vt 0.272805 0.937524
vt 0.272792 0.943022
vt 0.034050 0.792116
vt 0.192662 0.937277
vt 0.192649 0.942775
vt 0.049110 0.771386
vt 0.112506 0.942528
vt 0.112519 0.937030
vt 0.069839 0.756325
vt 0.032376 0.936783
vt 0.032345 0.947786
vt 0.032363 0.942281
vt 0.119830 0.748405
vt 0.916778 0.882693
vt 0.836646 0.888280
vt 0.836636 0.882782
vt 0.916788 0.888190
vt 0.756494 0.882872
vt 0.756504 0.888370
vt 0.144198 0.756322
vt 0.676362 0.888460
vt 0.676352 0.882962
vt 0.179989 0.792111
vt 0.596209 0.883052
vt 0.596220 0.888550
vt 0.516067 0.883142
vt 0.516078 0.888639
vt 0.187908 0.816479
vt 0.435925 0.883232
vt 0.435935 0.888730
vt 0.179992 0.866471
vt 0.355779 0.883331
vt 0.355791 0.888828
vt 0.638100 0.731744
vt 0.613243 0.058025
vt 0.640341 0.058190
vt 0.651441 0.731782
vt 0.684840 0.058474
vt 0.683420 0.731829
vt 0.696761 0.731843
vt 0.724630 0.058077
vt 0.723935 0.731888
vt 0.597936 0.731641
vt 0.568621 0.057443
vt 0.600552 0.057792
vt 0.685506 0.023934
vt 0.652756 0.050834
vt 0.652612 0.023519
vt 0.647344 0.058668
vt 0.653020 0.058413
vt 0.645693 0.731766
vt 0.646611 0.058654
vt 0.643575 0.731759
vt 0.645619 0.058505
vt 0.692241 0.058592
vt 0.697519 0.058290
vt 0.691287 0.731837
vt 0.691248 0.058739
vt 0.689169 0.731835
vt 0.690514 0.058749
vt 0.610913 0.731676
vt 0.607959 0.058221
vt 0.605617 0.731665
vt 0.606962 0.058314
vt 0.603685 0.731661
vt 0.606226 0.058282
vt 0.565991 0.731531
vt 0.562931 0.057722
vt 0.560245 0.731510
vt 0.562196 0.057718
vt 0.730916 0.058228
vt 0.729229 0.731896
vt 0.729918 0.058186
vt 0.613248 0.057067
vt 0.646082 0.023789
vt 0.646948 0.051344
vt 0.646185 0.051414
vt 0.646851 0.023758
vt 0.685581 0.018556
vt 0.652593 0.016964
vt 0.652607 0.018169
vt 0.568599 0.056315
vt 0.690949 0.051370
vt 0.685145 0.050775
vt 0.692036 0.024243
vt 0.691267 0.024205
vt 0.724611 0.057119
vt 0.697497 0.057333
vt 0.652967 0.056096
vt 0.684859 0.057346
vt 0.684902 0.056145
vt 0.653005 0.057293
vt 0.646793 0.017403
vt 0.646890 0.018474
vt 0.646220 0.018472
vt 0.646290 0.017652
vt 0.607929 0.057356
vt 0.607091 0.057632
vt 0.606502 0.057329
vt 0.729884 0.057322
vt 0.730638 0.057570
vt 0.691958 0.018933
vt 0.691289 0.018927
vt 0.691399 0.017858
vt 0.691899 0.018113
vt 0.562777 0.056744
vt 0.562244 0.056955
vt 0.690577 0.057807
vt 0.691184 0.057945
vt 0.690661 0.056765
vt 0.691308 0.056964
vt 0.692143 0.057721
vt 0.645718 0.057634
vt 0.646676 0.057865
vt 0.646555 0.056893
vt 0.647203 0.056697
vt 0.647285 0.057731
vt 0.620727 0.793236
vt 0.635603 0.795466
vt 0.620744 0.795579
vt 0.605876 0.793330
vt 0.605875 0.795669
vt 0.590974 0.795586
vt 0.590991 0.793246
vt 0.576041 0.795492
vt 0.576062 0.793153
vt 0.561046 0.795386
vt 0.561065 0.793049
vt 0.546016 0.795268
vt 0.546024 0.792931
vt 0.530962 0.795280
vt 0.530958 0.792947
vt 0.515895 0.792951
vt 0.515900 0.795289
vt 0.500897 0.792931
vt 0.500902 0.795268
vt 0.485999 0.792881
vt 0.486008 0.795218
vt 0.471208 0.792798
vt 0.471230 0.795140
vt 0.456603 0.795035
vt 0.456556 0.792698
vt 0.442353 0.794985
vt 0.442225 0.792647
vt 0.428771 0.795755
vt 0.428621 0.793424
vt 0.723555 0.793573
vt 0.709724 0.795009
vt 0.709867 0.792671
vt 0.695298 0.794856
vt 0.695344 0.792522
vt 0.680473 0.795021
vt 0.680471 0.792691
vt 0.665476 0.792867
vt 0.665493 0.795204
vt 0.650497 0.793009
vt 0.650516 0.795347
vt 0.635584 0.793128
vt 0.620656 0.751178
vt 0.635508 0.753644
vt 0.620646 0.753536
vt 0.605788 0.751288
vt 0.605816 0.753634
vt 0.590984 0.753738
vt 0.590939 0.751394
vt 0.576095 0.753830
vt 0.576046 0.751490
vt 0.561125 0.753909
vt 0.561084 0.751571
vt 0.546096 0.753973
vt 0.546076 0.751637
vt 0.531063 0.754008
vt 0.531085 0.751680
vt 0.516111 0.751507
vt 0.516053 0.753844
vt 0.501158 0.751340
vt 0.501088 0.753679
vt 0.486262 0.751181
vt 0.486192 0.753523
vt 0.471412 0.751033
vt 0.471359 0.753386
vt 0.456686 0.751118
vt 0.456623 0.753458
vt 0.442096 0.753338
vt 0.442283 0.750998
vt 0.428243 0.752064
vt 0.428664 0.749737
vt 0.723668 0.750096
vt 0.710128 0.753681
vt 0.709895 0.751346
vt 0.695354 0.753918
vt 0.695261 0.751584
vt 0.680381 0.753973
vt 0.680367 0.751647
vt 0.665415 0.751514
vt 0.665381 0.753850
vt 0.650463 0.751405
vt 0.650414 0.753745
vt 0.635552 0.751300
vt 0.635464 0.755757
vt 0.620633 0.755667
vt 0.605841 0.755752
vt 0.591030 0.755850
vt 0.576147 0.755937
vt 0.561167 0.756009
vt 0.546114 0.756069
vt 0.531041 0.756093
vt 0.515996 0.755941
vt 0.501019 0.755783
vt 0.486125 0.755634
vt 0.471309 0.755509
vt 0.456561 0.755565
vt 0.441918 0.755450
vt 0.427780 0.754178
vt 0.724137 0.752420
vt 0.710360 0.755782
vt 0.695443 0.756006
vt 0.680391 0.756054
vt 0.665346 0.755946
vt 0.650365 0.755849
vt 0.635422 0.757563
vt 0.620619 0.757490
vt 0.605862 0.757564
vt 0.591074 0.757655
vt 0.576199 0.757732
vt 0.561209 0.757794
vt 0.546130 0.757847
vt 0.531019 0.757861
vt 0.515943 0.757723
vt 0.500952 0.757576
vt 0.486062 0.757435
vt 0.471261 0.757323
vt 0.456508 0.757363
vt 0.441768 0.757253
vt 0.427320 0.756001
vt 0.724669 0.754530
vt 0.710569 0.757566
vt 0.695518 0.757774
vt 0.680397 0.757815
vt 0.665311 0.757725
vt 0.650315 0.757642
vt 0.635378 0.759369
vt 0.620605 0.759318
vt 0.605882 0.759379
vt 0.591120 0.759461
vt 0.576255 0.759523
vt 0.561252 0.759571
vt 0.546145 0.759614
vt 0.530995 0.759616
vt 0.515888 0.759497
vt 0.500883 0.759363
vt 0.485998 0.759236
vt 0.471215 0.759140
vt 0.456459 0.759161
vt 0.441625 0.759054
vt 0.426822 0.757845
vt 0.725204 0.756346
vt 0.710779 0.759340
vt 0.695592 0.759528
vt 0.680400 0.759562
vt 0.665274 0.759495
vt 0.650262 0.759430
vt 0.635332 0.761507
vt 0.620589 0.761486
vt 0.605901 0.761528
vt 0.591169 0.761599
vt 0.576314 0.761643
vt 0.561300 0.761675
vt 0.546160 0.761707
vt 0.530969 0.761691
vt 0.515828 0.761598
vt 0.500808 0.761480
vt 0.485930 0.761368
vt 0.471162 0.761292
vt 0.456403 0.761285
vt 0.441471 0.761180
vt 0.426240 0.760060
vt 0.725790 0.758177
vt 0.711010 0.761435
vt 0.695671 0.761602
vt 0.680404 0.761627
vt 0.665235 0.761591
vt 0.650207 0.761548
vt 0.635291 0.763883
vt 0.620575 0.763891
vt 0.605919 0.763913
vt 0.591215 0.763974
vt 0.576369 0.764003
vt 0.561343 0.764019
vt 0.546173 0.764042
vt 0.530945 0.764005
vt 0.515772 0.763937
vt 0.500737 0.763834
vt 0.485865 0.763735
vt 0.471113 0.763678
vt 0.456351 0.763638
vt 0.441328 0.763533
vt 0.425661 0.762564
vt 0.726463 0.760379
vt 0.711231 0.763760
vt 0.695746 0.763910
vt 0.680408 0.763927
vt 0.665200 0.763926
vt 0.650156 0.763903
vt 0.635261 0.766263
vt 0.620566 0.766293
vt 0.605934 0.766298
vt 0.591251 0.766356
vt 0.576411 0.766374
vt 0.561376 0.766379
vt 0.546182 0.766397
vt 0.530924 0.766345
vt 0.515727 0.766294
vt 0.500681 0.766199
vt 0.485813 0.766106
vt 0.471073 0.766059
vt 0.456311 0.765989
vt 0.441218 0.765884
vt 0.425199 0.765115
vt 0.727120 0.762869
vt 0.711404 0.766095
vt 0.695806 0.766236
vt 0.680415 0.766251
vt 0.665175 0.766276
vt 0.650119 0.766270
vt 0.635243 0.768648
vt 0.620561 0.768689
vt 0.605947 0.768684
vt 0.591275 0.768741
vt 0.576438 0.768755
vt 0.561396 0.768755
vt 0.546188 0.768772
vt 0.530909 0.768710
vt 0.515694 0.768667
vt 0.500639 0.768576
vt 0.485774 0.768482
vt 0.471043 0.768434
vt 0.456282 0.768338
vt 0.441149 0.768236
vt 0.424891 0.767704
vt 0.727627 0.765407
vt 0.711518 0.768440
vt 0.695849 0.768579
vt 0.680422 0.768598
vt 0.665161 0.768643
vt 0.650097 0.768647
vt 0.635238 0.771037
vt 0.620563 0.771080
vt 0.605956 0.771070
vt 0.591286 0.771131
vt 0.576450 0.771143
vt 0.561405 0.771142
vt 0.546189 0.771160
vt 0.530899 0.771093
vt 0.515674 0.771051
vt 0.500614 0.770959
vt 0.485750 0.770861
vt 0.471024 0.770803
vt 0.456266 0.770687
vt 0.441123 0.770590
vt 0.424759 0.770317
vt 0.727947 0.767982
vt 0.711570 0.770793
vt 0.695872 0.770933
vt 0.680430 0.770964
vt 0.665159 0.771020
vt 0.650090 0.771032
vt 0.620571 0.773467
vt 0.605959 0.773460
vt 0.591285 0.773520
vt 0.576444 0.773532
vt 0.561398 0.773528
vt 0.546183 0.773545
vt 0.530895 0.773480
vt 0.515669 0.773435
vt 0.500608 0.773342
vt 0.485743 0.773241
vt 0.471016 0.773168
vt 0.456255 0.773040
vt 0.441121 0.772946
vt 0.424853 0.772934
vt 0.727975 0.773176
vt 0.711539 0.773146
vt 0.695870 0.773285
vt 0.680439 0.773332
vt 0.665170 0.773398
vt 0.650101 0.773417
vt 0.635248 0.773426
vt 0.620583 0.775854
vt 0.605956 0.775857
vt 0.591270 0.775907
vt 0.576422 0.775913
vt 0.561379 0.775904
vt 0.546172 0.775910
vt 0.530895 0.775853
vt 0.515677 0.775809
vt 0.500618 0.775718
vt 0.485750 0.775616
vt 0.471017 0.775532
vt 0.456256 0.775398
vt 0.441162 0.775301
vt 0.425122 0.775534
vt 0.727682 0.775760
vt 0.711444 0.775495
vt 0.695846 0.775619
vt 0.680447 0.775688
vt 0.665192 0.775764
vt 0.650127 0.775794
vt 0.635270 0.775812
vt 0.620597 0.778240
vt 0.605950 0.778257
vt 0.591243 0.778289
vt 0.576386 0.778283
vt 0.561347 0.778263
vt 0.546156 0.778251
vt 0.530898 0.778206
vt 0.515696 0.778166
vt 0.500643 0.778084
vt 0.485770 0.777986
vt 0.471027 0.777897
vt 0.456267 0.777764
vt 0.441244 0.777659
vt 0.425547 0.778100
vt 0.727200 0.778313
vt 0.711291 0.777834
vt 0.695803 0.777930
vt 0.680453 0.778023
vt 0.665224 0.778114
vt 0.650166 0.778160
vt 0.635303 0.778191
vt 0.620614 0.780626
vt 0.605937 0.780662
vt 0.591206 0.780667
vt 0.576337 0.780643
vt 0.561305 0.780604
vt 0.546134 0.780566
vt 0.530904 0.780537
vt 0.515726 0.780505
vt 0.500682 0.780437
vt 0.485802 0.780351
vt 0.471044 0.780261
vt 0.456290 0.780134
vt 0.441360 0.780020
vt 0.426090 0.780626
vt 0.726566 0.780822
vt 0.711088 0.780166
vt 0.695742 0.780219
vt 0.680458 0.780337
vt 0.665264 0.780447
vt 0.650219 0.780515
vt 0.635346 0.780566
vt 0.620632 0.782746
vt 0.605923 0.782798
vt 0.591165 0.782777
vt 0.576283 0.782733
vt 0.561258 0.782675
vt 0.546111 0.782611
vt 0.530913 0.782597
vt 0.515761 0.782576
vt 0.500727 0.782523
vt 0.485840 0.782450
vt 0.471067 0.782363
vt 0.456321 0.782243
vt 0.441489 0.782126
vt 0.426633 0.782832
vt 0.725921 0.783013
vt 0.710876 0.782238
vt 0.695677 0.782246
vt 0.680463 0.782383
vt 0.665308 0.782511
vt 0.650275 0.782601
vt 0.635392 0.782672
vt 0.620652 0.784823
vt 0.605908 0.784892
vt 0.591120 0.784845
vt 0.576224 0.784782
vt 0.561209 0.784705
vt 0.546087 0.784617
vt 0.530922 0.784616
vt 0.515799 0.784605
vt 0.500776 0.784568
vt 0.485882 0.784507
vt 0.471094 0.784425
vt 0.456358 0.784314
vt 0.441631 0.784199
vt 0.427177 0.784963
vt 0.725267 0.785130
vt 0.710650 0.784276
vt 0.695604 0.784236
vt 0.680467 0.784391
vt 0.665353 0.784535
vt 0.650334 0.784646
vt 0.635441 0.784737
vt 0.620670 0.786683
vt 0.605896 0.786762
vt 0.591081 0.786699
vt 0.576175 0.786622
vt 0.561167 0.786533
vt 0.546068 0.786431
vt 0.530932 0.786438
vt 0.515830 0.786433
vt 0.500817 0.786405
vt 0.485918 0.786352
vt 0.471122 0.786272
vt 0.456398 0.786167
vt 0.441767 0.786062
vt 0.427620 0.786850
vt 0.724736 0.787009
vt 0.710448 0.786116
vt 0.695539 0.786039
vt 0.680469 0.786203
vt 0.665390 0.786359
vt 0.650384 0.786484
vt 0.635483 0.786587
vt 0.620689 0.788681
vt 0.605886 0.788767
vt 0.591048 0.788694
vt 0.576132 0.788609
vt 0.561129 0.788511
vt 0.546051 0.788399
vt 0.530942 0.788413
vt 0.515857 0.788412
vt 0.500850 0.788389
vt 0.485950 0.788339
vt 0.471151 0.788258
vt 0.456445 0.788157
vt 0.441917 0.788070
vt 0.428014 0.788865
vt 0.724266 0.789019
vt 0.710245 0.788109
vt 0.695473 0.787999
vt 0.680470 0.788168
vt 0.665423 0.788333
vt 0.650427 0.788467
vt 0.635520 0.788579
vt 0.620707 0.790714
vt 0.605881 0.790804
vt 0.591020 0.790725
vt 0.576097 0.790635
vt 0.561098 0.790534
vt 0.546038 0.790418
vt 0.530949 0.790433
vt 0.515876 0.790435
vt 0.500875 0.790414
vt 0.485975 0.790364
vt 0.471178 0.790282
vt 0.456497 0.790183
vt 0.442063 0.790114
vt 0.428329 0.790904
vt 0.723895 0.791056
vt 0.710061 0.790144
vt 0.695411 0.790012
vt 0.680470 0.790182
vt 0.665449 0.790353
vt 0.650462 0.790492
vt 0.635551 0.790608
vt 0.865353 0.546343
vt 0.860386 0.565058
vt 0.860488 0.545881
vt 0.870510 0.546881
vt 0.865138 0.565257
vt 0.875256 0.547334
vt 0.870129 0.565439
vt 0.882998 0.565824
vt 0.874760 0.565575
vt 0.891728 0.547763
vt 0.895879 0.566129
vt 0.891243 0.566017
vt 0.896511 0.547556
vt 0.900926 0.566213
vt 0.901769 0.547281
vt 0.905534 0.566265
vt 0.842997 0.545304
vt 0.851672 0.564710
vt 0.842944 0.564456
vt 0.883484 0.547641
vt 0.851765 0.545372
vt 0.864860 0.583986
vt 0.860246 0.583901
vt 0.869675 0.584017
vt 0.874210 0.584021
vt 0.882510 0.584237
vt 0.890816 0.584477
vt 0.895351 0.584719
vt 0.900218 0.584945
vt 0.842868 0.583266
vt 0.851560 0.583621
vt 0.883967 0.527525
vt 0.892305 0.527535
vt 0.875642 0.527098
vt 0.870916 0.526904
vt 0.865802 0.526689
vt 0.860957 0.526495
vt 0.843398 0.525874
vt 0.852181 0.526167
vt 0.902207 0.527645
vt 0.906539 0.547071
vt 0.897037 0.527589
vt 0.842945 0.600192
vt 0.860274 0.600659
vt 0.864721 0.600642
vt 0.869302 0.600549
vt 0.873691 0.600446
vt 0.882052 0.600676
vt 0.890417 0.600902
vt 0.894796 0.601239
vt 0.904687 0.585097
vt 0.899411 0.601572
vt 0.864789 0.616875
vt 0.869015 0.616844
vt 0.873165 0.616791
vt 0.881559 0.617056
vt 0.889953 0.617249
vt 0.894091 0.617526
vt 0.903693 0.601806
vt 0.898345 0.617784
vt 0.851608 0.600501
vt 0.843214 0.616635
vt 0.860583 0.616851
vt 0.864793 0.649024
vt 0.861018 0.633245
vt 0.864951 0.633248
vt 0.868332 0.648941
vt 0.868708 0.633191
vt 0.872069 0.648899
vt 0.872555 0.633130
vt 0.880580 0.649206
vt 0.881033 0.633438
vt 0.893288 0.633876
vt 0.889099 0.649370
vt 0.889490 0.633601
vt 0.897019 0.634141
vt 0.892834 0.649629
vt 0.900703 0.634345
vt 0.896403 0.649932
vt 0.852404 0.633178
vt 0.843856 0.648957
vt 0.843859 0.633085
vt 0.861020 0.649070
vt 0.861127 0.659907
vt 0.864885 0.660056
vt 0.868429 0.660294
vt 0.872067 0.660531
vt 0.892065 0.660873
vt 0.895690 0.660815
vt 0.899330 0.660846
vt 0.899992 0.650217
vt 0.852669 0.659881
vt 0.852452 0.649040
vt 0.888392 0.660930
vt 0.861803 0.673470
vt 0.865225 0.673972
vt 0.868180 0.674677
vt 0.880215 0.660821
vt 0.871482 0.675308
vt 0.891339 0.675209
vt 0.894368 0.674648
vt 0.897642 0.674319
vt 0.853332 0.673234
vt 0.844200 0.660174
vt 0.888005 0.675681
vt 0.862350 0.687283
vt 0.865479 0.687893
vt 0.867850 0.688718
vt 0.879738 0.675730
vt 0.870888 0.689454
vt 0.890835 0.689178
vt 0.893227 0.688440
vt 0.896130 0.687950
vt 0.853834 0.686831
vt 0.844915 0.673691
vt 0.887807 0.689792
vt 0.861923 0.700723
vt 0.865155 0.701004
vt 0.867810 0.701324
vt 0.879366 0.689819
vt 0.870916 0.701656
vt 0.890483 0.701711
vt 0.893144 0.701461
vt 0.896161 0.701263
vt 0.853530 0.700267
vt 0.845386 0.687028
vt 0.887397 0.701947
vt 0.864635 0.711969
vt 0.867342 0.712108
vt 0.870565 0.712243
vt 0.879171 0.702011
vt 0.887514 0.712531
vt 0.890720 0.712476
vt 0.893438 0.712386
vt 0.844472 0.711090
vt 0.845128 0.699958
vt 0.861355 0.711812
vt 0.863919 0.726864
vt 0.866825 0.726402
vt 0.870196 0.726028
vt 0.878840 0.726180
vt 0.879040 0.712445
vt 0.887465 0.726395
vt 0.890805 0.726917
vt 0.896500 0.712265
vt 0.893704 0.727518
vt 0.852890 0.711483
vt 0.843543 0.726729
vt 0.860515 0.727148
vt 0.863553 0.739324
vt 0.866500 0.739019
vt 0.869881 0.738722
vt 0.878537 0.738648
vt 0.887130 0.739118
vt 0.890468 0.739580
vt 0.896872 0.727962
vt 0.893392 0.740046
vt 0.851977 0.727177
vt 0.843113 0.739938
vt 0.860123 0.739573
vt 0.863381 0.752032
vt 0.866238 0.751583
vt 0.869578 0.751138
vt 0.886646 0.751534
vt 0.889953 0.752149
vt 0.896568 0.740473
vt 0.892808 0.752770
vt 0.851588 0.739900
vt 0.843112 0.753628
vt 0.860025 0.752485
vt 0.860536 0.765714
vt 0.863804 0.765708
vt 0.866524 0.765900
vt 0.878123 0.750850
vt 0.869610 0.766021
vt 0.888440 0.766417
vt 0.891221 0.766374
vt 0.894322 0.766546
vt 0.895935 0.753410
vt 0.852158 0.766402
vt 0.851608 0.753239
vt 0.885329 0.766384
vt 0.860930 0.776433
vt 0.864040 0.776529
vt 0.866612 0.776840
vt 0.877463 0.765955
vt 0.869530 0.777070
vt 0.887377 0.777336
vt 0.890083 0.777149
vt 0.893160 0.777169
vt 0.852761 0.777072
vt 0.843775 0.767332
vt 0.884382 0.777419
vt 0.470460 0.853959
vt 0.474886 0.859456
vt 0.450914 0.861399
vt 0.426799 0.862565
vt 0.431401 0.868289
vt 0.450221 0.873505
vt 0.469547 0.870779
vt 0.474413 0.865774
vt 0.451711 0.850802
vt 0.432680 0.851465
vt 0.427517 0.856321
vt 0.885511 0.461550
vt 0.872429 0.461081
vt 0.867311 0.460971
vt 0.862460 0.460856
vt 0.853691 0.460595
vt 0.908457 0.461911
vt 0.906902 0.527708
vt 0.903765 0.461806
vt 0.898599 0.461681
vt 0.886881 0.400168
vt 0.893865 0.461563
vt 0.877165 0.461181
vt 0.878571 0.399691
vt 0.873931 0.399172
vt 0.868937 0.398535
vt 0.864200 0.397969
vt 0.846728 0.397094
vt 0.844915 0.460286
vt 0.904927 0.399381
vt 0.899863 0.399782
vt 0.895206 0.400082
vt 0.887336 0.371058
vt 0.878976 0.370703
vt 0.869950 0.370647
vt 0.865414 0.370609
vt 0.856719 0.370263
vt 0.855472 0.397296
vt 0.909120 0.371478
vt 0.909530 0.399054
vt 0.904752 0.371348
vt 0.895697 0.371046
vt 0.887743 0.343534
vt 0.875205 0.343336
vt 0.874588 0.370653
vt 0.870852 0.343629
vt 0.866527 0.343864
vt 0.857856 0.343679
vt 0.848053 0.369609
vt 0.908778 0.344874
vt 0.900080 0.371173
vt 0.904641 0.344426
vt 0.900270 0.343922
vt 0.888202 0.321363
vt 0.896082 0.343554
vt 0.879406 0.343165
vt 0.875768 0.321405
vt 0.871416 0.321956
vt 0.867096 0.322431
vt 0.858433 0.322501
vt 0.849237 0.342878
vt 0.909114 0.323469
vt 0.904986 0.322774
vt 0.900622 0.321999
vt 0.888691 0.301471
vt 0.896454 0.321433
vt 0.879956 0.321041
vt 0.876249 0.301060
vt 0.871860 0.301010
vt 0.867526 0.300953
vt 0.858842 0.300712
vt 0.849782 0.321705
vt 0.909808 0.301917
vt 0.905611 0.301779
vt 0.901161 0.301628
vt 0.889152 0.281476
vt 0.896930 0.301503
vt 0.880470 0.301127
vt 0.880836 0.281104
vt 0.876720 0.280654
vt 0.872489 0.280059
vt 0.868254 0.279506
vt 0.850946 0.278906
vt 0.850113 0.300329
vt 0.905901 0.280825
vt 0.901609 0.281228
vt 0.897477 0.281489
vt 0.889723 0.260840
vt 0.881397 0.260487
vt 0.877248 0.260260
vt 0.872974 0.259965
vt 0.859601 0.278941
vt 0.868722 0.259670
vt 0.851508 0.259152
vt 0.906559 0.260777
vt 0.909982 0.280464
vt 0.902224 0.260865
vt 0.898063 0.260891
vt 0.890278 0.239841
vt 0.881958 0.239464
vt 0.877789 0.239422
vt 0.873471 0.239415
vt 0.860125 0.259307
vt 0.869200 0.239402
vt 0.852161 0.238865
vt 0.907151 0.240306
vt 0.910669 0.260687
vt 0.902784 0.240082
vt 0.898612 0.239902
vt 0.890777 0.219250
vt 0.878440 0.218891
vt 0.874177 0.218975
vt 0.869922 0.219066
vt 0.861322 0.218952
vt 0.860689 0.239232
vt 0.911543 0.220225
vt 0.911276 0.240520
vt 0.907441 0.219888
vt 0.903131 0.219562
vt 0.891180 0.200602
vt 0.899012 0.219322
vt 0.882557 0.218877
vt 0.878866 0.200272
vt 0.874751 0.200307
vt 0.870598 0.200359
vt 0.862018 0.200233
vt 0.852695 0.218521
vt 0.911665 0.201408
vt 0.907669 0.201151
vt 0.903509 0.200904
vt 0.891502 0.181704
vt 0.899478 0.200718
vt 0.882894 0.200292
vt 0.879281 0.181368
vt 0.875433 0.181439
vt 0.871463 0.181509
vt 0.862932 0.181312
vt 0.853414 0.199817
vt 0.911441 0.182573
vt 0.907631 0.182291
vt 0.903738 0.182015
vt 0.891704 0.165802
vt 0.899862 0.181816
vt 0.883153 0.181373
vt 0.879710 0.165419
vt 0.876210 0.165448
vt 0.872449 0.165471
vt 0.863890 0.165208
vt 0.854406 0.180743
vt 0.910794 0.166485
vt 0.907222 0.166269
vt 0.903694 0.166056
vt 0.891925 0.151121
vt 0.900050 0.165900
vt 0.883356 0.165456
vt 0.880094 0.150645
vt 0.876852 0.150550
vt 0.873246 0.150450
vt 0.864685 0.150118
vt 0.855382 0.164678
vt 0.910456 0.151486
vt 0.907053 0.151388
vt 0.903792 0.151306
vt 0.892271 0.136845
vt 0.900256 0.151214
vt 0.883583 0.150764
vt 0.880640 0.136286
vt 0.877502 0.136094
vt 0.873935 0.135885
vt 0.865294 0.135505
vt 0.856165 0.149768
vt 0.910415 0.136952
vt 0.907038 0.136938
vt 0.903861 0.136948
vt 0.892591 0.124407
vt 0.900498 0.136900
vt 0.884061 0.136448
vt 0.884308 0.124094
vt 0.880856 0.123926
vt 0.877669 0.123699
vt 0.874147 0.123464
vt 0.857292 0.123021
vt 0.856660 0.135294
vt 0.907620 0.124444
vt 0.904368 0.124521
vt 0.900896 0.124516
vt 0.892853 0.112169
vt 0.884642 0.111851
vt 0.881297 0.111634
vt 0.878262 0.111353
vt 0.865764 0.123145
vt 0.874804 0.111109
vt 0.857872 0.110876
vt 0.907507 0.112032
vt 0.911010 0.124362
vt 0.904424 0.112194
vt 0.901068 0.112258
vt 0.893232 0.097396
vt 0.884939 0.097144
vt 0.881632 0.097173
vt 0.878671 0.097228
vt 0.866356 0.110916
vt 0.875269 0.097299
vt 0.858508 0.097429
vt 0.907798 0.098031
vt 0.910798 0.111886
vt 0.904818 0.097818
vt 0.901519 0.097608
vt 0.893838 0.082134
vt 0.882317 0.082361
vt 0.879173 0.082929
vt 0.875623 0.083477
vt 0.866965 0.088607
vt 0.866837 0.097446
vt 0.911729 0.084611
vt 0.911005 0.098264
vt 0.908440 0.083842
vt 0.905319 0.083069
vt 0.894445 0.069218
vt 0.901953 0.082443
vt 0.885727 0.081948
vt 0.886034 0.069086
vt 0.882499 0.069003
vt 0.879215 0.068876
vt 0.866919 0.079819
vt 0.871252 0.069052
vt 0.871164 0.081638
vt 0.861268 0.069720
vt 0.862644 0.081197
vt 0.911744 0.069880
vt 0.906366 0.069695
vt 0.902842 0.069577
vt 0.904086 0.054341
vt 0.895212 0.053686
vt 0.886268 0.053786
vt 0.882523 0.054409
vt 0.875602 0.068863
vt 0.879079 0.055177
vt 0.866675 0.063443
vt 0.866788 0.069359
vt 0.911052 0.056157
vt 0.909671 0.069751
vt 0.907719 0.055188
vt 0.532342 0.827446
vt 0.543403 0.826271
vt 0.543257 0.833392
vt 0.543209 0.840241
vt 0.554393 0.839503
vt 0.557496 0.835885
vt 0.557310 0.831385
vt 0.554453 0.827774
vt 0.529052 0.831000
vt 0.529058 0.835462
vt 0.532053 0.839172
vt 0.858309 0.084169
vt 0.856281 0.070156
vt 0.870919 0.060025
vt 0.875361 0.055920
vt 0.536470 0.825023
vt 0.550256 0.825194
vt 0.862400 0.061031
vt 0.857703 0.057082
vt 0.907867 0.053967
vt 0.911205 0.055031
vt 0.914577 0.055985
vt 0.914315 0.057034
vt 0.861483 0.056470
vt 0.857820 0.056008
vt 0.866521 0.057147
vt 0.871648 0.055541
vt 0.875314 0.054858
vt 0.879043 0.054034
vt 0.882504 0.053171
vt 0.886276 0.052481
vt 0.895281 0.052369
vt 0.904213 0.053045
vt 0.451911 0.847802
vt 0.472098 0.851687
vt 0.431370 0.848989
vt 0.424815 0.855693
vt 0.424348 0.863880
vt 0.430120 0.870851
vt 0.450035 0.876367
vt 0.470497 0.873476
vt 0.476681 0.867426
vt 0.477625 0.859255
vt 0.851905 0.616723
vt 0.902379 0.617973
vt 0.808371 0.445421
vt 0.814442 0.414721
vt 0.814805 0.445558
vt 0.821565 0.414790
vt 0.822196 0.445749
vt 0.827767 0.414851
vt 0.828629 0.445922
vt 0.836242 0.414479
vt 0.772138 0.415087
vt 0.777988 0.445948
vt 0.771559 0.446180
vt 0.778340 0.414972
vt 0.785375 0.445689
vt 0.785462 0.414842
vt 0.791807 0.445494
vt 0.791710 0.414728
vt 0.800092 0.445454
vt 0.808194 0.414663
vt 0.813453 0.390910
vt 0.819908 0.391087
vt 0.825627 0.391200
vt 0.833891 0.390491
vt 0.774088 0.391409
vt 0.779806 0.391249
vt 0.786260 0.391020
vt 0.791942 0.390816
vt 0.799950 0.414802
vt 0.807768 0.390752
vt 0.812371 0.367970
vt 0.818354 0.367910
vt 0.823655 0.367799
vt 0.831347 0.367037
vt 0.775877 0.367988
vt 0.781179 0.368057
vt 0.787162 0.368069
vt 0.792431 0.368038
vt 0.799855 0.390835
vt 0.807102 0.367980
vt 0.811502 0.345148
vt 0.817450 0.345152
vt 0.822629 0.345126
vt 0.776728 0.345305
vt 0.781907 0.345290
vt 0.787855 0.345240
vt 0.793027 0.345181
vt 0.799766 0.367977
vt 0.806329 0.345128
vt 0.811213 0.322677
vt 0.816996 0.322724
vt 0.822035 0.322783
vt 0.829543 0.344720
vt 0.777150 0.322958
vt 0.782188 0.322860
vt 0.787970 0.322768
vt 0.793072 0.322696
vt 0.799678 0.345146
vt 0.806059 0.301837
vt 0.806112 0.322645
vt 0.815571 0.301245
vt 0.820087 0.300946
vt 0.826895 0.300599
vt 0.778929 0.301110
vt 0.783448 0.301372
vt 0.792964 0.301889
vt 0.799591 0.322645
vt 0.806013 0.282675
vt 0.810502 0.301586
vt 0.810295 0.282436
vt 0.815051 0.282151
vt 0.819330 0.281922
vt 0.783817 0.282281
vt 0.788575 0.282526
vt 0.788519 0.301674
vt 0.792861 0.282730
vt 0.799511 0.301810
vt 0.810017 0.263254
vt 0.814332 0.264230
vt 0.818301 0.265087
vt 0.825065 0.265277
vt 0.780429 0.265253
vt 0.779537 0.282086
vt 0.784389 0.264364
vt 0.788695 0.263351
vt 0.792683 0.262598
vt 0.799436 0.282612
vt 0.806021 0.262536
vt 0.809837 0.246228
vt 0.814041 0.246202
vt 0.817976 0.246204
vt 0.824734 0.246079
vt 0.780610 0.246375
vt 0.784495 0.246353
vt 0.788704 0.246343
vt 0.792620 0.246335
vt 0.799352 0.262531
vt 0.805922 0.246251
vt 0.809634 0.229530
vt 0.814041 0.229410
vt 0.818021 0.229337
vt 0.784354 0.229538
vt 0.788756 0.229606
vt 0.799193 0.229670
vt 0.792797 0.229642
vt 0.805696 0.215399
vt 0.805591 0.229614
vt 0.813512 0.215703
vt 0.817328 0.215903
vt 0.824715 0.229091
vt 0.780916 0.216060
vt 0.780317 0.229502
vt 0.784733 0.215820
vt 0.792548 0.215423
vt 0.799127 0.215328
vt 0.809652 0.201683
vt 0.809432 0.215525
vt 0.813506 0.202479
vt 0.817135 0.203187
vt 0.824072 0.215754
vt 0.781003 0.203358
vt 0.784626 0.202621
vt 0.788813 0.215596
vt 0.788474 0.201798
vt 0.792192 0.201197
vt 0.805931 0.201104
vt 0.809415 0.190690
vt 0.813363 0.191164
vt 0.817077 0.191575
vt 0.823864 0.191457
vt 0.780958 0.191747
vt 0.784667 0.191302
vt 0.788611 0.190792
vt 0.792336 0.190412
vt 0.799056 0.201155
vt 0.805686 0.190345
vt 0.809211 0.178289
vt 0.813334 0.178306
vt 0.817186 0.178302
vt 0.780725 0.178473
vt 0.784576 0.178441
vt 0.788699 0.178385
vt 0.798955 0.178398
vt 0.792505 0.178333
vt 0.805481 0.164845
vt 0.805405 0.178272
vt 0.809203 0.164657
vt 0.813169 0.164419
vt 0.816829 0.164179
vt 0.823888 0.177853
vt 0.784610 0.164551
vt 0.788577 0.164753
vt 0.792300 0.164906
vt 0.799189 0.166371
vt 0.805470 0.152258
vt 0.808896 0.152054
vt 0.815859 0.151572
vt 0.823540 0.163559
vt 0.781801 0.151726
vt 0.780949 0.164344
vt 0.788763 0.152148
vt 0.792195 0.152322
vt 0.799199 0.153734
vt 0.805402 0.140785
vt 0.811432 0.140345
vt 0.812435 0.151815
vt 0.814573 0.140071
vt 0.822500 0.150852
vt 0.782984 0.140202
vt 0.785223 0.151940
vt 0.786118 0.140446
vt 0.792157 0.140838
vt 0.799127 0.142398
vt 0.805400 0.130215
vt 0.808452 0.140584
vt 0.808393 0.130154
vt 0.811261 0.130055
vt 0.814261 0.129932
vt 0.821315 0.139422
vt 0.786200 0.130137
vt 0.789066 0.130211
vt 0.789099 0.140660
vt 0.792061 0.130252
vt 0.799059 0.131875
vt 0.805400 0.119396
vt 0.808417 0.119428
vt 0.811324 0.119444
vt 0.814329 0.119435
vt 0.820969 0.129643
vt 0.783204 0.130048
vt 0.786046 0.119514
vt 0.788948 0.119471
vt 0.791959 0.119422
vt 0.798993 0.121085
vt 0.808553 0.108519
vt 0.811613 0.108655
vt 0.814711 0.108773
vt 0.821042 0.119434
vt 0.782565 0.108872
vt 0.783035 0.119546
vt 0.785675 0.108717
vt 0.788729 0.108556
vt 0.798933 0.110231
vt 0.791841 0.108435
vt 0.805421 0.108414
vt 0.808682 0.097512
vt 0.811749 0.097718
vt 0.814846 0.097916
vt 0.821563 0.098055
vt 0.782329 0.098010
vt 0.785447 0.097783
vt 0.788512 0.097557
vt 0.798882 0.099514
vt 0.791640 0.097417
vt 0.805530 0.097385
vt 0.808513 0.084641
vt 0.811286 0.084889
vt 0.814247 0.085111
vt 0.821094 0.085194
vt 0.782840 0.085198
vt 0.785809 0.084959
vt 0.788581 0.084697
vt 0.798834 0.086474
vt 0.791541 0.084542
vt 0.805544 0.084502
vt 0.808236 0.072257
vt 0.810956 0.072597
vt 0.813896 0.072855
vt 0.820721 0.073278
vt 0.783122 0.072939
vt 0.786060 0.072667
vt 0.788779 0.072315
vt 0.798799 0.073779
vt 0.791676 0.072049
vt 0.805338 0.072004
vt 0.807716 0.053756
vt 0.810888 0.053156
vt 0.820787 0.052317
vt 0.814053 0.052591
vt 0.786044 0.053213
vt 0.789218 0.053797
vt 0.798663 0.055403
vt 0.792356 0.054170
vt 0.804690 0.034434
vt 0.804579 0.054145
vt 0.807436 0.033613
vt 0.810031 0.032461
vt 0.812618 0.031436
vt 0.782877 0.052664
vt 0.786808 0.032518
vt 0.789408 0.033657
vt 0.792158 0.034465
vt 0.798503 0.037025
vt 0.488289 0.853133
vt 0.488413 0.849926
vt 0.496827 0.852243
vt 0.490276 0.847475
vt 0.496633 0.846307
vt 0.490050 0.855752
vt 0.496571 0.856584
vt 0.481443 0.849055
vt 0.481519 0.854947
vt 0.504947 0.853223
vt 0.511511 0.849173
vt 0.511384 0.855074
vt 0.504846 0.850009
vt 0.508359 0.844109
vt 0.503000 0.847541
vt 0.496505 0.841095
vt 0.484629 0.844032
vt 0.484771 0.859890
vt 0.496463 0.864951
vt 0.508083 0.859993
vt 0.763658 0.414785
vt 0.762987 0.446346
vt 0.765819 0.390764
vt 0.768180 0.367285
vt 0.769812 0.344952
vt 0.770389 0.322745
vt 0.772119 0.300816
vt 0.772819 0.281927
vt 0.773668 0.265499
vt 0.773847 0.246326
vt 0.773625 0.229330
vt 0.774170 0.215971
vt 0.774288 0.203447
vt 0.774171 0.191690
vt 0.774019 0.178088
vt 0.774232 0.163789
vt 0.775157 0.151068
vt 0.776241 0.139624
vt 0.776501 0.129838
vt 0.776355 0.119623
vt 0.775874 0.109120
vt 0.775592 0.098233
vt 0.775987 0.085341
vt 0.776301 0.073399
vt 0.776142 0.052420
vt 0.784216 0.031504
vt 0.778648 0.030635
vt 0.799272 0.246334
vt 0.799010 0.190413
vt 0.503161 0.855836
vt 0.808471 0.476325
vt 0.814642 0.476522
vt 0.821658 0.476793
vt 0.827779 0.477031
vt 0.837155 0.446007
vt 0.836247 0.477516
vt 0.778812 0.476991
vt 0.772692 0.477286
vt 0.785827 0.476656
vt 0.791996 0.476404
vt 0.800231 0.476258
vt 0.813848 0.500608
vt 0.808246 0.500598
vt 0.820193 0.500667
vt 0.825824 0.500765
vt 0.834105 0.501517
vt 0.774871 0.500992
vt 0.780501 0.500845
vt 0.786844 0.500729
vt 0.792445 0.500669
vt 0.800345 0.500592
vt 0.812968 0.524123
vt 0.807796 0.524052
vt 0.818815 0.524272
vt 0.824013 0.524466
vt 0.831659 0.525199
vt 0.776883 0.524672
vt 0.782079 0.524433
vt 0.787925 0.524234
vt 0.793096 0.524117
vt 0.800446 0.524123
vt 0.812283 0.547742
vt 0.807218 0.547836
vt 0.818080 0.547644
vt 0.823147 0.547588
vt 0.830018 0.547921
vt 0.777950 0.547788
vt 0.783016 0.547799
vt 0.788814 0.547846
vt 0.793878 0.547895
vt 0.800548 0.547871
vt 0.812169 0.570954
vt 0.807205 0.571169
vt 0.817843 0.570652
vt 0.822797 0.570371
vt 0.829595 0.570495
vt 0.778500 0.570569
vt 0.783458 0.570804
vt 0.789136 0.571055
vt 0.794102 0.571227
vt 0.800654 0.571213
vt 0.811768 0.592501
vt 0.807292 0.592458
vt 0.816789 0.592552
vt 0.821272 0.592591
vt 0.828052 0.592785
vt 0.780228 0.592763
vt 0.784711 0.592686
vt 0.789731 0.592593
vt 0.794206 0.592512
vt 0.800749 0.592529
vt 0.807400 0.611660
vt 0.811707 0.611675
vt 0.816496 0.611660
vt 0.827551 0.611694
vt 0.820796 0.611624
vt 0.785160 0.611780
vt 0.780859 0.611778
vt 0.789948 0.611758
vt 0.794256 0.611710
vt 0.800829 0.611760
vt 0.811602 0.630529
vt 0.807558 0.631374
vt 0.815986 0.629381
vt 0.820000 0.628363
vt 0.826767 0.628075
vt 0.781784 0.628497
vt 0.785804 0.629483
vt 0.790194 0.630599
vt 0.794244 0.631416
vt 0.800901 0.631420
vt 0.811568 0.647063
vt 0.807579 0.647108
vt 0.815880 0.647006
vt 0.819896 0.646926
vt 0.826663 0.646994
vt 0.782040 0.647049
vt 0.786001 0.647084
vt 0.790318 0.647111
vt 0.794308 0.647124
vt 0.800944 0.647069
vt 0.811449 0.663194
vt 0.807342 0.663092
vt 0.816028 0.663335
vt 0.820065 0.663448
vt 0.826752 0.663703
vt 0.785973 0.663439
vt 0.781872 0.663575
vt 0.790545 0.663281
vt 0.800993 0.663084
vt 0.794648 0.663167
vt 0.807575 0.676819
vt 0.811396 0.676790
vt 0.819333 0.676627
vt 0.815458 0.676708
vt 0.826082 0.676809
vt 0.782718 0.676748
vt 0.790661 0.676880
vt 0.786596 0.676811
vt 0.794482 0.676901
vt 0.801035 0.676959
vt 0.811628 0.690394
vt 0.807938 0.690886
vt 0.815513 0.689764
vt 0.819158 0.689195
vt 0.825900 0.689194
vt 0.782980 0.689294
vt 0.786629 0.689836
vt 0.790521 0.690434
vt 0.801071 0.690904
vt 0.794215 0.690891
vt 0.811486 0.701332
vt 0.807768 0.701565
vt 0.815422 0.701022
vt 0.819129 0.700754
vt 0.825878 0.700875
vt 0.783081 0.700848
vt 0.786789 0.701094
vt 0.790727 0.701382
vt 0.794446 0.701595
vt 0.801106 0.701559
vt 0.811370 0.713835
vt 0.807598 0.713751
vt 0.815443 0.713955
vt 0.819259 0.714075
vt 0.825963 0.714492
vt 0.783025 0.714164
vt 0.786840 0.714025
vt 0.790912 0.713885
vt 0.801140 0.713693
vt 0.794683 0.713783
vt 0.807783 0.727564
vt 0.811454 0.727794
vt 0.815341 0.728098
vt 0.818998 0.728385
vt 0.825711 0.728957
vt 0.787012 0.728161
vt 0.783358 0.728464
vt 0.790897 0.727839
vt 0.794567 0.727592
vt 0.801463 0.726036
vt 0.807930 0.740661
vt 0.811335 0.740819
vt 0.814764 0.741006
vt 0.818100 0.741180
vt 0.824757 0.741821
vt 0.787642 0.741052
vt 0.784314 0.741241
vt 0.791066 0.740847
vt 0.794475 0.740676
vt 0.801564 0.739177
vt 0.810835 0.753206
vt 0.807839 0.753100
vt 0.813786 0.753341
vt 0.816817 0.753506
vt 0.823549 0.754050
vt 0.785649 0.753565
vt 0.788674 0.753397
vt 0.791575 0.753234
vt 0.801553 0.751462
vt 0.794584 0.753118
vt 0.807858 0.764005
vt 0.813542 0.763939
vt 0.810772 0.763971
vt 0.816575 0.763930
vt 0.823292 0.764050
vt 0.785871 0.764007
vt 0.788848 0.764008
vt 0.794585 0.764039
vt 0.791670 0.764016
vt 0.801540 0.762351
vt 0.810888 0.774692
vt 0.807849 0.774812
vt 0.813832 0.774571
vt 0.816872 0.774435
vt 0.823593 0.774240
vt 0.785533 0.774526
vt 0.788622 0.774655
vt 0.791558 0.774768
vt 0.801518 0.773173
vt 0.794591 0.774869
vt 0.811336 0.785696
vt 0.808128 0.785878
vt 0.814474 0.785456
vt 0.817561 0.785235
vt 0.824191 0.784982
vt 0.788012 0.785563
vt 0.784906 0.785350
vt 0.791148 0.785788
vt 0.801528 0.784167
vt 0.794340 0.785944
vt 0.811381 0.796354
vt 0.808192 0.796521
vt 0.814517 0.796090
vt 0.817663 0.795839
vt 0.824393 0.795680
vt 0.784873 0.795974
vt 0.788041 0.796208
vt 0.791178 0.796448
vt 0.801547 0.794515
vt 0.794344 0.796586
vt 0.811295 0.808803
vt 0.808295 0.808928
vt 0.814130 0.808586
vt 0.817129 0.808386
vt 0.823980 0.808294
vt 0.785504 0.808527
vt 0.788513 0.808702
vt 0.791351 0.808892
vt 0.801593 0.807060
vt 0.794343 0.808990
vt 0.811172 0.820823
vt 0.808221 0.821014
vt 0.813904 0.820597
vt 0.816841 0.820432
vt 0.823725 0.820012
vt 0.785905 0.820579
vt 0.788842 0.820713
vt 0.791577 0.820910
vt 0.801654 0.819305
vt 0.794531 0.821070
vt 0.807579 0.838835
vt 0.810664 0.839331
vt 0.813809 0.840102
vt 0.816953 0.840810
vt 0.823628 0.841158
vt 0.789148 0.840235
vt 0.786012 0.840976
vt 0.792283 0.839431
vt 0.795361 0.838905
vt 0.801744 0.837280
vt 0.807768 0.858981
vt 0.810496 0.859868
vt 0.813045 0.861121
vt 0.815601 0.862228
vt 0.821176 0.863125
vt 0.790147 0.861242
vt 0.787603 0.862378
vt 0.792681 0.859962
vt 0.795399 0.859045
vt 0.801646 0.855685
vt 0.483767 0.830245
vt 0.492361 0.830600
vt 0.484128 0.833451
vt 0.492567 0.836502
vt 0.486167 0.835760
vt 0.485332 0.827481
vt 0.491805 0.826204
vt 0.477220 0.834616
vt 0.507198 0.832457
vt 0.500404 0.829022
vt 0.506692 0.826570
vt 0.504382 0.837725
vt 0.500503 0.832251
vt 0.498815 0.834833
vt 0.492784 0.841576
vt 0.480755 0.839407
vt 0.479757 0.823563
vt 0.476872 0.828727
vt 0.491068 0.817187
vt 0.503087 0.821873
vt 0.498454 0.826502
vt 0.764283 0.477846
vt 0.766600 0.501816
vt 0.769242 0.525468
vt 0.771049 0.548178
vt 0.771739 0.570752
vt 0.773451 0.593014
vt 0.774105 0.611903
vt 0.775016 0.628260
vt 0.775269 0.647145
vt 0.775192 0.663858
vt 0.775968 0.676973
vt 0.776238 0.689340
vt 0.776333 0.701010
vt 0.776322 0.714616
vt 0.776646 0.729066
vt 0.777663 0.741908
vt 0.778924 0.754104
vt 0.779152 0.764087
vt 0.778813 0.774305
vt 0.778261 0.785093
vt 0.778121 0.795830
vt 0.778646 0.808478
vt 0.779016 0.820224
vt 0.779342 0.841397
vt 0.782039 0.863336
vt 0.786910 0.026377
vt 0.789377 0.027471
vt 0.792072 0.028261
vt 0.798440 0.029380
vt 0.804748 0.028230
vt 0.807439 0.027427
vt 0.809900 0.026322
vt 0.812347 0.025348
vt 0.818182 0.030541
vt 0.784460 0.025415
vt 0.779193 0.024509
vt 0.787881 0.868753
vt 0.782635 0.869736
vt 0.815393 0.868606
vt 0.820651 0.869530
vt 0.812992 0.867563
vt 0.810600 0.866371
vt 0.807968 0.865509
vt 0.801634 0.864351
vt 0.795272 0.865576
vt 0.792650 0.866466
vt 0.790271 0.867684
vt 0.940669 0.251710
vt 0.944482 0.271435
vt 0.939421 0.271933
vt 0.945490 0.251186
vt 0.949941 0.270821
vt 0.950487 0.250551
vt 0.954933 0.270348
vt 0.955115 0.250063
vt 0.963431 0.270254
vt 0.971946 0.270430
vt 0.976297 0.250676
vt 0.976961 0.270944
vt 0.981304 0.251349
vt 0.982506 0.271595
vt 0.985940 0.251871
vt 0.987457 0.272098
vt 0.921711 0.271668
vt 0.931752 0.252023
vt 0.930555 0.272224
vt 0.971696 0.250149
vt 0.941132 0.237629
vt 0.950439 0.238056
vt 0.954954 0.238277
vt 0.963491 0.238420
vt 0.963417 0.250088
vt 0.972012 0.238392
vt 0.976499 0.238251
vt 0.985584 0.238069
vt 0.922910 0.251535
vt 0.932289 0.237546
vt 0.941280 0.219646
vt 0.946615 0.203046
vt 0.945951 0.219770
vt 0.951078 0.202982
vt 0.950785 0.219944
vt 0.955350 0.202955
vt 0.955358 0.220120
vt 0.963845 0.202904
vt 0.963744 0.220182
vt 0.972345 0.203060
vt 0.976765 0.220139
vt 0.972155 0.220238
vt 0.976620 0.203137
vt 0.981700 0.220067
vt 0.981125 0.203250
vt 0.986271 0.220062
vt 0.923677 0.219533
vt 0.933512 0.202936
vt 0.932522 0.219544
vt 0.963389 0.291097
vt 0.955059 0.291328
vt 0.950210 0.291513
vt 0.943754 0.291050
vt 0.938763 0.291247
vt 0.920995 0.291312
vt 0.983139 0.291288
vt 0.988001 0.291544
vt 0.976589 0.291670
vt 0.971727 0.291426
vt 0.923490 0.237682
vt 0.945702 0.237812
vt 0.981237 0.238118
vt 0.943560 0.186392
vt 0.947506 0.186475
vt 0.951301 0.186577
vt 0.955249 0.186667
vt 0.963853 0.186627
vt 0.972445 0.186766
vt 0.976368 0.186716
vt 0.980168 0.186651
vt 0.983900 0.186605
vt 0.985301 0.203322
vt 0.924802 0.202500
vt 0.934837 0.186107
vt 0.942274 0.203074
vt 0.948140 0.170164
vt 0.951611 0.170434
vt 0.955340 0.170700
vt 0.963892 0.170754
vt 0.972425 0.170797
vt 0.976142 0.170577
vt 0.979630 0.170341
vt 0.983180 0.170139
vt 0.926183 0.185688
vt 0.935816 0.169595
vt 0.944385 0.169928
vt 0.948573 0.158543
vt 0.952144 0.158612
vt 0.955757 0.158714
vt 0.963929 0.158757
vt 0.975766 0.158803
vt 0.979421 0.158798
vt 0.983091 0.158810
vt 0.927690 0.157848
vt 0.936324 0.158177
vt 0.972120 0.158846
vt 0.944798 0.158473
vt 0.949309 0.143819
vt 0.952315 0.144375
vt 0.955648 0.144871
vt 0.963933 0.144872
vt 0.972221 0.145041
vt 0.975540 0.144576
vt 0.978561 0.144051
vt 0.981831 0.143684
vt 0.928611 0.143107
vt 0.937211 0.143068
vt 0.945832 0.143404
vt 0.949503 0.130267
vt 0.952068 0.129688
vt 0.955298 0.129194
vt 0.964042 0.128987
vt 0.972737 0.129240
vt 0.975933 0.129796
vt 0.978490 0.130429
vt 0.981502 0.130912
vt 0.937578 0.130948
vt 0.946242 0.130689
vt 0.946275 0.117602
vt 0.949660 0.117453
vt 0.952514 0.117230
vt 0.955772 0.116981
vt 0.964148 0.116816
vt 0.975718 0.117380
vt 0.978573 0.117657
vt 0.981740 0.117865
vt 0.929044 0.130673
vt 0.937706 0.117748
vt 0.972488 0.117079
vt 0.946156 0.106696
vt 0.949487 0.106607
vt 0.952266 0.106471
vt 0.955545 0.106364
vt 0.964254 0.106412
vt 0.976158 0.106667
vt 0.978924 0.106876
vt 0.982011 0.107066
vt 0.929138 0.117729
vt 0.937606 0.106704
vt 0.972914 0.106490
vt 0.949384 0.091492
vt 0.952309 0.091936
vt 0.955696 0.092332
vt 0.964353 0.092449
vt 0.973024 0.092371
vt 0.976397 0.092011
vt 0.979339 0.091584
vt 0.982551 0.091260
vt 0.928807 0.090833
vt 0.937346 0.090798
vt 0.945956 0.091152
vt 0.949446 0.078409
vt 0.952358 0.078778
vt 0.955721 0.079158
vt 0.964386 0.079414
vt 0.973012 0.079200
vt 0.976352 0.078845
vt 0.979263 0.078480
vt 0.982450 0.078143
vt 0.928838 0.077089
vt 0.937404 0.077445
vt 0.946020 0.078063
vt 0.949606 0.064927
vt 0.952427 0.065528
vt 0.955745 0.066118
vt 0.964325 0.066681
vt 0.972908 0.066215
vt 0.976228 0.065625
vt 0.979080 0.065005
vt 0.982230 0.064394
vt 0.929224 0.062695
vt 0.937790 0.063288
vt 0.946263 0.064324
vt 0.947100 0.050489
vt 0.950371 0.050672
vt 0.953093 0.050673
vt 0.956191 0.050735
vt 0.964095 0.051031
vt 0.975158 0.050765
vt 0.977940 0.050766
vt 0.981062 0.050591
vt 0.938692 0.049527
vt 0.972031 0.050812
vt 0.947764 0.040669
vt 0.950899 0.040766
vt 0.953489 0.040660
vt 0.956431 0.040626
vt 0.963908 0.040809
vt 0.974435 0.040752
vt 0.977142 0.040877
vt 0.980238 0.040833
vt 0.930254 0.048428
vt 0.939527 0.039742
vt 0.971429 0.040699
vt 0.465975 0.837045
vt 0.447500 0.828249
vt 0.470487 0.832166
vt 0.424323 0.824765
vt 0.429051 0.819651
vt 0.448006 0.816001
vt 0.466656 0.820901
vt 0.470642 0.826173
vt 0.447250 0.838983
vt 0.428644 0.835858
vt 0.424413 0.830702
vt 0.962629 0.354790
vt 0.954166 0.354910
vt 0.949246 0.355042
vt 0.943890 0.355216
vt 0.938855 0.355368
vt 0.929896 0.291402
vt 0.929927 0.355519
vt 0.921009 0.355502
vt 0.981394 0.355619
vt 0.975998 0.355328
vt 0.971086 0.355091
vt 0.962021 0.416131
vt 0.953626 0.416381
vt 0.948827 0.416958
vt 0.943623 0.417702
vt 0.938703 0.418342
vt 0.929845 0.418920
vt 0.920958 0.418725
vt 0.986260 0.355875
vt 0.980444 0.418036
vt 0.975202 0.417195
vt 0.970414 0.416532
vt 0.961494 0.445455
vt 0.953054 0.445568
vt 0.948571 0.445688
vt 0.943811 0.445829
vt 0.939204 0.445952
vt 0.930434 0.446165
vt 0.921678 0.446412
vt 0.985203 0.418740
vt 0.979193 0.446287
vt 0.974398 0.446013
vt 0.969924 0.445777
vt 0.960958 0.473694
vt 0.952545 0.473800
vt 0.948313 0.473646
vt 0.943925 0.473424
vt 0.939566 0.473230
vt 0.930817 0.473226
vt 0.922085 0.473571
vt 0.982238 0.473634
vt 0.978039 0.473754
vt 0.973602 0.473893
vt 0.969364 0.473964
vt 0.960602 0.496993
vt 0.952264 0.497048
vt 0.948093 0.496597
vt 0.943786 0.495976
vt 0.939494 0.495422
vt 0.930793 0.495051
vt 0.922067 0.495426
vt 0.981669 0.495744
vt 0.977512 0.496233
vt 0.973133 0.496792
vt 0.968942 0.497178
vt 0.960344 0.518204
vt 0.951987 0.518295
vt 0.947819 0.518202
vt 0.943526 0.518066
vt 0.939251 0.517918
vt 0.930556 0.517730
vt 0.921836 0.517630
vt 0.981366 0.518144
vt 0.977235 0.518251
vt 0.972885 0.518341
vt 0.968705 0.518389
vt 0.960164 0.539578
vt 0.951741 0.539667
vt 0.947550 0.539577
vt 0.943237 0.539454
vt 0.938941 0.539320
vt 0.930225 0.539080
vt 0.921501 0.538854
vt 0.981278 0.539403
vt 0.977142 0.539529
vt 0.972782 0.539637
vt 0.968588 0.539710
vt 0.960066 0.560690
vt 0.951618 0.560795
vt 0.947363 0.560731
vt 0.942952 0.560650
vt 0.938571 0.560553
vt 0.929787 0.560331
vt 0.921020 0.560021
vt 0.981396 0.560544
vt 0.977202 0.560663
vt 0.972760 0.560751
vt 0.968512 0.560812
vt 0.960023 0.581853
vt 0.951566 0.581950
vt 0.947157 0.581718
vt 0.942523 0.581389
vt 0.938002 0.581066
vt 0.929248 0.580719
vt 0.920461 0.580703
vt 0.981933 0.581124
vt 0.977572 0.581455
vt 0.972892 0.581779
vt 0.968483 0.581993
vt 0.959840 0.602641
vt 0.951403 0.602710
vt 0.947000 0.602474
vt 0.942366 0.602120
vt 0.937839 0.601768
vt 0.929049 0.601517
vt 0.920251 0.601774
vt 0.981724 0.602071
vt 0.977357 0.602385
vt 0.972677 0.602680
vt 0.968273 0.602849
vt 0.959511 0.621976
vt 0.951324 0.622033
vt 0.947049 0.621944
vt 0.942531 0.621814
vt 0.938056 0.621672
vt 0.929210 0.621629
vt 0.920343 0.621955
vt 0.980904 0.622379
vt 0.976561 0.622378
vt 0.971981 0.622354
vt 0.967698 0.622300
vt 0.959014 0.639330
vt 0.950520 0.639219
vt 0.946491 0.639228
vt 0.942438 0.639249
vt 0.938382 0.639265
vt 0.929794 0.639329
vt 0.921220 0.639590
vt 0.975595 0.640023
vt 0.971517 0.639790
vt 0.967498 0.639591
vt 0.958475 0.655950
vt 0.949946 0.655896
vt 0.946275 0.655912
vt 0.942773 0.655924
vt 0.938947 0.655938
vt 0.930314 0.656020
vt 0.921714 0.656246
vt 0.977786 0.656745
vt 0.974221 0.656573
vt 0.970695 0.656396
vt 0.966981 0.656240
vt 0.958104 0.672494
vt 0.949620 0.672539
vt 0.946122 0.672487
vt 0.942912 0.672401
vt 0.939303 0.672331
vt 0.930643 0.672396
vt 0.922034 0.672569
vt 0.976657 0.672745
vt 0.973255 0.672759
vt 0.970018 0.672769
vt 0.966579 0.672756
vt 0.957943 0.686960
vt 0.949596 0.687079
vt 0.946137 0.687080
vt 0.942975 0.687094
vt 0.939385 0.687128
vt 0.930700 0.687214
vt 0.921992 0.687215
vt 0.976358 0.687378
vt 0.972956 0.687332
vt 0.969760 0.687280
vt 0.966298 0.687225
vt 0.957837 0.699802
vt 0.949481 0.699875
vt 0.945964 0.699845
vt 0.942684 0.699826
vt 0.939152 0.699848
vt 0.930728 0.699832
vt 0.922143 0.699778
vt 0.973069 0.700120
vt 0.969736 0.700067
vt 0.966203 0.700029
vt 0.957681 0.712078
vt 0.949459 0.712144
vt 0.946047 0.712186
vt 0.942901 0.712263
vt 0.939304 0.712336
vt 0.930728 0.712229
vt 0.922167 0.712015
vt 0.975920 0.712773
vt 0.972539 0.712592
vt 0.969337 0.712420
vt 0.965908 0.712300
vt 0.957552 0.726602
vt 0.949228 0.726571
vt 0.945847 0.726444
vt 0.942768 0.726309
vt 0.939280 0.726142
vt 0.930755 0.725702
vt 0.922331 0.725396
vt 0.972381 0.726502
vt 0.969264 0.726590
vt 0.965877 0.726673
vt 0.957657 0.741679
vt 0.949481 0.741582
vt 0.946005 0.741136
vt 0.942768 0.740576
vt 0.939153 0.739996
vt 0.930578 0.734573
vt 0.921667 0.738603
vt 0.975999 0.740094
vt 0.972573 0.740650
vt 0.969310 0.741203
vt 0.965842 0.741634
vt 0.957863 0.754723
vt 0.949343 0.754564
vt 0.945726 0.754649
vt 0.942345 0.754836
vt 0.938649 0.754866
vt 0.930220 0.743476
vt 0.934229 0.754606
vt 0.929714 0.754141
vt 0.924147 0.753507
vt 0.925949 0.741876
vt 0.973383 0.754963
vt 0.969982 0.754741
vt 0.966374 0.754627
vt 0.967310 0.771235
vt 0.958183 0.771734
vt 0.948999 0.771230
vt 0.945181 0.770538
vt 0.941676 0.769758
vt 0.937914 0.768988
vt 0.929343 0.760542
vt 0.925009 0.762982
vt 0.975491 0.755021
vt 0.974505 0.769766
vt 0.971060 0.770546
vt 0.392112 0.850273
vt 0.383722 0.854351
vt 0.383852 0.849067
vt 0.383529 0.859639
vt 0.375269 0.858581
vt 0.373112 0.855821
vt 0.373313 0.852483
vt 0.375508 0.849811
vt 0.394335 0.853114
vt 0.394167 0.856425
vt 0.391837 0.859054
vt 0.934575 0.741772
vt 0.919118 0.752704
vt 0.933518 0.764450
vt 0.388955 0.848388
vt 0.378879 0.848091
vt 0.383906 0.847120
vt 0.920123 0.767022
vt 0.375123 0.858841
vt 0.383520 0.859946
vt 0.391968 0.859322
vt 0.394434 0.856510
vt 0.394577 0.853021
vt 0.392283 0.850071
vt 0.388738 0.844340
vt 0.383954 0.840990
vt 0.379321 0.843805
vt 0.375328 0.849610
vt 0.373078 0.852372
vt 0.372840 0.855884
vt 0.469365 0.841555
vt 0.475773 0.832869
vt 0.475488 0.823550
vt 0.469540 0.815795
vt 0.448204 0.810117
vt 0.426549 0.814331
vt 0.419680 0.821905
vt 0.419044 0.831173
vt 0.424998 0.840168
vt 0.447046 0.845482
vt 0.029440 0.690428
vt 0.070915 0.727755
vt 0.029438 0.727752
vt 0.070926 0.592869
vt 0.029447 0.592866
vt 0.070941 0.389302
vt 0.029462 0.389299
vt 0.150063 0.389307
vt 0.232787 0.592880
vt 0.150048 0.592874
vt 0.232780 0.690443
vt 0.150041 0.690437
vt 0.150039 0.727761
vt 0.232777 0.727767
vt 0.070919 0.690432
vt 0.232802 0.389313
vt 0.272276 0.592883
vt 0.272269 0.690446
vt 0.272266 0.727770
vt 0.306141 0.341449
vt 0.347625 0.378766
vt 0.306147 0.378773
vt 0.347604 0.243878
vt 0.306125 0.243885
vt 0.347571 0.039657
vt 0.306091 0.039664
vt 0.426694 0.039644
vt 0.509466 0.243852
vt 0.426727 0.243866
vt 0.509482 0.341416
vt 0.426743 0.341429
vt 0.426749 0.378753
vt 0.509488 0.378740
vt 0.347620 0.341442
vt 0.509433 0.039631
vt 0.548956 0.243846
vt 0.548971 0.341409
vt 0.548977 0.378733
vt 0.301963 0.108153
vt 0.254255 0.074887
vt 0.301918 0.075673
vt 0.254417 0.192273
vt 0.302081 0.193058
vt 0.254668 0.373278
vt 0.302333 0.374063
vt 0.163745 0.371780
vt 0.068415 0.189209
vt 0.163494 0.190775
vt 0.068297 0.104305
vt 0.163376 0.105871
vt 0.163331 0.073390
vt 0.068251 0.071824
vt 0.254298 0.107368
vt 0.068666 0.370214
vt 0.023037 0.188462
vt 0.022919 0.103557
vt 0.022874 0.071076
vt 0.534378 0.441367
vt 0.492899 0.404044
vt 0.534377 0.404043
vt 0.492903 0.691372
vt 0.534381 0.617162
vt 0.534382 0.691371
vt 0.492900 0.538931
vt 0.534379 0.538930
vt 0.492902 0.617163
vt 0.413780 0.617164
vt 0.331044 0.691375
vt 0.331041 0.617166
vt 0.331040 0.538934
vt 0.413778 0.538932
vt 0.413777 0.441370
vt 0.331038 0.441371
vt 0.413776 0.404046
vt 0.331037 0.404047
vt 0.492899 0.441368
vt 0.291554 0.691375
vt 0.291552 0.617166
vt 0.291551 0.538935
vt 0.291549 0.441372
vt 0.291549 0.404048
vt 0.291555 0.728041
vt 0.331044 0.728040
vt 0.413781 0.691373
vt 0.413782 0.728039
vt 0.492904 0.728037
vt 0.534383 0.728037
vt 0.465490 0.583860
vt 0.445373 0.612121
vt 0.444404 0.611445
vt 0.467273 0.585427
vt 0.466381 0.584644
vt 0.374799 0.610453
vt 0.426325 0.641687
vt 0.420661 0.543989
vt 0.395821 0.576337
vt 0.449384 0.514474
vt 0.481656 0.488536
vt 0.489525 0.559190
vt 0.516979 0.466713
vt 0.516284 0.537730
vt 0.554786 0.449402
vt 0.545428 0.519766
vt 0.594476 0.436895
vt 0.576543 0.505555
vt 0.635427 0.429392
vt 0.609167 0.495306
vt 0.677000 0.427014
vt 0.642805 0.489173
vt 0.718554 0.429802
vt 0.676944 0.487248
vt 0.759445 0.437716
vt 0.711060 0.489563
vt 0.799040 0.450640
vt 0.744632 0.496085
vt 0.808094 0.521325
vt 0.777143 0.506722
vt 0.836719 0.468380
vt 0.837009 0.539692
vt 0.903960 0.517098
vt 0.871881 0.490658
vt 0.932445 0.547193
vt 0.863446 0.561580
vt 0.956966 0.580239
vt 0.887011 0.586715
vt 0.977498 0.615252
vt 0.907396 0.614810
vt 0.938217 0.678868
vt 0.924436 0.645597
vt 0.356670 0.644762
vt 0.410992 0.674446
vt 0.446345 0.612796
vt 0.522832 0.632792
vt 0.507886 0.652352
vt 0.428404 0.642823
vt 0.495746 0.673485
vt 0.413414 0.675423
vt 0.487039 0.695780
vt 0.935780 0.679804
vt 0.854529 0.674676
vt 0.922309 0.646647
vt 0.905412 0.616096
vt 0.843001 0.653503
vt 0.885190 0.588237
vt 0.828482 0.633858
vt 0.861822 0.563321
vt 0.811452 0.616102
vt 0.792280 0.600536
vt 0.835612 0.541626
vt 0.771299 0.587418
vt 0.806947 0.523421
vt 0.748841 0.576962
vt 0.776264 0.508946
vt 0.744035 0.498402
vt 0.725254 0.569342
vt 0.710755 0.491936
vt 0.700899 0.564682
vt 0.676934 0.489641
vt 0.676149 0.563058
vt 0.651384 0.564497
vt 0.643090 0.491549
vt 0.626979 0.568977
vt 0.609743 0.497628
vt 0.603306 0.576425
vt 0.577400 0.507788
vt 0.580724 0.586722
vt 0.546552 0.521876
vt 0.517655 0.539684
vt 0.559571 0.599699
vt 0.540170 0.615142
vt 0.491117 0.560962
vt 0.028557 0.973121
vt 0.004267 0.988577
vt 0.004153 0.973303
vt 0.052652 0.972941
vt 0.028671 0.988395
vt 0.076560 0.972762
vt 0.052766 0.988215
vt 0.480718 0.969747
vt 0.456627 0.985202
vt 0.456513 0.969928
vt 0.432702 0.985380
vt 0.432588 0.970106
vt 0.408825 0.970283
vt 0.408939 0.985558
vt 0.385247 0.985734
vt 0.385133 0.970460
vt 0.361573 0.985911
vt 0.361459 0.970637
vt 0.337895 0.986088
vt 0.337781 0.970813
vt 0.314089 0.970990
vt 0.314203 0.986264
vt 0.290494 0.986441
vt 0.290380 0.971167
vt 0.266657 0.971344
vt 0.266771 0.986618
vt 0.243034 0.986795
vt 0.242920 0.971521
vt 0.219175 0.971698
vt 0.219289 0.986973
vt 0.195446 0.971875
vt 0.195560 0.987150
vt 0.171782 0.987327
vt 0.171668 0.972053
vt 0.147911 0.972230
vt 0.148025 0.987504
vt 0.124264 0.987682
vt 0.124150 0.972407
vt 0.100374 0.972585
vt 0.100488 0.987859
vt 0.076674 0.988037
vt 0.028540 0.970860
vt 0.003123 0.835242
vt 0.027527 0.835060
vt 0.480701 0.967487
vt 0.455483 0.831867
vt 0.479688 0.831686
vt 0.456496 0.967667
vt 0.431558 0.832045
vt 0.432571 0.967846
vt 0.407795 0.832223
vt 0.385116 0.968200
vt 0.408808 0.968023
vt 0.361442 0.968376
vt 0.384103 0.832399
vt 0.337765 0.968553
vt 0.360429 0.832576
vt 0.314072 0.968730
vt 0.336751 0.832753
vt 0.290364 0.968907
vt 0.313059 0.832929
vt 0.266640 0.969084
vt 0.289351 0.833106
vt 0.242903 0.969261
vt 0.265627 0.833283
vt 0.219158 0.969438
vt 0.241890 0.833460
vt 0.194415 0.833815
vt 0.218145 0.833638
vt 0.171651 0.969792
vt 0.195429 0.969615
vt 0.147895 0.969970
vt 0.170638 0.833992
vt 0.124133 0.970147
vt 0.146881 0.834169
vt 0.099344 0.834524
vt 0.123120 0.834347
vt 0.076543 0.970502
vt 0.100358 0.970324
vt 0.052635 0.970680
vt 0.075530 0.834702
vt 0.051622 0.834880
vt 0.496841 0.673988
vt 0.027518 0.833856
vt 0.051613 0.833676
vt 0.003114 0.834038
vt 0.862404 0.696863
vt 0.853421 0.675150
vt 0.455474 0.830663
vt 0.479679 0.830482
vt 0.431549 0.830841
vt 0.841975 0.654133
vt 0.407786 0.831019
vt 0.827552 0.634622
vt 0.384094 0.831195
vt 0.810629 0.616981
vt 0.360420 0.831372
vt 0.770722 0.588474
vt 0.336742 0.831549
vt 0.313050 0.831725
vt 0.748399 0.578082
vt 0.289341 0.831902
vt 0.724954 0.570508
vt 0.265618 0.832079
vt 0.700746 0.565877
vt 0.241881 0.832256
vt 0.676145 0.564262
vt 0.218136 0.832433
vt 0.651528 0.565693
vt 0.194406 0.832610
vt 0.603740 0.577548
vt 0.170629 0.832788
vt 0.146872 0.832965
vt 0.581293 0.587783
vt 0.123111 0.833142
vt 0.540984 0.616028
vt 0.099335 0.833320
vt 0.075521 0.833498
vt 0.508900 0.653000
vt 0.523752 0.633568
vt 0.427363 0.642256
vt 0.412193 0.674956
vt 0.937008 0.679358
vt 0.923373 0.646123
vt 0.906405 0.615453
vt 0.886101 0.587475
vt 0.862634 0.562450
vt 0.836311 0.540658
vt 0.807521 0.522372
vt 0.776704 0.507833
vt 0.744334 0.497243
vt 0.710908 0.490748
vt 0.676939 0.488444
vt 0.642948 0.490360
vt 0.609455 0.496466
vt 0.576971 0.506671
vt 0.545989 0.520820
vt 0.516969 0.538706
vt 0.490321 0.560076
vt 0.590857 0.691448
vt 0.617074 0.687322
vt 0.591132 0.692625
vt 0.171791 0.988509
vt 0.195568 0.988331
vt 0.616866 0.686131
vt 0.643265 0.683502
vt 0.219297 0.988154
vt 0.643124 0.682302
vt 0.669627 0.681140
vt 0.243043 0.987977
vt 0.669544 0.679935
vt 0.696091 0.680103
vt 0.266779 0.987800
vt 0.696146 0.678894
vt 0.722545 0.681085
vt 0.290503 0.987623
vt 0.749047 0.682196
vt 0.748905 0.683396
vt 0.314212 0.987446
vt 0.775304 0.685975
vt 0.775096 0.687165
vt 0.337904 0.987269
vt 0.801036 0.692418
vt 0.361582 0.987092
vt 0.826986 0.697990
vt 0.826643 0.699149
vt 0.385255 0.986916
vt 0.851837 0.707339
vt 0.408948 0.986739
vt 0.852245 0.706202
vt 0.876538 0.716967
vt 0.432711 0.986562
vt 0.901208 0.726915
vt 0.900675 0.728000
vt 0.456636 0.986383
vt 0.924781 0.739325
vt 0.924195 0.740382
vt 0.480832 0.985021
vt 0.480841 0.986203
vt 0.947729 0.752940
vt 0.947118 0.753984
vt 0.028680 0.989576
vt 0.004276 0.989758
vt 0.445036 0.754601
vt 0.467376 0.739836
vt 0.467963 0.740892
vt 0.052775 0.989396
vt 0.490947 0.727347
vt 0.491481 0.728431
vt 0.076683 0.989218
vt 0.515623 0.717333
vt 0.100497 0.989040
vt 0.515150 0.716221
vt 0.540327 0.707649
vt 0.124273 0.988863
vt 0.539919 0.706511
vt 0.565523 0.699406
vt 0.148034 0.988686
vt 0.565181 0.698246
vt 0.004145 0.972174
vt 0.004136 0.971042
vt 0.028548 0.971992
vt 0.456505 0.968799
vt 0.480710 0.968619
vt 0.052644 0.971813
vt 0.076551 0.971634
vt 0.432580 0.968978
vt 0.408817 0.969155
vt 0.385124 0.969332
vt 0.361451 0.969509
vt 0.337773 0.969685
vt 0.314081 0.969862
vt 0.290372 0.970039
vt 0.266648 0.970216
vt 0.242912 0.970393
vt 0.219166 0.970570
vt 0.195437 0.970747
vt 0.171660 0.970925
vt 0.147903 0.971102
vt 0.124141 0.971279
vt 0.100366 0.971456
vt 0.853417 0.011875
vt 0.862351 0.012895
vt 0.853394 0.012670
vt 0.844442 0.011754
vt 0.682983 0.010626
vt 0.691998 0.011342
vt 0.683035 0.011417
vt 0.656266 0.271426
vt 0.666154 0.272209
vt 0.656266 0.272209
vt 0.646401 0.271426
vt 0.675987 0.271426
vt 0.675987 0.272209
vt 0.646401 0.272209
vt 0.636577 0.271426
vt 0.844431 0.012548
vt 0.835474 0.011661
vt 0.636577 0.272209
vt 0.626786 0.271426
vt 0.826499 0.012372
vt 0.826507 0.011578
vt 0.617021 0.272209
vt 0.617021 0.271426
vt 0.817540 0.011497
vt 0.607271 0.272209
vt 0.607271 0.271426
vt 0.808566 0.012212
vt 0.808573 0.011418
vt 0.597531 0.271426
vt 0.799606 0.011341
vt 0.587795 0.272209
vt 0.587795 0.271426
vt 0.790632 0.012058
vt 0.790638 0.011264
vt 0.578062 0.272209
vt 0.578062 0.271426
vt 0.781665 0.011983
vt 0.781671 0.011189
vt 0.568329 0.271426
vt 0.772704 0.011114
vt 0.568329 0.272209
vt 0.558582 0.271426
vt 0.763731 0.011835
vt 0.763737 0.011041
vt 0.558582 0.272209
vt 0.548851 0.271426
vt 0.754764 0.011763
vt 0.754770 0.010969
vt 0.548851 0.272209
vt 0.539101 0.271426
vt 0.745802 0.010898
vt 0.529337 0.272209
vt 0.529337 0.271426
vt 0.745796 0.011692
vt 0.736835 0.010828
vt 0.519555 0.272209
vt 0.519555 0.271426
vt 0.736830 0.011622
vt 0.727869 0.010759
vt 0.509748 0.272209
vt 0.509748 0.271426
vt 0.727863 0.011553
vt 0.718901 0.010692
vt 0.499915 0.272209
vt 0.499915 0.271426
vt 0.718896 0.011486
vt 0.709934 0.010628
vt 0.490076 0.272209
vt 0.490076 0.271426
vt 0.700963 0.011367
vt 0.700965 0.010573
vt 0.480314 0.272209
vt 0.480314 0.271426
vt 0.691988 0.010547
vt 0.656266 0.278839
vt 0.666154 0.278031
vt 0.666154 0.278839
vt 0.656266 0.278031
vt 0.646401 0.278839
vt 0.646401 0.278031
vt 0.675987 0.278031
vt 0.675987 0.278839
vt 0.656266 0.302530
vt 0.646401 0.301723
vt 0.656266 0.301723
vt 0.666154 0.301723
vt 0.666154 0.302530
vt 0.675987 0.302530
vt 0.636577 0.302530
vt 0.636577 0.301723
vt 0.636577 0.278031
vt 0.626786 0.301723
vt 0.636577 0.278839
vt 0.626786 0.278031
vt 0.626786 0.302530
vt 0.617021 0.301723
vt 0.626786 0.278839
vt 0.617021 0.278031
vt 0.607271 0.302530
vt 0.607271 0.301723
vt 0.617021 0.278839
vt 0.607271 0.278031
vt 0.597531 0.301723
vt 0.607271 0.278839
vt 0.597531 0.278031
vt 0.597531 0.302530
vt 0.587795 0.301723
vt 0.597531 0.278839
vt 0.587795 0.278031
vt 0.587795 0.302530
vt 0.578062 0.301723
vt 0.578062 0.278839
vt 0.578062 0.278031
vt 0.578062 0.302530
vt 0.568329 0.301723
vt 0.568329 0.278839
vt 0.568329 0.278031
vt 0.558582 0.302530
vt 0.558582 0.301723
vt 0.558582 0.278031
vt 0.548851 0.302530
vt 0.548851 0.301723
vt 0.558582 0.278839
vt 0.548851 0.278031
vt 0.539101 0.301723
vt 0.539101 0.278839
vt 0.539101 0.278031
vt 0.539101 0.302530
vt 0.529337 0.301723
vt 0.529337 0.278839
vt 0.529337 0.278031
vt 0.519555 0.302530
vt 0.519555 0.301723
vt 0.519555 0.278031
vt 0.509748 0.302530
vt 0.509748 0.301723
vt 0.519555 0.278839
vt 0.509748 0.278031
vt 0.499915 0.302530
vt 0.499915 0.301723
vt 0.509748 0.278839
vt 0.499915 0.278031
vt 0.490076 0.302530
vt 0.490076 0.301723
vt 0.490076 0.278839
vt 0.490076 0.278031
vt 0.480314 0.302530
vt 0.480314 0.301723
vt 0.480314 0.278031
vt 0.499915 0.009788
vt 0.509748 0.010575
vt 0.499915 0.010575
vt 0.490076 0.010575
vt 0.490076 0.009788
vt 0.480314 0.010575
vt 0.480314 0.009788
vt 0.598496 0.966925
vt 0.608272 0.961094
vt 0.608576 0.961822
vt 0.588332 0.971435
vt 0.598197 0.966180
vt 0.804536 0.971520
vt 0.794819 0.965602
vt 0.804761 0.970804
vt 0.618643 0.956516
vt 0.618927 0.957257
vt 0.509748 0.009788
vt 0.519555 0.010575
vt 0.675987 0.010575
vt 0.666154 0.009788
vt 0.675987 0.009788
vt 0.784373 0.961360
vt 0.784668 0.960623
vt 0.666154 0.010575
vt 0.656266 0.009788
vt 0.773981 0.956833
vt 0.774259 0.956092
vt 0.646401 0.010575
vt 0.646401 0.009788
vt 0.763604 0.952095
vt 0.636577 0.009788
vt 0.763357 0.952847
vt 0.752734 0.948669
vt 0.636577 0.010575
vt 0.626786 0.009788
vt 0.741513 0.946611
vt 0.741683 0.945842
vt 0.617021 0.010575
vt 0.617021 0.009788
vt 0.730485 0.943631
vt 0.607271 0.009788
vt 0.730357 0.944407
vt 0.719177 0.942052
vt 0.597531 0.010575
vt 0.597531 0.009788
vt 0.707755 0.941897
vt 0.707796 0.941112
vt 0.587795 0.010575
vt 0.587795 0.009788
vt 0.696385 0.941606
vt 0.696381 0.940820
vt 0.578062 0.009788
vt 0.685026 0.941962
vt 0.684979 0.941177
vt 0.578062 0.010575
vt 0.568329 0.009788
vt 0.673608 0.942181
vt 0.568329 0.010575
vt 0.558582 0.009788
vt 0.673698 0.942963
vt 0.662313 0.943825
vt 0.548851 0.010575
vt 0.548851 0.009788
vt 0.662447 0.944601
vt 0.651133 0.946097
vt 0.539101 0.009788
vt 0.651309 0.946866
vt 0.640105 0.948983
vt 0.539101 0.010575
vt 0.529337 0.009788
vt 0.640321 0.949744
vt 0.629263 0.952465
vt 0.529337 0.010575
vt 0.519555 0.009788
vt 0.629516 0.953215
vt 0.777836 0.977125
vt 0.767661 0.973604
vt 0.767946 0.972865
vt 0.787444 0.982635
vt 0.777519 0.977850
vt 0.757999 0.969137
vt 0.783056 0.964687
vt 0.792995 0.970440
vt 0.782760 0.965419
vt 0.772741 0.960193
vt 0.762011 0.957006
vt 0.762258 0.956254
vt 0.803691 0.974953
vt 0.803448 0.975712
vt 0.787801 0.981937
vt 0.797564 0.988308
vt 0.589625 0.976472
vt 0.599817 0.970224
vt 0.600117 0.970953
vt 0.595992 0.988935
vt 0.605401 0.982476
vt 0.605774 0.983166
vt 0.609976 0.965173
vt 0.610280 0.965898
vt 0.615265 0.977579
vt 0.615591 0.978298
vt 0.620509 0.961337
vt 0.625098 0.973257
vt 0.625390 0.973995
vt 0.620224 0.960600
vt 0.630926 0.957353
vt 0.635252 0.970228
vt 0.641311 0.953179
vt 0.641527 0.953938
vt 0.634995 0.969476
vt 0.645220 0.967002
vt 0.652119 0.950342
vt 0.652294 0.951111
vt 0.645001 0.966239
vt 0.655303 0.964337
vt 0.663202 0.948888
vt 0.655125 0.963563
vt 0.665492 0.962246
vt 0.663068 0.948112
vt 0.674216 0.947281
vt 0.665356 0.961464
vt 0.675765 0.960737
vt 0.674125 0.946499
vt 0.685301 0.946300
vt 0.686048 0.959024
vt 0.686096 0.959817
vt 0.685254 0.945515
vt 0.696419 0.945951
vt 0.696456 0.959489
vt 0.696416 0.945165
vt 0.707545 0.946238
vt 0.696453 0.958695
vt 0.706820 0.959754
vt 0.707586 0.945452
vt 0.718640 0.947156
vt 0.717244 0.959823
vt 0.717158 0.960612
vt 0.729795 0.947925
vt 0.729667 0.948701
vt 0.727571 0.961276
vt 0.727440 0.962059
vt 0.740592 0.950867
vt 0.737816 0.963317
vt 0.737643 0.964092
vt 0.740762 0.950097
vt 0.751383 0.953640
vt 0.747747 0.966705
vt 0.747961 0.965941
vt 0.757747 0.969891
vt 0.842037 0.285243
vt 0.833085 0.285159
vt 0.835465 0.012456
vt 0.824134 0.285077
vt 0.815182 0.284995
vt 0.817533 0.012291
vt 0.806231 0.284915
vt 0.797281 0.284836
vt 0.799599 0.012135
vt 0.788330 0.284758
vt 0.779379 0.284681
vt 0.770429 0.284605
vt 0.772698 0.011908
vt 0.761479 0.284531
vt 0.752528 0.284458
vt 0.743577 0.284385
vt 0.734626 0.284314
vt 0.725676 0.284244
vt 0.716724 0.284175
vt 0.707773 0.284108
vt 0.709929 0.011422
vt 0.698821 0.284041
vt 0.689868 0.283975
vt 0.680914 0.283911
vt 0.850990 0.285328
vt 0.587795 0.278839
vt 0.548851 0.278839
vt 0.499915 0.278839
vt 0.480314 0.278839
vt 0.675987 0.301723
vt 0.646401 0.308382
vt 0.646401 0.302530
vt 0.636577 0.308382
vt 0.626786 0.272209
vt 0.617021 0.308382
vt 0.617021 0.302530
vt 0.597531 0.272209
vt 0.607271 0.308382
vt 0.597531 0.308382
vt 0.587795 0.308382
vt 0.578062 0.308382
vt 0.568329 0.302530
vt 0.568329 0.308382
vt 0.548851 0.308382
vt 0.539101 0.272209
vt 0.529337 0.308382
vt 0.529337 0.302530
vt 0.519555 0.308382
vt 0.499915 0.308382
vt 0.490076 0.308382
vt 0.666154 0.308382
vt 0.656266 0.308382
vt 0.666154 0.271426
vt 0.656266 0.010575
vt 0.626786 0.010575
vt 0.607271 0.010575
vt 0.558582 0.010575
vt 0.772463 0.960932
vt 0.798021 0.987624
vt 0.595533 0.988255
vt 0.675672 0.959949
vt 0.706862 0.958962
vt 0.599099 0.992847
vt 0.608151 0.987417
vt 0.617655 0.982738
vt 0.794477 0.992345
vt 0.775562 0.982252
vt 0.765855 0.978267
vt 0.756186 0.974557
vt 0.746433 0.971443
vt 0.736588 0.968893
vt 0.726654 0.966911
vt 0.716646 0.965500
vt 0.706587 0.964664
vt 0.686420 0.964721
vt 0.676365 0.965616
vt 0.666364 0.967084
vt 0.656439 0.969122
vt 0.636875 0.974870
vt 0.627233 0.978550
vt 0.793280 0.969705
vt 0.794535 0.966350
vt 0.588548 0.972164
vt 0.630673 0.956603
vt 0.719092 0.942833
vt 0.718725 0.946374
vt 0.751593 0.952879
vt 0.752525 0.949430
vt 0.334697 0.484262
vt 0.025363 0.481004
vt 0.335446 0.481648
vt 0.349831 0.497640
vt 0.346586 0.807000
vt 0.347194 0.498378
vt 0.338989 0.488810
vt 0.318049 0.508561
vt 0.343200 0.493526
vt 0.320448 0.510152
vt 0.322509 0.512135
vt 0.333210 0.822137
vt 0.023817 0.818871
vt 0.332472 0.819500
vt 0.342039 0.811293
vt 0.322282 0.790357
vt 0.337323 0.815505
vt 0.320694 0.792755
vt 0.318714 0.794815
vt 0.317461 0.510935
vt 0.042119 0.506614
vt 0.317062 0.513328
vt 0.042756 0.509066
vt 0.316839 0.515731
vt 0.043186 0.511533
vt 0.319309 0.515473
vt 0.315111 0.789146
vt 0.321775 0.515042
vt 0.317514 0.789368
vt 0.324226 0.514404
vt 0.319908 0.789767
vt 0.315374 0.791616
vt 0.041697 0.787410
vt 0.315809 0.794082
vt 0.041467 0.789813
vt 0.316450 0.796533
vt 0.041063 0.792205
vt 0.039850 0.508330
vt 0.026100 0.483641
vt 0.037866 0.510390
vt 0.021247 0.487633
vt 0.036274 0.512788
vt 0.016530 0.491843
vt 0.038648 0.513377
vt 0.034307 0.788732
vt 0.041040 0.513777
vt 0.036759 0.788094
vt 0.043442 0.514003
vt 0.039227 0.787664
vt 0.036020 0.791000
vt 0.011329 0.804743
vt 0.038076 0.792984
vt 0.015317 0.809601
vt 0.040470 0.794578
vt 0.019526 0.814321
vt 0.011981 0.496133
vt 0.008691 0.805476
vt 0.009367 0.495382
vt 0.340229 0.486523
vt 0.345399 0.492422
vt 0.338428 0.817705
vt 0.344326 0.812534
vt 0.318984 0.513638
vt 0.319376 0.511490
vt 0.321162 0.513167
vt 0.317681 0.793468
vt 0.317207 0.791289
vt 0.319355 0.791682
vt 0.039204 0.511462
vt 0.040882 0.509677
vt 0.041352 0.511856
vt 0.039150 0.791646
vt 0.037368 0.789968
vt 0.039547 0.789499
vt 0.020144 0.485433
vt 0.014244 0.490601
vt 0.018283 0.816608
vt 0.013113 0.810701
vt 0.412506 0.428256
vt 0.045738 0.420260
vt 0.412494 0.424677
vt 0.412706 0.431832
vt 0.045631 0.423835
vt 0.009202 0.023189
vt 0.001613 0.445643
vt 0.005639 0.022141
vt 0.027629 0.002649
vt 0.450134 0.010289
vt 0.028608 0.006258
vt 0.416070 0.424785
vt 0.424069 0.057711
vt 0.419636 0.425059
vt 0.420493 0.057910
vt 0.015456 0.017370
vt 0.042224 0.046165
vt 0.021940 0.011665
vt 0.044418 0.042906
vt 0.047142 0.040113
vt 0.470642 0.028736
vt 0.462995 0.451171
vt 0.467032 0.029712
vt 0.417021 0.054345
vt 0.049947 0.046349
vt 0.417295 0.050780
vt 0.416915 0.057921
vt 0.050147 0.049925
vt 0.455941 0.016551
vt 0.427135 0.043293
vt 0.461636 0.023041
vt 0.430387 0.045496
vt 0.433173 0.048228
vt 0.040106 0.422162
vt 0.036752 0.423009
vt 0.048725 0.047564
vt 0.045460 0.046995
vt 0.052005 0.047892
vt 0.043478 0.421598
vt 0.051672 0.044516
vt 0.425381 0.053069
vt 0.426300 0.046529
vt 0.425722 0.049791
vt 0.050252 0.037790
vt 0.051103 0.041143
vt 0.428757 0.052750
vt 0.420210 0.426448
vt 0.432132 0.052189
vt 0.423488 0.426779
vt 0.429987 0.428178
vt 0.426752 0.427349
vt 0.039073 0.426124
vt 0.005221 0.444662
vt 0.041867 0.428853
vt 0.010626 0.451328
vt 0.045127 0.431051
vt 0.016328 0.457811
vt 0.045955 0.427814
vt 0.421941 0.436551
vt 0.420534 0.429823
vt 0.421096 0.433196
vt 0.046853 0.421272
vt 0.046524 0.424550
vt 0.425058 0.434230
vt 0.443584 0.468088
vt 0.427789 0.431437
vt 0.450253 0.462685
vt 0.456738 0.456983
vt 0.042160 0.420271
vt 0.050159 0.053503
vt 0.038583 0.420470
vt 0.046583 0.053396
vt 0.021092 0.467628
vt 0.444563 0.471697
vt 0.022143 0.464066
vt 0.435487 0.051344
vt 0.012345 0.015653
vt 0.416087 0.431152
vt 0.415502 0.427777
vt 0.418936 0.428420
vt 0.020456 0.008649
vt 0.420014 0.054914
vt 0.420657 0.051480
vt 0.464656 0.021563
vt 0.457668 0.013450
vt 0.423390 0.054329
vt 0.049164 0.044945
vt 0.046235 0.044386
vt 0.048539 0.041963
vt 0.431320 0.049624
vt 0.428339 0.050241
vt 0.428906 0.047312
vt 0.043345 0.427037
vt 0.040923 0.424729
vt 0.043904 0.424107
vt 0.425973 0.429959
vt 0.423663 0.432381
vt 0.423044 0.429399
vt 0.042639 0.423267
vt 0.041996 0.426701
vt 0.007612 0.452814
vt 0.014612 0.460922
vt 0.039263 0.423852
vt 0.459848 0.458702
vt 0.046565 0.047028
vt 0.047151 0.050404
vt 0.043017 0.053122
vt 0.043717 0.049761
vt 0.451737 0.465701
vt 0.691897 0.874498
vt 0.685223 0.878070
vt 0.685212 0.874521
vt 0.604840 0.728706
vt 0.593774 0.728195
vt 0.599060 0.722597
vt 0.364421 0.031352
vt 0.372273 0.027828
vt 0.372261 0.031376
vt 0.901419 0.924170
vt 0.893605 0.927703
vt 0.893613 0.924154
vt 0.691032 0.926699
vt 0.683138 0.930247
vt 0.683138 0.926697
vt 0.396077 0.010839
vt 0.390216 0.008297
vt 0.396187 0.008311
vt 0.610416 0.010787
vt 0.603473 0.008214
vt 0.610542 0.008261
vt 0.704447 0.948007
vt 0.710929 0.950545
vt 0.704340 0.950534
vt 0.501578 0.955203
vt 0.494758 0.952721
vt 0.501672 0.952675
vt 0.378987 0.041910
vt 0.385667 0.038633
vt 0.385672 0.041899
vt 0.591883 0.041734
vt 0.599793 0.038507
vt 0.599777 0.041773
vt 0.700363 0.978318
vt 0.692523 0.981586
vt 0.692523 0.978320
vt 0.483517 0.986358
vt 0.491302 0.983040
vt 0.491323 0.986306
vt 0.896554 0.606994
vt 0.890181 0.611585
vt 0.890144 0.607047
vt 0.710392 0.608504
vt 0.702780 0.613104
vt 0.702743 0.608566
vt 0.887855 0.465959
vt 0.895494 0.461351
vt 0.895536 0.465889
vt 0.701795 0.463120
vt 0.709376 0.467589
vt 0.701836 0.467657
vt 0.353900 0.017043
vt 0.361590 0.014316
vt 0.361581 0.017067
vt 0.883177 0.913406
vt 0.890721 0.910671
vt 0.890716 0.913422
vt 0.674726 0.863830
vt 0.681125 0.861057
vt 0.681135 0.863808
vt 0.672660 0.915968
vt 0.680310 0.913219
vt 0.680309 0.915970
vt 0.678039 0.867242
vt 0.681243 0.896071
vt 0.677530 0.893286
vt 0.683996 0.893299
vt 0.361477 0.049330
vt 0.356535 0.046518
vt 0.364248 0.046576
vt 0.357217 0.020473
vt 0.886473 0.916830
vt 0.890649 0.945685
vt 0.885823 0.942880
vt 0.893417 0.942928
vt 0.675968 0.919396
vt 0.680300 0.948233
vt 0.675364 0.945432
vt 0.683063 0.945472
vt 0.389732 0.052617
vt 0.392838 0.049207
vt 0.396141 0.052605
vt 0.389670 0.020262
vt 0.388979 0.027538
vt 0.382361 0.027599
vt 0.602556 0.052512
vt 0.606917 0.049128
vt 0.610205 0.052551
vt 0.602714 0.020156
vt 0.603188 0.027432
vt 0.595353 0.027446
vt 0.703243 0.959953
vt 0.703722 0.967232
vt 0.695920 0.967280
vt 0.703252 0.992309
vt 0.707604 0.988907
vt 0.710933 0.992308
vt 0.494312 0.997013
vt 0.498530 0.993585
vt 0.501851 0.996964
vt 0.494101 0.964657
vt 0.494565 0.971935
vt 0.486823 0.972030
vt 0.593678 0.739768
vt 0.587642 0.733909
vt 0.605126 0.739649
vt 0.599514 0.733984
vt 0.599278 0.745802
vt 0.591937 0.030829
vt 0.599830 0.030868
vt 0.692521 0.970682
vt 0.700361 0.970679
vt 0.483445 0.975453
vt 0.491251 0.975401
vt 0.385652 0.030993
vt 0.378981 0.038645
vt 0.378967 0.031006
vt 0.691029 0.937510
vt 0.683135 0.937508
vt 0.372238 0.038639
vt 0.364397 0.038612
vt 0.901397 0.934981
vt 0.893591 0.934965
vt 0.691933 0.885310
vt 0.685248 0.885332
vt 0.788432 0.009078
vt 0.781673 0.011624
vt 0.781570 0.009096
vt 0.788896 0.021088
vt 0.788813 0.028365
vt 0.781651 0.021034
vt 0.799515 0.039506
vt 0.792156 0.031827
vt 0.799557 0.031868
vt 0.799498 0.042771
vt 0.792114 0.039465
vt 0.788717 0.053437
vt 0.784822 0.050018
vt 0.792103 0.050087
vt 0.524230 0.610013
vt 0.531507 0.614492
vt 0.524267 0.614551
vt 0.494132 0.948182
vt 0.498644 0.945390
vt 0.501372 0.948184
vt 0.483411 0.930191
vt 0.490810 0.937455
vt 0.483409 0.937453
vt 0.483412 0.926641
vt 0.490812 0.930193
vt 0.494141 0.915919
vt 0.496331 0.919414
vt 0.490777 0.919281
vt 0.494142 0.913168
vt 0.499548 0.915920
vt 0.889334 0.947960
vt 0.881763 0.950517
vt 0.881647 0.947989
vt 0.889413 0.959919
vt 0.888905 0.967195
vt 0.881764 0.959920
vt 0.900143 0.978282
vt 0.892248 0.970645
vt 0.900141 0.970643
vt 0.892249 0.978284
vt 0.900143 0.981549
vt 0.892249 0.981550
vt 0.889419 0.992276
vt 0.885074 0.988873
vt 0.892788 0.988907
vt 0.717025 0.467518
vt 0.709334 0.463051
vt 0.716983 0.462981
vt 0.180256 0.045948
vt 0.175310 0.048730
vt 0.172557 0.045959
vt 0.164642 0.030708
vt 0.172513 0.037995
vt 0.164619 0.037970
vt 0.172536 0.030733
vt 0.164653 0.027158
vt 0.172548 0.027184
vt 0.175414 0.016467
vt 0.179743 0.019905
vt 0.172040 0.019820
vt 0.183064 0.016492
vt 0.175423 0.013716
vt 0.183072 0.013741
vt 0.202703 0.016555
vt 0.200101 0.020213
vt 0.195076 0.030806
vt 0.195052 0.038067
vt 0.182959 0.048755
vt 0.200529 0.045869
vt 0.202599 0.048818
vt 0.736664 0.467339
vt 0.881770 0.992277
vt 0.864636 0.988735
vt 0.869709 0.978287
vt 0.869708 0.970648
vt 0.867122 0.966992
vt 0.862125 0.959924
vt 0.862123 0.950520
vt 0.862049 0.947993
vt 0.585828 0.720183
vt 0.509035 0.653494
vt 0.509035 0.641995
vt 0.519308 0.641995
vt 0.626306 0.010868
vt 0.626396 0.008341
vt 0.610364 0.020192
vt 0.621037 0.027337
vt 0.618324 0.038597
vt 0.618361 0.030959
vt 0.618308 0.041864
vt 0.623534 0.049085
vt 0.626098 0.052628
vt 0.686887 0.613233
vt 0.686850 0.608695
vt 0.672651 0.948231
vt 0.658897 0.945301
vt 0.664606 0.930241
vt 0.664604 0.937503
vt 0.664607 0.926692
vt 0.659426 0.919603
vt 0.656766 0.915964
vt 0.656767 0.913213
vt 0.672661 0.913217
vt 0.575281 0.007991
vt 0.568540 0.010548
vt 0.568426 0.008021
vt 0.575847 0.019946
vt 0.575721 0.027228
vt 0.568564 0.019953
vt 0.586588 0.030654
vt 0.579081 0.038305
vt 0.579069 0.030665
vt 0.586605 0.041558
vt 0.586600 0.038293
vt 0.575897 0.052302
vt 0.571917 0.048908
vt 0.579260 0.048927
vt 0.717710 0.612983
vt 0.710429 0.613042
vt 0.495076 0.896696
vt 0.499634 0.893887
vt 0.502357 0.896671
vt 0.484290 0.878744
vt 0.491833 0.885980
vt 0.484314 0.886005
vt 0.484278 0.875194
vt 0.491809 0.878718
vt 0.494968 0.864432
vt 0.498950 0.867834
vt 0.491615 0.867807
vt 0.494958 0.861681
vt 0.502249 0.864408
vt 0.610722 0.722871
vt 0.610784 0.734355
vt 0.553581 0.010576
vt 0.559027 0.027089
vt 0.553598 0.019980
vt 0.561792 0.038332
vt 0.561779 0.030692
vt 0.561797 0.041598
vt 0.579086 0.041571
vt 0.568615 0.052314
vt 0.556319 0.048821
vt 0.732637 0.608324
vt 0.717673 0.608445
vt 0.515099 0.893721
vt 0.509123 0.885922
vt 0.509086 0.875111
vt 0.491797 0.875169
vt 0.514480 0.867975
vt 0.517213 0.864358
vt 0.502240 0.861657
vt 0.517204 0.861606
vt 0.672604 0.954082
vt 0.679375 0.951497
vt 0.679497 0.954024
vt 0.680267 0.963439
vt 0.679822 0.970710
vt 0.672671 0.963486
vt 0.691110 0.981733
vt 0.683173 0.974146
vt 0.691061 0.974094
vt 0.683244 0.985050
vt 0.691132 0.984999
vt 0.680476 0.995795
vt 0.676152 0.992414
vt 0.683823 0.992404
vt 0.523174 0.464750
vt 0.530809 0.469219
vt 0.523216 0.469288
vt 0.709380 0.942504
vt 0.704482 0.945298
vt 0.701725 0.942529
vt 0.693793 0.927287
vt 0.701666 0.934565
vt 0.693778 0.934549
vt 0.701689 0.923754
vt 0.693800 0.923738
vt 0.704549 0.913034
vt 0.708838 0.916476
vt 0.701178 0.916391
vt 0.712149 0.910299
vt 0.704555 0.910283
vt 0.613752 0.748357
vt 0.586629 0.954646
vt 0.649165 0.951710
vt 0.649251 0.954236
vt 0.649313 0.963640
vt 0.586699 0.970691
vt 0.586691 0.964051
vt 0.656592 0.981958
vt 0.586704 0.974777
vt 0.656542 0.974319
vt 0.586776 0.985682
vt 0.656614 0.985224
vt 0.649525 0.995997
vt 0.586857 0.992565
vt 0.651884 0.992411
vt 0.554124 0.464467
vt 0.616787 0.468434
vt 0.554166 0.469005
vt 0.798080 0.942250
vt 0.735434 0.945362
vt 0.733460 0.942391
vt 0.728312 0.927359
vt 0.798136 0.934766
vt 0.728297 0.934621
vt 0.798159 0.923955
vt 0.728320 0.923810
vt 0.735501 0.913099
vt 0.798138 0.917398
vt 0.733019 0.916800
vt 0.798124 0.913229
vt 0.735507 0.910347
vt 0.798130 0.910478
vt 0.607908 0.754796
vt 0.587270 0.757975
vt 0.581651 0.751678
vt 0.575541 0.745591
vt 0.579456 0.725832
vt 0.509035 0.677361
vt 0.536113 0.641995
vt 0.591316 0.714627
vt 0.616831 0.728545
vt 0.619621 0.743005
vt 0.881764 0.957371
vt 0.862124 0.957375
vt 0.710924 0.957400
vt 0.703241 0.957405
vt 0.788916 0.018544
vt 0.781667 0.018482
vt 0.626272 0.017722
vt 0.626259 0.020272
vt 0.610376 0.017642
vt 0.575845 0.017397
vt 0.568560 0.017403
vt 0.396075 0.017694
vt 0.396081 0.020244
vt 0.680252 0.960890
vt 0.649296 0.961091
vt 0.501623 0.962058
vt 0.501639 0.964607
vt 0.889413 0.957370
vt 0.788525 0.011607
vt 0.603355 0.010741
vt 0.575389 0.010519
vt 0.390118 0.010825
vt 0.672655 0.960936
vt 0.586674 0.961501
vt 0.494667 0.955248
vt 0.715780 0.331179
vt 0.708088 0.326518
vt 0.715737 0.326448
vt 0.735418 0.330999
vt 0.886610 0.329619
vt 0.894248 0.324818
vt 0.894291 0.329548
vt 0.523162 0.478210
vt 0.530363 0.473420
vt 0.530401 0.478151
vt 0.701636 0.472032
vt 0.685781 0.476892
vt 0.685743 0.472161
vt 0.709285 0.471970
vt 0.701675 0.476763
vt 0.709323 0.476701
vt 0.716566 0.471911
vt 0.716605 0.476642
vt 0.731530 0.471790
vt 0.895447 0.470461
vt 0.889076 0.475243
vt 0.889037 0.470513
vt 0.529521 0.328148
vt 0.521971 0.332948
vt 0.521927 0.328217
vt 0.615499 0.327363
vt 0.552922 0.332666
vt 0.552878 0.327934
vt 0.700592 0.331317
vt 0.700549 0.326587
vt 0.490921 0.993666
vt 0.386357 0.049254
vt 0.599204 0.049127
vt 0.792097 0.042731
vt 0.699882 0.988941
vt 0.700364 0.981585
vt 0.869710 0.981554
vt 0.175452 0.041049
vt 0.167610 0.040980
vt 0.197322 0.041301
vt 0.361420 0.041645
vt 0.369227 0.041630
vt 0.491370 0.945418
vt 0.493776 0.940493
vt 0.662258 0.940710
vt 0.680185 0.940554
vt 0.688027 0.940511
vt 0.492304 0.893942
vt 0.494794 0.889009
vt 0.511556 0.889098
vt 0.682316 0.888386
vt 0.688942 0.888320
vt 0.704598 0.937623
vt 0.696773 0.937557
vt 0.798109 0.938371
vt 0.730465 0.937884
vt 0.890640 0.937998
vt 0.898390 0.937976
vt 0.486409 0.940455
vt 0.487325 0.888996
vt 0.684510 0.867161
vt 0.683672 0.919335
vt 0.490813 0.926644
vt 0.364934 0.020441
vt 0.364432 0.027803
vt 0.195087 0.027256
vt 0.894072 0.916792
vt 0.735523 0.902492
vt 0.798146 0.902622
vt 0.883183 0.910655
vt 0.890738 0.902815
vt 0.175448 0.005861
vt 0.183098 0.005885
vt 0.202711 0.013804
vt 0.353909 0.014291
vt 0.361615 0.006460
vt 0.499552 0.905313
vt 0.499549 0.913169
vt 0.656769 0.905357
vt 0.672663 0.905362
vt 0.680312 0.905364
vt 0.502213 0.853801
vt 0.517177 0.853751
vt 0.674716 0.861079
vt 0.681099 0.853201
vt 0.704571 0.902428
vt 0.712166 0.902443
vt 0.766589 0.011561
vt 0.766559 0.018415
vt 0.766547 0.020965
vt 0.771922 0.028108
vt 0.774647 0.031731
vt 0.774590 0.042636
vt 0.781478 0.053400
vt 0.769071 0.049822
vt 0.546566 0.609832
vt 0.531470 0.609955
vt 0.545459 0.473298
vt 0.514259 0.945279
vt 0.510739 0.940645
vt 0.508319 0.937459
vt 0.508322 0.926648
vt 0.513734 0.919533
vt 0.516478 0.915925
vt 0.516478 0.913174
vt 0.516480 0.905318
vt 0.691994 0.011193
vt 0.692011 0.008666
vt 0.691961 0.018049
vt 0.691948 0.020598
vt 0.691640 0.027238
vt 0.691413 0.038959
vt 0.691451 0.031321
vt 0.691397 0.042226
vt 0.691648 0.049112
vt 0.691788 0.052954
vt 0.621199 0.613765
vt 0.621162 0.609228
vt 0.620094 0.477424
vt 0.620055 0.472693
vt 0.656757 0.948227
vt 0.591202 0.944968
vt 0.591364 0.941086
vt 0.591514 0.937482
vt 0.591516 0.930221
vt 0.591517 0.926672
vt 0.591247 0.920112
vt 0.591076 0.915946
vt 0.591077 0.913194
vt 0.591079 0.905339
vt 0.766522 0.009034
vt 0.774607 0.039370
vt 0.766384 0.053322
vt 0.546602 0.614370
vt 0.545497 0.478029
vt 0.516469 0.948188
vt 0.508321 0.930197
vt 0.589339 0.861365
vt 0.589313 0.853509
vt 0.589349 0.864115
vt 0.589420 0.868285
vt 0.589534 0.874841
vt 0.589546 0.878391
vt 0.509098 0.878660
vt 0.589570 0.885653
vt 0.589532 0.889257
vt 0.589491 0.893137
vt 0.517321 0.896621
vt 0.803702 0.475935
vt 0.731568 0.476520
vt 0.804807 0.612277
vt 0.732674 0.612861
vt 0.553652 0.052338
vt 0.481456 0.048618
vt 0.481349 0.041735
vt 0.481344 0.038468
vt 0.481331 0.030829
vt 0.481380 0.026743
vt 0.481462 0.020103
vt 0.481458 0.017554
vt 0.553593 0.017431
vt 0.481447 0.010699
vt 0.553497 0.008049
vt 0.481443 0.008172
vt 0.656850 0.853283
vt 0.674690 0.853222
vt 0.656876 0.861138
vt 0.659582 0.867511
vt 0.664853 0.874588
vt 0.664865 0.878138
vt 0.664889 0.885400
vt 0.662533 0.888609
vt 0.674834 0.896093
vt 0.659144 0.893224
vt 0.871198 0.470657
vt 0.871237 0.475388
vt 0.872305 0.607191
vt 0.872342 0.611729
vt 0.411367 0.049053
vt 0.406030 0.041862
vt 0.406024 0.038594
vt 0.406011 0.030955
vt 0.408687 0.027323
vt 0.413924 0.020217
vt 0.413920 0.017667
vt 0.413910 0.010813
vt 0.413983 0.008285
vt 0.656886 0.863889
vt 0.656994 0.896152
vt 0.803663 0.471205
vt 0.804770 0.607739
vt 0.413980 0.052574
vt 0.672470 0.951556
vt 0.654054 0.970643
vt 0.683223 0.981785
vt 0.672881 0.995845
vt 0.530768 0.464680
vt 0.529565 0.332878
vt 0.712076 0.945314
vt 0.701681 0.927303
vt 0.712143 0.913050
vt 0.862833 0.910613
vt 0.862849 0.902757
vt 0.862826 0.913363
vt 0.865391 0.917041
vt 0.870317 0.924105
vt 0.870309 0.927655
vt 0.798151 0.927505
vt 0.870294 0.934916
vt 0.868024 0.938143
vt 0.864829 0.942685
vt 0.862760 0.945627
vt 0.680243 0.331503
vt 0.615542 0.332094
vt 0.616746 0.463896
vt 0.681488 0.467843
vt 0.522201 0.996831
vt 0.519692 0.993297
vt 0.514618 0.986154
vt 0.514597 0.982888
vt 0.586754 0.982415
vt 0.514547 0.975249
vt 0.521989 0.964474
vt 0.517089 0.971570
vt 0.521973 0.961925
vt 0.521928 0.955070
vt 0.521984 0.952543
vt 0.586613 0.952119
vt 0.883199 0.902799
vt 0.883110 0.945669
vt 0.680200 0.326773
vt 0.681446 0.463306
vt 0.335264 0.006375
vt 0.335239 0.014231
vt 0.335230 0.016982
vt 0.337892 0.020625
vt 0.343084 0.027734
vt 0.343072 0.031282
vt 0.343049 0.038544
vt 0.340683 0.041741
vt 0.337285 0.046329
vt 0.353796 0.049306
vt 0.335126 0.049244
vt 0.867897 0.325059
vt 0.867941 0.329789
vt 0.869144 0.461591
vt 0.869186 0.466129
vt 0.727007 0.988776
vt 0.721712 0.981580
vt 0.721711 0.978314
vt 0.721710 0.970674
vt 0.710925 0.959950
vt 0.724379 0.967042
vt 0.729597 0.959947
vt 0.729596 0.957398
vt 0.729595 0.950543
vt 0.711046 0.948018
vt 0.729669 0.948016
vt 0.799264 0.950531
vt 0.799261 0.948004
vt 0.799266 0.959935
vt 0.799265 0.957386
vt 0.799009 0.966577
vt 0.798852 0.970661
vt 0.798853 0.978300
vt 0.798854 0.981567
vt 0.862130 0.992281
vt 0.799122 0.988451
vt 0.736622 0.462801
vt 0.799519 0.466765
vt 0.735375 0.326269
vt 0.798275 0.330425
vt 0.265593 0.045780
vt 0.265457 0.049020
vt 0.265756 0.041899
vt 0.265908 0.038296
vt 0.265931 0.031034
vt 0.265942 0.027485
vt 0.265709 0.020926
vt 0.265561 0.016758
vt 0.202737 0.005948
vt 0.265570 0.014006
vt 0.729602 0.992305
vt 0.799478 0.462228
vt 0.798231 0.325694
vt 0.265595 0.006151
vt 0.541933 0.825893
vt 0.596064 0.767727
vt 0.518949 0.825893
vt 0.509035 0.825893
vt 0.509035 0.813462
vt 0.509035 0.737314
vt 0.566969 0.737279
vt 0.509035 0.790826
vt 0.603777 0.641995
vt 0.597827 0.708168
vt 0.683953 0.641995
vt 0.694553 0.641995
vt 0.694553 0.649869
vt 0.694553 0.668617
vt 0.694553 0.735661
vt 0.626252 0.736832
vt 0.694553 0.800254
vt 0.694553 0.820948
vt 0.694553 0.825893
vt 0.684160 0.825893
vt 0.654620 0.825893
vt 0.599962 0.825893
vt 0.664198 0.641995
vt 0.605107 0.716374
vt 0.493078 0.617039
vt 0.485678 0.619643
vt 0.482601 0.617039
vt 0.511787 0.617039
vt 0.495627 0.619643
vt 0.603777 0.617039
vt 0.514499 0.619643
vt 0.704401 0.619643
vt 0.686797 0.617039
vt 0.706483 0.617039
vt 0.713328 0.619643
vt 0.716294 0.617039
vt 0.716294 0.627570
vt 0.713328 0.629672
vt 0.716294 0.646105
vt 0.716294 0.735661
vt 0.713328 0.648747
vt 0.713328 0.839408
vt 0.716294 0.820376
vt 0.716294 0.842498
vt 0.713328 0.847472
vt 0.716294 0.851161
vt 0.705518 0.851161
vt 0.676565 0.851161
vt 0.702456 0.847472
vt 0.599962 0.851161
vt 0.672944 0.847472
vt 0.495433 0.847472
vt 0.517559 0.851161
vt 0.492320 0.851161
vt 0.485678 0.847472
vt 0.482601 0.851161
vt 0.482601 0.839906
vt 0.485678 0.836864
vt 0.482601 0.815553
vt 0.482601 0.737314
vt 0.485678 0.812287
vt 0.485678 0.629561
vt 0.482601 0.650120
vt 0.482601 0.626993
vt 0.492839 0.840713
vt 0.492839 0.829386
vt 0.485678 0.737314
vt 0.492839 0.805770
vt 0.492839 0.637221
vt 0.485678 0.653353
vt 0.492839 0.626265
vt 0.503209 0.626265
vt 0.603777 0.619643
vt 0.521134 0.626265
vt 0.697933 0.626265
vt 0.684285 0.619643
vt 0.707672 0.626265
vt 0.707672 0.636040
vt 0.713328 0.735661
vt 0.707672 0.654703
vt 0.707672 0.833622
vt 0.713328 0.817213
vt 0.707672 0.840713
vt 0.696742 0.840713
vt 0.599962 0.847472
vt 0.667627 0.840713
vt 0.502932 0.840713
vt 0.520983 0.847472
vt 0.527296 0.840713
vt 0.599962 0.840713
vt 0.492839 0.660656
vt 0.492839 0.737314
vt 0.678231 0.626265
vt 0.603777 0.626265
vt 0.707672 0.812203
vt 0.707672 0.735661
vt 0.710182 0.582648
vt 0.702534 0.582710
vt 0.686640 0.582839
vt 0.620953 0.583372
vt 0.546357 0.583977
vt 0.531261 0.584099
vt 0.887578 0.435566
vt 0.895258 0.435495
vt 0.868909 0.435736
vt 0.887813 0.461420
vt 0.799242 0.436372
vt 0.736386 0.436946
vt 0.716747 0.437125
vt 0.709098 0.437195
vt 0.701559 0.437264
vt 0.681210 0.437450
vt 0.616509 0.438041
vt 0.553889 0.438612
vt 0.530532 0.438826
vt 0.522938 0.438895
vt 0.896344 0.581139
vt 0.889935 0.581191
vt 0.872095 0.581336
vt 0.804560 0.581883
vt 0.732427 0.582468
vt 0.717464 0.582590
vt 0.701762 0.487573
vt 0.685869 0.487702
vt 0.620181 0.488235
vt 0.545585 0.488840
vt 0.530489 0.488962
vt 0.523249 0.489021
vt 0.886709 0.340429
vt 0.894389 0.340360
vt 0.868040 0.340600
vt 0.798373 0.341236
vt 0.735517 0.341811
vt 0.715879 0.341990
vt 0.708230 0.342059
vt 0.708130 0.331249
vt 0.700691 0.342127
vt 0.680342 0.342314
vt 0.615641 0.342904
vt 0.553020 0.343476
vt 0.529664 0.343689
vt 0.522069 0.343759
vt 0.895573 0.486002
vt 0.889163 0.486054
vt 0.871324 0.486199
vt 0.803789 0.486746
vt 0.731656 0.487331
vt 0.716692 0.487452
vt 0.709411 0.487512
vt 0.702128 0.532714
vt 0.686234 0.532843
vt 0.620547 0.533375
vt 0.545951 0.533980
vt 0.530856 0.534102
vt 0.523615 0.534161
vt 0.887121 0.385570
vt 0.894802 0.385499
vt 0.868452 0.385739
vt 0.798785 0.386376
vt 0.735930 0.386949
vt 0.716290 0.387129
vt 0.708641 0.387199
vt 0.701103 0.387268
vt 0.680753 0.387453
vt 0.616053 0.388044
vt 0.553432 0.388616
vt 0.530076 0.388829
vt 0.522481 0.388899
vt 0.889529 0.531194
vt 0.871690 0.531339
vt 0.804155 0.531886
vt 0.732022 0.532471
vt 0.717058 0.532593
vt 0.709777 0.532651
vt 0.524020 0.584158
vt 0.895938 0.531142
vt 0.583182 0.027259
vt 0.687639 0.970716
vt 0.896741 0.967244
vt 0.796176 0.028450
vt 0.014572 0.363971
vt 0.005386 0.370043
vt 0.005308 0.364092
vt 0.513981 0.449331
vt 0.504765 0.455372
vt 0.504710 0.449418
vt 0.467232 0.993318
vt 0.468166 0.984413
vt 0.475744 0.991894
vt 0.466312 0.529317
vt 0.467314 0.538214
vt 0.458997 0.537331
vt 0.503232 0.407808
vt 0.014849 0.409807
vt 0.503134 0.401852
vt 0.019056 0.548188
vt 0.012873 0.985269
vt 0.011018 0.540816
vt 0.274760 0.731393
vt 0.280776 0.791627
vt 0.273627 0.791532
vt 0.468247 0.546544
vt 0.477045 0.983758
vt 0.469019 0.976383
vt 0.012045 0.499504
vt 0.500066 0.500636
vt 0.012104 0.505456
vt 0.512513 0.407656
vt 0.019928 0.539803
vt 0.281952 0.731171
vt 0.274918 0.723984
vt 0.282033 0.723833
vt 0.476246 0.539213
vt 0.474849 0.530675
vt 0.002829 0.505547
vt 0.002771 0.499594
vt 0.014718 0.453876
vt 0.006133 0.459907
vt 0.006080 0.453952
vt 0.503079 0.357432
vt 0.511792 0.363265
vt 0.503159 0.363382
vt 0.022203 0.994735
vt 0.021772 0.985894
vt 0.029524 0.986727
vt 0.214740 0.732940
vt 0.206744 0.793282
vt 0.207861 0.732846
vt 0.214598 0.725561
vt 0.207878 0.725625
vt 0.020270 0.530969
vt 0.012383 0.532266
vt 0.006057 0.415907
vt 0.005961 0.409949
vt 0.500007 0.494684
vt 0.508949 0.500546
vt 0.280767 0.798536
vt 0.273771 0.798602
vt 0.213481 0.800158
vt 0.206643 0.800314
vt 0.014239 0.993475
vt 0.002987 0.521677
vt 0.514036 0.455286
vt 0.504913 0.471506
vt 0.014771 0.459829
vt 0.006279 0.476042
vt 0.512776 0.423797
vt 0.503496 0.423949
vt 0.014945 0.415763
vt 0.006319 0.432048
vt 0.512009 0.379391
vt 0.503376 0.379507
vt 0.014651 0.369921
vt 0.005601 0.386169
vt 0.509110 0.516678
vt 0.500227 0.516766
vt 0.012262 0.521586
vt 0.003051 0.528088
vt 0.514183 0.471422
vt 0.504971 0.477918
vt 0.014917 0.475964
vt 0.006337 0.482454
vt 0.512881 0.430212
vt 0.503600 0.430364
vt 0.015207 0.431904
vt 0.006423 0.438463
vt 0.512095 0.385799
vt 0.503462 0.385914
vt 0.014866 0.386046
vt 0.005686 0.392577
vt 0.509173 0.523088
vt 0.500290 0.523176
vt 0.012325 0.527996
vt 0.287733 0.718114
vt 0.280427 0.717754
vt 0.027727 0.538931
vt 0.202199 0.720005
vt 0.201889 0.727450
vt 0.020863 0.977923
vt 0.200535 0.798825
vt 0.200950 0.806034
vt 0.207964 0.806383
vt 0.459800 0.985341
vt 0.279213 0.804506
vt 0.286434 0.804152
vt 0.286739 0.797020
vt 0.506880 0.442414
vt 0.499965 0.444776
vt 0.497611 0.442472
vt 0.013035 0.446901
vt 0.019366 0.449147
vt 0.010728 0.449239
vt 0.498385 0.397220
vt 0.505309 0.394793
vt 0.507666 0.397083
vt 0.496029 0.394922
vt 0.019445 0.405018
vt 0.021724 0.402642
vt 0.012838 0.402813
vt 0.010557 0.405180
vt 0.498327 0.352812
vt 0.504601 0.350426
vt 0.506960 0.352710
vt 0.495970 0.350520
vt 0.019189 0.359219
vt 0.021479 0.356861
vt 0.012217 0.357011
vt 0.009925 0.359360
vt 0.495299 0.490019
vt 0.501845 0.487641
vt 0.504181 0.489946
vt 0.018972 0.492394
vt 0.492964 0.487705
vt 0.009699 0.492509
vt 0.016675 0.494752
vt 0.007401 0.494859
vt 0.021672 0.446801
vt 0.209132 0.719662
vt 0.213644 0.793067
vt 0.014951 0.392454
vt 0.288166 0.725637
vt 0.497594 0.440389
vt 0.506866 0.440329
vt 0.021651 0.444717
vt 0.495997 0.392838
vt 0.505279 0.392707
vt 0.021688 0.400558
vt 0.504577 0.348342
vt 0.495943 0.348437
vt 0.021449 0.354779
vt 0.501828 0.485556
vt 0.018950 0.490311
vt 0.492944 0.485622
vt 0.509235 0.444708
vt 0.512415 0.401699
vt 0.511712 0.357314
vt 0.508889 0.494593
vt 0.009675 0.490426
vt 0.018919 0.487356
vt 0.492917 0.482667
vt 0.501805 0.482600
vt 0.012184 0.354928
vt 0.021408 0.351825
vt 0.495905 0.345483
vt 0.504543 0.345387
vt 0.012800 0.400727
vt 0.021638 0.397601
vt 0.495950 0.389881
vt 0.505236 0.389749
vt 0.013012 0.444816
vt 0.021623 0.441761
vt 0.497569 0.437433
vt 0.506845 0.437373
vt 0.993392 0.588854
vt 0.987029 0.585153
vt 0.993425 0.585196
vt 0.985312 0.020565
vt 0.991852 0.024027
vt 0.985455 0.024245
vt 0.708620 0.634890
vt 0.711827 0.632075
vt 0.711810 0.634900
vt 0.949320 0.011731
vt 0.942739 0.007725
vt 0.949273 0.007559
vt 0.945046 0.596812
vt 0.938879 0.592354
vt 0.945278 0.592673
vt 0.971500 0.584929
vt 0.965737 0.583015
vt 0.965672 0.579372
vt 0.928501 0.013151
vt 0.922557 0.013669
vt 0.929165 0.008205
vt 0.969928 0.024715
vt 0.964168 0.026654
vt 0.970011 0.021221
vt 0.925511 0.590849
vt 0.920212 0.590740
vt 0.919792 0.586360
vt 0.777721 0.301595
vt 0.773126 0.305078
vt 0.773083 0.301653
vt 0.816904 0.068462
vt 0.812244 0.064586
vt 0.816882 0.064560
vt 0.898759 0.080753
vt 0.894084 0.077378
vt 0.898722 0.077327
vt 0.862769 0.317960
vt 0.858092 0.314105
vt 0.862730 0.314058
vt 0.212135 0.063225
vt 0.210498 0.060254
vt 0.212050 0.059319
vt 0.238344 0.078316
vt 0.236758 0.075799
vt 0.238322 0.074878
vt 0.189558 0.308678
vt 0.187957 0.311672
vt 0.187992 0.307762
vt 0.264009 0.300540
vt 0.262450 0.303079
vt 0.262430 0.299642
vt 0.210582 0.064160
vt 0.208992 0.060489
vt 0.236775 0.079234
vt 0.235252 0.075996
vt 0.186448 0.311456
vt 0.186486 0.307551
vt 0.260942 0.302899
vt 0.260920 0.299470
vt 0.207653 0.060310
vt 0.206206 0.063141
vt 0.206100 0.059232
vt 0.233921 0.075826
vt 0.232409 0.078152
vt 0.232394 0.074732
vt 0.185112 0.311656
vt 0.183634 0.308842
vt 0.185156 0.307742
vt 0.259613 0.303082
vt 0.258077 0.300768
vt 0.259589 0.299655
vt 0.200030 0.053954
vt 0.198464 0.057364
vt 0.198070 0.053454
vt 0.226739 0.069316
vt 0.225119 0.072304
vt 0.225132 0.068890
vt 0.177156 0.318128
vt 0.176004 0.314748
vt 0.177782 0.314209
vt 0.252412 0.309651
vt 0.250868 0.306680
vt 0.252476 0.306250
vt 0.160482 0.038242
vt 0.155269 0.037046
vt 0.155194 0.033145
vt 0.082310 0.051513
vt 0.077089 0.049784
vt 0.077069 0.046359
vt 0.043000 0.305198
vt 0.037824 0.306537
vt 0.042986 0.301296
vt 0.123762 0.291505
vt 0.118562 0.293293
vt 0.123736 0.288080
vt 0.380638 0.301286
vt 0.376898 0.304734
vt 0.376879 0.301308
vt 0.287332 0.314952
vt 0.283612 0.318892
vt 0.283572 0.314990
vt 0.320337 0.082071
vt 0.316581 0.078640
vt 0.320341 0.078645
vt 0.349221 0.076697
vt 0.345793 0.072753
vt 0.349456 0.072932
vt 0.775026 0.086316
vt 0.773037 0.297985
vt 0.770389 0.086374
vt 0.965896 0.340062
vt 0.971427 0.580988
vt 0.965649 0.575383
vt 0.993718 0.334344
vt 0.987065 0.581086
vt 0.987327 0.334370
vt 0.708957 0.828584
vt 0.711792 0.638046
vt 0.712142 0.828579
vt 0.987263 0.275121
vt 0.991982 0.028226
vt 0.993662 0.275133
vt 0.965775 0.269495
vt 0.969926 0.028618
vt 0.971614 0.275095
vt 0.896478 0.296087
vt 0.898800 0.084421
vt 0.901116 0.296035
vt 0.316314 0.301194
vt 0.320078 0.297867
vt 0.320074 0.301198
vt 0.237568 0.296568
vt 0.239125 0.294127
vt 0.239142 0.297478
vt 0.236057 0.296391
vt 0.237551 0.293239
vt 0.234726 0.296566
vt 0.233189 0.294344
vt 0.234709 0.293246
vt 0.227553 0.303153
vt 0.225914 0.300179
vt 0.227538 0.299777
vt 0.083707 0.286257
vt 0.078472 0.288020
vt 0.083687 0.282851
vt 0.122154 0.056763
vt 0.116894 0.055469
vt 0.116908 0.051606
vt 0.250721 0.075817
vt 0.249116 0.079215
vt 0.249097 0.075420
vt 0.257933 0.082337
vt 0.256429 0.084981
vt 0.256404 0.081244
vt 0.259266 0.082498
vt 0.260798 0.086040
vt 0.259290 0.086227
vt 0.260774 0.082302
vt 0.262361 0.085132
vt 0.375652 0.082182
vt 0.379433 0.085900
vt 0.375673 0.085921
vt 0.774802 0.068378
vt 0.770114 0.064479
vt 0.774752 0.064421
vt 0.967981 0.316232
vt 0.973347 0.316392
vt 0.967206 0.320920
vt 0.993492 0.315072
vt 0.986907 0.310947
vt 0.993491 0.310835
vt 0.709136 0.846725
vt 0.712360 0.843458
vt 0.712370 0.846728
vt 0.986765 0.294418
vt 0.993004 0.298816
vt 0.986586 0.298617
vt 0.972821 0.293864
vt 0.968261 0.294057
vt 0.967473 0.289445
vt 0.901313 0.313973
vt 0.896718 0.317982
vt 0.896674 0.314024
vt 0.320057 0.315306
vt 0.316293 0.319259
vt 0.316297 0.315301
vt 0.239074 0.311637
vt 0.237460 0.314683
vt 0.237512 0.310716
vt 0.235952 0.314462
vt 0.236006 0.310500
vt 0.233145 0.311775
vt 0.234614 0.314656
vt 0.233061 0.315754
vt 0.225573 0.317623
vt 0.226569 0.321070
vt 0.224914 0.321619
vt 0.078616 0.305580
vt 0.083816 0.304321
vt 0.078640 0.309538
vt 0.122026 0.038700
vt 0.116808 0.037500
vt 0.116780 0.033542
vt 0.249562 0.057906
vt 0.248461 0.061359
vt 0.247834 0.057374
vt 0.257612 0.064256
vt 0.256178 0.067148
vt 0.256053 0.063175
vt 0.260552 0.068161
vt 0.258951 0.064435
vt 0.260457 0.064196
vt 0.262103 0.067219
vt 0.262004 0.063254
vt 0.379333 0.068053
vt 0.375551 0.064117
vt 0.379311 0.064096
vt 0.862591 0.300147
vt 0.857910 0.295843
vt 0.862548 0.295796
vt 0.924502 0.572375
vt 0.918775 0.571424
vt 0.918770 0.566708
vt 0.946060 0.577747
vt 0.939834 0.572693
vt 0.946232 0.572813
vt 0.693942 0.846570
vt 0.697671 0.843368
vt 0.697675 0.846603
vt 0.693900 0.828580
vt 0.697240 0.638025
vt 0.697595 0.828584
vt 0.693543 0.634904
vt 0.697236 0.632092
vt 0.697240 0.634897
vt 0.949574 0.026569
vt 0.943242 0.031463
vt 0.943180 0.026659
vt 0.921858 0.032634
vt 0.927595 0.031672
vt 0.921884 0.037354
vt 0.812347 0.082401
vt 0.817011 0.086715
vt 0.812373 0.086743
vt 0.346614 0.302879
vt 0.350640 0.301511
vt 0.350476 0.303059
vt 0.214498 0.294064
vt 0.212932 0.294532
vt 0.212918 0.293182
vt 0.211421 0.294366
vt 0.211407 0.293019
vt 0.208569 0.294317
vt 0.210092 0.294555
vt 0.208583 0.295677
vt 0.201364 0.300209
vt 0.202998 0.301214
vt 0.201381 0.301636
vt 0.160185 0.290273
vt 0.165312 0.286446
vt 0.160229 0.291756
vt 0.036867 0.054290
vt 0.042095 0.056360
vt 0.042106 0.059430
vt 0.174757 0.072965
vt 0.176369 0.070312
vt 0.176384 0.073352
vt 0.182064 0.078756
vt 0.183574 0.076863
vt 0.183592 0.079845
vt 0.186432 0.079821
vt 0.184907 0.077026
vt 0.186416 0.076831
vt 0.187997 0.078915
vt 0.187980 0.075904
vt 0.281236 0.085315
vt 0.284965 0.082284
vt 0.284996 0.085277
vt 0.860368 0.077096
vt 0.855633 0.067422
vt 0.860271 0.067375
vt 0.926597 0.318310
vt 0.921925 0.313188
vt 0.927589 0.308940
vt 0.948274 0.317862
vt 0.941518 0.307645
vt 0.947919 0.307458
vt 0.489388 0.843426
vt 0.497390 0.846608
vt 0.489386 0.846688
vt 0.497444 0.828565
vt 0.489574 0.638099
vt 0.497515 0.638095
vt 0.489522 0.632126
vt 0.497499 0.634963
vt 0.489550 0.634950
vt 0.951990 0.285281
vt 0.945491 0.295673
vt 0.945610 0.285289
vt 0.930330 0.285119
vt 0.925080 0.289587
vt 0.924321 0.279792
vt 0.818280 0.304902
vt 0.813698 0.314650
vt 0.813641 0.304929
vt 0.349161 0.307914
vt 0.342761 0.316544
vt 0.345508 0.307184
vt 0.214545 0.299741
vt 0.212996 0.308576
vt 0.212971 0.298837
vt 0.211488 0.308376
vt 0.211462 0.298663
vt 0.208624 0.299966
vt 0.210158 0.308578
vt 0.208642 0.309689
vt 0.201449 0.305914
vt 0.202856 0.315110
vt 0.200994 0.315629
vt 0.160313 0.296050
vt 0.165586 0.300459
vt 0.160503 0.305769
vt 0.042045 0.042346
vt 0.036875 0.046877
vt 0.036841 0.037156
vt 0.175894 0.056472
vt 0.174749 0.065646
vt 0.174238 0.055958
vt 0.183380 0.062835
vt 0.182015 0.071479
vt 0.181842 0.061754
vt 0.186380 0.072523
vt 0.184712 0.063006
vt 0.186214 0.062772
vt 0.187937 0.071589
vt 0.187767 0.061833
vt 0.284921 0.077990
vt 0.281063 0.068307
vt 0.284823 0.068269
vt 0.894161 0.084471
vt 0.894121 0.080804
vt 0.964153 0.030278
vt 0.693550 0.638025
vt 0.708605 0.638037
vt 0.993460 0.581121
vt 0.777675 0.297927
vt 0.707460 0.142387
vt 0.711218 0.145983
vt 0.707490 0.146015
vt 0.707604 0.159635
vt 0.711481 0.163735
vt 0.707639 0.163767
vt 0.395311 0.206884
vt 0.398748 0.217149
vt 0.395399 0.217178
vt 0.395546 0.234466
vt 0.398926 0.238065
vt 0.395577 0.238093
vt 0.396500 0.271776
vt 0.399423 0.275930
vt 0.396555 0.275967
vt 0.396737 0.289927
vt 0.399471 0.279597
vt 0.399605 0.289890
vt 0.394968 0.098370
vt 0.669180 0.100197
vt 0.395003 0.102502
vt 0.395038 0.106693
vt 0.669215 0.104388
vt 0.741996 0.086734
vt 0.747501 0.298305
vt 0.744644 0.298344
vt 0.747548 0.301973
vt 0.711162 0.139330
vt 0.707434 0.139361
vt 0.395164 0.121630
vt 0.669366 0.122351
vt 0.395189 0.124656
vt 0.382269 0.082148
vt 0.379412 0.082160
vt 0.786836 0.086891
vt 0.783149 0.082571
vt 0.786810 0.082549
vt 0.398589 0.198432
vt 0.395272 0.202337
vt 0.395239 0.198460
vt 0.707796 0.182376
vt 0.711604 0.178466
vt 0.711637 0.182343
vt 0.354224 0.301205
vt 0.399123 0.252938
vt 0.396305 0.256840
vt 0.396255 0.252975
vt 0.868625 0.084751
vt 0.864936 0.081123
vt 0.868585 0.081083
vt 0.395610 0.241958
vt 0.398959 0.241929
vt 0.323728 0.297872
vt 0.832417 0.300448
vt 0.828534 0.296135
vt 0.832373 0.296097
vt 0.394810 0.079573
vt 0.669021 0.081334
vt 0.394845 0.083639
vt 0.830278 0.085878
vt 0.826438 0.085916
vt 0.396849 0.298540
vt 0.399664 0.294437
vt 0.399717 0.298502
vt 0.288835 0.085238
vt 0.288805 0.082245
vt 0.078530 0.291475
vt 0.083729 0.290042
vt 0.078553 0.295259
vt 0.225932 0.303565
vt 0.227582 0.306893
vt 0.225982 0.307331
vt 0.233205 0.297675
vt 0.234741 0.300350
vt 0.233217 0.301451
vt 0.236070 0.300178
vt 0.237577 0.300365
vt 0.316310 0.304979
vt 0.396357 0.260847
vt 0.399173 0.256802
vt 0.399225 0.260810
vt 0.901158 0.299867
vt 0.896562 0.303702
vt 0.896520 0.299917
vt 0.971660 0.279191
vt 0.965863 0.277629
vt 0.965805 0.273627
vt 0.987137 0.283407
vt 0.993618 0.279442
vt 0.993532 0.283543
vt 0.497417 0.834919
vt 0.489483 0.831812
vt 0.497431 0.831815
vt 0.693919 0.834908
vt 0.697613 0.831827
vt 0.697631 0.834925
vt 0.709037 0.834968
vt 0.712188 0.831844
vt 0.712236 0.834966
vt 0.993622 0.326070
vt 0.987272 0.330145
vt 0.987202 0.326117
vt 0.971973 0.330406
vt 0.966145 0.331868
vt 0.972332 0.326456
vt 0.774931 0.078700
vt 0.770341 0.082543
vt 0.770293 0.078758
vt 0.395130 0.117623
vt 0.669341 0.119326
vt 0.375631 0.078396
vt 0.260739 0.078507
vt 0.262337 0.081373
vt 0.259235 0.078712
vt 0.257904 0.078555
vt 0.256373 0.077469
vt 0.250708 0.072076
vt 0.249103 0.071655
vt 0.122127 0.052979
vt 0.116881 0.047821
vt 0.042033 0.038883
vt 0.036829 0.033693
vt 0.175187 0.052996
vt 0.173525 0.052460
vt 0.183287 0.059359
vt 0.181726 0.058272
vt 0.184626 0.059539
vt 0.186132 0.059302
vt 0.187681 0.058362
vt 0.281028 0.064844
vt 0.284787 0.064806
vt 0.396603 0.279634
vt 0.855599 0.063958
vt 0.860237 0.063912
vt 0.923016 0.308401
vt 0.928553 0.304419
vt 0.941376 0.303977
vt 0.947787 0.303783
vt 0.486535 0.843424
vt 0.486525 0.846696
vt 0.489460 0.834929
vt 0.486654 0.831804
vt 0.486672 0.828542
vt 0.489501 0.828550
vt 0.486724 0.634955
vt 0.486694 0.632130
vt 0.951957 0.295666
vt 0.945417 0.299361
vt 0.931496 0.295188
vt 0.924424 0.292849
vt 0.818336 0.314623
vt 0.813718 0.318113
vt 0.398779 0.220817
vt 0.395430 0.220845
vt 0.346320 0.317504
vt 0.341795 0.319808
vt 0.214569 0.309483
vt 0.212994 0.312044
vt 0.211483 0.311839
vt 0.210149 0.312047
vt 0.208617 0.313159
vt 0.202563 0.318567
vt 0.200472 0.319113
vt 0.165654 0.303921
vt 0.160571 0.309232
vt 0.082235 0.038651
vt 0.077014 0.036754
vt 0.076995 0.033496
vt 0.226078 0.056546
vt 0.224550 0.059299
vt 0.223979 0.056027
vt 0.233764 0.062951
vt 0.232284 0.065125
vt 0.232216 0.061862
vt 0.236654 0.066177
vt 0.235100 0.063140
vt 0.236608 0.062916
vt 0.238216 0.065252
vt 0.238168 0.061992
vt 0.320356 0.065782
vt 0.316593 0.069034
vt 0.316597 0.065777
vt 0.395459 0.224294
vt 0.398809 0.224266
vt 0.898617 0.067722
vt 0.893943 0.064515
vt 0.898581 0.064464
vt 0.970876 0.011285
vt 0.963767 0.013958
vt 0.971370 0.008229
vt 0.984661 0.010317
vt 0.990834 0.006494
vt 0.991065 0.009952
vt 0.489436 0.624215
vt 0.486563 0.621518
vt 0.489426 0.621530
vt 0.497444 0.624287
vt 0.497444 0.621628
vt 0.693498 0.624252
vt 0.697199 0.621572
vt 0.697214 0.624234
vt 0.708666 0.624161
vt 0.711878 0.621472
vt 0.711883 0.624162
vt 0.993290 0.599103
vt 0.986735 0.602498
vt 0.986808 0.599037
vt 0.972553 0.597766
vt 0.966498 0.596682
vt 0.966216 0.592767
vt 0.777885 0.314626
vt 0.773288 0.317941
vt 0.773247 0.314684
vt 0.707576 0.156186
vt 0.711389 0.159604
vt 0.380712 0.314318
vt 0.376970 0.317597
vt 0.376952 0.314339
vt 0.264013 0.313611
vt 0.262430 0.315967
vt 0.262442 0.312706
vt 0.260920 0.315760
vt 0.260935 0.312502
vt 0.258081 0.313800
vt 0.259584 0.315963
vt 0.258047 0.317066
vt 0.250428 0.319694
vt 0.252036 0.322432
vt 0.250080 0.322966
vt 0.118662 0.306324
vt 0.123860 0.304367
vt 0.118687 0.309581
vt 0.042948 0.291200
vt 0.037771 0.292627
vt 0.042934 0.287386
vt 0.178091 0.304221
vt 0.176431 0.300876
vt 0.178048 0.300454
vt 0.185184 0.297634
vt 0.183644 0.294939
vt 0.185156 0.293822
vt 0.187997 0.293813
vt 0.186513 0.297456
vt 0.186487 0.293640
vt 0.189575 0.294716
vt 0.188021 0.297639
vt 0.287190 0.301041
vt 0.283469 0.304893
vt 0.283430 0.301079
vt 0.669056 0.085373
vt 0.394879 0.087678
vt 0.862629 0.303962
vt 0.857953 0.300193
vt 0.924629 0.577032
vt 0.918850 0.575457
vt 0.945882 0.581879
vt 0.939656 0.577539
vt 0.700815 0.843395
vt 0.700821 0.846635
vt 0.700735 0.831836
vt 0.700357 0.638026
vt 0.700711 0.828587
vt 0.700362 0.634892
vt 0.700364 0.632082
vt 0.700339 0.621551
vt 0.949510 0.022503
vt 0.943108 0.022597
vt 0.927619 0.026974
vt 0.921888 0.028575
vt 0.927790 0.022992
vt 0.816963 0.078559
vt 0.812325 0.078586
vt 0.707729 0.174459
vt 0.707763 0.178498
vt 0.348702 0.086292
vt 0.344974 0.089944
vt 0.345076 0.086268
vt 0.210763 0.074274
vt 0.212368 0.077169
vt 0.210807 0.078096
vt 0.209258 0.074478
vt 0.209299 0.078293
vt 0.207926 0.074320
vt 0.206435 0.077046
vt 0.206394 0.073237
vt 0.200694 0.067857
vt 0.199121 0.071248
vt 0.199116 0.067447
vt 0.160753 0.052238
vt 0.155538 0.050955
vt 0.155464 0.047141
vt 0.037839 0.310439
vt 0.022206 0.322398
vt 0.037785 0.296441
vt 0.022149 0.308487
vt 0.036890 0.051171
vt 0.021169 0.038813
vt 0.021157 0.035482
vt 0.021143 0.031189
vt 0.021113 0.021467
vt 0.021101 0.018004
vt 0.062972 0.321353
vt 0.062997 0.325311
vt 0.062881 0.307247
vt 0.062905 0.311032
vt 0.062858 0.303585
vt 0.061246 0.034201
vt 0.061227 0.030775
vt 0.061174 0.021170
vt 0.061155 0.017912
vt 0.145139 0.321824
vt 0.145207 0.325287
vt 0.144947 0.312104
vt 0.144829 0.306116
vt 0.144862 0.307811
vt 0.139563 0.035558
vt 0.139490 0.031745
vt 0.139299 0.021649
vt 0.139224 0.017747
vt 0.103039 0.322074
vt 0.103064 0.325332
vt 0.118588 0.296719
vt 0.102933 0.309043
vt 0.101062 0.040069
vt 0.101035 0.035998
vt 0.101009 0.032214
vt 0.100938 0.021892
vt 0.100910 0.017934
vt 0.022222 0.326301
vt 0.010924 0.333859
vt 0.022164 0.312302
vt 0.010866 0.319948
vt 0.009829 0.027631
vt 0.009795 0.024146
vt 0.009785 0.019853
vt 0.009750 0.010132
vt 0.009738 0.006668
vt 0.051671 0.332750
vt 0.051695 0.336708
vt 0.051579 0.318644
vt 0.051607 0.322428
vt 0.051580 0.314830
vt 0.049802 0.022941
vt 0.049786 0.019515
vt 0.049730 0.009910
vt 0.049711 0.006652
vt 0.134039 0.333423
vt 0.134106 0.336886
vt 0.133849 0.323704
vt 0.133737 0.317561
vt 0.133761 0.319411
vt 0.128026 0.024434
vt 0.127957 0.020620
vt 0.127761 0.010525
vt 0.127685 0.006623
vt 0.091753 0.333453
vt 0.091778 0.336711
vt 0.102961 0.312469
vt 0.091646 0.320423
vt 0.089626 0.028942
vt 0.089571 0.024720
vt 0.089548 0.020936
vt 0.089473 0.010614
vt 0.089443 0.006656
vt 0.170413 0.318931
vt 0.168715 0.315096
vt 0.170200 0.315028
vt 0.169760 0.304869
vt 0.168189 0.301046
vt 0.169677 0.301012
vt 0.168000 0.072977
vt 0.166500 0.069865
vt 0.167988 0.069877
vt 0.168015 0.065534
vt 0.166824 0.055694
vt 0.168310 0.055742
vt 0.166969 0.052220
vt 0.168457 0.052276
vt 0.219644 0.317888
vt 0.218361 0.321919
vt 0.218159 0.317950
vt 0.219186 0.303678
vt 0.217758 0.307545
vt 0.217701 0.303705
vt 0.217670 0.300247
vt 0.219156 0.300237
vt 0.218369 0.072266
vt 0.216903 0.068793
vt 0.218388 0.068814
vt 0.218592 0.059167
vt 0.217189 0.055872
vt 0.218677 0.055908
vt 0.195037 0.315836
vt 0.193685 0.319354
vt 0.193551 0.315886
vt 0.194706 0.306076
vt 0.193221 0.306116
vt 0.193120 0.300322
vt 0.194628 0.301750
vt 0.193142 0.301777
vt 0.192376 0.067407
vt 0.190886 0.071247
vt 0.190891 0.067393
vt 0.192522 0.057272
vt 0.191108 0.053342
vt 0.192596 0.053367
vt 0.244490 0.319886
vt 0.243119 0.323194
vt 0.243004 0.319933
vt 0.244191 0.310249
vt 0.242631 0.306829
vt 0.244118 0.306800
vt 0.242347 0.075382
vt 0.240872 0.079240
vt 0.240860 0.075370
vt 0.242369 0.071556
vt 0.240884 0.071527
vt 0.242654 0.061169
vt 0.241320 0.057155
vt 0.242808 0.057207
vt 0.175436 0.318687
vt 0.176493 0.304668
vt 0.174745 0.069913
vt 0.219849 0.321849
vt 0.219242 0.307500
vt 0.195172 0.319300
vt 0.194607 0.300304
vt 0.192372 0.071249
vt 0.244606 0.323144
vt 0.250939 0.310092
vt 0.242359 0.079233
vt 0.179346 0.316620
vt 0.179614 0.312696
vt 0.179771 0.302666
vt 0.179738 0.298885
vt 0.178082 0.071861
vt 0.177764 0.057966
vt 0.176354 0.066070
vt 0.177410 0.054468
vt 0.227226 0.317099
vt 0.228764 0.319579
vt 0.229279 0.305348
vt 0.229261 0.301594
vt 0.229247 0.298231
vt 0.228443 0.070848
vt 0.226741 0.072710
vt 0.228094 0.058021
vt 0.226418 0.059794
vt 0.204553 0.317061
vt 0.203052 0.305472
vt 0.204666 0.313588
vt 0.202984 0.299794
vt 0.204688 0.299641
vt 0.202422 0.069384
vt 0.200744 0.071640
vt 0.201941 0.055424
vt 0.200323 0.057843
vt 0.252277 0.319182
vt 0.253940 0.320938
vt 0.254179 0.308102
vt 0.254166 0.304697
vt 0.252437 0.077360
vt 0.250744 0.079599
vt 0.252411 0.073607
vt 0.251774 0.059380
vt 0.250247 0.061868
vt 0.183568 0.312761
vt 0.183671 0.298744
vt 0.182046 0.075764
vt 0.178102 0.074889
vt 0.178059 0.067604
vt 0.229094 0.315595
vt 0.228452 0.074252
vt 0.228248 0.061288
vt 0.204732 0.303910
vt 0.204674 0.298236
vt 0.202462 0.073176
vt 0.202153 0.059332
vt 0.254085 0.317664
vt 0.258098 0.304190
vt 0.252463 0.081130
vt 0.252102 0.063354
vt 0.257717 0.068224
vt 0.183544 0.072570
vt 0.234676 0.310685
vt 0.236040 0.293068
vt 0.233934 0.079251
vt 0.233816 0.066213
vt 0.210134 0.298849
vt 0.210077 0.293207
vt 0.207965 0.078133
vt 0.207745 0.064218
vt 0.259604 0.312699
vt 0.257957 0.086065
vt 0.267949 0.315149
vt 0.266943 0.319062
vt 0.266904 0.315160
vt 0.267808 0.301238
vt 0.266801 0.305063
vt 0.266762 0.301248
vt 0.265613 0.085474
vt 0.264537 0.082491
vt 0.265583 0.082481
vt 0.265539 0.078187
vt 0.264395 0.068476
vt 0.265441 0.068466
vt 0.264360 0.065013
vt 0.265405 0.065003
vt 0.300674 0.315282
vt 0.299624 0.319239
vt 0.299628 0.315281
vt 0.300691 0.301175
vt 0.299640 0.304959
vt 0.299645 0.301174
vt 0.299649 0.297843
vt 0.300695 0.297843
vt 0.300953 0.082048
vt 0.299912 0.078620
vt 0.300958 0.078622
vt 0.300969 0.069016
vt 0.299928 0.065757
vt 0.300973 0.065758
vt 0.327938 0.312785
vt 0.325985 0.315709
vt 0.326957 0.312496
vt 0.330547 0.304039
vt 0.329565 0.303767
vt 0.330850 0.299378
vt 0.331628 0.300444
vt 0.330624 0.300250
vt 0.328960 0.085932
vt 0.329843 0.089855
vt 0.328821 0.089810
vt 0.330505 0.075918
vt 0.329725 0.072026
vt 0.330744 0.072091
vt 0.361328 0.314427
vt 0.360301 0.317690
vt 0.360283 0.314433
vt 0.361256 0.301395
vt 0.360229 0.304827
vt 0.360210 0.301401
vt 0.358983 0.082275
vt 0.360050 0.086009
vt 0.359004 0.086015
vt 0.360007 0.078484
vt 0.358962 0.078490
vt 0.359950 0.068162
vt 0.358882 0.064210
vt 0.359927 0.064204
vt 0.281206 0.082322
vt 0.281162 0.078028
vt 0.300686 0.304960
vt 0.316318 0.297863
vt 0.316577 0.082067
vt 0.326964 0.316002
vt 0.331874 0.299323
vt 0.346952 0.301526
vt 0.329980 0.085992
vt 0.361347 0.317684
vt 0.360029 0.082269
vt 0.388587 0.082122
vt 0.382290 0.085888
vt 0.711106 0.132641
vt 0.707378 0.132672
vt 0.744691 0.302012
vt 0.738328 0.298432
vt 0.735679 0.086822
vt 0.395246 0.131345
vt 0.669423 0.129041
vt 0.393882 0.131357
vt 0.393801 0.121642
vt 0.393767 0.117634
vt 0.393624 0.102513
vt 0.393675 0.106704
vt 0.393574 0.098381
vt 0.393450 0.083650
vt 0.393416 0.079585
vt 0.707378 0.252780
vt 0.707328 0.248916
vt 0.707431 0.256788
vt 0.707628 0.271908
vt 0.399368 0.271739
vt 0.707574 0.267717
vt 0.707676 0.275575
vt 0.707810 0.285868
vt 0.707923 0.294481
vt 0.707870 0.290415
vt 0.128142 0.028967
vt 0.139646 0.039906
vt 0.264494 0.078197
vt 0.184875 0.072728
vt 0.166532 0.065502
vt 0.042079 0.052067
vt 0.165396 0.290739
vt 0.214512 0.295430
vt 0.398622 0.202309
vt 0.398661 0.206856
vt 0.818254 0.300608
vt 0.813617 0.300634
vt 0.930078 0.280718
vt 0.924177 0.275227
vt 0.951989 0.280692
vt 0.945607 0.280715
vt 0.500984 0.624316
vt 0.500986 0.621659
vt 0.497484 0.632155
vt 0.501013 0.634972
vt 0.501023 0.638098
vt 0.500954 0.828568
vt 0.500938 0.834909
vt 0.500945 0.831811
vt 0.497391 0.843371
vt 0.500931 0.846583
vt 0.941969 0.322589
vt 0.941876 0.317995
vt 0.926410 0.322744
vt 0.920661 0.323770
vt 0.855773 0.081437
vt 0.855730 0.077143
vt 0.396796 0.294474
vt 0.295720 0.085168
vt 0.295689 0.082175
vt 0.394749 0.072283
vt 0.393354 0.072294
vt 0.668987 0.077268
vt 0.828577 0.300486
vt 0.821649 0.296204
vt 0.708018 0.301770
vt 0.396944 0.305829
vt 0.399812 0.305792
vt 0.320069 0.304983
vt 0.239143 0.301282
vt 0.083792 0.300363
vt 0.122053 0.042658
vt 0.241169 0.061124
vt 0.259050 0.068394
vt 0.262294 0.077569
vt 0.358904 0.068168
vt 0.375573 0.068075
vt 0.379390 0.078376
vt 0.669307 0.115318
vt 0.770164 0.068437
vt 0.986986 0.315146
vt 0.709133 0.843459
vt 0.700759 0.834939
vt 0.693939 0.843338
vt 0.500927 0.843350
vt 0.486628 0.834921
vt 0.993160 0.294608
vt 0.971797 0.283094
vt 0.901199 0.303652
vt 0.388608 0.085861
vt 0.383477 0.297892
vt 0.380620 0.297905
vt 0.376860 0.297926
vt 0.360191 0.298019
vt 0.263982 0.297142
vt 0.262403 0.296263
vt 0.260892 0.296096
vt 0.259562 0.296282
vt 0.258051 0.297385
vt 0.254143 0.301279
vt 0.252447 0.302823
vt 0.250826 0.303236
vt 0.244069 0.303318
vt 0.242582 0.303333
vt 0.122181 0.060577
vt 0.118500 0.289785
vt 0.102906 0.305324
vt 0.091643 0.316549
vt 0.049842 0.026129
vt 0.061264 0.037235
vt 0.077076 0.052607
vt 0.082347 0.057712
vt 0.218365 0.075060
vt 0.225122 0.075065
vt 0.226747 0.075461
vt 0.228462 0.076989
vt 0.232417 0.080849
vt 0.233942 0.081937
vt 0.235274 0.082108
vt 0.236782 0.081924
vt 0.238352 0.081026
vt 0.300950 0.084744
vt 0.316574 0.084763
vt 0.320334 0.084767
vt 0.323983 0.084772
vt 0.399089 0.250384
vt 0.396221 0.250421
vt 0.707295 0.246362
vt 0.864976 0.084791
vt 0.862524 0.081149
vt 0.395632 0.244512
vt 0.398981 0.244483
vt 0.326395 0.084775
vt 0.326140 0.297874
vt 0.323723 0.301203
vt 0.320353 0.069039
vt 0.398896 0.234437
vt 0.893979 0.067773
vt 0.964526 0.017481
vt 0.991683 0.020286
vt 0.486582 0.624210
vt 0.501005 0.632169
vt 0.693532 0.632103
vt 0.700353 0.624216
vt 0.708633 0.632069
vt 0.986982 0.588800
vt 0.971721 0.588504
vt 0.711304 0.156154
vt 0.380658 0.304713
vt 0.361275 0.304821
vt 0.264022 0.303981
vt 0.242706 0.310288
vt 0.123835 0.301110
vt 0.091678 0.323848
vt 0.082254 0.041908
vt 0.217106 0.059135
vt 0.235149 0.066397
vt 0.299923 0.069015
vt 0.389794 0.297866
vt 0.383496 0.301274
vt 0.361237 0.298013
vt 0.082330 0.054939
vt 0.216882 0.072256
vt 0.235266 0.079423
vt 0.299908 0.082046
vt 0.323987 0.082076
vt 0.326399 0.082078
vt 0.710946 0.195769
vt 0.708892 0.199664
vt 0.708859 0.195787
vt 0.708931 0.204211
vt 0.710979 0.199646
vt 0.711018 0.204193
vt 0.711105 0.214487
vt 0.709018 0.214505
vt 0.711137 0.218154
vt 0.709050 0.218172
vt 0.709079 0.221621
vt 0.711166 0.221604
vt 0.709166 0.231793
vt 0.711253 0.231775
vt 0.711284 0.235402
vt 0.709197 0.235420
vt 0.709230 0.239285
vt 0.711317 0.239267
vt 0.711338 0.241821
vt 0.297914 0.300932
vt 0.290998 0.297866
vt 0.297882 0.297796
vt 0.287158 0.297905
vt 0.267776 0.298102
vt 0.283399 0.297944
vt 0.266730 0.298113
vt 0.189547 0.291563
vt 0.187970 0.290683
vt 0.185129 0.290700
vt 0.183618 0.291804
vt 0.179713 0.295705
vt 0.178018 0.297256
vt 0.176396 0.297665
vt 0.169638 0.297752
vt 0.168152 0.297767
vt 0.037724 0.289339
vt 0.042922 0.284158
vt 0.022135 0.304943
vt 0.010876 0.316217
vt 0.160827 0.056051
vt 0.155573 0.055048
vt 0.190908 0.075320
vt 0.192395 0.075309
vt 0.199151 0.075267
vt 0.200779 0.075645
vt 0.202500 0.077164
vt 0.206471 0.080986
vt 0.208001 0.082061
vt 0.210842 0.082031
vt 0.209334 0.082221
vt 0.212404 0.081125
vt 0.328708 0.094010
vt 0.329728 0.093928
vt 0.345060 0.093723
vt 0.348500 0.089636
vt 0.348687 0.093230
vt 0.352229 0.092843
vt 0.351949 0.089092
vt 0.345565 0.076554
vt 0.711570 0.174427
vt 0.812266 0.068489
vt 0.922281 0.018130
vt 0.942851 0.011866
vt 0.708657 0.621479
vt 0.708996 0.831849
vt 0.939481 0.581619
vt 0.924870 0.581003
vt 0.857991 0.304008
vt 0.669145 0.096065
vt 0.393484 0.087690
vt 0.287228 0.304856
vt 0.267847 0.305052
vt 0.189590 0.298550
vt 0.168277 0.304921
vt 0.010885 0.323762
vt 0.160558 0.042143
vt 0.191036 0.057250
vt 0.209078 0.064391
vt 0.212318 0.073341
vt 0.329485 0.075852
vt 0.395925 0.184997
vt 0.399790 0.181087
vt 0.399823 0.184964
vt 0.395859 0.177081
vt 0.395893 0.181120
vt 0.399756 0.177048
vt 0.395769 0.166389
vt 0.399666 0.166356
vt 0.395678 0.162257
vt 0.395593 0.158808
vt 0.399631 0.162224
vt 0.395508 0.148637
vt 0.399603 0.158774
vt 0.395477 0.145009
vt 0.399517 0.148604
vt 0.399461 0.141950
vt 0.395452 0.141984
vt 0.399405 0.135261
vt 0.395395 0.135294
vt 0.356165 0.092421
vt 0.355870 0.088667
vt 0.358301 0.302100
vt 0.358172 0.300766
vt 0.398552 0.194137
vt 0.395202 0.194166
vt 0.708822 0.191493
vt 0.783174 0.086912
vt 0.779093 0.082594
vt 0.707832 0.186670
vt 0.711673 0.186638
vt 0.395961 0.189292
vt 0.399859 0.189259
vt 0.184924 0.080009
vt 0.186459 0.290517
vt 0.165284 0.285012
vt 0.345055 0.093724
vt 0.331878 0.299323
vt 0.329733 0.093927
vt 0.791622 0.078707
vt 0.786788 0.078735
vt 0.791564 0.068609
vt 0.786729 0.068637
vt 0.786706 0.064735
vt 0.791541 0.064707
vt 0.752545 0.314943
vt 0.747752 0.318261
vt 0.747712 0.315004
vt 0.752425 0.305338
vt 0.747591 0.305398
vt 0.752382 0.301912
vt 0.752336 0.298245
vt 0.749687 0.086634
vt 0.744853 0.086694
vt 0.749591 0.079018
vt 0.744805 0.082863
vt 0.744758 0.079078
vt 0.749462 0.068696
vt 0.744628 0.068757
vt 0.744578 0.064799
vt 0.749412 0.064738
vt 0.837429 0.318213
vt 0.832556 0.314359
vt 0.837390 0.314311
vt 0.837289 0.304214
vt 0.832455 0.304262
vt 0.837251 0.300400
vt 0.837208 0.296049
vt 0.835028 0.077349
vt 0.830236 0.081691
vt 0.830193 0.077397
vt 0.830096 0.067676
vt 0.834931 0.067628
vt 0.830062 0.064213
vt 0.834896 0.064165
vt 0.875973 0.314251
vt 0.871182 0.318261
vt 0.871138 0.314304
vt 0.875859 0.303929
vt 0.871025 0.303982
vt 0.875818 0.300144
vt 0.870984 0.300197
vt 0.870942 0.296365
vt 0.873460 0.084698
vt 0.875776 0.296313
vt 0.873419 0.081030
vt 0.868547 0.077657
vt 0.873382 0.077604
vt 0.868443 0.068052
vt 0.873277 0.067999
vt 0.868407 0.064795
vt 0.873241 0.064742
vt 0.792995 0.314770
vt 0.788181 0.318261
vt 0.788161 0.314798
vt 0.792939 0.305049
vt 0.788104 0.305077
vt 0.792914 0.300755
vt 0.788079 0.300783
vt 0.791645 0.082521
vt 0.864880 0.296433
vt 0.867293 0.296405
vt 0.858131 0.318007
vt 0.791670 0.086863
vt 0.913557 0.584770
vt 0.913346 0.580606
vt 0.913062 0.569776
vt 0.913062 0.565681
vt 0.913104 0.561026
vt 0.914849 0.329380
vt 0.920576 0.328314
vt 0.914810 0.333976
vt 0.915169 0.318939
vt 0.915388 0.315235
vt 0.960574 0.287326
vt 0.960344 0.283101
vt 0.960041 0.272039
vt 0.960013 0.267995
vt 0.959996 0.263910
vt 0.964177 0.034254
vt 0.958445 0.035970
vt 0.958485 0.039893
vt 0.958422 0.032295
vt 0.958592 0.021932
vt 0.958774 0.018422
vt 0.919255 0.288521
vt 0.918932 0.284781
vt 0.918444 0.274229
vt 0.918380 0.269593
vt 0.916176 0.038388
vt 0.916230 0.043030
vt 0.916152 0.034291
vt 0.916332 0.023413
vt 0.916503 0.019226
vt 0.960379 0.591207
vt 0.960200 0.587718
vt 0.959935 0.577378
vt 0.959923 0.573700
vt 0.959931 0.569776
vt 0.960145 0.345677
vt 0.965966 0.335894
vt 0.960202 0.337466
vt 0.960767 0.326321
vt 0.961092 0.322082
vt 0.977576 0.315674
vt 0.973813 0.311861
vt 0.977416 0.311224
vt 0.929627 0.591481
vt 0.925759 0.595335
vt 0.930235 0.581252
vt 0.930427 0.577243
vt 0.930580 0.572484
vt 0.932730 0.322692
vt 0.932660 0.318171
vt 0.932247 0.307917
vt 0.932050 0.304254
vt 0.973732 0.298112
vt 0.977475 0.294107
vt 0.977226 0.298284
vt 0.977937 0.283235
vt 0.977997 0.279245
vt 0.976317 0.028547
vt 0.978004 0.275084
vt 0.976242 0.024549
vt 0.976123 0.020953
vt 0.975429 0.010845
vt 0.975085 0.007407
vt 0.936116 0.295471
vt 0.932103 0.298649
vt 0.936427 0.285235
vt 0.936406 0.280712
vt 0.933941 0.026840
vt 0.933856 0.022814
vt 0.933509 0.012138
vt 0.933312 0.008006
vt 0.977421 0.598806
vt 0.973130 0.602081
vt 0.977729 0.588667
vt 0.977793 0.585050
vt 0.977813 0.581015
vt 0.978078 0.334443
vt 0.971699 0.334495
vt 0.978011 0.330270
vt 0.977917 0.326282
vt 0.929312 0.596009
vt 0.987213 0.279358
vt 0.985582 0.028348
vt 0.984413 0.006872
vt 0.933982 0.031597
vt 0.735630 0.082990
vt 0.741947 0.082902
vt 0.749639 0.082802
vt 0.774978 0.082484
vt 0.960146 0.341558
vt 0.993672 0.330114
vt 0.693909 0.831816
vt 0.867335 0.300237
vt 0.864922 0.300264
vt 0.709079 0.069641
vt 0.704606 0.076969
vt 0.704545 0.069679
vt 0.709174 0.080996
vt 0.704641 0.081035
vt 0.704674 0.085074
vt 0.709208 0.085036
vt 0.704764 0.095765
vt 0.709298 0.095727
vt 0.709333 0.099859
vt 0.704799 0.099898
vt 0.709368 0.104051
vt 0.704834 0.104089
vt 0.704926 0.115018
vt 0.709460 0.114980
vt 0.709494 0.118988
vt 0.704960 0.119026
vt 0.704985 0.122052
vt 0.709519 0.122014
vt 0.705042 0.128741
vt 0.709575 0.128703
vt 0.668926 0.069978
vt 0.835112 0.085830
vt 0.855814 0.085623
vt 0.860452 0.085577
vt 0.920538 0.332834
vt 0.914787 0.338443
vt 0.932740 0.327246
vt 0.926347 0.327214
vt 0.942008 0.327224
vt 0.948412 0.327221
vt 0.504497 0.846565
vt 0.504493 0.843332
vt 0.504491 0.834898
vt 0.504492 0.831805
vt 0.504562 0.638102
vt 0.504558 0.634982
vt 0.504556 0.632183
vt 0.504554 0.624338
vt 0.693483 0.621590
vt 0.945577 0.276111
vt 0.949641 0.031381
vt 0.951971 0.276068
vt 0.936323 0.276165
vt 0.929935 0.276249
vt 0.924114 0.270682
vt 0.918351 0.265101
vt 0.813592 0.296447
vt 0.818230 0.296420
vt 0.792889 0.296568
vt 0.788055 0.296596
vt 0.784394 0.296617
vt 0.780338 0.296641
vt 0.819512 0.081798
vt 0.826397 0.081729
vt 0.835071 0.081643
vt 0.860411 0.081390
vt 0.948357 0.322512
vt 0.504494 0.828569
vt 0.504557 0.621678
vt 0.784418 0.300804
vt 0.780362 0.300828
vt 0.711911 0.246302
vt 0.711995 0.252720
vt 0.712047 0.256728
vt 0.712189 0.267657
vt 0.712244 0.271848
vt 0.712292 0.275515
vt 0.712426 0.285808
vt 0.712485 0.290355
vt 0.712538 0.294420
vt 0.712634 0.301710
vt 0.709251 0.241839
vt 0.399486 0.144976
vt 0.008542 0.340193
vt 0.006794 0.336297
vt 0.008529 0.336291
vt 0.006756 0.326200
vt 0.008491 0.326194
vt 0.008479 0.322383
vt 0.006751 0.318616
vt 0.008485 0.318612
vt 0.007390 0.021738
vt 0.005637 0.017454
vt 0.007373 0.017448
vt 0.007338 0.007727
vt 0.005590 0.004270
vt 0.007325 0.004263
vt 0.049295 0.339126
vt 0.047536 0.335178
vt 0.049272 0.335168
vt 0.047474 0.324857
vt 0.049209 0.324846
vt 0.049188 0.321065
vt 0.047451 0.317227
vt 0.049186 0.317218
vt 0.047381 0.020549
vt 0.045623 0.017137
vt 0.047358 0.017126
vt 0.047301 0.007521
vt 0.045546 0.004274
vt 0.047281 0.004263
vt 0.131682 0.335884
vt 0.130015 0.339381
vt 0.129947 0.335918
vt 0.131493 0.326165
vt 0.129758 0.326199
vt 0.131383 0.319992
vt 0.129678 0.321906
vt 0.129648 0.320024
vt 0.125585 0.022070
vt 0.123773 0.018295
vt 0.125508 0.018260
vt 0.125311 0.008165
vt 0.123499 0.004298
vt 0.125234 0.004263
vt 0.089357 0.335868
vt 0.087646 0.339138
vt 0.087621 0.335881
vt 0.087547 0.326275
vt 0.089283 0.326263
vt 0.089259 0.322840
vt 0.087518 0.318943
vt 0.089252 0.318933
vt 0.087145 0.022324
vt 0.085380 0.018556
vt 0.087114 0.018543
vt 0.087038 0.008221
vt 0.085274 0.004276
vt 0.087009 0.004263
vt 0.005687 0.025265
vt 0.005657 0.021748
vt 0.005603 0.007733
vt 0.131410 0.321874
vt 0.047455 0.321072
vt 0.085304 0.008234
vt 0.085463 0.026593
vt 0.085412 0.022341
vt 0.087526 0.322850
vt 0.045565 0.007532
vt 0.045683 0.023783
vt 0.045648 0.020563
vt 0.123966 0.026680
vt 0.123852 0.022108
vt 0.006746 0.322386
vt 0.123576 0.008199
vt 0.047417 0.023771
vt 0.010938 0.337762
vt 0.007422 0.025257
vt 0.131749 0.339347
vt 0.125700 0.026644
vt 0.089381 0.339125
vt 0.087198 0.026579
vt 0.084278 0.004284
vt 0.006808 0.340199
vt 0.005798 0.336300
vt 0.005761 0.326203
vt 0.005751 0.322388
vt 0.005755 0.318618
vt 0.004692 0.025269
vt 0.004663 0.021754
vt 0.004642 0.017458
vt 0.004607 0.007737
vt 0.004595 0.004274
vt 0.047560 0.339136
vt 0.046541 0.335184
vt 0.046478 0.324862
vt 0.046460 0.321076
vt 0.046455 0.317232
vt 0.044687 0.023790
vt 0.044653 0.020571
vt 0.044628 0.017144
vt 0.044570 0.007538
vt 0.044550 0.004280
vt 0.128952 0.335937
vt 0.128763 0.326218
vt 0.128683 0.321924
vt 0.128653 0.320043
vt 0.122970 0.026700
vt 0.122857 0.022130
vt 0.122778 0.018315
vt 0.122581 0.008219
vt 0.122504 0.004317
vt 0.086626 0.335888
vt 0.086552 0.326282
vt 0.086531 0.322856
vt 0.086522 0.318950
vt 0.084468 0.026601
vt 0.084417 0.022350
vt 0.084385 0.018564
vt 0.084308 0.008242
vt 0.346947 0.301521
vt 0.818909 0.891385
vt 0.811595 0.892153
vt 0.811600 0.891377
vt 0.802112 0.891313
vt 0.794303 0.892061
vt 0.794306 0.891282
vt 0.794398 0.871793
vt 0.802197 0.871214
vt 0.802197 0.871813
vt 0.810761 0.892145
vt 0.810766 0.891368
vt 0.809803 0.892136
vt 0.809809 0.891356
vt 0.810858 0.871299
vt 0.809899 0.871883
vt 0.809904 0.871280
vt 0.793431 0.891279
vt 0.792590 0.892054
vt 0.792593 0.891275
vt 0.700477 0.890946
vt 0.708717 0.891753
vt 0.700467 0.891724
vt 0.810907 0.865438
vt 0.809942 0.865435
vt 0.802216 0.865407
vt 0.794403 0.871192
vt 0.794401 0.865380
vt 0.996191 0.869499
vt 0.992911 0.878983
vt 0.992939 0.869489
vt 0.811591 0.898583
vt 0.818912 0.896035
vt 0.818918 0.898596
vt 0.794284 0.898504
vt 0.802095 0.895975
vt 0.802092 0.898538
vt 0.959350 0.867612
vt 0.962599 0.868394
vt 0.959347 0.868382
vt 0.996194 0.868419
vt 0.992943 0.868410
vt 0.810756 0.898583
vt 0.811585 0.896023
vt 0.809791 0.896017
vt 0.810750 0.896021
vt 0.992945 0.867639
vt 0.996197 0.867648
vt 0.959343 0.869459
vt 0.962595 0.869472
vt 0.792569 0.898496
vt 0.793415 0.895937
vt 0.793408 0.898500
vt 0.962141 0.987779
vt 0.966665 0.977260
vt 0.966624 0.987797
vt 0.708686 0.898192
vt 0.700434 0.895601
vt 0.708696 0.895630
vt 0.992967 0.860185
vt 0.996219 0.860194
vt 0.959377 0.860159
vt 0.962602 0.867623
vt 0.988459 0.868396
vt 0.988024 0.867624
vt 0.988461 0.867625
vt 0.988046 0.860170
vt 0.988483 0.860171
vt 0.967111 0.860187
vt 0.967522 0.867641
vt 0.967085 0.867640
vt 0.967082 0.868411
vt 0.967529 0.868405
vt 0.967547 0.869483
vt 0.967078 0.869489
vt 0.967062 0.987798
vt 0.967102 0.977261
vt 0.708715 0.892098
vt 0.700463 0.892069
vt 0.793427 0.892402
vt 0.793428 0.892057
vt 0.794302 0.892406
vt 0.802108 0.892093
vt 0.802107 0.892438
vt 0.809801 0.892481
vt 0.810759 0.892489
vt 0.811592 0.892496
vt 0.818909 0.892506
vt 0.818909 0.892162
vt 0.988427 0.878970
vt 0.988018 0.869474
vt 0.988456 0.869475
vt 0.988022 0.868395
vt 0.700608 0.871449
vt 0.708804 0.872244
vt 0.700606 0.872215
vt 0.793514 0.871784
vt 0.792673 0.872570
vt 0.792670 0.871790
vt 0.794392 0.872560
vt 0.810864 0.871935
vt 0.809889 0.872652
vt 0.811690 0.872031
vt 0.810841 0.872715
vt 0.818886 0.872105
vt 0.811666 0.872787
vt 0.700556 0.886208
vt 0.708722 0.890975
vt 0.793451 0.886535
vt 0.792612 0.886532
vt 0.802142 0.886566
vt 0.794327 0.886538
vt 0.810819 0.886633
vt 0.809868 0.886593
vt 0.811633 0.886667
vt 0.818914 0.886653
vt 0.700591 0.876219
vt 0.708771 0.881704
vt 0.700572 0.881676
vt 0.793486 0.876546
vt 0.792628 0.881999
vt 0.792648 0.876543
vt 0.802177 0.876577
vt 0.794343 0.882006
vt 0.794362 0.876550
vt 0.810827 0.876715
vt 0.809884 0.882060
vt 0.809903 0.876604
vt 0.811614 0.876821
vt 0.810822 0.882132
vt 0.818895 0.876807
vt 0.811624 0.882199
vt 0.708790 0.876248
vt 0.793515 0.872565
vt 0.802195 0.872579
vt 0.818888 0.872860
vt 0.708755 0.886237
vt 0.793467 0.882002
vt 0.802158 0.882033
vt 0.818905 0.882185
vt 0.959047 0.946765
vt 0.962182 0.977243
vt 0.958930 0.977230
vt 0.967220 0.946797
vt 0.708807 0.871477
vt 0.732509 0.872327
vt 0.732495 0.876332
vt 0.732476 0.881788
vt 0.732460 0.886320
vt 0.732442 0.891059
vt 0.732439 0.891837
vt 0.732438 0.892181
vt 0.732416 0.898276
vt 0.732425 0.895714
vt 0.959215 0.902895
vt 0.962298 0.946778
vt 0.966950 0.902925
vt 0.967390 0.902926
vt 0.732512 0.871560
vt 0.766645 0.872448
vt 0.766631 0.876452
vt 0.766612 0.881908
vt 0.766596 0.886440
vt 0.766579 0.891179
vt 0.766576 0.891957
vt 0.766575 0.892302
vt 0.766553 0.898396
vt 0.766562 0.895834
vt 0.962561 0.878384
vt 0.959309 0.878371
vt 0.967044 0.878401
vt 0.967485 0.878403
vt 0.785730 0.871745
vt 0.785727 0.872515
vt 0.785713 0.876519
vt 0.785694 0.881975
vt 0.785678 0.886507
vt 0.785661 0.891248
vt 0.785658 0.892027
vt 0.785657 0.892371
vt 0.792589 0.892399
vt 0.785644 0.895905
vt 0.792577 0.895934
vt 0.992615 0.978577
vt 0.988104 0.987478
vt 0.988131 0.978564
vt 0.987694 0.978563
vt 0.987667 0.987476
vt 0.895266 0.872715
vt 0.902100 0.871946
vt 0.902102 0.872702
vt 0.895273 0.876662
vt 0.902109 0.876649
vt 0.895283 0.882039
vt 0.902119 0.882026
vt 0.895292 0.886507
vt 0.902128 0.886495
vt 0.895343 0.891246
vt 0.902273 0.891233
vt 0.902289 0.892011
vt 0.895349 0.892024
vt 0.902295 0.892355
vt 0.895383 0.898463
vt 0.902338 0.895888
vt 0.902350 0.898450
vt 0.995867 0.978587
vt 0.992702 0.949301
vt 0.995954 0.949310
vt 0.988218 0.949287
vt 0.987781 0.949286
vt 0.872812 0.872002
vt 0.872814 0.872758
vt 0.872821 0.876705
vt 0.872831 0.882082
vt 0.872840 0.886550
vt 0.872852 0.891289
vt 0.872854 0.892067
vt 0.895352 0.892368
vt 0.872863 0.895943
vt 0.895375 0.895901
vt 0.996076 0.908364
vt 0.992824 0.908354
vt 0.987903 0.908339
vt 0.841410 0.872062
vt 0.841412 0.872818
vt 0.841419 0.876764
vt 0.841430 0.882142
vt 0.841438 0.886610
vt 0.841447 0.891348
vt 0.841448 0.892126
vt 0.841449 0.892470
vt 0.872855 0.892411
vt 0.841463 0.898564
vt 0.872869 0.898505
vt 0.809794 0.898580
vt 0.794290 0.895941
vt 0.793540 0.871191
vt 0.793526 0.865377
vt 0.962908 0.780906
vt 0.967414 0.774447
vt 0.967391 0.780922
vt 0.967828 0.780923
vt 0.967851 0.774449
vt 0.794619 0.803703
vt 0.793761 0.798662
vt 0.794637 0.798665
vt 0.802434 0.803731
vt 0.802452 0.798692
vt 0.810160 0.803758
vt 0.810178 0.798720
vt 0.811125 0.803761
vt 0.811143 0.798723
vt 0.988719 0.780896
vt 0.988301 0.774420
vt 0.988738 0.774421
vt 0.996455 0.780919
vt 0.993222 0.774434
vt 0.996474 0.774444
vt 0.959657 0.780894
vt 0.962828 0.803508
vt 0.959577 0.803496
vt 0.967311 0.803523
vt 0.967749 0.803525
vt 0.793682 0.821286
vt 0.793744 0.803700
vt 0.794557 0.821290
vt 0.802372 0.821317
vt 0.810098 0.821344
vt 0.988652 0.803501
vt 0.988282 0.780895
vt 0.996388 0.803524
vt 0.993203 0.780910
vt 0.962735 0.830042
vt 0.959483 0.830030
vt 0.967218 0.830058
vt 0.967655 0.830059
vt 0.793609 0.841933
vt 0.794484 0.841936
vt 0.802299 0.841964
vt 0.811063 0.821348
vt 0.810025 0.841991
vt 0.988573 0.830039
vt 0.988215 0.803500
vt 0.996309 0.830062
vt 0.993136 0.803514
vt 0.962628 0.860171
vt 0.967548 0.860188
vt 0.810990 0.841994
vt 0.988136 0.830038
vt 0.993057 0.830052
vt 0.996163 0.878993
vt 0.987990 0.878969
vt 0.988340 0.908341
vt 0.841457 0.896002
vt 0.785635 0.898467
vt 0.766648 0.871679
vt 0.962467 0.902907
vt 0.966782 0.946795
vt 0.995840 0.987501
vt 0.992588 0.987491
vt 0.959679 0.774420
vt 0.962931 0.774431
vt 0.856757 0.634749
vt 0.863672 0.635534
vt 0.856756 0.635526
vt 0.839583 0.634716
vt 0.847259 0.635515
vt 0.839580 0.635494
vt 0.847229 0.654970
vt 0.839540 0.655523
vt 0.839544 0.654922
vt 0.855920 0.634749
vt 0.855920 0.635526
vt 0.855048 0.634748
vt 0.855047 0.635525
vt 0.855009 0.654969
vt 0.855867 0.655567
vt 0.855006 0.655568
vt 0.837796 0.634704
vt 0.838625 0.635485
vt 0.837792 0.635478
vt 0.754235 0.635065
vt 0.747330 0.635873
vt 0.747312 0.635097
vt 0.855897 0.661368
vt 0.855023 0.661367
vt 0.847227 0.661361
vt 0.839518 0.661356
vt 0.944223 0.863815
vt 0.941133 0.872185
vt 0.941165 0.863803
vt 0.863677 0.628332
vt 0.856759 0.630879
vt 0.856760 0.628322
vt 0.847259 0.628307
vt 0.839584 0.630844
vt 0.839574 0.628286
vt 0.955285 0.862969
vt 0.958350 0.862251
vt 0.958348 0.862978
vt 0.944227 0.862802
vt 0.941169 0.862790
vt 0.855922 0.630878
vt 0.855923 0.628321
vt 0.855050 0.630876
vt 0.855049 0.628319
vt 0.944229 0.862077
vt 0.941171 0.862066
vt 0.955281 0.863985
vt 0.958348 0.862978
vt 0.958345 0.863995
vt 0.838615 0.628287
vt 0.837794 0.630842
vt 0.837781 0.628288
vt 0.950751 0.966746
vt 0.954951 0.975156
vt 0.950726 0.975144
vt 0.754184 0.628641
vt 0.747252 0.631230
vt 0.747233 0.628674
vt 0.944254 0.855068
vt 0.941196 0.855057
vt 0.955287 0.862242
vt 0.958371 0.855229
vt 0.948857 0.862093
vt 0.948443 0.862817
vt 0.948446 0.862092
vt 0.948882 0.855084
vt 0.948470 0.855082
vt 0.950651 0.862229
vt 0.951083 0.855207
vt 0.951063 0.862230
vt 0.950648 0.862955
vt 0.951060 0.862956
vt 0.950646 0.863972
vt 0.951057 0.863973
vt 0.950339 0.966745
vt 0.950315 0.975143
vt 0.747305 0.634754
vt 0.838629 0.634366
vt 0.837797 0.634361
vt 0.847261 0.634737
vt 0.839585 0.634372
vt 0.847261 0.634393
vt 0.855048 0.634404
vt 0.855921 0.634405
vt 0.856757 0.634406
vt 0.863673 0.634758
vt 0.863673 0.634414
vt 0.948439 0.863831
vt 0.948822 0.872215
vt 0.948407 0.872213
vt 0.948873 0.862806
vt 0.747552 0.654361
vt 0.754376 0.655083
vt 0.747556 0.655115
vt 0.837779 0.654025
vt 0.838581 0.654873
vt 0.837756 0.654779
vt 0.839552 0.654155
vt 0.855013 0.654204
vt 0.855891 0.654975
vt 0.855888 0.654197
vt 0.856733 0.654966
vt 0.856729 0.654189
vt 0.863657 0.654993
vt 0.754244 0.635841
vt 0.747488 0.640601
vt 0.838585 0.640209
vt 0.837773 0.640177
vt 0.847242 0.640252
vt 0.839534 0.640246
vt 0.855913 0.640258
vt 0.855039 0.640258
vt 0.856750 0.640259
vt 0.863668 0.640264
vt 0.754329 0.645027
vt 0.747534 0.650424
vt 0.747509 0.645058
vt 0.837794 0.644634
vt 0.838605 0.650104
vt 0.837819 0.650000
vt 0.839531 0.644768
vt 0.847235 0.650217
vt 0.839527 0.650212
vt 0.855036 0.644780
vt 0.855905 0.650224
vt 0.855032 0.650223
vt 0.855910 0.644780
vt 0.856742 0.650225
vt 0.856746 0.644781
vt 0.863661 0.650230
vt 0.754354 0.650391
vt 0.838602 0.654094
vt 0.847228 0.654206
vt 0.863658 0.654225
vt 0.754308 0.640569
vt 0.838594 0.644699
vt 0.847239 0.644774
vt 0.863665 0.644786
vt 0.954976 0.966759
vt 0.958121 0.939186
vt 0.958039 0.966768
vt 0.950833 0.939164
vt 0.776772 0.654224
vt 0.754373 0.654329
vt 0.776754 0.650286
vt 0.776729 0.644921
vt 0.776682 0.635736
vt 0.776678 0.634960
vt 0.754231 0.634721
vt 0.776676 0.634617
vt 0.776646 0.628536
vt 0.754199 0.631197
vt 0.955058 0.939177
vt 0.958236 0.900610
vt 0.950537 0.900587
vt 0.950422 0.939163
vt 0.808101 0.654077
vt 0.776776 0.654978
vt 0.808083 0.650140
vt 0.808058 0.644774
vt 0.808037 0.640317
vt 0.776708 0.640464
vt 0.808015 0.635590
vt 0.808011 0.634814
vt 0.808009 0.634470
vt 0.807992 0.630946
vt 0.807979 0.628391
vt 0.958319 0.872939
vt 0.951031 0.872918
vt 0.950619 0.872916
vt 0.830577 0.654726
vt 0.830573 0.653972
vt 0.830555 0.650034
vt 0.830530 0.644669
vt 0.830509 0.640211
vt 0.830501 0.635490
vt 0.830499 0.634715
vt 0.830498 0.634372
vt 0.830471 0.628296
vt 0.948013 0.975098
vt 0.943834 0.965172
vt 0.948051 0.965189
vt 0.948462 0.965190
vt 0.948583 0.655052
vt 0.940404 0.654281
vt 0.948583 0.654287
vt 0.940407 0.650286
vt 0.948587 0.650292
vt 0.940411 0.644843
vt 0.948591 0.644849
vt 0.940414 0.640320
vt 0.948594 0.640327
vt 0.940434 0.635593
vt 0.948660 0.635599
vt 0.948667 0.634823
vt 0.940437 0.634817
vt 0.948670 0.634479
vt 0.940438 0.634473
vt 0.948690 0.630955
vt 0.940450 0.628393
vt 0.948695 0.628399
vt 0.943944 0.936521
vt 0.940776 0.965161
vt 0.940886 0.936509
vt 0.948161 0.936537
vt 0.948573 0.936538
vt 0.916753 0.655030
vt 0.916753 0.654264
vt 0.916756 0.650269
vt 0.916760 0.644825
vt 0.916764 0.640303
vt 0.916768 0.635575
vt 0.916769 0.634799
vt 0.916769 0.634456
vt 0.916773 0.630931
vt 0.916775 0.628375
vt 0.941044 0.895249
vt 0.948733 0.895279
vt 0.948319 0.895277
vt 0.882695 0.655006
vt 0.882696 0.654239
vt 0.882699 0.650244
vt 0.882703 0.644800
vt 0.882706 0.640278
vt 0.882710 0.635550
vt 0.882711 0.634774
vt 0.882711 0.634430
vt 0.882716 0.628350
vt 0.847263 0.630864
vt 0.847230 0.655568
vt 0.838628 0.634709
vt 0.838589 0.655507
vt 0.838556 0.661355
vt 0.951324 0.774421
vt 0.955530 0.780534
vt 0.951305 0.780522
vt 0.950894 0.780520
vt 0.950912 0.774420
vt 0.838506 0.727916
vt 0.839472 0.722890
vt 0.839469 0.727917
vt 0.847181 0.722896
vt 0.847177 0.727922
vt 0.854977 0.722902
vt 0.854974 0.727928
vt 0.855851 0.722903
vt 0.855847 0.727929
vt 0.949166 0.774447
vt 0.948734 0.780535
vt 0.948755 0.774445
vt 0.944539 0.774430
vt 0.941459 0.780509
vt 0.941481 0.774420
vt 0.955466 0.801830
vt 0.958593 0.780543
vt 0.958530 0.801839
vt 0.951242 0.801818
vt 0.950830 0.801816
vt 0.838523 0.705343
vt 0.838510 0.722890
vt 0.839486 0.705344
vt 0.847194 0.705350
vt 0.854990 0.705356
vt 0.949145 0.780536
vt 0.948659 0.801791
vt 0.944517 0.780520
vt 0.941384 0.801766
vt 0.955392 0.826832
vt 0.958456 0.826841
vt 0.951168 0.826819
vt 0.950756 0.826818
vt 0.838539 0.684744
vt 0.839501 0.684745
vt 0.847209 0.684751
vt 0.855006 0.684757
vt 0.855864 0.705356
vt 0.949070 0.801793
vt 0.948571 0.826747
vt 0.944442 0.801776
vt 0.941296 0.826721
vt 0.955308 0.855220
vt 0.950671 0.855206
vt 0.855880 0.684757
vt 0.948982 0.826748
vt 0.944354 0.826732
vt 0.944191 0.872197
vt 0.863676 0.630889
vt 0.830485 0.630851
vt 0.808105 0.654831
vt 0.950948 0.900588
vt 0.955172 0.900601
vt 0.838627 0.630843
vt 0.776658 0.631092
vt 0.955255 0.872930
vt 0.943796 0.975082
vt 0.940446 0.630949
vt 0.944102 0.895261
vt 0.882714 0.630906
vt 0.958611 0.774442
vt 0.955548 0.774433
vt 0.815231 0.754198
vt 0.808009 0.755072
vt 0.808002 0.754260
vt 0.833187 0.754870
vt 0.825157 0.754113
vt 0.833183 0.754057
vt 0.824990 0.733779
vt 0.833020 0.733122
vt 0.833023 0.733751
vt 0.816112 0.755002
vt 0.816105 0.754190
vt 0.817024 0.754995
vt 0.817017 0.754182
vt 0.816858 0.733860
vt 0.815956 0.733243
vt 0.816855 0.733233
vt 0.835056 0.754864
vt 0.834181 0.754057
vt 0.835051 0.754055
vt 0.922386 0.753636
vt 0.929595 0.752720
vt 0.929622 0.753531
vt 0.815865 0.727181
vt 0.816778 0.727172
vt 0.824927 0.727099
vt 0.832983 0.727027
vt 0.921582 0.872371
vt 0.924163 0.879530
vt 0.921554 0.879520
vt 0.808046 0.759116
vt 0.815300 0.761728
vt 0.808070 0.761788
vt 0.825200 0.758974
vt 0.833262 0.761590
vt 0.825230 0.761647
vt 0.935339 0.871631
vt 0.938705 0.870843
vt 0.938703 0.871641
vt 0.924193 0.871516
vt 0.921585 0.871507
vt 0.815275 0.759055
vt 0.816175 0.761721
vt 0.817062 0.759041
vt 0.817088 0.761713
vt 0.924196 0.870898
vt 0.921587 0.870889
vt 0.935336 0.872747
vt 0.938699 0.872757
vt 0.834265 0.761580
vt 0.835096 0.758900
vt 0.835136 0.761570
vt 0.930363 0.985560
vt 0.934973 0.994793
vt 0.930335 0.994780
vt 0.922506 0.760349
vt 0.929724 0.757573
vt 0.929770 0.760244
vt 0.924217 0.864919
vt 0.921608 0.864910
vt 0.935342 0.870833
vt 0.938728 0.863134
vt 0.928142 0.870912
vt 0.927790 0.871529
vt 0.927792 0.870911
vt 0.928164 0.864933
vt 0.927813 0.864932
vt 0.930252 0.870818
vt 0.930727 0.863110
vt 0.930704 0.870820
vt 0.930250 0.871616
vt 0.930702 0.871617
vt 0.930246 0.872732
vt 0.930698 0.872733
vt 0.929883 0.994778
vt 0.922394 0.753995
vt 0.929633 0.753891
vt 0.834188 0.755226
vt 0.835058 0.755222
vt 0.825163 0.754926
vt 0.833189 0.755230
vt 0.825166 0.755286
vt 0.816115 0.755362
vt 0.817027 0.755354
vt 0.815238 0.755010
vt 0.815241 0.755369
vt 0.808013 0.755431
vt 0.927786 0.872394
vt 0.928113 0.879545
vt 0.927759 0.879543
vt 0.928163 0.872390
vt 0.922047 0.733503
vt 0.929163 0.732612
vt 0.929174 0.733400
vt 0.834877 0.734670
vt 0.834029 0.733792
vt 0.834892 0.733882
vt 0.833022 0.734553
vt 0.816862 0.734660
vt 0.815937 0.733862
vt 0.815947 0.734676
vt 0.815057 0.733880
vt 0.815069 0.734692
vt 0.807819 0.733923
vt 0.922369 0.752825
vt 0.929382 0.747782
vt 0.834174 0.749119
vt 0.835024 0.749144
vt 0.825126 0.749162
vt 0.833182 0.749090
vt 0.816064 0.749244
vt 0.816977 0.749235
vt 0.815189 0.749252
vt 0.807958 0.749317
vt 0.922187 0.743225
vt 0.929234 0.737515
vt 0.929315 0.743123
vt 0.834956 0.744485
vt 0.834053 0.738778
vt 0.834875 0.738878
vt 0.833140 0.744363
vt 0.825032 0.738746
vt 0.833088 0.738674
vt 0.816934 0.744509
vt 0.815970 0.738828
vt 0.816883 0.738820
vt 0.816021 0.744517
vt 0.815095 0.738836
vt 0.815146 0.744525
vt 0.807864 0.738901
vt 0.922106 0.737618
vt 0.834016 0.734606
vt 0.824998 0.734578
vt 0.807826 0.734726
vt 0.922254 0.747884
vt 0.834119 0.744426
vt 0.825083 0.744436
vt 0.807915 0.744590
vt 0.935000 0.985574
vt 0.938454 0.955304
vt 0.938363 0.985584
vt 0.930001 0.955279
vt 0.929911 0.985559
vt 0.898636 0.733841
vt 0.922035 0.732715
vt 0.898696 0.737956
vt 0.898777 0.743563
vt 0.898844 0.748222
vt 0.898919 0.753163
vt 0.898931 0.753974
vt 0.898936 0.754333
vt 0.899030 0.760688
vt 0.922464 0.757678
vt 0.935090 0.955294
vt 0.938580 0.912954
vt 0.930579 0.912930
vt 0.930453 0.955280
vt 0.865894 0.734314
vt 0.898625 0.733053
vt 0.865953 0.738429
vt 0.866034 0.744037
vt 0.866101 0.748695
vt 0.866172 0.753635
vt 0.866184 0.754446
vt 0.866190 0.754805
vt 0.866244 0.758488
vt 0.866283 0.761159
vt 0.938670 0.882577
vt 0.930217 0.882552
vt 0.930669 0.882553
vt 0.842396 0.733865
vt 0.842408 0.734653
vt 0.842467 0.738768
vt 0.842548 0.744376
vt 0.842615 0.749034
vt 0.842672 0.753968
vt 0.842682 0.754778
vt 0.842687 0.755137
vt 0.842776 0.761487
vt 0.927455 0.958846
vt 0.923826 0.967285
vt 0.923859 0.958832
vt 0.927806 0.958847
vt 0.927423 0.967298
vt 0.719057 0.734726
vt 0.727614 0.735448
vt 0.719065 0.735526
vt 0.727652 0.739624
vt 0.719102 0.739701
vt 0.727703 0.745313
vt 0.719153 0.745390
vt 0.727746 0.750040
vt 0.719196 0.750117
vt 0.727773 0.754981
vt 0.719175 0.755059
vt 0.719176 0.755870
vt 0.727778 0.755792
vt 0.719176 0.756229
vt 0.727780 0.756151
vt 0.719191 0.759913
vt 0.727830 0.762507
vt 0.719212 0.762584
vt 0.923952 0.934394
vt 0.921250 0.958822
vt 0.921344 0.934384
vt 0.927900 0.934409
vt 0.927549 0.934408
vt 0.752325 0.734425
vt 0.752333 0.735226
vt 0.752370 0.739401
vt 0.752421 0.745090
vt 0.752464 0.749817
vt 0.752507 0.754758
vt 0.752514 0.755569
vt 0.752518 0.755929
vt 0.752550 0.759612
vt 0.752574 0.762284
vt 0.924087 0.899202
vt 0.921479 0.899192
vt 0.928037 0.899217
vt 0.927684 0.899216
vt 0.787921 0.734103
vt 0.787928 0.734905
vt 0.787966 0.739080
vt 0.788017 0.744770
vt 0.788060 0.749496
vt 0.788104 0.754438
vt 0.788112 0.755249
vt 0.788115 0.755608
vt 0.788148 0.759292
vt 0.788172 0.761963
vt 0.824983 0.733154
vt 0.833226 0.758917
vt 0.834186 0.754867
vt 0.834015 0.733130
vt 0.833990 0.727018
vt 0.930991 0.774421
vt 0.935608 0.781132
vt 0.930971 0.781118
vt 0.930519 0.781117
vt 0.930539 0.774420
vt 0.833363 0.657450
vt 0.832405 0.662712
vt 0.832357 0.657459
vt 0.824349 0.662785
vt 0.824301 0.657531
vt 0.816199 0.662858
vt 0.816152 0.657605
vt 0.815286 0.662866
vt 0.815239 0.657613
vt 0.928407 0.796155
vt 0.928038 0.801348
vt 0.928056 0.796154
vt 0.924460 0.796141
vt 0.921833 0.801326
vt 0.921851 0.796132
vt 0.935539 0.804511
vt 0.938972 0.781142
vt 0.938902 0.804521
vt 0.930901 0.804498
vt 0.930449 0.804496
vt 0.833576 0.681042
vt 0.833411 0.662703
vt 0.832570 0.681051
vt 0.824513 0.681123
vt 0.816364 0.681197
vt 0.928388 0.801349
vt 0.927974 0.819478
vt 0.924441 0.801335
vt 0.921769 0.819456
vt 0.935457 0.831959
vt 0.938821 0.831969
vt 0.930820 0.831945
vt 0.930368 0.831944
vt 0.833770 0.702572
vt 0.832764 0.702581
vt 0.824707 0.702653
vt 0.816558 0.702726
vt 0.815451 0.681205
vt 0.928324 0.819479
vt 0.927898 0.840764
vt 0.924377 0.819465
vt 0.921694 0.840742
vt 0.935365 0.863124
vt 0.930275 0.863109
vt 0.815645 0.702735
vt 0.928249 0.840765
vt 0.924302 0.840751
vt 0.865882 0.733526
vt 0.930127 0.912929
vt 0.935216 0.912944
vt 0.924190 0.872381
vt 0.816149 0.759048
vt 0.834226 0.758909
vt 0.898991 0.758016
vt 0.935307 0.882567
vt 0.842736 0.758817
vt 0.921218 0.967275
vt 0.727807 0.759835
vt 0.938991 0.774445
vt 0.935628 0.774435
vt 0.835657 0.771662
vt 0.842589 0.772449
vt 0.835657 0.772441
vt 0.818444 0.771627
vt 0.826138 0.772429
vt 0.818441 0.772406
vt 0.826106 0.791928
vt 0.818399 0.792482
vt 0.818403 0.791879
vt 0.834819 0.771661
vt 0.834818 0.772440
vt 0.833944 0.771660
vt 0.833944 0.772439
vt 0.833904 0.791927
vt 0.834763 0.792527
vt 0.833901 0.792528
vt 0.816653 0.771615
vt 0.817484 0.772397
vt 0.816649 0.772391
vt 0.732901 0.771968
vt 0.725980 0.772778
vt 0.725962 0.772000
vt 0.834793 0.798342
vt 0.833918 0.798341
vt 0.826103 0.798334
vt 0.818377 0.798328
vt 0.972584 0.869401
vt 0.969300 0.878294
vt 0.969334 0.869389
vt 0.842592 0.767793
vt 0.835661 0.765220
vt 0.842595 0.765231
vt 0.826142 0.767767
vt 0.818437 0.765183
vt 0.826139 0.765204
vt 0.987487 0.868489
vt 0.984235 0.867708
vt 0.987489 0.867718
vt 0.972588 0.868324
vt 0.969339 0.868312
vt 0.835660 0.767783
vt 0.834822 0.765219
vt 0.834822 0.767781
vt 0.833946 0.765217
vt 0.972590 0.867554
vt 0.969341 0.867543
vt 0.984229 0.869560
vt 0.987484 0.869569
vt 0.817487 0.767744
vt 0.816639 0.765184
vt 0.817475 0.765183
vt 0.979417 0.978715
vt 0.983878 0.987649
vt 0.979391 0.987636
vt 0.732865 0.768091
vt 0.725883 0.765562
vt 0.732850 0.765530
vt 0.972617 0.860107
vt 0.969368 0.860095
vt 0.987511 0.860258
vt 0.977507 0.867572
vt 0.977068 0.868341
vt 0.977070 0.867570
vt 0.977533 0.860124
vt 0.977097 0.860123
vt 0.979310 0.867693
vt 0.979770 0.860235
vt 0.979748 0.867695
vt 0.979308 0.868465
vt 0.979745 0.868466
vt 0.979305 0.869545
vt 0.979742 0.869546
vt 0.978980 0.978714
vt 0.978953 0.987635
vt 0.732897 0.771624
vt 0.725954 0.771655
vt 0.817488 0.771276
vt 0.816654 0.771271
vt 0.826140 0.771304
vt 0.818446 0.771282
vt 0.834819 0.771316
vt 0.833944 0.771315
vt 0.835657 0.771317
vt 0.842589 0.771671
vt 0.842589 0.771326
vt 0.977064 0.869418
vt 0.977470 0.878325
vt 0.977029 0.878323
vt 0.977515 0.868335
vt 0.733037 0.791277
vt 0.726204 0.792063
vt 0.726201 0.791308
vt 0.816634 0.790980
vt 0.817438 0.791830
vt 0.816611 0.791736
vt 0.818411 0.791110
vt 0.833908 0.791161
vt 0.834788 0.791934
vt 0.834785 0.791154
vt 0.835632 0.791926
vt 0.835627 0.791146
vt 0.842572 0.791952
vt 0.732910 0.772746
vt 0.726138 0.777516
vt 0.817444 0.777133
vt 0.816630 0.777100
vt 0.826121 0.777176
vt 0.818395 0.777170
vt 0.834811 0.777184
vt 0.833935 0.777183
vt 0.835650 0.777184
vt 0.842584 0.777190
vt 0.732994 0.781952
vt 0.726183 0.787361
vt 0.726158 0.781984
vt 0.816650 0.781568
vt 0.817462 0.787050
vt 0.816675 0.786946
vt 0.818391 0.781702
vt 0.826112 0.787165
vt 0.818387 0.787158
vt 0.833932 0.781715
vt 0.834803 0.787172
vt 0.833927 0.787171
vt 0.834807 0.781716
vt 0.835641 0.787173
vt 0.835646 0.781717
vt 0.842576 0.787179
vt 0.733019 0.787330
vt 0.817459 0.791050
vt 0.826105 0.791162
vt 0.842573 0.791183
vt 0.732973 0.777484
vt 0.817452 0.781633
vt 0.826117 0.781709
vt 0.842580 0.781722
vt 0.987158 0.978738
vt 0.983992 0.949431
vt 0.987246 0.949440
vt 0.979067 0.949416
vt 0.755488 0.791174
vt 0.733040 0.792032
vt 0.755470 0.787227
vt 0.755445 0.781849
vt 0.755399 0.772643
vt 0.755394 0.771521
vt 0.755376 0.767989
vt 0.755364 0.765427
vt 0.987368 0.908463
vt 0.979189 0.908439
vt 0.979504 0.949417
vt 0.786889 0.791029
vt 0.755491 0.791929
vt 0.786870 0.787083
vt 0.786846 0.781705
vt 0.786825 0.777237
vt 0.755425 0.777381
vt 0.786804 0.772500
vt 0.755395 0.771865
vt 0.786800 0.771722
vt 0.786798 0.771377
vt 0.786781 0.767846
vt 0.786769 0.765284
vt 0.984201 0.879061
vt 0.987455 0.879071
vt 0.979714 0.879048
vt 0.979276 0.879046
vt 0.809416 0.791682
vt 0.809412 0.790926
vt 0.809394 0.786979
vt 0.809369 0.781601
vt 0.809349 0.777134
vt 0.809341 0.772402
vt 0.809339 0.771625
vt 0.809338 0.771281
vt 0.816652 0.767744
vt 0.809312 0.765191
vt 0.976651 0.977109
vt 0.972130 0.987621
vt 0.972171 0.977092
vt 0.977047 0.987640
vt 0.977088 0.977110
vt 0.927692 0.792020
vt 0.919494 0.791247
vt 0.927693 0.791254
vt 0.919498 0.787243
vt 0.927696 0.787250
vt 0.919502 0.781787
vt 0.927701 0.781794
vt 0.919506 0.777254
vt 0.927704 0.777261
vt 0.919526 0.772516
vt 0.927771 0.772523
vt 0.927778 0.771745
vt 0.919529 0.771738
vt 0.919530 0.771393
vt 0.927781 0.771400
vt 0.927802 0.767868
vt 0.919543 0.765299
vt 0.927808 0.765306
vt 0.969038 0.946637
vt 0.968922 0.977079
vt 0.976767 0.946667
vt 0.977206 0.946669
vt 0.895789 0.791995
vt 0.895790 0.791227
vt 0.895793 0.787223
vt 0.895797 0.781767
vt 0.895801 0.777235
vt 0.895807 0.772496
vt 0.895807 0.771718
vt 0.895808 0.771374
vt 0.919539 0.767861
vt 0.895814 0.765279
vt 0.969206 0.902799
vt 0.972287 0.946650
vt 0.977375 0.902831
vt 0.976935 0.902829
vt 0.861654 0.791968
vt 0.861654 0.791199
vt 0.861658 0.787195
vt 0.861662 0.781739
vt 0.861666 0.777206
vt 0.861670 0.772467
vt 0.861671 0.771689
vt 0.861671 0.771345
vt 0.895811 0.767841
vt 0.861677 0.765250
vt 0.833947 0.767780
vt 0.826140 0.771649
vt 0.826107 0.792528
vt 0.818446 0.767746
vt 0.817487 0.771620
vt 0.817446 0.792466
vt 0.817412 0.798327
vt 0.980025 0.774421
vt 0.984493 0.780915
vt 0.980006 0.780901
vt 0.979568 0.780900
vt 0.979587 0.774420
vt 0.817356 0.865040
vt 0.818325 0.860003
vt 0.818320 0.865041
vt 0.826050 0.860010
vt 0.826046 0.865048
vt 0.833865 0.860016
vt 0.833861 0.865054
vt 0.834741 0.860017
vt 0.834737 0.865055
vt 0.977836 0.774449
vt 0.977376 0.780917
vt 0.977399 0.774447
vt 0.972919 0.774431
vt 0.969647 0.780890
vt 0.969670 0.774420
vt 0.984425 0.803536
vt 0.987747 0.780924
vt 0.987680 0.803546
vt 0.979938 0.803523
vt 0.979501 0.803521
vt 0.817375 0.842416
vt 0.817360 0.860002
vt 0.818340 0.842417
vt 0.826065 0.842423
vt 0.833880 0.842430
vt 0.977813 0.780918
vt 0.977297 0.803502
vt 0.972896 0.780901
vt 0.969568 0.803474
vt 0.984347 0.830094
vt 0.987601 0.830103
vt 0.979859 0.830080
vt 0.979422 0.830079
vt 0.817392 0.821770
vt 0.818357 0.821771
vt 0.826083 0.821777
vt 0.833898 0.821784
vt 0.834756 0.842431
vt 0.977733 0.803503
vt 0.977203 0.830016
vt 0.972817 0.803486
vt 0.969474 0.829989
vt 0.984257 0.860248
vt 0.979332 0.860234
vt 0.834773 0.821785
vt 0.977640 0.830018
vt 0.972723 0.830000
vt 0.972549 0.878307
vt 0.861674 0.767812
vt 0.786892 0.791785
vt 0.979626 0.908440
vt 0.984114 0.908454
vt 0.984232 0.868479
vt 0.983904 0.978729
vt 0.987132 0.987659
vt 0.725902 0.768123
vt 0.809326 0.767752
vt 0.972456 0.902812
vt 0.987766 0.774444
vt 0.984512 0.774434
vt 0.593233 0.986823
vt 0.836695 0.931093
vt 0.676411 0.931272
vt 0.516127 0.931452
vt 0.196280 0.883349
vt 0.049114 0.887204
vt 0.094207 0.748406
vt 0.164928 0.771382
vt 0.187909 0.842102
vt 0.644797 0.731763
vt 0.690065 0.731836
vt 0.604556 0.731663
vt 0.559375 0.731506
vt 0.730290 0.731897
vt 0.640360 0.057233
vt 0.685613 0.017352
vt 0.600627 0.056664
vt 0.691712 0.051446
vt 0.723399 0.795913
vt 0.728053 0.770578
vt 0.876936 0.777127
vt 0.844440 0.778120
vt 0.543445 0.823941
vt 0.828794 0.322517
vt 0.826046 0.281710
vt 0.823851 0.203221
vt 0.821355 0.108918
vt 0.817609 0.024418
vt 0.927250 0.169394
vt 0.929139 0.106653
vt 0.931142 0.038543
vt 0.983626 0.446538
vt 0.979533 0.640259
vt 0.976527 0.700203
vt 0.975691 0.726392
vt 0.977941 0.769069
vt 0.272290 0.389316
vt 0.548922 0.039624
vt 0.023288 0.369467
vt 0.994800 0.650850
vt 0.488194 0.696124
vt 0.861240 0.697175
vt 0.791576 0.601512
vt 0.627270 0.570145
vt 0.560268 0.600681
vt 0.696037 0.678895
vt 0.722629 0.679880
vt 0.801312 0.691242
vt 0.877010 0.715855
vt 0.444423 0.753558
vt 0.862416 0.012103
vt 0.589385 0.975704
vt 0.859949 0.285414
vt 0.626786 0.308382
vt 0.558582 0.308382
vt 0.539101 0.308382
vt 0.509748 0.308382
vt 0.480314 0.308382
vt 0.675987 0.308382
vt 0.785133 0.986964
vt 0.696502 0.964404
vt 0.646607 0.971721
vt 0.349200 0.807750
vt 0.023067 0.821485
vt 0.045358 0.427401
vt 0.451198 0.006731
vt 0.466558 0.452222
vt 0.691908 0.878047
vt 0.901412 0.927719
vt 0.691031 0.930248
vt 0.591899 0.038468
vt 0.483495 0.983092
vt 0.896590 0.611533
vt 0.889438 0.950486
vt 0.586903 0.996407
vt 0.798057 0.945492
vt 0.602726 0.017607
vt 0.389662 0.017716
vt 0.494084 0.962107
vt 0.886567 0.324888
vt 0.523123 0.473479
vt 0.895485 0.475191
vt 0.353934 0.006435
vt 0.494144 0.905312
vt 0.494932 0.853825
vt 0.591067 0.948209
vt 0.589457 0.896379
vt 0.481517 0.052460
vt 0.799272 0.992292
vt 0.514242 0.477834
vt 0.014975 0.482376
vt 0.015312 0.438319
vt 0.009640 0.487471
vt 0.012139 0.351973
vt 0.012745 0.397770
vt 0.012980 0.441860
vt 0.938635 0.596483
vt 0.777764 0.305020
vt 0.189521 0.312588
vt 0.287371 0.318854
vt 0.901356 0.317931
vt 0.320052 0.319264
vt 0.239020 0.315605
vt 0.816985 0.082374
vt 0.711188 0.142355
vt 0.354310 0.302555
vt 0.486746 0.638104
vt 0.951975 0.299374
vt 0.818356 0.318086
vt 0.345362 0.320786
vt 0.214565 0.312950
vt 0.993286 0.602587
vt 0.777926 0.317883
vt 0.380730 0.317576
vt 0.264000 0.316872
vt 0.168927 0.319006
vt 0.166513 0.072983
vt 0.267989 0.319051
vt 0.264568 0.085484
vt 0.300669 0.319240
vt 0.738374 0.302100
vt 0.393826 0.124668
vt 0.821693 0.300555
vt 0.819554 0.085985
vt 0.123713 0.284621
vt 0.216879 0.075061
vt 0.299905 0.084743
vt 0.862564 0.084817
vt 0.326136 0.301206
vt 0.389813 0.301248
vt 0.291030 0.301002
vt 0.160905 0.060083
vt 0.710909 0.191475
vt 0.779118 0.086936
vt 0.752587 0.318200
vt 0.832595 0.318261
vt 0.876016 0.318209
vt 0.793016 0.318234
vt 0.935908 0.299129
vt 0.977277 0.602248
vt 0.709140 0.076930
vt 0.711944 0.248856
vt 0.005812 0.340203
vt 0.046565 0.339142
vt 0.129019 0.339400
vt 0.086650 0.339145
vt 0.700421 0.898163
vt 0.895264 0.871959
vt 0.958890 0.987767
vt 0.948854 0.862818
vt 0.948880 0.863826
vt 0.948424 0.975100
vt 0.940403 0.655046
vt 0.958014 0.975166
vt 0.940738 0.975070
vt 0.928140 0.871530
vt 0.928157 0.871520
vt 0.927773 0.967300
vt 0.727607 0.734649
vt 0.938336 0.994803
vt 0.977532 0.869413
vt 0.976610 0.987638
vt 0.919493 0.792014
vt 0.968881 0.987608
s 1
g off
g glass__design_glass_design
usemtl glass_design
f 7/1/1 83/2/2 3/3/3
f 11/4/4 87/5/5 7/1/1
f 15/6/6 91/7/7 11/4/4
f 19/8/8 95/9/9 15/6/6
f 23/10/10 99/11/11 19/8/8
f 27/12/12 103/13/13 23/10/10
f 31/14/14 107/15/15 27/12/12
f 35/16/16 111/17/17 31/14/14
f 39/18/18 115/19/19 35/16/16
f 43/20/20 119/21/21 39/18/18
f 47/22/22 123/23/23 43/20/20
f 51/24/24 127/25/25 47/26/22
f 55/27/26 131/28/27 51/24/24
f 59/29/28 135/30/29 55/27/26
f 63/31/30 139/32/31 59/29/28
f 67/33/32 143/34/33 63/31/30
f 71/35/34 147/36/35 67/33/32
f 75/37/36 151/38/37 71/35/34
f 79/39/38 155/40/39 75/37/36
f 3/41/3 159/42/40 79/39/38
f 10/43/41 6/44/42 1/45/43
f 14/46/44 10/43/41 1/45/43
f 18/47/45 14/46/44 1/45/43
f 22/48/46 18/47/45 1/45/43
f 26/49/47 22/48/46 1/45/43
f 30/50/48 26/49/47 1/45/43
f 34/51/49 30/50/48 1/45/43
f 38/52/50 34/51/49 1/45/43
f 42/53/51 38/52/50 1/45/43
f 46/54/52 42/53/51 1/45/43
f 50/55/53 46/54/52 1/45/43
f 54/56/54 50/55/53 1/45/43
f 58/57/55 54/56/54 1/45/43
f 62/58/56 58/57/55 1/45/43
f 66/59/57 62/58/56 1/45/43
f 70/60/58 66/59/57 1/45/43
f 74/61/59 70/60/58 1/45/43
f 78/62/60 74/61/59 1/45/43
f 82/63/61 78/62/60 1/45/43
f 6/44/42 82/63/61 1/45/43
f 86/64/62 90/65/63 2/66/64
f 90/65/63 94/67/65 2/66/64
f 94/67/65 98/68/66 2/66/64
f 98/68/66 102/69/67 2/66/64
f 102/69/67 106/70/68 2/66/64
f 106/70/68 110/71/69 2/66/64
f 110/71/69 114/72/70 2/66/64
f 114/72/70 118/73/71 2/66/64
f 118/73/71 122/74/72 2/66/64
f 122/74/72 126/75/73 2/66/64
f 126/75/73 130/76/74 2/66/64
f 130/76/74 134/77/75 2/66/64
f 134/77/75 138/78/76 2/66/64
f 138/78/76 142/79/77 2/66/64
f 142/79/77 146/80/78 2/66/64
f 146/80/78 150/81/79 2/66/64
f 150/81/79 154/82/80 2/66/64
f 154/82/80 158/83/81 2/66/64
f 158/83/81 162/84/82 2/66/64
f 162/84/82 86/64/62 2/66/64
f 6/44/42 9/85/83 5/86/84
f 4/87/85 7/1/1 3/3/3
f 5/88/84 8/89/86 4/87/85
f 9/85/83 14/46/44 13/90/87
f 7/1/1 12/91/88 11/4/4
f 9/92/83 12/91/88 8/89/86
f 13/90/87 18/47/45 17/93/89
f 12/91/88 15/6/6 11/4/4
f 13/94/87 16/95/90 12/91/88
f 17/93/89 22/48/46 21/96/91
f 16/95/90 19/8/8 15/6/6
f 17/97/89 20/98/92 16/95/90
f 22/48/46 25/99/93 21/96/91
f 19/8/8 24/100/94 23/10/10
f 20/98/92 25/101/93 24/100/94
f 26/49/47 29/102/95 25/99/93
f 23/10/10 28/103/96 27/12/12
f 24/100/94 29/104/95 28/103/96
f 30/50/48 33/105/97 29/102/95
f 28/103/96 31/14/14 27/12/12
f 28/103/96 33/106/97 32/107/98
f 34/51/49 37/108/99 33/105/97
f 32/107/98 35/16/16 31/14/14
f 32/107/98 37/109/99 36/110/100
f 37/108/99 42/53/51 41/111/101
f 35/16/16 40/112/102 39/18/18
f 36/110/100 41/113/101 40/112/102
f 42/53/51 45/114/103 41/111/101
f 39/18/18 44/115/104 43/20/20
f 40/112/102 45/116/103 44/115/104
f 46/54/52 49/117/105 45/114/103
f 43/20/20 48/118/106 47/22/22
f 44/115/104 49/119/105 48/118/106
f 49/117/105 54/56/54 53/120/107
f 47/26/22 52/121/108 51/24/24
f 49/122/105 52/121/108 48/123/106
f 54/56/54 57/124/109 53/120/107
f 51/24/24 56/125/110 55/27/26
f 52/121/108 57/126/109 56/125/110
f 57/124/109 62/58/56 61/127/111
f 56/125/110 59/29/28 55/27/26
f 57/126/109 60/128/112 56/125/110
f 62/58/56 65/129/113 61/127/111
f 59/29/28 64/130/114 63/31/30
f 60/128/112 65/131/113 64/130/114
f 66/59/57 69/132/115 65/129/113
f 64/130/114 67/33/32 63/31/30
f 65/131/113 68/133/116 64/130/114
f 69/132/115 74/61/59 73/134/117
f 68/133/116 71/35/34 67/33/32
f 68/133/116 73/135/117 72/136/118
f 74/61/59 77/137/119 73/134/117
f 72/136/118 75/37/36 71/35/34
f 72/136/118 77/138/119 76/139/120
f 78/62/60 81/140/121 77/137/119
f 76/139/120 79/39/38 75/37/36
f 76/139/120 81/141/121 80/142/122
f 6/44/42 81/140/121 82/63/61
f 5/143/84 80/142/122 81/141/121
f 3/41/3 80/142/122 4/144/85
f 86/64/62 161/145/123 85/146/124
f 84/147/125 159/42/40 83/148/2
f 84/147/125 161/149/123 160/150/126
f 86/64/62 89/151/127 90/65/63
f 84/152/125 89/153/127 85/154/124
f 84/152/125 87/5/5 88/155/128
f 89/151/127 94/67/65 90/65/63
f 89/153/127 92/156/129 93/157/130
f 87/5/5 92/156/129 88/155/128
f 93/158/130 98/68/66 94/67/65
f 93/157/130 96/159/131 97/160/132
f 92/156/129 95/9/9 96/159/131
f 97/161/132 102/69/67 98/68/66
f 97/160/132 100/162/133 101/163/134
f 95/9/9 100/162/133 96/159/131
f 102/69/67 105/164/135 106/70/68
f 100/162/133 105/165/135 101/163/134
f 99/11/11 104/166/136 100/162/133
f 106/70/68 109/167/137 110/71/69
f 104/166/136 109/168/137 105/165/135
f 104/166/136 107/15/15 108/169/138
f 110/71/69 113/170/139 114/72/70
f 108/169/138 113/171/139 109/168/137
f 107/15/15 112/172/140 108/169/138
f 113/170/139 118/73/71 114/72/70
f 112/172/140 117/173/141 113/171/139
f 111/17/17 116/174/142 112/172/140
f 117/175/141 122/74/72 118/73/71
f 116/174/142 121/176/143 117/173/141
f 115/19/19 120/177/144 116/174/142
f 121/178/143 126/75/73 122/74/72
f 121/176/143 124/179/145 125/180/146
f 119/21/21 124/179/145 120/177/144
f 125/181/146 130/76/74 126/75/73
f 124/179/145 129/182/147 125/180/146
f 124/179/145 127/183/25 128/184/148
f 130/76/74 133/185/149 134/77/75
f 129/186/147 132/187/150 133/188/149
f 127/25/25 132/187/150 128/189/148
f 133/185/149 138/78/76 134/77/75
f 132/187/150 137/190/151 133/188/149
f 132/187/150 135/30/29 136/191/152
f 137/192/151 142/79/77 138/78/76
f 137/190/151 140/193/153 141/194/154
f 136/191/152 139/32/31 140/193/153
f 142/79/77 145/195/155 146/80/78
f 140/193/153 145/196/155 141/194/154
f 139/32/31 144/197/156 140/193/153
f 145/195/155 150/81/79 146/80/78
f 144/197/156 149/198/157 145/196/155
f 144/197/156 147/36/35 148/199/158
f 149/200/157 154/82/80 150/81/79
f 148/199/158 153/201/159 149/198/157
f 148/199/158 151/38/37 152/202/160
f 154/82/80 157/203/161 158/83/81
f 152/202/160 157/204/161 153/201/159
f 151/38/37 156/205/162 152/202/160
f 157/203/161 162/84/82 158/83/81
f 156/205/162 161/149/123 157/204/161
f 156/205/162 159/42/40 160/150/126
s 2
f 219/206/163 179/207/164 180/208/165
f 235/209/166 193/210/167 234/211/168
f 230/212/169 189/213/170 229/214/171
f 224/215/172 186/216/173 185/217/174
f 167/218/175 173/219/176 163/220/177
f 235/209/166 218/221/178 194/222/179
f 236/223/180 204/224/181 218/221/178
f 204/224/181 238/225/182 216/226/183
f 219/206/163 216/226/183 238/225/182
f 230/212/169 215/227/184 190/228/185
f 231/229/186 201/230/187 215/227/184
f 201/230/187 233/231/188 213/232/189
f 234/211/168 213/232/189 233/231/188
f 220/233/190 208/234/191 179/207/164
f 221/235/192 197/236/193 208/234/191
f 197/236/193 223/237/194 209/238/195
f 224/215/172 209/238/195 223/237/194
f 225/239/196 212/240/197 186/216/173
f 226/241/198 198/242/199 212/240/197
f 198/243/199 228/244/200 210/245/201
f 229/214/171 210/245/201 228/244/200
f 164/246/202 180/208/165 179/207/164
f 164/247/202 182/248/203 172/249/204
f 163/220/177 182/248/203 181/250/205
f 163/220/177 184/251/206 167/218/175
f 165/252/207 184/251/206 183/253/208
f 168/254/209 185/217/174 186/216/173
f 167/218/175 188/255/210 170/256/211
f 166/257/212 188/255/210 187/258/213
f 166/259/212 190/228/185 171/260/214
f 170/256/211 192/261/215 173/219/176
f 169/262/216 192/261/215 191/263/217
f 174/264/218 193/210/167 194/222/179
f 183/253/208 195/265/219 165/252/207
f 163/220/177 207/266/220 183/253/208
f 181/250/205 196/267/221 207/266/220
f 207/266/220 175/268/222 195/265/219
f 179/207/164 196/269/221 164/246/202
f 208/234/191 175/270/222 196/269/221
f 185/217/174 195/271/219 209/238/195
f 197/236/193 195/271/219 175/270/222
f 189/213/170 199/272/223 210/245/201
f 210/245/201 176/273/224 198/243/199
f 187/258/213 199/274/223 166/257/212
f 167/218/175 211/275/225 187/258/213
f 184/251/206 200/276/226 211/275/225
f 211/275/225 176/277/224 199/274/223
f 186/216/173 200/278/226 168/254/209
f 200/278/226 198/242/199 176/279/224
f 193/210/167 202/280/227 213/232/189
f 201/230/187 202/280/227 177/281/228
f 191/263/217 202/280/227 169/262/216
f 170/256/211 214/282/229 191/263/217
f 188/255/210 203/283/230 214/282/229
f 214/282/229 177/281/228 202/280/227
f 190/228/185 203/284/230 171/260/214
f 215/227/184 177/281/228 203/284/230
f 180/208/165 205/285/231 216/226/183
f 216/226/183 178/286/232 204/224/181
f 182/248/203 205/287/231 172/249/204
f 173/219/176 217/288/233 182/248/203
f 192/261/215 206/289/234 217/288/233
f 217/288/233 178/286/232 205/287/231
f 194/222/179 206/289/234 174/264/218
f 206/289/234 204/224/181 178/286/232
s 3
f 240/290/235 259/291/236 260/292/237
f 241/293/238 260/292/237 261/294/239
f 241/293/238 262/295/240 242/296/241
f 242/296/241 263/297/242 243/298/243
f 243/298/243 264/299/244 244/300/245
f 244/300/245 265/301/246 245/302/247
f 245/302/247 266/303/248 246/304/249
f 247/305/250 266/303/248 267/306/251
f 248/307/252 267/306/251 268/308/253
f 249/309/254 268/308/253 269/310/255
f 250/311/256 269/310/255 270/312/257
f 250/311/256 271/313/258 251/314/259
f 251/314/259 272/315/260 252/316/261
f 252/316/261 273/317/262 253/318/263
f 253/319/263 274/320/264 254/321/265
f 254/321/265 275/322/266 255/323/267
f 255/323/267 276/324/268 256/325/269
f 257/326/270 276/324/268 277/327/271
f 258/328/272 277/327/271 278/329/273
f 239/330/274 278/329/273 259/291/236
f 260/331/237 279/332/275 280/333/276
f 261/334/239 280/333/276 281/335/277
f 261/334/239 282/336/278 262/337/240
f 262/337/240 283/338/279 263/339/242
f 263/339/242 284/340/280 264/341/244
f 264/341/244 285/342/281 265/343/246
f 265/343/246 286/344/282 266/345/248
f 267/346/251 286/344/282 287/347/283
f 268/348/253 287/347/283 288/349/284
f 269/350/255 288/349/284 289/351/285
f 270/352/257 289/351/285 290/353/286
f 271/354/258 290/353/286 291/355/287
f 271/354/258 292/356/288 272/357/260
f 272/357/260 293/358/289 273/359/262
f 273/360/262 294/361/290 274/362/264
f 274/362/264 295/363/291 275/364/266
f 275/364/266 296/365/292 276/366/268
f 277/367/271 296/365/292 297/368/293
f 278/369/273 297/368/293 298/370/294
f 259/371/236 298/370/294 279/332/275
f 280/333/276 299/372/295 300/373/296
f 281/335/277 300/373/296 301/374/297
f 281/335/277 302/375/298 282/336/278
f 282/336/278 303/376/299 283/338/279
f 283/338/279 304/377/300 284/340/280
f 284/340/280 305/378/301 285/342/281
f 285/342/281 306/379/302 286/344/282
f 287/347/283 306/379/302 307/380/303
f 288/349/284 307/380/303 308/381/304
f 289/351/285 308/381/304 309/382/305
f 290/353/286 309/382/305 310/383/306
f 291/355/287 310/383/306 311/384/307
f 291/355/287 312/385/308 292/356/288
f 292/356/288 313/386/309 293/358/289
f 293/387/289 314/388/310 294/361/290
f 294/361/290 315/389/311 295/363/291
f 295/363/291 316/390/312 296/365/292
f 297/368/293 316/390/312 317/391/313
f 298/370/294 317/391/313 318/392/314
f 279/332/275 318/392/314 299/372/295
f 300/373/296 319/393/315 320/394/316
f 301/374/297 320/394/316 321/395/317
f 301/374/297 322/396/318 302/375/298
f 302/375/298 323/397/319 303/376/299
f 303/376/299 324/398/320 304/377/300
f 304/377/300 325/399/321 305/378/301
f 305/378/301 326/400/322 306/379/302
f 307/380/303 326/400/322 327/401/323
f 308/381/304 327/401/323 328/402/324
f 309/382/305 328/402/324 329/403/325
f 310/383/306 329/403/325 330/404/326
f 311/384/307 330/404/326 331/405/327
f 311/384/307 332/406/328 312/385/308
f 312/385/308 333/407/329 313/386/309
f 313/408/309 334/409/330 314/388/310
f 314/388/310 335/410/331 315/389/311
f 315/389/311 336/411/332 316/390/312
f 317/391/313 336/411/332 337/412/333
f 318/392/314 337/412/333 338/413/334
f 299/372/295 338/413/334 319/393/315
f 320/394/316 339/414/335 340/415/336
f 321/395/317 340/415/336 341/416/337
f 321/395/317 342/417/338 322/396/318
f 322/396/318 343/418/339 323/397/319
f 323/397/319 344/419/340 324/398/320
f 324/398/320 345/420/341 325/399/321
f 325/399/321 346/421/342 326/400/322
f 327/401/323 346/421/342 347/422/343
f 328/402/324 347/422/343 348/423/344
f 329/403/325 348/423/344 349/424/345
f 330/404/326 349/424/345 350/425/346
f 330/404/326 351/426/347 331/405/327
f 331/405/327 352/427/348 332/406/328
f 332/406/328 353/428/349 333/407/329
f 333/429/329 354/430/350 334/409/330
f 334/409/330 355/431/351 335/410/331
f 335/410/331 356/432/352 336/411/332
f 337/412/333 356/432/352 357/433/353
f 338/413/334 357/433/353 358/434/354
f 319/393/315 358/434/354 339/414/335
f 340/415/336 359/435/355 360/436/356
f 341/416/337 360/436/356 361/437/357
f 341/416/337 362/438/358 342/417/338
f 342/417/338 363/439/359 343/418/339
f 343/418/339 364/440/360 344/419/340
f 344/419/340 365/441/361 345/420/341
f 345/420/341 366/442/362 346/421/342
f 347/422/343 366/442/362 367/443/363
f 348/423/344 367/443/363 368/444/364
f 349/424/345 368/444/364 369/445/365
f 350/425/346 369/445/365 370/446/366
f 351/426/347 370/446/366 371/447/367
f 351/426/347 372/448/368 352/427/348
f 352/427/348 373/449/369 353/428/349
f 353/450/349 374/451/370 354/430/350
f 354/430/350 375/452/371 355/431/351
f 355/431/351 376/453/372 356/432/352
f 357/433/353 376/453/372 377/454/373
f 358/434/354 377/454/373 378/455/374
f 339/414/335 378/455/374 359/435/355
f 360/436/356 379/456/375 380/457/376
f 361/437/357 380/457/376 381/458/377
f 361/437/357 382/459/378 362/438/358
f 362/438/358 383/460/379 363/439/359
f 363/439/359 384/461/380 364/440/360
f 364/440/360 385/462/381 365/441/361
f 365/441/361 386/463/382 366/442/362
f 367/443/363 386/463/382 387/464/383
f 368/444/364 387/464/383 388/465/384
f 369/445/365 388/465/384 389/466/385
f 370/446/366 389/466/385 390/467/386
f 371/447/367 390/467/386 391/468/387
f 371/447/367 392/469/388 372/448/368
f 372/448/368 393/470/389 373/449/369
f 373/471/369 394/472/390 374/451/370
f 374/451/370 395/473/391 375/452/371
f 375/452/371 396/474/392 376/453/372
f 377/454/373 396/474/392 397/475/393
f 378/455/374 397/475/393 398/476/394
f 359/435/355 398/476/394 379/456/375
f 380/457/376 399/477/395 400/478/396
f 381/458/377 400/478/396 401/479/397
f 381/458/377 402/480/398 382/459/378
f 382/459/378 403/481/399 383/460/379
f 383/460/379 404/482/400 384/461/380
f 384/461/380 405/483/401 385/462/381
f 385/462/381 406/484/402 386/463/382
f 387/464/383 406/484/402 407/485/403
f 388/465/384 407/485/403 408/486/404
f 389/466/385 408/486/404 409/487/405
f 390/467/386 409/487/405 410/488/406
f 391/468/387 410/488/406 411/489/407
f 391/468/387 412/490/408 392/469/388
f 392/469/388 413/491/409 393/470/389
f 393/492/389 414/493/410 394/472/390
f 394/472/390 415/494/411 395/473/391
f 395/473/391 416/495/412 396/474/392
f 397/475/393 416/495/412 417/496/413
f 398/476/394 417/496/413 418/497/414
f 379/456/375 418/497/414 399/477/395
f 400/478/396 419/498/415 420/499/416
f 401/479/397 420/499/416 421/500/417
f 401/479/397 422/501/418 402/480/398
f 402/480/398 423/502/419 403/481/399
f 403/481/399 424/503/420 404/482/400
f 404/482/400 425/504/421 405/483/401
f 405/483/401 426/505/422 406/484/402
f 407/485/403 426/505/422 427/506/423
f 408/486/404 427/506/423 428/507/424
f 409/487/405 428/507/424 429/508/425
f 410/488/406 429/508/425 430/509/426
f 411/489/407 430/509/426 431/510/427
f 411/489/407 432/511/428 412/490/408
f 412/490/408 433/512/429 413/491/409
f 413/513/409 434/514/430 414/493/410
f 414/493/410 435/515/431 415/494/411
f 415/494/411 436/516/432 416/495/412
f 417/496/413 436/516/432 437/517/433
f 418/497/414 437/517/433 438/518/434
f 399/477/395 438/518/434 419/498/415
f 420/499/416 439/519/435 440/520/436
f 421/500/417 440/520/436 441/521/437
f 421/500/417 442/522/438 422/501/418
f 422/501/418 443/523/439 423/502/419
f 423/502/419 444/524/440 424/503/420
f 424/503/420 445/525/441 425/504/421
f 425/504/421 446/526/442 426/505/422
f 427/506/423 446/526/442 447/527/443
f 428/507/424 447/527/443 448/528/444
f 429/508/425 448/528/444 449/529/445
f 430/509/426 449/529/445 450/530/446
f 431/510/427 450/530/446 451/531/447
f 431/510/427 452/532/448 432/511/428
f 432/511/428 453/533/449 433/512/429
f 433/534/429 454/535/450 434/514/430
f 434/514/430 455/536/451 435/515/431
f 436/516/432 455/536/451 456/537/452
f 437/517/433 456/537/452 457/538/453
f 438/518/434 457/538/453 458/539/454
f 419/498/415 458/539/454 439/519/435
f 439/519/435 460/540/455 440/520/436
f 440/520/436 461/541/456 441/521/437
f 442/522/438 461/541/456 462/542/457
f 443/523/439 462/542/457 463/543/458
f 444/524/440 463/543/458 464/544/459
f 445/525/441 464/544/459 465/545/460
f 446/526/442 465/545/460 466/546/461
f 446/526/442 467/547/462 447/527/443
f 447/527/443 468/548/463 448/528/444
f 448/528/444 469/549/464 449/529/445
f 449/529/445 470/550/465 450/530/446
f 450/530/446 471/551/466 451/531/447
f 452/532/448 471/551/466 472/552/467
f 453/533/449 472/552/467 473/553/468
f 454/535/450 473/554/468 474/555/469
f 455/536/451 474/555/469 475/556/470
f 455/536/451 476/557/471 456/537/452
f 456/537/452 477/558/472 457/538/453
f 457/538/453 478/559/473 458/539/454
f 458/539/454 459/560/474 439/519/435
f 459/560/474 480/561/475 460/540/455
f 460/540/455 481/562/476 461/541/456
f 462/542/457 481/562/476 482/563/477
f 463/543/458 482/563/477 483/564/478
f 464/544/459 483/564/478 484/565/479
f 465/545/460 484/565/479 485/566/480
f 466/546/461 485/566/480 486/567/481
f 466/546/461 487/568/482 467/547/462
f 467/547/462 488/569/483 468/548/463
f 468/548/463 489/570/484 469/549/464
f 469/549/464 490/571/485 470/550/465
f 470/550/465 491/572/486 471/551/466
f 472/552/467 491/572/486 492/573/487
f 473/553/468 492/573/487 493/574/488
f 474/555/469 493/575/488 494/576/489
f 475/556/470 494/576/489 495/577/490
f 476/557/471 495/577/490 496/578/491
f 476/557/471 497/579/492 477/558/472
f 477/558/472 498/580/493 478/559/473
f 478/559/473 479/581/494 459/560/474
f 479/581/494 500/582/495 480/561/475
f 480/561/475 501/583/496 481/562/476
f 482/563/477 501/583/496 502/584/497
f 483/564/478 502/584/497 503/585/498
f 484/565/479 503/585/498 504/586/499
f 485/566/480 504/586/499 505/587/500
f 486/567/481 505/587/500 506/588/501
f 486/567/481 507/589/502 487/568/482
f 487/568/482 508/590/503 488/569/483
f 488/569/483 509/591/504 489/570/484
f 489/570/484 510/592/505 490/571/485
f 490/571/485 511/593/506 491/572/486
f 492/573/487 511/593/506 512/594/507
f 493/574/488 512/594/507 513/595/508
f 494/576/489 513/596/508 514/597/509
f 495/577/490 514/597/509 515/598/510
f 496/578/491 515/598/510 516/599/511
f 496/578/491 517/600/512 497/579/492
f 497/579/492 518/601/513 498/580/493
f 498/580/493 499/602/514 479/581/494
f 499/602/514 520/603/515 500/582/495
f 500/582/495 521/604/516 501/583/496
f 502/584/497 521/604/516 522/605/517
f 503/585/498 522/605/517 523/606/518
f 504/586/499 523/606/518 524/607/519
f 505/587/500 524/607/519 525/608/520
f 506/588/501 525/608/520 526/609/521
f 506/588/501 527/610/522 507/589/502
f 507/589/502 528/611/523 508/590/503
f 508/590/503 529/612/524 509/591/504
f 509/591/504 530/613/525 510/592/505
f 510/592/505 531/614/526 511/593/506
f 512/594/507 531/614/526 532/615/527
f 513/595/508 532/615/527 533/616/528
f 514/597/509 533/617/528 534/618/529
f 515/598/510 534/618/529 535/619/530
f 516/599/511 535/619/530 536/620/531
f 516/599/511 537/621/532 517/600/512
f 517/600/512 538/622/533 518/601/513
f 518/601/513 519/623/534 499/602/514
f 519/623/534 540/624/535 520/603/515
f 520/603/515 541/625/536 521/604/516
f 522/605/517 541/625/536 542/626/537
f 523/606/518 542/626/537 543/627/538
f 524/607/519 543/627/538 544/628/539
f 525/608/520 544/628/539 545/629/540
f 526/609/521 545/629/540 546/630/541
f 526/609/521 547/631/542 527/610/522
f 527/610/522 548/632/543 528/611/523
f 528/611/523 549/633/544 529/612/524
f 529/612/524 550/634/545 530/613/525
f 530/613/525 551/635/546 531/614/526
f 532/615/527 551/635/546 552/636/547
f 533/616/528 552/636/547 553/637/548
f 534/618/529 553/638/548 554/639/549
f 535/619/530 554/639/549 555/640/550
f 536/620/531 555/640/550 556/641/551
f 536/620/531 557/642/552 537/621/532
f 537/621/532 558/643/553 538/622/533
f 538/622/533 539/644/554 519/623/534
f 539/644/554 560/645/555 540/624/535
f 540/624/535 561/646/556 541/625/536
f 542/626/537 561/646/556 562/647/557
f 543/627/538 562/647/557 563/648/558
f 544/628/539 563/648/558 564/649/559
f 545/629/540 564/649/559 565/650/560
f 546/630/541 565/650/560 566/651/561
f 546/630/541 567/652/562 547/631/542
f 547/631/542 568/653/563 548/632/543
f 548/632/543 569/654/564 549/633/544
f 549/633/544 570/655/565 550/634/545
f 550/634/545 571/656/566 551/635/546
f 552/636/547 571/656/566 572/657/567
f 553/637/548 572/657/567 573/658/568
f 554/639/549 573/659/568 574/660/569
f 555/640/550 574/660/569 575/661/570
f 556/641/551 575/661/570 576/662/571
f 556/641/551 577/663/572 557/642/552
f 557/642/552 578/664/573 558/643/553
f 558/643/553 559/665/574 539/644/554
f 559/665/574 580/666/575 560/645/555
f 560/645/555 581/667/576 561/646/556
f 562/647/557 581/667/576 582/668/577
f 563/648/558 582/668/577 583/669/578
f 564/649/559 583/669/578 584/670/579
f 565/650/560 584/670/579 585/671/580
f 566/651/561 585/671/580 586/672/581
f 566/651/561 587/673/582 567/652/562
f 567/652/562 588/674/583 568/653/563
f 568/653/563 589/675/584 569/654/564
f 569/654/564 590/676/585 570/655/565
f 570/655/565 591/677/586 571/656/566
f 572/657/567 591/677/586 592/678/587
f 573/658/568 592/678/587 593/679/588
f 574/660/569 593/680/588 594/681/589
f 575/661/570 594/681/589 595/682/590
f 576/662/571 595/682/590 596/683/591
f 576/662/571 597/684/592 577/663/572
f 577/663/572 598/685/593 578/664/573
f 578/664/573 579/686/594 559/665/574
f 579/686/594 600/687/595 580/666/575
f 580/666/575 601/688/596 581/667/576
f 582/668/577 601/688/596 602/689/597
f 583/669/578 602/689/597 603/690/598
f 584/670/579 603/690/598 604/691/599
f 585/671/580 604/691/599 605/692/600
f 586/672/581 605/692/600 606/693/601
f 586/672/581 607/694/602 587/673/582
f 587/673/582 608/695/603 588/674/583
f 588/674/583 609/696/604 589/675/584
f 589/675/584 610/697/605 590/676/585
f 590/676/585 611/698/606 591/677/586
f 592/678/587 611/698/606 612/699/607
f 593/679/588 612/699/607 613/700/608
f 594/681/589 613/701/608 614/702/609
f 595/682/590 614/702/609 615/703/610
f 596/683/591 615/703/610 616/704/611
f 596/683/591 617/705/612 597/684/592
f 597/684/592 618/706/613 598/685/593
f 598/685/593 599/707/614 579/686/594
f 599/707/614 620/708/615 600/687/595
f 600/687/595 621/709/616 601/688/596
f 602/689/597 621/709/616 622/710/617
f 603/690/598 622/710/617 623/711/618
f 604/691/599 623/711/618 624/712/619
f 605/692/600 624/712/619 625/713/620
f 606/693/601 625/713/620 626/714/621
f 606/693/601 627/715/622 607/694/602
f 607/694/602 628/716/623 608/695/603
f 608/695/603 629/717/624 609/696/604
f 609/696/604 630/718/625 610/697/605
f 610/697/605 631/719/626 611/698/606
f 612/699/607 631/719/626 632/720/627
f 613/700/608 632/720/627 633/721/628
f 614/702/609 633/722/628 634/723/629
f 615/703/610 634/723/629 635/724/630
f 616/704/611 635/724/630 636/725/631
f 616/704/611 637/726/632 617/705/612
f 617/705/612 638/727/633 618/706/613
f 618/706/613 619/728/634 599/707/614
f 619/728/634 240/290/235 620/708/615
f 620/708/615 241/293/238 621/709/616
f 622/710/617 241/293/238 242/296/241
f 623/711/618 242/296/241 243/298/243
f 624/712/619 243/298/243 244/300/245
f 625/713/620 244/300/245 245/302/247
f 626/714/621 245/302/247 246/304/249
f 626/714/621 247/305/250 627/715/622
f 627/715/622 248/307/252 628/716/623
f 628/716/623 249/309/254 629/717/624
f 629/717/624 250/311/256 630/718/625
f 630/718/625 251/314/259 631/719/626
f 632/720/627 251/314/259 252/316/261
f 633/721/628 252/316/261 253/318/263
f 634/723/629 253/319/263 254/321/265
f 635/724/630 254/321/265 255/323/267
f 636/725/631 255/323/267 256/325/269
f 636/725/631 257/326/270 637/726/632
f 637/726/632 258/328/272 638/727/633
f 638/727/633 239/330/274 619/728/634
s 4
f 640/729/635 649/730/636 639/731/637
f 641/732/638 650/733/639 640/729/635
f 642/734/640 651/735/641 641/732/638
f 642/734/640 653/736/642 652/737/643
f 643/738/644 655/739/645 654/740/646
f 644/741/647 656/742/648 655/739/645
f 645/743/649 657/744/650 656/742/648
f 646/745/651 658/746/652 657/747/650
f 643/738/644 653/736/642 647/748/653
f 639/731/637 658/746/652 648/749/654
f 649/730/636 682/750/655 681/751/656
f 650/733/639 683/752/657 682/750/655
f 651/735/641 684/753/658 683/752/657
f 652/737/643 685/754/659 684/753/658
f 655/739/645 686/755/660 654/740/646
f 656/742/648 687/756/661 655/739/645
f 657/744/650 688/757/662 656/742/648
f 658/746/652 679/758/663 657/747/650
f 654/740/646 685/754/659 653/736/642
f 658/746/652 681/751/656 680/759/664
f 643/738/644 670/760/665 669/761/666
f 642/734/640 670/760/665 647/748/653
f 671/762/667 641/732/638 672/763/668
f 672/763/668 640/729/635 673/764/669
f 673/764/669 639/731/637 674/765/670
f 648/749/654 674/765/670 639/731/637
f 648/749/654 676/766/671 675/767/672
f 677/768/673 646/769/651 645/743/649
f 678/770/674 645/743/649 644/741/647
f 669/761/666 644/741/647 643/738/644
f 680/759/664 667/771/675 679/758/663
f 659/772/676 680/759/664 681/751/656
f 660/773/677 681/751/656 682/750/655
f 661/774/678 682/750/655 683/752/657
f 662/775/679 683/752/657 684/753/658
f 663/776/680 684/753/658 685/754/659
f 686/755/660 663/776/680 685/754/659
f 687/756/661 664/777/681 686/755/660
f 688/757/662 665/778/682 687/756/661
f 679/779/663 666/780/683 688/757/662
f 1056/781/684 659/772/676 660/773/677
f 1055/782/685 660/773/677 661/774/678
f 1054/783/686 661/774/678 662/775/679
f 1053/784/687 662/775/679 663/776/680
f 665/778/682 1052/785/688 664/777/681
f 666/780/683 1051/786/689 665/778/682
f 667/787/675 1060/788/690 666/780/683
f 668/789/691 1059/790/692 667/771/675
f 664/777/681 1053/784/687 663/776/680
f 1057/791/693 668/789/691 659/772/676
f 700/792/694 689/793/695 690/794/696
f 701/795/697 690/794/696 691/796/698
f 702/797/699 691/796/698 692/798/700
f 703/799/701 692/798/700 693/800/702
f 695/801/703 704/802/704 694/803/705
f 696/804/706 705/805/707 695/801/703
f 697/806/708 706/807/709 696/804/706
f 698/808/710 707/809/711 697/810/708
f 694/803/705 703/799/701 693/800/702
f 699/811/712 698/808/710 689/793/695
f 700/792/694 709/812/713 699/811/712
f 701/795/697 710/813/714 700/792/694
f 702/797/699 711/814/715 701/795/697
f 703/799/701 712/815/716 702/797/699
f 715/816/717 704/802/704 705/805/707
f 716/817/718 705/805/707 706/807/709
f 717/818/719 706/807/709 707/819/711
f 718/820/720 707/809/711 708/821/721
f 714/822/722 703/799/701 704/802/704
f 699/811/712 718/820/720 708/821/721
f 710/813/714 719/823/723 709/812/713
f 711/814/715 720/824/724 710/813/714
f 712/815/716 721/825/725 711/814/715
f 713/826/726 722/827/727 712/815/716
f 725/828/728 714/822/722 715/816/717
f 726/829/729 715/816/717 716/817/718
f 727/830/730 716/817/718 717/818/719
f 728/831/731 717/832/719 718/820/720
f 724/833/732 713/826/726 714/822/722
f 709/812/713 728/831/731 718/820/720
f 720/824/724 729/834/733 719/823/723
f 721/825/725 730/835/734 720/824/724
f 722/827/727 731/836/735 721/825/725
f 723/837/736 732/838/737 722/827/727
f 735/839/738 724/833/732 725/828/728
f 736/840/739 725/828/728 726/829/729
f 737/841/740 726/829/729 727/830/730
f 738/842/741 727/843/730 728/831/731
f 734/844/742 723/837/736 724/833/732
f 719/823/723 738/842/741 728/831/731
f 730/835/734 739/845/743 729/834/733
f 731/836/735 740/846/744 730/835/734
f 732/838/737 741/847/745 731/836/735
f 733/848/746 742/849/747 732/838/737
f 745/850/748 734/844/742 735/839/738
f 746/851/749 735/839/738 736/840/739
f 747/852/750 736/840/739 737/841/740
f 748/853/751 737/854/740 738/842/741
f 744/855/752 733/848/746 734/844/742
f 729/834/733 748/853/751 738/842/741
f 750/856/753 739/845/743 740/846/744
f 751/857/754 740/846/744 741/847/745
f 752/858/755 741/847/745 742/849/747
f 743/859/756 752/858/755 742/849/747
f 745/850/748 754/860/757 744/855/752
f 746/851/749 755/861/758 745/850/748
f 747/852/750 756/862/759 746/851/749
f 748/853/751 757/863/760 747/864/750
f 754/860/757 743/859/756 744/855/752
f 749/865/761 748/853/751 739/845/743
f 760/866/762 749/865/761 750/856/753
f 761/867/763 750/856/753 751/857/754
f 762/868/764 751/857/754 752/858/755
f 763/869/765 752/858/755 753/870/766
f 755/861/758 764/871/767 754/860/757
f 756/862/759 765/872/768 755/861/758
f 757/873/760 766/874/769 756/862/759
f 758/875/770 767/876/771 757/863/760
f 754/860/757 763/869/765 753/870/766
f 759/877/772 758/875/770 749/865/761
f 770/878/773 759/877/772 760/866/762
f 771/879/774 760/866/762 761/867/763
f 772/880/775 761/867/763 762/868/764
f 773/881/776 762/868/764 763/869/765
f 765/872/768 774/882/777 764/871/767
f 766/874/769 775/883/778 765/872/768
f 767/884/771 776/885/779 766/874/769
f 768/886/780 777/887/781 767/876/771
f 764/871/767 773/881/776 763/869/765
f 769/888/782 768/886/780 759/877/772
f 780/889/783 769/888/782 770/878/773
f 781/890/784 770/878/773 771/879/774
f 782/891/785 771/879/774 772/880/775
f 773/881/776 782/891/785 772/880/775
f 775/883/778 784/892/786 774/882/777
f 776/885/779 785/893/787 775/883/778
f 777/894/781 786/895/788 776/885/779
f 778/896/789 787/897/790 777/887/781
f 784/892/786 773/881/776 774/882/777
f 779/898/791 778/896/789 769/888/782
f 780/889/783 789/899/792 779/898/791
f 781/890/784 790/900/793 780/889/783
f 782/891/785 791/901/794 781/890/784
f 783/902/795 792/903/796 782/891/785
f 795/904/797 784/892/786 785/893/787
f 796/905/798 785/893/787 786/895/788
f 797/906/799 786/895/788 787/907/790
f 798/908/800 787/897/790 788/909/801
f 794/910/802 783/902/795 784/892/786
f 779/898/791 798/908/800 788/909/801
f 790/900/793 1046/911/803 789/899/792
f 791/901/794 1045/912/804 790/900/793
f 792/903/796 1044/913/805 791/901/794
f 793/914/806 1043/915/807 792/903/796
f 1050/916/808 794/910/802 795/904/797
f 1049/917/809 795/904/797 796/905/798
f 1048/918/810 796/905/798 797/906/799
f 1047/919/811 797/920/799 798/908/800
f 1041/921/812 793/914/806 794/910/802
f 789/899/792 1047/919/811 798/908/800
f 804/922/813 805/923/814 809/924/815
f 800/925/816 809/924/815 799/926/817
f 809/924/815 808/927/818 799/926/817
f 809/924/815 807/928/819 808/927/818
f 809/924/815 806/929/820 807/928/819
f 809/924/815 805/923/814 806/929/820
f 803/930/821 804/922/813 809/924/815
f 802/931/822 803/930/821 809/924/815
f 801/932/823 802/931/822 809/924/815
f 800/925/816 801/932/823 809/924/815
f 811/933/824 669/761/666 670/760/665
f 671/762/667 811/933/824 670/760/665
f 813/934/825 671/762/667 672/763/668
f 814/935/826 672/763/668 673/764/669
f 815/936/827 673/764/669 674/765/670
f 816/937/828 674/765/670 675/767/672
f 676/766/671 816/937/828 675/767/672
f 677/768/673 817/938/829 676/939/671
f 678/770/674 818/940/830 677/768/673
f 669/761/666 819/941/831 678/770/674
f 821/942/832 810/943/833 811/933/824
f 812/944/834 821/942/832 811/933/824
f 813/934/825 822/945/835 812/944/834
f 814/935/826 823/946/836 813/934/825
f 815/936/827 824/947/837 814/935/826
f 816/937/828 825/948/838 815/936/827
f 827/949/839 816/937/828 817/950/829
f 828/951/840 817/938/829 818/940/830
f 829/952/841 818/940/830 819/941/831
f 820/953/842 819/941/831 810/943/833
f 831/954/843 820/953/842 821/942/832
f 822/945/835 831/954/843 821/942/832
f 823/946/836 832/955/844 822/945/835
f 834/956/845 823/946/836 824/947/837
f 835/957/846 824/947/837 825/948/838
f 836/958/847 825/948/838 826/959/848
f 827/949/839 836/958/847 826/959/848
f 828/951/840 837/960/849 827/961/839
f 829/952/841 838/962/850 828/951/840
f 830/963/851 829/952/841 820/953/842
f 841/964/852 830/963/851 831/954/843
f 832/955/844 841/964/852 831/954/843
f 843/965/853 832/955/844 833/966/854
f 844/967/855 833/966/854 834/956/845
f 845/968/856 834/956/845 835/957/846
f 846/969/857 835/957/846 836/958/847
f 837/970/849 846/969/857 836/958/847
f 838/962/850 847/971/858 837/960/849
f 839/972/859 848/973/860 838/962/850
f 830/963/851 849/974/861 839/972/859
f 851/975/862 840/976/863 841/964/852
f 842/977/864 851/975/862 841/964/852
f 853/978/865 842/977/864 843/965/853
f 854/979/866 843/965/853 844/967/855
f 855/980/867 844/967/855 845/968/856
f 856/981/868 845/968/856 846/969/857
f 847/982/858 856/981/868 846/969/857
f 848/973/860 857/983/869 847/971/858
f 849/974/861 858/984/870 848/973/860
f 840/976/863 859/985/871 849/974/861
f 861/986/872 850/987/873 851/975/862
f 852/988/874 861/986/872 851/975/862
f 863/989/875 852/988/874 853/978/865
f 864/990/876 853/978/865 854/979/866
f 865/991/877 854/979/866 855/980/867
f 866/992/878 855/980/867 856/981/868
f 857/993/869 866/992/878 856/981/868
f 858/984/870 867/994/879 857/983/869
f 859/985/871 868/995/880 858/984/870
f 850/987/873 869/996/881 859/985/871
f 871/997/882 860/998/883 861/986/872
f 862/999/884 871/997/882 861/986/872
f 863/989/875 872/1000/885 862/999/884
f 864/990/876 873/1001/886 863/989/875
f 865/991/877 874/1002/887 864/990/876
f 866/992/878 875/1003/888 865/991/877
f 877/1004/889 866/992/878 867/1005/879
f 878/1006/890 867/994/879 868/995/880
f 879/1007/891 868/995/880 869/996/881
f 870/1008/892 869/996/881 860/998/883
f 881/1009/893 870/1008/892 871/997/882
f 872/1000/885 881/1009/893 871/997/882
f 873/1001/886 882/1010/894 872/1000/885
f 874/1002/887 883/1011/895 873/1001/886
f 875/1003/888 884/1012/896 874/1002/887
f 876/1013/897 885/1014/898 875/1003/888
f 887/1015/899 876/1013/897 877/1004/889
f 888/1016/900 877/1017/889 878/1006/890
f 889/1018/901 878/1006/890 879/1007/891
f 880/1019/902 879/1007/891 870/1008/892
f 891/1020/903 880/1019/902 881/1009/893
f 882/1010/894 891/1020/903 881/1009/893
f 883/1011/895 892/1021/904 882/1010/894
f 884/1012/896 893/1022/905 883/1011/895
f 885/1014/898 894/1023/906 884/1012/896
f 886/1024/907 895/1025/908 885/1014/898
f 897/1026/909 886/1024/907 887/1015/899
f 898/1027/910 887/1028/899 888/1016/900
f 899/1029/911 888/1016/900 889/1018/901
f 890/1030/912 889/1018/901 880/1019/902
f 901/1031/913 890/1030/912 891/1020/903
f 892/1021/904 901/1031/913 891/1020/903
f 903/1032/914 892/1021/904 893/1022/905
f 904/1033/915 893/1022/905 894/1023/906
f 905/1034/916 894/1023/906 895/1025/908
f 906/1035/917 895/1025/908 896/1036/918
f 897/1026/909 906/1035/917 896/1036/918
f 898/1027/910 907/1037/919 897/1038/909
f 899/1029/911 908/1039/920 898/1027/910
f 890/1030/912 909/1040/921 899/1029/911
f 911/1041/922 900/1042/923 901/1031/913
f 902/1043/924 911/1041/922 901/1031/913
f 913/1044/925 902/1043/924 903/1032/914
f 914/1045/926 903/1032/914 904/1033/915
f 915/1046/927 904/1033/915 905/1034/916
f 916/1047/928 905/1034/916 906/1035/917
f 907/1048/919 916/1047/928 906/1035/917
f 908/1039/920 917/1049/929 907/1037/919
f 909/1040/921 918/1050/930 908/1039/920
f 900/1042/923 919/1051/931 909/1040/921
f 921/1052/932 910/1053/933 911/1041/922
f 912/1054/934 921/1052/932 911/1041/922
f 923/1055/935 912/1054/934 913/1044/925
f 924/1056/936 913/1044/925 914/1045/926
f 925/1057/937 914/1045/926 915/1046/927
f 926/1058/938 915/1046/927 916/1047/928
f 917/1059/929 926/1058/938 916/1047/928
f 918/1050/930 927/1060/939 917/1049/929
f 919/1051/931 928/1061/940 918/1050/930
f 910/1053/933 929/1062/941 919/1051/931
f 931/1063/942 920/1064/943 921/1052/932
f 922/1065/944 931/1063/942 921/1052/932
f 933/1066/945 922/1065/944 923/1055/935
f 934/1067/946 923/1055/935 924/1056/936
f 935/1068/947 924/1056/936 925/1057/937
f 936/1069/948 925/1057/937 926/1058/938
f 927/1070/939 936/1069/948 926/1058/938
f 928/1061/940 937/1071/949 927/1060/939
f 929/1062/941 938/1072/950 928/1061/940
f 920/1064/943 939/1073/951 929/1062/941
f 941/1074/952 930/1075/953 931/1063/942
f 932/1076/954 941/1074/952 931/1063/942
f 943/1077/955 932/1076/954 933/1066/945
f 944/1078/956 933/1066/945 934/1067/946
f 945/1079/957 934/1067/946 935/1068/947
f 946/1080/958 935/1068/947 936/1069/948
f 937/1081/949 946/1080/958 936/1069/948
f 938/1072/950 947/1082/959 937/1071/949
f 939/1073/951 948/1083/960 938/1072/950
f 930/1075/953 949/1084/961 939/1073/951
f 951/1085/962 940/1086/963 941/1074/952
f 942/1087/964 951/1085/962 941/1074/952
f 953/1088/965 942/1087/964 943/1077/955
f 954/1089/966 943/1077/955 944/1078/956
f 955/1090/967 944/1078/956 945/1079/957
f 956/1091/968 945/1079/957 946/1080/958
f 947/1092/959 956/1091/968 946/1080/958
f 948/1083/960 957/1093/969 947/1082/959
f 949/1084/961 958/1094/970 948/1083/960
f 940/1086/963 959/1095/971 949/1084/961
f 961/1096/972 950/1097/973 951/1085/962
f 952/1098/974 961/1096/972 951/1085/962
f 953/1088/965 962/1099/975 952/1098/974
f 954/1089/966 963/1100/976 953/1088/965
f 955/1090/967 964/1101/977 954/1089/966
f 956/1091/968 965/1102/978 955/1090/967
f 967/1103/979 956/1091/968 957/1104/969
f 968/1105/980 957/1093/969 958/1094/970
f 969/1106/981 958/1094/970 959/1095/971
f 960/1107/982 959/1095/971 950/1097/973
f 971/1108/983 960/1107/982 961/1096/972
f 962/1099/975 971/1108/983 961/1096/972
f 963/1100/976 972/1109/984 962/1099/975
f 964/1101/977 973/1110/985 963/1100/976
f 965/1102/978 974/1111/986 964/1101/977
f 966/1112/987 975/1113/988 965/1102/978
f 977/1114/989 966/1112/987 967/1103/979
f 978/1115/990 967/1116/979 968/1105/980
f 979/1117/991 968/1105/980 969/1106/981
f 970/1118/992 969/1106/981 960/1107/982
f 981/1119/993 970/1118/992 971/1108/983
f 972/1109/984 981/1119/993 971/1108/983
f 973/1110/985 982/1120/994 972/1109/984
f 974/1111/986 983/1121/995 973/1110/985
f 975/1113/988 984/1122/996 974/1111/986
f 976/1123/997 985/1124/998 975/1113/988
f 987/1125/999 976/1123/997 977/1114/989
f 988/1126/1000 977/1127/989 978/1115/990
f 989/1128/1001 978/1115/990 979/1117/991
f 980/1129/1002 979/1117/991 970/1118/992
f 991/1130/1003 980/1129/1002 981/1119/993
f 982/1120/994 991/1130/1003 981/1119/993
f 993/1131/1004 982/1120/994 983/1121/995
f 994/1132/1005 983/1121/995 984/1122/996
f 995/1133/1006 984/1122/996 985/1124/998
f 996/1134/1007 985/1124/998 986/1135/1008
f 987/1125/999 996/1134/1007 986/1135/1008
f 988/1126/1000 997/1136/1009 987/1137/999
f 989/1128/1001 998/1138/1010 988/1126/1000
f 980/1129/1002 999/1139/1011 989/1128/1001
f 1012/1140/1012 990/1141/1013 991/1130/1003
f 992/1142/1014 1012/1140/1012 991/1130/1003
f 993/1131/1004 1013/1143/1015 992/1142/1014
f 994/1132/1005 1014/1144/1016 993/1131/1004
f 995/1133/1006 1015/1145/1017 994/1132/1005
f 1021/1146/1018 1022/1147/1019 1020/1148/1020
f 1025/1149/1021 1021/1146/1018 1024/1150/1022
f 998/1138/1010 1017/1151/1023 997/1136/1009
f 1010/1152/1024 998/1138/1010 999/1139/1011
f 1011/1153/1025 999/1139/1011 990/1141/1013
f 1029/1154/1026 1010/1152/1024 1011/1153/1025
f 1040/1155/1027 1011/1153/1025 1012/1140/1012
f 1013/1143/1015 1040/1155/1027 1012/1140/1012
f 1014/1144/1016 1039/1156/1028 1013/1143/1015
f 1015/1145/1017 1038/1157/1029 1014/1144/1016
f 1016/1158/1030 1037/1159/1031 1015/1145/1017
f 1034/1160/1032 1022/1147/1019 1023/1161/1033
f 1025/1149/1021 1034/1160/1032 1023/1161/1033
f 1031/1162/1034 1017/1151/1023 1018/1163/1035
f 1030/1164/1036 1018/1163/1035 1010/1152/1024
f 1005/1165/1037 1006/1166/1038 1019/1167/1039
f 1001/1168/1040 1019/1167/1039 1000/1169/1041
f 1019/1167/1039 1009/1170/1042 1000/1169/1041
f 1019/1167/1039 1008/1171/1043 1009/1170/1042
f 1019/1167/1039 1007/1172/1044 1008/1171/1043
f 1019/1167/1039 1006/1166/1038 1007/1172/1044
f 1004/1173/1045 1005/1165/1037 1019/1167/1039
f 1003/1174/1046 1004/1173/1045 1019/1167/1039
f 1002/1175/1047 1003/1174/1046 1019/1167/1039
f 1001/1168/1040 1002/1175/1047 1019/1167/1039
f 996/1134/1007 1020/1148/1020 995/1133/1006
f 1020/1148/1020 1016/1158/1030 995/1133/1006
f 1024/1150/1022 996/1134/1007 997/1176/1009
f 1017/1177/1023 1024/1150/1022 997/1176/1009
f 1016/1158/1030 1035/1178/1048 1036/1179/1049
f 1026/1180/1050 1006/1166/1038 1005/1165/1037
f 1006/1166/1038 1028/1181/1051 1007/1172/1044
f 1033/1182/1052 1017/1177/1023 1032/1183/1053
f 1029/1154/1026 1009/1184/1042 1030/1164/1036
f 1030/1164/1036 1008/1185/1043 1031/1162/1034
f 1031/1162/1034 1007/1186/1044 1032/1187/1053
f 1028/1188/1051 1032/1183/1053 1007/1189/1044
f 1033/1182/1052 1027/1190/1054 1034/1160/1032
f 1035/1178/1048 1027/1190/1054 1026/1191/1050
f 1036/1179/1049 1026/1191/1050 1005/1192/1037
f 1037/1159/1031 1005/1192/1037 1004/1193/1045
f 1038/1157/1029 1004/1193/1045 1003/1194/1046
f 1039/1156/1028 1003/1194/1046 1002/1195/1047
f 1039/1156/1028 1001/1196/1040 1040/1155/1027
f 1029/1154/1026 1001/1196/1040 1000/1197/1041
f 804/922/813 1042/1198/1055 1041/1199/812
f 1042/1198/1055 802/931/822 1043/1200/807
f 1043/1200/807 801/932/823 1044/1201/805
f 1044/1201/805 800/925/816 1045/1202/804
f 1045/1202/804 799/926/817 1046/1203/803
f 1046/1203/803 808/927/818 1047/1204/811
f 1048/1205/810 808/927/818 807/928/819
f 1049/1206/809 807/928/819 806/929/820
f 1050/1207/808 806/929/820 805/923/814
f 1041/1199/812 805/923/814 804/922/813
f 1051/786/689 694/803/705 1052/785/688
f 1052/785/688 693/800/702 1053/784/687
f 1054/783/686 693/800/702 692/798/700
f 1055/782/685 692/798/700 691/796/698
f 1056/781/684 691/796/698 690/794/696
f 1057/791/693 690/794/696 689/793/695
f 1057/791/693 698/808/710 1058/1208/1056
f 1059/790/692 698/808/710 697/810/708
f 1059/1209/692 696/804/706 1060/788/690
f 1060/788/690 695/801/703 1051/786/689
s 5
f 1061/1210/1057 1072/1211/1058 1062/1212/1059
f 1062/1212/1059 1073/1213/1060 1063/1214/1061
f 1063/1214/1061 1074/1215/1062 1064/1216/1063
f 1280/1217/1064 1064/1216/1063 1074/1215/1062
f 1075/1218/1065 1066/1219/1066 1065/1220/1067
f 1076/1221/1068 1067/1222/1069 1066/1219/1066
f 1077/1223/1070 1068/1224/1071 1067/1222/1069
f 1078/1225/1072 1070/1226/1073 1068/1224/1071
f 1071/1227/1074 1080/1228/1075 1072/1211/1058
f 1072/1211/1058 1081/1229/1076 1073/1213/1060
f 1073/1213/1060 1082/1230/1077 1074/1215/1062
f 1281/1231/1078 1074/1215/1062 1082/1230/1077
f 1083/1232/1079 1076/1221/1068 1075/1218/1065
f 1084/1233/1080 1077/1223/1070 1076/1221/1068
f 1085/1234/1081 1078/1225/1072 1077/1223/1070
f 1086/1235/1082 1306/1236/1083 1078/1225/1072
f 1079/1237/1084 1088/1238/1085 1080/1228/1075
f 1080/1228/1075 1089/1239/1086 1081/1229/1076
f 1081/1229/1076 1090/1240/1087 1082/1230/1077
f 1282/1241/1088 1082/1230/1077 1090/1240/1087
f 1091/1242/1089 1084/1233/1080 1083/1232/1079
f 1092/1243/1090 1085/1234/1081 1084/1233/1080
f 1093/1244/1091 1086/1235/1082 1085/1234/1081
f 1094/1245/1092 1307/1246/1093 1086/1235/1082
f 1087/1247/1094 1096/1248/1095 1088/1238/1085
f 1088/1238/1085 1097/1249/1096 1089/1239/1086
f 1089/1239/1086 1098/1250/1097 1090/1240/1087
f 1098/1250/1097 1282/1241/1088 1090/1240/1087
f 1099/1251/1098 1092/1243/1090 1091/1242/1089
f 1100/1252/1099 1093/1244/1091 1092/1243/1090
f 1101/1253/1100 1094/1245/1092 1093/1244/1091
f 1102/1254/1101 1308/1255/1102 1094/1245/1092
f 1095/1256/1103 1104/1257/1104 1096/1248/1095
f 1096/1248/1095 1105/1258/1105 1097/1249/1096
f 1097/1249/1096 1106/1259/1106 1098/1250/1097
f 1106/1259/1106 1283/1260/1107 1098/1250/1097
f 1107/1261/1108 1100/1252/1099 1099/1251/1098
f 1108/1262/1109 1101/1253/1100 1100/1252/1099
f 1109/1263/1110 1102/1254/1101 1101/1253/1100
f 1110/1264/1111 1309/1265/1112 1102/1254/1101
f 1111/1266/1113 1104/1257/1104 1103/1267/1114
f 1104/1257/1104 1113/1268/1115 1105/1258/1105
f 1105/1258/1105 1114/1269/1116 1106/1259/1106
f 1285/1270/1117 1106/1259/1106 1114/1269/1116
f 1115/1271/1118 1108/1262/1109 1107/1261/1108
f 1116/1272/1119 1109/1263/1110 1108/1262/1109
f 1109/1263/1110 1118/1273/1120 1110/1264/1111
f 1118/1273/1120 1310/1274/1121 1110/1264/1111
f 1119/1275/1122 1112/1276/1123 1111/1266/1113
f 1120/1277/1124 1113/1268/1115 1112/1276/1123
f 1121/1278/1125 1114/1269/1116 1113/1268/1115
f 1122/1279/1126 1285/1270/1117 1114/1269/1116
f 1115/1271/1118 1124/1280/1127 1116/1272/1119
f 1116/1272/1119 1125/1281/1128 1117/1282/1129
f 1117/1282/1129 1126/1283/1130 1118/1273/1120
f 1126/1283/1130 1311/1284/1131 1118/1273/1120
f 1119/1275/1122 1128/1285/1132 1120/1277/1124
f 1120/1277/1124 1129/1286/1133 1121/1278/1125
f 1121/1278/1125 1130/1287/1134 1122/1279/1126
f 1287/1288/1135 1122/1279/1126 1130/1287/1134
f 1131/1289/1136 1124/1280/1127 1123/1290/1137
f 1132/1291/1138 1125/1281/1128 1124/1280/1127
f 1133/1292/1139 1126/1283/1130 1125/1281/1128
f 1134/1293/1140 1312/1294/1141 1126/1283/1130
f 1127/1295/1142 1136/1296/1143 1128/1285/1132
f 1128/1285/1132 1137/1297/1144 1129/1286/1133
f 1129/1286/1133 1138/1298/1145 1130/1287/1134
f 1288/1299/1146 1130/1287/1134 1138/1298/1145
f 1139/1300/1147 1132/1291/1138 1131/1289/1136
f 1140/1301/1148 1133/1292/1139 1132/1291/1138
f 1141/1302/1149 1134/1293/1140 1133/1292/1139
f 1142/1303/1150 1313/1304/1151 1134/1293/1140
f 1135/1305/1152 1144/1306/1153 1136/1296/1143
f 1136/1296/1143 1145/1307/1154 1137/1297/1144
f 1145/1307/1154 1138/1298/1145 1137/1297/1144
f 1146/1308/1155 1288/1299/1146 1138/1298/1145
f 1139/1300/1147 1148/1309/1156 1140/1301/1148
f 1148/1309/1156 1141/1302/1149 1140/1301/1148
f 1149/1310/1157 1142/1303/1150 1141/1302/1149
f 1315/1311/1158 1142/1303/1150 1150/1312/1159
f 1151/1313/1160 1144/1306/1153 1143/1314/1161
f 1144/1306/1153 1153/1315/1162 1145/1307/1154
f 1145/1307/1154 1154/1316/1163 1146/1308/1155
f 1154/1316/1163 1289/1317/1164 1146/1308/1155
f 1155/1318/1165 1148/1309/1156 1147/1319/1166
f 1156/1320/1167 1149/1310/1157 1148/1309/1156
f 1149/1310/1157 1158/1321/1168 1150/1312/1159
f 1316/1322/1169 1150/1312/1159 1158/1321/1168
f 1151/1313/1160 1160/1323/1170 1152/1324/1171
f 1152/1324/1171 1161/1325/1172 1153/1315/1162
f 1153/1315/1162 1162/1326/1173 1154/1316/1163
f 1162/1326/1173 1290/1327/1174 1154/1316/1163
f 1163/1328/1175 1156/1320/1167 1155/1318/1165
f 1164/1329/1176 1157/1330/1177 1156/1320/1167
f 1165/1331/1178 1158/1321/1168 1157/1330/1177
f 1166/1332/1179 1316/1322/1169 1158/1321/1168
f 1159/1333/1180 1168/1334/1181 1160/1323/1170
f 1160/1323/1170 1169/1335/1182 1161/1325/1172
f 1161/1325/1172 1170/1336/1183 1162/1326/1173
f 1292/1337/1184 1162/1326/1173 1170/1336/1183
f 1171/1338/1185 1164/1329/1176 1163/1328/1175
f 1172/1339/1186 1165/1331/1178 1164/1329/1176
f 1173/1340/1187 1166/1332/1179 1165/1331/1178
f 1174/1341/1188 1317/1342/1189 1166/1332/1179
f 1167/1343/1190 1176/1344/1191 1168/1334/1181
f 1168/1334/1181 1177/1345/1192 1169/1335/1182
f 1169/1335/1182 1178/1346/1193 1170/1336/1183
f 1178/1346/1193 1292/1337/1184 1170/1336/1183
f 1179/1347/1194 1172/1339/1186 1171/1338/1185
f 1180/1348/1195 1173/1340/1187 1172/1339/1186
f 1181/1349/1196 1174/1341/1188 1173/1340/1187
f 1319/1350/1197 1174/1341/1188 1182/1351/1198
f 1183/1352/1199 1176/1344/1191 1175/1353/1200
f 1184/1354/1201 1177/1345/1192 1176/1344/1191
f 1185/1355/1202 1178/1346/1193 1177/1345/1192
f 1186/1356/1203 1293/1357/1204 1178/1346/1193
f 1179/1347/1194 1188/1358/1205 1180/1348/1195
f 1180/1348/1195 1189/1359/1206 1181/1349/1196
f 1181/1349/1196 1190/1360/1207 1182/1351/1198
f 1320/1361/1208 1182/1351/1198 1190/1360/1207
f 1191/1362/1209 1184/1354/1201 1183/1352/1199
f 1192/1363/1210 1185/1355/1202 1184/1354/1201
f 1185/1355/1202 1194/1364/1211 1186/1356/1203
f 1194/1364/1211 1294/1365/1212 1186/1356/1203
f 1195/1366/1213 1188/1358/1205 1187/1367/1214
f 1188/1358/1205 1197/1368/1215 1189/1359/1206
f 1189/1359/1206 1198/1369/1216 1190/1360/1207
f 1321/1370/1217 1190/1360/1207 1198/1369/1216
f 1199/1371/1218 1192/1363/1210 1191/1362/1209
f 1192/1363/1210 1201/1372/1219 1193/1373/1220
f 1193/1373/1220 1202/1374/1221 1194/1364/1211
f 1202/1374/1221 1295/1375/1222 1194/1364/1211
f 1203/1376/1223 1196/1377/1224 1195/1366/1213
f 1204/1378/1225 1197/1368/1215 1196/1377/1224
f 1197/1368/1215 1206/1379/1226 1198/1369/1216
f 1322/1380/1227 1198/1369/1216 1206/1379/1226
f 1207/1381/1228 1200/1382/1229 1199/1371/1218
f 1208/1383/1230 1201/1372/1219 1200/1382/1229
f 1209/1384/1231 1202/1374/1221 1201/1372/1219
f 1210/1385/1232 1296/1386/1233 1202/1374/1221
f 1203/1376/1223 1212/1387/1234 1204/1378/1225
f 1204/1378/1225 1213/1388/1235 1205/1389/1236
f 1205/1389/1236 1214/1390/1237 1206/1379/1226
f 1323/1391/1238 1206/1379/1226 1214/1390/1237
f 1215/1392/1239 1208/1383/1230 1207/1381/1228
f 1216/1393/1240 1209/1384/1231 1208/1383/1230
f 1217/1394/1241 1210/1385/1232 1209/1384/1231
f 1218/1395/1242 1297/1396/1243 1210/1385/1232
f 1211/1397/1244 1220/1398/1245 1212/1387/1234
f 1212/1387/1234 1221/1399/1246 1213/1388/1235
f 1213/1388/1235 1222/1400/1247 1214/1390/1237
f 1324/1401/1248 1214/1390/1237 1222/1400/1247
f 1215/1392/1239 1224/1402/1249 1216/1393/1240
f 1216/1393/1240 1225/1403/1250 1217/1394/1241
f 1225/1403/1250 1218/1395/1242 1217/1394/1241
f 1226/1404/1251 1298/1405/1252 1218/1395/1242
f 1227/1406/1253 1220/1398/1245 1219/1407/1254
f 1228/1408/1255 1221/1399/1246 1220/1398/1245
f 1229/1409/1256 1222/1400/1247 1221/1399/1246
f 1325/1410/1257 1222/1400/1247 1230/1411/1258
f 1223/1412/1259 1232/1413/1260 1224/1402/1249
f 1224/1402/1249 1233/1414/1261 1225/1403/1250
f 1225/1403/1250 1234/1415/1262 1226/1404/1251
f 1300/1416/1263 1226/1404/1251 1234/1415/1262
f 1235/1417/1264 1228/1408/1255 1227/1406/1253
f 1236/1418/1265 1229/1409/1256 1228/1408/1255
f 1237/1419/1266 1230/1411/1258 1229/1409/1256
f 1326/1420/1267 1230/1411/1258 1238/1421/1268
f 1231/1422/1269 1240/1423/1270 1232/1413/1260
f 1232/1413/1260 1241/1424/1271 1233/1414/1261
f 1233/1414/1261 1242/1425/1272 1234/1415/1262
f 1301/1426/1273 1234/1415/1262 1242/1425/1272
f 1243/1427/1274 1236/1418/1265 1235/1417/1264
f 1244/1428/1275 1237/1419/1266 1236/1418/1265
f 1245/1429/1276 1238/1421/1268 1237/1419/1266
f 1327/1430/1277 1238/1421/1268 1246/1431/1278
f 1239/1432/1279 1248/1433/1280 1240/1423/1270
f 1240/1423/1270 1249/1434/1281 1241/1424/1271
f 1241/1424/1271 1250/1435/1282 1242/1425/1272
f 1302/1436/1283 1242/1425/1272 1250/1435/1282
f 1251/1437/1284 1244/1428/1275 1243/1427/1274
f 1252/1438/1285 1245/1429/1276 1244/1428/1275
f 1253/1439/1286 1246/1431/1278 1245/1429/1276
f 1328/1440/1287 1246/1431/1278 1254/1441/1288
f 1247/1442/1289 1256/1443/1290 1248/1433/1280
f 1256/1443/1290 1249/1434/1281 1248/1433/1280
f 1257/1444/1291 1250/1435/1282 1249/1434/1281
f 1303/1445/1292 1250/1435/1282 1258/1446/1293
f 1251/1437/1284 1260/1447/1294 1252/1438/1285
f 1252/1438/1285 1261/1448/1295 1253/1439/1286
f 1261/1448/1295 1254/1441/1288 1253/1439/1286
f 1329/1449/1296 1254/1441/1288 1262/1450/1297
f 1598/1451/1298 1256/1443/1290 1255/1452/1299
f 1599/1453/1300 1257/1444/1291 1256/1443/1290
f 1600/1454/1301 1258/1446/1293 1257/1444/1291
f 1601/1455/1302 1303/1445/1292 1258/1446/1293
f 1259/1456/1303 1594/1457/1304 1260/1447/1294
f 1260/1447/1294 1595/1458/1305 1261/1448/1295
f 1261/1448/1295 1596/1459/1306 1262/1450/1297
f 1597/1460/1307 1262/1450/1297 1596/1459/1306
f 1271/1461/1308 1273/1462/1309 1272/1463/1310
f 1272/1463/1310 1277/1464/1311 1305/1465/1312
f 1272/1463/1310 1273/1462/1309 1277/1464/1311
f 1278/1466/1313 1271/1461/1308 1272/1463/1310
f 1272/1463/1310 1331/1467/1314 1278/1466/1313
f 1268/1468/1315 1271/1461/1308 1269/1469/1316
f 1274/1470/1317 1265/1471/1318 1264/1472/1319
f 1275/1473/1320 1266/1474/1321 1265/1471/1318
f 1276/1475/1322 1304/1476/1323 1266/1474/1321
f 1267/1477/1324 1273/1462/1309 1268/1468/1315
f 1271/1461/1308 1270/1478/1325 1269/1469/1316
f 1278/1466/1313 1330/1479/1326 1270/1478/1325
f 1263/1480/1327 1274/1470/1317 1264/1472/1319
f 1280/1481/1064 1065/1220/1067 1069/1482/1328
f 1281/1483/1078 1075/1218/1065 1280/1481/1064
f 1282/1484/1088 1083/1232/1079 1281/1483/1078
f 1099/1251/1098 1282/1484/1088 1283/1485/1107
f 1107/1261/1108 1283/1485/1107 1284/1486/1329
f 1285/1487/1117 1107/1261/1108 1284/1486/1329
f 1123/1290/1137 1285/1487/1117 1286/1488/1330
f 1287/1489/1135 1123/1290/1137 1286/1488/1330
f 1288/1490/1146 1131/1289/1136 1287/1489/1135
f 1147/1319/1166 1288/1490/1146 1289/1491/1164
f 1155/1318/1165 1289/1491/1164 1290/1492/1174
f 1163/1328/1175 1290/1492/1174 1291/1493/1331
f 1292/1494/1184 1163/1328/1175 1291/1493/1331
f 1179/1347/1194 1292/1494/1184 1293/1495/1204
f 1187/1367/1214 1293/1495/1204 1294/1496/1212
f 1195/1366/1213 1294/1496/1212 1295/1497/1222
f 1296/1498/1233 1195/1366/1213 1295/1497/1222
f 1211/1397/1244 1296/1498/1233 1297/1499/1243
f 1219/1407/1254 1297/1499/1243 1298/1500/1252
f 1299/1501/1332 1219/1407/1254 1298/1500/1252
f 1300/1502/1263 1227/1406/1253 1299/1501/1332
f 1301/1503/1273 1235/1417/1264 1300/1502/1263
f 1302/1504/1283 1243/1427/1274 1301/1503/1273
f 1303/1505/1292 1251/1437/1284 1302/1504/1283
f 1593/1506/1333 1303/1505/1292 1602/1507/1334
f 1277/1464/1311 1304/1476/1323 1305/1465/1312
f 1071/1227/1074 1070/1226/1073 1306/1236/1083
f 1079/1237/1084 1306/1236/1083 1307/1246/1093
f 1087/1247/1094 1307/1246/1093 1308/1255/1102
f 1095/1256/1103 1308/1255/1102 1309/1265/1112
f 1103/1267/1114 1309/1265/1112 1310/1274/1121
f 1111/1266/1113 1310/1274/1121 1311/1284/1131
f 1119/1275/1122 1311/1284/1131 1312/1294/1141
f 1127/1295/1142 1312/1294/1141 1313/1304/1151
f 1135/1305/1152 1313/1304/1151 1314/1508/1335
f 1315/1311/1158 1135/1305/1152 1314/1508/1335
f 1316/1322/1169 1143/1314/1161 1315/1311/1158
f 1159/1333/1180 1316/1322/1169 1317/1342/1189
f 1167/1343/1190 1317/1342/1189 1318/1509/1336
f 1319/1350/1197 1167/1343/1190 1318/1509/1336
f 1320/1361/1208 1175/1353/1200 1319/1350/1197
f 1321/1370/1217 1183/1352/1199 1320/1361/1208
f 1322/1380/1227 1191/1362/1209 1321/1370/1217
f 1323/1391/1238 1199/1371/1218 1322/1380/1227
f 1324/1401/1248 1207/1381/1228 1323/1391/1238
f 1325/1410/1257 1215/1392/1239 1324/1401/1248
f 1326/1420/1267 1223/1412/1259 1325/1410/1257
f 1327/1430/1277 1231/1422/1269 1326/1420/1267
f 1328/1440/1287 1239/1432/1279 1327/1430/1277
f 1329/1449/1296 1247/1442/1289 1328/1440/1287
f 1597/1460/1307 1255/1452/1299 1329/1449/1296
f 1279/1510/1337 1330/1479/1326 1331/1467/1314
f 1272/1463/1310 1279/1510/1337 1331/1467/1314
f 1274/1470/1317 1279/1510/1337 1272/1463/1310
f 1274/1470/1317 1272/1463/1310 1275/1473/1320
f 1272/1463/1310 1276/1475/1322 1275/1473/1320
f 1305/1465/1312 1276/1475/1322 1272/1463/1310
f 1062/1212/1059 1332/1511/1338 1061/1210/1057
f 1063/1214/1061 1333/1512/1339 1062/1212/1059
f 1064/1216/1063 1334/1513/1340 1063/1214/1061
f 1335/1514/1341 1069/1515/1328 1541/1516/1342
f 1065/1220/1067 1337/1517/1343 1336/1518/1344
f 1066/1219/1066 1338/1519/1345 1337/1517/1343
f 1067/1222/1069 1339/1520/1346 1338/1519/1345
f 1068/1224/1071 1567/1521/1347 1339/1520/1346
f 1332/1511/1338 1341/1522/1348 1340/1523/1349
f 1333/1512/1339 1342/1524/1350 1341/1522/1348
f 1334/1513/1340 1343/1525/1351 1342/1524/1350
f 1335/1514/1341 1542/1526/1352 1343/1525/1351
f 1337/1517/1343 1344/1527/1353 1336/1518/1344
f 1338/1519/1345 1345/1528/1354 1337/1517/1343
f 1339/1520/1346 1346/1529/1355 1338/1519/1345
f 1347/1530/1356 1567/1521/1347 1568/1531/1357
f 1340/1523/1349 1349/1532/1358 1348/1533/1359
f 1341/1522/1348 1350/1534/1360 1349/1532/1358
f 1342/1524/1350 1351/1535/1361 1350/1534/1360
f 1351/1535/1361 1542/1526/1352 1543/1536/1362
f 1345/1528/1354 1352/1537/1363 1344/1527/1353
f 1346/1529/1355 1353/1538/1364 1345/1528/1354
f 1347/1530/1356 1354/1539/1365 1346/1529/1355
f 1355/1540/1366 1568/1531/1357 1569/1541/1367
f 1348/1533/1359 1357/1542/1368 1356/1543/1369
f 1349/1532/1358 1358/1544/1370 1357/1542/1368
f 1350/1534/1360 1359/1545/1371 1358/1544/1370
f 1359/1545/1371 1543/1536/1362 1544/1546/1372
f 1353/1538/1364 1360/1547/1373 1352/1537/1363
f 1354/1539/1365 1361/1548/1374 1353/1538/1364
f 1355/1540/1366 1362/1549/1375 1354/1539/1365
f 1363/1550/1376 1569/1541/1367 1570/1551/1377
f 1356/1543/1369 1365/1552/1378 1364/1553/1379
f 1357/1542/1368 1366/1554/1380 1365/1552/1378
f 1358/1544/1370 1367/1555/1381 1366/1554/1380
f 1359/1545/1371 1545/1556/1382 1367/1555/1381
f 1361/1548/1374 1368/1557/1383 1360/1547/1373
f 1362/1549/1375 1369/1558/1384 1361/1548/1374
f 1363/1550/1376 1370/1559/1385 1362/1549/1375
f 1371/1560/1386 1570/1551/1377 1571/1561/1387
f 1364/1553/1379 1373/1562/1388 1372/1563/1389
f 1365/1552/1378 1374/1564/1390 1373/1562/1388
f 1366/1554/1380 1375/1565/1391 1374/1564/1390
f 1367/1555/1381 1546/1566/1392 1375/1565/1391
f 1369/1558/1384 1376/1567/1393 1368/1557/1383
f 1370/1559/1385 1377/1568/1394 1369/1558/1384
f 1371/1560/1386 1378/1569/1395 1370/1559/1385
f 1379/1570/1396 1571/1561/1387 1572/1571/1397
f 1373/1562/1388 1380/1572/1398 1372/1563/1389
f 1374/1564/1390 1381/1573/1399 1373/1562/1388
f 1375/1565/1391 1382/1574/1400 1374/1564/1390
f 1375/1565/1391 1547/1575/1401 1383/1576/1402
f 1376/1567/1393 1385/1577/1403 1384/1578/1404
f 1377/1568/1394 1386/1579/1405 1385/1577/1403
f 1378/1569/1395 1387/1580/1406 1386/1579/1405
f 1387/1580/1406 1572/1571/1397 1573/1581/1407
f 1380/1572/1398 1389/1582/1408 1388/1583/1409
f 1381/1573/1399 1390/1584/1410 1389/1582/1408
f 1382/1574/1400 1391/1585/1411 1390/1584/1410
f 1383/1576/1402 1548/1586/1412 1391/1585/1411
f 1385/1577/1403 1392/1587/1413 1384/1578/1404
f 1386/1579/1405 1393/1588/1414 1385/1577/1403
f 1387/1580/1406 1394/1589/1415 1386/1579/1405
f 1395/1590/1416 1573/1581/1407 1574/1591/1417
f 1388/1583/1409 1397/1592/1418 1396/1593/1419
f 1389/1582/1408 1398/1594/1420 1397/1592/1418
f 1390/1584/1410 1399/1595/1421 1398/1594/1420
f 1391/1585/1411 1549/1596/1422 1399/1595/1421
f 1393/1588/1414 1400/1597/1423 1392/1587/1413
f 1394/1589/1415 1401/1598/1424 1393/1588/1414
f 1395/1590/1416 1402/1599/1425 1394/1589/1415
f 1403/1600/1426 1574/1591/1417 1575/1601/1427
f 1396/1593/1419 1405/1602/1428 1404/1603/1429
f 1397/1592/1418 1406/1604/1430 1405/1602/1428
f 1399/1595/1421 1406/1604/1430 1398/1594/1420
f 1407/1605/1431 1549/1596/1422 1550/1606/1432
f 1400/1597/1423 1409/1607/1433 1408/1608/1434
f 1402/1599/1425 1409/1607/1433 1401/1598/1424
f 1403/1600/1426 1410/1609/1435 1402/1599/1425
f 1403/1600/1426 1576/1610/1436 1411/1611/1437
f 1405/1602/1428 1412/1612/1438 1404/1603/1429
f 1406/1604/1430 1413/1613/1439 1405/1602/1428
f 1406/1604/1430 1415/1614/1440 1414/1615/1441
f 1415/1614/1440 1550/1606/1432 1551/1616/1442
f 1409/1607/1433 1416/1617/1443 1408/1608/1434
f 1409/1607/1433 1418/1618/1444 1417/1619/1445
f 1410/1609/1435 1419/1620/1446 1418/1618/1444
f 1411/1611/1437 1577/1621/1447 1419/1620/1446
f 1412/1612/1438 1421/1622/1448 1420/1623/1449
f 1413/1613/1439 1422/1624/1450 1421/1622/1448
f 1414/1615/1441 1423/1625/1451 1422/1624/1450
f 1423/1625/1451 1551/1616/1442 1552/1626/1452
f 1417/1619/1445 1424/1627/1453 1416/1617/1443
f 1418/1618/1444 1425/1628/1454 1417/1619/1445
f 1419/1620/1446 1426/1629/1455 1418/1618/1444
f 1419/1620/1446 1578/1630/1456 1427/1631/1457
f 1420/1623/1449 1429/1632/1458 1428/1633/1459
f 1421/1622/1448 1430/1634/1460 1429/1632/1458
f 1422/1624/1450 1431/1635/1461 1430/1634/1460
f 1431/1635/1461 1552/1626/1452 1553/1636/1462
f 1425/1628/1454 1432/1637/1463 1424/1627/1453
f 1426/1629/1455 1433/1638/1464 1425/1628/1454
f 1427/1631/1457 1434/1639/1465 1426/1629/1455
f 1435/1640/1466 1578/1630/1456 1579/1641/1467
f 1428/1633/1459 1437/1642/1468 1436/1643/1469
f 1429/1632/1458 1438/1644/1470 1437/1642/1468
f 1430/1634/1460 1439/1645/1471 1438/1644/1470
f 1439/1645/1471 1553/1636/1462 1554/1646/1472
f 1433/1638/1464 1440/1647/1473 1432/1637/1463
f 1434/1639/1465 1441/1648/1474 1433/1638/1464
f 1435/1640/1466 1442/1649/1475 1434/1639/1465
f 1435/1640/1466 1580/1650/1476 1443/1651/1477
f 1437/1642/1468 1444/1652/1478 1436/1643/1469
f 1438/1644/1470 1445/1653/1479 1437/1642/1468
f 1439/1645/1471 1446/1654/1480 1438/1644/1470
f 1447/1655/1481 1554/1646/1472 1555/1656/1482
f 1440/1647/1473 1449/1657/1483 1448/1658/1484
f 1441/1648/1474 1450/1659/1485 1449/1657/1483
f 1442/1649/1475 1451/1660/1486 1450/1659/1485
f 1443/1651/1477 1581/1661/1487 1451/1660/1486
f 1445/1653/1479 1452/1662/1488 1444/1652/1478
f 1446/1654/1480 1453/1663/1489 1445/1653/1479
f 1447/1655/1481 1454/1664/1490 1446/1654/1480
f 1455/1665/1491 1555/1656/1482 1556/1666/1492
f 1448/1658/1484 1457/1667/1493 1456/1668/1494
f 1449/1657/1483 1458/1669/1495 1457/1667/1493
f 1450/1659/1485 1459/1670/1496 1458/1669/1495
f 1451/1660/1486 1582/1671/1497 1459/1670/1496
f 1452/1662/1488 1461/1672/1498 1460/1673/1499
f 1453/1663/1489 1462/1674/1500 1461/1672/1498
f 1454/1664/1490 1463/1675/1501 1462/1674/1500
f 1455/1665/1491 1557/1676/1502 1463/1675/1501
f 1457/1667/1493 1464/1677/1503 1456/1668/1494
f 1458/1669/1495 1465/1678/1504 1457/1667/1493
f 1459/1670/1496 1466/1679/1505 1458/1669/1495
f 1459/1670/1496 1583/1680/1506 1467/1681/1507
f 1461/1672/1498 1468/1682/1508 1460/1673/1499
f 1461/1672/1498 1470/1683/1509 1469/1684/1510
f 1462/1674/1500 1471/1685/1511 1470/1683/1509
f 1471/1685/1511 1557/1676/1502 1558/1686/1512
f 1465/1678/1504 1472/1687/1513 1464/1677/1503
f 1466/1679/1505 1473/1688/1514 1465/1678/1504
f 1466/1679/1505 1475/1689/1515 1474/1690/1516
f 1467/1681/1507 1584/1691/1517 1475/1689/1515
f 1468/1682/1508 1477/1692/1518 1476/1693/1519
f 1469/1684/1510 1478/1694/1520 1477/1692/1518
f 1471/1685/1511 1478/1694/1520 1470/1683/1509
f 1479/1695/1521 1558/1686/1512 1559/1696/1522
f 1473/1688/1514 1480/1697/1523 1472/1687/1513
f 1474/1690/1516 1481/1698/1524 1473/1688/1514
f 1475/1689/1515 1482/1699/1525 1474/1690/1516
f 1475/1689/1515 1585/1700/1526 1483/1701/1527
f 1476/1693/1519 1485/1702/1528 1484/1703/1529
f 1478/1694/1520 1485/1702/1528 1477/1692/1518
f 1479/1695/1521 1486/1704/1530 1478/1694/1520
f 1487/1705/1531 1559/1696/1522 1560/1706/1532
f 1480/1697/1523 1489/1707/1533 1488/1708/1534
f 1482/1699/1525 1489/1707/1533 1481/1698/1524
f 1483/1701/1527 1490/1709/1535 1482/1699/1525
f 1483/1701/1527 1586/1710/1536 1491/1711/1537
f 1484/1703/1529 1493/1712/1538 1492/1713/1539
f 1485/1702/1528 1494/1714/1540 1493/1712/1538
f 1486/1704/1530 1495/1715/1541 1494/1714/1540
f 1487/1705/1531 1561/1716/1542 1495/1715/1541
f 1489/1707/1533 1496/1717/1543 1488/1708/1534
f 1490/1709/1535 1497/1718/1544 1489/1707/1533
f 1491/1711/1537 1498/1719/1545 1490/1709/1535
f 1491/1711/1537 1587/1720/1546 1499/1721/1547
f 1492/1713/1539 1501/1722/1548 1500/1723/1549
f 1493/1712/1538 1502/1724/1550 1501/1722/1548
f 1494/1714/1540 1503/1725/1551 1502/1724/1550
f 1495/1715/1541 1562/1726/1552 1503/1725/1551
f 1497/1718/1544 1504/1727/1553 1496/1717/1543
f 1498/1719/1545 1505/1728/1554 1497/1718/1544
f 1499/1721/1547 1506/1729/1555 1498/1719/1545
f 1499/1721/1547 1588/1730/1556 1507/1731/1557
f 1500/1723/1549 1509/1732/1558 1508/1733/1559
f 1501/1722/1548 1510/1734/1560 1509/1732/1558
f 1502/1724/1550 1511/1735/1561 1510/1734/1560
f 1503/1725/1551 1563/1736/1562 1511/1735/1561
f 1505/1728/1554 1512/1737/1563 1504/1727/1553
f 1506/1729/1555 1513/1738/1564 1505/1728/1554
f 1507/1731/1557 1514/1739/1565 1506/1729/1555
f 1507/1731/1557 1589/1740/1566 1515/1741/1567
f 1509/1732/1558 1516/1742/1568 1508/1733/1559
f 1510/1734/1560 1517/1743/1569 1509/1732/1558
f 1511/1735/1561 1518/1744/1570 1510/1734/1560
f 1519/1745/1571 1563/1736/1562 1564/1746/1572
f 1512/1737/1563 1521/1747/1573 1520/1748/1574
f 1513/1738/1564 1522/1749/1575 1521/1747/1573
f 1514/1739/1565 1523/1750/1576 1522/1749/1575
f 1515/1741/1567 1590/1751/1577 1523/1750/1576
f 1517/1743/1569 1608/1752/1578 1516/1742/1568
f 1518/1744/1570 1607/1753/1579 1517/1743/1569
f 1519/1745/1571 1606/1754/1580 1518/1744/1570
f 1605/1755/1581 1564/1746/1572 1604/1756/1582
f 1520/1748/1574 1612/1757/1583 1603/1758/1584
f 1521/1747/1573 1611/1759/1585 1612/1757/1583
f 1522/1749/1575 1610/1760/1586 1611/1759/1585
f 1523/1750/1576 1609/1761/1587 1610/1760/1586
f 1532/1762/1588 1533/1763/1589 1534/1764/1590
f 1533/1763/1589 1566/1765/1591 1538/1766/1592
f 1533/1763/1589 1538/1766/1592 1534/1764/1590
f 1539/1767/1593 1533/1763/1589 1532/1762/1588
f 1533/1763/1589 1539/1767/1593 1592/1768/1594
f 1529/1769/1595 1532/1762/1588 1534/1764/1590
f 1526/1770/1596 1535/1771/1597 1525/1772/1598
f 1527/1773/1599 1536/1774/1600 1526/1770/1596
f 1537/1775/1601 1565/1776/1602 1566/1765/1591
f 1528/1777/1603 1534/1764/1590 1538/1766/1592
f 1531/1778/1604 1532/1762/1588 1530/1779/1605
f 1539/1767/1593 1591/1780/1606 1592/1768/1594
f 1524/1781/1607 1535/1771/1597 1540/1782/1608
f 1069/1482/1328 1336/1518/1344 1541/1783/1342
f 1542/1784/1352 1336/1518/1344 1344/1527/1353
f 1542/1784/1352 1352/1537/1363 1543/1785/1362
f 1543/1785/1362 1360/1547/1373 1544/1786/1372
f 1545/1787/1382 1360/1547/1373 1368/1557/1383
f 1546/1788/1392 1368/1557/1383 1376/1567/1393
f 1547/1789/1401 1376/1567/1393 1384/1578/1404
f 1548/1790/1412 1384/1578/1404 1392/1587/1413
f 1549/1791/1422 1392/1587/1413 1400/1597/1423
f 1549/1791/1422 1408/1608/1434 1550/1792/1432
f 1550/1792/1432 1416/1617/1443 1551/1793/1442
f 1551/1793/1442 1424/1627/1453 1552/1794/1452
f 1552/1794/1452 1432/1637/1463 1553/1795/1462
f 1553/1795/1462 1440/1647/1473 1554/1796/1472
f 1554/1796/1472 1448/1658/1484 1555/1797/1482
f 1555/1797/1482 1456/1668/1494 1556/1798/1492
f 1557/1799/1502 1456/1668/1494 1464/1677/1503
f 1557/1799/1502 1472/1687/1513 1558/1800/1512
f 1558/1800/1512 1480/1697/1523 1559/1801/1522
f 1559/1801/1522 1488/1708/1534 1560/1802/1532
f 1561/1803/1542 1488/1708/1534 1496/1717/1543
f 1562/1804/1552 1496/1717/1543 1504/1727/1553
f 1563/1805/1562 1504/1727/1553 1512/1737/1563
f 1563/1805/1562 1520/1748/1574 1564/1806/1572
f 1564/1806/1572 1603/1758/1584 1604/1807/1582
f 1565/1776/1602 1538/1766/1592 1566/1765/1591
f 1567/1521/1347 1061/1210/1057 1332/1511/1338
f 1567/1521/1347 1340/1523/1349 1568/1531/1357
f 1568/1531/1357 1348/1533/1359 1569/1541/1367
f 1569/1541/1367 1356/1543/1369 1570/1551/1377
f 1570/1551/1377 1364/1553/1379 1571/1561/1387
f 1571/1561/1387 1372/1563/1389 1572/1571/1397
f 1572/1571/1397 1380/1572/1398 1573/1581/1407
f 1573/1581/1407 1388/1583/1409 1574/1591/1417
f 1574/1591/1417 1396/1593/1419 1575/1601/1427
f 1576/1610/1436 1396/1593/1419 1404/1603/1429
f 1577/1621/1447 1404/1603/1429 1412/1612/1438
f 1578/1630/1456 1412/1612/1438 1420/1623/1449
f 1578/1630/1456 1428/1633/1459 1579/1641/1467
f 1580/1650/1476 1428/1633/1459 1436/1643/1469
f 1581/1661/1487 1436/1643/1469 1444/1652/1478
f 1582/1671/1497 1444/1652/1478 1452/1662/1488
f 1583/1680/1506 1452/1662/1488 1460/1673/1499
f 1584/1691/1517 1460/1673/1499 1468/1682/1508
f 1585/1700/1526 1468/1682/1508 1476/1693/1519
f 1586/1710/1536 1476/1693/1519 1484/1703/1529
f 1587/1720/1546 1484/1703/1529 1492/1713/1539
f 1588/1730/1556 1492/1713/1539 1500/1723/1549
f 1589/1740/1566 1500/1723/1549 1508/1733/1559
f 1590/1751/1577 1508/1733/1559 1516/1742/1568
f 1609/1761/1587 1516/1742/1568 1608/1752/1578
f 1591/1780/1606 1540/1782/1608 1592/1768/1594
f 1533/1763/1589 1592/1768/1594 1540/1782/1608
f 1535/1771/1597 1533/1763/1589 1540/1782/1608
f 1535/1771/1597 1536/1774/1600 1533/1763/1589
f 1533/1763/1589 1536/1774/1600 1537/1775/1601
f 1566/1765/1591 1533/1763/1589 1537/1775/1601
f 1593/1506/1333 1268/1808/1315 1594/1457/1304
f 1594/1457/1304 1269/1809/1316 1595/1458/1305
f 1595/1458/1305 1270/1810/1325 1596/1459/1306
f 1330/1811/1326 1596/1459/1306 1270/1810/1325
f 1330/1811/1326 1598/1451/1298 1597/1460/1307
f 1599/1453/1300 1263/1812/1327 1264/1813/1319
f 1600/1454/1301 1264/1813/1319 1265/1814/1318
f 1601/1455/1302 1265/1814/1318 1266/1815/1321
f 1266/1815/1321 1602/1816/1334 1601/1455/1302
f 1267/1817/1324 1602/1507/1334 1304/1818/1323
f 1604/1807/1582 1528/1819/1603 1565/1820/1602
f 1527/1821/1599 1604/1756/1582 1565/1822/1602
f 1605/1755/1581 1526/1823/1596 1606/1754/1580
f 1606/1754/1580 1525/1824/1598 1607/1753/1579
f 1607/1753/1579 1524/1825/1607 1608/1752/1578
f 1591/1826/1606 1608/1752/1578 1524/1825/1607
f 1610/1760/1586 1591/1826/1606 1531/1827/1604
f 1611/1759/1585 1531/1827/1604 1530/1828/1605
f 1612/1757/1583 1530/1828/1605 1529/1829/1595
f 1603/1758/1584 1529/1829/1595 1528/1819/1603
s 6
f 1623/1830/1609 1614/1831/1610 1613/1832/1611
f 1624/1833/1612 1615/1834/1613 1614/1831/1610
f 1625/1835/1614 1616/1836/1615 1615/1834/1613
f 1626/1837/1616 1621/1838/1617 1616/1836/1615
f 1617/1839/1618 1629/1840/1619 1618/1841/1620
f 1618/1841/1620 1630/1842/1621 1619/1843/1622
f 1619/1843/1622 1631/1844/1623 1620/1845/1624
f 1620/1846/1624 1632/1847/1625 1622/1848/1626
f 1621/1838/1617 1628/1849/1627 1617/1839/1618
f 1632/1847/1625 1613/1832/1611 1622/1848/1626
f 1665/1850/1628 1624/1833/1612 1623/1830/1609
f 1624/1833/1612 1667/1851/1629 1625/1835/1614
f 1625/1835/1614 1668/1852/1630 1626/1837/1616
f 1626/1837/1616 1669/1853/1631 1627/1854/1632
f 1670/1855/1633 1629/1840/1619 1628/1849/1627
f 1671/1856/1634 1630/1842/1621 1629/1840/1619
f 1630/1842/1621 1663/1857/1635 1631/1844/1623
f 1631/1858/1623 1664/1859/1636 1632/1847/1625
f 1669/1853/1631 1628/1849/1627 1627/1854/1632
f 1664/1859/1636 1623/1830/1609 1632/1847/1625
f 1633/1860/1637 1644/1861/1638 1634/1862/1639
f 1634/1862/1639 1645/1863/1640 1635/1864/1641
f 1635/1864/1641 1646/1865/1642 1636/1866/1643
f 1636/1866/1643 1647/1867/1644 1637/1868/1645
f 1648/1869/1646 1639/1870/1647 1638/1871/1648
f 1649/1872/1649 1640/1873/1650 1639/1870/1647
f 1650/1874/1651 1641/1875/1652 1640/1873/1650
f 1641/1876/1652 1652/1877/1653 1642/1878/1654
f 1647/1867/1644 1638/1871/1648 1637/1868/1645
f 1652/1877/1653 1633/1860/1637 1642/1878/1654
f 1617/1839/1618 1654/1879/1655 1621/1838/1617
f 1654/1879/1655 1616/1836/1615 1621/1838/1617
f 1615/1834/1613 1655/1880/1656 1656/1881/1657
f 1657/1882/1658 1615/1834/1613 1656/1881/1657
f 1613/1832/1611 1657/1882/1658 1658/1883/1659
f 1658/1883/1659 1622/1848/1626 1613/1832/1611
f 1622/1848/1626 1660/1884/1660 1620/1846/1624
f 1661/1885/1661 1620/1845/1624 1660/1886/1660
f 1618/1841/1620 1661/1885/1661 1662/1887/1662
f 1653/1888/1663 1618/1841/1620 1662/1887/1662
f 1641/1876/1652 1664/1859/1636 1663/1889/1635
f 1664/1859/1636 1633/1860/1637 1665/1850/1628
f 1665/1850/1628 1634/1862/1639 1666/1890/1664
f 1666/1890/1664 1635/1864/1641 1667/1851/1629
f 1667/1851/1629 1636/1866/1643 1668/1852/1630
f 1668/1852/1630 1637/1868/1645 1669/1853/1631
f 1670/1855/1633 1637/1868/1645 1638/1871/1648
f 1671/1856/1634 1638/1871/1648 1639/1870/1647
f 1672/1891/1665 1639/1870/1647 1640/1873/1650
f 1663/1857/1635 1640/1873/1650 1641/1875/1652
f 1644/1861/1638 1673/1892/1666 1674/1893/1667
f 1644/1861/1638 1675/1894/1668 1645/1863/1640
f 1645/1863/1640 1676/1895/1669 1646/1865/1642
f 1646/1865/1642 1677/1896/1670 1647/1867/1644
f 1649/1872/1649 1678/1897/1671 1679/1898/1672
f 1650/1874/1651 1679/1898/1672 1680/1899/1673
f 1650/1874/1651 1681/1900/1674 1651/1901/1675
f 1651/1902/1675 1682/1903/1676 1652/1877/1653
f 1648/1869/1646 1677/1896/1670 1678/1897/1671
f 1643/1904/1677 1682/1903/1676 1673/1892/1666
f 1673/1892/1666 1684/1905/1678 1674/1893/1667
f 1674/1893/1667 1685/1906/1679 1675/1894/1668
f 1675/1894/1668 1686/1907/1680 1676/1895/1669
f 1677/1896/1670 1686/1907/1680 1687/1908/1681
f 1679/1898/1672 1688/1909/1682 1689/1910/1683
f 1680/1899/1673 1689/1910/1683 1690/1911/1684
f 1681/1900/1674 1690/1911/1684 1691/1912/1685
f 1681/1913/1674 1692/1914/1686 1682/1903/1676
f 1677/1896/1670 1688/1909/1682 1678/1897/1671
f 1673/1892/1666 1692/1914/1686 1683/1915/1687
f 1683/1915/1687 1694/1916/1688 1684/1905/1678
f 1685/1906/1679 1694/1916/1688 1695/1917/1689
f 1686/1907/1680 1695/1917/1689 1696/1918/1690
f 1687/1908/1681 1696/1918/1690 1697/1919/1691
f 1688/1909/1682 1699/1920/1692 1689/1910/1683
f 1689/1910/1683 1700/1921/1693 1690/1911/1684
f 1691/1912/1685 1700/1921/1693 1701/1922/1694
f 1692/1914/1686 1701/1923/1694 1702/1924/1695
f 1687/1908/1681 1698/1925/1696 1688/1909/1682
f 1692/1914/1686 1693/1926/1697 1683/1915/1687
f 1693/1926/1697 1704/1927/1698 1694/1916/1688
f 1694/1916/1688 1705/1928/1699 1695/1917/1689
f 1695/1917/1689 1706/1929/1700 1696/1918/1690
f 1696/1918/1690 1707/1930/1701 1697/1919/1691
f 1699/1920/1692 1708/1931/1702 1709/1932/1703
f 1700/1921/1693 1709/1932/1703 1710/1933/1704
f 1701/1922/1694 1710/1933/1704 1711/1934/1705
f 1702/1924/1695 1711/1935/1705 1712/1936/1706
f 1698/1925/1696 1707/1930/1701 1708/1931/1702
f 1702/1924/1695 1703/1937/1707 1693/1926/1697
f 1703/1937/1707 1714/1938/1708 1704/1927/1698
f 1704/1927/1698 1715/1939/1709 1705/1928/1699
f 1705/1928/1699 1716/1940/1710 1706/1929/1700
f 1707/1930/1701 1716/1940/1710 1717/1941/1711
f 1709/1932/1703 1718/1942/1712 1719/1943/1713
f 1710/1933/1704 1719/1943/1713 1720/1944/1714
f 1711/1934/1705 1720/1944/1714 1721/1945/1715
f 1711/1935/1705 1722/1946/1716 1712/1936/1706
f 1707/1930/1701 1718/1942/1712 1708/1931/1702
f 1703/1937/1707 1722/1946/1716 1713/1947/1717
f 1714/1938/1708 1723/1948/1718 1724/1949/1719
f 1715/1939/1709 1724/1949/1719 1725/1950/1720
f 1716/1940/1710 1725/1950/1720 1726/1951/1721
f 1717/1941/1711 1726/1951/1721 1727/1952/1722
f 1718/1942/1712 1729/1953/1723 1719/1943/1713
f 1719/1943/1713 1730/1954/1724 1720/1944/1714
f 1720/1944/1714 1731/1955/1725 1721/1945/1715
f 1721/1956/1715 1732/1957/1726 1722/1946/1716
f 1717/1941/1711 1728/1958/1727 1718/1942/1712
f 1713/1947/1717 1732/1957/1726 1723/1948/1718
f 1724/1949/1719 1733/1959/1728 1734/1960/1729
f 1725/1950/1720 1734/1960/1729 1735/1961/1730
f 1726/1951/1721 1735/1961/1730 1736/1962/1731
f 1727/1952/1722 1736/1962/1731 1737/1963/1732
f 1728/1958/1727 1739/1964/1733 1729/1953/1723
f 1729/1953/1723 1740/1965/1734 1730/1954/1724
f 1730/1954/1724 1741/1966/1735 1731/1955/1725
f 1731/1967/1725 1742/1968/1736 1732/1957/1726
f 1727/1952/1722 1738/1969/1737 1728/1958/1727
f 1723/1948/1718 1742/1968/1736 1733/1959/1728
f 1733/1959/1728 1744/1970/1738 1734/1960/1729
f 1734/1960/1729 1745/1971/1739 1735/1961/1730
f 1735/1961/1730 1746/1972/1740 1736/1962/1731
f 1737/1963/1732 1746/1972/1740 1747/1973/1741
f 1739/1964/1733 1748/1974/1742 1749/1975/1743
f 1740/1965/1734 1749/1975/1743 1750/1976/1744
f 1741/1966/1735 1750/1976/1744 1751/1977/1745
f 1742/1968/1736 1751/1978/1745 1752/1979/1746
f 1737/1963/1732 1748/1974/1742 1738/1969/1737
f 1742/1968/1736 1743/1980/1747 1733/1959/1728
f 1743/1980/1747 1754/1981/1748 1744/1970/1738
f 1744/1970/1738 1755/1982/1749 1745/1971/1739
f 1745/1971/1739 1756/1983/1750 1746/1972/1740
f 1747/1973/1741 1756/1983/1750 1757/1984/1751
f 1749/1975/1743 1758/1985/1752 1759/1986/1753
f 1750/1976/1744 1759/1986/1753 1760/1987/1754
f 1751/1977/1745 1760/1987/1754 1761/1988/1755
f 1752/1979/1746 1761/1989/1755 1762/1990/1756
f 1747/1973/1741 1758/1985/1752 1748/1974/1742
f 1752/1979/1746 1753/1991/1757 1743/1980/1747
f 1753/1991/1757 1764/1992/1758 1754/1981/1748
f 1754/1981/1748 1765/1993/1759 1755/1982/1749
f 1755/1982/1749 1766/1994/1760 1756/1983/1750
f 1757/1984/1751 1766/1994/1760 1767/1995/1761
f 1759/1986/1753 1768/1996/1762 1769/1997/1763
f 1760/1987/1754 1769/1997/1763 1770/1998/1764
f 1761/1988/1755 1770/1998/1764 1771/1999/1765
f 1762/1990/1756 1771/2000/1765 1772/2001/1766
f 1757/1984/1751 1768/1996/1762 1758/1985/1752
f 1762/1990/1756 1763/2002/1767 1753/1991/1757
f 1764/1992/1758 1773/2003/1768 1774/2004/1769
f 1765/1993/1759 1774/2004/1769 1775/2005/1770
f 1766/1994/1760 1775/2005/1770 1776/2006/1771
f 1767/1995/1761 1776/2006/1771 1777/2007/1772
f 1768/1996/1762 1779/2008/1773 1769/1997/1763
f 1769/1997/1763 1780/2009/1774 1770/1998/1764
f 1770/1998/1764 1781/2010/1775 1771/1999/1765
f 1771/2000/1765 1782/2011/1776 1772/2001/1766
f 1767/1995/1761 1778/2012/1777 1768/1996/1762
f 1763/2002/1767 1782/2011/1776 1773/2003/1768
f 1774/2004/1769 2030/2013/1778 2031/2014/1779
f 1775/2005/1770 2031/2014/1779 2032/2015/1780
f 1776/2006/1771 2032/2015/1780 2033/2016/1781
f 1777/2007/1772 2033/2016/1781 2034/2017/1782
f 1778/2012/1777 2026/2018/1783 1779/2008/1773
f 1779/2008/1773 2027/2019/1784 1780/2009/1774
f 1780/2009/1774 2028/2020/1785 1781/2010/1775
f 1781/2021/1775 2029/2022/1786 1782/2011/1776
f 1777/2007/1772 2025/2023/1787 1778/2012/1777
f 1773/2003/1768 2029/2022/1786 2030/2013/1778
f 1788/2024/1788 1793/2025/1789 1789/2026/1790
f 1784/2027/1791 1783/2028/1792 1793/2025/1789
f 1793/2025/1789 1783/2028/1792 1792/2029/1793
f 1793/2025/1789 1792/2029/1793 1791/2030/1794
f 1793/2025/1789 1791/2030/1794 1790/2031/1795
f 1793/2025/1789 1790/2031/1795 1789/2026/1790
f 1787/2032/1796 1793/2025/1789 1788/2024/1788
f 1786/2033/1797 1793/2025/1789 1787/2032/1796
f 1785/2034/1798 1793/2025/1789 1786/2033/1797
f 1784/2027/1791 1793/2025/1789 1785/2034/1798
f 1653/1888/1663 1795/2035/1799 1654/1879/1655
f 1655/1880/1656 1795/2035/1799 1796/2036/1800
f 1656/1881/1657 1796/2036/1800 1797/2037/1801
f 1656/1881/1657 1798/2038/1802 1657/1882/1658
f 1658/1883/1659 1798/2038/1802 1799/2039/1803
f 1659/2040/1804 1799/2039/1803 1800/2041/1805
f 1659/2040/1804 1801/2042/1806 1660/1884/1660
f 1660/1886/1660 1802/2043/1807 1661/1885/1661
f 1662/1887/1662 1802/2043/1807 1803/2044/1808
f 1662/1887/1662 1794/2045/1809 1653/1888/1663
f 1794/2045/1809 1805/2046/1810 1795/2035/1799
f 1796/2036/1800 1805/2046/1810 1806/2047/1811
f 1797/2037/1801 1806/2047/1811 1807/2048/1812
f 1798/2038/1802 1807/2048/1812 1808/2049/1813
f 1799/2039/1803 1808/2049/1813 1809/2050/1814
f 1800/2041/1805 1809/2050/1814 1810/2051/1815
f 1800/2041/1805 1811/2052/1816 1801/2042/1806
f 1801/2053/1806 1812/2054/1817 1802/2043/1807
f 1802/2043/1807 1813/2055/1818 1803/2044/1808
f 1803/2044/1808 1804/2056/1819 1794/2045/1809
f 1804/2056/1819 1815/2057/1820 1805/2046/1810
f 1806/2047/1811 1815/2057/1820 1816/2058/1821
f 1807/2048/1812 1816/2058/1821 1817/2059/1822
f 1808/2049/1813 1817/2059/1822 1818/2060/1823
f 1809/2050/1814 1818/2060/1823 1819/2061/1824
f 1810/2051/1815 1819/2061/1824 1820/2062/1825
f 1810/2051/1815 1821/2063/1826 1811/2052/1816
f 1811/2064/1816 1822/2065/1827 1812/2054/1817
f 1812/2054/1817 1823/2066/1828 1813/2055/1818
f 1813/2055/1818 1814/2067/1829 1804/2056/1819
f 1814/2067/1829 1825/2068/1830 1815/2057/1820
f 1816/2058/1821 1825/2068/1830 1826/2069/1831
f 1816/2058/1821 1827/2070/1832 1817/2059/1822
f 1817/2059/1822 1828/2071/1833 1818/2060/1823
f 1818/2060/1823 1829/2072/1834 1819/2061/1824
f 1819/2061/1824 1830/2073/1835 1820/2062/1825
f 1821/2063/1826 1830/2073/1835 1831/2074/1836
f 1822/2065/1827 1831/2075/1836 1832/2076/1837
f 1823/2066/1828 1832/2076/1837 1833/2077/1838
f 1814/2067/1829 1833/2077/1838 1824/2078/1839
f 1824/2078/1839 1835/2079/1840 1825/2068/1830
f 1826/2069/1831 1835/2079/1840 1836/2080/1841
f 1826/2069/1831 1837/2081/1842 1827/2070/1832
f 1827/2070/1832 1838/2082/1843 1828/2071/1833
f 1828/2071/1833 1839/2083/1844 1829/2072/1834
f 1829/2072/1834 1840/2084/1845 1830/2073/1835
f 1831/2074/1836 1840/2084/1845 1841/2085/1846
f 1832/2076/1837 1841/2086/1846 1842/2087/1847
f 1833/2077/1838 1842/2087/1847 1843/2088/1848
f 1824/2078/1839 1843/2088/1848 1834/2089/1849
f 1834/2089/1849 1845/2090/1850 1835/2079/1840
f 1836/2080/1841 1845/2090/1850 1846/2091/1851
f 1836/2080/1841 1847/2092/1852 1837/2081/1842
f 1837/2081/1842 1848/2093/1853 1838/2082/1843
f 1838/2082/1843 1849/2094/1854 1839/2083/1844
f 1839/2083/1844 1850/2095/1855 1840/2084/1845
f 1841/2085/1846 1850/2095/1855 1851/2096/1856
f 1842/2087/1847 1851/2097/1856 1852/2098/1857
f 1843/2088/1848 1852/2098/1857 1853/2099/1858
f 1834/2089/1849 1853/2099/1858 1844/2100/1859
f 1844/2100/1859 1855/2101/1860 1845/2090/1850
f 1846/2091/1851 1855/2101/1860 1856/2102/1861
f 1846/2091/1851 1857/2103/1862 1847/2092/1852
f 1847/2092/1852 1858/2104/1863 1848/2093/1853
f 1848/2093/1853 1859/2105/1864 1849/2094/1854
f 1849/2094/1854 1860/2106/1865 1850/2095/1855
f 1851/2096/1856 1860/2106/1865 1861/2107/1866
f 1852/2098/1857 1861/2108/1866 1862/2109/1867
f 1853/2099/1858 1862/2109/1867 1863/2110/1868
f 1844/2100/1859 1863/2110/1868 1854/2111/1869
f 1854/2111/1869 1865/2112/1870 1855/2101/1860
f 1856/2102/1861 1865/2112/1870 1866/2113/1871
f 1856/2102/1861 1867/2114/1872 1857/2103/1862
f 1857/2103/1862 1868/2115/1873 1858/2104/1863
f 1858/2104/1863 1869/2116/1874 1859/2105/1864
f 1859/2105/1864 1870/2117/1875 1860/2106/1865
f 1861/2107/1866 1870/2117/1875 1871/2118/1876
f 1862/2109/1867 1871/2119/1876 1872/2120/1877
f 1863/2110/1868 1872/2120/1877 1873/2121/1878
f 1854/2111/1869 1873/2121/1878 1864/2122/1879
f 1864/2122/1879 1875/2123/1880 1865/2112/1870
f 1866/2113/1871 1875/2123/1880 1876/2124/1881
f 1866/2113/1871 1877/2125/1882 1867/2114/1872
f 1867/2114/1872 1878/2126/1883 1868/2115/1873
f 1868/2115/1873 1879/2127/1884 1869/2116/1874
f 1869/2116/1874 1880/2128/1885 1870/2117/1875
f 1871/2118/1876 1880/2128/1885 1881/2129/1886
f 1872/2120/1877 1881/2130/1886 1882/2131/1887
f 1873/2121/1878 1882/2131/1887 1883/2132/1888
f 1864/2122/1879 1883/2132/1888 1874/2133/1889
f 1874/2133/1889 1885/2134/1890 1875/2123/1880
f 1876/2124/1881 1885/2134/1890 1886/2135/1891
f 1876/2124/1881 1887/2136/1892 1877/2125/1882
f 1877/2125/1882 1888/2137/1893 1878/2126/1883
f 1878/2126/1883 1889/2138/1894 1879/2127/1884
f 1879/2127/1884 1890/2139/1895 1880/2128/1885
f 1881/2129/1886 1890/2139/1895 1891/2140/1896
f 1882/2131/1887 1891/2141/1896 1892/2142/1897
f 1883/2132/1888 1892/2142/1897 1893/2143/1898
f 1874/2133/1889 1893/2143/1898 1884/2144/1899
f 1884/2144/1899 1895/2145/1900 1885/2134/1890
f 1886/2135/1891 1895/2145/1900 1896/2146/1901
f 1886/2135/1891 1897/2147/1902 1887/2136/1892
f 1887/2136/1892 1898/2148/1903 1888/2137/1893
f 1888/2137/1893 1899/2149/1904 1889/2138/1894
f 1889/2138/1894 1900/2150/1905 1890/2139/1895
f 1891/2140/1896 1900/2150/1905 1901/2151/1906
f 1892/2142/1897 1901/2152/1906 1902/2153/1907
f 1893/2143/1898 1902/2153/1907 1903/2154/1908
f 1884/2144/1899 1903/2154/1908 1894/2155/1909
f 1894/2155/1909 1905/2156/1910 1895/2145/1900
f 1896/2146/1901 1905/2156/1910 1906/2157/1911
f 1897/2147/1902 1906/2157/1911 1907/2158/1912
f 1898/2148/1903 1907/2158/1912 1908/2159/1913
f 1899/2149/1904 1908/2159/1913 1909/2160/1914
f 1900/2150/1905 1909/2160/1914 1910/2161/1915
f 1900/2150/1905 1911/2162/1916 1901/2151/1906
f 1901/2152/1906 1912/2163/1917 1902/2153/1907
f 1902/2153/1907 1913/2164/1918 1903/2154/1908
f 1903/2154/1908 1904/2165/1919 1894/2155/1909
f 1904/2165/1919 1915/2166/1920 1905/2156/1910
f 1906/2157/1911 1915/2166/1920 1916/2167/1921
f 1907/2158/1912 1916/2167/1921 1917/2168/1922
f 1908/2159/1913 1917/2168/1922 1918/2169/1923
f 1908/2159/1913 1919/2170/1924 1909/2160/1914
f 1909/2160/1914 1920/2171/1925 1910/2161/1915
f 1911/2162/1916 1920/2171/1925 1921/2172/1926
f 1912/2163/1917 1921/2173/1926 1922/2174/1927
f 1912/2163/1917 1923/2175/1928 1913/2164/1918
f 1913/2164/1918 1914/2176/1929 1904/2165/1919
f 1914/2176/1929 1925/2177/1930 1915/2166/1920
f 1916/2167/1921 1925/2177/1930 1926/2178/1931
f 1916/2167/1921 1927/2179/1932 1917/2168/1922
f 1917/2168/1922 1928/2180/1933 1918/2169/1923
f 1918/2169/1923 1929/2181/1934 1919/2170/1924
f 1919/2170/1924 1930/2182/1935 1920/2171/1925
f 1921/2172/1926 1930/2182/1935 1931/2183/1936
f 1922/2174/1927 1931/2184/1936 1932/2185/1937
f 1923/2175/1928 1932/2185/1937 1933/2186/1938
f 1914/2176/1929 1933/2186/1938 1924/2187/1939
f 1924/2187/1939 1935/2188/1940 1925/2177/1930
f 1926/2178/1931 1935/2188/1940 1936/2189/1941
f 1926/2178/1931 1937/2190/1942 1927/2179/1932
f 1927/2179/1932 1938/2191/1943 1928/2180/1933
f 1928/2180/1933 1939/2192/1944 1929/2181/1934
f 1929/2181/1934 1940/2193/1945 1930/2182/1935
f 1931/2183/1936 1940/2193/1945 1941/2194/1946
f 1932/2185/1937 1941/2195/1946 1942/2196/1947
f 1933/2186/1938 1942/2196/1947 1943/2197/1948
f 1924/2187/1939 1943/2197/1948 1934/2198/1949
f 1934/2198/1949 1945/2199/1950 1935/2188/1940
f 1936/2189/1941 1945/2199/1950 1946/2200/1951
f 1937/2190/1942 1946/2200/1951 1947/2201/1952
f 1938/2191/1943 1947/2201/1952 1948/2202/1953
f 1939/2192/1944 1948/2202/1953 1949/2203/1954
f 1940/2193/1945 1949/2203/1954 1950/2204/1955
f 1940/2193/1945 1951/2205/1956 1941/2194/1946
f 1941/2195/1946 1952/2206/1957 1942/2196/1947
f 1942/2196/1947 1953/2207/1958 1943/2197/1948
f 1943/2197/1948 1944/2208/1959 1934/2198/1949
f 1944/2208/1959 1955/2209/1960 1945/2199/1950
f 1946/2200/1951 1955/2209/1960 1956/2210/1961
f 1947/2201/1952 1956/2210/1961 1957/2211/1962
f 1948/2202/1953 1957/2211/1962 1958/2212/1963
f 1948/2202/1953 1959/2213/1964 1949/2203/1954
f 1949/2203/1954 1960/2214/1965 1950/2204/1955
f 1951/2205/1956 1960/2214/1965 1961/2215/1966
f 1952/2206/1957 1961/2216/1966 1962/2217/1967
f 1952/2206/1957 1963/2218/1968 1953/2207/1958
f 1953/2207/1958 1954/2219/1969 1944/2208/1959
f 1954/2219/1969 1965/2220/1970 1955/2209/1960
f 1956/2210/1961 1965/2220/1970 1966/2221/1971
f 1957/2211/1962 1966/2221/1971 1967/2222/1972
f 1958/2212/1963 1967/2222/1972 1968/2223/1973
f 1959/2213/1964 1968/2223/1973 1969/2224/1974
f 1960/2214/1965 1969/2224/1974 1970/2225/1975
f 1960/2214/1965 1971/2226/1976 1961/2215/1966
f 1961/2216/1966 1972/2227/1977 1962/2217/1967
f 1962/2217/1967 1973/2228/1978 1963/2218/1968
f 1963/2218/1968 1964/2229/1979 1954/2219/1969
f 1964/2229/1979 1975/2230/1980 1965/2220/1970
f 1966/2221/1971 1975/2230/1980 1976/2231/1981
f 1966/2221/1971 1977/2232/1982 1967/2222/1972
f 1967/2222/1972 1978/2233/1983 1968/2223/1973
f 1968/2223/1973 1979/2234/1984 1969/2224/1974
f 1969/2224/1974 1980/2235/1985 1970/2225/1975
f 1971/2226/1976 1980/2235/1985 1981/2236/1986
f 1972/2227/1977 1981/2237/1986 1982/2238/1987
f 1973/2228/1978 1982/2238/1987 1983/2239/1988
f 1964/2229/1979 1983/2239/1988 1974/2240/1989
f 1974/2240/1989 1996/2241/1990 1975/2230/1980
f 1976/2231/1981 1996/2241/1990 1997/2242/1991
f 1977/2232/1982 1997/2242/1991 1998/2243/1992
f 1978/2233/1983 1998/2243/1992 1999/2244/1993
f 1979/2234/1984 1999/2244/1993 2000/2245/1994
f 2005/2246/1995 2006/2247/1996 2007/2248/1997
f 2005/2246/1995 2009/2249/1998 2008/2250/1999
f 1981/2237/1986 2002/2251/2000 1982/2238/1987
f 1982/2238/1987 1994/2252/2001 1983/2239/1988
f 1983/2239/1988 1995/2253/2002 1974/2240/1989
f 1994/2252/2001 2013/2254/2003 1995/2253/2002
f 1995/2253/2002 2014/2255/2004 1996/2241/1990
f 1997/2242/1991 2014/2255/2004 2015/2256/2005
f 1998/2243/1992 2015/2256/2005 2016/2257/2006
f 1999/2244/1993 2016/2257/2006 2017/2258/2007
f 2000/2245/1994 2017/2258/2007 2018/2259/2008
f 2006/2247/1996 2020/2260/2009 2007/2248/1997
f 2009/2249/1998 2020/2260/2009 2021/2261/2010
f 2001/2262/2011 2023/2263/2012 2002/2251/2000
f 2002/2251/2000 2024/2264/2013 1994/2252/2001
f 1989/2265/2014 2003/2266/2015 1990/2267/2016
f 1985/2268/2017 1984/2269/2018 2003/2266/2015
f 2003/2266/2015 1984/2269/2018 1993/2270/2019
f 2003/2266/2015 1993/2270/2019 1992/2271/2020
f 2003/2266/2015 1992/2271/2020 1991/2272/2021
f 2003/2266/2015 1991/2272/2021 1990/2267/2016
f 1988/2273/2022 2003/2266/2015 1989/2265/2014
f 1987/2274/2023 2003/2266/2015 1988/2273/2022
f 1986/2275/2024 2003/2266/2015 1987/2274/2023
f 1985/2268/2017 2003/2266/2015 1986/2275/2024
f 1980/2235/1985 2004/2276/2025 2005/2246/1995
f 2000/2245/1994 2004/2276/2025 1979/2234/1984
f 1980/2235/1985 2008/2250/1999 1981/2236/1986
f 2001/2277/2011 2008/2250/1999 2009/2249/1998
f 2000/2245/1994 2019/2278/2026 2006/2247/1996
f 1990/2267/2016 2010/2279/2027 1989/2265/2014
f 1990/2267/2016 2012/2280/2028 2011/2281/2029
f 2001/2277/2011 2021/2261/2010 2022/2282/2030
f 2013/2283/2003 1985/2268/2017 2014/2284/2004
f 2015/2285/2005 1985/2268/2017 1986/2275/2024
f 2015/2285/2005 1987/2274/2023 2016/2286/2006
f 2016/2286/2006 1988/2273/2022 2017/2287/2007
f 2017/2287/2007 1989/2265/2014 2018/2288/2008
f 2018/2288/2008 2010/2279/2027 2019/2289/2026
f 2019/2289/2026 2011/2281/2029 2020/2290/2009
f 2021/2291/2010 2011/2281/2029 2012/2280/2028
f 2022/2292/2030 2012/2280/2028 1991/2272/2021
f 2023/2293/2012 1991/2272/2021 1992/2271/2020
f 2024/2294/2013 1992/2271/2020 1993/2270/2019
f 2013/2283/2003 1993/2270/2019 1984/2269/2018
f 2025/2295/1787 1789/2026/1790 2026/2296/1783
f 2026/2296/1783 1790/2031/1795 2027/2297/1784
f 2027/2297/1784 1791/2030/1794 2028/2298/1785
f 2028/2298/1785 1792/2029/1793 2029/2299/1786
f 2030/2300/1778 1792/2029/1793 1783/2028/1792
f 2031/2301/1779 1783/2028/1792 1784/2027/1791
f 2032/2302/1780 1784/2027/1791 1785/2034/1798
f 2033/2303/1781 1785/2034/1798 1786/2033/1797
f 2034/2304/1782 1786/2033/1797 1787/2032/1796
f 2034/2304/1782 1788/2024/1788 2025/2295/1787
s 7
f 2046/2305/2031 2044/2306/2032 2045/2307/2031
f 2037/2308/2032 2046/2305/2031 2048/2309/2031
f 2036/2310/2032 2048/2309/2031 2047/2311/2031
f 2038/2312/2033 2042/2313/2032 2039/2314/2033
f 2039/2314/2033 2043/2315/2032 2040/2316/2033
f 2049/2317/2033 2043/2315/2032 2054/2318/2032
f 2036/2310/2032 2039/2314/2033 2037/2308/2032
f 2037/2308/2032 2040/2316/2033 2035/2319/2032
f 2049/2317/2033 2035/2319/2032 2040/2316/2033
f 2041/2320/2032 2051/2321/2031 2042/2313/2032
f 2042/2313/2032 2052/2322/2031 2043/2315/2032
f 2043/2315/2032 2053/2323/2031 2054/2318/2032
s 8
f 2066/2324/2034 2064/2325/2035 2065/2326/2034
f 2057/2327/2035 2066/2324/2034 2068/2328/2034
f 2056/2329/2035 2068/2328/2034 2067/2330/2034
f 2058/2331/2036 2062/2332/2035 2059/2333/2036
f 2059/2333/2036 2063/2334/2035 2060/2335/2036
f 2069/2336/2036 2063/2334/2035 2074/2337/2035
f 2056/2329/2035 2059/2333/2036 2057/2327/2035
f 2057/2327/2035 2060/2335/2036 2055/2338/2035
f 2069/2336/2036 2055/2338/2035 2060/2335/2036
f 2061/2339/2035 2071/2340/2034 2062/2332/2035
f 2062/2332/2035 2072/2341/2034 2063/2334/2035
f 2063/2334/2035 2073/2342/2034 2074/2337/2035
s 9
f 2086/2343/2037 2084/2344/2038 2085/2345/2037
f 2077/2346/2038 2086/2343/2037 2088/2347/2037
f 2076/2348/2038 2088/2347/2037 2087/2349/2037
f 2078/2350/2039 2082/2351/2038 2079/2352/2039
f 2079/2352/2039 2083/2353/2038 2080/2354/2039
f 2089/2355/2039 2083/2353/2038 2094/2356/2038
f 2076/2348/2038 2079/2352/2039 2077/2346/2038
f 2077/2346/2038 2080/2354/2039 2075/2357/2038
f 2089/2355/2039 2075/2357/2038 2080/2354/2039
f 2081/2358/2038 2091/2359/2037 2082/2351/2038
f 2082/2351/2038 2092/2360/2037 2083/2353/2038
f 2083/2353/2038 2093/2361/2037 2094/2356/2038
s 10
f 2109/2362/2040 2107/2363/2041 2108/2364/2040
f 2096/2365/2041 2110/2366/2040 2111/2367/2040
f 2098/2368/2041 2109/2362/2040 2112/2369/2040
f 2097/2370/2041 2112/2369/2040 2110/2366/2040
f 2100/2371/2042 2103/2372/2041 2104/2373/2041
f 2100/2371/2042 2105/2374/2041 2101/2375/2042
f 2102/2376/2042 2105/2374/2041 2106/2377/2041
f 2113/2378/2042 2106/2377/2041 2119/2379/2041
f 2096/2365/2041 2100/2371/2042 2097/2370/2041
f 2097/2370/2041 2101/2375/2042 2098/2368/2041
f 2098/2368/2041 2102/2376/2042 2095/2380/2041
f 2113/2378/2042 2095/2380/2041 2102/2376/2042
f 2104/2373/2041 2114/2381/2040 2115/2382/2040
f 2104/2373/2041 2116/2383/2040 2105/2374/2041
f 2106/2377/2041 2116/2383/2040 2117/2384/2040
f 2106/2377/2041 2118/2385/2040 2119/2379/2041
f 2121/2386/2040 2103/2372/2041 2120/2387/2041
f 2099/2388/2042 2120/2387/2041 2103/2372/2041
f 2096/2365/2041 2122/2389/2042 2099/2388/2042
f 2123/2390/2041 2111/2367/2040 2124/2391/2040
s 1
f 7/1/1 87/5/5 83/2/2
f 11/4/4 91/7/7 87/5/5
f 15/6/6 95/9/9 91/7/7
f 19/8/8 99/11/11 95/9/9
f 23/10/10 103/13/13 99/11/11
f 27/12/12 107/15/15 103/13/13
f 31/14/14 111/17/17 107/15/15
f 35/16/16 115/19/19 111/17/17
f 39/18/18 119/21/21 115/19/19
f 43/20/20 123/23/23 119/21/21
f 47/22/22 127/183/25 123/23/23
f 51/24/24 131/28/27 127/25/25
f 55/27/26 135/30/29 131/28/27
f 59/29/28 139/32/31 135/30/29
f 63/31/30 143/34/33 139/32/31
f 67/33/32 147/36/35 143/34/33
f 71/35/34 151/38/37 147/36/35
f 75/37/36 155/40/39 151/38/37
f 79/39/38 159/42/40 155/40/39
f 3/41/3 83/148/2 159/42/40
f 6/44/42 10/43/41 9/85/83
f 4/87/85 8/89/86 7/1/1
f 5/88/84 9/92/83 8/89/86
f 9/85/83 10/43/41 14/46/44
f 7/1/1 8/89/86 12/91/88
f 9/92/83 13/94/87 12/91/88
f 13/90/87 14/46/44 18/47/45
f 12/91/88 16/95/90 15/6/6
f 13/94/87 17/97/89 16/95/90
f 17/93/89 18/47/45 22/48/46
f 16/95/90 20/98/92 19/8/8
f 17/97/89 21/7031/91 20/98/92
f 22/48/46 26/49/47 25/99/93
f 19/8/8 20/98/92 24/100/94
f 20/98/92 21/7031/91 25/101/93
f 26/49/47 30/50/48 29/102/95
f 23/10/10 24/100/94 28/103/96
f 24/100/94 25/101/93 29/104/95
f 30/50/48 34/51/49 33/105/97
f 28/103/96 32/107/98 31/14/14
f 28/103/96 29/104/95 33/106/97
f 34/51/49 38/52/50 37/108/99
f 32/107/98 36/110/100 35/16/16
f 32/107/98 33/106/97 37/109/99
f 37/108/99 38/52/50 42/53/51
f 35/16/16 36/110/100 40/112/102
f 36/110/100 37/109/99 41/113/101
f 42/53/51 46/54/52 45/114/103
f 39/18/18 40/112/102 44/115/104
f 40/112/102 41/113/101 45/116/103
f 46/54/52 50/55/53 49/117/105
f 43/20/20 44/115/104 48/118/106
f 44/115/104 45/116/103 49/119/105
f 49/117/105 50/55/53 54/56/54
f 47/26/22 48/123/106 52/121/108
f 49/122/105 53/7032/107 52/121/108
f 54/56/54 58/57/55 57/124/109
f 51/24/24 52/121/108 56/125/110
f 52/121/108 53/7032/107 57/126/109
f 57/124/109 58/57/55 62/58/56
f 56/125/110 60/128/112 59/29/28
f 57/126/109 61/7033/111 60/128/112
f 62/58/56 66/59/57 65/129/113
f 59/29/28 60/128/112 64/130/114
f 60/128/112 61/7033/111 65/131/113
f 66/59/57 70/60/58 69/132/115
f 64/130/114 68/133/116 67/33/32
f 65/131/113 69/7034/115 68/133/116
f 69/132/115 70/60/58 74/61/59
f 68/133/116 72/136/118 71/35/34
f 68/133/116 69/7034/115 73/135/117
f 74/61/59 78/62/60 77/137/119
f 72/136/118 76/139/120 75/37/36
f 72/136/118 73/135/117 77/138/119
f 78/62/60 82/63/61 81/140/121
f 76/139/120 80/142/122 79/39/38
f 76/139/120 77/138/119 81/141/121
f 6/44/42 5/86/84 81/140/121
f 5/143/84 4/144/85 80/142/122
f 3/41/3 79/39/38 80/142/122
f 86/64/62 162/84/82 161/145/123
f 84/147/125 160/150/126 159/42/40
f 84/147/125 85/7035/124 161/149/123
f 86/64/62 85/146/124 89/151/127
f 84/152/125 88/155/128 89/153/127
f 84/152/125 83/2/2 87/5/5
f 89/151/127 93/158/130 94/67/65
f 89/153/127 88/155/128 92/156/129
f 87/5/5 91/7/7 92/156/129
f 93/158/130 97/161/132 98/68/66
f 93/157/130 92/156/129 96/159/131
f 92/156/129 91/7/7 95/9/9
f 97/161/132 101/7036/134 102/69/67
f 97/160/132 96/159/131 100/162/133
f 95/9/9 99/11/11 100/162/133
f 102/69/67 101/7036/134 105/164/135
f 100/162/133 104/166/136 105/165/135
f 99/11/11 103/13/13 104/166/136
f 106/70/68 105/164/135 109/167/137
f 104/166/136 108/169/138 109/168/137
f 104/166/136 103/13/13 107/15/15
f 110/71/69 109/167/137 113/170/139
f 108/169/138 112/172/140 113/171/139
f 107/15/15 111/17/17 112/172/140
f 113/170/139 117/175/141 118/73/71
f 112/172/140 116/174/142 117/173/141
f 111/17/17 115/19/19 116/174/142
f 117/175/141 121/178/143 122/74/72
f 116/174/142 120/177/144 121/176/143
f 115/19/19 119/21/21 120/177/144
f 121/178/143 125/181/146 126/75/73
f 121/176/143 120/177/144 124/179/145
f 119/21/21 123/23/23 124/179/145
f 125/181/146 129/7037/147 130/76/74
f 124/179/145 128/184/148 129/182/147
f 124/179/145 123/23/23 127/183/25
f 130/76/74 129/7037/147 133/185/149
f 129/186/147 128/189/148 132/187/150
f 127/25/25 131/28/27 132/187/150
f 133/185/149 137/192/151 138/78/76
f 132/187/150 136/191/152 137/190/151
f 132/187/150 131/28/27 135/30/29
f 137/192/151 141/7038/154 142/79/77
f 137/190/151 136/191/152 140/193/153
f 136/191/152 135/30/29 139/32/31
f 142/79/77 141/7038/154 145/195/155
f 140/193/153 144/197/156 145/196/155
f 139/32/31 143/34/33 144/197/156
f 145/195/155 149/200/157 150/81/79
f 144/197/156 148/199/158 149/198/157
f 144/197/156 143/34/33 147/36/35
f 149/200/157 153/7039/159 154/82/80
f 148/199/158 152/202/160 153/201/159
f 148/199/158 147/36/35 151/38/37
f 154/82/80 153/7039/159 157/203/161
f 152/202/160 156/205/162 157/204/161
f 151/38/37 155/40/39 156/205/162
f 157/203/161 161/145/123 162/84/82
f 156/205/162 160/150/126 161/149/123
f 156/205/162 155/40/39 159/42/40
s 2
f 219/206/163 220/233/190 179/207/164
f 235/209/166 194/222/179 193/210/167
f 230/212/169 190/228/185 189/213/170
f 224/215/172 225/239/196 186/216/173
f 167/218/175 170/256/211 173/219/176
f 235/209/166 236/223/180 218/221/178
f 236/223/180 237/7040/4143 204/224/181
f 204/224/181 237/7040/4143 238/225/182
f 219/206/163 180/208/165 216/226/183
f 230/212/169 231/229/186 215/227/184
f 231/229/186 232/7041/4144 201/230/187
f 201/230/187 232/7041/4144 233/231/188
f 234/211/168 193/210/167 213/232/189
f 220/233/190 221/235/192 208/234/191
f 221/235/192 222/7042/4145 197/236/193
f 197/236/193 222/7042/4145 223/237/194
f 224/215/172 185/217/174 209/238/195
f 225/239/196 226/241/198 212/240/197
f 226/241/198 227/7043/4146 198/242/199
f 198/243/199 227/7044/4146 228/244/200
f 229/214/171 189/213/170 210/245/201
f 164/246/202 172/7045/204 180/208/165
f 164/247/202 181/250/205 182/248/203
f 163/220/177 173/219/176 182/248/203
f 163/220/177 183/253/208 184/251/206
f 165/252/207 168/7046/209 184/251/206
f 168/254/209 165/7047/207 185/217/174
f 167/218/175 187/258/213 188/255/210
f 166/257/212 171/7048/214 188/255/210
f 166/259/212 189/213/170 190/228/185
f 170/256/211 191/263/217 192/261/215
f 169/262/216 174/264/218 192/261/215
f 174/264/218 169/262/216 193/210/167
f 183/253/208 207/266/220 195/265/219
f 163/220/177 181/250/205 207/266/220
f 181/250/205 164/247/202 196/267/221
f 207/266/220 196/267/221 175/268/222
f 179/207/164 208/234/191 196/269/221
f 208/234/191 197/236/193 175/270/222
f 185/217/174 165/7047/207 195/271/219
f 197/236/193 209/238/195 195/271/219
f 189/213/170 166/259/212 199/272/223
f 210/245/201 199/272/223 176/273/224
f 187/258/213 211/275/225 199/274/223
f 167/218/175 184/251/206 211/275/225
f 184/251/206 168/7046/209 200/276/226
f 211/275/225 200/276/226 176/277/224
f 186/216/173 212/240/197 200/278/226
f 200/278/226 212/240/197 198/242/199
f 193/210/167 169/262/216 202/280/227
f 201/230/187 213/232/189 202/280/227
f 191/263/217 214/282/229 202/280/227
f 170/256/211 188/255/210 214/282/229
f 188/255/210 171/7048/214 203/283/230
f 214/282/229 203/283/230 177/281/228
f 190/228/185 215/227/184 203/284/230
f 215/227/184 201/230/187 177/281/228
f 180/208/165 172/7045/204 205/285/231
f 216/226/183 205/285/231 178/286/232
f 182/248/203 217/288/233 205/287/231
f 173/219/176 192/261/215 217/288/233
f 192/261/215 174/264/218 206/289/234
f 217/288/233 206/289/234 178/286/232
f 194/222/179 218/221/178 206/289/234
f 206/289/234 218/221/178 204/224/181
s 3
f 240/290/235 239/330/274 259/291/236
f 241/293/238 240/290/235 260/292/237
f 241/293/238 261/294/239 262/295/240
f 242/296/241 262/295/240 263/297/242
f 243/298/243 263/297/242 264/299/244
f 244/300/245 264/299/244 265/301/246
f 245/302/247 265/301/246 266/303/248
f 247/305/250 246/304/249 266/303/248
f 248/307/252 247/305/250 267/306/251
f 249/309/254 248/307/252 268/308/253
f 250/311/256 249/309/254 269/310/255
f 250/311/256 270/312/257 271/313/258
f 251/314/259 271/313/258 272/315/260
f 252/316/261 272/315/260 273/317/262
f 253/319/263 273/7049/262 274/320/264
f 254/321/265 274/320/264 275/322/266
f 255/323/267 275/322/266 276/324/268
f 257/326/270 256/325/269 276/324/268
f 258/328/272 257/326/270 277/327/271
f 239/330/274 258/328/272 278/329/273
f 260/331/237 259/371/236 279/332/275
f 261/334/239 260/331/237 280/333/276
f 261/334/239 281/335/277 282/336/278
f 262/337/240 282/336/278 283/338/279
f 263/339/242 283/338/279 284/340/280
f 264/341/244 284/340/280 285/342/281
f 265/343/246 285/342/281 286/344/282
f 267/346/251 266/345/248 286/344/282
f 268/348/253 267/346/251 287/347/283
f 269/350/255 268/348/253 288/349/284
f 270/352/257 269/350/255 289/351/285
f 271/354/258 270/352/257 290/353/286
f 271/354/258 291/355/287 292/356/288
f 272/357/260 292/356/288 293/358/289
f 273/360/262 293/387/289 294/361/290
f 274/362/264 294/361/290 295/363/291
f 275/364/266 295/363/291 296/365/292
f 277/367/271 276/366/268 296/365/292
f 278/369/273 277/367/271 297/368/293
f 259/371/236 278/369/273 298/370/294
f 280/333/276 279/332/275 299/372/295
f 281/335/277 280/333/276 300/373/296
f 281/335/277 301/374/297 302/375/298
f 282/336/278 302/375/298 303/376/299
f 283/338/279 303/376/299 304/377/300
f 284/340/280 304/377/300 305/378/301
f 285/342/281 305/378/301 306/379/302
f 287/347/283 286/344/282 306/379/302
f 288/349/284 287/347/283 307/380/303
f 289/351/285 288/349/284 308/381/304
f 290/353/286 289/351/285 309/382/305
f 291/355/287 290/353/286 310/383/306
f 291/355/287 311/384/307 312/385/308
f 292/356/288 312/385/308 313/386/309
f 293/387/289 313/408/309 314/388/310
f 294/361/290 314/388/310 315/389/311
f 295/363/291 315/389/311 316/390/312
f 297/368/293 296/365/292 316/390/312
f 298/370/294 297/368/293 317/391/313
f 279/332/275 298/370/294 318/392/314
f 300/373/296 299/372/295 319/393/315
f 301/374/297 300/373/296 320/394/316
f 301/374/297 321/395/317 322/396/318
f 302/375/298 322/396/318 323/397/319
f 303/376/299 323/397/319 324/398/320
f 304/377/300 324/398/320 325/399/321
f 305/378/301 325/399/321 326/400/322
f 307/380/303 306/379/302 326/400/322
f 308/381/304 307/380/303 327/401/323
f 309/382/305 308/381/304 328/402/324
f 310/383/306 309/382/305 329/403/325
f 311/384/307 310/383/306 330/404/326
f 311/384/307 331/405/327 332/406/328
f 312/385/308 332/406/328 333/407/329
f 313/408/309 333/429/329 334/409/330
f 314/388/310 334/409/330 335/410/331
f 315/389/311 335/410/331 336/411/332
f 317/391/313 316/390/312 336/411/332
f 318/392/314 317/391/313 337/412/333
f 299/372/295 318/392/314 338/413/334
f 320/394/316 319/393/315 339/414/335
f 321/395/317 320/394/316 340/415/336
f 321/395/317 341/416/337 342/417/338
f 322/396/318 342/417/338 343/418/339
f 323/397/319 343/418/339 344/419/340
f 324/398/320 344/419/340 345/420/341
f 325/399/321 345/420/341 346/421/342
f 327/401/323 326/400/322 346/421/342
f 328/402/324 327/401/323 347/422/343
f 329/403/325 328/402/324 348/423/344
f 330/404/326 329/403/325 349/424/345
f 330/404/326 350/425/346 351/426/347
f 331/405/327 351/426/347 352/427/348
f 332/406/328 352/427/348 353/428/349
f 333/429/329 353/450/349 354/430/350
f 334/409/330 354/430/350 355/431/351
f 335/410/331 355/431/351 356/432/352
f 337/412/333 336/411/332 356/432/352
f 338/413/334 337/412/333 357/433/353
f 319/393/315 338/413/334 358/434/354
f 340/415/336 339/414/335 359/435/355
f 341/416/337 340/415/336 360/436/356
f 341/416/337 361/437/357 362/438/358
f 342/417/338 362/438/358 363/439/359
f 343/418/339 363/439/359 364/440/360
f 344/419/340 364/440/360 365/441/361
f 345/420/341 365/441/361 366/442/362
f 347/422/343 346/421/342 366/442/362
f 348/423/344 347/422/343 367/443/363
f 349/424/345 348/423/344 368/444/364
f 350/425/346 349/424/345 369/445/365
f 351/426/347 350/425/346 370/446/366
f 351/426/347 371/447/367 372/448/368
f 352/427/348 372/448/368 373/449/369
f 353/450/349 373/471/369 374/451/370
f 354/430/350 374/451/370 375/452/371
f 355/431/351 375/452/371 376/453/372
f 357/433/353 356/432/352 376/453/372
f 358/434/354 357/433/353 377/454/373
f 339/414/335 358/434/354 378/455/374
f 360/436/356 359/435/355 379/456/375
f 361/437/357 360/436/356 380/457/376
f 361/437/357 381/458/377 382/459/378
f 362/438/358 382/459/378 383/460/379
f 363/439/359 383/460/379 384/461/380
f 364/440/360 384/461/380 385/462/381
f 365/441/361 385/462/381 386/463/382
f 367/443/363 366/442/362 386/463/382
f 368/444/364 367/443/363 387/464/383
f 369/445/365 368/444/364 388/465/384
f 370/446/366 369/445/365 389/466/385
f 371/447/367 370/446/366 390/467/386
f 371/447/367 391/468/387 392/469/388
f 372/448/368 392/469/388 393/470/389
f 373/471/369 393/492/389 394/472/390
f 374/451/370 394/472/390 395/473/391
f 375/452/371 395/473/391 396/474/392
f 377/454/373 376/453/372 396/474/392
f 378/455/374 377/454/373 397/475/393
f 359/435/355 378/455/374 398/476/394
f 380/457/376 379/456/375 399/477/395
f 381/458/377 380/457/376 400/478/396
f 381/458/377 401/479/397 402/480/398
f 382/459/378 402/480/398 403/481/399
f 383/460/379 403/481/399 404/482/400
f 384/461/380 404/482/400 405/483/401
f 385/462/381 405/483/401 406/484/402
f 387/464/383 386/463/382 406/484/402
f 388/465/384 387/464/383 407/485/403
f 389/466/385 388/465/384 408/486/404
f 390/467/386 389/466/385 409/487/405
f 391/468/387 390/467/386 410/488/406
f 391/468/387 411/489/407 412/490/408
f 392/469/388 412/490/408 413/491/409
f 393/492/389 413/513/409 414/493/410
f 394/472/390 414/493/410 415/494/411
f 395/473/391 415/494/411 416/495/412
f 397/475/393 396/474/392 416/495/412
f 398/476/394 397/475/393 417/496/413
f 379/456/375 398/476/394 418/497/414
f 400/478/396 399/477/395 419/498/415
f 401/479/397 400/478/396 420/499/416
f 401/479/397 421/500/417 422/501/418
f 402/480/398 422/501/418 423/502/419
f 403/481/399 423/502/419 424/503/420
f 404/482/400 424/503/420 425/504/421
f 405/483/401 425/504/421 426/505/422
f 407/485/403 406/484/402 426/505/422
f 408/486/404 407/485/403 427/506/423
f 409/487/405 408/486/404 428/507/424
f 410/488/406 409/487/405 429/508/425
f 411/489/407 410/488/406 430/509/426
f 411/489/407 431/510/427 432/511/428
f 412/490/408 432/511/428 433/512/429
f 413/513/409 433/534/429 434/514/430
f 414/493/410 434/514/430 435/515/431
f 415/494/411 435/515/431 436/516/432
f 417/496/413 416/495/412 436/516/432
f 418/497/414 417/496/413 437/517/433
f 399/477/395 418/497/414 438/518/434
f 420/499/416 419/498/415 439/519/435
f 421/500/417 420/499/416 440/520/436
f 421/500/417 441/521/437 442/522/438
f 422/501/418 442/522/438 443/523/439
f 423/502/419 443/523/439 444/524/440
f 424/503/420 444/524/440 445/525/441
f 425/504/421 445/525/441 446/526/442
f 427/506/423 426/505/422 446/526/442
f 428/507/424 427/506/423 447/527/443
f 429/508/425 428/507/424 448/528/444
f 430/509/426 429/508/425 449/529/445
f 431/510/427 430/509/426 450/530/446
f 431/510/427 451/531/447 452/532/448
f 432/511/428 452/532/448 453/533/449
f 433/534/429 453/7050/449 454/535/450
f 434/514/430 454/535/450 455/536/451
f 436/516/432 435/515/431 455/536/451
f 437/517/433 436/516/432 456/537/452
f 438/518/434 437/517/433 457/538/453
f 419/498/415 438/518/434 458/539/454
f 439/519/435 459/560/474 460/540/455
f 440/520/436 460/540/455 461/541/456
f 442/522/438 441/521/437 461/541/456
f 443/523/439 442/522/438 462/542/457
f 444/524/440 443/523/439 463/543/458
f 445/525/441 444/524/440 464/544/459
f 446/526/442 445/525/441 465/545/460
f 446/526/442 466/546/461 467/547/462
f 447/527/443 467/547/462 468/548/463
f 448/528/444 468/548/463 469/549/464
f 449/529/445 469/549/464 470/550/465
f 450/530/446 470/550/465 471/551/466
f 452/532/448 451/531/447 471/551/466
f 453/533/449 452/532/448 472/552/467
f 454/535/450 453/7050/449 473/554/468
f 455/536/451 454/535/450 474/555/469
f 455/536/451 475/556/470 476/557/471
f 456/537/452 476/557/471 477/558/472
f 457/538/453 477/558/472 478/559/473
f 458/539/454 478/559/473 459/560/474
f 459/560/474 479/581/494 480/561/475
f 460/540/455 480/561/475 481/562/476
f 462/542/457 461/541/456 481/562/476
f 463/543/458 462/542/457 482/563/477
f 464/544/459 463/543/458 483/564/478
f 465/545/460 464/544/459 484/565/479
f 466/546/461 465/545/460 485/566/480
f 466/546/461 486/567/481 487/568/482
f 467/547/462 487/568/482 488/569/483
f 468/548/463 488/569/483 489/570/484
f 469/549/464 489/570/484 490/571/485
f 470/550/465 490/571/485 491/572/486
f 472/552/467 471/551/466 491/572/486
f 473/553/468 472/552/467 492/573/487
f 474/555/469 473/554/468 493/575/488
f 475/556/470 474/555/469 494/576/489
f 476/557/471 475/556/470 495/577/490
f 476/557/471 496/578/491 497/579/492
f 477/558/472 497/579/492 498/580/493
f 478/559/473 498/580/493 479/581/494
f 479/581/494 499/602/514 500/582/495
f 480/561/475 500/582/495 501/583/496
f 482/563/477 481/562/476 501/583/496
f 483/564/478 482/563/477 502/584/497
f 484/565/479 483/564/478 503/585/498
f 485/566/480 484/565/479 504/586/499
f 486/567/481 485/566/480 505/587/500
f 486/567/481 506/588/501 507/589/502
f 487/568/482 507/589/502 508/590/503
f 488/569/483 508/590/503 509/591/504
f 489/570/484 509/591/504 510/592/505
f 490/571/485 510/592/505 511/593/506
f 492/573/487 491/572/486 511/593/506
f 493/574/488 492/573/487 512/594/507
f 494/576/489 493/575/488 513/596/508
f 495/577/490 494/576/489 514/597/509
f 496/578/491 495/577/490 515/598/510
f 496/578/491 516/599/511 517/600/512
f 497/579/492 517/600/512 518/601/513
f 498/580/493 518/601/513 499/602/514
f 499/602/514 519/623/534 520/603/515
f 500/582/495 520/603/515 521/604/516
f 502/584/497 501/583/496 521/604/516
f 503/585/498 502/584/497 522/605/517
f 504/586/499 503/585/498 523/606/518
f 505/587/500 504/586/499 524/607/519
f 506/588/501 505/587/500 525/608/520
f 506/588/501 526/609/521 527/610/522
f 507/589/502 527/610/522 528/611/523
f 508/590/503 528/611/523 529/612/524
f 509/591/504 529/612/524 530/613/525
f 510/592/505 530/613/525 531/614/526
f 512/594/507 511/593/506 531/614/526
f 513/595/508 512/594/507 532/615/527
f 514/597/509 513/596/508 533/617/528
f 515/598/510 514/597/509 534/618/529
f 516/599/511 515/598/510 535/619/530
f 516/599/511 536/620/531 537/621/532
f 517/600/512 537/621/532 538/622/533
f 518/601/513 538/622/533 519/623/534
f 519/623/534 539/644/554 540/624/535
f 520/603/515 540/624/535 541/625/536
f 522/605/517 521/604/516 541/625/536
f 523/606/518 522/605/517 542/626/537
f 524/607/519 523/606/518 543/627/538
f 525/608/520 524/607/519 544/628/539
f 526/609/521 525/608/520 545/629/540
f 526/609/521 546/630/541 547/631/542
f 527/610/522 547/631/542 548/632/543
f 528/611/523 548/632/543 549/633/544
f 529/612/524 549/633/544 550/634/545
f 530/613/525 550/634/545 551/635/546
f 532/615/527 531/614/526 551/635/546
f 533/616/528 532/615/527 552/636/547
f 534/618/529 533/617/528 553/638/548
f 535/619/530 534/618/529 554/639/549
f 536/620/531 535/619/530 555/640/550
f 536/620/531 556/641/551 557/642/552
f 537/621/532 557/642/552 558/643/553
f 538/622/533 558/643/553 539/644/554
f 539/644/554 559/665/574 560/645/555
f 540/624/535 560/645/555 561/646/556
f 542/626/537 541/625/536 561/646/556
f 543/627/538 542/626/537 562/647/557
f 544/628/539 543/627/538 563/648/558
f 545/629/540 544/628/539 564/649/559
f 546/630/541 545/629/540 565/650/560
f 546/630/541 566/651/561 567/652/562
f 547/631/542 567/652/562 568/653/563
f 548/632/543 568/653/563 569/654/564
f 549/633/544 569/654/564 570/655/565
f 550/634/545 570/655/565 571/656/566
f 552/636/547 551/635/546 571/656/566
f 553/637/548 552/636/547 572/657/567
f 554/639/549 553/638/548 573/659/568
f 555/640/550 554/639/549 574/660/569
f 556/641/551 555/640/550 575/661/570
f 556/641/551 576/662/571 577/663/572
f 557/642/552 577/663/572 578/664/573
f 558/643/553 578/664/573 559/665/574
f 559/665/574 579/686/594 580/666/575
f 560/645/555 580/666/575 581/667/576
f 562/647/557 561/646/556 581/667/576
f 563/648/558 562/647/557 582/668/577
f 564/649/559 563/648/558 583/669/578
f 565/650/560 564/649/559 584/670/579
f 566/651/561 565/650/560 585/671/580
f 566/651/561 586/672/581 587/673/582
f 567/652/562 587/673/582 588/674/583
f 568/653/563 588/674/583 589/675/584
f 569/654/564 589/675/584 590/676/585
f 570/655/565 590/676/585 591/677/586
f 572/657/567 571/656/566 591/677/586
f 573/658/568 572/657/567 592/678/587
f 574/660/569 573/659/568 593/680/588
f 575/661/570 574/660/569 594/681/589
f 576/662/571 575/661/570 595/682/590
f 576/662/571 596/683/591 597/684/592
f 577/663/572 597/684/592 598/685/593
f 578/664/573 598/685/593 579/686/594
f 579/686/594 599/707/614 600/687/595
f 580/666/575 600/687/595 601/688/596
f 582/668/577 581/667/576 601/688/596
f 583/669/578 582/668/577 602/689/597
f 584/670/579 583/669/578 603/690/598
f 585/671/580 584/670/579 604/691/599
f 586/672/581 585/671/580 605/692/600
f 586/672/581 606/693/601 607/694/602
f 587/673/582 607/694/602 608/695/603
f 588/674/583 608/695/603 609/696/604
f 589/675/584 609/696/604 610/697/605
f 590/676/585 610/697/605 611/698/606
f 592/678/587 591/677/586 611/698/606
f 593/679/588 592/678/587 612/699/607
f 594/681/589 593/680/588 613/701/608
f 595/682/590 594/681/589 614/702/609
f 596/683/591 595/682/590 615/703/610
f 596/683/591 616/704/611 617/705/612
f 597/684/592 617/705/612 618/706/613
f 598/685/593 618/706/613 599/707/614
f 599/707/614 619/728/634 620/708/615
f 600/687/595 620/708/615 621/709/616
f 602/689/597 601/688/596 621/709/616
f 603/690/598 602/689/597 622/710/617
f 604/691/599 603/690/598 623/711/618
f 605/692/600 604/691/599 624/712/619
f 606/693/601 605/692/600 625/713/620
f 606/693/601 626/714/621 627/715/622
f 607/694/602 627/715/622 628/716/623
f 608/695/603 628/716/623 629/717/624
f 609/696/604 629/717/624 630/718/625
f 610/697/605 630/718/625 631/719/626
f 612/699/607 611/698/606 631/719/626
f 613/700/608 612/699/607 632/720/627
f 614/702/609 613/701/608 633/722/628
f 615/703/610 614/702/609 634/723/629
f 616/704/611 615/703/610 635/724/630
f 616/704/611 636/725/631 637/726/632
f 617/705/612 637/726/632 638/727/633
f 618/706/613 638/727/633 619/728/634
f 619/728/634 239/330/274 240/290/235
f 620/708/615 240/290/235 241/293/238
f 622/710/617 621/709/616 241/293/238
f 623/711/618 622/710/617 242/296/241
f 624/712/619 623/711/618 243/298/243
f 625/713/620 624/712/619 244/300/245
f 626/714/621 625/713/620 245/302/247
f 626/714/621 246/304/249 247/305/250
f 627/715/622 247/305/250 248/307/252
f 628/716/623 248/307/252 249/309/254
f 629/717/624 249/309/254 250/311/256
f 630/718/625 250/311/256 251/314/259
f 632/720/627 631/719/626 251/314/259
f 633/721/628 632/720/627 252/316/261
f 634/723/629 633/722/628 253/319/263
f 635/724/630 634/723/629 254/321/265
f 636/725/631 635/724/630 255/323/267
f 636/725/631 256/325/269 257/326/270
f 637/726/632 257/326/270 258/328/272
f 638/727/633 258/328/272 239/330/274
s 4
f 640/729/635 650/733/639 649/730/636
f 641/732/638 651/735/641 650/733/639
f 642/734/640 652/737/643 651/735/641
f 642/734/640 647/748/653 653/736/642
f 643/738/644 644/741/647 655/739/645
f 644/741/647 645/743/649 656/742/648
f 645/743/649 646/769/651 657/744/650
f 646/745/651 648/749/654 658/746/652
f 643/738/644 654/740/646 653/736/642
f 639/731/637 649/730/636 658/746/652
f 649/730/636 650/733/639 682/750/655
f 650/733/639 651/735/641 683/752/657
f 651/735/641 652/737/643 684/753/658
f 652/737/643 653/736/642 685/754/659
f 655/739/645 687/756/661 686/755/660
f 656/742/648 688/757/662 687/756/661
f 657/744/650 679/779/663 688/757/662
f 658/746/652 680/759/664 679/758/663
f 654/740/646 686/755/660 685/754/659
f 658/746/652 649/730/636 681/751/656
f 643/738/644 647/748/653 670/760/665
f 642/734/640 671/762/667 670/760/665
f 671/762/667 642/734/640 641/732/638
f 672/763/668 641/732/638 640/729/635
f 673/764/669 640/729/635 639/731/637
f 648/749/654 675/767/672 674/765/670
f 648/749/654 646/745/651 676/766/671
f 677/768/673 676/939/671 646/769/651
f 678/770/674 677/768/673 645/743/649
f 669/761/666 678/770/674 644/741/647
f 680/759/664 668/789/691 667/771/675
f 659/772/676 668/789/691 680/759/664
f 660/773/677 659/772/676 681/751/656
f 661/774/678 660/773/677 682/750/655
f 662/775/679 661/774/678 683/752/657
f 663/776/680 662/775/679 684/753/658
f 686/755/660 664/777/681 663/776/680
f 687/756/661 665/778/682 664/777/681
f 688/757/662 666/780/683 665/778/682
f 679/779/663 667/787/675 666/780/683
f 1056/781/684 1057/791/693 659/772/676
f 1055/782/685 1056/781/684 660/773/677
f 1054/783/686 1055/782/685 661/774/678
f 1053/784/687 1054/783/686 662/775/679
f 665/778/682 1051/786/689 1052/785/688
f 666/780/683 1060/788/690 1051/786/689
f 667/787/675 1059/1209/692 1060/788/690
f 668/789/691 1058/1208/1056 1059/790/692
f 664/777/681 1052/785/688 1053/784/687
f 1057/791/693 1058/1208/1056 668/789/691
f 700/792/694 699/811/712 689/793/695
f 701/795/697 700/792/694 690/794/696
f 702/797/699 701/795/697 691/796/698
f 703/799/701 702/797/699 692/798/700
f 695/801/703 705/805/707 704/802/704
f 696/804/706 706/807/709 705/805/707
f 697/806/708 707/819/711 706/807/709
f 698/808/710 708/821/721 707/809/711
f 694/803/705 704/802/704 703/799/701
f 699/811/712 708/821/721 698/808/710
f 700/792/694 710/813/714 709/812/713
f 701/795/697 711/814/715 710/813/714
f 702/797/699 712/815/716 711/814/715
f 703/799/701 713/826/726 712/815/716
f 715/816/717 714/822/722 704/802/704
f 716/817/718 715/816/717 705/805/707
f 717/818/719 716/817/718 706/807/709
f 718/820/720 717/832/719 707/809/711
f 714/822/722 713/826/726 703/799/701
f 699/811/712 709/812/713 718/820/720
f 710/813/714 720/824/724 719/823/723
f 711/814/715 721/825/725 720/824/724
f 712/815/716 722/827/727 721/825/725
f 713/826/726 723/837/736 722/827/727
f 725/828/728 724/833/732 714/822/722
f 726/829/729 725/828/728 715/816/717
f 727/830/730 726/829/729 716/817/718
f 728/831/731 727/843/730 717/832/719
f 724/833/732 723/837/736 713/826/726
f 709/812/713 719/823/723 728/831/731
f 720/824/724 730/835/734 729/834/733
f 721/825/725 731/836/735 730/835/734
f 722/827/727 732/838/737 731/836/735
f 723/837/736 733/848/746 732/838/737
f 735/839/738 734/844/742 724/833/732
f 736/840/739 735/839/738 725/828/728
f 737/841/740 736/840/739 726/829/729
f 738/842/741 737/854/740 727/843/730
f 734/844/742 733/848/746 723/837/736
f 719/823/723 729/834/733 738/842/741
f 730/835/734 740/846/744 739/845/743
f 731/836/735 741/847/745 740/846/744
f 732/838/737 742/849/747 741/847/745
f 733/848/746 743/859/756 742/849/747
f 745/850/748 744/855/752 734/844/742
f 746/851/749 745/850/748 735/839/738
f 747/852/750 746/851/749 736/840/739
f 748/853/751 747/864/750 737/854/740
f 744/855/752 743/859/756 733/848/746
f 729/834/733 739/845/743 748/853/751
f 750/856/753 749/865/761 739/845/743
f 751/857/754 750/856/753 740/846/744
f 752/858/755 751/857/754 741/847/745
f 743/859/756 753/870/766 752/858/755
f 745/850/748 755/861/758 754/860/757
f 746/851/749 756/862/759 755/861/758
f 747/852/750 757/873/760 756/862/759
f 748/853/751 758/875/770 757/863/760
f 754/860/757 753/870/766 743/859/756
f 749/865/761 758/875/770 748/853/751
f 760/866/762 759/877/772 749/865/761
f 761/867/763 760/866/762 750/856/753
f 762/868/764 761/867/763 751/857/754
f 763/869/765 762/868/764 752/858/755
f 755/861/758 765/872/768 764/871/767
f 756/862/759 766/874/769 765/872/768
f 757/873/760 767/884/771 766/874/769
f 758/875/770 768/886/780 767/876/771
f 754/860/757 764/871/767 763/869/765
f 759/877/772 768/886/780 758/875/770
f 770/878/773 769/888/782 759/877/772
f 771/879/774 770/878/773 760/866/762
f 772/880/775 771/879/774 761/867/763
f 773/881/776 772/880/775 762/868/764
f 765/872/768 775/883/778 774/882/777
f 766/874/769 776/885/779 775/883/778
f 767/884/771 777/894/781 776/885/779
f 768/886/780 778/896/789 777/887/781
f 764/871/767 774/882/777 773/881/776
f 769/888/782 778/896/789 768/886/780
f 780/889/783 779/898/791 769/888/782
f 781/890/784 780/889/783 770/878/773
f 782/891/785 781/890/784 771/879/774
f 773/881/776 783/902/795 782/891/785
f 775/883/778 785/893/787 784/892/786
f 776/885/779 786/895/788 785/893/787
f 777/894/781 787/907/790 786/895/788
f 778/896/789 788/909/801 787/897/790
f 784/892/786 783/902/795 773/881/776
f 779/898/791 788/909/801 778/896/789
f 780/889/783 790/900/793 789/899/792
f 781/890/784 791/901/794 790/900/793
f 782/891/785 792/903/796 791/901/794
f 783/902/795 793/914/806 792/903/796
f 795/904/797 794/910/802 784/892/786
f 796/905/798 795/904/797 785/893/787
f 797/906/799 796/905/798 786/895/788
f 798/908/800 797/920/799 787/897/790
f 794/910/802 793/914/806 783/902/795
f 779/898/791 789/899/792 798/908/800
f 790/900/793 1045/912/804 1046/911/803
f 791/901/794 1044/913/805 1045/912/804
f 792/903/796 1043/915/807 1044/913/805
f 793/914/806 1042/7051/1055 1043/915/807
f 1050/916/808 1041/921/812 794/910/802
f 1049/917/809 1050/916/808 795/904/797
f 1048/918/810 1049/917/809 796/905/798
f 1047/919/811 1048/7052/810 797/920/799
f 1041/921/812 1042/7051/1055 793/914/806
f 789/899/792 1046/911/803 1047/919/811
f 811/933/824 810/943/833 669/761/666
f 671/762/667 812/944/834 811/933/824
f 813/934/825 812/944/834 671/762/667
f 814/935/826 813/934/825 672/763/668
f 815/936/827 814/935/826 673/764/669
f 816/937/828 815/936/827 674/765/670
f 676/766/671 817/950/829 816/937/828
f 677/768/673 818/940/830 817/938/829
f 678/770/674 819/941/831 818/940/830
f 669/761/666 810/943/833 819/941/831
f 821/942/832 820/953/842 810/943/833
f 812/944/834 822/945/835 821/942/832
f 813/934/825 823/946/836 822/945/835
f 814/935/826 824/947/837 823/946/836
f 815/936/827 825/948/838 824/947/837
f 816/937/828 826/959/848 825/948/838
f 827/949/839 826/959/848 816/937/828
f 828/951/840 827/961/839 817/938/829
f 829/952/841 828/951/840 818/940/830
f 820/953/842 829/952/841 819/941/831
f 831/954/843 830/963/851 820/953/842
f 822/945/835 832/955/844 831/954/843
f 823/946/836 833/966/854 832/955/844
f 834/956/845 833/966/854 823/946/836
f 835/957/846 834/956/845 824/947/837
f 836/958/847 835/957/846 825/948/838
f 827/949/839 837/970/849 836/958/847
f 828/951/840 838/962/850 837/960/849
f 829/952/841 839/972/859 838/962/850
f 830/963/851 839/972/859 829/952/841
f 841/964/852 840/976/863 830/963/851
f 832/955/844 842/977/864 841/964/852
f 843/965/853 842/977/864 832/955/844
f 844/967/855 843/965/853 833/966/854
f 845/968/856 844/967/855 834/956/845
f 846/969/857 845/968/856 835/957/846
f 837/970/849 847/982/858 846/969/857
f 838/962/850 848/973/860 847/971/858
f 839/972/859 849/974/861 848/973/860
f 830/963/851 840/976/863 849/974/861
f 851/975/862 850/987/873 840/976/863
f 842/977/864 852/988/874 851/975/862
f 853/978/865 852/988/874 842/977/864
f 854/979/866 853/978/865 843/965/853
f 855/980/867 854/979/866 844/967/855
f 856/981/868 855/980/867 845/968/856
f 847/982/858 857/993/869 856/981/868
f 848/973/860 858/984/870 857/983/869
f 849/974/861 859/985/871 858/984/870
f 840/976/863 850/987/873 859/985/871
f 861/986/872 860/998/883 850/987/873
f 852/988/874 862/999/884 861/986/872
f 863/989/875 862/999/884 852/988/874
f 864/990/876 863/989/875 853/978/865
f 865/991/877 864/990/876 854/979/866
f 866/992/878 865/991/877 855/980/867
f 857/993/869 867/1005/879 866/992/878
f 858/984/870 868/995/880 867/994/879
f 859/985/871 869/996/881 868/995/880
f 850/987/873 860/998/883 869/996/881
f 871/997/882 870/1008/892 860/998/883
f 862/999/884 872/1000/885 871/997/882
f 863/989/875 873/1001/886 872/1000/885
f 864/990/876 874/1002/887 873/1001/886
f 865/991/877 875/1003/888 874/1002/887
f 866/992/878 876/1013/897 875/1003/888
f 877/1004/889 876/1013/897 866/992/878
f 878/1006/890 877/1017/889 867/994/879
f 879/1007/891 878/1006/890 868/995/880
f 870/1008/892 879/1007/891 869/996/881
f 881/1009/893 880/1019/902 870/1008/892
f 872/1000/885 882/1010/894 881/1009/893
f 873/1001/886 883/1011/895 882/1010/894
f 874/1002/887 884/1012/896 883/1011/895
f 875/1003/888 885/1014/898 884/1012/896
f 876/1013/897 886/1024/907 885/1014/898
f 887/1015/899 886/1024/907 876/1013/897
f 888/1016/900 887/1028/899 877/1017/889
f 889/1018/901 888/1016/900 878/1006/890
f 880/1019/902 889/1018/901 879/1007/891
f 891/1020/903 890/1030/912 880/1019/902
f 882/1010/894 892/1021/904 891/1020/903
f 883/1011/895 893/1022/905 892/1021/904
f 884/1012/896 894/1023/906 893/1022/905
f 885/1014/898 895/1025/908 894/1023/906
f 886/1024/907 896/1036/918 895/1025/908
f 897/1026/909 896/1036/918 886/1024/907
f 898/1027/910 897/1038/909 887/1028/899
f 899/1029/911 898/1027/910 888/1016/900
f 890/1030/912 899/1029/911 889/1018/901
f 901/1031/913 900/1042/923 890/1030/912
f 892/1021/904 902/1043/924 901/1031/913
f 903/1032/914 902/1043/924 892/1021/904
f 904/1033/915 903/1032/914 893/1022/905
f 905/1034/916 904/1033/915 894/1023/906
f 906/1035/917 905/1034/916 895/1025/908
f 897/1026/909 907/1048/919 906/1035/917
f 898/1027/910 908/1039/920 907/1037/919
f 899/1029/911 909/1040/921 908/1039/920
f 890/1030/912 900/1042/923 909/1040/921
f 911/1041/922 910/1053/933 900/1042/923
f 902/1043/924 912/1054/934 911/1041/922
f 913/1044/925 912/1054/934 902/1043/924
f 914/1045/926 913/1044/925 903/1032/914
f 915/1046/927 914/1045/926 904/1033/915
f 916/1047/928 915/1046/927 905/1034/916
f 907/1048/919 917/1059/929 916/1047/928
f 908/1039/920 918/1050/930 917/1049/929
f 909/1040/921 919/1051/931 918/1050/930
f 900/1042/923 910/1053/933 919/1051/931
f 921/1052/932 920/1064/943 910/1053/933
f 912/1054/934 922/1065/944 921/1052/932
f 923/1055/935 922/1065/944 912/1054/934
f 924/1056/936 923/1055/935 913/1044/925
f 925/1057/937 924/1056/936 914/1045/926
f 926/1058/938 925/1057/937 915/1046/927
f 917/1059/929 927/1070/939 926/1058/938
f 918/1050/930 928/1061/940 927/1060/939
f 919/1051/931 929/1062/941 928/1061/940
f 910/1053/933 920/1064/943 929/1062/941
f 931/1063/942 930/1075/953 920/1064/943
f 922/1065/944 932/1076/954 931/1063/942
f 933/1066/945 932/1076/954 922/1065/944
f 934/1067/946 933/1066/945 923/1055/935
f 935/1068/947 934/1067/946 924/1056/936
f 936/1069/948 935/1068/947 925/1057/937
f 927/1070/939 937/1081/949 936/1069/948
f 928/1061/940 938/1072/950 937/1071/949
f 929/1062/941 939/1073/951 938/1072/950
f 920/1064/943 930/1075/953 939/1073/951
f 941/1074/952 940/1086/963 930/1075/953
f 932/1076/954 942/1087/964 941/1074/952
f 943/1077/955 942/1087/964 932/1076/954
f 944/1078/956 943/1077/955 933/1066/945
f 945/1079/957 944/1078/956 934/1067/946
f 946/1080/958 945/1079/957 935/1068/947
f 937/1081/949 947/1092/959 946/1080/958
f 938/1072/950 948/1083/960 947/1082/959
f 939/1073/951 949/1084/961 948/1083/960
f 930/1075/953 940/1086/963 949/1084/961
f 951/1085/962 950/1097/973 940/1086/963
f 942/1087/964 952/1098/974 951/1085/962
f 953/1088/965 952/1098/974 942/1087/964
f 954/1089/966 953/1088/965 943/1077/955
f 955/1090/967 954/1089/966 944/1078/956
f 956/1091/968 955/1090/967 945/1079/957
f 947/1092/959 957/1104/969 956/1091/968
f 948/1083/960 958/1094/970 957/1093/969
f 949/1084/961 959/1095/971 958/1094/970
f 940/1086/963 950/1097/973 959/1095/971
f 961/1096/972 960/1107/982 950/1097/973
f 952/1098/974 962/1099/975 961/1096/972
f 953/1088/965 963/1100/976 962/1099/975
f 954/1089/966 964/1101/977 963/1100/976
f 955/1090/967 965/1102/978 964/1101/977
f 956/1091/968 966/1112/987 965/1102/978
f 967/1103/979 966/1112/987 956/1091/968
f 968/1105/980 967/1116/979 957/1093/969
f 969/1106/981 968/1105/980 958/1094/970
f 960/1107/982 969/1106/981 959/1095/971
f 971/1108/983 970/1118/992 960/1107/982
f 962/1099/975 972/1109/984 971/1108/983
f 963/1100/976 973/1110/985 972/1109/984
f 964/1101/977 974/1111/986 973/1110/985
f 965/1102/978 975/1113/988 974/1111/986
f 966/1112/987 976/1123/997 975/1113/988
f 977/1114/989 976/1123/997 966/1112/987
f 978/1115/990 977/1127/989 967/1116/979
f 979/1117/991 978/1115/990 968/1105/980
f 970/1118/992 979/1117/991 969/1106/981
f 981/1119/993 980/1129/1002 970/1118/992
f 972/1109/984 982/1120/994 981/1119/993
f 973/1110/985 983/1121/995 982/1120/994
f 974/1111/986 984/1122/996 983/1121/995
f 975/1113/988 985/1124/998 984/1122/996
f 976/1123/997 986/1135/1008 985/1124/998
f 987/1125/999 986/1135/1008 976/1123/997
f 988/1126/1000 987/1137/999 977/1127/989
f 989/1128/1001 988/1126/1000 978/1115/990
f 980/1129/1002 989/1128/1001 979/1117/991
f 991/1130/1003 990/1141/1013 980/1129/1002
f 982/1120/994 992/1142/1014 991/1130/1003
f 993/1131/1004 992/1142/1014 982/1120/994
f 994/1132/1005 993/1131/1004 983/1121/995
f 995/1133/1006 994/1132/1005 984/1122/996
f 996/1134/1007 995/1133/1006 985/1124/998
f 987/1125/999 997/1176/1009 996/1134/1007
f 988/1126/1000 998/1138/1010 997/1136/1009
f 989/1128/1001 999/1139/1011 998/1138/1010
f 980/1129/1002 990/1141/1013 999/1139/1011
f 1012/1140/1012 1011/1153/1025 990/1141/1013
f 992/1142/1014 1013/1143/1015 1012/1140/1012
f 993/1131/1004 1014/1144/1016 1013/1143/1015
f 994/1132/1005 1015/1145/1017 1014/1144/1016
f 995/1133/1006 1016/1158/1030 1015/1145/1017
f 1021/1146/1018 1023/1161/1033 1022/1147/1019
f 1025/1149/1021 1023/1161/1033 1021/1146/1018
f 998/1138/1010 1018/1163/1035 1017/1151/1023
f 1010/1152/1024 1018/1163/1035 998/1138/1010
f 1011/1153/1025 1010/1152/1024 999/1139/1011
f 1029/1154/1026 1030/1164/1036 1010/1152/1024
f 1040/1155/1027 1029/1154/1026 1011/1153/1025
f 1013/1143/1015 1039/1156/1028 1040/1155/1027
f 1014/1144/1016 1038/1157/1029 1039/1156/1028
f 1015/1145/1017 1037/1159/1031 1038/1157/1029
f 1016/1158/1030 1036/1179/1049 1037/1159/1031
f 1034/1160/1032 1035/1178/1048 1022/1147/1019
f 1025/1149/1021 1033/1182/1052 1034/1160/1032
f 1031/1162/1034 1032/1187/1053 1017/1151/1023
f 1030/1164/1036 1031/1162/1034 1018/1163/1035
f 996/1134/1007 1021/1146/1018 1020/1148/1020
f 1020/1148/1020 1022/1147/1019 1016/1158/1030
f 1024/1150/1022 1021/1146/1018 996/1134/1007
f 1017/1177/1023 1025/1149/1021 1024/1150/1022
f 1016/1158/1030 1022/1147/1019 1035/1178/1048
f 1026/1180/1050 1027/7053/1054 1006/1166/1038
f 1006/1166/1038 1027/7053/1054 1028/1181/1051
f 1033/1182/1052 1025/1149/1021 1017/1177/1023
f 1029/1154/1026 1000/1197/1041 1009/1184/1042
f 1030/1164/1036 1009/1184/1042 1008/1185/1043
f 1031/1162/1034 1008/1185/1043 1007/1186/1044
f 1028/1188/1051 1033/1182/1052 1032/1183/1053
f 1033/1182/1052 1028/1188/1051 1027/1190/1054
f 1035/1178/1048 1034/1160/1032 1027/1190/1054
f 1036/1179/1049 1035/1178/1048 1026/1191/1050
f 1037/1159/1031 1036/1179/1049 1005/1192/1037
f 1038/1157/1029 1037/1159/1031 1004/1193/1045
f 1039/1156/1028 1038/1157/1029 1003/1194/1046
f 1039/1156/1028 1002/1195/1047 1001/1196/1040
f 1029/1154/1026 1040/1155/1027 1001/1196/1040
f 804/922/813 803/930/821 1042/1198/1055
f 1042/1198/1055 803/930/821 802/931/822
f 1043/1200/807 802/931/822 801/932/823
f 1044/1201/805 801/932/823 800/925/816
f 1045/1202/804 800/925/816 799/926/817
f 1046/1203/803 799/926/817 808/927/818
f 1048/1205/810 1047/1204/811 808/927/818
f 1049/1206/809 1048/1205/810 807/928/819
f 1050/1207/808 1049/1206/809 806/929/820
f 1041/1199/812 1050/1207/808 805/923/814
f 1051/786/689 695/801/703 694/803/705
f 1052/785/688 694/803/705 693/800/702
f 1054/783/686 1053/784/687 693/800/702
f 1055/782/685 1054/783/686 692/798/700
f 1056/781/684 1055/782/685 691/796/698
f 1057/791/693 1056/781/684 690/794/696
f 1057/791/693 689/793/695 698/808/710
f 1059/790/692 1058/1208/1056 698/808/710
f 1059/1209/692 697/806/708 696/804/706
f 1060/788/690 696/804/706 695/801/703
s 5
f 1061/1210/1057 1071/1227/1074 1072/1211/1058
f 1062/1212/1059 1072/1211/1058 1073/1213/1060
f 1063/1214/1061 1073/1213/1060 1074/1215/1062
f 1280/1217/1064 1069/1515/1328 1064/1216/1063
f 1075/1218/1065 1076/1221/1068 1066/1219/1066
f 1076/1221/1068 1077/1223/1070 1067/1222/1069
f 1077/1223/1070 1078/1225/1072 1068/1224/1071
f 1078/1225/1072 1306/1236/1083 1070/1226/1073
f 1071/1227/1074 1079/1237/1084 1080/1228/1075
f 1072/1211/1058 1080/1228/1075 1081/1229/1076
f 1073/1213/1060 1081/1229/1076 1082/1230/1077
f 1281/1231/1078 1280/1217/1064 1074/1215/1062
f 1083/1232/1079 1084/1233/1080 1076/1221/1068
f 1084/1233/1080 1085/1234/1081 1077/1223/1070
f 1085/1234/1081 1086/1235/1082 1078/1225/1072
f 1086/1235/1082 1307/1246/1093 1306/1236/1083
f 1079/1237/1084 1087/1247/1094 1088/1238/1085
f 1080/1228/1075 1088/1238/1085 1089/1239/1086
f 1081/1229/1076 1089/1239/1086 1090/1240/1087
f 1282/1241/1088 1281/1231/1078 1082/1230/1077
f 1091/1242/1089 1092/1243/1090 1084/1233/1080
f 1092/1243/1090 1093/1244/1091 1085/1234/1081
f 1093/1244/1091 1094/1245/1092 1086/1235/1082
f 1094/1245/1092 1308/1255/1102 1307/1246/1093
f 1087/1247/1094 1095/1256/1103 1096/1248/1095
f 1088/1238/1085 1096/1248/1095 1097/1249/1096
f 1089/1239/1086 1097/1249/1096 1098/1250/1097
f 1098/1250/1097 1283/1260/1107 1282/1241/1088
f 1099/1251/1098 1100/1252/1099 1092/1243/1090
f 1100/1252/1099 1101/1253/1100 1093/1244/1091
f 1101/1253/1100 1102/1254/1101 1094/1245/1092
f 1102/1254/1101 1309/1265/1112 1308/1255/1102
f 1095/1256/1103 1103/1267/1114 1104/1257/1104
f 1096/1248/1095 1104/1257/1104 1105/1258/1105
f 1097/1249/1096 1105/1258/1105 1106/1259/1106
f 1106/1259/1106 1284/7054/1329 1283/1260/1107
f 1107/1261/1108 1108/1262/1109 1100/1252/1099
f 1108/1262/1109 1109/1263/1110 1101/1253/1100
f 1109/1263/1110 1110/1264/1111 1102/1254/1101
f 1110/1264/1111 1310/1274/1121 1309/1265/1112
f 1111/1266/1113 1112/1276/1123 1104/1257/1104
f 1104/1257/1104 1112/1276/1123 1113/1268/1115
f 1105/1258/1105 1113/1268/1115 1114/1269/1116
f 1285/1270/1117 1284/7054/1329 1106/1259/1106
f 1115/1271/1118 1116/1272/1119 1108/1262/1109
f 1116/1272/1119 1117/1282/1129 1109/1263/1110
f 1109/1263/1110 1117/1282/1129 1118/1273/1120
f 1118/1273/1120 1311/1284/1131 1310/1274/1121
f 1119/1275/1122 1120/1277/1124 1112/1276/1123
f 1120/1277/1124 1121/1278/1125 1113/1268/1115
f 1121/1278/1125 1122/1279/1126 1114/1269/1116
f 1122/1279/1126 1286/7055/1330 1285/1270/1117
f 1115/1271/1118 1123/1290/1137 1124/1280/1127
f 1116/1272/1119 1124/1280/1127 1125/1281/1128
f 1117/1282/1129 1125/1281/1128 1126/1283/1130
f 1126/1283/1130 1312/1294/1141 1311/1284/1131
f 1119/1275/1122 1127/1295/1142 1128/1285/1132
f 1120/1277/1124 1128/1285/1132 1129/1286/1133
f 1121/1278/1125 1129/1286/1133 1130/1287/1134
f 1287/1288/1135 1286/7055/1330 1122/1279/1126
f 1131/1289/1136 1132/1291/1138 1124/1280/1127
f 1132/1291/1138 1133/1292/1139 1125/1281/1128
f 1133/1292/1139 1134/1293/1140 1126/1283/1130
f 1134/1293/1140 1313/1304/1151 1312/1294/1141
f 1127/1295/1142 1135/1305/1152 1136/1296/1143
f 1128/1285/1132 1136/1296/1143 1137/1297/1144
f 1129/1286/1133 1137/1297/1144 1138/1298/1145
f 1288/1299/1146 1287/1288/1135 1130/1287/1134
f 1139/1300/1147 1140/1301/1148 1132/1291/1138
f 1140/1301/1148 1141/1302/1149 1133/1292/1139
f 1141/1302/1149 1142/1303/1150 1134/1293/1140
f 1142/1303/1150 1314/1508/1335 1313/1304/1151
f 1135/1305/1152 1143/1314/1161 1144/1306/1153
f 1136/1296/1143 1144/1306/1153 1145/1307/1154
f 1145/1307/1154 1146/1308/1155 1138/1298/1145
f 1146/1308/1155 1289/1317/1164 1288/1299/1146
f 1139/1300/1147 1147/1319/1166 1148/1309/1156
f 1148/1309/1156 1149/1310/1157 1141/1302/1149
f 1149/1310/1157 1150/1312/1159 1142/1303/1150
f 1315/1311/1158 1314/1508/1335 1142/1303/1150
f 1151/1313/1160 1152/1324/1171 1144/1306/1153
f 1144/1306/1153 1152/1324/1171 1153/1315/1162
f 1145/1307/1154 1153/1315/1162 1154/1316/1163
f 1154/1316/1163 1290/1327/1174 1289/1317/1164
f 1155/1318/1165 1156/1320/1167 1148/1309/1156
f 1156/1320/1167 1157/1330/1177 1149/1310/1157
f 1149/1310/1157 1157/1330/1177 1158/1321/1168
f 1316/1322/1169 1315/1311/1158 1150/1312/1159
f 1151/1313/1160 1159/1333/1180 1160/1323/1170
f 1152/1324/1171 1160/1323/1170 1161/1325/1172
f 1153/1315/1162 1161/1325/1172 1162/1326/1173
f 1162/1326/1173 1291/7056/1331 1290/1327/1174
f 1163/1328/1175 1164/1329/1176 1156/1320/1167
f 1164/1329/1176 1165/1331/1178 1157/1330/1177
f 1165/1331/1178 1166/1332/1179 1158/1321/1168
f 1166/1332/1179 1317/1342/1189 1316/1322/1169
f 1159/1333/1180 1167/1343/1190 1168/1334/1181
f 1160/1323/1170 1168/1334/1181 1169/1335/1182
f 1161/1325/1172 1169/1335/1182 1170/1336/1183
f 1292/1337/1184 1291/7056/1331 1162/1326/1173
f 1171/1338/1185 1172/1339/1186 1164/1329/1176
f 1172/1339/1186 1173/1340/1187 1165/1331/1178
f 1173/1340/1187 1174/1341/1188 1166/1332/1179
f 1174/1341/1188 1318/1509/1336 1317/1342/1189
f 1167/1343/1190 1175/1353/1200 1176/1344/1191
f 1168/1334/1181 1176/1344/1191 1177/1345/1192
f 1169/1335/1182 1177/1345/1192 1178/1346/1193
f 1178/1346/1193 1293/1357/1204 1292/1337/1184
f 1179/1347/1194 1180/1348/1195 1172/1339/1186
f 1180/1348/1195 1181/1349/1196 1173/1340/1187
f 1181/1349/1196 1182/1351/1198 1174/1341/1188
f 1319/1350/1197 1318/1509/1336 1174/1341/1188
f 1183/1352/1199 1184/1354/1201 1176/1344/1191
f 1184/1354/1201 1185/1355/1202 1177/1345/1192
f 1185/1355/1202 1186/1356/1203 1178/1346/1193
f 1186/1356/1203 1294/1365/1212 1293/1357/1204
f 1179/1347/1194 1187/1367/1214 1188/1358/1205
f 1180/1348/1195 1188/1358/1205 1189/1359/1206
f 1181/1349/1196 1189/1359/1206 1190/1360/1207
f 1320/1361/1208 1319/1350/1197 1182/1351/1198
f 1191/1362/1209 1192/1363/1210 1184/1354/1201
f 1192/1363/1210 1193/1373/1220 1185/1355/1202
f 1185/1355/1202 1193/1373/1220 1194/1364/1211
f 1194/1364/1211 1295/1375/1222 1294/1365/1212
f 1195/1366/1213 1196/1377/1224 1188/1358/1205
f 1188/1358/1205 1196/1377/1224 1197/1368/1215
f 1189/1359/1206 1197/1368/1215 1198/1369/1216
f 1321/1370/1217 1320/1361/1208 1190/1360/1207
f 1199/1371/1218 1200/1382/1229 1192/1363/1210
f 1192/1363/1210 1200/1382/1229 1201/1372/1219
f 1193/1373/1220 1201/1372/1219 1202/1374/1221
f 1202/1374/1221 1296/1386/1233 1295/1375/1222
f 1203/1376/1223 1204/1378/1225 1196/1377/1224
f 1204/1378/1225 1205/1389/1236 1197/1368/1215
f 1197/1368/1215 1205/1389/1236 1206/1379/1226
f 1322/1380/1227 1321/1370/1217 1198/1369/1216
f 1207/1381/1228 1208/1383/1230 1200/1382/1229
f 1208/1383/1230 1209/1384/1231 1201/1372/1219
f 1209/1384/1231 1210/1385/1232 1202/1374/1221
f 1210/1385/1232 1297/1396/1243 1296/1386/1233
f 1203/1376/1223 1211/1397/1244 1212/1387/1234
f 1204/1378/1225 1212/1387/1234 1213/1388/1235
f 1205/1389/1236 1213/1388/1235 1214/1390/1237
f 1323/1391/1238 1322/1380/1227 1206/1379/1226
f 1215/1392/1239 1216/1393/1240 1208/1383/1230
f 1216/1393/1240 1217/1394/1241 1209/1384/1231
f 1217/1394/1241 1218/1395/1242 1210/1385/1232
f 1218/1395/1242 1298/1405/1252 1297/1396/1243
f 1211/1397/1244 1219/1407/1254 1220/1398/1245
f 1212/1387/1234 1220/1398/1245 1221/1399/1246
f 1213/1388/1235 1221/1399/1246 1222/1400/1247
f 1324/1401/1248 1323/1391/1238 1214/1390/1237
f 1215/1392/1239 1223/1412/1259 1224/1402/1249
f 1216/1393/1240 1224/1402/1249 1225/1403/1250
f 1225/1403/1250 1226/1404/1251 1218/1395/1242
f 1226/1404/1251 1299/7057/1332 1298/1405/1252
f 1227/1406/1253 1228/1408/1255 1220/1398/1245
f 1228/1408/1255 1229/1409/1256 1221/1399/1246
f 1229/1409/1256 1230/1411/1258 1222/1400/1247
f 1325/1410/1257 1324/1401/1248 1222/1400/1247
f 1223/1412/1259 1231/1422/1269 1232/1413/1260
f 1224/1402/1249 1232/1413/1260 1233/1414/1261
f 1225/1403/1250 1233/1414/1261 1234/1415/1262
f 1300/1416/1263 1299/7057/1332 1226/1404/1251
f 1235/1417/1264 1236/1418/1265 1228/1408/1255
f 1236/1418/1265 1237/1419/1266 1229/1409/1256
f 1237/1419/1266 1238/1421/1268 1230/1411/1258
f 1326/1420/1267 1325/1410/1257 1230/1411/1258
f 1231/1422/1269 1239/1432/1279 1240/1423/1270
f 1232/1413/1260 1240/1423/1270 1241/1424/1271
f 1233/1414/1261 1241/1424/1271 1242/1425/1272
f 1301/1426/1273 1300/1416/1263 1234/1415/1262
f 1243/1427/1274 1244/1428/1275 1236/1418/1265
f 1244/1428/1275 1245/1429/1276 1237/1419/1266
f 1245/1429/1276 1246/1431/1278 1238/1421/1268
f 1327/1430/1277 1326/1420/1267 1238/1421/1268
f 1239/1432/1279 1247/1442/1289 1248/1433/1280
f 1240/1423/1270 1248/1433/1280 1249/1434/1281
f 1241/1424/1271 1249/1434/1281 1250/1435/1282
f 1302/1436/1283 1301/1426/1273 1242/1425/1272
f 1251/1437/1284 1252/1438/1285 1244/1428/1275
f 1252/1438/1285 1253/1439/1286 1245/1429/1276
f 1253/1439/1286 1254/1441/1288 1246/1431/1278
f 1328/1440/1287 1327/1430/1277 1246/1431/1278
f 1247/1442/1289 1255/1452/1299 1256/1443/1290
f 1256/1443/1290 1257/1444/1291 1249/1434/1281
f 1257/1444/1291 1258/1446/1293 1250/1435/1282
f 1303/1445/1292 1302/1436/1283 1250/1435/1282
f 1251/1437/1284 1259/1456/1303 1260/1447/1294
f 1252/1438/1285 1260/1447/1294 1261/1448/1295
f 1261/1448/1295 1262/1450/1297 1254/1441/1288
f 1329/1449/1296 1328/1440/1287 1254/1441/1288
f 1598/1451/1298 1599/1453/1300 1256/1443/1290
f 1599/1453/1300 1600/1454/1301 1257/1444/1291
f 1600/1454/1301 1601/1455/1302 1258/1446/1293
f 1601/1455/1302 1602/1816/1334 1303/1445/1292
f 1259/1456/1303 1593/1506/1333 1594/1457/1304
f 1260/1447/1294 1594/1457/1304 1595/1458/1305
f 1261/1448/1295 1595/1458/1305 1596/1459/1306
f 1597/1460/1307 1329/1449/1296 1262/1450/1297
f 1268/1468/1315 1273/1462/1309 1271/1461/1308
f 1274/1470/1317 1275/1473/1320 1265/1471/1318
f 1275/1473/1320 1276/1475/1322 1266/1474/1321
f 1276/1475/1322 1305/1465/1312 1304/1476/1323
f 1267/1477/1324 1277/1464/1311 1273/1462/1309
f 1271/1461/1308 1278/1466/1313 1270/1478/1325
f 1278/1466/1313 1331/1467/1314 1330/1479/1326
f 1263/1480/1327 1279/1510/1337 1274/1470/1317
f 1280/1481/1064 1075/1218/1065 1065/1220/1067
f 1281/1483/1078 1083/1232/1079 1075/1218/1065
f 1282/1484/1088 1091/1242/1089 1083/1232/1079
f 1099/1251/1098 1091/1242/1089 1282/1484/1088
f 1107/1261/1108 1099/1251/1098 1283/1485/1107
f 1285/1487/1117 1115/1271/1118 1107/1261/1108
f 1123/1290/1137 1115/1271/1118 1285/1487/1117
f 1287/1489/1135 1131/1289/1136 1123/1290/1137
f 1288/1490/1146 1139/1300/1147 1131/1289/1136
f 1147/1319/1166 1139/1300/1147 1288/1490/1146
f 1155/1318/1165 1147/1319/1166 1289/1491/1164
f 1163/1328/1175 1155/1318/1165 1290/1492/1174
f 1292/1494/1184 1171/1338/1185 1163/1328/1175
f 1179/1347/1194 1171/1338/1185 1292/1494/1184
f 1187/1367/1214 1179/1347/1194 1293/1495/1204
f 1195/1366/1213 1187/1367/1214 1294/1496/1212
f 1296/1498/1233 1203/1376/1223 1195/1366/1213
f 1211/1397/1244 1203/1376/1223 1296/1498/1233
f 1219/1407/1254 1211/1397/1244 1297/1499/1243
f 1299/1501/1332 1227/1406/1253 1219/1407/1254
f 1300/1502/1263 1235/1417/1264 1227/1406/1253
f 1301/1503/1273 1243/1427/1274 1235/1417/1264
f 1302/1504/1283 1251/1437/1284 1243/1427/1274
f 1303/1505/1292 1259/1456/1303 1251/1437/1284
f 1593/1506/1333 1259/1456/1303 1303/1505/1292
f 1277/1464/1311 1267/1477/1324 1304/1476/1323
f 1071/1227/1074 1061/1210/1057 1070/1226/1073
f 1079/1237/1084 1071/1227/1074 1306/1236/1083
f 1087/1247/1094 1079/1237/1084 1307/1246/1093
f 1095/1256/1103 1087/1247/1094 1308/1255/1102
f 1103/1267/1114 1095/1256/1103 1309/1265/1112
f 1111/1266/1113 1103/1267/1114 1310/1274/1121
f 1119/1275/1122 1111/1266/1113 1311/1284/1131
f 1127/1295/1142 1119/1275/1122 1312/1294/1141
f 1135/1305/1152 1127/1295/1142 1313/1304/1151
f 1315/1311/1158 1143/1314/1161 1135/1305/1152
f 1316/1322/1169 1151/1313/1160 1143/1314/1161
f 1159/1333/1180 1151/1313/1160 1316/1322/1169
f 1167/1343/1190 1159/1333/1180 1317/1342/1189
f 1319/1350/1197 1175/1353/1200 1167/1343/1190
f 1320/1361/1208 1183/1352/1199 1175/1353/1200
f 1321/1370/1217 1191/1362/1209 1183/1352/1199
f 1322/1380/1227 1199/1371/1218 1191/1362/1209
f 1323/1391/1238 1207/1381/1228 1199/1371/1218
f 1324/1401/1248 1215/1392/1239 1207/1381/1228
f 1325/1410/1257 1223/1412/1259 1215/1392/1239
f 1326/1420/1267 1231/1422/1269 1223/1412/1259
f 1327/1430/1277 1239/1432/1279 1231/1422/1269
f 1328/1440/1287 1247/1442/1289 1239/1432/1279
f 1329/1449/1296 1255/1452/1299 1247/1442/1289
f 1597/1460/1307 1598/1451/1298 1255/1452/1299
f 1279/1510/1337 1263/1480/1327 1330/1479/1326
f 1062/1212/1059 1333/1512/1339 1332/1511/1338
f 1063/1214/1061 1334/1513/1340 1333/1512/1339
f 1064/1216/1063 1335/1514/1341 1334/1513/1340
f 1335/1514/1341 1064/1216/1063 1069/1515/1328
f 1065/1220/1067 1066/1219/1066 1337/1517/1343
f 1066/1219/1066 1067/1222/1069 1338/1519/1345
f 1067/1222/1069 1068/1224/1071 1339/1520/1346
f 1068/1224/1071 1070/1226/1073 1567/1521/1347
f 1332/1511/1338 1333/1512/1339 1341/1522/1348
f 1333/1512/1339 1334/1513/1340 1342/1524/1350
f 1334/1513/1340 1335/1514/1341 1343/1525/1351
f 1335/1514/1341 1541/1516/1342 1542/1526/1352
f 1337/1517/1343 1345/1528/1354 1344/1527/1353
f 1338/1519/1345 1346/1529/1355 1345/1528/1354
f 1339/1520/1346 1347/1530/1356 1346/1529/1355
f 1347/1530/1356 1339/1520/1346 1567/1521/1347
f 1340/1523/1349 1341/1522/1348 1349/1532/1358
f 1341/1522/1348 1342/1524/1350 1350/1534/1360
f 1342/1524/1350 1343/1525/1351 1351/1535/1361
f 1351/1535/1361 1343/1525/1351 1542/1526/1352
f 1345/1528/1354 1353/1538/1364 1352/1537/1363
f 1346/1529/1355 1354/1539/1365 1353/1538/1364
f 1347/1530/1356 1355/1540/1366 1354/1539/1365
f 1355/1540/1366 1347/1530/1356 1568/1531/1357
f 1348/1533/1359 1349/1532/1358 1357/1542/1368
f 1349/1532/1358 1350/1534/1360 1358/1544/1370
f 1350/1534/1360 1351/1535/1361 1359/1545/1371
f 1359/1545/1371 1351/1535/1361 1543/1536/1362
f 1353/1538/1364 1361/1548/1374 1360/1547/1373
f 1354/1539/1365 1362/1549/1375 1361/1548/1374
f 1355/1540/1366 1363/1550/1376 1362/1549/1375
f 1363/1550/1376 1355/1540/1366 1569/1541/1367
f 1356/1543/1369 1357/1542/1368 1365/1552/1378
f 1357/1542/1368 1358/1544/1370 1366/1554/1380
f 1358/1544/1370 1359/1545/1371 1367/1555/1381
f 1359/1545/1371 1544/1546/1372 1545/1556/1382
f 1361/1548/1374 1369/1558/1384 1368/1557/1383
f 1362/1549/1375 1370/1559/1385 1369/1558/1384
f 1363/1550/1376 1371/1560/1386 1370/1559/1385
f 1371/1560/1386 1363/1550/1376 1570/1551/1377
f 1364/1553/1379 1365/1552/1378 1373/1562/1388
f 1365/1552/1378 1366/1554/1380 1374/1564/1390
f 1366/1554/1380 1367/1555/1381 1375/1565/1391
f 1367/1555/1381 1545/1556/1382 1546/1566/1392
f 1369/1558/1384 1377/1568/1394 1376/1567/1393
f 1370/1559/1385 1378/1569/1395 1377/1568/1394
f 1371/1560/1386 1379/1570/1396 1378/1569/1395
f 1379/1570/1396 1371/1560/1386 1571/1561/1387
f 1373/1562/1388 1381/1573/1399 1380/1572/1398
f 1374/1564/1390 1382/1574/1400 1381/1573/1399
f 1375/1565/1391 1383/1576/1402 1382/1574/1400
f 1375/1565/1391 1546/1566/1392 1547/1575/1401
f 1376/1567/1393 1377/1568/1394 1385/1577/1403
f 1377/1568/1394 1378/1569/1395 1386/1579/1405
f 1378/1569/1395 1379/1570/1396 1387/1580/1406
f 1387/1580/1406 1379/1570/1396 1572/1571/1397
f 1380/1572/1398 1381/1573/1399 1389/1582/1408
f 1381/1573/1399 1382/1574/1400 1390/1584/1410
f 1382/1574/1400 1383/1576/1402 1391/1585/1411
f 1383/1576/1402 1547/1575/1401 1548/1586/1412
f 1385/1577/1403 1393/1588/1414 1392/1587/1413
f 1386/1579/1405 1394/1589/1415 1393/1588/1414
f 1387/1580/1406 1395/1590/1416 1394/1589/1415
f 1395/1590/1416 1387/1580/1406 1573/1581/1407
f 1388/1583/1409 1389/1582/1408 1397/1592/1418
f 1389/1582/1408 1390/1584/1410 1398/1594/1420
f 1390/1584/1410 1391/1585/1411 1399/1595/1421
f 1391/1585/1411 1548/1586/1412 1549/1596/1422
f 1393/1588/1414 1401/1598/1424 1400/1597/1423
f 1394/1589/1415 1402/1599/1425 1401/1598/1424
f 1395/1590/1416 1403/1600/1426 1402/1599/1425
f 1403/1600/1426 1395/1590/1416 1574/1591/1417
f 1396/1593/1419 1397/1592/1418 1405/1602/1428
f 1397/1592/1418 1398/1594/1420 1406/1604/1430
f 1399/1595/1421 1407/1605/1431 1406/1604/1430
f 1407/1605/1431 1399/1595/1421 1549/1596/1422
f 1400/1597/1423 1401/1598/1424 1409/1607/1433
f 1402/1599/1425 1410/1609/1435 1409/1607/1433
f 1403/1600/1426 1411/1611/1437 1410/1609/1435
f 1403/1600/1426 1575/1601/1427 1576/1610/1436
f 1405/1602/1428 1413/1613/1439 1412/1612/1438
f 1406/1604/1430 1414/1615/1441 1413/1613/1439
f 1406/1604/1430 1407/1605/1431 1415/1614/1440
f 1415/1614/1440 1407/1605/1431 1550/1606/1432
f 1409/1607/1433 1417/1619/1445 1416/1617/1443
f 1409/1607/1433 1410/1609/1435 1418/1618/1444
f 1410/1609/1435 1411/1611/1437 1419/1620/1446
f 1411/1611/1437 1576/1610/1436 1577/1621/1447
f 1412/1612/1438 1413/1613/1439 1421/1622/1448
f 1413/1613/1439 1414/1615/1441 1422/1624/1450
f 1414/1615/1441 1415/1614/1440 1423/1625/1451
f 1423/1625/1451 1415/1614/1440 1551/1616/1442
f 1417/1619/1445 1425/1628/1454 1424/1627/1453
f 1418/1618/1444 1426/1629/1455 1425/1628/1454
f 1419/1620/1446 1427/1631/1457 1426/1629/1455
f 1419/1620/1446 1577/1621/1447 1578/1630/1456
f 1420/1623/1449 1421/1622/1448 1429/1632/1458
f 1421/1622/1448 1422/1624/1450 1430/1634/1460
f 1422/1624/1450 1423/1625/1451 1431/1635/1461
f 1431/1635/1461 1423/1625/1451 1552/1626/1452
f 1425/1628/1454 1433/1638/1464 1432/1637/1463
f 1426/1629/1455 1434/1639/1465 1433/1638/1464
f 1427/1631/1457 1435/1640/1466 1434/1639/1465
f 1435/1640/1466 1427/1631/1457 1578/1630/1456
f 1428/1633/1459 1429/1632/1458 1437/1642/1468
f 1429/1632/1458 1430/1634/1460 1438/1644/1470
f 1430/1634/1460 1431/1635/1461 1439/1645/1471
f 1439/1645/1471 1431/1635/1461 1553/1636/1462
f 1433/1638/1464 1441/1648/1474 1440/1647/1473
f 1434/1639/1465 1442/1649/1475 1441/1648/1474
f 1435/1640/1466 1443/1651/1477 1442/1649/1475
f 1435/1640/1466 1579/1641/1467 1580/1650/1476
f 1437/1642/1468 1445/1653/1479 1444/1652/1478
f 1438/1644/1470 1446/1654/1480 1445/1653/1479
f 1439/1645/1471 1447/1655/1481 1446/1654/1480
f 1447/1655/1481 1439/1645/1471 1554/1646/1472
f 1440/1647/1473 1441/1648/1474 1449/1657/1483
f 1441/1648/1474 1442/1649/1475 1450/1659/1485
f 1442/1649/1475 1443/1651/1477 1451/1660/1486
f 1443/1651/1477 1580/1650/1476 1581/1661/1487
f 1445/1653/1479 1453/1663/1489 1452/1662/1488
f 1446/1654/1480 1454/1664/1490 1453/1663/1489
f 1447/1655/1481 1455/1665/1491 1454/1664/1490
f 1455/1665/1491 1447/1655/1481 1555/1656/1482
f 1448/1658/1484 1449/1657/1483 1457/1667/1493
f 1449/1657/1483 1450/1659/1485 1458/1669/1495
f 1450/1659/1485 1451/1660/1486 1459/1670/1496
f 1451/1660/1486 1581/1661/1487 1582/1671/1497
f 1452/1662/1488 1453/1663/1489 1461/1672/1498
f 1453/1663/1489 1454/1664/1490 1462/1674/1500
f 1454/1664/1490 1455/1665/1491 1463/1675/1501
f 1455/1665/1491 1556/1666/1492 1557/1676/1502
f 1457/1667/1493 1465/1678/1504 1464/1677/1503
f 1458/1669/1495 1466/1679/1505 1465/1678/1504
f 1459/1670/1496 1467/1681/1507 1466/1679/1505
f 1459/1670/1496 1582/1671/1497 1583/1680/1506
f 1461/1672/1498 1469/1684/1510 1468/1682/1508
f 1461/1672/1498 1462/1674/1500 1470/1683/1509
f 1462/1674/1500 1463/1675/1501 1471/1685/1511
f 1471/1685/1511 1463/1675/1501 1557/1676/1502
f 1465/1678/1504 1473/1688/1514 1472/1687/1513
f 1466/1679/1505 1474/1690/1516 1473/1688/1514
f 1466/1679/1505 1467/1681/1507 1475/1689/1515
f 1467/1681/1507 1583/1680/1506 1584/1691/1517
f 1468/1682/1508 1469/1684/1510 1477/1692/1518
f 1469/1684/1510 1470/1683/1509 1478/1694/1520
f 1471/1685/1511 1479/1695/1521 1478/1694/1520
f 1479/1695/1521 1471/1685/1511 1558/1686/1512
f 1473/1688/1514 1481/1698/1524 1480/1697/1523
f 1474/1690/1516 1482/1699/1525 1481/1698/1524
f 1475/1689/1515 1483/1701/1527 1482/1699/1525
f 1475/1689/1515 1584/1691/1517 1585/1700/1526
f 1476/1693/1519 1477/1692/1518 1485/1702/1528
f 1478/1694/1520 1486/1704/1530 1485/1702/1528
f 1479/1695/1521 1487/1705/1531 1486/1704/1530
f 1487/1705/1531 1479/1695/1521 1559/1696/1522
f 1480/1697/1523 1481/1698/1524 1489/1707/1533
f 1482/1699/1525 1490/1709/1535 1489/1707/1533
f 1483/1701/1527 1491/1711/1537 1490/1709/1535
f 1483/1701/1527 1585/1700/1526 1586/1710/1536
f 1484/1703/1529 1485/1702/1528 1493/1712/1538
f 1485/1702/1528 1486/1704/1530 1494/1714/1540
f 1486/1704/1530 1487/1705/1531 1495/1715/1541
f 1487/1705/1531 1560/1706/1532 1561/1716/1542
f 1489/1707/1533 1497/1718/1544 1496/1717/1543
f 1490/1709/1535 1498/1719/1545 1497/1718/1544
f 1491/1711/1537 1499/1721/1547 1498/1719/1545
f 1491/1711/1537 1586/1710/1536 1587/1720/1546
f 1492/1713/1539 1493/1712/1538 1501/1722/1548
f 1493/1712/1538 1494/1714/1540 1502/1724/1550
f 1494/1714/1540 1495/1715/1541 1503/1725/1551
f 1495/1715/1541 1561/1716/1542 1562/1726/1552
f 1497/1718/1544 1505/1728/1554 1504/1727/1553
f 1498/1719/1545 1506/1729/1555 1505/1728/1554
f 1499/1721/1547 1507/1731/1557 1506/1729/1555
f 1499/1721/1547 1587/1720/1546 1588/1730/1556
f 1500/1723/1549 1501/1722/1548 1509/1732/1558
f 1501/1722/1548 1502/1724/1550 1510/1734/1560
f 1502/1724/1550 1503/1725/1551 1511/1735/1561
f 1503/1725/1551 1562/1726/1552 1563/1736/1562
f 1505/1728/1554 1513/1738/1564 1512/1737/1563
f 1506/1729/1555 1514/1739/1565 1513/1738/1564
f 1507/1731/1557 1515/1741/1567 1514/1739/1565
f 1507/1731/1557 1588/1730/1556 1589/1740/1566
f 1509/1732/1558 1517/1743/1569 1516/1742/1568
f 1510/1734/1560 1518/1744/1570 1517/1743/1569
f 1511/1735/1561 1519/1745/1571 1518/1744/1570
f 1519/1745/1571 1511/1735/1561 1563/1736/1562
f 1512/1737/1563 1513/1738/1564 1521/1747/1573
f 1513/1738/1564 1514/1739/1565 1522/1749/1575
f 1514/1739/1565 1515/1741/1567 1523/1750/1576
f 1515/1741/1567 1589/1740/1566 1590/1751/1577
f 1517/1743/1569 1607/1753/1579 1608/1752/1578
f 1518/1744/1570 1606/1754/1580 1607/1753/1579
f 1519/1745/1571 1605/1755/1581 1606/1754/1580
f 1605/1755/1581 1519/1745/1571 1564/1746/1572
f 1520/1748/1574 1521/1747/1573 1612/1757/1583
f 1521/1747/1573 1522/1749/1575 1611/1759/1585
f 1522/1749/1575 1523/1750/1576 1610/1760/1586
f 1523/1750/1576 1590/1751/1577 1609/1761/1587
f 1529/1769/1595 1530/1779/1605 1532/1762/1588
f 1526/1770/1596 1536/1774/1600 1535/1771/1597
f 1527/1773/1599 1537/1775/1601 1536/1774/1600
f 1537/1775/1601 1527/1773/1599 1565/1776/1602
f 1528/1777/1603 1529/1769/1595 1534/1764/1590
f 1531/1778/1604 1539/1767/1593 1532/1762/1588
f 1539/1767/1593 1531/1778/1604 1591/1780/1606
f 1524/1781/1607 1525/1772/1598 1535/1771/1597
f 1069/1482/1328 1065/1220/1067 1336/1518/1344
f 1542/1784/1352 1541/1783/1342 1336/1518/1344
f 1542/1784/1352 1344/1527/1353 1352/1537/1363
f 1543/1785/1362 1352/1537/1363 1360/1547/1373
f 1545/1787/1382 1544/1786/1372 1360/1547/1373
f 1546/1788/1392 1545/1787/1382 1368/1557/1383
f 1547/1789/1401 1546/1788/1392 1376/1567/1393
f 1548/1790/1412 1547/1789/1401 1384/1578/1404
f 1549/1791/1422 1548/1790/1412 1392/1587/1413
f 1549/1791/1422 1400/1597/1423 1408/1608/1434
f 1550/1792/1432 1408/1608/1434 1416/1617/1443
f 1551/1793/1442 1416/1617/1443 1424/1627/1453
f 1552/1794/1452 1424/1627/1453 1432/1637/1463
f 1553/1795/1462 1432/1637/1463 1440/1647/1473
f 1554/1796/1472 1440/1647/1473 1448/1658/1484
f 1555/1797/1482 1448/1658/1484 1456/1668/1494
f 1557/1799/1502 1556/1798/1492 1456/1668/1494
f 1557/1799/1502 1464/1677/1503 1472/1687/1513
f 1558/1800/1512 1472/1687/1513 1480/1697/1523
f 1559/1801/1522 1480/1697/1523 1488/1708/1534
f 1561/1803/1542 1560/1802/1532 1488/1708/1534
f 1562/1804/1552 1561/1803/1542 1496/1717/1543
f 1563/1805/1562 1562/1804/1552 1504/1727/1553
f 1563/1805/1562 1512/1737/1563 1520/1748/1574
f 1564/1806/1572 1520/1748/1574 1603/1758/1584
f 1565/1776/1602 1528/1777/1603 1538/1766/1592
f 1567/1521/1347 1070/1226/1073 1061/1210/1057
f 1567/1521/1347 1332/1511/1338 1340/1523/1349
f 1568/1531/1357 1340/1523/1349 1348/1533/1359
f 1569/1541/1367 1348/1533/1359 1356/1543/1369
f 1570/1551/1377 1356/1543/1369 1364/1553/1379
f 1571/1561/1387 1364/1553/1379 1372/1563/1389
f 1572/1571/1397 1372/1563/1389 1380/1572/1398
f 1573/1581/1407 1380/1572/1398 1388/1583/1409
f 1574/1591/1417 1388/1583/1409 1396/1593/1419
f 1576/1610/1436 1575/1601/1427 1396/1593/1419
f 1577/1621/1447 1576/1610/1436 1404/1603/1429
f 1578/1630/1456 1577/1621/1447 1412/1612/1438
f 1578/1630/1456 1420/1623/1449 1428/1633/1459
f 1580/1650/1476 1579/1641/1467 1428/1633/1459
f 1581/1661/1487 1580/1650/1476 1436/1643/1469
f 1582/1671/1497 1581/1661/1487 1444/1652/1478
f 1583/1680/1506 1582/1671/1497 1452/1662/1488
f 1584/1691/1517 1583/1680/1506 1460/1673/1499
f 1585/1700/1526 1584/1691/1517 1468/1682/1508
f 1586/1710/1536 1585/1700/1526 1476/1693/1519
f 1587/1720/1546 1586/1710/1536 1484/1703/1529
f 1588/1730/1556 1587/1720/1546 1492/1713/1539
f 1589/1740/1566 1588/1730/1556 1500/1723/1549
f 1590/1751/1577 1589/1740/1566 1508/1733/1559
f 1609/1761/1587 1590/1751/1577 1516/1742/1568
f 1591/1780/1606 1524/1781/1607 1540/1782/1608
f 1593/1506/1333 1267/1817/1324 1268/1808/1315
f 1594/1457/1304 1268/1808/1315 1269/1809/1316
f 1595/1458/1305 1269/1809/1316 1270/1810/1325
f 1330/1811/1326 1597/1460/1307 1596/1459/1306
f 1330/1811/1326 1263/1812/1327 1598/1451/1298
f 1599/1453/1300 1598/1451/1298 1263/1812/1327
f 1600/1454/1301 1599/1453/1300 1264/1813/1319
f 1601/1455/1302 1600/1454/1301 1265/1814/1318
f 1266/1815/1321 1304/7058/1323 1602/1816/1334
f 1267/1817/1324 1593/1506/1333 1602/1507/1334
f 1604/1807/1582 1603/1758/1584 1528/1819/1603
f 1527/1821/1599 1605/1755/1581 1604/1756/1582
f 1605/1755/1581 1527/1821/1599 1526/1823/1596
f 1606/1754/1580 1526/1823/1596 1525/1824/1598
f 1607/1753/1579 1525/1824/1598 1524/1825/1607
f 1591/1826/1606 1609/1761/1587 1608/1752/1578
f 1610/1760/1586 1609/1761/1587 1591/1826/1606
f 1611/1759/1585 1610/1760/1586 1531/1827/1604
f 1612/1757/1583 1611/1759/1585 1530/1828/1605
f 1603/1758/1584 1612/1757/1583 1529/1829/1595
s 6
f 1623/1830/1609 1624/1833/1612 1614/1831/1610
f 1624/1833/1612 1625/1835/1614 1615/1834/1613
f 1625/1835/1614 1626/1837/1616 1616/1836/1615
f 1626/1837/1616 1627/1854/1632 1621/1838/1617
f 1617/1839/1618 1628/1849/1627 1629/1840/1619
f 1618/1841/1620 1629/1840/1619 1630/1842/1621
f 1619/1843/1622 1630/1842/1621 1631/1844/1623
f 1620/1846/1624 1631/1858/1623 1632/1847/1625
f 1621/1838/1617 1627/1854/1632 1628/1849/1627
f 1632/1847/1625 1623/1830/1609 1613/1832/1611
f 1665/1850/1628 1666/1890/1664 1624/1833/1612
f 1624/1833/1612 1666/1890/1664 1667/1851/1629
f 1625/1835/1614 1667/1851/1629 1668/1852/1630
f 1626/1837/1616 1668/1852/1630 1669/1853/1631
f 1670/1855/1633 1671/1856/1634 1629/1840/1619
f 1671/1856/1634 1672/1891/1665 1630/1842/1621
f 1630/1842/1621 1672/1891/1665 1663/1857/1635
f 1631/1858/1623 1663/1889/1635 1664/1859/1636
f 1669/1853/1631 1670/1855/1633 1628/1849/1627
f 1664/1859/1636 1665/1850/1628 1623/1830/1609
f 1633/1860/1637 1643/1904/1677 1644/1861/1638
f 1634/1862/1639 1644/1861/1638 1645/1863/1640
f 1635/1864/1641 1645/1863/1640 1646/1865/1642
f 1636/1866/1643 1646/1865/1642 1647/1867/1644
f 1648/1869/1646 1649/1872/1649 1639/1870/1647
f 1649/1872/1649 1650/1874/1651 1640/1873/1650
f 1650/1874/1651 1651/1901/1675 1641/1875/1652
f 1641/1876/1652 1651/1902/1675 1652/1877/1653
f 1647/1867/1644 1648/1869/1646 1638/1871/1648
f 1652/1877/1653 1643/1904/1677 1633/1860/1637
f 1617/1839/1618 1653/1888/1663 1654/1879/1655
f 1654/1879/1655 1655/1880/1656 1616/1836/1615
f 1615/1834/1613 1616/1836/1615 1655/1880/1656
f 1657/1882/1658 1614/1831/1610 1615/1834/1613
f 1613/1832/1611 1614/1831/1610 1657/1882/1658
f 1658/1883/1659 1659/2040/1804 1622/1848/1626
f 1622/1848/1626 1659/2040/1804 1660/1884/1660
f 1661/1885/1661 1619/1843/1622 1620/1845/1624
f 1618/1841/1620 1619/1843/1622 1661/1885/1661
f 1653/1888/1663 1617/1839/1618 1618/1841/1620
f 1641/1876/1652 1642/1878/1654 1664/1859/1636
f 1664/1859/1636 1642/1878/1654 1633/1860/1637
f 1665/1850/1628 1633/1860/1637 1634/1862/1639
f 1666/1890/1664 1634/1862/1639 1635/1864/1641
f 1667/1851/1629 1635/1864/1641 1636/1866/1643
f 1668/1852/1630 1636/1866/1643 1637/1868/1645
f 1670/1855/1633 1669/1853/1631 1637/1868/1645
f 1671/1856/1634 1670/1855/1633 1638/1871/1648
f 1672/1891/1665 1671/1856/1634 1639/1870/1647
f 1663/1857/1635 1672/1891/1665 1640/1873/1650
f 1644/1861/1638 1643/1904/1677 1673/1892/1666
f 1644/1861/1638 1674/1893/1667 1675/1894/1668
f 1645/1863/1640 1675/1894/1668 1676/1895/1669
f 1646/1865/1642 1676/1895/1669 1677/1896/1670
f 1649/1872/1649 1648/1869/1646 1678/1897/1671
f 1650/1874/1651 1649/1872/1649 1679/1898/1672
f 1650/1874/1651 1680/1899/1673 1681/1900/1674
f 1651/1902/1675 1681/1913/1674 1682/1903/1676
f 1648/1869/1646 1647/1867/1644 1677/1896/1670
f 1643/1904/1677 1652/1877/1653 1682/1903/1676
f 1673/1892/1666 1683/1915/1687 1684/1905/1678
f 1674/1893/1667 1684/1905/1678 1685/1906/1679
f 1675/1894/1668 1685/1906/1679 1686/1907/1680
f 1677/1896/1670 1676/1895/1669 1686/1907/1680
f 1679/1898/1672 1678/1897/1671 1688/1909/1682
f 1680/1899/1673 1679/1898/1672 1689/1910/1683
f 1681/1900/1674 1680/1899/1673 1690/1911/1684
f 1681/1913/1674 1691/7059/1685 1692/1914/1686
f 1677/1896/1670 1687/1908/1681 1688/1909/1682
f 1673/1892/1666 1682/1903/1676 1692/1914/1686
f 1683/1915/1687 1693/1926/1697 1694/1916/1688
f 1685/1906/1679 1684/1905/1678 1694/1916/1688
f 1686/1907/1680 1685/1906/1679 1695/1917/1689
f 1687/1908/1681 1686/1907/1680 1696/1918/1690
f 1688/1909/1682 1698/1925/1696 1699/1920/1692
f 1689/1910/1683 1699/1920/1692 1700/1921/1693
f 1691/1912/1685 1690/1911/1684 1700/1921/1693
f 1692/1914/1686 1691/7059/1685 1701/1923/1694
f 1687/1908/1681 1697/1919/1691 1698/1925/1696
f 1692/1914/1686 1702/1924/1695 1693/1926/1697
f 1693/1926/1697 1703/1937/1707 1704/1927/1698
f 1694/1916/1688 1704/1927/1698 1705/1928/1699
f 1695/1917/1689 1705/1928/1699 1706/1929/1700
f 1696/1918/1690 1706/1929/1700 1707/1930/1701
f 1699/1920/1692 1698/1925/1696 1708/1931/1702
f 1700/1921/1693 1699/1920/1692 1709/1932/1703
f 1701/1922/1694 1700/1921/1693 1710/1933/1704
f 1702/1924/1695 1701/1923/1694 1711/1935/1705
f 1698/1925/1696 1697/1919/1691 1707/1930/1701
f 1702/1924/1695 1712/1936/1706 1703/1937/1707
f 1703/1937/1707 1713/1947/1717 1714/1938/1708
f 1704/1927/1698 1714/1938/1708 1715/1939/1709
f 1705/1928/1699 1715/1939/1709 1716/1940/1710
f 1707/1930/1701 1706/1929/1700 1716/1940/1710
f 1709/1932/1703 1708/1931/1702 1718/1942/1712
f 1710/1933/1704 1709/1932/1703 1719/1943/1713
f 1711/1934/1705 1710/1933/1704 1720/1944/1714
f 1711/1935/1705 1721/1956/1715 1722/1946/1716
f 1707/1930/1701 1717/1941/1711 1718/1942/1712
f 1703/1937/1707 1712/1936/1706 1722/1946/1716
f 1714/1938/1708 1713/1947/1717 1723/1948/1718
f 1715/1939/1709 1714/1938/1708 1724/1949/1719
f 1716/1940/1710 1715/1939/1709 1725/1950/1720
f 1717/1941/1711 1716/1940/1710 1726/1951/1721
f 1718/1942/1712 1728/1958/1727 1729/1953/1723
f 1719/1943/1713 1729/1953/1723 1730/1954/1724
f 1720/1944/1714 1730/1954/1724 1731/1955/1725
f 1721/1956/1715 1731/1967/1725 1732/1957/1726
f 1717/1941/1711 1727/1952/1722 1728/1958/1727
f 1713/1947/1717 1722/1946/1716 1732/1957/1726
f 1724/1949/1719 1723/1948/1718 1733/1959/1728
f 1725/1950/1720 1724/1949/1719 1734/1960/1729
f 1726/1951/1721 1725/1950/1720 1735/1961/1730
f 1727/1952/1722 1726/1951/1721 1736/1962/1731
f 1728/1958/1727 1738/1969/1737 1739/1964/1733
f 1729/1953/1723 1739/1964/1733 1740/1965/1734
f 1730/1954/1724 1740/1965/1734 1741/1966/1735
f 1731/1967/1725 1741/7060/1735 1742/1968/1736
f 1727/1952/1722 1737/1963/1732 1738/1969/1737
f 1723/1948/1718 1732/1957/1726 1742/1968/1736
f 1733/1959/1728 1743/1980/1747 1744/1970/1738
f 1734/1960/1729 1744/1970/1738 1745/1971/1739
f 1735/1961/1730 1745/1971/1739 1746/1972/1740
f 1737/1963/1732 1736/1962/1731 1746/1972/1740
f 1739/1964/1733 1738/1969/1737 1748/1974/1742
f 1740/1965/1734 1739/1964/1733 1749/1975/1743
f 1741/1966/1735 1740/1965/1734 1750/1976/1744
f 1742/1968/1736 1741/7060/1735 1751/1978/1745
f 1737/1963/1732 1747/1973/1741 1748/1974/1742
f 1742/1968/1736 1752/1979/1746 1743/1980/1747
f 1743/1980/1747 1753/1991/1757 1754/1981/1748
f 1744/1970/1738 1754/1981/1748 1755/1982/1749
f 1745/1971/1739 1755/1982/1749 1756/1983/1750
f 1747/1973/1741 1746/1972/1740 1756/1983/1750
f 1749/1975/1743 1748/1974/1742 1758/1985/1752
f 1750/1976/1744 1749/1975/1743 1759/1986/1753
f 1751/1977/1745 1750/1976/1744 1760/1987/1754
f 1752/1979/1746 1751/1978/1745 1761/1989/1755
f 1747/1973/1741 1757/1984/1751 1758/1985/1752
f 1752/1979/1746 1762/1990/1756 1753/1991/1757
f 1753/1991/1757 1763/2002/1767 1764/1992/1758
f 1754/1981/1748 1764/1992/1758 1765/1993/1759
f 1755/1982/1749 1765/1993/1759 1766/1994/1760
f 1757/1984/1751 1756/1983/1750 1766/1994/1760
f 1759/1986/1753 1758/1985/1752 1768/1996/1762
f 1760/1987/1754 1759/1986/1753 1769/1997/1763
f 1761/1988/1755 1760/1987/1754 1770/1998/1764
f 1762/1990/1756 1761/1989/1755 1771/2000/1765
f 1757/1984/1751 1767/1995/1761 1768/1996/1762
f 1762/1990/1756 1772/2001/1766 1763/2002/1767
f 1764/1992/1758 1763/2002/1767 1773/2003/1768
f 1765/1993/1759 1764/1992/1758 1774/2004/1769
f 1766/1994/1760 1765/1993/1759 1775/2005/1770
f 1767/1995/1761 1766/1994/1760 1776/2006/1771
f 1768/1996/1762 1778/2012/1777 1779/2008/1773
f 1769/1997/1763 1779/2008/1773 1780/2009/1774
f 1770/1998/1764 1780/2009/1774 1781/2010/1775
f 1771/2000/1765 1781/2021/1775 1782/2011/1776
f 1767/1995/1761 1777/2007/1772 1778/2012/1777
f 1763/2002/1767 1772/2001/1766 1782/2011/1776
f 1774/2004/1769 1773/2003/1768 2030/2013/1778
f 1775/2005/1770 1774/2004/1769 2031/2014/1779
f 1776/2006/1771 1775/2005/1770 2032/2015/1780
f 1777/2007/1772 1776/2006/1771 2033/2016/1781
f 1778/2012/1777 2025/2023/1787 2026/2018/1783
f 1779/2008/1773 2026/2018/1783 2027/2019/1784
f 1780/2009/1774 2027/2019/1784 2028/2020/1785
f 1781/2021/1775 2028/7061/1785 2029/2022/1786
f 1777/2007/1772 2034/2017/1782 2025/2023/1787
f 1773/2003/1768 1782/2011/1776 2029/2022/1786
f 1653/1888/1663 1794/2045/1809 1795/2035/1799
f 1655/1880/1656 1654/1879/1655 1795/2035/1799
f 1656/1881/1657 1655/1880/1656 1796/2036/1800
f 1656/1881/1657 1797/2037/1801 1798/2038/1802
f 1658/1883/1659 1657/1882/1658 1798/2038/1802
f 1659/2040/1804 1658/1883/1659 1799/2039/1803
f 1659/2040/1804 1800/2041/1805 1801/2042/1806
f 1660/1886/1660 1801/2053/1806 1802/2043/1807
f 1662/1887/1662 1661/1885/1661 1802/2043/1807
f 1662/1887/1662 1803/2044/1808 1794/2045/1809
f 1794/2045/1809 1804/2056/1819 1805/2046/1810
f 1796/2036/1800 1795/2035/1799 1805/2046/1810
f 1797/2037/1801 1796/2036/1800 1806/2047/1811
f 1798/2038/1802 1797/2037/1801 1807/2048/1812
f 1799/2039/1803 1798/2038/1802 1808/2049/1813
f 1800/2041/1805 1799/2039/1803 1809/2050/1814
f 1800/2041/1805 1810/2051/1815 1811/2052/1816
f 1801/2053/1806 1811/2064/1816 1812/2054/1817
f 1802/2043/1807 1812/2054/1817 1813/2055/1818
f 1803/2044/1808 1813/2055/1818 1804/2056/1819
f 1804/2056/1819 1814/2067/1829 1815/2057/1820
f 1806/2047/1811 1805/2046/1810 1815/2057/1820
f 1807/2048/1812 1806/2047/1811 1816/2058/1821
f 1808/2049/1813 1807/2048/1812 1817/2059/1822
f 1809/2050/1814 1808/2049/1813 1818/2060/1823
f 1810/2051/1815 1809/2050/1814 1819/2061/1824
f 1810/2051/1815 1820/2062/1825 1821/2063/1826
f 1811/2064/1816 1821/7062/1826 1822/2065/1827
f 1812/2054/1817 1822/2065/1827 1823/2066/1828
f 1813/2055/1818 1823/2066/1828 1814/2067/1829
f 1814/2067/1829 1824/2078/1839 1825/2068/1830
f 1816/2058/1821 1815/2057/1820 1825/2068/1830
f 1816/2058/1821 1826/2069/1831 1827/2070/1832
f 1817/2059/1822 1827/2070/1832 1828/2071/1833
f 1818/2060/1823 1828/2071/1833 1829/2072/1834
f 1819/2061/1824 1829/2072/1834 1830/2073/1835
f 1821/2063/1826 1820/2062/1825 1830/2073/1835
f 1822/2065/1827 1821/7062/1826 1831/2075/1836
f 1823/2066/1828 1822/2065/1827 1832/2076/1837
f 1814/2067/1829 1823/2066/1828 1833/2077/1838
f 1824/2078/1839 1834/2089/1849 1835/2079/1840
f 1826/2069/1831 1825/2068/1830 1835/2079/1840
f 1826/2069/1831 1836/2080/1841 1837/2081/1842
f 1827/2070/1832 1837/2081/1842 1838/2082/1843
f 1828/2071/1833 1838/2082/1843 1839/2083/1844
f 1829/2072/1834 1839/2083/1844 1840/2084/1845
f 1831/2074/1836 1830/2073/1835 1840/2084/1845
f 1832/2076/1837 1831/2075/1836 1841/2086/1846
f 1833/2077/1838 1832/2076/1837 1842/2087/1847
f 1824/2078/1839 1833/2077/1838 1843/2088/1848
f 1834/2089/1849 1844/2100/1859 1845/2090/1850
f 1836/2080/1841 1835/2079/1840 1845/2090/1850
f 1836/2080/1841 1846/2091/1851 1847/2092/1852
f 1837/2081/1842 1847/2092/1852 1848/2093/1853
f 1838/2082/1843 1848/2093/1853 1849/2094/1854
f 1839/2083/1844 1849/2094/1854 1850/2095/1855
f 1841/2085/1846 1840/2084/1845 1850/2095/1855
f 1842/2087/1847 1841/2086/1846 1851/2097/1856
f 1843/2088/1848 1842/2087/1847 1852/2098/1857
f 1834/2089/1849 1843/2088/1848 1853/2099/1858
f 1844/2100/1859 1854/2111/1869 1855/2101/1860
f 1846/2091/1851 1845/2090/1850 1855/2101/1860
f 1846/2091/1851 1856/2102/1861 1857/2103/1862
f 1847/2092/1852 1857/2103/1862 1858/2104/1863
f 1848/2093/1853 1858/2104/1863 1859/2105/1864
f 1849/2094/1854 1859/2105/1864 1860/2106/1865
f 1851/2096/1856 1850/2095/1855 1860/2106/1865
f 1852/2098/1857 1851/2097/1856 1861/2108/1866
f 1853/2099/1858 1852/2098/1857 1862/2109/1867
f 1844/2100/1859 1853/2099/1858 1863/2110/1868
f 1854/2111/1869 1864/2122/1879 1865/2112/1870
f 1856/2102/1861 1855/2101/1860 1865/2112/1870
f 1856/2102/1861 1866/2113/1871 1867/2114/1872
f 1857/2103/1862 1867/2114/1872 1868/2115/1873
f 1858/2104/1863 1868/2115/1873 1869/2116/1874
f 1859/2105/1864 1869/2116/1874 1870/2117/1875
f 1861/2107/1866 1860/2106/1865 1870/2117/1875
f 1862/2109/1867 1861/2108/1866 1871/2119/1876
f 1863/2110/1868 1862/2109/1867 1872/2120/1877
f 1854/2111/1869 1863/2110/1868 1873/2121/1878
f 1864/2122/1879 1874/2133/1889 1875/2123/1880
f 1866/2113/1871 1865/2112/1870 1875/2123/1880
f 1866/2113/1871 1876/2124/1881 1877/2125/1882
f 1867/2114/1872 1877/2125/1882 1878/2126/1883
f 1868/2115/1873 1878/2126/1883 1879/2127/1884
f 1869/2116/1874 1879/2127/1884 1880/2128/1885
f 1871/2118/1876 1870/2117/1875 1880/2128/1885
f 1872/2120/1877 1871/2119/1876 1881/2130/1886
f 1873/2121/1878 1872/2120/1877 1882/2131/1887
f 1864/2122/1879 1873/2121/1878 1883/2132/1888
f 1874/2133/1889 1884/2144/1899 1885/2134/1890
f 1876/2124/1881 1875/2123/1880 1885/2134/1890
f 1876/2124/1881 1886/2135/1891 1887/2136/1892
f 1877/2125/1882 1887/2136/1892 1888/2137/1893
f 1878/2126/1883 1888/2137/1893 1889/2138/1894
f 1879/2127/1884 1889/2138/1894 1890/2139/1895
f 1881/2129/1886 1880/2128/1885 1890/2139/1895
f 1882/2131/1887 1881/2130/1886 1891/2141/1896
f 1883/2132/1888 1882/2131/1887 1892/2142/1897
f 1874/2133/1889 1883/2132/1888 1893/2143/1898
f 1884/2144/1899 1894/2155/1909 1895/2145/1900
f 1886/2135/1891 1885/2134/1890 1895/2145/1900
f 1886/2135/1891 1896/2146/1901 1897/2147/1902
f 1887/2136/1892 1897/2147/1902 1898/2148/1903
f 1888/2137/1893 1898/2148/1903 1899/2149/1904
f 1889/2138/1894 1899/2149/1904 1900/2150/1905
f 1891/2140/1896 1890/2139/1895 1900/2150/1905
f 1892/2142/1897 1891/2141/1896 1901/2152/1906
f 1893/2143/1898 1892/2142/1897 1902/2153/1907
f 1884/2144/1899 1893/2143/1898 1903/2154/1908
f 1894/2155/1909 1904/2165/1919 1905/2156/1910
f 1896/2146/1901 1895/2145/1900 1905/2156/1910
f 1897/2147/1902 1896/2146/1901 1906/2157/1911
f 1898/2148/1903 1897/2147/1902 1907/2158/1912
f 1899/2149/1904 1898/2148/1903 1908/2159/1913
f 1900/2150/1905 1899/2149/1904 1909/2160/1914
f 1900/2150/1905 1910/2161/1915 1911/2162/1916
f 1901/2152/1906 1911/7063/1916 1912/2163/1917
f 1902/2153/1907 1912/2163/1917 1913/2164/1918
f 1903/2154/1908 1913/2164/1918 1904/2165/1919
f 1904/2165/1919 1914/2176/1929 1915/2166/1920
f 1906/2157/1911 1905/2156/1910 1915/2166/1920
f 1907/2158/1912 1906/2157/1911 1916/2167/1921
f 1908/2159/1913 1907/2158/1912 1917/2168/1922
f 1908/2159/1913 1918/2169/1923 1919/2170/1924
f 1909/2160/1914 1919/2170/1924 1920/2171/1925
f 1911/2162/1916 1910/2161/1915 1920/2171/1925
f 1912/2163/1917 1911/7063/1916 1921/2173/1926
f 1912/2163/1917 1922/2174/1927 1923/2175/1928
f 1913/2164/1918 1923/2175/1928 1914/2176/1929
f 1914/2176/1929 1924/2187/1939 1925/2177/1930
f 1916/2167/1921 1915/2166/1920 1925/2177/1930
f 1916/2167/1921 1926/2178/1931 1927/2179/1932
f 1917/2168/1922 1927/2179/1932 1928/2180/1933
f 1918/2169/1923 1928/2180/1933 1929/2181/1934
f 1919/2170/1924 1929/2181/1934 1930/2182/1935
f 1921/2172/1926 1920/2171/1925 1930/2182/1935
f 1922/2174/1927 1921/2173/1926 1931/2184/1936
f 1923/2175/1928 1922/2174/1927 1932/2185/1937
f 1914/2176/1929 1923/2175/1928 1933/2186/1938
f 1924/2187/1939 1934/2198/1949 1935/2188/1940
f 1926/2178/1931 1925/2177/1930 1935/2188/1940
f 1926/2178/1931 1936/2189/1941 1937/2190/1942
f 1927/2179/1932 1937/2190/1942 1938/2191/1943
f 1928/2180/1933 1938/2191/1943 1939/2192/1944
f 1929/2181/1934 1939/2192/1944 1940/2193/1945
f 1931/2183/1936 1930/2182/1935 1940/2193/1945
f 1932/2185/1937 1931/2184/1936 1941/2195/1946
f 1933/2186/1938 1932/2185/1937 1942/2196/1947
f 1924/2187/1939 1933/2186/1938 1943/2197/1948
f 1934/2198/1949 1944/2208/1959 1945/2199/1950
f 1936/2189/1941 1935/2188/1940 1945/2199/1950
f 1937/2190/1942 1936/2189/1941 1946/2200/1951
f 1938/2191/1943 1937/2190/1942 1947/2201/1952
f 1939/2192/1944 1938/2191/1943 1948/2202/1953
f 1940/2193/1945 1939/2192/1944 1949/2203/1954
f 1940/2193/1945 1950/2204/1955 1951/2205/1956
f 1941/2195/1946 1951/7064/1956 1952/2206/1957
f 1942/2196/1947 1952/2206/1957 1953/2207/1958
f 1943/2197/1948 1953/2207/1958 1944/2208/1959
f 1944/2208/1959 1954/2219/1969 1955/2209/1960
f 1946/2200/1951 1945/2199/1950 1955/2209/1960
f 1947/2201/1952 1946/2200/1951 1956/2210/1961
f 1948/2202/1953 1947/2201/1952 1957/2211/1962
f 1948/2202/1953 1958/2212/1963 1959/2213/1964
f 1949/2203/1954 1959/2213/1964 1960/2214/1965
f 1951/2205/1956 1950/2204/1955 1960/2214/1965
f 1952/2206/1957 1951/7064/1956 1961/2216/1966
f 1952/2206/1957 1962/2217/1967 1963/2218/1968
f 1953/2207/1958 1963/2218/1968 1954/2219/1969
f 1954/2219/1969 1964/2229/1979 1965/2220/1970
f 1956/2210/1961 1955/2209/1960 1965/2220/1970
f 1957/2211/1962 1956/2210/1961 1966/2221/1971
f 1958/2212/1963 1957/2211/1962 1967/2222/1972
f 1959/2213/1964 1958/2212/1963 1968/2223/1973
f 1960/2214/1965 1959/2213/1964 1969/2224/1974
f 1960/2214/1965 1970/2225/1975 1971/2226/1976
f 1961/2216/1966 1971/7065/1976 1972/2227/1977
f 1962/2217/1967 1972/2227/1977 1973/2228/1978
f 1963/2218/1968 1973/2228/1978 1964/2229/1979
f 1964/2229/1979 1974/2240/1989 1975/2230/1980
f 1966/2221/1971 1965/2220/1970 1975/2230/1980
f 1966/2221/1971 1976/2231/1981 1977/2232/1982
f 1967/2222/1972 1977/2232/1982 1978/2233/1983
f 1968/2223/1973 1978/2233/1983 1979/2234/1984
f 1969/2224/1974 1979/2234/1984 1980/2235/1985
f 1971/2226/1976 1970/2225/1975 1980/2235/1985
f 1972/2227/1977 1971/7065/1976 1981/2237/1986
f 1973/2228/1978 1972/2227/1977 1982/2238/1987
f 1964/2229/1979 1973/2228/1978 1983/2239/1988
f 1974/2240/1989 1995/2253/2002 1996/2241/1990
f 1976/2231/1981 1975/2230/1980 1996/2241/1990
f 1977/2232/1982 1976/2231/1981 1997/2242/1991
f 1978/2233/1983 1977/2232/1982 1998/2243/1992
f 1979/2234/1984 1978/2233/1983 1999/2244/1993
f 2005/2246/1995 2004/2276/2025 2006/2247/1996
f 2005/2246/1995 2007/2248/1997 2009/2249/1998
f 1981/2237/1986 2001/2262/2011 2002/2251/2000
f 1982/2238/1987 2002/2251/2000 1994/2252/2001
f 1983/2239/1988 1994/2252/2001 1995/2253/2002
f 1994/2252/2001 2024/2264/2013 2013/2254/2003
f 1995/2253/2002 2013/2254/2003 2014/2255/2004
f 1997/2242/1991 1996/2241/1990 2014/2255/2004
f 1998/2243/1992 1997/2242/1991 2015/2256/2005
f 1999/2244/1993 1998/2243/1992 2016/2257/2006
f 2000/2245/1994 1999/2244/1993 2017/2258/2007
f 2006/2247/1996 2019/2278/2026 2020/2260/2009
f 2009/2249/1998 2007/2248/1997 2020/2260/2009
f 2001/2262/2011 2022/7066/2030 2023/2263/2012
f 2002/2251/2000 2023/2263/2012 2024/2264/2013
f 1980/2235/1985 1979/2234/1984 2004/2276/2025
f 2000/2245/1994 2006/2247/1996 2004/2276/2025
f 1980/2235/1985 2005/2246/1995 2008/2250/1999
f 2001/2277/2011 1981/2236/1986 2008/2250/1999
f 2000/2245/1994 2018/2259/2008 2019/2278/2026
f 1990/2267/2016 2011/2281/2029 2010/2279/2027
f 1990/2267/2016 1991/2272/2021 2012/2280/2028
f 2001/2277/2011 2009/2249/1998 2021/2261/2010
f 2013/2283/2003 1984/2269/2018 1985/2268/2017
f 2015/2285/2005 2014/2284/2004 1985/2268/2017
f 2015/2285/2005 1986/2275/2024 1987/2274/2023
f 2016/2286/2006 1987/2274/2023 1988/2273/2022
f 2017/2287/2007 1988/2273/2022 1989/2265/2014
f 2018/2288/2008 1989/2265/2014 2010/2279/2027
f 2019/2289/2026 2010/2279/2027 2011/2281/2029
f 2021/2291/2010 2020/2290/2009 2011/2281/2029
f 2022/2292/2030 2021/2291/2010 2012/2280/2028
f 2023/2293/2012 2022/2292/2030 1991/2272/2021
f 2024/2294/2013 2023/2293/2012 1992/2271/2020
f 2013/2283/2003 2024/2294/2013 1993/2270/2019
f 2025/2295/1787 1788/2024/1788 1789/2026/1790
f 2026/2296/1783 1789/2026/1790 1790/2031/1795
f 2027/2297/1784 1790/2031/1795 1791/2030/1794
f 2028/2298/1785 1791/2030/1794 1792/2029/1793
f 2030/2300/1778 2029/2299/1786 1792/2029/1793
f 2031/2301/1779 2030/2300/1778 1783/2028/1792
f 2032/2302/1780 2031/2301/1779 1784/2027/1791
f 2033/2303/1781 2032/2302/1780 1785/2034/1798
f 2034/2304/1782 2033/2303/1781 1786/2033/1797
f 2034/2304/1782 1787/2032/1796 1788/2024/1788
s 7
f 2046/2305/2031 2035/2319/2032 2044/2306/2032
f 2037/2308/2032 2035/2319/2032 2046/2305/2031
f 2036/2310/2032 2037/2308/2032 2048/2309/2031
f 2038/2312/2033 2041/2320/2032 2042/2313/2032
f 2039/2314/2033 2042/2313/2032 2043/2315/2032
f 2049/2317/2033 2040/2316/2033 2043/2315/2032
f 2036/2310/2032 2038/2312/2033 2039/2314/2033
f 2037/2308/2032 2039/2314/2033 2040/2316/2033
f 2049/2317/2033 2044/2306/2032 2035/2319/2032
f 2041/2320/2032 2050/7067/2031 2051/2321/2031
f 2042/2313/2032 2051/2321/2031 2052/2322/2031
f 2043/2315/2032 2052/2322/2031 2053/2323/2031
s 8
f 2066/2324/2034 2055/2338/2035 2064/2325/2035
f 2057/2327/2035 2055/2338/2035 2066/2324/2034
f 2056/2329/2035 2057/2327/2035 2068/2328/2034
f 2058/2331/2036 2061/2339/2035 2062/2332/2035
f 2059/2333/2036 2062/2332/2035 2063/2334/2035
f 2069/2336/2036 2060/2335/2036 2063/2334/2035
f 2056/2329/2035 2058/2331/2036 2059/2333/2036
f 2057/2327/2035 2059/2333/2036 2060/2335/2036
f 2069/2336/2036 2064/2325/2035 2055/2338/2035
f 2061/2339/2035 2070/7068/2034 2071/2340/2034
f 2062/2332/2035 2071/2340/2034 2072/2341/2034
f 2063/2334/2035 2072/2341/2034 2073/2342/2034
s 9
f 2086/2343/2037 2075/2357/2038 2084/2344/2038
f 2077/2346/2038 2075/2357/2038 2086/2343/2037
f 2076/2348/2038 2077/2346/2038 2088/2347/2037
f 2078/2350/2039 2081/2358/2038 2082/2351/2038
f 2079/2352/2039 2082/2351/2038 2083/2353/2038
f 2089/2355/2039 2080/2354/2039 2083/2353/2038
f 2076/2348/2038 2078/2350/2039 2079/2352/2039
f 2077/2346/2038 2079/2352/2039 2080/2354/2039
f 2089/2355/2039 2084/2344/2038 2075/2357/2038
f 2081/2358/2038 2090/7069/2037 2091/2359/2037
f 2082/2351/2038 2091/2359/2037 2092/2360/2037
f 2083/2353/2038 2092/2360/2037 2093/2361/2037
s 10
f 2109/2362/2040 2095/2380/2041 2107/2363/2041
f 2096/2365/2041 2097/2370/2041 2110/2366/2040
f 2098/2368/2041 2095/2380/2041 2109/2362/2040
f 2097/2370/2041 2098/2368/2041 2112/2369/2040
f 2100/2371/2042 2099/2388/2042 2103/2372/2041
f 2100/2371/2042 2104/2373/2041 2105/2374/2041
f 2102/2376/2042 2101/2375/2042 2105/2374/2041
f 2113/2378/2042 2102/2376/2042 2106/2377/2041
f 2096/2365/2041 2099/2388/2042 2100/2371/2042
f 2097/2370/2041 2100/2371/2042 2101/2375/2042
f 2098/2368/2041 2101/2375/2042 2102/2376/2042
f 2113/2378/2042 2107/2363/2041 2095/2380/2041
f 2104/2373/2041 2103/2372/2041 2114/2381/2040
f 2104/2373/2041 2115/2382/2040 2116/2383/2040
f 2106/2377/2041 2105/2374/2041 2116/2383/2040
f 2106/2377/2041 2117/2384/2040 2118/2385/2040
f 2121/2386/2040 2114/2381/2040 2103/2372/2041
f 2099/2388/2042 2122/2389/2042 2120/2387/2041
f 2096/2365/2041 2123/2390/2041 2122/2389/2042
f 2123/2390/2041 2096/2365/2041 2111/2367/2040
s 11
g glass__design_HOLDER
usemtl HOLDER
f 2227/2392/2043 2229/2393/2044 2228/2394/2045
f 2225/2395/2046 2229/2393/2044 2226/2396/2047
f 2125/2397/2048 2228/2394/2045 2231/2398/2049
f 2127/2399/2050 2228/2394/2045 2126/2400/2051
f 2128/2401/2052 2227/2392/2043 2127/2399/2050
f 2129/2402/2053 2282/2403/2054 2128/2401/2052
f 2130/2404/2055 2279/2405/2056 2129/2402/2053
f 2131/2406/2057 2276/2407/2058 2130/2404/2055
f 2132/2408/2059 2273/2409/2060 2131/2406/2057
f 2133/2410/2061 2270/2411/2062 2132/2408/2059
f 2134/2412/2063 2267/2413/2064 2133/2410/2061
f 2135/2414/2065 2264/2415/2066 2134/2412/2063
f 2136/2416/2067 2261/2417/2068 2135/2414/2065
f 2137/2418/2069 2258/2419/2070 2136/2416/2067
f 2137/2418/2069 2252/2420/2071 2255/2421/2072
f 2138/2422/2073 2249/2423/2074 2252/2420/2071
f 2140/2424/2075 2249/2423/2074 2139/2425/2076
f 2141/2426/2077 2246/2427/2078 2140/2424/2075
f 2142/2428/2079 2243/2429/2080 2141/2426/2077
f 2143/2430/2081 2240/2431/2082 2142/2428/2079
f 2143/2430/2081 2234/2432/2083 2237/2433/2084
f 2144/2434/2085 2231/2398/2049 2234/2435/2083
f 2230/2436/2086 2222/2437/2087 2165/2438/2088
f 2233/2439/2089 2165/2438/2088 2168/2440/2090
f 2236/2441/2091 2168/2440/2090 2171/2442/2092
f 2236/2443/2091 2174/2444/2093 2239/2445/2094
f 2242/2446/2095 2174/2444/2093 2177/2447/2096
f 2245/2448/2097 2177/2447/2096 2180/2449/2098
f 2248/2450/2099 2180/2449/2098 2183/2451/2100
f 2248/2450/2099 2186/2452/2101 2251/2453/2102
f 2251/2453/2102 2189/2454/2103 2254/2455/2104
f 2254/2455/2104 2192/2456/2105 2257/2457/2106
f 2260/2458/2107 2192/2456/2105 2195/2459/2108
f 2263/2460/2109 2195/2459/2108 2198/2461/2110
f 2266/2462/2111 2198/2461/2110 2201/2463/2112
f 2266/2462/2111 2204/2464/2113 2269/2465/2114
f 2269/2465/2114 2207/2466/2115 2272/2467/2116
f 2272/2467/2116 2210/2468/2117 2275/2469/2118
f 2275/2469/2118 2213/2470/2119 2278/2471/2120
f 2281/2472/2121 2213/2470/2119 2216/2473/2122
f 2281/2472/2121 2219/2474/2123 2284/2475/2124
f 2284/2475/2124 2222/2437/2087 2225/2395/2046
f 2347/2476/2125 2326/2477/2126 2350/2478/2127
f 2353/2479/2128 2329/2480/2129 2347/2476/2125
f 2356/2481/2130 2332/2482/2131 2353/2479/2128
f 2350/2483/2127 2323/2484/2132 2359/2485/2133
f 2359/2485/2133 2320/2486/2134 2362/2487/2135
f 2365/2488/2136 2320/2486/2134 2317/2489/2137
f 2365/2488/2136 2314/2490/2138 2368/2491/2139
f 2368/2491/2139 2311/2492/2140 2371/2493/2141
f 2371/2493/2141 2308/2494/2142 2374/2495/2143
f 2377/2496/2144 2308/2494/2142 2305/2497/2145
f 2377/2496/2144 2302/2498/2146 2380/2499/2147
f 2383/2500/2148 2302/2498/2146 2299/2501/2149
f 2383/2500/2148 2296/2502/2150 2386/2503/2151
f 2389/2504/2152 2296/2502/2150 2293/2505/2153
f 2392/2506/2154 2293/2505/2153 2290/2507/2155
f 2392/2506/2154 2287/2508/2156 2395/2509/2157
f 2398/2510/2158 2287/2508/2156 2344/2511/2159
f 2398/2510/2158 2341/2512/2160 2401/2513/2161
f 2404/2514/2162 2341/2512/2160 2338/2515/2163
f 2356/2481/2130 2338/2515/2163 2335/2516/2164
f 2345/2517/2165 2173/2518/2166 2170/2519/2167
f 2348/2520/2168 2176/2521/2169 2173/2522/2166
f 2357/2523/2170 2179/2524/2171 2176/2521/2169
f 2360/2525/2172 2182/2526/2173 2179/2524/2171
f 2366/2527/2174 2182/2526/2173 2363/2528/2175
f 2369/2529/2176 2185/2530/2177 2366/2527/2174
f 2372/2531/2178 2188/2532/2179 2369/2529/2176
f 2375/2533/2180 2191/2534/2181 2372/2531/2178
f 2378/2535/2182 2194/2536/2183 2375/2533/2180
f 2381/2537/2184 2197/2538/2185 2378/2535/2182
f 2384/2539/2186 2200/2540/2187 2381/2537/2184
f 2387/2541/2188 2203/2542/2189 2384/2539/2186
f 2387/2541/2188 2209/2543/2190 2206/2544/2191
f 2393/2545/2192 2209/2543/2190 2390/2546/2193
f 2396/2547/2194 2212/2548/2195 2393/2545/2192
f 2399/2549/2196 2215/2550/2197 2396/2547/2194
f 2399/2549/2196 2221/2551/2198 2218/2552/2199
f 2354/2553/2200 2221/2551/2198 2402/2554/2201
f 2351/2555/2202 2224/2556/2203 2354/2553/2200
f 2345/2517/2165 2167/2557/2204 2351/2555/2202
f 2165/2438/2088 2169/2558/2205 2168/2440/2090
f 2167/2557/2204 2169/2559/2205 2166/2560/2206
f 2169/2558/2205 2171/2442/2092 2168/2440/2090
f 2170/2519/2167 2172/2561/2207 2169/2559/2205
f 2171/2562/2092 2175/2563/2208 2174/2444/2093
f 2173/2522/2166 2175/2564/2208 2172/2565/2207
f 2175/2563/2208 2177/2447/2096 2174/2444/2093
f 2176/2521/2169 2178/2566/2209 2175/2564/2208
f 2178/2567/2209 2180/2449/2098 2177/2447/2096
f 2179/2524/2171 2181/2568/2210 2178/2566/2209
f 2181/2569/2210 2183/2451/2100 2180/2449/2098
f 2182/2526/2173 2184/2570/2211 2181/2568/2210
f 2184/2571/2211 2186/2452/2101 2183/2451/2100
f 2185/2530/2177 2187/2572/2212 2184/2570/2211
f 2186/2452/2101 2190/2573/2213 2189/2454/2103
f 2188/2532/2179 2190/2574/2213 2187/2572/2212
f 2190/2573/2213 2192/2456/2105 2189/2454/2103
f 2191/2534/2181 2193/2575/2214 2190/2574/2213
f 2193/2576/2214 2195/2459/2108 2192/2456/2105
f 2194/2536/2183 2196/2577/2215 2193/2575/2214
f 2196/2578/2215 2198/2461/2110 2195/2459/2108
f 2197/2538/2185 2199/2579/2216 2196/2577/2215
f 2199/2580/2216 2201/2463/2112 2198/2461/2110
f 2200/2540/2187 2202/2581/2217 2199/2579/2216
f 2202/2582/2217 2204/2464/2113 2201/2463/2112
f 2203/2542/2189 2205/2583/2218 2202/2581/2217
f 2205/2584/2218 2207/2466/2115 2204/2464/2113
f 2206/2544/2191 2208/2585/2219 2205/2583/2218
f 2207/2466/2115 2211/2586/2220 2210/2468/2117
f 2209/2543/2190 2211/2587/2220 2208/2585/2219
f 2211/2586/2220 2213/2470/2119 2210/2468/2117
f 2211/2587/2220 2215/2550/2197 2214/2588/2221
f 2214/2589/2221 2216/2473/2122 2213/2470/2119
f 2214/2588/2221 2218/2552/2199 2217/2590/2222
f 2216/2473/2122 2220/2591/2223 2219/2474/2123
f 2218/2552/2199 2220/2592/2223 2217/2590/2222
f 2220/2591/2223 2222/2437/2087 2219/2474/2123
f 2221/2551/2198 2223/2593/2224 2220/2592/2223
f 2166/2560/2206 2224/2556/2203 2167/2557/2204
f 2166/2594/2206 2222/2437/2087 2223/2595/2224
f 2228/2394/2045 2232/2596/2225 2231/2398/2049
f 2230/2436/2086 2232/2596/2225 2229/2393/2044
f 2231/2398/2049 2235/2597/2226 2234/2435/2083
f 2232/2596/2225 2236/2441/2091 2235/2597/2226
f 2235/2598/2226 2237/2433/2084 2234/2432/2083
f 2236/2443/2091 2238/2599/2227 2235/2598/2226
f 2238/2599/2227 2240/2431/2082 2237/2433/2084
f 2238/2599/2227 2242/2446/2095 2241/2600/2228
f 2241/2600/2228 2243/2429/2080 2240/2431/2082
f 2241/2600/2228 2245/2448/2097 2244/2601/2229
f 2244/2601/2229 2246/2427/2078 2243/2429/2080
f 2245/2448/2097 2247/2602/2230 2244/2601/2229
f 2247/2602/2230 2249/2423/2074 2246/2427/2078
f 2247/2602/2230 2251/2453/2102 2250/2603/2231
f 2250/2603/2231 2252/2420/2071 2249/2423/2074
f 2251/2453/2102 2253/2604/2232 2250/2603/2231
f 2253/2604/2232 2255/2421/2072 2252/2420/2071
f 2253/2604/2232 2257/2457/2106 2256/2605/2233
f 2255/2421/2072 2259/2606/2234 2258/2419/2070
f 2257/2457/2106 2259/2606/2234 2256/2605/2233
f 2258/2419/2070 2262/2607/2235 2261/2417/2068
f 2260/2458/2107 2262/2607/2235 2259/2606/2234
f 2261/2417/2068 2265/2608/2236 2264/2415/2066
f 2263/2460/2109 2265/2608/2236 2262/2607/2235
f 2265/2608/2236 2267/2413/2064 2264/2415/2066
f 2266/2462/2111 2268/2609/2237 2265/2608/2236
f 2268/2609/2237 2270/2411/2062 2267/2413/2064
f 2268/2609/2237 2272/2467/2116 2271/2610/2238
f 2271/2610/2238 2273/2409/2060 2270/2411/2062
f 2271/2610/2238 2275/2469/2118 2274/2611/2239
f 2274/2611/2239 2276/2407/2058 2273/2409/2060
f 2274/2611/2239 2278/2471/2120 2277/2612/2240
f 2277/2612/2240 2279/2405/2056 2276/2407/2058
f 2278/2471/2120 2280/2613/2241 2277/2612/2240
f 2280/2613/2241 2282/2403/2054 2279/2405/2056
f 2281/2472/2121 2283/2614/2242 2280/2613/2241
f 2226/2396/2047 2284/2475/2124 2225/2395/2046
f 2226/2396/2047 2282/2403/2054 2283/2614/2242
f 2286/2615/2243 2288/2616/2244 2285/2617/2245
f 2286/2618/2243 2290/2507/2155 2289/2619/2246
f 2289/2620/2246 2291/2621/2247 2288/2616/2244
f 2290/2507/2155 2292/2622/2248 2289/2619/2246
f 2292/2623/2248 2294/2624/2249 2291/2621/2247
f 2292/2622/2248 2296/2502/2150 2295/2625/2250
f 2295/2626/2250 2297/2627/2251 2294/2624/2249
f 2296/2502/2150 2298/2628/2252 2295/2625/2250
f 2298/2629/2252 2300/2630/2253 2297/2627/2251
f 2299/2501/2149 2301/2631/2254 2298/2628/2252
f 2300/2630/2253 2304/2632/2255 2303/2633/2256
f 2301/2631/2254 2305/2497/2145 2304/2634/2255
f 2303/2633/2256 2307/2635/2257 2306/2636/2258
f 2305/2497/2145 2307/2637/2257 2304/2634/2255
f 2307/2635/2257 2309/2638/2259 2306/2636/2258
f 2307/2637/2257 2311/2492/2140 2310/2639/2260
f 2309/2638/2259 2313/2640/2261 2312/2641/2262
f 2310/2639/2260 2314/2490/2138 2313/2642/2261
f 2313/2640/2261 2315/2643/2263 2312/2641/2262
f 2314/2490/2138 2316/2644/2264 2313/2642/2261
f 2316/2645/2264 2318/2646/2265 2315/2643/2263
f 2317/2489/2137 2319/2647/2266 2316/2644/2264
f 2318/2646/2265 2322/2648/2267 2321/2649/2268
f 2319/2647/2266 2323/2484/2132 2322/2650/2267
f 2321/2649/2268 2325/2651/2269 2324/2652/2270
f 2322/2650/2267 2326/2653/2126 2325/2654/2269
f 2324/2652/2270 2328/2655/2271 2327/2656/2272
f 2326/2477/2126 2328/2657/2271 2325/2658/2269
f 2327/2659/2272 2331/2660/2273 2330/2661/2274
f 2328/2657/2271 2332/2482/2131 2331/2662/2273
f 2330/2661/2274 2334/2663/2275 2333/2664/2276
f 2331/2662/2273 2335/2516/2164 2334/2665/2275
f 2334/2663/2275 2336/2666/2277 2333/2664/2276
f 2335/2516/2164 2337/2667/2278 2334/2665/2275
f 2337/2668/2278 2339/2669/2279 2336/2666/2277
f 2338/2515/2163 2340/2670/2280 2337/2667/2278
f 2340/2671/2280 2342/2672/2281 2339/2669/2279
f 2341/2512/2160 2343/2673/2282 2340/2670/2280
f 2287/2508/2156 2343/2673/2282 2344/2511/2159
f 2285/2617/2245 2343/2674/2282 2286/2615/2243
f 2345/2517/2165 2349/2675/2283 2348/2676/2168
f 2347/2476/2125 2349/2675/2283 2346/2677/2284
f 2348/2520/2168 2358/2678/2285 2357/2523/2170
f 2350/2483/2127 2358/2678/2285 2349/2679/2283
f 2347/2476/2125 2352/2680/2286 2353/2479/2128
f 2345/2517/2165 2352/2680/2286 2346/2677/2284
f 2353/2479/2128 2355/2681/2287 2356/2481/2130
f 2351/2555/2202 2355/2681/2287 2352/2680/2286
f 2358/2678/2285 2360/2525/2172 2357/2523/2170
f 2358/2678/2285 2362/2487/2135 2361/2682/2288
f 2360/2525/2172 2364/2683/2289 2363/2528/2175
f 2361/2682/2288 2365/2488/2136 2364/2683/2289
f 2364/2683/2289 2366/2527/2174 2363/2528/2175
f 2365/2488/2136 2367/2684/2290 2364/2683/2289
f 2367/2684/2290 2369/2529/2176 2366/2527/2174
f 2368/2491/2139 2370/2685/2291 2367/2684/2290
f 2369/2529/2176 2373/2686/2292 2372/2531/2178
f 2371/2493/2141 2373/2686/2292 2370/2685/2291
f 2373/2686/2292 2375/2533/2180 2372/2531/2178
f 2373/2686/2292 2377/2496/2144 2376/2687/2293
f 2375/2533/2180 2379/2688/2294 2378/2535/2182
f 2377/2496/2144 2379/2688/2294 2376/2687/2293
f 2379/2688/2294 2381/2537/2184 2378/2535/2182
f 2379/2688/2294 2383/2500/2148 2382/2689/2295
f 2382/2689/2295 2384/2539/2186 2381/2537/2184
f 2382/2689/2295 2386/2503/2151 2385/2690/2296
f 2385/2690/2296 2387/2541/2188 2384/2539/2186
f 2386/2503/2151 2388/2691/2297 2385/2690/2296
f 2387/2541/2188 2391/2692/2298 2390/2546/2193
f 2389/2504/2152 2391/2692/2298 2388/2691/2297
f 2390/2546/2193 2394/2693/2299 2393/2545/2192
f 2392/2506/2154 2394/2693/2299 2391/2692/2298
f 2393/2545/2192 2397/2694/2300 2396/2547/2194
f 2394/2693/2299 2398/2510/2158 2397/2694/2300
f 2397/2694/2300 2399/2549/2196 2396/2547/2194
f 2397/2694/2300 2401/2513/2161 2400/2695/2301
f 2399/2549/2196 2403/2696/2302 2402/2554/2201
f 2401/2513/2161 2403/2696/2302 2400/2695/2301
f 2355/2681/2287 2404/2514/2162 2356/2481/2130
f 2354/2553/2200 2403/2696/2302 2355/2681/2287
f 2406/2697/2303 2407/2698/2304 2405/2699/2305
f 2405/2699/2305 2416/2700/2306 2406/2697/2303
f 2408/2701/2307 2483/2702/2308 2407/2703/2304
f 2410/2704/2309 2411/2705/2310 2409/2706/2311
f 2409/2706/2311 2414/2707/2312 2410/2704/2309
f 2411/2705/2310 2482/2708/2313 2481/2709/2314
f 2413/2710/2315 2418/2711/2316 2414/2707/2312
f 2415/2712/2317 2420/2713/2318 2416/2700/2306
f 2417/2714/2319 2422/2715/2320 2418/2711/2316
f 2420/2713/2318 2423/2716/2321 2424/2717/2322
f 2422/2715/2320 2425/2718/2323 2426/2719/2324
f 2423/2716/2321 2428/2720/2325 2424/2717/2322
f 2426/2719/2324 2429/2721/2326 2430/2722/2327
f 2428/2720/2325 2431/2723/2328 2432/2724/2329
f 2429/2721/2326 2434/2725/2330 2430/2722/2327
f 2431/2723/2328 2436/2726/2331 2432/2724/2329
f 2434/2725/2330 2437/2727/2332 2438/2728/2333
f 2436/2726/2331 2439/2729/2334 2440/2730/2335
f 2438/2728/2333 2441/2731/2336 2442/2732/2337
f 2440/2730/2335 2443/2733/2338 2444/2734/2339
f 2441/2731/2336 2446/2735/2340 2442/2732/2337
f 2443/2733/2338 2448/2736/2341 2444/2734/2339
f 2445/2737/2342 2450/2738/2343 2446/2735/2340
f 2448/2736/2341 2451/2739/2344 2452/2740/2345
f 2449/2741/2346 2454/2742/2347 2450/2738/2343
f 2452/2740/2345 2455/2743/2348 2456/2744/2349
f 2453/2745/2350 2458/2746/2351 2454/2742/2347
f 2455/2743/2348 2460/2747/2352 2456/2744/2349
f 2458/2746/2351 2461/2748/2353 2462/2749/2354
f 2459/2750/2355 2464/2751/2356 2460/2747/2352
f 2462/2749/2354 2465/2752/2357 2466/2753/2358
f 2463/2754/2359 2468/2755/2360 2464/2751/2356
f 2466/2753/2358 2469/2756/2361 2470/2757/2362
f 2467/2758/2363 2472/2759/2364 2468/2755/2360
f 2470/2757/2362 2473/2760/2365 2474/2761/2366
f 2471/2762/2367 2476/2763/2368 2472/2759/2364
f 2474/2761/2366 2477/2764/2369 2478/2765/2370
f 2476/2763/2368 2479/2766/2371 2480/2767/2372
f 2478/2765/2370 2481/2768/2314 2482/2769/2313
f 2479/2766/2371 2484/2770/2373 2480/2767/2372
f 2485/2771/2374 2488/2772/2375 2487/2773/2376
f 2486/2774/2377 2495/2775/2378 2496/2776/2379
f 2487/2773/2376 2564/2777/2380 2563/2778/2381
f 2490/2779/2382 2493/2780/2383 2489/2781/2384
f 2490/2779/2382 2491/2782/2385 2492/2783/2386
f 2491/2782/2385 2562/2784/2387 2492/2783/2386
f 2493/2780/2383 2498/2785/2388 2497/2786/2389
f 2495/2775/2378 2500/2787/2390 2496/2776/2379
f 2498/2785/2388 2501/2788/2391 2497/2786/2389
f 2499/2789/2392 2504/2790/2393 2500/2787/2390
f 2502/2791/2394 2505/2792/2395 2501/2788/2391
f 2503/2793/2396 2508/2794/2397 2504/2790/2393
f 2505/2792/2395 2510/2795/2398 2509/2796/2399
f 2507/2797/2400 2512/2798/2401 2508/2794/2397
f 2510/2795/2398 2513/2799/2402 2509/2796/2399
f 2511/2800/2403 2516/2801/2404 2512/2798/2401
f 2514/2802/2405 2517/2803/2406 2513/2799/2402
f 2515/2804/2407 2520/2805/2408 2516/2801/2404
f 2518/2806/2409 2521/2807/2410 2517/2803/2406
f 2520/2805/2408 2523/2808/2411 2524/2809/2412
f 2522/2810/2413 2525/2811/2414 2521/2807/2410
f 2524/2809/2412 2527/2812/2415 2528/2813/2416
f 2525/2811/2414 2530/2814/2417 2529/2815/2418
f 2527/2812/2415 2532/2816/2419 2528/2813/2416
f 2529/2815/2418 2534/2817/2420 2533/2818/2421
f 2531/2819/2422 2536/2820/2423 2532/2816/2419
f 2534/2817/2420 2537/2821/2424 2533/2818/2421
f 2536/2820/2423 2539/2822/2425 2540/2823/2426
f 2538/2824/2427 2541/2825/2428 2537/2821/2424
f 2540/2823/2426 2543/2826/2429 2544/2827/2430
f 2541/2825/2428 2546/2828/2431 2545/2829/2432
f 2543/2826/2429 2548/2830/2433 2544/2827/2430
f 2545/2829/2432 2550/2831/2434 2549/2832/2435
f 2547/2833/2436 2552/2834/2437 2548/2830/2433
f 2549/2832/2435 2554/2835/2438 2553/2836/2439
f 2551/2837/2440 2556/2838/2441 2552/2834/2437
f 2553/2836/2439 2558/2839/2442 2557/2840/2443
f 2556/2838/2441 2559/2841/2444 2560/2842/2445
f 2557/2840/2443 2562/2843/2387 2561/2844/2446
f 2559/2841/2444 2564/2845/2380 2560/2842/2445
f 2566/2846/2447 2575/2847/2448 2565/2848/2449
f 2566/2846/2447 2567/2849/2450 2568/2850/2451
f 2568/2850/2451 2577/2851/2452 2578/2852/2453
f 2569/2853/2454 2574/2854/2455 2573/2855/2456
f 2569/2853/2454 2572/2856/2457 2570/2857/2458
f 2571/2858/2459 2580/2859/2460 2572/2860/2457
f 2573/2855/2456 2644/2861/2461 2643/2862/2462
f 2576/2863/2463 2641/2864/2464 2575/2847/2448
f 2577/2865/2452 2582/2866/2465 2578/2867/2453
f 2580/2859/2460 2583/2868/2466 2584/2869/2467
f 2581/2870/2468 2586/2871/2469 2582/2866/2465
f 2584/2869/2467 2587/2872/2470 2588/2873/2471
f 2586/2871/2469 2589/2874/2472 2590/2875/2473
f 2587/2872/2470 2592/2876/2474 2588/2873/2471
f 2589/2874/2472 2594/2877/2475 2590/2875/2473
f 2591/2878/2476 2596/2879/2477 2592/2876/2474
f 2593/2880/2478 2598/2881/2479 2594/2877/2475
f 2596/2879/2477 2599/2882/2480 2600/2883/2481
f 2598/2881/2479 2601/2884/2482 2602/2885/2483
f 2599/2882/2480 2604/2886/2484 2600/2883/2481
f 2601/2884/2482 2606/2887/2485 2602/2885/2483
f 2603/2888/2486 2608/2889/2487 2604/2886/2484
f 2606/2887/2485 2609/2890/2488 2610/2891/2489
f 2608/2889/2487 2611/2892/2490 2612/2893/2491
f 2610/2891/2489 2613/2894/2492 2614/2895/2493
f 2612/2893/2491 2615/2896/2494 2616/2897/2495
f 2613/2894/2492 2618/2898/2496 2614/2895/2493
f 2616/2897/2495 2619/2899/2497 2620/2900/2498
f 2617/2901/2499 2622/2902/2500 2618/2898/2496
f 2619/2899/2497 2624/2903/2501 2620/2900/2498
f 2621/2904/2502 2626/2905/2503 2622/2902/2500
f 2623/2906/2504 2628/2907/2505 2624/2903/2501
f 2626/2905/2503 2629/2908/2506 2630/2909/2507
f 2627/2910/2508 2632/2911/2509 2628/2907/2505
f 2629/2908/2506 2634/2912/2510 2630/2909/2507
f 2631/2913/2511 2636/2914/2512 2632/2911/2509
f 2633/2915/2513 2638/2916/2514 2634/2912/2510
f 2635/2917/2515 2640/2918/2516 2636/2914/2512
f 2637/2919/2517 2642/2920/2518 2638/2916/2514
f 2639/2921/2519 2644/2861/2461 2640/2918/2516
f 2645/2922/2520 2648/2923/2521 2647/2924/2522
f 2645/2922/2520 2656/2925/2523 2646/2926/2524
f 2648/2923/2521 2723/2927/2525 2647/2924/2522
f 2650/2928/2526 2653/2929/2527 2649/2930/2528
f 2649/2930/2528 2652/2931/2529 2650/2928/2526
f 2652/2931/2529 2721/2932/2530 2722/2933/2531
f 2653/2929/2527 2658/2934/2532 2657/2935/2533
f 2655/2936/2534 2660/2937/2535 2656/2925/2523
f 2657/2938/2533 2662/2939/2536 2661/2940/2537
f 2660/2941/2535 2663/2942/2538 2664/2943/2539
f 2661/2940/2537 2666/2944/2540 2665/2945/2541
f 2664/2943/2539 2667/2946/2542 2668/2947/2543
f 2666/2944/2540 2669/2948/2544 2665/2945/2541
f 2668/2947/2543 2671/2949/2545 2672/2950/2546
f 2670/2951/2547 2673/2952/2548 2669/2948/2544
f 2671/2949/2545 2676/2953/2549 2672/2950/2546
f 2673/2952/2548 2678/2954/2550 2677/2955/2551
f 2675/2956/2552 2680/2957/2553 2676/2953/2549
f 2677/2955/2551 2682/2958/2554 2681/2959/2555
f 2679/2960/2556 2684/2961/2557 2680/2957/2553
f 2682/2958/2554 2685/2962/2558 2681/2959/2555
f 2683/2963/2559 2688/2964/2560 2684/2961/2557
f 2686/2965/2561 2689/2966/2562 2685/2962/2558
f 2687/2967/2563 2692/2968/2564 2688/2964/2560
f 2690/2969/2565 2693/2970/2566 2689/2966/2562
f 2692/2968/2564 2695/2971/2567 2696/2972/2568
f 2694/2973/2569 2697/2974/2570 2693/2970/2566
f 2695/2971/2567 2700/2975/2571 2696/2972/2568
f 2698/2976/2572 2701/2977/2573 2697/2974/2570
f 2699/2978/2574 2704/2979/2575 2700/2975/2571
f 2702/2980/2576 2705/2981/2577 2701/2977/2573
f 2704/2979/2575 2707/2982/2578 2708/2983/2579
f 2705/2981/2577 2710/2984/2580 2709/2985/2581
f 2708/2983/2579 2711/2986/2582 2712/2987/2583
f 2710/2984/2580 2713/2988/2584 2709/2985/2581
f 2712/2987/2583 2715/2989/2585 2716/2990/2586
f 2714/2991/2587 2717/2992/2588 2713/2988/2584
f 2715/2989/2585 2720/2993/2589 2716/2990/2586
f 2717/2992/2588 2722/2933/2531 2721/2932/2530
f 2719/2994/2590 2724/2995/2591 2720/2993/2589
f 2405/2699/2305 2161/2996/2592 2415/2712/2317
f 2415/2712/2317 2160/2997/2593 2419/2998/2594
f 2419/2998/2594 2159/2999/2595 2423/2716/2321
f 2423/2716/2321 2158/3000/2596 2427/3001/2597
f 2427/3001/2597 2157/3002/2598 2431/2723/2328
f 2431/2723/2328 2156/3003/2599 2435/3004/2600
f 2435/3004/2600 2155/3005/2601 2439/2729/2334
f 2439/2729/2334 2154/3006/2602 2443/2733/2338
f 2443/2733/2338 2153/3007/2603 2447/3008/2604
f 2447/3008/2604 2152/3009/2605 2451/2739/2344
f 2451/2739/2344 2151/3010/2606 2455/2743/2348
f 2455/2743/2348 2150/3011/2607 2459/2750/2355
f 2459/2750/2355 2149/3012/2608 2463/2754/2359
f 2463/2754/2359 2148/3013/2609 2467/2758/2363
f 2467/2758/2363 2147/3014/2610 2471/2762/2367
f 2471/2762/2367 2146/3015/2611 2475/3016/2612
f 2475/3016/2612 2145/3017/2613 2479/2766/2371
f 2479/2766/2371 2164/3018/2614 2483/2702/2308
f 2483/2702/2308 2163/3019/2615 2407/2703/2304
f 2407/2698/2304 2162/3020/2616 2405/2699/2305
f 2485/2771/2374 2491/2782/2385 2489/2781/2384
f 2489/2781/2384 2495/2775/2378 2485/2771/2374
f 2493/2780/2383 2499/2789/2392 2495/2775/2378
f 2497/2786/2389 2503/2793/2396 2499/2789/2392
f 2501/2788/2391 2507/2797/2400 2503/2793/2396
f 2505/2792/2395 2511/2800/2403 2507/2797/2400
f 2509/2796/2399 2515/2804/2407 2511/2800/2403
f 2513/2799/2402 2519/3021/2617 2515/2804/2407
f 2517/2803/2406 2523/2808/2411 2519/3021/2617
f 2521/2807/2410 2527/2812/2415 2523/2808/2411
f 2525/2811/2414 2531/2819/2422 2527/2812/2415
f 2529/2815/2418 2535/3022/2618 2531/2819/2422
f 2533/2818/2421 2539/2822/2425 2535/3022/2618
f 2537/2821/2424 2543/2826/2429 2539/2822/2425
f 2541/2825/2428 2547/2833/2436 2543/2826/2429
f 2545/2829/2432 2551/2837/2440 2547/2833/2436
f 2549/2832/2435 2555/3023/2619 2551/2837/2440
f 2553/2836/2439 2559/2841/2444 2555/3023/2619
f 2557/2840/2443 2563/3024/2381 2559/2841/2444
f 2561/3025/2446 2487/2773/2376 2563/2778/2381
f 2409/2706/2311 2496/2776/2379 2413/2710/2315
f 2490/2779/2382 2416/3026/2306 2494/3027/2620
f 2496/2776/2379 2417/2714/2319 2413/2710/2315
f 2494/3027/2620 2420/3028/2318 2498/2785/2388
f 2500/2787/2390 2421/3029/2621 2417/2714/2319
f 2420/3028/2318 2502/2791/2394 2498/2785/2388
f 2504/2790/2393 2425/2718/2323 2421/3029/2621
f 2502/2791/2394 2428/3030/2325 2506/3031/2622
f 2425/2718/2323 2512/2798/2401 2429/2721/2326
f 2428/3030/2325 2510/2795/2398 2506/3031/2622
f 2429/2721/2326 2516/2801/2404 2433/3032/2623
f 2432/3033/2329 2514/2802/2405 2510/2795/2398
f 2516/2801/2404 2437/2727/2332 2433/3032/2623
f 2436/3034/2331 2518/2806/2409 2514/2802/2405
f 2437/2727/2332 2524/2809/2412 2441/2731/2336
f 2440/3035/2335 2522/2810/2413 2518/2806/2409
f 2441/2731/2336 2528/2813/2416 2445/2737/2342
f 2444/3036/2339 2526/3037/2624 2522/2810/2413
f 2445/2737/2342 2532/2816/2419 2449/2741/2346
f 2448/3038/2341 2530/2814/2417 2526/3037/2624
f 2449/2741/2346 2536/2820/2423 2453/2745/2350
f 2530/2814/2417 2456/3039/2349 2534/2817/2420
f 2453/2745/2350 2540/2823/2426 2457/3040/2625
f 2456/3039/2349 2538/2824/2427 2534/2817/2420
f 2540/2823/2426 2461/2748/2353 2457/3040/2625
f 2538/2824/2427 2464/3041/2356 2542/3042/2626
f 2544/2827/2430 2465/2752/2357 2461/2748/2353
f 2464/3041/2356 2546/2828/2431 2542/3042/2626
f 2465/2752/2357 2552/2834/2437 2469/2756/2361
f 2468/3043/2360 2550/2831/2434 2546/2828/2431
f 2469/2756/2361 2556/2838/2441 2473/2760/2365
f 2550/2831/2434 2476/3044/2368 2554/2835/2438
f 2556/2838/2441 2477/2764/2369 2473/2760/2365
f 2476/3044/2368 2558/2839/2442 2554/2835/2438
f 2477/2764/2369 2564/2845/2380 2481/2768/2314
f 2480/3045/2372 2562/2843/2387 2558/2839/2442
f 2564/2777/2380 2411/2705/2310 2481/2709/2314
f 2562/2784/2387 2408/3046/2307 2492/2783/2386
f 2406/3047/2303 2492/2783/2386 2408/3046/2307
f 2409/2706/2311 2488/2772/2375 2486/2774/2377
f 2565/2848/2449 2478/2765/2370 2567/2849/2450
f 2567/2849/2450 2482/2769/2313 2577/2851/2452
f 2581/2870/2468 2482/2708/2313 2412/3048/2627
f 2581/2870/2468 2410/2704/2309 2585/3049/2628
f 2585/3049/2628 2414/2707/2312 2589/2874/2472
f 2593/2880/2478 2414/2707/2312 2418/2711/2316
f 2593/2880/2478 2422/2715/2320 2597/3050/2629
f 2601/2884/2482 2422/2715/2320 2426/2719/2324
f 2601/2884/2482 2430/2722/2327 2605/3051/2630
f 2609/2890/2488 2430/2722/2327 2434/2725/2330
f 2609/2890/2488 2438/2728/2333 2613/2894/2492
f 2617/2901/2499 2438/2728/2333 2442/2732/2337
f 2621/2904/2502 2442/2732/2337 2446/2735/2340
f 2621/2904/2502 2450/2738/2343 2625/3052/2631
f 2625/3052/2631 2454/2742/2347 2629/2908/2506
f 2629/2908/2506 2458/2746/2351 2633/2915/2513
f 2637/2919/2517 2458/2746/2351 2462/2749/2354
f 2637/2919/2517 2466/2753/2358 2641/2864/2464
f 2641/2864/2464 2470/2757/2362 2575/2847/2448
f 2575/2847/2448 2474/2761/2366 2565/2848/2449
f 2645/2922/2520 2651/3053/2632 2649/2930/2528
f 2649/2930/2528 2655/2936/2534 2645/2922/2520
f 2653/2929/2527 2659/3054/2633 2655/2936/2534
f 2657/2938/2533 2663/2942/2538 2659/3055/2633
f 2661/2940/2537 2667/2946/2542 2663/2942/2538
f 2665/2945/2541 2671/2949/2545 2667/2946/2542
f 2669/2948/2544 2675/2956/2552 2671/2949/2545
f 2673/2952/2548 2679/2960/2556 2675/2956/2552
f 2677/2955/2551 2683/2963/2559 2679/2960/2556
f 2681/2959/2555 2687/2967/2563 2683/2963/2559
f 2685/2962/2558 2691/3056/2634 2687/2967/2563
f 2691/3056/2634 2693/2970/2566 2695/2971/2567
f 2693/2970/2566 2699/2978/2574 2695/2971/2567
f 2697/2974/2570 2703/3057/2635 2699/2978/2574
f 2701/2977/2573 2707/2982/2578 2703/3057/2635
f 2707/2982/2578 2709/2985/2581 2711/2986/2582
f 2709/2985/2581 2715/2989/2585 2711/2986/2582
f 2713/2988/2584 2719/2994/2590 2715/2989/2585
f 2717/2992/2588 2723/2927/2525 2719/2994/2590
f 2721/2932/2530 2647/2924/2522 2723/2927/2525
f 2664/2943/2539 2568/3058/2451 2660/2941/2535
f 2566/3059/2447 2668/2947/2543 2576/3060/2463
f 2568/3061/2451 2656/2925/2523 2660/2937/2535
f 2656/2925/2523 2582/3062/2465 2646/2926/2524
f 2646/2926/2524 2586/3063/2469 2648/2923/2521
f 2648/2923/2521 2590/3064/2473 2724/2995/2591
f 2724/2995/2591 2594/3065/2475 2720/2993/2589
f 2594/3065/2475 2716/2990/2586 2720/2993/2589
f 2598/3066/2479 2712/2987/2583 2716/2990/2586
f 2602/3067/2483 2708/2983/2579 2712/2987/2583
f 2606/3068/2485 2704/2979/2575 2708/2983/2579
f 2610/3069/2489 2700/2975/2571 2704/2979/2575
f 2700/2975/2571 2618/3070/2496 2696/2972/2568
f 2618/3070/2496 2692/2968/2564 2696/2972/2568
f 2622/3071/2500 2688/2964/2560 2692/2968/2564
f 2626/3072/2503 2684/2961/2557 2688/2964/2560
f 2630/3073/2507 2680/2957/2553 2684/2961/2557
f 2680/2957/2553 2638/3074/2514 2676/2953/2549
f 2638/3074/2514 2672/2950/2546 2676/2953/2549
f 2642/3075/2518 2668/2947/2543 2672/2950/2546
f 2654/3076/2636 2583/2868/2466 2579/3077/2637
f 2571/2858/2459 2654/3076/2636 2579/3077/2637
f 2662/2939/2536 2571/3078/2459 2569/2853/2454
f 2666/2944/2540 2569/2853/2454 2573/2855/2456
f 2670/2951/2547 2573/2855/2456 2643/2862/2462
f 2674/3079/2638 2643/2862/2462 2639/2921/2519
f 2635/2917/2515 2674/3079/2638 2639/2921/2519
f 2682/2958/2554 2635/2917/2515 2631/2913/2511
f 2627/2910/2508 2682/2958/2554 2631/2913/2511
f 2623/2906/2504 2686/2965/2561 2627/2910/2508
f 2694/2973/2569 2623/2906/2504 2619/2899/2497
f 2698/2976/2572 2619/2899/2497 2615/2896/2494
f 2611/2892/2490 2698/2976/2572 2615/2896/2494
f 2607/3080/2639 2702/2980/2576 2611/2892/2490
f 2603/2888/2486 2706/3081/2640 2607/3080/2639
f 2714/2991/2587 2603/2888/2486 2599/2882/2480
f 2718/3082/2641 2599/2882/2480 2595/3083/2642
f 2722/2933/2531 2595/3083/2642 2591/2878/2476
f 2652/2931/2529 2591/2878/2476 2587/2872/2470
f 2583/2868/2466 2652/2931/2529 2587/2872/2470
f 2572/2860/2457 2324/2652/2270 2327/2656/2272
f 2580/2859/2460 2321/2649/2268 2324/2652/2270
f 2584/2869/2467 2318/2646/2265 2321/2649/2268
f 2592/2876/2474 2318/2646/2265 2588/2873/2471
f 2592/2876/2474 2312/2641/2262 2315/2643/2263
f 2600/2883/2481 2312/2641/2262 2596/2879/2477
f 2604/2886/2484 2309/2638/2259 2600/2883/2481
f 2608/2889/2487 2306/2636/2258 2604/2886/2484
f 2608/2889/2487 2300/2630/2253 2303/2633/2256
f 2612/2893/2491 2297/2627/2251 2300/2630/2253
f 2616/2897/2495 2294/2624/2249 2297/2627/2251
f 2624/2903/2501 2294/2624/2249 2620/2900/2498
f 2624/2903/2501 2288/2616/2244 2291/2621/2247
f 2632/2911/2509 2288/2616/2244 2628/2907/2505
f 2636/2914/2512 2285/2617/2245 2632/2911/2509
f 2640/2918/2516 2342/2672/2281 2636/2914/2512
f 2644/2861/2461 2339/2669/2279 2640/2918/2516
f 2574/2854/2455 2336/2666/2277 2644/2861/2461
f 2570/2857/2458 2333/2664/2276 2574/2854/2455
f 2570/2857/2458 2327/2659/2272 2330/2661/2274
s 12
f 2730/3084/2643 2773/3085/2644 2725/3086/2645
f 2726/3087/2646 2735/3088/2647 2727/3089/2648
f 2729/3090/2649 2739/3091/2650 2730/3084/2643
f 2728/3092/2651 2740/3093/2652 2729/3090/2649
f 2727/3089/2648 2741/3094/2653 2728/3092/2651
f 2731/3095/2654 2784/3096/2655 2732/3097/2656
f 2734/3098/2657 2751/3099/2658 2735/3088/2647
f 2733/3100/2659 2752/3101/2660 2734/3098/2657
f 2732/3097/2656 2753/3102/2661 2733/3100/2659
f 2738/3103/2662 2757/3104/2663 2739/3091/2650
f 2737/3105/2664 2758/3106/2665 2738/3103/2662
f 2745/3107/2666 2759/3108/2667 2737/3105/2664
f 2744/3109/2668 2748/3110/2669 2745/3107/2666
f 2743/3111/2670 2749/3112/2671 2744/3109/2668
f 2742/3113/2672 2750/3114/2673 2743/3111/2670
f 2747/3115/2674 2769/3116/2675 2748/3110/2669
f 2746/3117/2676 2770/3118/2677 2747/3115/2674
f 2754/3119/2678 2771/3120/2679 2746/3117/2676
f 2756/3121/2680 2774/3122/2681 2757/3104/2663
f 2755/3123/2682 2775/3124/2683 2756/3121/2680
f 2763/3125/2684 2776/3126/2685 2755/3123/2682
f 2762/3127/2686 2766/3128/2687 2763/3125/2684
f 2761/3129/2688 2767/3130/2689 2762/3127/2686
f 2760/3131/2690 2768/3132/2691 2761/3129/2688
f 2765/3133/2692 2781/3134/2693 2766/3128/2687
f 2764/3135/2694 2782/3136/2695 2765/3133/2692
f 2772/3137/2696 2783/3138/2697 2764/3135/2694
f 2777/3139/2698 2780/3140/2699 2778/3141/2700
f 2735/3088/2647 2742/3113/2672 2727/3089/2648
f 2748/3110/2669 2760/3131/2690 2745/3107/2666
f 2766/3128/2687 2777/3139/2698 2763/3125/2684
f 2784/3096/2655 2754/3119/2678 2732/3097/2656
f 2730/3084/2643 2757/3104/2663 2774/3122/2681
f 2730/3084/2643 2785/3142/2701 2729/3090/2649
f 2727/3089/2648 2786/3143/2702 2726/3087/2646
f 2786/3143/2702 2729/3090/2649 2785/3142/2701
f 2732/3097/2656 2787/3144/2703 2731/3095/2654
f 2787/3144/2703 2734/3098/2657 2788/3145/2704
f 2735/3088/2647 2788/3145/2704 2734/3098/2657
f 2745/3107/2666 2789/3146/2705 2744/3109/2668
f 2789/3146/2705 2738/3103/2662 2790/3147/2706
f 2739/3091/2650 2790/3147/2706 2738/3103/2662
f 2790/3147/2706 2741/3094/2653 2791/3148/2707
f 2742/3113/2672 2791/3148/2707 2741/3094/2653
f 2791/3148/2707 2744/3109/2668 2789/3146/2705
f 2789/3146/2705 2790/3147/2706 2791/3148/2707
f 2754/3119/2678 2792/3149/2708 2753/3102/2661
f 2746/3117/2676 2793/3150/2709 2792/3149/2708
f 2748/3110/2669 2793/3150/2709 2747/3115/2674
f 2793/3150/2709 2750/3114/2673 2794/3151/2710
f 2751/3099/2658 2794/3151/2710 2750/3114/2673
f 2752/3101/2660 2792/3149/2708 2794/3151/2710
f 2792/3149/2708 2793/3150/2709 2794/3151/2710
f 2763/3125/2684 2795/3152/2711 2762/3127/2686
f 2795/3152/2711 2756/3121/2680 2796/3153/2712
f 2757/3104/2663 2796/3153/2712 2756/3121/2680
f 2758/3106/2665 2797/3154/2713 2796/3153/2712
f 2760/3131/2690 2797/3154/2713 2759/3108/2667
f 2797/3154/2713 2762/3127/2686 2795/3152/2711
f 2795/3152/2711 2796/3153/2712 2797/3154/2713
f 2772/3137/2696 2798/3155/2714 2771/3120/2679
f 2798/3155/2714 2765/3133/2692 2799/3156/2715
f 2766/3128/2687 2799/3156/2715 2765/3133/2692
f 2767/3130/2689 2800/3157/2716 2799/3156/2715
f 2769/3116/2675 2800/3157/2716 2768/3132/2691
f 2800/3157/2716 2771/3120/2679 2798/3155/2714
f 2798/3155/2714 2799/3156/2715 2800/3157/2716
f 2774/3122/2681 2801/3158/2717 2773/3085/2644
f 2801/3158/2717 2776/3126/2685 2802/3159/2718
f 2777/3139/2698 2802/3159/2718 2776/3126/2685
f 2784/3096/2655 2803/3160/2719 2783/3138/2697
f 2781/3134/2693 2804/3161/2720 2780/3140/2699
f 2804/3161/2720 2783/3138/2697 2803/3160/2719
s 13
f 2806/3162/2721 2867/3163/2722 2807/3164/2723
f 2805/3165/2724 2859/3166/2725 2806/3162/2721
f 2813/3167/2643 2860/3168/2726 2805/3169/2724
f 2809/3170/2727 2819/3171/2647 2810/3172/2648
f 2808/3173/2728 2820/3174/2729 2809/3175/2727
f 2807/3164/2723 2821/3176/2730 2808/3173/2728
f 2812/3177/2649 2825/3178/2731 2813/3167/2643
f 2811/3179/2651 2826/3180/2652 2812/3177/2649
f 2810/3172/2648 2827/3181/2653 2811/3179/2651
f 2815/3182/2732 2876/3183/2655 2816/3184/2656
f 2814/3185/2733 2868/3186/2734 2815/3187/2732
f 2822/3188/2735 2869/3189/2736 2814/3185/2733
f 2818/3190/2657 2837/3191/2658 2819/3171/2647
f 2817/3192/2659 2838/3193/2737 2818/3190/2657
f 2816/3184/2656 2839/3194/2738 2817/3192/2659
f 2825/3178/2731 2844/3195/2739 2843/3196/2740
f 2823/3197/2741 2844/3195/2739 2824/3198/2742
f 2831/3199/2666 2845/3200/2743 2823/3197/2741
f 2830/3201/2744 2834/3202/2669 2831/3199/2666
f 2830/3201/2744 2836/3203/2745 2835/3204/2746
f 2828/3205/2672 2836/3203/2745 2829/3206/2747
f 2833/3207/2748 2855/3208/2675 2834/3202/2669
f 2832/3209/2749 2856/3210/2750 2833/3207/2748
f 2832/3209/2749 2858/3211/2751 2857/3212/2752
f 2842/3213/2753 2861/3214/2681 2843/3196/2740
f 2841/3215/2754 2862/3216/2683 2842/3213/2753
f 2849/3217/2684 2863/3218/2685 2841/3215/2754
f 2848/3219/2755 2852/3220/2687 2849/3217/2684
f 2848/3219/2755 2854/3221/2756 2853/3222/2757
f 2846/3223/2758 2854/3221/2756 2847/3224/2759
f 2851/3225/2760 2873/3226/2761 2852/3220/2687
f 2850/3227/2762 2874/3228/2763 2851/3225/2760
f 2858/3211/2751 2875/3229/2764 2850/3227/2762
f 2866/3230/2765 2870/3231/2766 2867/3163/2722
f 2865/3232/2767 2871/3233/2768 2866/3230/2765
f 2865/3234/2767 2873/3226/2761 2872/3235/2769
f 2819/3171/2647 2828/3205/2672 2810/3172/2648
f 2834/3202/2669 2846/3223/2758 2831/3199/2666
f 2852/3220/2687 2864/3236/2770 2849/3217/2684
f 2870/3231/2766 2807/3164/2723 2867/3163/2722
f 2876/3183/2655 2840/3237/2771 2816/3184/2656
f 2813/3167/2643 2843/3196/2740 2861/3214/2681
f 2813/3167/2643 2877/3238/2772 2812/3177/2649
f 2877/3239/2772 2806/3162/2721 2878/3240/2773
f 2807/3164/2723 2878/3240/2773 2806/3162/2721
f 2808/3173/2728 2879/3241/2774 2878/3240/2773
f 2810/3172/2648 2879/3242/2774 2809/3170/2727
f 2879/3242/2774 2812/3177/2649 2877/3238/2772
f 2877/3239/2772 2878/3240/2773 2879/3241/2774
f 2822/3188/2735 2880/3243/2775 2821/3176/2730
f 2814/3185/2733 2881/3244/2776 2880/3243/2775
f 2816/3184/2656 2881/3245/2776 2815/3182/2732
f 2881/3245/2776 2818/3190/2657 2882/3246/2777
f 2819/3171/2647 2882/3246/2777 2818/3190/2657
f 2820/3174/2729 2880/3243/2775 2882/3247/2777
f 2880/3243/2775 2881/3244/2776 2882/3247/2777
f 2831/3199/2666 2883/3248/2705 2830/3201/2744
f 2823/3197/2741 2884/3249/2778 2883/3248/2705
f 2825/3178/2731 2884/3249/2778 2824/3198/2742
f 2884/3249/2778 2827/3181/2653 2885/3250/2779
f 2828/3205/2672 2885/3250/2779 2827/3181/2653
f 2829/3206/2747 2883/3248/2705 2885/3250/2779
f 2883/3248/2705 2884/3249/2778 2885/3250/2779
f 2840/3237/2771 2886/3251/2780 2839/3194/2738
f 2886/3251/2780 2833/3207/2748 2887/3252/2781
f 2834/3202/2669 2887/3252/2781 2833/3207/2748
f 2835/3204/2746 2888/3253/2782 2887/3252/2781
f 2837/3191/2658 2888/3253/2782 2836/3203/2745
f 2888/3253/2782 2839/3194/2738 2886/3251/2780
f 2886/3251/2780 2887/3252/2781 2888/3253/2782
f 2849/3217/2684 2889/3254/2711 2848/3219/2755
f 2841/3215/2754 2890/3255/2783 2889/3254/2711
f 2843/3196/2740 2890/3255/2783 2842/3213/2753
f 2890/3255/2783 2845/3200/2743 2891/3256/2784
f 2846/3223/2758 2891/3256/2784 2845/3200/2743
f 2847/3224/2759 2889/3254/2711 2891/3256/2784
f 2889/3254/2711 2890/3255/2783 2891/3256/2784
f 2858/3211/2751 2892/3257/2785 2857/3212/2752
f 2850/3227/2762 2893/3258/2786 2892/3257/2785
f 2852/3220/2687 2893/3258/2786 2851/3225/2760
f 2853/3222/2757 2894/3259/2787 2893/3258/2786
f 2855/3208/2675 2894/3259/2787 2854/3221/2756
f 2856/3210/2750 2892/3257/2785 2894/3259/2787
f 2892/3257/2785 2893/3258/2786 2894/3259/2787
f 2867/3163/2722 2895/3260/2788 2866/3230/2765
f 2859/3166/2725 2896/3261/2789 2895/3260/2788
f 2861/3214/2681 2896/3262/2789 2860/3168/2726
f 2896/3262/2789 2863/3218/2685 2897/3263/2790
f 2864/3236/2770 2897/3263/2790 2863/3218/2685
f 2897/3264/2790 2866/3230/2765 2895/3260/2788
f 2895/3260/2788 2896/3261/2789 2897/3264/2790
f 2876/3183/2655 2898/3265/2791 2875/3229/2764
f 2898/3266/2791 2869/3189/2736 2899/3267/2792
f 2870/3231/2766 2899/3267/2792 2869/3189/2736
f 2899/3267/2792 2872/3268/2769 2900/3269/2793
f 2873/3226/2761 2900/3270/2793 2872/3235/2769
f 2874/3228/2763 2898/3265/2791 2900/3270/2793
f 2898/3266/2791 2899/3267/2792 2900/3269/2793
s 11
f 2227/2392/2043 2226/2396/2047 2229/2393/2044
f 2225/2395/2046 2230/2436/2086 2229/2393/2044
f 2125/2397/2048 2126/2400/2051 2228/2394/2045
f 2127/2399/2050 2227/2392/2043 2228/2394/2045
f 2128/2401/2052 2282/2403/2054 2227/2392/2043
f 2129/2402/2053 2279/2405/2056 2282/2403/2054
f 2130/2404/2055 2276/2407/2058 2279/2405/2056
f 2131/2406/2057 2273/2409/2060 2276/2407/2058
f 2132/2408/2059 2270/2411/2062 2273/2409/2060
f 2133/2410/2061 2267/2413/2064 2270/2411/2062
f 2134/2412/2063 2264/2415/2066 2267/2413/2064
f 2135/2414/2065 2261/2417/2068 2264/2415/2066
f 2136/2416/2067 2258/2419/2070 2261/2417/2068
f 2137/2418/2069 2255/2421/2072 2258/2419/2070
f 2137/2418/2069 2138/2422/2073 2252/2420/2071
f 2138/2422/2073 2139/2425/2076 2249/2423/2074
f 2140/2424/2075 2246/2427/2078 2249/2423/2074
f 2141/2426/2077 2243/2429/2080 2246/2427/2078
f 2142/2428/2079 2240/2431/2082 2243/2429/2080
f 2143/2430/2081 2237/2433/2084 2240/2431/2082
f 2143/2430/2081 2144/7070/2085 2234/2432/2083
f 2144/2434/2085 2125/2397/2048 2231/2398/2049
f 2230/2436/2086 2225/2395/2046 2222/2437/2087
f 2233/2439/2089 2230/2436/2086 2165/2438/2088
f 2236/2441/2091 2233/2439/2089 2168/2440/2090
f 2236/2443/2091 2171/2562/2092 2174/2444/2093
f 2242/2446/2095 2239/2445/2094 2174/2444/2093
f 2245/2448/2097 2242/2446/2095 2177/2447/2096
f 2248/2450/2099 2245/2448/2097 2180/2449/2098
f 2248/2450/2099 2183/2451/2100 2186/2452/2101
f 2251/2453/2102 2186/2452/2101 2189/2454/2103
f 2254/2455/2104 2189/2454/2103 2192/2456/2105
f 2260/2458/2107 2257/2457/2106 2192/2456/2105
f 2263/2460/2109 2260/2458/2107 2195/2459/2108
f 2266/2462/2111 2263/2460/2109 2198/2461/2110
f 2266/2462/2111 2201/2463/2112 2204/2464/2113
f 2269/2465/2114 2204/2464/2113 2207/2466/2115
f 2272/2467/2116 2207/2466/2115 2210/2468/2117
f 2275/2469/2118 2210/2468/2117 2213/2470/2119
f 2281/2472/2121 2278/2471/2120 2213/2470/2119
f 2281/2472/2121 2216/2473/2122 2219/2474/2123
f 2284/2475/2124 2219/2474/2123 2222/2437/2087
f 2347/2476/2125 2329/2480/2129 2326/2477/2126
f 2353/2479/2128 2332/2482/2131 2329/2480/2129
f 2356/2481/2130 2335/2516/2164 2332/2482/2131
f 2350/2483/2127 2326/2653/2126 2323/2484/2132
f 2359/2485/2133 2323/2484/2132 2320/2486/2134
f 2365/2488/2136 2362/2487/2135 2320/2486/2134
f 2365/2488/2136 2317/2489/2137 2314/2490/2138
f 2368/2491/2139 2314/2490/2138 2311/2492/2140
f 2371/2493/2141 2311/2492/2140 2308/2494/2142
f 2377/2496/2144 2374/2495/2143 2308/2494/2142
f 2377/2496/2144 2305/2497/2145 2302/2498/2146
f 2383/2500/2148 2380/2499/2147 2302/2498/2146
f 2383/2500/2148 2299/2501/2149 2296/2502/2150
f 2389/2504/2152 2386/2503/2151 2296/2502/2150
f 2392/2506/2154 2389/2504/2152 2293/2505/2153
f 2392/2506/2154 2290/2507/2155 2287/2508/2156
f 2398/2510/2158 2395/2509/2157 2287/2508/2156
f 2398/2510/2158 2344/2511/2159 2341/2512/2160
f 2404/2514/2162 2401/2513/2161 2341/2512/2160
f 2356/2481/2130 2404/2514/2162 2338/2515/2163
f 2345/2517/2165 2348/2676/2168 2173/2518/2166
f 2348/2520/2168 2357/2523/2170 2176/2521/2169
f 2357/2523/2170 2360/2525/2172 2179/2524/2171
f 2360/2525/2172 2363/2528/2175 2182/2526/2173
f 2366/2527/2174 2185/2530/2177 2182/2526/2173
f 2369/2529/2176 2188/2532/2179 2185/2530/2177
f 2372/2531/2178 2191/2534/2181 2188/2532/2179
f 2375/2533/2180 2194/2536/2183 2191/2534/2181
f 2378/2535/2182 2197/2538/2185 2194/2536/2183
f 2381/2537/2184 2200/2540/2187 2197/2538/2185
f 2384/2539/2186 2203/2542/2189 2200/2540/2187
f 2387/2541/2188 2206/2544/2191 2203/2542/2189
f 2387/2541/2188 2390/2546/2193 2209/2543/2190
f 2393/2545/2192 2212/2548/2195 2209/2543/2190
f 2396/2547/2194 2215/2550/2197 2212/2548/2195
f 2399/2549/2196 2218/2552/2199 2215/2550/2197
f 2399/2549/2196 2402/2554/2201 2221/2551/2198
f 2354/2553/2200 2224/2556/2203 2221/2551/2198
f 2351/2555/2202 2167/2557/2204 2224/2556/2203
f 2345/2517/2165 2170/2519/2167 2167/2557/2204
f 2165/2438/2088 2166/2594/2206 2169/2558/2205
f 2167/2557/2204 2170/2519/2167 2169/2559/2205
f 2169/2558/2205 2172/7071/2207 2171/2442/2092
f 2170/2519/2167 2173/2518/2166 2172/2561/2207
f 2171/2562/2092 2172/7072/2207 2175/2563/2208
f 2173/2522/2166 2176/2521/2169 2175/2564/2208
f 2175/2563/2208 2178/2567/2209 2177/2447/2096
f 2176/2521/2169 2179/2524/2171 2178/2566/2209
f 2178/2567/2209 2181/2569/2210 2180/2449/2098
f 2179/2524/2171 2182/2526/2173 2181/2568/2210
f 2181/2569/2210 2184/2571/2211 2183/2451/2100
f 2182/2526/2173 2185/2530/2177 2184/2570/2211
f 2184/2571/2211 2187/7073/2212 2186/2452/2101
f 2185/2530/2177 2188/2532/2179 2187/2572/2212
f 2186/2452/2101 2187/7073/2212 2190/2573/2213
f 2188/2532/2179 2191/2534/2181 2190/2574/2213
f 2190/2573/2213 2193/2576/2214 2192/2456/2105
f 2191/2534/2181 2194/2536/2183 2193/2575/2214
f 2193/2576/2214 2196/2578/2215 2195/2459/2108
f 2194/2536/2183 2197/2538/2185 2196/2577/2215
f 2196/2578/2215 2199/2580/2216 2198/2461/2110
f 2197/2538/2185 2200/2540/2187 2199/2579/2216
f 2199/2580/2216 2202/2582/2217 2201/2463/2112
f 2200/2540/2187 2203/2542/2189 2202/2581/2217
f 2202/2582/2217 2205/2584/2218 2204/2464/2113
f 2203/2542/2189 2206/2544/2191 2205/2583/2218
f 2205/2584/2218 2208/7074/2219 2207/2466/2115
f 2206/2544/2191 2209/2543/2190 2208/2585/2219
f 2207/2466/2115 2208/7074/2219 2211/2586/2220
f 2209/2543/2190 2212/2548/2195 2211/2587/2220
f 2211/2586/2220 2214/2589/2221 2213/2470/2119
f 2211/2587/2220 2212/2548/2195 2215/2550/2197
f 2214/2589/2221 2217/7075/2222 2216/2473/2122
f 2214/2588/2221 2215/2550/2197 2218/2552/2199
f 2216/2473/2122 2217/7075/2222 2220/2591/2223
f 2218/2552/2199 2221/2551/2198 2220/2592/2223
f 2220/2591/2223 2223/2595/2224 2222/2437/2087
f 2221/2551/2198 2224/2556/2203 2223/2593/2224
f 2166/2560/2206 2223/2593/2224 2224/2556/2203
f 2166/2594/2206 2165/2438/2088 2222/2437/2087
f 2228/2394/2045 2229/2393/2044 2232/2596/2225
f 2230/2436/2086 2233/2439/2089 2232/2596/2225
f 2231/2398/2049 2232/2596/2225 2235/2597/2226
f 2232/2596/2225 2233/2439/2089 2236/2441/2091
f 2235/2598/2226 2238/2599/2227 2237/2433/2084
f 2236/2443/2091 2239/2445/2094 2238/2599/2227
f 2238/2599/2227 2241/2600/2228 2240/2431/2082
f 2238/2599/2227 2239/2445/2094 2242/2446/2095
f 2241/2600/2228 2244/2601/2229 2243/2429/2080
f 2241/2600/2228 2242/2446/2095 2245/2448/2097
f 2244/2601/2229 2247/2602/2230 2246/2427/2078
f 2245/2448/2097 2248/2450/2099 2247/2602/2230
f 2247/2602/2230 2250/2603/2231 2249/2423/2074
f 2247/2602/2230 2248/2450/2099 2251/2453/2102
f 2250/2603/2231 2253/2604/2232 2252/2420/2071
f 2251/2453/2102 2254/2455/2104 2253/2604/2232
f 2253/2604/2232 2256/2605/2233 2255/2421/2072
f 2253/2604/2232 2254/2455/2104 2257/2457/2106
f 2255/2421/2072 2256/2605/2233 2259/2606/2234
f 2257/2457/2106 2260/2458/2107 2259/2606/2234
f 2258/2419/2070 2259/2606/2234 2262/2607/2235
f 2260/2458/2107 2263/2460/2109 2262/2607/2235
f 2261/2417/2068 2262/2607/2235 2265/2608/2236
f 2263/2460/2109 2266/2462/2111 2265/2608/2236
f 2265/2608/2236 2268/2609/2237 2267/2413/2064
f 2266/2462/2111 2269/2465/2114 2268/2609/2237
f 2268/2609/2237 2271/2610/2238 2270/2411/2062
f 2268/2609/2237 2269/2465/2114 2272/2467/2116
f 2271/2610/2238 2274/2611/2239 2273/2409/2060
f 2271/2610/2238 2272/2467/2116 2275/2469/2118
f 2274/2611/2239 2277/2612/2240 2276/2407/2058
f 2274/2611/2239 2275/2469/2118 2278/2471/2120
f 2277/2612/2240 2280/2613/2241 2279/2405/2056
f 2278/2471/2120 2281/2472/2121 2280/2613/2241
f 2280/2613/2241 2283/2614/2242 2282/2403/2054
f 2281/2472/2121 2284/2475/2124 2283/2614/2242
f 2226/2396/2047 2283/2614/2242 2284/2475/2124
f 2226/2396/2047 2227/2392/2043 2282/2403/2054
f 2286/2615/2243 2289/2620/2246 2288/2616/2244
f 2286/2618/2243 2287/2508/2156 2290/2507/2155
f 2289/2620/2246 2292/2623/2248 2291/2621/2247
f 2290/2507/2155 2293/2505/2153 2292/2622/2248
f 2292/2623/2248 2295/2626/2250 2294/2624/2249
f 2292/2622/2248 2293/2505/2153 2296/2502/2150
f 2295/2626/2250 2298/7076/2252 2297/2627/2251
f 2296/2502/2150 2299/2501/2149 2298/2628/2252
f 2298/2629/2252 2301/7077/2254 2300/2630/2253
f 2299/2501/2149 2302/2498/2146 2301/2631/2254
f 2300/2630/2253 2301/7077/2254 2304/2632/2255
f 2301/2631/2254 2302/2498/2146 2305/2497/2145
f 2303/2633/2256 2304/2632/2255 2307/2635/2257
f 2305/2497/2145 2308/2494/2142 2307/2637/2257
f 2307/2635/2257 2310/7078/2260 2309/2638/2259
f 2307/2637/2257 2308/2494/2142 2311/2492/2140
f 2309/2638/2259 2310/7078/2260 2313/2640/2261
f 2310/2639/2260 2311/2492/2140 2314/2490/2138
f 2313/2640/2261 2316/2645/2264 2315/2643/2263
f 2314/2490/2138 2317/2489/2137 2316/2644/2264
f 2316/2645/2264 2319/7079/2266 2318/2646/2265
f 2317/2489/2137 2320/2486/2134 2319/2647/2266
f 2318/2646/2265 2319/7079/2266 2322/2648/2267
f 2319/2647/2266 2320/2486/2134 2323/2484/2132
f 2321/2649/2268 2322/2648/2267 2325/2651/2269
f 2322/2650/2267 2323/2484/2132 2326/2653/2126
f 2324/2652/2270 2325/2651/2269 2328/2655/2271
f 2326/2477/2126 2329/2480/2129 2328/2657/2271
f 2327/2659/2272 2328/7080/2271 2331/2660/2273
f 2328/2657/2271 2329/2480/2129 2332/2482/2131
f 2330/2661/2274 2331/2660/2273 2334/2663/2275
f 2331/2662/2273 2332/2482/2131 2335/2516/2164
f 2334/2663/2275 2337/2668/2278 2336/2666/2277
f 2335/2516/2164 2338/2515/2163 2337/2667/2278
f 2337/2668/2278 2340/2671/2280 2339/2669/2279
f 2338/2515/2163 2341/2512/2160 2340/2670/2280
f 2340/2671/2280 2343/2674/2282 2342/2672/2281
f 2341/2512/2160 2344/2511/2159 2343/2673/2282
f 2287/2508/2156 2286/2618/2243 2343/2673/2282
f 2285/2617/2245 2342/2672/2281 2343/2674/2282
f 2345/2517/2165 2346/2677/2284 2349/2675/2283
f 2347/2476/2125 2350/2478/2127 2349/2675/2283
f 2348/2520/2168 2349/2679/2283 2358/2678/2285
f 2350/2483/2127 2359/2485/2133 2358/2678/2285
f 2347/2476/2125 2346/2677/2284 2352/2680/2286
f 2345/2517/2165 2351/2555/2202 2352/2680/2286
f 2353/2479/2128 2352/2680/2286 2355/2681/2287
f 2351/2555/2202 2354/2553/2200 2355/2681/2287
f 2358/2678/2285 2361/2682/2288 2360/2525/2172
f 2358/2678/2285 2359/2485/2133 2362/2487/2135
f 2360/2525/2172 2361/2682/2288 2364/2683/2289
f 2361/2682/2288 2362/2487/2135 2365/2488/2136
f 2364/2683/2289 2367/2684/2290 2366/2527/2174
f 2365/2488/2136 2368/2491/2139 2367/2684/2290
f 2367/2684/2290 2370/2685/2291 2369/2529/2176
f 2368/2491/2139 2371/2493/2141 2370/2685/2291
f 2369/2529/2176 2370/2685/2291 2373/2686/2292
f 2371/2493/2141 2374/2495/2143 2373/2686/2292
f 2373/2686/2292 2376/2687/2293 2375/2533/2180
f 2373/2686/2292 2374/2495/2143 2377/2496/2144
f 2375/2533/2180 2376/2687/2293 2379/2688/2294
f 2377/2496/2144 2380/2499/2147 2379/2688/2294
f 2379/2688/2294 2382/2689/2295 2381/2537/2184
f 2379/2688/2294 2380/2499/2147 2383/2500/2148
f 2382/2689/2295 2385/2690/2296 2384/2539/2186
f 2382/2689/2295 2383/2500/2148 2386/2503/2151
f 2385/2690/2296 2388/2691/2297 2387/2541/2188
f 2386/2503/2151 2389/2504/2152 2388/2691/2297
f 2387/2541/2188 2388/2691/2297 2391/2692/2298
f 2389/2504/2152 2392/2506/2154 2391/2692/2298
f 2390/2546/2193 2391/2692/2298 2394/2693/2299
f 2392/2506/2154 2395/2509/2157 2394/2693/2299
f 2393/2545/2192 2394/2693/2299 2397/2694/2300
f 2394/2693/2299 2395/2509/2157 2398/2510/2158
f 2397/2694/2300 2400/2695/2301 2399/2549/2196
f 2397/2694/2300 2398/2510/2158 2401/2513/2161
f 2399/2549/2196 2400/2695/2301 2403/2696/2302
f 2401/2513/2161 2404/2514/2162 2403/2696/2302
f 2355/2681/2287 2403/2696/2302 2404/2514/2162
f 2354/2553/2200 2402/2554/2201 2403/2696/2302
f 2406/2697/2303 2408/7081/2307 2407/2698/2304
f 2405/2699/2305 2415/2712/2317 2416/2700/2306
f 2408/2701/2307 2484/2770/2373 2483/2702/2308
f 2410/2704/2309 2412/3048/2627 2411/2705/2310
f 2409/2706/2311 2413/2710/2315 2414/2707/2312
f 2411/2705/2310 2412/3048/2627 2482/2708/2313
f 2413/2710/2315 2417/2714/2319 2418/2711/2316
f 2415/2712/2317 2419/2998/2594 2420/2713/2318
f 2417/2714/2319 2421/3029/2621 2422/2715/2320
f 2420/2713/2318 2419/2998/2594 2423/2716/2321
f 2422/2715/2320 2421/3029/2621 2425/2718/2323
f 2423/2716/2321 2427/3001/2597 2428/2720/2325
f 2426/2719/2324 2425/2718/2323 2429/2721/2326
f 2428/2720/2325 2427/3001/2597 2431/2723/2328
f 2429/2721/2326 2433/3032/2623 2434/2725/2330
f 2431/2723/2328 2435/3004/2600 2436/2726/2331
f 2434/2725/2330 2433/3032/2623 2437/2727/2332
f 2436/2726/2331 2435/3004/2600 2439/2729/2334
f 2438/2728/2333 2437/2727/2332 2441/2731/2336
f 2440/2730/2335 2439/2729/2334 2443/2733/2338
f 2441/2731/2336 2445/2737/2342 2446/2735/2340
f 2443/2733/2338 2447/3008/2604 2448/2736/2341
f 2445/2737/2342 2449/2741/2346 2450/2738/2343
f 2448/2736/2341 2447/3008/2604 2451/2739/2344
f 2449/2741/2346 2453/2745/2350 2454/2742/2347
f 2452/2740/2345 2451/2739/2344 2455/2743/2348
f 2453/2745/2350 2457/3040/2625 2458/2746/2351
f 2455/2743/2348 2459/2750/2355 2460/2747/2352
f 2458/2746/2351 2457/3040/2625 2461/2748/2353
f 2459/2750/2355 2463/2754/2359 2464/2751/2356
f 2462/2749/2354 2461/2748/2353 2465/2752/2357
f 2463/2754/2359 2467/2758/2363 2468/2755/2360
f 2466/2753/2358 2465/2752/2357 2469/2756/2361
f 2467/2758/2363 2471/2762/2367 2472/2759/2364
f 2470/2757/2362 2469/2756/2361 2473/2760/2365
f 2471/2762/2367 2475/3016/2612 2476/2763/2368
f 2474/2761/2366 2473/2760/2365 2477/2764/2369
f 2476/2763/2368 2475/3016/2612 2479/2766/2371
f 2478/2765/2370 2477/2764/2369 2481/2768/2314
f 2479/2766/2371 2483/2702/2308 2484/2770/2373
f 2485/2771/2374 2486/2774/2377 2488/2772/2375
f 2486/2774/2377 2485/2771/2374 2495/2775/2378
f 2487/2773/2376 2488/2772/2375 2564/2777/2380
f 2490/2779/2382 2494/3027/2620 2493/2780/2383
f 2490/2779/2382 2489/2781/2384 2491/2782/2385
f 2491/2782/2385 2561/3025/2446 2562/2784/2387
f 2493/2780/2383 2494/3027/2620 2498/2785/2388
f 2495/2775/2378 2499/2789/2392 2500/2787/2390
f 2498/2785/2388 2502/2791/2394 2501/2788/2391
f 2499/2789/2392 2503/2793/2396 2504/2790/2393
f 2502/2791/2394 2506/3031/2622 2505/2792/2395
f 2503/2793/2396 2507/2797/2400 2508/2794/2397
f 2505/2792/2395 2506/3031/2622 2510/2795/2398
f 2507/2797/2400 2511/2800/2403 2512/2798/2401
f 2510/2795/2398 2514/2802/2405 2513/2799/2402
f 2511/2800/2403 2515/2804/2407 2516/2801/2404
f 2514/2802/2405 2518/2806/2409 2517/2803/2406
f 2515/2804/2407 2519/3021/2617 2520/2805/2408
f 2518/2806/2409 2522/2810/2413 2521/2807/2410
f 2520/2805/2408 2519/3021/2617 2523/2808/2411
f 2522/2810/2413 2526/3037/2624 2525/2811/2414
f 2524/2809/2412 2523/2808/2411 2527/2812/2415
f 2525/2811/2414 2526/3037/2624 2530/2814/2417
f 2527/2812/2415 2531/2819/2422 2532/2816/2419
f 2529/2815/2418 2530/2814/2417 2534/2817/2420
f 2531/2819/2422 2535/3022/2618 2536/2820/2423
f 2534/2817/2420 2538/2824/2427 2537/2821/2424
f 2536/2820/2423 2535/3022/2618 2539/2822/2425
f 2538/2824/2427 2542/3042/2626 2541/2825/2428
f 2540/2823/2426 2539/2822/2425 2543/2826/2429
f 2541/2825/2428 2542/3042/2626 2546/2828/2431
f 2543/2826/2429 2547/2833/2436 2548/2830/2433
f 2545/2829/2432 2546/2828/2431 2550/2831/2434
f 2547/2833/2436 2551/2837/2440 2552/2834/2437
f 2549/2832/2435 2550/2831/2434 2554/2835/2438
f 2551/2837/2440 2555/3023/2619 2556/2838/2441
f 2553/2836/2439 2554/2835/2438 2558/2839/2442
f 2556/2838/2441 2555/3023/2619 2559/2841/2444
f 2557/2840/2443 2558/2839/2442 2562/2843/2387
f 2559/2841/2444 2563/3024/2381 2564/2845/2380
f 2566/2846/2447 2576/2863/2463 2575/2847/2448
f 2566/2846/2447 2565/2848/2449 2567/2849/2450
f 2568/2850/2451 2567/2849/2450 2577/2851/2452
f 2569/2853/2454 2570/2857/2458 2574/2854/2455
f 2569/2853/2454 2571/3078/2459 2572/2856/2457
f 2571/2858/2459 2579/3077/2637 2580/2859/2460
f 2573/2855/2456 2574/2854/2455 2644/2861/2461
f 2576/2863/2463 2642/2920/2518 2641/2864/2464
f 2577/2865/2452 2581/2870/2468 2582/2866/2465
f 2580/2859/2460 2579/3077/2637 2583/2868/2466
f 2581/2870/2468 2585/3049/2628 2586/2871/2469
f 2584/2869/2467 2583/2868/2466 2587/2872/2470
f 2586/2871/2469 2585/3049/2628 2589/2874/2472
f 2587/2872/2470 2591/2878/2476 2592/2876/2474
f 2589/2874/2472 2593/2880/2478 2594/2877/2475
f 2591/2878/2476 2595/3083/2642 2596/2879/2477
f 2593/2880/2478 2597/3050/2629 2598/2881/2479
f 2596/2879/2477 2595/3083/2642 2599/2882/2480
f 2598/2881/2479 2597/3050/2629 2601/2884/2482
f 2599/2882/2480 2603/2888/2486 2604/2886/2484
f 2601/2884/2482 2605/3051/2630 2606/2887/2485
f 2603/2888/2486 2607/3080/2639 2608/2889/2487
f 2606/2887/2485 2605/3051/2630 2609/2890/2488
f 2608/2889/2487 2607/3080/2639 2611/2892/2490
f 2610/2891/2489 2609/2890/2488 2613/2894/2492
f 2612/2893/2491 2611/2892/2490 2615/2896/2494
f 2613/2894/2492 2617/2901/2499 2618/2898/2496
f 2616/2897/2495 2615/2896/2494 2619/2899/2497
f 2617/2901/2499 2621/2904/2502 2622/2902/2500
f 2619/2899/2497 2623/2906/2504 2624/2903/2501
f 2621/2904/2502 2625/3052/2631 2626/2905/2503
f 2623/2906/2504 2627/2910/2508 2628/2907/2505
f 2626/2905/2503 2625/3052/2631 2629/2908/2506
f 2627/2910/2508 2631/2913/2511 2632/2911/2509
f 2629/2908/2506 2633/2915/2513 2634/2912/2510
f 2631/2913/2511 2635/2917/2515 2636/2914/2512
f 2633/2915/2513 2637/2919/2517 2638/2916/2514
f 2635/2917/2515 2639/2921/2519 2640/2918/2516
f 2637/2919/2517 2641/2864/2464 2642/2920/2518
f 2639/2921/2519 2643/2862/2462 2644/2861/2461
f 2645/2922/2520 2646/2926/2524 2648/2923/2521
f 2645/2922/2520 2655/2936/2534 2656/2925/2523
f 2648/2923/2521 2724/2995/2591 2723/2927/2525
f 2650/2928/2526 2654/3076/2636 2653/2929/2527
f 2649/2930/2528 2651/3053/2632 2652/2931/2529
f 2652/2931/2529 2651/3053/2632 2721/2932/2530
f 2653/2929/2527 2654/3076/2636 2658/2934/2532
f 2655/2936/2534 2659/3054/2633 2660/2937/2535
f 2657/2938/2533 2658/7082/2532 2662/2939/2536
f 2660/2941/2535 2659/3055/2633 2663/2942/2538
f 2661/2940/2537 2662/2939/2536 2666/2944/2540
f 2664/2943/2539 2663/2942/2538 2667/2946/2542
f 2666/2944/2540 2670/2951/2547 2669/2948/2544
f 2668/2947/2543 2667/2946/2542 2671/2949/2545
f 2670/2951/2547 2674/3079/2638 2673/2952/2548
f 2671/2949/2545 2675/2956/2552 2676/2953/2549
f 2673/2952/2548 2674/3079/2638 2678/2954/2550
f 2675/2956/2552 2679/2960/2556 2680/2957/2553
f 2677/2955/2551 2678/2954/2550 2682/2958/2554
f 2679/2960/2556 2683/2963/2559 2684/2961/2557
f 2682/2958/2554 2686/2965/2561 2685/2962/2558
f 2683/2963/2559 2687/2967/2563 2688/2964/2560
f 2686/2965/2561 2690/2969/2565 2689/2966/2562
f 2687/2967/2563 2691/3056/2634 2692/2968/2564
f 2690/2969/2565 2694/2973/2569 2693/2970/2566
f 2692/2968/2564 2691/3056/2634 2695/2971/2567
f 2694/2973/2569 2698/2976/2572 2697/2974/2570
f 2695/2971/2567 2699/2978/2574 2700/2975/2571
f 2698/2976/2572 2702/2980/2576 2701/2977/2573
f 2699/2978/2574 2703/3057/2635 2704/2979/2575
f 2702/2980/2576 2706/3081/2640 2705/2981/2577
f 2704/2979/2575 2703/3057/2635 2707/2982/2578
f 2705/2981/2577 2706/3081/2640 2710/2984/2580
f 2708/2983/2579 2707/2982/2578 2711/2986/2582
f 2710/2984/2580 2714/2991/2587 2713/2988/2584
f 2712/2987/2583 2711/2986/2582 2715/2989/2585
f 2714/2991/2587 2718/3082/2641 2717/2992/2588
f 2715/2989/2585 2719/2994/2590 2720/2993/2589
f 2717/2992/2588 2718/3082/2641 2722/2933/2531
f 2719/2994/2590 2723/2927/2525 2724/2995/2591
f 2405/2699/2305 2162/3020/2616 2161/2996/2592
f 2415/2712/2317 2161/2996/2592 2160/2997/2593
f 2419/2998/2594 2160/2997/2593 2159/2999/2595
f 2423/2716/2321 2159/2999/2595 2158/3000/2596
f 2427/3001/2597 2158/3000/2596 2157/3002/2598
f 2431/2723/2328 2157/3002/2598 2156/3003/2599
f 2435/3004/2600 2156/3003/2599 2155/3005/2601
f 2439/2729/2334 2155/3005/2601 2154/3006/2602
f 2443/2733/2338 2154/3006/2602 2153/3007/2603
f 2447/3008/2604 2153/3007/2603 2152/3009/2605
f 2451/2739/2344 2152/3009/2605 2151/3010/2606
f 2455/2743/2348 2151/3010/2606 2150/3011/2607
f 2459/2750/2355 2150/3011/2607 2149/3012/2608
f 2463/2754/2359 2149/3012/2608 2148/3013/2609
f 2467/2758/2363 2148/3013/2609 2147/3014/2610
f 2471/2762/2367 2147/3014/2610 2146/3015/2611
f 2475/3016/2612 2146/3015/2611 2145/3017/2613
f 2479/2766/2371 2145/3017/2613 2164/3018/2614
f 2483/2702/2308 2164/3018/2614 2163/3019/2615
f 2407/2698/2304 2163/7083/2615 2162/3020/2616
f 2485/2771/2374 2487/2773/2376 2491/2782/2385
f 2489/2781/2384 2493/2780/2383 2495/2775/2378
f 2493/2780/2383 2497/2786/2389 2499/2789/2392
f 2497/2786/2389 2501/2788/2391 2503/2793/2396
f 2501/2788/2391 2505/2792/2395 2507/2797/2400
f 2505/2792/2395 2509/2796/2399 2511/2800/2403
f 2509/2796/2399 2513/2799/2402 2515/2804/2407
f 2513/2799/2402 2517/2803/2406 2519/3021/2617
f 2517/2803/2406 2521/2807/2410 2523/2808/2411
f 2521/2807/2410 2525/2811/2414 2527/2812/2415
f 2525/2811/2414 2529/2815/2418 2531/2819/2422
f 2529/2815/2418 2533/2818/2421 2535/3022/2618
f 2533/2818/2421 2537/2821/2424 2539/2822/2425
f 2537/2821/2424 2541/2825/2428 2543/2826/2429
f 2541/2825/2428 2545/2829/2432 2547/2833/2436
f 2545/2829/2432 2549/2832/2435 2551/2837/2440
f 2549/2832/2435 2553/2836/2439 2555/3023/2619
f 2553/2836/2439 2557/2840/2443 2559/2841/2444
f 2557/2840/2443 2561/2844/2446 2563/3024/2381
f 2561/3025/2446 2491/2782/2385 2487/2773/2376
f 2409/2706/2311 2486/2774/2377 2496/2776/2379
f 2490/2779/2382 2406/3047/2303 2416/3026/2306
f 2496/2776/2379 2500/2787/2390 2417/2714/2319
f 2494/3027/2620 2416/3026/2306 2420/3028/2318
f 2500/2787/2390 2504/2790/2393 2421/3029/2621
f 2420/3028/2318 2424/7084/2322 2502/2791/2394
f 2504/2790/2393 2508/2794/2397 2425/2718/2323
f 2502/2791/2394 2424/7084/2322 2428/3030/2325
f 2425/2718/2323 2508/2794/2397 2512/2798/2401
f 2428/3030/2325 2432/3033/2329 2510/2795/2398
f 2429/2721/2326 2512/2798/2401 2516/2801/2404
f 2432/3033/2329 2436/3034/2331 2514/2802/2405
f 2516/2801/2404 2520/2805/2408 2437/2727/2332
f 2436/3034/2331 2440/3035/2335 2518/2806/2409
f 2437/2727/2332 2520/2805/2408 2524/2809/2412
f 2440/3035/2335 2444/3036/2339 2522/2810/2413
f 2441/2731/2336 2524/2809/2412 2528/2813/2416
f 2444/3036/2339 2448/3038/2341 2526/3037/2624
f 2445/2737/2342 2528/2813/2416 2532/2816/2419
f 2448/3038/2341 2452/7085/2345 2530/2814/2417
f 2449/2741/2346 2532/2816/2419 2536/2820/2423
f 2530/2814/2417 2452/7085/2345 2456/3039/2349
f 2453/2745/2350 2536/2820/2423 2540/2823/2426
f 2456/3039/2349 2460/7086/2352 2538/2824/2427
f 2540/2823/2426 2544/2827/2430 2461/2748/2353
f 2538/2824/2427 2460/7086/2352 2464/3041/2356
f 2544/2827/2430 2548/2830/2433 2465/2752/2357
f 2464/3041/2356 2468/3043/2360 2546/2828/2431
f 2465/2752/2357 2548/2830/2433 2552/2834/2437
f 2468/3043/2360 2472/7087/2364 2550/2831/2434
f 2469/2756/2361 2552/2834/2437 2556/2838/2441
f 2550/2831/2434 2472/7087/2364 2476/3044/2368
f 2556/2838/2441 2560/2842/2445 2477/2764/2369
f 2476/3044/2368 2480/3045/2372 2558/2839/2442
f 2477/2764/2369 2560/2842/2445 2564/2845/2380
f 2480/3045/2372 2484/7088/2373 2562/2843/2387
f 2564/2777/2380 2488/2772/2375 2411/2705/2310
f 2562/2784/2387 2484/7089/2373 2408/3046/2307
f 2406/3047/2303 2490/2779/2382 2492/2783/2386
f 2409/2706/2311 2411/2705/2310 2488/2772/2375
f 2565/2848/2449 2474/2761/2366 2478/2765/2370
f 2567/2849/2450 2478/2765/2370 2482/2769/2313
f 2581/2870/2468 2577/2865/2452 2482/2708/2313
f 2581/2870/2468 2412/3048/2627 2410/2704/2309
f 2585/3049/2628 2410/2704/2309 2414/2707/2312
f 2593/2880/2478 2589/2874/2472 2414/2707/2312
f 2593/2880/2478 2418/2711/2316 2422/2715/2320
f 2601/2884/2482 2597/3050/2629 2422/2715/2320
f 2601/2884/2482 2426/2719/2324 2430/2722/2327
f 2609/2890/2488 2605/3051/2630 2430/2722/2327
f 2609/2890/2488 2434/2725/2330 2438/2728/2333
f 2617/2901/2499 2613/2894/2492 2438/2728/2333
f 2621/2904/2502 2617/2901/2499 2442/2732/2337
f 2621/2904/2502 2446/2735/2340 2450/2738/2343
f 2625/3052/2631 2450/2738/2343 2454/2742/2347
f 2629/2908/2506 2454/2742/2347 2458/2746/2351
f 2637/2919/2517 2633/2915/2513 2458/2746/2351
f 2637/2919/2517 2462/2749/2354 2466/2753/2358
f 2641/2864/2464 2466/2753/2358 2470/2757/2362
f 2575/2847/2448 2470/2757/2362 2474/2761/2366
f 2645/2922/2520 2647/2924/2522 2651/3053/2632
f 2649/2930/2528 2653/2929/2527 2655/2936/2534
f 2653/2929/2527 2657/2935/2533 2659/3054/2633
f 2657/2938/2533 2661/2940/2537 2663/2942/2538
f 2661/2940/2537 2665/2945/2541 2667/2946/2542
f 2665/2945/2541 2669/2948/2544 2671/2949/2545
f 2669/2948/2544 2673/2952/2548 2675/2956/2552
f 2673/2952/2548 2677/2955/2551 2679/2960/2556
f 2677/2955/2551 2681/2959/2555 2683/2963/2559
f 2681/2959/2555 2685/2962/2558 2687/2967/2563
f 2685/2962/2558 2689/2966/2562 2691/3056/2634
f 2691/3056/2634 2689/2966/2562 2693/2970/2566
f 2693/2970/2566 2697/2974/2570 2699/2978/2574
f 2697/2974/2570 2701/2977/2573 2703/3057/2635
f 2701/2977/2573 2705/2981/2577 2707/2982/2578
f 2707/2982/2578 2705/2981/2577 2709/2985/2581
f 2709/2985/2581 2713/2988/2584 2715/2989/2585
f 2713/2988/2584 2717/2992/2588 2719/2994/2590
f 2717/2992/2588 2721/2932/2530 2723/2927/2525
f 2721/2932/2530 2651/3053/2632 2647/2924/2522
f 2664/2943/2539 2566/3059/2447 2568/3058/2451
f 2566/3059/2447 2664/2943/2539 2668/2947/2543
f 2568/3061/2451 2578/7090/2453 2656/2925/2523
f 2656/2925/2523 2578/7090/2453 2582/3062/2465
f 2646/2926/2524 2582/3062/2465 2586/3063/2469
f 2648/2923/2521 2586/3063/2469 2590/3064/2473
f 2724/2995/2591 2590/3064/2473 2594/3065/2475
f 2594/3065/2475 2598/3066/2479 2716/2990/2586
f 2598/3066/2479 2602/3067/2483 2712/2987/2583
f 2602/3067/2483 2606/3068/2485 2708/2983/2579
f 2606/3068/2485 2610/3069/2489 2704/2979/2575
f 2610/3069/2489 2614/7091/2493 2700/2975/2571
f 2700/2975/2571 2614/7091/2493 2618/3070/2496
f 2618/3070/2496 2622/3071/2500 2692/2968/2564
f 2622/3071/2500 2626/3072/2503 2688/2964/2560
f 2626/3072/2503 2630/3073/2507 2684/2961/2557
f 2630/3073/2507 2634/7092/2510 2680/2957/2553
f 2680/2957/2553 2634/7092/2510 2638/3074/2514
f 2638/3074/2514 2642/3075/2518 2672/2950/2546
f 2642/3075/2518 2576/3060/2463 2668/2947/2543
f 2654/3076/2636 2650/2928/2526 2583/2868/2466
f 2571/2858/2459 2658/2934/2532 2654/3076/2636
f 2662/2939/2536 2658/7082/2532 2571/3078/2459
f 2666/2944/2540 2662/2939/2536 2569/2853/2454
f 2670/2951/2547 2666/2944/2540 2573/2855/2456
f 2674/3079/2638 2670/2951/2547 2643/2862/2462
f 2635/2917/2515 2678/2954/2550 2674/3079/2638
f 2682/2958/2554 2678/2954/2550 2635/2917/2515
f 2627/2910/2508 2686/2965/2561 2682/2958/2554
f 2623/2906/2504 2690/2969/2565 2686/2965/2561
f 2694/2973/2569 2690/2969/2565 2623/2906/2504
f 2698/2976/2572 2694/2973/2569 2619/2899/2497
f 2611/2892/2490 2702/2980/2576 2698/2976/2572
f 2607/3080/2639 2706/3081/2640 2702/2980/2576
f 2603/2888/2486 2710/2984/2580 2706/3081/2640
f 2714/2991/2587 2710/2984/2580 2603/2888/2486
f 2718/3082/2641 2714/2991/2587 2599/2882/2480
f 2722/2933/2531 2718/3082/2641 2595/3083/2642
f 2652/2931/2529 2722/2933/2531 2591/2878/2476
f 2583/2868/2466 2650/2928/2526 2652/2931/2529
f 2572/2860/2457 2580/2859/2460 2324/2652/2270
f 2580/2859/2460 2584/2869/2467 2321/2649/2268
f 2584/2869/2467 2588/2873/2471 2318/2646/2265
f 2592/2876/2474 2315/2643/2263 2318/2646/2265
f 2592/2876/2474 2596/2879/2477 2312/2641/2262
f 2600/2883/2481 2309/2638/2259 2312/2641/2262
f 2604/2886/2484 2306/2636/2258 2309/2638/2259
f 2608/2889/2487 2303/2633/2256 2306/2636/2258
f 2608/2889/2487 2612/2893/2491 2300/2630/2253
f 2612/2893/2491 2616/2897/2495 2297/2627/2251
f 2616/2897/2495 2620/2900/2498 2294/2624/2249
f 2624/2903/2501 2291/2621/2247 2294/2624/2249
f 2624/2903/2501 2628/2907/2505 2288/2616/2244
f 2632/2911/2509 2285/2617/2245 2288/2616/2244
f 2636/2914/2512 2342/2672/2281 2285/2617/2245
f 2640/2918/2516 2339/2669/2279 2342/2672/2281
f 2644/2861/2461 2336/2666/2277 2339/2669/2279
f 2574/2854/2455 2333/2664/2276 2336/2666/2277
f 2570/2857/2458 2330/2661/2274 2333/2664/2276
f 2570/2857/2458 2572/2856/2457 2327/2659/2272
s 12
f 2730/3084/2643 2774/3122/2681 2773/3085/2644
f 2726/3087/2646 2736/7093/4147 2735/3088/2647
f 2729/3090/2649 2740/3093/2652 2739/3091/2650
f 2728/3092/2651 2741/3094/2653 2740/3093/2652
f 2727/3089/2648 2742/3113/2672 2741/3094/2653
f 2731/3095/2654 2779/7094/4148 2784/3096/2655
f 2734/3098/2657 2752/3101/2660 2751/3099/2658
f 2733/3100/2659 2753/3102/2661 2752/3101/2660
f 2732/3097/2656 2754/3119/2678 2753/3102/2661
f 2738/3103/2662 2758/3106/2665 2757/3104/2663
f 2737/3105/2664 2759/3108/2667 2758/3106/2665
f 2745/3107/2666 2760/3131/2690 2759/3108/2667
f 2744/3109/2668 2749/3112/2671 2748/3110/2669
f 2743/3111/2670 2750/3114/2673 2749/3112/2671
f 2742/3113/2672 2751/3099/2658 2750/3114/2673
f 2747/3115/2674 2770/3118/2677 2769/3116/2675
f 2746/3117/2676 2771/3120/2679 2770/3118/2677
f 2754/3119/2678 2772/3137/2696 2771/3120/2679
f 2756/3121/2680 2775/3124/2683 2774/3122/2681
f 2755/3123/2682 2776/3126/2685 2775/3124/2683
f 2763/3125/2684 2777/3139/2698 2776/3126/2685
f 2762/3127/2686 2767/3130/2689 2766/3128/2687
f 2761/3129/2688 2768/3132/2691 2767/3130/2689
f 2760/3131/2690 2769/3116/2675 2768/3132/2691
f 2765/3133/2692 2782/3136/2695 2781/3134/2693
f 2764/3135/2694 2783/3138/2697 2782/3136/2695
f 2772/3137/2696 2784/3096/2655 2783/3138/2697
f 2777/3139/2698 2781/3134/2693 2780/3140/2699
f 2735/3088/2647 2751/3099/2658 2742/3113/2672
f 2748/3110/2669 2769/3116/2675 2760/3131/2690
f 2766/3128/2687 2781/3134/2693 2777/3139/2698
f 2784/3096/2655 2772/3137/2696 2754/3119/2678
f 2730/3084/2643 2739/3091/2650 2757/3104/2663
f 2730/3084/2643 2725/3086/2645 2785/3142/2701
f 2727/3089/2648 2728/3092/2651 2786/3143/2702
f 2786/3143/2702 2728/3092/2651 2729/3090/2649
f 2732/3097/2656 2733/3100/2659 2787/3144/2703
f 2787/3144/2703 2733/3100/2659 2734/3098/2657
f 2735/3088/2647 2736/7093/4147 2788/3145/2704
f 2745/3107/2666 2737/3105/2664 2789/3146/2705
f 2789/3146/2705 2737/3105/2664 2738/3103/2662
f 2739/3091/2650 2740/3093/2652 2790/3147/2706
f 2790/3147/2706 2740/3093/2652 2741/3094/2653
f 2742/3113/2672 2743/3111/2670 2791/3148/2707
f 2791/3148/2707 2743/3111/2670 2744/3109/2668
f 2754/3119/2678 2746/3117/2676 2792/3149/2708
f 2746/3117/2676 2747/3115/2674 2793/3150/2709
f 2748/3110/2669 2749/3112/2671 2793/3150/2709
f 2793/3150/2709 2749/3112/2671 2750/3114/2673
f 2751/3099/2658 2752/3101/2660 2794/3151/2710
f 2752/3101/2660 2753/3102/2661 2792/3149/2708
f 2763/3125/2684 2755/3123/2682 2795/3152/2711
f 2795/3152/2711 2755/3123/2682 2756/3121/2680
f 2757/3104/2663 2758/3106/2665 2796/3153/2712
f 2758/3106/2665 2759/3108/2667 2797/3154/2713
f 2760/3131/2690 2761/3129/2688 2797/3154/2713
f 2797/3154/2713 2761/3129/2688 2762/3127/2686
f 2772/3137/2696 2764/3135/2694 2798/3155/2714
f 2798/3155/2714 2764/3135/2694 2765/3133/2692
f 2766/3128/2687 2767/3130/2689 2799/3156/2715
f 2767/3130/2689 2768/3132/2691 2800/3157/2716
f 2769/3116/2675 2770/3118/2677 2800/3157/2716
f 2800/3157/2716 2770/3118/2677 2771/3120/2679
f 2774/3122/2681 2775/3124/2683 2801/3158/2717
f 2801/3158/2717 2775/3124/2683 2776/3126/2685
f 2777/3139/2698 2778/3141/2700 2802/3159/2718
f 2784/3096/2655 2779/7094/4148 2803/3160/2719
f 2781/3134/2693 2782/3136/2695 2804/3161/2720
f 2804/3161/2720 2782/3136/2695 2783/3138/2697
s 13
f 2806/3162/2721 2859/3166/2725 2867/3163/2722
f 2805/3165/2724 2860/7095/2726 2859/3166/2725
f 2813/3167/2643 2861/3214/2681 2860/3168/2726
f 2809/3170/2727 2820/7096/2729 2819/3171/2647
f 2808/3173/2728 2821/3176/2730 2820/3174/2729
f 2807/3164/2723 2822/3188/2735 2821/3176/2730
f 2812/3177/2649 2826/3180/2652 2825/3178/2731
f 2811/3179/2651 2827/3181/2653 2826/3180/2652
f 2810/3172/2648 2828/3205/2672 2827/3181/2653
f 2815/3182/2732 2868/7097/2734 2876/3183/2655
f 2814/3185/2733 2869/3189/2736 2868/3186/2734
f 2822/3188/2735 2870/3231/2766 2869/3189/2736
f 2818/3190/2657 2838/3193/2737 2837/3191/2658
f 2817/3192/2659 2839/3194/2738 2838/3193/2737
f 2816/3184/2656 2840/3237/2771 2839/3194/2738
f 2825/3178/2731 2824/3198/2742 2844/3195/2739
f 2823/3197/2741 2845/3200/2743 2844/3195/2739
f 2831/3199/2666 2846/3223/2758 2845/3200/2743
f 2830/3201/2744 2835/3204/2746 2834/3202/2669
f 2830/3201/2744 2829/3206/2747 2836/3203/2745
f 2828/3205/2672 2837/3191/2658 2836/3203/2745
f 2833/3207/2748 2856/3210/2750 2855/3208/2675
f 2832/3209/2749 2857/3212/2752 2856/3210/2750
f 2832/3209/2749 2840/3237/2771 2858/3211/2751
f 2842/3213/2753 2862/3216/2683 2861/3214/2681
f 2841/3215/2754 2863/3218/2685 2862/3216/2683
f 2849/3217/2684 2864/3236/2770 2863/3218/2685
f 2848/3219/2755 2853/3222/2757 2852/3220/2687
f 2848/3219/2755 2847/3224/2759 2854/3221/2756
f 2846/3223/2758 2855/3208/2675 2854/3221/2756
f 2851/3225/2760 2874/3228/2763 2873/3226/2761
f 2850/3227/2762 2875/3229/2764 2874/3228/2763
f 2858/3211/2751 2876/3183/2655 2875/3229/2764
f 2866/3230/2765 2871/3233/2768 2870/3231/2766
f 2865/3232/2767 2872/3268/2769 2871/3233/2768
f 2865/3234/2767 2864/3236/2770 2873/3226/2761
f 2819/3171/2647 2837/3191/2658 2828/3205/2672
f 2834/3202/2669 2855/3208/2675 2846/3223/2758
f 2852/3220/2687 2873/3226/2761 2864/3236/2770
f 2870/3231/2766 2822/3188/2735 2807/3164/2723
f 2876/3183/2655 2858/3211/2751 2840/3237/2771
f 2813/3167/2643 2825/3178/2731 2843/3196/2740
f 2813/3167/2643 2805/3169/2724 2877/3238/2772
f 2877/3239/2772 2805/3165/2724 2806/3162/2721
f 2807/3164/2723 2808/3173/2728 2878/3240/2773
f 2808/3173/2728 2809/3175/2727 2879/3241/2774
f 2810/3172/2648 2811/3179/2651 2879/3242/2774
f 2879/3242/2774 2811/3179/2651 2812/3177/2649
f 2822/3188/2735 2814/3185/2733 2880/3243/2775
f 2814/3185/2733 2815/3187/2732 2881/3244/2776
f 2816/3184/2656 2817/3192/2659 2881/3245/2776
f 2881/3245/2776 2817/3192/2659 2818/3190/2657
f 2819/3171/2647 2820/7096/2729 2882/3246/2777
f 2820/3174/2729 2821/3176/2730 2880/3243/2775
f 2831/3199/2666 2823/3197/2741 2883/3248/2705
f 2823/3197/2741 2824/3198/2742 2884/3249/2778
f 2825/3178/2731 2826/3180/2652 2884/3249/2778
f 2884/3249/2778 2826/3180/2652 2827/3181/2653
f 2828/3205/2672 2829/3206/2747 2885/3250/2779
f 2829/3206/2747 2830/3201/2744 2883/3248/2705
f 2840/3237/2771 2832/3209/2749 2886/3251/2780
f 2886/3251/2780 2832/3209/2749 2833/3207/2748
f 2834/3202/2669 2835/3204/2746 2887/3252/2781
f 2835/3204/2746 2836/3203/2745 2888/3253/2782
f 2837/3191/2658 2838/3193/2737 2888/3253/2782
f 2888/3253/2782 2838/3193/2737 2839/3194/2738
f 2849/3217/2684 2841/3215/2754 2889/3254/2711
f 2841/3215/2754 2842/3213/2753 2890/3255/2783
f 2843/3196/2740 2844/3195/2739 2890/3255/2783
f 2890/3255/2783 2844/3195/2739 2845/3200/2743
f 2846/3223/2758 2847/3224/2759 2891/3256/2784
f 2847/3224/2759 2848/3219/2755 2889/3254/2711
f 2858/3211/2751 2850/3227/2762 2892/3257/2785
f 2850/3227/2762 2851/3225/2760 2893/3258/2786
f 2852/3220/2687 2853/3222/2757 2893/3258/2786
f 2853/3222/2757 2854/3221/2756 2894/3259/2787
f 2855/3208/2675 2856/3210/2750 2894/3259/2787
f 2856/3210/2750 2857/3212/2752 2892/3257/2785
f 2867/3163/2722 2859/3166/2725 2895/3260/2788
f 2859/3166/2725 2860/7095/2726 2896/3261/2789
f 2861/3214/2681 2862/3216/2683 2896/3262/2789
f 2896/3262/2789 2862/3216/2683 2863/3218/2685
f 2864/3236/2770 2865/3234/2767 2897/3263/2790
f 2897/3264/2790 2865/3232/2767 2866/3230/2765
f 2876/3183/2655 2868/7097/2734 2898/3265/2791
f 2898/3266/2791 2868/3186/2734 2869/3189/2736
f 2870/3231/2766 2871/3233/2768 2899/3267/2792
f 2899/3267/2792 2871/3233/2768 2872/3268/2769
f 2873/3226/2761 2874/3228/2763 2900/3270/2793
f 2874/3228/2763 2875/3229/2764 2898/3265/2791
s 14
g glass__design_Lamp_int1
usemtl Lamp_int1
f 2926/3271/2794 3021/3272/2033 3022/3273/2795
f 3012/3274/2796 2986/3275/2797 3011/3276/2798
f 2970/3277/2042 2932/3278/2799 2947/3279/2800
f 2931/3280/2801 3047/3281/2036 3048/3282/2802
f 2925/3283/2803 2995/3284/2039 2996/3285/2804
f 3074/3286/2805 2904/3287/2806 3013/3288/2807
f 3071/3289/2808 2903/3290/2809 2987/3291/2810
f 2905/3292/2811 3068/3293/2812 3069/3294/2813
f 3077/3295/2814 2906/3296/2815 3039/3297/2816
f 2933/3298/2817 3016/3299/2033 3017/3300/2818
f 2934/3301/2819 2990/3302/2039 2991/3303/2820
f 2965/3304/2042 2937/3305/2821 2943/3306/2822
f 2940/3307/2823 3042/3308/2036 3043/3309/2824
f 3087/3310/2825 3018/3311/2826 3086/3312/2033
f 3084/3313/2827 2992/3314/2828 3083/3315/2039
f 2967/3316/2829 3081/3317/2830 2915/3318/2831
f 3089/3319/2036 2916/3320/2832 3044/3321/2833
f 2972/3322/2834 3143/3323/2835 2907/3324/2836
f 3049/3325/2837 3140/3326/2838 2908/3327/2839
f 3023/3328/2840 3149/3329/2841 2902/3330/2842
f 2997/3331/2843 3146/3332/2844 2901/3333/2845
f 2902/3330/2842 3127/3334/43 3023/3328/2840
f 2917/3335/2846 3110/3336/64 3111/3337/64
f 2919/3338/2847 3104/3339/64 3105/3340/64
f 2907/3324/2836 3133/3341/43 2972/3322/2834
f 2908/3327/2839 3136/3342/43 3049/3325/2837
f 2920/3343/2848 3113/3344/64 3102/3345/64
f 2901/3333/2845 3130/3346/43 2997/3331/2843
f 2918/3347/2849 3107/3348/64 3108/3349/64
f 2913/3350/2850 3094/3351/43 3018/3352/2826
f 2909/3353/2851 3579/3354/64 3580/3355/64
f 2914/3356/2852 3097/3357/43 2992/3358/2828
f 2910/3359/2853 3597/3360/64 3574/3361/64
f 2911/3362/2854 3591/3363/64 3592/3364/64
f 2915/3365/2831 3100/3366/43 2967/3367/2829
f 2916/3368/2832 3091/3369/43 3044/3370/2833
f 2912/3371/2855 3585/3372/64 3586/3373/64
f 2986/3275/2797 3052/3374/2856 3053/3375/2857
f 3012/3274/2796 3038/3376/2858 2941/3377/2859
f 3052/3374/2856 3038/3376/2858 3051/3378/2860
f 2990/3302/2039 2936/3379/2861 2989/3380/2862
f 2965/3304/2042 2938/3381/2863 2964/3382/2864
f 3042/3308/2036 2939/3383/2865 3041/3384/2866
f 3015/3385/2867 2945/3386/2868 2935/3387/2869
f 2995/3284/2039 2928/3388/2870 2994/3389/2871
f 2970/3277/2042 2929/3390/2872 2969/3391/2873
f 3047/3281/2036 2930/3392/2874 3046/3393/2875
f 3021/3272/2033 2927/3394/2876 3020/3395/2877
f 2905/3396/2811 3070/3397/2878 2950/3398/2879
f 2911/3399/2854 3593/3400/64 2951/3401/2880
f 2943/3402/2822 2952/3403/2881 2938/3404/2863
f 2937/3405/2821 2953/3406/2039 2943/3402/2822
f 2915/3407/2831 3098/3408/43 3099/3409/43
f 3081/3410/2830 2955/3411/2882 2915/3412/2831
f 2919/3413/2847 3106/3414/64 2956/3415/2883
f 2947/3416/2800 2957/3417/2884 2929/3418/2872
f 2932/3419/2799 2958/3420/2039 2947/3416/2800
f 2907/3421/2836 3131/3422/43 3132/3423/43
f 3143/3424/2835 2960/3425/2885 2907/3421/2836
f 2906/3426/2815 3067/3427/2886 2985/3428/2887
f 2912/3429/2855 3587/3430/64 2984/3431/2888
f 2944/3432/2889 2983/3433/2890 2939/3434/2865
f 2982/3435/2042 2940/3436/2823 2981/3437/2891
f 2916/3438/2832 3101/3439/2892 3090/3440/43
f 2980/3441/2893 3078/3442/2894 3079/3443/2042
f 3103/3444/64 2920/3445/2848 3102/3446/64
f 2948/3447/2895 2978/3448/2896 2930/3449/2874
f 2977/3450/2042 2931/3451/2801 2976/3452/2897
f 2908/3453/2839 3134/3454/43 3135/3455/43
f 2975/3456/2898 3140/3457/2838 3141/3458/2042
f 3141/3458/2042 3332/3459/2899 2975/3456/2898
f 2975/3456/2898 3333/3460/43 3134/3454/43
f 2976/3452/2897 3335/3461/2042 2977/3450/2042
f 2977/3450/2042 3336/3462/2900 2978/3448/2896
f 2979/3463/2901 3338/3464/64 3339/3465/2902
f 3079/3443/2042 3341/3466/2903 2980/3441/2893
f 2980/3467/2893 3342/3468/43 3101/3439/2892
f 2981/3437/2891 3344/3469/2042 2982/3435/2042
f 2982/3435/2042 3345/3470/2904 2983/3433/2890
f 2984/3431/2888 3588/3471/2905 3346/3472/2906
f 2985/3428/2887 3348/3473/2907 3349/3474/2908
f 3403/3475/2909 3430/3476/2857 3431/3477/2910
f 3432/3478/2911 3403/3475/2909 3431/3477/2910
f 3171/3479/2912 2987/3291/2810 3170/3480/2913
f 2988/3481/2914 3596/3482/64 3597/3360/64
f 3175/3483/2039 2989/3380/2862 3174/3484/2915
f 2991/3303/2820 3175/3483/2039 3176/3485/2916
f 2992/3358/2828 3177/3486/43 3178/3487/2917
f 3083/3315/2039 3178/3488/2917 3179/3489/2039
f 2993/3490/2918 3181/3491/64 3107/3348/64
f 3184/3492/2039 2994/3389/2871 3183/3493/2919
f 2996/3285/2804 3184/3492/2039 3185/3494/2920
f 2997/3331/2843 3186/3495/43 3187/3496/2921
f 2997/3331/2843 3188/3497/2039 3145/3498/2039
f 2903/3499/2809 3073/3500/2922 2999/3501/2923
f 2910/3502/2853 3575/3503/64 3000/3504/2924
f 2936/3505/2861 3002/3506/2033 3001/3507/2925
f 2934/3508/2819 3002/3506/2033 2942/3509/2926
f 2914/3510/2852 3095/3511/43 3096/3512/43
f 3084/3313/2827 3004/3513/2927 2914/3514/2852
f 2918/3515/2849 3109/3516/64 3005/3517/2928
f 2946/3518/2929 3006/3519/2930 2928/3520/2870
f 2925/3521/2803 3007/3522/2033 2946/3518/2929
f 2901/3523/2845 3128/3524/43 3129/3525/43
f 3146/3526/2844 3009/3527/2931 2901/3523/2845
f 3011/3276/2798 3394/3528/2932 3012/3274/2796
f 3394/3528/2932 3037/3529/2933 3012/3274/2796
f 3228/3530/2934 2999/3501/2923 3073/3500/2922
f 3000/3504/2924 3576/3531/64 3226/3532/2935
f 3001/3507/2925 3224/3533/2033 3225/3534/2936
f 3223/3535/2937 3002/3506/2033 3003/3536/2938
f 3004/3537/2927 3222/3538/43 3095/3511/43
f 3220/3539/2033 3004/3513/2927 3085/3540/2033
f 3218/3541/64 3005/3517/2928 3109/3516/64
f 3007/3522/2033 3216/3542/2939 3006/3519/2930
f 3214/3543/2940 3007/3522/2033 3008/3544/2941
f 3009/3527/2931 3213/3545/43 3128/3524/43
f 3212/3546/2942 3147/3547/2033 3211/3548/2033
f 3076/3549/2943 2904/3550/2806 3075/3551/2944
f 2909/3552/2851 3581/3553/64 3026/3554/2945
f 2945/3555/2868 3027/3556/2946 2935/3557/2869
f 3029/3558/2947 2945/3555/2868 2933/3559/2817
f 2913/3560/2850 3092/3561/43 3093/3562/43
f 3087/3563/2825 3030/3564/2948 2913/3565/2850
f 3112/3566/64 2917/3567/2846 3111/3568/64
f 2949/3569/2949 3032/3570/2950 2927/3571/2876
f 3034/3572/2951 2949/3569/2949 2926/3573/2794
f 2902/3574/2842 3137/3575/43 3126/3576/43
f 3138/3577/2036 2902/3574/2842 3149/3578/2841
f 3037/3529/2933 3398/3579/2952 3038/3376/2858
f 3398/3579/2952 3051/3378/2860 3038/3376/2858
f 3308/3580/2953 3270/3581/2954 3271/3582/2955
f 3273/3583/2956 3583/3584/64 3306/3585/2957
f 3275/3586/2036 3305/3587/2958 3274/3588/2959
f 3303/3589/2960 3275/3586/2036 3276/3590/2961
f 3278/3591/2962 3302/3592/43 3277/3593/43
f 3279/3594/2036 3301/3595/2963 3278/3596/2962
f 3298/3597/64 3280/3598/2964 3281/3599/64
f 3284/3600/2036 3296/3601/2965 3283/3602/2966
f 3294/3603/2967 3284/3600/2036 3285/3604/2968
f 3287/3605/2969 3293/3606/43 3286/3607/43
f 3292/3608/2970 3288/3609/2036 3291/3610/2036
f 3399/3611/2860 3390/3612/2971 3051/3378/2860
f 3051/3378/2860 3391/3613/2972 3052/3374/2856
f 3053/3375/2857 3391/3613/2972 3392/3614/2973
f 3404/3615/2973 3429/3616/2857 3430/3476/2857
f 3433/3617/2911 3402/3618/2911 3432/3478/2911
f 3395/3619/2974 3397/3620/2933 3037/3529/2933
f 3055/3621/2975 2912/3429/2855 2984/3431/2888
f 3055/3621/2975 3346/3472/2906 3347/3622/2042
f 3056/3623/2976 2911/3362/2854 3057/3624/2977
f 3057/3625/2977 2951/3401/2880 3058/3626/2978
f 2988/3481/2914 3172/3627/2039 3173/3628/2979
f 2910/3359/2853 3059/3629/2980 2988/3481/2914
f 3060/3630/2981 3000/3504/2924 3061/3631/2982
f 3226/3532/2935 3061/3631/2982 3000/3504/2924
f 2909/3353/2851 3062/3632/2983 3014/3633/2984
f 3026/3554/2945 3063/3634/2985 2909/3552/2851
f 3306/3585/2957 3272/3635/2036 3273/3583/2956
f 2912/3371/2855 3065/3636/2036 3040/3637/2986
f 3067/3427/2886 3054/3638/2987 3055/3621/2975
f 3055/3621/2975 3348/3473/2907 3067/3427/2886
f 3069/3294/2813 3056/3623/2976 3057/3624/2977
f 3069/3639/2813 3058/3626/2978 3070/3397/2878
f 3059/3629/2980 3171/3479/2912 3172/3627/2039
f 3059/3629/2980 3072/3640/2988 3071/3289/2808
f 3072/3641/2988 3061/3631/2982 3073/3500/2922
f 3061/3631/2982 3228/3530/2934 3073/3500/2922
f 3062/3632/2983 3075/3642/2944 3074/3286/2805
f 3064/3643/2989 3075/3551/2944 3063/3634/2985
f 3307/3644/2036 3271/3582/2955 3272/3635/2036
f 3065/3636/2036 3066/3645/2990 3077/3295/2814
f 3513/3646/2042 2920/3647/2848 2979/3648/2901
f 2979/3648/2901 3512/3649/2042 3513/3646/2042
f 3509/3650/2042 2919/3651/2847 3508/3652/2991
f 3508/3653/2991 2956/3654/2883 3507/3655/2039
f 2993/3656/2918 3504/3657/2039 3180/3658/2992
f 2918/3659/2849 3503/3660/2039 2993/3656/2918
f 3502/3661/2993 3005/3662/2928 3525/3663/2033
f 3219/3664/2994 3525/3663/2033 3005/3662/2928
f 2917/3665/2846 3521/3666/2033 3019/3667/2995
f 3031/3668/2996 3520/3669/2997 2917/3670/2846
f 3299/3671/2998 3518/3672/2036 3280/3673/2964
f 2920/3647/2848 3515/3674/2036 3045/3675/2999
f 3090/3676/43 3043/3309/2824 3091/3369/43
f 3277/3593/43 3303/3589/2960 3276/3590/2961
f 3093/3562/43 3029/3558/2947 2933/3559/2817
f 3093/3677/43 3017/3300/2818 3094/3351/43
f 3095/3511/43 3223/3535/2937 3003/3536/2938
f 3096/3512/43 3003/3536/2938 2934/3508/2819
f 3096/3678/43 2991/3303/2820 3097/3357/43
f 3176/3485/2916 3097/3357/43 2991/3303/2820
f 3099/3409/43 2954/3679/3000 2937/3405/2821
f 3099/3680/43 2966/3681/3001 3100/3366/43
f 3101/3439/2892 3343/3682/3002 2981/3437/2891
f 3090/3440/43 2981/3437/2891 2940/3436/2823
f 3115/3683/64 3102/3446/64 3114/3684/64
f 3103/3444/64 3337/3685/64 3338/3464/64
f 3105/3340/64 3116/3686/64 3117/3687/64
f 3105/3688/64 3118/3689/64 3106/3414/64
f 3107/3348/64 3182/3690/64 3119/3691/64
f 3108/3349/64 3119/3691/64 3120/3692/64
f 3108/3693/64 3121/3694/64 3109/3516/64
f 3217/3695/64 3109/3516/64 3121/3694/64
f 3111/3337/64 3122/3696/64 3123/3697/64
f 3124/3698/64 3111/3568/64 3123/3699/64
f 3297/3700/64 3281/3599/64 3282/3701/64
f 3102/3345/64 3125/3702/2905 3114/3703/64
f 2978/3448/2896 3114/3684/64 2930/3449/2874
f 3115/3683/64 3336/3462/2900 3337/3685/64
f 3117/3687/64 2969/3391/2873 2929/3390/2872
f 3117/3704/64 2957/3417/2884 3118/3689/64
f 3119/3691/64 3183/3493/2919 2994/3389/2871
f 3120/3692/64 2994/3389/2871 2928/3388/2870
f 3120/3705/64 3006/3519/2930 3121/3694/64
f 3216/3542/2939 3121/3694/64 3006/3519/2930
f 3123/3697/64 3020/3395/2877 2927/3394/2876
f 3032/3570/2950 3123/3699/64 2927/3571/2876
f 3296/3601/2965 3282/3701/64 3283/3602/2966
f 3114/3703/64 3046/3393/2875 2930/3392/2874
f 3126/3706/43 3022/3273/2795 3127/3334/43
f 3128/3524/43 3214/3543/2940 3008/3544/2941
f 3129/3525/43 3008/3544/2941 2925/3521/2803
f 3129/3707/43 2996/3285/2804 3130/3346/43
f 3185/3494/2920 3130/3346/43 2996/3285/2804
f 3132/3423/43 2959/3708/3003 2932/3419/2799
f 3132/3709/43 2971/3710/3004 3133/3341/43
f 3134/3454/43 3334/3711/3005 2976/3452/2897
f 3135/3455/43 2976/3452/2897 2931/3451/2801
f 3135/3712/43 3048/3282/2802 3136/3342/43
f 3286/3607/43 3294/3603/2967 3285/3604/2968
f 3126/3576/43 3034/3572/2951 2926/3573/2794
f 3291/3610/2036 3289/3713/2036 3290/3714/2036
f 3139/3715/2036 2922/3716/3006 3140/3326/2838
f 3141/3458/2042 2922/3717/3006 2974/3718/2042
f 2974/3718/2042 3331/3719/2042 3141/3458/2042
f 3142/3720/2042 2921/3721/3007 3143/3323/2835
f 3143/3424/2835 2961/3722/2039 3144/3723/2039
f 3145/3498/2039 3189/3724/2039 2998/3725/2039
f 3145/3498/2039 2924/3726/3008 3146/3332/2844
f 3146/3526/2844 3010/3727/2033 3147/3547/2033
f 3211/3548/2033 3010/3727/2033 3210/3728/2033
f 3148/3729/2033 2923/3730/3009 3149/3329/2841
f 3138/3577/2036 2923/3731/3009 3036/3732/2036
f 3151/3733/3010 2950/3398/2879 3070/3397/2878
f 3152/3734/2039 3070/3397/2878 3058/3626/2978
f 3153/3735/3011 3058/3626/2978 2951/3401/2880
f 2951/3401/2880 3594/3736/3012 3153/3735/3011
f 2953/3406/2039 3154/3737/3013 2952/3403/2881
f 3156/3738/3014 2953/3406/2039 2954/3679/3000
f 3098/3408/43 3156/3738/3014 2954/3679/3000
f 2955/3739/2882 3157/3740/43 3098/3408/43
f 3159/3741/2039 2955/3411/2882 3082/3742/2039
f 3160/3743/3015 3507/3655/2039 2956/3654/2883
f 3161/3744/64 2956/3415/2883 3106/3414/64
f 3162/3745/64 3106/3414/64 3118/3689/64
f 3163/3746/3016 3118/3689/64 2957/3417/2884
f 2958/3420/2039 3163/3746/3016 2957/3417/2884
f 3165/3747/3017 2958/3420/2039 2959/3708/3003
f 3131/3422/43 3165/3747/3017 2959/3708/3003
f 2960/3425/2885 3166/3748/43 3131/3422/43
f 3167/3749/3018 3144/3723/2039 3168/3750/2039
f 3168/3750/2039 2961/3722/2039 3169/3751/2039
f 3191/3752/3019 3170/3480/2913 3190/3753/3020
f 3172/3627/2039 3191/3752/3019 3192/3754/2039
f 3173/3628/2979 3192/3754/2039 3193/3755/3021
f 3173/3628/2979 3595/3756/64 3596/3482/64
f 3195/3757/2039 3174/3484/2915 3194/3758/3022
f 3176/3485/2916 3195/3757/2039 3196/3759/3023
f 3196/3759/3023 3177/3486/43 3176/3485/2916
f 3178/3487/2917 3197/3760/43 3198/3761/3024
f 3179/3489/2039 3198/3762/3024 3199/3763/2039
f 3180/3658/2992 3505/3764/2039 3200/3765/3025
f 3180/3766/2992 3201/3767/64 3181/3491/64
f 3181/3491/64 3202/3768/64 3182/3690/64
f 3182/3690/64 3203/3769/3026 3183/3493/2919
f 3204/3770/2039 3183/3493/2919 3203/3769/3026
f 3185/3494/2920 3204/3770/2039 3205/3771/3027
f 3205/3771/3027 3186/3495/43 3185/3494/2920
f 3187/3496/2921 3206/3772/43 3207/3773/3028
f 3187/3496/2921 3208/3774/2039 3188/3497/2039
f 3188/3497/2039 3209/3775/2039 3189/3724/2039
f 3191/3752/3019 3150/3776/3029 3151/3733/3010
f 3192/3754/2039 3151/3733/3010 3152/3734/2039
f 3193/3755/3021 3152/3734/2039 3153/3735/3011
f 3153/3735/3011 3595/3756/64 3193/3755/3021
f 3155/3777/2039 3194/3758/3022 3154/3737/3013
f 3196/3759/3023 3155/3777/2039 3156/3738/3014
f 3157/3740/43 3196/3759/3023 3156/3738/3014
f 3158/3778/3030 3197/3760/43 3157/3740/43
f 3199/3763/2039 3158/3779/3030 3159/3741/2039
f 3200/3765/3025 3506/3780/2039 3160/3743/3015
f 3201/3767/64 3160/3781/3015 3161/3744/64
f 3202/3768/64 3161/3744/64 3162/3745/64
f 3203/3769/3026 3162/3745/64 3163/3746/3016
f 3164/3782/2039 3203/3769/3026 3163/3746/3016
f 3205/3771/3027 3164/3782/2039 3165/3747/3017
f 3166/3748/43 3205/3771/3027 3165/3747/3017
f 3167/3749/3018 3206/3772/43 3166/3748/43
f 3207/3773/3028 3168/3750/2039 3208/3774/2039
f 3208/3774/2039 3169/3751/2039 3209/3775/2039
f 3251/3783/2033 3210/3728/2033 3250/3784/2033
f 3252/3785/3031 3211/3548/2033 3251/3783/2033
f 3212/3546/2942 3253/3786/43 3213/3545/43
f 3213/3545/43 3254/3787/3032 3214/3543/2940
f 3214/3543/2940 3255/3788/2033 3215/3789/2033
f 3215/3789/2033 3256/3790/3033 3216/3542/2939
f 3256/3790/3033 3217/3695/64 3216/3542/2939
f 3257/3791/64 3218/3541/64 3217/3695/64
f 3258/3792/2905 3219/3793/2994 3218/3541/64
f 3219/3664/2994 3523/3794/2033 3524/3795/2033
f 3220/3539/2033 3261/3796/3034 3221/3797/3035
f 3221/3798/3035 3262/3799/43 3222/3538/43
f 3222/3538/43 3263/3800/3036 3223/3535/2937
f 3223/3535/2937 3264/3801/2033 3224/3533/2033
f 3224/3533/2033 3265/3802/3037 3225/3534/2936
f 3226/3532/2935 3577/3803/64 3266/3804/3038
f 3226/3532/2935 3267/3805/2033 3227/3806/2033
f 3227/3806/2033 3268/3807/3039 3228/3530/2934
f 3229/3808/3040 3268/3807/3039 3269/3809/3041
f 3148/3729/2033 3230/3810/2033 3024/3811/2033
f 3023/3328/2840 3231/3812/2033 3148/3729/2033
f 3233/3813/43 3023/3328/2840 3127/3334/43
f 3127/3334/43 3234/3814/3042 3233/3813/43
f 3234/3814/3042 3021/3272/2033 3235/3815/2033
f 3021/3272/2033 3236/3816/3043 3235/3815/2033
f 3122/3696/64 3236/3816/3043 3020/3395/2877
f 3110/3336/64 3237/3817/3012 3122/3696/64
f 3019/3818/2995 3238/3819/64 3110/3336/64
f 3239/3820/3044 3521/3666/2033 3522/3821/2033
f 3240/3822/2033 3018/3311/2826 3241/3823/3045
f 3242/3824/3046 3018/3352/2826 3094/3351/43
f 3094/3351/43 3243/3825/3047 3242/3824/3046
f 3243/3825/3047 3016/3299/2033 3244/3826/2033
f 3016/3299/2033 3245/3827/3048 3244/3826/2033
f 3014/3633/2984 3578/3828/64 3579/3354/64
f 3246/3829/3049 3062/3632/2983 3247/3830/2033
f 3247/3830/2033 3074/3286/2805 3248/3831/3050
f 3248/3831/3050 3013/3288/2807 3249/3832/3051
f 3231/3812/2033 3250/3784/2033 3230/3810/2033
f 3232/3833/3052 3251/3783/2033 3231/3812/2033
f 3253/3786/43 3232/3833/3052 3233/3813/43
f 3233/3813/43 3254/3787/3032 3253/3786/43
f 3254/3787/3032 3235/3815/2033 3255/3788/2033
f 3235/3815/2033 3256/3790/3033 3255/3788/2033
f 3237/3817/3012 3256/3790/3033 3236/3816/3043
f 3238/3819/64 3257/3791/64 3237/3817/3012
f 3239/3834/3044 3258/3792/2905 3238/3819/64
f 3259/3835/3053 3522/3821/2033 3523/3794/2033
f 3260/3836/2033 3241/3823/3045 3261/3796/3034
f 3262/3799/43 3241/3837/3045 3242/3824/3046
f 3242/3824/3046 3263/3800/3036 3262/3799/43
f 3263/3800/3036 3244/3826/2033 3264/3801/2033
f 3264/3801/2033 3245/3827/3048 3265/3802/3037
f 3246/3829/3049 3577/3803/64 3578/3828/64
f 3266/3804/3038 3247/3830/2033 3267/3805/2033
f 3267/3805/2033 3248/3831/3050 3268/3807/3039
f 3268/3807/3039 3249/3832/3051 3269/3809/3041
f 3271/3582/2955 3025/3838/3054 3076/3549/2943
f 3272/3635/2036 3076/3549/2943 3064/3643/2989
f 3273/3583/2956 3064/3643/2989 3026/3554/2945
f 3026/3554/2945 3582/3839/64 3273/3583/2956
f 3028/3840/2036 3274/3588/2959 3027/3556/2946
f 3276/3590/2961 3028/3840/2036 3029/3558/2947
f 3092/3561/43 3276/3590/2961 3029/3558/2947
f 3030/3841/2948 3277/3593/43 3092/3561/43
f 3088/3842/2036 3278/3596/2962 3030/3564/2948
f 3280/3673/2964 3519/3843/2036 3031/3668/2996
f 3281/3599/64 3031/3844/2996 3112/3566/64
f 3282/3701/64 3112/3566/64 3124/3698/64
f 3283/3602/2966 3124/3698/64 3032/3570/2950
f 3033/3845/2036 3283/3602/2966 3032/3570/2950
f 3285/3604/2968 3033/3845/2036 3034/3572/2951
f 3137/3575/43 3285/3604/2968 3034/3572/2951
f 3035/3846/3055 3286/3607/43 3137/3575/43
f 3287/3605/2969 3138/3577/2036 3288/3609/2036
f 3288/3609/2036 3036/3732/2036 3289/3713/2036
f 3311/3847/2036 3290/3714/2036 3310/3848/2036
f 3312/3849/3056 3291/3610/2036 3311/3847/2036
f 3293/3606/43 3312/3849/3056 3313/3850/43
f 3294/3603/2967 3313/3850/43 3314/3851/3057
f 3294/3603/2967 3315/3852/2036 3295/3853/2036
f 3295/3853/2036 3316/3854/3058 3296/3601/2965
f 3317/3855/64 3296/3601/2965 3316/3854/3058
f 3318/3856/64 3297/3700/64 3317/3855/64
f 3319/3857/3059 3298/3597/64 3318/3856/64
f 3299/3671/2998 3516/3858/2036 3517/3859/2036
f 3300/3860/2036 3321/3861/3060 3301/3595/2963
f 3302/3592/43 3321/3862/3060 3322/3863/43
f 3303/3589/2960 3322/3863/43 3323/3864/3061
f 3303/3589/2960 3324/3865/2036 3304/3866/2036
f 3304/3866/2036 3325/3867/3062 3305/3587/2958
f 3326/3868/3063 3583/3584/64 3584/3869/2905
f 3306/3585/2957 3327/3870/2036 3307/3644/2036
f 3307/3644/2036 3328/3871/3064 3308/3580/2953
f 3308/3580/2953 3329/3872/3065 3309/3873/3066
f 3139/3715/2036 3310/3848/2036 3050/3874/2036
f 3049/3325/2837 3311/3847/2036 3139/3715/2036
f 3313/3850/43 3049/3325/2837 3136/3342/43
f 3136/3342/43 3314/3851/3057 3313/3850/43
f 3314/3851/3057 3047/3281/2036 3315/3852/2036
f 3047/3281/2036 3316/3854/3058 3315/3852/2036
f 3125/3702/2905 3316/3854/3058 3046/3393/2875
f 3113/3344/64 3317/3855/64 3125/3702/2905
f 3045/3875/2999 3318/3856/64 3113/3344/64
f 3319/3876/3059 3515/3674/2036 3516/3858/2036
f 3320/3877/2036 3044/3321/2833 3321/3861/3060
f 3322/3863/43 3044/3370/2833 3091/3369/43
f 3091/3369/43 3323/3864/3061 3322/3863/43
f 3323/3864/3061 3042/3308/2036 3324/3865/2036
f 3042/3308/2036 3325/3867/3062 3324/3865/2036
f 3040/3637/2986 3584/3869/2905 3585/3372/64
f 3326/3868/3063 3065/3636/2036 3327/3870/2036
f 3327/3870/2036 3077/3295/2814 3328/3871/3064
f 3328/3871/3064 3039/3297/2816 3329/3872/3065
f 3389/3878/2042 3142/3720/2042 3388/3879/2042
f 3388/3879/2042 2972/3322/2834 3387/3880/3067
f 3386/3881/43 2972/3322/2834 3133/3341/43
f 3385/3882/3068 3133/3341/43 2971/3710/3004
f 3385/3882/3068 2970/3277/2042 3384/3883/2042
f 3384/3883/2042 2969/3391/2873 3383/3884/3069
f 3383/3884/3069 3116/3686/64 3382/3885/64
f 3382/3885/64 3104/3339/64 3381/3886/3012
f 3381/3886/3012 2968/3887/3070 3380/3888/3071
f 3380/3889/3071 3509/3650/2042 3510/3890/2042
f 3379/3891/2042 2967/3316/2829 3378/3892/3072
f 3377/3893/3046 2967/3367/2829 3100/3366/43
f 3376/3894/3073 3100/3366/43 2966/3681/3001
f 3376/3894/3073 2965/3304/2042 3375/3895/2042
f 3375/3895/2042 2964/3382/2864 3374/3896/3074
f 2963/3897/3075 3590/3898/64 3591/3363/64
f 3373/3899/3076 3056/3623/2976 3372/3900/2042
f 3372/3900/2042 3068/3293/2812 3371/3901/3077
f 3371/3901/3077 2962/3902/3078 3370/3903/3079
f 3349/3474/2908 3351/3904/3080 3350/3905/3081
f 3347/3622/2042 3351/3904/3080 3348/3473/2907
f 3347/3622/2042 3353/3906/3082 3352/3907/2042
f 3346/3472/2906 3589/3908/64 3353/3906/3082
f 3344/3469/2042 3354/3909/3083 3345/3470/2904
f 3343/3682/3002 3355/3910/2042 3344/3469/2042
f 3342/3468/43 3356/3911/3084 3343/3682/3002
f 3341/3912/2903 3357/3913/43 3342/3468/43
f 3340/3914/2042 3358/3915/3085 3341/3466/2903
f 3339/3916/2902 3511/3917/2042 3512/3649/2042
f 3339/3465/2902 3361/3918/2905 3360/3919/3086
f 3338/3464/64 3362/3920/64 3361/3918/2905
f 3337/3685/64 3363/3921/3087 3362/3920/64
f 3335/3461/2042 3363/3921/3087 3336/3462/2900
f 3334/3711/3005 3364/3922/2042 3335/3461/2042
f 3333/3460/43 3365/3923/3088 3334/3711/3005
f 3332/3459/2899 3366/3924/43 3333/3460/43
f 3331/3719/2042 3367/3925/3089 3332/3459/2899
f 3330/3926/2042 3368/3927/2042 3331/3719/2042
f 3351/3904/3080 3370/3903/3079 3350/3905/3081
f 3351/3904/3080 3372/3900/2042 3371/3901/3077
f 3353/3906/3082 3372/3900/2042 3352/3907/2042
f 3373/3899/3076 3589/3908/64 3590/3898/64
f 3355/3910/2042 3374/3896/3074 3354/3909/3083
f 3356/3911/3084 3375/3895/2042 3355/3910/2042
f 3356/3911/3084 3377/3893/3046 3376/3894/3073
f 3357/3913/43 3378/3928/3072 3377/3893/3046
f 3359/3929/2042 3378/3892/3072 3358/3915/3085
f 3360/3930/3086 3510/3890/2042 3511/3917/2042
f 3361/3918/2905 3380/3888/3071 3360/3919/3086
f 3362/3920/64 3381/3886/3012 3361/3918/2905
f 3363/3921/3087 3382/3885/64 3362/3920/64
f 3364/3922/2042 3383/3884/3069 3363/3921/3087
f 3365/3923/3088 3384/3883/2042 3364/3922/2042
f 3365/3923/3088 3386/3881/43 3385/3882/3068
f 3366/3924/43 3387/3880/3067 3386/3881/43
f 3368/3927/2042 3387/3880/3067 3367/3925/3089
f 3369/3931/2042 3388/3879/2042 3368/3927/2042
f 3444/3932/2860 3390/3612/2971 3400/3933/3090
f 3391/3613/2972 3445/3934/2860 3426/3935/3091
f 3391/3613/2972 3427/3936/2857 3392/3614/2973
f 3449/3937/2857 3405/3938/2857 3428/3939/2857
f 3451/3940/2911 3401/3941/3092 3433/3617/2911
f 3394/3528/2932 3435/3942/2911 3436/3943/2932
f 3394/3528/2932 3437/3944/2933 3395/3619/2974
f 3438/3945/3093 3395/3619/2974 3437/3944/2933
f 3453/3946/2933 3396/3947/3094 3438/3945/3093
f 3397/3620/2933 3439/3948/2933 3440/3949/2933
f 3398/3579/2952 3440/3949/2933 3441/3950/3095
f 3442/3951/2860 3398/3579/2952 3441/3950/3095
f 3443/3952/2860 3399/3611/2860 3442/3951/2860
f 3447/3953/2860 3400/3933/3090 3443/3952/2860
f 3434/3954/2911 3393/3955/2798 3401/3941/3092
f 3402/3618/2911 3393/3955/2798 3011/3276/2798
f 3403/3475/2909 3011/3276/2798 2986/3275/2797
f 3053/3375/2857 3403/3475/2909 2986/3275/2797
f 3392/3614/2973 3404/3615/2973 3053/3375/2857
f 3428/3939/2857 3392/3614/2973 3427/3936/2857
f 2950/3956/2879 3406/3957/3096 2905/3958/2811
f 3150/3959/3029 3407/3960/3097 2950/3956/2879
f 3190/3961/3020 3408/3962/3098 3150/3959/3029
f 3410/3963/3099 3170/3964/2913 2987/3965/2810
f 3411/3966/3100 2987/3965/2810 2903/3967/2809
f 3411/3966/3100 2999/3968/2923 3412/3969/3101
f 3229/3970/3040 3412/3969/3101 2999/3968/2923
f 3269/3971/3041 3413/3972/3102 3229/3970/3040
f 3415/3973/3103 3249/3974/3051 3013/3975/2807
f 3416/3976/3104 3013/3975/2807 2904/3977/2806
f 3025/3978/3054 3416/3976/3104 2904/3977/2806
f 3270/3979/2954 3417/3980/3105 3025/3978/3054
f 3309/3981/3066 3418/3982/3106 3270/3979/2954
f 3420/3983/3107 3329/3984/3065 3039/3985/2816
f 3421/3986/3108 3039/3985/2816 2906/3987/2815
f 3421/3986/3108 2985/3988/2887 3422/3989/3109
f 3349/3990/2908 3422/3989/3109 2985/3988/2887
f 3350/3991/3081 3423/3992/3110 3349/3990/2908
f 3425/3993/3111 3370/3994/3079 2962/3995/3078
f 3406/3957/3096 2962/3995/3078 2905/3958/2811
f 3468/3996/3112 3422/3989/3109 3467/3997/3113
f 3423/3992/3110 3467/3997/3113 3422/3989/3109
f 3448/3998/3114 3466/3999/3115 3423/3992/3110
f 3463/4000/3116 3424/4001/3117 3425/3993/3111
f 3462/4002/3118 3425/3993/3111 3406/3957/3096
f 3407/3960/3097 3462/4002/3118 3406/3957/3096
f 3408/3962/3098 3461/4003/3119 3407/3960/3097
f 3450/4004/3120 3460/4005/3121 3408/3962/3098
f 3457/4006/3122 3409/4007/3123 3410/3963/3099
f 3456/4008/3124 3410/3963/3099 3411/3966/3100
f 3456/4008/3124 3412/3969/3101 3455/4009/3125
f 3413/3972/3102 3455/4009/3125 3412/3969/3101
f 3452/4010/3126 3454/4011/3127 3413/3972/3102
f 3475/4012/3128 3414/4013/3129 3415/3973/3103
f 3474/4014/3130 3415/3973/3103 3416/3976/3104
f 3417/3980/3105 3474/4014/3130 3416/3976/3104
f 3418/3982/3106 3473/4015/3131 3417/3980/3105
f 3446/4016/3132 3472/4017/3133 3418/3982/3106
f 3469/4018/3134 3419/4019/3135 3420/3983/3107
f 3468/3996/3112 3420/3983/3107 3421/3986/3108
f 3309/3981/3066 3419/4019/3135 3446/4016/3132
f 3446/4016/3132 3470/4020/3136 3471/4021/3137
f 3350/3991/3081 3424/4001/3117 3448/3998/3114
f 3448/3998/3114 3464/4022/3138 3465/4023/3139
f 3190/3961/3020 3409/4007/3123 3450/4004/3120
f 3450/4004/3120 3458/4024/3140 3459/4025/3141
f 3414/4013/3129 3269/3971/3041 3249/3974/3051
f 3452/4010/3126 3476/4026/3142 3477/4027/3143
f 3454/4011/3127 3437/3944/2933 3455/4009/3125
f 3436/3943/2932 3455/4009/3125 3437/3944/2933
f 3436/3943/2932 3457/4006/3122 3456/4008/3124
f 3435/3942/2911 3458/4024/3140 3457/4006/3122
f 3459/4025/3141 3434/3954/2911 3451/3940/2911
f 3459/4025/3141 3433/3617/2911 3460/4005/3121
f 3460/4005/3121 3432/3478/2911 3461/4003/3119
f 3461/4003/3119 3431/3477/2910 3462/4002/3118
f 3431/3477/2910 3463/4000/3116 3462/4002/3118
f 3430/3476/2857 3464/4022/3138 3463/4000/3116
f 3465/4023/3139 3429/3616/2857 3449/3937/2857
f 3465/4023/3139 3428/3939/2857 3466/3999/3115
f 3466/3999/3115 3427/3936/2857 3467/3997/3113
f 3426/3935/3091 3467/3997/3113 3427/3936/2857
f 3426/3935/3091 3469/4018/3134 3468/3996/3112
f 3445/3934/2860 3470/4020/3136 3469/4018/3134
f 3471/4021/3137 3444/3932/2860 3447/3953/2860
f 3471/4021/3137 3443/3952/2860 3472/4017/3133
f 3472/4017/3133 3442/3951/2860 3473/4015/3131
f 3473/4015/3131 3441/3950/3095 3474/4014/3130
f 3441/3950/3095 3475/4012/3128 3474/4014/3130
f 3440/3949/2933 3476/4026/3142 3475/4012/3128
f 3477/4027/3143 3439/3948/2933 3453/3946/2933
f 3477/4027/3143 3438/3945/3093 3454/4011/3127
f 3478/4028/3144 3083/3315/2039 3479/4029/2039
f 3479/4029/2039 3179/3489/2039 3480/4030/2039
f 3480/4030/2039 3199/3763/2039 3481/4031/2039
f 3481/4031/2039 3159/3741/2039 3482/4032/2039
f 3482/4032/2039 3082/3742/2039 3483/4033/2039
f 3081/3410/2830 3483/4033/2039 3082/3742/2039
f 3081/3317/2830 3485/4034/2042 3484/4035/3145
f 3486/4036/2042 3080/4037/2042 3379/3891/2042
f 3487/4038/2042 3379/3891/2042 3359/3929/2042
f 3488/4039/2042 3359/3929/2042 3340/3914/2042
f 3489/4040/2042 3340/3914/2042 3079/3443/2042
f 3489/4040/2042 3078/3442/2894 3490/4041/3146
f 3490/4041/3146 3089/3319/2036 3491/4042/2036
f 3492/4043/2036 3089/3319/2036 3320/3877/2036
f 3493/4044/2036 3320/3877/2036 3300/3860/2036
f 3494/4045/2036 3300/3860/2036 3279/3594/2036
f 3495/4046/2036 3279/3594/2036 3088/3842/2036
f 3495/4046/2036 3087/3563/2825 3496/4047/3147
f 3496/4048/3147 3086/3312/2033 3497/4049/2033
f 3498/4050/2033 3086/3312/2033 3240/3822/2033
f 3260/3836/2033 3498/4050/2033 3240/3822/2033
f 3220/3539/2033 3499/4051/2033 3260/3836/2033
f 3500/4052/2033 3085/3540/2033 3501/4053/2033
f 3084/3313/2827 3501/4053/2033 3085/3540/2033
f 3502/3661/2993 3527/4054/2039 3503/3660/2039
f 3503/3660/2039 3528/4055/2039 3504/3657/2039
f 3504/3657/2039 3529/4056/2039 3505/3764/2039
f 3505/3764/2039 3530/4057/2039 3506/3780/2039
f 3506/3780/2039 3531/4058/2039 3507/3655/2039
f 3532/4059/3148 3507/3655/2039 3531/4058/2039
f 3533/4060/2042 3508/3652/2991 3532/4061/3148
f 3510/3890/2042 3533/4060/2042 3534/4062/2042
f 3511/3917/2042 3534/4062/2042 3535/4063/2042
f 3512/3649/2042 3535/4063/2042 3536/4064/2042
f 3513/3646/2042 3536/4064/2042 3537/4065/2042
f 3513/3646/2042 3538/4066/3146 3514/4067/3149
f 3515/3674/2036 3538/4066/3146 3539/4068/2036
f 3516/3858/2036 3539/4068/2036 3540/4069/2036
f 3517/3859/2036 3540/4069/2036 3541/4070/2036
f 3518/3672/2036 3541/4070/2036 3542/4071/2036
f 3518/3672/2036 3543/4072/2036 3519/3843/2036
f 3519/3843/2036 3544/4073/3150 3520/3669/2997
f 3521/3666/2033 3544/4074/3150 3545/4075/2033
f 3522/3821/2033 3545/4075/2033 3546/4076/2033
f 3523/3794/2033 3546/4076/2033 3547/4077/2033
f 3524/3795/2033 3547/4077/2033 3548/4078/2033
f 3524/3795/2033 3549/4079/2033 3525/3663/2033
f 3526/4080/3151 3525/3663/2033 3549/4079/2033
f 3526/4080/3151 3551/4081/2039 3527/4054/2039
f 3527/4054/2039 3552/4082/2039 3528/4055/2039
f 3528/4055/2039 3553/4083/2039 3529/4056/2039
f 3529/4056/2039 3554/4084/2039 3530/4057/2039
f 3530/4057/2039 3555/4085/2039 3531/4058/2039
f 3556/4086/3152 3531/4058/2039 3555/4085/2039
f 3557/4087/2042 3532/4061/3148 3556/4088/3152
f 3534/4062/2042 3557/4087/2042 3558/4089/2042
f 3535/4063/2042 3558/4089/2042 3559/4090/2042
f 3536/4064/2042 3559/4090/2042 3560/4091/2042
f 3537/4065/2042 3560/4091/2042 3561/4092/2042
f 3538/4066/3146 3561/4092/2042 3562/4093/3146
f 3538/4066/3146 3563/4094/2036 3539/4068/2036
f 3540/4069/2036 3563/4094/2036 3564/4095/2036
f 3541/4070/2036 3564/4095/2036 3565/4096/2036
f 3541/4070/2036 3566/4097/2036 3542/4071/2036
f 3542/4071/2036 3567/4098/2036 3543/4072/2036
f 3543/4072/2036 3568/4099/3153 3544/4073/3150
f 3544/4074/3150 3569/4100/2033 3545/4075/2033
f 3570/4101/2033 3545/4075/2033 3569/4100/2033
f 3571/4102/2033 3546/4076/2033 3570/4101/2033
f 3572/4103/2033 3547/4077/2033 3571/4102/2033
f 3548/4078/2033 3573/4104/2033 3549/4079/2033
f 3550/4105/3154 3549/4079/2033 3573/4104/2033
f 3550/4105/3154 3479/4029/2039 3551/4081/2039
f 3551/4081/2039 3480/4030/2039 3552/4082/2039
f 3552/4082/2039 3481/4031/2039 3553/4083/2039
f 3553/4083/2039 3482/4032/2039 3554/4084/2039
f 3554/4084/2039 3483/4033/2039 3555/4085/2039
f 3484/4106/3145 3555/4085/2039 3483/4033/2039
f 3485/4034/2042 3556/4088/3152 3484/4035/3145
f 3558/4089/2042 3485/4034/2042 3486/4036/2042
f 3559/4090/2042 3486/4036/2042 3487/4038/2042
f 3560/4091/2042 3487/4038/2042 3488/4039/2042
f 3561/4092/2042 3488/4039/2042 3489/4040/2042
f 3561/4092/2042 3490/4041/3146 3562/4093/3146
f 3562/4093/3146 3491/4042/2036 3563/4094/2036
f 3564/4095/2036 3491/4042/2036 3492/4043/2036
f 3565/4096/2036 3492/4043/2036 3493/4044/2036
f 3565/4096/2036 3494/4045/2036 3566/4097/2036
f 3566/4097/2036 3495/4046/2036 3567/4098/2036
f 3568/4099/3153 3495/4046/2036 3496/4047/3147
f 3568/4107/3153 3497/4049/2033 3569/4100/2033
f 3570/4101/2033 3497/4049/2033 3498/4050/2033
f 3571/4102/2033 3498/4050/2033 3499/4051/2033
f 3572/4103/2033 3499/4051/2033 3500/4052/2033
f 3572/4103/2033 3501/4053/2033 3573/4104/2033
f 3478/4028/3144 3573/4104/2033 3501/4053/2033
f 3574/4108/64 3001/3507/2925 3575/3503/64
f 3225/3534/2936 3575/3503/64 3001/3507/2925
f 3265/3802/3037 3576/3531/64 3225/3534/2936
f 3578/3828/64 3265/3802/3037 3245/3827/3048
f 3579/3354/64 3245/3827/3048 3015/3385/2867
f 3580/3355/64 3015/3385/2867 2935/3387/2869
f 3027/3556/2946 3580/4109/64 2935/3557/2869
f 3274/3588/2959 3581/3553/64 3027/3556/2946
f 3305/3587/2958 3582/3839/64 3274/3588/2959
f 3584/3869/2905 3305/3587/2958 3325/3867/3062
f 3585/3372/64 3325/3867/3062 3041/3384/2866
f 3586/3373/64 3041/3384/2866 2939/3383/2865
f 2983/3433/2890 3586/4110/64 2939/3434/2865
f 3587/3430/64 3345/3470/2904 3588/3471/2905
f 3588/3471/2905 3354/3909/3083 3589/3908/64
f 3590/3898/64 3354/3909/3083 3374/3896/3074
f 3591/3363/64 3374/3896/3074 2964/3382/2864
f 3592/3364/64 2964/3382/2864 2938/3381/2863
f 3592/4111/64 2952/3403/2881 3593/3400/64
f 3154/3737/3013 3593/3400/64 2952/3403/2881
f 3194/3758/3022 3594/3736/3012 3154/3737/3013
f 3596/3482/64 3194/3758/3022 3174/3484/2915
f 3597/3360/64 3174/3484/2915 2989/3380/2862
f 3574/3361/64 2989/3380/2862 2936/3379/2861
s 15
f 3637/4112/3155 3648/4113/3156 3598/4114/3157
f 3601/4115/3158 3640/4116/2039 3636/4117/3159
f 3630/4118/3160 3672/4119/3161 3602/4120/3162
f 3635/4121/3163 3663/4122/3164 3664/4123/3165
f 3643/4124/2042 3624/4125/3166 3611/4126/3167
f 3667/4127/3168 3623/4128/3169 3610/4129/3170
f 3633/4130/64 3627/4131/3171 3632/4132/64
f 3662/4133/3172 3626/4134/3173 3673/4135/3174
f 3612/4136/3175 3649/4137/3176 3638/4138/3177
f 3611/4126/3167 3642/4139/3178 3643/4124/2042
f 3610/4129/3170 3666/4140/3179 3667/4127/3168
f 3614/4141/3180 3634/4142/3181 3609/4143/3182
f 3613/4144/3183 3663/4122/3164 3605/4145/3184
f 3612/4136/3175 3639/4146/3185 3601/4147/3158
f 3617/4148/3186 3642/4149/3178 3600/4150/3187
f 3618/4151/3188 3645/4152/3189 3646/4153/2036
f 3619/4154/3190 3669/4155/3191 3670/4156/3192
f 3621/4157/64 3629/4158/3193 3615/4159/3194
f 3622/4160/3195 3615/4159/3194 3608/4161/3196
f 3616/4162/3197 3666/4140/3179 3604/4163/3198
f 3624/4125/3166 3645/4164/3189 3599/4165/3199
f 3625/4166/3200 3648/4167/3156 3649/4137/3176
f 3626/4134/3173 3672/4119/3161 3673/4135/3174
f 3632/4132/64 3606/4168/3201 3631/4169/3202
f 3629/4158/3193 3620/4170/3203 3607/4171/3204
f 3623/4128/3169 3669/4155/3191 3603/4172/3205
f 3638/4138/3177 3651/4173/3185 3639/4146/3185
f 3639/4174/3185 3652/4175/2039 3640/4116/2039
f 3641/4176/2039 3654/4177/3206 3642/4149/3178
f 3643/4124/2042 3654/4178/3206 3655/4179/2042
f 3655/4179/2042 3644/4180/2042 3643/4124/2042
f 3644/4180/2042 3657/4181/3207 3645/4164/3189
f 3646/4153/2036 3657/4182/3207 3658/4183/2036
f 3647/4184/2036 3660/4185/3208 3648/4113/3156
f 3649/4137/3176 3660/4186/3208 3661/4187/3209
f 3638/4138/3177 3661/4187/3209 3650/4188/3210
f 3650/4188/3210 3605/4189/3184 3651/4173/3185
f 3651/4190/3185 3635/4191/3163 3652/4175/2039
f 3653/4192/2039 3604/4193/3198 3654/4177/3206
f 3655/4179/2042 3604/4194/3198 3610/4195/3170
f 3610/4195/3170 3656/4196/2042 3655/4179/2042
f 3656/4196/2042 3603/4197/3205 3657/4181/3207
f 3658/4183/2036 3603/4198/3205 3619/4199/3190
f 3659/4200/2036 3602/4201/3162 3660/4185/3208
f 3661/4187/3209 3602/4202/3162 3626/4203/3173
f 3650/4188/3210 3626/4203/3173 3613/4204/3183
f 3662/4133/3172 3680/4205/3211 3663/4122/3164
f 3664/4123/3165 3680/4205/3211 3681/4206/3165
f 3665/4207/3165 3683/4208/3212 3666/4140/3179
f 3667/4127/3168 3683/4208/3212 3684/4209/3168
f 3668/4210/3168 3684/4209/3168 3685/4211/3168
f 3674/4212/3213 3668/4210/3168 3685/4211/3168
f 3670/4156/3192 3674/4212/3213 3675/4213/3192
f 3671/4214/3192 3675/4213/3192 3676/4215/3192
f 3671/4214/3192 3677/4216/3214 3672/4119/3161
f 3673/4135/3174 3677/4216/3214 3678/4217/3215
f 3687/4218/3216 3711/4219/3217 3686/4220/3218
f 3689/4221/3219 3712/4222/3217 3713/4223/3220
f 3714/4224/3221 3689/4225/3219 3713/4226/3220
f 3690/4227/3222 3715/4228/3223 3692/4229/3224
f 3691/4230/3225 3715/4228/3223 3716/4231/3226
f 3717/4232/3227 3691/4233/3225 3716/4234/3226
f 3693/4235/3228 3718/4236/3227 3695/4237/3229
f 3694/4238/3230 3718/4236/3227 3719/4239/3231
f 3720/4240/3232 3694/4241/3230 3719/4242/3231
f 3720/4240/3232 3697/4243/3233 3696/4244/3234
f 3687/4245/3216 3721/4246/3235 3710/4247/3236
f 3686/4220/3218 3712/4222/3217 3688/4248/3237
f 3640/4116/2039 3617/4148/3186 3636/4117/3159
f 3652/4175/2039 3641/4176/2039 3640/4116/2039
f 3635/4191/3163 3653/4192/2039 3652/4175/2039
f 3664/4123/3165 3616/4162/3197 3635/4121/3163
f 3665/4207/3165 3681/4206/3165 3682/4249/3165
f 3634/4142/3181 3621/4157/64 3622/4160/3195
f 3633/4130/64 3628/4250/64 3621/4157/64
f 3631/4169/3202 3628/4250/64 3632/4132/64
f 3630/4118/3160 3670/4156/3192 3671/4214/3192
f 3659/4200/2036 3619/4199/3190 3630/4251/3160
f 3647/4184/2036 3658/4183/2036 3659/4200/2036
f 3637/4112/3155 3646/4153/2036 3647/4184/2036
f 3675/4213/3192 3607/4171/3204 3620/4170/3203
f 3620/4170/3203 3676/4215/3192 3675/4213/3192
f 3676/4215/3192 3606/4168/3201 3677/4216/3214
f 3678/4217/3215 3606/4168/3201 3627/4131/3171
f 3627/4131/3171 3679/4252/3238 3678/4217/3215
f 3679/4252/3238 3609/4143/3182 3680/4205/3211
f 3681/4206/3165 3609/4143/3182 3634/4142/3181
f 3634/4142/3181 3682/4249/3165 3681/4206/3165
f 3682/4249/3165 3608/4161/3196 3683/4208/3212
f 3684/4209/3168 3608/4161/3196 3615/4159/3194
f 3684/4209/3168 3629/4158/3193 3685/4211/3168
f 3685/4211/3168 3607/4171/3204 3674/4212/3213
f 3679/4252/3238 3673/4135/3174 3678/4217/3215
f 3687/4218/3216 3733/4253/2036 3722/4254/3239
f 3689/4221/3219 3732/4255/2036 3688/4248/3237
f 3689/4225/3219 3730/4256/2033 3731/4257/3240
f 3691/4230/3225 3729/4258/2033 3692/4229/3224
f 3693/4235/3228 3728/4259/3241 3691/4233/3225
f 3727/4260/3242 3695/4237/3229 3726/4261/2037
f 3694/4238/3230 3726/4261/2037 3695/4237/3229
f 3696/4244/3234 3725/4262/3243 3694/4241/3230
f 3687/4245/3216 3723/4263/3244 3697/4243/3233
f 3729/4258/2033 3690/4227/3222 3692/4229/3224
f 3724/4264/3245 3697/4243/3233 3723/4263/3244
f 3733/4253/2036 3688/4248/3237 3732/4255/2036
f 3710/4265/3236 3636/4117/3159 3711/4219/3217
f 3617/4148/3186 3711/4219/3217 3636/4117/3159
f 3713/4223/3220 3617/4148/3186 3600/4150/3187
f 3611/4126/3167 3713/4226/3220 3600/4266/3187
f 3714/4224/3221 3624/4125/3166 3715/4228/3223
f 3716/4231/3226 3624/4125/3166 3599/4165/3199
f 3618/4151/3188 3716/4234/3226 3599/4267/3199
f 3637/4112/3155 3717/4232/3227 3618/4151/3188
f 3719/4239/3231 3637/4112/3155 3598/4114/3157
f 3625/4166/3200 3719/4242/3231 3598/4268/3157
f 3625/4166/3200 3721/4246/3235 3720/4240/3232
f 3710/4247/3236 3612/4136/3175 3601/4147/3158
f 3722/4269/3239 3709/4270/3246 3723/4263/3244
f 3708/4271/3247 3723/4263/3244 3709/4270/3246
f 3724/4264/3245 3707/4272/3248 3725/4262/3243
f 3725/4273/3243 3706/4274/2039 3726/4261/2037
f 3705/4275/3249 3726/4261/2037 3706/4274/2039
f 3727/4260/3242 3704/4276/3250 3728/4259/3241
f 3728/4277/3241 3703/4278/2033 3729/4258/2033
f 3702/4279/2033 3729/4258/2033 3703/4278/2033
f 3730/4256/2033 3701/4280/3251 3731/4257/3240
f 3731/4281/3240 3700/4282/2036 3732/4255/2036
f 3699/4283/3252 3732/4255/2036 3700/4282/2036
f 3733/4253/2036 3698/4284/3253 3722/4254/3239
s 16
f 4370/4285/3254 4725/4286/3210 3773/4287/3255
f 4713/4288/2042 3774/4289/3256 4712/4290/2042
f 3954/4291/43 4370/4292/3254 3773/4293/3255
f 3956/4294/3257 4722/4295/3258 3735/4296/3259
f 3734/4297/3260 4701/4298/3261 3951/4299/3262
f 3772/4300/3263 4663/4301/3264 4664/4302/64
f 3957/4303/3265 4661/4304/3266 3737/4305/3267
f 3775/4306/3268 4652/4307/3269 4363/4308/3270
f 3950/4309/3271 4639/4310/3272 4640/4311/3273
f 3771/4312/3274 4634/4313/3275 4635/4314/3276
f 3958/4315/3277 4632/4316/3278 3743/4317/3279
f 3776/4318/3280 4623/4319/2040 4362/4320/3281
f 3742/4321/3282 4611/4322/2039 3949/4323/3283
f 3961/4324/3284 3750/4325/3285 3747/4326/3286
f 3778/4327/3287 4401/4328/3288 4402/4329/3289
f 3946/4330/3290 3753/4331/3291 3945/4332/3292
f 3787/4333/3293 4378/4334/3294 3786/4335/3295
f 3962/4336/3296 4122/4337/3297 3750/4325/3285
f 3779/4338/3298 4400/4339/3299 4401/4328/3288
f 3945/4332/3292 4107/4340/3300 4108/4341/3301
f 3786/4335/3295 4379/4342/3302 4124/4343/3210
f 3754/4344/3303 4100/4345/3304 4101/4346/3305
f 4399/4347/3306 4094/4348/3307 4398/4349/3308
f 3757/4350/3309 4087/4351/3310 3944/4352/3311
f 4380/4353/3312 4103/4354/3313 3785/4355/3314
f 3758/4356/3315 4060/4357/3316 4061/4358/3317
f 4396/4359/3318 4054/4360/3319 4395/4361/3320
f 3761/4362/3321 4047/4363/3322 3943/4364/3323
f 4383/4365/3324 4063/4366/3325 3784/4367/3326
f 3762/4368/3327 4000/4369/3227 4001/4370/3328
f 4393/4371/3329 3994/4372/3223 4392/4373/3223
f 3765/4374/3330 3987/4375/3331 3942/4376/3332
f 4386/4377/3333 4003/4378/3235 3783/4379/3334
f 3846/4380/3335 4375/4381/3275 4164/4382/3210
f 3947/4383/2039 4147/4384/3336 4148/4385/2039
f 3851/4386/3337 4359/4387/2040 4360/4388/2040
f 3960/4389/2036 4162/4390/3338 3847/4391/3339
f 4734/4392/3340 4636/4393/3341 4733/4394/3341
f 4735/4395/3342 4594/4396/3343 4665/4397/64
f 4739/4398/3344 4726/4399/3209 4738/4400/3209
f 4740/4401/43 4595/4402/3345 4739/4403/3344
f 4747/4404/2042 4602/4405/3346 4746/4406/3347
f 4750/4407/64 4603/4408/3348 4749/4409/3349
f 4752/4410/2041 4604/4411/3350 4751/4412/3351
f 4154/4413/2040 4351/4414/3352 3852/4415/3353
f 3797/4416/3354 4348/4417/3355 3796/4418/3356
f 4114/4419/3357 4347/4420/3358 3797/4416/3354
f 3798/4421/3359 4344/4422/3360 4345/4423/3361
f 3799/4424/3362 4341/4425/3363 4342/4426/3364
f 3800/4427/3365 4338/4428/3223 4339/4429/3366
f 3801/4430/3367 4333/4431/3235 4004/4432/3235
f 3802/4433/3368 4330/4434/3369 4064/4435/3370
f 3803/4436/3371 4327/4437/3372 4104/4438/3373
f 4125/4439/3374 4324/4440/3375 4325/4441/3376
f 3804/4442/3377 4323/4443/3378 4324/4440/3375
f 4165/4444/3276 4320/4445/3379 4321/4446/3209
f 3888/4447/3380 4610/4448/3381 3742/4449/3282
f 4639/4450/3272 3887/4451/3382 4668/4452/3383
f 3886/4453/3384 4700/4454/3385 3734/4455/3260
f 3951/4456/3262 3886/4457/3384 3734/4458/3260
f 4708/4459/2042 3740/4460/3386 4707/4461/3387
f 3882/4462/3388 4646/4463/3389 4647/4464/3390
f 3881/4465/3391 4617/4466/3392 4618/4467/2041
f 3879/4468/2041 4152/4469/3393 4153/4470/2041
f 3878/4471/3394 3752/4472/3395 3877/4473/3396
f 3877/4473/3396 4112/4474/3397 4113/4475/3398
f 4092/4476/3399 3756/4477/3400 4091/4478/3401
f 4052/4479/3402 3760/4480/3403 4051/4481/3404
f 3992/4482/3223 3764/4483/3405 3991/4484/3220
f 3765/4485/3330 4005/4486/3235 3986/4487/3236
f 3761/4488/3321 4065/4489/3406 4046/4490/3407
f 3757/4491/3309 4105/4492/3408 4086/4493/3409
f 3892/4494/3410 4107/4495/3300 3753/4496/3291
f 3891/4497/3411 3753/4496/3291 3746/4498/3412
f 3890/4499/3176 4147/4500/3336 3856/4501/3413
f 3807/4502/3414 4783/4503/2039 4784/4504/3415
f 4786/4505/3416 4642/4506/3417 4785/4507/3418
f 3809/4508/3419 4788/4509/2039 4789/4510/3420
f 4789/4511/3420 3885/4512/43 3809/4513/3419
f 4793/4514/43 4598/4515/43 4742/4516/43
f 4795/4517/43 4368/4518/43 3811/4519/43
f 3812/4520/3421 4799/4521/2036 4719/4522/2036
f 4658/4523/3422 4801/4524/3423 4802/4525/64
f 4629/4526/2036 4803/4527/3424 4804/4528/2036
f 4159/4529/2036 4217/4530/3425 3849/4531/3426
f 4214/4532/3427 3837/4533/3428 4213/4534/3429
f 4213/4534/3429 4119/4535/3430 4212/4536/3431
f 4210/4537/3432 3838/4538/3433 4098/4539/3434
f 4207/4540/3435 3839/4541/3436 4058/4542/3437
f 4204/4543/3227 3840/4544/3438 3998/4545/3227
f 4199/4546/3439 3841/4547/3440 4198/4548/3441
f 4196/4549/3442 3842/4550/3443 4195/4551/3444
f 4193/4552/3445 3843/4553/3446 4192/4554/3447
f 4190/4555/3448 4110/4556/3449 3844/4557/3450
f 4189/4558/3451 3844/4557/3450 3845/4559/3452
f 4187/4560/2039 3854/4561/3453 4186/4562/3454
f 4261/4563/3455 4616/4564/2039 3903/4565/3456
f 4260/4566/3457 4645/4567/3458 3904/4568/3459
f 4259/4569/3460 4706/4570/2039 3905/4571/3461
f 3906/4572/43 4259/4573/3460 3905/4574/3461
f 4744/4575/43 4601/4576/43 4600/4577/43
f 4365/4578/43 4256/4579/43 3908/4580/43
f 4254/4581/3462 4716/4582/2036 4717/4583/2036
f 4253/4584/3463 4655/4585/3464 4656/4586/3465
f 4252/4587/3466 4626/4588/2036 4627/4589/2036
f 4250/4590/2036 4158/4591/2036 4249/4592/2036
f 4247/4593/3467 3915/4594/3468 4246/4595/3469
f 4246/4595/3469 4118/4596/3470 4245/4597/3471
f 4243/4598/3472 3916/4599/3473 4097/4600/3474
f 4240/4601/3475 3917/4602/3476 4057/4603/3477
f 4237/4604/3227 3918/4605/3478 3997/4606/3227
f 3896/4607/3479 4232/4608/3217 3990/4609/3217
f 3897/4610/3480 4229/4611/3481 4050/4612/3482
f 3898/4613/3483 4226/4614/3484 4090/4615/3485
f 4223/4616/3486 4111/4617/3487 3899/4618/3488
f 4222/4619/3489 3899/4618/3488 3900/4620/3490
f 4219/4621/2039 4151/4622/2039 3901/4623/2039
f 3776/4318/3280 4621/4624/2041 4622/4625/2041
f 4603/4408/3348 4651/4626/64 3775/4306/3268
f 4602/4405/3346 4712/4290/2042 3774/4289/3256
f 4600/4577/43 3908/4580/43 4256/4579/43
f 4794/4627/43 3811/4519/43 4598/4515/43
f 4596/4628/43 3773/4293/3255 4595/4402/3345
f 4595/4629/3345 4725/4286/3210 4726/4399/3209
f 4594/4396/3343 4664/4302/64 4665/4397/64
f 4593/4630/3491 4635/4314/3276 4636/4393/3341
f 4586/4631/3492 4373/4632/3275 4585/4633/3275
f 4583/4634/3493 3959/4635/2036 4582/4636/2036
f 4250/4637/2036 4443/4638/2036 3913/4639/2036
f 4360/4640/2040 4447/4641/3494 3851/4642/3337
f 3879/4643/2041 4181/4644/3495 3853/4645/3496
f 4219/4646/2039 4182/4647/2039 4263/4648/2039
f 4175/4649/2039 4773/4650/3497 4174/4651/3498
f 4173/4652/3176 4773/4650/3497 4774/4653/3176
f 4730/4654/64 4591/4655/3499 4590/4656/64
f 3770/4657/3500 4590/4656/64 4591/4655/3499
f 4168/4658/3501 4586/4631/3492 4587/4659/3502
f 4172/4660/3503 4777/4661/3504 4171/4662/3504
f 4166/4663/3505 4320/4445/3379 3857/4664/3506
f 4806/4665/3507 4548/4666/3508 3815/4667/3509
f 4546/4668/2033 3849/4669/3426 4545/4670/3510
f 4579/4671/2042 3815/4672/3509 4548/4673/3508
f 4544/4674/43 3849/4531/3426 4217/4530/3425
f 4354/4675/2036 3852/4676/3353 4353/4677/3511
f 4606/4678/3512 4356/4679/3513 3777/4680/3514
f 4357/4681/3515 4447/4641/3494 4448/4682/2039
f 4358/4683/43 3852/4415/3353 4351/4414/3352
f 3806/4684/3516 4780/4685/64 4781/4686/3517
f 4267/4687/2042 4770/4688/3518 4176/4689/3519
f 4811/4690/3520 4780/4685/64 4810/4691/64
f 4264/4692/3521 4183/4693/3522 4270/4694/2033
f 4265/4695/43 3854/4561/3453 4264/4696/3521
f 3993/4697/3223 4283/4698/3523 4284/4699/3223
f 4053/4700/3524 4280/4701/3525 4281/4702/3526
f 4093/4703/3527 4277/4704/3528 4278/4705/3529
f 3797/4416/3354 4276/4706/3299 4114/4419/3357
f 3796/4418/3356 4275/4707/3530 3797/4416/3354
f 3852/4415/3353 4272/4708/2040 4154/4413/2040
f 4271/4709/2040 4179/4710/3531 4317/4711/2040
f 3794/4712/3532 4619/4713/2040 4620/4714/2041
f 3793/4715/3533 4648/4716/3534 4649/4717/64
f 4709/4718/2042 3792/4719/3535 4313/4720/3536
f 4311/4721/43 3907/4722/43 4257/4723/43
f 4791/4724/43 3810/4725/43 4309/4726/43
f 4308/4727/43 3791/4728/3537 4307/4729/3538
f 4307/4730/3538 4727/4731/3210 4728/4732/3539
f 3790/4733/3540 4667/4734/3541 4306/4735/3542
f 4305/4736/3543 4637/4737/3276 4638/4738/3176
f 4303/4739/3176 4776/4740/3544 4172/4660/3503
f 4301/4741/3176 3857/4664/3506 4165/4444/3276
f 4298/4742/3545 3805/4743/3546 3804/4442/3377
f 4297/4744/3547 3804/4442/3377 4125/4439/3374
f 4296/4745/3548 4104/4438/3373 4295/4746/3549
f 4293/4747/3550 4064/4435/3370 4292/4748/3551
f 4290/4749/3552 4004/4432/3235 4289/4750/3235
f 3764/4751/3405 3990/4609/3217 3991/4752/3220
f 3760/4753/3403 4050/4612/3482 4051/4754/3404
f 3756/4755/3400 4090/4615/3485 4091/4756/3401
f 3899/4618/3488 4112/4757/3397 3752/4758/3395
f 3900/4620/3490 3752/4758/3395 3749/4759/3553
f 3901/4623/2039 4152/4760/3393 3853/4761/3496
f 3901/4762/2039 4181/4644/3495 4182/4647/2039
f 3903/4565/3456 4617/4763/3392 3745/4764/3554
f 3904/4568/3459 4646/4765/3389 3738/4766/3555
f 3905/4571/3461 4707/4767/3387 3740/4768/3386
f 3883/4769/3556 3905/4574/3461 3740/4770/3386
f 4312/4771/43 3792/4772/3535 3907/4722/43
f 4746/4773/3347 4601/4576/43 4745/4774/43
f 4601/4576/43 3774/4775/3256 3908/4580/43
f 4364/4776/3557 3908/4580/43 3774/4775/3256
f 3909/4777/3558 4715/4778/3559 4716/4582/2036
f 3910/4779/3560 4654/4780/3561 4655/4585/3464
f 3911/4781/3562 4625/4782/3563 4626/4588/2036
f 3913/4639/2036 4444/4783/3564 3850/4784/3565
f 3913/4785/2036 4157/4786/3566 4158/4591/2036
f 3914/4787/3567 3751/4788/3568 3915/4594/3468
f 3915/4594/3468 4117/4789/3569 4118/4596/3470
f 4097/4600/3474 3755/4790/3570 4096/4791/3571
f 4057/4603/3477 3759/4792/3572 4056/4793/3573
f 3997/4606/3227 3763/4794/3574 3996/4795/3575
f 3763/4796/3574 3995/4797/3223 3996/4798/3575
f 3759/4799/3572 4055/4800/3576 4056/4801/3573
f 3755/4802/3570 4095/4803/3577 4096/4804/3571
f 3922/4805/3578 4117/4806/3569 3751/4807/3568
f 3923/4808/3579 3751/4807/3568 3748/4809/3580
f 3850/4810/3565 4156/4811/2041 4157/4812/3566
f 3924/4813/2040 4444/4783/3564 4445/4814/2040
f 3926/4815/3581 4625/4816/3563 3744/4817/3582
f 3927/4818/3583 4654/4819/3561 3739/4820/3584
f 4714/4821/2042 3741/4822/3585 3928/4823/3586
f 3929/4824/43 3741/4825/3585 3909/4826/3558
f 4255/4827/43 3909/4826/3558 4254/4828/3462
f 4797/4829/43 3812/4830/3421 3931/4831/43
f 3955/4832/43 3735/4833/3259 3932/4834/3587
f 3932/4835/3587 4722/4836/3258 4723/4837/3588
f 3933/4838/3589 4661/4839/3266 4662/4840/3590
f 3934/4841/3591 4632/4842/3278 4633/4843/3275
f 4584/4844/3275 3766/4845/3592 4583/4634/3493
f 3936/4846/3275 4162/4847/3338 4163/4848/3275
f 3937/4849/3593 3750/4850/3285 3938/4851/3594
f 3938/4851/3594 4122/4852/3297 4123/4853/3595
f 4102/4854/3596 3754/4855/3303 4101/4856/3305
f 4062/4857/3597 3758/4858/3315 4061/4859/3317
f 4002/4860/3235 3762/4861/3327 4001/4862/3328
f 4514/4863/3598 3988/4864/3331 3821/4865/3599
f 4511/4866/3600 4048/4867/3601 3822/4868/3602
f 4508/4869/3603 4088/4870/3604 3823/4871/3605
f 3824/4872/3606 4507/4873/3607 4109/4874/3449
f 3825/4875/3608 4506/4876/3609 3824/4872/3606
f 3855/4877/3610 4503/4878/2039 4149/4879/2039
f 4176/4689/3519 4771/4880/2039 4501/4881/2039
f 4499/4882/3611 4613/4883/2039 3807/4502/3414
f 3808/4884/3612 4641/4885/3613 4642/4506/3417
f 4497/4886/3614 4703/4887/2039 3809/4508/3419
f 3809/4513/3419 4496/4888/43 4497/4889/3614
f 4494/4890/43 4309/4726/43 3810/4725/43
f 4742/4516/43 4597/4891/43 4741/4892/43
f 4493/4893/43 4598/4515/43 3811/4519/43
f 3811/4519/43 4492/4894/43 4493/4893/43
f 4490/4895/3615 3931/4831/43 3812/4830/3421
f 4490/4896/3615 4719/4522/2036 4720/4897/2036
f 3813/4898/3616 4659/4899/3617 4489/4900/3618
f 4488/4901/3619 4629/4526/2036 4630/4902/2036
f 4581/4903/2036 3815/4672/3509 4580/4904/3620
f 4486/4905/2036 4160/4906/2036 4485/4907/2036
f 4529/4908/3621 3816/4909/3622 3817/4910/3623
f 4528/4911/3624 3817/4910/3623 4120/4912/2036
f 4527/4913/3625 4099/4914/3626 4526/4915/3627
f 4524/4916/3628 4059/4917/3629 4523/4918/3630
f 4521/4919/3631 3999/4920/3227 4520/4921/3227
f 3986/4922/3236 4007/4923/3439 3987/4375/3331
f 4515/4924/3331 4008/4925/3217 3988/4864/3331
f 3989/4926/3439 4200/4927/3217 4009/4928/3217
f 3990/4609/3217 4233/4929/3632 4010/4930/3632
f 3991/4752/3220 4010/4930/3632 4011/4931/3220
f 4012/4932/3223 3991/4484/3220 4011/4933/3220
f 4013/4934/3223 4284/4699/3223 4285/4935/3223
f 3993/4697/3223 4337/4936/3223 4338/4428/3223
f 4392/4373/3223 4014/4937/3223 4391/4938/3223
f 3996/4798/3575 4015/4939/3223 4016/4940/3633
f 4017/4941/3634 3996/4795/3575 4016/4942/3633
f 4236/4943/3635 3997/4606/3227 4017/4941/3634
f 4203/4944/3634 3998/4545/3227 4018/4945/3635
f 4520/4921/3227 4019/4946/3227 4519/4947/3634
f 4001/4370/3328 4020/4948/3634 4021/4949/3636
f 4022/4950/3235 4001/4862/3328 4021/4951/3636
f 4387/4952/3235 4023/4953/3235 4003/4378/3235
f 4004/4432/3235 4334/4954/3235 4024/4955/3232
f 4289/4750/3235 4024/4955/3232 4288/4956/3235
f 3986/4487/3236 4025/4957/3235 4006/4958/3236
f 4006/4959/3236 4898/4960/3217 4007/4923/3439
f 4516/4961/3439 4900/4962/3217 4008/4925/3217
f 4009/4928/3217 4902/4963/3331 4903/4964/3331
f 4010/4930/3632 4904/4965/3632 4905/4966/3632
f 4011/4931/3220 4905/4966/3632 4906/4967/3637
f 4907/4968/3223 4011/4933/3220 4906/4969/3637
f 4909/4970/3223 4285/4935/3223 4908/4971/3223
f 4013/4934/3223 4910/4972/3223 4337/4936/3223
f 4391/4938/3223 4912/4973/3223 4913/4974/3223
f 4016/4940/3633 4914/4975/3638 4915/4976/3633
f 4916/4977/3634 4016/4942/3633 4915/4978/3633
f 4917/4979/3634 4017/4941/3634 4916/4977/3634
f 4919/4980/3634 4018/4945/3635 4918/4981/3634
f 4519/4947/3634 4921/4982/3639 4922/4983/3634
f 4021/4949/3636 4923/4984/3634 4924/4985/3640
f 4925/4986/3235 4021/4951/3636 4924/4987/3640
f 4388/4988/3235 4927/4989/3235 4023/4953/3235
f 4024/4955/3232 4929/4990/3232 4930/4991/3232
f 4288/4956/3235 4930/4991/3232 4931/4992/3235
f 4006/4958/3236 4932/4993/3235 4897/4994/3641
f 4026/4995/3642 3942/4996/3332 4027/4997/2039
f 4513/4998/2039 3821/4999/3599 4028/5000/2039
f 4197/5001/2039 3841/5002/3440 4029/5003/2039
f 4230/5004/2039 3896/5005/3479 4030/5006/2039
f 4030/5006/2039 3764/5007/3405 4031/5008/3643
f 4032/5009/3644 3764/5010/3405 3874/5011/3645
f 4033/5012/3646 4283/5013/3523 3800/5014/3365
f 4033/5012/3646 4339/5015/3366 4340/5016/2042
f 4034/5017/3646 4393/5018/3329 4394/5019/3644
f 4035/5020/3644 3763/5021/3574 4036/5022/3647
f 4037/5023/2036 3763/5024/3574 3918/5025/3478
f 4239/5026/2036 3918/5025/3478 4238/5027/3648
f 4205/5028/3649 4038/5029/2036 3840/5030/3438
f 4522/5031/2036 3820/5032/3650 4521/5033/3631
f 4040/5034/2036 3762/5035/3327 4041/5036/3651
f 4042/5037/3275 3762/5038/3327 3941/5039/3652
f 4385/5040/3275 3783/5041/3334 4043/5042/3210
f 4044/5043/3276 4332/5044/3653 3801/5045/3367
f 4291/5046/3176 3801/5045/3367 4290/5047/3552
f 4045/5048/3176 3765/5049/3330 4026/5050/3642
f 4046/5051/3407 4027/4997/2039 4047/4363/3322
f 4512/5052/3654 4028/5000/2039 4048/4867/3601
f 4196/4549/3442 4029/5003/2039 4049/5053/3655
f 4050/4612/3482 4230/5004/2039 4030/5006/2039
f 4051/4754/3404 4030/5006/2039 4031/5008/3643
f 4032/5009/3644 4051/4481/3404 4031/5054/3643
f 4053/4700/3524 4282/5055/3646 4033/5012/3646
f 4053/4700/3524 4340/5016/2042 4341/4425/3363
f 4054/4360/3319 4394/5019/3644 4395/4361/3320
f 4056/4801/3573 4035/5020/3644 4036/5022/3647
f 4037/5023/2036 4056/4793/3573 4036/5056/3647
f 4239/5026/2036 4057/4603/3477 4037/5023/2036
f 4207/4540/3435 4038/5029/2036 4206/5057/2036
f 4522/5031/2036 4059/4917/3629 4039/5058/2036
f 4061/4358/3317 4040/5034/2036 4041/5036/3651
f 4042/5037/3275 4061/4859/3317 4041/5059/3651
f 4384/5060/3656 4043/5042/3210 4063/4366/3325
f 4064/4435/3370 4331/5061/3209 4044/5043/3276
f 4292/4748/3551 4044/5043/3276 4291/5046/3176
f 4046/4490/3407 4045/5048/3176 4026/5050/3642
f 4066/5062/3657 3943/4364/3323 4067/5063/3658
f 4510/5064/3659 3822/4868/3602 4068/5065/3660
f 4069/5066/3661 4195/4551/3444 3842/4550/3443
f 4070/5067/3662 4228/5068/3663 3897/4610/3480
f 4071/5069/3664 3897/4610/3480 3760/4753/3403
f 3875/5070/3665 4071/5071/3664 3760/4480/3403
f 3799/4424/3362 4279/5072/3666 4280/4701/3525
f 4073/5073/3667 4342/4426/3364 4343/5074/3668
f 4397/5075/3669 3781/5076/3670 4396/4359/3318
f 4076/5077/3671 3920/5078/3672 3759/4799/3572
f 3917/4602/3476 4076/5079/3671 3759/4792/3572
f 4241/5080/3673 4077/5081/3674 3917/4602/3476
f 4208/5082/3675 4078/5083/3676 3839/4541/3436
f 4525/5084/3677 3819/5085/3678 4524/4916/3628
f 4081/5086/3679 3964/5087/3680 3758/4356/3315
f 3940/5088/3681 4081/5089/3679 3758/4858/3315
f 4382/5090/3682 3784/4367/3326 4083/5091/3683
f 4084/5092/3684 4329/5093/3685 3802/4433/3368
f 4294/5094/3686 3802/4433/3368 4293/4747/3550
f 4066/5095/3657 3894/5096/3687 3761/4488/3321
f 4086/5097/3409 4067/5063/3658 4087/4351/3310
f 4509/5098/3688 4068/5065/3660 4088/4870/3604
f 4089/5099/3689 4194/5100/3690 4069/5066/3661
f 4090/4615/3485 4227/5101/3691 4070/5067/3662
f 4091/4756/3401 4070/5067/3662 4071/5069/3664
f 4072/5102/3692 4091/4478/3401 4071/5071/3664
f 4073/5073/3667 4278/4705/3529 4279/5072/3666
f 4093/4703/3527 4343/5074/3668 4344/4422/3360
f 4398/4349/3308 4074/5103/3693 4397/5075/3669
f 4096/4804/3571 4075/5104/3694 4076/5077/3671
f 4077/5081/3674 4096/4791/3571 4076/5079/3671
f 4242/5105/3695 4097/4600/3474 4077/5081/3674
f 4209/5106/3696 4098/4539/3434 4078/5083/3676
f 4526/4915/3627 4079/5107/3697 4525/5084/3677
f 4101/4346/3305 4080/5108/3698 4081/5086/3679
f 4082/5109/3699 4101/4856/3305 4081/5089/3679
f 4381/5110/3700 4083/5091/3683 4103/4354/3313
f 4104/4438/3373 4328/5111/3701 4084/5092/3684
f 4295/4746/3549 4084/5092/3684 4294/5094/3686
f 4086/4493/3409 4085/5112/3702 4066/5095/3657
f 4107/4495/3300 3893/5113/3703 3757/4491/3309
f 4107/4340/3300 3944/4352/3311 4108/4341/3301
f 4507/4873/3607 3823/4871/3605 4109/4874/3449
f 4110/4556/3449 4192/4554/3447 3843/4553/3446
f 4111/4617/3487 4225/5114/3704 3898/4613/3483
f 4112/4757/3397 3898/4613/3483 3756/4755/3400
f 3876/5115/3705 4112/4474/3397 3756/4477/3400
f 3798/4421/3359 4276/4706/3299 4277/4704/3528
f 4114/4419/3357 4345/4423/3361 4346/5116/3706
f 4400/4339/3299 3780/5117/3707 4399/4347/3306
f 4117/4806/3569 3921/5118/3708 3755/4802/3570
f 3916/4599/3473 4117/4789/3569 3755/4790/3570
f 4244/5119/3709 4118/4596/3470 3916/4599/3473
f 4211/5120/3710 4119/4535/3430 3838/4538/3433
f 4528/4911/3624 3818/5121/3711 4527/4913/3625
f 4122/4337/3297 3963/5122/3712 3754/4344/3303
f 3939/5123/3713 4122/4852/3297 3754/4855/3303
f 4379/4342/3302 3785/4355/3314 4124/4343/3210
f 4125/4439/3374 4326/5124/3714 3803/4436/3371
f 4297/4744/3547 3803/4436/3371 4296/4745/3548
f 4127/5125/2039 3746/5126/3412 3946/5127/3290
f 4128/5128/2039 4505/5129/3715 3825/5130/3608
f 4188/5131/2039 3845/5132/3452 4129/5133/2039
f 4221/5134/2039 3900/5135/3490 4130/5136/2039
f 4130/5136/2039 3749/5137/3553 4131/5138/3716
f 4132/5139/2042 3749/5140/3553 3878/5141/3394
f 4133/5142/2041 4274/5143/3717 3796/5144/3356
f 4133/5142/2041 4348/5145/3355 4349/5146/2041
f 4134/5147/2042 4402/5148/3289 4403/5149/2040
f 4135/5150/2041 3748/5151/3580 4136/5152/3718
f 4137/5153/2036 3748/5154/3580 3914/5155/3567
f 4248/5156/2036 3914/5155/3567 4247/5157/3467
f 4214/5158/3427 4138/5159/2036 3836/5160/3719
f 4530/5161/3720 4139/5162/2036 3816/5163/3622
f 4140/5164/2036 3747/5165/3286 4141/5166/3721
f 4142/5167/3275 3747/5168/3286 3937/5169/3593
f 4143/5170/3210 4377/5171/3722 3787/5172/3293
f 3805/5173/3546 4322/5174/3209 4323/5175/3378
f 4300/5176/3176 3805/5173/3546 4299/5177/3723
f 4145/5178/3176 3746/5179/3412 4126/5180/3724
f 4147/4500/3336 4145/5178/3176 4126/5180/3724
f 4147/4384/3336 4127/5125/2039 4148/4385/2039
f 4503/4878/2039 4128/5128/2039 4149/4879/2039
f 4187/4560/2039 4129/5133/2039 4150/5181/2039
f 4220/5182/2039 4130/5136/2039 4151/4622/2039
f 4152/4760/3393 4130/5136/2039 4131/5138/3716
f 4152/4469/3393 4132/5139/2042 4153/4470/2041
f 4154/4413/2040 4273/5183/2040 4133/5142/2041
f 4154/4413/2040 4349/5146/2041 4350/5184/2041
f 4155/5185/2041 4403/5149/2040 4359/4387/2040
f 4157/4812/3566 4135/5150/2041 4136/5152/3718
f 4137/5153/2036 4157/4786/3566 4136/5186/3718
f 4158/4591/2036 4248/5156/2036 4249/4592/2036
f 4159/4529/2036 4215/5187/3725 4216/5188/3726
f 4160/4906/2036 4531/5189/2036 4485/4907/2036
f 4162/4390/3338 4140/5164/2036 4141/5166/3721
f 4163/4848/3275 4141/5190/3721 4142/5167/3275
f 4375/4381/3275 4143/5170/3210 4164/4382/3210
f 4321/4446/3209 4144/5191/3276 4165/4444/3276
f 4165/4444/3276 4300/5176/3176 4301/4741/3176
f 3860/5192/3727 4319/5193/43 4166/4663/3505
f 3859/5194/3728 4587/4659/3502 4588/5195/3729
f 4168/5196/3501 4589/5197/64 4590/4656/64
f 4729/5198/64 4590/4656/64 4589/5197/64
f 4170/5199/3504 4777/4661/3504 4778/5200/3730
f 3860/5201/3727 4171/4662/3504 4170/5199/3504
f 4171/4662/3504 3857/5202/3506 4172/4660/3503
f 4302/5203/3176 4172/4660/3503 3857/5202/3506
f 3856/5204/3413 4173/4652/3176 3890/5205/3176
f 3947/5206/2039 4174/4651/3498 3856/5204/3413
f 4501/4881/2039 3855/5207/3610 4176/4689/3519
f 4267/4687/2042 3855/5207/3610 4266/5208/3731
f 4841/5209/3732 4354/4675/2036 4840/5210/2036
f 4842/5211/2040 4179/4710/3531 4841/5209/3732
f 4844/5212/3733 4180/5213/2041 4843/5214/2041
f 4845/5215/2039 4181/4644/3495 4844/5212/3733
f 4846/5216/2039 4182/4647/2039 4845/5215/2039
f 4848/5217/2033 4183/4693/3522 4847/5218/3734
f 4203/4944/3634 4920/5219/3639 4469/5220/3227
f 3854/4561/3453 4220/5182/2039 4219/4621/2039
f 4220/5182/2039 4129/5133/2039 4221/5134/2039
f 4221/5134/2039 3845/5132/3452 4222/5221/3489
f 4223/4616/3486 3845/4559/3452 3844/4557/3450
f 4224/5222/3735 3844/4557/3450 4110/4556/3449
f 4224/5222/3735 3843/4553/3446 4225/5114/3704
f 4225/5114/3704 4089/5099/3689 4226/4614/3484
f 4226/4614/3484 4069/5066/3661 4227/5101/3691
f 4227/5101/3691 3842/4550/3443 4228/5068/3663
f 4228/5068/3663 4049/5053/3655 4229/4611/3481
f 4229/4611/3481 4029/5003/2039 4230/5004/2039
f 4230/5004/2039 3841/5002/3440 4231/5223/3736
f 4231/5224/3736 3989/4926/3439 4232/4608/3217
f 4232/4608/3217 4009/4928/3217 4233/4929/3632
f 4233/4929/3632 4903/4964/3331 4904/4965/3632
f 4918/4981/3634 4236/4943/3635 4917/4979/3634
f 4018/4945/3635 4237/4604/3227 4236/4943/3635
f 3998/4545/3227 4238/5225/3648 4237/4604/3227
f 3840/5030/3438 4239/5026/2036 4238/5027/3648
f 4058/4542/3437 4239/5026/2036 4038/5029/2036
f 4058/4542/3437 4241/5080/3673 4240/4601/3475
f 3839/4541/3436 4242/5105/3695 4241/5080/3673
f 4078/5083/3676 4243/4598/3472 4242/5105/3695
f 4098/4539/3434 4244/5119/3709 4243/4598/3472
f 3838/4538/3433 4245/4597/3471 4244/5119/3709
f 3837/4533/3428 4245/4597/3471 4119/4535/3430
f 3836/5226/3719 4246/4595/3469 3837/4533/3428
f 4138/5159/2036 4247/5157/3467 3836/5160/3719
f 4138/5159/2036 4249/4592/2036 4248/5156/2036
f 3849/4531/3426 4249/4592/2036 4159/4529/2036
f 4250/4637/2036 4441/5227/3737 4442/5228/2036
f 3834/5229/3738 4627/4589/2036 4628/5230/2036
f 3833/5231/3739 4656/4586/3465 4657/5232/64
f 3832/5233/3740 4717/4583/2036 4718/5234/2036
f 3930/5235/43 4254/4828/3462 3832/5236/3740
f 4366/5237/43 3831/5238/43 4256/4579/43
f 4599/5239/43 4256/4579/43 3831/5238/43
f 4743/5240/43 4600/4577/43 4599/5239/43
f 4310/5241/43 4257/4723/43 3830/5242/43
f 4258/5243/43 3829/5244/3741 4259/4573/3460
f 4259/4569/3460 4704/5245/2039 4705/5246/2039
f 3828/5247/3742 4644/5248/3743 4260/4566/3457
f 4261/4563/3455 4614/5249/2039 4615/5250/2039
f 4847/5218/3734 4263/4648/2039 4846/5216/2039
f 4219/4646/2039 4183/4693/3522 3854/5251/3453
f 4185/5252/43 4264/4696/3521 3872/5253/3744
f 4177/5254/2042 4266/5208/3731 3873/5255/3745
f 4177/5254/2042 4769/5256/2042 4267/4687/2042
f 4268/5257/3746 4779/5258/64 4780/4685/64
f 4779/5258/64 4810/4691/64 4780/4685/64
f 4849/5259/2033 4270/4694/2033 4848/5217/2033
f 3872/5260/3744 4270/4694/2033 4184/5261/2033
f 4271/5262/2040 4153/4470/2041 4272/4708/2040
f 4272/4708/2040 4132/5139/2042 4273/5183/2040
f 4273/5183/2040 3878/5141/3394 4274/5143/3717
f 4274/5263/3717 3877/4473/3396 4275/4707/3530
f 4275/4707/3530 4113/4475/3398 4276/4706/3299
f 4277/4704/3528 4113/4475/3398 3876/5115/3705
f 4278/4705/3529 3876/5115/3705 4092/4476/3399
f 4279/5072/3666 4092/4476/3399 4072/5102/3692
f 4280/4701/3525 4072/5102/3692 3875/5070/3665
f 4281/4702/3526 3875/5070/3665 4052/4479/3402
f 4282/5055/3646 4052/4479/3402 4032/5009/3644
f 4282/5055/3646 3874/5011/3645 4283/5013/3523
f 4284/4699/3223 3874/5264/3645 3992/4482/3223
f 4285/4935/3223 3992/4482/3223 4012/4932/3223
f 4908/4971/3223 4012/4932/3223 4907/4968/3223
f 4025/4957/3235 4931/4992/3235 4932/4993/3235
f 4005/4486/3235 4288/4956/3235 4025/4957/3235
f 3895/5265/3747 4289/4750/3235 4005/4486/3235
f 4045/5048/3176 4290/5047/3552 3895/5266/3747
f 4065/4489/3406 4291/5046/3176 4045/5048/3176
f 3894/5096/3687 4292/4748/3551 4065/4489/3406
f 4085/5112/3702 4293/4747/3550 3894/5096/3687
f 4105/4492/3408 4294/5094/3686 4085/5112/3702
f 3893/5113/3703 4295/4746/3549 4105/4492/3408
f 4106/5267/3748 4296/4745/3548 3893/5113/3703
f 4298/4742/3545 4106/5267/3748 3892/4494/3410
f 3892/4494/3410 4299/5268/3723 4298/4742/3545
f 4145/5178/3176 4299/5177/3723 3891/5269/3411
f 4146/5270/3176 4300/5176/3176 4145/5178/3176
f 4301/4741/3176 3890/4499/3176 4302/5271/3176
f 4302/5203/3176 4173/4652/3176 4303/4739/3176
f 4173/4652/3176 4775/5272/3176 4303/4739/3176
f 4609/5273/3176 4305/4736/3543 4638/4738/3176
f 4306/4735/3542 4668/4452/3383 3887/4451/3382
f 4699/5274/3275 4307/4730/3538 4728/4732/3539
f 3952/5275/43 4307/4729/3538 3886/4457/3384
f 4495/5276/43 3885/4512/43 4309/4726/43
f 4790/5277/43 4309/4726/43 3885/4512/43
f 3884/5278/43 4311/4721/43 4310/5241/43
f 4258/5243/43 4312/4771/43 4311/4721/43
f 4313/5279/3536 3906/4572/43 3883/4769/3556
f 4708/4459/2042 4313/4720/3536 3883/5280/3556
f 4314/5281/3749 4647/4464/3390 4648/4716/3534
f 4315/5282/3750 4618/4467/2041 4619/4713/2040
f 4843/5214/2041 4317/4711/2040 4842/5211/2040
f 3879/4643/2041 4317/4711/2040 4180/5213/2041
f 4318/5283/43 4405/5284/43 4319/5193/43
f 4319/5193/43 4406/5285/3751 4320/4445/3379
f 4320/4445/3379 4407/5286/3209 4321/4446/3209
f 4407/5286/3209 4322/5174/3209 4321/4446/3209
f 4322/5174/3209 4409/5287/3752 4323/5175/3378
f 4324/4440/3375 4409/5288/3752 4410/5289/3753
f 4324/4440/3375 4411/5290/3754 4325/4441/3376
f 4326/5124/3714 4411/5290/3754 4412/5291/3755
f 4326/5124/3714 4413/5292/3756 4327/4437/3372
f 4327/4437/3372 4414/5293/3757 4328/5111/3701
f 4328/5111/3701 4415/5294/3758 4329/5093/3685
f 4330/4434/3369 4415/5294/3758 4416/5295/3759
f 4330/4434/3369 4417/5296/3209 4331/5061/3209
f 4331/5061/3209 4418/5297/3760 4332/5044/3653
f 4332/5298/3653 4419/5299/3235 4333/4431/3235
f 4333/4431/3235 4420/5300/3235 4334/4954/3235
f 4928/5301/3235 4334/4954/3235 4420/5300/3235
f 4337/4936/3223 4911/5302/3223 4423/5303/3223
f 4338/4428/3223 4423/5303/3223 4424/5304/3223
f 4338/4428/3223 4425/5305/3761 4339/4429/3366
f 4339/5015/3366 4426/5306/3646 4340/5016/2042
f 4340/5016/2042 4427/5307/3762 4341/4425/3363
f 4341/4425/3363 4428/5308/3763 4342/4426/3364
f 4343/5074/3668 4428/5308/3763 4429/5309/3764
f 4343/5074/3668 4430/5310/3765 4344/4422/3360
f 4344/4422/3360 4431/5311/3766 4345/4423/3361
f 4345/4423/3361 4432/5312/3767 4346/5116/3706
f 4347/4420/3358 4432/5312/3767 4433/5313/3768
f 4347/4420/3358 4434/5314/3769 4348/4417/3355
f 4348/5145/3355 4435/5315/2040 4349/5146/2041
f 4436/5316/2042 4349/5146/2041 4435/5315/2040
f 4350/5184/2041 4437/5317/3352 4351/4414/3352
f 4351/4414/3352 4438/5318/43 4358/4683/43
f 4178/5319/2036 4353/4677/3511 3869/5320/3770
f 4839/5321/2036 4354/4675/2036 4178/5319/2036
f 4607/5322/64 3867/5323/3771 4356/4679/3513
f 3868/5324/3772 4448/4682/2039 4449/5325/2039
f 4439/5326/43 4358/4683/43 4438/5318/43
f 4352/5327/43 4353/5328/3511 4358/4683/43
f 4360/4388/2040 4156/4811/2041 3924/5329/2040
f 4360/4640/2040 4445/4814/2040 4446/5330/2040
f 4362/4320/3281 4624/5331/2040 3926/4815/3581
f 4363/4308/3270 4653/5332/3773 3927/4818/3583
f 4713/4288/2042 3928/4823/3586 4364/5333/3557
f 4365/4578/43 3928/5334/3586 3929/4824/43
f 4366/5237/43 3929/4824/43 4255/4827/43
f 4367/5335/43 4255/4827/43 3930/5235/43
f 4796/5336/43 3931/4831/43 4368/4518/43
f 4368/4518/43 4491/5337/43 4492/4894/43
f 4369/5338/43 3932/4834/3587 4370/4292/3254
f 4370/4285/3254 4723/4837/3588 4724/5339/3588
f 4371/5340/3774 4662/4840/3590 4663/4301/3264
f 4634/4313/3275 3934/4841/3591 4633/4843/3275
f 4585/4633/3275 3935/5341/3275 4584/4844/3275
f 4374/5342/3275 4163/4848/3275 4375/4381/3275
f 4375/4381/3275 4142/5167/3275 4376/5343/3275
f 4376/5343/3275 3937/5169/3593 4377/5171/3722
f 4377/5344/3722 3938/4851/3594 4378/4334/3294
f 4378/4334/3294 4123/4853/3595 4379/4342/3302
f 4380/4353/3312 4123/4853/3595 3939/5123/3713
f 4381/5110/3700 3939/5123/3713 4102/4854/3596
f 4382/5090/3682 4102/4854/3596 4082/5109/3699
f 4383/4365/3324 4082/5109/3699 3940/5088/3681
f 4384/5060/3656 3940/5088/3681 4062/4857/3597
f 4385/5040/3275 4062/4857/3597 4042/5037/3275
f 4385/5040/3275 3941/5039/3652 4386/5345/3333
f 4387/4952/3235 3941/5346/3652 4002/4860/3235
f 4388/4988/3235 4002/4860/3235 4022/4950/3235
f 4926/5347/3235 4022/4950/3235 4925/4986/3235
f 4015/4939/3223 4913/4974/3223 4914/4975/3638
f 3995/4797/3223 4391/4938/3223 4015/4939/3223
f 3919/5348/3775 4392/4373/3223 3995/4797/3223
f 4035/5020/3644 4393/5018/3329 3919/5349/3775
f 4055/4800/3576 4394/5019/3644 4035/5020/3644
f 3920/5078/3672 4395/4361/3320 4055/4800/3576
f 4075/5104/3694 4396/4359/3318 3920/5078/3672
f 4095/4803/3577 4397/5075/3669 4075/5104/3694
f 3921/5118/3708 4398/4349/3308 4095/4803/3577
f 4116/5350/3776 4399/4347/3306 3921/5118/3708
f 4401/4328/3288 4116/5350/3776 3922/4805/3578
f 4402/4329/3289 3922/4805/3578 3923/4808/3579
f 4403/5149/2040 3923/5351/3579 4135/5150/2041
f 4359/4387/2040 4135/5150/2041 4156/4811/2041
f 4404/5352/43 4167/5353/3777 4405/5284/43
f 4405/5284/43 3846/4380/3335 4406/5285/3751
f 4407/5286/3209 3846/4380/3335 4164/4382/3210
f 4407/5286/3209 4143/5170/3210 4408/5354/3209
f 4409/5287/3752 4143/5170/3210 3787/5172/3293
f 4409/5288/3752 3786/4335/3295 4410/5289/3753
f 4410/5289/3753 4124/4343/3210 4411/5290/3754
f 4412/5291/3755 4124/4343/3210 3785/4355/3314
f 4413/5292/3756 3785/4355/3314 4103/4354/3313
f 4414/5293/3757 4103/4354/3313 4083/5091/3683
f 4415/5294/3758 4083/5091/3683 3784/4367/3326
f 4416/5295/3759 3784/4367/3326 4063/4366/3325
f 4416/5295/3759 4043/5042/3210 4417/5296/3209
f 4417/5296/3209 3783/5041/3334 4418/5297/3760
f 4419/5299/3235 3783/4379/3334 4003/4378/3235
f 4420/5300/3235 4003/4378/3235 4023/4953/3235
f 4928/5301/3235 4023/4953/3235 4927/4989/3235
f 4014/4937/3223 4911/5302/3223 4912/4973/3223
f 3994/4372/3223 4423/5303/3223 4014/4937/3223
f 4424/5304/3223 3782/5355/3778 4425/5305/3761
f 4426/5306/3646 3782/5356/3778 4034/5017/3646
f 4427/5307/3762 4034/5017/3646 4054/4360/3319
f 4427/5307/3762 3781/5076/3670 4428/5308/3763
f 4074/5103/3693 4428/5308/3763 3781/5076/3670
f 4094/4348/3307 4429/5309/3764 4074/5103/3693
f 4430/5310/3765 3780/5117/3707 4431/5311/3766
f 4115/5357/3779 4431/5311/3766 3780/5117/3707
f 4433/5313/3768 4115/5357/3779 3779/4338/3298
f 4434/5314/3769 3779/4338/3298 3778/4327/3287
f 4435/5315/2040 3778/5358/3287 4134/5147/2042
f 4155/5185/2041 4435/5315/2040 4134/5147/2042
f 4436/5316/2042 3851/4386/3337 4437/5317/3352
f 4357/5359/3515 4437/5317/3352 3851/4386/3337
f 3868/5360/3772 4438/5318/43 4357/5359/3515
f 4547/5361/3780 4858/5362/3781 4859/5363/2033
f 4857/5364/2036 3835/5365/3782 4251/5366/2036
f 4857/5364/2036 3912/5367/2036 4856/5368/2036
f 4856/5368/2036 3769/5369/3783 4855/5370/3784
f 4854/5371/2040 3769/5369/3783 3925/5372/2040
f 4853/5373/2040 3925/5372/2040 4361/5374/2040
f 4853/5373/2040 3777/5375/3514 4852/5376/3785
f 4851/5377/2039 3777/5375/3514 4356/5378/3513
f 3867/5379/3771 4851/5377/2039 4356/5378/3513
f 3873/5380/3745 4451/5381/43 4450/5382/43
f 4451/5381/43 3855/4877/3610 4452/5383/3786
f 4149/4879/2039 4452/5383/3786 3855/4877/3610
f 4149/4879/2039 4454/5384/2039 4453/5385/2039
f 4454/5384/2039 3825/5130/3608 4455/5386/3787
f 3824/4872/3606 4455/5387/3787 3825/4875/3608
f 4109/4874/3449 4456/5388/3788 3824/4872/3606
f 4458/5389/3789 4109/4874/3449 3823/4871/3605
f 3823/4871/3605 4459/5390/3790 4458/5389/3789
f 4460/5391/3791 4088/4870/3604 4068/5065/3660
f 4461/5392/3792 4068/5065/3660 3822/4868/3602
f 3822/4868/3602 4462/5393/3793 4461/5392/3792
f 4462/5393/3793 4028/5000/2039 4463/5394/2039
f 4463/5394/2039 3821/4999/3599 4464/5395/3794
f 3821/4865/3599 4465/5396/3331 4464/5397/3794
f 4466/5398/3331 3988/4864/3331 4008/4925/3217
f 4901/5399/3439 4008/4925/3217 4900/4962/3217
f 4019/4946/3227 4920/5219/3639 4921/4982/3639
f 3999/4920/3227 4469/5220/3227 4019/4946/3227
f 3820/5400/3650 4470/5401/3227 3999/4920/3227
f 4039/5058/2036 4471/5402/3795 3820/5032/3650
f 4059/4917/3629 4472/5403/2036 4039/5058/2036
f 3819/5085/3678 4473/5404/3796 4059/4917/3629
f 4079/5107/3697 4474/5405/3797 3819/5085/3678
f 4099/4914/3626 4475/5406/3798 4079/5107/3697
f 3818/5121/3711 4476/5407/3799 4099/4914/3626
f 4120/4912/2036 4477/5408/3800 3818/5121/3711
f 4120/4912/2036 4479/5409/3801 4478/5410/3802
f 3817/4910/3623 4480/5411/3803 4479/5409/3801
f 4480/5412/3803 4139/5162/2036 4481/5413/3804
f 4139/5162/2036 4482/5414/3805 4481/5413/3804
f 4482/5414/3805 3848/5415/3806 4483/5416/3807
f 4543/5417/43 3848/5415/3806 4542/5418/3808
f 3960/4389/2036 4485/4907/2036 4161/5419/2036
f 4581/4903/2036 3959/4635/2036 4487/5420/2036
f 3958/4315/3277 4630/4902/2036 4631/5421/2036
f 4489/4900/3618 4660/5422/3809 3957/4303/3265
f 3956/4294/3257 4720/4897/2036 4721/5423/2036
f 3956/5424/3257 4491/5337/43 4490/4895/3615
f 4492/4894/43 3955/4832/43 4369/5338/43
f 4493/4893/43 4369/5338/43 3954/4291/43
f 3954/4291/43 4597/4891/43 4493/4893/43
f 4741/4892/43 4596/4628/43 4740/4401/43
f 3953/5425/43 4495/5276/43 4494/4890/43
f 4496/4888/43 4308/4727/43 3952/5275/43
f 4497/4889/3614 3952/5275/43 3951/4456/3262
f 4497/4886/3614 4701/4298/3261 4702/5426/2039
f 4498/5427/3810 4640/4311/3273 4641/4885/3613
f 4499/4882/3611 4611/4322/2039 4612/5428/2039
f 4501/4881/2039 4772/5429/2039 4175/4649/2039
f 4501/4881/2039 3947/5206/2039 4502/5430/2039
f 4502/5431/2039 4148/4385/2039 4503/4878/2039
f 4503/4878/2039 4127/5125/2039 4504/5432/2039
f 4504/5432/2039 3946/5127/3290 4505/5129/3715
f 4505/5433/3715 3945/4332/3292 4506/4876/3609
f 4506/4876/3609 4108/4341/3301 4507/4873/3607
f 4508/4869/3603 4108/4341/3301 3944/4352/3311
f 4509/5098/3688 3944/4352/3311 4087/4351/3310
f 4510/5064/3659 4087/4351/3310 4067/5063/3658
f 4511/4866/3600 4067/5063/3658 3943/4364/3323
f 4512/5052/3654 3943/4364/3323 4047/4363/3322
f 4513/4998/2039 4047/4363/3322 4027/4997/2039
f 4513/4998/2039 3942/4996/3332 4514/5434/3598
f 4515/4924/3331 3942/4376/3332 3987/4375/3331
f 4516/4961/3439 3987/4375/3331 4007/4923/3439
f 4899/5435/3217 4007/4923/3439 4898/4960/3217
f 4020/4948/3634 4922/4983/3634 4923/4984/3634
f 4000/4369/3227 4519/4947/3634 4020/4948/3634
f 3965/5436/3811 4520/4921/3227 4000/4369/3227
f 4040/5034/2036 4521/5033/3631 3965/5437/3811
f 4060/4357/3316 4522/5031/2036 4040/5034/2036
f 3964/5087/3680 4523/4918/3630 4060/4357/3316
f 4080/5108/3698 4524/4916/3628 3964/5087/3680
f 4100/4345/3304 4525/5084/3677 4080/5108/3698
f 3963/5122/3712 4526/4915/3627 4100/4345/3304
f 4121/5438/3812 4527/4913/3625 3963/5122/3712
f 4121/5438/3812 4529/4908/3621 4528/4911/3624
f 3962/4336/3296 4530/5439/3720 4529/4908/3621
f 4140/5164/2036 4530/5161/3720 3961/5440/3284
f 4140/5164/2036 4485/4907/2036 4531/5189/2036
f 4542/5441/3808 4533/5442/3813 4549/5443/2042
f 4486/5444/2036 4533/5442/3813 3848/5445/3806
f 4534/5446/2036 3960/5447/2036 4535/5448/2036
f 3847/5449/3339 4535/5448/2036 3960/5447/2036
f 3936/5450/3275 4536/5451/3814 3847/5449/3339
f 4374/5452/3275 4537/5453/3275 3936/5450/3275
f 3846/5454/3335 4538/5455/3275 4374/5452/3275
f 4540/5456/3502 3846/5454/3335 4167/5457/3777
f 4541/5458/3729 4167/5457/3777 3861/5459/3815
f 4484/5460/43 4542/5418/3808 3864/5461/3816
f 3865/5462/3817 4544/4674/43 4218/5463/43
f 4440/5464/2033 4545/4670/3510 3865/5465/3817
f 4860/5466/2033 4547/5361/3780 4859/5363/2033
f 4807/5467/64 3862/5468/3818 4548/4666/3508
f 4578/5469/2042 4548/4673/3508 3862/5470/3818
f 3864/5471/3816 4549/5443/2042 4532/5472/2042
f 4185/5252/43 4451/5381/43 4265/4695/43
f 4452/5383/3786 4265/4695/43 4451/5381/43
f 4453/5385/2039 4186/4562/3454 4452/5383/3786
f 4187/4560/2039 4454/5384/2039 4188/5131/2039
f 4455/5386/3787 4188/5131/2039 4454/5384/2039
f 4455/5387/3787 4190/4555/3448 4189/4558/3451
f 4456/5388/3788 4191/5473/3819 4190/4555/3448
f 4458/5389/3789 4191/5473/3819 4457/5474/3820
f 4459/5390/3790 4192/4554/3447 4458/5389/3789
f 4460/5391/3791 4193/4552/3445 4459/5390/3790
f 4461/5392/3792 4194/5100/3690 4460/5391/3791
f 4462/5393/3793 4195/4551/3444 4461/5392/3792
f 4463/5394/2039 4196/4549/3442 4462/5393/3793
f 4464/5395/3794 4197/5001/2039 4463/5394/2039
f 4464/5397/3794 4199/4546/3439 4198/4548/3441
f 4465/5396/3331 4200/4927/3217 4199/4546/3439
f 4466/5398/3331 4902/4963/3331 4200/4927/3217
f 4469/5220/3227 4204/4543/3227 4203/4944/3634
f 4470/5401/3227 4205/5475/3649 4204/4543/3227
f 4471/5402/3795 4206/5057/2036 4205/5028/3649
f 4473/5404/3796 4206/5057/2036 4472/5403/2036
f 4473/5404/3796 4208/5082/3675 4207/4540/3435
f 4474/5405/3797 4209/5106/3696 4208/5082/3675
f 4475/5406/3798 4210/4537/3432 4209/5106/3696
f 4476/5407/3799 4211/5120/3710 4210/4537/3432
f 4477/5408/3800 4212/4536/3431 4211/5120/3710
f 4479/5409/3801 4212/4536/3431 4478/5410/3802
f 4480/5411/3803 4213/4534/3429 4479/5409/3801
f 4481/5413/3804 4214/5158/3427 4480/5412/3803
f 4970/5476/3821 4972/5477/3822 4969/5478/3823
f 4483/5416/3807 4216/5188/3726 4482/5414/3805
f 4483/5416/3807 4544/4674/43 4217/4530/3425
f 4543/5417/43 4218/5463/43 4544/4674/43
f 4551/5479/2036 3815/4667/3509 4487/5480/2036
f 4552/5481/2036 4487/5480/2036 3959/5482/2036
f 4552/5481/2036 3766/5483/3592 4553/5484/3824
f 4554/5485/3275 3766/5486/3592 3935/5487/3275
f 4555/5488/3275 3935/5487/3275 4373/5489/3275
f 4555/5488/3275 3770/4657/3500 4556/5490/3276
f 4592/5491/3341 3770/4657/3500 4591/4655/3499
f 4732/5492/3341 4591/4655/3499 4731/5493/3825
f 4558/5494/3176 3788/5495/3826 4304/5496/3176
f 4559/5497/3176 4304/5496/3176 3889/5498/3176
f 4559/5497/3176 3767/5499/3827 4560/5500/3828
f 4560/5501/3828 3948/5502/2039 4561/5503/2039
f 4562/5504/2039 3948/5502/2039 4500/5505/2039
f 4562/5504/2039 3806/4684/3516 4563/5506/2039
f 4563/5506/2039 4781/4686/3517 4782/5507/2039
f 4565/5508/2039 3826/5509/3829 4262/5510/2039
f 4565/5508/2039 3902/5511/2039 4566/5512/2039
f 4566/5512/2039 3768/5513/3830 4567/5514/3831
f 4568/5515/2041 3768/5516/3830 3880/5517/2041
f 4569/5518/2040 3880/5517/2041 4316/5519/2040
f 4570/5520/2041 4316/5519/2040 3795/5521/3832
f 4754/5522/3833 4605/5523/2041 4753/5524/2041
f 4571/5525/2041 4606/4678/3512 3777/4680/3514
f 4571/5525/2041 4361/5526/2040 4572/5527/2040
f 4572/5527/2040 3925/5528/2040 4573/5529/2040
f 4573/5529/2040 3769/5530/3783 4574/5531/3834
f 4575/5532/2036 3769/5533/3783 3912/5534/2036
f 4576/5535/2036 3912/5534/2036 4251/5536/2036
f 4577/5537/2036 4251/5536/2036 3835/5538/3782
f 4550/5539/2036 4806/4665/3507 3815/4667/3509
f 4754/5522/3833 4607/5322/64 4606/4678/3512
f 4756/5540/64 4607/5322/64 4755/5541/64
f 4609/5273/3176 4560/5500/3828 4610/4448/3381
f 4610/5542/3381 4561/5503/2039 4611/4322/2039
f 4611/4322/2039 4562/5504/2039 4612/5428/2039
f 4612/5428/2039 4563/5506/2039 4613/4883/2039
f 4783/4503/2039 4563/5506/2039 4782/5507/2039
f 4614/5249/2039 4565/5508/2039 4615/5250/2039
f 4615/5250/2039 4566/5512/2039 4616/4564/2039
f 4616/4564/2039 4567/5514/3831 4617/4763/3392
f 4617/4466/3392 4568/5515/2041 4618/4467/2041
f 4618/4467/2041 4569/5518/2040 4619/4713/2040
f 4619/4713/2040 4570/5520/2041 4620/4714/2041
f 4621/4624/2041 4753/5524/2041 4605/5523/2041
f 4621/4624/2041 4571/5525/2041 4622/4625/2041
f 4622/4625/2041 4572/5527/2040 4623/4319/2040
f 4623/4319/2040 4573/5529/2040 4624/5331/2040
f 4624/5331/2040 4574/5531/3834 4625/4816/3563
f 4625/4782/3563 4575/5532/2036 4626/4588/2036
f 4626/4588/2036 4576/5535/2036 4627/4589/2036
f 4627/4589/2036 4577/5537/2036 4628/5230/2036
f 4629/4526/2036 4805/5543/2036 4550/5539/2036
f 4629/4526/2036 4551/5479/2036 4630/4902/2036
f 4630/4902/2036 4552/5481/2036 4631/5421/2036
f 4631/5421/2036 4553/5484/3824 4632/4316/3278
f 4632/4842/3278 4554/5485/3275 4633/4843/3275
f 4633/4843/3275 4555/5488/3275 4634/4313/3275
f 4634/4313/3275 4556/5490/3276 4635/4314/3276
f 4635/4314/3276 4592/5491/3341 4636/4393/3341
f 4733/4394/3341 4592/5491/3341 4732/5492/3341
f 4637/4737/3276 4558/5494/3176 4638/4738/3176
f 4609/5273/3176 4558/5494/3176 4559/5497/3176
f 4640/4311/3273 3742/5544/3282 3949/5545/3283
f 4641/4885/3613 3949/5545/3283 4499/5546/3611
f 4642/4506/3417 4499/5546/3611 3807/5547/3414
f 4785/4507/3418 3807/5547/3414 4784/5548/3415
f 4261/5549/3455 4643/5550/64 3827/5551/3835
f 4644/5248/3743 3903/5552/3456 4645/4567/3458
f 3745/5553/3554 4645/4567/3458 3903/5552/3456
f 4647/4464/3390 3745/5554/3554 3881/5555/3391
f 4648/4716/3534 3881/5555/3391 4315/5556/3750
f 4649/4717/64 4315/5556/3750 3794/5557/3532
f 4751/5558/3351 4650/5559/64 4750/4407/64
f 3776/5560/3280 4650/5559/64 4604/5561/3350
f 4651/4626/64 4362/5562/3281 4652/4307/3269
f 4652/4307/3269 3926/5563/3581 4653/5332/3773
f 3744/5564/3582 4653/5332/3773 3926/5563/3581
f 4655/4585/3464 3744/5565/3582 3911/5566/3562
f 4656/4586/3465 3911/5566/3562 4252/5567/3466
f 4657/5232/64 4252/5567/3466 3834/5568/3738
f 3814/5569/3836 4802/4525/64 4803/5570/3424
f 4658/4523/3422 4488/5571/3619 4659/4899/3617
f 3958/5572/3277 4659/4899/3617 4488/5571/3619
f 3743/5573/3279 4660/5422/3809 3958/5572/3277
f 4662/4840/3590 3743/5574/3279 3934/5575/3591
f 4663/4301/3264 3934/5575/3591 4372/5576/3837
f 4664/4302/64 4372/5576/3837 3771/5577/3274
f 4665/4397/64 3771/5577/3274 4593/5578/3491
f 4734/5579/3340 4665/4397/64 4593/5578/3491
f 4666/5580/3838 4305/5581/3543 4667/4734/3541
f 3888/5582/3380 4667/4734/3541 4305/5581/3543
f 3742/5583/3282 4668/4452/3383 3888/5582/3380
f 4669/5584/3839 3736/5585/3840 4670/5586/3841
f 4671/5587/3842 3736/5588/3840 3950/4309/3271
f 4672/5589/3843 3950/4309/3271 4498/5427/3810
f 4673/5590/2039 4498/5427/3810 3808/4884/3612
f 4787/5591/2039 3808/4884/3612 4786/4505/3416
f 4260/4566/3457 4674/5592/2039 3828/5247/3742
f 4675/5593/2039 3904/4568/3459 4676/5594/2039
f 4676/5594/2039 3738/4766/3555 4677/5595/3844
f 3738/5596/3555 4678/5597/2042 4677/5598/3844
f 4679/5599/2042 3882/4462/3388 4314/5281/3749
f 4680/5600/2042 4314/5281/3749 3793/4715/3533
f 4749/4409/3349 4681/5601/2042 4748/5602/2042
f 4681/5601/2042 3775/4306/3268 4682/5603/2042
f 4363/4308/3270 4682/5603/2042 3775/4306/3268
f 4683/5604/3845 3927/4818/3583 4684/5605/3846
f 4684/5605/3846 3739/4820/3584 4685/5606/3847
f 4686/5607/3848 3739/5608/3584 3910/4779/3560
f 4687/5609/3849 3910/4779/3560 4253/4584/3463
f 4688/5610/2036 4253/4584/3463 3833/5231/3739
f 4689/5611/2036 4801/4524/3423 3813/4898/3616
f 4489/4900/3618 4689/5611/2036 3813/4898/3616
f 3957/4303/3265 4690/5612/2036 4489/4900/3618
f 4691/5613/2036 3737/4305/3267 4692/5614/3850
f 4693/5615/3851 3737/5616/3267 3933/4838/3589
f 4694/5617/3588 3933/4838/3589 4371/5340/3774
f 4695/5618/3210 4371/5340/3774 3772/4300/3263
f 4696/5619/3209 3772/4300/3263 4594/4396/3343
f 4737/5620/3209 4594/4396/3343 4736/5621/3852
f 4306/4735/3542 4697/5622/3210 3790/4733/3540
f 3887/4451/3382 4698/5623/3853 4306/4735/3542
f 4699/5274/3275 4670/5586/3841 4700/4454/3385
f 4701/4298/3261 4670/5624/3841 4671/5587/3842
f 4702/5426/2039 4671/5587/3842 4672/5589/3843
f 4702/5426/2039 4673/5590/2039 4703/4887/2039
f 4788/4509/2039 4673/5590/2039 4787/5591/2039
f 4704/5245/2039 4675/5593/2039 4705/5246/2039
f 4705/5246/2039 4676/5594/2039 4706/4570/2039
f 4706/4570/2039 4677/5595/3844 4707/4767/3387
f 4707/4461/3387 4678/5597/2042 4708/4459/2042
f 4708/4459/2042 4679/5599/2042 4709/4718/2042
f 4709/4718/2042 4680/5600/2042 4710/5625/2042
f 4748/5602/2042 4711/5626/2042 4747/4404/2042
f 4712/4290/2042 4681/5601/2042 4682/5603/2042
f 4713/4288/2042 4682/5603/2042 4683/5604/3845
f 4713/4288/2042 4684/5605/3846 4714/4821/2042
f 4714/4821/2042 4685/5606/3847 4715/5627/3559
f 4715/4778/3559 4686/5607/3848 4716/4582/2036
f 4716/4582/2036 4687/5609/3849 4717/4583/2036
f 4717/4583/2036 4688/5610/2036 4718/5234/2036
f 4719/4522/2036 4800/5628/2036 4689/5611/2036
f 4719/4522/2036 4690/5612/2036 4720/4897/2036
f 4720/4897/2036 4691/5613/2036 4721/5423/2036
f 4721/5423/2036 4692/5614/3850 4722/4295/3258
f 4722/4836/3258 4693/5615/3851 4723/4837/3588
f 4723/4837/3588 4694/5617/3588 4724/5339/3588
f 4724/5339/3588 4695/5618/3210 4725/4286/3210
f 4725/4286/3210 4696/5619/3209 4726/4399/3209
f 4738/4400/3209 4696/5619/3209 4737/5620/3209
f 4727/4731/3210 4698/5623/3853 4728/4732/3539
f 4669/5584/3839 4728/4732/3539 4698/5623/3853
f 4730/4654/64 3858/5629/3854 4169/5630/3855
f 4731/5493/3825 4169/5630/3855 3788/5495/3826
f 4732/5492/3341 3788/5495/3826 4557/5631/3276
f 4637/4737/3276 4732/5492/3341 4557/5631/3276
f 4734/4392/3340 4637/4737/3276 3789/5632/3856
f 3789/5633/3856 4735/4395/3342 4734/5579/3340
f 4666/5580/3838 4736/5621/3852 4735/4395/3342
f 4737/5620/3209 3790/4733/3540 4697/5622/3210
f 4727/4731/3210 4737/5620/3209 4697/5622/3210
f 4739/4398/3344 4727/4731/3210 3791/5634/3537
f 3953/5425/43 4739/4403/3344 3791/4728/3537
f 4494/4890/43 4740/4401/43 3953/5425/43
f 3810/4725/43 4741/4892/43 4494/4890/43
f 4792/5635/43 4742/4516/43 3810/4725/43
f 4744/4575/43 3830/5242/43 4257/4723/43
f 4745/4774/43 4257/4723/43 3907/4722/43
f 4746/4773/3347 3907/4722/43 3792/4772/3535
f 4747/4404/2042 3792/4719/3535 4710/5625/2042
f 4710/5625/2042 4748/5602/2042 4747/4404/2042
f 4749/4409/3349 4680/5600/2042 3793/4715/3533
f 4749/4409/3349 4649/4717/64 4750/4407/64
f 4750/4407/64 3794/5557/3532 4751/5558/3351
f 4751/4412/3351 4620/4714/2041 4752/4410/2041
f 4620/4714/2041 4753/5524/2041 4752/4410/2041
f 4753/5524/2041 3795/5521/3832 4754/5522/3833
f 4755/5541/64 3795/5521/3832 4355/5636/3857
f 4756/5540/64 4355/5636/3857 3866/5637/3858
f 3870/5638/3859 4758/5639/2042 4757/5640/2042
f 4758/5639/2042 3806/5641/3516 4759/5642/3519
f 4760/5643/2039 3806/5641/3516 4500/5644/2039
f 4761/5645/2039 4500/5644/2039 3948/5646/2039
f 4761/5645/2039 3767/5647/3827 4762/5648/3828
f 4762/5648/3828 3889/5649/3176 4763/5650/3176
f 4764/5651/3176 3889/5649/3176 4304/5652/3176
f 4764/5651/3176 3788/5653/3826 4765/5654/3860
f 4766/5655/3504 3788/5653/3826 4169/5656/3855
f 4767/5657/3730 4169/5656/3855 3858/5658/3854
f 4757/5640/2042 4769/5256/2042 4768/5659/2042
f 4769/5256/2042 4759/5642/3519 4770/4688/3518
f 4771/4880/2039 4759/5642/3519 4760/5643/2039
f 4772/5429/2039 4760/5643/2039 4761/5645/2039
f 4772/5429/2039 4762/5648/3828 4773/4650/3497
f 4773/4650/3497 4763/5650/3176 4774/4653/3176
f 4775/5272/3176 4763/5650/3176 4764/5651/3176
f 4776/4740/3544 4764/5651/3176 4765/5654/3860
f 4766/5655/3504 4776/4740/3544 4765/5654/3860
f 4778/5200/3730 4766/5655/3504 4767/5657/3730
f 4812/5660/2039 4781/4686/3517 4811/4690/3520
f 4813/5661/2039 4782/5507/2039 4812/5660/2039
f 4814/5662/3861 4783/4503/2039 4813/5661/2039
f 4815/5663/3862 4784/5548/3415 4814/5664/3861
f 4815/5663/3862 4786/4505/3416 4785/4507/3418
f 4817/5665/2039 4786/4505/3416 4816/5666/3863
f 4818/5667/2039 4787/5591/2039 4817/5665/2039
f 4819/5668/3864 4788/4509/2039 4818/5667/2039
f 4819/5669/3864 4790/5277/43 4789/4511/3420
f 4820/5670/43 4791/4724/43 4790/5277/43
f 4821/5671/43 4792/5635/43 4791/4724/43
f 4822/5672/43 4793/4514/43 4792/5635/43
f 4824/5673/43 4795/4517/43 4794/4627/43
f 4825/5674/43 4796/5336/43 4795/4517/43
f 4826/5675/43 4797/4829/43 4796/5336/43
f 4827/5676/43 4798/5677/3865 4797/4829/43
f 4829/5678/2036 4798/5679/3865 4828/5680/3866
f 4830/5681/2036 4799/4521/2036 4829/5678/2036
f 4831/5682/3867 4800/5628/2036 4830/5681/2036
f 4832/5683/64 4801/4524/3423 4831/5682/3867
f 4833/5684/3868 4802/4525/64 4832/5683/64
f 4834/5685/2036 4803/4527/3424 4833/5686/3868
f 4804/4528/2036 4835/5687/2036 4805/5543/2036
f 4836/5688/3869 4805/5543/2036 4835/5687/2036
f 4837/5689/64 4806/4665/3507 4836/5688/3869
f 4838/5690/64 4807/5467/64 4837/5689/64
f 4810/4691/64 3871/5691/3870 4269/5692/3871
f 4811/4690/3520 4269/5692/3871 3826/5509/3829
f 4812/5660/2039 3826/5509/3829 4564/5693/2039
f 4614/5249/2039 4812/5660/2039 4564/5693/2039
f 4814/5662/3861 4614/5249/2039 3827/5694/3835
f 3827/5551/3835 4815/5663/3862 4814/5664/3861
f 4643/5550/64 4816/5666/3863 4815/5663/3862
f 4817/5665/2039 3828/5247/3742 4674/5592/2039
f 4704/5245/2039 4817/5665/2039 4674/5592/2039
f 4819/5668/3864 4704/5245/2039 3829/5695/3741
f 3884/5278/43 4819/5669/3864 3829/5244/3741
f 4820/5670/43 4310/5241/43 4821/5671/43
f 4821/5671/43 3830/5242/43 4822/5672/43
f 4743/5240/43 4822/5672/43 3830/5242/43
f 4823/5696/43 4599/5239/43 4824/5673/43
f 4824/5673/43 3831/5238/43 4825/5674/43
f 4367/5335/43 4825/5674/43 3831/5238/43
f 4826/5675/43 3930/5235/43 4827/5676/43
f 4827/5676/43 3832/5236/3740 4828/5697/3866
f 4828/5680/3866 4718/5234/2036 4829/5678/2036
f 4718/5234/2036 4830/5681/2036 4829/5678/2036
f 4830/5681/2036 3833/5231/3739 4831/5682/3867
f 4831/5682/3867 4657/5232/64 4832/5683/64
f 4832/5683/64 3834/5568/3738 4833/5684/3868
f 4833/5686/3868 4628/5230/2036 4834/5685/2036
f 4628/5230/2036 4835/5687/2036 4834/5685/2036
f 4835/5687/2036 3835/5538/3782 4836/5688/3869
f 4837/5689/64 3835/5538/3782 4547/5698/3780
f 4837/5689/64 3863/5699/3872 4838/5690/64
f 3866/5700/3858 4840/5210/2036 4839/5321/2036
f 4840/5210/2036 3795/5701/3832 4841/5209/3732
f 4842/5211/2040 3795/5701/3832 4316/5702/2040
f 4843/5214/2041 4316/5702/2040 3880/5703/2041
f 4843/5214/2041 3768/5704/3830 4844/5212/3733
f 4845/5215/2039 3768/5704/3830 3902/5705/2039
f 4845/5215/2039 4262/5706/2039 4846/5216/2039
f 4846/5216/2039 3826/5707/3829 4847/5218/3734
f 4848/5217/2033 3826/5707/3829 4269/5708/3871
f 4849/5259/2033 4269/5708/3871 3871/5709/3870
f 4449/5325/2039 4851/5377/2039 4850/5710/2038
f 4447/4641/3494 4851/5377/2039 4448/4682/2039
f 4446/5330/2040 4852/5376/3785 4447/4641/3494
f 4445/4814/2040 4853/5373/2040 4446/5330/2040
f 4444/4783/3564 4854/5371/2040 4445/4814/2040
f 4443/4638/2036 4855/5370/3784 4444/4783/3564
f 4442/5228/2036 4856/5368/2036 4443/4638/2036
f 4441/5227/3737 4857/5364/2036 4442/5228/2036
f 4546/4668/2033 4858/5362/3781 4441/5227/3737
f 4440/5464/2033 4859/5363/2033 4546/4668/2033
f 4578/5469/2042 4549/5443/2042 4579/4671/2042
f 4579/4671/2042 4533/5442/3813 4580/4904/3620
f 4580/4904/3620 4534/5446/2036 4581/4903/2036
f 4581/4903/2036 4535/5448/2036 4582/4636/2036
f 4582/4636/2036 4536/5451/3814 4583/4634/3493
f 4583/4634/3493 4537/5453/3275 4584/4844/3275
f 4585/4633/3275 4537/5453/3275 4538/5455/3275
f 4585/4633/3275 4539/5711/3873 4586/4631/3492
f 4587/4659/3502 4539/5711/3873 4540/5456/3502
f 4588/5195/3729 4540/5456/3502 4541/5458/3729
f 4823/5696/43 4794/4627/43 4793/4514/43
f 3966/5712/3874 4935/5713/2039 3967/5714/3875
f 3967/5714/3875 4936/5715/2039 4517/5716/3876
f 3968/5717/3877 4938/5718/3878 4467/5719/3879
f 3969/5720/3880 4941/5721/2039 4234/5722/3881
f 3970/5723/3882 4943/5724/3883 3971/5725/3884
f 3971/5726/3884 4944/5727/2042 3972/5728/3885
f 3972/5728/3885 4945/5729/2042 4286/5730/3886
f 3973/5731/3887 4947/5732/3644 4336/5733/3888
f 3974/5734/3889 4950/5735/2042 4390/5736/3890
f 3975/5737/3891 4952/5738/3892 3976/5739/3893
f 3977/5740/3894 4952/5741/3892 4953/5742/2036
f 4235/5743/3895 4953/5742/2036 4954/5744/2036
f 4202/5745/3896 4955/5746/3897 4956/5747/3898
f 3979/5748/3899 4959/5749/2036 4518/5750/3900
f 3980/5751/3901 4961/5752/3902 3981/5753/3903
f 3982/5754/3904 4961/5755/3902 4962/5756/3588
f 3982/5754/3904 4963/5757/3588 4389/5758/3905
f 3983/5759/3906 4965/5760/3209 4421/5761/3907
f 3984/5762/3908 4968/5763/3539 4287/5764/3909
f 3985/5765/3910 4934/5766/3911 3966/5767/3874
f 3969/5720/3880 4939/5768/2039 4940/5769/3912
f 4234/5722/3881 4942/5770/2039 3970/5723/3882
f 3978/5771/3913 4954/5744/2036 4955/5746/3897
f 3973/5731/3887 4945/5729/2042 4946/5772/3914
f 4287/5764/3909 4933/5773/3915 3985/5765/3910
f 3984/5762/3908 4966/5774/3210 4967/5775/3916
f 4389/5758/3905 4964/5776/3917 3983/5759/3906
f 4390/5736/3890 4951/5777/2042 3975/5737/3891
f 3974/5734/3889 4948/5778/2042 4949/5779/3918
f 3979/5748/3899 4957/5780/2036 4958/5781/3919
f 4517/5716/3876 4937/5782/3920 3968/5717/3877
f 4518/5750/3900 4960/5783/2036 3980/5751/3901
f 4939/5768/2039 4467/5719/3879 4938/5718/3878
f 4957/5780/2036 4202/5745/3896 4956/5747/3898
f 4966/5774/3210 4421/5761/3907 4965/5760/3209
f 4947/5732/3644 4422/5784/3921 4336/5733/3888
f 4897/5785/3641 3967/5714/3875 4898/4960/3217
f 4517/5716/3876 4898/4960/3217 3967/5714/3875
f 4899/5435/3217 3968/5717/3877 4900/4962/3217
f 4467/5719/3879 4900/4962/3217 3968/5717/3877
f 4467/5719/3879 4902/4963/3331 4901/5399/3439
f 4903/4964/3331 4201/5786/3922 3969/5720/3880
f 4904/4965/3632 3969/5720/3880 4234/5722/3881
f 4905/4966/3632 4234/5722/3881 3970/5723/3882
f 4906/4967/3637 3970/5723/3882 3971/5725/3884
f 3972/5728/3885 4906/4969/3637 3971/5726/3884
f 4286/5730/3886 4907/4968/3223 3972/5728/3885
f 3973/5731/3887 4908/4971/3223 4286/5730/3886
f 4909/4970/3223 4336/5733/3888 4910/4972/3223
f 4910/4972/3223 4422/5784/3921 4911/5302/3223
f 4912/4973/3223 4422/5784/3921 3974/5734/3889
f 4913/4974/3223 3974/5734/3889 4390/5736/3890
f 4914/4975/3638 4390/5736/3890 3975/5737/3891
f 4915/4976/3633 3975/5737/3891 3976/5739/3893
f 3977/5740/3894 4915/4978/3633 3976/5787/3893
f 4235/5743/3895 4916/4977/3634 3977/5740/3894
f 3978/5771/3913 4917/4979/3634 4235/5743/3895
f 4202/5745/3896 4918/4981/3634 3978/5771/3913
f 4468/5788/3923 4919/4980/3634 4202/5745/3896
f 4921/4982/3639 4468/5788/3923 3979/5748/3899
f 4922/4983/3634 3979/5748/3899 4518/5750/3900
f 4923/4984/3634 4518/5750/3900 3980/5751/3901
f 4924/4985/3640 3980/5751/3901 3981/5753/3903
f 3982/5754/3904 4924/4987/3640 3981/5789/3903
f 4389/5758/3905 4925/4986/3235 3982/5754/3904
f 4926/5347/3235 3983/5759/3906 4927/4989/3235
f 4421/5761/3907 4927/4989/3235 3983/5759/3906
f 4421/5761/3907 4929/4990/3232 4928/5301/3235
f 4930/4991/3232 4335/5790/3924 3984/5762/3908
f 4931/4992/3235 3984/5762/3908 4287/5764/3909
f 4932/4993/3235 4287/5764/3909 3985/5765/3910
f 4897/4994/3641 3985/5765/3910 3966/5767/3874
f 4933/5773/3915 4861/5791/3925 4934/5766/3911
f 4934/5792/3911 4862/5793/2039 4935/5713/2039
f 4935/5713/2039 4863/5794/2039 4936/5715/2039
f 4936/5715/2039 4864/5795/3920 4937/5782/3920
f 4937/5782/3920 4865/5796/3878 4938/5718/3878
f 4893/5797/2039 4938/5718/3878 4865/5796/3878
f 4940/5769/3912 4893/5797/2039 4866/5798/3926
f 4940/5769/3912 4867/5799/2039 4941/5721/2039
f 4941/5721/2039 4868/5800/2039 4942/5770/2039
f 4942/5770/2039 4869/5801/3927 4943/5724/3883
f 4943/5802/3883 4870/5803/2042 4944/5727/2042
f 4944/5727/2042 4871/5804/2042 4945/5729/2042
f 4945/5729/2042 4872/5805/3914 4946/5772/3914
f 4946/5772/3914 4873/5806/3644 4947/5732/3644
f 4895/5807/2042 4947/5732/3644 4873/5806/3644
f 4949/5779/3918 4895/5807/2042 4874/5808/3928
f 4949/5779/3918 4875/5809/2042 4950/5735/2042
f 4951/5777/2042 4875/5809/2042 4876/5810/2042
f 4952/5738/3892 4876/5810/2042 4877/5811/3718
f 4952/5741/3892 4878/5812/2036 4953/5742/2036
f 4953/5742/2036 4879/5813/2036 4954/5744/2036
f 4954/5744/2036 4880/5814/3929 4955/5746/3897
f 4956/5747/3898 4880/5814/3929 4881/5815/3930
f 4896/5816/2036 4956/5747/3898 4881/5815/3930
f 4958/5781/3919 4896/5816/2036 4882/5817/3931
f 4958/5781/3919 4883/5818/2036 4959/5749/2036
f 4959/5749/2036 4884/5819/2036 4960/5783/2036
f 4961/5752/3902 4884/5819/2036 4885/5820/3932
f 4961/5755/3902 4886/5821/3588 4962/5756/3588
f 4962/5756/3588 4887/5822/3588 4963/5757/3588
f 4963/5757/3588 4888/5823/3917 4964/5776/3917
f 4964/5776/3917 4889/5824/3209 4965/5760/3209
f 4894/5825/3276 4965/5760/3209 4889/5824/3209
f 4967/5775/3916 4894/5825/3276 4890/5826/3933
f 4967/5775/3916 4891/5827/3915 4968/5763/3539
f 4968/5763/3539 4892/5828/3915 4933/5773/3915
f 4481/5413/3804 4970/5476/3821 4969/5478/3823
f 4482/5414/3805 4971/5829/3934 4970/5476/3821
f 4216/5188/3726 4972/5477/3822 4971/5829/3934
f 4215/5187/3725 4969/5478/3823 4972/5477/3822
s 17
f 5193/5830/2042 4976/5831/3935 5039/5832/2042
f 5037/5833/2042 5141/5834/3936 5142/5835/2042
f 5147/5836/2042 4982/5837/2042 4977/5838/2042
f 5039/5832/2042 4984/5839/3937 5038/5840/2042
f 5038/5840/2042 5130/5841/3938 5131/5842/2042
f 4985/5843/3939 5136/5844/2042 5137/5845/2042
f 5036/5846/2042 4987/5847/3940 5035/5848/2042
f 5034/5849/2042 5070/5850/3941 4989/5851/3942
f 5183/5852/3943 5137/5845/2042 5182/5853/2042
f 5181/5854/2042 5148/5855/2042 5180/5856/2042
f 4993/5857/43 5247/5858/43 5209/5859/43
f 4996/5860/64 5248/5861/64 5196/5862/64
f 5139/5863/64 5213/5864/64 4997/5865/64
f 5000/5866/2036 5212/5867/3944 4999/5868/3945
f 5001/5869/3946 5209/5859/43 5216/5870/3947
f 5002/5871/64 5211/5872/64 4996/5860/64
f 5002/5871/64 5237/5873/64 5217/5874/64
f 5001/5869/3946 5218/5875/2039 5003/5876/2039
f 5004/5877/43 5212/5867/3944 5219/5878/43
f 5005/5879/64 5214/5880/64 4998/5881/2905
f 5221/5882/43 5063/5883/43 5017/5884/43
f 5072/5885/64 5222/5886/64 5226/5887/64
f 5003/5876/2039 5246/5888/2039 5185/5889/2039
f 5177/5890/2036 5215/5891/2036 5000/5866/2036
f 5010/5892/3948 4985/5893/3939 5011/5894/2039
f 5011/5894/2039 5183/5895/3943 5184/5896/2039
f 5178/5897/2036 4981/5898/3949 5014/5899/2036
f 5015/5900/3950 4981/5898/3949 4978/5901/3951
f 5015/5900/3950 4986/5902/3952 5016/5903/2892
f 4988/5904/3953 5063/5883/43 5064/5905/3954
f 4989/5851/3942 5071/5906/64 5018/5907/3955
f 5020/5908/64 4987/5847/3940 4980/5909/3956
f 5140/5910/64 4979/5911/3957 5021/5912/64
f 5129/5913/64 4984/5839/3937 5022/5914/64
f 5022/5914/64 4976/5831/3935 5023/5915/64
f 5195/5916/64 4976/5831/3935 5194/5917/3958
f 5187/5918/2892 4974/5919/3959 5026/5920/43
f 5010/5892/3948 4974/5919/3959 4983/5921/3960
f 4988/5922/3953 5065/5923/2042 5027/5924/2042
f 4978/5925/3951 5028/5926/2042 4986/5927/3952
f 4977/5838/2042 5146/5928/2042 5147/5836/2042
f 4983/5929/3960 5135/5930/2042 5136/5844/2042
f 4974/5931/3959 5031/5932/2042 4983/5929/3960
f 5188/5933/3961 5032/5934/2042 4974/5931/3959
f 5055/5935/2042 5069/5936/2042 5034/5849/2042
f 5057/5937/2042 5035/5848/2042 5056/5938/2042
f 5058/5939/2042 5142/5835/2042 5143/5940/2042
f 5059/5941/2042 5131/5842/2042 5132/5942/2042
f 5060/5943/2042 5038/5840/2042 5059/5941/2042
f 5192/5944/2042 5039/5832/2042 5060/5943/2042
f 5048/5945/2042 5067/5946/2042 5041/5947/2042
f 5050/5948/2042 5042/5949/2042 5049/5950/2042
f 5051/5951/2042 5144/5952/2042 5145/5953/2042
f 5052/5954/2042 5133/5955/2042 5134/5956/2042
f 5053/5957/2042 5045/5958/2042 5052/5954/2042
f 5190/5959/2042 5046/5960/2042 5053/5957/2042
f 5027/5924/2042 5066/5961/2042 5048/5945/2042
f 5029/5962/2042 5049/5950/2042 5028/5926/2042
f 5030/5963/2042 5145/5953/2042 5146/5928/2042
f 5031/5932/2042 5134/5956/2042 5135/5930/2042
f 5032/5934/2042 5052/5954/2042 5031/5932/2042
f 5189/5964/2042 5053/5957/2042 5032/5934/2042
f 5041/5947/2042 5068/5965/2042 5055/5935/2042
f 5043/5966/2042 5056/5938/2042 5042/5949/2042
f 5044/5967/2042 5143/5940/2042 5144/5952/2042
f 5045/5958/2042 5132/5942/2042 5133/5955/2042
f 5046/5960/2042 5059/5941/2042 5045/5958/2042
f 5191/5968/2042 5060/5943/2042 5046/5960/2042
f 5073/5969/43 5225/5970/43 5062/5971/43
f 5063/5883/43 5075/5972/3962 5064/5905/3954
f 5064/5973/3954 5076/5974/2042 5065/5923/2042
f 5065/5923/2042 5077/5975/2042 5066/5961/2042
f 5067/5946/2042 5077/5975/2042 5078/5976/2042
f 5068/5965/2042 5078/5976/2042 5079/5977/2042
f 5068/5965/2042 5080/5978/2042 5069/5936/2042
f 5069/5936/2042 5081/5979/3963 5070/5850/3941
f 5082/5980/64 5070/5850/3941 5081/5979/3963
f 5083/5981/64 5226/5887/64 5228/5982/64
f 5084/5983/43 5227/5984/43 5073/5969/43
f 5075/5972/3962 5085/5985/43 5086/5986/3964
f 5075/5987/3962 5087/5988/2042 5076/5974/2042
f 5076/5974/2042 5088/5989/2042 5077/5975/2042
f 5077/5975/2042 5089/5990/2042 5078/5976/2042
f 5078/5976/2042 5090/5991/2042 5079/5977/2042
f 5079/5977/2042 5091/5992/2042 5080/5978/2042
f 5080/5978/2042 5092/5993/3965 5081/5979/3963
f 5082/5980/64 5092/5993/3965 5093/5994/64
f 5094/5995/64 5228/5982/64 5230/5996/64
f 5004/5877/43 5250/5997/43 5207/5998/43
f 5206/5999/43 4986/5902/3952 5205/6000/3966
f 5205/6001/3966 5028/5926/2042 5204/6002/2042
f 5204/6002/2042 5049/5950/2042 5203/6003/2042
f 5203/6003/2042 5042/5949/2042 5202/6004/2042
f 5202/6004/2042 5056/5938/2042 5201/6005/2042
f 5201/6005/2042 5035/5848/2042 5200/6006/2042
f 5200/6006/2042 4987/5847/3940 5199/6007/3967
f 5198/6008/64 4987/5847/3940 5019/6009/64
f 5005/5879/64 5249/6010/64 5220/6011/64
f 5231/6012/43 5025/6013/43 5096/6014/43
f 5097/6015/3968 5025/6013/43 4973/6016/3969
f 5098/6017/2042 4973/6018/3969 5033/6019/2042
f 5099/6020/2042 5033/6019/2042 5054/6021/2042
f 5100/6022/2042 5054/6021/2042 5047/6023/2042
f 5101/6024/2042 5047/6023/2042 5061/6025/2042
f 5102/6026/2042 5061/6025/2042 5040/6027/2042
f 5102/6026/2042 4975/6028/3970 5103/6029/3971
f 5024/6030/64 5103/6029/3971 4975/6028/3970
f 5105/6031/64 5210/6032/64 4995/6033/64
f 5095/6034/43 5233/6035/43 5106/6036/43
f 5107/6037/2892 5097/6015/3968 5108/6038/3972
f 5108/6039/3972 5098/6017/2042 5109/6040/2042
f 5109/6040/2042 5099/6020/2042 5110/6041/2042
f 5110/6041/2042 5100/6022/2042 5111/6042/2042
f 5111/6042/2042 5101/6024/2042 5112/6043/2042
f 5113/6044/2042 5101/6024/2042 5102/6026/2042
f 5113/6044/2042 5103/6029/3971 5114/6045/3973
f 5104/6046/64 5114/6045/3973 5103/6029/3971
f 5105/6031/64 5234/6047/64 5232/6048/64
f 5117/6049/43 5233/6035/43 5235/6050/43
f 5119/6051/3974 5107/6037/2892 5108/6038/3972
f 5119/6052/3974 5109/6040/2042 5120/6053/2042
f 5120/6053/2042 5110/6041/2042 5121/6054/2042
f 5121/6054/2042 5111/6042/2042 5122/6055/2042
f 5122/6055/2042 5112/6043/2042 5123/6056/2042
f 5123/6056/2042 5113/6044/2042 5124/6057/2042
f 5124/6057/2042 5114/6045/3973 5125/6058/3975
f 5126/6059/64 5114/6045/3973 5115/6060/64
f 5127/6061/64 5234/6047/64 5116/6062/64
f 4997/5865/64 5237/5873/64 5128/6063/2905
f 5130/5841/3938 5021/5912/64 4979/5911/3957
f 5131/5842/2042 4979/5911/3957 5037/5833/2042
f 5132/5942/2042 5037/5833/2042 5058/5939/2042
f 5133/5955/2042 5058/5939/2042 5044/5967/2042
f 5134/5956/2042 5044/5967/2042 5051/5951/2042
f 5135/5930/2042 5051/5951/2042 5030/5963/2042
f 5136/5844/2042 5030/5963/2042 4977/5838/2042
f 5137/5845/2042 4977/5838/2042 4982/5837/2042
f 5182/5853/2042 4982/5837/2042 5181/5854/2042
f 5139/5863/64 5214/5880/64 5238/6064/64
f 5140/5910/64 4980/5909/3956 5141/5834/3936
f 5142/5835/2042 4980/5909/3956 5036/5846/2042
f 5143/5940/2042 5036/5846/2042 5057/5937/2042
f 5144/5952/2042 5057/5937/2042 5043/5966/2042
f 5145/5953/2042 5043/5966/2042 5050/5948/2042
f 5146/5928/2042 5050/5948/2042 5029/5962/2042
f 5147/5836/2042 5029/5962/2042 4978/5925/3951
f 4978/5925/3951 5148/5855/2042 5147/5836/2042
f 5180/5856/2042 4981/6065/3949 5179/6066/3976
f 5239/6067/2036 5013/6068/2036 5151/6069/2036
f 5152/6070/3977 5013/6068/2036 4992/6071/3978
f 5153/6072/2042 4992/6073/3978 5149/6074/2042
f 5154/6075/2042 5149/6074/2042 4991/6076/2042
f 5155/6077/2042 4991/6076/2042 5138/6078/2042
f 5156/6079/3979 5138/6078/2042 4990/6080/3980
f 5157/6081/2039 4990/6082/3980 5012/6083/2039
f 5158/6084/2039 5223/6085/2039 5008/6086/2039
f 5150/6087/2036 5241/6088/2036 5159/6089/2036
f 5160/6090/2036 5152/6070/3977 5161/6091/3981
f 5153/6072/2042 5161/6092/3981 5152/6093/3977
f 5154/6075/2042 5162/6094/2042 5153/6072/2042
f 5155/6077/2042 5163/6095/2042 5154/6075/2042
f 5156/6079/3979 5164/6096/2042 5155/6077/2042
f 5166/6097/2039 5156/6098/3979 5157/6081/2039
f 5167/6099/2039 5240/6100/2039 5158/6084/2039
f 5159/6089/2036 5243/6101/2036 5168/6102/2036
f 5169/6103/2036 5161/6091/3981 5170/6104/3982
f 5162/6094/2042 5170/6105/3982 5161/6092/3981
f 5163/6095/2042 5171/6106/2042 5162/6094/2042
f 5164/6096/2042 5172/6107/2042 5163/6095/2042
f 5165/6108/3983 5173/6109/2042 5164/6096/2042
f 5175/6110/2039 5165/6111/3983 5166/6097/2039
f 5176/6112/2039 5242/6113/2039 5167/6099/2039
f 5168/6102/2036 5245/6114/2036 5177/5890/2036
f 5178/5897/2036 5170/6104/3982 5179/6115/3976
f 5171/6106/2042 5179/6066/3976 5170/6105/3982
f 5172/6107/2042 5180/5856/2042 5171/6106/2042
f 5173/6109/2042 5181/5854/2042 5172/6107/2042
f 5174/6116/3984 5182/5853/2042 5173/6109/2042
f 5184/5896/2039 5174/6117/3984 5175/6110/2039
f 5185/5889/2039 5244/6118/2039 5176/6112/2039
f 5186/6119/43 5235/6050/43 5247/5858/43
f 5188/6120/3961 5118/6121/43 5119/6051/3974
f 5188/5933/3961 5120/6053/2042 5189/5964/2042
f 5189/5964/2042 5121/6054/2042 5190/5959/2042
f 5190/5959/2042 5122/6055/2042 5191/5968/2042
f 5191/5968/2042 5123/6056/2042 5192/5944/2042
f 5192/5944/2042 5124/6057/2042 5193/5830/2042
f 5193/5830/2042 5125/6058/3975 5194/5917/3958
f 5195/5916/64 5125/6058/3975 5126/6059/64
f 5196/5862/64 5236/6122/64 5127/6061/64
f 5197/6123/64 5230/5996/64 5249/6010/64
f 5199/6007/3967 5093/5994/64 5092/5993/3965
f 5091/5992/2042 5199/6007/3967 5092/5993/3965
f 5090/5991/2042 5200/6006/2042 5091/5992/2042
f 5089/5990/2042 5201/6005/2042 5090/5991/2042
f 5088/5989/2042 5202/6004/2042 5089/5990/2042
f 5087/5988/2042 5203/6003/2042 5088/5989/2042
f 5086/6124/3964 5204/6002/2042 5087/5988/2042
f 5085/5985/43 5205/6000/3966 5086/5986/3964
f 5207/5998/43 5229/6125/43 5084/5983/43
f 5209/5859/43 5187/5918/2892 5026/5920/43
f 5211/5872/64 5195/5916/64 5248/5861/64
f 5213/5864/64 5140/5910/64 5021/5912/64
f 5212/5867/3944 5014/5899/2036 5015/5900/3950
f 5209/5859/43 5010/5892/3948 5216/5870/3947
f 5211/5872/64 5022/5914/64 5023/5915/64
f 5217/5874/64 5129/5913/64 5022/5914/64
f 5216/5870/3947 5011/5894/2039 5218/5875/2039
f 5212/5867/3944 5016/5903/2892 5219/5878/43
f 5214/5880/64 5019/6009/64 5020/5908/64
f 5221/5882/43 5062/5971/43 5225/5970/43
f 5222/5886/64 5071/5906/64 5226/5887/64
f 5218/5875/2039 5184/5896/2039 5246/5888/2039
f 5245/6114/2036 5014/5899/2036 5215/5891/2036
f 5227/5984/43 5063/5883/43 5225/5970/43
f 5228/5982/64 5071/5906/64 5082/5980/64
f 5229/6125/43 5074/6126/43 5227/5984/43
f 5230/5996/64 5082/5980/64 5093/5994/64
f 5219/5878/43 5206/5999/43 5250/5997/43
f 5220/6011/64 5198/6008/64 5019/6009/64
f 5231/6012/43 4994/6127/43 5208/6128/43
f 5232/6048/64 5024/6030/64 5210/6032/64
f 5233/6035/43 5096/6014/43 5107/6037/2892
f 5234/6047/64 5104/6046/64 5232/6048/64
f 5233/6035/43 5118/6121/43 5235/6050/43
f 5234/6047/64 5126/6059/64 5115/6060/64
f 5237/5873/64 5021/5912/64 5129/5913/64
f 5238/6064/64 5020/5908/64 5140/5910/64
f 5239/6067/2036 5009/6129/2036 5224/6130/2036
f 5240/6100/2039 5012/6083/2039 5223/6085/2039
f 5239/6067/2036 5160/6090/2036 5241/6088/2036
f 5242/6113/2039 5157/6081/2039 5240/6100/2039
f 5243/6101/2036 5160/6090/2036 5169/6103/2036
f 5244/6118/2039 5166/6097/2039 5242/6113/2039
f 5245/6114/2036 5169/6103/2036 5178/5897/2036
f 5246/5888/2039 5175/6110/2039 5244/6118/2039
f 5247/5858/43 5118/6121/43 5187/5918/2892
f 5248/5861/64 5126/6059/64 5236/6122/64
f 5230/5996/64 5198/6008/64 5249/6010/64
f 5229/6125/43 5206/5999/43 5085/5985/43
s 18
f 5254/6131/3985 5471/6132/2039 5317/6133/2039
f 5419/6134/3986 5315/6135/2039 5420/6136/2039
f 5255/6137/3249 5426/6138/2039 5425/6139/2039
f 5262/6140/3987 5317/6133/2039 5316/6141/2039
f 5408/6142/3988 5316/6141/2039 5409/6143/2039
f 5414/6144/2039 5263/6145/3989 5415/6146/2039
f 5265/6147/3990 5314/6148/2039 5313/6149/2039
f 5348/6150/3991 5312/6151/2039 5267/6152/3992
f 5415/6146/2039 5461/6153/3993 5460/6154/2039
f 5426/6138/2039 5459/6155/2039 5458/6156/2039
f 5487/6157/43 5464/6158/43 5271/6159/3046
f 5474/6160/64 5489/6161/64 5274/6162/64
f 5275/6163/64 5516/6164/3012 5417/6165/2905
f 5490/6166/3994 5278/6167/2033 5277/6168/3995
f 5494/6169/3996 5271/6159/3046 5279/6170/3997
f 5274/6162/64 5495/6171/64 5280/6172/64
f 5280/6172/64 5515/6173/64 5406/6174/64
f 5496/6175/2042 5279/6170/3997 5281/6176/2042
f 5497/6177/43 5277/6178/3995 5282/6179/43
f 5276/6180/64 5498/6181/3998 5283/6182/64
f 5341/6183/43 5499/6184/43 5295/6185/3046
f 5350/6186/64 5500/6187/64 5285/6188/64
f 5524/6189/2042 5281/6176/2042 5463/6190/2042
f 5493/6191/2033 5455/6192/2033 5278/6167/2033
f 5263/6193/3989 5288/6194/3999 5289/6195/2042
f 5461/6196/3993 5289/6195/2042 5462/6197/2042
f 5259/6198/4000 5456/6199/2033 5292/6200/2033
f 5256/6201/4001 5292/6200/2033 5293/6202/4002
f 5264/6203/4003 5293/6202/4002 5294/6204/2892
f 5342/6205/4004 5295/6185/3046 5266/6206/4005
f 5296/6207/64 5348/6150/3991 5267/6152/3992
f 5298/6208/4006 5265/6147/3990 5297/6209/64
f 5257/6210/4007 5418/6211/64 5299/6212/2905
f 5262/6140/3987 5407/6213/64 5300/6214/64
f 5254/6131/3985 5300/6214/64 5301/6215/64
f 5472/6216/4008 5301/6215/64 5473/6217/4009
f 5304/6218/43 5466/6219/4010 5465/6220/43
f 5261/6221/4011 5304/6218/43 5288/6194/3999
f 5305/6222/2039 5342/6223/4004 5266/6224/4005
f 5306/6225/2039 5256/6226/4001 5264/6227/4003
f 5424/6228/2039 5255/6137/3249 5425/6139/2039
f 5413/6229/2039 5261/6230/4011 5414/6144/2039
f 5309/6231/2039 5252/6232/4012 5261/6230/4011
f 5310/6233/2039 5466/6234/4010 5252/6232/4012
f 5347/6235/2039 5333/6236/2039 5312/6151/2039
f 5313/6149/2039 5335/6237/2039 5334/6238/2039
f 5420/6136/2039 5336/6239/2039 5421/6240/2039
f 5409/6143/2039 5337/6241/2039 5410/6242/2039
f 5316/6141/2039 5338/6243/2039 5337/6241/2039
f 5317/6133/2039 5470/6244/2039 5338/6243/2039
f 5345/6245/2039 5326/6246/2039 5319/6247/2039
f 5320/6248/2039 5328/6249/2039 5327/6250/2039
f 5422/6251/2039 5329/6252/2039 5423/6253/2039
f 5411/6254/2039 5330/6255/2039 5412/6256/2039
f 5323/6257/2039 5331/6258/2039 5330/6255/2039
f 5324/6259/2039 5468/6260/2039 5331/6258/2039
f 5344/6261/2039 5305/6222/2039 5326/6246/2039
f 5327/6250/2039 5307/6262/2039 5306/6225/2039
f 5423/6253/2039 5308/6263/2039 5424/6228/2039
f 5412/6256/2039 5309/6231/2039 5413/6229/2039
f 5330/6255/2039 5310/6233/2039 5309/6231/2039
f 5331/6258/2039 5467/6264/2039 5310/6233/2039
f 5346/6265/2039 5319/6247/2039 5333/6236/2039
f 5334/6238/2039 5321/6266/2039 5320/6248/2039
f 5421/6240/2039 5322/6267/2039 5422/6251/2039
f 5410/6242/2039 5323/6257/2039 5411/6254/2039
f 5337/6241/2039 5324/6259/2039 5323/6257/2039
f 5338/6243/2039 5469/6268/2039 5324/6259/2039
f 5503/6269/43 5351/6270/43 5340/6271/43
f 5342/6205/4004 5352/6272/43 5341/6183/43
f 5354/6273/2039 5342/6223/4004 5343/6274/2039
f 5355/6275/2039 5343/6274/2039 5344/6261/2039
f 5345/6245/2039 5355/6275/2039 5344/6261/2039
f 5346/6265/2039 5356/6276/2039 5345/6245/2039
f 5358/6277/2039 5346/6265/2039 5347/6235/2039
f 5359/6278/4013 5347/6235/2039 5348/6150/3991
f 5359/6278/4013 5349/6279/3012 5360/6280/2905
f 5361/6281/64 5504/6282/64 5350/6186/64
f 5505/6283/43 5362/6284/43 5351/6270/43
f 5364/6285/4014 5352/6272/43 5353/6286/4015
f 5365/6287/2039 5353/6288/4015 5354/6273/2039
f 5366/6289/2039 5354/6273/2039 5355/6275/2039
f 5367/6290/2039 5355/6275/2039 5356/6276/2039
f 5368/6291/2039 5356/6276/2039 5357/6292/2039
f 5369/6293/2039 5357/6292/2039 5358/6277/2039
f 5370/6294/4016 5358/6277/2039 5359/6278/4013
f 5370/6294/4016 5360/6280/2905 5371/6295/4017
f 5508/6296/64 5361/6281/64 5372/6297/64
f 5485/6298/43 5497/6177/43 5282/6179/43
f 5264/6203/4003 5484/6299/43 5483/6300/4018
f 5306/6225/2039 5483/6301/4018 5482/6302/2039
f 5327/6250/2039 5482/6302/2039 5481/6303/2039
f 5320/6248/2039 5481/6303/2039 5480/6304/2039
f 5334/6238/2039 5480/6304/2039 5479/6305/2039
f 5313/6149/2039 5479/6305/2039 5478/6306/2039
f 5265/6147/3990 5478/6306/2039 5477/6307/4019
f 5297/6209/64 5477/6307/4019 5476/6308/64
f 5498/6181/3998 5475/6309/3998 5283/6182/64
f 5303/6310/43 5509/6311/43 5374/6312/4020
f 5375/6313/4021 5303/6310/43 5374/6312/4020
f 5251/6314/4022 5376/6315/2039 5311/6316/2039
f 5311/6316/2039 5377/6317/2039 5332/6318/2039
f 5332/6318/2039 5378/6319/2039 5325/6320/2039
f 5325/6320/2039 5379/6321/2039 5339/6322/2039
f 5339/6322/2039 5380/6323/2039 5318/6324/2039
f 5253/6325/4023 5380/6323/2039 5381/6326/4024
f 5302/6327/4025 5381/6326/4024 5382/6328/2905
f 5488/6329/64 5383/6330/64 5273/6331/64
f 5511/6332/43 5373/6333/43 5384/6334/43
f 5375/6313/4021 5385/6335/3046 5386/6336/4026
f 5376/6315/2039 5386/6337/4026 5387/6338/2039
f 5377/6317/2039 5387/6338/2039 5388/6339/2039
f 5378/6319/2039 5388/6339/2039 5389/6340/2039
f 5379/6321/2039 5389/6340/2039 5390/6341/2039
f 5391/6342/2039 5379/6321/2039 5390/6341/2039
f 5381/6326/4024 5391/6342/2039 5392/6343/4027
f 5382/6328/2905 5392/6343/4027 5393/6344/2905
f 5383/6330/64 5512/6345/64 5394/6346/64
f 5395/6347/43 5511/6332/43 5384/6334/43
f 5397/6348/4028 5385/6335/3046 5396/6349/43
f 5387/6338/2039 5397/6350/4028 5398/6351/2039
f 5388/6339/2039 5398/6351/2039 5399/6352/2039
f 5389/6340/2039 5399/6352/2039 5400/6353/2039
f 5390/6341/2039 5400/6353/2039 5401/6354/2039
f 5391/6342/2039 5401/6354/2039 5402/6355/2039
f 5392/6343/4027 5402/6355/2039 5403/6356/4029
f 5392/6343/4027 5404/6357/3012 5393/6344/2905
f 5512/6345/64 5405/6358/64 5394/6346/64
f 5406/6174/64 5491/6359/64 5275/6163/64
f 5408/6142/3988 5299/6212/2905 5407/6213/64
f 5257/6210/4007 5409/6143/2039 5315/6135/2039
f 5315/6135/2039 5410/6242/2039 5336/6239/2039
f 5336/6239/2039 5411/6254/2039 5322/6267/2039
f 5322/6267/2039 5412/6256/2039 5329/6252/2039
f 5329/6252/2039 5413/6229/2039 5308/6263/2039
f 5308/6263/2039 5414/6144/2039 5255/6137/3249
f 5255/6137/3249 5415/6146/2039 5260/6360/2039
f 5260/6360/2039 5460/6154/2039 5459/6155/2039
f 5516/6164/3012 5276/6180/64 5417/6165/2905
f 5419/6134/3986 5298/6208/4006 5418/6211/64
f 5258/6361/4030 5420/6136/2039 5314/6148/2039
f 5314/6148/2039 5421/6240/2039 5335/6237/2039
f 5335/6237/2039 5422/6251/2039 5321/6266/2039
f 5321/6266/2039 5423/6253/2039 5328/6249/2039
f 5328/6249/2039 5424/6228/2039 5307/6262/2039
f 5307/6262/2039 5425/6139/2039 5256/6226/4001
f 5425/6139/2039 5259/6362/4000 5256/6226/4001
f 5259/6362/4000 5458/6156/2039 5457/6363/4031
f 5291/6364/2033 5517/6365/2033 5429/6366/2033
f 5291/6364/2033 5430/6367/4032 5270/6368/4033
f 5270/6369/4033 5431/6370/2039 5427/6371/2039
f 5427/6371/2039 5432/6372/2039 5269/6373/2039
f 5269/6373/2039 5433/6374/2039 5416/6375/2039
f 5416/6375/2039 5434/6376/4034 5268/6377/4035
f 5268/6378/4035 5435/6379/2042 5290/6380/2042
f 5501/6381/2042 5436/6382/2042 5286/6383/2042
f 5519/6384/2033 5428/6385/2033 5437/6386/2033
f 5430/6367/4032 5438/6387/2033 5439/6388/4036
f 5439/6389/4036 5431/6370/2039 5430/6390/4032
f 5440/6391/2039 5432/6372/2039 5431/6370/2039
f 5441/6392/2039 5433/6374/2039 5432/6372/2039
f 5442/6393/2039 5434/6376/4034 5433/6374/2039
f 5434/6394/4034 5444/6395/2042 5435/6379/2042
f 5518/6396/2042 5445/6397/2042 5436/6382/2042
f 5521/6398/2033 5437/6386/2033 5446/6399/2033
f 5439/6388/4036 5447/6400/2033 5448/6401/4037
f 5448/6402/4037 5440/6391/2039 5439/6389/4036
f 5449/6403/2039 5441/6392/2039 5440/6391/2039
f 5450/6404/2039 5442/6393/2039 5441/6392/2039
f 5451/6405/2039 5443/6406/4038 5442/6393/2039
f 5443/6407/4038 5453/6408/2042 5444/6395/2042
f 5520/6409/2042 5454/6410/2042 5445/6397/2042
f 5523/6411/2033 5446/6399/2033 5455/6192/2033
f 5448/6401/4037 5456/6199/2033 5457/6412/4031
f 5457/6363/4031 5449/6403/2039 5448/6402/4037
f 5458/6156/2039 5450/6404/2039 5449/6403/2039
f 5459/6155/2039 5451/6405/2039 5450/6404/2039
f 5460/6154/2039 5452/6413/4039 5451/6405/2039
f 5452/6414/4039 5462/6197/2042 5453/6408/2042
f 5522/6415/2042 5463/6190/2042 5454/6410/2042
f 5525/6416/43 5395/6347/43 5464/6158/43
f 5397/6348/4028 5465/6220/43 5466/6219/4010
f 5398/6351/2039 5466/6234/4010 5467/6264/2039
f 5399/6352/2039 5467/6264/2039 5468/6260/2039
f 5400/6353/2039 5468/6260/2039 5469/6268/2039
f 5401/6354/2039 5469/6268/2039 5470/6244/2039
f 5402/6355/2039 5470/6244/2039 5471/6132/2039
f 5403/6356/4029 5471/6132/2039 5472/6216/4008
f 5404/6357/3012 5472/6216/4008 5473/6217/4009
f 5405/6358/64 5526/6417/64 5474/6160/64
f 5527/6418/3998 5372/6297/64 5475/6309/3998
f 5477/6307/4019 5371/6295/4017 5476/6308/64
f 5477/6307/4019 5369/6293/2039 5370/6294/4016
f 5478/6306/2039 5368/6291/2039 5369/6293/2039
f 5479/6305/2039 5367/6290/2039 5368/6291/2039
f 5480/6304/2039 5366/6289/2039 5367/6290/2039
f 5481/6303/2039 5365/6287/2039 5366/6289/2039
f 5482/6302/2039 5364/6419/4014 5365/6287/2039
f 5364/6285/4014 5484/6299/43 5363/6420/43
f 5507/6421/43 5485/6298/43 5362/6284/43
f 5304/6218/43 5525/6416/43 5487/6157/43
f 5473/6217/4009 5489/6161/64 5526/6417/64
f 5299/6212/2905 5516/6164/3012 5491/6359/64
f 5293/6202/4002 5493/6191/2033 5490/6166/3994
f 5288/6194/3999 5487/6157/43 5494/6169/3996
f 5489/6161/64 5300/6214/64 5495/6171/64
f 5300/6214/64 5515/6173/64 5495/6171/64
f 5289/6195/2042 5494/6169/3996 5496/6175/2042
f 5294/6204/2892 5490/6166/3994 5497/6177/43
f 5492/6422/64 5297/6209/64 5498/6181/3998
f 5340/6271/43 5499/6184/43 5503/6269/43
f 5349/6279/3012 5500/6187/64 5504/6282/64
f 5462/6197/2042 5496/6175/2042 5524/6189/2042
f 5292/6200/2033 5523/6411/2033 5493/6191/2033
f 5341/6183/43 5505/6283/43 5503/6269/43
f 5360/6280/2905 5504/6282/64 5506/6423/64
f 5352/6272/43 5507/6421/43 5505/6283/43
f 5508/6296/64 5360/6280/2905 5506/6423/64
f 5484/6299/43 5497/6177/43 5528/6424/43
f 5297/6209/64 5527/6418/3998 5498/6181/3998
f 5486/6425/43 5373/6333/43 5509/6311/43
f 5302/6327/4025 5510/6426/64 5488/6329/64
f 5511/6332/43 5374/6312/4020 5509/6311/43
f 5382/6328/2905 5512/6345/64 5510/6426/64
f 5513/6427/43 5385/6335/3046 5511/6332/43
f 5393/6344/2905 5514/6428/64 5512/6345/64
f 5515/6173/64 5299/6212/2905 5491/6359/64
f 5516/6164/3012 5298/6208/4006 5492/6422/64
f 5287/6429/2033 5517/6365/2033 5502/6430/2033
f 5290/6380/2042 5518/6396/2042 5501/6381/2042
f 5438/6387/2033 5517/6365/2033 5519/6384/2033
f 5435/6379/2042 5520/6409/2042 5518/6396/2042
f 5447/6400/2033 5519/6384/2033 5521/6398/2033
f 5444/6395/2042 5522/6415/2042 5520/6409/2042
f 5456/6199/2033 5521/6398/2033 5523/6411/2033
f 5453/6408/2042 5524/6189/2042 5522/6415/2042
f 5525/6416/43 5396/6349/43 5513/6427/43
f 5404/6357/3012 5526/6417/64 5514/6428/64
f 5476/6308/64 5508/6296/64 5527/6418/3998
f 5363/6420/43 5528/6424/43 5507/6421/43
s 19
f 5595/6431/2036 5750/6432/4040 5749/6433/2036
f 5697/6434/4041 5593/6435/2036 5698/6436/2036
f 5533/6437/2036 5704/6438/2036 5703/6439/2036
f 5540/6440/4042 5595/6431/2036 5594/6441/2036
f 5686/6442/4043 5594/6441/2036 5687/6443/2036
f 5692/6444/2036 5541/6445/4044 5693/6446/2036
f 5543/6447/4045 5592/6448/2036 5591/6449/2036
f 5626/6450/4046 5590/6451/2036 5545/6452/4047
f 5693/6446/2036 5739/6453/4048 5738/6454/2036
f 5704/6438/2036 5737/6455/2036 5736/6456/2036
f 5549/6457/43 5803/6458/43 5742/6459/43
f 5804/6460/64 5552/6461/4017 5752/6462/64
f 5769/6463/64 5695/6464/4049 5553/6465/4049
f 5768/6466/4050 5556/6467/2042 5555/6468/4051
f 5772/6469/4052 5549/6457/43 5557/6470/4053
f 5767/6471/64 5558/6472/4049 5552/6461/4017
f 5558/6472/4049 5793/6473/64 5684/6474/4049
f 5774/6475/2033 5557/6470/4053 5559/6476/2033
f 5775/6477/43 5555/6468/4051 5560/6478/43
f 5554/6479/4049 5776/6480/64 5561/6481/4049
f 5619/6482/43 5777/6483/43 5573/6484/43
f 5628/6485/64 5778/6486/64 5563/6487/64
f 5802/6488/2033 5559/6476/2033 5741/6489/2033
f 5771/6490/2042 5733/6491/2042 5556/6467/2042
f 5541/6492/4044 5566/6493/4054 5567/6494/2033
f 5739/6495/4048 5567/6494/2033 5740/6496/2033
f 5537/6497/4055 5734/6498/2042 5570/6499/2042
f 5534/6500/4056 5570/6499/2042 5571/6501/4057
f 5542/6502/4058 5571/6501/4057 5572/6503/43
f 5544/6504/4059 5619/6482/43 5573/6484/43
f 5627/6505/3955 5545/6452/4047 5574/6506/3012
f 5576/6507/4060 5543/6447/4045 5575/6508/64
f 5535/6509/4061 5696/6510/64 5577/6511/64
f 5578/6512/4062 5686/6442/4043 5685/6513/2905
f 5532/6514/4063 5578/6512/4062 5579/6515/2905
f 5751/6516/4064 5532/6514/4063 5579/6515/2905
f 5582/6517/43 5744/6518/4065 5743/6519/43
f 5566/6493/4054 5530/6520/4066 5582/6517/43
f 5621/6521/2036 5544/6522/4059 5583/6523/2036
f 5584/6524/2036 5534/6525/4056 5542/6526/4058
f 5702/6527/2036 5533/6437/2036 5703/6439/2036
f 5691/6528/2036 5539/6529/4067 5692/6444/2036
f 5587/6530/2036 5530/6531/4066 5539/6529/4067
f 5588/6532/2036 5744/6533/4065 5530/6531/4066
f 5625/6534/2036 5611/6535/2036 5590/6451/2036
f 5591/6449/2036 5613/6536/2036 5612/6537/2036
f 5698/6436/2036 5614/6538/2036 5699/6539/2036
f 5687/6443/2036 5615/6540/2036 5688/6541/2036
f 5594/6441/2036 5616/6542/2036 5615/6540/2036
f 5595/6431/2036 5748/6543/2036 5616/6542/2036
f 5623/6544/2036 5604/6545/2036 5597/6546/2036
f 5598/6547/2036 5606/6548/2036 5605/6549/2036
f 5700/6550/2036 5607/6551/2036 5701/6552/2036
f 5689/6553/2036 5608/6554/2036 5690/6555/2036
f 5601/6556/2036 5609/6557/2036 5608/6554/2036
f 5602/6558/2036 5746/6559/2036 5609/6557/2036
f 5622/6560/2036 5583/6523/2036 5604/6545/2036
f 5605/6549/2036 5585/6561/2036 5584/6524/2036
f 5701/6552/2036 5586/6562/2036 5702/6527/2036
f 5690/6555/2036 5587/6530/2036 5691/6528/2036
f 5608/6554/2036 5588/6532/2036 5587/6530/2036
f 5609/6557/2036 5745/6563/2036 5588/6532/2036
f 5624/6564/2036 5597/6546/2036 5611/6535/2036
f 5612/6537/2036 5599/6565/2036 5598/6547/2036
f 5699/6539/2036 5600/6566/2036 5700/6550/2036
f 5688/6541/2036 5601/6556/2036 5689/6553/2036
f 5615/6540/2036 5602/6558/2036 5601/6556/2036
f 5616/6542/2036 5747/6567/2036 5602/6558/2036
f 5781/6568/43 5629/6569/43 5618/6570/43
f 5631/6571/4068 5619/6482/43 5620/6572/4069
f 5632/6573/2036 5620/6574/4069 5621/6521/2036
f 5633/6575/2036 5621/6521/2036 5622/6560/2036
f 5634/6576/2036 5622/6560/2036 5623/6544/2036
f 5635/6577/2036 5623/6544/2036 5624/6564/2036
f 5636/6578/2036 5624/6564/2036 5625/6534/2036
f 5637/6579/4070 5625/6534/2036 5626/6450/4046
f 5637/6579/4070 5627/6505/3955 5638/6580/64
f 5639/6581/64 5782/6582/64 5628/6485/64
f 5783/6583/43 5640/6584/43 5629/6569/43
f 5631/6571/4068 5641/6585/2892 5630/6586/43
f 5643/6587/2036 5631/6588/4068 5632/6573/2036
f 5644/6589/2036 5632/6573/2036 5633/6575/2036
f 5645/6590/2036 5633/6575/2036 5634/6576/2036
f 5646/6591/2036 5634/6576/2036 5635/6577/2036
f 5647/6592/2036 5635/6577/2036 5636/6578/2036
f 5648/6593/4071 5636/6578/2036 5637/6579/4070
f 5648/6593/4071 5638/6580/64 5649/6594/4064
f 5786/6595/64 5639/6581/64 5650/6596/4049
f 5763/6597/43 5775/6477/43 5560/6478/43
f 5761/6598/4072 5572/6503/43 5762/6599/4073
f 5584/6524/2036 5761/6600/4072 5760/6601/2036
f 5605/6549/2036 5760/6601/2036 5759/6602/2036
f 5598/6547/2036 5759/6602/2036 5758/6603/2036
f 5612/6537/2036 5758/6603/2036 5757/6604/2036
f 5591/6449/2036 5757/6604/2036 5756/6605/2036
f 5543/6447/4045 5756/6605/2036 5755/6606/4074
f 5543/6447/4045 5754/6607/64 5575/6508/64
f 5776/6480/64 5753/6608/4017 5561/6481/4049
f 5652/6609/43 5764/6610/43 5787/6611/43
f 5653/6612/4075 5581/6613/43 5652/6609/43
f 5529/6614/4076 5654/6615/2036 5589/6616/2036
f 5589/6616/2036 5655/6617/2036 5610/6618/2036
f 5610/6618/2036 5656/6619/2036 5603/6620/2036
f 5603/6620/2036 5657/6621/2036 5617/6622/2036
f 5617/6622/2036 5658/6623/2036 5596/6624/2036
f 5531/6625/4077 5658/6623/2036 5659/6626/4078
f 5580/6627/64 5659/6626/4078 5660/6628/2905
f 5766/6629/64 5661/6630/64 5551/6631/64
f 5789/6632/43 5651/6633/43 5662/6634/43
f 5664/6635/4079 5652/6609/43 5663/6636/43
f 5654/6615/2036 5664/6637/4079 5665/6638/2036
f 5655/6617/2036 5665/6638/2036 5666/6639/2036
f 5656/6619/2036 5666/6639/2036 5667/6640/2036
f 5657/6621/2036 5667/6640/2036 5668/6641/2036
f 5658/6623/2036 5668/6641/2036 5669/6642/2036
f 5659/6626/4078 5669/6642/2036 5670/6643/4080
f 5659/6626/4078 5671/6644/3012 5660/6628/2905
f 5661/6630/64 5790/6645/64 5672/6646/64
f 5791/6647/43 5662/6634/43 5673/6648/43
f 5675/6649/4081 5663/6636/43 5674/6650/2892
f 5665/6638/2036 5675/6651/4081 5676/6652/2036
f 5666/6639/2036 5676/6652/2036 5677/6653/2036
f 5667/6640/2036 5677/6653/2036 5678/6654/2036
f 5668/6641/2036 5678/6654/2036 5679/6655/2036
f 5669/6642/2036 5679/6655/2036 5680/6656/2036
f 5670/6643/4080 5680/6656/2036 5681/6657/4082
f 5670/6643/4080 5682/6658/64 5671/6644/3012
f 5672/6646/64 5792/6659/64 5683/6660/64
f 5684/6474/4049 5769/6463/64 5553/6465/4049
f 5686/6442/4043 5577/6511/64 5685/6513/2905
f 5535/6509/4061 5687/6443/2036 5593/6435/2036
f 5593/6435/2036 5688/6541/2036 5614/6538/2036
f 5614/6538/2036 5689/6553/2036 5600/6566/2036
f 5600/6566/2036 5690/6555/2036 5607/6551/2036
f 5607/6551/2036 5691/6528/2036 5586/6562/2036
f 5586/6562/2036 5692/6444/2036 5533/6437/2036
f 5533/6437/2036 5693/6446/2036 5538/6661/2036
f 5538/6661/2036 5738/6454/2036 5737/6455/2036
f 5794/6662/2905 5554/6479/4049 5695/6464/4049
f 5697/6434/4041 5576/6507/4060 5696/6510/64
f 5536/6663/4083 5698/6436/2036 5592/6448/2036
f 5592/6448/2036 5699/6539/2036 5613/6536/2036
f 5613/6536/2036 5700/6550/2036 5599/6565/2036
f 5599/6565/2036 5701/6552/2036 5606/6548/2036
f 5606/6548/2036 5702/6527/2036 5585/6561/2036
f 5585/6561/2036 5703/6439/2036 5534/6525/4056
f 5703/6439/2036 5537/6664/4055 5534/6525/4056
f 5537/6664/4055 5736/6456/2036 5735/6665/4084
f 5569/6666/2042 5795/6667/2042 5707/6668/2042
f 5569/6666/2042 5708/6669/4085 5548/6670/4086
f 5548/6671/4086 5709/6672/2036 5705/6673/2036
f 5705/6673/2036 5710/6674/2036 5547/6675/2036
f 5547/6675/2036 5711/6676/2036 5694/6677/2036
f 5694/6677/2036 5712/6678/4087 5546/6679/4088
f 5546/6680/4088 5713/6681/2033 5568/6682/2033
f 5779/6683/2033 5714/6684/2033 5564/6685/2033
f 5797/6686/2042 5706/6687/2042 5715/6688/2042
f 5708/6669/4085 5716/6689/2042 5717/6690/4089
f 5717/6691/4089 5709/6672/2036 5708/6692/4085
f 5718/6693/2036 5710/6674/2036 5709/6672/2036
f 5719/6694/2036 5711/6676/2036 5710/6674/2036
f 5720/6695/2036 5712/6678/4087 5711/6676/2036
f 5712/6696/4087 5722/6697/2033 5713/6681/2033
f 5796/6698/2033 5723/6699/2033 5714/6684/2033
f 5799/6700/2042 5715/6688/2042 5724/6701/2042
f 5717/6690/4089 5725/6702/2042 5726/6703/4090
f 5726/6704/4090 5718/6693/2036 5717/6691/4089
f 5727/6705/2036 5719/6694/2036 5718/6693/2036
f 5728/6706/2036 5720/6695/2036 5719/6694/2036
f 5729/6707/2036 5721/6708/4091 5720/6695/2036
f 5721/6709/4091 5731/6710/2033 5722/6697/2033
f 5798/6711/2033 5732/6712/2033 5723/6699/2033
f 5801/6713/2042 5724/6701/2042 5733/6491/2042
f 5726/6703/4090 5734/6498/2042 5735/6714/4084
f 5735/6665/4084 5727/6705/2036 5726/6704/4090
f 5736/6456/2036 5728/6706/2036 5727/6705/2036
f 5737/6455/2036 5729/6707/2036 5728/6706/2036
f 5738/6454/2036 5730/6715/4092 5729/6707/2036
f 5730/6716/4092 5740/6496/2033 5731/6710/2033
f 5800/6717/2033 5741/6489/2033 5732/6712/2033
f 5742/6459/43 5791/6647/43 5673/6648/43
f 5675/6649/4081 5743/6519/43 5744/6518/4065
f 5676/6652/2036 5744/6533/4065 5745/6563/2036
f 5677/6653/2036 5745/6563/2036 5746/6559/2036
f 5678/6654/2036 5746/6559/2036 5747/6567/2036
f 5679/6655/2036 5747/6567/2036 5748/6543/2036
f 5749/6433/2036 5679/6655/2036 5748/6543/2036
f 5681/6657/4082 5749/6433/2036 5750/6432/4040
f 5682/6658/64 5750/6432/4040 5751/6516/4064
f 5792/6659/64 5752/6462/64 5683/6660/64
f 5753/6608/4017 5786/6595/64 5650/6596/4049
f 5755/6606/4074 5649/6594/4064 5754/6607/64
f 5755/6606/4074 5647/6592/2036 5648/6593/4071
f 5756/6605/2036 5646/6591/2036 5647/6592/2036
f 5757/6604/2036 5645/6590/2036 5646/6591/2036
f 5758/6603/2036 5644/6589/2036 5645/6590/2036
f 5759/6602/2036 5643/6587/2036 5644/6589/2036
f 5760/6601/2036 5642/6718/4093 5643/6587/2036
f 5761/6598/4072 5641/6585/2892 5642/6719/4093
f 5785/6720/43 5763/6597/43 5640/6584/43
f 5582/6517/43 5803/6458/43 5765/6721/43
f 5804/6460/64 5579/6515/2905 5767/6471/64
f 5577/6511/64 5794/6662/2905 5769/6463/64
f 5571/6501/4057 5771/6490/2042 5768/6466/4050
f 5566/6493/4054 5765/6721/43 5772/6469/4052
f 5767/6471/64 5578/6512/4062 5773/6722/64
f 5773/6722/64 5685/6513/2905 5793/6473/64
f 5567/6494/2033 5772/6469/4052 5774/6475/2033
f 5572/6503/43 5768/6466/4050 5775/6477/43
f 5770/6723/2905 5575/6508/64 5776/6480/64
f 5618/6570/43 5777/6483/43 5781/6568/43
f 5627/6505/3955 5778/6486/64 5782/6582/64
f 5740/6496/2033 5774/6475/2033 5802/6488/2033
f 5570/6499/2042 5801/6713/2042 5771/6490/2042
f 5619/6482/43 5783/6583/43 5781/6568/43
f 5638/6580/64 5782/6582/64 5784/6724/64
f 5630/6586/43 5785/6720/43 5783/6583/43
f 5649/6594/4064 5784/6724/64 5786/6595/64
f 5762/6599/4073 5775/6477/43 5806/6725/43
f 5776/6480/64 5754/6607/64 5805/6726/64
f 5550/6727/43 5787/6611/43 5764/6610/43
f 5766/6629/64 5660/6628/2905 5788/6728/64
f 5663/6636/43 5787/6611/43 5789/6632/43
f 5660/6628/2905 5790/6645/64 5788/6728/64
f 5791/6647/43 5663/6636/43 5789/6632/43
f 5671/6644/3012 5792/6659/64 5790/6645/64
f 5793/6473/64 5577/6511/64 5769/6463/64
f 5696/6510/64 5770/6723/2905 5794/6662/2905
f 5565/6729/2042 5795/6667/2042 5780/6730/2042
f 5568/6682/2033 5796/6698/2033 5779/6683/2033
f 5716/6689/2042 5795/6667/2042 5797/6686/2042
f 5713/6681/2033 5798/6711/2033 5796/6698/2033
f 5725/6702/2042 5797/6686/2042 5799/6700/2042
f 5722/6697/2033 5800/6717/2033 5798/6711/2033
f 5734/6498/2042 5799/6700/2042 5801/6713/2042
f 5731/6710/2033 5802/6488/2033 5800/6717/2033
f 5803/6458/43 5674/6650/2892 5791/6647/43
f 5682/6658/64 5804/6460/64 5792/6659/64
f 5805/6726/64 5649/6594/4064 5786/6595/64
f 5641/6585/2892 5806/6725/43 5785/6720/43
s 20
f 5810/6731/4094 6027/6732/2033 5873/6733/2033
f 5975/6734/4095 5871/6735/2033 5976/6736/2033
f 5811/6737/2033 5982/6738/2033 5981/6739/2033
f 5818/6740/4096 5873/6733/2033 5872/6741/2033
f 5964/6742/4097 5872/6741/2033 5965/6743/2033
f 5970/6744/2033 5819/6745/4098 5971/6746/2033
f 5821/6747/4099 5870/6748/2033 5869/6749/2033
f 5904/6750/4100 5868/6751/2033 5823/6752/4101
f 5971/6746/2033 6017/6753/4102 6016/6754/2033
f 5982/6738/2033 6015/6755/2033 6014/6756/2033
f 6043/6757/43 6020/6758/43 5827/6759/43
f 6082/6760/64 5830/6761/2905 6030/6762/64
f 6047/6763/64 5973/6764/64 5831/6765/64
f 5833/6766/4103 6049/6767/2036 5834/6768/2036
f 6050/6769/4104 5827/6759/43 5835/6770/4105
f 6045/6771/64 5836/6772/64 5830/6761/2905
f 6051/6773/64 5962/6774/64 5836/6772/64
f 6052/6775/2039 5835/6770/4105 5837/6776/2039
f 6053/6777/43 5833/6766/4103 5838/6778/43
f 6048/6779/64 5839/6780/64 5832/6781/64
f 5897/6782/43 6055/6783/43 5851/6784/2892
f 6060/6785/64 5841/6786/64 5906/6787/64
f 6080/6788/2039 5837/6776/2039 6019/6789/2039
f 6049/6767/2036 6011/6790/2036 5834/6768/2036
f 5819/6791/4098 5844/6792/4106 5845/6793/2039
f 6017/6794/4102 5845/6793/2039 6018/6795/2039
f 5815/6796/4107 6012/6797/2036 5848/6798/2036
f 5812/6799/4108 5848/6798/2036 5849/6800/4109
f 5820/6801/4110 5849/6800/4109 5850/6802/43
f 5898/6803/4111 5851/6784/2892 5822/6804/4112
f 5905/6805/3012 5823/6752/4101 5852/6806/64
f 5854/6807/64 5821/6747/4099 5853/6808/64
f 5855/6809/2905 5975/6734/4095 5974/6810/64
f 5856/6811/64 5964/6742/4097 5963/6812/64
f 5857/6813/64 5818/6740/4096 5856/6811/64
f 6028/6814/4113 5857/6813/64 6029/6815/64
f 5860/6816/2892 6022/6817/4114 6021/6818/43
f 5817/6819/4115 5860/6816/2892 5844/6792/4106
f 5899/6820/2033 5822/6821/4112 5861/6822/2033
f 5862/6823/2033 5812/6824/4108 5820/6825/4110
f 5980/6826/2033 5811/6737/2033 5981/6739/2033
f 5969/6827/2033 5817/6828/4115 5970/6744/2033
f 5865/6829/2033 5808/6830/4116 5817/6828/4115
f 5866/6831/2033 6022/6832/4114 5808/6830/4116
f 5903/6833/2033 5889/6834/2033 5868/6751/2033
f 5869/6749/2033 5891/6835/2033 5890/6836/2033
f 5976/6736/2033 5892/6837/2033 5977/6838/2033
f 5965/6743/2033 5893/6839/2033 5966/6840/2033
f 5872/6741/2033 5894/6841/2033 5893/6839/2033
f 5873/6733/2033 6026/6842/2033 5894/6841/2033
f 5901/6843/2033 5882/6844/2033 5875/6845/2033
f 5876/6846/2033 5884/6847/2033 5883/6848/2033
f 5978/6849/2033 5885/6850/2033 5979/6851/2033
f 5967/6852/2033 5886/6853/2033 5968/6854/2033
f 5879/6855/2033 5887/6856/2033 5886/6853/2033
f 5880/6857/2033 6024/6858/2033 5887/6856/2033
f 5900/6859/2033 5861/6822/2033 5882/6844/2033
f 5883/6848/2033 5863/6860/2033 5862/6823/2033
f 5979/6851/2033 5864/6861/2033 5980/6826/2033
f 5968/6854/2033 5865/6829/2033 5969/6827/2033
f 5886/6853/2033 5866/6831/2033 5865/6829/2033
f 5887/6856/2033 6023/6862/2033 5866/6831/2033
f 5902/6863/2033 5875/6845/2033 5889/6834/2033
f 5890/6836/2033 5877/6864/2033 5876/6846/2033
f 5977/6838/2033 5878/6865/2033 5978/6849/2033
f 5966/6840/2033 5879/6855/2033 5967/6852/2033
f 5893/6839/2033 5880/6857/2033 5879/6855/2033
f 5894/6841/2033 6025/6866/2033 5880/6857/2033
f 5896/6867/43 6061/6868/43 5907/6869/43
f 5909/6870/4117 5897/6782/43 5898/6803/4111
f 5910/6871/2033 5898/6872/4111 5899/6820/2033
f 5911/6873/2033 5899/6820/2033 5900/6859/2033
f 5901/6843/2033 5911/6873/2033 5900/6859/2033
f 5902/6863/2033 5912/6874/2033 5901/6843/2033
f 5914/6875/2033 5902/6863/2033 5903/6833/2033
f 5904/6750/4100 5914/6875/2033 5903/6833/2033
f 5916/6876/64 5904/6750/4100 5905/6805/3012
f 6062/6877/64 5906/6787/64 5917/6878/64
f 6061/6868/43 5918/6879/43 5907/6869/43
f 5920/6880/4118 5908/6881/43 5909/6870/4117
f 5921/6882/2033 5909/6883/4117 5910/6871/2033
f 5922/6884/2033 5910/6871/2033 5911/6873/2033
f 5923/6885/2033 5911/6873/2033 5912/6874/2033
f 5924/6886/2033 5912/6874/2033 5913/6887/2033
f 5925/6888/2033 5913/6887/2033 5914/6875/2033
f 5915/6889/4119 5925/6888/2033 5914/6875/2033
f 5926/6890/4120 5916/6876/64 5927/6891/64
f 6064/6892/64 5917/6878/64 5928/6893/64
f 6084/6894/43 5838/6778/43 6041/6895/43
f 5820/6801/4110 6040/6896/43 6039/6897/4121
f 5862/6823/2033 6039/6898/4121 6038/6899/2033
f 5883/6848/2033 6038/6899/2033 6037/6900/2033
f 5876/6846/2033 6037/6900/2033 6036/6901/2033
f 5890/6836/2033 6036/6901/2033 6035/6902/2033
f 5869/6749/2033 6035/6902/2033 6034/6903/2033
f 5821/6747/4099 6034/6903/2033 6033/6904/4122
f 5853/6808/64 6033/6904/4122 6032/6905/64
f 6054/6906/64 6031/6907/64 5839/6780/64
f 5930/6908/3046 6042/6909/43 6065/6910/43
f 5807/6911/4123 5930/6908/3046 5931/6912/4124
f 5807/6913/4123 5932/6914/2033 5867/6915/2033
f 5867/6915/2033 5933/6916/2033 5888/6917/2033
f 5888/6917/2033 5934/6918/2033 5881/6919/2033
f 5881/6919/2033 5935/6920/2033 5895/6921/2033
f 5895/6921/2033 5936/6922/2033 5874/6923/2033
f 5809/6924/4125 5936/6922/2033 5937/6925/4126
f 5809/6924/4125 5938/6926/64 5858/6927/64
f 6044/6928/64 5939/6929/64 5829/6930/64
f 5940/6931/43 6065/6910/43 5929/6932/43
f 5931/6912/4124 5941/6933/43 5942/6934/4127
f 5932/6914/2033 5942/6935/4127 5943/6936/2033
f 5933/6916/2033 5943/6936/2033 5944/6937/2033
f 5934/6918/2033 5944/6937/2033 5945/6938/2033
f 5935/6920/2033 5945/6938/2033 5946/6939/2033
f 5947/6940/2033 5935/6920/2033 5946/6939/2033
f 5937/6925/4126 5947/6940/2033 5948/6941/4128
f 5937/6925/4126 5949/6942/2905 5938/6926/64
f 6066/6943/64 5950/6944/64 5939/6929/64
f 5951/6945/43 6067/6946/43 5940/6931/43
f 5953/6947/4129 5941/6933/43 5952/6948/43
f 5943/6936/2033 5953/6949/4129 5954/6950/2033
f 5944/6937/2033 5954/6950/2033 5955/6951/2033
f 5945/6938/2033 5955/6951/2033 5956/6952/2033
f 5946/6939/2033 5956/6952/2033 5957/6953/2033
f 5958/6954/2033 5946/6939/2033 5957/6953/2033
f 5959/6955/4130 5947/6940/2033 5958/6954/2033
f 5949/6942/2905 5959/6955/4130 5960/6956/3012
f 6068/6957/64 5961/6958/64 5950/6944/64
f 6071/6959/64 5831/6765/64 5962/6774/64
f 5813/6960/4131 5963/6812/64 5964/6742/4097
f 5813/6960/4131 5965/6743/2033 5871/6735/2033
f 5871/6735/2033 5966/6840/2033 5892/6837/2033
f 5892/6837/2033 5967/6852/2033 5878/6865/2033
f 5878/6865/2033 5968/6854/2033 5885/6850/2033
f 5885/6850/2033 5969/6827/2033 5864/6861/2033
f 5864/6861/2033 5970/6744/2033 5811/6737/2033
f 5811/6737/2033 5971/6746/2033 5816/6961/2033
f 5816/6961/2033 6016/6754/2033 6015/6755/2033
f 6072/6962/64 5832/6781/64 5973/6764/64
f 5975/6734/4095 5854/6807/64 5974/6810/64
f 5814/6963/4132 5976/6736/2033 5870/6748/2033
f 5870/6748/2033 5977/6838/2033 5891/6835/2033
f 5891/6835/2033 5978/6849/2033 5877/6864/2033
f 5877/6864/2033 5979/6851/2033 5884/6847/2033
f 5884/6847/2033 5980/6826/2033 5863/6860/2033
f 5863/6860/2033 5981/6739/2033 5812/6824/4108
f 5812/6824/4108 5982/6738/2033 5815/6964/4107
f 5815/6964/4107 6014/6756/2033 6013/6965/4133
f 5847/6966/2036 6073/6967/2036 5985/6968/2036
f 5847/6966/2036 5986/6969/4134 5826/6970/4135
f 5826/6971/4135 5987/6972/2033 5983/6973/2033
f 5983/6973/2033 5988/6974/2033 5825/6975/2033
f 5825/6975/2033 5989/6976/2033 5972/6977/2033
f 5972/6977/2033 5990/6978/4136 5824/6979/4137
f 5824/6980/4137 5991/6981/2039 5846/6982/2039
f 6057/6983/2039 5992/6984/2039 5842/6985/2039
f 6075/6986/2036 5984/6987/2036 5993/6988/2036
f 5986/6969/4134 5994/6989/2036 5995/6990/4138
f 5995/6991/4138 5987/6972/2033 5986/6992/4134
f 5996/6993/2033 5988/6974/2033 5987/6972/2033
f 5997/6994/2033 5989/6976/2033 5988/6974/2033
f 5998/6995/2033 5990/6978/4136 5989/6976/2033
f 5990/6996/4136 6000/6997/2039 5991/6981/2039
f 6074/6998/2039 6001/6999/2039 5992/6984/2039
f 6077/7000/2036 5993/6988/2036 6002/7001/2036
f 5995/6990/4138 6003/7002/2036 6004/7003/4139
f 6004/7004/4139 5996/6993/2033 5995/6991/4138
f 6005/7005/2033 5997/6994/2033 5996/6993/2033
f 6006/7006/2033 5998/6995/2033 5997/6994/2033
f 6007/7007/2033 5999/7008/4140 5998/6995/2033
f 5999/7009/4140 6009/7010/2039 6000/6997/2039
f 6076/7011/2039 6010/7012/2039 6001/6999/2039
f 6079/7013/2036 6002/7001/2036 6011/6790/2036
f 6004/7003/4139 6012/6797/2036 6013/7014/4133
f 6013/6965/4133 6005/7005/2033 6004/7004/4139
f 6014/6756/2033 6006/7006/2033 6005/7005/2033
f 6015/6755/2033 6007/7007/2033 6006/7006/2033
f 6016/6754/2033 6008/7015/4141 6007/7007/2033
f 6008/7016/4141 6018/6795/2039 6009/7010/2039
f 6078/7017/2039 6019/6789/2039 6010/7012/2039
f 6081/7018/43 5951/6945/43 6020/6758/43
f 5953/6947/4129 6021/6818/43 6022/6817/4114
f 5954/6950/2033 6022/6832/4114 6023/6862/2033
f 5955/6951/2033 6023/6862/2033 6024/6858/2033
f 5956/6952/2033 6024/6858/2033 6025/6866/2033
f 5957/6953/2033 6025/6866/2033 6026/6842/2033
f 6027/6732/2033 5957/6953/2033 6026/6842/2033
f 5959/6955/4130 6027/6732/2033 6028/6814/4113
f 5959/6955/4130 6029/6815/64 5960/6956/3012
f 6070/7019/64 6030/6762/64 5961/6958/64
f 6031/6907/64 6064/6892/64 5928/6893/64
f 5926/6890/4120 6032/6905/64 6033/6904/4122
f 6033/6904/4122 5925/6888/2033 5926/6890/4120
f 6034/6903/2033 5924/6886/2033 5925/6888/2033
f 6035/6902/2033 5923/6885/2033 5924/6886/2033
f 6036/6901/2033 5922/6884/2033 5923/6885/2033
f 6037/6900/2033 5921/6882/2033 5922/6884/2033
f 6038/6899/2033 5920/7020/4118 5921/6882/2033
f 5920/6880/4118 6040/6896/43 5919/7021/2892
f 6063/7022/43 6041/6895/43 5918/6879/43
f 6043/6757/43 6021/6818/43 6081/7018/43
f 6029/6815/64 6045/6771/64 6082/6760/64
f 5855/6809/2905 6072/6962/64 6047/6763/64
f 5849/6800/4109 6049/6767/2036 6046/7023/4142
f 6050/6769/4104 5860/6816/2892 6043/6757/43
f 5857/6813/64 6051/6773/64 6045/6771/64
f 5856/6811/64 6071/6959/64 6051/6773/64
f 5845/6793/2039 6050/6769/4104 6052/6775/2039
f 6053/6777/43 5849/6800/4109 6046/7023/4142
f 5854/6807/64 6054/6906/64 6048/6779/64
f 6059/7024/43 5840/7025/43 6055/6783/43
f 5905/6805/3012 6056/7026/64 6060/6785/64
f 6018/6795/2039 6052/6775/2039 6080/6788/2039
f 5848/6798/2036 6079/7013/2036 6049/6767/2036
f 6059/7024/43 5908/6881/43 6061/6868/43
f 5916/6876/64 6060/6785/64 6062/6877/64
f 6061/6868/43 5919/7021/2892 6063/7022/43
f 5927/6891/64 6062/6877/64 6064/6892/64
f 6084/6894/43 5850/6802/43 6053/6777/43
f 5853/6808/64 6083/7027/64 6054/6906/64
f 6042/6909/43 5929/6932/43 6065/6910/43
f 6044/6928/64 5938/6926/64 6066/6943/64
f 5941/6933/43 6065/6910/43 6067/6946/43
f 6066/6943/64 5949/6942/2905 6068/6957/64
f 6069/7028/43 5941/6933/43 6067/6946/43
f 5949/6942/2905 6070/7019/64 6068/6957/64
f 5963/6812/64 6047/6763/64 6071/6959/64
f 5974/6810/64 6048/6779/64 6072/6962/64
f 5843/7029/2036 6073/6967/2036 6058/7030/2036
f 5846/6982/2039 6074/6998/2039 6057/6983/2039
f 5994/6989/2036 6073/6967/2036 6075/6986/2036
f 5991/6981/2039 6076/7011/2039 6074/6998/2039
f 6077/7000/2036 5994/6989/2036 6075/6986/2036
f 6000/6997/2039 6078/7017/2039 6076/7011/2039
f 6079/7013/2036 6003/7002/2036 6077/7000/2036
f 6009/7010/2039 6080/6788/2039 6078/7017/2039
f 6081/7018/43 5952/6948/43 6069/7028/43
f 5960/6956/3012 6082/6760/64 6070/7019/64
f 6032/6905/64 6064/6892/64 6083/7027/64
f 6063/7022/43 6040/6896/43 6084/6894/43
s 14
f 2926/3271/2794 2949/7098/2949 3021/3272/2033
f 3012/3274/2796 2941/3377/2859 2986/3275/2797
f 2970/3277/2042 2971/3710/3004 2932/3278/2799
f 2931/3280/2801 2948/7099/2895 3047/3281/2036
f 2925/3283/2803 2946/7100/2929 2995/3284/2039
f 3074/3286/2805 3075/3642/2944 2904/3287/2806
f 3071/3289/2808 3072/3640/2988 2903/3290/2809
f 2905/3292/2811 2962/3902/3078 3068/3293/2812
f 3077/3295/2814 3066/3645/2990 2906/3296/2815
f 2933/3298/2817 2945/3386/2868 3016/3299/2033
f 2934/3301/2819 2942/7101/2926 2990/3302/2039
f 2965/3304/2042 2966/3681/3001 2937/3305/2821
f 2940/3307/2823 2944/7102/2889 3042/3308/2036
f 3087/3310/2825 2913/7103/2850 3018/3311/2826
f 3084/3313/2827 2914/3514/2852 2992/3314/2828
f 2967/3316/2829 3080/4037/2042 3081/3317/2830
f 3089/3319/2036 3078/3442/2894 2916/3320/2832
f 2972/3322/2834 3142/3720/2042 3143/3323/2835
f 3049/3325/2837 3139/3715/2036 3140/3326/2838
f 3023/3328/2840 3148/3729/2033 3149/3329/2841
f 2997/3331/2843 3145/3498/2039 3146/3332/2844
f 2902/3330/2842 3126/3706/43 3127/3334/43
f 2917/3335/2846 3019/3818/2995 3110/3336/64
f 2919/3338/2847 2968/3887/3070 3104/3339/64
f 2907/3324/2836 3132/3709/43 3133/3341/43
f 2908/3327/2839 3135/3712/43 3136/3342/43
f 2920/3343/2848 3045/3875/2999 3113/3344/64
f 2901/3333/2845 3129/3707/43 3130/3346/43
f 2918/3347/2849 2993/3490/2918 3107/3348/64
f 2913/3350/2850 3093/3677/43 3094/3351/43
f 2909/3353/2851 3014/3633/2984 3579/3354/64
f 2914/3356/2852 3096/3678/43 3097/3357/43
f 2910/3359/2853 2988/3481/2914 3597/3360/64
f 2911/3362/2854 2963/3897/3075 3591/3363/64
f 2915/3365/2831 3099/3680/43 3100/3366/43
f 2916/3368/2832 3090/3676/43 3091/3369/43
f 2912/3371/2855 3040/3637/2986 3585/3372/64
f 2986/3275/2797 2941/3377/2859 3052/3374/2856
f 3012/3274/2796 3037/3529/2933 3038/3376/2858
f 3052/3374/2856 2941/3377/2859 3038/3376/2858
f 2990/3302/2039 2942/7101/2926 2936/3379/2861
f 2965/3304/2042 2943/3306/2822 2938/3381/2863
f 3042/3308/2036 2944/7102/2889 2939/3383/2865
f 3015/3385/2867 3016/3299/2033 2945/3386/2868
f 2995/3284/2039 2946/7100/2929 2928/3388/2870
f 2970/3277/2042 2947/3279/2800 2929/3390/2872
f 3047/3281/2036 2948/7099/2895 2930/3392/2874
f 3021/3272/2033 2949/7098/2949 2927/3394/2876
f 2905/3396/2811 3069/3639/2813 3070/3397/2878
f 2911/3399/2854 3592/4111/64 3593/3400/64
f 2943/3402/2822 2953/3406/2039 2952/3403/2881
f 2937/3405/2821 2954/3679/3000 2953/3406/2039
f 2915/3407/2831 2955/3739/2882 3098/3408/43
f 3081/3410/2830 3082/3742/2039 2955/3411/2882
f 2919/3413/2847 3105/3688/64 3106/3414/64
f 2947/3416/2800 2958/3420/2039 2957/3417/2884
f 2932/3419/2799 2959/3708/3003 2958/3420/2039
f 2907/3421/2836 2960/3425/2885 3131/3422/43
f 3143/3424/2835 3144/3723/2039 2960/3425/2885
f 2906/3426/2815 3066/7104/2990 3067/3427/2886
f 2912/3429/2855 3586/4110/64 3587/3430/64
f 2944/3432/2889 2982/3435/2042 2983/3433/2890
f 2982/3435/2042 2944/3432/2889 2940/3436/2823
f 2916/3438/2832 2980/3467/2893 3101/3439/2892
f 2980/3441/2893 2916/3320/2832 3078/3442/2894
f 3103/3444/64 2979/3463/2901 2920/3445/2848
f 2948/3447/2895 2977/3450/2042 2978/3448/2896
f 2977/3450/2042 2948/3447/2895 2931/3451/2801
f 2908/3453/2839 2975/3456/2898 3134/3454/43
f 2975/3456/2898 2908/3453/2839 3140/3457/2838
f 3141/3458/2042 3331/3719/2042 3332/3459/2899
f 2975/3456/2898 3332/3459/2899 3333/3460/43
f 2976/3452/2897 3334/3711/3005 3335/3461/2042
f 2977/3450/2042 3335/3461/2042 3336/3462/2900
f 2979/3463/2901 3103/3444/64 3338/3464/64
f 3079/3443/2042 3340/3914/2042 3341/3466/2903
f 2980/3467/2893 3341/3912/2903 3342/3468/43
f 2981/3437/2891 3343/3682/3002 3344/3469/2042
f 2982/3435/2042 3344/3469/2042 3345/3470/2904
f 2984/3431/2888 3587/3430/64 3588/3471/2905
f 2985/3428/2887 3067/3427/2886 3348/3473/2907
f 3403/3475/2909 3404/3615/2973 3430/3476/2857
f 3432/3478/2911 3402/3618/2911 3403/3475/2909
f 3171/3479/2912 3071/3289/2808 2987/3291/2810
f 2988/3481/2914 3173/3628/2979 3596/3482/64
f 3175/3483/2039 2990/3302/2039 2989/3380/2862
f 2991/3303/2820 2990/3302/2039 3175/3483/2039
f 2992/3358/2828 3097/3357/43 3177/3486/43
f 3083/3315/2039 2992/3314/2828 3178/3488/2917
f 2993/3490/2918 3180/3766/2992 3181/3491/64
f 3184/3492/2039 2995/3284/2039 2994/3389/2871
f 2996/3285/2804 2995/3284/2039 3184/3492/2039
f 2997/3331/2843 3130/3346/43 3186/3495/43
f 2997/3331/2843 3187/3496/2921 3188/3497/2039
f 2903/3499/2809 3072/3641/2988 3073/3500/2922
f 2910/3502/2853 3574/4108/64 3575/3503/64
f 2936/3505/2861 2942/3509/2926 3002/3506/2033
f 2934/3508/2819 3003/3536/2938 3002/3506/2033
f 2914/3510/2852 3004/3537/2927 3095/3511/43
f 3084/3313/2827 3085/3540/2033 3004/3513/2927
f 2918/3515/2849 3108/3693/64 3109/3516/64
f 2946/3518/2929 3007/3522/2033 3006/3519/2930
f 2925/3521/2803 3008/3544/2941 3007/3522/2033
f 2901/3523/2845 3009/3527/2931 3128/3524/43
f 3146/3526/2844 3147/3547/2033 3009/3527/2931
f 3011/3276/2798 3393/3955/2798 3394/3528/2932
f 3394/3528/2932 3395/3619/2974 3037/3529/2933
f 3228/3530/2934 3229/3808/3040 2999/3501/2923
f 3000/3504/2924 3575/3503/64 3576/3531/64
f 3001/3507/2925 3002/3506/2033 3224/3533/2033
f 3223/3535/2937 3224/3533/2033 3002/3506/2033
f 3004/3537/2927 3221/3798/3035 3222/3538/43
f 3220/3539/2033 3221/3797/3035 3004/3513/2927
f 3218/3541/64 3219/3793/2994 3005/3517/2928
f 3007/3522/2033 3215/3789/2033 3216/3542/2939
f 3214/3543/2940 3215/3789/2033 3007/3522/2033
f 3009/3527/2931 3212/3546/2942 3213/3545/43
f 3212/3546/2942 3009/3527/2931 3147/3547/2033
f 3076/3549/2943 3025/3838/3054 2904/3550/2806
f 2909/3552/2851 3580/4109/64 3581/3553/64
f 2945/3555/2868 3028/3840/2036 3027/3556/2946
f 3029/3558/2947 3028/3840/2036 2945/3555/2868
f 2913/3560/2850 3030/3841/2948 3092/3561/43
f 3087/3563/2825 3088/3842/2036 3030/3564/2948
f 3112/3566/64 3031/3844/2996 2917/3567/2846
f 2949/3569/2949 3033/3845/2036 3032/3570/2950
f 3034/3572/2951 3033/3845/2036 2949/3569/2949
f 2902/3574/2842 3035/3846/3055 3137/3575/43
f 3138/3577/2036 3035/3846/3055 2902/3574/2842
f 3037/3529/2933 3397/3620/2933 3398/3579/2952
f 3398/3579/2952 3399/3611/2860 3051/3378/2860
f 3308/3580/2953 3309/3873/3066 3270/3581/2954
f 3273/3583/2956 3582/3839/64 3583/3584/64
f 3275/3586/2036 3304/3866/2036 3305/3587/2958
f 3303/3589/2960 3304/3866/2036 3275/3586/2036
f 3278/3591/2962 3301/7105/2963 3302/3592/43
f 3279/3594/2036 3300/3860/2036 3301/3595/2963
f 3298/3597/64 3299/7106/2998 3280/3598/2964
f 3284/3600/2036 3295/3853/2036 3296/3601/2965
f 3294/3603/2967 3295/3853/2036 3284/3600/2036
f 3287/3605/2969 3292/3608/2970 3293/3606/43
f 3292/3608/2970 3287/3605/2969 3288/3609/2036
f 3399/3611/2860 3400/3933/3090 3390/3612/2971
f 3051/3378/2860 3390/3612/2971 3391/3613/2972
f 3053/3375/2857 3052/3374/2856 3391/3613/2972
f 3404/3615/2973 3405/3938/2857 3429/3616/2857
f 3433/3617/2911 3401/3941/3092 3402/3618/2911
f 3395/3619/2974 3396/3947/3094 3397/3620/2933
f 3055/3621/2975 3054/3638/2987 2912/3429/2855
f 3055/3621/2975 2984/3431/2888 3346/3472/2906
f 3056/3623/2976 2963/3897/3075 2911/3362/2854
f 3057/3625/2977 2911/3399/2854 2951/3401/2880
f 2988/3481/2914 3059/3629/2980 3172/3627/2039
f 2910/3359/2853 3060/7107/2981 3059/3629/2980
f 3060/3630/2981 2910/3502/2853 3000/3504/2924
f 3226/3532/2935 3227/3806/2033 3061/3631/2982
f 2909/3353/2851 3063/7108/2985 3062/3632/2983
f 3026/3554/2945 3064/3643/2989 3063/3634/2985
f 3306/3585/2957 3307/3644/2036 3272/3635/2036
f 2912/3371/2855 3054/7109/2987 3065/3636/2036
f 3067/3427/2886 3066/7104/2990 3054/3638/2987
f 3055/3621/2975 3347/3622/2042 3348/3473/2907
f 3069/3294/2813 3068/3293/2812 3056/3623/2976
f 3069/3639/2813 3057/3625/2977 3058/3626/2978
f 3059/3629/2980 3071/3289/2808 3171/3479/2912
f 3059/3629/2980 3060/7107/2981 3072/3640/2988
f 3072/3641/2988 3060/3630/2981 3061/3631/2982
f 3061/3631/2982 3227/3806/2033 3228/3530/2934
f 3062/3632/2983 3063/7108/2985 3075/3642/2944
f 3064/3643/2989 3076/3549/2943 3075/3551/2944
f 3307/3644/2036 3308/3580/2953 3271/3582/2955
f 3065/3636/2036 3054/7109/2987 3066/3645/2990
f 3513/3646/2042 3514/4067/3149 2920/3647/2848
f 2979/3648/2901 3339/3916/2902 3512/3649/2042
f 3509/3650/2042 2968/7110/3070 2919/3651/2847
f 3508/3653/2991 2919/7111/2847 2956/3654/2883
f 2993/3656/2918 3503/3660/2039 3504/3657/2039
f 2918/3659/2849 3502/3661/2993 3503/3660/2039
f 3502/3661/2993 2918/3659/2849 3005/3662/2928
f 3219/3664/2994 3524/3795/2033 3525/3663/2033
f 2917/3665/2846 3520/7112/2997 3521/3666/2033
f 3031/3668/2996 3519/3843/2036 3520/3669/2997
f 3299/3671/2998 3517/3859/2036 3518/3672/2036
f 2920/3647/2848 3514/4067/3149 3515/3674/2036
f 3090/3676/43 2940/3307/2823 3043/3309/2824
f 3277/3593/43 3302/3592/43 3303/3589/2960
f 3093/3562/43 3092/3561/43 3029/3558/2947
f 3093/3677/43 2933/3298/2817 3017/3300/2818
f 3095/3511/43 3222/3538/43 3223/3535/2937
f 3096/3512/43 3095/3511/43 3003/3536/2938
f 3096/3678/43 2934/3301/2819 2991/3303/2820
f 3176/3485/2916 3177/3486/43 3097/3357/43
f 3099/3409/43 3098/3408/43 2954/3679/3000
f 3099/3680/43 2937/3305/2821 2966/3681/3001
f 3101/3439/2892 3342/3468/43 3343/3682/3002
f 3090/3440/43 3101/3439/2892 2981/3437/2891
f 3115/3683/64 3103/3444/64 3102/3446/64
f 3103/3444/64 3115/3683/64 3337/3685/64
f 3105/3340/64 3104/3339/64 3116/3686/64
f 3105/3688/64 3117/3704/64 3118/3689/64
f 3107/3348/64 3181/3491/64 3182/3690/64
f 3108/3349/64 3107/3348/64 3119/3691/64
f 3108/3693/64 3120/3705/64 3121/3694/64
f 3217/3695/64 3218/3541/64 3109/3516/64
f 3111/3337/64 3110/3336/64 3122/3696/64
f 3124/3698/64 3112/3566/64 3111/3568/64
f 3297/3700/64 3298/3597/64 3281/3599/64
f 3102/3345/64 3113/3344/64 3125/3702/2905
f 2978/3448/2896 3115/3683/64 3114/3684/64
f 3115/3683/64 2978/3448/2896 3336/3462/2900
f 3117/3687/64 3116/3686/64 2969/3391/2873
f 3117/3704/64 2929/3418/2872 2957/3417/2884
f 3119/3691/64 3182/3690/64 3183/3493/2919
f 3120/3692/64 3119/3691/64 2994/3389/2871
f 3120/3705/64 2928/3520/2870 3006/3519/2930
f 3216/3542/2939 3217/3695/64 3121/3694/64
f 3123/3697/64 3122/3696/64 3020/3395/2877
f 3032/3570/2950 3124/3698/64 3123/3699/64
f 3296/3601/2965 3297/3700/64 3282/3701/64
f 3114/3703/64 3125/3702/2905 3046/3393/2875
f 3126/3706/43 2926/3271/2794 3022/3273/2795
f 3128/3524/43 3213/3545/43 3214/3543/2940
f 3129/3525/43 3128/3524/43 3008/3544/2941
f 3129/3707/43 2925/3283/2803 2996/3285/2804
f 3185/3494/2920 3186/3495/43 3130/3346/43
f 3132/3423/43 3131/3422/43 2959/3708/3003
f 3132/3709/43 2932/3278/2799 2971/3710/3004
f 3134/3454/43 3333/3460/43 3334/3711/3005
f 3135/3455/43 3134/3454/43 2976/3452/2897
f 3135/3712/43 2931/3280/2801 3048/3282/2802
f 3286/3607/43 3293/3606/43 3294/3603/2967
f 3126/3576/43 3137/3575/43 3034/3572/2951
f 3291/3610/2036 3288/3609/2036 3289/3713/2036
f 3139/3715/2036 3050/3874/2036 2922/3716/3006
f 3141/3458/2042 3140/3457/2838 2922/3717/3006
f 2974/3718/2042 3330/3926/2042 3331/3719/2042
f 3142/3720/2042 2973/7113/2042 2921/3721/3007
f 3143/3424/2835 2921/7114/3007 2961/3722/2039
f 3145/3498/2039 3188/3497/2039 3189/3724/2039
f 3145/3498/2039 2998/3725/2039 2924/3726/3008
f 3146/3526/2844 2924/7115/3008 3010/3727/2033
f 3211/3548/2033 3147/3547/2033 3010/3727/2033
f 3148/3729/2033 3024/3811/2033 2923/3730/3009
f 3138/3577/2036 3149/3578/2841 2923/3731/3009
f 3151/3733/3010 3150/3776/3029 2950/3398/2879
f 3152/3734/2039 3151/3733/3010 3070/3397/2878
f 3153/3735/3011 3152/3734/2039 3058/3626/2978
f 2951/3401/2880 3593/3400/64 3594/3736/3012
f 2953/3406/2039 3155/3777/2039 3154/3737/3013
f 3156/3738/3014 3155/3777/2039 2953/3406/2039
f 3098/3408/43 3157/3740/43 3156/3738/3014
f 2955/3739/2882 3158/3778/3030 3157/3740/43
f 3159/3741/2039 3158/3779/3030 2955/3411/2882
f 3160/3743/3015 3506/3780/2039 3507/3655/2039
f 3161/3744/64 3160/3781/3015 2956/3415/2883
f 3162/3745/64 3161/3744/64 3106/3414/64
f 3163/3746/3016 3162/3745/64 3118/3689/64
f 2958/3420/2039 3164/3782/2039 3163/3746/3016
f 3165/3747/3017 3164/3782/2039 2958/3420/2039
f 3131/3422/43 3166/3748/43 3165/3747/3017
f 2960/3425/2885 3167/3749/3018 3166/3748/43
f 3167/3749/3018 2960/3425/2885 3144/3723/2039
f 3168/3750/2039 3144/3723/2039 2961/3722/2039
f 3191/3752/3019 3171/3479/2912 3170/3480/2913
f 3172/3627/2039 3171/3479/2912 3191/3752/3019
f 3173/3628/2979 3172/3627/2039 3192/3754/2039
f 3173/3628/2979 3193/3755/3021 3595/3756/64
f 3195/3757/2039 3175/3483/2039 3174/3484/2915
f 3176/3485/2916 3175/3483/2039 3195/3757/2039
f 3196/3759/3023 3197/3760/43 3177/3486/43
f 3178/3487/2917 3177/3486/43 3197/3760/43
f 3179/3489/2039 3178/3488/2917 3198/3762/3024
f 3180/3658/2992 3504/3657/2039 3505/3764/2039
f 3180/3766/2992 3200/7116/3025 3201/3767/64
f 3181/3491/64 3201/3767/64 3202/3768/64
f 3182/3690/64 3202/3768/64 3203/3769/3026
f 3204/3770/2039 3184/3492/2039 3183/3493/2919
f 3185/3494/2920 3184/3492/2039 3204/3770/2039
f 3205/3771/3027 3206/3772/43 3186/3495/43
f 3187/3496/2921 3186/3495/43 3206/3772/43
f 3187/3496/2921 3207/3773/3028 3208/3774/2039
f 3188/3497/2039 3208/3774/2039 3209/3775/2039
f 3191/3752/3019 3190/3753/3020 3150/3776/3029
f 3192/3754/2039 3191/3752/3019 3151/3733/3010
f 3193/3755/3021 3192/3754/2039 3152/3734/2039
f 3153/3735/3011 3594/3736/3012 3595/3756/64
f 3155/3777/2039 3195/3757/2039 3194/3758/3022
f 3196/3759/3023 3195/3757/2039 3155/3777/2039
f 3157/3740/43 3197/3760/43 3196/3759/3023
f 3158/3778/3030 3198/3761/3024 3197/3760/43
f 3199/3763/2039 3198/3762/3024 3158/3779/3030
f 3200/3765/3025 3505/3764/2039 3506/3780/2039
f 3201/3767/64 3200/7116/3025 3160/3781/3015
f 3202/3768/64 3201/3767/64 3161/3744/64
f 3203/3769/3026 3202/3768/64 3162/3745/64
f 3164/3782/2039 3204/3770/2039 3203/3769/3026
f 3205/3771/3027 3204/3770/2039 3164/3782/2039
f 3166/3748/43 3206/3772/43 3205/3771/3027
f 3167/3749/3018 3207/3773/3028 3206/3772/43
f 3207/3773/3028 3167/3749/3018 3168/3750/2039
f 3208/3774/2039 3168/3750/2039 3169/3751/2039
f 3251/3783/2033 3211/3548/2033 3210/3728/2033
f 3252/3785/3031 3212/3546/2942 3211/3548/2033
f 3212/3546/2942 3252/3785/3031 3253/3786/43
f 3213/3545/43 3253/3786/43 3254/3787/3032
f 3214/3543/2940 3254/3787/3032 3255/3788/2033
f 3215/3789/2033 3255/3788/2033 3256/3790/3033
f 3256/3790/3033 3257/3791/64 3217/3695/64
f 3257/3791/64 3258/3792/2905 3218/3541/64
f 3258/3792/2905 3259/7117/3053 3219/3793/2994
f 3219/3664/2994 3259/3835/3053 3523/3794/2033
f 3220/3539/2033 3260/3836/2033 3261/3796/3034
f 3221/3798/3035 3261/7118/3034 3262/3799/43
f 3222/3538/43 3262/3799/43 3263/3800/3036
f 3223/3535/2937 3263/3800/3036 3264/3801/2033
f 3224/3533/2033 3264/3801/2033 3265/3802/3037
f 3226/3532/2935 3576/3531/64 3577/3803/64
f 3226/3532/2935 3266/3804/3038 3267/3805/2033
f 3227/3806/2033 3267/3805/2033 3268/3807/3039
f 3229/3808/3040 3228/3530/2934 3268/3807/3039
f 3148/3729/2033 3231/3812/2033 3230/3810/2033
f 3023/3328/2840 3232/3833/3052 3231/3812/2033
f 3233/3813/43 3232/3833/3052 3023/3328/2840
f 3127/3334/43 3022/3273/2795 3234/3814/3042
f 3234/3814/3042 3022/3273/2795 3021/3272/2033
f 3021/3272/2033 3020/3395/2877 3236/3816/3043
f 3122/3696/64 3237/3817/3012 3236/3816/3043
f 3110/3336/64 3238/3819/64 3237/3817/3012
f 3019/3818/2995 3239/3834/3044 3238/3819/64
f 3239/3820/3044 3019/3667/2995 3521/3666/2033
f 3240/3822/2033 3086/3312/2033 3018/3311/2826
f 3242/3824/3046 3241/3837/3045 3018/3352/2826
f 3094/3351/43 3017/3300/2818 3243/3825/3047
f 3243/3825/3047 3017/3300/2818 3016/3299/2033
f 3016/3299/2033 3015/3385/2867 3245/3827/3048
f 3014/3633/2984 3246/3829/3049 3578/3828/64
f 3246/3829/3049 3014/3633/2984 3062/3632/2983
f 3247/3830/2033 3062/3632/2983 3074/3286/2805
f 3248/3831/3050 3074/3286/2805 3013/3288/2807
f 3231/3812/2033 3251/3783/2033 3250/3784/2033
f 3232/3833/3052 3252/3785/3031 3251/3783/2033
f 3253/3786/43 3252/3785/3031 3232/3833/3052
f 3233/3813/43 3234/3814/3042 3254/3787/3032
f 3254/3787/3032 3234/3814/3042 3235/3815/2033
f 3235/3815/2033 3236/3816/3043 3256/3790/3033
f 3237/3817/3012 3257/3791/64 3256/3790/3033
f 3238/3819/64 3258/3792/2905 3257/3791/64
f 3239/3834/3044 3259/7117/3053 3258/3792/2905
f 3259/3835/3053 3239/3820/3044 3522/3821/2033
f 3260/3836/2033 3240/3822/2033 3241/3823/3045
f 3262/3799/43 3261/7118/3034 3241/3837/3045
f 3242/3824/3046 3243/3825/3047 3263/3800/3036
f 3263/3800/3036 3243/3825/3047 3244/3826/2033
f 3264/3801/2033 3244/3826/2033 3245/3827/3048
f 3246/3829/3049 3266/3804/3038 3577/3803/64
f 3266/3804/3038 3246/3829/3049 3247/3830/2033
f 3267/3805/2033 3247/3830/2033 3248/3831/3050
f 3268/3807/3039 3248/3831/3050 3249/3832/3051
f 3271/3582/2955 3270/3581/2954 3025/3838/3054
f 3272/3635/2036 3271/3582/2955 3076/3549/2943
f 3273/3583/2956 3272/3635/2036 3064/3643/2989
f 3026/3554/2945 3581/3553/64 3582/3839/64
f 3028/3840/2036 3275/3586/2036 3274/3588/2959
f 3276/3590/2961 3275/3586/2036 3028/3840/2036
f 3092/3561/43 3277/3593/43 3276/3590/2961
f 3030/3841/2948 3278/3591/2962 3277/3593/43
f 3088/3842/2036 3279/3594/2036 3278/3596/2962
f 3280/3673/2964 3518/3672/2036 3519/3843/2036
f 3281/3599/64 3280/3598/2964 3031/3844/2996
f 3282/3701/64 3281/3599/64 3112/3566/64
f 3283/3602/2966 3282/3701/64 3124/3698/64
f 3033/3845/2036 3284/3600/2036 3283/3602/2966
f 3285/3604/2968 3284/3600/2036 3033/3845/2036
f 3137/3575/43 3286/3607/43 3285/3604/2968
f 3035/3846/3055 3287/3605/2969 3286/3607/43
f 3287/3605/2969 3035/3846/3055 3138/3577/2036
f 3288/3609/2036 3138/3577/2036 3036/3732/2036
f 3311/3847/2036 3291/3610/2036 3290/3714/2036
f 3312/3849/3056 3292/3608/2970 3291/3610/2036
f 3293/3606/43 3292/3608/2970 3312/3849/3056
f 3294/3603/2967 3293/3606/43 3313/3850/43
f 3294/3603/2967 3314/3851/3057 3315/3852/2036
f 3295/3853/2036 3315/3852/2036 3316/3854/3058
f 3317/3855/64 3297/3700/64 3296/3601/2965
f 3318/3856/64 3298/3597/64 3297/3700/64
f 3319/3857/3059 3299/7106/2998 3298/3597/64
f 3299/3671/2998 3319/3876/3059 3516/3858/2036
f 3300/3860/2036 3320/3877/2036 3321/3861/3060
f 3302/3592/43 3301/7105/2963 3321/3862/3060
f 3303/3589/2960 3302/3592/43 3322/3863/43
f 3303/3589/2960 3323/3864/3061 3324/3865/2036
f 3304/3866/2036 3324/3865/2036 3325/3867/3062
f 3326/3868/3063 3306/3585/2957 3583/3584/64
f 3306/3585/2957 3326/3868/3063 3327/3870/2036
f 3307/3644/2036 3327/3870/2036 3328/3871/3064
f 3308/3580/2953 3328/3871/3064 3329/3872/3065
f 3139/3715/2036 3311/3847/2036 3310/3848/2036
f 3049/3325/2837 3312/3849/3056 3311/3847/2036
f 3313/3850/43 3312/3849/3056 3049/3325/2837
f 3136/3342/43 3048/3282/2802 3314/3851/3057
f 3314/3851/3057 3048/3282/2802 3047/3281/2036
f 3047/3281/2036 3046/3393/2875 3316/3854/3058
f 3125/3702/2905 3317/3855/64 3316/3854/3058
f 3113/3344/64 3318/3856/64 3317/3855/64
f 3045/3875/2999 3319/3857/3059 3318/3856/64
f 3319/3876/3059 3045/3675/2999 3515/3674/2036
f 3320/3877/2036 3089/3319/2036 3044/3321/2833
f 3322/3863/43 3321/3862/3060 3044/3370/2833
f 3091/3369/43 3043/3309/2824 3323/3864/3061
f 3323/3864/3061 3043/3309/2824 3042/3308/2036
f 3042/3308/2036 3041/3384/2866 3325/3867/3062
f 3040/3637/2986 3326/3868/3063 3584/3869/2905
f 3326/3868/3063 3040/3637/2986 3065/3636/2036
f 3327/3870/2036 3065/3636/2036 3077/3295/2814
f 3328/3871/3064 3077/3295/2814 3039/3297/2816
f 3389/3878/2042 2973/7113/2042 3142/3720/2042
f 3388/3879/2042 3142/3720/2042 2972/3322/2834
f 3386/3881/43 3387/3880/3067 2972/3322/2834
f 3385/3882/3068 3386/3881/43 3133/3341/43
f 3385/3882/3068 2971/3710/3004 2970/3277/2042
f 3384/3883/2042 2970/3277/2042 2969/3391/2873
f 3383/3884/3069 2969/3391/2873 3116/3686/64
f 3382/3885/64 3116/3686/64 3104/3339/64
f 3381/3886/3012 3104/3339/64 2968/3887/3070
f 3380/3889/3071 2968/7110/3070 3509/3650/2042
f 3379/3891/2042 3080/4037/2042 2967/3316/2829
f 3377/3893/3046 3378/3928/3072 2967/3367/2829
f 3376/3894/3073 3377/3893/3046 3100/3366/43
f 3376/3894/3073 2966/3681/3001 2965/3304/2042
f 3375/3895/2042 2965/3304/2042 2964/3382/2864
f 2963/3897/3075 3373/3899/3076 3590/3898/64
f 3373/3899/3076 2963/3897/3075 3056/3623/2976
f 3372/3900/2042 3056/3623/2976 3068/3293/2812
f 3371/3901/3077 3068/3293/2812 2962/3902/3078
f 3349/3474/2908 3348/3473/2907 3351/3904/3080
f 3347/3622/2042 3352/3907/2042 3351/3904/3080
f 3347/3622/2042 3346/3472/2906 3353/3906/3082
f 3346/3472/2906 3588/3471/2905 3589/3908/64
f 3344/3469/2042 3355/3910/2042 3354/3909/3083
f 3343/3682/3002 3356/3911/3084 3355/3910/2042
f 3342/3468/43 3357/3913/43 3356/3911/3084
f 3341/3912/2903 3358/7119/3085 3357/3913/43
f 3340/3914/2042 3359/3929/2042 3358/3915/3085
f 3339/3916/2902 3360/3930/3086 3511/3917/2042
f 3339/3465/2902 3338/3464/64 3361/3918/2905
f 3338/3464/64 3337/3685/64 3362/3920/64
f 3337/3685/64 3336/3462/2900 3363/3921/3087
f 3335/3461/2042 3364/3922/2042 3363/3921/3087
f 3334/3711/3005 3365/3923/3088 3364/3922/2042
f 3333/3460/43 3366/3924/43 3365/3923/3088
f 3332/3459/2899 3367/3925/3089 3366/3924/43
f 3331/3719/2042 3368/3927/2042 3367/3925/3089
f 3330/3926/2042 3369/3931/2042 3368/3927/2042
f 3351/3904/3080 3371/3901/3077 3370/3903/3079
f 3351/3904/3080 3352/3907/2042 3372/3900/2042
f 3353/3906/3082 3373/3899/3076 3372/3900/2042
f 3373/3899/3076 3353/3906/3082 3589/3908/64
f 3355/3910/2042 3375/3895/2042 3374/3896/3074
f 3356/3911/3084 3376/3894/3073 3375/3895/2042
f 3356/3911/3084 3357/3913/43 3377/3893/3046
f 3357/3913/43 3358/7119/3085 3378/3928/3072
f 3359/3929/2042 3379/3891/2042 3378/3892/3072
f 3360/3930/3086 3380/3889/3071 3510/3890/2042
f 3361/3918/2905 3381/3886/3012 3380/3888/3071
f 3362/3920/64 3382/3885/64 3381/3886/3012
f 3363/3921/3087 3383/3884/3069 3382/3885/64
f 3364/3922/2042 3384/3883/2042 3383/3884/3069
f 3365/3923/3088 3385/3882/3068 3384/3883/2042
f 3365/3923/3088 3366/3924/43 3386/3881/43
f 3366/3924/43 3367/3925/3089 3387/3880/3067
f 3368/3927/2042 3388/3879/2042 3387/3880/3067
f 3369/3931/2042 3389/3878/2042 3388/3879/2042
f 3444/3932/2860 3445/3934/2860 3390/3612/2971
f 3391/3613/2972 3390/3612/2971 3445/3934/2860
f 3391/3613/2972 3426/3935/3091 3427/3936/2857
f 3449/3937/2857 3429/3616/2857 3405/3938/2857
f 3451/3940/2911 3434/3954/2911 3401/3941/3092
f 3394/3528/2932 3393/3955/2798 3435/3942/2911
f 3394/3528/2932 3436/3943/2932 3437/3944/2933
f 3438/3945/3093 3396/3947/3094 3395/3619/2974
f 3453/3946/2933 3439/3948/2933 3396/3947/3094
f 3397/3620/2933 3396/3947/3094 3439/3948/2933
f 3398/3579/2952 3397/3620/2933 3440/3949/2933
f 3442/3951/2860 3399/3611/2860 3398/3579/2952
f 3443/3952/2860 3400/3933/3090 3399/3611/2860
f 3447/3953/2860 3444/3932/2860 3400/3933/3090
f 3434/3954/2911 3435/3942/2911 3393/3955/2798
f 3402/3618/2911 3401/3941/3092 3393/3955/2798
f 3403/3475/2909 3402/3618/2911 3011/3276/2798
f 3053/3375/2857 3404/3615/2973 3403/3475/2909
f 3392/3614/2973 3405/3938/2857 3404/3615/2973
f 3428/3939/2857 3405/3938/2857 3392/3614/2973
f 2950/3956/2879 3407/3960/3097 3406/3957/3096
f 3150/3959/3029 3408/3962/3098 3407/3960/3097
f 3190/3961/3020 3450/4004/3120 3408/3962/3098
f 3410/3963/3099 3409/4007/3123 3170/3964/2913
f 3411/3966/3100 3410/3963/3099 2987/3965/2810
f 3411/3966/3100 2903/3967/2809 2999/3968/2923
f 3229/3970/3040 3413/3972/3102 3412/3969/3101
f 3269/3971/3041 3452/4010/3126 3413/3972/3102
f 3415/3973/3103 3414/4013/3129 3249/3974/3051
f 3416/3976/3104 3415/3973/3103 3013/3975/2807
f 3025/3978/3054 3417/3980/3105 3416/3976/3104
f 3270/3979/2954 3418/3982/3106 3417/3980/3105
f 3309/3981/3066 3446/4016/3132 3418/3982/3106
f 3420/3983/3107 3419/4019/3135 3329/3984/3065
f 3421/3986/3108 3420/3983/3107 3039/3985/2816
f 3421/3986/3108 2906/3987/2815 2985/3988/2887
f 3349/3990/2908 3423/3992/3110 3422/3989/3109
f 3350/3991/3081 3448/3998/3114 3423/3992/3110
f 3425/3993/3111 3424/4001/3117 3370/3994/3079
f 3406/3957/3096 3425/3993/3111 2962/3995/3078
f 3468/3996/3112 3421/3986/3108 3422/3989/3109
f 3423/3992/3110 3466/3999/3115 3467/3997/3113
f 3448/3998/3114 3465/4023/3139 3466/3999/3115
f 3463/4000/3116 3464/4022/3138 3424/4001/3117
f 3462/4002/3118 3463/4000/3116 3425/3993/3111
f 3407/3960/3097 3461/4003/3119 3462/4002/3118
f 3408/3962/3098 3460/4005/3121 3461/4003/3119
f 3450/4004/3120 3459/4025/3141 3460/4005/3121
f 3457/4006/3122 3458/4024/3140 3409/4007/3123
f 3456/4008/3124 3457/4006/3122 3410/3963/3099
f 3456/4008/3124 3411/3966/3100 3412/3969/3101
f 3413/3972/3102 3454/4011/3127 3455/4009/3125
f 3452/4010/3126 3477/4027/3143 3454/4011/3127
f 3475/4012/3128 3476/4026/3142 3414/4013/3129
f 3474/4014/3130 3475/4012/3128 3415/3973/3103
f 3417/3980/3105 3473/4015/3131 3474/4014/3130
f 3418/3982/3106 3472/4017/3133 3473/4015/3131
f 3446/4016/3132 3471/4021/3137 3472/4017/3133
f 3469/4018/3134 3470/4020/3136 3419/4019/3135
f 3468/3996/3112 3469/4018/3134 3420/3983/3107
f 3309/3981/3066 3329/3984/3065 3419/4019/3135
f 3446/4016/3132 3419/4019/3135 3470/4020/3136
f 3350/3991/3081 3370/3994/3079 3424/4001/3117
f 3448/3998/3114 3424/4001/3117 3464/4022/3138
f 3190/3961/3020 3170/3964/2913 3409/4007/3123
f 3450/4004/3120 3409/4007/3123 3458/4024/3140
f 3414/4013/3129 3452/4010/3126 3269/3971/3041
f 3452/4010/3126 3414/4013/3129 3476/4026/3142
f 3454/4011/3127 3438/3945/3093 3437/3944/2933
f 3436/3943/2932 3456/4008/3124 3455/4009/3125
f 3436/3943/2932 3435/3942/2911 3457/4006/3122
f 3435/3942/2911 3434/3954/2911 3458/4024/3140
f 3459/4025/3141 3458/4024/3140 3434/3954/2911
f 3459/4025/3141 3451/3940/2911 3433/3617/2911
f 3460/4005/3121 3433/3617/2911 3432/3478/2911
f 3461/4003/3119 3432/3478/2911 3431/3477/2910
f 3431/3477/2910 3430/3476/2857 3463/4000/3116
f 3430/3476/2857 3429/3616/2857 3464/4022/3138
f 3465/4023/3139 3464/4022/3138 3429/3616/2857
f 3465/4023/3139 3449/3937/2857 3428/3939/2857
f 3466/3999/3115 3428/3939/2857 3427/3936/2857
f 3426/3935/3091 3468/3996/3112 3467/3997/3113
f 3426/3935/3091 3445/3934/2860 3469/4018/3134
f 3445/3934/2860 3444/3932/2860 3470/4020/3136
f 3471/4021/3137 3470/4020/3136 3444/3932/2860
f 3471/4021/3137 3447/3953/2860 3443/3952/2860
f 3472/4017/3133 3443/3952/2860 3442/3951/2860
f 3473/4015/3131 3442/3951/2860 3441/3950/3095
f 3441/3950/3095 3440/3949/2933 3475/4012/3128
f 3440/3949/2933 3439/3948/2933 3476/4026/3142
f 3477/4027/3143 3476/4026/3142 3439/3948/2933
f 3477/4027/3143 3453/3946/2933 3438/3945/3093
f 3478/4028/3144 3084/3313/2827 3083/3315/2039
f 3479/4029/2039 3083/3315/2039 3179/3489/2039
f 3480/4030/2039 3179/3489/2039 3199/3763/2039
f 3481/4031/2039 3199/3763/2039 3159/3741/2039
f 3482/4032/2039 3159/3741/2039 3082/3742/2039
f 3081/3410/2830 3484/4106/3145 3483/4033/2039
f 3081/3317/2830 3080/4037/2042 3485/4034/2042
f 3486/4036/2042 3485/4034/2042 3080/4037/2042
f 3487/4038/2042 3486/4036/2042 3379/3891/2042
f 3488/4039/2042 3487/4038/2042 3359/3929/2042
f 3489/4040/2042 3488/4039/2042 3340/3914/2042
f 3489/4040/2042 3079/3443/2042 3078/3442/2894
f 3490/4041/3146 3078/3442/2894 3089/3319/2036
f 3492/4043/2036 3491/4042/2036 3089/3319/2036
f 3493/4044/2036 3492/4043/2036 3320/3877/2036
f 3494/4045/2036 3493/4044/2036 3300/3860/2036
f 3495/4046/2036 3494/4045/2036 3279/3594/2036
f 3495/4046/2036 3088/3842/2036 3087/3563/2825
f 3496/4048/3147 3087/3310/2825 3086/3312/2033
f 3498/4050/2033 3497/4049/2033 3086/3312/2033
f 3260/3836/2033 3499/4051/2033 3498/4050/2033
f 3220/3539/2033 3500/4052/2033 3499/4051/2033
f 3500/4052/2033 3220/3539/2033 3085/3540/2033
f 3084/3313/2827 3478/4028/3144 3501/4053/2033
f 3502/3661/2993 3526/4080/3151 3527/4054/2039
f 3503/3660/2039 3527/4054/2039 3528/4055/2039
f 3504/3657/2039 3528/4055/2039 3529/4056/2039
f 3505/3764/2039 3529/4056/2039 3530/4057/2039
f 3506/3780/2039 3530/4057/2039 3531/4058/2039
f 3532/4059/3148 3508/3653/2991 3507/3655/2039
f 3533/4060/2042 3509/3650/2042 3508/3652/2991
f 3510/3890/2042 3509/3650/2042 3533/4060/2042
f 3511/3917/2042 3510/3890/2042 3534/4062/2042
f 3512/3649/2042 3511/3917/2042 3535/4063/2042
f 3513/3646/2042 3512/3649/2042 3536/4064/2042
f 3513/3646/2042 3537/4065/2042 3538/4066/3146
f 3515/3674/2036 3514/4067/3149 3538/4066/3146
f 3516/3858/2036 3515/3674/2036 3539/4068/2036
f 3517/3859/2036 3516/3858/2036 3540/4069/2036
f 3518/3672/2036 3517/3859/2036 3541/4070/2036
f 3518/3672/2036 3542/4071/2036 3543/4072/2036
f 3519/3843/2036 3543/4072/2036 3544/4073/3150
f 3521/3666/2033 3520/7112/2997 3544/4074/3150
f 3522/3821/2033 3521/3666/2033 3545/4075/2033
f 3523/3794/2033 3522/3821/2033 3546/4076/2033
f 3524/3795/2033 3523/3794/2033 3547/4077/2033
f 3524/3795/2033 3548/4078/2033 3549/4079/2033
f 3526/4080/3151 3502/3661/2993 3525/3663/2033
f 3526/4080/3151 3550/4105/3154 3551/4081/2039
f 3527/4054/2039 3551/4081/2039 3552/4082/2039
f 3528/4055/2039 3552/4082/2039 3553/4083/2039
f 3529/4056/2039 3553/4083/2039 3554/4084/2039
f 3530/4057/2039 3554/4084/2039 3555/4085/2039
f 3556/4086/3152 3532/4059/3148 3531/4058/2039
f 3557/4087/2042 3533/4060/2042 3532/4061/3148
f 3534/4062/2042 3533/4060/2042 3557/4087/2042
f 3535/4063/2042 3534/4062/2042 3558/4089/2042
f 3536/4064/2042 3535/4063/2042 3559/4090/2042
f 3537/4065/2042 3536/4064/2042 3560/4091/2042
f 3538/4066/3146 3537/4065/2042 3561/4092/2042
f 3538/4066/3146 3562/4093/3146 3563/4094/2036
f 3540/4069/2036 3539/4068/2036 3563/4094/2036
f 3541/4070/2036 3540/4069/2036 3564/4095/2036
f 3541/4070/2036 3565/4096/2036 3566/4097/2036
f 3542/4071/2036 3566/4097/2036 3567/4098/2036
f 3543/4072/2036 3567/4098/2036 3568/4099/3153
f 3544/4074/3150 3568/4107/3153 3569/4100/2033
f 3570/4101/2033 3546/4076/2033 3545/4075/2033
f 3571/4102/2033 3547/4077/2033 3546/4076/2033
f 3572/4103/2033 3548/4078/2033 3547/4077/2033
f 3548/4078/2033 3572/4103/2033 3573/4104/2033
f 3550/4105/3154 3526/4080/3151 3549/4079/2033
f 3550/4105/3154 3478/4028/3144 3479/4029/2039
f 3551/4081/2039 3479/4029/2039 3480/4030/2039
f 3552/4082/2039 3480/4030/2039 3481/4031/2039
f 3553/4083/2039 3481/4031/2039 3482/4032/2039
f 3554/4084/2039 3482/4032/2039 3483/4033/2039
f 3484/4106/3145 3556/4086/3152 3555/4085/2039
f 3485/4034/2042 3557/4087/2042 3556/4088/3152
f 3558/4089/2042 3557/4087/2042 3485/4034/2042
f 3559/4090/2042 3558/4089/2042 3486/4036/2042
f 3560/4091/2042 3559/4090/2042 3487/4038/2042
f 3561/4092/2042 3560/4091/2042 3488/4039/2042
f 3561/4092/2042 3489/4040/2042 3490/4041/3146
f 3562/4093/3146 3490/4041/3146 3491/4042/2036
f 3564/4095/2036 3563/4094/2036 3491/4042/2036
f 3565/4096/2036 3564/4095/2036 3492/4043/2036
f 3565/4096/2036 3493/4044/2036 3494/4045/2036
f 3566/4097/2036 3494/4045/2036 3495/4046/2036
f 3568/4099/3153 3567/4098/2036 3495/4046/2036
f 3568/4107/3153 3496/4048/3147 3497/4049/2033
f 3570/4101/2033 3569/4100/2033 3497/4049/2033
f 3571/4102/2033 3570/4101/2033 3498/4050/2033
f 3572/4103/2033 3571/4102/2033 3499/4051/2033
f 3572/4103/2033 3500/4052/2033 3501/4053/2033
f 3478/4028/3144 3550/4105/3154 3573/4104/2033
f 3574/4108/64 2936/3505/2861 3001/3507/2925
f 3225/3534/2936 3576/3531/64 3575/3503/64
f 3265/3802/3037 3577/3803/64 3576/3531/64
f 3578/3828/64 3577/3803/64 3265/3802/3037
f 3579/3354/64 3578/3828/64 3245/3827/3048
f 3580/3355/64 3579/3354/64 3015/3385/2867
f 3027/3556/2946 3581/3553/64 3580/4109/64
f 3274/3588/2959 3582/3839/64 3581/3553/64
f 3305/3587/2958 3583/3584/64 3582/3839/64
f 3584/3869/2905 3583/3584/64 3305/3587/2958
f 3585/3372/64 3584/3869/2905 3325/3867/3062
f 3586/3373/64 3585/3372/64 3041/3384/2866
f 2983/3433/2890 3587/3430/64 3586/4110/64
f 3587/3430/64 2983/3433/2890 3345/3470/2904
f 3588/3471/2905 3345/3470/2904 3354/3909/3083
f 3590/3898/64 3589/3908/64 3354/3909/3083
f 3591/3363/64 3590/3898/64 3374/3896/3074
f 3592/3364/64 3591/3363/64 2964/3382/2864
f 3592/4111/64 2938/3404/2863 2952/3403/2881
f 3154/3737/3013 3594/3736/3012 3593/3400/64
f 3194/3758/3022 3595/3756/64 3594/3736/3012
f 3596/3482/64 3595/3756/64 3194/3758/3022
f 3597/3360/64 3596/3482/64 3174/3484/2915
f 3574/3361/64 3597/3360/64 2989/3380/2862
s 15
f 3637/4112/3155 3647/4184/2036 3648/4113/3156
f 3601/4115/3158 3639/4174/3185 3640/4116/2039
f 3630/4118/3160 3671/4214/3192 3672/4119/3161
f 3635/4121/3163 3605/4145/3184 3663/4122/3164
f 3643/4124/2042 3644/4180/2042 3624/4125/3166
f 3667/4127/3168 3668/4210/3168 3623/4128/3169
f 3633/4130/64 3614/4141/3180 3627/4131/3171
f 3662/4133/3172 3613/4144/3183 3626/4134/3173
f 3612/4136/3175 3625/4166/3200 3649/4137/3176
f 3611/4126/3167 3600/4266/3187 3642/4139/3178
f 3610/4129/3170 3604/4163/3198 3666/4140/3179
f 3614/4141/3180 3633/4130/64 3634/4142/3181
f 3613/4144/3183 3662/4133/3172 3663/4122/3164
f 3612/4136/3175 3638/4138/3177 3639/4146/3185
f 3617/4148/3186 3641/4176/2039 3642/4149/3178
f 3618/4151/3188 3599/4267/3199 3645/4152/3189
f 3619/4154/3190 3603/4172/3205 3669/4155/3191
f 3621/4157/64 3628/4250/64 3629/4158/3193
f 3622/4160/3195 3621/4157/64 3615/4159/3194
f 3616/4162/3197 3665/4207/3165 3666/4140/3179
f 3624/4125/3166 3644/4180/2042 3645/4164/3189
f 3625/4166/3200 3598/4268/3157 3648/4167/3156
f 3626/4134/3173 3602/4120/3162 3672/4119/3161
f 3632/4132/64 3627/4131/3171 3606/4168/3201
f 3629/4158/3193 3628/4250/64 3620/4170/3203
f 3623/4128/3169 3668/4210/3168 3669/4155/3191
f 3638/4138/3177 3650/4188/3210 3651/4173/3185
f 3639/4174/3185 3651/4190/3185 3652/4175/2039
f 3641/4176/2039 3653/4192/2039 3654/4177/3206
f 3643/4124/2042 3642/4139/3178 3654/4178/3206
f 3655/4179/2042 3656/4196/2042 3644/4180/2042
f 3644/4180/2042 3656/4196/2042 3657/4181/3207
f 3646/4153/2036 3645/4152/3189 3657/4182/3207
f 3647/4184/2036 3659/4200/2036 3660/4185/3208
f 3649/4137/3176 3648/4167/3156 3660/4186/3208
f 3638/4138/3177 3649/4137/3176 3661/4187/3209
f 3650/4188/3210 3613/4204/3183 3605/4189/3184
f 3651/4190/3185 3605/7120/3184 3635/4191/3163
f 3653/4192/2039 3616/7121/3197 3604/4193/3198
f 3655/4179/2042 3654/4178/3206 3604/4194/3198
f 3610/4195/3170 3623/7122/3169 3656/4196/2042
f 3656/4196/2042 3623/7122/3169 3603/4197/3205
f 3658/4183/2036 3657/4182/3207 3603/4198/3205
f 3659/4200/2036 3630/4251/3160 3602/4201/3162
f 3661/4187/3209 3660/4186/3208 3602/4202/3162
f 3650/4188/3210 3661/4187/3209 3626/4203/3173
f 3662/4133/3172 3679/4252/3238 3680/4205/3211
f 3664/4123/3165 3663/4122/3164 3680/4205/3211
f 3665/4207/3165 3682/4249/3165 3683/4208/3212
f 3667/4127/3168 3666/4140/3179 3683/4208/3212
f 3668/4210/3168 3667/4127/3168 3684/4209/3168
f 3674/4212/3213 3669/4155/3191 3668/4210/3168
f 3670/4156/3192 3669/4155/3191 3674/4212/3213
f 3671/4214/3192 3670/4156/3192 3675/4213/3192
f 3671/4214/3192 3676/4215/3192 3677/4216/3214
f 3673/4135/3174 3672/4119/3161 3677/4216/3214
f 3687/4218/3216 3710/4265/3236 3711/4219/3217
f 3689/4221/3219 3688/4248/3237 3712/4222/3217
f 3714/4224/3221 3690/4227/3222 3689/4225/3219
f 3690/4227/3222 3714/4224/3221 3715/4228/3223
f 3691/4230/3225 3692/4229/3224 3715/4228/3223
f 3717/4232/3227 3693/4235/3228 3691/4233/3225
f 3693/4235/3228 3717/4232/3227 3718/4236/3227
f 3694/4238/3230 3695/4237/3229 3718/4236/3227
f 3720/4240/3232 3696/4244/3234 3694/4241/3230
f 3720/4240/3232 3721/4246/3235 3697/4243/3233
f 3687/4245/3216 3697/4243/3233 3721/4246/3235
f 3686/4220/3218 3711/4219/3217 3712/4222/3217
f 3640/4116/2039 3641/4176/2039 3617/4148/3186
f 3652/4175/2039 3653/4192/2039 3641/4176/2039
f 3635/4191/3163 3616/7121/3197 3653/4192/2039
f 3664/4123/3165 3665/4207/3165 3616/4162/3197
f 3665/4207/3165 3664/4123/3165 3681/4206/3165
f 3634/4142/3181 3633/4130/64 3621/4157/64
f 3633/4130/64 3632/4132/64 3628/4250/64
f 3631/4169/3202 3620/4170/3203 3628/4250/64
f 3630/4118/3160 3619/4154/3190 3670/4156/3192
f 3659/4200/2036 3658/4183/2036 3619/4199/3190
f 3647/4184/2036 3646/4153/2036 3658/4183/2036
f 3637/4112/3155 3618/4151/3188 3646/4153/2036
f 3675/4213/3192 3674/4212/3213 3607/4171/3204
f 3620/4170/3203 3631/4169/3202 3676/4215/3192
f 3676/4215/3192 3631/4169/3202 3606/4168/3201
f 3678/4217/3215 3677/4216/3214 3606/4168/3201
f 3627/4131/3171 3614/4141/3180 3679/4252/3238
f 3679/4252/3238 3614/4141/3180 3609/4143/3182
f 3681/4206/3165 3680/4205/3211 3609/4143/3182
f 3634/4142/3181 3622/4160/3195 3682/4249/3165
f 3682/4249/3165 3622/4160/3195 3608/4161/3196
f 3684/4209/3168 3683/4208/3212 3608/4161/3196
f 3684/4209/3168 3615/4159/3194 3629/4158/3193
f 3685/4211/3168 3629/4158/3193 3607/4171/3204
f 3679/4252/3238 3662/4133/3172 3673/4135/3174
f 3687/4218/3216 3686/4220/3218 3733/4253/2036
f 3689/4221/3219 3731/4281/3240 3732/4255/2036
f 3689/4225/3219 3690/4227/3222 3730/4256/2033
f 3691/4230/3225 3728/4277/3241 3729/4258/2033
f 3693/4235/3228 3727/4260/3242 3728/4259/3241
f 3727/4260/3242 3693/4235/3228 3695/4237/3229
f 3694/4238/3230 3725/4273/3243 3726/4261/2037
f 3696/4244/3234 3724/4264/3245 3725/4262/3243
f 3687/4245/3216 3722/4269/3239 3723/4263/3244
f 3729/4258/2033 3730/4256/2033 3690/4227/3222
f 3724/4264/3245 3696/4244/3234 3697/4243/3233
f 3733/4253/2036 3686/4220/3218 3688/4248/3237
f 3710/4265/3236 3601/4115/3158 3636/4117/3159
f 3617/4148/3186 3712/4222/3217 3711/4219/3217
f 3713/4223/3220 3712/4222/3217 3617/4148/3186
f 3611/4126/3167 3714/4224/3221 3713/4226/3220
f 3714/4224/3221 3611/4126/3167 3624/4125/3166
f 3716/4231/3226 3715/4228/3223 3624/4125/3166
f 3618/4151/3188 3717/4232/3227 3716/4234/3226
f 3637/4112/3155 3718/4236/3227 3717/4232/3227
f 3719/4239/3231 3718/4236/3227 3637/4112/3155
f 3625/4166/3200 3720/4240/3232 3719/4242/3231
f 3625/4166/3200 3612/4136/3175 3721/4246/3235
f 3710/4247/3236 3721/4246/3235 3612/4136/3175
f 3722/4269/3239 3698/7123/3253 3709/4270/3246
f 3708/4271/3247 3724/4264/3245 3723/4263/3244
f 3724/4264/3245 3708/4271/3247 3707/4272/3248
f 3725/4273/3243 3707/7124/3248 3706/4274/2039
f 3705/4275/3249 3727/4260/3242 3726/4261/2037
f 3727/4260/3242 3705/4275/3249 3704/4276/3250
f 3728/4277/3241 3704/7125/3250 3703/4278/2033
f 3702/4279/2033 3730/4256/2033 3729/4258/2033
f 3730/4256/2033 3702/4279/2033 3701/4280/3251
f 3731/4281/3240 3701/7126/3251 3700/4282/2036
f 3699/4283/3252 3733/4253/2036 3732/4255/2036
f 3733/4253/2036 3699/4283/3252 3698/4284/3253
s 16
f 4370/4285/3254 4724/5339/3588 4725/4286/3210
f 4713/4288/2042 4364/5333/3557 3774/4289/3256
f 3954/4291/43 4369/5338/43 4370/4292/3254
f 3956/4294/3257 4721/5423/2036 4722/4295/3258
f 3734/4297/3260 4700/7127/3385 4701/4298/3261
f 3772/4300/3263 4371/5340/3774 4663/4301/3264
f 3957/4303/3265 4660/5422/3809 4661/4304/3266
f 3775/4306/3268 4651/4626/64 4652/4307/3269
f 3950/4309/3271 3736/5588/3840 4639/4310/3272
f 3771/4312/3274 4372/7128/3837 4634/4313/3275
f 3958/4315/3277 4631/5421/2036 4632/4316/3278
f 3776/4318/3280 4622/4625/2041 4623/4319/2040
f 3742/4321/3282 4610/5542/3381 4611/4322/2039
f 3961/4324/3284 3962/4336/3296 3750/4325/3285
f 3778/4327/3287 3779/4338/3298 4401/4328/3288
f 3946/4330/3290 3746/7129/3412 3753/4331/3291
f 3787/4333/3293 4377/5344/3722 4378/4334/3294
f 3962/4336/3296 4121/5438/3812 4122/4337/3297
f 3779/4338/3298 4115/5357/3779 4400/4339/3299
f 3945/4332/3292 3753/4331/3291 4107/4340/3300
f 3786/4335/3295 4378/4334/3294 4379/4342/3302
f 3754/4344/3303 3963/5122/3712 4100/4345/3304
f 4399/4347/3306 3780/5117/3707 4094/4348/3307
f 3757/4350/3309 4086/5097/3409 4087/4351/3310
f 4380/4353/3312 4381/5110/3700 4103/4354/3313
f 3758/4356/3315 3964/5087/3680 4060/4357/3316
f 4396/4359/3318 3781/5076/3670 4054/4360/3319
f 3761/4362/3321 4046/5051/3407 4047/4363/3322
f 4383/4365/3324 4384/5060/3656 4063/4366/3325
f 3762/4368/3327 3965/5436/3811 4000/4369/3227
f 4393/4371/3329 3782/5355/3778 3994/4372/3223
f 3765/4374/3330 3986/4922/3236 3987/4375/3331
f 4386/4377/3333 4387/4952/3235 4003/4378/3235
f 3846/4380/3335 4374/5342/3275 4375/4381/3275
f 3947/4383/2039 3856/7130/3413 4147/4384/3336
f 3851/4386/3337 4155/5185/2041 4359/4387/2040
f 3960/4389/2036 4161/5419/2036 4162/4390/3338
f 4734/4392/3340 4593/4630/3491 4636/4393/3341
f 4735/4395/3342 4736/5621/3852 4594/4396/3343
f 4739/4398/3344 4595/4629/3345 4726/4399/3209
f 4740/4401/43 4596/4628/43 4595/4402/3345
f 4747/4404/2042 4711/5626/2042 4602/4405/3346
f 4750/4407/64 4650/5559/64 4603/4408/3348
f 4752/4410/2041 4621/4624/2041 4604/4411/3350
f 4154/4413/2040 4350/5184/2041 4351/4414/3352
f 3797/4416/3354 4347/4420/3358 4348/4417/3355
f 4114/4419/3357 4346/5116/3706 4347/4420/3358
f 3798/4421/3359 4093/4703/3527 4344/4422/3360
f 3799/4424/3362 4053/4700/3524 4341/4425/3363
f 3800/4427/3365 3993/4697/3223 4338/4428/3223
f 3801/4430/3367 4332/5298/3653 4333/4431/3235
f 3802/4433/3368 4329/5093/3685 4330/4434/3369
f 3803/4436/3371 4326/5124/3714 4327/4437/3372
f 4125/4439/3374 3804/4442/3377 4324/4440/3375
f 3804/4442/3377 3805/4743/3546 4323/4443/3378
f 4165/4444/3276 3857/4664/3506 4320/4445/3379
f 3888/4447/3380 4609/5273/3176 4610/4448/3381
f 4639/4450/3272 3736/5585/3840 3887/4451/3382
f 3886/4453/3384 4699/5274/3275 4700/4454/3385
f 3951/4456/3262 3952/5275/43 3886/4457/3384
f 4708/4459/2042 3883/5280/3556 3740/4460/3386
f 3882/4462/3388 3738/5596/3555 4646/4463/3389
f 3881/4465/3391 3745/7131/3554 4617/4466/3392
f 3879/4468/2041 3853/7132/3496 4152/4469/3393
f 3878/4471/3394 3749/7133/3553 3752/4472/3395
f 3877/4473/3396 3752/4472/3395 4112/4474/3397
f 4092/4476/3399 3876/5115/3705 3756/4477/3400
f 4052/4479/3402 3875/5070/3665 3760/4480/3403
f 3992/4482/3223 3874/5264/3645 3764/4483/3405
f 3765/4485/3330 3895/5265/3747 4005/4486/3235
f 3761/4488/3321 3894/5096/3687 4065/4489/3406
f 3757/4491/3309 3893/5113/3703 4105/4492/3408
f 3892/4494/3410 4106/5267/3748 4107/4495/3300
f 3891/4497/3411 3892/4494/3410 3753/4496/3291
f 3890/4499/3176 4146/5270/3176 4147/4500/3336
f 3807/4502/3414 4613/4883/2039 4783/4503/2039
f 4786/4505/3416 3808/4884/3612 4642/4506/3417
f 3809/4508/3419 4703/4887/2039 4788/4509/2039
f 4789/4511/3420 4790/5277/43 3885/4512/43
f 4793/4514/43 4794/4627/43 4598/4515/43
f 4795/4517/43 4796/5336/43 4368/4518/43
f 3812/4520/3421 4798/5679/3865 4799/4521/2036
f 4658/4523/3422 3813/4898/3616 4801/4524/3423
f 4629/4526/2036 3814/7134/3836 4803/4527/3424
f 4159/4529/2036 4216/5188/3726 4217/4530/3425
f 4214/4532/3427 3836/5226/3719 3837/4533/3428
f 4213/4534/3429 3837/4533/3428 4119/4535/3430
f 4210/4537/3432 4211/5120/3710 3838/4538/3433
f 4207/4540/3435 4208/5082/3675 3839/4541/3436
f 4204/4543/3227 4205/5475/3649 3840/4544/3438
f 4199/4546/3439 3989/4926/3439 3841/4547/3440
f 4196/4549/3442 4049/5053/3655 3842/4550/3443
f 4193/4552/3445 4089/5099/3689 3843/4553/3446
f 4190/4555/3448 4191/5473/3819 4110/4556/3449
f 4189/4558/3451 4190/4555/3448 3844/4557/3450
f 4187/4560/2039 4150/5181/2039 3854/4561/3453
f 4261/4563/3455 4615/5250/2039 4616/4564/2039
f 4260/4566/3457 4644/5248/3743 4645/4567/3458
f 4259/4569/3460 4705/5246/2039 4706/4570/2039
f 3906/4572/43 4258/5243/43 4259/4573/3460
f 4744/4575/43 4745/4774/43 4601/4576/43
f 4365/4578/43 4366/5237/43 4256/4579/43
f 4254/4581/3462 3909/4777/3558 4716/4582/2036
f 4253/4584/3463 3910/4779/3560 4655/4585/3464
f 4252/4587/3466 3911/4781/3562 4626/4588/2036
f 4250/4590/2036 3913/4785/2036 4158/4591/2036
f 4247/4593/3467 3914/4787/3567 3915/4594/3468
f 4246/4595/3469 3915/4594/3468 4118/4596/3470
f 4243/4598/3472 4244/5119/3709 3916/4599/3473
f 4240/4601/3475 4241/5080/3673 3917/4602/3476
f 4237/4604/3227 4238/5225/3648 3918/4605/3478
f 3896/4607/3479 4231/5224/3736 4232/4608/3217
f 3897/4610/3480 4228/5068/3663 4229/4611/3481
f 3898/4613/3483 4225/5114/3704 4226/4614/3484
f 4223/4616/3486 4224/5222/3735 4111/4617/3487
f 4222/4619/3489 4223/4616/3486 3899/4618/3488
f 4219/4621/2039 4220/5182/2039 4151/4622/2039
f 3776/4318/3280 4604/4411/3350 4621/4624/2041
f 4603/4408/3348 4650/5559/64 4651/4626/64
f 4602/4405/3346 4711/5626/2042 4712/4290/2042
f 4600/4577/43 4601/4576/43 3908/4580/43
f 4794/4627/43 4795/4517/43 3811/4519/43
f 4596/4628/43 3954/4291/43 3773/4293/3255
f 4595/4629/3345 3773/4287/3255 4725/4286/3210
f 4594/4396/3343 3772/4300/3263 4664/4302/64
f 4593/4630/3491 3771/4312/3274 4635/4314/3276
f 4586/4631/3492 3770/7135/3500 4373/4632/3275
f 4583/4634/3493 3766/4845/3592 3959/4635/2036
f 4250/4637/2036 4442/5228/2036 4443/4638/2036
f 4360/4640/2040 4446/5330/2040 4447/4641/3494
f 3879/4643/2041 4180/5213/2041 4181/4644/3495
f 4219/4646/2039 3901/4762/2039 4182/4647/2039
f 4175/4649/2039 4772/5429/2039 4773/4650/3497
f 4173/4652/3176 4174/4651/3498 4773/4650/3497
f 4730/4654/64 4731/5493/3825 4591/4655/3499
f 3770/4657/3500 4168/5196/3501 4590/4656/64
f 4168/4658/3501 3770/7135/3500 4586/4631/3492
f 4172/4660/3503 4776/4740/3544 4777/4661/3504
f 4166/4663/3505 4319/5193/43 4320/4445/3379
f 4806/4665/3507 4807/5467/64 4548/4666/3508
f 4546/4668/2033 4441/5227/3737 3849/4669/3426
f 4579/4671/2042 4580/4904/3620 3815/4672/3509
f 4544/4674/43 4545/7136/3510 3849/4531/3426
f 4354/4675/2036 4179/4710/3531 3852/4676/3353
f 4606/4678/3512 4607/5322/64 4356/4679/3513
f 4357/4681/3515 3851/4642/3337 4447/4641/3494
f 4358/4683/43 4353/5328/3511 3852/4415/3353
f 3806/4684/3516 4268/5257/3746 4780/4685/64
f 4267/4687/2042 4769/5256/2042 4770/4688/3518
f 4811/4690/3520 4781/4686/3517 4780/4685/64
f 4264/4692/3521 3854/5251/3453 4183/4693/3522
f 4265/4695/43 4186/4562/3454 3854/4561/3453
f 3993/4697/3223 3800/4427/3365 4283/4698/3523
f 4053/4700/3524 3799/4424/3362 4280/4701/3525
f 4093/4703/3527 3798/4421/3359 4277/4704/3528
f 3797/4416/3354 4275/4707/3530 4276/4706/3299
f 3796/4418/3356 4274/5263/3717 4275/4707/3530
f 3852/4415/3353 4271/5262/2040 4272/4708/2040
f 4271/4709/2040 3852/4676/3353 4179/4710/3531
f 3794/4712/3532 4315/5282/3750 4619/4713/2040
f 3793/4715/3533 4314/5281/3749 4648/4716/3534
f 4709/4718/2042 4710/5625/2042 3792/4719/3535
f 4311/4721/43 4312/4771/43 3907/4722/43
f 4791/4724/43 4792/5635/43 3810/4725/43
f 4308/4727/43 3953/5425/43 3791/4728/3537
f 4307/4730/3538 3791/5634/3537 4727/4731/3210
f 3790/4733/3540 4666/5580/3838 4667/4734/3541
f 4305/4736/3543 3789/5632/3856 4637/4737/3276
f 4303/4739/3176 4775/5272/3176 4776/4740/3544
f 4301/4741/3176 4302/5271/3176 3857/4664/3506
f 4298/4742/3545 4299/5268/3723 3805/4743/3546
f 4297/4744/3547 4298/4742/3545 3804/4442/3377
f 4296/4745/3548 3803/4436/3371 4104/4438/3373
f 4293/4747/3550 3802/4433/3368 4064/4435/3370
f 4290/4749/3552 3801/4430/3367 4004/4432/3235
f 3764/4751/3405 3896/4607/3479 3990/4609/3217
f 3760/4753/3403 3897/4610/3480 4050/4612/3482
f 3756/4755/3400 3898/4613/3483 4090/4615/3485
f 3899/4618/3488 4111/4617/3487 4112/4757/3397
f 3900/4620/3490 3899/4618/3488 3752/4758/3395
f 3901/4623/2039 4151/4622/2039 4152/4760/3393
f 3901/4762/2039 3853/4645/3496 4181/4644/3495
f 3903/4565/3456 4616/4564/2039 4617/4763/3392
f 3904/4568/3459 4645/4567/3458 4646/4765/3389
f 3905/4571/3461 4706/4570/2039 4707/4767/3387
f 3883/4769/3556 3906/4572/43 3905/4574/3461
f 4312/4771/43 4313/5279/3536 3792/4772/3535
f 4746/4773/3347 4602/7137/3346 4601/4576/43
f 4601/4576/43 4602/7137/3346 3774/4775/3256
f 4364/4776/3557 4365/4578/43 3908/4580/43
f 3909/4777/3558 3741/7138/3585 4715/4778/3559
f 3910/4779/3560 3739/5608/3584 4654/4780/3561
f 3911/4781/3562 3744/7139/3582 4625/4782/3563
f 3913/4639/2036 4443/4638/2036 4444/4783/3564
f 3913/4785/2036 3850/7140/3565 4157/4786/3566
f 3914/4787/3567 3748/7141/3580 3751/4788/3568
f 3915/4594/3468 3751/4788/3568 4117/4789/3569
f 4097/4600/3474 3916/4599/3473 3755/4790/3570
f 4057/4603/3477 3917/4602/3476 3759/4792/3572
f 3997/4606/3227 3918/4605/3478 3763/4794/3574
f 3763/4796/3574 3919/5348/3775 3995/4797/3223
f 3759/4799/3572 3920/5078/3672 4055/4800/3576
f 3755/4802/3570 3921/5118/3708 4095/4803/3577
f 3922/4805/3578 4116/5350/3776 4117/4806/3569
f 3923/4808/3579 3922/4805/3578 3751/4807/3568
f 3850/4810/3565 3924/5329/2040 4156/4811/2041
f 3924/4813/2040 3850/4784/3565 4444/4783/3564
f 3926/4815/3581 4624/5331/2040 4625/4816/3563
f 3927/4818/3583 4653/5332/3773 4654/4819/3561
f 4714/4821/2042 4715/5627/3559 3741/4822/3585
f 3929/4824/43 3928/5334/3586 3741/4825/3585
f 4255/4827/43 3929/4824/43 3909/4826/3558
f 4797/4829/43 4798/5677/3865 3812/4830/3421
f 3955/4832/43 3956/5424/3257 3735/4833/3259
f 3932/4835/3587 3735/7142/3259 4722/4836/3258
f 3933/4838/3589 3737/5616/3267 4661/4839/3266
f 3934/4841/3591 3743/7143/3279 4632/4842/3278
f 4584/4844/3275 3935/5341/3275 3766/4845/3592
f 3936/4846/3275 3847/7144/3339 4162/4847/3338
f 3937/4849/3593 3747/7145/3286 3750/4850/3285
f 3938/4851/3594 3750/4850/3285 4122/4852/3297
f 4102/4854/3596 3939/5123/3713 3754/4855/3303
f 4062/4857/3597 3940/5088/3681 3758/4858/3315
f 4002/4860/3235 3941/5346/3652 3762/4861/3327
f 4514/4863/3598 4515/4924/3331 3988/4864/3331
f 4511/4866/3600 4512/5052/3654 4048/4867/3601
f 4508/4869/3603 4509/5098/3688 4088/4870/3604
f 3824/4872/3606 4506/4876/3609 4507/4873/3607
f 3825/4875/3608 4505/5433/3715 4506/4876/3609
f 3855/4877/3610 4502/5431/2039 4503/4878/2039
f 4176/4689/3519 4770/4688/3518 4771/4880/2039
f 4499/4882/3611 4612/5428/2039 4613/4883/2039
f 3808/4884/3612 4498/5427/3810 4641/4885/3613
f 4497/4886/3614 4702/5426/2039 4703/4887/2039
f 3809/4513/3419 3885/4512/43 4496/4888/43
f 4494/4890/43 4495/5276/43 4309/4726/43
f 4742/4516/43 4598/4515/43 4597/4891/43
f 4493/4893/43 4597/4891/43 4598/4515/43
f 3811/4519/43 4368/4518/43 4492/4894/43
f 4490/4895/3615 4491/5337/43 3931/4831/43
f 4490/4896/3615 3812/4520/3421 4719/4522/2036
f 3813/4898/3616 4658/4523/3422 4659/4899/3617
f 4488/4901/3619 3814/7134/3836 4629/4526/2036
f 4581/4903/2036 4487/5420/2036 3815/4672/3509
f 4486/4905/2036 3848/5415/3806 4160/4906/2036
f 4529/4908/3621 4530/5439/3720 3816/4909/3622
f 4528/4911/3624 4529/4908/3621 3817/4910/3623
f 4527/4913/3625 3818/5121/3711 4099/4914/3626
f 4524/4916/3628 3819/5085/3678 4059/4917/3629
f 4521/4919/3631 3820/5400/3650 3999/4920/3227
f 3986/4922/3236 4006/4959/3236 4007/4923/3439
f 4515/4924/3331 4516/4961/3439 4008/4925/3217
f 3989/4926/3439 4199/4546/3439 4200/4927/3217
f 3990/4609/3217 4232/4608/3217 4233/4929/3632
f 3991/4752/3220 3990/4609/3217 4010/4930/3632
f 4012/4932/3223 3992/4482/3223 3991/4484/3220
f 4013/4934/3223 3993/4697/3223 4284/4699/3223
f 3993/4697/3223 4013/4934/3223 4337/4936/3223
f 4392/4373/3223 3994/4372/3223 4014/4937/3223
f 3996/4798/3575 3995/4797/3223 4015/4939/3223
f 4017/4941/3634 3997/4606/3227 3996/4795/3575
f 4236/4943/3635 4237/4604/3227 3997/4606/3227
f 4203/4944/3634 4204/4543/3227 3998/4545/3227
f 4520/4921/3227 3999/4920/3227 4019/4946/3227
f 4001/4370/3328 4000/4369/3227 4020/4948/3634
f 4022/4950/3235 4002/4860/3235 4001/4862/3328
f 4387/4952/3235 4388/4988/3235 4023/4953/3235
f 4004/4432/3235 4333/4431/3235 4334/4954/3235
f 4289/4750/3235 4004/4432/3235 4024/4955/3232
f 3986/4487/3236 4005/4486/3235 4025/4957/3235
f 4006/4959/3236 4897/5785/3641 4898/4960/3217
f 4516/4961/3439 4899/5435/3217 4900/4962/3217
f 4009/4928/3217 4200/4927/3217 4902/4963/3331
f 4010/4930/3632 4233/4929/3632 4904/4965/3632
f 4011/4931/3220 4010/4930/3632 4905/4966/3632
f 4907/4968/3223 4012/4932/3223 4011/4933/3220
f 4909/4970/3223 4013/4934/3223 4285/4935/3223
f 4013/4934/3223 4909/4970/3223 4910/4972/3223
f 4391/4938/3223 4014/4937/3223 4912/4973/3223
f 4016/4940/3633 4015/4939/3223 4914/4975/3638
f 4916/4977/3634 4017/4941/3634 4016/4942/3633
f 4917/4979/3634 4236/4943/3635 4017/4941/3634
f 4919/4980/3634 4203/4944/3634 4018/4945/3635
f 4519/4947/3634 4019/4946/3227 4921/4982/3639
f 4021/4949/3636 4020/4948/3634 4923/4984/3634
f 4925/4986/3235 4022/4950/3235 4021/4951/3636
f 4388/4988/3235 4926/5347/3235 4927/4989/3235
f 4024/4955/3232 4334/4954/3235 4929/4990/3232
f 4288/4956/3235 4024/4955/3232 4930/4991/3232
f 4006/4958/3236 4025/4957/3235 4932/4993/3235
f 4026/4995/3642 3765/7146/3330 3942/4996/3332
f 4513/4998/2039 4514/5434/3598 3821/4999/3599
f 4197/5001/2039 4198/7147/3441 3841/5002/3440
f 4230/5004/2039 4231/5223/3736 3896/5005/3479
f 4030/5006/2039 3896/5005/3479 3764/5007/3405
f 4032/5009/3644 4031/5054/3643 3764/5010/3405
f 4033/5012/3646 4282/5055/3646 4283/5013/3523
f 4033/5012/3646 3800/5014/3365 4339/5015/3366
f 4034/5017/3646 3782/5356/3778 4393/5018/3329
f 4035/5020/3644 3919/5349/3775 3763/5021/3574
f 4037/5023/2036 4036/5056/3647 3763/5024/3574
f 4239/5026/2036 4037/5023/2036 3918/5025/3478
f 4205/5028/3649 4206/5057/2036 4038/5029/2036
f 4522/5031/2036 4039/5058/2036 3820/5032/3650
f 4040/5034/2036 3965/5437/3811 3762/5035/3327
f 4042/5037/3275 4041/5059/3651 3762/5038/3327
f 4385/5040/3275 4386/5345/3333 3783/5041/3334
f 4044/5043/3276 4331/5061/3209 4332/5044/3653
f 4291/5046/3176 4044/5043/3276 3801/5045/3367
f 4045/5048/3176 3895/5266/3747 3765/5049/3330
f 4046/5051/3407 4026/4995/3642 4027/4997/2039
f 4512/5052/3654 4513/4998/2039 4028/5000/2039
f 4196/4549/3442 4197/5001/2039 4029/5003/2039
f 4050/4612/3482 4229/4611/3481 4230/5004/2039
f 4051/4754/3404 4050/4612/3482 4030/5006/2039
f 4032/5009/3644 4052/4479/3402 4051/4481/3404
f 4053/4700/3524 4281/4702/3526 4282/5055/3646
f 4053/4700/3524 4033/5012/3646 4340/5016/2042
f 4054/4360/3319 4034/5017/3646 4394/5019/3644
f 4056/4801/3573 4055/4800/3576 4035/5020/3644
f 4037/5023/2036 4057/4603/3477 4056/4793/3573
f 4239/5026/2036 4240/4601/3475 4057/4603/3477
f 4207/4540/3435 4058/4542/3437 4038/5029/2036
f 4522/5031/2036 4523/4918/3630 4059/4917/3629
f 4061/4358/3317 4060/4357/3316 4040/5034/2036
f 4042/5037/3275 4062/4857/3597 4061/4859/3317
f 4384/5060/3656 4385/5040/3275 4043/5042/3210
f 4064/4435/3370 4330/4434/3369 4331/5061/3209
f 4292/4748/3551 4064/4435/3370 4044/5043/3276
f 4046/4490/3407 4065/4489/3406 4045/5048/3176
f 4066/5062/3657 3761/4362/3321 3943/4364/3323
f 4510/5064/3659 4511/4866/3600 3822/4868/3602
f 4069/5066/3661 4194/5100/3690 4195/4551/3444
f 4070/5067/3662 4227/5101/3691 4228/5068/3663
f 4071/5069/3664 4070/5067/3662 3897/4610/3480
f 3875/5070/3665 4072/5102/3692 4071/5071/3664
f 3799/4424/3362 4073/5073/3667 4279/5072/3666
f 4073/5073/3667 3799/4424/3362 4342/4426/3364
f 4397/5075/3669 4074/5103/3693 3781/5076/3670
f 4076/5077/3671 4075/5104/3694 3920/5078/3672
f 3917/4602/3476 4077/5081/3674 4076/5079/3671
f 4241/5080/3673 4242/5105/3695 4077/5081/3674
f 4208/5082/3675 4209/5106/3696 4078/5083/3676
f 4525/5084/3677 4079/5107/3697 3819/5085/3678
f 4081/5086/3679 4080/5108/3698 3964/5087/3680
f 3940/5088/3681 4082/5109/3699 4081/5089/3679
f 4382/5090/3682 4383/4365/3324 3784/4367/3326
f 4084/5092/3684 4328/5111/3701 4329/5093/3685
f 4294/5094/3686 4084/5092/3684 3802/4433/3368
f 4066/5095/3657 4085/5112/3702 3894/5096/3687
f 4086/5097/3409 4066/5062/3657 4067/5063/3658
f 4509/5098/3688 4510/5064/3659 4068/5065/3660
f 4089/5099/3689 4193/4552/3445 4194/5100/3690
f 4090/4615/3485 4226/4614/3484 4227/5101/3691
f 4091/4756/3401 4090/4615/3485 4070/5067/3662
f 4072/5102/3692 4092/4476/3399 4091/4478/3401
f 4073/5073/3667 4093/4703/3527 4278/4705/3529
f 4093/4703/3527 4073/5073/3667 4343/5074/3668
f 4398/4349/3308 4094/4348/3307 4074/5103/3693
f 4096/4804/3571 4095/4803/3577 4075/5104/3694
f 4077/5081/3674 4097/4600/3474 4096/4791/3571
f 4242/5105/3695 4243/4598/3472 4097/4600/3474
f 4209/5106/3696 4210/4537/3432 4098/4539/3434
f 4526/4915/3627 4099/4914/3626 4079/5107/3697
f 4101/4346/3305 4100/4345/3304 4080/5108/3698
f 4082/5109/3699 4102/4854/3596 4101/4856/3305
f 4381/5110/3700 4382/5090/3682 4083/5091/3683
f 4104/4438/3373 4327/4437/3372 4328/5111/3701
f 4295/4746/3549 4104/4438/3373 4084/5092/3684
f 4086/4493/3409 4105/4492/3408 4085/5112/3702
f 4107/4495/3300 4106/5267/3748 3893/5113/3703
f 4107/4340/3300 3757/4350/3309 3944/4352/3311
f 4507/4873/3607 4508/4869/3603 3823/4871/3605
f 4110/4556/3449 4191/5473/3819 4192/4554/3447
f 4111/4617/3487 4224/5222/3735 4225/5114/3704
f 4112/4757/3397 4111/4617/3487 3898/4613/3483
f 3876/5115/3705 4113/4475/3398 4112/4474/3397
f 3798/4421/3359 4114/4419/3357 4276/4706/3299
f 4114/4419/3357 3798/4421/3359 4345/4423/3361
f 4400/4339/3299 4115/5357/3779 3780/5117/3707
f 4117/4806/3569 4116/5350/3776 3921/5118/3708
f 3916/4599/3473 4118/4596/3470 4117/4789/3569
f 4244/5119/3709 4245/4597/3471 4118/4596/3470
f 4211/5120/3710 4212/4536/3431 4119/4535/3430
f 4528/4911/3624 4120/4912/2036 3818/5121/3711
f 4122/4337/3297 4121/5438/3812 3963/5122/3712
f 3939/5123/3713 4123/4853/3595 4122/4852/3297
f 4379/4342/3302 4380/4353/3312 3785/4355/3314
f 4125/4439/3374 4325/4441/3376 4326/5124/3714
f 4297/4744/3547 4125/4439/3374 3803/4436/3371
f 4127/5125/2039 4126/7148/3724 3746/5126/3412
f 4128/5128/2039 4504/5432/2039 4505/5129/3715
f 4188/5131/2039 4189/7149/3451 3845/5132/3452
f 4221/5134/2039 4222/5221/3489 3900/5135/3490
f 4130/5136/2039 3900/5135/3490 3749/5137/3553
f 4132/5139/2042 4131/7150/3716 3749/5140/3553
f 4133/5142/2041 4273/5183/2040 4274/5143/3717
f 4133/5142/2041 3796/5144/3356 4348/5145/3355
f 4134/5147/2042 3778/5358/3287 4402/5148/3289
f 4135/5150/2041 3923/5351/3579 3748/5151/3580
f 4137/5153/2036 4136/5186/3718 3748/5154/3580
f 4248/5156/2036 4137/5153/2036 3914/5155/3567
f 4214/5158/3427 4215/5187/3725 4138/5159/2036
f 4530/5161/3720 4531/5189/2036 4139/5162/2036
f 4140/5164/2036 3961/5440/3284 3747/5165/3286
f 4142/5167/3275 4141/5190/3721 3747/5168/3286
f 4143/5170/3210 4376/5343/3275 4377/5171/3722
f 3805/5173/3546 4144/5191/3276 4322/5174/3209
f 4300/5176/3176 4144/5191/3276 3805/5173/3546
f 4145/5178/3176 3891/5269/3411 3746/5179/3412
f 4147/4500/3336 4146/5270/3176 4145/5178/3176
f 4147/4384/3336 4126/7148/3724 4127/5125/2039
f 4503/4878/2039 4504/5432/2039 4128/5128/2039
f 4187/4560/2039 4188/5131/2039 4129/5133/2039
f 4220/5182/2039 4221/5134/2039 4130/5136/2039
f 4152/4760/3393 4151/4622/2039 4130/5136/2039
f 4152/4469/3393 4131/7150/3716 4132/5139/2042
f 4154/4413/2040 4272/4708/2040 4273/5183/2040
f 4154/4413/2040 4133/5142/2041 4349/5146/2041
f 4155/5185/2041 4134/5147/2042 4403/5149/2040
f 4157/4812/3566 4156/4811/2041 4135/5150/2041
f 4137/5153/2036 4158/4591/2036 4157/4786/3566
f 4158/4591/2036 4137/5153/2036 4248/5156/2036
f 4159/4529/2036 4138/5159/2036 4215/5187/3725
f 4160/4906/2036 4139/5162/2036 4531/5189/2036
f 4162/4390/3338 4161/5419/2036 4140/5164/2036
f 4163/4848/3275 4162/4847/3338 4141/5190/3721
f 4375/4381/3275 4376/5343/3275 4143/5170/3210
f 4321/4446/3209 4322/5174/3209 4144/5191/3276
f 4165/4444/3276 4144/5191/3276 4300/5176/3176
f 3860/5192/3727 4318/5283/43 4319/5193/43
f 3859/5194/3728 4168/4658/3501 4587/4659/3502
f 4168/5196/3501 3859/7151/3728 4589/5197/64
f 4729/5198/64 4730/4654/64 4590/4656/64
f 4170/5199/3504 4171/4662/3504 4777/4661/3504
f 3860/5201/3727 4166/7152/3505 4171/4662/3504
f 4171/4662/3504 4166/7152/3505 3857/5202/3506
f 4302/5203/3176 4303/4739/3176 4172/4660/3503
f 3856/5204/3413 4174/4651/3498 4173/4652/3176
f 3947/5206/2039 4175/4649/2039 4174/4651/3498
f 4501/4881/2039 4502/5430/2039 3855/5207/3610
f 4267/4687/2042 4176/4689/3519 3855/5207/3610
f 4841/5209/3732 4179/4710/3531 4354/4675/2036
f 4842/5211/2040 4317/4711/2040 4179/4710/3531
f 4844/5212/3733 4181/4644/3495 4180/5213/2041
f 4845/5215/2039 4182/4647/2039 4181/4644/3495
f 4846/5216/2039 4263/4648/2039 4182/4647/2039
f 4848/5217/2033 4270/4694/2033 4183/4693/3522
f 4203/4944/3634 4919/4980/3634 4920/5219/3639
f 3854/4561/3453 4150/5181/2039 4220/5182/2039
f 4220/5182/2039 4150/5181/2039 4129/5133/2039
f 4221/5134/2039 4129/5133/2039 3845/5132/3452
f 4223/4616/3486 4222/4619/3489 3845/4559/3452
f 4224/5222/3735 4223/4616/3486 3844/4557/3450
f 4224/5222/3735 4110/4556/3449 3843/4553/3446
f 4225/5114/3704 3843/4553/3446 4089/5099/3689
f 4226/4614/3484 4089/5099/3689 4069/5066/3661
f 4227/5101/3691 4069/5066/3661 3842/4550/3443
f 4228/5068/3663 3842/4550/3443 4049/5053/3655
f 4229/4611/3481 4049/5053/3655 4029/5003/2039
f 4230/5004/2039 4029/5003/2039 3841/5002/3440
f 4231/5224/3736 3841/4547/3440 3989/4926/3439
f 4232/4608/3217 3989/4926/3439 4009/4928/3217
f 4233/4929/3632 4009/4928/3217 4903/4964/3331
f 4918/4981/3634 4018/4945/3635 4236/4943/3635
f 4018/4945/3635 3998/4545/3227 4237/4604/3227
f 3998/4545/3227 3840/4544/3438 4238/5225/3648
f 3840/5030/3438 4038/5029/2036 4239/5026/2036
f 4058/4542/3437 4240/4601/3475 4239/5026/2036
f 4058/4542/3437 3839/4541/3436 4241/5080/3673
f 3839/4541/3436 4078/5083/3676 4242/5105/3695
f 4078/5083/3676 4098/4539/3434 4243/4598/3472
f 4098/4539/3434 3838/4538/3433 4244/5119/3709
f 3838/4538/3433 4119/4535/3430 4245/4597/3471
f 3837/4533/3428 4246/4595/3469 4245/4597/3471
f 3836/5226/3719 4247/4593/3467 4246/4595/3469
f 4138/5159/2036 4248/5156/2036 4247/5157/3467
f 4138/5159/2036 4159/4529/2036 4249/4592/2036
f 3849/4531/3426 4250/4590/2036 4249/4592/2036
f 4250/4637/2036 3849/4669/3426 4441/5227/3737
f 3834/5229/3738 4252/4587/3466 4627/4589/2036
f 3833/5231/3739 4253/4584/3463 4656/4586/3465
f 3832/5233/3740 4254/4581/3462 4717/4583/2036
f 3930/5235/43 4255/4827/43 4254/4828/3462
f 4366/5237/43 4367/5335/43 3831/5238/43
f 4599/5239/43 4600/4577/43 4256/4579/43
f 4743/5240/43 4744/4575/43 4600/4577/43
f 4310/5241/43 4311/4721/43 4257/4723/43
f 4258/5243/43 3884/5278/43 3829/5244/3741
f 4259/4569/3460 3829/5695/3741 4704/5245/2039
f 3828/5247/3742 4643/5550/64 4644/5248/3743
f 4261/4563/3455 3827/5694/3835 4614/5249/2039
f 4847/5218/3734 4183/4693/3522 4263/4648/2039
f 4219/4646/2039 4263/4648/2039 4183/4693/3522
f 4185/5252/43 4265/4695/43 4264/4696/3521
f 4177/5254/2042 4267/4687/2042 4266/5208/3731
f 4177/5254/2042 4768/5659/2042 4769/5256/2042
f 4268/5257/3746 3870/7153/3859 4779/5258/64
f 4779/5258/64 4809/7154/64 4810/4691/64
f 4849/5259/2033 4184/5261/2033 4270/4694/2033
f 3872/5260/3744 4264/4692/3521 4270/4694/2033
f 4271/5262/2040 3879/4468/2041 4153/4470/2041
f 4272/4708/2040 4153/4470/2041 4132/5139/2042
f 4273/5183/2040 4132/5139/2042 3878/5141/3394
f 4274/5263/3717 3878/4471/3394 3877/4473/3396
f 4275/4707/3530 3877/4473/3396 4113/4475/3398
f 4277/4704/3528 4276/4706/3299 4113/4475/3398
f 4278/4705/3529 4277/4704/3528 3876/5115/3705
f 4279/5072/3666 4278/4705/3529 4092/4476/3399
f 4280/4701/3525 4279/5072/3666 4072/5102/3692
f 4281/4702/3526 4280/4701/3525 3875/5070/3665
f 4282/5055/3646 4281/4702/3526 4052/4479/3402
f 4282/5055/3646 4032/5009/3644 3874/5011/3645
f 4284/4699/3223 4283/4698/3523 3874/5264/3645
f 4285/4935/3223 4284/4699/3223 3992/4482/3223
f 4908/4971/3223 4285/4935/3223 4012/4932/3223
f 4025/4957/3235 4288/4956/3235 4931/4992/3235
f 4005/4486/3235 4289/4750/3235 4288/4956/3235
f 3895/5265/3747 4290/4749/3552 4289/4750/3235
f 4045/5048/3176 4291/5046/3176 4290/5047/3552
f 4065/4489/3406 4292/4748/3551 4291/5046/3176
f 3894/5096/3687 4293/4747/3550 4292/4748/3551
f 4085/5112/3702 4294/5094/3686 4293/4747/3550
f 4105/4492/3408 4295/4746/3549 4294/5094/3686
f 3893/5113/3703 4296/4745/3548 4295/4746/3549
f 4106/5267/3748 4297/4744/3547 4296/4745/3548
f 4298/4742/3545 4297/4744/3547 4106/5267/3748
f 3892/4494/3410 3891/4497/3411 4299/5268/3723
f 4145/5178/3176 4300/5176/3176 4299/5177/3723
f 4146/5270/3176 4301/4741/3176 4300/5176/3176
f 4301/4741/3176 4146/5270/3176 3890/4499/3176
f 4302/5203/3176 3890/5205/3176 4173/4652/3176
f 4173/4652/3176 4774/4653/3176 4775/5272/3176
f 4609/5273/3176 3888/4447/3380 4305/4736/3543
f 4306/4735/3542 4667/4734/3541 4668/4452/3383
f 4699/5274/3275 3886/4453/3384 4307/4730/3538
f 3952/5275/43 4308/4727/43 4307/4729/3538
f 4495/5276/43 4496/4888/43 3885/4512/43
f 4790/5277/43 4791/4724/43 4309/4726/43
f 3884/5278/43 4258/5243/43 4311/4721/43
f 4258/5243/43 3906/4572/43 4312/4771/43
f 4313/5279/3536 4312/4771/43 3906/4572/43
f 4708/4459/2042 4709/4718/2042 4313/4720/3536
f 4314/5281/3749 3882/4462/3388 4647/4464/3390
f 4315/5282/3750 3881/4465/3391 4618/4467/2041
f 4843/5214/2041 4180/5213/2041 4317/4711/2040
f 3879/4643/2041 4271/4709/2040 4317/4711/2040
f 4318/5283/43 4404/5352/43 4405/5284/43
f 4319/5193/43 4405/5284/43 4406/5285/3751
f 4320/4445/3379 4406/5285/3751 4407/5286/3209
f 4407/5286/3209 4408/5354/3209 4322/5174/3209
f 4322/5174/3209 4408/5354/3209 4409/5287/3752
f 4324/4440/3375 4323/4443/3378 4409/5288/3752
f 4324/4440/3375 4410/5289/3753 4411/5290/3754
f 4326/5124/3714 4325/4441/3376 4411/5290/3754
f 4326/5124/3714 4412/5291/3755 4413/5292/3756
f 4327/4437/3372 4413/5292/3756 4414/5293/3757
f 4328/5111/3701 4414/5293/3757 4415/5294/3758
f 4330/4434/3369 4329/5093/3685 4415/5294/3758
f 4330/4434/3369 4416/5295/3759 4417/5296/3209
f 4331/5061/3209 4417/5296/3209 4418/5297/3760
f 4332/5298/3653 4418/7155/3760 4419/5299/3235
f 4333/4431/3235 4419/5299/3235 4420/5300/3235
f 4928/5301/3235 4929/4990/3232 4334/4954/3235
f 4337/4936/3223 4910/4972/3223 4911/5302/3223
f 4338/4428/3223 4337/4936/3223 4423/5303/3223
f 4338/4428/3223 4424/5304/3223 4425/5305/3761
f 4339/5015/3366 4425/7156/3761 4426/5306/3646
f 4340/5016/2042 4426/5306/3646 4427/5307/3762
f 4341/4425/3363 4427/5307/3762 4428/5308/3763
f 4343/5074/3668 4342/4426/3364 4428/5308/3763
f 4343/5074/3668 4429/5309/3764 4430/5310/3765
f 4344/4422/3360 4430/5310/3765 4431/5311/3766
f 4345/4423/3361 4431/5311/3766 4432/5312/3767
f 4347/4420/3358 4346/5116/3706 4432/5312/3767
f 4347/4420/3358 4433/5313/3768 4434/5314/3769
f 4348/5145/3355 4434/7157/3769 4435/5315/2040
f 4436/5316/2042 4350/5184/2041 4349/5146/2041
f 4350/5184/2041 4436/5316/2042 4437/5317/3352
f 4351/4414/3352 4437/5317/3352 4438/5318/43
f 4178/5319/2036 4354/4675/2036 4353/4677/3511
f 4839/5321/2036 4840/5210/2036 4354/4675/2036
f 4607/5322/64 4608/7158/64 3867/5323/3771
f 3868/5324/3772 4357/4681/3515 4448/4682/2039
f 4439/5326/43 4352/5327/43 4358/4683/43
f 4352/5327/43 3869/7159/3770 4353/5328/3511
f 4360/4388/2040 4359/4387/2040 4156/4811/2041
f 4360/4640/2040 3924/4813/2040 4445/4814/2040
f 4362/4320/3281 4623/4319/2040 4624/5331/2040
f 4363/4308/3270 4652/4307/3269 4653/5332/3773
f 4713/4288/2042 4714/4821/2042 3928/4823/3586
f 4365/4578/43 4364/4776/3557 3928/5334/3586
f 4366/5237/43 4365/4578/43 3929/4824/43
f 4367/5335/43 4366/5237/43 4255/4827/43
f 4796/5336/43 4797/4829/43 3931/4831/43
f 4368/4518/43 3931/4831/43 4491/5337/43
f 4369/5338/43 3955/4832/43 3932/4834/3587
f 4370/4285/3254 3932/4835/3587 4723/4837/3588
f 4371/5340/3774 3933/4838/3589 4662/4840/3590
f 4634/4313/3275 4372/7128/3837 3934/4841/3591
f 4585/4633/3275 4373/4632/3275 3935/5341/3275
f 4374/5342/3275 3936/4846/3275 4163/4848/3275
f 4375/4381/3275 4163/4848/3275 4142/5167/3275
f 4376/5343/3275 4142/5167/3275 3937/5169/3593
f 4377/5344/3722 3937/4849/3593 3938/4851/3594
f 4378/4334/3294 3938/4851/3594 4123/4853/3595
f 4380/4353/3312 4379/4342/3302 4123/4853/3595
f 4381/5110/3700 4380/4353/3312 3939/5123/3713
f 4382/5090/3682 4381/5110/3700 4102/4854/3596
f 4383/4365/3324 4382/5090/3682 4082/5109/3699
f 4384/5060/3656 4383/4365/3324 3940/5088/3681
f 4385/5040/3275 4384/5060/3656 4062/4857/3597
f 4385/5040/3275 4042/5037/3275 3941/5039/3652
f 4387/4952/3235 4386/4377/3333 3941/5346/3652
f 4388/4988/3235 4387/4952/3235 4002/4860/3235
f 4926/5347/3235 4388/4988/3235 4022/4950/3235
f 4015/4939/3223 4391/4938/3223 4913/4974/3223
f 3995/4797/3223 4392/4373/3223 4391/4938/3223
f 3919/5348/3775 4393/4371/3329 4392/4373/3223
f 4035/5020/3644 4394/5019/3644 4393/5018/3329
f 4055/4800/3576 4395/4361/3320 4394/5019/3644
f 3920/5078/3672 4396/4359/3318 4395/4361/3320
f 4075/5104/3694 4397/5075/3669 4396/4359/3318
f 4095/4803/3577 4398/4349/3308 4397/5075/3669
f 3921/5118/3708 4399/4347/3306 4398/4349/3308
f 4116/5350/3776 4400/4339/3299 4399/4347/3306
f 4401/4328/3288 4400/4339/3299 4116/5350/3776
f 4402/4329/3289 4401/4328/3288 3922/4805/3578
f 4403/5149/2040 4402/5148/3289 3923/5351/3579
f 4359/4387/2040 4403/5149/2040 4135/5150/2041
f 4404/5352/43 3861/7160/3815 4167/5353/3777
f 4405/5284/43 4167/5353/3777 3846/4380/3335
f 4407/5286/3209 4406/5285/3751 3846/4380/3335
f 4407/5286/3209 4164/4382/3210 4143/5170/3210
f 4409/5287/3752 4408/5354/3209 4143/5170/3210
f 4409/5288/3752 3787/4333/3293 3786/4335/3295
f 4410/5289/3753 3786/4335/3295 4124/4343/3210
f 4412/5291/3755 4411/5290/3754 4124/4343/3210
f 4413/5292/3756 4412/5291/3755 3785/4355/3314
f 4414/5293/3757 4413/5292/3756 4103/4354/3313
f 4415/5294/3758 4414/5293/3757 4083/5091/3683
f 4416/5295/3759 4415/5294/3758 3784/4367/3326
f 4416/5295/3759 4063/4366/3325 4043/5042/3210
f 4417/5296/3209 4043/5042/3210 3783/5041/3334
f 4419/5299/3235 4418/7155/3760 3783/4379/3334
f 4420/5300/3235 4419/5299/3235 4003/4378/3235
f 4928/5301/3235 4420/5300/3235 4023/4953/3235
f 4014/4937/3223 4423/5303/3223 4911/5302/3223
f 3994/4372/3223 4424/5304/3223 4423/5303/3223
f 4424/5304/3223 3994/4372/3223 3782/5355/3778
f 4426/5306/3646 4425/7156/3761 3782/5356/3778
f 4427/5307/3762 4426/5306/3646 4034/5017/3646
f 4427/5307/3762 4054/4360/3319 3781/5076/3670
f 4074/5103/3693 4429/5309/3764 4428/5308/3763
f 4094/4348/3307 4430/5310/3765 4429/5309/3764
f 4430/5310/3765 4094/4348/3307 3780/5117/3707
f 4115/5357/3779 4432/5312/3767 4431/5311/3766
f 4433/5313/3768 4432/5312/3767 4115/5357/3779
f 4434/5314/3769 4433/5313/3768 3779/4338/3298
f 4435/5315/2040 4434/7157/3769 3778/5358/3287
f 4155/5185/2041 4436/5316/2042 4435/5315/2040
f 4436/5316/2042 4155/5185/2041 3851/4386/3337
f 4357/5359/3515 4438/5318/43 4437/5317/3352
f 3868/5360/3772 4439/5326/43 4438/5318/43
f 4547/5361/3780 3835/5365/3782 4858/5362/3781
f 4857/5364/2036 4858/5362/3781 3835/5365/3782
f 4857/5364/2036 4251/5366/2036 3912/5367/2036
f 4856/5368/2036 3912/5367/2036 3769/5369/3783
f 4854/5371/2040 4855/5370/3784 3769/5369/3783
f 4853/5373/2040 4854/5371/2040 3925/5372/2040
f 4853/5373/2040 4361/5374/2040 3777/5375/3514
f 4851/5377/2039 4852/5376/3785 3777/5375/3514
f 3867/5379/3771 4850/5710/2038 4851/5377/2039
f 3873/5380/3745 4266/7161/3731 4451/5381/43
f 4451/5381/43 4266/7161/3731 3855/4877/3610
f 4149/4879/2039 4453/5385/2039 4452/5383/3786
f 4149/4879/2039 4128/5128/2039 4454/5384/2039
f 4454/5384/2039 4128/5128/2039 3825/5130/3608
f 3824/4872/3606 4456/5388/3788 4455/5387/3787
f 4109/4874/3449 4457/5474/3820 4456/5388/3788
f 4458/5389/3789 4457/5474/3820 4109/4874/3449
f 3823/4871/3605 4088/4870/3604 4459/5390/3790
f 4460/5391/3791 4459/5390/3790 4088/4870/3604
f 4461/5392/3792 4460/5391/3791 4068/5065/3660
f 3822/4868/3602 4048/4867/3601 4462/5393/3793
f 4462/5393/3793 4048/4867/3601 4028/5000/2039
f 4463/5394/2039 4028/5000/2039 3821/4999/3599
f 3821/4865/3599 3988/4864/3331 4465/5396/3331
f 4466/5398/3331 4465/5396/3331 3988/4864/3331
f 4901/5399/3439 4466/5398/3331 4008/4925/3217
f 4019/4946/3227 4469/5220/3227 4920/5219/3639
f 3999/4920/3227 4470/5401/3227 4469/5220/3227
f 3820/5400/3650 4471/7162/3795 4470/5401/3227
f 4039/5058/2036 4472/5403/2036 4471/5402/3795
f 4059/4917/3629 4473/5404/3796 4472/5403/2036
f 3819/5085/3678 4474/5405/3797 4473/5404/3796
f 4079/5107/3697 4475/5406/3798 4474/5405/3797
f 4099/4914/3626 4476/5407/3799 4475/5406/3798
f 3818/5121/3711 4477/5408/3800 4476/5407/3799
f 4120/4912/2036 4478/5410/3802 4477/5408/3800
f 4120/4912/2036 3817/4910/3623 4479/5409/3801
f 3817/4910/3623 3816/4909/3622 4480/5411/3803
f 4480/5412/3803 3816/5163/3622 4139/5162/2036
f 4139/5162/2036 4160/4906/2036 4482/5414/3805
f 4482/5414/3805 4160/4906/2036 3848/5415/3806
f 4543/5417/43 4483/5416/3807 3848/5415/3806
f 3960/4389/2036 4486/4905/2036 4485/4907/2036
f 4581/4903/2036 4582/4636/2036 3959/4635/2036
f 3958/4315/3277 4488/4901/3619 4630/4902/2036
f 4489/4900/3618 4659/4899/3617 4660/5422/3809
f 3956/4294/3257 4490/4896/3615 4720/4897/2036
f 3956/5424/3257 3955/4832/43 4491/5337/43
f 4492/4894/43 4491/5337/43 3955/4832/43
f 4493/4893/43 4492/4894/43 4369/5338/43
f 3954/4291/43 4596/4628/43 4597/4891/43
f 4741/4892/43 4597/4891/43 4596/4628/43
f 3953/5425/43 4308/4727/43 4495/5276/43
f 4496/4888/43 4495/5276/43 4308/4727/43
f 4497/4889/3614 4496/4888/43 3952/5275/43
f 4497/4886/3614 3951/4299/3262 4701/4298/3261
f 4498/5427/3810 3950/4309/3271 4640/4311/3273
f 4499/4882/3611 3949/4323/3283 4611/4322/2039
f 4501/4881/2039 4771/4880/2039 4772/5429/2039
f 4501/4881/2039 4175/4649/2039 3947/5206/2039
f 4502/5431/2039 3947/4383/2039 4148/4385/2039
f 4503/4878/2039 4148/4385/2039 4127/5125/2039
f 4504/5432/2039 4127/5125/2039 3946/5127/3290
f 4505/5433/3715 3946/4330/3290 3945/4332/3292
f 4506/4876/3609 3945/4332/3292 4108/4341/3301
f 4508/4869/3603 4507/4873/3607 4108/4341/3301
f 4509/5098/3688 4508/4869/3603 3944/4352/3311
f 4510/5064/3659 4509/5098/3688 4087/4351/3310
f 4511/4866/3600 4510/5064/3659 4067/5063/3658
f 4512/5052/3654 4511/4866/3600 3943/4364/3323
f 4513/4998/2039 4512/5052/3654 4047/4363/3322
f 4513/4998/2039 4027/4997/2039 3942/4996/3332
f 4515/4924/3331 4514/4863/3598 3942/4376/3332
f 4516/4961/3439 4515/4924/3331 3987/4375/3331
f 4899/5435/3217 4516/4961/3439 4007/4923/3439
f 4020/4948/3634 4519/4947/3634 4922/4983/3634
f 4000/4369/3227 4520/4921/3227 4519/4947/3634
f 3965/5436/3811 4521/4919/3631 4520/4921/3227
f 4040/5034/2036 4522/5031/2036 4521/5033/3631
f 4060/4357/3316 4523/4918/3630 4522/5031/2036
f 3964/5087/3680 4524/4916/3628 4523/4918/3630
f 4080/5108/3698 4525/5084/3677 4524/4916/3628
f 4100/4345/3304 4526/4915/3627 4525/5084/3677
f 3963/5122/3712 4527/4913/3625 4526/4915/3627
f 4121/5438/3812 4528/4911/3624 4527/4913/3625
f 4121/5438/3812 3962/4336/3296 4529/4908/3621
f 3962/4336/3296 3961/4324/3284 4530/5439/3720
f 4140/5164/2036 4531/5189/2036 4530/5161/3720
f 4140/5164/2036 4161/5419/2036 4485/4907/2036
f 4542/5441/3808 3848/5445/3806 4533/5442/3813
f 4486/5444/2036 4534/5446/2036 4533/5442/3813
f 4534/5446/2036 4486/5444/2036 3960/5447/2036
f 3847/5449/3339 4536/5451/3814 4535/5448/2036
f 3936/5450/3275 4537/5453/3275 4536/5451/3814
f 4374/5452/3275 4538/5455/3275 4537/5453/3275
f 3846/5454/3335 4539/5711/3873 4538/5455/3275
f 4540/5456/3502 4539/5711/3873 3846/5454/3335
f 4541/5458/3729 4540/5456/3502 4167/5457/3777
f 4484/5460/43 4543/5417/43 4542/5418/3808
f 3865/5462/3817 4545/7136/3510 4544/4674/43
f 4440/5464/2033 4546/4668/2033 4545/4670/3510
f 4860/5466/2033 3863/7163/3872 4547/5361/3780
f 4807/5467/64 4808/7164/64 3862/5468/3818
f 4578/5469/2042 4579/4671/2042 4548/4673/3508
f 3864/5471/3816 4542/5441/3808 4549/5443/2042
f 4185/5252/43 4450/5382/43 4451/5381/43
f 4452/5383/3786 4186/4562/3454 4265/4695/43
f 4453/5385/2039 4187/4560/2039 4186/4562/3454
f 4187/4560/2039 4453/5385/2039 4454/5384/2039
f 4455/5386/3787 4189/7149/3451 4188/5131/2039
f 4455/5387/3787 4456/5388/3788 4190/4555/3448
f 4456/5388/3788 4457/5474/3820 4191/5473/3819
f 4458/5389/3789 4192/4554/3447 4191/5473/3819
f 4459/5390/3790 4193/4552/3445 4192/4554/3447
f 4460/5391/3791 4194/5100/3690 4193/4552/3445
f 4461/5392/3792 4195/4551/3444 4194/5100/3690
f 4462/5393/3793 4196/4549/3442 4195/4551/3444
f 4463/5394/2039 4197/5001/2039 4196/4549/3442
f 4464/5395/3794 4198/7147/3441 4197/5001/2039
f 4464/5397/3794 4465/5396/3331 4199/4546/3439
f 4465/5396/3331 4466/5398/3331 4200/4927/3217
f 4466/5398/3331 4901/5399/3439 4902/4963/3331
f 4469/5220/3227 4470/5401/3227 4204/4543/3227
f 4470/5401/3227 4471/7162/3795 4205/5475/3649
f 4471/5402/3795 4472/5403/2036 4206/5057/2036
f 4473/5404/3796 4207/4540/3435 4206/5057/2036
f 4473/5404/3796 4474/5405/3797 4208/5082/3675
f 4474/5405/3797 4475/5406/3798 4209/5106/3696
f 4475/5406/3798 4476/5407/3799 4210/4537/3432
f 4476/5407/3799 4477/5408/3800 4211/5120/3710
f 4477/5408/3800 4478/5410/3802 4212/4536/3431
f 4479/5409/3801 4213/4534/3429 4212/4536/3431
f 4480/5411/3803 4214/4532/3427 4213/4534/3429
f 4481/5413/3804 4215/5187/3725 4214/5158/3427
f 4970/5476/3821 4971/5829/3934 4972/5477/3822
f 4483/5416/3807 4217/4530/3425 4216/5188/3726
f 4483/5416/3807 4543/5417/43 4544/4674/43
f 4543/5417/43 4484/5460/43 4218/5463/43
f 4551/5479/2036 4550/5539/2036 3815/4667/3509
f 4552/5481/2036 4551/5479/2036 4487/5480/2036
f 4552/5481/2036 3959/5482/2036 3766/5483/3592
f 4554/5485/3275 4553/7165/3824 3766/5486/3592
f 4555/5488/3275 4554/5485/3275 3935/5487/3275
f 4555/5488/3275 4373/5489/3275 3770/4657/3500
f 4592/5491/3341 4556/5490/3276 3770/4657/3500
f 4732/5492/3341 4592/5491/3341 4591/4655/3499
f 4558/5494/3176 4557/5631/3276 3788/5495/3826
f 4559/5497/3176 4558/5494/3176 4304/5496/3176
f 4559/5497/3176 3889/5498/3176 3767/5499/3827
f 4560/5501/3828 3767/7166/3827 3948/5502/2039
f 4562/5504/2039 4561/5503/2039 3948/5502/2039
f 4562/5504/2039 4500/5505/2039 3806/4684/3516
f 4563/5506/2039 3806/4684/3516 4781/4686/3517
f 4565/5508/2039 4564/5693/2039 3826/5509/3829
f 4565/5508/2039 4262/5510/2039 3902/5511/2039
f 4566/5512/2039 3902/5511/2039 3768/5513/3830
f 4568/5515/2041 4567/7167/3831 3768/5516/3830
f 4569/5518/2040 4568/5515/2041 3880/5517/2041
f 4570/5520/2041 4569/5518/2040 4316/5519/2040
f 4754/5522/3833 4606/4678/3512 4605/5523/2041
f 4571/5525/2041 4605/5523/2041 4606/4678/3512
f 4571/5525/2041 3777/4680/3514 4361/5526/2040
f 4572/5527/2040 4361/5526/2040 3925/5528/2040
f 4573/5529/2040 3925/5528/2040 3769/5530/3783
f 4575/5532/2036 4574/7168/3834 3769/5533/3783
f 4576/5535/2036 4575/5532/2036 3912/5534/2036
f 4577/5537/2036 4576/5535/2036 4251/5536/2036
f 4550/5539/2036 4805/5543/2036 4806/4665/3507
f 4754/5522/3833 4755/5541/64 4607/5322/64
f 4756/5540/64 4608/7158/64 4607/5322/64
f 4609/5273/3176 4559/5497/3176 4560/5500/3828
f 4610/5542/3381 4560/5501/3828 4561/5503/2039
f 4611/4322/2039 4561/5503/2039 4562/5504/2039
f 4612/5428/2039 4562/5504/2039 4563/5506/2039
f 4783/4503/2039 4613/4883/2039 4563/5506/2039
f 4614/5249/2039 4564/5693/2039 4565/5508/2039
f 4615/5250/2039 4565/5508/2039 4566/5512/2039
f 4616/4564/2039 4566/5512/2039 4567/5514/3831
f 4617/4466/3392 4567/7167/3831 4568/5515/2041
f 4618/4467/2041 4568/5515/2041 4569/5518/2040
f 4619/4713/2040 4569/5518/2040 4570/5520/2041
f 4621/4624/2041 4752/4410/2041 4753/5524/2041
f 4621/4624/2041 4605/5523/2041 4571/5525/2041
f 4622/4625/2041 4571/5525/2041 4572/5527/2040
f 4623/4319/2040 4572/5527/2040 4573/5529/2040
f 4624/5331/2040 4573/5529/2040 4574/5531/3834
f 4625/4782/3563 4574/7168/3834 4575/5532/2036
f 4626/4588/2036 4575/5532/2036 4576/5535/2036
f 4627/4589/2036 4576/5535/2036 4577/5537/2036
f 4629/4526/2036 4804/4528/2036 4805/5543/2036
f 4629/4526/2036 4550/5539/2036 4551/5479/2036
f 4630/4902/2036 4551/5479/2036 4552/5481/2036
f 4631/5421/2036 4552/5481/2036 4553/5484/3824
f 4632/4842/3278 4553/7165/3824 4554/5485/3275
f 4633/4843/3275 4554/5485/3275 4555/5488/3275
f 4634/4313/3275 4555/5488/3275 4556/5490/3276
f 4635/4314/3276 4556/5490/3276 4592/5491/3341
f 4733/4394/3341 4636/4393/3341 4592/5491/3341
f 4637/4737/3276 4557/5631/3276 4558/5494/3176
f 4609/5273/3176 4638/4738/3176 4558/5494/3176
f 4640/4311/3273 4639/4310/3272 3742/5544/3282
f 4641/4885/3613 4640/4311/3273 3949/5545/3283
f 4642/4506/3417 4641/4885/3613 4499/5546/3611
f 4785/4507/3418 4642/4506/3417 3807/5547/3414
f 4261/5549/3455 4644/5248/3743 4643/5550/64
f 4644/5248/3743 4261/5549/3455 3903/5552/3456
f 3745/5553/3554 4646/4765/3389 4645/4567/3458
f 4647/4464/3390 4646/4463/3389 3745/5554/3554
f 4648/4716/3534 4647/4464/3390 3881/5555/3391
f 4649/4717/64 4648/4716/3534 4315/5556/3750
f 4751/5558/3351 4604/5561/3350 4650/5559/64
f 3776/5560/3280 4651/4626/64 4650/5559/64
f 4651/4626/64 3776/5560/3280 4362/5562/3281
f 4652/4307/3269 4362/5562/3281 3926/5563/3581
f 3744/5564/3582 4654/4819/3561 4653/5332/3773
f 4655/4585/3464 4654/4780/3561 3744/5565/3582
f 4656/4586/3465 4655/4585/3464 3911/5566/3562
f 4657/5232/64 4656/4586/3465 4252/5567/3466
f 3814/5569/3836 4658/4523/3422 4802/4525/64
f 4658/4523/3422 3814/5569/3836 4488/5571/3619
f 3958/5572/3277 4660/5422/3809 4659/4899/3617
f 3743/5573/3279 4661/4304/3266 4660/5422/3809
f 4662/4840/3590 4661/4839/3266 3743/5574/3279
f 4663/4301/3264 4662/4840/3590 3934/5575/3591
f 4664/4302/64 4663/4301/3264 4372/5576/3837
f 4665/4397/64 4664/4302/64 3771/5577/3274
f 4734/5579/3340 4735/4395/3342 4665/4397/64
f 4666/5580/3838 3789/5633/3856 4305/5581/3543
f 3888/5582/3380 4668/4452/3383 4667/4734/3541
f 3742/5583/3282 4639/4450/3272 4668/4452/3383
f 4669/5584/3839 3887/4451/3382 3736/5585/3840
f 4671/5587/3842 4670/5624/3841 3736/5588/3840
f 4672/5589/3843 4671/5587/3842 3950/4309/3271
f 4673/5590/2039 4672/5589/3843 4498/5427/3810
f 4787/5591/2039 4673/5590/2039 3808/4884/3612
f 4260/4566/3457 4675/5593/2039 4674/5592/2039
f 4675/5593/2039 4260/4566/3457 3904/4568/3459
f 4676/5594/2039 3904/4568/3459 3738/4766/3555
f 3738/5596/3555 3882/4462/3388 4678/5597/2042
f 4679/5599/2042 4678/5597/2042 3882/4462/3388
f 4680/5600/2042 4679/5599/2042 4314/5281/3749
f 4749/4409/3349 4603/4408/3348 4681/5601/2042
f 4681/5601/2042 4603/4408/3348 3775/4306/3268
f 4363/4308/3270 4683/5604/3845 4682/5603/2042
f 4683/5604/3845 4363/4308/3270 3927/4818/3583
f 4684/5605/3846 3927/4818/3583 3739/4820/3584
f 4686/5607/3848 4685/7169/3847 3739/5608/3584
f 4687/5609/3849 4686/5607/3848 3910/4779/3560
f 4688/5610/2036 4687/5609/3849 4253/4584/3463
f 4689/5611/2036 4800/5628/2036 4801/4524/3423
f 4489/4900/3618 4690/5612/2036 4689/5611/2036
f 3957/4303/3265 4691/5613/2036 4690/5612/2036
f 4691/5613/2036 3957/4303/3265 3737/4305/3267
f 4693/5615/3851 4692/7170/3850 3737/5616/3267
f 4694/5617/3588 4693/5615/3851 3933/4838/3589
f 4695/5618/3210 4694/5617/3588 4371/5340/3774
f 4696/5619/3209 4695/5618/3210 3772/4300/3263
f 4737/5620/3209 4696/5619/3209 4594/4396/3343
f 4306/4735/3542 4698/5623/3853 4697/5622/3210
f 3887/4451/3382 4669/5584/3839 4698/5623/3853
f 4699/5274/3275 4669/5584/3839 4670/5586/3841
f 4701/4298/3261 4700/7127/3385 4670/5624/3841
f 4702/5426/2039 4701/4298/3261 4671/5587/3842
f 4702/5426/2039 4672/5589/3843 4673/5590/2039
f 4788/4509/2039 4703/4887/2039 4673/5590/2039
f 4704/5245/2039 4674/5592/2039 4675/5593/2039
f 4705/5246/2039 4675/5593/2039 4676/5594/2039
f 4706/4570/2039 4676/5594/2039 4677/5595/3844
f 4707/4461/3387 4677/5598/3844 4678/5597/2042
f 4708/4459/2042 4678/5597/2042 4679/5599/2042
f 4709/4718/2042 4679/5599/2042 4680/5600/2042
f 4748/5602/2042 4681/5601/2042 4711/5626/2042
f 4712/4290/2042 4711/5626/2042 4681/5601/2042
f 4713/4288/2042 4712/4290/2042 4682/5603/2042
f 4713/4288/2042 4683/5604/3845 4684/5605/3846
f 4714/4821/2042 4684/5605/3846 4685/5606/3847
f 4715/4778/3559 4685/7169/3847 4686/5607/3848
f 4716/4582/2036 4686/5607/3848 4687/5609/3849
f 4717/4583/2036 4687/5609/3849 4688/5610/2036
f 4719/4522/2036 4799/4521/2036 4800/5628/2036
f 4719/4522/2036 4689/5611/2036 4690/5612/2036
f 4720/4897/2036 4690/5612/2036 4691/5613/2036
f 4721/5423/2036 4691/5613/2036 4692/5614/3850
f 4722/4836/3258 4692/7170/3850 4693/5615/3851
f 4723/4837/3588 4693/5615/3851 4694/5617/3588
f 4724/5339/3588 4694/5617/3588 4695/5618/3210
f 4725/4286/3210 4695/5618/3210 4696/5619/3209
f 4738/4400/3209 4726/4399/3209 4696/5619/3209
f 4727/4731/3210 4697/5622/3210 4698/5623/3853
f 4669/5584/3839 4699/5274/3275 4728/4732/3539
f 4730/4654/64 4729/5198/64 3858/5629/3854
f 4731/5493/3825 4730/4654/64 4169/5630/3855
f 4732/5492/3341 4731/5493/3825 3788/5495/3826
f 4637/4737/3276 4733/4394/3341 4732/5492/3341
f 4734/4392/3340 4733/4394/3341 4637/4737/3276
f 3789/5633/3856 4666/5580/3838 4735/4395/3342
f 4666/5580/3838 3790/4733/3540 4736/5621/3852
f 4737/5620/3209 4736/5621/3852 3790/4733/3540
f 4727/4731/3210 4738/4400/3209 4737/5620/3209
f 4739/4398/3344 4738/4400/3209 4727/4731/3210
f 3953/5425/43 4740/4401/43 4739/4403/3344
f 4494/4890/43 4741/4892/43 4740/4401/43
f 3810/4725/43 4742/4516/43 4741/4892/43
f 4792/5635/43 4793/4514/43 4742/4516/43
f 4744/4575/43 4743/5240/43 3830/5242/43
f 4745/4774/43 4744/4575/43 4257/4723/43
f 4746/4773/3347 4745/4774/43 3907/4722/43
f 4747/4404/2042 4746/4406/3347 3792/4719/3535
f 4710/5625/2042 4680/5600/2042 4748/5602/2042
f 4749/4409/3349 4748/5602/2042 4680/5600/2042
f 4749/4409/3349 3793/4715/3533 4649/4717/64
f 4750/4407/64 4649/4717/64 3794/5557/3532
f 4751/4412/3351 3794/4712/3532 4620/4714/2041
f 4620/4714/2041 4570/5520/2041 4753/5524/2041
f 4753/5524/2041 4570/5520/2041 3795/5521/3832
f 4755/5541/64 4754/5522/3833 3795/5521/3832
f 4756/5540/64 4755/5541/64 4355/5636/3857
f 3870/5638/3859 4268/7171/3746 4758/5639/2042
f 4758/5639/2042 4268/7171/3746 3806/5641/3516
f 4760/5643/2039 4759/5642/3519 3806/5641/3516
f 4761/5645/2039 4760/5643/2039 4500/5644/2039
f 4761/5645/2039 3948/5646/2039 3767/5647/3827
f 4762/5648/3828 3767/5647/3827 3889/5649/3176
f 4764/5651/3176 4763/5650/3176 3889/5649/3176
f 4764/5651/3176 4304/5652/3176 3788/5653/3826
f 4766/5655/3504 4765/5654/3860 3788/5653/3826
f 4767/5657/3730 4766/5655/3504 4169/5656/3855
f 4757/5640/2042 4758/5639/2042 4769/5256/2042
f 4769/5256/2042 4758/5639/2042 4759/5642/3519
f 4771/4880/2039 4770/4688/3518 4759/5642/3519
f 4772/5429/2039 4771/4880/2039 4760/5643/2039
f 4772/5429/2039 4761/5645/2039 4762/5648/3828
f 4773/4650/3497 4762/5648/3828 4763/5650/3176
f 4775/5272/3176 4774/4653/3176 4763/5650/3176
f 4776/4740/3544 4775/5272/3176 4764/5651/3176
f 4766/5655/3504 4777/4661/3504 4776/4740/3544
f 4778/5200/3730 4777/4661/3504 4766/5655/3504
f 4812/5660/2039 4782/5507/2039 4781/4686/3517
f 4813/5661/2039 4783/4503/2039 4782/5507/2039
f 4814/5662/3861 4784/4504/3415 4783/4503/2039
f 4815/5663/3862 4785/4507/3418 4784/5548/3415
f 4815/5663/3862 4816/5666/3863 4786/4505/3416
f 4817/5665/2039 4787/5591/2039 4786/4505/3416
f 4818/5667/2039 4788/4509/2039 4787/5591/2039
f 4819/5668/3864 4789/4510/3420 4788/4509/2039
f 4819/5669/3864 4820/5670/43 4790/5277/43
f 4820/5670/43 4821/5671/43 4791/4724/43
f 4821/5671/43 4822/5672/43 4792/5635/43
f 4822/5672/43 4823/5696/43 4793/4514/43
f 4824/5673/43 4825/5674/43 4795/4517/43
f 4825/5674/43 4826/5675/43 4796/5336/43
f 4826/5675/43 4827/5676/43 4797/4829/43
f 4827/5676/43 4828/5697/3866 4798/5677/3865
f 4829/5678/2036 4799/4521/2036 4798/5679/3865
f 4830/5681/2036 4800/5628/2036 4799/4521/2036
f 4831/5682/3867 4801/4524/3423 4800/5628/2036
f 4832/5683/64 4802/4525/64 4801/4524/3423
f 4833/5684/3868 4803/5570/3424 4802/4525/64
f 4834/5685/2036 4804/4528/2036 4803/4527/3424
f 4804/4528/2036 4834/5685/2036 4835/5687/2036
f 4836/5688/3869 4806/4665/3507 4805/5543/2036
f 4837/5689/64 4807/5467/64 4806/4665/3507
f 4838/5690/64 4808/7164/64 4807/5467/64
f 4810/4691/64 4809/7154/64 3871/5691/3870
f 4811/4690/3520 4810/4691/64 4269/5692/3871
f 4812/5660/2039 4811/4690/3520 3826/5509/3829
f 4614/5249/2039 4813/5661/2039 4812/5660/2039
f 4814/5662/3861 4813/5661/2039 4614/5249/2039
f 3827/5551/3835 4643/5550/64 4815/5663/3862
f 4643/5550/64 3828/5247/3742 4816/5666/3863
f 4817/5665/2039 4816/5666/3863 3828/5247/3742
f 4704/5245/2039 4818/5667/2039 4817/5665/2039
f 4819/5668/3864 4818/5667/2039 4704/5245/2039
f 3884/5278/43 4820/5670/43 4819/5669/3864
f 4820/5670/43 3884/5278/43 4310/5241/43
f 4821/5671/43 4310/5241/43 3830/5242/43
f 4743/5240/43 4823/5696/43 4822/5672/43
f 4823/5696/43 4743/5240/43 4599/5239/43
f 4824/5673/43 4599/5239/43 3831/5238/43
f 4367/5335/43 4826/5675/43 4825/5674/43
f 4826/5675/43 4367/5335/43 3930/5235/43
f 4827/5676/43 3930/5235/43 3832/5236/3740
f 4828/5680/3866 3832/5233/3740 4718/5234/2036
f 4718/5234/2036 4688/5610/2036 4830/5681/2036
f 4830/5681/2036 4688/5610/2036 3833/5231/3739
f 4831/5682/3867 3833/5231/3739 4657/5232/64
f 4832/5683/64 4657/5232/64 3834/5568/3738
f 4833/5686/3868 3834/5229/3738 4628/5230/2036
f 4628/5230/2036 4577/5537/2036 4835/5687/2036
f 4835/5687/2036 4577/5537/2036 3835/5538/3782
f 4837/5689/64 4836/5688/3869 3835/5538/3782
f 4837/5689/64 4547/5698/3780 3863/5699/3872
f 3866/5700/3858 4355/7172/3857 4840/5210/2036
f 4840/5210/2036 4355/7172/3857 3795/5701/3832
f 4842/5211/2040 4841/5209/3732 3795/5701/3832
f 4843/5214/2041 4842/5211/2040 4316/5702/2040
f 4843/5214/2041 3880/5703/2041 3768/5704/3830
f 4845/5215/2039 4844/5212/3733 3768/5704/3830
f 4845/5215/2039 3902/5705/2039 4262/5706/2039
f 4846/5216/2039 4262/5706/2039 3826/5707/3829
f 4848/5217/2033 4847/5218/3734 3826/5707/3829
f 4849/5259/2033 4848/5217/2033 4269/5708/3871
f 4449/5325/2039 4448/4682/2039 4851/5377/2039
f 4447/4641/3494 4852/5376/3785 4851/5377/2039
f 4446/5330/2040 4853/5373/2040 4852/5376/3785
f 4445/4814/2040 4854/5371/2040 4853/5373/2040
f 4444/4783/3564 4855/5370/3784 4854/5371/2040
f 4443/4638/2036 4856/5368/2036 4855/5370/3784
f 4442/5228/2036 4857/5364/2036 4856/5368/2036
f 4441/5227/3737 4858/5362/3781 4857/5364/2036
f 4546/4668/2033 4859/5363/2033 4858/5362/3781
f 4440/5464/2033 4860/5466/2033 4859/5363/2033
f 4578/5469/2042 4532/5472/2042 4549/5443/2042
f 4579/4671/2042 4549/5443/2042 4533/5442/3813
f 4580/4904/3620 4533/5442/3813 4534/5446/2036
f 4581/4903/2036 4534/5446/2036 4535/5448/2036
f 4582/4636/2036 4535/5448/2036 4536/5451/3814
f 4583/4634/3493 4536/5451/3814 4537/5453/3275
f 4585/4633/3275 4584/4844/3275 4537/5453/3275
f 4585/4633/3275 4538/5455/3275 4539/5711/3873
f 4587/4659/3502 4586/4631/3492 4539/5711/3873
f 4588/5195/3729 4587/4659/3502 4540/5456/3502
f 4823/5696/43 4824/5673/43 4794/4627/43
f 3966/5712/3874 4934/5792/3911 4935/5713/2039
f 3967/5714/3875 4935/5713/2039 4936/5715/2039
f 3968/5717/3877 4937/5782/3920 4938/5718/3878
f 3969/5720/3880 4940/5769/3912 4941/5721/2039
f 3970/5723/3882 4942/5770/2039 4943/5724/3883
f 3971/5726/3884 4943/5802/3883 4944/5727/2042
f 3972/5728/3885 4944/5727/2042 4945/5729/2042
f 3973/5731/3887 4946/5772/3914 4947/5732/3644
f 3974/5734/3889 4949/5779/3918 4950/5735/2042
f 3975/5737/3891 4951/5777/2042 4952/5738/3892
f 3977/5740/3894 3976/5787/3893 4952/5741/3892
f 4235/5743/3895 3977/5740/3894 4953/5742/2036
f 4202/5745/3896 3978/5771/3913 4955/5746/3897
f 3979/5748/3899 4958/5781/3919 4959/5749/2036
f 3980/5751/3901 4960/5783/2036 4961/5752/3902
f 3982/5754/3904 3981/5789/3903 4961/5755/3902
f 3982/5754/3904 4962/5756/3588 4963/5757/3588
f 3983/5759/3906 4964/5776/3917 4965/5760/3209
f 3984/5762/3908 4967/5775/3916 4968/5763/3539
f 3985/5765/3910 4933/5773/3915 4934/5766/3911
f 3969/5720/3880 4201/5786/3922 4939/5768/2039
f 4234/5722/3881 4941/5721/2039 4942/5770/2039
f 3978/5771/3913 4235/5743/3895 4954/5744/2036
f 3973/5731/3887 4286/5730/3886 4945/5729/2042
f 4287/5764/3909 4968/5763/3539 4933/5773/3915
f 3984/5762/3908 4335/5790/3924 4966/5774/3210
f 4389/5758/3905 4963/5757/3588 4964/5776/3917
f 4390/5736/3890 4950/5735/2042 4951/5777/2042
f 3974/5734/3889 4422/5784/3921 4948/5778/2042
f 3979/5748/3899 4468/5788/3923 4957/5780/2036
f 4517/5716/3876 4936/5715/2039 4937/5782/3920
f 4518/5750/3900 4959/5749/2036 4960/5783/2036
f 4939/5768/2039 4201/5786/3922 4467/5719/3879
f 4957/5780/2036 4468/5788/3923 4202/5745/3896
f 4966/5774/3210 4335/5790/3924 4421/5761/3907
f 4947/5732/3644 4948/5778/2042 4422/5784/3921
f 4897/5785/3641 3966/5712/3874 3967/5714/3875
f 4517/5716/3876 4899/5435/3217 4898/4960/3217
f 4899/5435/3217 4517/5716/3876 3968/5717/3877
f 4467/5719/3879 4901/5399/3439 4900/4962/3217
f 4467/5719/3879 4201/5786/3922 4902/4963/3331
f 4903/4964/3331 4902/4963/3331 4201/5786/3922
f 4904/4965/3632 4903/4964/3331 3969/5720/3880
f 4905/4966/3632 4904/4965/3632 4234/5722/3881
f 4906/4967/3637 4905/4966/3632 3970/5723/3882
f 3972/5728/3885 4907/4968/3223 4906/4969/3637
f 4286/5730/3886 4908/4971/3223 4907/4968/3223
f 3973/5731/3887 4909/4970/3223 4908/4971/3223
f 4909/4970/3223 3973/5731/3887 4336/5733/3888
f 4910/4972/3223 4336/5733/3888 4422/5784/3921
f 4912/4973/3223 4911/5302/3223 4422/5784/3921
f 4913/4974/3223 4912/4973/3223 3974/5734/3889
f 4914/4975/3638 4913/4974/3223 4390/5736/3890
f 4915/4976/3633 4914/4975/3638 3975/5737/3891
f 3977/5740/3894 4916/4977/3634 4915/4978/3633
f 4235/5743/3895 4917/4979/3634 4916/4977/3634
f 3978/5771/3913 4918/4981/3634 4917/4979/3634
f 4202/5745/3896 4919/4980/3634 4918/4981/3634
f 4468/5788/3923 4920/5219/3639 4919/4980/3634
f 4921/4982/3639 4920/5219/3639 4468/5788/3923
f 4922/4983/3634 4921/4982/3639 3979/5748/3899
f 4923/4984/3634 4922/4983/3634 4518/5750/3900
f 4924/4985/3640 4923/4984/3634 3980/5751/3901
f 3982/5754/3904 4925/4986/3235 4924/4987/3640
f 4389/5758/3905 4926/5347/3235 4925/4986/3235
f 4926/5347/3235 4389/5758/3905 3983/5759/3906
f 4421/5761/3907 4928/5301/3235 4927/4989/3235
f 4421/5761/3907 4335/5790/3924 4929/4990/3232
f 4930/4991/3232 4929/4990/3232 4335/5790/3924
f 4931/4992/3235 4930/4991/3232 3984/5762/3908
f 4932/4993/3235 4931/4992/3235 4287/5764/3909
f 4897/4994/3641 4932/4993/3235 3985/5765/3910
f 4933/5773/3915 4892/5828/3915 4861/5791/3925
f 4934/5792/3911 4861/7173/3925 4862/5793/2039
f 4935/5713/2039 4862/5793/2039 4863/5794/2039
f 4936/5715/2039 4863/5794/2039 4864/5795/3920
f 4937/5782/3920 4864/5795/3920 4865/5796/3878
f 4893/5797/2039 4939/5768/2039 4938/5718/3878
f 4940/5769/3912 4939/5768/2039 4893/5797/2039
f 4940/5769/3912 4866/5798/3926 4867/5799/2039
f 4941/5721/2039 4867/5799/2039 4868/5800/2039
f 4942/5770/2039 4868/5800/2039 4869/5801/3927
f 4943/5802/3883 4869/7174/3927 4870/5803/2042
f 4944/5727/2042 4870/5803/2042 4871/5804/2042
f 4945/5729/2042 4871/5804/2042 4872/5805/3914
f 4946/5772/3914 4872/5805/3914 4873/5806/3644
f 4895/5807/2042 4948/5778/2042 4947/5732/3644
f 4949/5779/3918 4948/5778/2042 4895/5807/2042
f 4949/5779/3918 4874/5808/3928 4875/5809/2042
f 4951/5777/2042 4950/5735/2042 4875/5809/2042
f 4952/5738/3892 4951/5777/2042 4876/5810/2042
f 4952/5741/3892 4877/7175/3718 4878/5812/2036
f 4953/5742/2036 4878/5812/2036 4879/5813/2036
f 4954/5744/2036 4879/5813/2036 4880/5814/3929
f 4956/5747/3898 4955/5746/3897 4880/5814/3929
f 4896/5816/2036 4957/5780/2036 4956/5747/3898
f 4958/5781/3919 4957/5780/2036 4896/5816/2036
f 4958/5781/3919 4882/5817/3931 4883/5818/2036
f 4959/5749/2036 4883/5818/2036 4884/5819/2036
f 4961/5752/3902 4960/5783/2036 4884/5819/2036
f 4961/5755/3902 4885/7176/3932 4886/5821/3588
f 4962/5756/3588 4886/5821/3588 4887/5822/3588
f 4963/5757/3588 4887/5822/3588 4888/5823/3917
f 4964/5776/3917 4888/5823/3917 4889/5824/3209
f 4894/5825/3276 4966/5774/3210 4965/5760/3209
f 4967/5775/3916 4966/5774/3210 4894/5825/3276
f 4967/5775/3916 4890/5826/3933 4891/5827/3915
f 4968/5763/3539 4891/5827/3915 4892/5828/3915
f 4481/5413/3804 4482/5414/3805 4970/5476/3821
f 4482/5414/3805 4216/5188/3726 4971/5829/3934
f 4216/5188/3726 4215/5187/3725 4972/5477/3822
f 4215/5187/3725 4481/5413/3804 4969/5478/3823
s 17
f 5193/5830/2042 5194/5917/3958 4976/5831/3935
f 5037/5833/2042 4979/5911/3957 5141/5834/3936
f 5147/5836/2042 5148/5855/2042 4982/5837/2042
f 5039/5832/2042 4976/5831/3935 4984/5839/3937
f 5038/5840/2042 4984/5839/3937 5130/5841/3938
f 4985/5843/3939 4983/5929/3960 5136/5844/2042
f 5036/5846/2042 4980/5909/3956 4987/5847/3940
f 5034/5849/2042 5069/5936/2042 5070/5850/3941
f 5183/5852/3943 4985/5843/3939 5137/5845/2042
f 5181/5854/2042 4982/5837/2042 5148/5855/2042
f 4993/5857/43 5186/6119/43 5247/5858/43
f 4996/5860/64 5211/5872/64 5248/5861/64
f 5139/5863/64 5238/6064/64 5213/5864/64
f 5000/5866/2036 5215/5891/2036 5212/5867/3944
f 5001/5869/3946 4993/5857/43 5209/5859/43
f 5002/5871/64 5217/5874/64 5211/5872/64
f 5002/5871/64 5128/6063/2905 5237/5873/64
f 5001/5869/3946 5216/5870/3947 5218/5875/2039
f 5004/5877/43 4999/5868/3945 5212/5867/3944
f 5005/5879/64 5220/6011/64 5214/5880/64
f 5221/5882/43 5225/5970/43 5063/5883/43
f 5072/5885/64 5007/7177/64 5222/5886/64
f 5003/5876/2039 5218/5875/2039 5246/5888/2039
f 5177/5890/2036 5245/6114/2036 5215/5891/2036
f 5010/5892/3948 4983/5921/3960 4985/5893/3939
f 5011/5894/2039 4985/5893/3939 5183/5895/3943
f 5178/5897/2036 5179/6115/3976 4981/5898/3949
f 5015/5900/3950 5014/5899/2036 4981/5898/3949
f 5015/5900/3950 4978/5901/3951 4986/5902/3952
f 4988/5904/3953 5017/5884/43 5063/5883/43
f 4989/5851/3942 5070/5850/3941 5071/5906/64
f 5020/5908/64 5019/6009/64 4987/5847/3940
f 5140/5910/64 5141/5834/3936 4979/5911/3957
f 5129/5913/64 5130/5841/3938 4984/5839/3937
f 5022/5914/64 4984/5839/3937 4976/5831/3935
f 5195/5916/64 5023/5915/64 4976/5831/3935
f 5187/5918/2892 5188/6120/3961 4974/5919/3959
f 5010/5892/3948 5026/5920/43 4974/5919/3959
f 4988/5922/3953 5064/5973/3954 5065/5923/2042
f 4978/5925/3951 5029/5962/2042 5028/5926/2042
f 4977/5838/2042 5030/5963/2042 5146/5928/2042
f 4983/5929/3960 5031/5932/2042 5135/5930/2042
f 4974/5931/3959 5032/5934/2042 5031/5932/2042
f 5188/5933/3961 5189/5964/2042 5032/5934/2042
f 5055/5935/2042 5068/5965/2042 5069/5936/2042
f 5057/5937/2042 5036/5846/2042 5035/5848/2042
f 5058/5939/2042 5037/5833/2042 5142/5835/2042
f 5059/5941/2042 5038/5840/2042 5131/5842/2042
f 5060/5943/2042 5039/5832/2042 5038/5840/2042
f 5192/5944/2042 5193/5830/2042 5039/5832/2042
f 5048/5945/2042 5066/5961/2042 5067/5946/2042
f 5050/5948/2042 5043/5966/2042 5042/5949/2042
f 5051/5951/2042 5044/5967/2042 5144/5952/2042
f 5052/5954/2042 5045/5958/2042 5133/5955/2042
f 5053/5957/2042 5046/5960/2042 5045/5958/2042
f 5190/5959/2042 5191/5968/2042 5046/5960/2042
f 5027/5924/2042 5065/5923/2042 5066/5961/2042
f 5029/5962/2042 5050/5948/2042 5049/5950/2042
f 5030/5963/2042 5051/5951/2042 5145/5953/2042
f 5031/5932/2042 5052/5954/2042 5134/5956/2042
f 5032/5934/2042 5053/5957/2042 5052/5954/2042
f 5189/5964/2042 5190/5959/2042 5053/5957/2042
f 5041/5947/2042 5067/5946/2042 5068/5965/2042
f 5043/5966/2042 5057/5937/2042 5056/5938/2042
f 5044/5967/2042 5058/5939/2042 5143/5940/2042
f 5045/5958/2042 5059/5941/2042 5132/5942/2042
f 5046/5960/2042 5060/5943/2042 5059/5941/2042
f 5191/5968/2042 5192/5944/2042 5060/5943/2042
f 5073/5969/43 5227/5984/43 5225/5970/43
f 5063/5883/43 5074/6126/43 5075/5972/3962
f 5064/5973/3954 5075/5987/3962 5076/5974/2042
f 5065/5923/2042 5076/5974/2042 5077/5975/2042
f 5067/5946/2042 5066/5961/2042 5077/5975/2042
f 5068/5965/2042 5067/5946/2042 5078/5976/2042
f 5068/5965/2042 5079/5977/2042 5080/5978/2042
f 5069/5936/2042 5080/5978/2042 5081/5979/3963
f 5082/5980/64 5071/5906/64 5070/5850/3941
f 5083/5981/64 5072/5885/64 5226/5887/64
f 5084/5983/43 5229/6125/43 5227/5984/43
f 5075/5972/3962 5074/6126/43 5085/5985/43
f 5075/5987/3962 5086/6124/3964 5087/5988/2042
f 5076/5974/2042 5087/5988/2042 5088/5989/2042
f 5077/5975/2042 5088/5989/2042 5089/5990/2042
f 5078/5976/2042 5089/5990/2042 5090/5991/2042
f 5079/5977/2042 5090/5991/2042 5091/5992/2042
f 5080/5978/2042 5091/5992/2042 5092/5993/3965
f 5082/5980/64 5081/5979/3963 5092/5993/3965
f 5094/5995/64 5083/5981/64 5228/5982/64
f 5004/5877/43 5219/5878/43 5250/5997/43
f 5206/5999/43 5016/5903/2892 4986/5902/3952
f 5205/6001/3966 4986/5927/3952 5028/5926/2042
f 5204/6002/2042 5028/5926/2042 5049/5950/2042
f 5203/6003/2042 5049/5950/2042 5042/5949/2042
f 5202/6004/2042 5042/5949/2042 5056/5938/2042
f 5201/6005/2042 5056/5938/2042 5035/5848/2042
f 5200/6006/2042 5035/5848/2042 4987/5847/3940
f 5198/6008/64 5199/6007/3967 4987/5847/3940
f 5005/5879/64 5197/6123/64 5249/6010/64
f 5231/6012/43 5208/6128/43 5025/6013/43
f 5097/6015/3968 5096/6014/43 5025/6013/43
f 5098/6017/2042 5097/7178/3968 4973/6018/3969
f 5099/6020/2042 5098/6017/2042 5033/6019/2042
f 5100/6022/2042 5099/6020/2042 5054/6021/2042
f 5101/6024/2042 5100/6022/2042 5047/6023/2042
f 5102/6026/2042 5101/6024/2042 5061/6025/2042
f 5102/6026/2042 5040/6027/2042 4975/6028/3970
f 5024/6030/64 5104/6046/64 5103/6029/3971
f 5105/6031/64 5232/6048/64 5210/6032/64
f 5095/6034/43 5231/6012/43 5233/6035/43
f 5107/6037/2892 5096/6014/43 5097/6015/3968
f 5108/6039/3972 5097/7178/3968 5098/6017/2042
f 5109/6040/2042 5098/6017/2042 5099/6020/2042
f 5110/6041/2042 5099/6020/2042 5100/6022/2042
f 5111/6042/2042 5100/6022/2042 5101/6024/2042
f 5113/6044/2042 5112/6043/2042 5101/6024/2042
f 5113/6044/2042 5102/6026/2042 5103/6029/3971
f 5104/6046/64 5115/6060/64 5114/6045/3973
f 5105/6031/64 5116/6062/64 5234/6047/64
f 5117/6049/43 5106/6036/43 5233/6035/43
f 5119/6051/3974 5118/6121/43 5107/6037/2892
f 5119/6052/3974 5108/6039/3972 5109/6040/2042
f 5120/6053/2042 5109/6040/2042 5110/6041/2042
f 5121/6054/2042 5110/6041/2042 5111/6042/2042
f 5122/6055/2042 5111/6042/2042 5112/6043/2042
f 5123/6056/2042 5112/6043/2042 5113/6044/2042
f 5124/6057/2042 5113/6044/2042 5114/6045/3973
f 5126/6059/64 5125/6058/3975 5114/6045/3973
f 5127/6061/64 5236/6122/64 5234/6047/64
f 4997/5865/64 5213/5864/64 5237/5873/64
f 5130/5841/3938 5129/5913/64 5021/5912/64
f 5131/5842/2042 5130/5841/3938 4979/5911/3957
f 5132/5942/2042 5131/5842/2042 5037/5833/2042
f 5133/5955/2042 5132/5942/2042 5058/5939/2042
f 5134/5956/2042 5133/5955/2042 5044/5967/2042
f 5135/5930/2042 5134/5956/2042 5051/5951/2042
f 5136/5844/2042 5135/5930/2042 5030/5963/2042
f 5137/5845/2042 5136/5844/2042 4977/5838/2042
f 5182/5853/2042 5137/5845/2042 4982/5837/2042
f 5139/5863/64 4998/5881/2905 5214/5880/64
f 5140/5910/64 5020/5908/64 4980/5909/3956
f 5142/5835/2042 5141/5834/3936 4980/5909/3956
f 5143/5940/2042 5142/5835/2042 5036/5846/2042
f 5144/5952/2042 5143/5940/2042 5057/5937/2042
f 5145/5953/2042 5144/5952/2042 5043/5966/2042
f 5146/5928/2042 5145/5953/2042 5050/5948/2042
f 5147/5836/2042 5146/5928/2042 5029/5962/2042
f 4978/5925/3951 4981/6065/3949 5148/5855/2042
f 5180/5856/2042 5148/5855/2042 4981/6065/3949
f 5239/6067/2036 5224/6130/2036 5013/6068/2036
f 5152/6070/3977 5151/6069/2036 5013/6068/2036
f 5153/6072/2042 5152/6093/3977 4992/6073/3978
f 5154/6075/2042 5153/6072/2042 5149/6074/2042
f 5155/6077/2042 5154/6075/2042 4991/6076/2042
f 5156/6079/3979 5155/6077/2042 5138/6078/2042
f 5157/6081/2039 5156/6098/3979 4990/6082/3980
f 5158/6084/2039 5240/6100/2039 5223/6085/2039
f 5150/6087/2036 5239/6067/2036 5241/6088/2036
f 5160/6090/2036 5151/6069/2036 5152/6070/3977
f 5153/6072/2042 5162/6094/2042 5161/6092/3981
f 5154/6075/2042 5163/6095/2042 5162/6094/2042
f 5155/6077/2042 5164/6096/2042 5163/6095/2042
f 5156/6079/3979 5165/6108/3983 5164/6096/2042
f 5166/6097/2039 5165/6111/3983 5156/6098/3979
f 5167/6099/2039 5242/6113/2039 5240/6100/2039
f 5159/6089/2036 5241/6088/2036 5243/6101/2036
f 5169/6103/2036 5160/6090/2036 5161/6091/3981
f 5162/6094/2042 5171/6106/2042 5170/6105/3982
f 5163/6095/2042 5172/6107/2042 5171/6106/2042
f 5164/6096/2042 5173/6109/2042 5172/6107/2042
f 5165/6108/3983 5174/6116/3984 5173/6109/2042
f 5175/6110/2039 5174/6117/3984 5165/6111/3983
f 5176/6112/2039 5244/6118/2039 5242/6113/2039
f 5168/6102/2036 5243/6101/2036 5245/6114/2036
f 5178/5897/2036 5169/6103/2036 5170/6104/3982
f 5171/6106/2042 5180/5856/2042 5179/6066/3976
f 5172/6107/2042 5181/5854/2042 5180/5856/2042
f 5173/6109/2042 5182/5853/2042 5181/5854/2042
f 5174/6116/3984 5183/5852/3943 5182/5853/2042
f 5184/5896/2039 5183/5895/3943 5174/6117/3984
f 5185/5889/2039 5246/5888/2039 5244/6118/2039
f 5186/6119/43 5117/6049/43 5235/6050/43
f 5188/6120/3961 5187/5918/2892 5118/6121/43
f 5188/5933/3961 5119/6052/3974 5120/6053/2042
f 5189/5964/2042 5120/6053/2042 5121/6054/2042
f 5190/5959/2042 5121/6054/2042 5122/6055/2042
f 5191/5968/2042 5122/6055/2042 5123/6056/2042
f 5192/5944/2042 5123/6056/2042 5124/6057/2042
f 5193/5830/2042 5124/6057/2042 5125/6058/3975
f 5195/5916/64 5194/5917/3958 5125/6058/3975
f 5196/5862/64 5248/5861/64 5236/6122/64
f 5197/6123/64 5094/5995/64 5230/5996/64
f 5199/6007/3967 5198/6008/64 5093/5994/64
f 5091/5992/2042 5200/6006/2042 5199/6007/3967
f 5090/5991/2042 5201/6005/2042 5200/6006/2042
f 5089/5990/2042 5202/6004/2042 5201/6005/2042
f 5088/5989/2042 5203/6003/2042 5202/6004/2042
f 5087/5988/2042 5204/6002/2042 5203/6003/2042
f 5086/6124/3964 5205/6001/3966 5204/6002/2042
f 5085/5985/43 5206/5999/43 5205/6000/3966
f 5207/5998/43 5250/5997/43 5229/6125/43
f 5209/5859/43 5247/5858/43 5187/5918/2892
f 5211/5872/64 5023/5915/64 5195/5916/64
f 5213/5864/64 5238/6064/64 5140/5910/64
f 5212/5867/3944 5215/5891/2036 5014/5899/2036
f 5209/5859/43 5026/5920/43 5010/5892/3948
f 5211/5872/64 5217/5874/64 5022/5914/64
f 5217/5874/64 5237/5873/64 5129/5913/64
f 5216/5870/3947 5010/5892/3948 5011/5894/2039
f 5212/5867/3944 5015/5900/3950 5016/5903/2892
f 5214/5880/64 5220/6011/64 5019/6009/64
f 5221/5882/43 5006/7179/43 5062/5971/43
f 5222/5886/64 5018/5907/3955 5071/5906/64
f 5218/5875/2039 5011/5894/2039 5184/5896/2039
f 5245/6114/2036 5178/5897/2036 5014/5899/2036
f 5227/5984/43 5074/6126/43 5063/5883/43
f 5228/5982/64 5226/5887/64 5071/5906/64
f 5229/6125/43 5085/5985/43 5074/6126/43
f 5230/5996/64 5228/5982/64 5082/5980/64
f 5219/5878/43 5016/5903/2892 5206/5999/43
f 5220/6011/64 5249/6010/64 5198/6008/64
f 5231/6012/43 5095/6034/43 4994/6127/43
f 5232/6048/64 5104/6046/64 5024/6030/64
f 5233/6035/43 5231/6012/43 5096/6014/43
f 5234/6047/64 5115/6060/64 5104/6046/64
f 5233/6035/43 5107/6037/2892 5118/6121/43
f 5234/6047/64 5236/6122/64 5126/6059/64
f 5237/5873/64 5213/5864/64 5021/5912/64
f 5238/6064/64 5214/5880/64 5020/5908/64
f 5239/6067/2036 5150/6087/2036 5009/6129/2036
f 5240/6100/2039 5157/6081/2039 5012/6083/2039
f 5239/6067/2036 5151/6069/2036 5160/6090/2036
f 5242/6113/2039 5166/6097/2039 5157/6081/2039
f 5243/6101/2036 5241/6088/2036 5160/6090/2036
f 5244/6118/2039 5175/6110/2039 5166/6097/2039
f 5245/6114/2036 5243/6101/2036 5169/6103/2036
f 5246/5888/2039 5184/5896/2039 5175/6110/2039
f 5247/5858/43 5235/6050/43 5118/6121/43
f 5248/5861/64 5195/5916/64 5126/6059/64
f 5230/5996/64 5093/5994/64 5198/6008/64
f 5229/6125/43 5250/5997/43 5206/5999/43
s 18
f 5254/6131/3985 5472/6216/4008 5471/6132/2039
f 5419/6134/3986 5257/6210/4007 5315/6135/2039
f 5255/6137/3249 5260/6360/2039 5426/6138/2039
f 5262/6140/3987 5254/6131/3985 5317/6133/2039
f 5408/6142/3988 5262/6140/3987 5316/6141/2039
f 5414/6144/2039 5261/6230/4011 5263/6145/3989
f 5265/6147/3990 5258/6361/4030 5314/6148/2039
f 5348/6150/3991 5347/6235/2039 5312/6151/2039
f 5415/6146/2039 5263/6145/3989 5461/6153/3993
f 5426/6138/2039 5260/6360/2039 5459/6155/2039
f 5487/6157/43 5525/6416/43 5464/6158/43
f 5474/6160/64 5526/6417/64 5489/6161/64
f 5275/6163/64 5491/6359/64 5516/6164/3012
f 5490/6166/3994 5493/6191/2033 5278/6167/2033
f 5494/6169/3996 5487/6157/43 5271/6159/3046
f 5274/6162/64 5489/6161/64 5495/6171/64
f 5280/6172/64 5495/6171/64 5515/6173/64
f 5496/6175/2042 5494/6169/3996 5279/6170/3997
f 5497/6177/43 5490/6166/3994 5277/6178/3995
f 5276/6180/64 5492/6422/64 5498/6181/3998
f 5341/6183/43 5503/6269/43 5499/6184/43
f 5350/6186/64 5504/6282/64 5500/6187/64
f 5524/6189/2042 5496/6175/2042 5281/6176/2042
f 5493/6191/2033 5523/6411/2033 5455/6192/2033
f 5263/6193/3989 5261/7180/4011 5288/6194/3999
f 5461/6196/3993 5263/6193/3989 5289/6195/2042
f 5259/6198/4000 5457/6412/4031 5456/6199/2033
f 5256/6201/4001 5259/6198/4000 5292/6200/2033
f 5264/6203/4003 5256/6201/4001 5293/6202/4002
f 5342/6205/4004 5341/6183/43 5295/6185/3046
f 5296/6207/64 5349/6279/3012 5348/6150/3991
f 5298/6208/4006 5258/6361/4030 5265/6147/3990
f 5257/6210/4007 5419/6134/3986 5418/6211/64
f 5262/6140/3987 5408/6142/3988 5407/6213/64
f 5254/6131/3985 5262/6140/3987 5300/6214/64
f 5472/6216/4008 5254/6131/3985 5301/6215/64
f 5304/6218/43 5252/7181/4012 5466/6219/4010
f 5261/6221/4011 5252/7181/4012 5304/6218/43
f 5305/6222/2039 5343/6274/2039 5342/6223/4004
f 5306/6225/2039 5307/6262/2039 5256/6226/4001
f 5424/6228/2039 5308/6263/2039 5255/6137/3249
f 5413/6229/2039 5309/6231/2039 5261/6230/4011
f 5309/6231/2039 5310/6233/2039 5252/6232/4012
f 5310/6233/2039 5467/6264/2039 5466/6234/4010
f 5347/6235/2039 5346/6265/2039 5333/6236/2039
f 5313/6149/2039 5314/6148/2039 5335/6237/2039
f 5420/6136/2039 5315/6135/2039 5336/6239/2039
f 5409/6143/2039 5316/6141/2039 5337/6241/2039
f 5316/6141/2039 5317/6133/2039 5338/6243/2039
f 5317/6133/2039 5471/6132/2039 5470/6244/2039
f 5345/6245/2039 5344/6261/2039 5326/6246/2039
f 5320/6248/2039 5321/6266/2039 5328/6249/2039
f 5422/6251/2039 5322/6267/2039 5329/6252/2039
f 5411/6254/2039 5323/6257/2039 5330/6255/2039
f 5323/6257/2039 5324/6259/2039 5331/6258/2039
f 5324/6259/2039 5469/6268/2039 5468/6260/2039
f 5344/6261/2039 5343/6274/2039 5305/6222/2039
f 5327/6250/2039 5328/6249/2039 5307/6262/2039
f 5423/6253/2039 5329/6252/2039 5308/6263/2039
f 5412/6256/2039 5330/6255/2039 5309/6231/2039
f 5330/6255/2039 5331/6258/2039 5310/6233/2039
f 5331/6258/2039 5468/6260/2039 5467/6264/2039
f 5346/6265/2039 5345/6245/2039 5319/6247/2039
f 5334/6238/2039 5335/6237/2039 5321/6266/2039
f 5421/6240/2039 5336/6239/2039 5322/6267/2039
f 5410/6242/2039 5337/6241/2039 5323/6257/2039
f 5337/6241/2039 5338/6243/2039 5324/6259/2039
f 5338/6243/2039 5470/6244/2039 5469/6268/2039
f 5503/6269/43 5505/6283/43 5351/6270/43
f 5342/6205/4004 5353/6286/4015 5352/6272/43
f 5354/6273/2039 5353/6288/4015 5342/6223/4004
f 5355/6275/2039 5354/6273/2039 5343/6274/2039
f 5345/6245/2039 5356/6276/2039 5355/6275/2039
f 5346/6265/2039 5357/6292/2039 5356/6276/2039
f 5358/6277/2039 5357/6292/2039 5346/6265/2039
f 5359/6278/4013 5358/6277/2039 5347/6235/2039
f 5359/6278/4013 5348/6150/3991 5349/6279/3012
f 5361/6281/64 5506/6423/64 5504/6282/64
f 5505/6283/43 5507/6421/43 5362/6284/43
f 5364/6285/4014 5363/6420/43 5352/6272/43
f 5365/6287/2039 5364/6419/4014 5353/6288/4015
f 5366/6289/2039 5365/6287/2039 5354/6273/2039
f 5367/6290/2039 5366/6289/2039 5355/6275/2039
f 5368/6291/2039 5367/6290/2039 5356/6276/2039
f 5369/6293/2039 5368/6291/2039 5357/6292/2039
f 5370/6294/4016 5369/6293/2039 5358/6277/2039
f 5370/6294/4016 5359/6278/4013 5360/6280/2905
f 5508/6296/64 5506/6423/64 5361/6281/64
f 5485/6298/43 5528/6424/43 5497/6177/43
f 5264/6203/4003 5294/6204/2892 5484/6299/43
f 5306/6225/2039 5264/6227/4003 5483/6301/4018
f 5327/6250/2039 5306/6225/2039 5482/6302/2039
f 5320/6248/2039 5327/6250/2039 5481/6303/2039
f 5334/6238/2039 5320/6248/2039 5480/6304/2039
f 5313/6149/2039 5334/6238/2039 5479/6305/2039
f 5265/6147/3990 5313/6149/2039 5478/6306/2039
f 5297/6209/64 5265/6147/3990 5477/6307/4019
f 5498/6181/3998 5527/6418/3998 5475/6309/3998
f 5303/6310/43 5486/6425/43 5509/6311/43
f 5375/6313/4021 5251/7182/4022 5303/6310/43
f 5251/6314/4022 5375/7183/4021 5376/6315/2039
f 5311/6316/2039 5376/6315/2039 5377/6317/2039
f 5332/6318/2039 5377/6317/2039 5378/6319/2039
f 5325/6320/2039 5378/6319/2039 5379/6321/2039
f 5339/6322/2039 5379/6321/2039 5380/6323/2039
f 5253/6325/4023 5318/6324/2039 5380/6323/2039
f 5302/6327/4025 5253/6325/4023 5381/6326/4024
f 5488/6329/64 5510/6426/64 5383/6330/64
f 5511/6332/43 5509/6311/43 5373/6333/43
f 5375/6313/4021 5374/6312/4020 5385/6335/3046
f 5376/6315/2039 5375/7183/4021 5386/6337/4026
f 5377/6317/2039 5376/6315/2039 5387/6338/2039
f 5378/6319/2039 5377/6317/2039 5388/6339/2039
f 5379/6321/2039 5378/6319/2039 5389/6340/2039
f 5391/6342/2039 5380/6323/2039 5379/6321/2039
f 5381/6326/4024 5380/6323/2039 5391/6342/2039
f 5382/6328/2905 5381/6326/4024 5392/6343/4027
f 5383/6330/64 5510/6426/64 5512/6345/64
f 5395/6347/43 5513/6427/43 5511/6332/43
f 5397/6348/4028 5386/6336/4026 5385/6335/3046
f 5387/6338/2039 5386/6337/4026 5397/6350/4028
f 5388/6339/2039 5387/6338/2039 5398/6351/2039
f 5389/6340/2039 5388/6339/2039 5399/6352/2039
f 5390/6341/2039 5389/6340/2039 5400/6353/2039
f 5391/6342/2039 5390/6341/2039 5401/6354/2039
f 5392/6343/4027 5391/6342/2039 5402/6355/2039
f 5392/6343/4027 5403/6356/4029 5404/6357/3012
f 5512/6345/64 5514/6428/64 5405/6358/64
f 5406/6174/64 5515/6173/64 5491/6359/64
f 5408/6142/3988 5257/6210/4007 5299/6212/2905
f 5257/6210/4007 5408/6142/3988 5409/6143/2039
f 5315/6135/2039 5409/6143/2039 5410/6242/2039
f 5336/6239/2039 5410/6242/2039 5411/6254/2039
f 5322/6267/2039 5411/6254/2039 5412/6256/2039
f 5329/6252/2039 5412/6256/2039 5413/6229/2039
f 5308/6263/2039 5413/6229/2039 5414/6144/2039
f 5255/6137/3249 5414/6144/2039 5415/6146/2039
f 5260/6360/2039 5415/6146/2039 5460/6154/2039
f 5516/6164/3012 5492/6422/64 5276/6180/64
f 5419/6134/3986 5258/6361/4030 5298/6208/4006
f 5258/6361/4030 5419/6134/3986 5420/6136/2039
f 5314/6148/2039 5420/6136/2039 5421/6240/2039
f 5335/6237/2039 5421/6240/2039 5422/6251/2039
f 5321/6266/2039 5422/6251/2039 5423/6253/2039
f 5328/6249/2039 5423/6253/2039 5424/6228/2039
f 5307/6262/2039 5424/6228/2039 5425/6139/2039
f 5425/6139/2039 5426/6138/2039 5259/6362/4000
f 5259/6362/4000 5426/6138/2039 5458/6156/2039
f 5291/6364/2033 5502/6430/2033 5517/6365/2033
f 5291/6364/2033 5429/6366/2033 5430/6367/4032
f 5270/6369/4033 5430/6390/4032 5431/6370/2039
f 5427/6371/2039 5431/6370/2039 5432/6372/2039
f 5269/6373/2039 5432/6372/2039 5433/6374/2039
f 5416/6375/2039 5433/6374/2039 5434/6376/4034
f 5268/6378/4035 5434/6394/4034 5435/6379/2042
f 5501/6381/2042 5518/6396/2042 5436/6382/2042
f 5519/6384/2033 5517/6365/2033 5428/6385/2033
f 5430/6367/4032 5429/6366/2033 5438/6387/2033
f 5439/6389/4036 5440/6391/2039 5431/6370/2039
f 5440/6391/2039 5441/6392/2039 5432/6372/2039
f 5441/6392/2039 5442/6393/2039 5433/6374/2039
f 5442/6393/2039 5443/6406/4038 5434/6376/4034
f 5434/6394/4034 5443/6407/4038 5444/6395/2042
f 5518/6396/2042 5520/6409/2042 5445/6397/2042
f 5521/6398/2033 5519/6384/2033 5437/6386/2033
f 5439/6388/4036 5438/6387/2033 5447/6400/2033
f 5448/6402/4037 5449/6403/2039 5440/6391/2039
f 5449/6403/2039 5450/6404/2039 5441/6392/2039
f 5450/6404/2039 5451/6405/2039 5442/6393/2039
f 5451/6405/2039 5452/6413/4039 5443/6406/4038
f 5443/6407/4038 5452/6414/4039 5453/6408/2042
f 5520/6409/2042 5522/6415/2042 5454/6410/2042
f 5523/6411/2033 5521/6398/2033 5446/6399/2033
f 5448/6401/4037 5447/6400/2033 5456/6199/2033
f 5457/6363/4031 5458/6156/2039 5449/6403/2039
f 5458/6156/2039 5459/6155/2039 5450/6404/2039
f 5459/6155/2039 5460/6154/2039 5451/6405/2039
f 5460/6154/2039 5461/6153/3993 5452/6413/4039
f 5452/6414/4039 5461/6196/3993 5462/6197/2042
f 5522/6415/2042 5524/6189/2042 5463/6190/2042
f 5525/6416/43 5513/6427/43 5395/6347/43
f 5397/6348/4028 5396/6349/43 5465/6220/43
f 5398/6351/2039 5397/6350/4028 5466/6234/4010
f 5399/6352/2039 5398/6351/2039 5467/6264/2039
f 5400/6353/2039 5399/6352/2039 5468/6260/2039
f 5401/6354/2039 5400/6353/2039 5469/6268/2039
f 5402/6355/2039 5401/6354/2039 5470/6244/2039
f 5403/6356/4029 5402/6355/2039 5471/6132/2039
f 5404/6357/3012 5403/6356/4029 5472/6216/4008
f 5405/6358/64 5514/6428/64 5526/6417/64
f 5527/6418/3998 5508/6296/64 5372/6297/64
f 5477/6307/4019 5370/6294/4016 5371/6295/4017
f 5477/6307/4019 5478/6306/2039 5369/6293/2039
f 5478/6306/2039 5479/6305/2039 5368/6291/2039
f 5479/6305/2039 5480/6304/2039 5367/6290/2039
f 5480/6304/2039 5481/6303/2039 5366/6289/2039
f 5481/6303/2039 5482/6302/2039 5365/6287/2039
f 5482/6302/2039 5483/6301/4018 5364/6419/4014
f 5364/6285/4014 5483/6300/4018 5484/6299/43
f 5507/6421/43 5528/6424/43 5485/6298/43
f 5304/6218/43 5465/6220/43 5525/6416/43
f 5473/6217/4009 5301/6215/64 5489/6161/64
f 5299/6212/2905 5418/6211/64 5516/6164/3012
f 5293/6202/4002 5292/6200/2033 5493/6191/2033
f 5288/6194/3999 5304/6218/43 5487/6157/43
f 5489/6161/64 5301/6215/64 5300/6214/64
f 5300/6214/64 5407/6213/64 5515/6173/64
f 5289/6195/2042 5288/6194/3999 5494/6169/3996
f 5294/6204/2892 5293/6202/4002 5490/6166/3994
f 5492/6422/64 5298/6208/4006 5297/6209/64
f 5340/6271/43 5284/7184/43 5499/6184/43
f 5349/6279/3012 5296/6207/64 5500/6187/64
f 5462/6197/2042 5289/6195/2042 5496/6175/2042
f 5292/6200/2033 5456/6199/2033 5523/6411/2033
f 5341/6183/43 5352/6272/43 5505/6283/43
f 5360/6280/2905 5349/6279/3012 5504/6282/64
f 5352/6272/43 5363/6420/43 5507/6421/43
f 5508/6296/64 5371/6295/4017 5360/6280/2905
f 5484/6299/43 5294/6204/2892 5497/6177/43
f 5297/6209/64 5476/6308/64 5527/6418/3998
f 5486/6425/43 5272/7185/43 5373/6333/43
f 5302/6327/4025 5382/6328/2905 5510/6426/64
f 5511/6332/43 5385/6335/3046 5374/6312/4020
f 5382/6328/2905 5393/6344/2905 5512/6345/64
f 5513/6427/43 5396/6349/43 5385/6335/3046
f 5393/6344/2905 5404/6357/3012 5514/6428/64
f 5515/6173/64 5407/6213/64 5299/6212/2905
f 5516/6164/3012 5418/6211/64 5298/6208/4006
f 5287/6429/2033 5428/6385/2033 5517/6365/2033
f 5290/6380/2042 5435/6379/2042 5518/6396/2042
f 5438/6387/2033 5429/6366/2033 5517/6365/2033
f 5435/6379/2042 5444/6395/2042 5520/6409/2042
f 5447/6400/2033 5438/6387/2033 5519/6384/2033
f 5444/6395/2042 5453/6408/2042 5522/6415/2042
f 5456/6199/2033 5447/6400/2033 5521/6398/2033
f 5453/6408/2042 5462/6197/2042 5524/6189/2042
f 5525/6416/43 5465/6220/43 5396/6349/43
f 5404/6357/3012 5473/6217/4009 5526/6417/64
f 5476/6308/64 5371/6295/4017 5508/6296/64
f 5363/6420/43 5484/6299/43 5528/6424/43
s 19
f 5595/6431/2036 5532/6514/4063 5750/6432/4040
f 5697/6434/4041 5535/6509/4061 5593/6435/2036
f 5533/6437/2036 5538/6661/2036 5704/6438/2036
f 5540/6440/4042 5532/6514/4063 5595/6431/2036
f 5686/6442/4043 5540/6440/4042 5594/6441/2036
f 5692/6444/2036 5539/6529/4067 5541/6445/4044
f 5543/6447/4045 5536/6663/4083 5592/6448/2036
f 5626/6450/4046 5625/6534/2036 5590/6451/2036
f 5693/6446/2036 5541/6445/4044 5739/6453/4048
f 5704/6438/2036 5538/6661/2036 5737/6455/2036
f 5549/6457/43 5765/6721/43 5803/6458/43
f 5804/6460/64 5767/6471/64 5552/6461/4017
f 5769/6463/64 5794/6662/2905 5695/6464/4049
f 5768/6466/4050 5771/6490/2042 5556/6467/2042
f 5772/6469/4052 5765/6721/43 5549/6457/43
f 5767/6471/64 5773/6722/64 5558/6472/4049
f 5558/6472/4049 5773/6722/64 5793/6473/64
f 5774/6475/2033 5772/6469/4052 5557/6470/4053
f 5775/6477/43 5768/6466/4050 5555/6468/4051
f 5554/6479/4049 5770/6723/2905 5776/6480/64
f 5619/6482/43 5781/6568/43 5777/6483/43
f 5628/6485/64 5782/6582/64 5778/6486/64
f 5802/6488/2033 5774/6475/2033 5559/6476/2033
f 5771/6490/2042 5801/6713/2042 5733/6491/2042
f 5541/6492/4044 5539/7186/4067 5566/6493/4054
f 5739/6495/4048 5541/6492/4044 5567/6494/2033
f 5537/6497/4055 5735/6714/4084 5734/6498/2042
f 5534/6500/4056 5537/6497/4055 5570/6499/2042
f 5542/6502/4058 5534/6500/4056 5571/6501/4057
f 5544/6504/4059 5620/6572/4069 5619/6482/43
f 5627/6505/3955 5626/6450/4046 5545/6452/4047
f 5576/6507/4060 5536/6663/4083 5543/6447/4045
f 5535/6509/4061 5697/6434/4041 5696/6510/64
f 5578/6512/4062 5540/6440/4042 5686/6442/4043
f 5532/6514/4063 5540/6440/4042 5578/6512/4062
f 5751/6516/4064 5750/6432/4040 5532/6514/4063
f 5582/6517/43 5530/6520/4066 5744/6518/4065
f 5566/6493/4054 5539/7187/4067 5530/6520/4066
f 5621/6521/2036 5620/6574/4069 5544/6522/4059
f 5584/6524/2036 5585/6561/2036 5534/6525/4056
f 5702/6527/2036 5586/6562/2036 5533/6437/2036
f 5691/6528/2036 5587/6530/2036 5539/6529/4067
f 5587/6530/2036 5588/6532/2036 5530/6531/4066
f 5588/6532/2036 5745/6563/2036 5744/6533/4065
f 5625/6534/2036 5624/6564/2036 5611/6535/2036
f 5591/6449/2036 5592/6448/2036 5613/6536/2036
f 5698/6436/2036 5593/6435/2036 5614/6538/2036
f 5687/6443/2036 5594/6441/2036 5615/6540/2036
f 5594/6441/2036 5595/6431/2036 5616/6542/2036
f 5595/6431/2036 5749/6433/2036 5748/6543/2036
f 5623/6544/2036 5622/6560/2036 5604/6545/2036
f 5598/6547/2036 5599/6565/2036 5606/6548/2036
f 5700/6550/2036 5600/6566/2036 5607/6551/2036
f 5689/6553/2036 5601/6556/2036 5608/6554/2036
f 5601/6556/2036 5602/6558/2036 5609/6557/2036
f 5602/6558/2036 5747/6567/2036 5746/6559/2036
f 5622/6560/2036 5621/6521/2036 5583/6523/2036
f 5605/6549/2036 5606/6548/2036 5585/6561/2036
f 5701/6552/2036 5607/6551/2036 5586/6562/2036
f 5690/6555/2036 5608/6554/2036 5587/6530/2036
f 5608/6554/2036 5609/6557/2036 5588/6532/2036
f 5609/6557/2036 5746/6559/2036 5745/6563/2036
f 5624/6564/2036 5623/6544/2036 5597/6546/2036
f 5612/6537/2036 5613/6536/2036 5599/6565/2036
f 5699/6539/2036 5614/6538/2036 5600/6566/2036
f 5688/6541/2036 5615/6540/2036 5601/6556/2036
f 5615/6540/2036 5616/6542/2036 5602/6558/2036
f 5616/6542/2036 5748/6543/2036 5747/6567/2036
f 5781/6568/43 5783/6583/43 5629/6569/43
f 5631/6571/4068 5630/6586/43 5619/6482/43
f 5632/6573/2036 5631/6588/4068 5620/6574/4069
f 5633/6575/2036 5632/6573/2036 5621/6521/2036
f 5634/6576/2036 5633/6575/2036 5622/6560/2036
f 5635/6577/2036 5634/6576/2036 5623/6544/2036
f 5636/6578/2036 5635/6577/2036 5624/6564/2036
f 5637/6579/4070 5636/6578/2036 5625/6534/2036
f 5637/6579/4070 5626/6450/4046 5627/6505/3955
f 5639/6581/64 5784/6724/64 5782/6582/64
f 5783/6583/43 5785/6720/43 5640/6584/43
f 5631/6571/4068 5642/6719/4093 5641/6585/2892
f 5643/6587/2036 5642/6718/4093 5631/6588/4068
f 5644/6589/2036 5643/6587/2036 5632/6573/2036
f 5645/6590/2036 5644/6589/2036 5633/6575/2036
f 5646/6591/2036 5645/6590/2036 5634/6576/2036
f 5647/6592/2036 5646/6591/2036 5635/6577/2036
f 5648/6593/4071 5647/6592/2036 5636/6578/2036
f 5648/6593/4071 5637/6579/4070 5638/6580/64
f 5786/6595/64 5784/6724/64 5639/6581/64
f 5763/6597/43 5806/6725/43 5775/6477/43
f 5761/6598/4072 5542/6502/4058 5572/6503/43
f 5584/6524/2036 5542/6526/4058 5761/6600/4072
f 5605/6549/2036 5584/6524/2036 5760/6601/2036
f 5598/6547/2036 5605/6549/2036 5759/6602/2036
f 5612/6537/2036 5598/6547/2036 5758/6603/2036
f 5591/6449/2036 5612/6537/2036 5757/6604/2036
f 5543/6447/4045 5591/6449/2036 5756/6605/2036
f 5543/6447/4045 5755/6606/4074 5754/6607/64
f 5776/6480/64 5805/6726/64 5753/6608/4017
f 5652/6609/43 5581/6613/43 5764/6610/43
f 5653/6612/4075 5529/7188/4076 5581/6613/43
f 5529/6614/4076 5653/7189/4075 5654/6615/2036
f 5589/6616/2036 5654/6615/2036 5655/6617/2036
f 5610/6618/2036 5655/6617/2036 5656/6619/2036
f 5603/6620/2036 5656/6619/2036 5657/6621/2036
f 5617/6622/2036 5657/6621/2036 5658/6623/2036
f 5531/6625/4077 5596/6624/2036 5658/6623/2036
f 5580/6627/64 5531/6625/4077 5659/6626/4078
f 5766/6629/64 5788/6728/64 5661/6630/64
f 5789/6632/43 5787/6611/43 5651/6633/43
f 5664/6635/4079 5653/6612/4075 5652/6609/43
f 5654/6615/2036 5653/7189/4075 5664/6637/4079
f 5655/6617/2036 5654/6615/2036 5665/6638/2036
f 5656/6619/2036 5655/6617/2036 5666/6639/2036
f 5657/6621/2036 5656/6619/2036 5667/6640/2036
f 5658/6623/2036 5657/6621/2036 5668/6641/2036
f 5659/6626/4078 5658/6623/2036 5669/6642/2036
f 5659/6626/4078 5670/6643/4080 5671/6644/3012
f 5661/6630/64 5788/6728/64 5790/6645/64
f 5791/6647/43 5789/6632/43 5662/6634/43
f 5675/6649/4081 5664/6635/4079 5663/6636/43
f 5665/6638/2036 5664/6637/4079 5675/6651/4081
f 5666/6639/2036 5665/6638/2036 5676/6652/2036
f 5667/6640/2036 5666/6639/2036 5677/6653/2036
f 5668/6641/2036 5667/6640/2036 5678/6654/2036
f 5669/6642/2036 5668/6641/2036 5679/6655/2036
f 5670/6643/4080 5669/6642/2036 5680/6656/2036
f 5670/6643/4080 5681/6657/4082 5682/6658/64
f 5672/6646/64 5790/6645/64 5792/6659/64
f 5684/6474/4049 5793/6473/64 5769/6463/64
f 5686/6442/4043 5535/6509/4061 5577/6511/64
f 5535/6509/4061 5686/6442/4043 5687/6443/2036
f 5593/6435/2036 5687/6443/2036 5688/6541/2036
f 5614/6538/2036 5688/6541/2036 5689/6553/2036
f 5600/6566/2036 5689/6553/2036 5690/6555/2036
f 5607/6551/2036 5690/6555/2036 5691/6528/2036
f 5586/6562/2036 5691/6528/2036 5692/6444/2036
f 5533/6437/2036 5692/6444/2036 5693/6446/2036
f 5538/6661/2036 5693/6446/2036 5738/6454/2036
f 5794/6662/2905 5770/6723/2905 5554/6479/4049
f 5697/6434/4041 5536/6663/4083 5576/6507/4060
f 5536/6663/4083 5697/6434/4041 5698/6436/2036
f 5592/6448/2036 5698/6436/2036 5699/6539/2036
f 5613/6536/2036 5699/6539/2036 5700/6550/2036
f 5599/6565/2036 5700/6550/2036 5701/6552/2036
f 5606/6548/2036 5701/6552/2036 5702/6527/2036
f 5585/6561/2036 5702/6527/2036 5703/6439/2036
f 5703/6439/2036 5704/6438/2036 5537/6664/4055
f 5537/6664/4055 5704/6438/2036 5736/6456/2036
f 5569/6666/2042 5780/6730/2042 5795/6667/2042
f 5569/6666/2042 5707/6668/2042 5708/6669/4085
f 5548/6671/4086 5708/6692/4085 5709/6672/2036
f 5705/6673/2036 5709/6672/2036 5710/6674/2036
f 5547/6675/2036 5710/6674/2036 5711/6676/2036
f 5694/6677/2036 5711/6676/2036 5712/6678/4087
f 5546/6680/4088 5712/6696/4087 5713/6681/2033
f 5779/6683/2033 5796/6698/2033 5714/6684/2033
f 5797/6686/2042 5795/6667/2042 5706/6687/2042
f 5708/6669/4085 5707/6668/2042 5716/6689/2042
f 5717/6691/4089 5718/6693/2036 5709/6672/2036
f 5718/6693/2036 5719/6694/2036 5710/6674/2036
f 5719/6694/2036 5720/6695/2036 5711/6676/2036
f 5720/6695/2036 5721/6708/4091 5712/6678/4087
f 5712/6696/4087 5721/6709/4091 5722/6697/2033
f 5796/6698/2033 5798/6711/2033 5723/6699/2033
f 5799/6700/2042 5797/6686/2042 5715/6688/2042
f 5717/6690/4089 5716/6689/2042 5725/6702/2042
f 5726/6704/4090 5727/6705/2036 5718/6693/2036
f 5727/6705/2036 5728/6706/2036 5719/6694/2036
f 5728/6706/2036 5729/6707/2036 5720/6695/2036
f 5729/6707/2036 5730/6715/4092 5721/6708/4091
f 5721/6709/4091 5730/6716/4092 5731/6710/2033
f 5798/6711/2033 5800/6717/2033 5732/6712/2033
f 5801/6713/2042 5799/6700/2042 5724/6701/2042
f 5726/6703/4090 5725/6702/2042 5734/6498/2042
f 5735/6665/4084 5736/6456/2036 5727/6705/2036
f 5736/6456/2036 5737/6455/2036 5728/6706/2036
f 5737/6455/2036 5738/6454/2036 5729/6707/2036
f 5738/6454/2036 5739/6453/4048 5730/6715/4092
f 5730/6716/4092 5739/6495/4048 5740/6496/2033
f 5800/6717/2033 5802/6488/2033 5741/6489/2033
f 5742/6459/43 5803/6458/43 5791/6647/43
f 5675/6649/4081 5674/6650/2892 5743/6519/43
f 5676/6652/2036 5675/6651/4081 5744/6533/4065
f 5677/6653/2036 5676/6652/2036 5745/6563/2036
f 5678/6654/2036 5677/6653/2036 5746/6559/2036
f 5679/6655/2036 5678/6654/2036 5747/6567/2036
f 5749/6433/2036 5680/6656/2036 5679/6655/2036
f 5681/6657/4082 5680/6656/2036 5749/6433/2036
f 5682/6658/64 5681/6657/4082 5750/6432/4040
f 5792/6659/64 5804/6460/64 5752/6462/64
f 5753/6608/4017 5805/6726/64 5786/6595/64
f 5755/6606/4074 5648/6593/4071 5649/6594/4064
f 5755/6606/4074 5756/6605/2036 5647/6592/2036
f 5756/6605/2036 5757/6604/2036 5646/6591/2036
f 5757/6604/2036 5758/6603/2036 5645/6590/2036
f 5758/6603/2036 5759/6602/2036 5644/6589/2036
f 5759/6602/2036 5760/6601/2036 5643/6587/2036
f 5760/6601/2036 5761/6600/4072 5642/6718/4093
f 5761/6598/4072 5762/6599/4073 5641/6585/2892
f 5785/6720/43 5806/6725/43 5763/6597/43
f 5582/6517/43 5743/6519/43 5803/6458/43
f 5804/6460/64 5751/6516/4064 5579/6515/2905
f 5577/6511/64 5696/6510/64 5794/6662/2905
f 5571/6501/4057 5570/6499/2042 5771/6490/2042
f 5566/6493/4054 5582/6517/43 5765/6721/43
f 5767/6471/64 5579/6515/2905 5578/6512/4062
f 5773/6722/64 5578/6512/4062 5685/6513/2905
f 5567/6494/2033 5566/6493/4054 5772/6469/4052
f 5572/6503/43 5571/6501/4057 5768/6466/4050
f 5770/6723/2905 5576/6507/4060 5575/6508/64
f 5618/6570/43 5562/7190/43 5777/6483/43
f 5627/6505/3955 5574/6506/3012 5778/6486/64
f 5740/6496/2033 5567/6494/2033 5774/6475/2033
f 5570/6499/2042 5734/6498/2042 5801/6713/2042
f 5619/6482/43 5630/6586/43 5783/6583/43
f 5638/6580/64 5627/6505/3955 5782/6582/64
f 5630/6586/43 5641/6585/2892 5785/6720/43
f 5649/6594/4064 5638/6580/64 5784/6724/64
f 5762/6599/4073 5572/6503/43 5775/6477/43
f 5776/6480/64 5575/6508/64 5754/6607/64
f 5550/6727/43 5651/6633/43 5787/6611/43
f 5766/6629/64 5580/6627/64 5660/6628/2905
f 5663/6636/43 5652/6609/43 5787/6611/43
f 5660/6628/2905 5671/6644/3012 5790/6645/64
f 5791/6647/43 5674/6650/2892 5663/6636/43
f 5671/6644/3012 5682/6658/64 5792/6659/64
f 5793/6473/64 5685/6513/2905 5577/6511/64
f 5696/6510/64 5576/6507/4060 5770/6723/2905
f 5565/6729/2042 5706/6687/2042 5795/6667/2042
f 5568/6682/2033 5713/6681/2033 5796/6698/2033
f 5716/6689/2042 5707/6668/2042 5795/6667/2042
f 5713/6681/2033 5722/6697/2033 5798/6711/2033
f 5725/6702/2042 5716/6689/2042 5797/6686/2042
f 5722/6697/2033 5731/6710/2033 5800/6717/2033
f 5734/6498/2042 5725/6702/2042 5799/6700/2042
f 5731/6710/2033 5740/6496/2033 5802/6488/2033
f 5803/6458/43 5743/6519/43 5674/6650/2892
f 5682/6658/64 5751/6516/4064 5804/6460/64
f 5805/6726/64 5754/6607/64 5649/6594/4064
f 5641/6585/2892 5762/6599/4073 5806/6725/43
s 20
f 5810/6731/4094 6028/6814/4113 6027/6732/2033
f 5975/6734/4095 5813/6960/4131 5871/6735/2033
f 5811/6737/2033 5816/6961/2033 5982/6738/2033
f 5818/6740/4096 5810/6731/4094 5873/6733/2033
f 5964/6742/4097 5818/6740/4096 5872/6741/2033
f 5970/6744/2033 5817/6828/4115 5819/6745/4098
f 5821/6747/4099 5814/6963/4132 5870/6748/2033
f 5904/6750/4100 5903/6833/2033 5868/6751/2033
f 5971/6746/2033 5819/6745/4098 6017/6753/4102
f 5982/6738/2033 5816/6961/2033 6015/6755/2033
f 6043/6757/43 6081/7018/43 6020/6758/43
f 6082/6760/64 6045/6771/64 5830/6761/2905
f 6047/6763/64 6072/6962/64 5973/6764/64
f 5833/6766/4103 6046/7023/4142 6049/6767/2036
f 6050/6769/4104 6043/6757/43 5827/6759/43
f 6045/6771/64 6051/6773/64 5836/6772/64
f 6051/6773/64 6071/6959/64 5962/6774/64
f 6052/6775/2039 6050/6769/4104 5835/6770/4105
f 6053/6777/43 6046/7023/4142 5833/6766/4103
f 6048/6779/64 6054/6906/64 5839/6780/64
f 5897/6782/43 6059/7024/43 6055/6783/43
f 6060/6785/64 6056/7026/64 5841/6786/64
f 6080/6788/2039 6052/6775/2039 5837/6776/2039
f 6049/6767/2036 6079/7013/2036 6011/6790/2036
f 5819/6791/4098 5817/6819/4115 5844/6792/4106
f 6017/6794/4102 5819/6791/4098 5845/6793/2039
f 5815/6796/4107 6013/7014/4133 6012/6797/2036
f 5812/6799/4108 5815/6796/4107 5848/6798/2036
f 5820/6801/4110 5812/6799/4108 5849/6800/4109
f 5898/6803/4111 5897/6782/43 5851/6784/2892
f 5905/6805/3012 5904/6750/4100 5823/6752/4101
f 5854/6807/64 5814/6963/4132 5821/6747/4099
f 5855/6809/2905 5813/6960/4131 5975/6734/4095
f 5856/6811/64 5818/6740/4096 5964/6742/4097
f 5857/6813/64 5810/6731/4094 5818/6740/4096
f 6028/6814/4113 5810/6731/4094 5857/6813/64
f 5860/6816/2892 5808/7191/4116 6022/6817/4114
f 5817/6819/4115 5808/7191/4116 5860/6816/2892
f 5899/6820/2033 5898/6872/4111 5822/6821/4112
f 5862/6823/2033 5863/6860/2033 5812/6824/4108
f 5980/6826/2033 5864/6861/2033 5811/6737/2033
f 5969/6827/2033 5865/6829/2033 5817/6828/4115
f 5865/6829/2033 5866/6831/2033 5808/6830/4116
f 5866/6831/2033 6023/6862/2033 6022/6832/4114
f 5903/6833/2033 5902/6863/2033 5889/6834/2033
f 5869/6749/2033 5870/6748/2033 5891/6835/2033
f 5976/6736/2033 5871/6735/2033 5892/6837/2033
f 5965/6743/2033 5872/6741/2033 5893/6839/2033
f 5872/6741/2033 5873/6733/2033 5894/6841/2033
f 5873/6733/2033 6027/6732/2033 6026/6842/2033
f 5901/6843/2033 5900/6859/2033 5882/6844/2033
f 5876/6846/2033 5877/6864/2033 5884/6847/2033
f 5978/6849/2033 5878/6865/2033 5885/6850/2033
f 5967/6852/2033 5879/6855/2033 5886/6853/2033
f 5879/6855/2033 5880/6857/2033 5887/6856/2033
f 5880/6857/2033 6025/6866/2033 6024/6858/2033
f 5900/6859/2033 5899/6820/2033 5861/6822/2033
f 5883/6848/2033 5884/6847/2033 5863/6860/2033
f 5979/6851/2033 5885/6850/2033 5864/6861/2033
f 5968/6854/2033 5886/6853/2033 5865/6829/2033
f 5886/6853/2033 5887/6856/2033 5866/6831/2033
f 5887/6856/2033 6024/6858/2033 6023/6862/2033
f 5902/6863/2033 5901/6843/2033 5875/6845/2033
f 5890/6836/2033 5891/6835/2033 5877/6864/2033
f 5977/6838/2033 5892/6837/2033 5878/6865/2033
f 5966/6840/2033 5893/6839/2033 5879/6855/2033
f 5893/6839/2033 5894/6841/2033 5880/6857/2033
f 5894/6841/2033 6026/6842/2033 6025/6866/2033
f 5896/6867/43 6059/7024/43 6061/6868/43
f 5909/6870/4117 5908/6881/43 5897/6782/43
f 5910/6871/2033 5909/6883/4117 5898/6872/4111
f 5911/6873/2033 5910/6871/2033 5899/6820/2033
f 5901/6843/2033 5912/6874/2033 5911/6873/2033
f 5902/6863/2033 5913/6887/2033 5912/6874/2033
f 5914/6875/2033 5913/6887/2033 5902/6863/2033
f 5904/6750/4100 5915/6889/4119 5914/6875/2033
f 5916/6876/64 5915/6889/4119 5904/6750/4100
f 6062/6877/64 6060/6785/64 5906/6787/64
f 6061/6868/43 6063/7022/43 5918/6879/43
f 5920/6880/4118 5919/7021/2892 5908/6881/43
f 5921/6882/2033 5920/7020/4118 5909/6883/4117
f 5922/6884/2033 5921/6882/2033 5910/6871/2033
f 5923/6885/2033 5922/6884/2033 5911/6873/2033
f 5924/6886/2033 5923/6885/2033 5912/6874/2033
f 5925/6888/2033 5924/6886/2033 5913/6887/2033
f 5915/6889/4119 5926/6890/4120 5925/6888/2033
f 5926/6890/4120 5915/6889/4119 5916/6876/64
f 6064/6892/64 6062/6877/64 5917/6878/64
f 6084/6894/43 6053/6777/43 5838/6778/43
f 5820/6801/4110 5850/6802/43 6040/6896/43
f 5862/6823/2033 5820/6825/4110 6039/6898/4121
f 5883/6848/2033 5862/6823/2033 6038/6899/2033
f 5876/6846/2033 5883/6848/2033 6037/6900/2033
f 5890/6836/2033 5876/6846/2033 6036/6901/2033
f 5869/6749/2033 5890/6836/2033 6035/6902/2033
f 5821/6747/4099 5869/6749/2033 6034/6903/2033
f 5853/6808/64 5821/6747/4099 6033/6904/4122
f 6054/6906/64 6083/7027/64 6031/6907/64
f 5930/6908/3046 5859/7192/4020 6042/6909/43
f 5807/6911/4123 5859/7192/4020 5930/6908/3046
f 5807/6913/4123 5931/7193/4124 5932/6914/2033
f 5867/6915/2033 5932/6914/2033 5933/6916/2033
f 5888/6917/2033 5933/6916/2033 5934/6918/2033
f 5881/6919/2033 5934/6918/2033 5935/6920/2033
f 5895/6921/2033 5935/6920/2033 5936/6922/2033
f 5809/6924/4125 5874/6923/2033 5936/6922/2033
f 5809/6924/4125 5937/6925/4126 5938/6926/64
f 6044/6928/64 6066/6943/64 5939/6929/64
f 5940/6931/43 6067/6946/43 6065/6910/43
f 5931/6912/4124 5930/6908/3046 5941/6933/43
f 5932/6914/2033 5931/7193/4124 5942/6935/4127
f 5933/6916/2033 5932/6914/2033 5943/6936/2033
f 5934/6918/2033 5933/6916/2033 5944/6937/2033
f 5935/6920/2033 5934/6918/2033 5945/6938/2033
f 5947/6940/2033 5936/6922/2033 5935/6920/2033
f 5937/6925/4126 5936/6922/2033 5947/6940/2033
f 5937/6925/4126 5948/6941/4128 5949/6942/2905
f 6066/6943/64 6068/6957/64 5950/6944/64
f 5951/6945/43 6069/7028/43 6067/6946/43
f 5953/6947/4129 5942/6934/4127 5941/6933/43
f 5943/6936/2033 5942/6935/4127 5953/6949/4129
f 5944/6937/2033 5943/6936/2033 5954/6950/2033
f 5945/6938/2033 5944/6937/2033 5955/6951/2033
f 5946/6939/2033 5945/6938/2033 5956/6952/2033
f 5958/6954/2033 5947/6940/2033 5946/6939/2033
f 5959/6955/4130 5948/6941/4128 5947/6940/2033
f 5949/6942/2905 5948/6941/4128 5959/6955/4130
f 6068/6957/64 6070/7019/64 5961/6958/64
f 6071/6959/64 6047/6763/64 5831/6765/64
f 5813/6960/4131 5855/6809/2905 5963/6812/64
f 5813/6960/4131 5964/6742/4097 5965/6743/2033
f 5871/6735/2033 5965/6743/2033 5966/6840/2033
f 5892/6837/2033 5966/6840/2033 5967/6852/2033
f 5878/6865/2033 5967/6852/2033 5968/6854/2033
f 5885/6850/2033 5968/6854/2033 5969/6827/2033
f 5864/6861/2033 5969/6827/2033 5970/6744/2033
f 5811/6737/2033 5970/6744/2033 5971/6746/2033
f 5816/6961/2033 5971/6746/2033 6016/6754/2033
f 6072/6962/64 6048/6779/64 5832/6781/64
f 5975/6734/4095 5814/6963/4132 5854/6807/64
f 5814/6963/4132 5975/6734/4095 5976/6736/2033
f 5870/6748/2033 5976/6736/2033 5977/6838/2033
f 5891/6835/2033 5977/6838/2033 5978/6849/2033
f 5877/6864/2033 5978/6849/2033 5979/6851/2033
f 5884/6847/2033 5979/6851/2033 5980/6826/2033
f 5863/6860/2033 5980/6826/2033 5981/6739/2033
f 5812/6824/4108 5981/6739/2033 5982/6738/2033
f 5815/6964/4107 5982/6738/2033 6014/6756/2033
f 5847/6966/2036 6058/7030/2036 6073/6967/2036
f 5847/6966/2036 5985/6968/2036 5986/6969/4134
f 5826/6971/4135 5986/6992/4134 5987/6972/2033
f 5983/6973/2033 5987/6972/2033 5988/6974/2033
f 5825/6975/2033 5988/6974/2033 5989/6976/2033
f 5972/6977/2033 5989/6976/2033 5990/6978/4136
f 5824/6980/4137 5990/6996/4136 5991/6981/2039
f 6057/6983/2039 6074/6998/2039 5992/6984/2039
f 6075/6986/2036 6073/6967/2036 5984/6987/2036
f 5986/6969/4134 5985/6968/2036 5994/6989/2036
f 5995/6991/4138 5996/6993/2033 5987/6972/2033
f 5996/6993/2033 5997/6994/2033 5988/6974/2033
f 5997/6994/2033 5998/6995/2033 5989/6976/2033
f 5998/6995/2033 5999/7008/4140 5990/6978/4136
f 5990/6996/4136 5999/7009/4140 6000/6997/2039
f 6074/6998/2039 6076/7011/2039 6001/6999/2039
f 6077/7000/2036 6075/6986/2036 5993/6988/2036
f 5995/6990/4138 5994/6989/2036 6003/7002/2036
f 6004/7004/4139 6005/7005/2033 5996/6993/2033
f 6005/7005/2033 6006/7006/2033 5997/6994/2033
f 6006/7006/2033 6007/7007/2033 5998/6995/2033
f 6007/7007/2033 6008/7015/4141 5999/7008/4140
f 5999/7009/4140 6008/7016/4141 6009/7010/2039
f 6076/7011/2039 6078/7017/2039 6010/7012/2039
f 6079/7013/2036 6077/7000/2036 6002/7001/2036
f 6004/7003/4139 6003/7002/2036 6012/6797/2036
f 6013/6965/4133 6014/6756/2033 6005/7005/2033
f 6014/6756/2033 6015/6755/2033 6006/7006/2033
f 6015/6755/2033 6016/6754/2033 6007/7007/2033
f 6016/6754/2033 6017/6753/4102 6008/7015/4141
f 6008/7016/4141 6017/6794/4102 6018/6795/2039
f 6078/7017/2039 6080/6788/2039 6019/6789/2039
f 6081/7018/43 6069/7028/43 5951/6945/43
f 5953/6947/4129 5952/6948/43 6021/6818/43
f 5954/6950/2033 5953/6949/4129 6022/6832/4114
f 5955/6951/2033 5954/6950/2033 6023/6862/2033
f 5956/6952/2033 5955/6951/2033 6024/6858/2033
f 5957/6953/2033 5956/6952/2033 6025/6866/2033
f 6027/6732/2033 5958/6954/2033 5957/6953/2033
f 5959/6955/4130 5958/6954/2033 6027/6732/2033
f 5959/6955/4130 6028/6814/4113 6029/6815/64
f 6070/7019/64 6082/6760/64 6030/6762/64
f 6031/6907/64 6083/7027/64 6064/6892/64
f 5926/6890/4120 5927/6891/64 6032/6905/64
f 6033/6904/4122 6034/6903/2033 5925/6888/2033
f 6034/6903/2033 6035/6902/2033 5924/6886/2033
f 6035/6902/2033 6036/6901/2033 5923/6885/2033
f 6036/6901/2033 6037/6900/2033 5922/6884/2033
f 6037/6900/2033 6038/6899/2033 5921/6882/2033
f 6038/6899/2033 6039/6898/4121 5920/7020/4118
f 5920/6880/4118 6039/6897/4121 6040/6896/43
f 6063/7022/43 6084/6894/43 6041/6895/43
f 6043/6757/43 5860/6816/2892 6021/6818/43
f 6029/6815/64 5857/6813/64 6045/6771/64
f 5855/6809/2905 5974/6810/64 6072/6962/64
f 5849/6800/4109 5848/6798/2036 6049/6767/2036
f 6050/6769/4104 5844/6792/4106 5860/6816/2892
f 5857/6813/64 5856/6811/64 6051/6773/64
f 5856/6811/64 5963/6812/64 6071/6959/64
f 5845/6793/2039 5844/6792/4106 6050/6769/4104
f 6053/6777/43 5850/6802/43 5849/6800/4109
f 5854/6807/64 5853/6808/64 6054/6906/64
f 6059/7024/43 5896/6867/43 5840/7025/43
f 5905/6805/3012 5852/6806/64 6056/7026/64
f 6018/6795/2039 5845/6793/2039 6052/6775/2039
f 5848/6798/2036 6012/6797/2036 6079/7013/2036
f 6059/7024/43 5897/6782/43 5908/6881/43
f 5916/6876/64 5905/6805/3012 6060/6785/64
f 6061/6868/43 5908/6881/43 5919/7021/2892
f 5927/6891/64 5916/6876/64 6062/6877/64
f 6084/6894/43 6040/6896/43 5850/6802/43
f 5853/6808/64 6032/6905/64 6083/7027/64
f 6042/6909/43 5828/7194/43 5929/6932/43
f 6044/6928/64 5858/6927/64 5938/6926/64
f 5941/6933/43 5930/6908/3046 6065/6910/43
f 6066/6943/64 5938/6926/64 5949/6942/2905
f 6069/7028/43 5952/6948/43 5941/6933/43
f 5949/6942/2905 5960/6956/3012 6070/7019/64
f 5963/6812/64 5855/6809/2905 6047/6763/64
f 5974/6810/64 5854/6807/64 6048/6779/64
f 5843/7029/2036 5984/6987/2036 6073/6967/2036
f 5846/6982/2039 5991/6981/2039 6074/6998/2039
f 5994/6989/2036 5985/6968/2036 6073/6967/2036
f 5991/6981/2039 6000/6997/2039 6076/7011/2039
f 6077/7000/2036 6003/7002/2036 5994/6989/2036
f 6000/6997/2039 6009/7010/2039 6078/7017/2039
f 6079/7013/2036 6012/6797/2036 6003/7002/2036
f 6009/7010/2039 6018/6795/2039 6080/6788/2039
f 6081/7018/43 6021/6818/43 5952/6948/43
f 5960/6956/3012 6029/6815/64 6082/6760/64
f 6032/6905/64 5927/6891/64 6064/6892/64
f 6063/7022/43 5919/7021/2892 6040/6896/43
