# Blender 5.0.1
# www.blender.org
mtllib Locomotora.mtl
g Cube.001_0_Malla
v 19.065157 -0.414510 -0.103991
v 19.589058 -0.414510 -0.157241
v 19.589058 -0.957559 -0.157241
v 19.065157 -0.957559 -0.103991
v 19.589058 -0.414510 0.694160
v 19.065157 -0.414510 0.597660
v 19.065157 -0.957559 0.597659
v 19.589058 -0.957559 0.694159
v 19.901907 -0.957559 0.801559
v 19.901907 -0.414510 0.801560
v 19.901907 -0.414510 -0.343741
v 19.901907 -0.957559 -0.343741
v 20.309156 -0.957559 0.687809
v 20.309156 -0.414510 0.687810
v 20.309156 -0.414510 -0.600841
v 20.309156 -0.957559 -0.600841
v 20.825607 -0.414510 0.635760
v 20.825607 -0.957559 0.635759
v 20.939507 -0.957559 0.659359
v 20.939507 -0.414510 0.659360
v 20.825607 -0.414510 -0.743941
v 20.825607 -0.957559 -0.743941
v 21.022007 -0.957559 0.796809
v 21.022007 -0.414510 0.796810
v 21.383356 -0.957559 0.698609
v 21.383356 -0.414510 0.698610
v 21.383356 -0.414510 0.698610
v 21.383356 -0.957559 0.698609
v 21.285156 -0.957559 0.427609
v 21.285156 -0.414510 0.427610
v 21.096607 -0.957559 0.462959
v 21.096607 -0.414510 0.462959
v 21.022007 -0.957559 0.796809
v 21.096607 -0.957559 0.462959
v 21.285156 -0.957559 0.427609
v 21.383356 -0.957559 0.698609
v 20.939507 -0.414510 0.659360
v 21.022007 -0.414510 0.796810
v 21.096607 -0.414510 0.462959
v 21.383356 -0.414510 0.698610
v 21.285156 -0.414510 0.427610
v 20.825607 -0.414510 0.635760
v 20.825607 -0.414510 -0.054091
v 20.825607 -0.414510 -0.054091
v 20.825607 -0.957559 -0.054091
v 20.309156 -0.414510 0.687810
v 20.309156 -0.957559 0.687809
v 20.825607 -0.957559 -0.054091
v 20.825607 -0.957559 0.635759
v 20.939507 -0.957559 0.659359
v 21.505657 -0.414510 -0.856591
v 21.505657 -0.957559 -0.856591
v 21.505657 -0.957559 -0.856591
v 21.505657 -0.414510 -0.856591
v 21.329206 -0.414510 -0.225441
v 21.329206 -0.957559 -0.225441
v 21.329206 -0.957559 -0.225441
v 21.329206 -0.414510 -0.225441
v 21.200258 -0.414510 -0.381541
v 21.200258 -0.957559 -0.381541
v 21.329206 -0.957559 -0.225441
v 21.200258 -0.957559 -0.381541
v 21.505657 -0.957559 -0.856591
v 20.825607 -0.957559 -0.302541
v 20.825607 -0.957559 -0.743941
v 21.329206 -0.414510 -0.225441
v 21.505657 -0.414510 -0.856591
v 21.200258 -0.414510 -0.381541
v 20.825607 -0.414510 -0.302541
v 20.825607 -0.414510 -0.743941
v 20.825607 -0.957559 -0.302541
v 20.825607 -0.414510 -0.302541
v 20.309156 -0.957559 -0.600841
v 19.589058 -0.414510 -0.157241
v 19.589058 -0.414510 0.694160
v 19.901907 -0.414510 0.801560
v 19.901907 -0.414510 -0.343741
v 20.309156 -0.414510 -0.600841
v 19.065157 -0.414510 -0.103991
v 19.065157 -0.957559 -0.103991
v 19.589058 -0.957559 0.694159
v 19.589058 -0.957559 -0.157241
v 19.901907 -0.957559 -0.343741
v 19.901907 -0.957559 0.801559
v 19.065157 -0.957559 0.597659
v 19.065157 -0.957559 -0.103991
v 19.065157 -0.414510 -0.103991
v 19.065157 -0.414510 0.597660
v 19.585306 0.158991 -1.908341
v 19.585306 0.158991 1.853610
v 19.585306 -1.737310 1.853609
v 19.585306 -1.737309 -1.908341
v 19.585306 0.158991 1.853610
v 19.275858 0.158991 1.853610
v 19.275858 -1.737310 1.853609
v 19.585306 -1.737310 1.853609
v 19.275858 0.158991 -1.908341
v 19.585306 0.158991 -1.908341
v 19.585306 -1.737309 -1.908341
v 19.275858 -1.737309 -1.908341
v 19.275858 0.158991 -1.908341
v 19.275858 0.158991 1.853610
v 19.585306 0.158991 1.853610
v 19.585306 0.158991 -1.908341
v 19.183308 0.085541 0.629060
v 20.204508 0.085541 0.629060
v 20.204508 -0.152510 0.054360
v 19.183308 -0.152510 0.054360
v 20.204508 -1.301860 0.054359
v 20.204508 -1.539910 -0.521691
v 20.204508 -1.255560 -0.386041
v 20.204508 -1.100810 0.054209
v 20.204508 0.085541 -0.521691
v 20.204508 -0.152510 0.054360
v 20.204508 -0.353610 0.054209
v 20.204508 -0.198809 -0.386041
v 19.183308 -1.301860 0.054359
v 20.204508 -1.301860 0.054359
v 20.204508 -1.539910 0.629059
v 19.183308 -1.539910 0.629059
v 20.204508 -1.301860 1.203709
v 19.183308 -1.301860 1.203709
v 20.204508 -0.727210 1.441760
v 19.183308 -0.727210 1.441760
v 20.204508 -0.152510 1.203710
v 19.183308 -0.152510 1.203710
v 19.183308 0.085541 -0.521691
v 20.204508 0.085541 -0.521691
v 20.204508 -0.152509 -1.096391
v 19.183308 -0.152509 -1.096391
v 20.204508 -0.727209 -1.334441
v 19.183308 -0.727209 -1.334441
v 20.204508 -1.301859 -1.096391
v 19.183308 -1.301859 -1.096391
v 20.204508 -1.539910 -0.521691
v 19.183308 -1.539910 -0.521691
v 19.183308 -1.539910 -0.521691
v 20.204508 -1.539910 -0.521691
v 20.204508 -1.301859 -1.096391
v 20.204508 -1.100810 -0.825291
v 20.204508 -0.727209 -1.334441
v 20.204508 -0.727209 -1.007191
v 20.204508 -0.152509 -1.096391
v 20.204508 -0.353610 -0.825291
v 20.204508 0.085541 0.629060
v 20.204508 -0.152510 1.203710
v 20.204508 -0.353610 0.932660
v 20.204508 -0.198809 0.493460
v 20.204508 -0.727210 1.441760
v 20.204508 -0.727210 1.114610
v 20.204508 -1.301860 1.203709
v 20.204508 -1.100810 0.932659
v 20.204508 -1.539910 0.629059
v 20.204508 -1.255560 0.493459
v 20.204508 -0.198809 -0.386041
v 20.204508 -0.353610 0.054209
v 19.558058 -0.353610 0.054209
v 19.558058 -0.198809 -0.386041
v 20.204508 -1.100810 0.054209
v 20.204508 -1.255560 -0.386041
v 19.558058 -1.255560 -0.386041
v 19.558058 -1.100810 0.054209
v 20.204508 -1.100810 -0.825291
v 19.558058 -1.100810 -0.825291
v 20.204508 -0.727209 -1.007191
v 19.558058 -0.727209 -1.007191
v 20.204508 -0.353610 -0.825291
v 19.558058 -0.353610 -0.825291
v 20.204508 -0.198809 0.493460
v 19.558058 -0.198809 0.493460
v 20.204508 -1.255560 0.493459
v 19.558058 -1.255560 0.493459
v 20.204508 -1.100810 0.932659
v 19.558058 -1.100810 0.932659
v 20.204508 -0.727210 1.114610
v 19.558058 -0.727210 1.114610
v 20.204508 -0.353610 0.932660
v 19.558058 -0.353610 0.932660
v 20.204508 -0.353610 0.932660
v 19.558058 -0.353610 0.932660
v -10.275694 0.859691 -0.002290
v -13.674044 0.859691 -0.002290
v -13.674044 1.073641 -1.077890
v -10.275694 1.073641 -1.077890
v -13.674044 1.682891 -1.989740
v -10.275694 1.682891 -1.989740
v -13.674044 2.594741 -2.598991
v -10.275694 2.594741 -2.598991
v -13.674044 3.670341 -2.812940
v -10.275694 3.670341 -2.812940
v -13.674044 4.745891 -2.598990
v -10.275694 4.745891 -2.598990
v -13.674044 5.657741 -1.989740
v -10.275694 5.657741 -1.989740
v -13.674044 6.266992 -1.077890
v -10.275694 6.266992 -1.077890
v -13.674044 6.480941 -0.002290
v -10.275694 6.480941 -0.002290
v -13.674044 6.266991 1.073310
v -10.275694 6.266991 1.073310
v -13.674044 5.657741 1.985111
v -10.275694 5.657741 1.985111
v -13.674044 4.745891 2.594410
v -10.275694 4.745891 2.594410
v -13.674044 3.670341 2.808360
v -10.275694 3.670341 2.808360
v -13.674044 2.594740 2.594410
v -10.275694 2.594740 2.594410
v -13.674044 1.682890 1.985110
v -10.275694 1.682890 1.985110
v -13.674044 1.073640 1.073310
v -10.275694 1.073640 1.073310
v -13.674044 0.859691 -0.002290
v -10.275694 0.859691 -0.002290
v 0.775206 0.859691 -0.002290
v 0.775206 1.073641 -1.077890
v 4.341707 0.964441 -1.407440
v 4.341707 0.745691 -0.002290
v 0.775206 6.266992 -1.077890
v 0.775206 6.480941 -0.002290
v 4.341707 7.342141 -0.002289
v 4.341707 7.062641 -1.407440
v 0.775206 5.657741 1.985111
v 0.775206 4.745891 2.594410
v 4.341707 5.075491 3.390061
v 4.341707 6.266691 2.594111
v 0.775206 1.682891 -1.989740
v 0.775206 2.594741 -2.598991
v 4.341707 2.265191 -3.394640
v 4.341707 1.587341 -2.598691
v 0.775206 2.594740 2.594410
v 0.775206 1.682890 1.985110
v 4.341707 1.587340 2.594110
v 4.341707 2.265190 3.390060
v 0.775206 4.745891 -2.598990
v 0.775206 5.657741 -1.989740
v 4.341707 6.266691 -2.598690
v 4.341707 5.075492 -3.394640
v 0.775206 6.266991 1.073310
v 4.341707 7.062641 1.402861
v 0.775206 3.670341 2.808360
v 4.341707 3.670340 3.669560
v 0.775206 3.670341 -2.812940
v 4.341707 3.670341 -3.674140
v 0.775206 1.073640 1.073310
v 4.341707 0.964440 1.402860
v 0.775206 0.859691 -0.002290
v 4.341707 0.745691 -0.002290
v -13.848892 4.745891 -2.598990
v -13.848892 5.657741 -1.989740
v -13.848892 6.480941 -0.002290
v -13.848892 6.266991 1.073310
v -13.848892 0.859691 -0.002290
v -13.848892 1.073641 -1.077890
v -13.848892 4.745891 2.594410
v -13.848892 3.670341 2.808360
v -13.848892 2.594741 -2.598991
v -13.848892 3.670341 -2.812940
v -13.848892 1.682890 1.985110
v -13.848892 1.073640 1.073310
v -13.848892 6.266992 -1.077890
v -13.848892 5.657741 1.985111
v -13.848892 1.682891 -1.989740
v -13.848892 2.594740 2.594410
v -13.848892 0.859691 -0.002290
v -13.884443 3.670341 -2.678040
v -13.884443 2.646341 -2.474340
v -14.285942 3.229341 -1.066940
v -14.285942 3.670341 -1.154690
v -13.884443 1.198290 1.021660
v -13.884443 1.778290 1.889710
v -14.285942 2.855441 0.812560
v -14.285942 2.605641 0.438710
v -13.884443 1.778291 -1.894341
v -13.884443 1.198291 -1.026240
v -14.285942 2.605641 -0.443290
v -14.285942 2.855441 -0.817140
v -13.884443 2.646340 2.469760
v -13.884443 3.670341 2.673410
v -14.285942 3.670341 1.150110
v -14.285942 3.229341 1.062360
v -13.884443 4.694291 2.469760
v -13.884443 5.562341 1.889711
v -14.285942 4.485191 0.812560
v -14.285942 4.111341 1.062360
v -13.884443 6.142341 1.021660
v -13.884443 6.346041 -0.002290
v -14.285942 4.822691 -0.002290
v -14.285942 4.734991 0.438710
v -13.884443 6.142342 -1.026240
v -13.884443 5.562341 -1.894340
v -14.285942 4.485191 -0.817140
v -14.285942 4.734991 -0.443290
v -13.884443 4.694291 -2.474340
v -14.285942 4.111341 -1.066940
v -13.884443 0.994591 -0.002290
v -14.285942 2.517941 -0.002290
v -14.285942 3.670341 -0.876840
v -14.285942 4.004991 -0.810290
v -14.285942 2.862341 0.332410
v -14.285942 2.795741 -0.002290
v -14.285942 3.051891 -0.620690
v -14.285942 3.335641 -0.810290
v -14.285942 3.335641 0.805710
v -14.285942 3.051891 0.616110
v -14.285942 2.862341 -0.336990
v -14.285942 4.004991 0.805710
v -14.285942 3.670341 0.872260
v -14.285942 4.478291 0.332410
v -14.285942 4.288741 0.616110
v -14.285942 4.478291 -0.336990
v -14.285942 4.544891 -0.002290
v -14.285942 4.288741 -0.620690
v -14.380892 3.670341 -0.002290
v -13.848892 3.670341 -2.812940
v -13.848892 2.594741 -2.598991
v -13.848892 1.073640 1.073310
v -13.848892 1.682890 1.985110
v -13.848892 1.682891 -1.989740
v -13.848892 1.073641 -1.077890
v -13.848892 2.594740 2.594410
v -13.848892 3.670341 2.808360
v -13.848892 4.745891 2.594410
v -13.848892 5.657741 1.985111
v -13.848892 6.266991 1.073310
v -13.848892 6.480941 -0.002290
v -13.848892 6.266992 -1.077890
v -13.848892 5.657741 -1.989740
v -13.848892 4.745891 -2.598990
v -13.848892 0.859691 -0.002290
v 11.340007 2.265191 -3.394640
v 11.340007 1.587341 -2.598691
v 11.340007 1.587340 2.594060
v 11.340007 2.265190 3.390060
v 11.340007 0.964441 -1.407440
v 11.340007 0.745691 -0.002290
v 11.340007 3.670340 3.669560
v 11.340007 5.075491 3.390061
v 11.340007 6.266691 2.594111
v 11.340007 7.062641 1.402861
v 11.340007 7.342141 -0.002289
v 11.340007 7.062641 -1.407440
v 11.340007 6.266691 -2.598690
v 11.340007 5.075492 -3.394640
v 11.340007 3.670341 -3.674140
v 11.340007 0.964440 1.402860
v 11.340007 0.745691 -0.002290
v -11.203093 10.695941 -0.002289
v -11.203093 10.721191 -0.002289
v -11.135293 10.721191 -0.343239
v -11.135293 10.695941 -0.343239
v -10.942142 10.721191 -0.632289
v -10.942142 10.695941 -0.632289
v -10.653144 10.721191 -0.825389
v -10.653144 10.695941 -0.825389
v -10.312193 10.721191 -0.893239
v -10.312193 10.695941 -0.893239
v -9.971243 10.721191 -0.825389
v -9.971243 10.695941 -0.825389
v -9.682194 10.721191 -0.632289
v -9.682194 10.695941 -0.632289
v -9.489044 10.721191 -0.343239
v -9.489044 10.695941 -0.343239
v -9.421242 10.721191 -0.002289
v -9.421242 10.695941 -0.002289
v -9.421242 10.695941 -0.002289
v -9.421242 10.721191 -0.002289
v -9.489044 10.721191 0.338661
v -9.489044 10.695941 0.338661
v -9.682194 10.721191 0.627711
v -9.682194 10.695941 0.627711
v -9.971243 10.721191 0.820811
v -9.971243 10.695941 0.820811
v -10.312193 10.721191 0.888661
v -10.312193 10.695941 0.888661
v -10.653144 10.721191 0.820811
v -10.653144 10.695941 0.820811
v -10.942142 10.721191 0.627711
v -10.942142 10.695941 0.627711
v -11.135293 10.721191 0.338661
v -11.135293 10.695941 0.338661
v -12.168094 12.230942 -0.771039
v -11.732643 12.230942 -1.422739
v -10.312193 12.230942 2.006562
v -11.080943 12.230942 1.853611
v -10.312193 12.230942 -2.011139
v -9.543444 12.230942 -1.858189
v -12.168094 12.230942 0.766461
v -12.320993 12.230942 -0.002289
v -8.456244 12.230942 -0.771039
v -8.303343 12.230942 -0.002289
v -8.891743 12.230942 1.418161
v -9.543444 12.230942 1.853611
v -11.080943 12.230942 -1.858189
v -11.732643 12.230942 1.418161
v -8.891743 12.230942 -1.422739
v -8.303343 12.230942 -0.002289
v -8.456244 12.230942 0.766461
v -11.732643 12.230942 -1.422739
v -12.168094 12.230942 -0.771039
v -12.524043 12.230942 -0.918489
v -12.005095 12.230942 -1.695189
v -11.080943 12.230942 1.853611
v -10.312193 12.230942 2.006562
v -10.312193 12.230942 2.391812
v -11.228394 12.230942 2.209612
v -9.543444 12.230942 1.853611
v -8.891743 12.230942 1.418161
v -8.619293 12.230942 1.690611
v -9.395994 12.230942 2.209612
v -8.456244 12.230942 0.766461
v -8.303343 12.230942 -0.002289
v -7.918045 12.230942 -0.002289
v -8.100294 12.230942 0.913911
v -8.456244 12.230942 -0.771039
v -8.891743 12.230942 -1.422739
v -8.619293 12.230942 -1.695189
v -8.100294 12.230942 -0.918489
v -9.543444 12.230942 -1.858189
v -10.312193 12.230942 -2.011139
v -10.312193 12.230942 -2.396439
v -9.395994 12.230942 -2.214189
v -12.320993 12.230942 -0.002289
v -12.168094 12.230942 0.766461
v -12.524043 12.230942 0.913911
v -12.706293 12.230942 -0.002289
v -11.080943 12.230942 -1.858189
v -11.228394 12.230942 -2.214189
v -11.732643 12.230942 1.418161
v -12.005095 12.230942 1.690611
v -11.228394 12.230942 -2.214189
v -12.005095 12.230942 -1.695189
v -12.005095 12.480942 -1.695189
v -11.228394 12.480942 -2.214189
v -12.005095 12.230942 1.690611
v -11.228394 12.230942 2.209612
v -11.228394 12.480942 2.209612
v -12.005095 12.480942 1.690611
v -12.524043 12.230942 -0.918489
v -12.706293 12.230942 -0.002289
v -12.706293 12.480942 -0.002289
v -12.524043 12.480942 -0.918489
v -10.312193 12.230942 2.391812
v -9.395994 12.230942 2.209612
v -9.395994 12.480942 2.209612
v -10.312193 12.480942 2.391812
v -8.619293 12.230942 1.690611
v -8.100294 12.230942 0.913911
v -8.100294 12.480942 0.913911
v -8.619293 12.480942 1.690611
v -7.918045 12.230942 -0.002289
v -8.100294 12.230942 -0.918489
v -8.100294 12.480942 -0.918489
v -7.918045 12.480942 -0.002289
v -8.619293 12.230942 -1.695189
v -9.395994 12.230942 -2.214189
v -9.395994 12.480942 -2.214189
v -8.619293 12.480942 -1.695189
v -10.312193 12.230942 -2.396439
v -10.312193 12.480942 -2.396439
v -12.524043 12.230942 0.913911
v -12.524043 12.480942 0.913911
v -7.918045 12.230942 -0.002289
v -7.918045 12.480942 -0.002289
v -10.312193 12.480942 -2.396439
v -11.228394 12.480942 -2.214189
v -11.087943 12.480942 -1.875139
v -10.312193 12.480942 -2.029439
v -12.524043 12.480942 0.913911
v -12.005095 12.480942 1.690611
v -11.745592 12.480942 1.431111
v -12.184993 12.480942 0.773461
v -12.005095 12.480942 -1.695189
v -12.524043 12.480942 -0.918489
v -12.184993 12.480942 -0.778039
v -11.745592 12.480942 -1.435689
v -11.228394 12.480942 2.209612
v -10.312193 12.480942 2.391812
v -10.312193 12.480942 2.024862
v -11.087943 12.480942 1.870511
v -9.395994 12.480942 2.209612
v -8.619293 12.480942 1.690611
v -8.878792 12.480942 1.431111
v -9.536444 12.480942 1.870511
v -8.100294 12.480942 0.913911
v -7.918045 12.480942 -0.002289
v -8.285044 12.480942 -0.002289
v -8.439344 12.480942 0.773461
v -8.100294 12.480942 -0.918489
v -8.619293 12.480942 -1.695189
v -8.878792 12.480942 -1.435689
v -8.439344 12.480942 -0.778039
v -9.395994 12.480942 -2.214189
v -9.536444 12.480942 -1.875139
v -12.706293 12.480942 -0.002289
v -12.339293 12.480942 -0.002289
v -9.816543 13.953141 -1.198839
v -10.312193 13.953141 -1.297439
v -10.312193 14.022041 -1.263139
v -9.829643 14.022041 -1.167189
v -11.607292 13.953141 -0.002289
v -11.508742 13.953141 0.493311
v -11.477093 14.022041 0.480211
v -11.573044 14.022041 -0.002289
v -10.807795 13.953141 -1.198839
v -11.227993 13.953141 -0.918089
v -11.203743 14.022041 -0.893839
v -10.794693 14.022041 -1.167189
v -11.227993 13.953141 0.913512
v -10.807795 13.953141 1.194262
v -10.794693 14.022041 1.162612
v -11.203743 14.022041 0.889261
v -11.508742 13.953141 -0.497939
v -11.477093 14.022041 -0.484789
v -10.312193 13.953141 1.292812
v -9.816543 13.953141 1.194262
v -9.829643 14.022041 1.162612
v -10.312193 14.022041 1.258562
v -9.396395 13.953141 0.913512
v -9.115643 13.953141 0.493311
v -9.147292 14.022041 0.480211
v -9.420593 14.022041 0.889261
v -9.017044 13.953141 -0.002289
v -9.115643 13.953141 -0.497939
v -9.147292 14.022041 -0.484789
v -9.051292 14.022041 -0.002289
v -9.396395 13.953141 -0.918089
v -9.420593 14.022041 -0.893839
v -9.017044 13.953141 -0.002289
v -9.051292 14.022041 -0.002289
v -9.829643 14.580241 -1.167189
v -9.420593 14.580241 -0.893839
v -10.794693 14.580241 -1.167189
v -10.312193 14.580241 -1.263139
v -11.203743 14.580241 0.889262
v -11.477093 14.580241 0.480212
v -11.477093 14.580241 -0.484789
v -11.203743 14.580241 -0.893839
v -10.312193 14.580241 1.258562
v -10.794693 14.580241 1.162612
v -9.420593 14.580241 0.889262
v -9.829643 14.580241 1.162612
v -9.051292 14.580241 -0.002289
v -9.147292 14.580241 0.480212
v -9.147292 14.580241 -0.484789
v -11.573044 14.580241 -0.002289
v -9.051292 14.580241 -0.002289
v -9.147292 14.580241 -0.484789
v -9.420593 14.580241 -0.893839
v -9.627193 14.580241 -0.687289
v -9.417194 14.580241 -0.372989
v -9.829643 14.580241 -1.167189
v -10.312193 14.580241 -1.263139
v -10.312193 14.580241 -0.970989
v -9.941493 14.580241 -0.897239
v -11.573044 14.580241 -0.002289
v -11.477093 14.580241 0.480212
v -11.207143 14.580241 0.368412
v -11.280893 14.580241 -0.002289
v -10.794693 14.580241 -1.167189
v -11.203743 14.580241 -0.893839
v -10.997144 14.580241 -0.687289
v -10.682894 14.580241 -0.897239
v -11.203743 14.580241 0.889262
v -10.794693 14.580241 1.162612
v -10.682894 14.580241 0.892662
v -10.997144 14.580241 0.682662
v -11.477093 14.580241 -0.484789
v -11.207143 14.580241 -0.372989
v -10.312193 14.580241 1.258562
v -9.829643 14.580241 1.162612
v -9.941493 14.580241 0.892662
v -10.312193 14.580241 0.966412
v -9.420593 14.580241 0.889262
v -9.147292 14.580241 0.480212
v -9.417194 14.580241 0.368412
v -9.627193 14.580241 0.682662
v -9.051292 14.580241 -0.002289
v -9.343494 14.580241 -0.002289
v -9.343494 14.580241 -0.002289
v -9.417194 14.580241 -0.372989
v -9.417194 11.488941 -0.372989
v -9.343494 11.488941 -0.002289
v -9.627193 14.580241 -0.687289
v -9.941493 14.580241 -0.897239
v -9.941493 11.488941 -0.897239
v -9.627193 11.488941 -0.687289
v -10.312193 14.580241 -0.970989
v -10.682894 14.580241 -0.897239
v -10.682894 11.488941 -0.897239
v -10.312193 11.488941 -0.970989
v -11.207143 14.580241 0.368412
v -10.997144 14.580241 0.682662
v -10.997144 11.488941 0.682661
v -11.207143 11.488941 0.368411
v -10.997144 14.580241 -0.687289
v -11.207143 14.580241 -0.372989
v -11.207143 11.488941 -0.372989
v -10.997144 11.488941 -0.687289
v -10.682894 14.580241 0.892662
v -10.312193 14.580241 0.966412
v -10.312193 11.488941 0.966411
v -10.682894 11.488941 0.892661
v -9.941493 14.580241 0.892662
v -9.627193 14.580241 0.682662
v -9.627193 11.488941 0.682661
v -9.941493 11.488941 0.892661
v -9.417194 14.580241 0.368412
v -9.417194 11.488941 0.368411
v -11.280893 14.580241 -0.002289
v -11.280893 11.488941 -0.002289
v -11.280893 14.580241 -0.002289
v -11.280893 11.488941 -0.002289
v -10.653144 6.729041 0.820811
v -10.942142 6.729041 0.627711
v -11.239794 6.729041 0.925311
v -10.814194 6.729041 1.209661
v -10.942142 6.729041 -0.632290
v -10.653144 6.729041 -0.825390
v -10.814194 6.729041 -1.214240
v -11.239794 6.729041 -0.929890
v -9.682194 6.729041 0.627711
v -9.971243 6.729041 0.820811
v -9.810143 6.729041 1.209661
v -9.384592 6.729041 0.925311
v -9.489044 6.729041 -0.343240
v -9.421242 6.729041 -0.002290
v -9.000343 6.729041 -0.002290
v -9.100193 6.729041 -0.504290
v -11.203093 6.729041 -0.002290
v -11.135293 6.729041 -0.343240
v -11.524144 6.729041 -0.504290
v -11.623994 6.729041 -0.002290
v -11.135293 6.729041 0.338660
v -11.524144 6.729041 0.499711
v -10.312193 6.729041 -0.893240
v -9.971243 6.729041 -0.825390
v -9.810143 6.729041 -1.214240
v -10.312193 6.729041 -1.314140
v -10.312193 6.729041 0.888661
v -10.312193 6.729041 1.309510
v -9.489044 6.729041 0.338660
v -9.100193 6.729041 0.499711
v -9.682194 6.729041 -0.632290
v -9.384592 6.729041 -0.929890
v -9.417194 11.488941 0.368411
v -9.343494 11.488941 -0.002289
v -10.312193 11.488941 -0.002289
v -9.417194 11.488941 -0.372989
v -9.627193 11.488941 -0.687289
v -9.941493 11.488941 -0.897239
v -10.312193 11.488941 -0.970989
v -11.280893 11.488941 -0.002289
v -11.207143 11.488941 0.368411
v -10.682894 11.488941 -0.897239
v -10.997144 11.488941 -0.687289
v -10.997144 11.488941 0.682661
v -10.682894 11.488941 0.892661
v -11.207143 11.488941 -0.372989
v -10.312193 11.488941 0.966411
v -9.941493 11.488941 0.892661
v -9.627193 11.488941 0.682661
v -9.384592 6.729041 0.925311
v -9.810143 6.729041 1.209661
v -9.810143 5.980791 1.209660
v -9.384592 5.980791 0.925310
v -11.623994 6.729041 -0.002290
v -11.524144 6.729041 -0.504290
v -11.524144 5.980791 -0.504290
v -11.623994 5.980791 -0.002290
v -10.312193 6.729041 1.309510
v -10.814194 6.729041 1.209661
v -10.814194 5.980791 1.209660
v -10.312193 5.980791 1.309510
v -11.239794 6.729041 -0.929890
v -10.814194 6.729041 -1.214240
v -10.814194 5.980791 -1.214240
v -11.239794 5.980791 -0.929890
v -11.239794 6.729041 0.925311
v -11.524144 6.729041 0.499711
v -11.524144 5.980791 0.499710
v -11.239794 5.980791 0.925310
v -10.312193 6.729041 -1.314140
v -9.810143 6.729041 -1.214240
v -9.810143 5.980791 -1.214240
v -10.312193 5.980791 -1.314140
v -9.384592 6.729041 -0.929890
v -9.100193 6.729041 -0.504290
v -9.100193 5.980791 -0.504290
v -9.384592 5.980791 -0.929890
v -9.000343 6.729041 -0.002290
v -9.100193 6.729041 0.499711
v -9.100193 5.980791 0.499710
v -9.000343 5.980791 -0.002290
v -9.000343 6.729041 -0.002290
v -9.000343 5.980791 -0.002290
v -0.209943 7.551141 1.284161
v -0.800194 7.551141 1.678561
v -0.800194 5.530091 1.678560
v -0.209943 5.530091 1.284160
v -3.315794 7.551141 -0.002289
v -3.177294 7.551141 -0.698539
v -3.177294 5.530091 -0.698540
v -3.315794 5.530091 -0.002290
v -1.496394 7.551141 1.817061
v -2.192644 7.551141 1.678561
v -2.192644 5.530091 1.678560
v -1.496394 5.530091 1.817060
v -2.782893 7.551141 -1.288790
v -2.192644 7.551141 -1.683140
v -2.192644 5.530091 -1.683140
v -2.782893 5.530091 -1.288790
v -2.782893 7.551141 1.284161
v -3.177294 7.551141 0.693961
v -3.177294 5.530091 0.693960
v -2.782893 5.530091 1.284160
v -1.496394 7.551142 -1.821640
v -0.800194 7.551141 -1.683140
v -0.800194 5.530091 -1.683140
v -1.496394 5.530091 -1.821640
v -0.209943 7.551141 -1.288790
v 0.184456 7.551141 -0.698539
v 0.184456 5.530091 -0.698540
v -0.209943 5.530091 -1.288790
v 0.322957 7.551141 -0.002289
v 0.184456 7.551141 0.693961
v 0.184456 5.530091 0.693960
v 0.322957 5.530091 -0.002290
v 0.322957 7.551141 -0.002289
v 0.322957 5.530091 -0.002290
v -0.209943 7.587441 1.284161
v 0.184456 7.587441 0.693961
v -0.103843 7.587441 0.574511
v -0.430594 7.587441 1.063561
v -1.496394 7.587441 1.817061
v -0.800194 7.587441 1.678561
v -0.919594 7.587441 1.390311
v -1.496394 7.587441 1.505011
v -3.177294 7.587441 -0.698539
v -3.315794 7.587441 -0.002289
v -3.003744 7.587441 -0.002289
v -2.888993 7.587441 -0.579140
v -2.782893 7.587441 1.284161
v -2.192644 7.587441 1.678561
v -2.073244 7.587441 1.390311
v -2.562243 7.587441 1.063561
v -2.192644 7.587441 -1.683140
v -2.782893 7.587441 -1.288790
v -2.562243 7.587441 -1.068140
v -2.073244 7.587441 -1.394890
v -3.177294 7.587441 0.693961
v -2.888993 7.587441 0.574511
v -0.800194 7.587441 -1.683140
v -1.496394 7.587442 -1.821640
v -1.496394 7.587441 -1.509640
v -0.919594 7.587441 -1.394890
v 0.184456 7.587441 -0.698539
v -0.209943 7.587441 -1.288790
v -0.430594 7.587441 -1.068140
v -0.103843 7.587441 -0.579140
v 0.322957 7.587441 -0.002289
v 0.010906 7.587441 -0.002289
v 0.010906 9.081841 -0.002289
v -0.103843 9.081841 -0.579139
v -0.103843 9.130792 -0.579139
v 0.010906 9.130792 -0.002289
v -0.430594 9.081841 1.063561
v -0.103843 9.081841 0.574511
v -0.103843 9.130792 0.574511
v -0.430594 9.130792 1.063561
v -1.496394 9.081841 1.505011
v -0.919594 9.081841 1.390311
v -0.919594 9.130792 1.390311
v -1.496394 9.130792 1.505011
v -2.888993 9.081841 -0.579139
v -3.003744 9.081841 -0.002289
v -3.003744 9.130792 -0.002289
v -2.888993 9.130792 -0.579139
v -2.562243 9.081841 1.063561
v -2.073244 9.081841 1.390311
v -2.073244 9.130792 1.390311
v -2.562243 9.130792 1.063561
v -2.073244 9.081841 -1.394889
v -2.562243 9.081841 -1.068139
v -2.562243 9.130792 -1.068139
v -2.073244 9.130792 -1.394889
v -2.888993 9.081841 0.574511
v -2.888993 9.130792 0.574511
v -0.919594 9.081841 -1.394889
v -1.496394 9.081841 -1.509639
v -1.496394 9.130792 -1.509639
v -0.919594 9.130792 -1.394889
v -0.430594 9.081841 -1.068139
v -0.430594 9.130792 -1.068139
v 0.010906 9.081841 -0.002289
v 0.010906 9.130792 -0.002289
v -0.103843 9.130792 -0.579139
v -0.430594 9.130792 -1.068139
v -0.185593 9.130792 -1.313139
v 0.216306 9.130792 -0.711739
v -0.103843 9.130792 0.574511
v 0.010906 9.130792 -0.002289
v 0.357406 9.130792 -0.002289
v 0.216306 9.130792 0.707111
v -0.919594 9.130792 1.390311
v -0.430594 9.130792 1.063561
v -0.185593 9.130792 1.308561
v -0.786994 9.130792 1.710411
v -2.073244 9.130792 1.390311
v -1.496394 9.130792 1.505011
v -1.496394 9.130791 1.851511
v -2.205844 9.130792 1.710411
v -2.562243 9.130792 -1.068139
v -2.888993 9.130792 -0.579139
v -3.209144 9.130792 -0.711739
v -2.807243 9.130792 -1.313139
v -2.888993 9.130792 0.574511
v -2.562243 9.130792 1.063561
v -2.807243 9.130792 1.308561
v -3.209144 9.130792 0.707111
v -1.496394 9.130792 -1.509639
v -2.073244 9.130792 -1.394889
v -2.205844 9.130792 -1.714989
v -1.496394 9.130792 -1.856089
v -0.919594 9.130792 -1.394889
v -0.786994 9.130792 -1.714989
v -3.003744 9.130792 -0.002289
v -3.350244 9.130792 -0.002289
v -0.185593 9.130792 -1.313139
v -0.786994 9.130792 -1.714989
v -0.786994 9.396441 -1.714989
v -0.185593 9.396441 -1.313139
v 0.357406 9.130792 -0.002289
v 0.216306 9.130792 -0.711739
v 0.216306 9.396441 -0.711739
v 0.357406 9.396441 -0.002289
v -0.185593 9.130792 1.308561
v 0.216306 9.130792 0.707111
v 0.216306 9.396441 0.707111
v -0.185593 9.396441 1.308561
v -1.496394 9.130791 1.851511
v -0.786994 9.130792 1.710411
v -0.786994 9.396441 1.710411
v -1.496394 9.396441 1.851511
v -3.209144 9.130792 -0.711739
v -3.350244 9.130792 -0.002289
v -3.350244 9.396441 -0.002289
v -3.209144 9.396441 -0.711739
v -2.807243 9.130792 1.308561
v -2.205844 9.130792 1.710411
v -2.205844 9.396441 1.710411
v -2.807243 9.396441 1.308561
v -2.205844 9.130792 -1.714989
v -2.807243 9.130792 -1.313139
v -2.807243 9.396441 -1.313139
v -2.205844 9.396441 -1.714989
v -3.209144 9.130792 0.707111
v -3.209144 9.396441 0.707111
v -1.496394 9.130792 -1.856089
v -1.496394 9.396441 -1.856089
v 0.357406 9.130792 -0.002289
v 0.357406 9.396441 -0.002289
v -3.350244 9.396441 -0.002289
v -3.209144 9.396441 0.707111
v -2.696893 9.396441 0.494961
v -2.795793 9.396441 -0.002289
v -0.786994 9.396441 -1.714989
v -1.496394 9.396441 -1.856089
v -1.496394 9.396441 -1.301639
v -0.999193 9.396441 -1.202739
v 0.216306 9.396441 -0.711739
v -0.185593 9.396441 -1.313139
v -0.577643 9.396441 -0.921089
v -0.295943 9.396441 -0.499539
v 0.216306 9.396441 0.707111
v 0.357406 9.396441 -0.002289
v -0.197044 9.396441 -0.002289
v -0.295943 9.396441 0.494961
v -0.786994 9.396441 1.710411
v -0.185593 9.396441 1.308561
v -0.577643 9.396441 0.916511
v -0.999193 9.396441 1.198161
v -2.205844 9.396441 1.710411
v -1.496394 9.396441 1.851511
v -1.496394 9.396441 1.297061
v -1.993643 9.396441 1.198161
v -2.807243 9.396441 -1.313139
v -3.209144 9.396441 -0.711739
v -2.696893 9.396441 -0.499539
v -2.415194 9.396441 -0.921089
v -2.807243 9.396441 1.308561
v -2.415194 9.396441 0.916511
v -2.205844 9.396441 -1.714989
v -1.993643 9.396441 -1.202739
v -2.696893 9.396441 0.494961
v -2.415194 9.396441 0.916511
v -2.301094 9.683792 0.802361
v -2.547743 9.683792 0.433161
v -1.496394 9.396441 -1.301639
v -1.993643 9.396441 -1.202739
v -1.931894 9.683792 -1.053639
v -1.496394 9.683792 -1.140239
v -0.577643 9.396441 -0.921089
v -0.999193 9.396441 -1.202739
v -1.060944 9.683792 -1.053639
v -0.691743 9.683792 -0.806939
v -0.197044 9.396441 -0.002289
v -0.295943 9.396441 -0.499539
v -0.445093 9.683792 -0.437789
v -0.358443 9.683792 -0.002289
v -0.577643 9.396441 0.916511
v -0.295943 9.396441 0.494961
v -0.445093 9.683792 0.433161
v -0.691743 9.683792 0.802361
v -1.496394 9.396441 1.297061
v -0.999193 9.396441 1.198161
v -1.060944 9.683792 1.049061
v -1.496394 9.683792 1.135661
v -2.696893 9.396441 -0.499539
v -2.795793 9.396441 -0.002289
v -2.634393 9.683792 -0.002289
v -2.547743 9.683792 -0.437789
v -1.993643 9.396441 1.198161
v -1.931894 9.683792 1.049061
v -2.415194 9.396441 -0.921089
v -2.301094 9.683792 -0.806939
v -1.753744 9.999742 0.618911
v -1.971843 9.999742 0.473161
v -1.971843 9.999742 -0.477739
v -1.753694 9.999742 -0.623489
v -2.117593 9.999742 0.255011
v -2.168794 9.999742 -0.002289
v -1.496394 9.999742 -0.674639
v -1.239094 9.999742 -0.623489
v -1.020993 9.999742 -0.477739
v -0.875243 9.999742 -0.259589
v -0.824044 9.999742 -0.002289
v -0.875243 9.999742 0.255011
v -1.020993 9.999742 0.473161
v -1.239094 9.999742 0.618911
v -1.496394 9.999742 0.670061
v -2.117593 9.999742 -0.259589
v -1.753744 9.999742 0.618911
v -1.496394 9.999742 0.670061
v -1.496394 10.175292 0.670061
v -1.753744 10.175292 0.618911
v -1.971843 9.999742 -0.477739
v -2.117593 9.999742 -0.259589
v -2.117593 10.175292 -0.259589
v -1.971843 10.175292 -0.477739
v -2.117593 9.999742 0.255011
v -1.971843 9.999742 0.473161
v -1.971843 10.175292 0.473161
v -2.117593 10.175292 0.255011
v -1.496394 9.999742 -0.674639
v -1.753694 9.999742 -0.623489
v -1.753694 10.175292 -0.623489
v -1.496394 10.175292 -0.674639
v -1.020993 9.999742 -0.477739
v -1.239094 9.999742 -0.623489
v -1.239094 10.175292 -0.623489
v -1.020993 10.175292 -0.477739
v -0.824044 9.999742 -0.002289
v -0.875243 9.999742 -0.259589
v -0.875243 10.175292 -0.259589
v -0.824044 10.175292 -0.002289
v -1.020993 9.999742 0.473161
v -0.875243 9.999742 0.255011
v -0.875243 10.175292 0.255011
v -1.020993 10.175292 0.473161
v -1.239094 9.999742 0.618911
v -1.239094 10.175292 0.618911
v -2.168794 9.999742 -0.002289
v -2.168794 10.175292 -0.002289
v -0.824044 9.999742 -0.002289
v -0.824044 10.175292 -0.002289
v -1.496394 10.175292 0.670061
v -1.239094 10.175292 0.618911
v -1.162044 10.175292 0.804961
v -1.496394 10.175292 0.871511
v -2.117593 10.175292 -0.259589
v -2.168794 10.175292 -0.002289
v -2.370193 10.175292 -0.002289
v -2.303693 10.175292 -0.336689
v -1.971843 10.175292 0.473161
v -1.753744 10.175292 0.618911
v -1.830794 10.175292 0.804961
v -2.114294 10.175292 0.615561
v -1.753694 10.175292 -0.623489
v -1.971843 10.175292 -0.477739
v -2.114294 10.175292 -0.620139
v -1.830794 10.175292 -0.809589
v -2.117593 10.175292 0.255011
v -2.303693 10.175292 0.332111
v -1.239094 10.175292 -0.623489
v -1.496394 10.175292 -0.674639
v -1.496394 10.175292 -0.876089
v -1.162044 10.175292 -0.809589
v -0.875243 10.175292 -0.259589
v -1.020993 10.175292 -0.477739
v -0.878544 10.175292 -0.620139
v -0.689143 10.175292 -0.336689
v -0.875243 10.175292 0.255011
v -0.824044 10.175292 -0.002289
v -0.622643 10.175292 -0.002289
v -0.689143 10.175292 0.332111
v -1.020993 10.175292 0.473161
v -0.878544 10.175292 0.615561
v -1.162044 10.175292 0.804961
v -0.878544 10.175292 0.615561
v -0.878544 10.397641 0.615561
v -1.162044 10.397641 0.804961
v -1.830794 10.175292 0.804961
v -1.496394 10.175292 0.871511
v -1.496394 10.397641 0.871511
v -1.830794 10.397641 0.804961
v -2.114294 10.175292 -0.620139
v -2.303693 10.175292 -0.336689
v -2.303693 10.397641 -0.336689
v -2.114294 10.397641 -0.620139
v -2.303693 10.175292 0.332111
v -2.114294 10.175292 0.615561
v -2.114294 10.397641 0.615561
v -2.303693 10.397641 0.332111
v -1.496394 10.175292 -0.876089
v -1.830794 10.175292 -0.809589
v -1.830794 10.397641 -0.809589
v -1.496394 10.397641 -0.876089
v -0.878544 10.175292 -0.620139
v -1.162044 10.175292 -0.809589
v -1.162044 10.397641 -0.809589
v -0.878544 10.397641 -0.620139
v -0.622643 10.175292 -0.002289
v -0.689143 10.175292 -0.336689
v -0.689143 10.397641 -0.336689
v -0.622643 10.397641 -0.002289
v -0.689143 10.175292 0.332111
v -0.689143 10.397641 0.332111
v -2.370193 10.175292 -0.002289
v -2.370193 10.397641 -0.002289
v -0.622643 10.175292 -0.002289
v -0.622643 10.397641 -0.002289
v -0.878544 10.397641 0.615561
v -0.689143 10.397641 0.332111
v -1.108743 10.397641 0.158261
v -1.199694 10.397641 0.294411
v -1.496394 10.397641 0.871511
v -1.162044 10.397641 0.804961
v -1.335844 10.397641 0.385361
v -1.496394 10.397641 0.417311
v -2.303693 10.397641 -0.336689
v -2.370193 10.397641 -0.002289
v -1.915994 10.397641 -0.002289
v -1.884093 10.397641 -0.162889
v -2.114294 10.397641 0.615561
v -1.830794 10.397641 0.804961
v -1.656994 10.397641 0.385361
v -1.793144 10.397641 0.294411
v -1.830794 10.397641 -0.809589
v -2.114294 10.397641 -0.620139
v -1.793144 10.397641 -0.298989
v -1.656994 10.397641 -0.389939
v -2.303693 10.397641 0.332111
v -1.884093 10.397641 0.158261
v -1.162044 10.397641 -0.809589
v -1.496394 10.397641 -0.876089
v -1.496394 10.397641 -0.421889
v -1.335844 10.397641 -0.389939
v -0.689143 10.397641 -0.336689
v -0.878544 10.397641 -0.620139
v -1.199694 10.397641 -0.298989
v -1.108743 10.397641 -0.162889
v -0.622643 10.397641 -0.002289
v -1.076794 10.397641 -0.002289
v -1.277894 10.538041 -0.002289
v -1.294544 10.538041 0.081311
v -1.341894 10.538041 0.152211
v -1.412794 10.538041 0.199611
v -1.496394 10.538041 0.216211
v -1.580043 10.538041 0.199611
v -1.698294 10.538041 -0.085939
v -1.650944 10.538041 -0.156839
v -1.650944 10.538041 0.152211
v -1.698294 10.538041 0.081311
v -1.580043 10.538041 -0.204189
v -1.496394 10.538041 -0.220839
v -1.412794 10.538041 -0.204189
v -1.341894 10.538041 -0.156839
v -1.294544 10.538041 -0.085939
v -1.714944 10.538041 -0.002289
v -1.277894 10.538041 -0.002289
v -1.294544 10.538041 -0.085939
v -1.294544 11.111491 -0.085939
v -1.277894 11.111491 -0.002289
v -1.341894 10.538041 0.152211
v -1.294544 10.538041 0.081311
v -1.294544 11.111491 0.081311
v -1.341894 11.111491 0.152211
v -1.496394 10.538041 0.216211
v -1.412794 10.538041 0.199611
v -1.412794 11.111491 0.199611
v -1.496394 11.111491 0.216211
v -1.698294 10.538041 -0.085939
v -1.714944 10.538041 -0.002289
v -1.714944 11.111491 -0.002289
v -1.698294 11.111491 -0.085939
v -1.650944 10.538041 0.152211
v -1.580043 10.538041 0.199611
v -1.580043 11.111491 0.199611
v -1.650944 11.111491 0.152211
v -1.580043 10.538041 -0.204189
v -1.650944 10.538041 -0.156839
v -1.650944 11.111491 -0.156839
v -1.580043 11.111491 -0.204189
v -1.698294 10.538041 0.081311
v -1.698294 11.111491 0.081311
v -1.412794 10.538041 -0.204189
v -1.496394 10.538041 -0.220839
v -1.496394 11.111491 -0.220839
v -1.412794 11.111491 -0.204189
v -1.341894 10.538041 -0.156839
v -1.341894 11.111491 -0.156839
v -1.277894 10.538041 -0.002289
v -1.277894 11.111491 -0.002289
v -1.294544 11.111491 -0.085939
v -1.341894 11.111491 -0.156839
v -1.496394 11.111491 -0.002289
v -1.294544 11.111491 0.081311
v -1.277894 11.111491 -0.002289
v -1.412794 11.111491 0.199611
v -1.341894 11.111491 0.152211
v -1.580043 11.111491 0.199611
v -1.496394 11.111491 0.216211
v -1.650944 11.111491 -0.156839
v -1.698294 11.111491 -0.085939
v -1.698294 11.111491 0.081311
v -1.650944 11.111491 0.152211
v -1.496394 11.111491 -0.220839
v -1.580043 11.111491 -0.204189
v -1.412794 11.111491 -0.204189
v -1.714944 11.111491 -0.002289
v 9.339107 8.594841 1.724411
v 8.546906 8.594841 2.253761
v 8.546906 5.354241 2.253761
v 9.339107 5.354241 1.724410
v 5.170456 8.594841 -0.002289
v 5.356306 8.594841 -0.936789
v 5.356306 5.354241 -0.936790
v 5.170456 5.354241 -0.002290
v 7.612406 8.594841 2.439661
v 6.677907 8.594841 2.253761
v 6.677907 5.354241 2.253761
v 7.612406 5.354241 2.439661
v 5.885656 8.594841 -1.728989
v 6.677907 8.594842 -2.258339
v 6.677907 5.354241 -2.258340
v 5.885656 5.354241 -1.728990
v 5.885656 8.594841 1.724411
v 5.356306 8.594841 0.932211
v 5.356306 5.354241 0.932210
v 5.885656 5.354241 1.724410
v 7.612406 8.594842 -2.444239
v 8.546906 8.594842 -2.258339
v 8.546906 5.354241 -2.258340
v 7.612406 5.354241 -2.444240
v 9.339107 8.594841 -1.728989
v 9.868457 8.594841 -0.936789
v 9.868457 5.354241 -0.936790
v 9.339107 5.354241 -1.728990
v 10.054357 8.594841 -0.002289
v 9.868457 8.594841 0.932211
v 9.868457 5.354241 0.932210
v 10.054357 5.354241 -0.002290
v 10.054357 8.594841 -0.002289
v 10.054357 5.354241 -0.002290
v 10.054357 8.594841 -0.002289
v 9.868457 8.594841 -0.936789
v 9.455907 8.594841 -0.765889
v 9.607807 8.594841 -0.002289
v 9.339107 8.594841 1.724411
v 9.868457 8.594841 0.932211
v 9.455907 8.594841 0.761311
v 9.023356 8.594841 1.408661
v 7.612406 8.594841 2.439661
v 8.546906 8.594841 2.253761
v 8.376006 8.594841 1.841211
v 7.612406 8.594841 1.993111
v 5.356306 8.594841 -0.936789
v 5.170456 8.594841 -0.002289
v 5.616957 8.594841 -0.002289
v 5.768856 8.594841 -0.765889
v 5.885656 8.594841 1.724411
v 6.677907 8.594841 2.253761
v 6.848756 8.594841 1.841211
v 6.201406 8.594841 1.408661
v 6.677907 8.594842 -2.258339
v 5.885656 8.594841 -1.728989
v 6.201406 8.594841 -1.413289
v 6.848756 8.594842 -1.845840
v 5.356306 8.594841 0.932211
v 5.768856 8.594841 0.761311
v 8.546906 8.594842 -2.258339
v 7.612406 8.594842 -2.444239
v 7.612406 8.594842 -1.997740
v 8.376006 8.594842 -1.845840
v 9.339107 8.594841 -1.728989
v 9.023356 8.594841 -1.413289
v 7.612406 10.714541 1.993111
v 8.376006 10.714541 1.841211
v 8.376006 10.775091 1.841211
v 7.612406 10.775091 1.993111
v 5.768856 10.714541 -0.765889
v 5.616957 10.714541 -0.002289
v 5.616957 10.775091 -0.002289
v 5.768856 10.775091 -0.765889
v 6.201406 10.714541 1.408661
v 6.848756 10.714541 1.841211
v 6.848756 10.775091 1.841211
v 6.201406 10.775091 1.408661
v 6.848756 10.714541 -1.845839
v 6.201406 10.714541 -1.413289
v 6.201406 10.775091 -1.413289
v 6.848756 10.775091 -1.845839
v 5.768856 10.714541 0.761311
v 5.768856 10.775091 0.761311
v 8.376006 10.714541 -1.845839
v 7.612406 10.714541 -1.997739
v 7.612406 10.775091 -1.997739
v 8.376006 10.775091 -1.845839
v 9.455907 10.714541 -0.765889
v 9.023356 10.714541 -1.413289
v 9.023356 10.775091 -1.413289
v 9.455907 10.775091 -0.765889
v 9.455907 10.714541 0.761311
v 9.607807 10.714541 -0.002289
v 9.607807 10.775091 -0.002289
v 9.455907 10.775091 0.761311
v 9.023356 10.714541 1.408661
v 9.023356 10.775091 1.408661
v 9.607807 10.714541 -0.002289
v 9.607807 10.775091 -0.002289
v 8.376006 10.775091 1.841211
v 9.023356 10.775091 1.408661
v 9.334457 10.775091 1.719761
v 8.544357 10.775091 2.247661
v 6.848756 10.775091 1.841211
v 7.612406 10.775091 1.993111
v 7.612406 10.775091 2.433061
v 6.680407 10.775091 2.247661
v 6.201406 10.775091 -1.413289
v 5.768856 10.775091 -0.765889
v 5.362406 10.775091 -0.934239
v 5.890357 10.775091 -1.724339
v 5.768856 10.775091 0.761311
v 6.201406 10.775091 1.408661
v 5.890357 10.775091 1.719761
v 5.362406 10.775091 0.929661
v 7.612406 10.775091 -1.997739
v 6.848756 10.775091 -1.845839
v 6.680407 10.775091 -2.252239
v 7.612406 10.775091 -2.437639
v 9.023356 10.775091 -1.413289
v 8.376006 10.775091 -1.845839
v 8.544357 10.775091 -2.252239
v 9.334457 10.775091 -1.724339
v 9.607807 10.775091 -0.002289
v 9.455907 10.775091 -0.765889
v 9.862357 10.775091 -0.934239
v 10.047708 10.775091 -0.002289
v 9.455907 10.775091 0.761311
v 9.862357 10.775091 0.929661
v 5.616957 10.775091 -0.002289
v 5.177057 10.775091 -0.002289
v 9.334457 10.775091 1.719761
v 9.862357 10.775091 0.929661
v 9.862357 11.179491 0.929661
v 9.334457 11.179491 1.719761
v 7.612406 10.775091 2.433061
v 8.544357 10.775091 2.247661
v 8.544357 11.179491 2.247661
v 7.612406 11.179491 2.433061
v 5.362406 10.775091 -0.934239
v 5.177057 10.775091 -0.002289
v 5.177057 11.179491 -0.002289
v 5.362406 11.179491 -0.934239
v 5.890357 10.775091 1.719761
v 6.680407 10.775091 2.247661
v 6.680407 11.179491 2.247661
v 5.890357 11.179491 1.719761
v 6.680407 10.775091 -2.252239
v 5.890357 10.775091 -1.724339
v 5.890357 11.179491 -1.724339
v 6.680407 11.179491 -2.252239
v 5.362406 10.775091 0.929661
v 5.362406 11.179491 0.929661
v 8.544357 10.775091 -2.252239
v 7.612406 10.775091 -2.437639
v 7.612406 11.179491 -2.437639
v 8.544357 11.179491 -2.252239
v 9.862357 10.775091 -0.934239
v 9.334457 10.775091 -1.724339
v 9.334457 11.179491 -1.724339
v 9.862357 11.179491 -0.934239
v 10.047708 10.775091 -0.002289
v 10.047708 11.179491 -0.002289
v 10.047708 10.775091 -0.002289
v 10.047708 11.179491 -0.002289
v 9.862357 11.179491 0.929661
v 10.047708 11.179491 -0.002289
v 9.260607 11.179491 -0.002289
v 9.135157 11.179491 0.628461
v 8.544357 11.179491 2.247661
v 9.334457 11.179491 1.719761
v 8.777857 11.179491 1.163161
v 8.243156 11.179491 1.520461
v 6.680407 11.179491 2.247661
v 7.612406 11.179491 2.433061
v 7.612406 11.179491 1.645911
v 6.981657 11.179491 1.520461
v 5.890357 11.179491 -1.724339
v 5.362406 11.179491 -0.934239
v 6.089607 11.179491 -0.633039
v 6.446907 11.179491 -1.167789
v 5.362406 11.179491 0.929661
v 5.890357 11.179491 1.719761
v 6.446907 11.179491 1.163161
v 6.089607 11.179491 0.628461
v 7.612406 11.179491 -2.437639
v 6.680407 11.179491 -2.252239
v 6.981657 11.179491 -1.525039
v 7.612406 11.179491 -1.650539
v 9.334457 11.179491 -1.724339
v 8.544357 11.179491 -2.252239
v 8.243156 11.179491 -1.525039
v 8.777857 11.179491 -1.167789
v 9.862357 11.179491 -0.934239
v 9.135157 11.179491 -0.633039
v 5.177057 11.179491 -0.002289
v 5.964156 11.179491 -0.002289
v 7.612406 11.516492 1.320761
v 7.106057 11.516492 1.220061
v 6.390056 11.516492 -0.508589
v 6.676857 11.516492 -0.937839
v 6.676857 11.516492 0.933261
v 6.390056 11.516492 0.504011
v 7.106057 11.516492 -1.224639
v 7.612406 11.516492 -1.325339
v 8.118707 11.516492 -1.224639
v 8.547957 11.516492 -0.937839
v 8.834757 11.516492 -0.508589
v 8.935457 11.516492 -0.002289
v 8.834757 11.516492 0.504011
v 8.547957 11.516492 0.933261
v 8.118707 11.516492 1.220061
v 6.289307 11.516492 -0.002289
v 7.931507 11.904041 0.768161
v 7.612406 11.904041 0.831611
v 6.778456 11.904041 -0.002289
v 6.841956 11.904041 -0.321439
v 7.293256 11.904041 0.768161
v 7.022707 11.904041 0.587361
v 7.022707 11.904041 -0.591989
v 7.293256 11.904041 -0.772739
v 6.841956 11.904041 0.316811
v 7.612406 11.904041 -0.836239
v 7.931507 11.904041 -0.772739
v 8.202057 11.904041 -0.591989
v 8.382857 11.904041 -0.321439
v 8.446306 11.904041 -0.002289
v 8.382857 11.904041 0.316811
v 8.202057 11.904041 0.587361
v 7.931507 11.904041 0.768161
v 8.202057 11.904041 0.587361
v 8.202057 12.409492 0.587361
v 7.931507 12.409492 0.768161
v 7.293256 11.904041 0.768161
v 7.612406 11.904041 0.831611
v 7.612406 12.409492 0.831611
v 7.293256 12.409492 0.768161
v 7.022707 11.904041 -0.591989
v 6.841956 11.904041 -0.321439
v 6.841956 12.409492 -0.321439
v 7.022707 12.409492 -0.591989
v 6.841956 11.904041 0.316811
v 7.022707 11.904041 0.587361
v 7.022707 12.409492 0.587361
v 6.841956 12.409492 0.316811
v 7.612406 11.904041 -0.836239
v 7.293256 11.904041 -0.772739
v 7.293256 12.409492 -0.772739
v 7.612406 12.409492 -0.836239
v 8.202057 11.904041 -0.591989
v 7.931507 11.904041 -0.772739
v 7.931507 12.409492 -0.772739
v 8.202057 12.409492 -0.591989
v 8.446306 11.904041 -0.002289
v 8.382857 11.904041 -0.321439
v 8.382857 12.409492 -0.321439
v 8.446306 12.409492 -0.002289
v 8.382857 11.904041 0.316811
v 8.382857 12.409492 0.316811
v 6.778456 11.904041 -0.002289
v 6.778456 12.409492 -0.002289
v 8.446306 11.904041 -0.002289
v 8.446306 12.409492 -0.002289
v 8.202057 12.409492 0.587361
v 8.382857 12.409492 0.316811
v 8.556107 12.409492 0.388611
v 8.334657 12.409492 0.719961
v 7.612406 12.409492 0.831611
v 7.931507 12.409492 0.768161
v 8.003306 12.409492 0.941411
v 7.612406 12.409492 1.019161
v 6.841956 12.409492 -0.321439
v 6.778456 12.409492 -0.002289
v 6.590956 12.409492 -0.002289
v 6.668706 12.409492 -0.393189
v 7.022707 12.409492 0.587361
v 7.293256 12.409492 0.768161
v 7.221507 12.409492 0.941411
v 6.890107 12.409492 0.719961
v 7.293256 12.409492 -0.772739
v 7.022707 12.409492 -0.591989
v 6.890107 12.409492 -0.724589
v 7.221507 12.409492 -0.945989
v 6.841956 12.409492 0.316811
v 6.668706 12.409492 0.388611
v 7.931507 12.409492 -0.772739
v 7.612406 12.409492 -0.836239
v 7.612406 12.409492 -1.023739
v 8.003306 12.409492 -0.945989
v 8.382857 12.409492 -0.321439
v 8.202057 12.409492 -0.591989
v 8.334657 12.409492 -0.724589
v 8.556107 12.409492 -0.393189
v 8.446306 12.409492 -0.002289
v 8.633857 12.409492 -0.002289
v 8.556107 12.409492 0.388611
v 8.633857 12.409492 -0.002289
v 8.633857 12.729642 -0.002289
v 8.556107 12.729642 0.388611
v 8.003306 12.409492 0.941411
v 8.334657 12.409492 0.719961
v 8.334657 12.729642 0.719961
v 8.003306 12.729642 0.941411
v 7.221507 12.409492 0.941411
v 7.612406 12.409492 1.019161
v 7.612406 12.729642 1.019161
v 7.221507 12.729642 0.941411
v 6.890107 12.409492 -0.724589
v 6.668706 12.409492 -0.393189
v 6.668706 12.729642 -0.393189
v 6.890107 12.729642 -0.724589
v 6.668706 12.409492 0.388611
v 6.890107 12.409492 0.719961
v 6.890107 12.729642 0.719961
v 6.668706 12.729642 0.388611
v 7.612406 12.409492 -1.023739
v 7.221507 12.409492 -0.945989
v 7.221507 12.729642 -0.945989
v 7.612406 12.729642 -1.023739
v 8.334657 12.409492 -0.724589
v 8.003306 12.409492 -0.945989
v 8.003306 12.729642 -0.945989
v 8.334657 12.729642 -0.724589
v 8.633857 12.409492 -0.002289
v 8.556107 12.409492 -0.393189
v 8.556107 12.729642 -0.393189
v 8.633857 12.729642 -0.002289
v 6.590956 12.409492 -0.002289
v 6.590956 12.729642 -0.002289
v 8.633857 12.729642 -0.002289
v 8.556107 12.729642 -0.393189
v 7.612406 12.729642 -0.002289
v 8.334657 12.729642 0.719961
v 8.556107 12.729642 0.388611
v 7.612406 12.729642 1.019161
v 8.003306 12.729642 0.941411
v 6.668706 12.729642 -0.393189
v 6.590956 12.729642 -0.002289
v 6.890107 12.729642 0.719961
v 7.221507 12.729642 0.941411
v 7.221507 12.729642 -0.945989
v 6.890107 12.729642 -0.724589
v 6.668706 12.729642 0.388611
v 8.003306 12.729642 -0.945989
v 7.612406 12.729642 -1.023739
v 8.334657 12.729642 -0.724589
v 0.010906 7.624191 -0.002289
v -0.103843 7.624191 -0.579140
v -0.430594 7.624191 1.063561
v -0.103843 7.624191 0.574511
v -1.496394 7.624191 1.505011
v -0.919594 7.624191 1.390311
v -2.888993 7.624191 -0.579140
v -3.003744 7.624191 -0.002289
v -2.562243 7.624191 1.063561
v -2.073244 7.624191 1.390311
v -2.073244 7.624191 -1.394890
v -2.562243 7.624191 -1.068140
v -2.888993 7.624191 0.574511
v -0.919594 7.624191 -1.394890
v -1.496394 7.624191 -1.509640
v -0.430594 7.624191 -1.068140
v 0.010906 7.624191 -0.002289
v 0.010906 7.587441 -0.002289
v -0.103843 7.587441 -0.579140
v -0.430594 7.587441 1.063561
v -0.103843 7.587441 0.574511
v -1.496394 7.587441 1.505011
v -0.919594 7.587441 1.390311
v -2.888993 7.587441 -0.579140
v -3.003744 7.587441 -0.002289
v -2.562243 7.587441 1.063561
v -2.073244 7.587441 1.390311
v -2.073244 7.587441 -1.394890
v -2.562243 7.587441 -1.068140
v -2.888993 7.587441 0.574511
v -0.919594 7.587441 -1.394890
v -1.496394 7.587441 -1.509640
v -0.430594 7.587441 -1.068140
v 0.010906 7.587441 -0.002289
v -0.209943 7.587441 1.284161
v -0.800194 7.587441 1.678561
v -3.315794 7.587441 -0.002289
v -3.177294 7.587441 -0.698539
v -1.496394 7.587441 1.817061
v -2.192644 7.587441 1.678561
v -2.782893 7.587441 -1.288790
v -2.192644 7.587441 -1.683140
v -2.782893 7.587441 1.284161
v -3.177294 7.587441 0.693961
v -1.496394 7.587442 -1.821640
v -0.800194 7.587441 -1.683140
v -0.209943 7.587441 -1.288790
v 0.184456 7.587441 -0.698539
v 0.322957 7.587441 -0.002289
v 0.184456 7.587441 0.693961
v 0.322957 7.587441 -0.002289
v -9.555042 12.578741 -1.830189
v -10.312193 12.578741 -1.980789
v -12.290693 12.578741 -0.002289
v -12.140094 12.578741 0.754861
v -11.069294 12.578741 -1.830189
v -11.711193 12.578741 -1.401289
v -11.711193 12.578741 1.396711
v -11.069294 12.578741 1.825611
v -12.140094 12.578741 -0.759439
v -10.312193 12.578741 1.976211
v -9.555042 12.578741 1.825611
v -8.913143 12.578741 1.396711
v -8.484293 12.578741 0.754861
v -8.333694 12.578741 -0.002289
v -8.484293 12.578741 -0.759439
v -8.913143 12.578741 -1.401289
v -8.333694 12.578741 -0.002289
v -11.203093 6.729041 -0.002290
v -11.135293 6.729041 -0.343240
v -10.942142 6.729041 -0.632290
v -10.653144 6.729041 -0.825390
v -10.312193 6.729041 -0.893240
v -9.971243 6.729041 -0.825390
v -9.682194 6.729041 -0.632290
v -9.489044 6.729041 -0.343240
v -9.421242 6.729041 -0.002290
v -9.421242 6.729041 -0.002290
v -9.489044 6.729041 0.338660
v -9.682194 6.729041 0.627711
v -9.971243 6.729041 0.820811
v -10.312193 6.729041 0.888661
v -10.653144 6.729041 0.820811
v -10.942142 6.729041 0.627711
v -11.135293 6.729041 0.338660
v 7.612406 8.625141 1.993111
v 8.376006 8.625141 1.841211
v 5.768856 8.625142 -0.765889
v 5.616957 8.625142 -0.002289
v 6.201406 8.625142 1.408661
v 6.848756 8.625141 1.841211
v 6.848756 8.625142 -1.845840
v 6.201406 8.625142 -1.413289
v 5.768856 8.625142 0.761311
v 8.376006 8.625142 -1.845840
v 7.612406 8.625142 -1.997740
v 9.455907 8.625142 -0.765889
v 9.023356 8.625142 -1.413289
v 9.455907 8.625142 0.761311
v 9.607807 8.625142 -0.002289
v 9.023356 8.625142 1.408661
v 9.607807 8.625142 -0.002289
v 7.612406 8.594841 1.993111
v 8.376006 8.594841 1.841211
v 5.768856 8.594841 -0.765889
v 5.616957 8.594841 -0.002289
v 6.201406 8.594841 1.408661
v 6.848756 8.594841 1.841211
v 6.848756 8.594842 -1.845840
v 6.201406 8.594841 -1.413289
v 5.768856 8.594841 0.761311
v 8.376006 8.594842 -1.845840
v 7.612406 8.594842 -1.997740
v 9.455907 8.594841 -0.765889
v 9.023356 8.594841 -1.413289
v 9.455907 8.594841 0.761311
v 9.607807 8.594841 -0.002289
v 9.023356 8.594841 1.408661
v 9.607807 8.594841 -0.002289
v -9.536444 12.480942 -1.875139
v -10.312193 12.480942 -2.029439
v -12.339293 12.480942 -0.002289
v -12.184993 12.480942 0.773461
v -11.087943 12.480942 -1.875139
v -11.745592 12.480942 -1.435689
v -11.745592 12.480942 1.431111
v -11.087943 12.480942 1.870511
v -12.184993 12.480942 -0.778039
v -10.312193 12.480942 2.024862
v -9.536444 12.480942 1.870511
v -8.878792 12.480942 1.431111
v -8.439344 12.480942 0.773461
v -8.285044 12.480942 -0.002289
v -8.439344 12.480942 -0.778039
v -8.878792 12.480942 -1.435689
v -8.285044 12.480942 -0.002289
v -13.634993 9.466641 -0.021539
v -13.862992 9.769191 -0.021539
v -13.862992 9.681241 0.420461
v -13.634993 9.401741 0.304661
v -13.862992 9.430892 0.795161
v -13.634993 9.216942 0.581261
v -13.862992 9.056142 1.045561
v -13.634993 8.940392 0.766061
v -13.862992 8.614141 1.133511
v -13.634993 8.614141 0.830961
v -13.862992 8.172142 1.045561
v -13.634993 8.287891 0.766061
v -13.862992 7.797391 0.795161
v -13.634993 8.011341 0.581261
v -13.862992 7.546991 0.420461
v -13.634993 7.826541 0.304661
v -13.862992 7.459091 -0.021539
v -13.634993 7.761642 -0.021539
v -13.862992 7.546991 -0.463590
v -13.634993 7.826541 -0.347789
v -13.862992 7.797391 -0.838290
v -13.634993 8.011341 -0.624339
v -13.862992 8.172142 -1.088689
v -13.634993 8.287891 -0.809139
v -13.862992 8.614141 -1.176589
v -13.634993 8.614141 -0.874039
v -13.862992 9.056142 -1.088689
v -13.634993 8.940392 -0.809139
v -13.862992 9.430892 -0.838289
v -13.634993 9.216942 -0.624339
v -13.862992 9.681241 -0.463589
v -13.634993 9.401741 -0.347789
v -13.614594 9.401741 -0.347789
v -13.634993 9.401741 -0.347789
v -13.634993 9.466641 -0.021539
v -13.614594 9.466641 -0.021539
v -13.614594 9.216942 -0.624339
v -13.634993 9.216942 -0.624339
v -13.614594 8.940392 -0.809139
v -13.634993 8.940392 -0.809139
v -13.614594 8.614141 -0.874039
v -13.634993 8.614141 -0.874039
v -13.614594 8.287891 -0.809139
v -13.634993 8.287891 -0.809139
v -13.614594 8.011341 -0.624339
v -13.634993 8.011341 -0.624339
v -13.634993 7.826541 -0.347789
v -13.634993 8.011341 -0.624339
v -13.634993 6.633391 -0.624340
v -13.634993 6.633391 -0.347790
v -13.634993 7.761642 -0.021539
v -13.634993 6.633391 -0.021540
v -13.634993 7.826541 0.304661
v -13.634993 6.633391 0.304660
v -13.634993 8.011341 0.581261
v -13.634993 6.633391 0.581261
v -13.614594 8.287891 0.766061
v -13.634993 8.287891 0.766061
v -13.634993 8.011341 0.581261
v -13.614594 8.011341 0.581261
v -13.614594 8.614141 0.830961
v -13.634993 8.614141 0.830961
v -13.614594 8.940392 0.766061
v -13.634993 8.940392 0.766061
v -13.614594 9.216942 0.581261
v -13.634993 9.216942 0.581261
v -13.614594 9.401741 0.304661
v -13.634993 9.401741 0.304661
v -12.588044 8.940392 -0.809139
v -12.588044 9.216942 -0.624339
v -11.833742 9.216942 -0.624339
v -11.833742 8.940392 -0.809139
v -12.588044 9.216942 0.581261
v -12.588044 8.940392 0.766061
v -11.833742 8.940392 0.766061
v -11.833742 9.216942 0.581261
v -12.588044 8.011341 -0.624339
v -12.588044 8.287891 -0.809139
v -11.833742 8.287891 -0.809139
v -11.833742 8.011341 -0.624339
v -12.588044 7.826541 0.304661
v -12.588044 7.761642 -0.021539
v -11.833742 7.761642 -0.021539
v -11.833742 7.826541 0.304661
v -12.588044 9.466641 -0.021539
v -12.588044 9.401741 0.304661
v -11.833742 9.401741 0.304661
v -11.833742 9.466641 -0.021539
v -12.588044 9.401741 -0.347789
v -11.833742 9.401741 -0.347789
v -12.588044 8.614141 0.830961
v -12.588044 8.287891 0.766061
v -11.833742 8.287891 0.766061
v -11.833742 8.614141 0.830961
v -12.588044 8.614141 -0.874039
v -11.833742 8.614141 -0.874039
v -12.588044 7.826541 -0.347789
v -11.833742 7.826541 -0.347789
v -12.588044 8.011341 0.581261
v -11.833742 8.011341 0.581261
v -12.588044 7.761642 -0.021539
v -11.833742 7.761642 -0.021539
v -12.637392 8.011341 -0.624339
v -12.588044 8.011341 -0.624339
v -12.588044 6.633391 -0.624340
v -12.637392 6.633391 -0.624340
v -12.588044 8.011341 -0.624339
v -12.588044 7.826541 -0.347789
v -12.588044 6.633391 -0.347790
v -12.588044 6.633391 -0.624340
v -12.588044 7.761642 -0.021539
v -12.588044 6.633391 -0.021540
v -12.588044 7.761642 -0.021539
v -12.588044 7.826541 0.304661
v -12.588044 6.633391 0.304660
v -12.588044 6.633391 -0.021540
v -12.588044 8.011341 0.581261
v -12.588044 6.633391 0.581261
v -13.614594 8.011341 0.581261
v -13.634993 8.011341 0.581261
v -13.634993 6.633391 0.581261
v -13.614594 6.633391 0.581261
v -13.862992 7.797391 0.795161
v -13.862992 8.172142 1.045561
v -14.383543 8.172142 1.045561
v -14.383543 7.797391 0.795161
v -13.862992 7.546991 -0.463590
v -13.862992 7.459091 -0.021539
v -14.383543 7.459091 -0.021539
v -14.383543 7.546991 -0.463590
v -14.383543 9.769191 -0.021539
v -14.383543 9.681241 0.420461
v -13.862992 8.614141 -1.176589
v -13.862992 8.172142 -1.088689
v -14.383543 8.172142 -1.088689
v -14.383543 8.614141 -1.176589
v -13.862992 8.614141 1.133511
v -13.862992 9.056142 1.045561
v -14.383543 9.056142 1.045561
v -14.383543 8.614141 1.133511
v -13.862992 9.681241 -0.463589
v -13.862992 9.430892 -0.838289
v -14.383543 9.430892 -0.838289
v -14.383543 9.681241 -0.463589
v -13.862992 7.546991 0.420461
v -14.383543 7.546991 0.420461
v -13.862992 7.797391 -0.838290
v -14.383543 7.797391 -0.838290
v -13.862992 9.430892 0.795161
v -14.383543 9.430892 0.795161
v -13.862992 9.056142 -1.088689
v -14.383543 9.056142 -1.088689
v -13.862992 7.459091 -0.021539
v -14.383543 7.459091 -0.021539
v -15.334143 9.681241 -0.463589
v -15.334143 9.769191 -0.021539
v -15.107842 9.430892 -0.838289
v -14.625744 9.056142 -1.088689
v -15.107842 9.430892 0.795161
v -14.625744 9.056142 1.045561
v -15.334143 9.681241 0.420461
v -12.637392 9.401741 -0.347789
v -12.637392 9.466641 -0.021539
v -12.637392 9.216942 -0.624339
v -12.637392 8.940392 -0.809139
v -12.637392 8.614141 -0.874039
v -12.637392 8.287891 -0.809139
v -12.637392 8.011341 -0.624339
v -12.637392 8.287891 0.766061
v -12.637392 8.011341 0.581261
v -12.637392 8.614141 0.830961
v -12.637392 8.940392 0.766061
v -12.637392 9.216942 0.581261
v -12.637392 9.401741 0.304661
v -13.614594 8.011341 -0.624339
v -13.614594 6.633391 -0.624340
v -12.588044 8.011341 0.581261
v -12.637392 8.011341 0.581261
v -12.637392 6.633391 0.581261
v -12.588044 6.633391 0.581261
v -13.634993 8.011341 -0.624339
v -13.634993 6.633391 -0.624340
v -14.383543 9.056142 1.045561
v -14.625744 9.056142 1.045561
v -14.718443 8.994741 0.988811
v -14.389194 8.992341 0.853511
v -14.625744 9.056142 -1.088689
v -14.383543 9.056142 -1.088689
v -14.389194 8.992341 -0.896639
v -14.718443 8.994741 -1.031939
v -15.334143 9.769191 -0.021539
v -15.334143 9.681241 -0.463589
v -15.334143 9.545741 -0.463589
v -15.334143 9.633641 -0.021539
v -15.107842 9.430892 -0.838289
v -15.107842 9.295341 -0.838289
v -15.107842 9.430892 0.795161
v -15.334143 9.681241 0.420461
v -15.334143 9.545741 0.420461
v -15.107842 9.295341 0.795161
v -14.625744 9.056142 -1.088689
v -14.718443 8.994741 -1.031939
v -14.718443 8.994741 0.988811
v -14.625744 9.056142 1.045561
v -14.390093 9.419041 -0.404389
v -14.390093 9.495241 -0.021539
v -15.107842 9.295341 -0.838289
v -14.389792 9.202191 -0.728939
v -15.107842 9.295341 0.795161
v -14.390093 9.419041 0.361261
v -14.389792 9.202191 0.685811
v -14.389194 8.992341 0.853511
v -14.389194 8.992341 -0.896639
v -14.389792 9.202191 0.685811
v -14.389742 9.089841 0.596461
v -14.389244 8.834291 0.695111
v -14.390093 9.419041 0.361261
v -14.389993 9.266241 0.312911
v -14.390093 9.495241 -0.021539
v -14.390093 9.419041 -0.404389
v -14.389993 9.266241 -0.356039
v -14.389993 9.328192 -0.021539
v -14.389792 9.202191 -0.728939
v -14.389244 8.834291 -0.738189
v -14.389742 9.089841 -0.639589
v -11.833742 9.216942 -0.624339
v -11.660844 9.121541 -0.231739
v -11.660844 9.002492 -0.409889
v -11.833742 8.940392 0.766061
v -11.833742 8.614141 0.830961
v -11.660844 8.614141 0.527661
v -11.660844 8.824291 0.485811
v -11.833742 8.287891 0.766061
v -11.833742 8.011341 0.581261
v -11.660844 8.225791 0.366761
v -11.660844 8.403991 0.485811
v -11.833742 7.826541 0.304661
v -11.833742 7.761642 -0.021539
v -11.660844 8.064941 -0.021539
v -11.660844 8.106741 0.188611
v -11.833742 7.826541 -0.347789
v -11.833742 8.011341 -0.624339
v -11.660844 8.225791 -0.409889
v -11.660844 8.106741 -0.231739
v -11.833742 8.287891 -0.809139
v -11.833742 8.614141 -0.874039
v -11.660844 8.614141 -0.570739
v -11.660844 8.403991 -0.528939
v -11.833742 9.401741 0.304661
v -11.660844 9.121541 0.188611
v -11.660844 9.163342 -0.021539
v -11.833742 8.940392 -0.809139
v -11.660844 8.824291 -0.528939
v -11.833742 9.216942 0.581261
v -11.660844 9.002492 0.366761
v -11.660844 8.614141 -0.021539
v -4.861843 2.555541 -2.916590
v -5.107793 2.555541 -2.916590
v -5.107793 3.756891 -3.092040
v -4.861843 3.756891 -3.092040
v -5.107793 4.939291 -2.856840
v -4.861843 4.939291 -2.856840
v -5.107793 5.941691 -2.187090
v -4.861843 5.941691 -2.187090
v -5.107793 6.611442 -1.184690
v -4.861843 6.611442 -1.184690
v -5.107793 6.846642 -0.002290
v -4.861843 6.846642 -0.002290
v -5.107793 6.611442 1.180111
v -4.861843 6.611442 1.180111
v -5.107793 5.941691 2.182461
v -4.861843 5.941691 2.182461
v -5.107793 4.939291 2.852260
v -4.861843 4.939291 2.852260
v -5.107793 3.756891 3.087460
v -4.861843 3.756891 3.087460
v -5.107793 2.555541 2.792460
v -4.861843 2.555541 2.792460
v -5.327443 4.675641 -2.461090
v -5.327443 5.539541 -1.883890
v -5.327443 2.317391 -2.527740
v -5.327443 3.656691 -2.663790
v -4.642144 2.317390 2.392360
v -4.642144 3.656691 2.661711
v -5.327443 3.656691 2.661711
v -5.327443 2.317390 2.392360
v -4.642144 4.675641 2.459010
v -5.327443 5.539541 1.881811
v -5.327443 4.675641 2.459010
v -4.642144 5.539541 1.881811
v -5.327443 6.319441 -0.001040
v -5.327443 6.116741 1.017960
v -4.642144 6.116741 1.017960
v -5.327443 6.116741 -1.020040
v -4.642144 6.319441 -0.001040
v -4.642144 6.116741 -1.020040
v -4.642144 5.539541 -1.883890
v -4.642144 4.675641 -2.461090
v -4.642144 3.656691 -2.663790
v -4.642144 2.317391 -2.527740
v -8.576642 2.555541 -2.916590
v -8.822592 2.555541 -2.916590
v -8.822592 3.756891 -3.092040
v -8.576642 3.756891 -3.092040
v -8.822592 4.939291 -2.856840
v -8.576642 4.939291 -2.856840
v -8.822592 5.941691 -2.187090
v -8.576642 5.941691 -2.187090
v -8.822592 6.611442 -1.184690
v -8.576642 6.611442 -1.184690
v -8.822592 6.846642 -0.002290
v -8.576642 6.846642 -0.002290
v -8.822592 6.611442 1.180111
v -8.576642 6.611442 1.180111
v -8.822592 5.941691 2.182461
v -8.576642 5.941691 2.182461
v -8.822592 4.939291 2.852260
v -8.576642 4.939291 2.852260
v -8.822592 3.756891 3.087460
v -8.576642 3.756891 3.087460
v -8.822592 2.555541 2.792460
v -8.576642 2.555541 2.792460
v -9.042242 4.675641 -2.461090
v -9.042242 5.539541 -1.883890
v -9.042242 2.317391 -2.527740
v -9.042242 3.656691 -2.663790
v -8.356944 2.317390 2.392360
v -8.356944 3.656691 2.661711
v -9.042242 3.656691 2.661711
v -9.042242 2.317390 2.392360
v -8.356995 4.675641 2.459010
v -9.042242 5.539541 1.881811
v -9.042242 4.675641 2.459010
v -8.356944 5.539541 1.881811
v -9.042242 6.319441 -0.001040
v -9.042242 6.116741 1.017960
v -8.356944 6.116741 1.017960
v -9.042242 6.116741 -1.020040
v -8.356944 6.319441 -0.001040
v -8.356944 6.116741 -1.020040
v -8.356944 5.539541 -1.883890
v -8.356995 4.675641 -2.461090
v -8.356944 3.656691 -2.663790
v -8.356944 2.317391 -2.527740
v 0.691557 2.555541 -2.916590
v 0.445607 2.555541 -2.916590
v 0.445607 3.756891 -3.092040
v 0.691557 3.756891 -3.092040
v 0.445607 4.939291 -2.856840
v 0.691557 4.939291 -2.856840
v 0.445607 5.941691 -2.187090
v 0.691557 5.941691 -2.187090
v 0.445607 6.611442 -1.184690
v 0.691557 6.611442 -1.184690
v 0.445607 6.846642 -0.002290
v 0.691557 6.846642 -0.002290
v 0.445607 6.611442 1.180111
v 0.691557 6.611442 1.180111
v 0.445607 5.941691 2.182461
v 0.691557 5.941691 2.182461
v 0.445607 4.939291 2.852260
v 0.691557 4.939291 2.852260
v 0.445607 3.756891 3.087460
v 0.691557 3.756891 3.087460
v 0.445607 2.555541 2.792460
v 0.691557 2.555541 2.792460
v 0.225956 4.675641 -2.461090
v 0.225956 5.539541 -1.883890
v 0.225956 2.317391 -2.527740
v 0.225956 3.656691 -2.663790
v 0.911256 2.317390 2.392360
v 0.911256 3.656691 2.661711
v 0.225956 3.656691 2.661711
v 0.225956 2.317390 2.392360
v 0.911256 4.675641 2.459010
v 0.225956 5.539541 1.881811
v 0.225956 4.675641 2.459010
v 0.911256 5.539541 1.881811
v 0.225956 6.319441 -0.001040
v 0.225956 6.116741 1.017960
v 0.911256 6.116741 1.017960
v 0.225956 6.116741 -1.020040
v 0.911256 6.319441 -0.001040
v 0.911256 6.116741 -1.020040
v 0.911256 5.539541 -1.883890
v 0.911256 4.675641 -2.461090
v 0.911256 3.656691 -2.663790
v 0.911256 2.317391 -2.527740
v -14.389244 7.938091 -0.305789
v -14.389244 7.885442 -0.021539
v -14.165393 7.885592 -0.021539
v -14.165393 7.938241 -0.305789
v -14.389244 8.312342 -0.707739
v -14.389244 8.087991 -0.546739
v -14.165393 8.088141 -0.546739
v -14.165393 8.312491 -0.707739
v -14.389244 8.834291 -0.738189
v -14.389244 8.576991 -0.764239
v -14.165393 8.577091 -0.764239
v -14.165393 8.834441 -0.738189
v -14.389742 9.089841 0.596461
v -14.389993 9.266241 0.312911
v -14.166143 9.266341 0.312911
v -14.165943 9.089941 0.596461
v -14.389244 8.576991 0.721161
v -14.389244 8.834291 0.695111
v -14.165393 8.834441 0.695111
v -14.165393 8.577091 0.721161
v -14.389993 9.328192 -0.021539
v -14.389993 9.266241 -0.356039
v -14.166143 9.266341 -0.356039
v -14.166143 9.328292 -0.021539
v -14.389244 8.087991 0.503611
v -14.389244 8.312342 0.664611
v -14.165393 8.312491 0.664611
v -14.165393 8.088141 0.503611
v -14.389244 7.938091 0.262661
v -14.165393 7.938241 0.262661
v -14.389742 9.089841 -0.639589
v -14.165943 9.089941 -0.639589
v -14.166143 9.266341 0.312911
v -14.166143 9.328292 -0.021539
v -14.165593 8.599792 -0.021539
v -14.165393 7.938241 0.262661
v -14.165393 8.088141 0.503611
v -14.165393 8.312491 0.664611
v -14.165393 8.577091 0.721161
v -14.165393 8.577091 -0.764239
v -14.165393 8.312491 -0.707739
v -14.165393 8.088141 -0.546739
v -14.165393 7.938241 -0.305789
v -14.166143 9.266341 -0.356039
v -14.165393 8.834441 0.695111
v -14.165943 9.089941 0.596461
v -14.165393 7.885592 -0.021539
v -14.165393 8.834441 -0.738189
v -14.165943 9.089941 -0.639589
v -14.383543 9.056142 -1.088689
v -14.383543 8.614141 -1.176589
v -14.383543 8.614141 1.133511
v -14.383543 9.056142 1.045561
v -14.389244 8.576991 -0.764239
v -14.389244 8.576991 0.721161
v -14.383543 7.797391 0.795161
v -14.383543 8.172142 1.045561
v -14.389244 8.312342 0.664611
v -14.389244 8.087991 0.503611
v -14.383543 7.459091 -0.021539
v -14.383543 7.546991 0.420461
v -14.389244 7.938091 0.262661
v -14.389244 7.885442 -0.021539
v -14.383543 7.797391 -0.838290
v -14.383543 7.546991 -0.463590
v -14.389244 7.938091 -0.305789
v -14.389244 8.087991 -0.546739
v -14.383543 8.172142 -1.088689
v -14.389244 8.312342 -0.707739
v 11.451707 -0.987809 -3.309491
v 11.451707 1.261491 -3.309491
v 12.728107 1.261491 -3.309491
v 12.728107 -0.987809 -3.309491
v 3.809956 -0.987809 -3.309491
v 3.809956 1.261491 -3.309491
v 5.086356 1.261491 -3.309491
v 5.086356 -0.987809 -3.309491
v 5.086356 -0.987810 0.000309
v 5.086356 -0.987809 -3.309491
v 5.086356 -3.672609 -3.309491
v 5.086356 -3.672610 0.000309
v 11.451707 -3.672609 -3.309491
v 5.086356 -3.672609 -3.309491
v 12.171307 8.381641 0.000311
v 12.171307 9.364192 -2.735440
v 12.171307 9.364192 0.000311
v 5.086356 -4.763309 -2.478991
v 5.086356 -4.763309 0.000309
v 12.171307 9.364192 -2.735440
v 14.693056 9.364192 -2.644390
v 14.693056 9.364192 0.000311
v 12.171307 9.364192 0.000311
v 5.086356 -3.672609 -3.309491
v 11.451707 -3.672609 -3.309491
v 11.451707 -4.763309 -2.478991
v 5.086356 -4.763309 -2.478991
v -1.517043 -1.726209 -2.320341
v -1.517043 -0.272959 -2.320341
v -0.214594 -0.272959 -2.320341
v -0.214594 -1.726209 -2.320341
v -9.314592 -1.726209 -2.320341
v -9.314592 -0.272959 -2.320341
v -8.012143 -0.272959 -2.320341
v -8.012143 -1.726209 -2.320341
v -8.012143 -1.726209 -1.241141
v -8.012143 -1.726209 -2.320341
v -8.012143 -3.460759 -2.320341
v -8.012143 -3.460760 -1.241141
v -1.517043 -3.460759 -2.320341
v -8.012143 -3.460759 -2.320341
v -8.012143 -4.165460 -1.738041
v -8.012143 -4.165460 -0.929641
v -8.012143 -3.460759 -2.320341
v -1.517043 -3.460759 -2.320341
v -1.517043 -4.165460 -1.738041
v -8.012143 -4.165460 -1.738041
v -9.314592 2.202541 -2.320340
v -8.012143 2.202541 -2.320340
v -0.214594 -1.726209 -2.320341
v -0.214594 -0.272959 -2.320341
v -0.214594 -0.272959 -1.241141
v -0.214594 -1.726209 -1.241141
v -9.314592 -0.272959 -2.320341
v -9.314592 -1.726209 -2.320341
v -9.314592 -1.726209 -1.241141
v -9.314592 -0.272959 -1.241141
v -1.517043 -1.726209 -2.320341
v -1.517043 -1.726209 -1.241141
v -1.517043 -3.460760 -1.241141
v -1.517043 -3.460759 -2.320341
v -8.012143 -0.272959 -2.320341
v -8.012143 -0.272959 -1.241141
v -1.517043 -0.272959 -1.241141
v -1.517043 -0.272959 -2.320341
v -1.517043 -4.165460 -0.929641
v -1.517043 -4.165460 -1.738041
v -8.012143 -1.726209 0.000309
v -8.012143 -3.460760 0.000309
v -8.012143 -4.165460 0.000309
v -1.517043 2.202541 -2.320340
v -1.517043 2.202541 -1.241140
v -0.214594 2.202541 -1.241140
v -0.214594 2.202541 -2.320340
v -9.314592 2.202541 -2.320340
v -9.314592 2.202541 -1.241140
v -8.012143 2.202541 -1.241140
v -8.012143 2.202541 -2.320340
v -9.314592 -0.272959 -1.241141
v -8.012143 -0.272959 -1.241141
v -8.012143 2.202541 -1.241140
v -9.314592 2.202541 -1.241140
v -1.517043 -0.272959 -2.320341
v -1.517043 -0.272959 -1.241141
v -1.517043 2.202541 -1.241140
v -1.517043 2.202541 -2.320340
v -1.517043 2.202541 -2.320340
v -0.214594 2.202541 -2.320340
v -0.214594 2.202541 -2.320340
v -0.214594 2.202541 -1.241140
v -9.314592 2.202541 -1.241140
v -9.314592 2.202541 -2.320340
v -1.517043 -0.272959 -1.241141
v -0.214594 -0.272959 -1.241141
v -0.214594 2.202541 -1.241140
v -1.517043 2.202541 -1.241140
v -8.012143 -0.272959 -1.241141
v -8.012143 -0.272959 -2.320341
v -8.012143 2.202541 -2.320340
v -8.012143 2.202541 -1.241140
v 18.473158 8.538392 -4.684840
v 18.473158 9.754492 -4.684840
v 19.495157 9.754492 -4.684840
v 19.495157 8.538392 -4.684840
v 15.381307 8.538392 -4.684840
v 15.381307 9.754492 -4.684840
v 14.963457 8.538392 -4.684840
v 14.963457 9.754492 -4.684840
v 11.913357 8.538392 -4.684840
v 11.913357 9.754492 -4.684840
v 11.286607 8.538392 -4.684840
v 11.286607 9.754492 -4.684840
v 18.473158 4.701391 -4.684840
v 19.495157 4.701391 -4.684840
v 18.199057 5.041542 -4.684840
v 18.199057 8.198192 -4.684840
v 18.199057 8.198192 -4.943890
v 18.199057 5.041542 -4.943890
v 14.963457 4.701391 -4.684840
v 15.381307 4.701391 -4.684840
v 14.693056 5.041542 -4.684840
v 14.693056 8.198192 -4.684840
v 14.693056 8.198192 -4.943890
v 14.693056 5.041542 -4.943890
v 11.286607 7.396241 -4.684840
v 11.913357 7.396241 -4.684840
v 18.473158 2.295191 -4.684841
v 19.495157 2.295191 -4.684841
v 15.381307 2.295191 -4.684841
v 14.963457 2.295191 -4.684841
v 11.913357 2.295191 -4.684841
v 11.913357 4.701391 -4.684840
v 11.286607 2.295191 -4.684841
v 11.286607 4.701391 -4.684840
v 10.413307 9.754492 -4.684840
v 10.413307 9.754492 -3.923090
v 10.413307 10.344842 -3.923090
v 10.413307 9.961092 -4.684840
v 19.495157 8.538391 -0.888239
v 19.495157 9.754491 -1.307489
v 19.495157 9.754491 0.000311
v 19.495157 8.538391 0.000311
v 18.473158 9.961092 -4.684840
v 19.495157 9.961092 -4.684840
v 11.286607 9.961092 -4.684840
v 11.913357 9.961092 -4.684840
v 15.381307 9.961092 -4.684840
v 14.963457 9.961092 -4.684840
v 19.495157 2.295191 -2.735440
v 19.495157 4.701391 -2.735440
v 19.204157 4.701391 -2.735440
v 19.204157 2.295191 -2.735440
v 11.286607 9.754491 -1.307489
v 11.286607 8.538391 -1.307489
v 11.286607 8.538391 0.000311
v 11.286607 9.754491 0.000311
v 11.286607 7.396241 -3.923090
v 11.286607 4.701391 -3.923090
v 11.286607 4.701391 0.000310
v 11.286607 7.396241 0.000311
v 18.199057 5.041542 -4.684840
v 15.655407 5.041542 -4.684840
v 15.655407 5.041541 -4.365890
v 18.199057 5.041541 -4.365890
v 14.693056 5.041542 -4.684840
v 12.171307 5.041542 -4.684840
v 12.171307 5.041541 -4.365890
v 14.693056 5.041541 -4.365890
v 18.199057 5.041542 -4.943890
v 15.655407 5.041542 -4.943890
v 15.381307 4.701391 -4.684840
v 15.381307 8.538392 -4.684840
v 15.381307 8.538392 -4.943890
v 15.381307 4.701391 -4.943890
v 11.913357 7.396241 -4.684840
v 11.913357 8.538392 -4.684840
v 11.913357 8.538392 -4.943890
v 11.913357 7.396241 -4.943890
v 14.693056 8.198192 -4.684840
v 12.171307 8.198192 -4.684840
v 12.171307 8.198192 -4.943890
v 14.693056 8.198192 -4.943890
v 18.473158 4.701391 -4.684840
v 15.381307 4.701391 -4.684840
v 15.381307 4.701391 -4.943890
v 18.473158 4.701391 -4.943890
v 15.381307 8.538392 -4.684840
v 18.473158 8.538392 -4.684840
v 18.473158 8.538392 -4.943890
v 15.381307 8.538392 -4.943890
v 14.963457 4.701391 -4.943890
v 11.913357 4.701391 -4.943890
v 12.171307 5.041542 -4.943890
v 14.693056 5.041542 -4.943890
v 18.473158 4.701391 -4.943890
v 15.381307 4.701391 -4.943890
v 15.655407 5.041542 -4.943890
v 18.199057 5.041542 -4.943890
v 12.171307 7.258592 -4.684840
v 12.171307 8.198192 -4.684840
v 12.171307 8.198192 -4.365890
v 12.171307 7.258592 -4.365890
v 14.693056 5.041541 -4.365890
v 14.693056 8.198192 -4.365890
v 15.655407 5.041542 -4.684840
v 15.655407 8.198192 -4.684840
v 15.655407 8.198192 -4.365890
v 15.655407 5.041541 -4.365890
v 18.199057 5.041541 -4.365890
v 18.199057 8.202392 -4.365890
v 14.693056 8.198192 -4.365890
v 12.171307 8.198192 -4.365890
v 15.655407 8.198192 -4.684840
v 18.199057 8.198192 -4.684840
v 18.199057 8.202392 -4.365890
v 15.655407 8.198192 -4.365890
v 11.913357 7.396241 -4.943890
v 11.913357 8.538392 -4.943890
v 12.171307 8.198192 -4.943890
v 12.171307 7.258592 -4.943890
v 14.963457 8.538392 -4.943890
v 14.693056 8.198192 -4.943890
v 15.381307 8.538392 -4.943890
v 15.655407 8.198192 -4.943890
v 18.473158 8.538392 -4.943890
v 18.199057 8.198192 -4.943890
v 15.655407 8.198192 -4.943890
v 18.199057 8.198192 -4.943890
v 14.963457 8.538392 -4.684840
v 14.963457 4.701391 -4.684840
v 14.963457 4.701391 -4.943890
v 14.963457 8.538392 -4.943890
v 14.693056 5.041542 -4.943890
v 12.171307 5.041542 -4.943890
v 18.473158 8.538392 -4.684840
v 18.473158 4.701391 -4.684840
v 18.473158 4.701391 -4.943890
v 18.473158 8.538392 -4.943890
v 12.171307 5.041542 -4.684840
v 12.171307 5.041542 -4.943890
v 12.171307 7.258592 -4.943890
v 11.913357 8.538392 -4.684840
v 14.963457 8.538392 -4.684840
v 14.963457 8.538392 -4.943890
v 11.913357 8.538392 -4.943890
v 14.963457 4.701391 -4.684840
v 11.913357 4.701391 -4.684840
v 11.913357 4.701391 -4.943890
v 14.963457 4.701391 -4.943890
v 15.655407 5.041542 -4.943890
v 15.655407 8.198192 -4.943890
v 11.286607 7.554541 0.000311
v 11.286607 7.554542 -3.561190
v 11.092506 7.554542 -3.561190
v 11.092506 7.554541 0.000311
v 11.913357 4.701391 -4.684840
v 11.913357 4.701391 -4.943890
v 12.171307 5.041541 -4.365890
v 12.171307 8.198192 -4.943890
v 19.495157 8.538392 -4.684840
v 19.495157 9.754492 -4.684840
v 19.495157 9.754492 -3.923090
v 19.495157 8.538392 -2.665390
v 10.493407 10.344842 -3.923090
v 10.493407 9.961092 -4.684840
v 10.413307 9.961092 -4.684840
v 10.413307 10.344842 -3.923090
v 23.956558 9.961092 -4.684840
v 23.956558 10.344842 -3.923090
v 24.106306 10.344842 -3.923090
v 24.106306 9.961092 -4.684840
v 10.493407 10.571892 -2.615289
v 10.413307 10.571892 -2.615289
v 19.495157 1.996591 -4.684841
v 23.956558 10.701141 -1.307489
v 23.956558 10.732592 0.000311
v 24.106306 10.732592 0.000311
v 24.106306 10.701141 -1.307489
v 19.495157 4.701391 -4.684840
v 19.495157 4.701391 -2.735440
v 11.286607 9.754492 -4.684840
v 11.286607 8.538392 -4.684840
v 11.286607 8.538392 -3.923090
v 11.286607 9.754492 -3.923090
v 11.286607 7.396241 -4.684840
v 11.286607 4.701391 -4.684840
v 19.495157 2.295191 -4.684841
v 19.495157 2.295191 -2.735440
v 11.286607 8.380092 -3.561190
v 11.286607 7.554542 -3.561190
v 11.499306 7.554542 -3.561190
v 11.499306 8.380092 -3.561190
v 11.092506 8.380092 -3.561190
v 11.092506 7.554542 -3.561190
v 11.092506 8.538392 -3.923090
v 11.092506 7.396241 -3.923090
v 11.092506 7.554542 -3.561190
v 11.092506 8.380092 -3.561190
v 11.499306 7.554541 0.000311
v 11.499306 7.554542 -3.561190
v 11.092506 8.538392 -2.615290
v 11.092506 8.380092 -2.373990
v 11.092506 7.396241 0.000311
v 11.092506 7.554541 0.000311
v 11.286607 8.538392 -3.923090
v 11.286607 7.396241 -3.923090
v 11.092506 7.396241 -3.923090
v 11.092506 8.538392 -3.923090
v 11.286607 8.538392 -2.615290
v 11.286607 8.538392 -3.923090
v 11.092506 8.538392 -3.923090
v 11.092506 8.538392 -2.615290
v 11.286607 7.396241 -3.923090
v 11.286607 7.396241 0.000311
v 11.092506 7.396241 0.000311
v 11.092506 7.396241 -3.923090
v 11.286607 1.996591 -4.684841
v 11.286607 2.295191 -3.923091
v 11.286607 2.295191 0.000310
v 11.286607 2.295191 -4.684841
v 19.495157 8.538392 -2.665390
v 19.204157 8.538392 -2.665390
v 19.495157 8.538391 -0.888239
v 19.495157 8.538391 0.000311
v 19.204157 8.538391 0.000311
v 19.204157 8.538391 -0.888239
v 18.473158 10.701141 -1.307489
v 18.473158 10.732592 0.000311
v 19.495157 10.732592 0.000311
v 19.495157 10.701141 -1.307489
v 15.381307 10.701141 -1.307489
v 15.381307 10.732592 0.000311
v 14.963457 10.701141 -1.307489
v 14.963457 10.732592 0.000311
v 11.913357 10.701141 -1.307489
v 11.913357 10.732592 0.000311
v 11.286607 10.701141 -1.307489
v 11.286607 10.732592 0.000311
v 18.473158 9.961092 -4.684840
v 18.473158 10.344842 -3.923090
v 19.495157 10.344842 -3.923090
v 19.495157 9.961092 -4.684840
v 15.381307 9.961092 -4.684840
v 15.381307 10.344842 -3.923090
v 14.963457 9.961092 -4.684840
v 14.963457 10.344842 -3.923090
v 11.913357 9.961092 -4.684840
v 11.913357 10.344842 -3.923090
v 11.286607 9.961092 -4.684840
v 11.286607 10.344842 -3.923090
v 10.413307 9.754491 -1.307489
v 10.413307 9.754491 0.000311
v 10.413307 10.732592 0.000311
v 10.413307 10.701141 -1.307489
v 10.493407 9.754491 -1.307489
v 10.493407 9.754491 0.000311
v 10.413307 9.754491 0.000311
v 10.413307 9.754491 -1.307489
v 10.493407 9.754492 -4.684840
v 10.413307 9.754492 -4.684840
v 10.493407 9.754492 -4.684840
v 10.493407 9.754492 -3.923090
v 10.413307 9.754492 -3.923090
v 10.413307 9.754492 -4.684840
v 24.106306 9.754492 -3.923090
v 24.106306 9.754492 -4.684840
v 24.106306 9.961092 -4.684840
v 24.106306 10.344842 -3.923090
v 24.106306 9.754492 -2.615289
v 24.106306 10.571892 -2.615289
v 23.956558 9.754492 -2.615289
v 23.956558 9.754492 -3.923090
v 24.106306 9.754492 -3.923090
v 24.106306 9.754492 -2.615289
v 23.956558 9.754492 -4.684840
v 24.106306 9.754492 -4.684840
v 23.956558 9.754492 -4.684840
v 24.106306 9.754492 -4.684840
v 19.495157 9.754492 -2.615289
v 19.495157 8.538392 -1.776839
v 11.286607 8.538392 -2.615290
v 11.286607 9.754492 -2.615289
v 10.493407 10.732592 0.000311
v 10.493407 10.701141 -1.307489
v 10.413307 10.701141 -1.307489
v 10.413307 10.732592 0.000311
v 23.956558 10.571892 -2.615289
v 24.106306 10.571892 -2.615289
v 11.286607 8.380092 -3.561190
v 11.092506 8.380092 -1.186839
v 11.092506 8.380092 -2.373990
v 11.092506 8.538391 0.000311
v 11.092506 8.538391 -1.307489
v 11.092506 8.380092 -1.186839
v 11.092506 8.380092 0.000311
v 11.286607 8.538391 0.000311
v 11.286607 8.538391 -1.307489
v 11.092506 8.538391 -1.307489
v 11.092506 8.538391 0.000311
v 19.495157 8.538392 -2.665390
v 19.495157 8.538392 -1.776839
v 19.204157 8.538392 -1.776839
v 19.204157 8.538392 -2.665390
v 18.473158 10.571892 -2.615289
v 19.495157 10.571892 -2.615289
v 15.381307 10.571892 -2.615289
v 14.963457 10.571892 -2.615289
v 11.913357 10.571892 -2.615289
v 11.286607 10.571892 -2.615289
v 10.413307 9.754492 -2.615289
v 10.413307 10.571892 -2.615289
v 10.493407 9.754492 -2.615289
v 10.413307 9.754492 -2.615289
v 24.106306 9.754491 0.000311
v 24.106306 9.754491 -1.307489
v 24.106306 10.701141 -1.307489
v 24.106306 10.732592 0.000311
v 23.956558 9.754491 0.000311
v 23.956558 9.754491 -1.307489
v 24.106306 9.754491 -1.307489
v 24.106306 9.754491 0.000311
v 11.286607 1.996591 0.000310
v 19.495157 1.996591 -4.684841
v 11.286607 1.996591 -4.684841
v 19.495157 9.754492 -2.615289
v 19.495157 9.754492 -3.923090
v 19.495157 9.754492 -4.684840
v 19.495157 9.754492 -4.684840
v 19.495157 9.754491 0.000311
v 19.495157 9.754491 -1.307489
v 11.286607 9.754491 -1.307489
v 11.286607 9.754491 0.000311
v 11.286607 9.754492 -4.684840
v 11.286607 9.754492 -4.684840
v 11.286607 9.754492 -3.923090
v 11.286607 9.754492 -2.615289
v 11.286607 8.380092 0.000311
v 11.499306 8.380092 -3.561190
v 11.499306 8.380092 0.000311
v 11.092506 8.380092 0.000311
v 1.026757 -1.859860 0.000309
v -0.117793 -1.859860 0.000309
v -0.117793 -1.935159 0.314309
v 1.026757 -1.935159 0.314309
v -0.117793 -2.149659 0.582709
v 1.026757 -2.149659 0.582709
v -0.117793 -2.470710 0.762059
v 1.026757 -2.470710 0.762059
v -0.117793 -2.849410 0.825059
v 1.026757 -2.849410 0.825059
v -0.117793 -3.228060 0.762059
v 1.026757 -3.228060 0.762059
v -0.117793 -3.549110 0.582709
v 1.026757 -3.549110 0.582709
v 1.026757 -3.549110 0.582709
v -0.117793 -3.549110 0.582709
v -0.117793 -3.763610 0.314309
v 1.026757 -3.763610 0.314309
v -0.117793 -3.838910 0.000309
v 1.026757 -3.838910 0.000309
v -0.117793 -3.763610 0.314309
v -0.117793 -3.549110 0.582709
v -0.117793 -3.297760 0.372609
v -0.117793 -3.435260 0.200609
v -0.117793 -2.149659 0.582709
v -0.117793 -1.935159 0.314309
v -0.117793 -2.263560 0.200609
v -0.117793 -2.401010 0.372609
v -0.117793 -3.228060 0.762059
v -0.117793 -2.849410 0.825059
v -0.117793 -2.849410 0.527859
v -0.117793 -3.092060 0.487509
v -0.117793 -3.838910 0.000309
v -0.117793 -3.483510 0.000309
v -0.117793 -2.470710 0.762059
v -0.117793 -2.606710 0.487509
v -0.117793 -1.859860 0.000309
v -0.117793 -2.215260 0.000309
v -0.117793 -3.435260 0.200609
v -0.117793 -3.297760 0.372609
v -0.821843 -3.297760 0.372609
v -0.821843 -3.435260 0.200609
v -0.117793 -3.092060 0.487509
v -0.117793 -2.849410 0.527859
v -0.821843 -2.849410 0.527859
v -0.821843 -3.092060 0.487509
v -0.117793 -2.606710 0.487509
v -0.117793 -2.401010 0.372609
v -0.821843 -2.401010 0.372609
v -0.821843 -2.606710 0.487509
v -0.117793 -2.263560 0.200609
v -0.117793 -2.215260 0.000309
v -0.821843 -2.215260 0.000309
v -0.821843 -2.263560 0.200609
v -0.117793 -3.483510 0.000309
v -0.821843 -3.483510 0.000309
v -0.821843 -2.263560 0.200609
v -0.821843 -2.215260 0.000309
v -0.821843 -1.712109 0.000309
v -0.821843 -1.798660 0.361609
v -0.821843 -3.483510 0.000309
v -0.821843 -3.435260 0.200609
v -0.821843 -3.900110 0.361609
v -0.821843 -3.986710 0.000309
v -0.821843 -3.297760 0.372609
v -0.821843 -3.092060 0.487509
v -0.821843 -3.284610 0.876209
v -0.821843 -3.653560 0.670059
v -0.821843 -2.849410 0.527859
v -0.821843 -2.606710 0.487509
v -0.821843 -2.414160 0.876209
v -0.821843 -2.849410 0.948559
v -0.821843 -2.401010 0.372609
v -0.821843 -2.045210 0.670059
v -0.821843 -2.045210 0.670059
v -0.821843 -1.798660 0.361609
v -3.637893 -1.798660 0.361609
v -3.637893 -2.045210 0.670059
v -0.821843 -3.900110 0.361609
v -0.821843 -3.653560 0.670059
v -3.637893 -3.653560 0.670059
v -3.637893 -3.900110 0.361609
v -0.821843 -3.284610 0.876209
v -0.821843 -2.849410 0.948559
v -3.637893 -2.849410 0.948559
v -3.637893 -3.284610 0.876209
v -0.821843 -2.414160 0.876209
v -3.637893 -2.414160 0.876209
v -0.821843 -1.712109 0.000309
v -3.637893 -1.712109 0.000309
v -0.821843 -3.986710 0.000309
v -3.637893 -3.986660 0.000309
v -10.968643 6.672691 0.633011
v -13.752943 6.672691 0.633011
v -13.752943 6.272041 0.633011
v -10.968643 6.272041 0.633011
v -13.752943 6.672691 0.633011
v -13.752943 6.672691 -0.640540
v -13.752943 6.272041 -0.640540
v -13.752943 6.272041 0.633011
v -13.752943 6.672691 -0.640540
v -10.968643 6.672691 -0.640540
v -10.968643 6.272041 -0.640540
v -13.752943 6.272041 -0.640540
v -10.968643 6.672691 -0.640540
v -13.752943 6.672691 -0.640540
v -13.752943 6.672691 0.633011
v -10.968643 6.672691 0.633011
v 1.319107 -3.306360 1.377409
v 1.319107 -3.096710 1.377409
v 3.369256 -2.470710 0.762059
v 3.369256 -2.149659 0.582709
v 3.076956 -2.392410 1.377409
v 3.076956 -2.602060 1.377409
v 5.191506 -1.859860 0.000309
v 3.369256 -1.859860 0.000309
v 3.369256 -1.935159 0.314309
v 5.191506 -1.935159 0.314309
v 5.191506 -2.149659 0.582709
v 5.191506 -2.470710 0.762059
v 3.369256 -2.849410 0.825059
v 3.076956 -2.849410 1.377409
v 5.191506 -2.849410 0.825059
v 3.369256 -3.228060 0.762059
v 5.191506 -3.228060 0.762059
v 1.319107 -2.392410 1.377409
v 3.369256 -3.549110 0.582709
v 5.191506 -3.549110 0.582709
v 3.076956 -3.096710 1.377409
v 5.191506 -3.549110 0.582709
v 3.369256 -3.549110 0.582709
v 3.369256 -3.763610 0.314309
v 5.191506 -3.763610 0.314309
v 3.369256 -3.838910 0.000309
v 5.191506 -3.838910 0.000309
v 1.319107 -2.602060 1.377409
v 3.076956 -2.602060 1.377409
v 1.319107 -2.849410 1.377409
v 3.076956 -2.849410 1.377409
v 1.319107 -3.096710 1.377409
v 3.076956 -3.096710 1.377409
v 1.319107 -3.306360 1.377409
v 3.076956 -3.306360 1.377409
v 1.319107 -2.849410 1.377409
v 1.319107 -2.602060 1.377409
v 3.076956 -3.306360 1.377409
v 1.319107 -3.306360 1.377409
v 3.076956 -3.306360 1.377409
v 2.203606 -2.465160 -1.246441
v 2.203606 -2.465160 -4.037341
v 1.922457 -2.581609 -4.037341
v 1.922457 -2.581609 -1.246441
v 1.806006 -2.862759 -4.037341
v 1.806006 -2.862760 -1.246441
v 1.922457 -3.143909 -4.037342
v 1.922457 -3.143910 -1.246441
v 2.203606 -3.260360 -4.037342
v 2.203606 -3.260360 -1.246441
v 2.203606 -3.260360 -1.246441
v 2.203606 -3.260360 -4.037342
v 2.484756 -3.143909 -4.037342
v 2.484756 -3.143910 -1.246441
v 2.601206 -2.862759 -4.037341
v 2.601206 -2.862760 -1.246441
v 2.484756 -2.581609 -4.037341
v 2.484756 -2.581609 -1.246441
v 3.126256 -2.222959 0.377109
v 3.126256 1.110690 0.377110
v 2.845156 1.110690 0.260660
v 2.845156 -2.222959 0.260659
v 2.728656 1.110690 -0.020490
v 2.728656 -2.222959 -0.020491
v 2.728656 -2.222959 -0.020491
v 2.728656 1.110690 -0.020490
v 2.845156 1.110690 -0.301640
v 2.845156 -2.222959 -0.301641
v 3.126256 1.110690 -0.418090
v 3.126256 -2.222959 -0.418091
v 3.407407 1.110690 -0.301640
v 3.407407 -2.222959 -0.301641
v 3.523856 1.110690 -0.020490
v 3.523856 -2.222959 -0.020491
v 3.407407 1.110690 0.260660
v 3.407407 -2.222959 0.260659
v 0.738257 -2.222959 0.377109
v 0.738257 1.110690 0.377110
v 0.457107 1.110690 0.260660
v 0.457107 -2.222959 0.260659
v 0.340657 1.110690 -0.020490
v 0.340657 -2.222959 -0.020491
v 0.457107 1.110690 -0.301640
v 0.457107 -2.222959 -0.301641
v 0.738257 1.110690 -0.418090
v 0.738257 -2.222959 -0.418091
v 1.019406 1.110690 -0.301640
v 1.019406 -2.222959 -0.301641
v 1.135857 1.110690 -0.020490
v 1.135857 -2.222959 -0.020491
v 1.135857 -2.222959 -0.020491
v 1.135857 1.110690 -0.020490
v 1.019406 1.110690 0.260660
v 1.019406 -2.222959 0.260659
v -5.729743 -2.465160 -1.246441
v -5.729743 -2.465160 -4.037341
v -6.010894 -2.581609 -4.037341
v -6.010894 -2.581609 -1.246441
v -6.127345 -2.862759 -4.037341
v -6.127345 -2.862760 -1.246441
v -6.010894 -3.143909 -4.037342
v -6.010894 -3.143910 -1.246441
v -5.729743 -3.260360 -4.037342
v -5.729743 -3.260360 -1.246441
v -5.729743 -3.260360 -1.246441
v -5.729743 -3.260360 -4.037342
v -5.448593 -3.143909 -4.037342
v -5.448593 -3.143910 -1.246441
v -5.332145 -2.862759 -4.037341
v -5.332145 -2.862760 -1.246441
v -5.448593 -2.581609 -4.037341
v -5.448593 -2.581609 -1.246441
v -16.114193 -3.507360 -0.708991
v -16.114193 -3.507359 -4.037342
v -16.395344 -3.623810 -4.037342
v -16.395344 -3.623810 -0.708991
v -16.511793 -3.904959 -4.037342
v -16.511793 -3.904960 -0.708991
v -16.395344 -4.186110 -4.037342
v -16.395344 -4.186110 -0.708991
v -16.114193 -4.302559 -4.037342
v -16.114193 -4.302560 -0.708991
v -16.114193 -4.302560 -0.708991
v -16.114193 -4.302559 -4.037342
v -15.833042 -4.186110 -4.037342
v -15.833042 -4.186110 -0.708991
v -15.716595 -3.904959 -4.037342
v -15.716595 -3.904960 -0.708991
v -15.833042 -3.623810 -4.037342
v -15.833042 -3.623810 -0.708991
v 19.204157 2.295191 -2.735440
v 19.204157 4.701391 -2.735440
v 19.204157 4.701391 -4.334390
v 19.204157 2.295191 -4.334391
v 12.171307 4.702941 -2.735440
v 12.171307 2.295191 -2.735440
v 12.171307 2.295191 -4.376191
v 12.171307 4.702941 -4.376190
v 15.487356 2.295191 -2.735440
v 19.204157 2.295191 -2.735440
v 19.204157 2.295191 -4.334391
v 15.487356 2.295191 -4.348341
v 14.695757 2.295191 -4.362291
v 14.695757 4.702941 -4.362290
v 12.171307 4.702941 -4.376190
v 12.171307 2.295191 -4.376191
v 12.171307 2.295191 -2.735440
v 14.695757 2.295191 -2.735440
v 14.695757 2.295191 -4.362291
v 12.171307 2.295191 -4.376191
v 19.204157 2.295191 -4.334391
v 19.204157 4.701391 -4.334390
v 15.487356 4.702941 -4.348340
v 15.487356 2.295191 -4.348341
v 15.655407 8.198192 -4.365890
v 14.693056 8.198192 -4.365890
v 14.693056 5.041541 -4.365890
v 15.655407 5.041541 -4.365890
v 18.199057 5.041541 -4.365890
v 12.171307 5.041541 -4.365890
v 15.655407 9.364192 -4.365890
v 14.693056 9.364192 -4.365890
v 14.693056 9.364192 -4.365890
v 15.655407 9.364192 -4.365890
v 15.655407 9.364192 -2.644390
v 12.171307 5.149091 0.000310
v 12.171307 5.149092 -2.735440
v 12.171307 7.546992 -3.570490
v 12.171307 7.546991 0.000311
v 12.171307 4.702941 0.000310
v 12.171307 2.295191 0.000310
v 12.171307 5.041541 -4.365890
v 14.695757 2.295191 0.000310
v 12.171307 2.295191 0.000310
v 12.171307 7.258592 -4.365890
v 15.487356 2.295191 0.000310
v 19.204157 2.295191 0.000310
v 12.171307 8.198192 -4.365890
v 12.171307 8.381641 -3.570490
v 12.171307 9.364192 -4.365890
v 12.171307 8.198192 -4.365890
v 12.171307 9.364192 -4.365890
v 12.171307 9.364192 -4.365890
v 19.204157 8.538392 -2.665390
v 19.204157 8.202392 -4.334390
v 18.199057 8.202392 -4.365890
v 19.204157 8.202392 -4.334390
v 19.204157 9.364192 -4.334390
v 19.204157 8.538392 -1.776839
v 19.204157 8.538391 -0.888239
v 19.204157 8.538391 0.000311
v 19.204157 9.364192 0.000311
v 19.204157 9.364192 -0.888239
v 19.204157 9.364192 -4.334390
v 19.204157 9.364192 0.000311
v 19.204157 9.364192 -0.888239
v 19.204157 9.364192 -4.334390
v 19.495157 2.295191 0.000310
v 19.495157 2.295191 -2.735440
v 19.204157 2.295191 -2.735440
v 19.204157 2.295191 0.000310
v 19.495157 2.295191 0.000310
v 19.495157 1.996591 0.000310
v 12.171307 7.546991 0.000311
v 12.171307 7.546992 -3.570490
v 11.092506 8.380092 -3.561190
v 12.171307 7.546992 -3.570490
v 12.171307 8.381641 -3.570490
v 12.171307 8.381641 -3.570490
v 12.171307 8.381641 0.000311
v 7.384906 2.595241 -3.594990
v 7.616957 2.595241 -3.641141
v 7.616957 3.849941 -3.641140
v 7.384906 3.849941 -3.594990
v 6.824757 2.595242 -4.433341
v 6.778606 2.595241 -4.201291
v 6.778606 3.849941 -4.201291
v 6.824757 3.849941 -4.433341
v 6.956206 2.595241 -3.772591
v 7.152906 2.595241 -3.641141
v 7.152906 3.849941 -3.641140
v 6.956206 3.849941 -3.772590
v 7.152906 2.595242 -4.761441
v 6.956206 2.595242 -4.629991
v 6.956206 3.849941 -4.629991
v 7.152906 3.849941 -4.761441
v 6.824757 2.595241 -3.969290
v 6.824757 3.849941 -3.969290
v 7.616957 2.595242 -4.761441
v 7.384906 2.595242 -4.807590
v 7.384906 3.849941 -4.807590
v 7.616957 3.849941 -4.761441
v 7.945056 2.595242 -4.433341
v 7.813607 2.595242 -4.629991
v 7.813607 3.849941 -4.629991
v 7.945056 3.849941 -4.433341
v 7.945056 2.595241 -3.969290
v 7.991207 2.595241 -4.201291
v 7.991207 3.849941 -4.201291
v 7.945056 3.849941 -3.969290
v 7.813607 2.595241 -3.772591
v 7.813607 3.849941 -3.772590
v 7.384906 2.595241 -3.594990
v 7.384906 3.849941 -3.594990
v -13.567595 -3.604059 -5.846942
v -13.876194 -3.604059 -5.846942
v -13.876194 -3.524109 -6.248792
v -13.567595 -3.524109 -6.248792
v -13.876194 -3.296509 -6.589442
v -13.567595 -3.296509 -6.589442
v -13.876194 -2.955859 -6.817041
v -13.567595 -2.955859 -6.817041
v -13.876194 -2.554009 -6.896991
v -13.567595 -2.554009 -6.896991
v -13.876194 -2.152209 -6.817041
v -13.567595 -2.152209 -6.817041
v -13.876194 -1.811559 -6.589441
v -13.567595 -1.811559 -6.589441
v -13.876194 -1.583909 -6.248791
v -13.567595 -1.583909 -6.248791
v -13.876194 -1.504009 -5.846941
v -13.567595 -1.504009 -5.846941
v -13.876194 -1.583909 -5.445141
v -13.567595 -1.583909 -5.445141
v -13.876194 -1.811559 -5.104491
v -13.567595 -1.811559 -5.104491
v -13.876194 -2.152210 -4.876841
v -13.567595 -2.152210 -4.876841
v -13.876194 -2.554009 -4.796941
v -13.567595 -2.554009 -4.796941
v -13.876194 -2.955859 -4.876842
v -13.567595 -2.955859 -4.876842
v -13.876194 -3.296509 -5.104492
v -13.567595 -3.296509 -5.104492
v -13.876194 -3.524109 -5.445142
v -13.567595 -3.524109 -5.445142
v -13.876194 -3.604059 -5.846942
v -13.567595 -3.604059 -5.846942
v -13.876194 -2.955859 -6.817041
v -13.876194 -3.296509 -6.589442
v -14.145893 -3.011959 -6.304892
v -14.145893 -2.801859 -6.445291
v -13.876194 -3.296509 -5.104492
v -13.876194 -2.955859 -4.876842
v -14.145893 -2.801859 -5.248591
v -14.145893 -3.011959 -5.388992
v -13.876194 -1.811559 -6.589441
v -13.876194 -2.152209 -6.817041
v -14.145893 -2.306159 -6.445291
v -14.145893 -2.096059 -6.304891
v -13.876194 -1.583909 -5.445141
v -13.876194 -1.504009 -5.846941
v -14.145893 -1.906359 -5.846941
v -14.145893 -1.955659 -5.599091
v -13.876194 -3.524109 -6.248792
v -14.145893 -3.201659 -5.846942
v -14.145893 -3.152359 -6.094792
v -13.876194 -2.554009 -4.796941
v -13.876194 -2.152210 -4.876841
v -14.145893 -2.306159 -5.248591
v -14.145893 -2.554009 -5.199291
v -13.876194 -2.554009 -6.896991
v -14.145893 -2.554009 -6.494591
v -14.145893 -3.152359 -5.599092
v -13.876194 -1.583909 -6.248791
v -14.145893 -1.955659 -6.094791
v -13.876194 -1.811559 -5.104491
v -14.145893 -2.096059 -5.388991
v -10.563992 -1.811559 -6.589441
v -10.563992 -1.583909 -6.248791
v -10.563992 -1.718409 -6.193091
v -10.563992 -1.914509 -6.486491
v -10.563992 -1.583909 -5.445141
v -10.563992 -1.811559 -5.104491
v -10.563992 -1.914509 -5.207441
v -10.563992 -1.718409 -5.500841
v -10.563992 -3.524109 -6.248792
v -10.563992 -3.296509 -6.589442
v -10.563992 -3.193559 -6.486492
v -10.563992 -3.389609 -6.193092
v -10.563992 -2.554009 -4.796941
v -10.563992 -2.955859 -4.876842
v -10.563992 -2.900159 -5.011341
v -10.563992 -2.554009 -4.942541
v -10.563992 -2.554009 -6.896991
v -10.563992 -2.152209 -6.817041
v -10.563992 -2.207909 -6.682541
v -10.563992 -2.554009 -6.751391
v -10.563992 -3.524109 -5.445142
v -10.563992 -3.604059 -5.846942
v -10.563992 -3.458459 -5.846942
v -10.563992 -3.389609 -5.500842
v -10.563992 -3.604059 -5.846942
v -10.563992 -3.458459 -5.846942
v -10.563992 -1.504009 -5.846941
v -10.563992 -1.649609 -5.846941
v -10.563992 -2.152210 -4.876841
v -10.563992 -2.207909 -5.011341
v -10.563992 -2.955859 -6.817041
v -10.563992 -2.900159 -6.682541
v -10.563992 -3.296509 -5.104492
v -10.563992 -3.193559 -5.207442
v -10.563992 -2.207909 -6.682541
v -10.563992 -1.914509 -6.486491
v -10.075193 -1.914509 -6.486491
v -10.075193 -2.207909 -6.682541
v -10.563992 -2.900159 -6.682541
v -10.563992 -2.554009 -6.751391
v -10.075193 -2.554009 -6.751391
v -10.075193 -2.900159 -6.682541
v -10.563992 -3.193559 -5.207442
v -10.563992 -3.389609 -5.500842
v -10.075193 -3.389609 -5.500842
v -10.075193 -3.193559 -5.207442
v -10.563992 -3.389609 -6.193092
v -10.563992 -3.193559 -6.486492
v -10.075193 -3.193559 -6.486492
v -10.075193 -3.389609 -6.193092
v -10.563992 -2.554009 -4.942541
v -10.563992 -2.900159 -5.011341
v -10.075193 -2.900159 -5.011341
v -10.075193 -2.554009 -4.942541
v -10.563992 -1.914509 -5.207441
v -10.563992 -2.207909 -5.011341
v -10.075193 -2.207909 -5.011341
v -10.075193 -1.914509 -5.207441
v -10.563992 -1.649609 -5.846941
v -10.563992 -1.718409 -5.500841
v -10.075193 -1.718409 -5.500841
v -10.075193 -1.649609 -5.846941
v -10.563992 -1.718409 -6.193091
v -10.075193 -1.718409 -6.193091
v -10.563992 -3.458459 -5.846942
v -10.075193 -3.458459 -5.846942
v -10.563992 -3.458459 -5.846942
v -10.075193 -3.458459 -5.846942
v -10.075193 -1.914509 -6.486491
v -10.075193 -1.718409 -6.193091
v -10.075193 -1.939859 -6.101341
v -10.075193 -2.083959 -6.317041
v -10.075193 -2.554009 -6.751391
v -10.075193 -2.207909 -6.682541
v -10.075193 -2.299609 -6.461141
v -10.075193 -2.554009 -6.511741
v -10.075193 -3.389609 -5.500842
v -10.075193 -3.458459 -5.846942
v -10.075193 -3.218808 -5.846942
v -10.075193 -3.168209 -5.592542
v -10.075193 -3.193559 -6.486492
v -10.075193 -2.900159 -6.682541
v -10.075193 -2.808408 -6.461141
v -10.075193 -3.024109 -6.317042
v -10.075193 -2.900159 -5.011341
v -10.075193 -3.193559 -5.207442
v -10.075193 -3.024109 -5.376892
v -10.075193 -2.808409 -5.232791
v -10.075193 -3.458459 -5.846942
v -10.075193 -3.389609 -6.193092
v -10.075193 -3.168209 -6.101342
v -10.075193 -3.218808 -5.846942
v -10.075193 -2.207909 -5.011341
v -10.075193 -2.554009 -4.942541
v -10.075193 -2.554009 -5.182191
v -10.075193 -2.299609 -5.232791
v -10.075193 -1.718409 -5.500841
v -10.075193 -1.914509 -5.207441
v -10.075193 -2.083959 -5.376892
v -10.075193 -1.939859 -5.592541
v -10.075193 -1.649609 -5.846941
v -10.075193 -1.889259 -5.846941
v -10.075193 -1.939859 -6.101341
v -10.075193 -1.889259 -5.846941
v -9.468394 -1.889259 -5.846941
v -9.468394 -1.939859 -6.101341
v -10.075193 -2.299609 -6.461141
v -10.075193 -2.083959 -6.317041
v -9.468394 -2.083959 -6.317041
v -9.468394 -2.299609 -6.461141
v -10.075193 -2.808408 -6.461141
v -10.075193 -2.554009 -6.511741
v -9.468394 -2.554009 -6.511741
v -9.468394 -2.808408 -6.461141
v -10.075193 -3.024109 -5.376892
v -10.075193 -3.168209 -5.592542
v -9.468394 -3.168209 -5.592542
v -9.468394 -3.024109 -5.376892
v -10.075193 -3.168209 -6.101342
v -10.075193 -3.024109 -6.317042
v -9.468394 -3.024109 -6.317042
v -9.468394 -3.168209 -6.101342
v -10.075193 -2.554009 -5.182191
v -10.075193 -2.808409 -5.232791
v -9.468394 -2.808409 -5.232791
v -9.468394 -2.554009 -5.182191
v -10.075193 -2.083959 -5.376892
v -10.075193 -2.299609 -5.232791
v -9.468394 -2.299609 -5.232791
v -9.468394 -2.083959 -5.376892
v -10.075193 -1.939859 -5.592541
v -9.468394 -1.939859 -5.592541
v -10.075193 -3.218808 -5.846942
v -9.468394 -3.218808 -5.846942
v -10.075193 -3.218808 -5.846942
v -9.468394 -3.218808 -5.846942
v -9.468394 -1.889259 -5.846941
v -9.468394 -1.939859 -5.592541
v -9.468394 -2.554009 -5.846941
v -9.468394 -2.083959 -6.317041
v -9.468394 -1.939859 -6.101341
v -9.468394 -2.554009 -6.511741
v -9.468394 -2.299609 -6.461141
v -9.468394 -3.168209 -5.592542
v -9.468394 -3.218808 -5.846942
v -9.468394 -3.024109 -6.317042
v -9.468394 -2.808408 -6.461141
v -9.468394 -2.808409 -5.232791
v -9.468394 -3.024109 -5.376892
v -9.468394 -3.168209 -6.101342
v -9.468394 -2.299609 -5.232791
v -9.468394 -2.554009 -5.182191
v -9.468394 -2.083959 -5.376892
v -10.563992 -3.604059 -5.846942
v -10.872594 -3.604059 -5.846942
v -10.872594 -3.524109 -6.248792
v -10.563992 -3.524109 -6.248792
v -10.872594 -3.296509 -6.589442
v -10.563992 -3.296509 -6.589442
v -10.872594 -2.955859 -6.817041
v -10.563992 -2.955859 -6.817041
v -10.872594 -2.554009 -6.896991
v -10.563992 -2.554009 -6.896991
v -10.872594 -2.152209 -6.817041
v -10.563992 -2.152209 -6.817041
v -10.872594 -1.811559 -6.589441
v -10.563992 -1.811559 -6.589441
v -10.872594 -1.583909 -6.248791
v -10.563992 -1.583909 -6.248791
v -10.872594 -1.504009 -5.846941
v -10.563992 -1.504009 -5.846941
v -10.872594 -1.583909 -5.445141
v -10.563992 -1.583909 -5.445141
v 2.082306 2.283341 -3.304140
v -13.004642 2.283341 -3.304140
v -13.004642 2.598341 -3.304140
v 2.082306 2.598341 -3.304140
v -10.872594 -1.811559 -5.104491
v -10.563992 -1.811559 -5.104491
v -10.872594 -2.152210 -4.876841
v -10.563992 -2.152210 -4.876841
v -10.872594 -2.554009 -4.796941
v -10.563992 -2.554009 -4.796941
v -10.872594 -2.955859 -4.876842
v -10.563992 -2.955859 -4.876842
v -10.872594 -3.296509 -5.104492
v -10.563992 -3.296509 -5.104492
v -10.872594 -3.524109 -5.445142
v -10.563992 -3.524109 -5.445142
v -10.872594 -3.604059 -5.846942
v -10.563992 -3.604059 -5.846942
v 4.342557 2.598341 -3.968291
v 4.342557 2.283341 -3.968291
v -13.295444 -0.421159 -6.439442
v -13.295444 -0.421159 -5.846941
v -13.295444 0.860342 -5.846941
v -13.295444 0.860342 -6.439441
v -10.872594 -0.421159 -5.846941
v -10.872594 -0.421159 -6.589441
v -11.144744 -0.421159 -6.439442
v -11.144744 -0.421159 -5.846941
v -13.567595 -0.421159 -6.589441
v -13.567595 -0.421159 -5.846941
v -13.295444 -0.421159 -5.846941
v -13.295444 -0.421159 -6.439442
v -11.144744 -0.421159 -5.846941
v -11.144744 -0.421159 -6.439442
v -11.144744 0.860342 -6.439441
v -11.144744 0.860342 -5.846941
v -10.872594 -0.421159 -5.104491
v -11.144744 -0.421159 -5.254441
v -13.567595 -0.421159 -5.104491
v -13.567595 -0.421159 -4.006491
v -10.872594 -0.421159 -4.006491
v -10.872594 -1.811559 -6.589441
v -13.567595 -1.811559 -6.589441
v -13.567595 -0.421159 -6.589441
v -10.872594 -0.421159 -6.589441
v -13.567595 -1.583909 -5.445141
v -13.567595 -1.811559 -5.104491
v -13.567595 -0.421159 -5.104491
v 8.521856 2.283341 -3.968291
v 8.521856 2.598341 -3.968291
v 11.501156 2.598341 -3.968291
v 11.501156 2.283341 -3.968291
v -13.567595 -1.504009 -5.846941
v -13.567595 -0.421159 -5.846941
v -11.144744 -0.421159 -5.254441
v -11.144744 0.860342 -5.254441
v -13.295444 -0.421159 -5.254441
v -11.144744 0.860342 -5.846941
v -13.295444 0.860342 -5.846941
v -13.295444 0.860342 -5.254441
v -11.144744 0.860342 -5.254441
v -13.567595 -1.811559 -6.589441
v -13.567595 -1.583909 -6.248791
v -13.567595 -0.421159 -6.589441
v -10.872594 -1.811559 -5.104491
v -10.872594 -1.583909 -5.445141
v -10.872594 -0.421159 -5.104491
v -10.872594 -1.583909 -6.248791
v -10.872594 -1.811559 -6.589441
v -10.872594 -0.421159 -6.589441
v -10.872594 -1.504009 -5.846941
v -10.872594 -0.421159 -5.846941
v -13.295444 -0.421159 -5.254441
v -11.144744 -0.421159 -5.254441
v -11.144744 0.860342 -5.254441
v -13.295444 0.860342 -5.254441
v -11.144744 -0.421159 -6.439442
v -13.295444 -0.421159 -6.439442
v -13.295444 0.860342 -6.439441
v -11.144744 0.860342 -6.439441
v -14.145893 -2.554009 -5.846941
v 11.414356 1.409791 -4.592990
v 19.367407 1.409791 -4.592990
v 19.367407 1.409791 -2.378090
v 11.414356 1.409791 -2.378090
v 19.495157 8.881192 -3.096789
v 19.495157 8.881192 -3.413490
v 23.402906 9.035441 -3.413490
v 23.402906 9.035441 -3.096789
v 19.495157 8.881192 -3.413490
v 19.462156 9.899141 -3.413490
v 23.556656 9.899141 -3.413490
v 23.402906 9.035441 -3.413490
v 23.402906 9.035441 -3.096789
v 23.556656 9.899141 -3.096789
v 19.462156 9.899141 -3.096789
v 19.495157 8.881192 -3.096789
v 23.556656 9.899141 -3.413490
v 23.556656 9.899141 -3.096789
v 19.367407 1.409791 -2.378090
v 19.367407 -2.312159 -2.378091
v 11.414356 -2.312159 -2.378091
v 11.414356 1.409791 -2.378090
v 11.414356 1.409791 -2.378090
v 11.414356 2.038491 -3.284091
v 11.414356 2.038491 -4.592990
v 11.414356 1.409791 -4.592990
v 19.367407 1.409791 -2.378090
v 19.367407 2.038491 -3.284091
v 19.367407 2.038491 0.000310
v 19.367407 1.409791 0.000310
v 11.414356 1.409791 -4.592990
v 11.414356 2.038491 -4.592990
v 19.367407 2.038491 -4.592990
v 19.367407 1.409791 -4.592990
v 11.414356 1.409791 0.000310
v 11.414356 2.038491 0.000310
v 19.367407 1.409791 -4.592990
v 19.367407 2.038491 -4.592990
v 11.414356 1.409791 -2.378090
v 11.414356 1.409791 0.000310
v 11.414356 -2.312160 0.000309
v 11.414356 -2.312159 -2.378091
v 19.367407 -2.312160 0.000309
v 19.367407 -2.312159 -2.378091
v -10.872594 -0.421159 -4.006491
v -13.567595 -0.421159 -4.006491
v -14.158543 -0.307209 -4.006491
v -10.075745 -0.307209 -4.006491
v -13.567595 -1.811559 -4.006491
v -13.567595 -0.421159 -4.006491
v -10.872594 -0.421159 -4.006491
v -10.872594 -1.811559 -4.006491
v -10.075745 -0.307209 -2.151041
v -14.158543 -0.307209 -2.151041
v -13.409943 1.406091 -0.891340
v -10.075745 1.406091 -0.891340
v -13.567595 -1.811559 -4.006491
v -10.872594 -1.811559 -4.006491
v -10.075745 -1.925509 -4.006491
v -14.158543 -1.925509 -4.006491
v -14.158543 -1.925509 -2.151041
v -10.075745 -1.925509 -2.151041
v -10.075745 -3.915560 -2.151041
v -14.158543 -3.915560 -2.151041
v -16.610592 -0.354559 -1.075341
v -14.158543 -0.307209 -1.075341
v -14.158543 -1.925510 -1.075341
v -16.610592 -1.925510 -1.075341
v -10.075745 -1.925510 -1.075341
v -10.075745 -0.307209 -1.075341
v -10.075745 -0.307209 0.000309
v -10.075745 -1.925510 0.000309
v -10.075745 -0.307209 -4.006491
v -14.158543 -0.307209 -4.006491
v -14.158543 -0.307209 -4.006491
v -14.158543 -1.925509 -4.006491
v -14.158543 -1.925509 -2.151041
v -14.158543 -0.307209 -2.151041
v -10.075745 -1.925509 -4.006491
v -10.075745 -0.307209 -4.006491
v -10.075745 -0.307209 -2.151041
v -10.075745 -1.925509 -2.151041
v -16.610592 -1.925509 -2.151041
v -16.610592 -3.915560 -2.151041
v -17.998945 -3.915560 -2.151041
v -17.998945 -1.925509 -2.151041
v -10.075745 -1.925510 -1.075341
v -10.075745 -1.925510 0.000309
v -10.075745 -3.915560 0.000309
v -10.075745 -3.915560 -1.075341
v -17.998945 -0.682960 -0.809191
v -17.998945 -0.682959 -3.695391
v -17.787693 -0.682959 -3.695391
v -17.787693 -0.682960 -0.829941
v -16.960592 -3.915560 -1.075341
v -14.158543 -3.915560 -1.075341
v -14.158543 -4.810559 -0.783641
v -16.960592 -4.810559 -0.783641
v -14.158543 -1.925510 -1.075341
v -14.158543 -1.925509 -2.151041
v -16.610592 -1.925509 -2.151041
v -16.610592 -1.925510 -1.075341
v -17.998945 -0.354559 -3.896391
v -17.998945 -1.925509 -3.896391
v -17.998945 -1.597109 -3.695391
v -17.998945 -0.682959 -3.695391
v -16.610592 -1.925509 -3.896391
v -17.998945 -1.925509 -3.896391
v -17.998945 -0.354559 -3.896391
v -16.610592 -0.354559 -3.896391
v -13.070293 3.285741 -2.602590
v -13.070293 3.285741 -2.778540
v -12.147144 3.285741 -2.778540
v -12.147144 3.285741 -2.602590
v -17.135393 -0.598259 -2.602591
v -17.135393 -0.598259 -2.778541
v -17.135393 -0.598259 -2.778541
v -17.361742 -0.361159 -2.778541
v -13.296643 3.522841 -2.778540
v -13.070293 3.285741 -2.778540
v -17.361742 -0.361159 -2.778541
v -17.361742 -0.361159 -2.602591
v -13.296643 3.522841 -2.602590
v -13.296643 3.522841 -2.778540
v -12.147144 3.285741 -2.602590
v -12.147144 3.285741 -2.778540
v -12.159193 3.522841 -2.778540
v -12.159193 3.522841 -2.602590
v -13.296643 3.522841 -2.602590
v -13.070293 3.285741 -2.602590
v -12.147144 3.285741 -2.602590
v -12.159193 3.522841 -2.602590
v -12.159193 3.522841 -2.778540
v -12.147144 3.285741 -2.778540
v -12.159193 3.522841 -2.602590
v -12.159193 3.522841 -2.778540
v -11.144744 0.860342 -6.439441
v -13.295444 0.860342 -6.439441
v 2.082306 2.598341 -3.304140
v -13.004642 2.598341 -3.304140
v -13.004642 2.598341 -2.310290
v 2.082306 2.598341 -2.310290
v 2.082306 2.283341 -3.304140
v 2.082306 2.283341 -2.310290
v -13.004642 2.283341 -2.310290
v -13.004642 2.283341 -3.304140
v -13.295444 -0.421159 -5.254441
v -13.295444 0.860342 -5.254441
v 4.342557 2.283341 -3.968291
v 4.342557 2.283341 -2.974441
v 4.342557 2.598341 -2.974441
v 4.342557 2.598341 -3.968291
v 9.114957 2.283341 -2.974441
v 8.521856 2.283341 -3.968291
v 11.501156 2.283341 -3.968291
v 11.501156 2.283341 -2.974441
v 8.521856 2.598341 -3.968291
v 9.114957 2.598341 -2.974441
v 11.501156 2.598341 -2.974441
v 11.501156 2.598341 -3.968291
v 6.135657 2.598341 -3.968291
v 6.135657 2.283341 -3.968291
v 7.953557 2.283341 -4.945491
v 7.953557 2.598341 -4.945491
v 6.135657 2.283341 -3.968291
v 6.728756 2.283341 -2.974441
v 6.728756 2.598341 -2.974441
v 6.135657 2.598341 -3.968291
v 6.704007 2.283341 -4.945491
v 6.704007 2.598341 -4.945491
v 7.953557 2.598341 -4.945491
v 6.704007 2.598341 -4.945491
v 6.704007 2.283341 -4.945491
v 7.953557 2.283341 -4.945491
v 7.945056 3.849941 -4.433341
v 7.813607 3.849941 -4.629991
v 7.556606 3.849941 -4.372991
v 7.609206 3.849941 -4.294190
v 7.945056 3.849941 -3.969290
v 7.991207 3.849941 -4.201291
v 7.627706 3.849941 -4.201291
v 7.609206 3.849941 -4.108390
v 7.616957 3.849941 -3.641140
v 7.813607 3.849941 -3.772590
v 7.556606 3.849941 -4.029641
v 7.477807 3.849941 -3.976990
v 7.152906 3.849941 -3.641140
v 7.384906 3.849941 -3.594990
v 7.384906 3.849941 -3.958540
v 7.292006 3.849941 -3.976990
v 6.956206 3.849941 -4.629991
v 6.824757 3.849941 -4.433341
v 7.160606 3.849941 -4.294190
v 7.213257 3.849941 -4.372991
v 6.824757 3.849941 -3.969290
v 6.956206 3.849941 -3.772590
v 7.213257 3.849941 -4.029641
v 7.160606 3.849941 -4.108390
v 7.384906 3.849941 -4.807590
v 7.152906 3.849941 -4.761441
v 7.292006 3.849941 -4.425591
v 7.384906 3.849941 -4.444091
v 7.616957 3.849941 -4.761441
v 7.477807 3.849941 -4.425591
v 6.778606 3.849941 -4.201291
v 7.142157 3.849941 -4.201291
v 7.556606 3.849941 -4.372991
v 7.477807 3.849941 -4.425591
v 7.477807 4.595191 -4.425590
v 7.556606 4.595191 -4.372990
v 7.627706 3.849941 -4.201291
v 7.609206 3.849941 -4.294190
v 7.609206 4.595191 -4.294190
v 7.627706 4.595191 -4.201290
v 7.556606 3.849941 -4.029641
v 7.609206 3.849941 -4.108390
v 7.609206 4.595191 -4.108390
v 7.556606 4.595191 -4.029640
v 7.384906 3.849941 -3.958540
v 7.477807 3.849941 -3.976990
v 7.477807 4.595191 -3.976990
v 7.384906 4.595191 -3.958540
v 7.160606 3.849941 -4.294190
v 7.142157 3.849941 -4.201291
v 7.142157 4.595191 -4.201290
v 7.160606 4.595191 -4.294190
v 7.213257 3.849941 -4.029641
v 7.292006 3.849941 -3.976990
v 7.292006 4.595191 -3.976990
v 7.213257 4.595191 -4.029640
v 7.292006 3.849941 -4.425591
v 7.213257 3.849941 -4.372991
v 7.213257 4.595191 -4.372990
v 7.292006 4.595191 -4.425590
v 7.160606 3.849941 -4.108390
v 7.160606 4.595191 -4.108390
v 7.384906 3.849941 -4.444091
v 7.384906 4.595192 -4.444090
v 7.384906 3.849941 -3.958540
v 7.384906 4.595191 -3.958540
v 6.135657 4.446342 -3.968290
v 8.521856 4.446342 -3.968290
v 8.521856 4.446342 -3.218990
v 6.135657 4.446342 -3.218990
v 8.521856 4.761341 -3.968290
v 6.135657 4.761341 -3.968290
v 6.135657 4.761341 -3.218990
v 8.521856 4.761341 -3.218990
v 6.135657 4.761341 -3.968290
v 6.135657 4.446342 -3.968290
v 6.135657 4.446342 -3.218990
v 6.135657 4.761341 -3.218990
v 8.521856 4.446342 -3.968290
v 8.521856 4.761341 -3.968290
v 8.521856 4.761341 -3.218990
v 8.521856 4.446342 -3.218990
v 6.861257 4.595191 -3.984390
v 6.984107 4.595191 -3.800490
v 6.984107 6.181141 -3.800490
v 6.861257 6.181141 -3.984390
v 7.384906 4.595192 -4.768090
v 7.168006 4.595192 -4.724940
v 7.168006 6.181142 -4.724940
v 7.384906 6.181142 -4.768090
v 7.785706 4.595192 -4.602090
v 7.601806 4.595192 -4.724940
v 7.601806 6.181142 -4.724940
v 7.785706 6.181142 -4.602090
v 7.951706 4.595191 -4.201290
v 7.908556 4.595191 -4.418190
v 7.908556 6.181141 -4.418190
v 7.951706 6.181141 -4.201290
v 7.785706 4.595191 -3.800490
v 7.908556 4.595191 -3.984390
v 7.908556 6.181141 -3.984390
v 7.785706 6.181141 -3.800490
v 7.384906 4.595191 -3.634490
v 7.601806 4.595191 -3.677640
v 7.601806 6.181141 -3.677640
v 7.384906 6.181141 -3.634490
v 6.861257 4.595191 -4.418190
v 6.818107 4.595191 -4.201290
v 6.818107 6.181141 -4.201290
v 6.861257 6.181141 -4.418190
v 7.168006 4.595191 -3.677640
v 7.168006 6.181141 -3.677640
v 6.984107 4.595192 -4.602090
v 6.984107 6.181142 -4.602090
v 7.384906 4.595191 -3.634490
v 7.384906 6.181141 -3.634490
v 6.984107 6.181141 -3.800490
v 7.168006 6.181141 -3.677640
v 7.277307 6.181141 -3.941490
v 7.186056 6.181141 -4.002440
v 7.168006 6.181142 -4.724940
v 6.984107 6.181142 -4.602090
v 7.186056 6.181141 -4.400140
v 7.277307 6.181142 -4.461140
v 6.818107 6.181141 -4.201290
v 6.861257 6.181141 -3.984390
v 7.125106 6.181141 -4.093690
v 7.103656 6.181141 -4.201290
v 7.601806 6.181142 -4.724940
v 7.384906 6.181142 -4.768090
v 7.384906 6.181142 -4.482540
v 7.492556 6.181142 -4.461140
v 7.908556 6.181141 -4.418190
v 7.785706 6.181142 -4.602090
v 7.583756 6.181141 -4.400140
v 7.644756 6.181141 -4.308940
v 7.908556 6.181141 -3.984390
v 7.951706 6.181141 -4.201290
v 7.666157 6.181141 -4.201290
v 7.644756 6.181141 -4.093690
v 7.601806 6.181141 -3.677640
v 7.785706 6.181141 -3.800490
v 7.583756 6.181141 -4.002440
v 7.492556 6.181141 -3.941490
v 7.384906 6.181141 -3.634490
v 7.384906 6.181141 -3.920040
v 6.861257 6.181141 -4.418190
v 7.125106 6.181141 -4.308940
v 7.644756 6.181141 -4.093690
v 7.666157 6.181141 -4.201290
v 7.666157 7.584342 -4.201290
v 7.644756 7.584342 -4.093690
v 7.492556 6.181141 -3.941490
v 7.583756 6.181141 -4.002440
v 7.583756 7.584342 -4.002440
v 7.492556 7.584342 -3.941490
v 7.277307 6.181141 -3.941490
v 7.384906 6.181141 -3.920040
v 7.384906 7.584342 -3.920040
v 7.277307 7.584342 -3.941490
v 7.186056 6.181141 -4.400140
v 7.125106 6.181141 -4.308940
v 7.125106 7.584342 -4.308940
v 7.186056 7.584342 -4.400140
v 7.125106 6.181141 -4.093690
v 7.186056 6.181141 -4.002440
v 7.186056 7.584342 -4.002440
v 7.125106 7.584342 -4.093690
v 7.384906 6.181142 -4.482540
v 7.277307 6.181142 -4.461140
v 7.277307 7.584342 -4.461140
v 7.384906 7.584342 -4.482540
v 7.583756 6.181141 -4.400140
v 7.492556 6.181142 -4.461140
v 7.492556 7.584342 -4.461140
v 7.583756 7.584342 -4.400140
v 7.644756 6.181141 -4.308940
v 7.644756 7.584342 -4.308940
v 7.384906 6.181141 -3.920040
v 7.384906 7.584342 -3.920040
v 7.103656 6.181141 -4.201290
v 7.103656 7.584342 -4.201290
v 7.666157 7.584342 -4.201290
v 7.644756 7.584342 -4.308940
v 7.384906 7.584342 -4.201290
v 7.583756 7.584342 -4.002440
v 7.644756 7.584342 -4.093690
v 7.384906 7.584342 -3.920040
v 7.492556 7.584342 -3.941490
v 7.125106 7.584342 -4.308940
v 7.103656 7.584342 -4.201290
v 7.186056 7.584342 -4.002440
v 7.277307 7.584342 -3.941490
v 7.277307 7.584342 -4.461140
v 7.186056 7.584342 -4.400140
v 7.125106 7.584342 -4.093690
v 7.492556 7.584342 -4.461140
v 7.384906 7.584342 -4.482540
v 7.583756 7.584342 -4.400140
v 7.953557 4.446342 -4.945490
v 7.953557 4.761342 -4.945490
v 6.704007 4.446342 -4.945490
v 6.704007 4.761342 -4.945490
v 7.953557 4.761342 -4.945490
v 6.704007 4.761342 -4.945490
v 6.704007 4.446342 -4.945490
v 7.953557 4.446342 -4.945490
v 2.671057 1.726591 -4.044840
v 2.671057 2.019991 -3.848790
v 2.846356 2.019991 -3.848790
v 2.846356 1.726591 -4.044840
v 2.671057 1.034341 -4.044840
v 2.671057 1.380441 -4.113690
v 2.846356 1.380441 -4.113690
v 2.846356 1.034341 -4.044840
v 2.671057 0.740941 -2.569691
v 2.671057 0.544841 -2.863141
v 2.846356 0.544841 -2.863141
v 2.846356 0.740941 -2.569691
v 2.671057 0.544841 -3.555341
v 2.671057 0.740941 -3.848791
v 2.846356 0.740941 -3.848791
v 2.846356 0.544841 -3.555341
v 2.671057 1.380441 -2.304790
v 2.671057 1.034341 -2.373641
v 2.846356 1.034341 -2.373641
v 2.846356 1.380441 -2.304790
v 2.671057 2.019991 -2.569690
v 2.671057 1.726591 -2.373640
v 2.846356 1.726591 -2.373640
v 2.846356 2.019991 -2.569690
v 2.671057 2.284891 -3.209241
v 2.671057 2.216041 -2.863141
v 2.846356 2.216041 -2.863141
v 2.846356 2.284891 -3.209241
v 2.671057 2.216041 -3.555341
v 2.846356 2.216041 -3.555341
v 2.671057 0.476041 -3.209241
v 2.846356 0.476041 -3.209241
v 2.671057 1.380441 -2.304790
v 2.846356 1.380441 -2.304790
v 2.846356 2.284891 -3.209241
v 2.846356 2.216041 -2.863141
v 3.028057 2.064991 -2.925690
v 3.028057 2.121391 -3.209241
v 2.846356 2.019991 -3.848790
v 2.846356 2.216041 -3.555341
v 3.028057 2.064991 -3.492791
v 3.028057 1.904391 -3.733140
v 2.846356 1.380441 -4.113690
v 2.846356 1.726591 -4.044840
v 3.028057 1.663991 -3.893790
v 3.028057 1.380441 -3.950191
v 2.846356 0.544841 -2.863141
v 2.846356 0.476041 -3.209241
v 3.028057 0.639541 -3.209241
v 3.028057 0.695941 -2.925691
v 2.846356 0.740941 -3.848791
v 2.846356 1.034341 -4.044840
v 3.028057 1.096891 -3.893791
v 3.028057 0.856541 -3.733141
v 2.846356 1.034341 -2.373641
v 2.846356 0.740941 -2.569691
v 3.028057 0.856541 -2.685341
v 3.028057 1.096891 -2.524741
v 2.846356 0.544841 -3.555341
v 3.028057 0.695941 -3.492791
v 3.028057 1.380441 -2.468341
v 3.028057 1.663991 -2.524740
v 2.846356 2.019991 -2.569690
v 3.028057 1.904391 -2.685340
v 3.189507 1.667541 -2.922140
v 3.189507 1.755591 -3.053840
v 3.189507 1.786491 -3.209241
v 3.189507 1.755591 -3.364641
v 3.189507 1.667541 -3.496340
v 3.189507 1.535841 -3.584390
v 3.189507 1.380441 -3.615291
v 3.189507 1.225091 -3.584391
v 3.189507 1.005341 -3.053841
v 3.189507 1.093341 -2.922141
v 3.189507 1.093341 -3.496341
v 3.189507 1.005341 -3.364641
v 3.189507 1.225091 -2.834141
v 3.189507 1.380441 -2.803191
v 3.189507 1.535841 -2.834141
v 3.189507 0.974441 -3.209241
v -8.513044 2.216041 -3.555341
v -8.513044 2.284891 -3.209241
v -8.425642 2.284891 -3.209241
v -8.425642 2.216041 -3.555341
v -8.513044 2.216041 -2.863141
v -8.513044 2.019991 -2.569690
v -8.425642 2.019991 -2.569690
v -8.425642 2.216041 -2.863141
v -8.513044 1.726591 -2.373640
v -8.513044 1.380441 -2.304790
v -8.425642 1.380441 -2.304790
v -8.425642 1.726591 -2.373640
v -8.513044 0.476041 -3.209241
v -8.513044 0.544841 -3.555341
v -8.425642 0.544841 -3.555341
v -8.425642 0.476041 -3.209241
v -8.513044 1.034341 -2.373641
v -8.513044 0.740941 -2.569691
v -8.425642 0.740941 -2.569691
v -8.425642 1.034341 -2.373641
v -8.513044 0.740941 -3.848791
v -8.513044 1.034341 -4.044840
v -8.425642 1.034341 -4.044840
v -8.425642 0.740941 -3.848791
v -8.513044 0.544841 -2.863141
v -8.425642 0.544841 -2.863141
v -8.513044 1.380441 -4.113690
v -8.513044 1.726591 -4.044840
v -8.425642 1.726591 -4.044840
v -8.425642 1.380441 -4.113690
v -8.513044 2.019991 -3.848790
v -8.425642 2.019991 -3.848790
v -8.513044 1.380441 -2.304790
v -8.425642 1.380441 -2.304790
v 3.189507 1.380441 -3.209241
v -8.513044 0.476041 -3.209241
v -8.513044 0.544841 -2.863141
v -8.513044 1.380441 -3.209241
v -8.513044 1.726591 -4.044840
v -8.513044 1.380441 -4.113690
v -8.513044 2.216041 -3.555341
v -8.513044 2.019991 -3.848790
v -8.513044 2.216041 -2.863141
v -8.513044 2.284891 -3.209241
v -8.513044 1.726591 -2.373640
v -8.513044 2.019991 -2.569690
v -8.513044 1.034341 -2.373641
v -8.513044 1.380441 -2.304790
v -8.513044 0.740941 -3.848791
v -8.513044 0.544841 -3.555341
v -8.513044 0.740941 -2.569691
v -8.513044 1.034341 -4.044840
v -1.187943 3.844291 -3.024990
v -6.888994 3.844291 -3.024990
v -6.888994 3.791341 -2.897140
v -1.187943 3.791341 -2.897140
v -6.888994 3.663491 -2.844190
v -1.187943 3.663491 -2.844190
v -1.187943 3.663491 -2.844190
v -6.888994 3.663491 -2.844190
v -6.888994 3.535691 -2.897140
v -1.187943 3.535691 -2.897140
v -6.888994 3.482741 -3.024990
v -1.187943 3.482741 -3.024990
v -6.888994 3.535691 -3.152790
v -1.187943 3.535691 -3.152790
v -6.888994 3.663491 -3.205740
v -1.187943 3.663491 -3.205740
v -6.888994 3.791341 -3.152790
v -1.187943 3.791341 -3.152790
v -0.642893 3.982191 -3.024990
v -0.615744 3.936741 -3.152790
v -0.550244 3.826941 -3.205740
v -0.484743 3.717191 -3.152790
v -0.457593 3.671741 -3.024990
v -0.484743 3.717191 -2.897140
v -0.550244 3.826941 -2.844190
v -0.550244 3.826941 -2.844190
v -0.615744 3.936741 -2.897140
v -0.103643 4.786942 -3.024990
v -0.063644 4.752242 -3.152790
v 0.032956 4.668442 -3.205740
v 0.129506 4.584691 -3.152790
v 0.169507 4.549992 -3.024990
v 0.129506 4.584691 -2.897140
v 0.032956 4.668442 -2.844190
v 0.032956 4.668442 -2.844190
v -0.063644 4.752242 -2.897140
v 0.479107 5.359342 -3.024990
v 0.513357 5.318941 -3.152790
v 0.595957 5.221392 -3.205740
v 0.678557 5.123841 -3.152790
v 0.712807 5.083442 -3.024990
v 0.678557 5.123841 -2.897140
v 0.595957 5.221392 -2.844190
v 0.595957 5.221392 -2.844190
v 0.513357 5.318941 -2.897140
v 1.401557 5.825742 -3.024990
v 1.417407 5.775242 -3.152790
v 1.455606 5.653242 -3.205740
v 1.493857 5.531241 -3.152790
v 1.509657 5.480742 -3.024990
v 1.493857 5.531241 -2.897140
v 1.455606 5.653242 -2.844190
v 1.455606 5.653242 -2.844190
v 1.417407 5.775242 -2.897140
v 4.331306 6.140692 -3.024990
v 4.330107 6.087791 -3.152790
v 4.327207 5.959991 -3.205740
v 4.324306 5.832191 -3.152790
v 4.323107 5.779242 -3.024990
v 4.324306 5.832191 -2.897140
v 4.327207 5.959991 -2.844190
v 4.327207 5.959991 -2.844190
v 4.330107 6.087791 -2.897140
v 10.405457 6.140692 -3.024990
v 10.404257 6.087791 -3.152790
v 10.401307 5.959991 -3.205740
v 10.398407 5.832191 -3.152790
v 10.397207 5.779242 -3.024990
v 10.398407 5.832191 -2.897140
v 10.401307 5.959991 -2.844190
v 10.401307 5.959991 -2.844190
v 10.404257 6.087791 -2.897140
v 10.809557 6.140692 -2.877240
v 10.834356 6.087791 -3.002640
v 10.842307 5.959991 -3.055090
v 10.828656 5.832191 -3.003840
v 10.801457 5.779242 -2.878890
v 10.776657 5.832191 -2.753490
v 10.768707 5.959991 -2.701040
v 10.768707 5.959991 -2.701040
v 10.782356 6.087791 -2.752290
v 11.049707 6.146041 -2.520540
v 11.138658 6.099491 -2.615740
v 11.166357 5.975991 -2.671640
v 11.116508 5.847891 -2.655540
v 11.018356 5.790291 -2.576840
v 10.929407 5.836891 -2.481640
v 10.901708 5.960391 -2.425740
v 10.901708 5.960391 -2.425740
v 10.951556 6.088441 -2.441840
v -6.777193 3.215841 -3.250941
v -7.597043 3.215841 -3.250941
v -7.597043 4.197191 -3.250940
v -6.777193 4.197191 -3.250940
v -6.777193 4.197191 -3.250940
v -7.597043 4.197191 -3.250940
v -7.597043 4.197191 -2.537990
v -6.777193 4.197191 -2.537990
v -6.777193 3.215841 -3.250941
v -6.777193 3.215841 -2.537990
v -7.597043 3.215841 -2.537990
v -7.597043 3.215841 -3.250941
v -7.597043 4.197191 -2.537990
v -7.597043 4.197191 -3.250940
v -7.597043 3.215841 -3.250941
v -7.597043 3.215841 -2.537990
v -6.777193 4.197191 -2.537990
v -6.777193 3.215841 -2.537990
v -6.777193 3.215841 -3.250941
v -6.777193 4.197191 -3.250940
v 17.136608 0.935841 -3.646291
v 17.136608 1.089341 -3.543741
v 17.221607 1.089341 -3.543741
v 17.221607 0.935841 -3.646291
v 17.136608 0.573791 -3.646291
v 17.136608 0.754841 -3.682291
v 17.221607 0.754841 -3.682291
v 17.221607 0.573791 -3.646291
v 17.136608 0.420291 -2.874741
v 17.136608 0.317791 -3.028191
v 17.221607 0.317791 -3.028191
v 17.221607 0.420291 -2.874741
v 17.136608 0.317791 -3.390291
v 17.136608 0.420291 -3.543741
v 17.221607 0.420291 -3.543741
v 17.221607 0.317791 -3.390291
v 17.136608 0.754841 -2.736191
v 17.136608 0.573791 -2.772191
v 17.221607 0.573791 -2.772191
v 17.221607 0.754841 -2.736191
v 17.136608 1.089341 -2.874741
v 17.136608 0.935841 -2.772191
v 17.221607 0.935841 -2.772191
v 17.221607 1.089341 -2.874741
v 17.136608 1.227891 -3.209241
v 17.136608 1.191891 -3.028191
v 17.221607 1.191891 -3.028191
v 17.221607 1.227891 -3.209241
v 17.136608 1.191891 -3.390291
v 17.221607 1.191891 -3.390291
v 17.136608 0.317791 -3.028191
v 17.136608 0.281741 -3.209241
v 17.221607 0.281741 -3.209241
v 17.221607 0.317791 -3.028191
v 13.482058 0.573791 -3.646291
v 13.482058 0.420291 -3.543741
v 13.482058 0.558041 -3.405991
v 13.482058 0.648341 -3.466341
v 13.482058 1.227891 -3.209241
v 13.482058 1.191891 -3.390291
v 13.482058 1.011891 -3.315741
v 13.482058 1.033091 -3.209241
v 13.482058 0.317791 -3.390291
v 13.482058 0.281741 -3.209241
v 13.482058 0.476541 -3.209241
v 13.482058 0.497741 -3.315741
v 13.482058 0.754841 -3.682291
v 13.482058 0.754841 -3.487491
v 13.482058 1.089341 -2.874741
v 13.482058 1.191891 -3.028191
v 13.482058 1.011891 -3.102741
v 13.482058 0.951591 -3.012491
v 13.482058 0.935841 -2.772191
v 13.482058 0.861291 -2.952141
v 13.482058 1.089341 -3.543741
v 13.482058 0.951591 -3.405991
v 13.482058 0.317791 -3.028191
v 13.482058 0.497741 -3.102741
v 13.482058 0.420291 -2.874741
v 13.482058 0.573791 -2.772191
v 13.482058 0.648341 -2.952141
v 13.482058 0.558041 -3.012491
v 13.482058 0.935841 -3.646291
v 13.482058 0.861291 -3.466341
v 13.482058 0.754841 -2.736191
v 13.482058 0.754841 -2.930991
v 13.482058 0.951591 -3.012491
v 13.482058 1.011891 -3.102741
v 12.666807 1.011241 -3.102741
v 12.662508 0.951091 -3.012491
v 13.482058 0.558041 -3.405991
v 13.482058 0.497741 -3.315741
v 12.629906 0.498391 -3.315741
v 12.634207 0.558541 -3.405991
v 13.482058 0.861291 -2.952141
v 12.656007 0.861041 -2.952141
v 13.482058 1.011891 -3.315741
v 13.482058 0.951591 -3.405991
v 12.662508 0.951091 -3.405991
v 12.666807 1.011241 -3.315741
v 13.482058 0.476541 -3.209241
v 13.482058 0.497741 -3.102741
v 12.629906 0.498391 -3.102741
v 12.628357 0.477291 -3.209241
v 13.482058 0.558041 -3.012491
v 13.482058 0.648341 -2.952141
v 12.640707 0.648591 -2.952141
v 12.634207 0.558541 -3.012491
v 13.482058 0.861291 -3.466341
v 12.656007 0.861041 -3.466341
v 13.482058 0.754841 -2.930991
v 12.648357 0.754841 -2.930991
v 13.482058 0.648341 -2.952141
v 12.640707 0.648591 -2.952141
v 13.482058 1.033091 -3.209241
v 12.668357 1.032391 -3.209241
v 13.482058 0.754841 -3.487491
v 12.648357 0.754841 -3.487491
v 13.482058 0.648341 -3.466341
v 12.640707 0.648591 -3.466341
v 12.430157 1.009291 -2.952141
v 12.355407 0.933441 -2.930991
v 12.217207 0.793391 -3.012491
v 12.174857 0.750441 -3.102741
v 12.280606 0.857641 -2.952141
v 12.550807 1.131541 -3.209241
v 12.535957 1.116491 -3.102741
v 12.355407 0.933441 -3.487491
v 12.430157 1.009291 -3.466341
v 12.217207 0.793391 -3.405991
v 12.280606 0.857641 -3.466341
v 12.535957 1.116491 -3.315741
v 12.159957 0.735391 -3.209241
v 12.174857 0.750441 -3.315741
v 12.493557 1.073541 -3.012491
v 12.493557 1.073541 -3.405991
v 12.280606 0.857641 -2.952141
v 12.159957 1.550841 -3.209241
v 12.174857 1.552791 -3.315740
v 12.280606 1.566741 -3.466341
v 12.355407 1.576591 -3.487491
v 12.535957 1.600391 -3.102741
v 12.493557 1.594791 -3.012490
v 12.217207 1.558391 -3.405990
v 12.430157 1.586441 -2.952140
v 12.493557 1.594791 -3.405990
v 12.535957 1.600391 -3.315740
v 12.174857 1.552791 -3.102741
v 12.280606 1.566741 -2.952140
v 12.217207 1.558391 -3.012490
v 12.430157 1.586441 -3.466341
v 12.355407 1.576591 -2.930990
v 12.280606 1.566741 -2.952140
v 12.550807 1.602341 -3.209241
v 17.221607 1.089341 -2.874741
v 17.221607 0.935841 -2.772191
v 17.221607 0.825091 -3.039591
v 17.221607 0.884641 -3.079391
v 17.221607 0.317791 -3.390291
v 17.221607 0.420291 -3.543741
v 17.221607 0.624991 -3.339091
v 17.221607 0.585191 -3.279491
v 17.221607 1.191891 -3.028191
v 17.221607 0.924441 -3.138991
v 17.221607 0.573791 -3.646291
v 17.221607 0.754841 -3.682291
v 17.221607 0.754841 -3.392841
v 17.221607 0.684541 -3.378891
v 17.221607 0.281741 -3.209241
v 17.221607 0.571191 -3.209241
v 17.221607 0.935841 -3.646291
v 17.221607 0.825091 -3.378891
v 17.221607 1.227891 -3.209241
v 17.221607 0.938441 -3.209241
v 17.221607 0.754841 -2.736191
v 17.221607 0.573791 -2.772191
v 17.221607 0.684541 -3.039591
v 17.221607 0.754841 -3.025640
v 17.221607 1.191891 -3.390291
v 17.221607 0.924441 -3.279491
v 17.221607 0.420291 -2.874741
v 17.221607 0.317791 -3.028191
v 17.221607 0.585191 -3.138991
v 17.221607 0.624991 -3.079391
v 17.221607 1.089341 -3.543741
v 17.221607 0.884641 -3.339091
v 17.221607 0.938441 -3.209241
v 17.221607 0.924441 -3.138991
v 18.293507 0.924441 -3.138991
v 18.293507 0.938441 -3.209241
v 17.221607 0.754841 -3.025640
v 17.221607 0.684541 -3.039591
v 18.293507 0.684541 -3.039591
v 18.293507 0.754841 -3.025640
v 17.221607 0.924441 -3.279491
v 18.293507 0.924441 -3.279491
v 17.221607 0.624991 -3.079391
v 17.221607 0.585191 -3.138991
v 18.293507 0.585191 -3.138991
v 18.293507 0.624991 -3.079391
v 17.221607 0.825091 -3.039591
v 18.293507 0.825091 -3.039591
v 17.221607 0.825091 -3.378891
v 17.221607 0.884641 -3.339091
v 18.293507 0.884641 -3.339091
v 18.293507 0.825091 -3.378891
v 17.221607 0.684541 -3.039591
v 18.293507 0.684541 -3.039591
v 17.221607 0.571191 -3.209241
v 18.293507 0.571191 -3.209241
v 17.221607 0.884641 -3.079391
v 18.293507 0.884641 -3.079391
v 17.221607 0.585191 -3.279491
v 17.221607 0.624991 -3.339091
v 18.293507 0.624991 -3.339091
v 18.293507 0.585191 -3.279491
v 17.221607 0.684541 -3.378891
v 17.221607 0.754841 -3.392841
v 18.293507 0.754841 -3.392841
v 18.293507 0.684541 -3.378891
v 18.971256 0.874191 -3.279491
v 18.947458 0.842291 -3.339091
v 18.911907 0.794491 -3.039591
v 18.947458 0.842291 -3.079391
v 18.792356 0.634041 -3.339091
v 18.768557 0.602091 -3.279491
v 18.971256 0.874191 -3.138991
v 18.869907 0.738141 -3.392841
v 18.827957 0.681791 -3.378891
v 18.760206 0.590891 -3.209241
v 18.911907 0.794491 -3.378891
v 18.979607 0.885391 -3.209241
v 18.827957 0.681791 -3.039591
v 18.869907 0.738141 -3.025640
v 18.768557 0.602091 -3.138991
v 18.792356 0.634041 -3.079391
v 18.827957 0.681791 -3.039591
v 19.120556 0.460291 -3.378891
v 19.055706 0.433241 -3.392841
v 19.212257 0.498541 -3.138991
v 19.225157 0.503941 -3.209241
v 18.990856 0.406191 -3.039591
v 19.055706 0.433241 -3.025640
v 19.212257 0.498541 -3.279491
v 18.899157 0.367941 -3.138991
v 18.935858 0.383291 -3.079391
v 19.120556 0.460291 -3.039591
v 19.175558 0.483241 -3.339091
v 18.990856 0.406191 -3.039591
v 18.886257 0.362591 -3.209241
v 19.175558 0.483241 -3.079391
v 18.935858 0.383291 -3.339091
v 18.899157 0.367941 -3.279491
v 18.990856 0.406191 -3.378891
v 19.212257 -2.579709 -3.138991
v 19.225157 -2.578709 -3.209241
v 18.990856 -2.596810 -3.039591
v 19.055706 -2.591809 -3.025641
v 19.212257 -2.579709 -3.279491
v 18.899157 -2.603860 -3.138991
v 18.935858 -2.601009 -3.079391
v 19.120556 -2.586809 -3.039591
v 19.175558 -2.582559 -3.339091
v 19.120556 -2.586809 -3.378891
v 18.990856 -2.596810 -3.039591
v 18.886257 -2.604859 -3.209241
v 19.175558 -2.582559 -3.079391
v 18.935858 -2.601009 -3.339091
v 18.899157 -2.603860 -3.279491
v 19.055706 -2.591809 -3.392841
v 18.990856 -2.596810 -3.378891
v 19.212257 -2.984209 -3.029291
v 19.175558 -3.036859 -3.057291
v 19.120556 -2.781709 -2.900491
v 19.175558 -2.813759 -2.924491
v 18.935858 -3.046309 -3.041441
v 18.899157 -2.996559 -3.008541
v 19.212257 -2.863459 -2.957391
v 19.055706 -3.087809 -3.076891
v 18.990856 -3.078359 -3.065441
v 18.886257 -2.936709 -2.971741
v 19.120556 -3.073209 -3.074041
v 19.225157 -2.923360 -2.994191
v 18.990856 -2.786810 -2.891891
v 19.055706 -2.772259 -2.889041
v 18.899157 -2.875809 -2.936641
v 18.935858 -2.823210 -2.908591
v 18.990856 -2.786810 -2.891891
v 19.120556 -3.143560 0.000309
v 19.055706 -3.158210 0.000309
v 19.212257 -2.906359 0.000309
v 19.225157 -2.975260 0.000309
v 18.990856 -2.811810 0.000309
v 19.055706 -2.797160 0.000309
v 19.212257 -3.044560 0.000309
v 18.899157 -2.910760 0.000309
v 18.935858 -2.851710 0.000309
v 19.120556 -2.809960 0.000309
v 19.175558 -3.103610 0.000309
v 18.990856 -2.811810 0.000309
v 18.886257 -2.980059 0.000309
v 19.175558 -2.848310 0.000309
v 18.935858 -3.107010 0.000309
v 18.899157 -3.048959 0.000309
v 18.990856 -3.145360 0.000309
v -13.236193 2.283341 -3.304140
v -13.236193 2.283341 -2.310290
v -13.236193 2.598341 -2.310290
v -13.236193 2.598341 -3.304140
v -13.236193 2.283341 -3.304140
v -13.236193 2.598341 -3.304140
v -13.236193 2.283341 -3.304140
v -13.004642 2.283341 -3.304140
v -13.004642 -0.454509 -3.304141
v -13.236193 -0.454509 -3.304141
v -13.236193 2.598341 -3.304140
v -13.236193 2.598341 -2.310290
v -13.004642 2.283341 -2.310290
v -13.236193 2.283341 -2.310290
v -13.236193 -0.454509 -2.310291
v -13.004642 -0.454509 -2.310291
v -13.236193 2.283341 -2.310290
v -13.236193 2.283341 -3.304140
v -13.236193 -0.454509 -3.304141
v -13.236193 -0.454509 -2.310291
v -13.004642 2.283341 -3.304140
v -13.004642 2.283341 -2.310290
v -13.004642 -0.454509 -2.310291
v -13.004642 -0.454509 -3.304141
v 13.482058 0.935841 -3.646291
v 13.482058 1.089341 -3.543741
v 13.550056 1.089341 -3.543741
v 13.550056 0.935841 -3.646291
v 13.482058 0.573791 -3.646291
v 13.482058 0.754841 -3.682291
v 13.550056 0.754841 -3.682291
v 13.550056 0.573791 -3.646291
v 13.482058 0.420291 -2.874741
v 13.482058 0.317791 -3.028191
v 13.550056 0.317791 -3.028191
v 13.550056 0.420291 -2.874741
v 13.482058 0.317791 -3.390291
v 13.482058 0.420291 -3.543741
v 13.550056 0.420291 -3.543741
v 13.550056 0.317791 -3.390291
v 13.482058 0.754841 -2.736191
v 13.482058 0.573791 -2.772191
v 13.550056 0.573791 -2.772191
v 13.550056 0.754841 -2.736191
v 13.482058 1.089341 -2.874741
v 13.482058 0.935841 -2.772191
v 13.550056 0.935841 -2.772191
v 13.550056 1.089341 -2.874741
v 13.482058 1.227891 -3.209241
v 13.482058 1.191891 -3.028191
v 13.550056 1.191891 -3.028191
v 13.550056 1.227891 -3.209241
v 13.482058 1.191891 -3.390291
v 13.550056 1.191891 -3.390291
v 13.482058 0.317791 -3.028191
v 13.482058 0.281741 -3.209241
v 13.550056 0.281741 -3.209241
v 13.550056 0.317791 -3.028191
v -14.158543 -1.925510 -1.075341
v -14.158543 -0.307209 -1.075341
v -10.075745 -1.925509 -2.151041
v -10.075745 -3.915560 -2.151041
v -17.787693 -1.597109 -3.695391
v -17.787693 -1.597110 0.000309
v -17.787693 -0.682960 -0.829941
v -17.787693 -0.682959 -3.695391
v -3.154243 5.875442 -3.024990
v -12.367092 5.875442 -3.024990
v -12.367092 5.822492 -2.897140
v -3.154243 5.822492 -2.897140
v -12.367092 5.694641 -2.844190
v -3.154243 5.694641 -2.844190
v -12.367092 5.566842 -2.897140
v -3.154243 5.566842 -2.897140
v -3.154243 5.566842 -2.897140
v -12.367092 5.566842 -2.897140
v -12.367092 5.513891 -3.024990
v -3.154243 5.513891 -3.024990
v -12.367092 5.566842 -3.152790
v -3.154243 5.566842 -3.152790
v -12.367092 5.694641 -3.205740
v -3.154243 5.694641 -3.205740
v -12.367092 5.822492 -3.152790
v -3.154243 5.822492 -3.152790
v -12.393743 5.822492 -3.152790
v -12.393743 5.875442 -3.024990
v -12.393743 5.694641 -3.205740
v -12.393743 5.566842 -3.152790
v -12.393743 5.513891 -3.024990
v -12.393743 5.566842 -2.897140
v -12.393743 5.694641 -2.844190
v -12.393743 5.566842 -2.897140
v -12.393743 5.822492 -2.897140
v -3.124744 5.822492 -2.897140
v -3.124744 5.875442 -3.024990
v -3.124744 5.694641 -2.844190
v -3.124744 5.566842 -2.897140
v -3.124744 5.513891 -3.024990
v -3.124744 5.566842 -2.897140
v -3.124744 5.566842 -3.152790
v -3.124744 5.694641 -3.205740
v -3.124744 5.822492 -3.152790
v -12.393743 5.875442 -3.024990
v -12.393743 5.822492 -3.152790
v -12.393743 5.694641 -3.024990
v -12.393743 5.694641 -3.205740
v -12.393743 5.566842 -3.152790
v -12.393743 5.513891 -3.024990
v -12.393743 5.566842 -2.897140
v -12.393743 5.694641 -2.844190
v -12.393743 5.822492 -2.897140
v -11.599243 5.684092 -2.932690
v -11.599243 5.242191 -2.174990
v -11.526693 5.256091 -2.166890
v -11.526693 5.697991 -2.924590
v -11.629293 5.650592 -2.952290
v -11.629293 5.208641 -2.194540
v -11.599243 5.617042 -2.971840
v -11.599243 5.175091 -2.214140
v -11.526693 5.603142 -2.979940
v -11.526693 5.161242 -2.222240
v -11.454142 5.617042 -2.971840
v -11.454142 5.175091 -2.214140
v -11.526693 5.161242 -2.222240
v -11.526693 5.603142 -2.979940
v -11.424094 5.650592 -2.952290
v -11.424094 5.208641 -2.194540
v -11.454142 5.684092 -2.932690
v -11.454142 5.242191 -2.174990
v -3.124744 5.875442 -3.024990
v -3.124744 5.822492 -2.897140
v -3.124744 5.694641 -3.024990
v -3.124744 5.694641 -2.844190
v -3.124744 5.566842 -2.897140
v -3.124744 5.513891 -3.024990
v -3.124744 5.566842 -3.152790
v -3.124744 5.694641 -3.205740
v -3.124744 5.822492 -3.152790
v -4.030694 5.684092 -2.932690
v -4.030694 5.242191 -2.174990
v -3.958193 5.256091 -2.166890
v -3.958193 5.697991 -2.924590
v -4.060743 5.650592 -2.952290
v -4.060743 5.208641 -2.194540
v -4.030694 5.617042 -2.971840
v -4.030694 5.175091 -2.214140
v -3.958193 5.603142 -2.979940
v -3.958193 5.161242 -2.222240
v -3.885643 5.617042 -2.971840
v -3.885643 5.175091 -2.214140
v -3.958193 5.161242 -2.222240
v -3.958193 5.603142 -2.979940
v -3.855593 5.650592 -2.952290
v -3.855593 5.208641 -2.194540
v -3.885643 5.684092 -2.932690
v -3.885643 5.242191 -2.174990
v -16.960592 -3.915560 0.000309
v -16.960592 -3.915560 -1.075341
v -16.960592 -4.810559 -0.783641
v -16.960592 -4.810559 0.000309
v -14.158543 -3.915560 -1.075341
v -14.158543 -3.915560 0.000309
v -14.158543 -4.810559 0.000309
v -14.158543 -4.810559 -0.783641
v -9.271044 -2.708009 -6.627441
v -9.271044 -2.708009 -6.358191
v -3.491444 -2.708009 -6.358191
v -3.491444 -2.708009 -6.627441
v -10.079592 -2.957009 -6.358192
v -9.271044 -2.708009 -6.358191
v -9.271044 -2.411109 -6.358191
v -10.079592 -2.162109 -6.358191
v -2.682893 -2.162109 -6.358191
v -3.491444 -2.411109 -6.358191
v -3.491444 -2.708009 -6.358191
v -2.682893 -2.957009 -6.358192
v -2.682893 -2.957009 -6.627441
v -10.079592 -2.957009 -6.627441
v -9.271044 -2.708009 -6.627441
v -3.491444 -2.708009 -6.627441
v -3.491444 -2.411109 -6.627441
v -3.491444 -2.411109 -6.358191
v -9.271044 -2.411109 -6.358191
v -9.271044 -2.411109 -6.627441
v -10.079592 -2.162109 -6.627441
v -2.682893 -2.162109 -6.627441
v -3.491444 -2.411109 -6.627441
v -9.271044 -2.411109 -6.627441
v -3.491444 -2.708009 -6.627441
v -3.491444 -2.708009 -6.358191
v -3.491444 -2.411109 -6.358191
v -3.491444 -2.411109 -6.627441
v -9.271044 -2.411109 -6.627441
v -9.271044 -2.411109 -6.358191
v -9.271044 -2.708009 -6.358191
v -9.271044 -2.708009 -6.627441
v -10.079592 -2.162109 -6.627441
v -10.079592 -2.162109 -6.358191
v -2.682893 -2.162109 -6.358191
v -2.682893 -2.162109 -6.627441
v -10.079592 -2.957009 -6.627441
v -10.079592 -2.957009 -6.358192
v -10.079592 -2.162109 -6.358191
v -10.079592 -2.162109 -6.627441
v -2.289094 -2.162109 -6.627441
v -2.289094 -2.162109 -6.358191
v -2.289094 -2.957009 -6.358192
v -2.289094 -2.957009 -6.627441
v -2.201693 -0.829008 -6.356492
v -2.201693 -0.829008 -6.631441
v -2.682893 -2.162109 -6.627441
v -2.682893 -2.162109 -6.358191
v -2.682893 -2.162109 -6.358191
v -2.682893 -2.957009 -6.358192
v -2.289094 -2.957009 -6.358192
v -2.289094 -2.162109 -6.358191
v -2.289094 -2.162109 -6.627441
v -2.289094 -2.957009 -6.627441
v -1.796444 -0.829009 -4.681341
v -1.796444 -0.343859 -4.681341
v -1.796444 -0.343859 -2.252941
v -1.796444 -0.829009 -2.252941
v -2.201693 -0.343859 -4.950591
v -2.201693 -0.343859 -4.681341
v -1.796444 -0.343859 -4.681341
v -1.796444 -0.343859 -4.950591
v -2.201693 -0.829009 -4.950591
v -2.201693 -0.343859 -4.950591
v -2.201693 -0.343859 -6.356492
v -2.201693 -0.829008 -6.356492
v -1.796444 -0.829009 -4.950591
v -1.796444 -0.343859 -4.950591
v -2.201693 -0.829009 -4.681341
v -2.201693 -0.343859 -4.681341
v -2.201693 -0.829009 -2.252941
v -2.201693 -0.343859 -2.252941
v -1.796444 -0.343859 -4.681341
v -2.201693 -0.343859 -4.681341
v -2.201693 -0.343859 -2.252941
v -1.796444 -0.343859 -2.252941
v -2.201693 -0.829009 -4.681341
v -1.796444 -0.829009 -4.681341
v -1.796444 -0.829009 -2.252941
v -2.201693 -0.829009 -2.252941
v 7.384906 -0.019009 -3.853891
v 7.517857 -0.019009 -3.880341
v 7.517857 0.867891 -3.880341
v 7.384906 0.867891 -3.853891
v 7.063957 -0.019009 -4.334241
v 7.037507 -0.019009 -4.201291
v 7.037507 0.867891 -4.201291
v 7.063957 0.867891 -4.334240
v 7.139256 -0.019009 -3.955641
v 7.251956 -0.019009 -3.880341
v 7.251956 0.867891 -3.880341
v 7.139256 0.867891 -3.955641
v 7.251956 -0.019009 -4.522291
v 7.139256 -0.019009 -4.446991
v 7.139256 0.867891 -4.446991
v 7.251956 0.867891 -4.522291
v 7.063957 -0.019009 -4.068341
v 7.063957 0.867891 -4.068341
v 7.517857 -0.019009 -4.522291
v 7.384906 -0.019009 -4.548741
v 7.384906 0.867891 -4.548741
v 7.517857 0.867891 -4.522291
v 7.705906 -0.019009 -4.334241
v 7.630607 -0.019009 -4.446991
v 7.630607 0.867891 -4.446991
v 7.705906 0.867891 -4.334240
v 7.705906 -0.019009 -4.068341
v 7.732357 -0.019009 -4.201291
v 7.732357 0.867891 -4.201291
v 7.705906 0.867891 -4.068341
v 7.630607 -0.019009 -3.955641
v 7.630607 0.867891 -3.955641
v 7.384906 -0.019009 -3.853891
v 7.384906 0.867891 -3.853891
v 7.513457 -0.102959 -4.072791
v 7.552856 -0.102959 -4.131741
v 7.384906 -0.102959 -4.019541
v 7.454456 -0.102959 -4.033391
v 7.217006 -0.102959 -4.270841
v 7.203157 -0.102959 -4.201291
v 7.256406 -0.102959 -4.072791
v 7.315357 -0.102959 -4.033391
v 7.315357 -0.102959 -4.369241
v 7.256406 -0.102959 -4.329841
v 7.217006 -0.102959 -4.131741
v 7.454456 -0.102959 -4.369241
v 7.384906 -0.102959 -4.383041
v 7.552856 -0.102959 -4.270841
v 7.513457 -0.102959 -4.329841
v 7.566656 -0.102959 -4.201291
v 7.384906 -0.102959 -4.019541
v 7.256406 -0.466709 -4.072791
v 7.315357 -0.466709 -4.033391
v 7.315357 -0.466709 -4.369241
v 7.256406 -0.466709 -4.329841
v 7.203157 -0.466709 -4.201291
v 7.217006 -0.466709 -4.131741
v 7.454456 -0.466709 -4.369241
v 7.384906 -0.466709 -4.383041
v 7.552856 -0.466709 -4.270841
v 7.513457 -0.466709 -4.329841
v 7.552856 -0.466709 -4.131741
v 7.566656 -0.466709 -4.201291
v 7.454456 -0.466709 -4.033391
v 7.513457 -0.466709 -4.072791
v 7.384906 -0.466709 -4.019541
v 7.217006 -0.466709 -4.270841
v 7.384906 -0.466709 -4.019541
v 7.249907 -0.603859 -3.875341
v 7.384906 -0.603859 -3.848491
v 7.135457 -0.603859 -4.450791
v 7.058957 -0.603859 -4.336341
v 7.058957 -0.603859 -4.066291
v 7.135457 -0.603859 -3.951841
v 7.384906 -0.603859 -4.554141
v 7.249907 -0.603859 -4.527241
v 7.634407 -0.603859 -4.450791
v 7.519957 -0.603859 -4.527241
v 7.737756 -0.603859 -4.201291
v 7.710856 -0.603859 -4.336341
v 7.634407 -0.603859 -3.951841
v 7.710856 -0.603859 -4.066291
v 7.384906 -0.603859 -3.848491
v 7.519957 -0.603859 -3.875341
v 7.032106 -0.603859 -4.201291
v 7.384906 -0.939609 -3.848491
v 7.519957 -0.939609 -3.875341
v 7.058957 -0.939609 -4.336341
v 7.032106 -0.939609 -4.201291
v 7.135457 -0.939609 -3.951841
v 7.249907 -0.939609 -3.875341
v 7.249907 -0.939609 -4.527241
v 7.135457 -0.939609 -4.450791
v 7.058957 -0.939609 -4.066291
v 7.519957 -0.939609 -4.527241
v 7.384906 -0.939609 -4.554141
v 7.710856 -0.939609 -4.336341
v 7.634407 -0.939609 -4.450791
v 7.710856 -0.939609 -4.066291
v 7.737756 -0.939609 -4.201291
v 7.634407 -0.939609 -3.951841
v 7.384906 -0.939609 -3.848491
v 7.442556 -1.081859 -4.062141
v 7.491406 -1.081859 -4.094791
v 7.327257 -1.081859 -4.062141
v 7.384906 -1.081859 -4.050691
v 7.278407 -1.081859 -4.307791
v 7.245756 -1.081859 -4.258941
v 7.245756 -1.081859 -4.143641
v 7.278407 -1.081859 -4.094791
v 7.384906 -1.081859 -4.351941
v 7.327257 -1.081859 -4.340441
v 7.491406 -1.081859 -4.307791
v 7.442556 -1.081859 -4.340441
v 7.535556 -1.081859 -4.201291
v 7.524056 -1.081859 -4.258941
v 7.524056 -1.081859 -4.143641
v 7.384906 -1.081859 -4.050691
v 7.234307 -1.081859 -4.201291
v 7.524056 -1.081859 -4.143641
v 7.491406 -1.081859 -4.094791
v 7.491406 -1.334459 -4.094791
v 7.524056 -1.334459 -4.143641
v 7.442556 -1.081859 -4.062141
v 7.384906 -1.081859 -4.050691
v 7.384906 -1.334459 -4.050691
v 7.442556 -1.334459 -4.062141
v 7.234307 -1.081859 -4.201291
v 7.245756 -1.081859 -4.258941
v 7.245756 -1.334459 -4.258941
v 7.234307 -1.334459 -4.201291
v 7.327257 -1.081859 -4.062141
v 7.278407 -1.081859 -4.094791
v 7.278407 -1.334459 -4.094791
v 7.327257 -1.334459 -4.062141
v 7.278407 -1.081859 -4.307791
v 7.327257 -1.081859 -4.340441
v 7.327257 -1.334459 -4.340441
v 7.278407 -1.334459 -4.307791
v 7.245756 -1.081859 -4.143641
v 7.245756 -1.334459 -4.143641
v 7.384906 -1.081859 -4.351941
v 7.442556 -1.081859 -4.340441
v 7.442556 -1.334459 -4.340441
v 7.384906 -1.334459 -4.351941
v 7.491406 -1.081859 -4.307791
v 7.524056 -1.081859 -4.258941
v 7.524056 -1.334459 -4.258941
v 7.491406 -1.334459 -4.307791
v 7.535556 -1.081859 -4.201291
v 7.535556 -1.334459 -4.201291
v 7.384906 -1.081859 -4.050691
v 7.384906 -1.334459 -4.050691
v 7.535556 -1.334459 -4.201291
v 7.524056 -1.334459 -4.143641
v 7.747106 -1.406359 -4.051291
v 7.776956 -1.406359 -4.201291
v 7.491406 -1.334459 -4.094791
v 7.442556 -1.334459 -4.062141
v 7.534956 -1.406359 -3.839141
v 7.662107 -1.406359 -3.924091
v 7.384906 -1.334459 -4.050691
v 7.327257 -1.334459 -4.062141
v 7.234906 -1.406359 -3.839141
v 7.384906 -1.406359 -3.809291
v 7.245756 -1.334459 -4.258941
v 7.278407 -1.334459 -4.307791
v 7.107707 -1.406359 -4.478491
v 7.022757 -1.406359 -4.351341
v 7.278407 -1.334459 -4.094791
v 7.245756 -1.334459 -4.143641
v 7.022757 -1.406359 -4.051291
v 7.107707 -1.406359 -3.924091
v 7.327257 -1.334459 -4.340441
v 7.384906 -1.334459 -4.351941
v 7.384906 -1.406359 -4.593341
v 7.234906 -1.406359 -4.563491
v 7.442556 -1.334459 -4.340441
v 7.491406 -1.334459 -4.307791
v 7.662107 -1.406359 -4.478491
v 7.534956 -1.406359 -4.563491
v 7.524056 -1.334459 -4.258941
v 7.747106 -1.406359 -4.351341
v 7.234307 -1.334459 -4.201291
v 6.992907 -1.406359 -4.201291
v 7.747106 -1.406359 -4.351341
v 7.776956 -1.406359 -4.201291
v 7.776956 -2.669409 -4.201291
v 7.747106 -2.669409 -4.351341
v 7.747106 -1.406359 -4.051291
v 7.662107 -1.406359 -3.924091
v 7.662107 -2.669409 -3.924091
v 7.747106 -2.669409 -4.051291
v 7.534956 -1.406359 -3.839141
v 7.384906 -1.406359 -3.809291
v 7.384906 -2.669409 -3.809291
v 7.534956 -2.669409 -3.839141
v 6.992907 -1.406359 -4.201291
v 7.022757 -1.406359 -4.351341
v 7.022757 -2.669409 -4.351341
v 6.992907 -2.669409 -4.201291
v 7.234906 -1.406359 -3.839141
v 7.107707 -1.406359 -3.924091
v 7.107707 -2.669409 -3.924091
v 7.234906 -2.669409 -3.839141
v 7.107707 -1.406359 -4.478491
v 7.234906 -1.406359 -4.563491
v 7.234906 -2.669409 -4.563491
v 7.107707 -2.669409 -4.478491
v 7.022757 -1.406359 -4.051291
v 7.022757 -2.669409 -4.051291
v 7.384906 -1.406359 -4.593341
v 7.534956 -1.406359 -4.563491
v 7.534956 -2.669409 -4.563491
v 7.384906 -2.669409 -4.593341
v 7.662107 -1.406359 -4.478491
v 7.662107 -2.669409 -4.478491
v 7.384906 -1.406359 -3.809291
v 7.384906 -2.669409 -3.809291
v 7.647506 -2.824859 -4.310091
v 7.585906 -2.824859 -4.402291
v 7.647506 -2.824859 -4.092541
v 7.669157 -2.824859 -4.201291
v 7.493707 -2.824859 -3.938691
v 7.585906 -2.824859 -4.000341
v 7.276156 -2.824859 -3.938691
v 7.384906 -2.824859 -3.917091
v 7.183956 -2.824859 -4.402291
v 7.122306 -2.824859 -4.310091
v 7.122306 -2.824859 -4.092541
v 7.183956 -2.824859 -4.000341
v 7.384906 -2.824859 -4.485541
v 7.276156 -2.824859 -4.463891
v 7.493707 -2.824859 -4.463891
v 7.384906 -2.824859 -3.917091
v 7.100707 -2.824859 -4.201291
v 7.493707 -2.824859 -4.463891
v 7.585906 -2.824859 -4.402291
v 7.384906 -2.824859 -4.201291
v 7.647506 -2.824859 -4.310091
v 7.669157 -2.824859 -4.201291
v 7.647506 -2.824859 -4.092541
v 7.585906 -2.824859 -4.000341
v 7.493707 -2.824859 -3.938691
v 7.384906 -2.824859 -3.917091
v 7.100707 -2.824859 -4.201291
v 7.122306 -2.824859 -4.310091
v 7.276156 -2.824859 -3.938691
v 7.183956 -2.824859 -4.000341
v 7.183956 -2.824859 -4.402291
v 7.276156 -2.824859 -4.463891
v 7.122306 -2.824859 -4.092541
v 7.384906 -2.824859 -4.485541
v 7.251956 0.867891 -3.880341
v 7.384906 0.867891 -3.853891
v 7.384906 0.867891 -4.201291
v 7.139256 0.867891 -4.446991
v 7.063957 0.867891 -4.334240
v 7.063957 0.867891 -4.068341
v 7.139256 0.867891 -3.955641
v 7.384906 0.867891 -4.548741
v 7.251956 0.867891 -4.522291
v 7.630607 0.867891 -4.446991
v 7.517857 0.867891 -4.522291
v 7.732357 0.867891 -4.201291
v 7.705906 0.867891 -4.334240
v 7.630607 0.867891 -3.955641
v 7.705906 0.867891 -4.068341
v 7.517857 0.867891 -3.880341
v 7.037507 0.867891 -4.201291
v 7.832457 1.184141 -4.114941
v 7.833056 1.211341 -4.049241
v 11.424607 1.211341 -4.049241
v 11.424006 1.184141 -4.114941
v 7.830956 1.118441 -4.142141
v 11.422506 1.118441 -4.142141
v 7.829457 1.052791 -4.114941
v 11.421007 1.052791 -4.114941
v 7.828806 1.025591 -4.049241
v 11.420357 1.025591 -4.049241
v 7.829457 1.052791 -3.983491
v 11.421007 1.052791 -3.983491
v 7.830956 1.118441 -3.956291
v 11.422506 1.118441 -3.956291
v 7.832457 1.184141 -3.983491
v 11.424006 1.184141 -3.983491
v 7.832457 1.184141 -3.983491
v 11.424006 1.184141 -3.983491
v 7.463757 1.156091 -4.114941
v 7.449156 1.179041 -4.049241
v 7.499006 1.100641 -4.142141
v 7.534307 1.045191 -4.114941
v 7.548907 1.022241 -4.049241
v 7.534307 1.045191 -3.983491
v 7.499006 1.100641 -3.956291
v 7.463757 1.156091 -3.983491
v 7.463757 1.156091 -3.983491
v 7.354856 1.043391 -4.114941
v 7.330657 1.055891 -4.049241
v 7.413207 1.013241 -4.142141
v 7.471556 0.983041 -4.114941
v 7.495757 0.970541 -4.049241
v 7.471556 0.983041 -3.983491
v 7.413207 1.013241 -3.956291
v 7.354856 1.043391 -3.983491
v 7.354856 1.043391 -3.983491
v 7.354856 0.703341 -4.114941
v 7.330657 0.715841 -4.049241
v 7.413207 0.673191 -4.142141
v 7.471556 0.643041 -4.114941
v 7.495757 0.630541 -4.049241
v 7.471556 0.643041 -3.983491
v 7.413207 0.673191 -3.956291
v 7.354856 0.703341 -3.983491
v 7.354856 0.703341 -3.983491
v 11.589558 1.274391 -4.049241
v 11.609357 1.255741 -4.114941
v 11.657257 1.210741 -4.142141
v 11.705156 1.165741 -4.114941
v 11.724957 1.147141 -4.049241
v 11.705156 1.165741 -3.983491
v 11.657257 1.210741 -3.956291
v 11.609357 1.255741 -3.983491
v 11.609357 1.255741 -3.983491
v 11.652907 1.447791 -4.049241
v 11.679757 1.443591 -4.114941
v 11.744707 1.433391 -4.142141
v 11.809607 1.423241 -4.114941
v 11.836506 1.418991 -4.049241
v 11.809607 1.423241 -3.983491
v 11.744707 1.433391 -3.956291
v 11.679757 1.443591 -3.983491
v 11.679757 1.443591 -3.983491
v 8.521856 -1.830709 -3.968291
v 6.135657 -1.830709 -3.968291
v 6.135657 -1.830709 -3.218991
v 8.521856 -1.830709 -3.218991
v 6.135657 -1.830709 -3.968291
v 6.135657 -2.145709 -3.968291
v 6.135657 -2.145709 -3.218991
v 6.135657 -1.830709 -3.218991
v 8.521856 -2.145709 -3.968291
v 8.521856 -1.830709 -3.968291
v 8.521856 -1.830709 -3.218991
v 8.521856 -2.145709 -3.218991
v 7.953557 -2.145709 -4.945491
v 7.953557 -1.830709 -4.945491
v 6.704007 -2.145709 -4.945491
v 6.704007 -1.830709 -4.945491
v 7.953557 -2.145709 -4.945491
v 6.704007 -2.145709 -4.945491
v 7.953557 -1.830709 -4.945491
v 6.704007 -1.830709 -4.945491
v 8.696157 -0.551159 -3.563191
v 11.082357 -0.551159 -3.563191
v 11.082357 -3.086359 -3.563191
v 8.696157 -3.086359 -3.563191
v 8.696157 -0.551159 -3.248191
v 8.696157 -0.551159 -3.563191
v 8.696157 -3.086359 -3.563191
v 8.696157 -3.086359 -3.248191
v 11.082357 -0.551159 -3.563191
v 11.082357 -0.551159 -3.248191
v 11.082357 -3.086359 -3.248191
v 11.082357 -3.086359 -3.563191
v 10.514057 0.426041 -3.563191
v 10.514057 0.426041 -3.248191
v 9.264507 0.426041 -3.563191
v 9.264507 0.426041 -3.248191
v 10.514057 0.426041 -3.248191
v 9.264507 0.426041 -3.248191
v 9.264507 0.426041 -3.563191
v 10.514057 0.426041 -3.563191
v 4.943507 -0.490159 -3.421891
v 4.943507 0.746591 -3.421891
v 6.257456 0.746591 -3.421891
v 6.257456 -0.490159 -3.421891
v 4.943507 -0.490159 -3.258641
v 4.943507 -0.490159 -3.421891
v 6.257456 -0.490159 -3.421891
v 6.257456 -0.490159 -3.258641
v 4.943507 0.746591 -3.421891
v 4.943507 0.746591 -3.258641
v 6.257456 0.746591 -3.258641
v 6.257456 0.746591 -3.421891
v 4.437057 0.452041 -3.421891
v 4.437057 0.452041 -3.258641
v 4.437057 -0.195559 -3.421891
v 4.437057 -0.195559 -3.258641
v 4.437057 0.452041 -3.258641
v 4.437057 -0.195559 -3.258641
v 4.437057 -0.195559 -3.421891
v 4.437057 0.452041 -3.421891
v 6.257456 0.746591 -3.421891
v 6.257456 0.746591 -3.258641
v 6.257456 -0.490159 -3.258641
v 6.257456 -0.490159 -3.421891
v -17.998945 -1.597109 -3.695391
v -17.998945 -1.597110 0.000309
v -17.787693 -1.597110 0.000309
v -17.787693 -1.597109 -3.695391
v -16.610592 -0.354559 -3.896391
v -16.610592 -1.925509 -2.151041
v -16.610592 -1.925509 -3.896391
v -14.158543 -0.307209 -0.771491
v -17.998945 -0.354559 -0.855041
v -17.787693 -0.682960 -0.829941
v -14.155942 -0.682960 -0.829941
v -16.610592 -1.925510 -1.075341
v -16.610592 -0.354559 -1.075341
v -17.998945 -0.682959 -3.695391
v -17.998945 -1.597109 -3.695391
v -17.787693 -1.597109 -3.695391
v -17.787693 -0.682959 -3.695391
v -14.155942 -0.682960 -0.829941
v -17.787693 -0.682960 -0.829941
v -17.787693 -0.682960 0.000309
v -14.155942 -0.682960 0.000309
v -14.158543 -0.307209 -0.771491
v -14.158543 -0.307209 0.000309
v -13.409943 1.406090 0.000310
v -13.409943 1.406091 -0.891340
v -10.075745 1.406091 -0.891340
v -10.075745 1.406090 0.000310
v -17.998945 -0.682960 -0.809191
v -17.998945 -0.354559 -0.855041
v -17.998945 -0.682960 -0.809191
v -17.998945 -0.354559 -0.855041
v -14.158543 -0.307209 -0.771491
v -14.158543 -0.307209 -1.075341
v -16.610592 -0.354559 -1.075341
v -14.155942 -0.682960 0.000309
v -14.155942 -0.682960 -0.829941
v -8.473092 1.764491 -3.220041
v -8.767794 1.764491 -3.220041
v -8.767794 1.649891 -2.943440
v -8.473092 1.649891 -2.943440
v -8.767794 1.373241 -2.828841
v -8.473092 1.373241 -2.828841
v -8.767794 1.096591 -2.943441
v -8.473092 1.096591 -2.943441
v -8.767794 0.981991 -3.220041
v -8.473092 0.981991 -3.220041
v -8.767794 1.096591 -3.496691
v -8.473092 1.096591 -3.496691
v -8.767794 1.373241 -3.611291
v -8.473092 1.373241 -3.611291
v -8.767794 1.649891 -3.496691
v -8.473092 1.649891 -3.496691
v -8.767794 1.764491 -3.220041
v -8.767794 1.649891 -3.496691
v -8.767794 1.373241 -3.220041
v -8.767794 1.373241 -3.611291
v -8.767794 1.096591 -3.496691
v -8.767794 0.981991 -3.220041
v -8.767794 1.096591 -2.943441
v -8.767794 1.373241 -2.828841
v -8.767794 1.649891 -2.943440
v -14.108592 -2.166659 -5.861741
v -14.403344 -2.166659 -5.861741
v -14.403344 -2.281259 -5.585091
v -14.108592 -2.281259 -5.585091
v -14.403344 -2.557859 -5.470491
v -14.108592 -2.557859 -5.470491
v -14.108592 -2.557859 -5.470491
v -14.403344 -2.834509 -5.585091
v -14.108592 -2.834509 -5.585091
v -14.403344 -2.949109 -5.861742
v -14.108592 -2.949109 -5.861742
v -14.108592 -2.949109 -5.861742
v -14.403344 -2.834509 -6.138341
v -14.108592 -2.834509 -6.138341
v -14.403344 -2.557859 -6.252942
v -14.108592 -2.557859 -6.252942
v -14.108592 -2.557859 -6.252942
v -14.403344 -2.281259 -6.138341
v -14.108592 -2.281259 -6.138341
v -14.108592 -2.166659 -5.861741
v -14.403344 -2.166659 -5.861741
v -14.403344 -2.281259 -6.138341
v -14.403344 -2.557859 -5.861741
v -14.403344 -2.557859 -6.252942
v -14.403344 -2.834509 -6.138341
v -14.403344 -2.949109 -5.861742
v -14.403344 -2.834509 -5.585091
v -14.403344 -2.557859 -5.470491
v -14.403344 -2.281259 -5.585091
v -0.713693 1.852991 -4.164640
v -0.713693 2.146391 -3.968591
v 1.671257 2.146391 -3.968591
v 1.671257 1.852991 -4.164640
v 1.671257 2.146391 -3.968591
v 1.671257 1.992491 -3.834491
v 1.671257 1.699091 -4.030540
v 1.671257 1.852991 -4.164640
v -0.713693 2.146391 -2.689540
v -0.713693 1.852991 -2.493440
v 1.671257 1.852991 -2.493440
v 1.671257 2.146391 -2.689540
v -0.713693 2.411291 -3.329041
v -0.713693 2.342441 -2.982940
v 1.671257 2.342441 -2.982940
v 1.671257 2.411291 -3.329041
v -0.713693 2.342441 -3.675190
v 1.671257 2.342441 -3.675190
v -0.713693 1.506841 -4.233490
v 1.671257 1.506841 -4.233490
v -0.713693 1.765591 -2.559940
v 1.671257 1.765591 -2.559940
v -0.713693 2.411291 -3.329041
v -0.713693 2.259241 -3.303791
v -0.713693 2.216841 -2.988590
v -0.713693 2.342441 -2.982940
v -0.713693 1.506841 -4.233490
v -0.713693 1.352991 -4.099391
v -0.713693 1.699091 -4.030540
v -0.713693 1.852991 -4.164640
v 1.671257 1.352991 -4.099391
v -0.713693 1.352991 -4.099391
v 1.671257 2.342441 -3.675190
v 1.671257 2.188591 -3.541091
v -0.713693 2.342441 -3.675190
v -0.713693 2.188591 -3.541091
v 1.671257 1.852991 -2.493440
v 1.671257 1.765591 -2.559940
v 1.671257 2.037341 -2.746391
v 1.671257 2.146391 -2.689540
v 1.671257 2.216841 -2.988590
v 1.671257 2.342441 -2.982940
v -0.713693 2.037341 -2.746391
v -0.713693 2.146391 -2.689540
v -0.713693 1.765591 -2.559940
v -0.713693 1.852991 -2.493440
v -0.713693 2.146391 -3.968591
v -0.713693 1.992491 -3.834491
v 1.671257 1.352991 -4.099391
v 1.671257 1.506841 -4.233490
v 1.671257 2.259241 -3.303791
v 1.671257 2.411291 -3.329041
v -6.922194 1.852991 -4.164640
v -6.922194 2.146391 -3.968591
v -4.537294 2.146391 -3.968591
v -4.537294 1.852991 -4.164640
v -4.537294 2.146391 -3.968591
v -4.537294 1.992491 -3.834491
v -4.537294 1.699091 -4.030540
v -4.537294 1.852991 -4.164640
v -6.922194 2.146391 -2.689540
v -6.922194 1.852991 -2.493440
v -4.537294 1.852991 -2.493440
v -4.537294 2.146391 -2.689540
v -6.922194 2.411291 -3.329041
v -6.922194 2.342441 -2.982940
v -4.537294 2.342441 -2.982940
v -4.537294 2.411291 -3.329041
v -6.922194 2.342441 -3.675190
v -4.537294 2.342441 -3.675190
v -6.922194 1.506841 -4.233490
v -4.537294 1.506841 -4.233490
v -6.922194 1.765591 -2.559940
v -4.537294 1.765591 -2.559940
v -6.922194 2.411291 -3.329041
v -6.922194 2.259241 -3.303791
v -6.922194 2.216841 -2.988590
v -6.922194 2.342441 -2.982940
v -6.922194 1.506841 -4.233490
v -6.922194 1.352991 -4.099391
v -6.922194 1.699091 -4.030540
v -6.922194 1.852991 -4.164640
v -4.537294 1.352991 -4.099391
v -6.922194 1.352991 -4.099391
v -4.537294 2.342441 -3.675190
v -4.537294 2.188591 -3.541091
v -6.922194 2.342441 -3.675190
v -6.922194 2.188591 -3.541091
v -4.537294 1.852991 -2.493440
v -4.537294 1.765591 -2.559940
v -4.537294 2.037341 -2.746391
v -4.537294 2.146391 -2.689540
v -4.537294 2.216841 -2.988590
v -4.537294 2.342441 -2.982940
v -6.922194 2.037341 -2.746391
v -6.922194 2.146391 -2.689540
v -6.922194 1.765591 -2.559940
v -6.922194 1.852991 -2.493440
v -6.922194 2.146391 -3.968591
v -6.922194 1.992491 -3.834491
v -4.537294 1.352991 -4.099391
v -4.537294 1.506841 -4.233490
v -4.537294 2.259241 -3.303791
v -4.537294 2.411291 -3.329041
v -17.361742 -0.361159 -2.602591
v -17.135393 -0.598259 -2.602591
v -17.993244 -3.627409 -2.791291
v -19.027544 -5.511059 -3.087641
v -19.422344 -5.511059 -3.597991
v -17.993244 -3.627409 -3.301641
v -18.227892 -3.430909 -2.791291
v -18.227892 -3.430909 -3.301641
v -19.587343 -5.228559 -3.597991
v -19.192545 -5.228559 -3.087641
v -18.227892 -2.282859 -2.791291
v -17.993244 -2.331609 -2.791291
v -17.993244 -2.331610 0.000309
v -18.227892 -2.282860 0.000309
v -22.886194 -5.511060 0.000309
v -19.027544 -5.511059 -3.087641
v -22.890593 -5.228559 0.000309
v -17.993244 -3.627409 -2.791291
v -17.993244 -3.627409 -3.301641
v -19.422344 -5.511059 -3.597991
v -19.587343 -5.228559 -3.597991
v -18.227892 -3.430909 -3.301641
v -17.993244 -2.331609 -2.791291
v -17.993244 -1.906909 -3.301641
v -17.993244 -1.906909 0.000309
v -17.993244 -2.331610 0.000309
v -18.227892 -1.906609 -3.301641
v -18.227892 -1.906610 0.000309
v -17.993244 -2.331609 -2.791291
v -18.227892 -2.282859 -2.791291
v -17.993244 -1.906909 -3.301641
v -18.227892 -1.906609 -3.301641
v -18.227892 -1.906610 0.000309
v -17.993244 -1.906909 0.000309
v -16.610592 -0.354559 -3.896391
v -17.998945 -0.354559 -3.896391
v -17.998945 -1.925509 -2.151041
v -17.998945 -1.925510 0.000309
v -17.998945 -1.597110 0.000309
v -18.217844 -1.967109 -1.304141
v -18.217844 -1.967109 -1.486841
v -21.217693 -5.300210 -2.113241
v -21.217693 -5.300210 -1.930591
v -18.217844 -2.236910 -1.486841
v -18.217844 -2.236910 -1.304141
v -20.932692 -5.283910 -1.930591
v -20.932692 -5.283910 -2.113241
v -18.217844 -2.236910 -1.304141
v -18.217844 -1.967109 -1.304141
v -21.217693 -5.300210 -1.930591
v -20.932692 -5.283910 -1.930591
v -18.217844 -1.967109 -1.486841
v -18.217844 -2.236910 -1.486841
v -20.932692 -5.283910 -2.113241
v -21.217693 -5.300210 -2.113241
v -18.217844 -1.967109 -0.777991
v -18.217844 -1.967109 -0.960641
v -22.202543 -5.300211 -1.433091
v -22.202543 -5.300211 -1.250441
v -18.217844 -2.236910 -0.960641
v -18.217844 -2.236910 -0.777991
v -21.917593 -5.283910 -1.250441
v -21.917593 -5.283910 -1.433091
v -18.217844 -2.236910 -0.777991
v -18.217844 -1.967109 -0.777991
v -22.202543 -5.300211 -1.250441
v -21.917593 -5.283910 -1.250441
v -18.217844 -1.967109 -0.960641
v -18.217844 -2.236910 -0.960641
v -21.917593 -5.283910 -1.433091
v -22.202543 -5.300211 -1.433091
v -18.217844 -1.967109 -0.207441
v -18.217844 -1.967109 -0.390091
v -22.986841 -5.300211 -0.645891
v -22.986841 -5.300211 -0.463191
v -18.217844 -2.236910 -0.390091
v -18.217844 -2.236910 -0.207441
v -22.701895 -5.283910 -0.463191
v -22.701895 -5.283910 -0.645891
v -18.217844 -2.236910 -0.207441
v -18.217844 -1.967109 -0.207441
v -22.986841 -5.300211 -0.463191
v -22.701895 -5.283910 -0.463191
v -18.217844 -1.967109 -0.390091
v -18.217844 -2.236910 -0.390091
v -22.701895 -5.283910 -0.645891
v -22.986841 -5.300211 -0.645891
v -18.217844 -1.967109 -1.887941
v -18.217844 -1.967109 -2.070591
v -20.432842 -5.272710 -2.697042
v -20.432842 -5.272710 -2.514341
v -18.217844 -2.236910 -2.070591
v -18.217844 -2.236910 -1.887941
v -20.147842 -5.256409 -2.514341
v -20.147842 -5.256409 -2.697042
v -18.217844 -2.236910 -1.887941
v -18.217844 -1.967109 -1.887941
v -20.432842 -5.272710 -2.514341
v -20.147842 -5.256409 -2.514341
v -18.217844 -1.967109 -2.070591
v -18.217844 -2.236910 -2.070591
v -20.147842 -5.256409 -2.697042
v -20.432842 -5.272710 -2.697042
v -18.217844 -1.967109 -2.543641
v -18.217844 -1.967109 -2.726341
v -19.623293 -5.256960 -3.279442
v -19.623293 -5.256960 -3.096791
v -18.217844 -2.236910 -2.726341
v -18.217844 -2.236910 -2.543641
v -19.338293 -5.240709 -3.096791
v -19.338293 -5.240709 -3.279442
v -18.217844 -2.236910 -2.543641
v -18.217844 -1.967109 -2.543641
v -19.623293 -5.256960 -3.096791
v -19.338293 -5.240709 -3.096791
v -18.217844 -1.967109 -2.726341
v -18.217844 -2.236910 -2.726341
v -19.338293 -5.240709 -3.279442
v -19.623293 -5.256960 -3.279442
v -17.993244 -1.906909 -3.301641
v -18.227892 -1.906609 -3.301641
v -17.993244 -1.906909 -3.301641
v -17.993244 -2.331609 -2.791291
v -18.227892 -2.282859 -2.791291
v -18.227892 -1.906609 -3.301641
v -17.998945 -1.925510 0.000309
v -17.998945 -3.915560 -1.075341
v -17.998945 -3.915560 0.000309
v -17.998945 -1.925509 -2.151041
v -17.998945 -3.915560 -2.151041
v -17.787693 -0.682960 0.000309
v -23.864542 -5.228559 0.000309
v -23.892393 -5.511060 0.000309
v -23.864542 -5.228559 0.000309
v -1.517043 -3.460760 0.000309
v -1.517043 -4.165460 0.000309
v -8.012143 -0.272959 0.000309
v -1.517043 -0.272959 0.000309
v -9.314592 -0.272959 -1.241141
v -9.314592 -0.272959 0.000309
v -1.517043 -1.726209 0.000309
v -9.314592 -1.726209 0.000309
v -9.314592 -0.272959 0.000309
v -0.214594 -0.272959 0.000309
v -0.214594 -1.726209 0.000309
v -0.214594 -0.272959 0.000309
v -0.214594 -0.272959 -1.241141
v 15.655407 9.364192 0.000311
v 11.451707 -3.672609 -3.309491
v 11.451707 -3.672610 0.000309
v 11.451707 -4.763309 0.000309
v 11.451707 -4.763309 -2.478991
v 5.086356 1.261491 -3.309491
v 5.086356 1.261491 0.000310
v 11.451707 1.261491 0.000310
v 11.451707 1.261491 -3.309491
v 3.809956 1.261491 -3.309491
v 3.809956 1.261491 0.000310
v 11.451707 -0.987809 -3.309491
v 11.451707 -0.987810 0.000309
v 3.809956 1.261491 -3.309491
v 3.809956 -0.987809 -3.309491
v 3.809956 -0.987810 0.000309
v 3.809956 1.261491 0.000310
v 12.728107 -0.987809 -3.309491
v 12.728107 1.261491 -3.309491
v 12.728107 1.261491 0.000310
v 12.728107 -0.987810 0.000309
v 12.728107 1.261491 0.000310
v 12.728107 1.261491 -3.309491
v 11.451707 -0.987810 3.310110
v 12.728107 -0.987810 3.310110
v 12.728107 1.261490 3.310110
v 11.451707 1.261490 3.310110
v 3.809956 -0.987810 3.310110
v 5.086356 -0.987810 3.310110
v 5.086356 1.261490 3.310110
v 3.809956 1.261490 3.310110
v 5.086356 -3.672610 3.310109
v 5.086356 -0.987810 3.310110
v 5.086356 -3.672610 3.310109
v 11.451707 -3.672610 3.310109
v 12.171307 9.364191 2.736061
v 5.086356 -4.763310 2.479609
v 12.171307 9.364191 2.736061
v 14.693056 9.364191 2.645011
v 5.086356 -3.672610 3.310109
v 5.086356 -4.763310 2.479609
v 11.451707 -4.763310 2.479609
v 11.451707 -3.672610 3.310109
v -1.517043 -1.726210 2.320960
v -0.214594 -1.726210 2.320960
v -0.214594 -0.272960 2.320960
v -1.517043 -0.272960 2.320960
v -9.314592 -1.726210 2.320960
v -8.012143 -1.726210 2.320960
v -8.012143 -0.272960 2.320960
v -9.314592 -0.272960 2.320960
v -8.012143 -1.726209 1.241759
v -8.012143 -3.460760 1.241759
v -8.012143 -3.460760 2.320960
v -8.012143 -1.726210 2.320960
v -8.012143 -3.460760 2.320960
v -1.517043 -3.460760 2.320960
v -8.012143 -4.165460 0.930259
v -8.012143 -4.165460 1.738659
v -8.012143 -3.460760 2.320960
v -8.012143 -4.165460 1.738659
v -1.517043 -4.165460 1.738659
v -1.517043 -3.460760 2.320960
v -8.012143 2.202540 2.320960
v -9.314592 2.202540 2.320960
v -0.214594 -1.726210 2.320960
v -0.214594 -1.726209 1.241759
v -0.214594 -0.272960 1.241760
v -0.214594 -0.272960 2.320960
v -9.314592 -0.272960 2.320960
v -9.314592 -0.272960 1.241760
v -9.314592 -1.726209 1.241759
v -9.314592 -1.726210 2.320960
v -1.517043 -1.726210 2.320960
v -1.517043 -3.460760 2.320960
v -1.517043 -3.460760 1.241759
v -1.517043 -1.726209 1.241759
v -8.012143 -0.272960 2.320960
v -1.517043 -0.272960 2.320960
v -1.517043 -0.272960 1.241760
v -8.012143 -0.272960 1.241760
v -1.517043 -4.165460 1.738659
v -1.517043 -4.165460 0.930259
v -1.517043 2.202540 2.320960
v -0.214594 2.202540 2.320960
v -0.214594 2.202540 1.241760
v -1.517043 2.202540 1.241760
v -9.314592 2.202540 2.320960
v -8.012143 2.202540 2.320960
v -8.012143 2.202540 1.241760
v -9.314592 2.202540 1.241760
v -9.314592 -0.272960 1.241760
v -9.314592 2.202540 1.241760
v -8.012143 2.202540 1.241760
v -8.012143 -0.272960 1.241760
v -1.517043 -0.272960 2.320960
v -1.517043 2.202540 2.320960
v -1.517043 2.202540 1.241760
v -1.517043 -0.272960 1.241760
v -0.214594 2.202540 2.320960
v -1.517043 2.202540 2.320960
v -0.214594 2.202540 1.241760
v -0.214594 2.202540 2.320960
v -9.314592 2.202540 2.320960
v -9.314592 2.202540 1.241760
v -1.517043 -0.272960 1.241760
v -1.517043 2.202540 1.241760
v -0.214594 2.202540 1.241760
v -0.214594 -0.272960 1.241760
v -8.012143 -0.272960 1.241760
v -8.012143 2.202540 1.241760
v -8.012143 2.202540 2.320960
v -8.012143 -0.272960 2.320960
v 18.473158 8.538391 4.685462
v 19.495157 8.538391 4.685462
v 19.495157 9.754491 4.685462
v 18.473158 9.754491 4.685462
v 15.381307 8.538391 4.685462
v 15.381307 9.754491 4.685462
v 14.963457 8.538391 4.685462
v 14.963457 9.754491 4.685462
v 11.913357 8.538391 4.685462
v 11.913357 9.754491 4.685462
v 11.286607 8.538391 4.685462
v 11.286607 9.754491 4.685462
v 18.473158 4.701390 4.685461
v 19.495157 4.701390 4.685461
v 18.199057 5.041540 4.685461
v 18.199057 5.041540 4.944510
v 18.199057 8.198191 4.944511
v 18.199057 8.198191 4.685462
v 14.963457 4.701390 4.685461
v 15.381307 4.701390 4.685461
v 14.693056 5.041540 4.685461
v 14.693056 5.041540 4.944510
v 14.693056 8.198191 4.944511
v 14.693056 8.198191 4.685462
v 11.286607 7.396240 4.685461
v 11.913357 7.396240 4.685461
v 18.473158 2.295190 4.685461
v 19.495157 2.295190 4.685461
v 15.381307 2.295190 4.685461
v 14.963457 2.295190 4.685461
v 11.913357 2.295190 4.685461
v 11.913357 4.701390 4.685461
v 11.286607 2.295190 4.685461
v 11.286607 4.701390 4.685461
v 10.413307 9.754491 4.685462
v 10.413307 9.961091 4.685462
v 10.413307 10.344841 3.923711
v 10.413307 9.754491 3.923711
v 19.495157 8.538391 0.888861
v 19.495157 9.754491 1.308111
v 19.495157 9.961091 4.685462
v 18.473158 9.961091 4.685462
v 11.913357 9.961091 4.685462
v 11.286607 9.961091 4.685462
v 15.381307 9.961091 4.685462
v 14.963457 9.961091 4.685462
v 19.495157 2.295190 2.736060
v 19.204157 2.295190 2.736060
v 19.204157 4.701390 2.736060
v 19.495157 4.701390 2.736060
v 11.286607 9.754491 1.308111
v 11.286607 8.538391 1.308111
v 11.286607 7.396240 3.923711
v 11.286607 4.701390 3.923711
v 18.199057 5.041540 4.685461
v 18.199057 5.041540 4.366511
v 15.655407 5.041540 4.366511
v 15.655407 5.041540 4.685461
v 14.693056 5.041540 4.685461
v 14.693056 5.041540 4.366511
v 12.171307 5.041540 4.366511
v 12.171307 5.041540 4.685461
v 15.655407 5.041540 4.944510
v 18.199057 5.041540 4.944510
v 15.381307 4.701390 4.685461
v 15.381307 4.701390 4.944510
v 15.381307 8.538391 4.944511
v 15.381307 8.538391 4.685462
v 11.913357 7.396240 4.685461
v 11.913357 7.396240 4.944510
v 11.913357 8.538391 4.944511
v 11.913357 8.538391 4.685462
v 14.693056 8.198191 4.685462
v 14.693056 8.198191 4.944511
v 12.171307 8.198191 4.944511
v 12.171307 8.198191 4.685462
v 18.473158 4.701390 4.685461
v 18.473158 4.701390 4.944510
v 15.381307 4.701390 4.944510
v 15.381307 4.701390 4.685461
v 15.381307 8.538391 4.685462
v 15.381307 8.538391 4.944511
v 18.473158 8.538391 4.944511
v 18.473158 8.538391 4.685462
v 14.963457 4.701390 4.944510
v 14.693056 5.041540 4.944510
v 12.171307 5.041540 4.944510
v 11.913357 4.701390 4.944510
v 18.473158 4.701390 4.944510
v 18.199057 5.041540 4.944510
v 15.655407 5.041540 4.944510
v 15.381307 4.701390 4.944510
v 12.171307 7.258591 4.685461
v 12.171307 7.258591 4.366511
v 12.171307 8.198191 4.366511
v 12.171307 8.198191 4.685462
v 14.693056 8.198191 4.366511
v 14.693056 5.041540 4.366511
v 15.655407 5.041540 4.685461
v 15.655407 5.041540 4.366511
v 15.655407 8.198191 4.366511
v 15.655407 8.198191 4.685462
v 18.199057 8.202391 4.366511
v 18.199057 5.041540 4.366511
v 12.171307 8.198191 4.366511
v 14.693056 8.198191 4.366511
v 15.655407 8.198191 4.685462
v 15.655407 8.198191 4.366511
v 18.199057 8.202391 4.366511
v 18.199057 8.198191 4.685462
v 11.913357 7.396240 4.944510
v 12.171307 7.258591 4.944510
v 12.171307 8.198191 4.944511
v 11.913357 8.538391 4.944511
v 14.963457 8.538391 4.944511
v 14.693056 8.198191 4.944511
v 15.655407 8.198191 4.944511
v 15.381307 8.538391 4.944511
v 18.473158 8.538391 4.944511
v 18.199057 8.198191 4.944511
v 18.199057 8.198191 4.944511
v 15.655407 8.198191 4.944511
v 14.963457 8.538391 4.685462
v 14.963457 8.538391 4.944511
v 14.963457 4.701390 4.944510
v 14.963457 4.701390 4.685461
v 12.171307 5.041540 4.944510
v 14.693056 5.041540 4.944510
v 18.473158 8.538391 4.685462
v 18.473158 8.538391 4.944511
v 18.473158 4.701390 4.944510
v 18.473158 4.701390 4.685461
v 12.171307 7.258591 4.944510
v 12.171307 5.041540 4.944510
v 12.171307 5.041540 4.685461
v 11.913357 8.538391 4.685462
v 11.913357 8.538391 4.944511
v 14.963457 8.538391 4.944511
v 14.963457 8.538391 4.685462
v 14.963457 4.701390 4.685461
v 14.963457 4.701390 4.944510
v 11.913357 4.701390 4.944510
v 11.913357 4.701390 4.685461
v 15.655407 8.198191 4.944511
v 15.655407 5.041540 4.944510
v 11.092506 7.554541 3.561811
v 11.286607 7.554541 3.561811
v 11.913357 4.701390 4.685461
v 11.913357 4.701390 4.944510
v 12.171307 5.041540 4.366511
v 12.171307 8.198191 4.944511
v 19.495157 8.538391 4.685462
v 19.495157 8.538391 2.666011
v 19.495157 9.754491 3.923711
v 19.495157 9.754491 4.685462
v 10.493407 10.344841 3.923711
v 10.413307 10.344841 3.923711
v 10.413307 9.961091 4.685462
v 10.493407 9.961091 4.685462
v 23.956558 9.961091 4.685462
v 24.106306 9.961091 4.685462
v 24.106306 10.344841 3.923711
v 23.956558 10.344841 3.923711
v 10.493407 10.571892 2.615911
v 10.413307 10.571892 2.615911
v 19.495157 1.996590 4.685461
v 23.956558 10.701141 1.308111
v 24.106306 10.701141 1.308111
v 19.495157 4.701390 4.685461
v 19.495157 4.701390 2.736060
v 11.286607 9.754491 4.685462
v 11.286607 9.754491 3.923711
v 11.286607 8.538391 3.923711
v 11.286607 8.538391 4.685462
v 11.286607 7.396240 4.685461
v 11.286607 4.701390 4.685461
v 19.495157 2.295190 4.685461
v 19.495157 2.295190 2.736060
v 11.286607 8.380091 3.561811
v 11.499306 8.380091 3.561811
v 11.499306 7.554541 3.561811
v 11.286607 7.554541 3.561811
v 11.092506 7.554541 3.561811
v 11.092506 8.380091 3.561811
v 11.092506 8.538391 3.923711
v 11.092506 8.380091 3.561811
v 11.092506 7.554541 3.561811
v 11.092506 7.396240 3.923711
v 11.499306 7.554541 3.561811
v 11.092506 8.538391 2.615911
v 11.092506 8.380091 2.374611
v 11.286607 8.538391 3.923711
v 11.092506 8.538391 3.923711
v 11.092506 7.396240 3.923711
v 11.286607 7.396240 3.923711
v 11.286607 8.538391 2.615911
v 11.092506 8.538391 2.615911
v 11.092506 8.538391 3.923711
v 11.286607 8.538391 3.923711
v 11.286607 7.396240 3.923711
v 11.092506 7.396240 3.923711
v 11.286607 1.996590 4.685461
v 11.286607 2.295190 3.923710
v 11.286607 2.295190 4.685461
v 19.204157 8.538391 2.666011
v 19.495157 8.538391 2.666011
v 19.495157 8.538391 0.888861
v 19.204157 8.538391 0.888861
v 18.473158 10.701141 1.308111
v 19.495157 10.701141 1.308111
v 15.381307 10.701141 1.308111
v 14.963457 10.701141 1.308111
v 11.913357 10.701141 1.308111
v 11.286607 10.701141 1.308111
v 18.473158 9.961091 4.685462
v 19.495157 9.961091 4.685462
v 19.495157 10.344841 3.923711
v 18.473158 10.344841 3.923711
v 15.381307 9.961091 4.685462
v 15.381307 10.344841 3.923711
v 14.963457 9.961091 4.685462
v 14.963457 10.344841 3.923711
v 11.913357 9.961091 4.685462
v 11.913357 10.344841 3.923711
v 11.286607 9.961091 4.685462
v 11.286607 10.344841 3.923711
v 10.413307 9.754491 1.308111
v 10.413307 10.701141 1.308111
v 10.493407 9.754491 1.308111
v 10.413307 9.754491 1.308111
v 10.413307 9.754491 4.685462
v 10.493407 9.754491 4.685462
v 10.493407 9.754491 4.685462
v 10.413307 9.754491 4.685462
v 10.413307 9.754491 3.923711
v 10.493407 9.754491 3.923711
v 24.106306 9.754491 3.923711
v 24.106306 10.344841 3.923711
v 24.106306 9.961091 4.685462
v 24.106306 9.754491 4.685462
v 24.106306 9.754491 2.615911
v 24.106306 10.571892 2.615911
v 23.956558 9.754491 2.615911
v 24.106306 9.754491 2.615911
v 24.106306 9.754491 3.923711
v 23.956558 9.754491 3.923711
v 23.956558 9.754491 4.685462
v 24.106306 9.754491 4.685462
v 24.106306 9.754491 4.685462
v 23.956558 9.754491 4.685462
v 19.495157 8.538391 1.777461
v 19.495157 9.754491 2.615911
v 11.286607 9.754491 2.615911
v 11.286607 8.538391 2.615911
v 10.413307 10.701141 1.308111
v 10.493407 10.701141 1.308111
v 24.106306 10.571892 2.615911
v 23.956558 10.571892 2.615911
v 11.286607 8.380091 3.561811
v 11.092506 8.380091 2.374611
v 11.092506 8.380092 1.187461
v 11.092506 8.380092 1.187461
v 11.092506 8.538391 1.308111
v 11.092506 8.538391 1.308111
v 11.286607 8.538391 1.308111
v 19.495157 8.538391 2.666011
v 19.204157 8.538391 2.666011
v 19.204157 8.538391 1.777461
v 19.495157 8.538391 1.777461
v 19.495157 10.571892 2.615911
v 18.473158 10.571892 2.615911
v 15.381307 10.571892 2.615911
v 14.963457 10.571892 2.615911
v 11.913357 10.571892 2.615911
v 11.286607 10.571892 2.615911
v 10.413307 10.571892 2.615911
v 10.413307 9.754491 2.615911
v 10.413307 9.754491 2.615911
v 10.493407 9.754491 2.615911
v 24.106306 10.701141 1.308111
v 24.106306 9.754491 1.308111
v 24.106306 9.754491 1.308111
v 23.956558 9.754491 1.308111
v 19.495157 1.996590 4.685461
v 11.286607 1.996590 4.685461
v 19.495157 9.754491 2.615911
v 19.495157 9.754491 3.923711
v 19.495157 9.754491 4.685462
v 19.495157 9.754491 4.685462
v 19.495157 9.754491 1.308111
v 11.286607 9.754491 1.308111
v 11.286607 9.754491 4.685462
v 11.286607 9.754491 4.685462
v 11.286607 9.754491 3.923711
v 11.286607 9.754491 2.615911
v 11.499306 8.380091 3.561811
v 1.026757 -1.935159 -0.313691
v -0.117793 -1.935159 -0.313691
v 1.026757 -2.149659 -0.582091
v -0.117793 -2.149659 -0.582091
v 1.026757 -2.470710 -0.761441
v -0.117793 -2.470710 -0.761441
v 1.026757 -2.849410 -0.824441
v -0.117793 -2.849410 -0.824441
v 1.026757 -3.228060 -0.761441
v -0.117793 -3.228060 -0.761441
v 1.026757 -3.549110 -0.582091
v -0.117793 -3.549110 -0.582091
v 1.026757 -3.549110 -0.582091
v 1.026757 -3.763610 -0.313691
v -0.117793 -3.763610 -0.313691
v -0.117793 -3.549110 -0.582091
v -0.117793 -3.763610 -0.313691
v -0.117793 -3.435260 -0.199991
v -0.117793 -3.297760 -0.371991
v -0.117793 -3.549110 -0.582091
v -0.117793 -2.149659 -0.582091
v -0.117793 -2.401010 -0.371991
v -0.117793 -2.263560 -0.199991
v -0.117793 -1.935159 -0.313691
v -0.117793 -3.228060 -0.761441
v -0.117793 -3.092060 -0.486891
v -0.117793 -2.849410 -0.527241
v -0.117793 -2.849410 -0.824441
v -0.117793 -2.470710 -0.761441
v -0.117793 -2.606710 -0.486891
v -0.117793 -3.435260 -0.199991
v -0.821843 -3.435260 -0.199991
v -0.821843 -3.297760 -0.371991
v -0.117793 -3.297760 -0.371991
v -0.117793 -3.092060 -0.486891
v -0.821843 -3.092060 -0.486891
v -0.821843 -2.849410 -0.527241
v -0.117793 -2.849410 -0.527241
v -0.117793 -2.606710 -0.486891
v -0.821843 -2.606710 -0.486891
v -0.821843 -2.401010 -0.371991
v -0.117793 -2.401010 -0.371991
v -0.117793 -2.263560 -0.199991
v -0.821843 -2.263560 -0.199991
v -0.821843 -2.263560 -0.199991
v -0.821843 -1.798660 -0.360941
v -0.821843 -3.900110 -0.360941
v -0.821843 -3.435260 -0.199991
v -0.821843 -3.297760 -0.371991
v -0.821843 -3.653560 -0.669441
v -0.821843 -3.284610 -0.875591
v -0.821843 -3.092060 -0.486891
v -0.821843 -2.849410 -0.527241
v -0.821843 -2.849410 -0.947941
v -0.821843 -2.414160 -0.875591
v -0.821843 -2.606710 -0.486891
v -0.821843 -2.401010 -0.371991
v -0.821843 -2.045210 -0.669441
v -0.821843 -2.045210 -0.669441
v -3.637893 -2.045210 -0.669441
v -3.637893 -1.798660 -0.360941
v -0.821843 -1.798660 -0.360941
v -0.821843 -3.900110 -0.360941
v -3.637893 -3.900110 -0.360941
v -3.637893 -3.653560 -0.669441
v -0.821843 -3.653560 -0.669441
v -0.821843 -3.284610 -0.875591
v -3.637893 -3.284610 -0.875591
v -3.637893 -2.849410 -0.947941
v -0.821843 -2.849410 -0.947941
v -0.821843 -2.414160 -0.875591
v -3.637893 -2.414160 -0.875591
v -10.968643 6.672691 -0.632390
v -10.968643 6.272041 -0.632390
v -13.752943 6.272041 -0.632390
v -13.752943 6.672691 -0.632390
v -13.752943 6.672691 -0.632390
v -13.752943 6.272041 -0.632390
v -13.752943 6.272041 0.641160
v -13.752943 6.672691 0.641160
v -13.752943 6.672691 0.641160
v -13.752943 6.272041 0.641160
v -10.968643 6.272041 0.641160
v -10.968643 6.672691 0.641160
v -10.968643 6.672691 0.641160
v -10.968643 6.672691 -0.632390
v -13.752943 6.672691 -0.632390
v -13.752943 6.672691 0.641160
v 1.319107 -3.096710 -1.376791
v 1.319107 -3.306360 -1.376791
v 3.369256 -2.470710 -0.761441
v 3.076956 -2.602060 -1.376791
v 3.076956 -2.392410 -1.376791
v 3.369256 -2.149659 -0.582091
v 5.191506 -1.935159 -0.313691
v 3.369256 -1.935159 -0.313691
v 5.191506 -2.149659 -0.582091
v 5.191506 -2.470710 -0.761441
v 3.369256 -2.849410 -0.824441
v 3.076956 -2.849410 -1.376791
v 5.191506 -2.849410 -0.824441
v 5.191506 -3.228060 -0.761441
v 3.369256 -3.228060 -0.761441
v 1.319107 -2.392410 -1.376791
v 5.191506 -3.549110 -0.582091
v 3.369256 -3.549110 -0.582091
v 3.076956 -3.096710 -1.376791
v 5.191506 -3.549110 -0.582091
v 5.191506 -3.763610 -0.313691
v 3.369256 -3.763610 -0.313691
v 3.369256 -3.549110 -0.582091
v 3.076956 -2.602060 -1.376791
v 1.319107 -2.602060 -1.376791
v 3.076956 -2.849410 -1.376791
v 1.319107 -2.849410 -1.376791
v 3.076956 -3.096710 -1.376791
v 1.319107 -3.096710 -1.376791
v 3.076956 -3.306360 -1.376791
v 1.319107 -3.306360 -1.376791
v 1.319107 -2.849410 -1.376791
v 1.319107 -2.602060 -1.376791
v 1.319107 -3.306360 -1.376791
v 3.076956 -3.306360 -1.376791
v 3.076956 -3.306360 -1.376791
v 2.203606 -2.465160 1.247059
v 1.922457 -2.581609 1.247059
v 1.922457 -2.581610 4.037960
v 2.203606 -2.465161 4.037960
v 1.806006 -2.862760 1.247059
v 1.806006 -2.862760 4.037960
v 1.922457 -3.143910 1.247059
v 1.922457 -3.143910 4.037959
v 2.203606 -3.260360 1.247059
v 2.203606 -3.260360 4.037959
v 2.203606 -3.260360 1.247059
v 2.484756 -3.143910 1.247059
v 2.484756 -3.143910 4.037959
v 2.203606 -3.260360 4.037959
v 2.601206 -2.862760 1.247059
v 2.601206 -2.862760 4.037960
v 2.484756 -2.581609 1.247059
v 2.484756 -2.581610 4.037960
v 3.126256 -2.222959 -0.376491
v 2.845156 -2.222959 -0.260041
v 2.845156 1.110690 -0.260040
v 3.126256 1.110690 -0.376490
v 2.728656 -2.222959 0.021109
v 2.728656 1.110690 0.021110
v 2.728656 -2.222959 0.021109
v 2.845156 -2.222959 0.302259
v 2.845156 1.110690 0.302260
v 2.728656 1.110690 0.021110
v 3.126256 -2.222959 0.418709
v 3.126256 1.110690 0.418710
v 3.407407 -2.222959 0.302259
v 3.407407 1.110690 0.302260
v 3.523856 -2.222959 0.021109
v 3.523856 1.110690 0.021110
v 3.407407 -2.222959 -0.260041
v 3.407407 1.110690 -0.260040
v 0.738257 -2.222959 -0.376491
v 0.457107 -2.222959 -0.260041
v 0.457107 1.110690 -0.260040
v 0.738257 1.110690 -0.376490
v 0.340657 -2.222959 0.021109
v 0.340657 1.110690 0.021110
v 0.457107 -2.222959 0.302259
v 0.457107 1.110690 0.302260
v 0.738257 -2.222959 0.418709
v 0.738257 1.110690 0.418710
v 1.019406 -2.222959 0.302259
v 1.019406 1.110690 0.302260
v 1.135857 -2.222959 0.021109
v 1.135857 1.110690 0.021110
v 1.135857 -2.222959 0.021109
v 1.019406 -2.222959 -0.260041
v 1.019406 1.110690 -0.260040
v 1.135857 1.110690 0.021110
v -5.729743 -2.465160 1.247059
v -6.010894 -2.581609 1.247059
v -6.010894 -2.581610 4.037960
v -5.729743 -2.465161 4.037960
v -6.127345 -2.862760 1.247059
v -6.127345 -2.862760 4.037960
v -6.010894 -3.143910 1.247059
v -6.010894 -3.143910 4.037959
v -5.729743 -3.260360 1.247059
v -5.729743 -3.260360 4.037959
v -5.729743 -3.260360 1.247059
v -5.448593 -3.143910 1.247059
v -5.448593 -3.143910 4.037959
v -5.729743 -3.260360 4.037959
v -5.332145 -2.862760 1.247059
v -5.332145 -2.862760 4.037960
v -5.448593 -2.581609 1.247059
v -5.448593 -2.581610 4.037960
v -16.114193 -3.507360 0.709609
v -16.395344 -3.623810 0.709609
v -16.395344 -3.623811 4.037959
v -16.114193 -3.507360 4.037959
v -16.511793 -3.904960 0.709609
v -16.511793 -3.904960 4.037959
v -16.395344 -4.186110 0.709609
v -16.395344 -4.186110 4.037959
v -16.114193 -4.302560 0.709609
v -16.114193 -4.302560 4.037959
v -16.114193 -4.302560 0.709609
v -15.833042 -4.186110 0.709609
v -15.833042 -4.186110 4.037959
v -16.114193 -4.302560 4.037959
v -15.716595 -3.904960 0.709609
v -15.716595 -3.904960 4.037959
v -15.833042 -3.623810 0.709609
v -15.833042 -3.623811 4.037959
v 19.204157 2.295190 2.736060
v 19.204157 2.295190 4.335011
v 19.204157 4.701390 4.335011
v 19.204157 4.701390 2.736060
v 12.171307 4.702940 2.736060
v 12.171307 4.702940 4.376811
v 12.171307 2.295190 4.376810
v 12.171307 2.295190 2.736060
v 15.487356 2.295190 2.736060
v 15.487356 2.295190 4.348960
v 19.204157 2.295190 4.335011
v 19.204157 2.295190 2.736060
v 14.695757 2.295190 4.362910
v 12.171307 2.295190 4.376810
v 12.171307 4.702940 4.376811
v 14.695757 4.702940 4.362911
v 12.171307 2.295190 2.736060
v 12.171307 2.295190 4.376810
v 14.695757 2.295190 4.362910
v 14.695757 2.295190 2.736060
v 19.204157 2.295190 4.335011
v 15.487356 2.295190 4.348960
v 15.487356 4.702940 4.348961
v 19.204157 4.701390 4.335011
v 15.655407 8.198191 4.366511
v 15.655407 5.041540 4.366511
v 14.693056 5.041540 4.366511
v 14.693056 8.198191 4.366511
v 18.199057 5.041540 4.366511
v 12.171307 5.041540 4.366511
v 14.693056 9.364191 4.366511
v 15.655407 9.364191 4.366511
v 14.693056 9.364191 4.366511
v 15.655407 9.364191 2.645011
v 15.655407 9.364191 4.366511
v 12.171307 7.546991 3.571111
v 12.171307 5.149091 2.736061
v 12.171307 5.041540 4.366511
v 12.171307 7.258591 4.366511
v 12.171307 8.381640 3.571111
v 12.171307 8.198191 4.366511
v 12.171307 9.364191 4.366511
v 12.171307 8.198191 4.366511
v 12.171307 9.364191 4.366511
v 12.171307 9.364191 4.366511
v 19.204157 8.538391 2.666011
v 19.204157 8.202391 4.335011
v 18.199057 8.202391 4.366511
v 19.204157 8.202391 4.335011
v 19.204157 9.364191 4.335011
v 19.204157 8.538391 1.777461
v 19.204157 8.538391 0.888861
v 19.204157 9.364192 0.888861
v 19.204157 9.364191 4.335011
v 19.204157 9.364192 0.888861
v 19.204157 9.364191 4.335011
v 19.204157 2.295190 2.736060
v 19.495157 2.295190 2.736060
v 12.171307 7.546991 3.571111
v 11.092506 8.380091 3.561811
v 12.171307 8.381640 3.571111
v 12.171307 7.546991 3.571111
v 12.171307 8.381640 3.571111
v 7.384906 2.595240 3.595610
v 7.384906 3.849940 3.595610
v 7.616957 3.849940 3.641761
v 7.616957 2.595240 3.641760
v 6.824757 2.595240 4.433960
v 6.824757 3.849940 4.433960
v 6.778606 3.849940 4.201910
v 6.778606 2.595240 4.201910
v 6.956206 2.595240 3.773210
v 6.956206 3.849940 3.773211
v 7.152906 3.849940 3.641761
v 7.152906 2.595240 3.641760
v 7.152906 2.595240 4.762060
v 7.152906 3.849940 4.762060
v 6.956206 3.849940 4.630610
v 6.956206 2.595240 4.630610
v 6.824757 3.849940 3.969910
v 6.824757 2.595240 3.969910
v 7.616957 2.595240 4.762060
v 7.616957 3.849940 4.762060
v 7.384906 3.849940 4.808210
v 7.384906 2.595240 4.808210
v 7.945056 2.595240 4.433960
v 7.945056 3.849940 4.433960
v 7.813607 3.849940 4.630610
v 7.813607 2.595240 4.630610
v 7.945056 2.595240 3.969910
v 7.945056 3.849940 3.969910
v 7.991207 3.849940 4.201910
v 7.991207 2.595240 4.201910
v 7.813607 3.849940 3.773211
v 7.813607 2.595240 3.773210
v 7.384906 3.849940 3.595610
v 7.384906 2.595240 3.595610
v -13.567595 -3.604061 5.847559
v -13.567595 -3.524111 6.249409
v -13.876194 -3.524111 6.249409
v -13.876194 -3.604061 5.847559
v -13.567595 -3.296510 6.590060
v -13.876194 -3.296510 6.590060
v -13.567595 -2.955861 6.817659
v -13.876194 -2.955861 6.817659
v -13.567595 -2.554011 6.897610
v -13.876194 -2.554011 6.897610
v -13.567595 -2.152211 6.817660
v -13.876194 -2.152211 6.817660
v -13.567595 -1.811561 6.590060
v -13.876194 -1.811561 6.590060
v -13.567595 -1.583910 6.249410
v -13.876194 -1.583910 6.249410
v -13.567595 -1.504010 5.847560
v -13.876194 -1.504010 5.847560
v -13.567595 -1.583910 5.445760
v -13.876194 -1.583910 5.445760
v -13.567595 -1.811560 5.105110
v -13.876194 -1.811560 5.105110
v -13.567595 -2.152210 4.877460
v -13.876194 -2.152210 4.877460
v -13.567595 -2.554010 4.797560
v -13.876194 -2.554010 4.797560
v -13.567595 -2.955860 4.877460
v -13.876194 -2.955860 4.877460
v -13.567595 -3.296510 5.105109
v -13.876194 -3.296510 5.105109
v -13.567595 -3.524111 5.445759
v -13.876194 -3.524111 5.445759
v -13.567595 -3.604061 5.847559
v -13.876194 -3.604061 5.847559
v -13.876194 -2.955861 6.817659
v -14.145893 -2.801861 6.445910
v -14.145893 -3.011961 6.305560
v -13.876194 -3.296510 6.590060
v -13.876194 -3.296510 5.105109
v -14.145893 -3.011961 5.389609
v -14.145893 -2.801860 5.249210
v -13.876194 -2.955860 4.877460
v -13.876194 -1.811561 6.590060
v -14.145893 -2.096061 6.305560
v -14.145893 -2.306161 6.445910
v -13.876194 -2.152211 6.817660
v -13.876194 -1.583910 5.445760
v -14.145893 -1.955661 5.599710
v -14.145893 -1.906361 5.847560
v -13.876194 -1.504010 5.847560
v -13.876194 -3.524111 6.249409
v -14.145893 -3.152361 6.095409
v -14.145893 -3.201661 5.847559
v -13.876194 -2.554010 4.797560
v -14.145893 -2.554010 5.199910
v -14.145893 -2.306160 5.249210
v -13.876194 -2.152210 4.877460
v -13.876194 -2.554011 6.897610
v -14.145893 -2.554011 6.495210
v -14.145893 -3.152361 5.599709
v -13.876194 -1.583910 6.249410
v -14.145893 -1.955661 6.095410
v -13.876194 -1.811560 5.105110
v -14.145893 -2.096061 5.389610
v -10.563992 -1.811561 6.590060
v -10.563992 -1.914510 6.487110
v -10.563992 -1.718411 6.193710
v -10.563992 -1.583910 6.249410
v -10.563992 -1.583910 5.445760
v -10.563992 -1.718411 5.501460
v -10.563992 -1.914510 5.208060
v -10.563992 -1.811560 5.105110
v -10.563992 -3.524111 6.249409
v -10.563992 -3.389611 6.193709
v -10.563992 -3.193561 6.487109
v -10.563992 -3.296510 6.590060
v -10.563992 -2.554010 4.797560
v -10.563992 -2.554010 4.943160
v -10.563992 -2.900160 5.012010
v -10.563992 -2.955860 4.877460
v -10.563992 -2.554011 6.897610
v -10.563992 -2.554011 6.752010
v -10.563992 -2.207911 6.683160
v -10.563992 -2.152211 6.817660
v -10.563992 -3.524111 5.445759
v -10.563992 -3.389611 5.501459
v -10.563992 -3.458461 5.847559
v -10.563992 -3.604061 5.847559
v -10.563992 -3.604061 5.847559
v -10.563992 -3.458461 5.847559
v -10.563992 -1.649611 5.847560
v -10.563992 -1.504010 5.847560
v -10.563992 -2.207910 5.012010
v -10.563992 -2.152210 4.877460
v -10.563992 -2.900161 6.683160
v -10.563992 -2.955861 6.817659
v -10.563992 -3.193560 5.208060
v -10.563992 -3.296510 5.105109
v -10.563992 -2.207911 6.683160
v -10.075193 -2.207911 6.683160
v -10.075193 -1.914510 6.487110
v -10.563992 -1.914510 6.487110
v -10.563992 -2.900161 6.683160
v -10.075193 -2.900161 6.683160
v -10.075193 -2.554011 6.752010
v -10.563992 -2.554011 6.752010
v -10.563992 -3.193560 5.208060
v -10.075193 -3.193560 5.208060
v -10.075193 -3.389611 5.501459
v -10.563992 -3.389611 5.501459
v -10.563992 -3.389611 6.193709
v -10.075193 -3.389611 6.193709
v -10.075193 -3.193561 6.487109
v -10.563992 -3.193561 6.487109
v -10.563992 -2.554010 4.943160
v -10.075193 -2.554010 4.943160
v -10.075193 -2.900160 5.012010
v -10.563992 -2.900160 5.012010
v -10.563992 -1.914510 5.208060
v -10.075193 -1.914510 5.208060
v -10.075193 -2.207910 5.012010
v -10.563992 -2.207910 5.012010
v -10.563992 -1.649611 5.847560
v -10.075193 -1.649611 5.847560
v -10.075193 -1.718411 5.501460
v -10.563992 -1.718411 5.501460
v -10.075193 -1.718411 6.193710
v -10.563992 -1.718411 6.193710
v -10.075193 -3.458461 5.847559
v -10.563992 -3.458461 5.847559
v -10.563992 -3.458461 5.847559
v -10.075193 -3.458461 5.847559
v -10.075193 -1.914510 6.487110
v -10.075193 -2.083961 6.317660
v -10.075193 -1.939861 6.101960
v -10.075193 -1.718411 6.193710
v -10.075193 -2.554011 6.752010
v -10.075193 -2.554011 6.512360
v -10.075193 -2.299611 6.461760
v -10.075193 -2.207911 6.683160
v -10.075193 -3.389611 5.501459
v -10.075193 -3.168211 5.593159
v -10.075193 -3.218810 5.847559
v -10.075193 -3.458461 5.847559
v -10.075193 -3.193561 6.487109
v -10.075193 -3.024111 6.317660
v -10.075193 -2.808410 6.461760
v -10.075193 -2.900161 6.683160
v -10.075193 -2.900160 5.012010
v -10.075193 -2.808410 5.233410
v -10.075193 -3.024111 5.377510
v -10.075193 -3.193560 5.208060
v -10.075193 -3.458461 5.847559
v -10.075193 -3.218810 5.847559
v -10.075193 -3.168211 6.101959
v -10.075193 -3.389611 6.193709
v -10.075193 -2.207910 5.012010
v -10.075193 -2.299610 5.233410
v -10.075193 -2.554010 5.182810
v -10.075193 -2.554010 4.943160
v -10.075193 -1.718411 5.501460
v -10.075193 -1.939861 5.593160
v -10.075193 -2.083961 5.377510
v -10.075193 -1.914510 5.208060
v -10.075193 -1.889261 5.847560
v -10.075193 -1.649611 5.847560
v -10.075193 -1.939861 6.101960
v -9.468394 -1.939861 6.101960
v -9.468394 -1.889261 5.847560
v -10.075193 -1.889261 5.847560
v -10.075193 -2.299611 6.461760
v -9.468394 -2.299611 6.461760
v -9.468394 -2.083961 6.317660
v -10.075193 -2.083961 6.317660
v -10.075193 -2.808410 6.461760
v -9.468394 -2.808410 6.461760
v -9.468394 -2.554011 6.512360
v -10.075193 -2.554011 6.512360
v -10.075193 -3.024111 5.377510
v -9.468394 -3.024111 5.377510
v -9.468394 -3.168211 5.593159
v -10.075193 -3.168211 5.593159
v -10.075193 -3.168211 6.101959
v -9.468394 -3.168211 6.101959
v -9.468394 -3.024111 6.317660
v -10.075193 -3.024111 6.317660
v -10.075193 -2.554010 5.182810
v -9.468394 -2.554010 5.182810
v -9.468394 -2.808410 5.233410
v -10.075193 -2.808410 5.233410
v -10.075193 -2.083961 5.377510
v -9.468394 -2.083961 5.377510
v -9.468394 -2.299610 5.233410
v -10.075193 -2.299610 5.233410
v -9.468394 -1.939861 5.593160
v -10.075193 -1.939861 5.593160
v -9.468394 -3.218810 5.847559
v -10.075193 -3.218810 5.847559
v -10.075193 -3.218810 5.847559
v -9.468394 -3.218810 5.847559
v -9.468394 -1.889261 5.847560
v -9.468394 -2.554011 5.847560
v -9.468394 -1.939861 5.593160
v -9.468394 -2.083961 6.317660
v -9.468394 -1.939861 6.101960
v -9.468394 -2.554011 6.512360
v -9.468394 -2.299611 6.461760
v -9.468394 -3.168211 5.593159
v -9.468394 -3.218810 5.847559
v -9.468394 -3.024111 6.317660
v -9.468394 -2.808410 6.461760
v -9.468394 -2.808410 5.233410
v -9.468394 -3.024111 5.377510
v -9.468394 -3.168211 6.101959
v -9.468394 -2.299610 5.233410
v -9.468394 -2.554010 5.182810
v -9.468394 -2.083961 5.377510
v -10.563992 -3.604061 5.847559
v -10.563992 -3.524111 6.249409
v -10.872594 -3.524111 6.249409
v -10.872594 -3.604061 5.847559
v -10.563992 -3.296510 6.590060
v -10.872594 -3.296510 6.590060
v -10.563992 -2.955861 6.817659
v -10.872594 -2.955861 6.817659
v -10.563992 -2.554011 6.897610
v -10.872594 -2.554011 6.897610
v -10.563992 -2.152211 6.817660
v -10.872594 -2.152211 6.817660
v -10.563992 -1.811561 6.590060
v -10.872594 -1.811561 6.590060
v -10.563992 -1.583910 6.249410
v -10.872594 -1.583910 6.249410
v -10.563992 -1.504010 5.847560
v -10.872594 -1.504010 5.847560
v -10.563992 -1.583910 5.445760
v -10.872594 -1.583910 5.445760
v 2.082306 2.283340 3.304760
v 2.082306 2.598341 3.304760
v -13.004642 2.598341 3.304760
v -13.004642 2.283340 3.304760
v -10.563992 -1.811560 5.105110
v -10.872594 -1.811560 5.105110
v -10.563992 -2.152210 4.877460
v -10.872594 -2.152210 4.877460
v -10.563992 -2.554010 4.797560
v -10.872594 -2.554010 4.797560
v -10.563992 -2.955860 4.877460
v -10.872594 -2.955860 4.877460
v -10.563992 -3.296510 5.105109
v -10.872594 -3.296510 5.105109
v -10.563992 -3.524111 5.445759
v -10.872594 -3.524111 5.445759
v -10.563992 -3.604061 5.847559
v -10.872594 -3.604061 5.847559
v 4.342557 2.283340 3.968910
v 4.342557 2.598340 3.968910
v -13.295444 -0.421161 6.440110
v -13.295444 0.860340 6.440111
v -13.295444 0.860340 5.847560
v -13.295444 -0.421160 5.847560
v -10.872594 -0.421160 5.847560
v -11.144744 -0.421160 5.847560
v -11.144744 -0.421161 6.440110
v -10.872594 -0.421161 6.590060
v -13.567595 -0.421161 6.590060
v -13.295444 -0.421161 6.440110
v -13.295444 -0.421160 5.847560
v -13.567595 -0.421160 5.847560
v -11.144744 -0.421160 5.847560
v -11.144744 0.860340 5.847560
v -11.144744 0.860340 6.440111
v -11.144744 -0.421161 6.440110
v -10.872594 -0.421160 5.105110
v -11.144744 -0.421160 5.255060
v -10.872594 -0.421160 4.007110
v -13.567595 -0.421160 4.007110
v -13.567595 -0.421160 5.105110
v -10.872594 -1.811561 6.590060
v -10.872594 -0.421161 6.590060
v -13.567595 -0.421161 6.590060
v -13.567595 -1.811561 6.590060
v -13.567595 -1.583910 5.445760
v -13.567595 -0.421160 5.105110
v -13.567595 -1.811560 5.105110
v 8.521856 2.283340 3.968910
v 11.501156 2.283340 3.968910
v 11.501156 2.598340 3.968910
v 8.521856 2.598340 3.968910
v -13.567595 -1.504010 5.847560
v -13.567595 -0.421160 5.847560
v -11.144744 -0.421160 5.255060
v -11.144744 0.860340 5.255061
v -13.295444 -0.421160 5.255060
v -11.144744 0.860340 5.847560
v -11.144744 0.860340 5.255061
v -13.295444 0.860340 5.255061
v -13.295444 0.860340 5.847560
v -13.567595 -1.811561 6.590060
v -13.567595 -0.421161 6.590060
v -13.567595 -1.583910 6.249410
v -10.872594 -1.811560 5.105110
v -10.872594 -0.421160 5.105110
v -10.872594 -1.583910 5.445760
v -10.872594 -1.583910 6.249410
v -10.872594 -0.421161 6.590060
v -10.872594 -1.811561 6.590060
v -10.872594 -0.421160 5.847560
v -10.872594 -1.504010 5.847560
v -13.295444 -0.421160 5.255060
v -13.295444 0.860340 5.255061
v -11.144744 0.860340 5.255061
v -11.144744 -0.421160 5.255060
v -11.144744 -0.421161 6.440110
v -11.144744 0.860340 6.440111
v -13.295444 0.860340 6.440111
v -13.295444 -0.421161 6.440110
v -14.145893 -2.554011 5.847560
v 11.414356 1.409790 4.593610
v 11.414356 1.409791 2.378710
v 19.367407 1.409791 2.378710
v 19.367407 1.409790 4.593610
v 19.495157 8.881191 3.097411
v 23.402906 9.035440 3.097411
v 23.402906 9.035440 3.414111
v 19.495157 8.881191 3.414111
v 19.495157 8.881191 3.414111
v 23.402906 9.035440 3.414111
v 23.556656 9.899140 3.414111
v 19.462156 9.899140 3.414111
v 23.402906 9.035440 3.097411
v 19.495157 8.881191 3.097411
v 19.462156 9.899140 3.097411
v 23.556656 9.899140 3.097411
v 23.556656 9.899140 3.097411
v 23.556656 9.899140 3.414111
v 19.367407 1.409791 2.378710
v 11.414356 1.409791 2.378710
v 11.414356 -2.312160 2.378710
v 19.367407 -2.312160 2.378710
v 11.414356 1.409791 2.378710
v 11.414356 1.409790 4.593610
v 11.414356 2.038490 4.593610
v 11.414356 2.038490 3.284710
v 19.367407 1.409791 2.378710
v 19.367407 2.038490 3.284710
v 11.414356 1.409790 4.593610
v 19.367407 1.409790 4.593610
v 19.367407 2.038490 4.593610
v 11.414356 2.038490 4.593610
v 19.367407 1.409790 4.593610
v 19.367407 2.038490 4.593610
v 11.414356 1.409791 2.378710
v 11.414356 -2.312160 2.378710
v 19.367407 -2.312160 2.378710
v -10.872594 -0.421160 4.007110
v -10.075745 -0.307210 4.007110
v -14.158543 -0.307210 4.007110
v -13.567595 -0.421160 4.007110
v -13.567595 -0.421160 4.007110
v -13.567595 -1.811560 4.007110
v -10.872594 -1.811560 4.007110
v -10.872594 -0.421160 4.007110
v -10.075745 -0.307210 2.151660
v -10.075745 1.406090 0.891960
v -13.409943 1.406090 0.891960
v -14.158543 -0.307210 2.151660
v -13.567595 -1.811560 4.007110
v -14.158543 -1.925510 4.007110
v -10.075745 -1.925510 4.007110
v -10.872594 -1.811560 4.007110
v -14.158543 -1.925510 2.151660
v -14.158543 -3.915560 2.151659
v -10.075745 -3.915560 2.151659
v -10.075745 -1.925510 2.151660
v -16.610592 -0.354560 1.075960
v -16.610592 -1.925510 1.075959
v -14.158543 -1.925510 1.075959
v -14.158543 -0.307210 1.075960
v -10.075745 -1.925510 1.075959
v -10.075745 -0.307210 1.075960
v -10.075745 -0.307210 4.007110
v -14.158543 -0.307210 4.007110
v -14.158543 -0.307210 4.007110
v -14.158543 -0.307210 2.151660
v -14.158543 -1.925510 2.151660
v -14.158543 -1.925510 4.007110
v -10.075745 -1.925510 4.007110
v -10.075745 -1.925510 2.151660
v -10.075745 -0.307210 2.151660
v -10.075745 -0.307210 4.007110
v -16.610592 -1.925510 2.151660
v -17.998945 -1.925510 2.151660
v -17.998945 -3.915560 2.151659
v -16.610592 -3.915560 2.151659
v -10.075745 -1.925510 1.075959
v -10.075745 -3.915560 1.075959
v -17.998945 -0.682960 0.809810
v -17.787693 -0.682960 0.830560
v -17.787693 -0.682960 3.696010
v -17.998945 -0.682960 3.696010
v -16.960592 -3.915560 1.075959
v -16.960592 -4.810559 0.784259
v -14.158543 -4.810559 0.784259
v -14.158543 -3.915560 1.075959
v -14.158543 -1.925510 1.075959
v -16.610592 -1.925510 1.075959
v -16.610592 -1.925510 2.151660
v -14.158543 -1.925510 2.151660
v -17.998945 -0.354560 3.897010
v -17.998945 -0.682960 3.696010
v -17.998945 -1.597110 3.696010
v -17.998945 -1.925510 3.897010
v -16.610592 -1.925510 3.897010
v -16.610592 -0.354560 3.897010
v -17.998945 -0.354560 3.897010
v -17.998945 -1.925510 3.897010
v -13.070293 3.285740 2.603210
v -12.147144 3.285740 2.603210
v -12.147144 3.285740 2.779160
v -13.070293 3.285740 2.779160
v -17.135393 -0.598260 2.603209
v -17.135393 -0.598260 2.779160
v -17.135393 -0.598260 2.779160
v -13.070293 3.285740 2.779160
v -13.296643 3.522840 2.779160
v -17.361742 -0.361160 2.779160
v -17.361742 -0.361160 2.779160
v -13.296643 3.522840 2.779160
v -13.296643 3.522840 2.603210
v -17.361742 -0.361160 2.603209
v -12.147144 3.285740 2.603210
v -12.159193 3.522840 2.603210
v -12.159193 3.522840 2.779160
v -12.147144 3.285740 2.779160
v -13.296643 3.522840 2.603210
v -12.159193 3.522840 2.603210
v -12.147144 3.285740 2.603210
v -13.070293 3.285740 2.603210
v -12.147144 3.285740 2.779160
v -12.159193 3.522840 2.779160
v -12.159193 3.522840 2.779160
v -12.159193 3.522840 2.603210
v -11.144744 0.860340 6.440111
v -13.295444 0.860340 6.440111
v 2.082306 2.598341 3.304760
v 2.082306 2.598341 2.310910
v -13.004642 2.598341 2.310910
v -13.004642 2.598341 3.304760
v 2.082306 2.283340 3.304760
v -13.004642 2.283340 3.304760
v -13.004642 2.283340 2.310910
v 2.082306 2.283340 2.310910
v -13.295444 0.860340 5.255061
v -13.295444 -0.421160 5.255060
v 4.342557 2.283340 2.975060
v 4.342557 2.283340 3.968910
v 4.342557 2.598340 3.968910
v 4.342557 2.598341 2.975060
v 9.114957 2.283340 2.975060
v 11.501156 2.283340 2.975060
v 11.501156 2.283340 3.968910
v 8.521856 2.283340 3.968910
v 8.521856 2.598340 3.968910
v 11.501156 2.598340 3.968910
v 11.501156 2.598341 2.975060
v 9.114957 2.598341 2.975060
v 6.135657 2.283340 3.968910
v 6.135657 2.598340 3.968910
v 7.953557 2.598340 4.946110
v 7.953557 2.283340 4.946110
v 6.728756 2.283340 2.975060
v 6.135657 2.283340 3.968910
v 6.135657 2.598340 3.968910
v 6.728756 2.598341 2.975060
v 6.704007 2.283340 4.946110
v 6.704007 2.598340 4.946110
v 6.704007 2.598340 4.946110
v 7.953557 2.598340 4.946110
v 7.953557 2.283340 4.946110
v 6.704007 2.283340 4.946110
v 7.945056 3.849940 4.433960
v 7.609206 3.849940 4.294810
v 7.556606 3.849940 4.373610
v 7.813607 3.849940 4.630610
v 7.945056 3.849940 3.969910
v 7.609206 3.849940 4.109010
v 7.627706 3.849940 4.201910
v 7.991207 3.849940 4.201910
v 7.616957 3.849940 3.641761
v 7.477807 3.849940 3.977610
v 7.556606 3.849940 4.030260
v 7.813607 3.849940 3.773211
v 7.152906 3.849940 3.641761
v 7.292006 3.849940 3.977610
v 7.384906 3.849940 3.959160
v 7.384906 3.849940 3.595610
v 6.956206 3.849940 4.630610
v 7.213257 3.849940 4.373610
v 7.160606 3.849940 4.294810
v 6.824757 3.849940 4.433960
v 6.824757 3.849940 3.969910
v 7.160606 3.849940 4.109010
v 7.213257 3.849940 4.030260
v 6.956206 3.849940 3.773211
v 7.384906 3.849940 4.808210
v 7.384906 3.849940 4.444710
v 7.292006 3.849940 4.426210
v 7.152906 3.849940 4.762060
v 7.477807 3.849940 4.426210
v 7.616957 3.849940 4.762060
v 7.142157 3.849940 4.201910
v 6.778606 3.849940 4.201910
v 7.556606 3.849940 4.373610
v 7.556606 4.595191 4.373611
v 7.477807 4.595191 4.426211
v 7.477807 3.849940 4.426210
v 7.627706 3.849940 4.201910
v 7.627706 4.595191 4.201910
v 7.609206 4.595191 4.294811
v 7.609206 3.849940 4.294810
v 7.556606 3.849940 4.030260
v 7.556606 4.595191 4.030261
v 7.609206 4.595191 4.109011
v 7.609206 3.849940 4.109010
v 7.384906 3.849940 3.959160
v 7.384906 4.595191 3.959160
v 7.477807 4.595191 3.977610
v 7.477807 3.849940 3.977610
v 7.160606 3.849940 4.294810
v 7.160606 4.595191 4.294811
v 7.142157 4.595191 4.201910
v 7.142157 3.849940 4.201910
v 7.213257 3.849940 4.030260
v 7.213257 4.595191 4.030261
v 7.292006 4.595191 3.977610
v 7.292006 3.849940 3.977610
v 7.292006 3.849940 4.426210
v 7.292006 4.595191 4.426211
v 7.213257 4.595191 4.373611
v 7.213257 3.849940 4.373610
v 7.160606 4.595191 4.109011
v 7.160606 3.849940 4.109010
v 7.384906 4.595190 4.444711
v 7.384906 3.849940 4.444710
v 7.384906 4.595191 3.959160
v 7.384906 3.849940 3.959160
v 6.135657 4.446341 3.968910
v 6.135657 4.446341 3.219610
v 8.521856 4.446341 3.219610
v 8.521856 4.446341 3.968910
v 8.521856 4.761340 3.968910
v 8.521856 4.761340 3.219610
v 6.135657 4.761340 3.219610
v 6.135657 4.761340 3.968910
v 6.135657 4.761340 3.968910
v 6.135657 4.761340 3.219610
v 6.135657 4.446341 3.219610
v 6.135657 4.446341 3.968910
v 8.521856 4.446341 3.968910
v 8.521856 4.446341 3.219610
v 8.521856 4.761340 3.219610
v 8.521856 4.761340 3.968910
v 6.861257 4.595191 3.985011
v 6.861257 6.181140 3.985011
v 6.984107 6.181140 3.801111
v 6.984107 4.595191 3.801111
v 7.384906 4.595190 4.768711
v 7.384906 6.181140 4.768711
v 7.168006 6.181140 4.725561
v 7.168006 4.595190 4.725561
v 7.785706 4.595190 4.602711
v 7.785706 6.181140 4.602711
v 7.601806 6.181140 4.725561
v 7.601806 4.595190 4.725561
v 7.951706 4.595191 4.201910
v 7.951706 6.181140 4.201910
v 7.908556 6.181140 4.418811
v 7.908556 4.595191 4.418811
v 7.785706 4.595191 3.801111
v 7.785706 6.181140 3.801111
v 7.908556 6.181140 3.985011
v 7.908556 4.595191 3.985011
v 7.384906 4.595191 3.635110
v 7.384906 6.181140 3.635111
v 7.601806 6.181140 3.678261
v 7.601806 4.595191 3.678260
v 6.861257 4.595191 4.418811
v 6.861257 6.181140 4.418811
v 6.818107 6.181140 4.201910
v 6.818107 4.595191 4.201910
v 7.168006 6.181140 3.678261
v 7.168006 4.595191 3.678260
v 6.984107 6.181140 4.602711
v 6.984107 4.595190 4.602711
v 7.384906 6.181140 3.635111
v 7.384906 4.595191 3.635110
v 6.984107 6.181140 3.801111
v 7.186056 6.181140 4.003061
v 7.277307 6.181140 3.942111
v 7.168006 6.181140 3.678261
v 7.168006 6.181140 4.725561
v 7.277307 6.181140 4.461761
v 7.186056 6.181140 4.400811
v 6.984107 6.181140 4.602711
v 6.818107 6.181140 4.201910
v 7.103706 6.181140 4.201910
v 7.125106 6.181140 4.094311
v 6.861257 6.181140 3.985011
v 7.601806 6.181140 4.725561
v 7.492556 6.181140 4.461761
v 7.384906 6.181140 4.483161
v 7.384906 6.181140 4.768711
v 7.908556 6.181140 4.418811
v 7.644756 6.181140 4.309561
v 7.583807 6.181140 4.400811
v 7.785706 6.181140 4.602711
v 7.908556 6.181140 3.985011
v 7.644756 6.181140 4.094311
v 7.666157 6.181140 4.201910
v 7.951706 6.181140 4.201910
v 7.601806 6.181140 3.678261
v 7.492556 6.181140 3.942111
v 7.583807 6.181140 4.003061
v 7.785706 6.181140 3.801111
v 7.384906 6.181140 3.920661
v 7.384906 6.181140 3.635111
v 7.125106 6.181140 4.309561
v 6.861257 6.181140 4.418811
v 7.644756 6.181140 4.094311
v 7.644756 7.584341 4.094311
v 7.666157 7.584341 4.201910
v 7.666157 6.181140 4.201910
v 7.492556 6.181140 3.942111
v 7.492556 7.584341 3.942111
v 7.583807 7.584341 4.003061
v 7.583807 6.181140 4.003061
v 7.277307 6.181140 3.942111
v 7.277307 7.584341 3.942111
v 7.384906 7.584341 3.920661
v 7.384906 6.181140 3.920661
v 7.186056 6.181140 4.400811
v 7.186056 7.584341 4.400811
v 7.125106 7.584341 4.309561
v 7.125106 6.181140 4.309561
v 7.125106 6.181140 4.094311
v 7.125106 7.584341 4.094311
v 7.186056 7.584341 4.003061
v 7.186056 6.181140 4.003061
v 7.384906 6.181140 4.483161
v 7.384906 7.584341 4.483161
v 7.277307 7.584341 4.461761
v 7.277307 6.181140 4.461761
v 7.583807 6.181140 4.400811
v 7.583807 7.584341 4.400811
v 7.492556 7.584341 4.461761
v 7.492556 6.181140 4.461761
v 7.644756 7.584341 4.309561
v 7.644756 6.181140 4.309561
v 7.384906 6.181140 3.920661
v 7.384906 7.584341 3.920661
v 7.103706 7.584341 4.201910
v 7.103706 6.181140 4.201910
v 7.666157 7.584341 4.201910
v 7.384906 7.584341 4.201910
v 7.644756 7.584341 4.309561
v 7.583807 7.584341 4.003061
v 7.644756 7.584341 4.094311
v 7.384906 7.584341 3.920661
v 7.492556 7.584341 3.942111
v 7.125106 7.584341 4.309561
v 7.103706 7.584341 4.201910
v 7.186056 7.584341 4.003061
v 7.277307 7.584341 3.942111
v 7.277307 7.584341 4.461761
v 7.186056 7.584341 4.400811
v 7.125106 7.584341 4.094311
v 7.492556 7.584341 4.461761
v 7.384906 7.584341 4.483161
v 7.583807 7.584341 4.400811
v 7.953557 4.761340 4.946111
v 7.953557 4.446340 4.946111
v 6.704007 4.446340 4.946111
v 6.704007 4.761340 4.946111
v 6.704007 4.761340 4.946111
v 7.953557 4.761340 4.946111
v 7.953557 4.446340 4.946111
v 6.704007 4.446340 4.946111
v 2.671057 1.726590 4.045460
v 2.846356 1.726590 4.045460
v 2.846356 2.019990 3.849410
v 2.671057 2.019990 3.849410
v 2.671057 1.034340 4.045460
v 2.846356 1.034340 4.045460
v 2.846356 1.380440 4.114310
v 2.671057 1.380440 4.114310
v 2.671057 0.740940 2.570310
v 2.846356 0.740940 2.570310
v 2.846356 0.544840 2.863760
v 2.671057 0.544840 2.863760
v 2.671057 0.544840 3.555960
v 2.846356 0.544840 3.555960
v 2.846356 0.740940 3.849410
v 2.671057 0.740940 3.849410
v 2.671057 1.380440 2.305410
v 2.846356 1.380440 2.305410
v 2.846356 1.034340 2.374260
v 2.671057 1.034340 2.374260
v 2.671057 2.019990 2.570310
v 2.846356 2.019990 2.570310
v 2.846356 1.726590 2.374260
v 2.671057 1.726590 2.374260
v 2.671057 2.284890 3.209860
v 2.846356 2.284890 3.209860
v 2.846356 2.216040 2.863760
v 2.671057 2.216040 2.863760
v 2.846356 2.216040 3.555960
v 2.671057 2.216040 3.555960
v 2.846356 0.476040 3.209860
v 2.671057 0.476040 3.209860
v 2.846356 1.380440 2.305410
v 2.671057 1.380440 2.305410
v 2.846356 2.284890 3.209860
v 3.028057 2.121390 3.209860
v 3.028057 2.064990 2.926310
v 2.846356 2.216040 2.863760
v 2.846356 2.019990 3.849410
v 3.028057 1.904390 3.733760
v 3.028057 2.064990 3.493410
v 2.846356 2.216040 3.555960
v 2.846356 1.380440 4.114310
v 3.028057 1.380440 3.950810
v 3.028057 1.663990 3.894410
v 2.846356 1.726590 4.045460
v 2.846356 0.544840 2.863760
v 3.028057 0.695940 2.926310
v 3.028057 0.639540 3.209860
v 2.846356 0.476040 3.209860
v 2.846356 0.740940 3.849410
v 3.028057 0.856540 3.733760
v 3.028057 1.096890 3.894410
v 2.846356 1.034340 4.045460
v 2.846356 1.034340 2.374260
v 3.028057 1.096890 2.525360
v 3.028057 0.856540 2.685960
v 2.846356 0.740940 2.570310
v 3.028057 0.695940 3.493410
v 2.846356 0.544840 3.555960
v 3.028057 1.663990 2.525360
v 3.028057 1.380440 2.468960
v 3.028057 1.904390 2.685960
v 2.846356 2.019990 2.570310
v 3.189507 1.755590 3.054460
v 3.189507 1.667540 2.922760
v 3.189507 1.755590 3.365260
v 3.189507 1.786490 3.209860
v 3.189507 1.535840 3.585010
v 3.189507 1.667540 3.496960
v 3.189507 1.225090 3.585010
v 3.189507 1.380440 3.615910
v 3.189507 1.093340 2.922760
v 3.189507 1.005340 3.054460
v 3.189507 1.005340 3.365260
v 3.189507 1.093340 3.496960
v 3.189507 1.380440 2.803810
v 3.189507 1.225090 2.834760
v 3.189507 1.535840 2.834760
v 3.189507 0.974440 3.209860
v -8.513044 2.216040 3.555960
v -8.425642 2.216040 3.555960
v -8.425642 2.284890 3.209860
v -8.513044 2.284890 3.209860
v -8.513044 2.216040 2.863760
v -8.425642 2.216040 2.863760
v -8.425642 2.019990 2.570310
v -8.513044 2.019990 2.570310
v -8.513044 1.726590 2.374260
v -8.425642 1.726590 2.374260
v -8.425642 1.380440 2.305410
v -8.513044 1.380440 2.305410
v -8.513044 0.476040 3.209860
v -8.425642 0.476040 3.209860
v -8.425642 0.544840 3.555960
v -8.513044 0.544840 3.555960
v -8.513044 1.034340 2.374260
v -8.425642 1.034340 2.374260
v -8.425642 0.740940 2.570310
v -8.513044 0.740940 2.570310
v -8.513044 0.740940 3.849410
v -8.425642 0.740940 3.849410
v -8.425642 1.034340 4.045460
v -8.513044 1.034340 4.045460
v -8.513044 0.544840 2.863760
v -8.425642 0.544840 2.863760
v -8.513044 1.380440 4.114310
v -8.425642 1.380440 4.114310
v -8.425642 1.726590 4.045460
v -8.513044 1.726590 4.045460
v -8.513044 2.019990 3.849410
v -8.425642 2.019990 3.849410
v -8.513044 1.380440 2.305410
v -8.425642 1.380440 2.305410
v 3.189507 1.380440 3.209860
v -8.513044 0.476040 3.209860
v -8.513044 1.380440 3.209860
v -8.513044 0.544840 2.863760
v -8.513044 1.726590 4.045460
v -8.513044 1.380440 4.114310
v -8.513044 2.216040 3.555960
v -8.513044 2.019990 3.849410
v -8.513044 2.216040 2.863760
v -8.513044 2.284890 3.209860
v -8.513044 1.726590 2.374260
v -8.513044 2.019990 2.570310
v -8.513044 1.034340 2.374260
v -8.513044 1.380440 2.305410
v -8.513044 0.740940 3.849410
v -8.513044 0.544840 3.555960
v -8.513044 0.740940 2.570310
v -8.513044 1.034340 4.045460
v -1.187943 3.844290 3.025610
v -1.187943 3.791341 2.897760
v -6.888994 3.791341 2.897760
v -6.888994 3.844290 3.025610
v -1.187943 3.663491 2.844810
v -6.888994 3.663491 2.844810
v -1.187943 3.663491 2.844810
v -1.187943 3.535690 2.897760
v -6.888994 3.535690 2.897760
v -6.888994 3.663491 2.844810
v -1.187943 3.482740 3.025610
v -6.888994 3.482740 3.025610
v -1.187943 3.535690 3.153410
v -6.888994 3.535690 3.153410
v -1.187943 3.663490 3.206361
v -6.888994 3.663490 3.206361
v -1.187943 3.791340 3.153410
v -6.888994 3.791340 3.153410
v -0.615744 3.936740 3.153410
v -0.642893 3.982191 3.025610
v -0.550244 3.826941 3.206361
v -0.484743 3.717190 3.153410
v -0.457593 3.671741 3.025610
v -0.484743 3.717191 2.897760
v -0.550244 3.826941 2.844810
v -0.615744 3.936740 2.897760
v -0.550244 3.826941 2.844810
v -0.063644 4.752241 3.153410
v -0.103643 4.786941 3.025610
v 0.032956 4.668441 3.206361
v 0.129506 4.584690 3.153410
v 0.169507 4.549991 3.025610
v 0.129506 4.584690 2.897760
v 0.032956 4.668441 2.844810
v -0.063644 4.752241 2.897760
v 0.032956 4.668441 2.844810
v 0.513357 5.318940 3.153411
v 0.479107 5.359341 3.025610
v 0.595957 5.221391 3.206361
v 0.678557 5.123840 3.153411
v 0.712807 5.083441 3.025610
v 0.678557 5.123840 2.897761
v 0.595957 5.221391 2.844810
v 0.513357 5.318940 2.897761
v 0.595957 5.221391 2.844810
v 1.417407 5.775241 3.153411
v 1.401557 5.825741 3.025610
v 1.455606 5.653241 3.206361
v 1.493857 5.531240 3.153411
v 1.509657 5.480741 3.025610
v 1.493857 5.531240 2.897761
v 1.455606 5.653241 2.844810
v 1.417407 5.775241 2.897761
v 1.455606 5.653241 2.844810
v 4.330107 6.087790 3.153411
v 4.331306 6.140691 3.025610
v 4.327207 5.959991 3.206361
v 4.324306 5.832191 3.153411
v 4.323107 5.779241 3.025610
v 4.324306 5.832191 2.897761
v 4.327207 5.959991 2.844810
v 4.330107 6.087790 2.897761
v 4.327207 5.959991 2.844810
v 10.404257 6.087790 3.153411
v 10.405457 6.140691 3.025610
v 10.401357 5.959991 3.206361
v 10.398407 5.832191 3.153411
v 10.397207 5.779241 3.025610
v 10.398407 5.832191 2.897761
v 10.401357 5.959991 2.844810
v 10.404257 6.087790 2.897761
v 10.401357 5.959991 2.844810
v 10.834356 6.087790 3.003261
v 10.809557 6.140691 2.877861
v 10.842307 5.959991 3.055711
v 10.828656 5.832191 3.004461
v 10.801457 5.779241 2.879511
v 10.776657 5.832191 2.754110
v 10.768707 5.959991 2.701660
v 10.782356 6.087790 2.752911
v 10.768707 5.959991 2.701660
v 11.138658 6.099491 2.616360
v 11.049707 6.146041 2.521161
v 11.166357 5.975990 2.672261
v 11.116508 5.847891 2.656161
v 11.018356 5.790291 2.577461
v 10.929407 5.836891 2.482261
v 10.901708 5.960391 2.426361
v 10.951556 6.088441 2.442461
v 10.901708 5.960391 2.426361
v -6.777193 3.215840 3.251560
v -6.777193 4.197190 3.251560
v -7.597043 4.197190 3.251560
v -7.597043 3.215840 3.251560
v -6.777193 4.197190 3.251560
v -6.777193 4.197190 2.538610
v -7.597043 4.197190 2.538610
v -7.597043 4.197190 3.251560
v -6.777193 3.215840 3.251560
v -7.597043 3.215840 3.251560
v -7.597043 3.215841 2.538610
v -6.777193 3.215841 2.538610
v -7.597043 4.197190 2.538610
v -7.597043 3.215841 2.538610
v -7.597043 3.215840 3.251560
v -7.597043 4.197190 3.251560
v -6.777193 4.197190 2.538610
v -6.777193 4.197190 3.251560
v -6.777193 3.215840 3.251560
v -6.777193 3.215841 2.538610
v 17.136608 0.935840 3.646910
v 17.221607 0.935840 3.646910
v 17.221607 1.089340 3.544360
v 17.136608 1.089340 3.544360
v 17.136608 0.573790 3.646910
v 17.221607 0.573790 3.646910
v 17.221607 0.754840 3.682910
v 17.136608 0.754840 3.682910
v 17.136608 0.420290 2.875360
v 17.221607 0.420290 2.875360
v 17.221607 0.317790 3.028810
v 17.136608 0.317790 3.028810
v 17.136608 0.317790 3.390910
v 17.221607 0.317790 3.390910
v 17.221607 0.420290 3.544360
v 17.136608 0.420290 3.544360
v 17.136608 0.754840 2.736810
v 17.221607 0.754840 2.736810
v 17.221607 0.573791 2.772810
v 17.136608 0.573791 2.772810
v 17.136608 1.089340 2.875360
v 17.221607 1.089340 2.875360
v 17.221607 0.935840 2.772810
v 17.136608 0.935840 2.772810
v 17.136608 1.227890 3.209860
v 17.221607 1.227890 3.209860
v 17.221607 1.191890 3.028810
v 17.136608 1.191890 3.028810
v 17.221607 1.191890 3.390910
v 17.136608 1.191890 3.390910
v 17.136608 0.317790 3.028810
v 17.221607 0.317790 3.028810
v 17.221607 0.281740 3.209860
v 17.136608 0.281740 3.209860
v 13.482058 0.573790 3.646910
v 13.482058 0.648340 3.466960
v 13.482058 0.558040 3.406610
v 13.482058 0.420290 3.544360
v 13.482058 1.227890 3.209860
v 13.482058 1.033090 3.209860
v 13.482058 1.011890 3.316360
v 13.482058 1.191890 3.390910
v 13.482058 0.317790 3.390910
v 13.482058 0.497740 3.316360
v 13.482058 0.476540 3.209860
v 13.482058 0.281740 3.209860
v 13.482058 0.754840 3.682910
v 13.482058 0.754840 3.488110
v 13.482058 1.089340 2.875360
v 13.482058 0.951590 3.013110
v 13.482058 1.011890 3.103360
v 13.482058 1.191890 3.028810
v 13.482058 0.935840 2.772810
v 13.482058 0.861290 2.952760
v 13.482058 0.951590 3.406610
v 13.482058 1.089340 3.544360
v 13.482058 0.497740 3.103360
v 13.482058 0.317790 3.028810
v 13.482058 0.420290 2.875360
v 13.482058 0.558040 3.013110
v 13.482058 0.648340 2.952760
v 13.482058 0.573791 2.772810
v 13.482058 0.861290 3.466960
v 13.482058 0.935840 3.646910
v 13.482058 0.754840 2.736810
v 13.482058 0.754840 2.931610
v 13.482058 0.951590 3.013110
v 12.662508 0.951090 3.013110
v 12.666807 1.011240 3.103360
v 13.482058 1.011890 3.103360
v 13.482058 0.558040 3.406610
v 12.634207 0.558540 3.406610
v 12.629906 0.498390 3.316360
v 13.482058 0.497740 3.316360
v 13.482058 0.861290 2.952760
v 12.656007 0.861040 2.952760
v 13.482058 1.011890 3.316360
v 12.666807 1.011240 3.316360
v 12.662508 0.951090 3.406610
v 13.482058 0.951590 3.406610
v 13.482058 0.476540 3.209860
v 12.628357 0.477290 3.209860
v 12.629906 0.498390 3.103360
v 13.482058 0.497740 3.103360
v 13.482058 0.558040 3.013110
v 12.634207 0.558540 3.013110
v 12.640707 0.648590 2.952760
v 13.482058 0.648340 2.952760
v 12.656007 0.861040 3.466960
v 13.482058 0.861290 3.466960
v 13.482058 0.754840 2.931610
v 12.648357 0.754840 2.931610
v 13.482058 0.648340 2.952760
v 12.640707 0.648590 2.952760
v 12.668357 1.032390 3.209860
v 13.482058 1.033090 3.209860
v 12.648357 0.754840 3.488110
v 13.482058 0.754840 3.488110
v 13.482058 0.648340 3.466960
v 12.640707 0.648590 3.466960
v 12.355407 0.933440 2.931610
v 12.430157 1.009290 2.952760
v 12.174857 0.750440 3.103360
v 12.217207 0.793390 3.013110
v 12.280606 0.857640 2.952760
v 12.535957 1.116490 3.103360
v 12.550807 1.131540 3.209860
v 12.430157 1.009290 3.466960
v 12.355407 0.933440 3.488110
v 12.280606 0.857640 3.466960
v 12.217207 0.793390 3.406610
v 12.535957 1.116490 3.316360
v 12.174857 0.750440 3.316360
v 12.159957 0.735390 3.209860
v 12.493557 1.073540 3.013110
v 12.493557 1.073540 3.406610
v 12.280606 0.857640 2.952760
v 12.174857 1.552790 3.316360
v 12.159957 1.550840 3.209860
v 12.355407 1.576590 3.488110
v 12.280606 1.566740 3.466960
v 12.493557 1.594790 3.013110
v 12.535957 1.600390 3.103360
v 12.217207 1.558390 3.406610
v 12.430157 1.586440 2.952760
v 12.535957 1.600390 3.316360
v 12.493557 1.594790 3.406610
v 12.174857 1.552790 3.103360
v 12.217207 1.558390 3.013110
v 12.280606 1.566740 2.952760
v 12.430157 1.586440 3.466960
v 12.355407 1.576590 2.931610
v 12.280606 1.566740 2.952760
v 12.550807 1.602340 3.209860
v 17.221607 1.089340 2.875360
v 17.221607 0.884640 3.080010
v 17.221607 0.825090 3.040210
v 17.221607 0.935840 2.772810
v 17.221607 0.317790 3.390910
v 17.221607 0.585190 3.280110
v 17.221607 0.624990 3.339710
v 17.221607 0.420290 3.544360
v 17.221607 1.191890 3.028810
v 17.221607 0.924440 3.139610
v 17.221607 0.573790 3.646910
v 17.221607 0.684540 3.379510
v 17.221607 0.754840 3.393460
v 17.221607 0.754840 3.682910
v 17.221607 0.281740 3.209860
v 17.221607 0.571190 3.209860
v 17.221607 0.825090 3.379510
v 17.221607 0.935840 3.646910
v 17.221607 1.227890 3.209860
v 17.221607 0.938440 3.209860
v 17.221607 0.754840 2.736810
v 17.221607 0.754840 3.026260
v 17.221607 0.684540 3.040210
v 17.221607 0.573791 2.772810
v 17.221607 1.191890 3.390910
v 17.221607 0.924440 3.280110
v 17.221607 0.420290 2.875360
v 17.221607 0.624990 3.080010
v 17.221607 0.585190 3.139610
v 17.221607 0.317790 3.028810
v 17.221607 0.884640 3.339710
v 17.221607 1.089340 3.544360
v 17.221607 0.938440 3.209860
v 18.293507 0.938440 3.209860
v 18.293507 0.924440 3.139610
v 17.221607 0.924440 3.139610
v 17.221607 0.754840 3.026260
v 18.293507 0.754840 3.026260
v 18.293507 0.684540 3.040210
v 17.221607 0.684540 3.040210
v 17.221607 0.924440 3.280110
v 18.293507 0.924440 3.280110
v 17.221607 0.624990 3.080010
v 18.293507 0.624990 3.080010
v 18.293507 0.585190 3.139610
v 17.221607 0.585190 3.139610
v 17.221607 0.825090 3.040210
v 18.293507 0.825090 3.040210
v 17.221607 0.825090 3.379510
v 18.293507 0.825090 3.379510
v 18.293507 0.884640 3.339710
v 17.221607 0.884640 3.339710
v 17.221607 0.684540 3.040210
v 18.293507 0.684540 3.040210
v 18.293507 0.571190 3.209860
v 17.221607 0.571190 3.209860
v 17.221607 0.884640 3.080010
v 18.293507 0.884640 3.080010
v 17.221607 0.585190 3.280110
v 18.293507 0.585190 3.280110
v 18.293507 0.624990 3.339710
v 17.221607 0.624990 3.339710
v 17.221607 0.684540 3.379510
v 18.293507 0.684540 3.379510
v 18.293507 0.754840 3.393460
v 17.221607 0.754840 3.393460
v 18.947458 0.842290 3.339710
v 18.971256 0.874190 3.280110
v 18.947458 0.842290 3.080010
v 18.911907 0.794490 3.040210
v 18.768557 0.602090 3.280110
v 18.792356 0.634040 3.339710
v 18.971256 0.874190 3.139610
v 18.827957 0.681790 3.379510
v 18.869907 0.738140 3.393460
v 18.760206 0.590890 3.209860
v 18.911907 0.794490 3.379510
v 18.979607 0.885390 3.209860
v 18.869907 0.738140 3.026260
v 18.827957 0.681790 3.040210
v 18.792356 0.634040 3.080010
v 18.768557 0.602090 3.139610
v 18.827957 0.681790 3.040210
v 19.055706 0.433240 3.393460
v 19.120556 0.460290 3.379510
v 19.225157 0.503940 3.209860
v 19.212257 0.498540 3.139610
v 19.055706 0.433240 3.026260
v 18.990856 0.406190 3.040210
v 19.212257 0.498540 3.280110
v 18.935858 0.383290 3.080010
v 18.899157 0.367940 3.139610
v 19.120556 0.460290 3.040210
v 19.175558 0.483240 3.339710
v 18.990856 0.406190 3.040210
v 18.886257 0.362590 3.209860
v 19.175558 0.483240 3.080010
v 18.899157 0.367940 3.280110
v 18.935858 0.383290 3.339710
v 18.990856 0.406190 3.379510
v 19.225157 -2.578710 3.209860
v 19.212257 -2.579710 3.139610
v 19.055706 -2.591810 3.026259
v 18.990856 -2.596811 3.040210
v 19.212257 -2.579710 3.280110
v 18.935858 -2.601010 3.080009
v 18.899157 -2.603861 3.139610
v 19.120556 -2.586810 3.040210
v 19.120556 -2.586810 3.379509
v 19.175558 -2.582560 3.339710
v 18.990856 -2.596811 3.040210
v 18.886257 -2.604860 3.209860
v 19.175558 -2.582560 3.080009
v 18.899157 -2.603861 3.280110
v 18.935858 -2.601010 3.339710
v 18.990856 -2.596811 3.379509
v 19.055706 -2.591810 3.393459
v 19.175558 -3.036860 3.057909
v 19.212257 -2.984210 3.029909
v 19.175558 -2.813760 2.925109
v 19.120556 -2.781710 2.901109
v 18.899157 -2.996560 3.009159
v 18.935858 -3.046310 3.042059
v 19.212257 -2.863460 2.958009
v 18.990856 -3.078360 3.066059
v 19.055706 -3.087810 3.077509
v 18.886257 -2.936710 2.972359
v 19.120556 -3.073210 3.074659
v 19.225157 -2.923361 2.994809
v 19.055706 -2.772260 2.889659
v 18.990856 -2.786811 2.892509
v 18.935858 -2.823210 2.909209
v 18.899157 -2.875810 2.937259
v 18.990856 -2.786811 2.892509
v -13.236193 2.283340 3.304760
v -13.236193 2.598341 3.304760
v -13.236193 2.598341 2.310910
v -13.236193 2.283340 2.310910
v -13.236193 2.598341 3.304760
v -13.236193 2.283340 3.304760
v -13.236193 2.283340 3.304760
v -13.236193 -0.454510 3.304760
v -13.004642 -0.454510 3.304760
v -13.004642 2.283340 3.304760
v -13.236193 2.598341 2.310910
v -13.236193 2.598341 3.304760
v -13.004642 2.283340 2.310910
v -13.004642 -0.454510 2.310910
v -13.236193 -0.454510 2.310910
v -13.236193 2.283340 2.310910
v -13.236193 2.283340 2.310910
v -13.236193 -0.454510 2.310910
v -13.236193 -0.454510 3.304760
v -13.236193 2.283340 3.304760
v -13.004642 2.283340 3.304760
v -13.004642 -0.454510 3.304760
v -13.004642 -0.454510 2.310910
v -13.004642 2.283340 2.310910
v 13.482058 0.935840 3.646910
v 13.550056 0.935840 3.646910
v 13.550056 1.089340 3.544360
v 13.482058 1.089340 3.544360
v 13.482058 0.573790 3.646910
v 13.550056 0.573790 3.646910
v 13.550056 0.754840 3.682910
v 13.482058 0.754840 3.682910
v 13.482058 0.420290 2.875360
v 13.550056 0.420290 2.875360
v 13.550056 0.317790 3.028810
v 13.482058 0.317790 3.028810
v 13.482058 0.317790 3.390910
v 13.550056 0.317790 3.390910
v 13.550056 0.420290 3.544360
v 13.482058 0.420290 3.544360
v 13.482058 0.754840 2.736810
v 13.550056 0.754840 2.736810
v 13.550056 0.573791 2.772810
v 13.482058 0.573791 2.772810
v 13.482058 1.089340 2.875360
v 13.550056 1.089340 2.875360
v 13.550056 0.935840 2.772810
v 13.482058 0.935840 2.772810
v 13.482058 1.227890 3.209860
v 13.550056 1.227890 3.209860
v 13.550056 1.191890 3.028810
v 13.482058 1.191890 3.028810
v 13.550056 1.191890 3.390910
v 13.482058 1.191890 3.390910
v 13.482058 0.317790 3.028810
v 13.550056 0.317790 3.028810
v 13.550056 0.281740 3.209860
v 13.482058 0.281740 3.209860
v -14.158543 -0.307210 1.075960
v -14.158543 -1.925510 1.075959
v -10.075745 -1.925510 2.151660
v -10.075745 -3.915560 2.151659
v -17.787693 -1.597110 3.696010
v -17.787693 -0.682960 3.696010
v -17.787693 -0.682960 0.830560
v -3.154243 5.875441 3.025610
v -3.154243 5.822491 2.897761
v -12.367092 5.822491 2.897761
v -12.367092 5.875441 3.025610
v -3.154243 5.694640 2.844810
v -12.367092 5.694640 2.844810
v -3.154243 5.566841 2.897761
v -12.367092 5.566841 2.897761
v -3.154243 5.566841 2.897761
v -3.154243 5.513890 3.025610
v -12.367092 5.513890 3.025610
v -12.367092 5.566841 2.897761
v -3.154243 5.566841 3.153411
v -12.367092 5.566841 3.153411
v -3.154243 5.694640 3.206361
v -12.367092 5.694640 3.206361
v -3.154243 5.822491 3.153411
v -12.367092 5.822491 3.153411
v -12.393743 5.875441 3.025610
v -12.393743 5.822491 3.153411
v -12.393743 5.694640 3.206361
v -12.393743 5.566841 3.153411
v -12.393743 5.513890 3.025610
v -12.393743 5.566841 2.897761
v -12.393743 5.566841 2.897761
v -12.393743 5.694640 2.844810
v -12.393743 5.822491 2.897761
v -3.124744 5.875441 3.025610
v -3.124744 5.822491 2.897761
v -3.124744 5.694640 2.844810
v -3.124744 5.566841 2.897761
v -3.124744 5.566841 2.897761
v -3.124744 5.513890 3.025610
v -3.124744 5.566841 3.153411
v -3.124744 5.694640 3.206361
v -3.124744 5.822491 3.153411
v -12.393743 5.875441 3.025610
v -12.393743 5.694640 3.025610
v -12.393743 5.822491 3.153411
v -12.393743 5.694640 3.206361
v -12.393743 5.566841 3.153411
v -12.393743 5.513890 3.025610
v -12.393743 5.566841 2.897761
v -12.393743 5.694640 2.844810
v -12.393743 5.822491 2.897761
v -11.599243 5.684091 2.933311
v -11.526693 5.697990 2.925211
v -11.526693 5.256091 2.167511
v -11.599243 5.242191 2.175611
v -11.629293 5.650591 2.952911
v -11.629293 5.208641 2.195161
v -11.599243 5.617041 2.972461
v -11.599243 5.175091 2.214761
v -11.526693 5.603141 2.980561
v -11.526693 5.161241 2.222861
v -11.454142 5.617041 2.972461
v -11.526693 5.603141 2.980561
v -11.526693 5.161241 2.222861
v -11.454142 5.175091 2.214761
v -11.424094 5.650591 2.952911
v -11.424094 5.208641 2.195161
v -11.454142 5.684091 2.933311
v -11.454142 5.242191 2.175611
v -3.124744 5.875441 3.025610
v -3.124744 5.694640 3.025610
v -3.124744 5.822491 2.897761
v -3.124744 5.694640 2.844810
v -3.124744 5.566841 2.897761
v -3.124744 5.513890 3.025610
v -3.124744 5.566841 3.153411
v -3.124744 5.694640 3.206361
v -3.124744 5.822491 3.153411
v -4.030694 5.684091 2.933311
v -3.958193 5.697990 2.925211
v -3.958193 5.256091 2.167511
v -4.030694 5.242191 2.175611
v -4.060743 5.650591 2.952911
v -4.060743 5.208641 2.195161
v -4.030694 5.617041 2.972461
v -4.030694 5.175091 2.214761
v -3.958193 5.603141 2.980561
v -3.958193 5.161241 2.222861
v -3.885643 5.617041 2.972461
v -3.958193 5.603141 2.980561
v -3.958193 5.161241 2.222861
v -3.885643 5.175091 2.214761
v -3.855593 5.650591 2.952911
v -3.855593 5.208641 2.195161
v -3.885643 5.684091 2.933311
v -3.885643 5.242191 2.175611
v -16.960592 -4.810559 0.784259
v -16.960592 -3.915560 1.075959
v -14.158543 -3.915560 1.075959
v -14.158543 -4.810559 0.784259
v -1.796444 -0.829010 6.350760
v -2.277843 -2.161460 6.350760
v -2.682893 -2.162111 6.352410
v -2.201693 -0.829010 6.350760
v -2.201693 -0.829010 6.625660
v -2.682893 -2.162111 6.621660
v -2.277843 -2.161460 6.625660
v -1.796444 -0.829010 6.625660
v -1.796444 -0.829010 6.625660
v -2.277843 -2.161460 6.625660
v -2.277843 -2.161460 6.350760
v -1.796444 -0.829010 6.350760
v -2.201693 -0.343861 6.350760
v -2.201693 -0.343861 6.625660
v -1.796444 -0.343861 6.625660
v -1.796444 -0.343861 6.350760
v -1.796444 -0.343861 6.350760
v -1.796444 -0.343861 6.625660
v -1.796444 -0.829010 6.625660
v -1.796444 -0.829010 6.350760
v -1.796444 -0.829010 6.625660
v -1.796444 -0.343861 6.625660
v -2.201693 -0.343861 6.625660
v -2.201693 -0.829010 6.625660
v -1.796444 -0.829010 4.944810
v -1.796444 -0.829010 6.350760
v -2.201693 -0.829010 6.350760
v -2.201693 -0.829010 4.944810
v -2.201693 -0.343860 4.944810
v -2.201693 -0.343861 6.350760
v -1.796444 -0.343861 6.350760
v -1.796444 -0.343860 4.944810
v -1.796444 -0.343860 4.944810
v -1.796444 -0.829010 4.944810
v -2.201693 -0.829010 6.350760
v -2.201693 -0.829010 6.625660
v -2.201693 -0.343861 6.625660
v -2.201693 -0.343861 6.350760
v -2.201693 -0.829010 4.675560
v -2.201693 -0.829010 2.247160
v -1.796444 -0.829010 2.247160
v -1.796444 -0.829010 4.675560
v -1.796444 -0.343860 4.675560
v -1.796444 -0.343860 2.247160
v -2.201693 -0.343860 2.247160
v -2.201693 -0.343860 4.675560
v -2.201693 -0.343860 4.675560
v -2.201693 -0.343860 2.247160
v -2.201693 -0.829010 2.247160
v -2.201693 -0.829010 4.675560
v -2.201693 -0.829010 4.944810
v -2.201693 -0.343860 4.944810
v -1.796444 -0.829010 4.675560
v -1.796444 -0.343860 4.675560
v -1.796444 -0.343860 4.675560
v -2.201693 -0.343860 4.675560
v -1.796444 -0.829010 2.247160
v -1.796444 -0.343860 2.247160
v -2.682893 -2.957011 6.621660
v -2.289094 -2.957011 6.621660
v -2.289094 -2.162111 6.621660
v -2.682893 -2.162111 6.621660
v -2.682893 -2.162111 6.352410
v -2.289094 -2.162111 6.352410
v -2.289094 -2.957011 6.352409
v -2.682893 -2.957011 6.352409
v -2.201693 -0.829010 6.350760
v -2.682893 -2.162111 6.352410
v -2.682893 -2.162111 6.621660
v -2.201693 -0.829010 6.625660
v -2.289094 -2.162111 6.621660
v -2.289094 -2.957011 6.621660
v -2.289094 -2.957011 6.352409
v -2.289094 -2.162111 6.352410
v -10.079592 -2.957011 6.621660
v -10.079592 -2.162111 6.621660
v -10.079592 -2.162111 6.352410
v -10.079592 -2.957011 6.352409
v -10.079592 -2.162111 6.621660
v -2.682893 -2.162111 6.621660
v -2.682893 -2.162111 6.352410
v -10.079592 -2.162111 6.352410
v -9.271044 -2.411111 6.621660
v -9.271044 -2.708010 6.621660
v -9.271044 -2.708010 6.352410
v -9.271044 -2.411111 6.352410
v -3.491444 -2.708010 6.621660
v -3.491444 -2.411111 6.621660
v -3.491444 -2.411111 6.352410
v -3.491444 -2.708010 6.352410
v -10.079592 -2.957011 6.621660
v -9.271044 -2.708010 6.621660
v -9.271044 -2.411111 6.621660
v -10.079592 -2.162111 6.621660
v -3.491444 -2.411111 6.621660
v -3.491444 -2.708010 6.621660
v -3.491444 -2.411111 6.621660
v -9.271044 -2.411111 6.621660
v -9.271044 -2.411111 6.352410
v -3.491444 -2.411111 6.352410
v -2.682893 -2.957011 6.352409
v -10.079592 -2.957011 6.352409
v -9.271044 -2.708010 6.352410
v -3.491444 -2.708010 6.352410
v -10.079592 -2.162111 6.352410
v -2.682893 -2.162111 6.352410
v -3.491444 -2.411111 6.352410
v -9.271044 -2.411111 6.352410
v -9.271044 -2.708010 6.621660
v -3.491444 -2.708010 6.621660
v -3.491444 -2.708010 6.352410
v -9.271044 -2.708010 6.352410
v 7.384906 -0.019010 3.854510
v 7.384906 0.867890 3.854510
v 7.517857 0.867890 3.880960
v 7.517857 -0.019010 3.880960
v 7.063957 -0.019010 4.334860
v 7.063957 0.867890 4.334860
v 7.037507 0.867890 4.201910
v 7.037507 -0.019010 4.201910
v 7.139256 -0.019010 3.956260
v 7.139256 0.867890 3.956260
v 7.251956 0.867890 3.880960
v 7.251956 -0.019010 3.880960
v 7.251956 -0.019010 4.522910
v 7.251956 0.867890 4.522910
v 7.139256 0.867890 4.447610
v 7.139256 -0.019010 4.447610
v 7.063957 0.867890 4.068960
v 7.063957 -0.019010 4.068960
v 7.517857 -0.019010 4.522910
v 7.517857 0.867890 4.522910
v 7.384906 0.867890 4.549360
v 7.384906 -0.019010 4.549360
v 7.705906 -0.019010 4.334860
v 7.705906 0.867890 4.334860
v 7.630607 0.867890 4.447610
v 7.630607 -0.019010 4.447610
v 7.705906 -0.019010 4.068960
v 7.705906 0.867890 4.068960
v 7.732357 0.867890 4.201910
v 7.732357 -0.019010 4.201910
v 7.630607 0.867890 3.956260
v 7.630607 -0.019010 3.956260
v 7.384906 0.867890 3.854510
v 7.384906 -0.019010 3.854510
v 7.552856 -0.102960 4.132360
v 7.513457 -0.102960 4.073410
v 7.454456 -0.102960 4.034009
v 7.384906 -0.102960 4.020160
v 7.203157 -0.102960 4.201910
v 7.217006 -0.102960 4.271460
v 7.315357 -0.102960 4.034009
v 7.256406 -0.102960 4.073410
v 7.256406 -0.102960 4.330460
v 7.315357 -0.102960 4.369860
v 7.217006 -0.102960 4.132360
v 7.384906 -0.102960 4.383660
v 7.454456 -0.102960 4.369860
v 7.513457 -0.102960 4.330460
v 7.552856 -0.102960 4.271460
v 7.566656 -0.102960 4.201910
v 7.384906 -0.102960 4.020160
v 7.315357 -0.466710 4.034009
v 7.256406 -0.466710 4.073410
v 7.256406 -0.466710 4.330460
v 7.315357 -0.466710 4.369860
v 7.217006 -0.466710 4.132360
v 7.203157 -0.466710 4.201910
v 7.384906 -0.466710 4.383660
v 7.454456 -0.466710 4.369860
v 7.513457 -0.466710 4.330460
v 7.552856 -0.466710 4.271460
v 7.566656 -0.466710 4.201910
v 7.552856 -0.466710 4.132360
v 7.513457 -0.466710 4.073410
v 7.454456 -0.466710 4.034009
v 7.384906 -0.466710 4.020160
v 7.217006 -0.466710 4.271460
v 7.384906 -0.466710 4.020160
v 7.384906 -0.603860 3.849110
v 7.249907 -0.603860 3.875960
v 7.058957 -0.603860 4.336960
v 7.135457 -0.603860 4.451410
v 7.135457 -0.603860 3.952460
v 7.058957 -0.603860 4.066910
v 7.249907 -0.603860 4.527860
v 7.384906 -0.603860 4.554760
v 7.519957 -0.603860 4.527860
v 7.634407 -0.603860 4.451410
v 7.710856 -0.603860 4.336960
v 7.737756 -0.603860 4.201910
v 7.710856 -0.603860 4.066910
v 7.634407 -0.603860 3.952460
v 7.519957 -0.603860 3.875960
v 7.384906 -0.603860 3.849110
v 7.032106 -0.603860 4.201910
v 7.519957 -0.939610 3.875960
v 7.384906 -0.939610 3.849110
v 7.032106 -0.939610 4.201910
v 7.058957 -0.939610 4.336960
v 7.249907 -0.939610 3.875960
v 7.135457 -0.939610 3.952460
v 7.135457 -0.939610 4.451410
v 7.249907 -0.939610 4.527860
v 7.058957 -0.939610 4.066910
v 7.384906 -0.939610 4.554760
v 7.519957 -0.939610 4.527860
v 7.634407 -0.939610 4.451410
v 7.710856 -0.939610 4.336960
v 7.737756 -0.939610 4.201910
v 7.710856 -0.939610 4.066910
v 7.634407 -0.939610 3.952460
v 7.384906 -0.939610 3.849110
v 7.491406 -1.081860 4.095409
v 7.442556 -1.081860 4.062760
v 7.384906 -1.081860 4.051310
v 7.327257 -1.081860 4.062760
v 7.245756 -1.081860 4.259560
v 7.278407 -1.081860 4.308410
v 7.278407 -1.081860 4.095409
v 7.245756 -1.081860 4.144260
v 7.327257 -1.081860 4.341060
v 7.384906 -1.081860 4.352560
v 7.442556 -1.081860 4.341060
v 7.491406 -1.081860 4.308410
v 7.524056 -1.081860 4.259560
v 7.535556 -1.081860 4.201910
v 7.524056 -1.081860 4.144260
v 7.384906 -1.081860 4.051310
v 7.234307 -1.081860 4.201910
v 7.524056 -1.081860 4.144260
v 7.524056 -1.334460 4.144260
v 7.491406 -1.334460 4.095409
v 7.491406 -1.081860 4.095409
v 7.442556 -1.081860 4.062760
v 7.442556 -1.334460 4.062760
v 7.384906 -1.334460 4.051310
v 7.384906 -1.081860 4.051310
v 7.234307 -1.081860 4.201910
v 7.234307 -1.334460 4.201910
v 7.245756 -1.334460 4.259560
v 7.245756 -1.081860 4.259560
v 7.327257 -1.081860 4.062760
v 7.327257 -1.334460 4.062760
v 7.278407 -1.334460 4.095409
v 7.278407 -1.081860 4.095409
v 7.278407 -1.081860 4.308410
v 7.278407 -1.334460 4.308410
v 7.327257 -1.334460 4.341060
v 7.327257 -1.081860 4.341060
v 7.245756 -1.081860 4.144260
v 7.245756 -1.334460 4.144260
v 7.384906 -1.081860 4.352560
v 7.384906 -1.334460 4.352560
v 7.442556 -1.334460 4.341060
v 7.442556 -1.081860 4.341060
v 7.491406 -1.081860 4.308410
v 7.491406 -1.334460 4.308410
v 7.524056 -1.334460 4.259560
v 7.524056 -1.081860 4.259560
v 7.535556 -1.081860 4.201910
v 7.535556 -1.334460 4.201910
v 7.384906 -1.081860 4.051310
v 7.384906 -1.334460 4.051310
v 7.535556 -1.334460 4.201910
v 7.776956 -1.406360 4.201910
v 7.747106 -1.406360 4.051910
v 7.524056 -1.334460 4.144260
v 7.491406 -1.334460 4.095409
v 7.662107 -1.406360 3.924710
v 7.534956 -1.406360 3.839760
v 7.442556 -1.334460 4.062760
v 7.384906 -1.334460 4.051310
v 7.384906 -1.406360 3.809910
v 7.234906 -1.406360 3.839760
v 7.327257 -1.334460 4.062760
v 7.245756 -1.334460 4.259560
v 7.022757 -1.406360 4.351960
v 7.107707 -1.406360 4.479110
v 7.278407 -1.334460 4.308410
v 7.278407 -1.334460 4.095409
v 7.107707 -1.406360 3.924710
v 7.022757 -1.406360 4.051910
v 7.245756 -1.334460 4.144260
v 7.327257 -1.334460 4.341060
v 7.234906 -1.406360 4.564110
v 7.384906 -1.406360 4.593960
v 7.384906 -1.334460 4.352560
v 7.442556 -1.334460 4.341060
v 7.534956 -1.406360 4.564110
v 7.662107 -1.406360 4.479110
v 7.491406 -1.334460 4.308410
v 7.524056 -1.334460 4.259560
v 7.747106 -1.406360 4.351960
v 7.234307 -1.334460 4.201910
v 6.992907 -1.406360 4.201910
v 7.747106 -1.406360 4.351960
v 7.747106 -2.669410 4.351960
v 7.776956 -2.669410 4.201910
v 7.776956 -1.406360 4.201910
v 7.747106 -1.406360 4.051910
v 7.747106 -2.669410 4.051910
v 7.662107 -2.669410 3.924709
v 7.662107 -1.406360 3.924710
v 7.534956 -1.406360 3.839760
v 7.534956 -2.669410 3.839759
v 7.384906 -2.669410 3.809909
v 7.384906 -1.406360 3.809910
v 6.992907 -1.406360 4.201910
v 6.992907 -2.669410 4.201910
v 7.022757 -2.669410 4.351960
v 7.022757 -1.406360 4.351960
v 7.234906 -1.406360 3.839760
v 7.234906 -2.669410 3.839759
v 7.107707 -2.669410 3.924709
v 7.107707 -1.406360 3.924710
v 7.107707 -1.406360 4.479110
v 7.107707 -2.669410 4.479110
v 7.234906 -2.669410 4.564110
v 7.234906 -1.406360 4.564110
v 7.022757 -1.406360 4.051910
v 7.022757 -2.669410 4.051910
v 7.384906 -1.406360 4.593960
v 7.384906 -2.669410 4.593960
v 7.534956 -2.669410 4.564110
v 7.534956 -1.406360 4.564110
v 7.662107 -1.406360 4.479110
v 7.662107 -2.669410 4.479110
v 7.384906 -1.406360 3.809910
v 7.384906 -2.669410 3.809909
v 7.585906 -2.824860 4.402910
v 7.647506 -2.824860 4.310709
v 7.669157 -2.824860 4.201910
v 7.647506 -2.824860 4.093160
v 7.585906 -2.824860 4.000960
v 7.493707 -2.824860 3.939310
v 7.384906 -2.824860 3.917709
v 7.276156 -2.824860 3.939310
v 7.122306 -2.824860 4.310709
v 7.183956 -2.824860 4.402910
v 7.183956 -2.824860 4.000960
v 7.122306 -2.824860 4.093160
v 7.276156 -2.824860 4.464510
v 7.384906 -2.824860 4.486160
v 7.493707 -2.824860 4.464510
v 7.384906 -2.824860 3.917709
v 7.100707 -2.824860 4.201910
v 7.493707 -2.824860 4.464510
v 7.384906 -2.824860 4.201910
v 7.585906 -2.824860 4.402910
v 7.647506 -2.824860 4.310709
v 7.669157 -2.824860 4.201910
v 7.647506 -2.824860 4.093160
v 7.585906 -2.824860 4.000960
v 7.493707 -2.824860 3.939310
v 7.384906 -2.824860 3.917709
v 7.100707 -2.824860 4.201910
v 7.122306 -2.824860 4.310709
v 7.276156 -2.824860 3.939310
v 7.183956 -2.824860 4.000960
v 7.183956 -2.824860 4.402910
v 7.276156 -2.824860 4.464510
v 7.122306 -2.824860 4.093160
v 7.384906 -2.824860 4.486160
v 7.251956 0.867890 3.880960
v 7.384906 0.867890 4.201910
v 7.384906 0.867890 3.854510
v 7.139256 0.867890 4.447610
v 7.063957 0.867890 4.334860
v 7.063957 0.867890 4.068960
v 7.139256 0.867890 3.956260
v 7.384906 0.867890 4.549360
v 7.251956 0.867890 4.522910
v 7.630607 0.867890 4.447610
v 7.517857 0.867890 4.522910
v 7.732357 0.867890 4.201910
v 7.705906 0.867890 4.334860
v 7.630607 0.867890 3.956260
v 7.705906 0.867890 4.068960
v 7.517857 0.867890 3.880960
v 7.037507 0.867890 4.201910
v 7.832457 1.184140 4.115561
v 11.424006 1.184140 4.115561
v 11.424607 1.211340 4.049860
v 7.833056 1.211340 4.049860
v 7.830956 1.118440 4.142760
v 11.422506 1.118440 4.142760
v 7.829457 1.052790 4.115561
v 11.421007 1.052790 4.115561
v 7.828856 1.025590 4.049860
v 11.420357 1.025590 4.049860
v 7.829457 1.052790 3.984110
v 11.421007 1.052790 3.984110
v 7.830956 1.118440 3.956910
v 11.422506 1.118440 3.956910
v 7.832457 1.184140 3.984110
v 11.424006 1.184140 3.984110
v 11.424006 1.184140 3.984110
v 7.832457 1.184140 3.984110
v 7.449156 1.179040 4.049860
v 7.463757 1.156090 4.115561
v 7.499006 1.100640 4.142760
v 7.534307 1.045190 4.115561
v 7.548907 1.022240 4.049860
v 7.534307 1.045190 3.984110
v 7.499006 1.100640 3.956910
v 7.463757 1.156090 3.984110
v 7.463757 1.156090 3.984110
v 7.330657 1.055890 4.049860
v 7.354856 1.043390 4.115561
v 7.413207 1.013240 4.142760
v 7.471556 0.983040 4.115561
v 7.495757 0.970540 4.049860
v 7.471556 0.983040 3.984110
v 7.413207 1.013240 3.956910
v 7.354856 1.043390 3.984110
v 7.354856 1.043390 3.984110
v 7.330657 0.715840 4.049860
v 7.354856 0.703340 4.115561
v 7.413207 0.673190 4.142760
v 7.471556 0.643040 4.115561
v 7.495757 0.630540 4.049860
v 7.471556 0.643040 3.984110
v 7.413207 0.673190 3.956910
v 7.354856 0.703340 3.984110
v 7.354856 0.703340 3.984110
v 11.609357 1.255740 4.115561
v 11.589558 1.274390 4.049860
v 11.657257 1.210740 4.142760
v 11.705156 1.165740 4.115561
v 11.724957 1.147140 4.049860
v 11.705156 1.165740 3.984110
v 11.657257 1.210740 3.956910
v 11.609357 1.255740 3.984110
v 11.609357 1.255740 3.984110
v 11.679757 1.443590 4.115561
v 11.652907 1.447790 4.049860
v 11.744707 1.433390 4.142760
v 11.809607 1.423240 4.115561
v 11.836506 1.418990 4.049860
v 11.809607 1.423240 3.984110
v 11.744707 1.433390 3.956910
v 11.679757 1.443590 3.984110
v 11.679757 1.443590 3.984110
v 8.521856 -1.830710 3.968910
v 8.521856 -1.830710 3.219609
v 6.135657 -1.830710 3.219609
v 6.135657 -1.830710 3.968910
v 6.135657 -1.830710 3.968910
v 6.135657 -1.830710 3.219609
v 6.135657 -2.145710 3.219609
v 6.135657 -2.145710 3.968910
v 8.521856 -2.145710 3.968910
v 8.521856 -2.145710 3.219609
v 8.521856 -1.830710 3.219609
v 8.521856 -1.830710 3.968910
v 7.953557 -1.830710 4.946110
v 7.953557 -2.145710 4.946110
v 6.704007 -2.145710 4.946110
v 7.953557 -2.145710 4.946110
v 6.704007 -1.830710 4.946110
v 6.704007 -2.145710 4.946110
v 6.704007 -1.830710 4.946110
v 7.953557 -1.830710 4.946110
v 8.696157 -0.551160 3.563810
v 8.696157 -3.086360 3.563809
v 11.082357 -3.086360 3.563809
v 11.082357 -0.551160 3.563810
v 8.696157 -0.551160 3.248810
v 8.696157 -3.086360 3.248809
v 8.696157 -3.086360 3.563809
v 8.696157 -0.551160 3.563810
v 11.082357 -0.551160 3.563810
v 11.082357 -3.086360 3.563809
v 11.082357 -3.086360 3.248809
v 11.082357 -0.551160 3.248810
v 10.514057 0.426040 3.248810
v 10.514057 0.426040 3.563810
v 9.264507 0.426040 3.563810
v 10.514057 0.426040 3.248810
v 9.264507 0.426040 3.248810
v 9.264507 0.426040 3.248810
v 10.514057 0.426040 3.563810
v 9.264507 0.426040 3.563810
v 4.943507 -0.490160 3.422510
v 6.257456 -0.490160 3.422510
v 6.257456 0.746590 3.422510
v 4.943507 0.746590 3.422510
v 4.943507 -0.490160 3.259260
v 6.257456 -0.490160 3.259260
v 6.257456 -0.490160 3.422510
v 4.943507 -0.490160 3.422510
v 4.943507 0.746590 3.422510
v 6.257456 0.746590 3.422510
v 6.257456 0.746590 3.259260
v 4.943507 0.746590 3.259260
v 4.437057 0.452040 3.259260
v 4.437057 0.452040 3.422510
v 4.437057 -0.195560 3.422510
v 4.437057 0.452040 3.259260
v 4.437057 -0.195560 3.259260
v 4.437057 -0.195560 3.259260
v 4.437057 0.452040 3.422510
v 4.437057 -0.195560 3.422510
v 6.257456 0.746590 3.422510
v 6.257456 -0.490160 3.422510
v 6.257456 -0.490160 3.259260
v 6.257456 0.746590 3.259260
v -17.998945 -1.597110 3.696010
v -17.787693 -1.597110 3.696010
v -16.610592 -0.354560 3.897010
v -16.610592 -1.925510 3.897010
v -16.610592 -1.925510 2.151660
v -14.158543 -0.307209 0.772110
v -14.155942 -0.682960 0.830560
v -17.787693 -0.682960 0.830560
v -17.998945 -0.354559 0.855660
v -16.610592 -1.925510 1.075959
v -16.610592 -0.354560 1.075960
v -17.998945 -0.682960 3.696010
v -17.787693 -0.682960 3.696010
v -17.787693 -1.597110 3.696010
v -17.998945 -1.597110 3.696010
v -14.155942 -0.682960 0.830560
v -17.787693 -0.682960 0.830560
v -14.158543 -0.307209 0.772110
v -13.409943 1.406090 0.891960
v -10.075745 1.406090 0.891960
v -17.998945 -0.682960 0.809810
v -17.998945 -0.354559 0.855660
v -17.998945 -0.682960 0.809810
v -17.998945 -0.354559 0.855660
v -16.610592 -0.354560 1.075960
v -14.158543 -0.307210 1.075960
v -14.158543 -0.307209 0.772110
v -14.155942 -0.682960 0.830560
v -8.473092 1.764490 3.220710
v -8.473092 1.649890 2.944060
v -8.767794 1.649890 2.944060
v -8.767794 1.764490 3.220710
v -8.473092 1.373240 2.829460
v -8.767794 1.373240 2.829460
v -8.473092 1.096590 2.944060
v -8.767794 1.096590 2.944060
v -8.473092 0.981990 3.220710
v -8.767794 0.981990 3.220710
v -8.473092 1.096590 3.497310
v -8.767794 1.096590 3.497310
v -8.473092 1.373240 3.611910
v -8.767794 1.373240 3.611910
v -8.473092 1.649890 3.497310
v -8.767794 1.649890 3.497310
v -8.767794 1.764490 3.220710
v -8.767794 1.373240 3.220710
v -8.767794 1.649890 3.497310
v -8.767794 1.373240 3.611910
v -8.767794 1.096590 3.497310
v -8.767794 0.981990 3.220710
v -8.767794 1.096590 2.944060
v -8.767794 1.373240 2.829460
v -8.767794 1.649890 2.944060
v -14.108592 -2.166661 5.862360
v -14.108592 -2.281261 5.585710
v -14.403344 -2.281261 5.585710
v -14.403344 -2.166661 5.862360
v -14.108592 -2.557861 5.471110
v -14.403344 -2.557861 5.471110
v -14.108592 -2.557861 5.471110
v -14.108592 -2.834511 5.585710
v -14.403344 -2.834511 5.585710
v -14.108592 -2.949111 5.862360
v -14.403344 -2.949111 5.862360
v -14.108592 -2.949111 5.862360
v -14.108592 -2.834511 6.139010
v -14.403344 -2.834511 6.139010
v -14.108592 -2.557861 6.253560
v -14.403344 -2.557861 6.253560
v -14.108592 -2.557861 6.253560
v -14.108592 -2.281261 6.139010
v -14.403344 -2.281261 6.139010
v -14.108592 -2.166661 5.862360
v -14.403344 -2.166661 5.862360
v -14.403344 -2.557861 5.862360
v -14.403344 -2.281261 6.139010
v -14.403344 -2.557861 6.253560
v -14.403344 -2.834511 6.139010
v -14.403344 -2.949111 5.862360
v -14.403344 -2.834511 5.585710
v -14.403344 -2.557861 5.471110
v -14.403344 -2.281261 5.585710
v -0.713693 1.852990 4.165260
v 1.671257 1.852990 4.165260
v 1.671257 2.146390 3.969210
v -0.713693 2.146390 3.969210
v 1.671257 2.146390 3.969210
v 1.671257 1.852990 4.165260
v 1.671257 1.699090 4.031160
v 1.671257 1.992490 3.835110
v -0.713693 2.146390 2.690160
v 1.671257 2.146390 2.690160
v 1.671257 1.852990 2.494060
v -0.713693 1.852990 2.494110
v -0.713693 2.411290 3.329660
v 1.671257 2.411290 3.329660
v 1.671257 2.342440 2.983560
v -0.713693 2.342440 2.983560
v 1.671257 2.342440 3.675810
v -0.713693 2.342440 3.675810
v -0.713693 1.506840 4.234110
v 1.671257 1.506840 4.234110
v 1.671257 1.765590 2.560560
v -0.713693 1.765590 2.560560
v -0.713693 2.411290 3.329660
v -0.713693 2.342440 2.983560
v -0.713693 2.216840 2.989210
v -0.713693 2.259240 3.304460
v -0.713693 1.506840 4.234110
v -0.713693 1.852990 4.165260
v -0.713693 1.699090 4.031160
v -0.713693 1.352990 4.100010
v -0.713693 1.352990 4.100010
v 1.671257 1.352990 4.100010
v 1.671257 2.342440 3.675810
v 1.671257 2.188590 3.541710
v -0.713693 2.342440 3.675810
v -0.713693 2.188590 3.541710
v 1.671257 1.852990 2.494060
v 1.671257 2.146390 2.690160
v 1.671257 2.037340 2.747010
v 1.671257 1.765590 2.560560
v 1.671257 2.342440 2.983560
v 1.671257 2.216840 2.989210
v -0.713693 2.146390 2.690160
v -0.713693 2.037340 2.747010
v -0.713693 1.852990 2.494110
v -0.713693 1.765590 2.560560
v -0.713693 2.146390 3.969210
v -0.713693 1.992490 3.835110
v 1.671257 1.506840 4.234110
v 1.671257 1.352990 4.100010
v 1.671257 2.411290 3.329660
v 1.671257 2.259240 3.304460
v -6.922194 1.852990 4.165260
v -4.537294 1.852990 4.165260
v -4.537294 2.146390 3.969210
v -6.922194 2.146390 3.969210
v -4.537294 2.146390 3.969210
v -4.537294 1.852990 4.165260
v -4.537294 1.699090 4.031160
v -4.537294 1.992490 3.835110
v -6.922194 2.146390 2.690160
v -4.537294 2.146390 2.690160
v -4.537294 1.852990 2.494110
v -6.922194 1.852990 2.494110
v -6.922194 2.411290 3.329660
v -4.537294 2.411290 3.329660
v -4.537294 2.342440 2.983560
v -6.922194 2.342440 2.983560
v -4.537294 2.342440 3.675810
v -6.922194 2.342440 3.675810
v -6.922194 1.506840 4.234110
v -4.537294 1.506840 4.234110
v -4.537294 1.765590 2.560560
v -6.922194 1.765590 2.560560
v -6.922194 2.411290 3.329660
v -6.922194 2.342440 2.983560
v -6.922194 2.216840 2.989210
v -6.922194 2.259240 3.304460
v -6.922194 1.506840 4.234110
v -6.922194 1.852990 4.165260
v -6.922194 1.699090 4.031160
v -6.922194 1.352990 4.100010
v -6.922194 1.352990 4.100010
v -4.537294 1.352990 4.100010
v -4.537294 2.342440 3.675810
v -4.537294 2.188590 3.541710
v -6.922194 2.342440 3.675810
v -6.922194 2.188590 3.541710
v -4.537294 1.852990 2.494110
v -4.537294 2.146390 2.690160
v -4.537294 2.037340 2.747010
v -4.537294 1.765590 2.560560
v -4.537294 2.342440 2.983560
v -4.537294 2.216840 2.989210
v -6.922194 2.146390 2.690160
v -6.922194 2.037340 2.747010
v -6.922194 1.852990 2.494110
v -6.922194 1.765590 2.560560
v -6.922194 2.146390 3.969210
v -6.922194 1.992490 3.835110
v -4.537294 1.506840 4.234110
v -4.537294 1.352990 4.100010
v -4.537294 2.411290 3.329660
v -4.537294 2.259240 3.304460
v -17.361742 -0.361160 2.603209
v -17.135393 -0.598260 2.603209
v -17.993244 -3.627410 2.791909
v -17.993244 -3.627410 3.302259
v -19.422344 -5.511060 3.598609
v -19.027544 -5.511060 3.088259
v -18.227892 -3.430910 2.791909
v -19.192545 -5.228560 3.088259
v -19.587343 -5.228560 3.598609
v -18.227892 -3.430910 3.302259
v -18.227892 -2.282860 2.791909
v -17.993244 -2.331610 2.791909
v -22.886194 -5.511060 0.000309
v -19.027544 -5.511060 3.088259
v -17.993244 -3.627410 2.791909
v -17.993244 -3.627410 3.302259
v -18.227892 -3.430910 3.302259
v -19.587343 -5.228560 3.598609
v -19.422344 -5.511060 3.598609
v -17.993244 -2.331610 2.791909
v -17.993244 -1.906910 3.302260
v -18.227892 -1.906610 3.302260
v -18.227892 -2.282860 2.791909
v -17.993244 -2.331610 2.791909
v -17.993244 -1.906910 3.302260
v -18.227892 -1.906610 3.302260
v -17.998945 -0.354560 3.897010
v -16.610592 -0.354560 3.897010
v -17.998945 -1.925510 2.151660
v -18.217844 -1.967109 1.304759
v -21.217693 -5.300211 1.931209
v -21.217693 -5.300211 2.113859
v -18.217844 -1.967109 1.487459
v -18.217844 -2.236910 1.487459
v -20.932692 -5.283911 2.113859
v -20.932692 -5.283911 1.931209
v -18.217844 -2.236910 1.304759
v -18.217844 -2.236910 1.304759
v -20.932692 -5.283911 1.931209
v -21.217693 -5.300211 1.931209
v -18.217844 -1.967109 1.304759
v -18.217844 -1.967109 1.487459
v -21.217693 -5.300211 2.113859
v -20.932692 -5.283911 2.113859
v -18.217844 -2.236910 1.487459
v -18.217844 -1.967109 0.778609
v -22.202543 -5.300211 1.251059
v -22.202543 -5.300211 1.433709
v -18.217844 -1.967109 0.961259
v -18.217844 -2.236910 0.961259
v -21.917593 -5.283910 1.433709
v -21.917593 -5.283910 1.251059
v -18.217844 -2.236910 0.778609
v -18.217844 -2.236910 0.778609
v -21.917593 -5.283910 1.251059
v -22.202543 -5.300211 1.251059
v -18.217844 -1.967109 0.778609
v -18.217844 -1.967109 0.961259
v -22.202543 -5.300211 1.433709
v -21.917593 -5.283910 1.433709
v -18.217844 -2.236910 0.961259
v -18.217844 -1.967109 0.208059
v -22.986841 -5.300211 0.463859
v -22.986841 -5.300211 0.646509
v -18.217844 -1.967109 0.390709
v -18.217844 -2.236910 0.390709
v -22.701895 -5.283910 0.646509
v -22.701895 -5.283910 0.463859
v -18.217844 -2.236910 0.208059
v -18.217844 -2.236910 0.208059
v -22.701895 -5.283910 0.463859
v -22.986841 -5.300211 0.463859
v -18.217844 -1.967109 0.208059
v -18.217844 -1.967109 0.390709
v -22.986841 -5.300211 0.646509
v -22.701895 -5.283910 0.646509
v -18.217844 -2.236910 0.390709
v -18.217844 -1.967110 1.888559
v -20.432842 -5.272711 2.514959
v -20.432842 -5.272711 2.697659
v -18.217844 -1.967110 2.071260
v -18.217844 -2.236911 2.071259
v -20.147842 -5.256410 2.697659
v -20.147842 -5.256410 2.514959
v -18.217844 -2.236911 1.888559
v -18.217844 -2.236911 1.888559
v -20.147842 -5.256410 2.514959
v -20.432842 -5.272711 2.514959
v -18.217844 -1.967110 1.888559
v -18.217844 -1.967110 2.071260
v -20.432842 -5.272711 2.697659
v -20.147842 -5.256410 2.697659
v -18.217844 -2.236911 2.071259
v -18.217844 -1.967110 2.544260
v -19.623293 -5.256961 3.097409
v -19.623293 -5.256961 3.280059
v -18.217844 -1.967110 2.726959
v -18.217844 -2.236911 2.726959
v -19.338293 -5.240710 3.280059
v -19.338293 -5.240710 3.097409
v -18.217844 -2.236911 2.544260
v -18.217844 -2.236911 2.544260
v -19.338293 -5.240710 3.097409
v -19.623293 -5.256961 3.097409
v -18.217844 -1.967110 2.544260
v -18.217844 -1.967110 2.726959
v -19.623293 -5.256961 3.280059
v -19.338293 -5.240710 3.280059
v -18.217844 -2.236911 2.726959
v -17.993244 -1.906910 3.302260
v -18.227892 -1.906610 3.302260
v -17.993244 -2.331610 2.791909
v -17.993244 -1.906910 3.302260
v -18.227892 -1.906610 3.302260
v -18.227892 -2.282860 2.791909
v -17.998945 -3.915560 1.075959
v -17.998945 -3.915560 2.151659
v -17.998945 -1.925510 2.151660
v -23.864542 -5.228559 0.000309
v -23.892393 -5.511060 0.000309
v -9.314592 -0.272960 1.241760
v -0.214594 -0.272960 1.241760
v 11.451707 -3.672610 3.310109
v 11.451707 -4.763310 2.479609
v 5.086356 1.261490 3.310110
v 11.451707 1.261490 3.310110
v 3.809956 1.261490 3.310110
v 11.451707 -0.987810 3.310110
v 3.809956 1.261490 3.310110
v 3.809956 -0.987810 3.310110
v 12.728107 -0.987810 3.310110
v 12.728107 1.261490 3.310110
v 12.728107 1.261490 3.310110
v 11.446407 -1.394210 0.000309
v 11.446407 -1.394210 -1.613441
v 11.446407 -4.079010 -1.613441
v 11.446407 -4.079010 0.000309
v 11.446407 -1.394210 -1.613441
v 17.179607 -1.394210 -1.613441
v 17.179607 -4.079010 -1.613441
v 11.446407 -4.079010 -1.613441
v 11.446407 -5.169710 -1.208491
v 11.446407 -5.169710 0.000309
v 11.446407 -4.079010 -1.613441
v 17.179607 -4.079010 -1.613441
v 17.179607 -5.169710 -1.208491
v 11.446407 -5.169710 -1.208491
v 17.179607 -4.079010 -1.613441
v 17.179607 -4.079010 0.000309
v 17.179607 -5.169710 0.000309
v 17.179607 -5.169710 -1.208491
v 17.179607 -1.394210 -1.613441
v 17.179607 -1.394210 0.000309
v 11.446407 -4.079010 1.614059
v 11.446407 -1.394210 1.614060
v 11.446407 -1.394210 1.614060
v 11.446407 -4.079010 1.614059
v 17.179607 -4.079010 1.614059
v 17.179607 -1.394210 1.614060
v 11.446407 -5.169710 1.209109
v 11.446407 -4.079010 1.614059
v 11.446407 -5.169710 1.209109
v 17.179607 -5.169710 1.209109
v 17.179607 -4.079010 1.614059
v 17.179607 -4.079010 1.614059
v 17.179607 -5.169710 1.209109
v 17.179607 -1.394210 1.614060
v 14.489206 -2.465160 -1.246441
v 14.489206 -2.465160 -4.037341
v 14.208057 -2.581609 -4.037341
v 14.208057 -2.581609 -1.246441
v 14.091606 -2.862759 -4.037341
v 14.091606 -2.862760 -1.246441
v 14.208057 -3.143909 -4.037342
v 14.208057 -3.143910 -1.246441
v 14.489206 -3.260360 -4.037342
v 14.489206 -3.260360 -1.246441
v 14.489206 -3.260360 -1.246441
v 14.489206 -3.260360 -4.037342
v 14.770357 -3.143909 -4.037342
v 14.770357 -3.143910 -1.246441
v 14.886807 -2.862759 -4.037341
v 14.886807 -2.862760 -1.246441
v 14.770357 -2.581609 -4.037341
v 14.770357 -2.581609 -1.246441
v 14.489206 -2.465160 1.247059
v 14.208057 -2.581609 1.247059
v 14.208057 -2.581610 4.037960
v 14.489206 -2.465161 4.037960
v 14.091606 -2.862760 1.247059
v 14.091606 -2.862760 4.037960
v 14.208057 -3.143910 1.247059
v 14.208057 -3.143910 4.037959
v 14.489206 -3.260360 1.247059
v 14.489206 -3.260360 4.037959
v 14.489206 -3.260360 1.247059
v 14.770357 -3.143910 1.247059
v 14.770357 -3.143910 4.037959
v 14.489206 -3.260360 4.037959
v 14.886807 -2.862760 1.247059
v 14.886807 -2.862760 4.037960
v 14.770357 -2.581609 1.247059
v 14.770357 -2.581610 4.037960
v -2.201693 -0.343859 -6.631441
v -2.201693 -0.829008 -6.631441
v -1.796444 -0.829008 -6.356492
v -1.796444 -0.343859 -6.356492
v -1.796444 -0.343859 -6.356492
v -2.201693 -0.343859 -6.356492
v -1.796444 -0.829009 -4.950591
v -2.201693 -0.829009 -4.950591
v -2.201693 -0.829008 -6.356492
v -1.796444 -0.829008 -6.356492
v -1.796444 -0.829008 -6.631441
v -2.201693 -0.829008 -6.631441
v -2.201693 -0.343859 -6.631441
v -1.796444 -0.343859 -6.631441
v -1.796444 -0.829008 -6.631441
v -1.796444 -0.343859 -6.631441
v -2.201693 -0.343859 -6.356492
v -1.796444 -0.343859 -6.356492
v -1.796444 -0.343859 -6.631441
v -2.201693 -0.343859 -6.631441
v -1.796444 -0.829008 -6.631441
v -1.796444 -0.829008 -6.356492
v -2.277843 -2.161458 -6.356492
v -2.277843 -2.161458 -6.631441
v -2.201693 -0.829008 -6.631441
v -1.796444 -0.829008 -6.631441
v -2.277843 -2.161458 -6.631441
v -2.682893 -2.162109 -6.627441
v -1.796444 -0.829008 -6.356492
v -2.201693 -0.829008 -6.356492
v -2.682893 -2.162109 -6.358191
v -2.277843 -2.161458 -6.356492
vn -0.0000 1.0000 -0.0000
vn -0.0000 -1.0000 -0.0000
vn -0.9989 0.0335 -0.0335
vn -0.9989 0.0181 -0.0437
vn -1.0000 -0.0000 -0.0000
vn -0.9989 -0.0000 -0.0473
vn -0.9989 -0.0181 -0.0437
vn -0.9989 -0.0437 0.0181
vn -0.9989 -0.0335 0.0334
vn -0.9989 -0.0334 -0.0334
vn -0.9989 -0.0437 -0.0181
vn -0.9989 -0.0181 0.0437
vn -0.9989 -0.0000 0.0473
vn -0.9989 0.0181 0.0437
vn -0.9989 0.0335 0.0335
vn -0.9989 0.0437 0.0181
vn -0.9989 0.0473 -0.0000
vn -0.9989 0.0437 -0.0181
vn -0.9989 -0.0473 -0.0000
vn 0.9584 0.1093 0.2638
vn 0.9584 -0.0000 0.2856
vn 1.0000 -0.0000 -0.0000
vn 0.9584 0.2019 -0.2019
vn 0.9584 0.2639 -0.1093
vn 0.9584 -0.2019 0.2019
vn 0.9584 -0.2638 0.1093
vn 0.9584 -0.2638 -0.1093
vn 0.9584 -0.2019 -0.2020
vn 0.9584 0.2638 0.1093
vn 0.9584 0.2019 0.2019
vn 0.9584 -0.0000 -0.2856
vn 0.9584 0.1093 -0.2638
vn 0.9584 -0.1093 0.2638
vn 0.9584 0.2856 -0.0000
vn 0.9584 -0.2856 -0.0000
vn 0.9584 -0.1093 -0.2638
vn -1.0000 -0.0008 -0.0001
vn -1.0000 -0.0002 0.0001
vn -1.0000 -0.0005 -0.0000
vn -1.0000 -0.0001 0.0003
vn -1.0000 -0.0003 0.0001
vn -1.0000 -0.0000 -0.0003
vn -1.0000 -0.0001 -0.0003
vn -1.0000 -0.0002 -0.0001
vn -1.0000 -0.0008 0.0001
vn -1.0000 -0.0009 0.0006
vn -1.0000 -0.0014 0.0005
vn -1.0000 -0.0009 0.0001
vn -1.0000 -0.0002 0.0002
vn -1.0000 -0.0000 0.0003
vn -1.0000 -0.0009 -0.0006
vn -1.0000 -0.0002 -0.0002
vn -1.0000 -0.0003 -0.0001
vn -1.0000 -0.0009 -0.0001
vn -1.0000 -0.0011 -0.0004
vn -1.0000 -0.0014 -0.0006
vn -0.9996 0.0055 -0.0276
vn -0.9999 -0.0017 -0.0151
vn -0.8865 -0.4426 0.1346
vn -0.9999 -0.0018 0.0150
vn -0.9996 0.0055 0.0276
vn -0.8865 -0.4426 -0.1346
vn -0.0000 -0.0000 -1.0000
vn -0.0186 -0.0055 0.9998
vn -0.0313 -0.0000 0.9995
vn -0.0170 -0.0062 0.9998
vn -0.9462 -0.0000 -0.3235
vn -0.9462 -0.1238 -0.2989
vn -0.9462 -0.2989 0.1238
vn -0.9462 -0.2288 0.2288
vn -0.9462 -0.2287 -0.2288
vn -0.9462 -0.2989 -0.1238
vn -0.9462 -0.1238 0.2989
vn -0.9462 -0.0000 0.3235
vn -0.9462 0.1238 0.2989
vn -0.9462 0.2288 0.2288
vn -0.9462 0.2989 0.1238
vn -0.9462 0.3235 -0.0000
vn -0.9462 0.2989 -0.1238
vn -0.9462 0.2288 -0.2288
vn -0.9462 0.1238 -0.2989
vn -0.9462 -0.3235 -0.0000
vn 0.9686 0.1759 0.1760
vn 0.9685 0.0952 0.2299
vn 0.9685 0.2488 -0.0000
vn 0.9685 0.2299 0.0953
vn 0.9686 0.1759 -0.1759
vn 0.9685 0.2299 -0.0952
vn 0.9685 -0.0000 -0.2488
vn 0.9685 0.0953 -0.2299
vn 0.9685 -0.2299 0.0952
vn 0.9685 -0.2488 -0.0000
vn 0.9685 -0.1760 -0.1759
vn 0.9685 -0.0952 -0.2299
vn 0.9686 -0.0952 0.2299
vn 0.9685 -0.1760 0.1760
vn 0.9685 -0.2299 -0.0952
vn 0.9685 -0.0000 0.2489
vn 0.1939 -0.8621 -0.4682
vn 0.3584 -0.8621 -0.3584
vn 0.4683 -0.8621 -0.1939
vn 0.5068 -0.8621 -0.0000
vn 0.4682 -0.8621 0.1940
vn 0.3584 -0.8621 0.3584
vn 0.1940 -0.8621 0.4682
vn -0.0000 -0.8621 0.5068
vn -0.5068 -0.8621 -0.0000
vn -0.4683 -0.8621 -0.1939
vn -0.1939 -0.8621 0.4682
vn -0.3584 -0.8621 0.3584
vn -0.3584 -0.8621 -0.3584
vn -0.1939 -0.8621 -0.4682
vn -0.4683 -0.8621 0.1939
vn -0.0000 -0.8621 -0.5068
vn -0.8560 0.5169 -0.0110
vn -0.9796 0.2011 -0.0000
vn -0.9163 0.4004 -0.0000
vn -0.8151 0.5435 -0.2005
vn -0.8452 0.5343 -0.0114
vn -0.6182 0.6227 -0.4796
vn 0.0238 0.0098 0.9997
vn 0.0282 0.0176 0.9994
vn 0.0968 0.1376 0.9857
vn -0.0000 -0.0000 1.0000
vn -0.0186 -0.0055 -0.9998
vn -0.0170 -0.0062 -0.9998
vn -0.0313 -0.0000 -0.9995
vn -0.9462 -0.2288 -0.2288
vn 0.9686 0.1759 -0.1760
vn 0.9685 0.0952 -0.2299
vn 0.9685 0.2299 -0.0953
vn 0.9686 0.1759 0.1759
vn 0.9685 0.2299 0.0952
vn 0.9685 -0.0000 0.2488
vn 0.9685 0.0953 0.2299
vn 0.9685 -0.1760 0.1759
vn 0.9685 -0.0952 0.2299
vn 0.9686 -0.0952 -0.2299
vn 0.9685 -0.1760 -0.1760
vn 0.9685 -0.0000 -0.2489
vn 0.1939 -0.8621 0.4683
vn 0.4682 -0.8621 0.1939
vn 0.4682 -0.8621 -0.1939
vn 0.1939 -0.8621 -0.4683
vn -0.4682 -0.8621 0.1940
vn -0.1939 -0.8621 -0.4683
vn -0.1940 -0.8621 0.4682
vn -0.4682 -0.8621 -0.1939
vn -0.8560 0.5169 0.0110
vn -0.8151 0.5435 0.2004
vn -0.6182 0.6227 0.4796
vn -0.8452 0.5343 0.0114
vn 0.0238 0.0098 -0.9997
vn 0.0968 0.1376 -0.9857
vn 0.0282 0.0176 -0.9994
vn -0.1011 -0.0000 -0.9949
vn -0.3140 -0.0000 -0.9494
vn -0.2536 -0.0000 0.9673
vn -0.7685 -0.0000 0.6399
vn -0.0292 -0.0000 0.9996
vn -0.0291 -0.0000 0.9996
vn -0.5230 -0.0000 -0.8523
vn 0.1853 -0.0000 0.9827
vn -0.4048 -0.0000 -0.9144
vn -0.0514 -0.0000 0.9987
vn -0.0515 -0.0000 0.9987
vn -0.5788 -0.0000 0.8155
vn -0.2155 -0.0000 -0.9765
vn -0.3732 -0.0000 0.9278
vn 0.2622 -0.0000 0.9650
vn 0.9402 -0.0000 -0.3407
vn 0.4959 -0.0000 -0.8684
vn 0.4960 -0.0000 -0.8683
vn 0.4362 -0.0000 -0.8998
vn 0.4362 -0.0000 -0.8999
vn 0.9710 -0.0000 -0.2391
vn 0.9710 -0.0000 -0.2390
vn -0.1634 -0.0000 -0.9866
vn 0.9631 -0.0000 0.2692
vn -0.7710 -0.0000 0.6369
vn -0.3299 -0.0000 0.9440
vn -0.3300 -0.0000 0.9440
vn 0.7766 -0.0000 0.6300
vn 0.7766 -0.0000 0.6299
vn -0.0000 1.0000 -0.0004
vn -0.0000 -1.0000 -0.0004
vn -0.0000 -0.7071 0.7071
vn -0.0000 0.7071 0.7071
vn -0.0000 0.7071 -0.7071
vn -0.0000 -0.7071 -0.7071
vn -0.0000 -1.0000 0.0004
vn -0.0000 1.0000 0.0004
vn -0.0000 0.7464 0.6655
vn -0.0000 -0.7463 0.6656
vn -0.0000 0.7464 -0.6655
vn -0.0000 -0.7464 -0.6656
vn -0.0000 -0.7464 -0.6655
vn -0.0000 -0.9239 -0.3827
vn -0.0000 -0.3827 -0.9239
vn -0.0000 0.3827 -0.9239
vn -0.0000 0.9239 -0.3827
vn -0.0000 0.9239 0.3827
vn -0.0000 0.3827 0.9239
vn -0.0000 -0.3827 0.9239
vn -0.0000 -0.9239 0.3827
vn -0.0197 -0.9998 -0.0000
vn -0.0325 -0.9327 -0.3592
vn -0.0334 -0.9426 -0.3323
vn -0.0196 -0.9998 -0.0001
vn -0.1199 0.9172 -0.3799
vn -0.1199 0.9928 -0.0000
vn -0.1165 0.9932 -0.0000
vn -0.1165 0.9176 -0.3801
vn -0.1200 0.7020 0.7020
vn -0.1199 0.3799 0.9172
vn -0.1165 0.3801 0.9176
vn -0.1165 0.7023 0.7023
vn -0.0692 -0.7426 -0.6661
vn -0.1086 -0.4116 -0.9049
vn -0.1066 -0.4718 -0.8753
vn -0.0712 -0.7964 -0.6006
vn -0.1086 -0.4116 0.9049
vn -0.0692 -0.7426 0.6661
vn -0.0712 -0.7964 0.6006
vn -0.1066 -0.4718 0.8752
vn -0.1199 0.3799 -0.9172
vn -0.1199 0.7020 -0.7020
vn -0.1165 0.7023 -0.7023
vn -0.1165 0.3801 -0.9176
vn -0.1199 0.9172 0.3799
vn -0.1165 0.9176 0.3801
vn -0.1199 -0.0000 0.9928
vn -0.1165 -0.0000 0.9932
vn -0.1199 -0.0000 -0.9928
vn -0.1165 -0.0000 -0.9932
vn -0.0325 -0.9327 0.3592
vn -0.0335 -0.9426 0.3322
vn -0.0196 -0.9998 -0.0000
vn -0.5762 0.3128 -0.7551
vn -0.5761 0.5779 -0.5780
vn -0.5761 0.8174 -0.0000
vn -0.5762 0.7551 0.3128
vn -0.5761 -0.8174 -0.0000
vn -0.5762 -0.7551 -0.3128
vn -0.5762 0.3128 0.7551
vn -0.5761 -0.0000 0.8174
vn -0.5762 -0.3128 -0.7551
vn -0.5761 -0.0000 -0.8174
vn -0.5761 -0.5780 0.5780
vn -0.5762 -0.7551 0.3128
vn -0.5762 0.7551 -0.3129
vn -0.5761 0.5780 0.5780
vn -0.5762 -0.5780 -0.5779
vn -0.5761 -0.3128 0.7552
vn -0.9670 -0.0000 -0.2548
vn -0.9670 -0.0975 -0.2354
vn -0.9895 -0.0552 -0.1332
vn -0.9895 -0.0000 -0.1442
vn -0.9670 -0.2354 0.0975
vn -0.9670 -0.1802 0.1802
vn -0.9895 -0.1020 0.1020
vn -0.9895 -0.1332 0.0552
vn -0.9670 -0.1802 -0.1802
vn -0.9670 -0.2354 -0.0975
vn -0.9895 -0.1332 -0.0552
vn -0.9895 -0.1020 -0.1020
vn -0.9670 -0.0975 0.2354
vn -0.9670 -0.0000 0.2548
vn -0.9895 -0.0000 0.1442
vn -0.9895 -0.0552 0.1332
vn -0.9670 0.0975 0.2354
vn -0.9670 0.1802 0.1802
vn -0.9895 0.1020 0.1020
vn -0.9895 0.0552 0.1332
vn -0.9670 0.2354 0.0975
vn -0.9670 0.2548 -0.0000
vn -0.9895 0.1442 -0.0000
vn -0.9895 0.1332 0.0552
vn -0.9670 0.2354 -0.0975
vn -0.9670 0.1802 -0.1802
vn -0.9895 0.1020 -0.1020
vn -0.9895 0.1332 -0.0552
vn -0.9670 0.0975 -0.2354
vn -0.9895 0.0552 -0.1332
vn -0.9670 -0.2548 -0.0000
vn -0.9895 -0.1442 -0.0000
vn -0.5761 -0.3128 -0.7552
vn -0.5761 -0.7552 0.3128
vn -0.5761 -0.5779 0.5780
vn -0.5761 -0.5780 -0.5779
vn -0.5761 -0.7552 -0.3128
vn -0.5761 0.3128 0.7552
vn -0.5761 0.7552 0.3128
vn -0.5761 0.7552 -0.3128
vn -0.5761 0.3128 -0.7552
vn -0.0000 -0.5063 -0.8624
vn -0.0000 -0.8289 -0.5594
vn -0.0000 -0.8289 0.5594
vn -0.0000 -0.5063 0.8624
vn -0.0000 -0.9498 -0.3128
vn -0.0000 -0.9498 0.3128
vn -0.0001 -1.0000 -0.0000
vn -0.9455 -0.3255 -0.0000
vn -0.8736 -0.3255 -0.3618
vn -0.9239 -0.0000 -0.3827
vn -0.6686 -0.3255 -0.6686
vn -0.7071 -0.0000 -0.7071
vn -0.3619 -0.3255 -0.8735
vn -0.3827 -0.0000 -0.9239
vn -0.0000 -0.3255 -0.9455
vn 0.3618 -0.3255 -0.8736
vn 0.3827 -0.0000 -0.9239
vn 0.6686 -0.3255 -0.6686
vn 0.7071 -0.0000 -0.7071
vn 0.8736 -0.3255 -0.3618
vn 0.9239 -0.0000 -0.3827
vn 0.9455 -0.3255 -0.0000
vn 0.8736 -0.3255 0.3618
vn 0.9239 -0.0000 0.3827
vn 0.6685 -0.3255 0.6686
vn 0.7071 -0.0000 0.7072
vn 0.3618 -0.3255 0.8736
vn 0.3827 -0.0000 0.9239
vn -0.0000 -0.3255 0.9455
vn -0.3619 -0.3255 0.8735
vn -0.3827 -0.0000 0.9239
vn -0.6686 -0.3255 0.6686
vn -0.7071 -0.0000 0.7071
vn -0.8736 -0.3255 0.3618
vn -0.9239 -0.0000 0.3827
vn -0.3723 -0.9152 -0.1542
vn -0.2849 -0.9152 -0.2849
vn -0.0000 -0.9152 0.4029
vn -0.1542 -0.9152 0.3723
vn -0.0000 -0.9152 -0.4029
vn 0.1542 -0.9152 -0.3723
vn -0.3722 -0.9152 0.1542
vn -0.4029 -0.9152 -0.0000
vn 0.3722 -0.9152 -0.1542
vn 0.4029 -0.9153 -0.0000
vn 0.2849 -0.9153 0.2849
vn 0.1542 -0.9152 0.3723
vn -0.1542 -0.9152 -0.3723
vn -0.2849 -0.9152 0.2849
vn 0.2849 -0.9152 -0.2849
vn 0.4029 -0.9152 -0.0000
vn 0.3723 -0.9152 0.1542
vn -0.2849 -0.9153 -0.2849
vn -0.3722 -0.9153 -0.1542
vn -0.1542 -0.9153 0.3722
vn -0.0000 -0.9153 0.4029
vn 0.1542 -0.9153 0.3722
vn 0.3722 -0.9153 0.1542
vn 0.3722 -0.9153 -0.1542
vn 0.2849 -0.9153 -0.2849
vn 0.1542 -0.9153 -0.3722
vn -0.0000 -0.9153 -0.4029
vn -0.4029 -0.9153 -0.0000
vn -0.3722 -0.9153 0.1542
vn -0.1542 -0.9153 -0.3722
vn -0.2849 -0.9153 0.2849
vn 0.7071 -0.0000 0.7071
vn -0.1821 0.8795 -0.4397
vn -0.0000 0.8795 -0.4759
vn -0.3365 0.8795 0.3365
vn -0.4397 0.8795 0.1821
vn -0.4397 0.8795 -0.1821
vn -0.3365 0.8795 -0.3365
vn -0.0000 0.8795 0.4759
vn -0.1821 0.8795 0.4397
vn 0.3365 0.8795 0.3365
vn 0.1821 0.8795 0.4397
vn 0.4759 0.8795 -0.0000
vn 0.4397 0.8795 0.1821
vn 0.3365 0.8795 -0.3365
vn 0.4397 0.8795 -0.1821
vn 0.1821 0.8795 -0.4397
vn -0.4759 0.8795 -0.0000
vn 0.3427 0.4452 -0.8273
vn -0.0000 0.4454 -0.8953
vn -0.0000 0.2355 -0.9719
vn 0.3719 0.2352 -0.8980
vn -0.8954 0.4452 -0.0000
vn -0.8273 0.4452 0.3426
vn -0.8980 0.2352 0.3719
vn -0.9719 0.2352 -0.0000
vn -0.3427 0.4452 -0.8273
vn -0.6333 0.4449 -0.6332
vn -0.6872 0.2355 -0.6872
vn -0.3720 0.2352 -0.8979
vn -0.6331 0.4454 0.6331
vn -0.3426 0.4452 0.8273
vn -0.3719 0.2352 0.8980
vn -0.6872 0.2355 0.6872
vn -0.8272 0.4453 -0.3427
vn -0.8979 0.2353 -0.3719
vn -0.0000 0.4452 0.8954
vn 0.3426 0.4452 0.8273
vn 0.3719 0.2352 0.8980
vn -0.0000 0.2352 0.9719
vn 0.6332 0.4452 0.6332
vn 0.8273 0.4452 0.3427
vn 0.8979 0.2352 0.3720
vn 0.6873 0.2353 0.6872
vn 0.8954 0.4452 -0.0000
vn 0.8272 0.4453 -0.3427
vn 0.8979 0.2353 -0.3719
vn 0.9719 0.2352 -0.0001
vn 0.6332 0.4452 -0.6332
vn 0.6873 0.2353 -0.6872
vn 0.9719 0.2353 -0.0000
vn -0.9239 -0.0000 0.3826
vn -0.3826 -0.0000 0.9239
vn 1.0000 -0.0001 -0.0000
vn 1.0000 -0.0000 0.0001
vn 1.0000 -0.0000 -0.0001
vn -0.4205 0.8904 0.1742
vn -0.4551 0.8904 -0.0000
vn -0.0000 0.8904 -0.4551
vn 0.1742 0.8904 -0.4205
vn 0.3218 0.8904 -0.3218
vn 0.4205 0.8904 -0.1742
vn 0.4551 0.8904 -0.0000
vn 0.4205 0.8904 0.1742
vn 0.3218 0.8904 0.3218
vn 0.1742 0.8904 0.4205
vn -0.0000 0.8904 0.4551
vn -0.1742 0.8904 0.4205
vn -0.4205 0.8904 -0.1742
vn -0.3218 0.8904 -0.3218
vn -0.3218 0.8904 0.3218
vn -0.1742 0.8904 -0.4205
vn -0.5296 0.6627 0.5295
vn -0.6918 0.6628 0.2865
vn -0.1741 0.8904 -0.4205
vn -0.2866 0.6627 -0.6919
vn -0.0000 0.6627 -0.7489
vn 0.2866 0.6627 -0.6919
vn 0.5295 0.6627 -0.5295
vn 0.6918 0.6627 -0.2866
vn 0.7489 0.6627 -0.0000
vn 0.4204 0.8904 0.1742
vn 0.6918 0.6627 0.2866
vn 0.5296 0.6627 0.5295
vn 0.1741 0.8904 0.4205
vn 0.2866 0.6627 0.6919
vn -0.0000 0.6627 0.7489
vn -0.7489 0.6627 -0.0000
vn -0.6918 0.6627 -0.2866
vn -0.2866 0.6627 0.6919
vn -0.5295 0.6627 -0.5295
vn -0.3327 0.4941 0.8032
vn -0.6148 0.4941 0.6148
vn -0.6147 0.4941 -0.6148
vn -0.3327 0.4941 -0.8033
vn -0.8032 0.4941 0.3327
vn -0.8694 0.4941 -0.0000
vn -0.0000 0.4941 -0.8694
vn 0.3327 0.4941 -0.8032
vn 0.6148 0.4941 -0.6148
vn 0.8032 0.4941 -0.3327
vn 0.8694 0.4941 -0.0000
vn 0.8032 0.4941 0.3327
vn 0.6148 0.4941 0.6148
vn 0.3327 0.4941 0.8032
vn -0.0000 0.4941 0.8694
vn -0.8032 0.4941 -0.3327
vn -0.6148 0.4941 -0.6147
vn -0.8032 0.4941 -0.3328
vn -0.8032 0.4941 0.3328
vn -0.6147 0.4941 0.6148
vn -0.3326 0.4941 -0.8033
vn -0.3826 -0.0000 -0.9239
vn 0.6147 0.4941 -0.6148
vn 0.8694 0.4941 0.0001
vn 0.8032 0.4941 -0.3328
vn 0.8033 0.4941 0.3327
vn 0.2450 0.9642 0.1015
vn 0.1875 0.9642 0.1875
vn 0.1015 0.9642 0.2451
vn -0.0000 0.9642 0.2652
vn -0.2653 0.9642 -0.0000
vn -0.2450 0.9642 -0.1015
vn -0.1015 0.9642 0.2451
vn -0.1875 0.9642 0.1875
vn -0.1875 0.9642 -0.1875
vn -0.1015 0.9642 -0.2451
vn -0.2450 0.9642 0.1014
vn -0.0000 0.9642 -0.2652
vn 0.1015 0.9642 -0.2451
vn 0.1875 0.9642 -0.1876
vn 0.2450 0.9642 -0.1015
vn 0.2652 0.9642 -0.0000
vn 0.8731 0.4876 -0.0000
vn 0.8066 0.4876 0.3341
vn 0.6173 0.4876 0.6174
vn 0.3341 0.4876 0.8066
vn -0.0000 0.4876 0.8731
vn -0.3341 0.4876 0.8066
vn -0.8066 0.4876 -0.3341
vn -0.6173 0.4876 -0.6174
vn -0.6174 0.4876 0.6173
vn -0.8066 0.4876 0.3341
vn -0.3341 0.4876 -0.8066
vn -0.0000 0.4876 -0.8731
vn 0.3341 0.4876 -0.8066
vn 0.6174 0.4876 -0.6174
vn 0.8066 0.4876 -0.3341
vn -0.8731 0.4876 -0.0000
vn 0.8066 0.4875 -0.3341
vn 0.9239 -0.0000 -0.3826
vn 0.6174 0.4875 0.6173
vn 0.8067 0.4876 0.3341
vn 0.7073 -0.0000 0.7069
vn 0.3826 -0.0000 0.9239
vn 0.0001 -0.0000 1.0000
vn -0.8067 0.4876 -0.3340
vn -1.0000 -0.0000 0.0001
vn -0.9239 -0.0000 -0.3826
vn -0.6174 0.4875 0.6174
vn -0.7073 -0.0000 0.7069
vn -0.6174 0.4876 -0.6173
vn 0.3340 0.4876 -0.8067
vn 0.0001 -0.0000 -1.0000
vn 0.6173 0.4876 -0.6174
vn 0.3481 0.9375 -0.0000
vn 0.3215 0.9375 0.1332
vn 0.2461 0.9375 0.2461
vn 0.1332 0.9375 0.3215
vn -0.0000 0.9375 0.3481
vn -0.1332 0.9375 0.3216
vn -0.3215 0.9375 -0.1332
vn -0.2461 0.9375 -0.2461
vn -0.2461 0.9375 0.2461
vn -0.3215 0.9375 0.1332
vn -0.1332 0.9375 -0.3216
vn -0.0000 0.9375 -0.3480
vn 0.1332 0.9375 -0.3216
vn 0.2461 0.9375 -0.2461
vn 0.3216 0.9375 -0.1332
vn -0.3480 0.9375 -0.0000
vn -0.0000 0.7366 0.6763
vn -0.2588 0.7366 0.6248
vn -0.6248 0.7366 -0.2588
vn -0.4782 0.7366 -0.4782
vn -0.4782 0.7366 0.4782
vn -0.6248 0.7366 0.2588
vn -0.2588 0.7366 -0.6248
vn -0.0000 0.7366 -0.6763
vn 0.2588 0.7366 -0.6248
vn 0.4782 0.7366 -0.4782
vn 0.6248 0.7366 -0.2588
vn 0.6763 0.7366 -0.0000
vn 0.6248 0.7366 0.2588
vn 0.4782 0.7366 0.4782
vn 0.2588 0.7366 0.6248
vn -0.6763 0.7366 -0.0000
vn 0.3402 0.4580 0.8213
vn -0.0000 0.4580 0.8890
vn -0.8889 0.4580 -0.0000
vn -0.8213 0.4580 -0.3402
vn -0.3402 0.4580 0.8213
vn -0.6286 0.4580 0.6286
vn -0.6286 0.4580 -0.6286
vn -0.3402 0.4580 -0.8213
vn -0.8213 0.4580 0.3402
vn -0.0000 0.4580 -0.8889
vn 0.3402 0.4580 -0.8213
vn 0.6286 0.4580 -0.6286
vn 0.8213 0.4580 -0.3401
vn 0.8890 0.4580 -0.0000
vn 0.8213 0.4580 0.3402
vn 0.6286 0.4580 0.6286
vn -0.3401 0.4580 0.8213
vn -0.7072 -0.0000 0.7071
vn -0.0000 0.4580 -0.8890
vn -0.3401 0.4580 -0.8213
vn 0.3401 0.4580 -0.8213
vn 0.7071 -0.0000 -0.7072
vn 0.8213 0.4580 -0.3402
vn -0.8890 0.4580 -0.0000
vn 0.3427 0.4453 -0.8272
vn -0.0000 0.4453 -0.8954
vn -0.8955 0.4451 -0.0000
vn -0.8273 0.4451 0.3427
vn -0.3426 0.4454 -0.8272
vn -0.6331 0.4453 -0.6331
vn -0.6331 0.4453 0.6331
vn -0.8273 0.4451 -0.3427
vn -0.0000 0.4453 0.8954
vn 0.3427 0.4451 0.8273
vn 0.8272 0.4453 0.3427
vn 0.8272 0.4453 -0.3426
vn 0.1821 0.8795 -0.4396
vn -0.0000 0.8795 -0.4758
vn -0.4758 0.8795 -0.0000
vn -0.1821 0.8795 0.4396
vn -0.4396 0.8795 -0.1821
vn 0.4396 0.8795 -0.1821
vn 0.4700 0.8827 -0.0000
vn 0.4254 0.9050 -0.0000
vn 0.4254 0.8361 0.3463
vn 0.4700 0.8155 0.3378
vn 0.4254 0.6399 0.6399
vn 0.4699 0.6242 0.6242
vn 0.4255 0.3463 0.8361
vn 0.4699 0.3378 0.8155
vn 0.4254 -0.0000 0.9050
vn 0.4700 -0.0000 0.8827
vn 0.4255 -0.3463 0.8361
vn 0.4699 -0.3378 0.8155
vn 0.4254 -0.6399 0.6399
vn 0.4862 -0.4139 0.7696
vn 0.4254 -0.8361 0.3463
vn 0.7986 -0.5560 0.2303
vn 0.4255 -0.9050 -0.0000
vn 0.7986 -0.6018 -0.0000
vn 0.4254 -0.8361 -0.3463
vn 0.7987 -0.5560 -0.2303
vn 0.4254 -0.6399 -0.6399
vn 0.4862 -0.4139 -0.7696
vn 0.4254 -0.3463 -0.8361
vn 0.4699 -0.3378 -0.8155
vn 0.4255 -0.0000 -0.9050
vn 0.4699 -0.0000 -0.8827
vn 0.4255 0.3463 -0.8361
vn 0.4700 0.3378 -0.8155
vn 0.4254 0.6399 -0.6399
vn 0.4700 0.6241 -0.6242
vn 0.4254 0.8361 -0.3463
vn 0.4700 0.8155 -0.3378
vn 0.4699 0.8155 -0.3378
vn 0.4699 0.8827 -0.0000
vn 0.4699 0.6242 -0.6241
vn 0.4699 0.3378 -0.8155
vn 0.4699 -0.3379 -0.8155
vn -0.0000 -0.2903 -0.9569
vn 0.4862 -0.4140 0.7696
vn -0.0000 -0.2904 0.9569
vn 0.4699 -0.0000 0.8827
vn 0.4699 0.8155 0.3379
vn 0.4770 0.6215 -0.6215
vn 0.4770 0.3363 -0.8120
vn 0.4770 0.3363 0.8120
vn 0.4770 0.6215 0.6215
vn -0.0000 -0.5168 -0.8561
vn 0.4770 -0.3363 -0.8120
vn 0.4770 -0.6214 -0.6215
vn 0.4771 -0.8789 -0.0000
vn 0.4771 -0.8120 0.3363
vn 0.4771 0.8120 0.3363
vn 0.4770 0.8789 -0.0000
vn 0.4770 0.8120 -0.3364
vn 0.4770 -0.3363 0.8120
vn 0.4770 -0.0000 0.8789
vn 0.4770 -0.0000 -0.8789
vn 0.4770 -0.8120 -0.3363
vn -0.0000 -0.5168 0.8561
vn 0.4770 -0.6215 0.6215
vn -0.0000 -1.0000 -0.0001
vn -0.0000 -0.2902 -0.9570
vn -0.0000 -0.5167 -0.8561
vn -0.0000 -0.2902 0.9570
vn 0.4254 -0.3463 0.8361
vn 0.4254 -0.9050 -0.0000
vn 0.4254 -0.0000 -0.9050
vn 0.4254 0.3463 0.8361
vn -0.0000 0.4430 0.8965
vn 0.4254 0.6399 -0.6400
vn 0.4254 -0.8361 0.3464
vn 0.4254 0.3463 -0.8361
vn -0.0000 0.4430 -0.8965
vn -0.6817 0.6287 -0.3742
vn -0.4687 0.4340 -0.7694
vn -0.0736 -0.2162 -0.9736
vn -0.4686 0.4340 0.7694
vn -0.0736 -0.2163 0.9736
vn -0.6817 0.6287 0.3742
vn -0.0000 -0.2903 0.9569
vn -0.0000 -0.5167 0.8561
vn 0.4862 -0.4140 -0.7696
vn 0.0950 -0.9038 0.4172
vn -0.0736 -0.2162 0.9736
vn -0.4674 -0.8503 0.2420
vn -0.8865 -0.4427 -0.1346
vn 0.0950 -0.9038 -0.4172
vn -0.8865 -0.4427 0.1347
vn -0.4674 -0.8503 -0.2420
vn -0.6816 0.6287 -0.3743
vn -0.8270 -0.5597 -0.0529
vn -0.7986 -0.6019 -0.0000
vn -0.4686 0.4340 -0.7695
vn -0.6169 -0.0217 -0.7867
vn -0.6816 0.6287 0.3742
vn -0.8270 -0.5597 0.0529
vn -0.6169 -0.0217 0.7867
vn -0.4674 -0.8503 -0.2421
vn -0.4674 -0.8503 0.2421
vn -0.7206 -0.6467 0.2502
vn -0.7180 -0.6961 -0.0000
vn -0.1818 -0.8028 0.5678
vn -0.7430 -0.5233 0.4172
vn -0.1817 -0.8028 -0.5678
vn -0.7206 -0.6467 -0.2501
vn -0.7430 -0.5234 -0.4171
vn -0.4673 -0.8503 0.2420
vn -0.8866 -0.4426 -0.1346
vn -0.8865 -0.4426 0.1347
vn -0.7430 -0.5235 -0.4172
vn -1.0000 -0.0012 0.0010
vn -1.0000 -0.0031 0.0078
vn -0.7205 -0.6467 -0.2502
vn -1.0000 -0.0007 0.0002
vn -0.7179 -0.6961 -0.0000
vn -0.7205 -0.6468 0.2502
vn -1.0000 -0.0010 0.0001
vn -1.0000 -0.0006 -0.0000
vn -0.7430 -0.5234 0.4172
vn -1.0000 -0.0028 -0.0080
vn -1.0000 -0.0012 -0.0009
vn 0.4770 0.6215 -0.6214
vn 0.4771 0.3363 0.8120
vn 0.4770 -0.8120 0.3363
vn 0.4770 -0.6215 -0.6215
vn 0.4771 -0.0000 -0.8789
vn 0.4771 0.3363 -0.8120
vn 0.4770 0.6214 0.6215
vn 0.5817 -0.1100 -0.8059
vn -0.5817 -0.1100 -0.8059
vn -0.4943 0.0285 -0.8688
vn 0.4943 0.0285 -0.8688
vn -0.5082 0.3337 -0.7940
vn 0.5081 0.3337 -0.7940
vn -0.5176 0.6072 -0.6028
vn 0.5176 0.6072 -0.6028
vn -0.5232 0.7879 -0.3247
vn 0.5232 0.7879 -0.3247
vn -0.5250 0.8511 -0.0000
vn 0.5250 0.8511 -0.0001
vn -0.5230 0.7881 0.3247
vn 0.5229 0.7881 0.3247
vn -0.5171 0.6075 0.6030
vn 0.5171 0.6075 0.6030
vn -0.5074 0.3340 0.7943
vn 0.5074 0.3340 0.7944
vn -0.4861 -0.0113 0.8738
vn 0.4860 -0.0113 0.8739
vn -0.5784 -0.1870 0.7940
vn 0.5784 -0.1870 0.7940
vn -0.9038 0.1533 -0.3995
vn -0.9148 0.2802 -0.2911
vn -0.8685 -0.0603 -0.4920
vn -0.8831 0.0064 -0.4692
vn 0.8577 -0.1115 0.5020
vn 0.8783 -0.0238 0.4774
vn -0.8783 -0.0238 0.4774
vn -0.8577 -0.1114 0.5019
vn 0.9029 0.1538 0.4013
vn -0.9142 0.2809 0.2921
vn -0.9030 0.1538 0.4012
vn 0.9142 0.2810 0.2922
vn -0.9231 0.3846 0.0001
vn -0.9208 0.3587 0.1530
vn 0.9208 0.3588 0.1530
vn -0.9211 0.3582 -0.1525
vn 0.9231 0.3847 0.0001
vn 0.9211 0.3583 -0.1525
vn 0.9147 0.2802 -0.2911
vn 0.9038 0.1533 -0.3996
vn 0.8831 0.0064 -0.4692
vn 0.8685 -0.0603 -0.4920
vn 0.5082 0.3337 -0.7940
vn 0.5074 0.3340 0.7943
vn 0.4861 -0.0113 0.8738
vn 0.9030 0.1538 0.4013
vn 0.9038 0.1533 -0.3995
vn -0.0006 0.9324 0.3614
vn -0.0007 1.0000 -0.0000
vn -0.0006 0.9324 0.3615
vn -0.0003 0.4045 0.9145
vn -0.0005 0.7301 0.6834
vn -0.0005 0.7300 0.6835
vn -0.0003 0.4044 0.9146
vn 0.0002 -0.2324 0.9726
vn -0.0000 0.0547 0.9985
vn 0.0001 -0.2324 0.9726
vn 0.0003 -0.6377 -0.7703
vn 0.0004 -0.9324 -0.3614
vn 0.0004 -0.9324 -0.3615
vn 0.0003 -0.6374 -0.7705
vn -0.0000 0.0548 -0.9985
vn 0.0001 -0.2325 -0.9726
vn 0.0002 -0.2325 -0.9726
vn 0.0004 -1.0000 -0.0000
vn 0.0004 -0.9324 0.3614
vn 0.0004 -0.9324 0.3615
vn -0.0005 0.7301 -0.6834
vn -0.0003 0.4046 -0.9145
vn -0.0003 0.4045 -0.9145
vn -0.0005 0.7300 -0.6835
vn -0.0006 0.9324 -0.3615
vn 0.0003 -0.6377 0.7703
vn 0.0003 -0.6374 0.7706
vn -0.9999 -0.0031 -0.0128
vn -0.9999 -0.0031 0.0127
vn -0.9999 -0.0099 0.0098
vn -0.9999 -0.0054 0.0130
vn -0.9999 -0.0056 0.0128
vn -0.9999 -0.0100 0.0094
vn -0.9999 -0.0134 -0.0000
vn -0.9999 -0.0126 0.0051
vn -0.9999 -0.0125 0.0049
vn -0.9999 -0.0134 -0.0001
vn -0.9999 -0.0098 -0.0097
vn -0.9999 -0.0125 -0.0051
vn -0.9999 -0.0127 -0.0050
vn -0.9999 -0.0101 -0.0096
vn -0.9999 -0.0054 -0.0129
vn -0.9999 -0.0058 -0.0129
vn -0.0000 -0.6058 -0.7956
vn -0.0000 -0.6370 -0.7709
vn -0.0000 0.5244 -0.8514
vn -0.0000 -0.0091 1.0000
vn 0.0004 -1.0000 0.0033
vn 0.0008 -1.0000 0.0066
vn -0.0000 0.9495 -0.3139
vn -0.0000 0.5245 -0.8514
vn -0.0000 0.9909 -0.1348
vn -0.0000 0.9981 -0.0612
vn 0.0069 -0.0000 1.0000
vn 0.0056 1.0000 -0.0000
vn -0.0000 -0.0183 0.9998
vn -0.0000 0.5244 -0.8515
vn 0.0012 -1.0000 -0.0000
vn -0.0000 0.8983 0.4393
vn -0.0000 0.6465 0.7629
vn -0.1216 0.7404 0.6611
vn -0.0000 0.3308 0.9437
vn -0.5579 0.2502 0.7913
vn -0.5497 -0.0000 0.8353
vn -0.0000 -0.3308 0.9437
vn -0.5578 -0.2503 0.7914
vn -0.0000 -0.6465 0.7629
vn -0.1216 -0.7403 0.6611
vn -0.1216 -0.7404 0.6611
vn -0.0000 -0.6466 0.7629
vn -0.0000 -0.8984 0.4393
vn -0.0000 -0.8983 0.4393
vn -0.0000 -0.8981 0.4398
vn -0.0000 -0.6464 0.7630
vn -0.0000 -0.3307 0.9437
vn -0.0000 0.3307 0.9437
vn -0.0000 0.8981 0.4398
vn -0.0000 0.8984 0.4392
vn -0.0000 -0.8984 0.4392
vn -0.4240 -0.5297 0.7346
vn -0.5292 -0.0510 0.8470
vn 0.5579 0.2502 0.7913
vn 0.1216 0.7403 0.6612
vn 0.4241 0.5297 0.7346
vn 0.5292 0.0510 0.8470
vn 0.5497 -0.0000 0.8353
vn 0.5233 -0.0000 0.8522
vn 0.5579 -0.2502 0.7913
vn -0.4241 0.5297 0.7346
vn 0.1216 -0.7403 0.6612
vn 0.5292 -0.0510 0.8470
vn 0.1215 -0.7404 0.6611
vn -0.5292 0.0510 0.8470
vn -0.5233 -0.0000 0.8521
vn 0.5233 -0.0000 0.8521
vn -0.4241 -0.5298 0.7345
vn 0.4241 -0.5297 0.7345
vn -0.5233 -0.0000 0.8522
vn 0.4241 -0.5297 0.7346
vn -0.4241 -0.5297 0.7346
vn 0.4240 -0.5297 0.7346
vn -0.7071 0.7071 -0.0000
vn -0.7071 -0.7071 -0.0000
vn 0.7071 -0.7071 -0.0000
vn 0.7071 0.7071 -0.0000
vn -0.0116 -0.0000 0.9999
vn -0.0084 0.0059 0.9999
vn -0.0041 -0.0050 1.0000
vn -0.0055 -0.0000 1.0000
vn -0.0038 -0.0000 1.0000
vn -0.0145 0.0072 0.9999
vn -0.0083 0.0230 0.9997
vn -0.0107 -0.0000 0.9999
vn -0.0017 -0.0038 1.0000
vn -0.0035 0.0077 1.0000
vn -0.0028 0.0377 0.9993
vn -0.0139 0.0415 0.9990
vn -0.0028 -0.0099 0.9999
vn -0.0026 -0.0057 1.0000
vn 0.0112 0.9999 -0.0000
vn 0.0138 -0.0000 0.9999
vn 0.0023 -1.0000 -0.0000
vn 0.3828 -0.0000 0.9239
vn 0.3828 -0.0000 0.9238
vn -0.9238 -0.0000 -0.3828
vn -0.9239 -0.0000 -0.3828
vn 0.3828 -0.0000 -0.9238
vn 0.3828 -0.0000 -0.9239
vn 0.9239 -0.0000 -0.3828
vn 0.9238 -0.0000 -0.3828
vn 0.7072 -0.0000 0.7071
vn -0.0001 -0.0000 1.0000
vn -0.4480 -0.8940 -0.0000
vn -0.4480 -0.8260 -0.3421
vn -0.4480 -0.6322 -0.6322
vn -0.4480 -0.3421 -0.8260
vn -0.4480 -0.0000 -0.8940
vn -0.4480 0.3421 -0.8260
vn -0.4480 0.6322 -0.6322
vn -0.0000 0.5168 -0.8561
vn -0.4480 0.8259 -0.3422
vn -0.4480 0.8940 -0.0000
vn -0.4480 0.8260 0.3421
vn -0.4480 0.6322 0.6322
vn -0.0000 0.6588 0.7523
vn -0.4480 0.3421 0.8260
vn -0.4480 -0.0000 0.8940
vn -0.4480 -0.3422 0.8260
vn -0.4480 -0.6322 0.6322
vn -0.4480 -0.8260 0.3421
vn -0.4481 -0.8940 -0.0000
vn -0.0000 -1.0000 0.0001
vn -0.4480 -0.6322 -0.6321
vn -0.4480 -0.3421 0.8260
vn -0.4480 0.8260 -0.3421
vn -0.0000 0.7071 -0.7072
vn -0.0000 -0.7072 0.7071
vn -0.0001 -1.0000 0.0001
vn 0.0001 -1.0000 -0.0000
vn -0.0000 0.9239 -0.3826
vn -0.0000 -0.3826 -0.9239
vn -0.0000 -0.9239 -0.3826
vn -0.0000 -0.3826 0.9239
vn 0.0001 0.5168 -0.8561
vn -0.1424 -0.0000 -0.9898
vn -0.0000 0.5167 -0.8561
vn 0.4986 -0.0000 -0.8668
vn 0.0394 -0.9992 -0.0000
vn 0.6571 -0.7538 -0.0000
vn 0.6572 -0.7538 -0.0000
vn 0.9845 -0.1753 -0.0000
vn -0.0000 0.8923 -0.4515
vn -0.8151 0.5435 -0.2004
vn -0.0000 0.5924 -0.8057
vn -0.0000 -0.3099 -0.9508
vn 0.3721 -0.9282 -0.0000
vn 0.6908 -0.7230 -0.0000
vn -0.6908 0.7230 -0.0000
vn -0.3721 0.9282 -0.0000
vn 0.9987 0.0508 -0.0000
vn -0.4986 -0.0000 -0.8668
vn 0.3826 -0.0000 -0.9239
vn 0.3825 -0.0000 0.9239
vn 0.3829 -0.0000 0.9238
vn -0.9239 -0.0000 -0.3825
vn -0.7071 -0.0000 -0.7072
vn -0.9655 -0.0000 -0.2604
vn 0.9655 -0.0000 -0.2603
vn 0.9239 -0.0000 0.3826
vn 0.9238 -0.0000 0.3828
vn -0.3828 -0.0000 0.9238
vn -0.7072 -0.0000 -0.7071
vn -0.9238 -0.0000 -0.3829
vn -0.9238 -0.0000 0.3828
vn -0.0001 -0.0000 -1.0000
vn -0.3828 -0.0000 -0.9238
vn 0.3829 -0.0000 -0.9238
vn 0.9238 -0.0000 -0.3829
vn 0.3442 0.6639 -0.6639
vn 0.3442 0.3593 -0.8674
vn 0.3442 -0.0000 -0.9389
vn 0.3442 -0.3593 -0.8674
vn 0.3442 -0.8675 0.3593
vn 0.3441 -0.6639 0.6639
vn 0.3441 -0.6639 -0.6639
vn 0.3442 -0.8674 -0.3593
vn -0.0000 -0.0001 1.0000
vn 0.3442 -0.3592 0.8675
vn 0.3442 -0.0000 0.9389
vn 0.3442 0.3593 0.8674
vn 0.3442 0.6639 0.6639
vn 0.3441 0.8674 0.3594
vn 0.3442 0.9389 -0.0000
vn 0.3441 0.8675 -0.3592
vn 0.3442 -0.9389 -0.0000
vn 0.3442 0.8674 0.3593
vn 0.7884 0.5683 0.2354
vn 0.7884 0.6151 -0.0000
vn 0.3442 0.8674 -0.3593
vn 0.7884 0.5683 -0.2354
vn 0.7885 0.4349 -0.4349
vn 0.7885 0.2354 -0.5683
vn 0.7884 -0.0000 -0.6151
vn 0.3442 -0.8674 0.3593
vn 0.7885 -0.6151 -0.0000
vn 0.7885 -0.5682 0.2354
vn 0.3442 -0.6639 -0.6639
vn 0.7884 -0.2354 -0.5683
vn 0.7885 -0.4350 -0.4349
vn 0.3442 -0.3593 0.8674
vn 0.3443 -0.6639 0.6639
vn 0.7885 -0.4349 0.4349
vn 0.7885 -0.2354 0.5682
vn 0.7885 -0.5683 -0.2354
vn 0.7885 -0.0000 0.6150
vn 0.7885 0.2354 0.5682
vn 0.3443 0.6639 0.6639
vn 0.7885 0.4349 0.4349
vn -0.1277 0.9918 -0.0002
vn -0.0000 1.0000 -0.0001
vn -0.0868 0.6887 0.7198
vn 0.0080 -0.0305 0.9995
vn 0.0081 -0.0305 0.9995
vn 0.0918 -0.7180 0.6900
vn 0.1225 -0.9925 -0.0000
vn 0.0917 -0.7183 -0.6897
vn -0.0000 -0.0001 -1.0000
vn 0.0079 -0.0304 -0.9995
vn -0.0868 0.6887 -0.7198
vn -0.5808 0.8140 -0.0000
vn -0.3749 0.5326 -0.7588
vn 0.0527 -0.0665 -0.9964
vn 0.4199 -0.6090 -0.6729
vn 0.5624 -0.8269 -0.0001
vn 0.4199 -0.6090 0.6729
vn 0.0528 -0.0665 0.9964
vn 0.0527 -0.0665 0.9964
vn -0.3749 0.5326 0.7588
vn -0.7688 0.6395 0.0003
vn -0.5568 0.4632 -0.6895
vn -0.0189 0.0140 -0.9997
vn 0.5343 -0.4541 -0.7130
vn 0.7610 -0.6488 -0.0002
vn 0.5343 -0.4541 0.7130
vn -0.0191 0.0140 0.9997
vn -0.0191 0.0141 0.9997
vn -0.5568 0.4632 0.6895
vn -0.5851 0.8110 -0.0000
vn -0.4221 0.5893 -0.6889
vn -0.0197 0.0326 -0.9993
vn 0.3988 -0.5594 -0.7267
vn 0.5780 -0.8161 -0.0002
vn 0.3988 -0.5594 0.7266
vn -0.0197 0.0325 0.9993
vn -0.0197 0.0326 0.9993
vn -0.4221 0.5893 0.6889
vn -0.2841 0.9588 0.0001
vn -0.2059 0.6981 -0.6858
vn -0.0117 0.0419 -0.9991
vn 0.1923 -0.6568 -0.7291
vn 0.2797 -0.9601 -0.0002
vn 0.1922 -0.6567 0.7293
vn -0.0118 0.0420 0.9990
vn -0.0118 0.0421 0.9990
vn -0.2062 0.6981 0.6857
vn -0.0525 0.9986 -0.0000
vn -0.0383 0.7138 -0.6993
vn -0.0017 0.0130 -0.9999
vn 0.0372 -0.7010 -0.7122
vn 0.0539 -0.9985 -0.0001
vn 0.0372 -0.7010 0.7122
vn -0.0018 0.0130 0.9999
vn -0.0018 0.0131 0.9999
vn -0.0383 0.7138 0.6993
vn 0.0136 0.9990 -0.0419
vn 0.1230 0.6859 -0.7172
vn 0.1589 -0.0021 -0.9873
vn 0.1199 -0.6881 -0.7157
vn 0.0131 -0.9991 -0.0406
vn -0.1238 -0.7279 0.6744
vn -0.1912 0.0029 0.9816
vn -0.1912 0.0030 0.9815
vn -0.1258 0.7300 0.6717
vn 0.0558 0.9973 -0.0467
vn 0.4256 0.6696 -0.6087
vn 0.5486 -0.0004 -0.8361
vn 0.4333 -0.6666 -0.6066
vn 0.0869 -0.9952 -0.0450
vn -0.4314 -0.7414 0.5141
vn -0.6995 0.0074 0.7146
vn -0.6995 0.0075 0.7146
vn -0.4575 0.7326 0.5041
vn -0.0843 0.9963 0.0177
vn 0.5316 0.7257 -0.4367
vn 0.7698 0.0563 -0.6358
vn 0.6056 -0.6435 -0.4681
vn -0.0045 -0.9999 0.0112
vn -0.6911 -0.6071 0.3921
vn -0.8864 0.0450 0.4607
vn -0.8864 0.0451 0.4607
vn -0.6747 0.6421 0.3639
vn -0.0000 0.3826 -0.9239
vn -0.0000 0.7070 -0.7072
vn -0.0000 0.7071 0.7072
vn -0.0000 0.3826 0.9239
vn -0.0000 -0.9239 0.3826
vn -0.0005 0.7075 0.7067
vn -0.0007 0.9241 0.3822
vn 0.3093 0.8625 0.4005
vn 0.2144 0.6503 0.7288
vn -0.0004 -0.7075 -0.7067
vn -0.0008 -0.9239 -0.3827
vn -0.2300 -0.8992 -0.3721
vn -0.1856 -0.6981 -0.6915
vn -0.0001 0.3832 0.9237
vn 0.0986 0.3354 0.9369
vn -0.0007 0.9239 -0.3827
vn -0.0004 0.7072 -0.7070
vn 0.2144 0.6503 -0.7288
vn 0.3093 0.8625 -0.4005
vn -0.0008 -1.0000 -0.0000
vn -0.0007 -0.9241 0.3822
vn -0.2300 -0.8992 0.3722
vn -0.2449 -0.9695 0.0003
vn -0.0004 -0.7076 0.7066
vn -0.0001 -0.3831 0.9237
vn -0.1128 -0.3946 0.9119
vn -0.1856 -0.6981 0.6915
vn -0.0001 0.3830 -0.9237
vn 0.0986 0.3354 -0.9369
vn -0.0000 0.0001 1.0000
vn -0.0152 -0.0320 0.9994
vn -0.1128 -0.3945 0.9119
vn -0.0008 1.0000 -0.0000
vn -0.0153 -0.0321 -0.9994
vn -0.0001 -0.3831 -0.9237
vn -0.1128 -0.3946 -0.9119
vn 0.3143 0.1601 0.9357
vn -0.0760 -0.0140 0.9970
vn -0.6593 -0.3643 0.6577
vn -0.8049 -0.4800 0.3490
vn -0.4157 -0.1976 0.8878
vn 0.9123 0.4095 -0.0000
vn 0.8473 0.3858 0.3651
vn -0.0757 -0.0137 -0.9970
vn 0.3143 0.1601 -0.9357
vn -0.6593 -0.3643 -0.6577
vn -0.4157 -0.1976 -0.8878
vn 0.8473 0.3858 -0.3651
vn -0.8535 -0.5210 0.0001
vn -0.8049 -0.4799 -0.3490
vn 0.6453 0.3027 0.7014
vn 0.6454 0.3027 -0.7014
vn -0.4158 -0.1976 0.8877
vn -0.9576 -0.0000 -0.2883
vn -0.4802 -0.0000 -0.8771
vn 0.0228 -0.0000 -0.9997
vn 0.9596 -0.0000 0.2814
vn 0.8165 -0.0000 0.5774
vn -0.8061 -0.0000 -0.5918
vn 0.5106 -0.0000 0.8598
vn 0.8165 -0.0000 -0.5774
vn 0.9596 -0.0000 -0.2814
vn -0.9576 -0.0000 0.2883
vn -0.4804 -0.0000 0.8771
vn -0.8061 -0.0000 0.5918
vn 0.5106 -0.0000 -0.8598
vn 0.0228 -0.0000 0.9997
vn -0.4803 -0.0000 0.8771
vn 0.0339 0.9288 0.3690
vn 0.0377 0.9993 -0.0001
vn -0.0000 -0.3984 0.9172
vn 0.0012 0.0015 1.0000
vn 0.0339 0.9288 -0.3691
vn -0.0000 -0.7072 0.7070
vn 0.0156 -0.9308 0.3652
vn 0.0068 -0.7252 0.6885
vn 0.0109 0.3988 0.9170
vn -0.0000 0.7072 -0.7070
vn 0.0238 0.7223 -0.6912
vn 0.0109 0.3987 -0.9170
vn -0.0000 -0.3985 0.9172
vn 0.0194 -0.9998 -0.0000
vn -0.0000 0.7072 0.7070
vn 0.0238 0.7223 0.6912
vn -0.0000 -0.7072 -0.7070
vn 0.0068 -0.7253 -0.6885
vn 0.0156 -0.9308 -0.3652
vn -0.0000 -0.3825 -0.9239
vn -0.0000 0.0001 -1.0000
vn 0.0012 0.0017 -1.0000
vn -0.0000 -0.3984 -0.9172
vn 0.4761 0.7934 -0.3794
vn 0.3634 0.6181 -0.6971
vn 0.2032 0.3606 0.9103
vn 0.3634 0.6181 0.6971
vn -0.3144 -0.5656 -0.7624
vn -0.4356 -0.7895 -0.4323
vn 0.4761 0.7934 0.3793
vn 0.0232 0.0545 -0.9982
vn -0.1544 -0.2670 -0.9512
vn -0.4830 -0.8756 0.0001
vn 0.2032 0.3606 -0.9103
vn 0.5166 0.8562 -0.0002
vn -0.1544 -0.2670 0.9512
vn 0.0232 0.0545 0.9982
vn -0.4356 -0.7895 0.4323
vn -0.3144 -0.5655 0.7624
vn -0.1545 -0.2670 0.9512
vn 0.4032 0.1112 -0.9083
vn 0.0343 0.0055 -0.9994
vn 0.8927 0.2637 0.3654
vn 0.9584 0.2853 0.0002
vn -0.3482 -0.0964 0.9324
vn 0.0347 0.0056 0.9994
vn 0.8927 0.2637 -0.3654
vn -0.8942 -0.2294 0.3845
vn -0.6770 -0.1784 0.7140
vn 0.4032 0.1112 0.9083
vn 0.7013 0.2023 -0.6835
vn -0.3483 -0.0965 0.9324
vn -0.9692 -0.2463 -0.0000
vn 0.7013 0.2023 0.6835
vn -0.6770 -0.1784 -0.7140
vn -0.8942 -0.2294 -0.3845
vn -0.3482 -0.0964 -0.9324
vn 0.9416 0.0919 0.3238
vn 0.9993 -0.0192 -0.0314
vn -0.4205 0.3065 0.8540
vn -0.0059 0.3295 0.9442
vn 0.9178 -0.1192 -0.3787
vn -0.9439 0.1032 0.3138
vn -0.7475 0.2225 0.6259
vn 0.4101 0.2869 0.8657
vn 0.7074 -0.1978 -0.6786
vn 0.3875 -0.2491 -0.8876
vn -0.9992 -0.0231 -0.0340
vn 0.7411 0.1997 0.6409
vn -0.7062 -0.2139 -0.6749
vn -0.9167 -0.1335 -0.3767
vn 0.0002 -0.2703 -0.9628
vn -0.3868 -0.2594 -0.8849
vn 0.9171 -0.3420 -0.2047
vn 0.7157 -0.6010 -0.3558
vn 0.4192 0.8043 0.4212
vn 0.7617 0.5663 0.3147
vn -0.7024 -0.6246 -0.3415
vn -0.9141 -0.3572 -0.1919
vn 0.9525 0.2627 0.1542
vn 0.0162 -0.8701 -0.4926
vn -0.3773 -0.8096 -0.4496
vn -0.9986 -0.0481 -0.0233
vn 0.4036 -0.7917 -0.4586
vn 0.9985 -0.0480 -0.0274
vn -0.4419 0.8040 0.3980
vn -0.0187 0.8940 0.4476
vn -0.9510 0.2736 0.1442
vn -0.7646 0.5751 0.2911
vn -0.4419 0.8039 0.3980
vn 0.4025 -0.9154 -0.0000
vn 0.0249 -0.9997 -0.0000
vn 0.9230 0.3848 -0.0000
vn 1.0000 -0.0011 -0.0000
vn -0.4032 0.9151 -0.0000
vn -0.0254 0.9997 -0.0000
vn 0.9252 -0.3795 -0.0000
vn -0.9263 0.3769 -0.0000
vn -0.7171 0.6969 -0.0000
vn 0.3630 0.9318 -0.0000
vn 0.7161 -0.6980 -0.0000
vn -1.0000 -0.0025 -0.0000
vn 0.6989 0.7152 -0.0000
vn -0.6976 -0.7165 -0.0000
vn -0.9217 -0.3878 -0.0000
vn -0.3628 -0.9319 -0.0000
vn -0.5356 0.7295 0.4254
vn -0.0000 0.8638 0.5038
vn -1.0000 -0.0001 -0.0000
vn -1.0000 0.0002 0.0001
vn -0.5356 -0.7294 -0.4255
vn -0.5356 -0.7295 -0.4255
vn -0.0001 -0.8638 -0.5038
vn 0.5356 -0.7294 -0.4254
vn 0.5356 -0.7295 -0.4255
vn -0.0000 -0.8638 -0.5038
vn 0.0001 -0.8638 -0.5038
vn 1.0000 0.0002 0.0001
vn 0.5356 0.7295 0.4254
vn -0.5357 0.7294 0.4254
vn -0.0001 0.8638 0.5038
vn -0.5357 -0.7294 -0.4254
vn -0.5356 -0.7294 -0.4254
vn 0.5356 -0.7295 -0.4254
vn -0.5749 0.8182 -0.0000
vn -0.5752 0.8180 -0.0000
vn -0.9934 0.1147 -0.0000
vn -0.9851 0.1722 0.0005
vn -0.5749 0.8182 0.0007
vn -0.9934 0.1146 -0.0000
vn -0.0000 -0.4964 0.8681
vn 0.3321 -0.4963 0.8021
vn -0.8021 -0.4964 -0.3321
vn -0.8681 -0.4963 -0.0000
vn -0.6139 -0.4963 0.6139
vn -0.3322 -0.4963 0.8020
vn -0.3322 -0.4964 -0.8020
vn -0.6139 -0.4963 -0.6138
vn -0.7072 -0.0000 -0.7070
vn -0.8020 -0.4963 0.3322
vn 0.3321 -0.4964 -0.8021
vn -0.0000 -0.4964 -0.8681
vn 0.8021 -0.4964 -0.3321
vn 0.6139 -0.4963 -0.6139
vn 0.8020 -0.4963 0.3322
vn 0.8681 -0.4964 -0.0000
vn 0.6138 -0.4963 0.6139
vn 0.7070 -0.0000 0.7072
vn -0.0000 -0.4963 0.8681
vn 0.5882 -0.5547 0.5885
vn 0.7687 -0.5548 0.3183
vn -0.0000 -0.5547 0.8321
vn 0.3184 -0.5546 0.7688
vn -0.7688 -0.5546 -0.3184
vn -0.8320 -0.5547 -0.0000
vn -0.5884 -0.5547 0.5884
vn -0.3185 -0.5547 0.7687
vn -0.3183 -0.5547 -0.7688
vn -0.5885 -0.5547 -0.5882
vn -0.7687 -0.5547 0.3185
vn 0.3181 -0.5547 -0.7688
vn -0.0000 -0.5546 -0.8321
vn 0.7688 -0.5547 -0.3181
vn 0.5883 -0.5547 -0.5883
vn 0.8321 -0.5546 -0.0000
vn -0.6296 0.4551 0.6296
vn -0.3409 0.4552 0.8226
vn -0.3406 0.4552 -0.8227
vn -0.6297 0.4551 -0.6295
vn -0.8904 0.4552 -0.0000
vn -0.8226 0.4551 0.3409
vn 0.3404 0.4551 -0.8228
vn 0.0001 0.4551 -0.8904
vn 0.8227 0.4552 -0.3405
vn 0.6296 0.4552 -0.6296
vn 0.8227 0.4552 0.3406
vn 0.8904 0.4551 0.0001
vn 0.3407 0.4551 0.8227
vn 0.6295 0.4552 0.6297
vn -0.0000 0.4552 0.8904
vn -0.8226 0.4551 -0.3408
vn -0.3486 0.4130 0.8414
vn -0.0000 0.4131 0.9107
vn -0.6439 0.4130 -0.6441
vn -0.8414 0.4130 -0.3486
vn -0.8414 0.4130 0.3486
vn -0.6440 0.4130 0.6440
vn -0.0000 0.4130 -0.9107
vn -0.3486 0.4130 -0.8414
vn 0.6440 0.4130 -0.6440
vn 0.3486 0.4130 -0.8414
vn 0.9107 0.4130 0.0001
vn 0.8414 0.4130 -0.3486
vn 0.6441 0.4130 0.6439
vn 0.8414 0.4130 0.3486
vn 0.3485 0.4130 0.8414
vn -0.9107 0.4130 -0.0000
vn -0.0000 -0.4388 0.8986
vn 0.3439 -0.4388 0.8302
vn -0.8302 -0.4388 -0.3439
vn -0.8986 -0.4388 -0.0000
vn -0.6354 -0.4388 0.6354
vn -0.3439 -0.4388 0.8302
vn -0.3439 -0.4388 -0.8301
vn -0.6353 -0.4388 -0.6355
vn -0.8302 -0.4388 0.3439
vn 0.3439 -0.4389 -0.8301
vn -0.0000 -0.4388 -0.8986
vn 0.8301 -0.4388 -0.3439
vn 0.6354 -0.4388 -0.6354
vn 0.8301 -0.4388 0.3439
vn 0.8986 -0.4388 -0.0000
vn 0.6355 -0.4388 0.6353
vn -0.0001 -0.4388 0.8986
vn 0.3345 -0.4859 0.8075
vn 0.6180 -0.4859 0.6180
vn -0.3344 -0.4859 0.8075
vn -0.0000 -0.4859 0.8740
vn -0.6180 -0.4859 -0.6180
vn -0.8075 -0.4859 -0.3345
vn -0.8075 -0.4859 0.3345
vn -0.6180 -0.4859 0.6180
vn -0.0000 -0.4859 -0.8740
vn -0.3345 -0.4859 -0.8075
vn 0.6180 -0.4859 -0.6180
vn 0.3344 -0.4859 -0.8075
vn 0.8740 -0.4859 -0.0000
vn 0.8075 -0.4859 -0.3345
vn 0.8075 -0.4859 0.3345
vn -0.8740 -0.4859 -0.0000
vn 0.8075 -0.4859 0.3344
vn 0.5457 0.6360 0.5456
vn 0.7129 0.6361 0.2953
vn 0.3346 -0.4859 0.8074
vn -0.0000 0.6361 0.7716
vn 0.2953 0.6361 0.7129
vn -0.7129 0.6361 -0.2952
vn -0.7716 0.6361 -0.0000
vn -0.5457 0.6360 0.5456
vn -0.2953 0.6361 0.7129
vn -0.3346 -0.4859 -0.8074
vn -0.2952 0.6361 -0.7129
vn -0.5457 0.6360 -0.5456
vn -0.8074 -0.4859 0.3346
vn -0.7128 0.6361 0.2954
vn 0.3345 -0.4859 -0.8075
vn 0.2953 0.6360 -0.7129
vn -0.0000 0.6361 -0.7716
vn 0.8074 -0.4859 -0.3346
vn 0.7129 0.6361 -0.2953
vn 0.5457 0.6360 -0.5456
vn 0.7716 0.6361 -0.0000
vn -0.0001 0.6361 0.7716
vn 0.7717 0.6360 -0.0000
vn 0.7129 0.6360 0.2953
vn 0.7626 0.5645 0.3159
vn 0.8255 0.5645 -0.0000
vn 0.5457 0.6360 0.5457
vn 0.2953 0.6360 0.7129
vn 0.3159 0.5644 0.7626
vn 0.5837 0.5645 0.5837
vn -0.0000 0.6360 0.7717
vn -0.2953 0.6360 0.7129
vn -0.3159 0.5644 0.7627
vn -0.0000 0.5644 0.8255
vn -0.7129 0.6360 -0.2953
vn -0.5457 0.6360 -0.5457
vn -0.5837 0.5645 -0.5837
vn -0.7626 0.5645 -0.3159
vn -0.5457 0.6360 0.5457
vn -0.7130 0.6360 0.2953
vn -0.7626 0.5644 0.3159
vn -0.5837 0.5644 0.5837
vn -0.2953 0.6360 -0.7129
vn -0.0000 0.6360 -0.7717
vn -0.0000 0.5645 -0.8255
vn -0.3159 0.5644 -0.7626
vn 0.5456 0.6360 -0.5457
vn 0.5837 0.5644 -0.5837
vn 0.3159 0.5645 -0.7626
vn 0.7129 0.6360 -0.2953
vn 0.7626 0.5644 -0.3159
vn -0.7717 0.6360 -0.0000
vn -0.8255 0.5644 -0.0000
vn 0.7626 0.5645 -0.3159
vn 0.8254 0.5645 -0.0000
vn 0.9575 -0.2885 -0.0000
vn 0.8846 -0.2885 -0.3665
vn 0.5837 0.5645 0.5836
vn 0.6770 -0.2885 0.6771
vn 0.8846 -0.2885 0.3665
vn 0.3159 0.5645 0.7626
vn -0.0000 0.5645 0.8254
vn -0.0000 -0.2884 0.9575
vn 0.3664 -0.2884 0.8846
vn -0.8254 0.5645 -0.0000
vn -0.8846 -0.2884 -0.3664
vn -0.9575 -0.2884 0.0001
vn -0.3159 0.5645 0.7626
vn -0.5837 0.5645 0.5837
vn -0.6770 -0.2885 0.6771
vn -0.3664 -0.2884 0.8846
vn -0.5836 0.5645 -0.5837
vn -0.3159 0.5645 -0.7626
vn -0.3665 -0.2885 -0.8846
vn -0.6771 -0.2885 -0.6770
vn -0.7626 0.5645 0.3158
vn -0.8846 -0.2884 0.3663
vn -0.0000 0.5645 -0.8254
vn 0.3158 0.5645 -0.7626
vn 0.3665 -0.2885 -0.8846
vn -0.0000 -0.2885 -0.9575
vn 0.5837 0.5645 -0.5837
vn 0.6771 -0.2884 -0.6770
vn 0.0001 0.5645 0.8254
vn 0.4683 -0.8620 -0.1939
vn 0.3584 -0.8620 -0.3584
vn 0.4683 -0.8620 0.1940
vn 0.5068 -0.8620 -0.0000
vn 0.1939 -0.8620 0.4683
vn 0.3584 -0.8620 0.3584
vn -0.1940 -0.8620 0.4683
vn -0.3584 -0.8620 -0.3584
vn -0.4683 -0.8620 -0.1940
vn -0.4683 -0.8620 0.1940
vn -0.3584 -0.8620 0.3584
vn -0.0000 -0.8620 -0.5069
vn -0.1940 -0.8620 -0.4683
vn 0.1940 -0.8620 -0.4683
vn -0.0000 -0.8620 0.5068
vn -0.5069 -0.8620 -0.0000
vn -0.0276 0.7188 -0.6946
vn -0.0395 0.9992 0.0001
vn -0.1920 0.9814 -0.0001
vn -0.1291 0.6791 -0.7226
vn -0.0032 0.0064 -1.0000
vn 0.0195 -0.0456 -0.9988
vn 0.0092 -0.7147 -0.6994
vn 0.1400 -0.7212 -0.6784
vn 0.0096 -1.0000 -0.0000
vn 0.1795 -0.9838 -0.0000
vn 0.0093 -0.7147 0.6994
vn 0.1400 -0.7211 0.6785
vn -0.0032 0.0065 1.0000
vn 0.0196 -0.0459 0.9988
vn -0.0276 0.7188 0.6947
vn -0.1291 0.6791 0.7226
vn -0.0276 0.7188 0.6946
vn -0.1290 0.6791 0.7226
vn -0.3150 0.6714 -0.6709
vn -0.4374 0.8993 -0.0000
vn -0.0274 0.0846 -0.9960
vn 0.2537 -0.5994 -0.7592
vn 0.3730 -0.9278 -0.0000
vn 0.2537 -0.5994 0.7592
vn -0.0274 0.0846 0.9960
vn -0.3149 0.6713 0.6709
vn -0.3150 0.6713 0.6709
vn -0.6946 0.2773 -0.6638
vn -0.9245 0.3811 0.0002
vn -0.0915 0.0256 -0.9955
vn 0.6039 -0.2464 -0.7580
vn 0.9256 -0.3785 -0.0000
vn 0.6038 -0.2465 0.7580
vn -0.0919 0.0256 0.9954
vn -0.6945 0.2773 0.6639
vn -0.6946 0.2773 0.6638
vn -0.6836 -0.0000 -0.7298
vn -1.0000 -0.0000 -0.0001
vn 0.1289 -0.0000 -0.9917
vn 0.7924 -0.0000 -0.6100
vn 0.7925 -0.0000 0.6099
vn 0.1289 -0.0000 0.9917
vn -0.6837 -0.0000 0.7297
vn -0.6838 -0.0000 0.7297
vn -0.7091 0.7051 0.0001
vn -0.4550 0.4542 -0.7660
vn 0.0662 -0.0729 -0.9951
vn 0.5245 -0.5308 -0.6657
vn 0.7062 -0.7080 -0.0005
vn 0.5245 -0.5308 0.6657
vn 0.0662 -0.0731 0.9951
vn -0.4550 0.4541 0.7660
vn -0.4550 0.4542 0.7660
vn -0.9378 0.3472 -0.0000
vn -0.6514 0.2442 -0.7183
vn 0.0507 -0.0229 -0.9985
vn 0.6921 -0.2809 -0.6649
vn 0.9259 -0.3778 -0.0000
vn 0.6921 -0.2809 0.6649
vn 0.0507 -0.0229 0.9985
vn -0.6514 0.2442 0.7184
vn -0.6514 0.2443 0.7183
vn -0.9655 0.2604 -0.0000
vn 0.9655 0.2603 -0.0000
vn 0.4986 0.8668 -0.0000
vn 0.4986 0.8668 -0.0002
vn -0.4986 0.8668 -0.0000
vn -0.2604 -0.9655 -0.0000
vn -0.2604 0.9655 -0.0000
vn -0.2603 0.9655 -0.0000
vn -0.8668 0.4986 -0.0000
vn -0.8668 -0.4986 -0.0000
vn -0.0108 -0.0506 0.9987
vn -0.0016 1.0000 -0.0044
vn -0.8453 0.5343 -0.0024
vn -0.0092 0.9997 -0.0244
vn -1.0000 -0.0069 -0.0000
vn 0.0001 1.0000 -0.0000
vn -0.0000 -0.0306 0.9995
vn -0.0000 -0.2574 -0.9663
vn -0.0000 -0.6055 0.7958
vn -0.0000 -0.6571 -0.7538
vn 0.9572 -0.2423 -0.1581
vn 0.8161 -0.4840 -0.3157
vn 0.1093 -0.2426 -0.9640
vn 0.7101 -0.1561 -0.6866
vn -0.5763 0.1092 0.8099
vn -0.9500 0.2603 0.1727
vn -0.3931 0.9069 0.1521
vn -0.1275 0.5374 0.8336
vn -0.9563 -0.2923 -0.0000
vn -0.2034 -0.9791 -0.0000
vn -0.7757 -0.6311 -0.0000
vn 0.6217 0.1864 0.7607
vn 0.3013 0.0585 0.9517
vn 0.3339 0.9426 -0.0000
vn -0.0775 -0.0646 0.9949
vn 0.7101 -0.1561 -0.6865
vn 0.1092 -0.2426 -0.9640
vn -0.2883 -0.0377 -0.9568
vn 0.0403 0.0336 -0.9986
vn 0.0013 1.0000 -0.0000
vn -0.7433 0.6690 -0.0000
vn 0.7466 -0.6652 -0.0000
vn -0.0962 -0.1081 0.9895
vn -0.0961 -0.1082 0.9895
vn 0.0962 0.1081 -0.9895
vn -0.6416 0.7670 -0.0000
vn 0.6357 -0.7719 -0.0000
vn -0.0633 -0.0711 0.9955
vn -0.0633 -0.0712 0.9955
vn 0.0633 0.0711 -0.9955
vn 0.0633 0.0712 -0.9955
vn -0.5729 0.8197 -0.0000
vn 0.5620 -0.8271 -0.0000
vn -0.0311 -0.0350 0.9989
vn -0.0311 -0.0349 0.9989
vn 0.0311 0.0349 -0.9989
vn 0.0311 0.0350 -0.9989
vn -0.8307 0.5567 -0.0000
vn 0.8426 -0.5386 -0.0000
vn -0.1098 -0.1234 0.9863
vn -0.1097 -0.1234 0.9863
vn 0.1098 0.1234 -0.9863
vn 0.1097 0.1234 -0.9863
vn -0.9196 0.3929 -0.0000
vn 0.9369 -0.3495 -0.0000
vn -0.1136 -0.1276 0.9853
vn -0.1135 -0.1276 0.9853
vn 0.1136 0.1276 -0.9853
vn 0.1135 0.1276 -0.9853
vn -0.6279 -0.1524 -0.7632
vn -0.0000 -0.6058 0.7956
vn -0.0000 -0.6370 0.7709
vn -0.0000 0.5244 0.8514
vn -0.0000 -0.0091 -1.0000
vn 0.0004 -1.0000 -0.0033
vn 0.0008 -1.0000 -0.0066
vn -0.0000 0.9495 0.3139
vn -0.0000 0.5245 0.8514
vn -0.0000 0.9909 0.1348
vn -0.0000 0.9981 0.0612
vn 0.0069 -0.0000 -1.0000
vn -0.0000 -0.0183 -0.9998
vn -0.0000 0.5244 0.8515
vn -0.0000 0.8983 -0.4393
vn -0.1216 0.7404 -0.6611
vn -0.0000 0.6465 -0.7629
vn -0.5579 0.2502 -0.7913
vn -0.0000 0.3308 -0.9437
vn -0.5497 -0.0000 -0.8353
vn -0.5579 -0.2503 -0.7913
vn -0.0000 -0.3308 -0.9437
vn -0.1216 -0.7403 -0.6612
vn -0.0000 -0.6465 -0.7629
vn -0.1216 -0.7404 -0.6611
vn -0.0000 -0.8983 -0.4393
vn -0.0000 -0.8984 -0.4393
vn -0.0000 -0.6466 -0.7629
vn -0.0000 -0.8981 -0.4398
vn -0.0000 -0.6464 -0.7630
vn -0.0000 -0.3307 -0.9437
vn -0.0000 0.3307 -0.9437
vn -0.0000 0.8981 -0.4398
vn -0.0000 0.8984 -0.4392
vn -0.0000 -0.8984 -0.4392
vn -0.5292 -0.0510 -0.8470
vn -0.4240 -0.5297 -0.7346
vn 0.5579 0.2502 -0.7913
vn 0.5292 0.0510 -0.8470
vn 0.4241 0.5297 -0.7346
vn 0.1216 0.7403 -0.6612
vn 0.5497 -0.0000 -0.8353
vn 0.5233 -0.0000 -0.8522
vn 0.5579 -0.2502 -0.7913
vn -0.4241 0.5297 -0.7346
vn 0.1216 -0.7403 -0.6612
vn 0.5292 -0.0510 -0.8470
vn 0.1215 -0.7404 -0.6611
vn -0.5292 0.0510 -0.8470
vn -0.5233 -0.0000 -0.8522
vn 0.4241 -0.5298 -0.7345
vn -0.4241 -0.5297 -0.7345
vn -0.4241 -0.5297 -0.7346
vn 0.4241 -0.5297 -0.7346
vn 0.4240 -0.5297 -0.7346
vn -0.0116 -0.0000 -0.9999
vn -0.0055 -0.0000 -1.0000
vn -0.0041 -0.0050 -1.0000
vn -0.0084 0.0059 -0.9999
vn -0.0038 -0.0000 -1.0000
vn -0.0107 -0.0000 -0.9999
vn -0.0083 0.0230 -0.9997
vn -0.0145 0.0072 -0.9999
vn -0.0017 -0.0038 -1.0000
vn -0.0028 0.0377 -0.9993
vn -0.0035 0.0077 -1.0000
vn -0.0139 0.0415 -0.9990
vn -0.0028 -0.0099 -0.9999
vn -0.0026 -0.0057 -1.0000
vn 0.0138 -0.0000 -0.9999
vn -0.9239 -0.0000 0.3828
vn 0.9239 -0.0000 0.3828
vn 0.7072 -0.0000 -0.7071
vn -0.4480 0.3420 0.8260
vn -0.0001 0.5168 0.8561
vn -0.4480 0.8260 0.3420
vn -0.0000 0.6588 -0.7523
vn -0.4480 0.6321 -0.6322
vn -0.0000 0.9239 0.3826
vn -0.0000 0.5168 0.8561
vn -0.1424 -0.0000 0.9898
vn -0.0000 0.5167 0.8561
vn 0.4986 -0.0000 0.8668
vn -0.0000 0.8923 0.4515
vn -0.0000 0.5924 0.8057
vn -0.6182 0.6228 0.4796
vn -0.0000 -0.3099 0.9508
vn -0.4986 -0.0000 0.8668
vn 0.3825 -0.0000 -0.9239
vn -0.9239 -0.0000 0.3825
vn -0.7071 -0.0000 0.7072
vn -0.9655 -0.0000 0.2604
vn 0.9655 -0.0000 0.2603
vn 0.3441 -0.6639 -0.6640
vn 0.3442 -0.8674 -0.3594
vn 0.3442 -0.3594 -0.8674
vn 0.3441 0.8675 -0.3593
vn 0.7884 -0.0000 0.6151
vn 0.7885 0.2354 0.5683
vn 0.7885 -0.5682 -0.2354
vn 0.3442 -0.6639 0.6639
vn 0.7885 -0.4350 0.4349
vn 0.7884 -0.2354 0.5683
vn 0.7885 -0.2354 -0.5682
vn 0.7885 -0.4349 -0.4349
vn 0.3443 -0.6639 -0.6639
vn 0.7885 -0.5683 0.2354
vn 0.7885 0.2354 -0.5682
vn 0.7885 -0.0000 -0.6150
vn 0.3443 0.6639 -0.6639
vn -0.1277 0.9918 0.0002
vn -0.0000 1.0000 0.0001
vn 0.0080 -0.0305 -0.9995
vn 0.0917 -0.7184 -0.6895
vn -0.0000 -0.7072 -0.7071
vn 0.0917 -0.7183 0.6897
vn 0.0079 -0.0304 0.9995
vn -0.0867 0.6887 0.7199
vn 0.5624 -0.8269 0.0001
vn 0.0528 -0.0665 -0.9964
vn -0.7688 0.6395 -0.0003
vn -0.0189 0.0140 0.9997
vn 0.7610 -0.6488 0.0002
vn -0.0190 0.0141 -0.9997
vn -0.0191 0.0141 -0.9997
vn 0.3988 -0.5594 0.7267
vn 0.5780 -0.8161 0.0002
vn 0.3988 -0.5594 -0.7266
vn -0.0196 0.0325 -0.9993
vn -0.2064 0.6981 0.6856
vn -0.2841 0.9588 -0.0001
vn -0.0117 0.0419 0.9991
vn 0.1923 -0.6568 0.7291
vn 0.2797 -0.9601 0.0002
vn 0.1922 -0.6567 -0.7293
vn -0.0118 0.0420 -0.9990
vn -0.2062 0.6981 -0.6857
vn -0.0118 0.0421 -0.9990
vn -0.0017 0.0130 0.9999
vn 0.0539 -0.9985 0.0001
vn 0.0372 -0.7009 -0.7123
vn -0.0017 0.0131 -0.9999
vn 0.1229 0.6859 0.7172
vn 0.0136 0.9990 0.0419
vn 0.1590 -0.0021 0.9873
vn 0.1199 -0.6881 0.7156
vn 0.0131 -0.9991 0.0406
vn -0.1238 -0.7279 -0.6744
vn -0.1912 0.0029 -0.9815
vn -0.1258 0.7300 -0.6717
vn -0.1912 0.0030 -0.9815
vn 0.4256 0.6696 0.6087
vn 0.0558 0.9973 0.0467
vn 0.5486 -0.0004 0.8361
vn 0.4333 -0.6666 0.6066
vn 0.0869 -0.9952 0.0449
vn -0.4314 -0.7414 -0.5141
vn -0.6995 0.0074 -0.7146
vn -0.4575 0.7326 -0.5041
vn -0.6995 0.0075 -0.7146
vn 0.5316 0.7257 0.4367
vn -0.0843 0.9963 -0.0177
vn 0.7698 0.0563 0.6358
vn 0.6056 -0.6435 0.4681
vn -0.0045 -0.9999 -0.0112
vn -0.6911 -0.6071 -0.3921
vn -0.8864 0.0450 -0.4608
vn -0.6747 0.6421 -0.3639
vn -0.8864 0.0451 -0.4608
vn -0.0000 0.7070 0.7072
vn -0.0005 0.7075 -0.7067
vn -0.0007 0.9240 -0.3824
vn -0.0004 -0.7075 0.7067
vn -0.2300 -0.8992 0.3721
vn -0.0008 -0.9239 0.3827
vn -0.0001 0.3832 -0.9237
vn -0.0007 0.9239 0.3827
vn -0.0004 0.7072 0.7070
vn -0.2449 -0.9695 -0.0003
vn -0.0007 -0.9241 -0.3822
vn -0.0002 -0.3831 -0.9237
vn -0.0001 0.3830 0.9237
vn -0.0152 -0.0320 -0.9994
vn -0.1128 -0.3945 -0.9119
vn -0.0153 -0.0321 0.9994
vn -0.0001 -0.3832 0.9237
vn -0.0757 -0.0138 -0.9970
vn -0.8049 -0.4800 -0.3490
vn -0.0757 -0.0137 0.9970
vn -0.8049 -0.4799 0.3490
vn -0.8535 -0.5211 -0.0000
vn 0.6453 0.3027 -0.7014
vn 0.6454 0.3027 0.7014
vn -0.4157 -0.1976 -0.8877
vn -0.4802 -0.0000 0.8771
vn -0.4804 -0.0000 -0.8771
vn -0.4803 -0.0000 -0.8771
vn 0.0377 0.9993 0.0001
vn 0.0012 0.0015 -1.0000
vn 0.0339 0.9288 0.3691
vn 0.0068 -0.7252 -0.6885
vn 0.0109 0.3988 -0.9170
vn 0.0109 0.3987 0.9170
vn -0.0000 -0.3985 -0.9172
vn 0.0068 -0.7253 0.6885
vn -0.0000 -0.3825 0.9239
vn 0.0012 0.0017 1.0000
vn 0.4761 0.7934 0.3794
vn -0.3144 -0.5656 0.7624
vn 0.4761 0.7934 -0.3793
vn -0.4830 -0.8756 -0.0001
vn 0.5166 0.8562 0.0002
vn -0.1544 -0.2670 -0.9513
vn -0.1545 -0.2670 -0.9512
vn 0.0345 0.0056 0.9994
vn 0.9584 0.2853 -0.0002
vn 0.0347 0.0056 -0.9994
vn -0.3483 -0.0965 -0.9324
vn -0.9692 -0.2462 0.0001
vn 0.9993 -0.0192 0.0314
vn 0.9416 0.0919 -0.3238
vn -0.0059 0.3295 -0.9442
vn -0.4205 0.3065 -0.8540
vn 0.9178 -0.1192 0.3787
vn -0.7475 0.2225 -0.6259
vn -0.9439 0.1032 -0.3138
vn 0.4101 0.2869 -0.8657
vn 0.3875 -0.2491 0.8876
vn 0.7074 -0.1979 0.6786
vn -0.9992 -0.0231 0.0340
vn 0.7411 0.1997 -0.6409
vn -0.9167 -0.1335 0.3767
vn -0.7062 -0.2139 0.6749
vn -0.3868 -0.2594 0.8849
vn 0.0002 -0.2703 0.9628
vn 0.7157 -0.6010 0.3558
vn 0.9171 -0.3420 0.2047
vn 0.7617 0.5663 -0.3147
vn 0.4192 0.8043 -0.4212
vn -0.9141 -0.3572 0.1919
vn -0.7024 -0.6246 0.3415
vn 0.9525 0.2627 -0.1542
vn -0.3773 -0.8096 0.4496
vn 0.0162 -0.8701 0.4926
vn -0.9986 -0.0481 0.0233
vn 0.4036 -0.7917 0.4586
vn 0.9985 -0.0480 0.0274
vn -0.0187 0.8940 -0.4476
vn -0.4419 0.8040 -0.3980
vn -0.7646 0.5751 -0.2911
vn -0.9510 0.2736 -0.1442
vn -0.4419 0.8039 -0.3980
vn -0.5356 0.7295 -0.4254
vn -0.0000 0.8638 -0.5038
vn -1.0000 0.0002 -0.0001
vn -0.5356 -0.7294 0.4255
vn -0.5356 -0.7295 0.4255
vn -0.0001 -0.8638 0.5038
vn 0.5356 -0.7295 0.4254
vn -0.0000 -0.8638 0.5038
vn 0.5356 -0.7295 0.4255
vn 1.0000 0.0002 -0.0001
vn 0.5356 0.7295 -0.4254
vn -0.5357 0.7294 -0.4254
vn -0.0001 0.8638 -0.5038
vn -0.5357 -0.7294 0.4254
vn -0.5356 -0.7295 0.4254
vn 1.0000 -0.0001 0.0001
vn -0.0021 0.0001 -1.0000
vn -0.0020 0.0001 -1.0000
vn -0.0027 0.0002 1.0000
vn -0.0049 0.0003 1.0000
vn -0.0022 0.0001 1.0000
vn 0.9850 -0.1725 -0.0000
vn 0.9405 -0.3398 -0.0000
vn 0.9934 -0.1148 -0.0000
vn 0.9850 -0.1724 -0.0000
vn -0.0027 0.0001 1.0000
vn -0.9851 0.1721 -0.0000
vn -0.9934 0.1147 0.0003
vn -0.5752 0.8180 0.0016
vn -0.9851 0.1722 -0.0000
vn 0.3321 -0.4963 -0.8021
vn -0.8021 -0.4964 0.3321
vn -0.6139 -0.4963 -0.6139
vn -0.3322 -0.4963 -0.8020
vn -0.3322 -0.4964 0.8020
vn -0.7072 -0.0000 0.7070
vn -0.6139 -0.4963 0.6138
vn -0.8020 -0.4963 -0.3322
vn 0.3321 -0.4964 0.8021
vn 0.8021 -0.4964 0.3321
vn 0.6139 -0.4963 0.6139
vn 0.8020 -0.4963 -0.3322
vn 0.7070 -0.0000 -0.7072
vn 0.6138 -0.4963 -0.6139
vn 0.7687 -0.5548 -0.3183
vn 0.5882 -0.5547 -0.5885
vn 0.3184 -0.5546 -0.7688
vn -0.0000 -0.5547 -0.8321
vn -0.7688 -0.5546 0.3184
vn -0.3185 -0.5547 -0.7687
vn -0.5884 -0.5547 -0.5884
vn -0.5885 -0.5547 0.5882
vn -0.3183 -0.5547 0.7688
vn -0.7687 -0.5547 -0.3185
vn -0.0000 -0.5546 0.8321
vn 0.3181 -0.5547 0.7688
vn 0.5883 -0.5547 0.5883
vn 0.7688 -0.5547 0.3181
vn -0.0001 -0.5547 -0.8321
vn -0.3409 0.4552 -0.8226
vn -0.6296 0.4551 -0.6296
vn -0.6297 0.4551 0.6295
vn -0.3406 0.4552 0.8227
vn -0.8226 0.4551 -0.3409
vn 0.0001 0.4551 0.8904
vn 0.3404 0.4551 0.8228
vn 0.6296 0.4552 0.6296
vn 0.8227 0.4552 0.3405
vn 0.8904 0.4551 -0.0001
vn 0.8227 0.4552 -0.3406
vn 0.6295 0.4552 -0.6297
vn 0.3407 0.4551 -0.8227
vn -0.0000 0.4552 -0.8904
vn -0.8226 0.4551 0.3408
vn -0.0000 0.4131 -0.9107
vn -0.6439 0.4130 0.6441
vn -0.6440 0.4130 -0.6440
vn -0.0000 0.4130 0.9107
vn 0.3486 0.4130 0.8414
vn 0.6440 0.4130 0.6440
vn 0.9107 0.4130 -0.0001
vn 0.6441 0.4130 -0.6439
vn 0.3485 0.4130 -0.8414
vn 0.3439 -0.4388 -0.8302
vn -0.3439 -0.4388 -0.8302
vn -0.6354 -0.4388 -0.6354
vn -0.6353 -0.4388 0.6355
vn -0.3439 -0.4388 0.8301
vn 0.3439 -0.4389 0.8301
vn 0.6354 -0.4388 0.6354
vn 0.6355 -0.4388 -0.6353
vn -0.0001 -0.4388 -0.8986
vn -0.3345 -0.4859 0.8075
vn 0.3343 -0.4859 -0.8075
vn 0.2953 0.6361 -0.7129
vn -0.7129 0.6361 0.2954
vn -0.8074 -0.4859 0.3345
vn -0.3345 -0.4859 -0.8074
vn -0.2953 0.6361 -0.7129
vn -0.2954 0.6361 0.7128
vn -0.8075 -0.4859 -0.3344
vn 0.3344 -0.4859 0.8075
vn 0.6180 -0.4859 0.6181
vn 0.5456 0.6360 0.5457
vn 0.3159 0.5644 -0.7626
vn -0.0000 0.5644 -0.8255
vn -0.7129 0.6360 0.2953
vn -0.7626 0.5645 0.3159
vn -0.5456 0.6360 -0.5457
vn -0.5837 0.5644 -0.5837
vn -0.7627 0.5644 -0.3159
vn -0.3159 0.5644 0.7626
vn -0.0000 0.5645 0.8255
vn 0.5837 0.5644 0.5837
vn 0.7130 0.6360 0.2953
vn 0.7626 0.5644 0.3159
vn 0.6770 -0.2885 -0.6771
vn 0.5837 0.5645 -0.5836
vn 0.3664 -0.2884 -0.8846
vn -0.0000 -0.2884 -0.9575
vn -0.9575 -0.2884 -0.0001
vn -0.8846 -0.2884 0.3664
vn -0.3158 0.5645 -0.7626
vn -0.3664 -0.2884 -0.8846
vn -0.6770 -0.2885 -0.6771
vn -0.5838 0.5645 0.5836
vn -0.6771 -0.2885 0.6770
vn -0.3665 -0.2885 0.8846
vn -0.3160 0.5645 0.7626
vn -0.7626 0.5645 -0.3158
vn -0.8846 -0.2884 -0.3663
vn -0.0000 -0.2885 0.9575
vn 0.3665 -0.2885 0.8846
vn 0.3158 0.5645 0.7626
vn 0.6771 -0.2884 0.6770
vn 0.4683 -0.8620 -0.1940
vn -0.0000 -0.8620 -0.5068
vn -0.1939 -0.8620 -0.4683
vn -0.0000 -0.8620 0.5069
vn -0.1920 0.9814 0.0001
vn -0.0395 0.9992 -0.0001
vn -0.0032 0.0064 1.0000
vn 0.0195 -0.0456 0.9988
vn 0.0092 -0.7147 0.6994
vn 0.1400 -0.7212 0.6784
vn 0.0093 -0.7147 -0.6994
vn 0.1400 -0.7213 -0.6784
vn -0.0032 0.0065 -1.0000
vn 0.0196 -0.0459 -0.9988
vn -0.0276 0.7188 -0.6947
vn -0.3150 0.6714 0.6709
vn -0.3150 0.6713 -0.6709
vn -0.9245 0.3811 -0.0002
vn -0.0915 0.0256 0.9955
vn 0.6039 -0.2464 0.7580
vn 0.6038 -0.2465 -0.7580
vn -0.0919 0.0257 -0.9954
vn -0.6946 0.2773 -0.6639
vn -0.6836 -0.0000 0.7298
vn 0.7924 -0.0000 0.6100
vn 0.7925 -0.0000 -0.6099
vn -0.6837 -0.0000 -0.7297
vn -0.6838 -0.0000 -0.7297
vn -0.7092 0.7051 -0.0001
vn 0.0662 -0.0729 0.9951
vn 0.7061 -0.7082 -0.0000
vn 0.0662 -0.0731 -0.9951
vn -0.4549 0.4541 -0.7660
vn -0.6514 0.2442 0.7183
vn 0.9259 -0.3778 0.0001
vn -0.6514 0.2442 -0.7184
vn -0.6514 0.2443 -0.7183
vn -0.0108 -0.0506 -0.9987
vn -0.0016 1.0000 0.0044
vn -0.0092 0.9997 0.0244
vn -0.8558 0.5169 0.0185
vn -0.0000 -0.7070 0.7072
vn -0.0000 -0.7071 0.7072
vn -0.0000 -0.0306 -0.9995
vn -0.0000 -0.0305 -0.9995
vn -0.0000 -0.2574 0.9663
vn -0.0000 -0.6055 -0.7958
vn -0.0000 -0.6056 -0.7958
vn -0.0000 -0.6571 0.7538
vn -0.0000 -0.6052 -0.7961
vn 0.9572 -0.2423 0.1581
vn 0.7101 -0.1561 0.6866
vn 0.1093 -0.2426 0.9640
vn 0.8162 -0.4840 0.3157
vn -0.5763 0.1092 -0.8099
vn -0.1275 0.5374 -0.8336
vn -0.3931 0.9069 -0.1521
vn -0.9500 0.2603 -0.1727
vn 0.6217 0.1864 -0.7607
vn 0.3013 0.0584 -0.9517
vn -0.0775 -0.0646 -0.9949
vn 0.7101 -0.1561 0.6865
vn 0.0403 0.0336 0.9986
vn -0.2883 -0.0377 0.9568
vn 0.1092 -0.2426 0.9640
vn -0.0962 -0.1081 -0.9895
vn -0.0962 -0.1082 -0.9895
vn 0.0962 0.1081 0.9895
vn -0.0633 -0.0711 -0.9955
vn -0.0633 -0.0712 -0.9955
vn 0.0633 0.0711 0.9955
vn -0.0311 -0.0349 -0.9989
vn 0.0311 0.0349 0.9989
vn 0.0311 0.0350 0.9989
vn -0.1098 -0.1234 -0.9863
vn -0.1097 -0.1234 -0.9863
vn 0.1098 0.1234 0.9863
vn -0.1136 -0.1276 -0.9853
vn -0.1135 -0.1276 -0.9853
vn 0.1136 0.1276 0.9853
vn 0.1135 0.1276 0.9853
vn -0.6279 -0.1524 0.7632
vn -0.0000 -0.3481 -0.9375
vn -0.0000 -0.3481 0.9375
vn -0.0022 0.0001 -1.0000
vn -0.0027 0.0001 -1.0000
vn 0.9934 -0.1149 -0.0000
vn -0.0027 0.0002 -1.0000
vn -0.0049 0.0003 -1.0000
vn -0.0021 0.0001 1.0000
vn -0.0021 0.0002 1.0000
vt 0.027800 0.504120
vt 0.026360 0.500480
vt 0.023230 0.508220
vt 0.030450 0.505140
vt 0.027690 0.521750
vt 0.043080 0.505950
vt 0.045800 0.571710
vt 0.037330 0.581910
vt 0.047080 0.579210
vt 0.050130 0.581360
vt 0.047860 0.580730
vt 0.045700 0.583720
vt 0.036890 0.589700
vt 0.034180 0.588490
vt 0.028660 0.594670
vt 0.014890 0.523870
vt 0.008120 0.538360
vt 0.017370 0.528140
vt 0.027590 0.576760
vt 0.027590 0.584610
vt 0.033820 0.582890
vt 0.037950 0.536970
vt 0.026700 0.527730
vt 0.024940 0.538360
vt 0.617570 0.253340
vt 0.614590 0.257950
vt 0.627660 0.263150
vt 0.613600 0.263360
vt 0.614750 0.268730
vt 0.633220 0.276090
vt 0.637740 0.272970
vt 0.617860 0.273250
vt 0.622460 0.276240
vt 0.640720 0.268360
vt 0.641710 0.262950
vt 0.640560 0.257580
vt 0.637450 0.253060
vt 0.632850 0.250070
vt 0.627460 0.249070
vt 0.622090 0.250220
vt 0.627850 0.277240
vt 0.864770 0.150140
vt 0.864770 0.156080
vt 0.879720 0.153110
vt 0.867050 0.161580
vt 0.871250 0.165780
vt 0.876750 0.168060
vt 0.882690 0.168060
vt 0.894660 0.150140
vt 0.892390 0.144640
vt 0.888180 0.165780
vt 0.892390 0.161580
vt 0.888180 0.140440
vt 0.882690 0.138170
vt 0.894660 0.156080
vt 0.876750 0.138170
vt 0.871250 0.140440
vt 0.867050 0.144640
vt 0.769270 0.796850
vt 0.772340 0.793780
vt 0.763080 0.787600
vt 0.760910 0.798510
vt 0.765250 0.798510
vt 0.753830 0.793780
vt 0.756900 0.796850
vt 0.752170 0.785420
vt 0.752170 0.789770
vt 0.769260 0.778340
vt 0.765250 0.776680
vt 0.756900 0.778340
vt 0.753830 0.781410
vt 0.774000 0.785420
vt 0.772330 0.781410
vt 0.774000 0.789770
vt 0.760910 0.776680
vt 0.780870 0.081190
vt 0.783850 0.088380
vt 0.800440 0.077300
vt 0.783850 0.066220
vt 0.780870 0.073410
vt 0.796540 0.057730
vt 0.789350 0.060710
vt 0.820000 0.081190
vt 0.820000 0.073410
vt 0.811520 0.060710
vt 0.804330 0.057730
vt 0.811520 0.093880
vt 0.817020 0.088380
vt 0.817020 0.066220
vt 0.796540 0.096860
vt 0.804330 0.096860
vt 0.789350 0.093880
vt 0.182030 0.111740
vt 0.181990 0.108580
vt 0.174050 0.110210
vt 0.169540 0.116980
vt 0.172480 0.118210
vt 0.178520 0.103460
vt 0.175600 0.102270
vt 0.169550 0.103500
vt 0.167320 0.105730
vt 0.178620 0.116950
vt 0.180850 0.114680
vt 0.166110 0.111800
vt 0.167300 0.114720
vt 0.180760 0.105680
vt 0.175680 0.118180
vt 0.172450 0.102280
vt 0.166100 0.108640
vt 0.636340 0.147190
vt 0.628220 0.145440
vt 0.628580 0.163980
vt 0.636120 0.180870
vt 0.641960 0.176710
vt 0.645690 0.170860
vt 0.646880 0.164100
vt 0.610300 0.164680
vt 0.611750 0.171390
vt 0.615700 0.177130
vt 0.621690 0.181100
vt 0.620170 0.147450
vt 0.645910 0.157620
vt 0.643070 0.151570
vt 0.628940 0.182580
vt 0.611020 0.158170
vt 0.613620 0.152040
vt 0.481370 0.707270
vt 0.482780 0.697400
vt 0.477050 0.706090
vt 0.431750 0.700180
vt 0.434220 0.709840
vt 0.438390 0.708200
vt 0.713970 0.845260
vt 0.732620 0.838550
vt 0.713970 0.838550
vt 0.718610 0.764640
vt 0.740380 0.758270
vt 0.718610 0.758270
vt 0.893500 0.764630
vt 0.893500 0.758270
vt 0.880150 0.758270
vt 0.815160 0.758270
vt 0.806260 0.758270
vt 0.190990 0.090960
vt 0.152250 0.094790
vt 0.171650 0.094460
vt 0.909730 0.758270
vt 0.993260 0.764630
vt 0.993260 0.758270
vt 0.677070 0.758270
vt 0.791660 0.846380
vt 0.803030 0.844060
vt 0.791630 0.838460
vt 0.809090 0.844040
vt 0.784810 0.846400
vt 0.791750 0.808940
vt 0.767500 0.826850
vt 0.791730 0.814980
vt 0.191020 0.094130
vt 0.738320 0.845250
vt 0.592900 0.726630
vt 0.584440 0.727070
vt 0.589910 0.747950
vt 0.607070 0.735150
vt 0.600850 0.729480
vt 0.610960 0.751130
vt 0.610620 0.742760
vt 0.579600 0.766200
vt 0.587440 0.768630
vt 0.602380 0.765060
vt 0.608060 0.758970
vt 0.569430 0.753530
vt 0.573260 0.760900
vt 0.594810 0.768490
vt 0.571300 0.737190
vt 0.568720 0.745200
vt 0.576790 0.730740
vt 0.960730 0.291750
vt 0.969570 0.297650
vt 0.969560 0.261580
vt 0.931040 0.297650
vt 0.939880 0.291750
vt 0.931040 0.261590
vt 0.822610 0.297660
vt 0.831440 0.291750
vt 0.822610 0.261600
vt 0.852290 0.291760
vt 0.861130 0.297660
vt 0.861130 0.261590
vt 0.701070 0.865810
vt 0.700260 0.861980
vt 0.691080 0.866000
vt 0.687030 0.856650
vt 0.683780 0.858870
vt 0.698040 0.858730
vt 0.694740 0.856610
vt 0.681670 0.862210
vt 0.680970 0.866090
vt 0.681810 0.869940
vt 0.684060 0.873170
vt 0.687360 0.875290
vt 0.691210 0.875980
vt 0.695030 0.875160
vt 0.698240 0.872930
vt 0.700360 0.869650
vt 0.690880 0.855850
vt 0.902480 0.845400
vt 0.905370 0.842520
vt 0.896680 0.836720
vt 0.894640 0.846960
vt 0.898720 0.846960
vt 0.888000 0.842520
vt 0.890880 0.845400
vt 0.894640 0.826470
vt 0.890880 0.828030
vt 0.886440 0.834680
vt 0.886440 0.838750
vt 0.902480 0.828030
vt 0.898720 0.826470
vt 0.888000 0.830910
vt 0.906930 0.834680
vt 0.905370 0.830910
vt 0.906930 0.838750
vt 0.438670 0.907670
vt 0.439350 0.906100
vt 0.435090 0.905240
vt 0.435890 0.909470
vt 0.437460 0.908860
vt 0.432690 0.908780
vt 0.434220 0.909440
vt 0.430910 0.906060
vt 0.431530 0.907590
vt 0.435900 0.901000
vt 0.434230 0.901030
vt 0.431540 0.902880
vt 0.430910 0.904400
vt 0.438680 0.902800
vt 0.437470 0.901620
vt 0.432690 0.901690
vt 0.439340 0.904380
vt 0.652340 0.889900
vt 0.646350 0.889900
vt 0.649320 0.904960
vt 0.662070 0.913520
vt 0.664380 0.907990
vt 0.652280 0.920020
vt 0.657820 0.917740
vt 0.640760 0.917690
vt 0.646290 0.920000
vt 0.634280 0.907900
vt 0.636550 0.913440
vt 0.636580 0.896420
vt 0.634280 0.901950
vt 0.662110 0.896450
vt 0.657880 0.892200
vt 0.640810 0.892190
vt 0.664400 0.901990
vt 0.300570 0.030340
vt 0.302310 0.028590
vt 0.299330 0.027350
vt 0.302310 0.026110
vt 0.300560 0.024370
vt 0.298090 0.024370
vt 0.296340 0.026120
vt 0.296340 0.028590
vt 0.298090 0.030340
vt 0.126210 0.030370
vt 0.128690 0.030370
vt 0.127450 0.027380
vt 0.130440 0.028610
vt 0.130440 0.026140
vt 0.128690 0.024390
vt 0.126210 0.024390
vt 0.124460 0.026140
vt 0.124460 0.028610
vt 0.655590 0.872240
vt 0.655590 0.868120
vt 0.645240 0.870180
vt 0.654010 0.864320
vt 0.651100 0.861400
vt 0.647300 0.859830
vt 0.643180 0.859830
vt 0.639370 0.861400
vt 0.636460 0.864320
vt 0.639370 0.878960
vt 0.643180 0.880540
vt 0.634880 0.868120
vt 0.634880 0.872240
vt 0.647300 0.880540
vt 0.651100 0.878960
vt 0.636460 0.876050
vt 0.654010 0.876050
vt 0.534930 0.131610
vt 0.533690 0.132850
vt 0.537430 0.135350
vt 0.541840 0.134470
vt 0.541170 0.132850
vt 0.538310 0.130940
vt 0.536550 0.130940
vt 0.541170 0.137850
vt 0.541840 0.136230
vt 0.538310 0.139760
vt 0.539930 0.139090
vt 0.534930 0.139090
vt 0.536550 0.139760
vt 0.533020 0.136230
vt 0.533690 0.137850
vt 0.533020 0.134470
vt 0.539930 0.131610
vt 0.927520 0.875280
vt 0.955980 0.849520
vt 0.927450 0.849600
vt 0.825850 0.967730
vt 0.838460 0.967730
vt 0.838460 0.937170
vt 0.803300 0.967730
vt 0.820880 0.967730
vt 0.823890 0.937170
vt 0.982780 0.894550
vt 0.977300 0.897840
vt 0.982720 0.898020
vt 0.658320 0.967730
vt 0.675900 0.967730
vt 0.655310 0.939720
vt 0.535900 0.634500
vt 0.538120 0.632660
vt 0.534710 0.631110
vt 0.538520 0.629780
vt 0.536420 0.627770
vt 0.533520 0.627720
vt 0.531300 0.629560
vt 0.530910 0.632440
vt 0.533010 0.634450
vt 0.338900 0.487090
vt 0.344790 0.488590
vt 0.344540 0.481000
vt 0.350660 0.486870
vt 0.352230 0.480750
vt 0.350190 0.474900
vt 0.344300 0.473400
vt 0.338430 0.475120
vt 0.336860 0.481240
vt 0.966540 0.809800
vt 0.941500 0.809060
vt 0.963500 0.814660
vt 0.248660 0.155460
vt 0.231080 0.187990
vt 0.248660 0.187990
vt 0.910390 0.815480
vt 0.910390 0.828460
vt 0.922180 0.828460
vt 0.767560 0.808850
vt 0.014950 0.552860
vt 0.014950 0.570200
vt 0.032830 0.570200
vt 0.032830 0.552860
vt 0.014940 0.512200
vt 0.014950 0.529750
vt 0.032830 0.529750
vt 0.032830 0.512200
vt 0.032830 0.501310
vt 0.014940 0.501310
vt 0.014950 0.582200
vt 0.032830 0.582200
vt 0.032830 0.487380
vt 0.014950 0.487380
vt 0.014950 0.598060
vt 0.032830 0.598060
vt 0.014950 0.470280
vt 0.032830 0.470280
vt 0.032830 0.466450
vt 0.014950 0.466450
vt 0.014950 0.615710
vt 0.032830 0.615710
vt 0.032830 0.461170
vt 0.014950 0.461170
vt 0.032830 0.448840
vt 0.014950 0.448840
vt 0.035740 0.436800
vt 0.017850 0.436800
vt 0.017850 0.446300
vt 0.035740 0.446300
vt 0.017850 0.452610
vt 0.035740 0.452610
vt 0.045940 0.586520
vt 0.050150 0.586850
vt 0.017270 0.501410
vt 0.018550 0.508320
vt 0.035740 0.471840
vt 0.017850 0.471840
vt 0.014940 0.638420
vt 0.032830 0.638420
vt 0.017850 0.520890
vt 0.035740 0.520890
vt 0.035740 0.499300
vt 0.017850 0.499300
vt 0.035740 0.492630
vt 0.017850 0.492630
vt 0.017850 0.480020
vt 0.035740 0.480020
vt 0.057050 0.529170
vt 0.060440 0.508670
vt 0.053340 0.504840
vt 0.048770 0.532410
vt 0.043070 0.561510
vt 0.031040 0.564840
vt 0.029630 0.570000
vt 0.045810 0.565510
vt 0.039650 0.554490
vt 0.029740 0.557230
vt 0.069870 0.529970
vt 0.072670 0.513080
vt 0.077190 0.569680
vt 0.077190 0.516040
vt 0.050150 0.516040
vt 0.050150 0.569680
vt 0.081600 0.516040
vt 0.081600 0.489010
vt 0.077190 0.489010
vt 0.081600 0.569680
vt 0.077190 0.596710
vt 0.081600 0.596710
vt 0.429260 0.428760
vt 0.429260 0.454870
vt 0.445170 0.454870
vt 0.445170 0.428760
vt 0.085330 0.748000
vt 0.068530 0.741060
vt 0.072490 0.749350
vt 0.085330 0.753870
vt 0.068530 0.788460
vt 0.085330 0.781520
vt 0.085330 0.775660
vt 0.072490 0.780170
vt 0.349740 0.428760
vt 0.349740 0.454860
vt 0.365650 0.454860
vt 0.365650 0.428760
vt 0.381550 0.454860
vt 0.381550 0.428760
vt 0.397450 0.454860
vt 0.397450 0.428760
vt 0.413360 0.454860
vt 0.413360 0.428760
vt 0.461100 0.428760
vt 0.461100 0.454870
vt 0.477010 0.454870
vt 0.477010 0.428760
vt 0.492910 0.454870
vt 0.492910 0.428760
vt 0.508810 0.454870
vt 0.508810 0.428760
vt 0.524720 0.454870
vt 0.524720 0.428760
vt 0.333810 0.428760
vt 0.333800 0.454860
vt 0.051770 0.748000
vt 0.059680 0.753870
vt 0.044830 0.764760
vt 0.054370 0.764760
vt 0.051770 0.781520
vt 0.059680 0.775660
vt 0.102090 0.788460
vt 0.118850 0.781520
vt 0.110940 0.775660
vt 0.098130 0.780170
vt 0.125790 0.764760
vt 0.116250 0.764760
vt 0.118850 0.748000
vt 0.110940 0.753870
vt 0.102090 0.741060
vt 0.098130 0.749350
vt 0.733030 0.522730
vt 0.744980 0.522730
vt 0.744980 0.506180
vt 0.733030 0.506180
vt 0.675970 0.522730
vt 0.687910 0.522730
vt 0.687910 0.506180
vt 0.675970 0.506180
vt 0.699840 0.522730
vt 0.699840 0.506180
vt 0.710470 0.522730
vt 0.710470 0.506180
vt 0.721110 0.522730
vt 0.721110 0.506180
vt 0.756900 0.522730
vt 0.756900 0.506180
vt 0.664050 0.522730
vt 0.664050 0.506180
vt 0.652130 0.522730
vt 0.652130 0.506180
vt 0.641490 0.522730
vt 0.641490 0.506180
vt 0.630850 0.522730
vt 0.630850 0.506180
vt 0.768820 0.522730
vt 0.768820 0.506180
vt 0.358300 0.981930
vt 0.416390 0.981540
vt 0.416260 0.962790
vt 0.358090 0.963200
vt 0.416150 0.944040
vt 0.357880 0.944440
vt 0.416060 0.925270
vt 0.357670 0.925630
vt 0.416010 0.906470
vt 0.357490 0.906770
vt 0.416000 0.887630
vt 0.357320 0.887880
vt 0.416030 0.868720
vt 0.357180 0.868940
vt 0.416100 0.849740
vt 0.357060 0.849980
vt 0.416160 0.830640
vt 0.356950 0.831000
vt 0.415870 0.811540
vt 0.356830 0.812010
vt 0.415580 0.792560
vt 0.356720 0.793050
vt 0.415320 0.773660
vt 0.356640 0.774110
vt 0.415100 0.754810
vt 0.356570 0.755210
vt 0.414930 0.736010
vt 0.356530 0.736350
vt 0.414790 0.717240
vt 0.356510 0.717540
vt 0.414680 0.698480
vt 0.356500 0.698770
vt 0.414580 0.679740
vt 0.356490 0.680030
vt 0.170050 0.984740
vt 0.168750 0.966720
vt 0.112720 0.969990
vt 0.114910 0.991610
vt 0.162680 0.851840
vt 0.162450 0.832200
vt 0.104650 0.832280
vt 0.104910 0.852760
vt 0.162610 0.792940
vt 0.163020 0.773410
vt 0.105420 0.770840
vt 0.104900 0.791340
vt 0.167270 0.948300
vt 0.165830 0.929460
vt 0.108670 0.935020
vt 0.110510 0.949990
vt 0.164530 0.734800
vt 0.165790 0.715930
vt 0.109050 0.714700
vt 0.107350 0.729650
vt 0.163800 0.890950
vt 0.163130 0.871440
vt 0.105420 0.873240
vt 0.106200 0.893750
vt 0.162420 0.812550
vt 0.104650 0.811820
vt 0.163650 0.754000
vt 0.106220 0.750290
vt 0.164690 0.910320
vt 0.107270 0.914330
vt 0.167080 0.697480
vt 0.111070 0.694710
vt 0.168190 0.679460
vt 0.113040 0.673100
vt 0.419010 0.887630
vt 0.419050 0.868730
vt 0.419380 0.830620
vt 0.418910 0.811480
vt 0.419370 0.981520
vt 0.419250 0.962770
vt 0.418330 0.773620
vt 0.418100 0.754780
vt 0.419050 0.925260
vt 0.419010 0.906470
vt 0.417780 0.717220
vt 0.417670 0.698470
vt 0.419140 0.849760
vt 0.418600 0.792520
vt 0.419140 0.944030
vt 0.417920 0.735980
vt 0.417570 0.679720
vt 0.583040 0.263900
vt 0.586710 0.280910
vt 0.610610 0.270510
vt 0.609090 0.263420
vt 0.645500 0.304180
vt 0.659790 0.294190
vt 0.640970 0.276110
vt 0.635000 0.280240
vt 0.596580 0.295250
vt 0.611200 0.304760
vt 0.620790 0.280430
vt 0.614720 0.276480
vt 0.669180 0.279520
vt 0.672270 0.262410
vt 0.646220 0.262890
vt 0.644910 0.270020
vt 0.668610 0.245400
vt 0.658730 0.231060
vt 0.640590 0.249830
vt 0.644700 0.255800
vt 0.644110 0.221550
vt 0.626900 0.218350
vt 0.627400 0.244560
vt 0.634520 0.245880
vt 0.609810 0.222130
vt 0.595520 0.232120
vt 0.614340 0.250200
vt 0.620310 0.246070
vt 0.586130 0.246790
vt 0.610400 0.256290
vt 0.628410 0.307960
vt 0.627910 0.281750
vt 0.580720 0.263940
vt 0.584570 0.281830
vt 0.646440 0.306320
vt 0.661470 0.295800
vt 0.594950 0.296920
vt 0.610330 0.306930
vt 0.671340 0.280370
vt 0.674590 0.262370
vt 0.670740 0.244480
vt 0.660360 0.229390
vt 0.644980 0.219380
vt 0.626860 0.215940
vt 0.608870 0.219990
vt 0.593840 0.230510
vt 0.583970 0.245940
vt 0.628450 0.310370
vt 0.004960 0.941220
vt 0.005930 0.957110
vt 0.004540 0.708720
vt 0.003730 0.724610
vt 0.007310 0.977490
vt 0.008820 0.999040
vt 0.002790 0.746230
vt 0.002040 0.767850
vt 0.001480 0.789500
vt 0.001110 0.811170
vt 0.000960 0.832910
vt 0.001360 0.854640
vt 0.001970 0.876320
vt 0.002780 0.897970
vt 0.003780 0.919600
vt 0.005690 0.688360
vt 0.006970 0.666800
vt 0.937750 0.044240
vt 0.937730 0.043860
vt 0.932400 0.044140
vt 0.932430 0.044520
vt 0.927130 0.044620
vt 0.927170 0.045000
vt 0.921940 0.045300
vt 0.922000 0.045660
vt 0.916870 0.046170
vt 0.916940 0.046530
vt 0.911950 0.047250
vt 0.912040 0.047600
vt 0.907220 0.048550
vt 0.907320 0.048880
vt 0.902720 0.050060
vt 0.902830 0.050380
vt 0.898510 0.051770
vt 0.898620 0.052060
vt 0.978000 0.050370
vt 0.978110 0.050060
vt 0.973770 0.048410
vt 0.973660 0.048740
vt 0.969080 0.046960
vt 0.968990 0.047300
vt 0.964150 0.045790
vt 0.964070 0.046150
vt 0.959030 0.044900
vt 0.958970 0.045270
vt 0.953780 0.044290
vt 0.953740 0.044670
vt 0.948450 0.043920
vt 0.948430 0.044300
vt 0.943090 0.043790
vt 0.943090 0.044170
vt 0.928650 0.019200
vt 0.922080 0.020250
vt 0.963310 0.019290
vt 0.955980 0.018400
vt 0.909010 0.023520
vt 0.902500 0.025910
vt 0.942020 0.018080
vt 0.935280 0.018480
vt 0.889780 0.032980
vt 0.883970 0.038090
vt 0.978780 0.023410
vt 0.970920 0.020860
vt 0.915540 0.021660
vt 0.948900 0.018040
vt 0.896050 0.029000
vt 0.994480 0.033290
vt 0.986740 0.027320
vt 0.728760 0.093550
vt 0.733660 0.105390
vt 0.739840 0.104160
vt 0.734000 0.090050
vt 0.707860 0.144000
vt 0.695050 0.144000
vt 0.693820 0.150170
vt 0.709090 0.150170
vt 0.683210 0.139090
vt 0.674150 0.130040
vt 0.668920 0.133530
vt 0.679710 0.144330
vt 0.669250 0.118200
vt 0.669250 0.105390
vt 0.663070 0.104160
vt 0.663070 0.119430
vt 0.674150 0.093550
vt 0.683210 0.084490
vt 0.679710 0.079250
vt 0.668920 0.090050
vt 0.695050 0.079590
vt 0.707860 0.079590
vt 0.709090 0.073410
vt 0.693820 0.073410
vt 0.733660 0.118200
vt 0.728760 0.130040
vt 0.734000 0.133530
vt 0.739840 0.119430
vt 0.719700 0.084490
vt 0.723200 0.079250
vt 0.719700 0.139090
vt 0.723200 0.144330
vt 0.811890 0.008120
vt 0.828890 0.008080
vt 0.828880 0.003540
vt 0.811880 0.003560
vt 0.896280 0.008030
vt 0.912960 0.008050
vt 0.912970 0.003590
vt 0.896280 0.003560
vt 0.845840 0.008050
vt 0.862730 0.008030
vt 0.862720 0.003520
vt 0.845830 0.003520
vt 0.929590 0.008080
vt 0.946190 0.008120
vt 0.946200 0.003680
vt 0.929600 0.003630
vt 0.962760 0.008160
vt 0.979320 0.008210
vt 0.979330 0.003780
vt 0.962770 0.003730
vt 0.726410 0.008340
vt 0.743540 0.008300
vt 0.743530 0.003710
vt 0.726400 0.003760
vt 0.760670 0.008250
vt 0.777780 0.008200
vt 0.777760 0.003630
vt 0.760660 0.003670
vt 0.794850 0.008160
vt 0.794840 0.003590
vt 0.879530 0.008020
vt 0.879540 0.003530
vt 0.995890 0.008260
vt 0.995900 0.003830
vt 0.770020 0.305680
vt 0.780820 0.294880
vt 0.775830 0.291550
vt 0.766690 0.300690
vt 0.770020 0.240600
vt 0.755920 0.234750
vt 0.754750 0.240640
vt 0.766690 0.245580
vt 0.786660 0.280770
vt 0.786660 0.265500
vt 0.780780 0.266670
vt 0.780780 0.279600
vt 0.740650 0.234750
vt 0.726540 0.240600
vt 0.729870 0.245580
vt 0.741820 0.240640
vt 0.715740 0.251390
vt 0.709900 0.265500
vt 0.715780 0.266670
vt 0.720730 0.254730
vt 0.709900 0.280770
vt 0.715740 0.294880
vt 0.720730 0.291550
vt 0.715780 0.279600
vt 0.726540 0.305680
vt 0.740650 0.311520
vt 0.741820 0.305640
vt 0.729870 0.300690
vt 0.755920 0.311520
vt 0.754750 0.305640
vt 0.780820 0.251390
vt 0.775830 0.254730
vt 0.255280 0.374960
vt 0.249570 0.369360
vt 0.248770 0.370310
vt 0.254330 0.375770
vt 0.219400 0.357780
vt 0.210840 0.358130
vt 0.211000 0.359450
vt 0.219340 0.359080
vt 0.242990 0.364700
vt 0.235660 0.361140
vt 0.235200 0.362320
vt 0.242350 0.365770
vt 0.202300 0.359890
vt 0.194010 0.363050
vt 0.194600 0.364290
vt 0.202680 0.361190
vt 0.227730 0.358800
vt 0.227470 0.360050
vt 0.186190 0.367530
vt 0.179070 0.373210
vt 0.180060 0.374250
vt 0.186990 0.368680
vt 0.172850 0.379920
vt 0.167700 0.387370
vt 0.168930 0.388110
vt 0.173990 0.380830
vt 0.266080 0.395210
vt 0.263660 0.388150
vt 0.262550 0.388650
vt 0.265250 0.395300
vt 0.260000 0.381310
vt 0.258940 0.381980
vt 0.163900 0.395300
vt 0.164870 0.395520
vt 0.248250 0.381100
vt 0.252160 0.386410
vt 0.238260 0.372790
vt 0.243610 0.376520
vt 0.205270 0.369640
vt 0.212190 0.368040
vt 0.225880 0.368240
vt 0.232310 0.370000
vt 0.192250 0.376200
vt 0.198570 0.372380
vt 0.181330 0.386790
vt 0.186470 0.381040
vt 0.172700 0.400170
vt 0.176800 0.393270
vt 0.255410 0.392290
vt 0.219120 0.367570
vt 0.258220 0.398490
vt 0.244170 0.369150
vt 0.244170 0.371090
vt 0.245300 0.370870
vt 0.245300 0.369380
vt 0.244920 0.372890
vt 0.246290 0.374260
vt 0.246930 0.373300
vt 0.245870 0.372250
vt 0.253190 0.372890
vt 0.253940 0.371090
vt 0.252800 0.370870
vt 0.252230 0.372250
vt 0.248080 0.375000
vt 0.250020 0.375000
vt 0.249800 0.373870
vt 0.248310 0.373870
vt 0.253940 0.369150
vt 0.253190 0.367360
vt 0.252230 0.368000
vt 0.252800 0.369380
vt 0.251820 0.374260
vt 0.251180 0.373300
vt 0.251820 0.365980
vt 0.250020 0.365240
vt 0.249800 0.366370
vt 0.251180 0.366940
vt 0.248080 0.365240
vt 0.246290 0.365980
vt 0.246930 0.366940
vt 0.248310 0.366370
vt 0.244920 0.367360
vt 0.245870 0.368000
vt 0.945720 0.925370
vt 0.939270 0.925370
vt 0.939270 0.955090
vt 0.945720 0.955090
vt 0.932830 0.925370
vt 0.926380 0.925370
vt 0.926380 0.955090
vt 0.932830 0.955090
vt 0.919930 0.925370
vt 0.913490 0.925370
vt 0.913490 0.955090
vt 0.919930 0.955090
vt 0.990850 0.925370
vt 0.984400 0.925370
vt 0.984400 0.955090
vt 0.990850 0.955090
vt 0.907040 0.925370
vt 0.900590 0.925370
vt 0.900590 0.955090
vt 0.907040 0.955090
vt 0.977960 0.925370
vt 0.971510 0.925370
vt 0.971510 0.955090
vt 0.977960 0.955090
vt 0.965060 0.925370
vt 0.958610 0.925370
vt 0.958610 0.955090
vt 0.965060 0.955090
vt 0.952170 0.925370
vt 0.952170 0.955090
vt 0.997300 0.925370
vt 0.997300 0.955090
vt 0.894150 0.925370
vt 0.894150 0.955090
vt 0.709790 0.100480
vt 0.713680 0.104360
vt 0.719210 0.100660
vt 0.713490 0.094940
vt 0.709790 0.123910
vt 0.704710 0.126010
vt 0.706010 0.132540
vt 0.713490 0.129440
vt 0.694140 0.100480
vt 0.699210 0.098370
vt 0.697920 0.091840
vt 0.690440 0.094940
vt 0.688140 0.114940
vt 0.688140 0.109440
vt 0.681620 0.108140
vt 0.681620 0.116240
vt 0.715780 0.114940
vt 0.713680 0.120020
vt 0.719210 0.123720
vt 0.722310 0.116240
vt 0.715780 0.109440
vt 0.722310 0.108140
vt 0.699210 0.126010
vt 0.694140 0.123910
vt 0.690440 0.129440
vt 0.697920 0.132540
vt 0.704710 0.098370
vt 0.706010 0.091840
vt 0.690250 0.104360
vt 0.684710 0.100660
vt 0.690250 0.120020
vt 0.684710 0.123720
vt 0.981140 0.495410
vt 0.972780 0.495410
vt 0.972780 0.507630
vt 0.981140 0.507630
vt 0.930950 0.495400
vt 0.922580 0.495400
vt 0.922580 0.507640
vt 0.930950 0.507640
vt 0.964410 0.495410
vt 0.956050 0.495410
vt 0.956050 0.507630
vt 0.964410 0.507630
vt 0.914220 0.495400
vt 0.905850 0.495400
vt 0.905850 0.507640
vt 0.914220 0.507640
vt 0.947680 0.495410
vt 0.939320 0.495410
vt 0.939320 0.507640
vt 0.947680 0.507640
vt 0.897480 0.495400
vt 0.889110 0.495400
vt 0.889110 0.507640
vt 0.897480 0.507640
vt 0.880740 0.495400
vt 0.872370 0.495400
vt 0.872370 0.507640
vt 0.880740 0.507640
vt 0.997870 0.495410
vt 0.989500 0.495410
vt 0.989500 0.507630
vt 0.997870 0.507630
vt 0.864000 0.495400
vt 0.864000 0.507640
vt 0.467080 0.385460
vt 0.455480 0.385460
vt 0.455480 0.418490
vt 0.467080 0.418490
vt 0.397460 0.385450
vt 0.385860 0.385450
vt 0.385850 0.418490
vt 0.397460 0.418490
vt 0.443870 0.385460
vt 0.432270 0.385460
vt 0.432270 0.418490
vt 0.443870 0.418490
vt 0.374250 0.385450
vt 0.362650 0.385450
vt 0.362640 0.418490
vt 0.374250 0.418490
vt 0.420670 0.385460
vt 0.409060 0.385450
vt 0.409060 0.418490
vt 0.420660 0.418490
vt 0.351040 0.385450
vt 0.339440 0.385450
vt 0.339440 0.418480
vt 0.351040 0.418490
vt 0.327840 0.385450
vt 0.316240 0.385440
vt 0.316230 0.418480
vt 0.327830 0.418480
vt 0.490290 0.385460
vt 0.478680 0.385460
vt 0.478680 0.418490
vt 0.490290 0.418490
vt 0.304630 0.385440
vt 0.304630 0.418480
vt 0.677780 0.127190
vt 0.685630 0.135040
vt 0.688340 0.130980
vt 0.681840 0.124480
vt 0.673530 0.105830
vt 0.673530 0.116930
vt 0.678320 0.115980
vt 0.678320 0.106780
vt 0.717250 0.087720
vt 0.706990 0.083470
vt 0.706040 0.088260
vt 0.714540 0.091780
vt 0.685630 0.087720
vt 0.677780 0.095570
vt 0.681840 0.098280
vt 0.688340 0.091780
vt 0.729350 0.105830
vt 0.725100 0.095570
vt 0.721040 0.098280
vt 0.724560 0.106780
vt 0.695890 0.083470
vt 0.696840 0.088260
vt 0.725100 0.127190
vt 0.729350 0.116930
vt 0.724560 0.115980
vt 0.721040 0.124480
vt 0.706990 0.139290
vt 0.717250 0.135040
vt 0.714540 0.130980
vt 0.706040 0.134500
vt 0.695890 0.139290
vt 0.696840 0.134500
vt 0.623820 0.502110
vt 0.633430 0.502110
vt 0.633430 0.501310
vt 0.623820 0.501310
vt 0.758410 0.502110
vt 0.768020 0.502110
vt 0.768020 0.501310
vt 0.758410 0.501310
vt 0.739180 0.502110
vt 0.748800 0.502110
vt 0.748800 0.501310
vt 0.739180 0.501310
vt 0.691120 0.502110
vt 0.700730 0.502110
vt 0.700730 0.501310
vt 0.691120 0.501310
vt 0.719960 0.502110
vt 0.729570 0.502110
vt 0.729570 0.501310
vt 0.719960 0.501310
vt 0.671900 0.502110
vt 0.681510 0.502110
vt 0.681510 0.501310
vt 0.671900 0.501310
vt 0.710350 0.502110
vt 0.710350 0.501310
vt 0.652670 0.502110
vt 0.662280 0.502110
vt 0.662280 0.501310
vt 0.652670 0.501310
vt 0.643050 0.502110
vt 0.643050 0.501310
vt 0.777630 0.502110
vt 0.777630 0.501310
vt 0.682470 0.192300
vt 0.686080 0.183580
vt 0.681450 0.180490
vt 0.677010 0.191220
vt 0.686080 0.210470
vt 0.682470 0.201750
vt 0.677010 0.202830
vt 0.681450 0.213560
vt 0.701480 0.220760
vt 0.692760 0.217150
vt 0.689670 0.221770
vt 0.700400 0.226220
vt 0.719650 0.217150
vt 0.710920 0.220760
vt 0.712010 0.226220
vt 0.722740 0.221770
vt 0.719650 0.176900
vt 0.726330 0.183580
vt 0.730950 0.180490
vt 0.722740 0.172270
vt 0.729940 0.201750
vt 0.726330 0.210470
vt 0.730950 0.213560
vt 0.735400 0.202830
vt 0.701480 0.173290
vt 0.710920 0.173290
vt 0.712010 0.167830
vt 0.700400 0.167830
vt 0.692760 0.176900
vt 0.689670 0.172280
vt 0.729940 0.192300
vt 0.735400 0.191220
vt 0.693990 0.003490
vt 0.680790 0.003480
vt 0.680790 0.008330
vt 0.693990 0.008340
vt 0.720390 0.003520
vt 0.707190 0.003510
vt 0.707180 0.008350
vt 0.720380 0.008360
vt 0.535120 0.003390
vt 0.521840 0.003390
vt 0.521840 0.008270
vt 0.535120 0.008270
vt 0.561660 0.003390
vt 0.548390 0.003390
vt 0.548390 0.008260
vt 0.561660 0.008260
vt 0.627910 0.003430
vt 0.614670 0.003420
vt 0.614670 0.008280
vt 0.627910 0.008300
vt 0.588180 0.003400
vt 0.574920 0.003390
vt 0.574920 0.008260
vt 0.588170 0.008270
vt 0.654370 0.003460
vt 0.641140 0.003450
vt 0.641140 0.008310
vt 0.654370 0.008310
vt 0.601430 0.003410
vt 0.601420 0.008270
vt 0.667580 0.003470
vt 0.667580 0.008320
vt 0.508550 0.003400
vt 0.508560 0.008280
vt 0.777360 0.267850
vt 0.772980 0.257290
vt 0.765700 0.262150
vt 0.768760 0.269560
vt 0.742900 0.302300
vt 0.754340 0.302300
vt 0.752630 0.293710
vt 0.744610 0.293710
vt 0.724260 0.289840
vt 0.732340 0.297930
vt 0.737210 0.290640
vt 0.731550 0.284970
vt 0.719880 0.267850
vt 0.719880 0.279280
vt 0.728480 0.277570
vt 0.728480 0.269560
vt 0.732340 0.249200
vt 0.724260 0.257290
vt 0.731550 0.262150
vt 0.737210 0.256490
vt 0.754340 0.244830
vt 0.742900 0.244830
vt 0.744610 0.253420
vt 0.752630 0.253420
vt 0.772980 0.289840
vt 0.777360 0.279280
vt 0.768760 0.277570
vt 0.765700 0.284970
vt 0.764900 0.249200
vt 0.760030 0.256490
vt 0.764900 0.297930
vt 0.760030 0.290640
vt 0.555410 0.617660
vt 0.548450 0.610940
vt 0.545290 0.615830
vt 0.550550 0.621010
vt 0.539360 0.655560
vt 0.548210 0.652050
vt 0.545050 0.647190
vt 0.538240 0.649880
vt 0.520950 0.652000
vt 0.529830 0.655570
vt 0.530910 0.649870
vt 0.524110 0.647100
vt 0.510060 0.636240
vt 0.513980 0.645290
vt 0.518830 0.641940
vt 0.515980 0.635070
vt 0.514330 0.617560
vt 0.510360 0.626380
vt 0.516140 0.627630
vt 0.519110 0.620890
vt 0.530050 0.607360
vt 0.521200 0.610900
vt 0.524370 0.615760
vt 0.531170 0.613030
vt 0.559020 0.636560
vt 0.559340 0.626700
vt 0.553420 0.627870
vt 0.553260 0.635280
vt 0.539570 0.607360
vt 0.538490 0.613050
vt 0.555080 0.645390
vt 0.550300 0.642040
vt 0.536800 0.621780
vt 0.540380 0.623290
vt 0.542940 0.637010
vt 0.540190 0.639740
vt 0.543110 0.626040
vt 0.544570 0.629630
vt 0.536580 0.641160
vt 0.532700 0.641160
vt 0.529100 0.639680
vt 0.526330 0.636940
vt 0.524870 0.633330
vt 0.524940 0.629450
vt 0.526500 0.625890
vt 0.529290 0.623190
vt 0.532910 0.621750
vt 0.544500 0.633480
vt 0.995040 0.538130
vt 0.995040 0.533090
vt 0.991670 0.533090
vt 0.991670 0.538130
vt 0.995040 0.563330
vt 0.995040 0.558290
vt 0.991670 0.558290
vt 0.991670 0.563330
vt 0.995040 0.548210
vt 0.995040 0.543170
vt 0.991670 0.543170
vt 0.991670 0.548210
vt 0.995050 0.573410
vt 0.995040 0.568370
vt 0.991670 0.568370
vt 0.991670 0.573410
vt 0.995050 0.583500
vt 0.995050 0.578460
vt 0.991670 0.578460
vt 0.991680 0.583500
vt 0.995050 0.593580
vt 0.995050 0.588540
vt 0.991680 0.588540
vt 0.991680 0.593580
vt 0.995040 0.523010
vt 0.995040 0.517970
vt 0.991670 0.517970
vt 0.991670 0.523010
vt 0.995040 0.528050
vt 0.991670 0.528050
vt 0.995040 0.553250
vt 0.991670 0.553250
vt 0.995040 0.512930
vt 0.991670 0.512930
vt 0.696690 0.120230
vt 0.693980 0.117520
vt 0.691540 0.119160
vt 0.695060 0.122680
vt 0.711770 0.113980
vt 0.710310 0.117520
vt 0.712750 0.119160
vt 0.714660 0.114560
vt 0.704060 0.121700
vt 0.700230 0.121700
vt 0.699660 0.124580
vt 0.704630 0.124580
vt 0.710310 0.106620
vt 0.711770 0.110160
vt 0.714660 0.109580
vt 0.712750 0.104980
vt 0.707600 0.120230
vt 0.709230 0.122680
vt 0.704060 0.102440
vt 0.707600 0.103910
vt 0.709230 0.101460
vt 0.704630 0.099560
vt 0.696690 0.103910
vt 0.700230 0.102440
vt 0.699660 0.099560
vt 0.695060 0.101460
vt 0.692520 0.110160
vt 0.693980 0.106620
vt 0.691540 0.104980
vt 0.689640 0.109580
vt 0.692520 0.113990
vt 0.689640 0.114560
vt 0.700980 0.451600
vt 0.705840 0.451600
vt 0.705840 0.448430
vt 0.700980 0.448430
vt 0.691270 0.451600
vt 0.696120 0.451600
vt 0.696130 0.448430
vt 0.691270 0.448430
vt 0.666970 0.451610
vt 0.671830 0.451610
vt 0.671830 0.448430
vt 0.666960 0.448440
vt 0.681550 0.451600
vt 0.686410 0.451600
vt 0.686410 0.448430
vt 0.681550 0.448430
vt 0.657230 0.451630
vt 0.662100 0.451620
vt 0.662090 0.448450
vt 0.657230 0.448460
vt 0.647490 0.451660
vt 0.652360 0.451650
vt 0.652360 0.448470
vt 0.647480 0.448480
vt 0.637740 0.451690
vt 0.642620 0.451670
vt 0.642610 0.448490
vt 0.637730 0.448510
vt 0.710700 0.451610
vt 0.710700 0.448440
vt 0.676690 0.451600
vt 0.676690 0.448430
vt 0.715560 0.451610
vt 0.715560 0.448440
vt 0.005180 0.051760
vt 0.003150 0.056630
vt 0.010040 0.058000
vt 0.011020 0.055670
vt 0.013770 0.046030
vt 0.008910 0.048050
vt 0.012810 0.053880
vt 0.015140 0.052910
vt 0.029650 0.061900
vt 0.029660 0.056630
vt 0.022760 0.058000
vt 0.022750 0.060520
vt 0.023900 0.048030
vt 0.019030 0.046020
vt 0.017670 0.052900
vt 0.020000 0.053880
vt 0.023890 0.070490
vt 0.027620 0.066770
vt 0.021780 0.062860
vt 0.020000 0.064660
vt 0.027630 0.051750
vt 0.021790 0.055660
vt 0.013770 0.072500
vt 0.019030 0.072500
vt 0.017660 0.065620
vt 0.015140 0.065620
vt 0.005170 0.066770
vt 0.008910 0.070490
vt 0.012800 0.064640
vt 0.011010 0.062870
vt 0.003140 0.061900
vt 0.010050 0.060530
vt 0.013560 0.059830
vt 0.013550 0.058710
vt 0.014000 0.057670
vt 0.014790 0.056870
vt 0.015830 0.056430
vt 0.016960 0.056420
vt 0.019230 0.059840
vt 0.018790 0.060880
vt 0.018000 0.056870
vt 0.018810 0.057660
vt 0.018000 0.061680
vt 0.016950 0.062110
vt 0.015820 0.062100
vt 0.014790 0.061660
vt 0.013980 0.060870
vt 0.019240 0.058710
vt 0.446020 0.883920
vt 0.446020 0.882380
vt 0.435660 0.882380
vt 0.435660 0.883920
vt 0.446030 0.862330
vt 0.446030 0.860780
vt 0.435660 0.860780
vt 0.435660 0.862320
vt 0.446030 0.865410
vt 0.446030 0.863870
vt 0.435650 0.863870
vt 0.435650 0.865410
vt 0.446030 0.873120
vt 0.446030 0.871580
vt 0.435650 0.871580
vt 0.435650 0.873120
vt 0.446030 0.868500
vt 0.446030 0.866950
vt 0.435650 0.866950
vt 0.435650 0.868490
vt 0.446030 0.876210
vt 0.446030 0.874670
vt 0.435650 0.874660
vt 0.435650 0.876210
vt 0.446030 0.870040
vt 0.435650 0.870040
vt 0.446030 0.879290
vt 0.446030 0.877750
vt 0.435650 0.877750
vt 0.435660 0.879290
vt 0.446020 0.880830
vt 0.435660 0.880830
vt 0.446030 0.859240
vt 0.435660 0.859240
vt 0.748130 0.535230
vt 0.733350 0.535230
vt 0.733350 0.585500
vt 0.748130 0.585500
vt 0.659450 0.535230
vt 0.644670 0.535230
vt 0.644670 0.585500
vt 0.659450 0.585500
vt 0.718570 0.535230
vt 0.703790 0.535230
vt 0.703790 0.585500
vt 0.718570 0.585500
vt 0.629890 0.535230
vt 0.615110 0.535230
vt 0.615110 0.585500
vt 0.629890 0.585500
vt 0.689010 0.535230
vt 0.674230 0.535230
vt 0.674230 0.585500
vt 0.689010 0.585500
vt 0.600330 0.535230
vt 0.585550 0.535230
vt 0.585550 0.585500
vt 0.600330 0.585500
vt 0.570770 0.535230
vt 0.555990 0.535230
vt 0.555990 0.585500
vt 0.570770 0.585500
vt 0.777690 0.535230
vt 0.762910 0.535230
vt 0.762910 0.585500
vt 0.777690 0.585500
vt 0.541210 0.535230
vt 0.541210 0.585500
vt 0.589530 0.155620
vt 0.589530 0.171190
vt 0.596690 0.169770
vt 0.596690 0.157040
vt 0.606500 0.130220
vt 0.595490 0.141230
vt 0.601560 0.145280
vt 0.610560 0.136290
vt 0.636470 0.124260
vt 0.620890 0.124260
vt 0.622320 0.131420
vt 0.635040 0.131420
vt 0.661870 0.185580
vt 0.667830 0.171190
vt 0.660670 0.169770
vt 0.655800 0.181530
vt 0.661870 0.141230
vt 0.650850 0.130220
vt 0.646800 0.136290
vt 0.655800 0.145280
vt 0.636470 0.202560
vt 0.650850 0.196590
vt 0.646800 0.190530
vt 0.635040 0.195400
vt 0.667830 0.155620
vt 0.660670 0.157040
vt 0.606500 0.196590
vt 0.620890 0.202560
vt 0.622320 0.195400
vt 0.610560 0.190530
vt 0.595490 0.185580
vt 0.601560 0.181530
vt 0.378530 0.459110
vt 0.365800 0.459110
vt 0.365800 0.460100
vt 0.378530 0.460100
vt 0.442160 0.459110
vt 0.429430 0.459110
vt 0.429430 0.460100
vt 0.442160 0.460100
vt 0.403980 0.459110
vt 0.391250 0.459110
vt 0.391250 0.460100
vt 0.403980 0.460100
vt 0.467610 0.459110
vt 0.454890 0.459110
vt 0.454890 0.460100
vt 0.467610 0.460100
vt 0.416710 0.459110
vt 0.416710 0.460100
vt 0.493070 0.459110
vt 0.480340 0.459110
vt 0.480340 0.460100
vt 0.493070 0.460100
vt 0.518520 0.459110
vt 0.505790 0.459110
vt 0.505790 0.460100
vt 0.518520 0.460100
vt 0.340350 0.459110
vt 0.327620 0.459110
vt 0.327620 0.460100
vt 0.340350 0.460100
vt 0.353070 0.459110
vt 0.353070 0.460100
vt 0.531250 0.459110
vt 0.531250 0.460100
vt 0.674150 0.203730
vt 0.674150 0.191000
vt 0.667100 0.189600
vt 0.667100 0.205130
vt 0.688020 0.224490
vt 0.679020 0.215490
vt 0.673040 0.219480
vt 0.684030 0.230460
vt 0.738130 0.203730
vt 0.733260 0.215490
vt 0.739240 0.219480
vt 0.745190 0.205130
vt 0.712510 0.229360
vt 0.699780 0.229360
vt 0.698380 0.236410
vt 0.713910 0.236410
vt 0.733260 0.179240
vt 0.738130 0.191000
vt 0.745190 0.189600
vt 0.739240 0.175250
vt 0.712510 0.165370
vt 0.724260 0.170240
vt 0.728260 0.164270
vt 0.713910 0.158320
vt 0.688020 0.170240
vt 0.699780 0.165370
vt 0.698380 0.158320
vt 0.684030 0.164270
vt 0.679020 0.179240
vt 0.673040 0.175250
vt 0.724260 0.224490
vt 0.728260 0.230460
vt 0.239900 0.012460
vt 0.224360 0.012460
vt 0.224360 0.019070
vt 0.239900 0.019070
vt 0.270970 0.012460
vt 0.255430 0.012460
vt 0.255430 0.019070
vt 0.270970 0.019070
vt 0.348640 0.012450
vt 0.333110 0.012450
vt 0.333100 0.019060
vt 0.348640 0.019060
vt 0.302040 0.012450
vt 0.286500 0.012450
vt 0.286500 0.019070
vt 0.302040 0.019060
vt 0.379700 0.012460
vt 0.364170 0.012460
vt 0.364170 0.019070
vt 0.379700 0.019070
vt 0.317570 0.012450
vt 0.317570 0.019060
vt 0.410760 0.012460
vt 0.395230 0.012460
vt 0.395230 0.019070
vt 0.410760 0.019070
vt 0.441820 0.012470
vt 0.426290 0.012470
vt 0.426290 0.019070
vt 0.441820 0.019070
vt 0.208830 0.012460
vt 0.208830 0.019080
vt 0.457350 0.012470
vt 0.457350 0.019080
vt 0.531060 0.166120
vt 0.543290 0.166120
vt 0.541330 0.156170
vt 0.533030 0.156160
vt 0.510970 0.152840
vt 0.519720 0.161480
vt 0.525350 0.152990
vt 0.519440 0.147140
vt 0.506270 0.129050
vt 0.506170 0.141430
vt 0.516260 0.139440
vt 0.516290 0.131100
vt 0.554680 0.109120
vt 0.543340 0.104480
vt 0.541370 0.114450
vt 0.549050 0.117610
vt 0.519790 0.109130
vt 0.511070 0.117720
vt 0.519500 0.123430
vt 0.525400 0.117590
vt 0.568230 0.129190
vt 0.563430 0.117770
vt 0.554950 0.123480
vt 0.558150 0.131180
vt 0.563330 0.152890
vt 0.568140 0.141570
vt 0.558130 0.139520
vt 0.554900 0.147180
vt 0.554610 0.161490
vt 0.549000 0.153020
vt 0.531110 0.104490
vt 0.533070 0.114440
vt 0.521970 0.138290
vt 0.521970 0.132240
vt 0.540270 0.120120
vt 0.545860 0.122450
vt 0.524300 0.126660
vt 0.528620 0.122400
vt 0.550140 0.126740
vt 0.552440 0.132350
vt 0.552440 0.138410
vt 0.550090 0.143970
vt 0.545780 0.148220
vt 0.540190 0.150510
vt 0.534130 0.150480
vt 0.528550 0.148180
vt 0.524260 0.143910
vt 0.534220 0.120110
vt 0.530040 0.140030
vt 0.528790 0.136940
vt 0.535600 0.126910
vt 0.538950 0.126930
vt 0.528780 0.133590
vt 0.530100 0.130510
vt 0.542030 0.128240
vt 0.544380 0.130610
vt 0.532490 0.128160
vt 0.545620 0.133700
vt 0.545630 0.137040
vt 0.544310 0.140120
vt 0.541920 0.142460
vt 0.538820 0.143710
vt 0.535480 0.143680
vt 0.532390 0.142420
vt 0.070100 0.084830
vt 0.075420 0.084830
vt 0.075420 0.076570
vt 0.070100 0.076570
vt 0.059460 0.084830
vt 0.064780 0.084830
vt 0.064780 0.076570
vt 0.059460 0.076570
vt 0.032860 0.084830
vt 0.038180 0.084830
vt 0.038180 0.076570
vt 0.032870 0.076570
vt 0.048820 0.084830
vt 0.054140 0.084830
vt 0.054140 0.076570
vt 0.048820 0.076570
vt 0.022230 0.084830
vt 0.027540 0.084830
vt 0.027550 0.076570
vt 0.022230 0.076560
vt 0.011590 0.084820
vt 0.016910 0.084820
vt 0.016910 0.076560
vt 0.011600 0.076560
vt 0.000960 0.084810
vt 0.006270 0.084820
vt 0.006280 0.076560
vt 0.000960 0.076550
vt 0.080740 0.084830
vt 0.080740 0.076570
vt 0.043500 0.084830
vt 0.043500 0.076570
vt 0.086060 0.084830
vt 0.086060 0.076560
vt 0.735380 0.275840
vt 0.735380 0.270520
vt 0.732380 0.269920
vt 0.732380 0.276440
vt 0.741180 0.284510
vt 0.737420 0.280750
vt 0.734870 0.282460
vt 0.739480 0.287060
vt 0.762120 0.275840
vt 0.760090 0.280750
vt 0.762640 0.282460
vt 0.765130 0.276440
vt 0.751410 0.286550
vt 0.746100 0.286550
vt 0.745500 0.289560
vt 0.752010 0.289560
vt 0.760090 0.265610
vt 0.762120 0.270520
vt 0.765130 0.269920
vt 0.762640 0.263900
vt 0.756330 0.284510
vt 0.758030 0.287060
vt 0.751410 0.259810
vt 0.756330 0.261850
vt 0.758030 0.259300
vt 0.752010 0.256800
vt 0.741180 0.261850
vt 0.746090 0.259810
vt 0.745500 0.256800
vt 0.739480 0.259300
vt 0.737420 0.265610
vt 0.734870 0.263900
vt 0.549500 0.590650
vt 0.542980 0.590650
vt 0.542980 0.595880
vt 0.549490 0.595890
vt 0.562520 0.590660
vt 0.556010 0.590660
vt 0.556010 0.595890
vt 0.562520 0.595890
vt 0.575550 0.590660
vt 0.569040 0.590660
vt 0.569040 0.595900
vt 0.575550 0.595900
vt 0.608130 0.590660
vt 0.601610 0.590660
vt 0.601620 0.595900
vt 0.608130 0.595900
vt 0.588580 0.590670
vt 0.582070 0.590670
vt 0.582070 0.595900
vt 0.588580 0.595900
vt 0.621160 0.590660
vt 0.614640 0.590660
vt 0.614650 0.595890
vt 0.621160 0.595890
vt 0.634190 0.590650
vt 0.627670 0.590650
vt 0.627670 0.595890
vt 0.634190 0.595890
vt 0.647210 0.590650
vt 0.640700 0.590650
vt 0.640700 0.595880
vt 0.647220 0.595880
vt 0.595100 0.590670
vt 0.595100 0.595900
vt 0.623820 0.525940
vt 0.633430 0.525940
vt 0.758410 0.525930
vt 0.768020 0.525930
vt 0.739190 0.525930
vt 0.748800 0.525930
vt 0.691120 0.525940
vt 0.700740 0.525940
vt 0.719960 0.525940
vt 0.729570 0.525940
vt 0.671890 0.525940
vt 0.681510 0.525940
vt 0.710350 0.525940
vt 0.652670 0.525940
vt 0.662280 0.525940
vt 0.643050 0.525940
vt 0.777640 0.525930
vt 0.623820 0.526540
vt 0.633430 0.526540
vt 0.758410 0.526530
vt 0.768020 0.526530
vt 0.739190 0.526530
vt 0.748800 0.526530
vt 0.691120 0.526540
vt 0.700740 0.526540
vt 0.719960 0.526540
vt 0.729570 0.526540
vt 0.671890 0.526540
vt 0.681510 0.526540
vt 0.710350 0.526540
vt 0.652670 0.526540
vt 0.662280 0.526540
vt 0.643050 0.526540
vt 0.777640 0.526530
vt 0.467080 0.384860
vt 0.455480 0.384860
vt 0.397460 0.384860
vt 0.385860 0.384860
vt 0.443870 0.384860
vt 0.432270 0.384860
vt 0.374250 0.384860
vt 0.362650 0.384860
vt 0.420670 0.384860
vt 0.409060 0.384860
vt 0.351040 0.384860
vt 0.339440 0.384850
vt 0.327840 0.384850
vt 0.316240 0.384850
vt 0.490290 0.384860
vt 0.478680 0.384860
vt 0.304630 0.384850
vt 0.273540 0.359720
vt 0.265340 0.351230
vt 0.221220 0.332320
vt 0.208390 0.332320
vt 0.255810 0.344050
vt 0.245130 0.338400
vt 0.195580 0.334470
vt 0.183130 0.338720
vt 0.233530 0.334440
vt 0.171390 0.345010
vt 0.160710 0.353200
vt 0.151420 0.363090
vt 0.143840 0.374430
vt 0.288480 0.390780
vt 0.285280 0.379750
vt 0.280240 0.369310
vt 0.138340 0.386950
vt 0.938790 0.100030
vt 0.934280 0.100090
vt 0.929790 0.100220
vt 0.925310 0.100400
vt 0.920850 0.100630
vt 0.916410 0.100920
vt 0.911990 0.101250
vt 0.907590 0.101620
vt 0.903200 0.102010
vt 0.974840 0.101350
vt 0.970380 0.101070
vt 0.965890 0.100800
vt 0.961390 0.100560
vt 0.956880 0.100350
vt 0.952360 0.100190
vt 0.947830 0.100080
vt 0.943310 0.100030
vt 0.378530 0.424950
vt 0.365800 0.424950
vt 0.442160 0.424950
vt 0.429430 0.424950
vt 0.403980 0.424950
vt 0.391250 0.424950
vt 0.467610 0.424950
vt 0.454890 0.424950
vt 0.416710 0.424950
vt 0.493070 0.424960
vt 0.480340 0.424960
vt 0.518520 0.424960
vt 0.505790 0.424960
vt 0.340350 0.424950
vt 0.327620 0.424950
vt 0.353070 0.424950
vt 0.531250 0.424960
vt 0.378530 0.424460
vt 0.365800 0.424460
vt 0.442160 0.424460
vt 0.429430 0.424460
vt 0.403980 0.424460
vt 0.391250 0.424460
vt 0.467610 0.424460
vt 0.454890 0.424460
vt 0.416710 0.424460
vt 0.493070 0.424460
vt 0.480340 0.424460
vt 0.518520 0.424460
vt 0.505790 0.424460
vt 0.340350 0.424460
vt 0.327620 0.424460
vt 0.353070 0.424460
vt 0.531250 0.424460
vt 0.274830 0.358670
vt 0.266450 0.349970
vt 0.221430 0.330500
vt 0.208240 0.330500
vt 0.256720 0.342620
vt 0.245820 0.336820
vt 0.195130 0.332670
vt 0.182380 0.337010
vt 0.233960 0.332740
vt 0.170370 0.343420
vt 0.159430 0.351780
vt 0.149910 0.361890
vt 0.142140 0.373490
vt 0.290070 0.390470
vt 0.286800 0.379170
vt 0.281670 0.368480
vt 0.136380 0.386400
vt 0.291490 0.474460
vt 0.285510 0.473150
vt 0.285490 0.480950
vt 0.291480 0.479590
vt 0.288550 0.487680
vt 0.293480 0.484240
vt 0.293850 0.492730
vt 0.297090 0.487730
vt 0.300630 0.495400
vt 0.301730 0.489580
vt 0.307900 0.495310
vt 0.306710 0.489520
vt 0.314590 0.492470
vt 0.311300 0.487560
vt 0.319700 0.487290
vt 0.314790 0.484010
vt 0.322460 0.480560
vt 0.316660 0.479400
vt 0.322430 0.473280
vt 0.316630 0.474420
vt 0.319630 0.466560
vt 0.314710 0.469840
vt 0.314510 0.461390
vt 0.311210 0.466300
vt 0.307790 0.458610
vt 0.306610 0.464400
vt 0.300520 0.458530
vt 0.301620 0.464360
vt 0.293760 0.461260
vt 0.296990 0.466260
vt 0.288500 0.466360
vt 0.293430 0.469790
vt 0.171390 0.153210
vt 0.171390 0.153550
vt 0.176940 0.153550
vt 0.176940 0.153210
vt 0.165850 0.153210
vt 0.165850 0.153550
vt 0.160300 0.153210
vt 0.160300 0.153550
vt 0.154760 0.153200
vt 0.154760 0.153540
vt 0.149210 0.153200
vt 0.149210 0.153540
vt 0.143670 0.153190
vt 0.143670 0.153530
vt 0.941770 0.306310
vt 0.936060 0.302490
vt 0.936060 0.330940
vt 0.941770 0.330940
vt 0.948510 0.307640
vt 0.948510 0.330940
vt 0.955240 0.306310
vt 0.955240 0.330940
vt 0.960950 0.302490
vt 0.960950 0.330940
vt 0.204770 0.153150
vt 0.204770 0.153490
vt 0.210340 0.153470
vt 0.210340 0.153130
vt 0.199200 0.153180
vt 0.199210 0.153520
vt 0.193640 0.153200
vt 0.193640 0.153550
vt 0.188060 0.153210
vt 0.188060 0.153550
vt 0.182500 0.153210
vt 0.182500 0.153550
vt 0.160310 0.136100
vt 0.165850 0.136100
vt 0.165850 0.123550
vt 0.160320 0.123540
vt 0.188010 0.136040
vt 0.193570 0.136020
vt 0.193500 0.123410
vt 0.187940 0.123440
vt 0.143690 0.136090
vt 0.149230 0.136090
vt 0.149240 0.123530
vt 0.143700 0.123530
vt 0.215830 0.135910
vt 0.221400 0.135880
vt 0.221330 0.123260
vt 0.215770 0.123290
vt 0.176910 0.136080
vt 0.182460 0.136060
vt 0.182380 0.123480
vt 0.176830 0.123530
vt 0.171380 0.136090
vt 0.171380 0.123560
vt 0.199130 0.135990
vt 0.204700 0.135970
vt 0.204630 0.123350
vt 0.199070 0.123380
vt 0.154770 0.136100
vt 0.154780 0.123540
vt 0.138150 0.136080
vt 0.138160 0.123520
vt 0.210260 0.135940
vt 0.210200 0.123320
vt 0.132610 0.136080
vt 0.132620 0.123510
vt 0.915470 0.302490
vt 0.914450 0.302490
vt 0.914450 0.330940
vt 0.915470 0.330940
vt 0.908740 0.306310
vt 0.908740 0.330940
vt 0.902000 0.307640
vt 0.902000 0.330940
vt 0.995010 0.307650
vt 0.988280 0.306310
vt 0.988280 0.330940
vt 0.995010 0.330940
vt 0.982570 0.302490
vt 0.982570 0.330940
vt 0.961370 0.302490
vt 0.961370 0.330940
vt 0.286130 0.522150
vt 0.286010 0.513880
vt 0.276450 0.514020
vt 0.276570 0.522290
vt 0.286070 0.414970
vt 0.286090 0.406620
vt 0.276450 0.406590
vt 0.276420 0.414940
vt 0.276170 0.472990
vt 0.276160 0.481080
vt 0.285990 0.440010
vt 0.286020 0.431670
vt 0.276370 0.431640
vt 0.276350 0.439990
vt 0.285890 0.505610
vt 0.285770 0.497340
vt 0.276240 0.497450
vt 0.276330 0.505740
vt 0.285700 0.464970
vt 0.285840 0.456710
vt 0.276290 0.456610
vt 0.276230 0.464830
vt 0.286250 0.530420
vt 0.276690 0.530560
vt 0.286040 0.423320
vt 0.276400 0.423290
vt 0.285640 0.489110
vt 0.276200 0.489230
vt 0.285940 0.448390
vt 0.276330 0.448340
vt 0.286370 0.538690
vt 0.276810 0.538830
vt 0.258950 0.464750
vt 0.258950 0.472940
vt 0.263080 0.456560
vt 0.271890 0.448350
vt 0.263050 0.489270
vt 0.271830 0.497440
vt 0.258950 0.481100
vt 0.171380 0.136920
vt 0.176920 0.136900
vt 0.165840 0.136920
vt 0.160310 0.136920
vt 0.154770 0.136920
vt 0.149230 0.136920
vt 0.143680 0.136910
vt 0.204700 0.136800
vt 0.210270 0.136770
vt 0.199140 0.136820
vt 0.193570 0.136850
vt 0.188020 0.136870
vt 0.182460 0.136890
vt 0.935640 0.302490
vt 0.935640 0.330940
vt 0.981550 0.302490
vt 0.981550 0.330940
vt 0.436320 0.714770
vt 0.438760 0.716070
vt 0.479820 0.712400
vt 0.477530 0.713950
vt 0.217310 0.403250
vt 0.225630 0.402740
vt 0.225800 0.400230
vt 0.217310 0.400660
vt 0.234190 0.397850
vt 0.233780 0.395350
vt 0.200440 0.397850
vt 0.209000 0.402740
vt 0.208820 0.400230
vt 0.200850 0.395350
vt 0.241900 0.387770
vt 0.239510 0.387300
vt 0.195110 0.387300
vt 0.192720 0.387770
vt 0.224650 0.382400
vt 0.217310 0.382630
vt 0.232000 0.381780
vt 0.209970 0.382400
vt 0.202630 0.381780
vt 0.197600 0.381040
vt 0.237020 0.381040
vt 0.442340 0.712630
vt 0.445120 0.709990
vt 0.442790 0.704460
vt 0.449770 0.717030
vt 0.451170 0.713570
vt 0.458320 0.718250
vt 0.466690 0.716110
vt 0.464930 0.712820
vt 0.458120 0.714560
vt 0.473600 0.710930
vt 0.472270 0.702850
vt 0.470550 0.708610
vt 0.166510 0.121460
vt 0.187320 0.112700
vt 0.187220 0.107460
vt 0.185160 0.102650
vt 0.181430 0.098990
vt 0.176590 0.097030
vt 0.171370 0.097050
vt 0.166570 0.099080
vt 0.162870 0.102770
vt 0.160850 0.107590
vt 0.160860 0.112830
vt 0.181710 0.121400
vt 0.162820 0.117700
vt 0.185380 0.117600
vt 0.338620 0.275810
vt 0.338450 0.271130
vt 0.317780 0.272160
vt 0.318030 0.276110
vt 0.298240 0.272730
vt 0.298340 0.276570
vt 0.279400 0.273140
vt 0.279460 0.276920
vt 0.261050 0.273440
vt 0.261100 0.277130
vt 0.243180 0.273640
vt 0.243200 0.277230
vt 0.225400 0.273690
vt 0.225410 0.277340
vt 0.207410 0.273650
vt 0.207400 0.277330
vt 0.189260 0.273520
vt 0.189210 0.277200
vt 0.171090 0.273320
vt 0.170900 0.276900
vt 0.151850 0.272550
vt 0.151750 0.276920
vt 0.299660 0.264070
vt 0.280500 0.264200
vt 0.343300 0.263370
vt 0.318960 0.263840
vt 0.146290 0.283580
vt 0.169130 0.284370
vt 0.169550 0.265800
vt 0.146650 0.265650
vt 0.187480 0.285370
vt 0.206170 0.265020
vt 0.187730 0.265350
vt 0.206070 0.285980
vt 0.243090 0.264630
vt 0.224630 0.264780
vt 0.224660 0.286260
vt 0.261660 0.264380
vt 0.243230 0.286260
vt 0.261910 0.286190
vt 0.280880 0.285840
vt 0.300190 0.285200
vt 0.319680 0.284350
vt 0.343950 0.283230
vt 0.987360 0.787120
vt 0.987180 0.782050
vt 0.964800 0.783170
vt 0.965070 0.787440
vt 0.943640 0.783780
vt 0.943750 0.787950
vt 0.923240 0.784230
vt 0.923310 0.788330
vt 0.903380 0.784560
vt 0.903430 0.788560
vt 0.884030 0.784780
vt 0.884050 0.788670
vt 0.864780 0.784830
vt 0.864790 0.788780
vt 0.845300 0.784800
vt 0.845280 0.788780
vt 0.825650 0.784650
vt 0.825600 0.788640
vt 0.805970 0.784440
vt 0.805770 0.788310
vt 0.785140 0.783600
vt 0.785040 0.788330
vt 0.945180 0.774410
vt 0.924430 0.774550
vt 0.992430 0.773650
vt 0.966080 0.774160
vt 0.779130 0.795550
vt 0.803850 0.796400
vt 0.804310 0.776300
vt 0.779520 0.776140
vt 0.823720 0.797480
vt 0.843960 0.775450
vt 0.823990 0.775810
vt 0.843850 0.798140
vt 0.883930 0.775030
vt 0.863940 0.775190
vt 0.863970 0.798450
vt 0.904030 0.774760
vt 0.884080 0.798450
vt 0.904310 0.798360
vt 0.924840 0.797990
vt 0.945750 0.797290
vt 0.966860 0.796370
vt 0.993140 0.795150
vt 0.195440 0.250140
vt 0.195510 0.245460
vt 0.174920 0.245550
vt 0.174750 0.249510
vt 0.155220 0.245470
vt 0.155200 0.249320
vt 0.136350 0.245460
vt 0.136350 0.249240
vt 0.117990 0.245540
vt 0.118000 0.249240
vt 0.100100 0.245670
vt 0.100120 0.249260
vt 0.082320 0.245720
vt 0.082330 0.249370
vt 0.064330 0.245750
vt 0.064330 0.249430
vt 0.046170 0.245730
vt 0.046150 0.249410
vt 0.028000 0.245670
vt 0.027830 0.249250
vt 0.008750 0.245040
vt 0.008690 0.249410
vt 0.156910 0.236810
vt 0.137610 0.236520
vt 0.200710 0.237940
vt 0.176420 0.237280
vt 0.003280 0.256110
vt 0.026120 0.256730
vt 0.026410 0.238160
vt 0.003510 0.238190
vt 0.044470 0.257590
vt 0.063040 0.237120
vt 0.044580 0.237570
vt 0.063050 0.258080
vt 0.100030 0.236650
vt 0.081530 0.236810
vt 0.081600 0.258290
vt 0.118670 0.236480
vt 0.100120 0.258280
vt 0.118740 0.258290
vt 0.137600 0.258170
vt 0.156780 0.257950
vt 0.176090 0.257810
vt 0.200440 0.257810
vt 0.819400 0.288650
vt 0.823890 0.289010
vt 0.823270 0.285840
vt 0.820110 0.285720
vt 0.812750 0.283680
vt 0.815560 0.286750
vt 0.817270 0.284390
vt 0.815160 0.282120
vt 0.810970 0.275970
vt 0.811200 0.279880
vt 0.814020 0.279230
vt 0.813810 0.276270
vt 0.828450 0.268840
vt 0.824250 0.266780
vt 0.823590 0.269460
vt 0.826770 0.270920
vt 0.832210 0.275780
vt 0.830960 0.272060
vt 0.828440 0.273410
vt 0.829360 0.276230
vt 0.819520 0.266620
vt 0.815200 0.268550
vt 0.816810 0.270790
vt 0.820040 0.269280
vt 0.830760 0.283780
vt 0.832210 0.279880
vt 0.829390 0.279340
vt 0.828290 0.282240
vt 0.827920 0.286980
vt 0.826160 0.284540
vt 0.812080 0.272040
vt 0.814420 0.273330
vt 0.472490 0.697140
vt 0.441940 0.698800
vt 0.438240 0.681730
vt 0.433160 0.690310
vt 0.442790 0.692890
vt 0.445830 0.687760
vt 0.455870 0.673270
vt 0.446210 0.675750
vt 0.450600 0.684170
vt 0.456390 0.682690
vt 0.474320 0.679760
vt 0.465740 0.674680
vt 0.462290 0.683540
vt 0.467430 0.686580
vt 0.480300 0.687740
vt 0.471010 0.691350
vt 0.344390 0.594370
vt 0.343670 0.557130
vt 0.322070 0.557240
vt 0.323020 0.594900
vt 0.470510 0.597410
vt 0.471000 0.557250
vt 0.449050 0.557510
vt 0.447880 0.595680
vt 0.499970 0.604480
vt 0.443880 0.636830
vt 0.492830 0.646740
vt 0.347350 0.635610
vt 0.448080 0.656980
vt 0.489350 0.664890
vt 0.743760 0.827420
vt 0.760950 0.826830
vt 0.761000 0.808830
vt 0.743800 0.808790
vt 0.342630 0.655640
vt 0.377250 0.233590
vt 0.376450 0.214380
vt 0.358380 0.215620
vt 0.360000 0.235120
vt 0.477660 0.233800
vt 0.477660 0.214420
vt 0.460300 0.214420
vt 0.460120 0.233410
vt 0.474290 0.235620
vt 0.458550 0.254630
vt 0.470400 0.258030
vt 0.378910 0.254800
vt 0.460830 0.265280
vt 0.472060 0.268360
vt 0.376670 0.265460
vt 0.477660 0.181410
vt 0.460290 0.181410
vt 0.343580 0.217000
vt 0.345490 0.236540
vt 0.492050 0.233800
vt 0.492050 0.214420
vt 0.363090 0.235850
vt 0.367070 0.258240
vt 0.445570 0.127660
vt 0.449630 0.113270
vt 0.354130 0.115100
vt 0.359080 0.128290
vt 0.365460 0.268580
vt 0.490620 0.238540
vt 0.486540 0.261360
vt 0.484630 0.270880
vt 0.373290 0.179440
vt 0.371920 0.164210
vt 0.353530 0.165870
vt 0.354910 0.181110
vt 0.477660 0.167020
vt 0.460290 0.167020
vt 0.462840 0.102260
vt 0.478250 0.129540
vt 0.485270 0.118830
vt 0.330620 0.136850
vt 0.337150 0.144690
vt 0.339950 0.182690
vt 0.492050 0.181410
vt 0.339240 0.105830
vt 0.319710 0.126580
vt 0.472350 0.141210
vt 0.740380 0.625250
vt 0.740380 0.599340
vt 0.718610 0.599340
vt 0.718610 0.625250
vt 0.806260 0.625260
vt 0.806260 0.599340
vt 0.815160 0.625260
vt 0.815160 0.599340
vt 0.880150 0.625260
vt 0.880150 0.599340
vt 0.893500 0.625260
vt 0.893500 0.599340
vt 0.740380 0.707010
vt 0.718610 0.707010
vt 0.109690 0.499550
vt 0.109790 0.442800
vt 0.105140 0.442810
vt 0.105040 0.499540
vt 0.815160 0.707010
vt 0.806260 0.707010
vt 0.129450 0.500160
vt 0.129450 0.443110
vt 0.124770 0.443110
vt 0.124760 0.500160
vt 0.893500 0.649590
vt 0.880150 0.649590
vt 0.880150 0.707010
vt 0.893500 0.707010
vt 0.085770 0.407730
vt 0.073340 0.406180
vt 0.072110 0.415810
vt 0.085350 0.411110
vt 0.637720 0.625250
vt 0.646650 0.599340
vt 0.618850 0.599340
vt 0.618850 0.625250
vt 0.740380 0.594940
vt 0.718610 0.594940
vt 0.893500 0.594940
vt 0.880150 0.594940
vt 0.806260 0.594940
vt 0.815160 0.594940
vt 0.149080 0.556740
vt 0.149080 0.513640
vt 0.143870 0.513640
vt 0.143870 0.556740
vt 0.965460 0.599340
vt 0.965460 0.625250
vt 0.993260 0.625250
vt 0.993260 0.599340
vt 0.909730 0.649590
vt 0.909730 0.707010
vt 0.993260 0.707010
vt 0.993260 0.649590
vt 0.109610 0.545270
vt 0.115350 0.545280
vt 0.115430 0.499560
vt 0.129450 0.545740
vt 0.135210 0.545740
vt 0.135210 0.500160
vt 0.104960 0.545260
vt 0.926430 0.579980
vt 0.926430 0.517260
vt 0.922200 0.517260
vt 0.922200 0.579980
vt 0.993160 0.206310
vt 0.993160 0.187640
vt 0.988930 0.187640
vt 0.988930 0.206310
vt 0.129450 0.397540
vt 0.124770 0.397540
vt 0.871660 0.584210
vt 0.922200 0.584210
vt 0.871660 0.579980
vt 0.922200 0.513030
vt 0.871660 0.513030
vt 0.871660 0.517260
vt 0.939070 0.250360
vt 0.988930 0.250360
vt 0.984710 0.244800
vt 0.943490 0.244800
vt 0.917720 0.574420
vt 0.876140 0.574420
vt 0.129450 0.585810
vt 0.129450 0.602800
vt 0.135220 0.602800
vt 0.135220 0.585810
vt 0.135210 0.443110
vt 0.109510 0.602000
vt 0.115250 0.602010
vt 0.115530 0.442750
vt 0.135220 0.397540
vt 0.109510 0.397070
vt 0.115240 0.397040
vt 0.984710 0.193200
vt 0.984710 0.208560
vt 0.939070 0.187640
vt 0.943490 0.193200
vt 0.917720 0.522820
vt 0.876140 0.522820
vt 0.104860 0.397100
vt 0.934840 0.187640
vt 0.934840 0.250360
vt 0.124770 0.545740
vt 0.867420 0.517260
vt 0.867420 0.579980
vt 0.124770 0.585810
vt 0.988930 0.183400
vt 0.939070 0.183400
vt 0.939070 0.254590
vt 0.988930 0.254590
vt 0.104860 0.601990
vt 0.262610 0.091940
vt 0.204460 0.090930
vt 0.204440 0.094090
vt 0.262560 0.095110
vt 0.993160 0.250360
vt 0.124770 0.602800
vt 0.702380 0.599340
vt 0.675580 0.625250
vt 0.072140 0.417220
vt 0.086220 0.417060
vt 0.086210 0.415730
vt 0.086210 0.637720
vt 0.072240 0.637680
vt 0.072210 0.640220
vt 0.086210 0.640170
vt 0.050620 0.417760
vt 0.050610 0.416570
vt 0.029270 0.637400
vt 0.007970 0.637650
vt 0.008010 0.640300
vt 0.029310 0.639720
vt 0.677070 0.707010
vt 0.909730 0.625260
vt 0.909730 0.599340
vt 0.204480 0.087450
vt 0.190960 0.087490
vt 0.299400 0.099620
vt 0.274780 0.099620
vt 0.278190 0.107430
vt 0.295990 0.107430
vt 0.262670 0.088470
vt 0.299400 0.127820
vt 0.295990 0.133020
vt 0.274790 0.184130
vt 0.278200 0.184130
vt 0.299400 0.095440
vt 0.274780 0.095440
vt 0.303580 0.127820
vt 0.303580 0.099620
vt 0.270600 0.099620
vt 0.270600 0.184130
vt 0.149090 0.444890
vt 0.143870 0.444890
vt 0.149090 0.413060
vt 0.149090 0.397200
vt 0.143880 0.397200
vt 0.143880 0.413060
vt 0.029210 0.547930
vt 0.007840 0.547930
vt 0.007860 0.564670
vt 0.029210 0.564650
vt 0.029240 0.497300
vt 0.007850 0.497270
vt 0.029250 0.490460
vt 0.007870 0.490410
vt 0.029360 0.440620
vt 0.008020 0.440460
vt 0.029440 0.430470
vt 0.008140 0.430110
vt 0.086420 0.547990
vt 0.072450 0.547970
vt 0.072420 0.564700
vt 0.086380 0.564730
vt 0.086490 0.497320
vt 0.072500 0.497320
vt 0.086480 0.490460
vt 0.072500 0.490470
vt 0.086410 0.440470
vt 0.072420 0.440540
vt 0.086350 0.430140
vt 0.072330 0.430260
vt 0.031000 0.401310
vt 0.009750 0.399570
vt 0.008500 0.415560
vt 0.029620 0.416510
vt 0.031120 0.400030
vt 0.009860 0.398210
vt 0.089620 0.417020
vt 0.089610 0.415700
vt 0.085940 0.406400
vt 0.073510 0.404860
vt 0.073610 0.649910
vt 0.086110 0.648100
vt 0.085610 0.644710
vt 0.052170 0.653010
vt 0.050550 0.639750
vt 0.786830 0.543060
vt 0.786830 0.521680
vt 0.784380 0.521680
vt 0.784380 0.543060
vt 0.089590 0.637720
vt 0.089590 0.640170
vt 0.786830 0.509230
vt 0.784380 0.509230
vt 0.674510 0.599340
vt 0.656650 0.625250
vt 0.937590 0.625260
vt 0.937590 0.599340
vt 0.008440 0.417050
vt 0.029600 0.417710
vt 0.050590 0.637420
vt 0.299400 0.184140
vt 0.299400 0.156010
vt 0.295990 0.158610
vt 0.295990 0.184140
vt 0.303580 0.184140
vt 0.303580 0.156010
vt 0.149090 0.428980
vt 0.143870 0.428980
vt 0.050720 0.547940
vt 0.050710 0.564660
vt 0.050760 0.497310
vt 0.050760 0.490480
vt 0.050750 0.440660
vt 0.050710 0.430510
vt 0.052150 0.403490
vt 0.052290 0.402220
vt 0.008990 0.656450
vt 0.030550 0.655140
vt 0.786830 0.585760
vt 0.786830 0.564440
vt 0.784380 0.564440
vt 0.784380 0.585760
vt 0.859750 0.543060
vt 0.859750 0.521680
vt 0.089760 0.564740
vt 0.859750 0.509230
vt 0.859750 0.585760
vt 0.859750 0.564440
vt 0.032360 0.387120
vt 0.011010 0.385230
vt 0.089760 0.430100
vt 0.087530 0.393450
vt 0.075090 0.391920
vt 0.053740 0.389330
vt 0.132850 0.091940
vt 0.132790 0.088470
vt 0.132910 0.095110
vt 0.082940 0.333310
vt 0.101900 0.333310
vt 0.101640 0.328520
vt 0.083000 0.327510
vt 0.101770 0.323660
vt 0.083210 0.321340
vt 0.102440 0.318610
vt 0.085320 0.314770
vt 0.103540 0.313560
vt 0.087780 0.309030
vt 0.104870 0.308730
vt 0.090080 0.304030
vt 0.106260 0.304220
vt 0.092220 0.299900
vt 0.665870 0.351120
vt 0.684580 0.351120
vt 0.684580 0.345500
vt 0.665870 0.345500
vt 0.684580 0.340180
vt 0.665870 0.340180
vt 0.888290 0.315270
vt 0.882450 0.315180
vt 0.881140 0.321320
vt 0.886330 0.321450
vt 0.856840 0.310980
vt 0.849600 0.307720
vt 0.848540 0.317400
vt 0.855790 0.318710
vt 0.876250 0.315560
vt 0.869870 0.315500
vt 0.869150 0.321000
vt 0.875320 0.321280
vt 0.893450 0.316710
vt 0.890620 0.321820
vt 0.863430 0.313810
vt 0.862660 0.320050
vt 0.841060 0.305440
vt 0.840990 0.316710
vt 0.882190 0.339540
vt 0.887870 0.338540
vt 0.868990 0.340530
vt 0.875790 0.340170
vt 0.854850 0.341230
vt 0.861970 0.340930
vt 0.840850 0.341570
vt 0.847810 0.341450
vt 0.892530 0.337150
vt 0.840790 0.351920
vt 0.846920 0.351590
vt 0.892460 0.347250
vt 0.899170 0.345140
vt 0.877840 0.348950
vt 0.885460 0.348350
vt 0.861380 0.350170
vt 0.869640 0.349420
vt 0.853720 0.350950
vt 0.848640 0.409710
vt 0.857090 0.408720
vt 0.892580 0.403990
vt 0.900520 0.402790
vt 0.875050 0.406430
vt 0.884040 0.405210
vt 0.865950 0.407620
vt 0.840440 0.410580
vt 0.908020 0.401620
vt 0.254060 0.199820
vt 0.299580 0.199820
vt 0.299580 0.193270
vt 0.254060 0.193270
vt 0.299580 0.220640
vt 0.306130 0.220640
vt 0.306130 0.199820
vt 0.254060 0.220640
vt 0.254060 0.227190
vt 0.299580 0.227190
vt 0.082520 0.300660
vt 0.081810 0.302650
vt 0.039420 0.313520
vt 0.041100 0.320590
vt 0.047880 0.307480
vt 0.046650 0.306230
vt 0.007650 0.333310
vt 0.041080 0.333310
vt 0.041090 0.327130
vt 0.007970 0.327840
vt 0.008100 0.322170
vt 0.007960 0.316190
vt 0.037710 0.307080
vt 0.045570 0.304200
vt 0.007620 0.310060
vt 0.036330 0.301170
vt 0.007180 0.304020
vt 0.077410 0.307840
vt 0.035050 0.295950
vt 0.006710 0.298300
vt 0.045220 0.301840
vt 0.597800 0.351120
vt 0.627580 0.351120
vt 0.627580 0.345500
vt 0.597800 0.345500
vt 0.627580 0.340180
vt 0.597800 0.340180
vt 0.077460 0.304320
vt 0.047930 0.303950
vt 0.077510 0.300160
vt 0.047980 0.299800
vt 0.077560 0.296010
vt 0.048030 0.295640
vt 0.077600 0.292490
vt 0.048070 0.292120
vt 0.080770 0.304770
vt 0.079110 0.306640
vt 0.632360 0.364700
vt 0.661090 0.364700
vt 0.045110 0.299620
vt 0.933660 0.565250
vt 0.979280 0.565250
vt 0.979280 0.560280
vt 0.933660 0.560280
vt 0.979280 0.555300
vt 0.933660 0.555300
vt 0.979280 0.550330
vt 0.933660 0.550330
vt 0.979280 0.545360
vt 0.933660 0.545360
vt 0.933660 0.585150
vt 0.979280 0.585150
vt 0.979280 0.580180
vt 0.933660 0.580180
vt 0.979280 0.575200
vt 0.933660 0.575200
vt 0.979280 0.570230
vt 0.933660 0.570230
vt 0.010900 0.188030
vt 0.010900 0.133540
vt 0.005930 0.133540
vt 0.005930 0.188030
vt 0.000960 0.133540
vt 0.000960 0.188030
vt 0.040750 0.188030
vt 0.040750 0.133540
vt 0.035780 0.133540
vt 0.035780 0.188030
vt 0.030800 0.133540
vt 0.030800 0.188030
vt 0.025830 0.133540
vt 0.025830 0.188030
vt 0.020850 0.133540
vt 0.020850 0.188030
vt 0.015880 0.133540
vt 0.015880 0.188030
vt 0.480270 0.781600
vt 0.480270 0.727110
vt 0.475290 0.727110
vt 0.475290 0.781600
vt 0.470320 0.727110
vt 0.470320 0.781600
vt 0.465340 0.727110
vt 0.465340 0.781600
vt 0.460370 0.727110
vt 0.460370 0.781600
vt 0.455390 0.727110
vt 0.455390 0.781600
vt 0.450420 0.727110
vt 0.450420 0.781600
vt 0.490210 0.781600
vt 0.490210 0.727110
vt 0.485240 0.727110
vt 0.485240 0.781600
vt 0.743080 0.943700
vt 0.788700 0.943700
vt 0.788700 0.938730
vt 0.743080 0.938730
vt 0.788700 0.933750
vt 0.743080 0.933750
vt 0.788700 0.928780
vt 0.743080 0.928780
vt 0.788700 0.923800
vt 0.743080 0.923800
vt 0.743080 0.963600
vt 0.788700 0.963600
vt 0.788700 0.958620
vt 0.743080 0.958620
vt 0.788700 0.953650
vt 0.743080 0.953650
vt 0.788700 0.948670
vt 0.743080 0.948670
vt 0.619740 0.420290
vt 0.674150 0.420290
vt 0.674150 0.415320
vt 0.619740 0.415320
vt 0.674150 0.410340
vt 0.619740 0.410340
vt 0.674150 0.405370
vt 0.619740 0.405370
vt 0.674150 0.400390
vt 0.619740 0.400390
vt 0.619740 0.440190
vt 0.674150 0.440190
vt 0.674150 0.435220
vt 0.619740 0.435210
vt 0.674150 0.430240
vt 0.619740 0.430240
vt 0.674150 0.425270
vt 0.619740 0.425270
vt 0.802670 0.886630
vt 0.802630 0.870220
vt 0.791720 0.870250
vt 0.791760 0.886650
vt 0.732640 0.870340
vt 0.732660 0.886740
vt 0.743830 0.886730
vt 0.743810 0.870340
vt 0.766500 0.897730
vt 0.791840 0.897550
vt 0.766420 0.886720
vt 0.761020 0.886700
vt 0.760990 0.870310
vt 0.743910 0.897900
vt 0.761100 0.897770
vt 0.766380 0.870300
vt 0.767480 0.846480
vt 0.760930 0.846490
vt 0.760970 0.868000
vt 0.767530 0.867990
vt 0.784860 0.867940
vt 0.743770 0.868030
vt 0.767470 0.838560
vt 0.760930 0.838550
vt 0.714020 0.867320
vt 0.732640 0.867300
vt 0.738320 0.850950
vt 0.714000 0.850970
vt 0.714020 0.870360
vt 0.714040 0.886760
vt 0.761240 0.916390
vt 0.744040 0.916510
vt 0.743750 0.852910
vt 0.766630 0.916350
vt 0.791960 0.916180
vt 0.743750 0.846500
vt 0.743750 0.838540
vt 0.815150 0.844020
vt 0.821190 0.844000
vt 0.821180 0.838370
vt 0.815140 0.838390
vt 0.149080 0.605700
vt 0.143870 0.605700
vt 0.618850 0.758270
vt 0.618850 0.764630
vt 0.262870 0.077480
vt 0.204540 0.076450
vt 0.190910 0.076500
vt 0.132610 0.077490
vt 0.722710 0.462700
vt 0.726580 0.462700
vt 0.726580 0.442190
vt 0.722710 0.442190
vt 0.765250 0.462700
vt 0.769110 0.462700
vt 0.769110 0.442190
vt 0.765250 0.442190
vt 0.776850 0.462700
vt 0.780710 0.462700
vt 0.780710 0.442190
vt 0.776850 0.442190
vt 0.757510 0.462700
vt 0.761380 0.462700
vt 0.761380 0.442190
vt 0.757510 0.442190
vt 0.772980 0.462700
vt 0.772980 0.442190
vt 0.749780 0.462700
vt 0.753650 0.462700
vt 0.753650 0.442190
vt 0.749780 0.442190
vt 0.742050 0.462700
vt 0.745910 0.462700
vt 0.745910 0.442190
vt 0.742050 0.442190
vt 0.734310 0.462700
vt 0.738180 0.462700
vt 0.738180 0.442190
vt 0.734310 0.442190
vt 0.730440 0.462700
vt 0.730440 0.442190
vt 0.784580 0.462700
vt 0.784580 0.442190
vt 0.586110 0.846710
vt 0.586110 0.851560
vt 0.592540 0.851550
vt 0.592540 0.846710
vt 0.598970 0.851540
vt 0.598960 0.846700
vt 0.605390 0.851520
vt 0.605380 0.846680
vt 0.611820 0.851480
vt 0.611790 0.846650
vt 0.618240 0.851440
vt 0.618190 0.846600
vt 0.624660 0.851370
vt 0.624600 0.846530
vt 0.631100 0.851270
vt 0.631010 0.846430
vt 0.637550 0.851150
vt 0.637430 0.846290
vt 0.644010 0.850990
vt 0.643870 0.846120
vt 0.650500 0.850790
vt 0.650330 0.845900
vt 0.657030 0.850550
vt 0.656820 0.845630
vt 0.663590 0.850260
vt 0.663340 0.845310
vt 0.670210 0.849940
vt 0.669920 0.844920
vt 0.676940 0.849570
vt 0.676560 0.844450
vt 0.683880 0.849100
vt 0.683250 0.843840
vt 0.690790 0.847880
vt 0.689880 0.842950
vt 0.707560 0.858780
vt 0.703590 0.853000
vt 0.677920 0.853200
vt 0.674130 0.859300
vt 0.704010 0.878400
vt 0.707780 0.872510
vt 0.684530 0.882750
vt 0.691450 0.883940
vt 0.697690 0.849210
vt 0.672920 0.866330
vt 0.674490 0.873240
vt 0.709020 0.865630
vt 0.698280 0.882410
vt 0.678580 0.879000
vt 0.623950 0.800410
vt 0.629990 0.800400
vt 0.629990 0.798160
vt 0.624000 0.798150
vt 0.641930 0.800170
vt 0.647860 0.799920
vt 0.647750 0.797720
vt 0.641860 0.797960
vt 0.592780 0.799610
vt 0.599200 0.799840
vt 0.599270 0.797470
vt 0.592930 0.797200
vt 0.659670 0.799040
vt 0.665590 0.798400
vt 0.665340 0.796190
vt 0.659480 0.796840
vt 0.611730 0.800210
vt 0.617880 0.800340
vt 0.617930 0.798060
vt 0.611780 0.797890
vt 0.677600 0.796570
vt 0.683990 0.795230
vt 0.682950 0.792920
vt 0.677110 0.794310
vt 0.586090 0.799340
vt 0.586600 0.796880
vt 0.635980 0.800340
vt 0.635940 0.798120
vt 0.653760 0.799540
vt 0.653620 0.797350
vt 0.605500 0.800040
vt 0.605560 0.797700
vt 0.671550 0.797590
vt 0.671210 0.795370
vt 0.624160 0.789890
vt 0.618230 0.789640
vt 0.612140 0.789320
vt 0.605950 0.789050
vt 0.675320 0.786420
vt 0.669840 0.787460
vt 0.599730 0.788740
vt 0.593430 0.788390
vt 0.664270 0.788240
vt 0.658650 0.788890
vt 0.653020 0.789370
vt 0.647340 0.789690
vt 0.641620 0.789890
vt 0.635840 0.789970
vt 0.630020 0.789960
vt 0.680950 0.784830
vt 0.586890 0.787920
vt 0.630180 0.785570
vt 0.624300 0.785420
vt 0.618360 0.785110
vt 0.612390 0.784740
vt 0.679000 0.781250
vt 0.674230 0.782420
vt 0.606330 0.784400
vt 0.600180 0.784030
vt 0.669040 0.783360
vt 0.663720 0.784090
vt 0.594010 0.783670
vt 0.588020 0.783400
vt 0.658330 0.784690
vt 0.652830 0.785140
vt 0.647270 0.785430
vt 0.641640 0.785590
vt 0.635950 0.785630
vt 0.636210 0.772510
vt 0.630700 0.772230
vt 0.625090 0.771820
vt 0.619360 0.771290
vt 0.613500 0.770660
vt 0.607480 0.769960
vt 0.672320 0.770710
vt 0.667400 0.771390
vt 0.601260 0.769220
vt 0.662400 0.771930
vt 0.657330 0.772330
vt 0.652180 0.772590
vt 0.646940 0.772700
vt 0.641620 0.772670
vt 0.677160 0.769920
vt 0.586080 0.804420
vt 0.592610 0.804510
vt 0.599030 0.804650
vt 0.605360 0.804780
vt 0.611620 0.804890
vt 0.617800 0.804970
vt 0.623930 0.804990
vt 0.630020 0.804960
vt 0.636070 0.804860
vt 0.642100 0.804670
vt 0.601740 0.048970
vt 0.287450 0.054100
vt 0.289140 0.059680
vt 0.602440 0.056570
vt 0.648100 0.804400
vt 0.654100 0.804020
vt 0.660110 0.803520
vt 0.666150 0.802910
vt 0.672250 0.802160
vt 0.678480 0.801270
vt 0.684910 0.800290
vt 0.646940 0.046440
vt 0.646540 0.041170
vt 0.299510 0.255970
vt 0.309200 0.255970
vt 0.309200 0.235020
vt 0.299510 0.235020
vt 0.218090 0.652090
vt 0.218090 0.670650
vt 0.224900 0.666900
vt 0.224900 0.652090
vt 0.285470 0.670650
vt 0.285470 0.652090
vt 0.278660 0.652090
vt 0.278660 0.666900
vt 0.254670 0.255970
vt 0.264360 0.255970
vt 0.264360 0.235020
vt 0.254670 0.235020
vt 0.218090 0.633530
vt 0.224900 0.637280
vt 0.285470 0.633530
vt 0.285470 0.606080
vt 0.218090 0.606080
vt 0.707330 0.046620
vt 0.705550 0.049820
vt 0.741810 0.052820
vt 0.742080 0.049140
vt 0.950300 0.289680
vt 0.950300 0.261580
vt 0.244980 0.255970
vt 0.244990 0.235020
vt 0.278660 0.637280
vt 0.244980 0.225340
vt 0.209830 0.225340
vt 0.209830 0.235020
vt 0.841870 0.289680
vt 0.841870 0.261600
vt 0.209830 0.255970
vt 0.450960 0.799870
vt 0.580960 0.799870
vt 0.580960 0.836070
vt 0.450960 0.836070
vt 0.766500 0.388940
vt 0.766500 0.394930
vt 0.692450 0.394930
vt 0.692450 0.388940
vt 0.766360 0.414220
vt 0.688900 0.411160
vt 0.688900 0.372710
vt 0.766360 0.369650
vt 0.675840 0.394930
vt 0.675840 0.388940
vt 0.580960 0.896910
vt 0.450960 0.896910
vt 0.705150 0.319510
vt 0.694870 0.304700
vt 0.694870 0.283300
vt 0.705150 0.283300
vt 0.986050 0.371820
vt 0.996320 0.357010
vt 0.996320 0.410650
vt 0.986050 0.410650
vt 0.450960 0.789590
vt 0.580960 0.789590
vt 0.705150 0.358330
vt 0.694870 0.358330
vt 0.986050 0.335620
vt 0.996330 0.335620
vt 0.765990 0.358330
vt 0.765990 0.319510
vt 0.925210 0.410650
vt 0.925210 0.371820
vt 0.719250 0.969590
vt 0.763310 0.969590
vt 0.772960 0.967730
vt 0.706230 0.967730
vt 0.998060 0.297650
vt 0.998050 0.261570
vt 0.794130 0.261600
vt 0.794130 0.297660
vt 0.680020 0.935980
vt 0.738050 0.935980
vt 0.727410 0.905760
vt 0.680020 0.905760
vt 0.763310 0.992320
vt 0.719250 0.992320
vt 0.706230 0.994180
vt 0.772960 0.994190
vt 0.150720 0.155460
vt 0.083980 0.155460
vt 0.083980 0.187990
vt 0.150720 0.187990
vt 0.263390 0.110290
vt 0.223310 0.109520
vt 0.223310 0.135970
vt 0.263390 0.135970
vt 0.658320 0.994180
vt 0.640730 0.967730
vt 0.640730 0.994180
vt 0.680020 0.962360
vt 0.738050 0.962360
vt 0.803300 0.994190
vt 0.675900 0.994180
vt 0.190800 0.155460
vt 0.190800 0.187990
vt 0.213500 0.187990
vt 0.213500 0.155460
vt 0.066400 0.155460
vt 0.048820 0.155470
vt 0.048820 0.187990
vt 0.066400 0.187990
vt 0.922010 0.831540
vt 0.963810 0.829170
vt 0.962130 0.827890
vt 0.667610 0.688070
vt 0.667600 0.647990
vt 0.652210 0.647990
vt 0.652220 0.688070
vt 0.223310 0.153550
vt 0.263390 0.153550
vt 0.967210 0.834020
vt 0.901840 0.875350
vt 0.901900 0.898050
vt 0.927580 0.897980
vt 0.023030 0.041560
vt 0.023040 0.038600
vt 0.007760 0.038530
vt 0.007740 0.041450
vt 0.119040 0.041620
vt 0.119040 0.038620
vt 0.119040 0.033020
vt 0.024600 0.034070
vt 0.118930 0.029970
vt 0.024570 0.031610
vt 0.003360 0.031120
vt 0.003200 0.034570
vt 0.007980 0.034610
vt 0.008020 0.031340
vt 0.022900 0.027110
vt 0.007740 0.027450
vt 0.244980 0.215650
vt 0.209830 0.215650
vt 0.288770 0.079510
vt 0.602400 0.078010
vt 0.700450 0.472530
vt 0.700450 0.488770
vt 0.947040 0.488720
vt 0.947040 0.472480
vt 0.318880 0.255970
vt 0.318880 0.235030
vt 0.663500 0.461670
vt 0.663500 0.477920
vt 0.646760 0.063710
vt 0.585470 0.477930
vt 0.595170 0.461680
vt 0.546450 0.461680
vt 0.546450 0.477930
vt 0.712200 0.062450
vt 0.740860 0.064750
vt 0.675010 0.047770
vt 0.673680 0.043730
vt 0.699540 0.035660
vt 0.698110 0.038480
vt 0.634180 0.461680
vt 0.624490 0.477930
vt 0.682910 0.061890
vt 0.682950 0.034260
vt 0.683880 0.037250
vt 0.624890 0.445700
vt 0.604460 0.445700
vt 0.751130 0.282780
vt 0.754700 0.281300
vt 0.751400 0.276360
vt 0.749970 0.276950
vt 0.743690 0.281300
vt 0.747260 0.282780
vt 0.748420 0.276950
vt 0.746990 0.276360
vt 0.739480 0.274990
vt 0.740960 0.278570
vt 0.745900 0.275260
vt 0.745300 0.273830
vt 0.740960 0.267550
vt 0.739480 0.271130
vt 0.745300 0.272290
vt 0.745900 0.270860
vt 0.757440 0.267550
vt 0.754700 0.264820
vt 0.751400 0.269760
vt 0.752500 0.270860
vt 0.747260 0.263340
vt 0.743690 0.264820
vt 0.746990 0.269760
vt 0.748420 0.269170
vt 0.758920 0.274990
vt 0.758920 0.271130
vt 0.753090 0.272290
vt 0.753090 0.273830
vt 0.757440 0.278570
vt 0.752500 0.275260
vt 0.751130 0.263340
vt 0.749970 0.269170
vt 0.902220 0.870230
vt 0.904330 0.870230
vt 0.904330 0.853640
vt 0.902220 0.853640
vt 0.898000 0.870230
vt 0.900110 0.870230
vt 0.900110 0.853640
vt 0.898000 0.853640
vt 0.893790 0.870230
vt 0.895890 0.870230
vt 0.895890 0.853640
vt 0.893780 0.853640
vt 0.889570 0.870230
vt 0.891680 0.870230
vt 0.891680 0.853640
vt 0.889570 0.853640
vt 0.912770 0.870230
vt 0.914880 0.870230
vt 0.914880 0.853640
vt 0.912770 0.853640
vt 0.919100 0.870230
vt 0.921210 0.870230
vt 0.921210 0.853640
vt 0.919100 0.853640
vt 0.908550 0.870230
vt 0.910660 0.870230
vt 0.910660 0.853640
vt 0.908550 0.853640
vt 0.916990 0.870230
vt 0.916990 0.853640
vt 0.906440 0.870230
vt 0.906440 0.853640
vt 0.923320 0.870230
vt 0.923320 0.853640
vt 0.109250 0.141300
vt 0.070250 0.141300
vt 0.070250 0.153550
vt 0.109250 0.153550
vt 0.070250 0.104210
vt 0.109250 0.104210
vt 0.109250 0.091960
vt 0.070250 0.091960
vt 0.118440 0.120180
vt 0.118440 0.125330
vt 0.130690 0.125330
vt 0.130700 0.120180
vt 0.061060 0.125330
vt 0.061060 0.120180
vt 0.048820 0.120180
vt 0.048820 0.125330
vt 0.189470 0.658250
vt 0.195810 0.658250
vt 0.195810 0.612840
vt 0.189480 0.612840
vt 0.157810 0.658250
vt 0.164150 0.658250
vt 0.164150 0.612840
vt 0.157810 0.612840
vt 0.145150 0.658250
vt 0.151480 0.658250
vt 0.151480 0.612840
vt 0.145150 0.612840
vt 0.132490 0.658250
vt 0.138820 0.658250
vt 0.138820 0.612840
vt 0.132490 0.612840
vt 0.119820 0.658250
vt 0.126150 0.658250
vt 0.126150 0.612840
vt 0.119820 0.612840
vt 0.107160 0.658250
vt 0.113490 0.658250
vt 0.113490 0.612840
vt 0.107160 0.612840
vt 0.176810 0.658250
vt 0.183140 0.658250
vt 0.183140 0.612840
vt 0.176810 0.612840
vt 0.202140 0.658250
vt 0.202140 0.612840
vt 0.170480 0.658250
vt 0.170480 0.612840
vt 0.208470 0.658250
vt 0.208470 0.612840
vt 0.700640 0.103390
vt 0.697640 0.104630
vt 0.699970 0.108110
vt 0.701460 0.107500
vt 0.710420 0.113170
vt 0.710420 0.109920
vt 0.706310 0.110740
vt 0.706310 0.112350
vt 0.706880 0.104630
vt 0.703880 0.103390
vt 0.703070 0.107500
vt 0.704550 0.108110
vt 0.706880 0.118460
vt 0.709180 0.116170
vt 0.705690 0.113840
vt 0.704550 0.114980
vt 0.700640 0.119710
vt 0.703880 0.119710
vt 0.703070 0.115600
vt 0.701460 0.115600
vt 0.695340 0.116170
vt 0.697640 0.118460
vt 0.699970 0.114980
vt 0.698830 0.113840
vt 0.694100 0.109920
vt 0.694100 0.113170
vt 0.698210 0.112350
vt 0.698210 0.110740
vt 0.695340 0.106920
vt 0.698830 0.109250
vt 0.709180 0.106920
vt 0.705690 0.109250
vt 0.831530 0.699500
vt 0.834720 0.699500
vt 0.834700 0.661540
vt 0.831520 0.661540
vt 0.825160 0.699510
vt 0.828340 0.699500
vt 0.828330 0.661540
vt 0.825140 0.661540
vt 0.869760 0.699490
vt 0.872950 0.699490
vt 0.872930 0.661530
vt 0.869750 0.661530
vt 0.853830 0.699500
vt 0.857020 0.699500
vt 0.857000 0.661530
vt 0.853820 0.661530
vt 0.863390 0.699490
vt 0.866580 0.699490
vt 0.866560 0.661530
vt 0.863380 0.661530
vt 0.847460 0.699500
vt 0.850650 0.699500
vt 0.850630 0.661540
vt 0.847450 0.661540
vt 0.841090 0.699500
vt 0.844270 0.699500
vt 0.844260 0.661540
vt 0.841070 0.661540
vt 0.837900 0.699500
vt 0.837890 0.661540
vt 0.821970 0.699510
vt 0.821960 0.661540
vt 0.860200 0.699490
vt 0.860190 0.661530
vt 0.079540 0.125330
vt 0.079540 0.120180
vt 0.099960 0.125330
vt 0.099960 0.120180
vt 0.449340 0.942890
vt 0.449340 0.937050
vt 0.446440 0.937050
vt 0.446440 0.942890
vt 0.449340 0.954560
vt 0.449340 0.948720
vt 0.446440 0.948720
vt 0.446440 0.954560
vt 0.449340 0.983730
vt 0.449340 0.977900
vt 0.446440 0.977900
vt 0.446440 0.983730
vt 0.449340 0.966230
vt 0.449340 0.960390
vt 0.446440 0.960390
vt 0.446440 0.966230
vt 0.449340 0.995400
vt 0.449340 0.989570
vt 0.446440 0.989570
vt 0.446440 0.995400
vt 0.449360 0.913720
vt 0.449390 0.907930
vt 0.446620 0.907800
vt 0.446460 0.913670
vt 0.449340 0.925380
vt 0.449340 0.919550
vt 0.446430 0.919540
vt 0.446440 0.925380
vt 0.449340 0.931220
vt 0.446440 0.931220
vt 0.449340 0.972060
vt 0.446440 0.972060
vt 0.449330 0.902340
vt 0.446620 0.902640
vt 0.437030 0.916380
vt 0.441180 0.914920
vt 0.439670 0.912400
vt 0.436580 0.913520
vt 0.428760 0.914450
vt 0.432680 0.916230
vt 0.433330 0.913430
vt 0.430380 0.912110
vt 0.424190 0.907400
vt 0.425790 0.911360
vt 0.428160 0.909800
vt 0.426970 0.906840
vt 0.436990 0.894080
vt 0.432640 0.894280
vt 0.433320 0.897060
vt 0.436560 0.896950
vt 0.425770 0.899160
vt 0.424190 0.903130
vt 0.426970 0.903650
vt 0.428160 0.900690
vt 0.444530 0.898500
vt 0.441140 0.895550
vt 0.439640 0.898080
vt 0.442110 0.900330
vt 0.428720 0.896060
vt 0.430380 0.898370
vt 0.443540 0.903460
vt 0.443540 0.907030
vt 0.444530 0.911930
vt 0.442110 0.910120
vt 0.634260 0.931220
vt 0.634260 0.925380
vt 0.632810 0.925380
vt 0.632810 0.931220
vt 0.634260 0.919550
vt 0.634260 0.913720
vt 0.632820 0.913710
vt 0.632810 0.919550
vt 0.632810 0.902000
vt 0.632820 0.907880
vt 0.634260 0.972060
vt 0.634260 0.966230
vt 0.632810 0.966230
vt 0.632810 0.972060
vt 0.634260 0.989570
vt 0.634260 0.983730
vt 0.632810 0.983730
vt 0.632810 0.989570
vt 0.634260 0.960390
vt 0.634260 0.954560
vt 0.632810 0.954560
vt 0.632810 0.960390
vt 0.634260 0.977900
vt 0.632810 0.977900
vt 0.634260 0.948720
vt 0.634260 0.942890
vt 0.632810 0.942890
vt 0.632810 0.948720
vt 0.634260 0.937050
vt 0.632810 0.937050
vt 0.634260 0.995400
vt 0.632810 0.995400
vt 0.519600 0.362790
vt 0.617210 0.362100
vt 0.617190 0.359740
vt 0.519660 0.360530
vt 0.617170 0.357380
vt 0.519850 0.358330
vt 0.519950 0.375730
vt 0.617180 0.376270
vt 0.617190 0.373910
vt 0.520260 0.373590
vt 0.617200 0.371550
vt 0.520400 0.371470
vt 0.617210 0.369190
vt 0.520310 0.369350
vt 0.617230 0.366820
vt 0.520050 0.367220
vt 0.617240 0.364460
vt 0.519760 0.365050
vt 0.510160 0.363020
vt 0.510190 0.365330
vt 0.510260 0.367400
vt 0.510320 0.369260
vt 0.510310 0.371080
vt 0.510210 0.372900
vt 0.510040 0.374760
vt 0.510260 0.358760
vt 0.510190 0.360750
vt 0.495570 0.362800
vt 0.495530 0.364760
vt 0.495510 0.366760
vt 0.495470 0.368810
vt 0.495440 0.370890
vt 0.495440 0.372960
vt 0.495450 0.374990
vt 0.495680 0.358850
vt 0.495620 0.360840
vt 0.484020 0.362540
vt 0.483920 0.364540
vt 0.483740 0.366570
vt 0.483560 0.368700
vt 0.483490 0.370920
vt 0.483590 0.373130
vt 0.483800 0.375240
vt 0.483900 0.358490
vt 0.484000 0.360530
vt 0.468870 0.362270
vt 0.468840 0.364410
vt 0.468800 0.366570
vt 0.468760 0.368800
vt 0.468760 0.371110
vt 0.468810 0.373410
vt 0.468900 0.375650
vt 0.468870 0.357960
vt 0.468880 0.360130
vt 0.420440 0.362120
vt 0.420510 0.364440
vt 0.420670 0.366760
vt 0.420840 0.369080
vt 0.420910 0.371430
vt 0.420850 0.373770
vt 0.420690 0.376100
vt 0.420670 0.357480
vt 0.420500 0.359800
vt 0.317750 0.362870
vt 0.318140 0.364940
vt 0.318340 0.366980
vt 0.318240 0.369030
vt 0.317890 0.371110
vt 0.317440 0.373300
vt 0.317160 0.375650
vt 0.317130 0.358320
vt 0.317320 0.360680
vt 0.311050 0.363230
vt 0.311780 0.365120
vt 0.312100 0.366990
vt 0.311880 0.368880
vt 0.311220 0.370770
vt 0.310400 0.372900
vt 0.310110 0.375360
vt 0.310110 0.358620
vt 0.310280 0.361070
vt 0.304070 0.362110
vt 0.304220 0.364500
vt 0.304540 0.366860
vt 0.304960 0.369220
vt 0.305170 0.371630
vt 0.304970 0.374080
vt 0.304810 0.376530
vt 0.304900 0.357380
vt 0.304210 0.359700
vt 0.857250 0.936120
vt 0.872780 0.936120
vt 0.872780 0.917540
vt 0.857250 0.917540
vt 0.872780 0.904040
vt 0.857250 0.904040
vt 0.857250 0.949620
vt 0.872780 0.949620
vt 0.886280 0.917540
vt 0.886280 0.936120
vt 0.843750 0.917540
vt 0.843750 0.936120
vt 0.537650 0.435560
vt 0.537650 0.432700
vt 0.536330 0.432700
vt 0.536330 0.435550
vt 0.537650 0.441270
vt 0.537650 0.438410
vt 0.536330 0.438410
vt 0.536330 0.441270
vt 0.537650 0.409840
vt 0.537650 0.406980
vt 0.536330 0.406980
vt 0.536330 0.409840
vt 0.537650 0.446980
vt 0.537650 0.444130
vt 0.536330 0.444130
vt 0.536330 0.446980
vt 0.537650 0.415550
vt 0.537650 0.412700
vt 0.536330 0.412700
vt 0.536330 0.415550
vt 0.537650 0.421270
vt 0.537650 0.418410
vt 0.536330 0.418410
vt 0.536330 0.421270
vt 0.537650 0.426980
vt 0.537650 0.424130
vt 0.536330 0.424130
vt 0.536330 0.426980
vt 0.537650 0.429840
vt 0.536330 0.429840
vt 0.537650 0.452700
vt 0.537650 0.449840
vt 0.536330 0.449840
vt 0.536330 0.452700
vt 0.932100 0.530490
vt 0.933970 0.535020
vt 0.938270 0.532140
vt 0.937170 0.529480
vt 0.946860 0.515730
vt 0.941960 0.515730
vt 0.942970 0.520800
vt 0.945850 0.520800
vt 0.937440 0.538480
vt 0.941960 0.540350
vt 0.942970 0.535280
vt 0.940310 0.534180
vt 0.932100 0.525590
vt 0.937170 0.526600
vt 0.954850 0.521070
vt 0.951380 0.517610
vt 0.948510 0.521900
vt 0.950550 0.523940
vt 0.956720 0.525590
vt 0.951650 0.526600
vt 0.937440 0.517610
vt 0.940310 0.521900
vt 0.946860 0.540350
vt 0.945850 0.535280
vt 0.951380 0.538480
vt 0.954850 0.535020
vt 0.950550 0.532140
vt 0.948510 0.534180
vt 0.933970 0.521070
vt 0.938270 0.523940
vt 0.956720 0.530490
vt 0.951650 0.529480
vt 0.166230 0.567300
vt 0.165680 0.569890
vt 0.187150 0.572990
vt 0.187060 0.570100
vt 0.162300 0.588930
vt 0.162180 0.591550
vt 0.181240 0.593340
vt 0.181650 0.591330
vt 0.166740 0.564750
vt 0.186910 0.567540
vt 0.164360 0.575220
vt 0.163620 0.577950
vt 0.185200 0.582290
vt 0.186230 0.579370
vt 0.162110 0.594140
vt 0.162080 0.596690
vt 0.181080 0.597370
vt 0.181050 0.595340
vt 0.162080 0.599240
vt 0.162090 0.601770
vt 0.181730 0.601660
vt 0.181310 0.599460
vt 0.162840 0.580730
vt 0.184100 0.584860
vt 0.167210 0.562230
vt 0.186870 0.565280
vt 0.167670 0.559730
vt 0.187010 0.563210
vt 0.165050 0.572530
vt 0.186910 0.576170
vt 0.162640 0.583530
vt 0.183100 0.587160
vt 0.162450 0.586260
vt 0.182280 0.589290
vt 0.192290 0.568490
vt 0.192360 0.566600
vt 0.190120 0.598680
vt 0.189740 0.596930
vt 0.192430 0.565030
vt 0.191790 0.576740
vt 0.192020 0.573620
vt 0.190120 0.588010
vt 0.190570 0.585740
vt 0.189540 0.591760
vt 0.189770 0.589960
vt 0.191460 0.579970
vt 0.189520 0.595210
vt 0.189460 0.593490
vt 0.192180 0.570830
vt 0.191050 0.583050
vt 0.190680 0.600530
vt 0.204230 0.593310
vt 0.204040 0.591120
vt 0.203860 0.587110
vt 0.203950 0.585350
vt 0.203040 0.574950
vt 0.202950 0.573130
vt 0.203900 0.589030
vt 0.202920 0.571620
vt 0.203820 0.581510
vt 0.203490 0.579310
vt 0.204440 0.595470
vt 0.205010 0.599230
vt 0.204680 0.597480
vt 0.204150 0.583540
vt 0.202990 0.570330
vt 0.203190 0.569070
vt 0.203210 0.577070
vt 0.304490 0.428780
vt 0.300240 0.430530
vt 0.304240 0.436530
vt 0.305890 0.435840
vt 0.304490 0.451880
vt 0.309080 0.451880
vt 0.307670 0.444810
vt 0.305890 0.444810
vt 0.309080 0.428780
vt 0.307670 0.435840
vt 0.313330 0.450120
vt 0.316580 0.446870
vt 0.310580 0.442870
vt 0.309320 0.444130
vt 0.300240 0.450120
vt 0.304240 0.444130
vt 0.318330 0.442630
vt 0.311270 0.441220
vt 0.313330 0.430530
vt 0.309320 0.436530
vt 0.296990 0.433780
vt 0.295230 0.438030
vt 0.302300 0.439440
vt 0.302980 0.437790
vt 0.316580 0.433780
vt 0.310580 0.437790
vt 0.295230 0.442630
vt 0.296990 0.446870
vt 0.302980 0.442870
vt 0.302300 0.441220
vt 0.318330 0.438030
vt 0.311270 0.439440
vt 0.236140 0.407800
vt 0.234440 0.407820
vt 0.234370 0.432790
vt 0.235880 0.432770
vt 0.229360 0.407920
vt 0.227670 0.407950
vt 0.228180 0.433250
vt 0.229770 0.433110
vt 0.237850 0.407780
vt 0.237380 0.432800
vt 0.253230 0.408600
vt 0.251530 0.408470
vt 0.249860 0.433820
vt 0.251460 0.433970
vt 0.231050 0.407880
vt 0.231320 0.432970
vt 0.241280 0.407760
vt 0.239560 0.407770
vt 0.238890 0.432880
vt 0.240410 0.433000
vt 0.254930 0.408720
vt 0.253060 0.434110
vt 0.249830 0.408350
vt 0.248260 0.433680
vt 0.232750 0.407850
vt 0.232860 0.432860
vt 0.248130 0.408230
vt 0.246420 0.408110
vt 0.245080 0.433410
vt 0.246670 0.433540
vt 0.244710 0.407990
vt 0.243000 0.407870
vt 0.241950 0.433140
vt 0.243510 0.433280
vt 0.237090 0.444800
vt 0.238180 0.444770
vt 0.232710 0.444660
vt 0.233840 0.444740
vt 0.243490 0.444570
vt 0.245280 0.444600
vt 0.234930 0.444790
vt 0.240540 0.444650
vt 0.241910 0.444590
vt 0.247170 0.444700
vt 0.239320 0.444710
vt 0.236010 0.444810
vt 0.230120 0.444470
vt 0.231490 0.444570
vt 0.249000 0.444850
vt 0.250630 0.445050
vt 0.251950 0.445300
vt 0.239720 0.451110
vt 0.241030 0.451170
vt 0.234730 0.451100
vt 0.235980 0.451060
vt 0.229420 0.451550
vt 0.230860 0.451420
vt 0.237220 0.451040
vt 0.248740 0.451190
vt 0.250280 0.451080
vt 0.232200 0.451300
vt 0.238460 0.451070
vt 0.251700 0.450920
vt 0.247120 0.451250
vt 0.233480 0.451180
vt 0.243900 0.451260
vt 0.245480 0.451270
vt 0.242410 0.451220
vt 0.236380 0.516620
vt 0.237720 0.516120
vt 0.230400 0.517930
vt 0.231960 0.517890
vt 0.239020 0.515700
vt 0.249090 0.516830
vt 0.250550 0.517210
vt 0.233510 0.517610
vt 0.240290 0.515400
vt 0.241520 0.515240
vt 0.252100 0.517450
vt 0.247720 0.516390
vt 0.234980 0.517150
vt 0.245170 0.515610
vt 0.246420 0.515970
vt 0.242740 0.515230
vt 0.243940 0.515350
vt 0.239420 0.523280
vt 0.240600 0.523250
vt 0.233770 0.523660
vt 0.235360 0.523550
vt 0.245140 0.523540
vt 0.246320 0.523680
vt 0.236830 0.523440
vt 0.242880 0.523320
vt 0.244010 0.523410
vt 0.247570 0.523810
vt 0.241750 0.523260
vt 0.238180 0.523350
vt 0.230460 0.523830
vt 0.232100 0.523760
vt 0.248940 0.523880
vt 0.250440 0.523890
vt 0.252060 0.523830
vt 0.241740 0.594510
vt 0.243340 0.594450
vt 0.235020 0.594200
vt 0.236720 0.594270
vt 0.228510 0.593990
vt 0.230130 0.594030
vt 0.238420 0.594360
vt 0.251600 0.594000
vt 0.253280 0.593920
vt 0.231730 0.594080
vt 0.240100 0.594440
vt 0.254930 0.593840
vt 0.249900 0.594090
vt 0.233360 0.594130
vt 0.246550 0.594290
vt 0.248210 0.594190
vt 0.244930 0.594380
vt 0.282440 0.057460
vt 0.277640 0.076980
vt 0.283820 0.078510
vt 0.286350 0.060190
vt 0.947040 0.468700
vt 0.991790 0.472470
vt 0.991790 0.468690
vt 0.947030 0.448670
vt 0.947040 0.452450
vt 0.991780 0.452440
vt 0.991780 0.448660
vt 0.991790 0.488710
vt 0.594220 0.435560
vt 0.594220 0.432700
vt 0.593170 0.432700
vt 0.593170 0.435560
vt 0.594220 0.441270
vt 0.594220 0.438420
vt 0.593170 0.438420
vt 0.593170 0.441270
vt 0.594220 0.409840
vt 0.594220 0.406980
vt 0.593170 0.406980
vt 0.593170 0.409840
vt 0.594220 0.446990
vt 0.594220 0.444130
vt 0.593170 0.444130
vt 0.593170 0.446990
vt 0.594220 0.415560
vt 0.594220 0.412700
vt 0.593170 0.412700
vt 0.593170 0.415560
vt 0.594220 0.421270
vt 0.594220 0.418410
vt 0.593170 0.418410
vt 0.593170 0.421270
vt 0.594220 0.426990
vt 0.594220 0.424130
vt 0.593170 0.424130
vt 0.593170 0.426990
vt 0.594220 0.429840
vt 0.593170 0.429840
vt 0.594220 0.452700
vt 0.594220 0.449850
vt 0.593160 0.449850
vt 0.593160 0.452700
vt 0.820880 0.994190
vt 0.961980 0.815960
vt 0.130970 0.033570
vt 0.295870 0.033540
vt 0.295870 0.031070
vt 0.130970 0.031090
vt 0.295870 0.028590
vt 0.130970 0.028610
vt 0.295870 0.026110
vt 0.130970 0.026140
vt 0.130970 0.045950
vt 0.295870 0.045930
vt 0.295870 0.043450
vt 0.130970 0.043470
vt 0.295870 0.040970
vt 0.130970 0.041000
vt 0.295870 0.038500
vt 0.130970 0.038520
vt 0.295870 0.036020
vt 0.130970 0.036040
vt 0.296350 0.036020
vt 0.296350 0.033540
vt 0.296350 0.038500
vt 0.296350 0.040970
vt 0.296350 0.043450
vt 0.296350 0.045930
vt 0.296350 0.031070
vt 0.130440 0.031090
vt 0.130440 0.033570
vt 0.130440 0.043470
vt 0.130440 0.045950
vt 0.130440 0.041000
vt 0.130440 0.038520
vt 0.130440 0.036040
vt 0.670680 0.380450
vt 0.644350 0.380450
vt 0.644350 0.382680
vt 0.670680 0.382680
vt 0.670680 0.378980
vt 0.644350 0.378980
vt 0.670680 0.377510
vt 0.644350 0.377510
vt 0.670680 0.375280
vt 0.644350 0.375280
vt 0.670680 0.387860
vt 0.644350 0.387860
vt 0.644350 0.390090
vt 0.670680 0.390090
vt 0.670680 0.386390
vt 0.644350 0.386390
vt 0.670680 0.384910
vt 0.644350 0.384910
vt 0.660730 0.927800
vt 0.638550 0.927800
vt 0.638550 0.929680
vt 0.660730 0.929680
vt 0.660730 0.926560
vt 0.638550 0.926560
vt 0.660730 0.925320
vt 0.638550 0.925320
vt 0.660730 0.923440
vt 0.638550 0.923440
vt 0.660730 0.934040
vt 0.638550 0.934040
vt 0.638550 0.935920
vt 0.660730 0.935920
vt 0.660730 0.932800
vt 0.638550 0.932800
vt 0.660730 0.931560
vt 0.638550 0.931560
vt 0.662170 0.704790
vt 0.648260 0.700260
vt 0.662140 0.631270
vt 0.648230 0.635810
vt 0.563590 0.018110
vt 0.563590 0.013400
vt 0.462520 0.013450
vt 0.462520 0.018160
vt 0.998300 0.420100
vt 0.982180 0.425060
vt 0.982180 0.430980
vt 0.998300 0.435950
vt 0.850850 0.435940
vt 0.866970 0.430980
vt 0.866970 0.425060
vt 0.850850 0.420100
vt 0.431400 0.305940
vt 0.572060 0.305950
vt 0.556680 0.301220
vt 0.446770 0.301210
vt 0.669950 0.018140
vt 0.669950 0.013420
vt 0.568790 0.013400
vt 0.568790 0.018110
vt 0.572060 0.290840
vt 0.431400 0.290830
vt 0.446770 0.295560
vt 0.556680 0.295570
vt 0.675150 0.018140
vt 0.675150 0.013430
vt 0.572060 0.285720
vt 0.431400 0.285710
vt 0.577180 0.305950
vt 0.577180 0.290840
vt 0.422250 0.290830
vt 0.417130 0.290830
vt 0.417130 0.305940
vt 0.422250 0.305940
vt 0.402480 0.755920
vt 0.396150 0.755910
vt 0.396160 0.788570
vt 0.402360 0.788590
vt 0.599130 0.616560
vt 0.609600 0.616560
vt 0.609600 0.610220
vt 0.599130 0.610220
vt 0.373280 0.730350
vt 0.382080 0.730350
vt 0.382080 0.686290
vt 0.373280 0.686290
vt 0.565000 0.610060
vt 0.560450 0.610060
vt 0.560450 0.616920
vt 0.565000 0.616920
vt 0.398230 0.735230
vt 0.389430 0.735240
vt 0.389430 0.760740
vt 0.398240 0.760740
vt 0.373280 0.735240
vt 0.382080 0.735240
vt 0.398230 0.730350
vt 0.389430 0.730350
vt 0.398230 0.686290
vt 0.389420 0.686290
vt 0.885630 0.888900
vt 0.885630 0.881720
vt 0.837690 0.881720
vt 0.837690 0.888900
vt 0.885630 0.873130
vt 0.885630 0.865950
vt 0.837690 0.865950
vt 0.837690 0.873130
vt 0.585700 0.525380
vt 0.584500 0.522490
vt 0.564250 0.526220
vt 0.564440 0.529740
vt 0.582430 0.499340
vt 0.582730 0.497250
vt 0.567130 0.494870
vt 0.566670 0.497330
vt 0.583410 0.493060
vt 0.583930 0.490960
vt 0.568640 0.487650
vt 0.568120 0.490040
vt 0.582120 0.503600
vt 0.582300 0.501460
vt 0.566220 0.499840
vt 0.565800 0.502400
vt 0.583020 0.495150
vt 0.567620 0.492440
vt 0.582160 0.507970
vt 0.582110 0.505760
vt 0.565410 0.505030
vt 0.565060 0.507740
vt 0.582420 0.512560
vt 0.582290 0.510240
vt 0.564750 0.510540
vt 0.564500 0.513440
vt 0.583100 0.517340
vt 0.582750 0.514900
vt 0.564300 0.516450
vt 0.564190 0.519580
vt 0.583690 0.519830
vt 0.564170 0.522830
vt 0.584760 0.488780
vt 0.569180 0.485270
vt 0.587680 0.518490
vt 0.587040 0.516400
vt 0.589330 0.522140
vt 0.588450 0.520440
vt 0.585870 0.499720
vt 0.586100 0.497770
vt 0.586640 0.494040
vt 0.587010 0.492310
vt 0.585660 0.503750
vt 0.585770 0.501720
vt 0.586340 0.495880
vt 0.585810 0.507920
vt 0.585700 0.505830
vt 0.586210 0.512130
vt 0.585990 0.510000
vt 0.586590 0.514250
vt 0.587440 0.490850
vt 0.595850 0.494790
vt 0.595860 0.493120
vt 0.595690 0.503440
vt 0.595660 0.501710
vt 0.595750 0.498240
vt 0.595780 0.496510
vt 0.595860 0.506920
vt 0.595780 0.505190
vt 0.596260 0.510300
vt 0.596000 0.508620
vt 0.596920 0.513620
vt 0.596530 0.511970
vt 0.597780 0.516800
vt 0.597310 0.515240
vt 0.595790 0.491620
vt 0.595670 0.499980
vt 0.598250 0.518290
vt 0.599630 0.492660
vt 0.599530 0.490350
vt 0.598910 0.501870
vt 0.598980 0.500170
vt 0.599300 0.496630
vt 0.599500 0.494710
vt 0.598920 0.505080
vt 0.598880 0.503500
vt 0.599040 0.508230
vt 0.598940 0.506650
vt 0.599560 0.511330
vt 0.599310 0.509770
vt 0.600430 0.514460
vt 0.599990 0.512870
vt 0.601640 0.517910
vt 0.601020 0.516110
vt 0.599170 0.498430
vt 0.605810 0.515780
vt 0.604790 0.514390
vt 0.603150 0.500560
vt 0.603410 0.498940
vt 0.604350 0.495410
vt 0.604880 0.493320
vt 0.602720 0.503600
vt 0.602940 0.502130
vt 0.603840 0.497260
vt 0.602660 0.506430
vt 0.602660 0.505030
vt 0.602870 0.509150
vt 0.602750 0.507810
vt 0.603510 0.511770
vt 0.603160 0.510460
vt 0.604050 0.513060
vt 0.605670 0.491000
vt 0.607130 0.512370
vt 0.606610 0.511610
vt 0.609180 0.495180
vt 0.610180 0.493770
vt 0.606230 0.502610
vt 0.606570 0.501230
vt 0.607660 0.498280
vt 0.608400 0.496780
vt 0.605710 0.505190
vt 0.605880 0.503920
vt 0.605660 0.507550
vt 0.605640 0.506400
vt 0.605920 0.509710
vt 0.605700 0.508660
vt 0.606180 0.510720
vt 0.607760 0.513010
vt 0.607010 0.499760
vt 0.428010 0.983100
vt 0.428010 0.985400
vt 0.437910 0.985400
vt 0.437910 0.983100
vt 0.428010 0.987710
vt 0.428010 0.990010
vt 0.437910 0.990010
vt 0.437910 0.987710
vt 0.428020 0.962380
vt 0.428020 0.964690
vt 0.437910 0.964690
vt 0.437910 0.962380
vt 0.428020 0.955480
vt 0.428020 0.957780
vt 0.437910 0.957780
vt 0.437910 0.955480
vt 0.428010 0.966990
vt 0.428010 0.969290
vt 0.437910 0.969290
vt 0.437910 0.966990
vt 0.428020 0.960080
vt 0.437910 0.960080
vt 0.428010 0.971590
vt 0.428010 0.973890
vt 0.437910 0.973890
vt 0.437910 0.971590
vt 0.428010 0.976190
vt 0.428010 0.978500
vt 0.437910 0.978500
vt 0.437910 0.976200
vt 0.428010 0.980800
vt 0.437910 0.980800
vt 0.428020 0.953180
vt 0.437910 0.953180
vt 0.621320 0.643900
vt 0.620310 0.643480
vt 0.617640 0.647510
vt 0.620380 0.648650
vt 0.619540 0.642720
vt 0.619120 0.641710
vt 0.614370 0.642670
vt 0.615520 0.645410
vt 0.619120 0.640620
vt 0.619540 0.639620
vt 0.615510 0.636940
vt 0.614370 0.639690
vt 0.623410 0.638850
vt 0.624180 0.639610
vt 0.628200 0.636920
vt 0.626090 0.634820
vt 0.620310 0.638850
vt 0.621310 0.638430
vt 0.620360 0.633690
vt 0.617610 0.634830
vt 0.624600 0.640620
vt 0.624610 0.641710
vt 0.629360 0.642650
vt 0.629340 0.639670
vt 0.624190 0.642720
vt 0.623410 0.643490
vt 0.626110 0.647510
vt 0.628220 0.645400
vt 0.622400 0.643910
vt 0.623360 0.648650
vt 0.622400 0.638430
vt 0.623340 0.633680
vt 0.792800 0.655000
vt 0.792690 0.650860
vt 0.759770 0.652440
vt 0.759980 0.656200
vt 0.792540 0.646700
vt 0.792350 0.642530
vt 0.759180 0.644890
vt 0.759550 0.648670
vt 0.792120 0.638330
vt 0.791850 0.634120
vt 0.757910 0.636990
vt 0.758650 0.641020
vt 0.792590 0.683710
vt 0.792710 0.679620
vt 0.759940 0.678830
vt 0.759730 0.682630
vt 0.792080 0.695950
vt 0.792270 0.691870
vt 0.759180 0.690310
vt 0.758770 0.694260
vt 0.792810 0.675540
vt 0.792870 0.671450
vt 0.760160 0.671270
vt 0.760040 0.675040
vt 0.792440 0.687790
vt 0.759520 0.686460
vt 0.792900 0.667350
vt 0.792900 0.663240
vt 0.760140 0.663740
vt 0.760170 0.667510
vt 0.792870 0.659130
vt 0.760060 0.659960
vt 0.791880 0.700040
vt 0.758140 0.698380
vt 0.754810 0.656390
vt 0.754860 0.660070
vt 0.754430 0.649120
vt 0.754610 0.652740
vt 0.753560 0.642190
vt 0.754080 0.645580
vt 0.753480 0.693250
vt 0.752680 0.696620
vt 0.754810 0.674880
vt 0.754720 0.678610
vt 0.754290 0.686020
vt 0.753920 0.689660
vt 0.754960 0.667450
vt 0.754950 0.671170
vt 0.754930 0.663750
vt 0.752750 0.638970
vt 0.754490 0.682320
vt 0.207570 0.430810
vt 0.205670 0.430740
vt 0.205890 0.541640
vt 0.207990 0.541400
vt 0.209470 0.430790
vt 0.209920 0.540970
vt 0.211380 0.430730
vt 0.211770 0.540590
vt 0.213300 0.430690
vt 0.213610 0.540450
vt 0.215220 0.430660
vt 0.215450 0.540620
vt 0.217150 0.430650
vt 0.217300 0.541040
vt 0.219070 0.430600
vt 0.219270 0.541520
vt 0.203750 0.430520
vt 0.203760 0.541530
vt 0.208470 0.422430
vt 0.207210 0.422040
vt 0.209770 0.422840
vt 0.211300 0.423210
vt 0.213140 0.423390
vt 0.214890 0.423240
vt 0.216240 0.422800
vt 0.217320 0.422220
vt 0.205880 0.421710
vt 0.209320 0.420160
vt 0.208350 0.419660
vt 0.210390 0.420630
vt 0.211690 0.421110
vt 0.213230 0.421420
vt 0.214670 0.421420
vt 0.215670 0.421230
vt 0.216330 0.421030
vt 0.207390 0.419120
vt 0.211700 0.416220
vt 0.210800 0.415820
vt 0.212630 0.416310
vt 0.213500 0.416270
vt 0.214340 0.416410
vt 0.215080 0.416810
vt 0.215710 0.417350
vt 0.216350 0.417740
vt 0.210080 0.415120
vt 0.206180 0.547210
vt 0.208400 0.547280
vt 0.210300 0.547400
vt 0.211900 0.547490
vt 0.213410 0.547540
vt 0.214910 0.547530
vt 0.216500 0.547480
vt 0.218340 0.547410
vt 0.204080 0.547250
vt 0.205870 0.552610
vt 0.207770 0.552950
vt 0.209620 0.553560
vt 0.211490 0.554140
vt 0.213430 0.554400
vt 0.215370 0.554150
vt 0.217260 0.553570
vt 0.219130 0.552930
vt 0.203950 0.552700
vt 0.700390 0.792300
vt 0.738840 0.792250
vt 0.739360 0.780140
vt 0.699870 0.780140
vt 0.743600 0.793660
vt 0.744820 0.780660
vt 0.695610 0.793730
vt 0.694250 0.780660
vt 0.704570 0.810760
vt 0.709320 0.808270
vt 0.729890 0.813400
vt 0.729880 0.808210
vt 0.709330 0.813450
vt 0.734630 0.810710
vt 0.544300 0.739390
vt 0.505620 0.739430
vt 0.505510 0.780690
vt 0.544530 0.780690
vt 0.549120 0.738170
vt 0.549850 0.780680
vt 0.500780 0.738220
vt 0.500240 0.780620
vt 0.514580 0.723280
vt 0.509680 0.720710
vt 0.535370 0.723270
vt 0.535370 0.718030
vt 0.514580 0.718040
vt 0.540220 0.720790
vt 0.976620 0.211850
vt 0.952040 0.211870
vt 0.951970 0.238090
vt 0.976760 0.238090
vt 0.979680 0.211070
vt 0.980150 0.238090
vt 0.948970 0.211100
vt 0.948620 0.238050
vt 0.957740 0.201610
vt 0.954620 0.199980
vt 0.970950 0.201600
vt 0.970950 0.198270
vt 0.957730 0.198280
vt 0.974020 0.200030
vt 0.951970 0.241370
vt 0.976760 0.241370
vt 0.910500 0.812460
vt 0.978510 0.835050
vt 0.984730 0.835210
vt 0.973560 0.849470
vt 0.973630 0.875150
vt 0.996350 0.894990
vt 0.998290 0.835660
vt 0.640740 0.939720
vt 0.922910 0.836270
vt 0.973550 0.835060
vt 0.838460 0.973870
vt 0.824890 0.973870
vt 0.537000 0.637660
vt 0.531510 0.637660
vt 0.526770 0.633890
vt 0.528130 0.627980
vt 0.532420 0.624560
vt 0.537910 0.624560
vt 0.542660 0.628330
vt 0.541300 0.634240
vt 0.332070 0.488540
vt 0.330600 0.481600
vt 0.330840 0.474150
vt 0.337510 0.468550
vt 0.344190 0.467610
vt 0.350880 0.468320
vt 0.357020 0.473450
vt 0.358490 0.480390
vt 0.358250 0.487840
vt 0.351580 0.493450
vt 0.344900 0.494380
vt 0.338210 0.493680
vt 0.886400 0.961890
vt 0.886320 0.967350
vt 0.848230 0.967350
vt 0.848150 0.961890
vt 0.844860 0.967080
vt 0.845090 0.960530
vt 0.887200 0.989910
vt 0.887530 0.995840
vt 0.847030 0.995840
vt 0.847360 0.989910
vt 0.886740 0.978390
vt 0.886980 0.984120
vt 0.847570 0.984120
vt 0.847820 0.978390
vt 0.886440 0.972820
vt 0.848120 0.972820
vt 0.886740 0.956200
vt 0.847810 0.956200
vt 0.887720 0.997710
vt 0.846830 0.997720
vt 0.889360 0.978740
vt 0.889050 0.984790
vt 0.889820 0.954090
vt 0.889460 0.960530
vt 0.847810 0.952870
vt 0.886740 0.952870
vt 0.844840 0.973800
vt 0.889710 0.973800
vt 0.845130 0.996400
vt 0.845340 0.990460
vt 0.845500 0.984790
vt 0.889220 0.990460
vt 0.889420 0.996400
vt 0.889690 0.967080
vt 0.844730 0.954090
vt 0.845190 0.978740
vt 0.043050 0.095870
vt 0.042940 0.101410
vt 0.004490 0.101390
vt 0.004410 0.095870
vt 0.001090 0.101120
vt 0.001320 0.094500
vt 0.043130 0.124010
vt 0.043260 0.129810
vt 0.003880 0.129810
vt 0.004000 0.124010
vt 0.043050 0.112580
vt 0.043110 0.118290
vt 0.004030 0.118280
vt 0.004120 0.112550
vt 0.042920 0.106960
vt 0.004380 0.106920
vt 0.043400 0.090110
vt 0.004060 0.090120
vt 0.043260 0.131630
vt 0.003880 0.131630
vt 0.045670 0.113010
vt 0.045140 0.119030
vt 0.046510 0.087960
vt 0.046160 0.094490
vt 0.004060 0.086760
vt 0.043400 0.086750
vt 0.001060 0.107920
vt 0.046220 0.108060
vt 0.002040 0.130420
vt 0.002040 0.124620
vt 0.001990 0.119040
vt 0.045090 0.124620
vt 0.045090 0.130420
vt 0.046430 0.101170
vt 0.000960 0.087990
vt 0.001410 0.112960
vt 0.118780 0.024380
vt 0.524940 0.504720
vt 0.493200 0.494820
vt 0.486330 0.502130
vt 0.522030 0.512010
vt 0.528270 0.501400
vt 0.530620 0.493040
vt 0.493660 0.477670
vt 0.493920 0.489870
vt 0.868660 0.635420
vt 0.868660 0.631500
vt 0.823030 0.631500
vt 0.823030 0.635420
vt 0.398860 0.493980
vt 0.398740 0.488570
vt 0.530870 0.488170
vt 0.495030 0.471960
vt 0.868660 0.652340
vt 0.877010 0.645400
vt 0.823030 0.645400
vt 0.823030 0.652340
vt 0.877010 0.641570
vt 0.823030 0.641570
vt 0.544030 0.510890
vt 0.546090 0.507580
vt 0.910690 0.807760
vt 0.122530 0.308570
vt 0.119580 0.309000
vt 0.119930 0.383010
vt 0.122890 0.382590
vt 0.116600 0.312260
vt 0.113650 0.311800
vt 0.113650 0.379290
vt 0.116600 0.379750
vt 0.125540 0.311800
vt 0.126190 0.379290
vt 0.134340 0.316610
vt 0.134650 0.319850
vt 0.227600 0.319160
vt 0.227280 0.315920
vt 0.137750 0.323530
vt 0.137480 0.326770
vt 0.223290 0.325490
vt 0.223560 0.322250
vt 0.137380 0.312890
vt 0.223190 0.312890
vt 0.309860 0.027150
vt 0.309990 0.030130
vt 0.405190 0.030130
vt 0.405060 0.027150
vt 0.312510 0.033750
vt 0.312410 0.036730
vt 0.401120 0.035580
vt 0.401230 0.032590
vt 0.312380 0.023530
vt 0.401090 0.024700
vt 0.172360 0.453660
vt 0.168180 0.454410
vt 0.170120 0.548050
vt 0.174300 0.547300
vt 0.164700 0.459630
vt 0.160510 0.458900
vt 0.160510 0.543490
vt 0.164700 0.544220
vt 0.176050 0.458730
vt 0.179560 0.543250
vt 0.920730 0.636400
vt 0.921250 0.639340
vt 0.980410 0.638060
vt 0.979890 0.635120
vt 0.925290 0.641090
vt 0.924720 0.644020
vt 0.977890 0.645230
vt 0.978460 0.642300
vt 0.924700 0.634470
vt 0.977760 0.630970
vt 0.555850 0.498460
vt 0.554650 0.501890
vt 0.547830 0.520680
vt 0.384090 0.476110
vt 0.383780 0.470620
vt 0.350950 0.261650
vt 0.352900 0.271160
vt 0.444930 0.098240
vt 0.359580 0.098420
vt 0.456520 0.092150
vt 0.346770 0.238850
vt 0.508610 0.233800
vt 0.508610 0.214420
vt 0.326890 0.218630
vt 0.328800 0.238170
vt 0.345220 0.092150
vt 0.298160 0.644260
vt 0.301180 0.662500
vt 0.449170 0.502370
vt 0.343670 0.502160
vt 0.470420 0.502150
vt 0.292090 0.601840
vt 0.531810 0.598580
vt 0.531810 0.557250
vt 0.266650 0.558620
vt 0.267590 0.596290
vt 0.322390 0.502040
vt 0.381020 0.752740
vt 0.381040 0.785400
vt 0.372270 0.788590
vt 0.372240 0.755920
vt 0.387380 0.785390
vt 0.387360 0.752740
vt 0.389430 0.765730
vt 0.382080 0.765730
vt 0.382080 0.760750
vt 0.373280 0.765730
vt 0.373280 0.760750
vt 0.387790 0.760160
vt 0.379580 0.760160
vt 0.379580 0.753300
vt 0.387790 0.753300
vt 0.000000 1.000000
vt 0.573210 0.616920
vt 0.573210 0.610060
vt 0.398240 0.765730
vt 0.394940 0.638000
vt 0.358030 0.637530
vt 0.359080 0.652240
vt 0.393510 0.652680
s 0
g off
g Cube.001_0_Material.001
usemtl Material.001
f 37/1/1 38/2/1 39/3/1
f 42/4/1 37/1/1 39/3/1
f 42/4/1 39/3/1 43/5/1
f 46/6/1 42/4/1 43/5/1
f 47/7/2 48/8/2 49/9/2
f 33/10/2 50/11/2 34/12/2
f 61/13/2 62/14/2 63/15/2
f 66/16/1 67/17/1 68/18/1
f 73/19/2 65/20/2 64/21/2
f 78/22/1 69/23/1 70/24/1
s 11
f 313/25/3 299/26/4 314/27/5
f 298/28/6 303/29/7 314/27/5
f 300/30/8 305/31/9 314/27/5
f 302/32/10 306/33/11 314/27/5
f 304/34/12 308/35/13 314/27/5
f 307/36/14 310/37/15 314/27/5
f 309/38/16 312/39/17 314/27/5
f 311/40/18 313/25/3 314/27/5
f 299/26/4 298/28/6 314/27/5
f 301/41/19 300/30/8 314/27/5
f 303/29/7 302/32/10 314/27/5
f 305/31/9 304/34/12 314/27/5
f 306/33/11 301/41/19 314/27/5
f 308/35/13 307/36/14 314/27/5
f 310/37/15 309/38/16 314/27/5
f 312/39/17 311/40/18 314/27/5
s 0
f 646/42/1 647/43/1 648/44/1
f 649/45/1 650/46/1 648/44/1
f 651/47/1 652/48/1 648/44/1
f 653/49/1 654/50/1 648/44/1
f 655/51/1 656/52/1 648/44/1
f 657/53/1 658/54/1 648/44/1
f 659/55/1 653/49/1 648/44/1
f 660/56/1 661/57/1 648/44/1
f 662/58/1 646/42/1 648/44/1
f 647/43/1 649/45/1 648/44/1
f 650/46/1 651/47/1 648/44/1
f 652/48/1 655/51/1 648/44/1
f 654/50/1 657/53/1 648/44/1
f 656/52/1 659/55/1 648/44/1
f 658/54/1 660/56/1 648/44/1
f 661/57/1 662/58/1 648/44/1
f 1125/59/1 1126/60/1 1127/61/1
f 1128/62/1 1129/63/1 1127/61/1
f 1130/64/1 1131/65/1 1127/61/1
f 1132/66/1 1133/67/1 1127/61/1
f 1134/68/1 1135/69/1 1127/61/1
f 1136/70/1 1137/71/1 1127/61/1
f 1138/72/1 1139/73/1 1127/61/1
f 1126/60/1 1140/74/1 1127/61/1
f 1129/63/1 1125/59/1 1127/61/1
f 1131/65/1 1128/62/1 1127/61/1
f 1133/67/1 1130/64/1 1127/61/1
f 1135/69/1 1141/75/1 1127/61/1
f 1137/71/1 1132/66/1 1127/61/1
f 1139/73/1 1134/68/1 1127/61/1
f 1141/75/1 1136/70/1 1127/61/1
f 1140/74/1 1138/72/1 1127/61/1
f 1472/76/1 1473/77/1 1474/78/1
f 1475/79/1 1476/80/1 1474/78/1
f 1477/81/1 1478/82/1 1474/78/1
f 1479/83/1 1480/84/1 1474/78/1
f 1481/85/1 1482/86/1 1474/78/1
f 1483/87/1 1484/88/1 1474/78/1
f 1480/84/1 1485/89/1 1474/78/1
f 1486/90/1 1487/91/1 1474/78/1
f 1473/77/1 1488/92/1 1474/78/1
f 1476/80/1 1472/76/1 1474/78/1
f 1478/82/1 1475/79/1 1474/78/1
f 1482/86/1 1477/81/1 1474/78/1
f 1484/88/1 1479/83/1 1474/78/1
f 1485/89/1 1481/85/1 1474/78/1
f 1487/91/1 1483/87/1 1474/78/1
f 1488/92/1 1486/90/1 1474/78/1
s 60
f 1856/93/20 1855/94/21 1880/95/22
f 1852/96/23 1851/97/24 1880/95/22
f 1859/98/25 1864/99/26 1880/95/22
f 1868/100/27 1867/101/28 1880/95/22
f 1874/102/29 1879/103/30 1880/95/22
f 1871/104/31 1877/105/32 1880/95/22
f 1855/94/21 1860/106/33 1880/95/22
f 1851/97/24 1875/107/34 1880/95/22
f 1875/107/34 1874/102/29 1880/95/22
f 1864/99/26 1863/108/35 1880/95/22
f 1867/101/28 1872/109/36 1880/95/22
f 1879/103/30 1856/93/20 1880/95/22
f 1877/105/32 1852/96/23 1880/95/22
f 1860/106/33 1859/98/25 1880/95/22
f 1863/108/35 1868/100/27 1880/95/22
f 1872/109/36 1871/104/31 1880/95/22
s 0
f 2045/110/37 2046/111/37 2047/112/37
s 62
f 2048/113/38 2049/114/38 2047/112/39
s 0
f 2050/115/40 2051/116/40 2047/112/41
s 64
f 2052/117/42 2053/118/43 2047/112/39
s 65
f 2054/119/44 2055/120/44 2047/112/39
s 0
f 2046/111/45 2056/121/45 2047/112/45
s 67
f 2057/122/46 2058/123/47 2047/112/39
s 0
f 2059/124/41 2048/113/41 2047/112/41
s 67
f 2058/123/47 2045/110/48 2047/112/39
s 0
f 2049/114/49 2050/115/49 2047/112/49
s 67
f 2051/116/50 2057/122/46 2047/112/39
s 64
f 2060/125/51 2052/117/42 2047/112/39
s 0
f 2053/118/52 2054/119/52 2047/112/52
f 2055/120/53 2059/124/53 2047/112/53
f 2056/121/54 2061/126/55 2047/112/54
s 64
f 2061/126/56 2060/125/51 2047/112/39
s 73
f 2062/127/57 2063/128/58 1813/129/59
f 2064/130/60 2065/131/61 1810/132/62
s 0
f 2096/133/22 2097/134/22 2098/135/22
f 2355/136/63 2208/137/63 2209/138/63
f 2398/139/63 2214/140/63 2212/141/63
f 2398/139/63 2212/141/63 2211/142/63
f 2355/136/63 2210/143/63 2208/137/63
f 2470/144/2 2471/145/2 2472/146/2
f 2399/147/5 2503/148/5 2400/149/5
f 2504/136/22 2368/138/22 2369/150/22
f 2814/151/5 2813/152/5 2817/153/5
f 2818/154/5 2817/153/5 2813/152/5
s 84
f 2815/155/64 2816/151/65 2823/153/66
s 0
f 2824/156/2 2794/157/2 2825/158/2
f 2470/144/2 2472/146/2 2835/159/2
f 2096/133/22 2808/160/22 2097/134/22
f 3074/161/22 3075/162/22 3076/163/22
f 3077/164/22 3078/165/22 3076/163/22
f 3079/166/22 3080/167/22 3076/163/22
f 3081/168/22 3082/169/22 3076/163/22
f 3083/170/22 3084/171/22 3076/163/22
f 3085/172/22 3086/173/22 3076/163/22
f 3082/169/22 3087/174/22 3076/163/22
f 3088/175/22 3089/176/22 3076/163/22
f 3075/162/22 3090/177/22 3076/163/22
f 3078/165/22 3074/161/22 3076/163/22
f 3080/167/22 3077/164/22 3076/163/22
f 3084/171/22 3079/166/22 3076/163/22
f 3086/173/22 3081/168/22 3076/163/22
f 3087/174/22 3083/170/22 3076/163/22
f 3089/176/22 3085/172/22 3076/163/22
f 3090/177/22 3088/175/22 3076/163/22
f 3156/178/5 3157/179/5 3158/180/5
f 3172/181/5 3173/182/5 3174/183/5
f 3175/184/22 3176/185/22 3177/186/22
f 3178/187/22 3179/188/22 3180/189/22
s 108
f 2932/190/67 2911/191/68 3191/192/5
f 2933/193/69 2915/194/70 3191/192/5
f 2910/195/71 2926/196/72 3191/192/5
f 2914/197/73 2930/198/74 3191/192/5
f 2929/199/75 2937/200/76 3191/192/5
f 2923/201/77 2922/202/78 3191/192/5
f 2935/203/79 2919/204/80 3191/192/5
f 2918/205/81 2932/190/67 3191/192/5
f 2925/206/82 2933/193/69 3191/192/5
f 2911/191/68 2910/195/71 3191/192/5
f 2915/194/70 2914/197/73 3191/192/5
f 2926/196/72 2925/206/82 3191/192/5
f 2930/198/74 2929/199/75 3191/192/5
f 2937/200/76 2923/201/77 3191/192/5
f 2922/202/78 2935/203/79 3191/192/5
f 2919/204/80 2918/205/81 3191/192/5
s 0
f 3548/207/1 3549/208/1 3550/209/1
f 3551/210/1 3552/211/1 3550/209/1
f 3553/212/1 3554/213/1 3550/209/1
f 3555/214/1 3556/215/1 3550/209/1
f 3557/216/1 3558/217/1 3550/209/1
f 3559/218/1 3560/219/1 3550/209/1
f 3556/215/1 3561/220/1 3550/209/1
f 3562/221/1 3563/222/1 3550/209/1
f 3549/208/1 3564/223/1 3550/209/1
f 3552/211/1 3548/207/1 3550/209/1
f 3554/213/1 3551/210/1 3550/209/1
f 3558/217/1 3553/212/1 3550/209/1
f 3560/219/1 3555/214/1 3550/209/1
f 3561/220/1 3557/216/1 3550/209/1
f 3563/222/1 3559/218/1 3550/209/1
f 3564/223/1 3562/221/1 3550/209/1
s 125
f 3637/224/83 3651/225/84 3687/226/22
f 3639/227/85 3638/228/86 3687/226/22
f 3641/229/87 3640/230/88 3687/226/22
f 3643/231/89 3642/232/90 3687/226/22
f 3645/233/91 3652/234/92 3687/226/22
f 3647/235/93 3644/236/94 3687/226/22
f 3649/237/95 3646/238/96 3687/226/22
f 3652/234/92 3648/239/97 3687/226/22
f 3651/225/84 3650/240/98 3687/226/22
f 3638/228/86 3637/224/83 3687/226/22
f 3640/230/88 3639/227/85 3687/226/22
f 3642/232/90 3641/229/87 3687/226/22
f 3644/236/94 3643/231/89 3687/226/22
f 3646/238/96 3645/233/91 3687/226/22
f 3648/239/97 3647/235/93 3687/226/22
f 3650/240/98 3649/237/95 3687/226/22
s 0
f 3688/241/5 3689/242/5 3690/243/5
f 3691/244/5 3692/245/5 3690/243/5
f 3693/246/5 3694/247/5 3690/243/5
f 3695/248/5 3696/249/5 3690/243/5
f 3697/250/5 3698/251/5 3690/243/5
f 3699/252/5 3700/253/5 3690/243/5
f 3701/254/5 3702/255/5 3690/243/5
f 3689/242/5 3703/256/5 3690/243/5
f 3692/245/5 3704/257/5 3690/243/5
f 3694/247/5 3691/244/5 3690/243/5
f 3696/249/5 3693/246/5 3690/243/5
f 3698/251/5 3695/248/5 3690/243/5
f 3700/253/5 3697/250/5 3690/243/5
f 3702/255/5 3688/241/5 3690/243/5
f 3703/256/5 3699/252/5 3690/243/5
f 3704/257/5 3701/254/5 3690/243/5
f 4202/258/5 4203/259/5 4204/260/5
f 4203/259/5 4205/261/5 4204/260/5
f 4205/261/5 4206/262/5 4204/260/5
f 4206/262/5 4207/263/5 4204/260/5
f 4207/263/5 4208/264/5 4204/260/5
f 4208/264/5 4209/265/5 4204/260/5
f 4209/265/5 4210/266/5 4204/260/5
f 4210/266/5 4202/258/5 4204/260/5
f 4229/267/22 4230/268/22 4231/269/22
f 4230/268/22 4232/270/22 4231/269/22
f 4232/270/22 4233/271/22 4231/269/22
f 4233/271/22 4234/272/22 4231/269/22
f 4234/272/22 4235/273/22 4231/269/22
f 4235/273/22 4236/274/22 4231/269/22
f 4236/274/22 4237/275/22 4231/269/22
f 4237/275/22 4229/267/22 4231/269/22
s 158
f 4580/276/99 4581/277/100 4582/278/2
f 4583/279/101 4584/280/102 4582/278/2
f 4585/281/103 4586/282/104 4582/278/2
f 4587/283/105 4588/284/106 4582/278/2
f 4589/285/107 4590/286/108 4582/278/2
f 4591/287/109 4592/288/110 4582/278/2
f 4593/289/111 4594/290/112 4582/278/2
f 4595/291/113 4589/285/107 4582/278/2
f 4596/292/114 4580/276/99 4582/278/2
f 4581/277/100 4583/279/101 4582/278/2
f 4584/280/102 4585/281/103 4582/278/2
f 4586/282/104 4587/283/105 4582/278/2
f 4588/284/106 4591/287/109 4582/278/2
f 4590/286/108 4593/289/111 4582/278/2
f 4592/288/110 4595/291/113 4582/278/2
f 4594/290/112 4596/292/114 4582/278/2
s 0
f 4597/293/1 4598/294/1 4599/295/1
f 4600/296/1 4601/297/1 4599/295/1
f 4602/298/1 4603/299/1 4599/295/1
f 4604/300/1 4605/301/1 4599/295/1
f 4606/302/1 4607/303/1 4599/295/1
f 4608/304/1 4609/305/1 4599/295/1
f 4610/306/1 4611/307/1 4599/295/1
f 4598/294/1 4612/308/1 4599/295/1
f 4601/297/1 4613/309/1 4599/295/1
f 4603/299/1 4597/293/1 4599/295/1
f 4605/301/1 4600/296/1 4599/295/1
f 4613/309/1 4602/298/1 4599/295/1
f 4607/303/1 4604/300/1 4599/295/1
f 4609/305/1 4606/302/1 4599/295/1
f 4611/307/1 4608/304/1 4599/295/1
f 4612/308/1 4610/306/1 4599/295/1
f 4745/310/22 4746/311/22 4747/312/22
s 176
f 4762/313/115 4763/314/116 4764/315/117
f 3269/316/118 4159/317/119 4765/318/120
s 177
f 4750/319/121 4749/320/122 4768/321/123
s 0
f 3261/322/22 3272/323/22 4766/324/22
f 4793/325/5 4794/326/5 4795/327/5
f 4794/326/5 4796/328/5 4795/327/5
f 4796/328/5 4797/329/5 4795/327/5
f 4797/329/5 4798/330/5 4795/327/5
f 4798/330/5 4799/331/5 4795/327/5
f 4799/331/5 4800/332/5 4795/327/5
f 4800/332/5 4801/333/5 4795/327/5
f 4801/333/5 4793/325/5 4795/327/5
f 4822/334/5 4823/335/5 4824/336/5
f 4823/335/5 4825/337/5 4824/336/5
f 4825/337/5 4826/338/5 4824/336/5
f 4826/338/5 4827/339/5 4824/336/5
f 4827/339/5 4828/340/5 4824/336/5
f 4828/340/5 4829/341/5 4824/336/5
f 4829/341/5 4830/342/5 4824/336/5
f 4830/342/5 4822/334/5 4824/336/5
f 3295/343/5 4971/344/5 3296/345/5
f 5060/346/5 5061/347/5 5062/348/5
f 4163/349/5 5065/350/5 4164/351/5
f 2794/157/2 2824/156/2 5082/352/2
f 2096/133/22 2098/135/22 5117/134/22
f 5360/136/124 5222/138/124 5221/137/124
f 5396/139/124 5225/141/124 5227/140/124
f 5396/139/124 5224/142/124 5225/141/124
f 5360/136/124 5221/137/124 5223/143/124
f 5453/144/2 5454/146/2 5455/145/2
f 5397/147/5 2400/149/5 2503/148/5
f 5478/136/22 5372/150/22 5371/138/22
f 5751/151/5 5754/153/5 5750/152/5
f 5755/154/5 5750/152/5 5754/153/5
s 209
f 5752/155/125 5758/153/126 5753/151/127
s 0
f 2824/156/2 5759/158/2 5738/157/2
f 5453/144/2 5764/159/2 5454/146/2
f 2096/133/22 5117/134/22 5744/160/22
f 6002/161/22 6003/163/22 6004/162/22
f 6005/164/22 6003/163/22 6006/165/22
f 6007/166/22 6003/163/22 6008/167/22
f 6009/168/22 6003/163/22 6010/169/22
f 6011/170/22 6003/163/22 6012/171/22
f 6013/172/22 6003/163/22 6014/173/22
f 6010/169/22 6003/163/22 6015/174/22
f 6016/175/22 6003/163/22 6017/176/22
f 6004/162/22 6003/163/22 6018/177/22
f 6006/165/22 6003/163/22 6002/161/22
f 6008/167/22 6003/163/22 6005/164/22
f 6012/171/22 6003/163/22 6007/166/22
f 6014/173/22 6003/163/22 6009/168/22
f 6015/174/22 6003/163/22 6011/170/22
f 6017/176/22 6003/163/22 6013/172/22
f 6018/177/22 6003/163/22 6016/175/22
f 6084/178/5 6085/180/5 6086/179/5
f 6100/181/5 6101/183/5 6102/182/5
f 6103/184/22 6104/186/22 6105/185/22
f 6106/187/22 6107/189/22 6108/188/22
s 233
f 5860/190/74 6119/192/5 5837/191/73
f 5861/193/72 6119/192/5 5841/194/128
f 5838/195/70 6119/192/5 5853/196/69
f 5842/197/68 6119/192/5 5856/198/67
f 5857/199/81 6119/192/5 5865/200/80
f 5849/201/79 6119/192/5 5850/202/78
f 5863/203/77 6119/192/5 5845/204/76
f 5846/205/75 6119/192/5 5860/190/74
f 5854/206/82 6119/192/5 5861/193/72
f 5837/191/73 6119/192/5 5838/195/70
f 5841/194/128 6119/192/5 5842/197/68
f 5853/196/69 6119/192/5 5854/206/82
f 5856/198/67 6119/192/5 5857/199/81
f 5865/200/80 6119/192/5 5849/201/79
f 5850/202/78 6119/192/5 5863/203/77
f 5845/204/76 6119/192/5 5846/205/75
s 0
f 6465/207/1 6466/209/1 6467/208/1
f 6468/210/1 6466/209/1 6469/211/1
f 6470/212/1 6466/209/1 6471/213/1
f 6472/214/1 6466/209/1 6473/215/1
f 6474/216/1 6466/209/1 6475/217/1
f 6476/218/1 6466/209/1 6477/219/1
f 6473/215/1 6466/209/1 6478/220/1
f 6479/221/1 6466/209/1 6480/222/1
f 6467/208/1 6466/209/1 6481/223/1
f 6469/211/1 6466/209/1 6465/207/1
f 6471/213/1 6466/209/1 6468/210/1
f 6475/217/1 6466/209/1 6470/212/1
f 6477/219/1 6466/209/1 6472/214/1
f 6478/220/1 6466/209/1 6474/216/1
f 6480/222/1 6466/209/1 6476/218/1
f 6481/223/1 6466/209/1 6479/221/1
s 250
f 6555/224/129 6604/226/22 6568/225/130
f 6557/227/85 6604/226/22 6554/228/131
f 6559/229/132 6604/226/22 6556/230/133
f 6561/231/134 6604/226/22 6558/232/135
f 6563/233/97 6604/226/22 6569/234/92
f 6565/235/136 6604/226/22 6560/236/137
f 6567/237/138 6604/226/22 6562/238/139
f 6569/234/92 6604/226/22 6564/239/91
f 6568/225/130 6604/226/22 6566/240/140
f 6554/228/131 6604/226/22 6555/224/129
f 6556/230/133 6604/226/22 6557/227/85
f 6558/232/135 6604/226/22 6559/229/132
f 6560/236/137 6604/226/22 6561/231/134
f 6562/238/139 6604/226/22 6563/233/97
f 6564/239/91 6604/226/22 6565/235/136
f 6566/240/140 6604/226/22 6567/237/138
s 0
f 6605/241/5 6606/243/5 6607/242/5
f 6608/244/5 6606/243/5 6609/245/5
f 6610/246/5 6606/243/5 6611/247/5
f 6612/248/5 6606/243/5 6613/249/5
f 6614/250/5 6606/243/5 6615/251/5
f 6616/252/5 6606/243/5 6617/253/5
f 6618/254/5 6606/243/5 6619/255/5
f 6607/242/5 6606/243/5 6620/256/5
f 6609/245/5 6606/243/5 6621/257/5
f 6611/247/5 6606/243/5 6608/244/5
f 6613/249/5 6606/243/5 6610/246/5
f 6615/251/5 6606/243/5 6612/248/5
f 6617/253/5 6606/243/5 6614/250/5
f 6619/255/5 6606/243/5 6605/241/5
f 6620/256/5 6606/243/5 6616/252/5
f 6621/257/5 6606/243/5 6618/254/5
f 7101/258/5 7102/260/5 7103/259/5
f 7103/259/5 7102/260/5 7104/261/5
f 7104/261/5 7102/260/5 7105/262/5
f 7105/262/5 7102/260/5 7106/263/5
f 7106/263/5 7102/260/5 7107/264/5
f 7107/264/5 7102/260/5 7108/265/5
f 7108/265/5 7102/260/5 7109/266/5
f 7109/266/5 7102/260/5 7101/258/5
f 7128/267/22 7129/269/22 7130/268/22
f 7130/268/22 7129/269/22 7131/270/22
f 7131/270/22 7129/269/22 7132/271/22
f 7132/271/22 7129/269/22 7133/272/22
f 7133/272/22 7129/269/22 7134/273/22
f 7134/273/22 7129/269/22 7135/274/22
f 7135/274/22 7129/269/22 7136/275/22
f 7136/275/22 7129/269/22 7128/267/22
s 283
f 7507/276/141 7508/278/2 7509/277/104
f 7510/279/142 7508/278/2 7511/280/102
f 7512/281/143 7508/278/2 7513/282/100
f 7514/283/144 7508/278/2 7515/284/114
f 7516/285/107 7508/278/2 7517/286/145
f 7518/287/146 7508/278/2 7519/288/111
f 7520/289/110 7508/278/2 7521/290/147
f 7522/291/148 7508/278/2 7516/285/107
f 7523/292/106 7508/278/2 7507/276/141
f 7509/277/104 7508/278/2 7510/279/142
f 7511/280/102 7508/278/2 7512/281/143
f 7513/282/100 7508/278/2 7514/283/144
f 7515/284/114 7508/278/2 7518/287/146
f 7517/286/145 7508/278/2 7520/289/110
f 7519/288/111 7508/278/2 7522/291/148
f 7521/290/147 7508/278/2 7523/292/106
s 0
f 7524/293/1 7525/295/1 7526/294/1
f 7527/296/1 7525/295/1 7528/297/1
f 7529/298/1 7525/295/1 7530/299/1
f 7531/300/1 7525/295/1 7532/301/1
f 7533/302/1 7525/295/1 7534/303/1
f 7535/304/1 7525/295/1 7536/305/1
f 7537/306/1 7525/295/1 7538/307/1
f 7526/294/1 7525/295/1 7539/308/1
f 7528/297/1 7525/295/1 7540/309/1
f 7530/299/1 7525/295/1 7524/293/1
f 7532/301/1 7525/295/1 7527/296/1
f 7540/309/1 7525/295/1 7529/298/1
f 7534/303/1 7525/295/1 7531/300/1
f 7536/305/1 7525/295/1 7533/302/1
f 7538/307/1 7525/295/1 7535/304/1
f 7539/308/1 7525/295/1 7537/306/1
f 7670/310/22 7671/312/22 7672/311/22
s 176
f 7685/313/149 4764/315/117 4763/314/116
f 6186/316/150 7686/318/151 7058/317/152
s 301
f 7675/319/153 7688/321/154 7676/320/155
s 0
f 6182/322/22 7687/324/22 6191/323/22
f 7712/325/5 7713/327/5 7714/326/5
f 7714/326/5 7713/327/5 7715/328/5
f 7715/328/5 7713/327/5 7716/329/5
f 7716/329/5 7713/327/5 7717/330/5
f 7717/330/5 7713/327/5 7718/331/5
f 7718/331/5 7713/327/5 7719/332/5
f 7719/332/5 7713/327/5 7720/333/5
f 7720/333/5 7713/327/5 7712/325/5
f 7741/334/5 7742/336/5 7743/335/5
f 7743/335/5 7742/336/5 7744/337/5
f 7744/337/5 7742/336/5 7745/338/5
f 7745/338/5 7742/336/5 7746/339/5
f 7746/339/5 7742/336/5 7747/340/5
f 7747/340/5 7742/336/5 7748/341/5
f 7748/341/5 7742/336/5 7749/342/5
f 7749/342/5 7742/336/5 7741/334/5
f 6214/343/5 6213/345/5 7882/344/5
f 5060/346/5 5062/348/5 7969/347/5
f 4163/349/5 7064/351/5 5065/350/5
f 5738/157/2 5082/352/2 2824/156/2
s 323
f 1/353/156 2/354/157 3/355/157
f 1/353/156 3/355/157 4/356/156
s 324
f 5/357/158 6/358/159 7/359/159
f 5/357/158 7/359/159 8/360/158
f 5/357/158 8/360/158 9/361/160
f 5/357/158 9/361/160 10/362/161
s 323
f 3/355/157 2/354/157 11/363/162
f 3/355/157 11/363/162 12/364/162
s 324
f 10/362/161 9/361/160 13/365/163
f 10/362/161 13/365/163 14/366/163
s 323
f 12/364/162 11/363/162 15/367/164
f 12/364/162 15/367/164 16/368/164
s 324
f 17/369/165 18/370/166 19/371/167
f 17/369/165 19/371/167 20/372/167
f 14/366/163 13/365/163 18/370/166
f 14/366/163 18/370/166 17/369/165
s 323
f 16/368/164 15/367/164 21/373/168
f 16/368/164 21/373/168 22/374/168
s 324
f 20/372/167 19/371/167 23/375/169
f 20/372/167 23/375/169 24/376/169
f 24/376/169 23/375/169 25/377/170
f 24/376/169 25/377/170 26/378/170
s 325
f 27/379/171 28/380/171 29/381/172
f 27/379/171 29/381/172 30/382/173
f 30/382/173 29/381/172 31/383/174
f 30/382/173 31/383/174 32/384/175
s 0
f 33/10/2 34/12/2 35/385/2
f 33/10/2 35/385/2 36/386/2
f 40/387/1 41/388/1 39/3/1
f 40/387/1 39/3/1 38/2/1
s 325
f 44/389/176 32/384/175 31/383/174
f 44/389/176 31/383/174 45/390/177
s 0
f 49/9/2 48/8/2 34/12/2
f 49/9/2 34/12/2 50/11/2
s 323
f 22/374/168 21/373/168 51/391/178
f 22/374/168 51/391/178 52/392/178
s 0
f 53/393/179 54/394/179 55/395/179
f 53/393/179 55/395/179 56/396/179
s 325
f 57/396/180 58/395/180 59/397/181
f 57/396/180 59/397/181 60/398/182
s 0
f 64/21/2 65/20/2 63/15/2
f 64/21/2 63/15/2 62/14/2
f 69/23/1 68/18/1 67/17/1
f 69/23/1 67/17/1 70/24/1
s 325
f 44/389/176 45/390/177 71/399/183
f 44/389/176 71/399/183 72/400/184
f 59/397/181 72/400/184 71/399/183
f 59/397/181 71/399/183 60/398/182
s 0
f 74/401/1 75/402/1 76/403/1
f 74/401/1 76/403/1 77/404/1
f 77/404/1 76/403/1 46/6/1
f 77/404/1 46/6/1 78/22/1
f 78/22/1 46/6/1 43/5/1
f 78/22/1 43/5/1 69/23/1
s 324
f 6/358/159 79/353/5 80/356/5
f 6/358/159 80/356/5 7/359/159
s 0
f 81/405/2 82/406/2 83/407/2
f 81/405/2 83/407/2 84/408/2
f 85/409/2 86/410/2 82/406/2
f 85/409/2 82/406/2 81/405/2
f 75/402/1 74/401/1 87/411/1
f 75/402/1 87/411/1 88/412/1
f 84/408/2 83/407/2 73/19/2
f 84/408/2 73/19/2 47/7/2
f 47/7/2 73/19/2 64/21/2
f 47/7/2 64/21/2 48/8/2
f 89/413/22 90/414/22 91/415/22
f 89/413/22 91/415/22 92/416/22
f 93/414/124 94/417/124 95/418/124
f 93/414/124 95/418/124 96/419/124
f 97/420/63 98/413/63 99/421/63
f 97/420/63 99/421/63 100/422/63
f 101/420/1 102/417/1 103/414/1
f 101/420/1 103/414/1 104/413/1
s 362
f 105/423/1 106/424/1 107/425/185
f 105/423/1 107/425/185 108/426/185
s 0
f 109/427/22 110/428/22 111/429/22
f 109/427/22 111/429/22 112/430/22
f 113/431/22 114/432/22 115/433/22
f 113/431/22 115/433/22 116/434/22
s 362
f 117/435/186 118/436/186 119/437/2
f 117/435/186 119/437/2 120/438/2
f 120/438/2 119/437/2 121/439/187
f 120/438/2 121/439/187 122/440/187
f 122/440/187 121/439/187 123/441/124
f 122/440/187 123/441/124 124/442/124
f 124/442/124 123/441/124 125/443/188
f 124/442/124 125/443/188 126/444/188
f 126/444/188 125/443/188 106/424/1
f 126/444/188 106/424/1 105/423/1
f 127/445/185 128/446/185 129/447/189
f 127/445/185 129/447/189 130/448/189
f 130/448/189 129/447/189 131/449/63
f 130/448/189 131/449/63 132/450/63
f 132/450/63 131/449/63 133/451/190
f 132/450/63 133/451/190 134/452/190
f 134/452/190 133/451/190 135/453/186
f 134/452/190 135/453/186 136/454/186
f 108/426/185 107/425/185 128/446/185
f 108/426/185 128/446/185 127/445/185
f 137/455/186 138/456/186 118/436/186
f 137/455/186 118/436/186 117/435/186
s 0
f 110/428/22 139/457/22 140/458/22
f 110/428/22 140/458/22 111/429/22
f 139/457/22 141/459/22 142/460/22
f 139/457/22 142/460/22 140/458/22
f 141/459/22 143/461/22 144/462/22
f 141/459/22 144/462/22 142/460/22
f 143/461/22 113/431/22 116/434/22
f 143/461/22 116/434/22 144/462/22
f 145/463/22 146/464/22 147/465/22
f 145/463/22 147/465/22 148/466/22
f 146/464/22 149/467/22 150/468/22
f 146/464/22 150/468/22 147/465/22
f 149/467/22 151/469/22 152/470/22
f 149/467/22 152/470/22 150/468/22
f 151/469/22 153/471/22 154/472/22
f 151/469/22 154/472/22 152/470/22
f 153/471/22 109/427/22 112/430/22
f 153/471/22 112/430/22 154/472/22
f 114/432/22 145/463/22 148/466/22
f 114/432/22 148/466/22 115/433/22
s 387
f 155/473/191 156/474/191 157/475/191
f 155/473/191 157/475/191 158/476/191
f 159/477/192 160/478/192 161/479/192
f 159/477/192 161/479/192 162/480/192
f 160/478/192 163/481/193 164/482/193
f 160/478/192 164/482/193 161/479/192
f 163/481/193 165/483/124 166/484/124
f 163/481/193 166/484/124 164/482/193
f 165/483/124 167/485/194 168/486/194
f 165/483/124 168/486/194 166/484/124
f 167/485/194 155/473/191 158/476/191
f 167/485/194 158/476/191 168/486/194
f 156/474/191 169/487/2 170/488/2
f 156/474/191 170/488/2 157/475/191
f 171/489/1 159/477/192 162/480/192
f 171/489/1 162/480/192 172/490/1
f 173/491/195 171/489/1 172/490/1
f 173/491/195 172/490/1 174/492/195
f 175/493/63 173/491/195 174/492/195
f 175/493/63 174/492/195 176/494/63
f 177/495/196 175/493/63 176/494/63
f 177/495/196 176/494/63 178/496/196
f 169/487/2 179/497/197 180/498/197
f 169/487/2 180/498/197 170/488/2
s 388
f 181/499/2 182/500/2 183/501/198
f 181/499/2 183/501/198 184/502/198
f 184/502/198 183/501/198 185/503/190
f 184/502/198 185/503/190 186/504/190
f 186/504/190 185/503/190 187/505/199
f 186/504/190 187/505/199 188/506/199
f 188/506/199 187/505/199 189/507/63
f 188/506/199 189/507/63 190/508/63
f 190/508/63 189/507/63 191/509/200
f 190/508/63 191/509/200 192/510/200
f 192/510/200 191/509/200 193/511/189
f 192/510/200 193/511/189 194/512/189
f 194/512/189 193/511/189 195/513/201
f 194/512/189 195/513/201 196/514/201
f 196/514/201 195/513/201 197/515/1
f 196/514/201 197/515/1 198/516/1
f 198/516/1 197/515/1 199/517/202
f 198/516/1 199/517/202 200/518/202
f 200/518/202 199/517/202 201/519/188
f 200/518/202 201/519/188 202/520/188
f 202/520/188 201/519/188 203/521/203
f 202/520/188 203/521/203 204/522/203
f 204/522/203 203/521/203 205/523/124
f 204/522/203 205/523/124 206/524/124
f 206/524/124 205/523/124 207/525/204
f 206/524/124 207/525/204 208/526/204
f 208/526/204 207/525/204 209/527/187
f 208/526/204 209/527/187 210/528/187
f 210/528/187 209/527/187 211/529/205
f 210/528/187 211/529/205 212/530/205
f 212/530/205 211/529/205 213/531/2
f 212/530/205 213/531/2 214/532/2
f 215/533/206 216/534/207 217/535/208
f 215/533/206 217/535/208 218/536/209
f 219/537/210 220/538/211 221/539/212
f 219/537/210 221/539/212 222/540/213
f 223/541/214 224/542/215 225/543/216
f 223/541/214 225/543/216 226/544/217
f 227/545/218 228/546/219 229/547/220
f 227/545/218 229/547/220 230/548/221
f 231/549/222 232/550/223 233/551/224
f 231/549/222 233/551/224 234/552/225
f 235/553/226 236/554/227 237/555/228
f 235/553/226 237/555/228 238/556/229
f 220/538/211 239/557/230 240/558/231
f 220/538/211 240/558/231 221/539/212
f 224/542/215 241/559/232 242/560/233
f 224/542/215 242/560/233 225/543/216
f 228/546/219 243/561/234 244/562/235
f 228/546/219 244/562/235 229/547/220
f 232/550/223 245/563/236 246/564/237
f 232/550/223 246/564/237 233/551/224
f 236/554/227 219/537/210 222/540/213
f 236/554/227 222/540/213 237/555/228
f 239/557/230 223/541/214 226/544/217
f 239/557/230 226/544/217 240/558/231
f 216/534/207 227/545/218 230/548/221
f 216/534/207 230/548/221 217/535/208
f 241/559/232 231/549/222 234/552/225
f 241/559/232 234/552/225 242/560/233
f 243/561/234 235/553/226 238/556/229
f 243/561/234 238/556/229 244/562/235
f 245/563/236 247/565/206 248/566/238
f 245/563/236 248/566/238 246/564/237
f 193/511/189 191/509/200 249/567/239
f 193/511/189 249/567/239 250/568/240
f 199/517/202 197/515/1 251/569/241
f 199/517/202 251/569/241 252/570/242
f 183/501/198 182/500/2 253/571/243
f 183/501/198 253/571/243 254/572/244
f 205/523/124 203/521/203 255/573/245
f 205/523/124 255/573/245 256/574/246
f 189/507/63 187/505/199 257/575/247
f 189/507/63 257/575/247 258/576/248
f 211/529/205 209/527/187 259/577/249
f 211/529/205 259/577/249 260/578/250
f 195/513/201 193/511/189 250/568/240
f 195/513/201 250/568/240 261/579/251
f 201/519/188 199/517/202 252/570/242
f 201/519/188 252/570/242 262/580/252
f 185/503/190 183/501/198 254/572/244
f 185/503/190 254/572/244 263/581/253
f 207/525/204 205/523/124 256/574/246
f 207/525/204 256/574/246 264/582/254
f 191/509/200 189/507/63 258/576/248
f 191/509/200 258/576/248 249/567/239
f 213/531/2 211/529/205 260/578/250
f 213/531/2 260/578/250 265/583/243
f 197/515/1 195/513/201 261/579/251
f 197/515/1 261/579/251 251/569/241
f 203/521/203 201/519/188 262/580/252
f 203/521/203 262/580/252 255/573/245
f 187/505/199 185/503/190 263/581/253
f 187/505/199 263/581/253 257/575/247
f 209/527/187 207/525/204 264/582/254
f 209/527/187 264/582/254 259/577/249
s 11
f 266/584/255 267/585/256 268/586/257
f 266/584/255 268/586/257 269/587/258
f 270/588/259 271/589/260 272/590/261
f 270/588/259 272/590/261 273/591/262
f 274/592/263 275/593/264 276/594/265
f 274/592/263 276/594/265 277/595/266
f 278/596/267 279/597/268 280/598/269
f 278/596/267 280/598/269 281/599/270
f 282/600/271 283/601/272 284/602/273
f 282/600/271 284/602/273 285/603/274
f 286/604/275 287/605/276 288/606/277
f 286/604/275 288/606/277 289/607/278
f 290/608/279 291/609/280 292/610/281
f 290/608/279 292/610/281 293/611/282
f 294/612/283 266/584/255 269/587/258
f 294/612/283 269/587/258 295/613/284
f 296/614/285 270/588/259 273/591/262
f 296/614/285 273/591/262 297/615/286
f 267/585/256 274/592/263 277/595/266
f 267/585/256 277/595/266 268/586/257
f 271/589/260 278/596/267 281/599/270
f 271/589/260 281/599/270 272/590/261
f 275/593/264 296/614/285 297/615/286
f 275/593/264 297/615/286 276/594/265
f 279/597/268 282/600/271 285/603/274
f 279/597/268 285/603/274 280/598/269
f 283/601/272 286/604/275 289/607/278
f 283/601/272 289/607/278 284/602/273
f 287/605/276 290/608/279 293/611/282
f 287/605/276 293/611/282 288/606/277
f 291/609/280 294/612/283 295/613/284
f 291/609/280 295/613/284 292/610/281
f 295/613/284 269/587/258 298/28/6
f 295/613/284 298/28/6 299/26/4
f 297/615/286 273/591/262 300/30/8
f 297/615/286 300/30/8 301/41/19
f 268/586/257 277/595/266 302/32/10
f 268/586/257 302/32/10 303/29/7
f 272/590/261 281/599/270 304/34/12
f 272/590/261 304/34/12 305/31/9
f 276/594/265 297/615/286 301/41/19
f 276/594/265 301/41/19 306/33/11
f 280/598/269 285/603/274 307/36/14
f 280/598/269 307/36/14 308/35/13
f 284/602/273 289/607/278 309/38/16
f 284/602/273 309/38/16 310/37/15
f 288/606/277 293/611/282 311/40/18
f 288/606/277 311/40/18 312/39/17
f 292/610/281 295/613/284 299/26/4
f 292/610/281 299/26/4 313/25/3
f 269/587/258 268/586/257 303/29/7
f 269/587/258 303/29/7 298/28/6
f 273/591/262 272/590/261 305/31/9
f 273/591/262 305/31/9 300/30/8
f 277/595/266 276/594/265 306/33/11
f 277/595/266 306/33/11 302/32/10
f 281/599/270 280/598/269 308/35/13
f 281/599/270 308/35/13 304/34/12
f 285/603/274 284/602/273 310/37/15
f 285/603/274 310/37/15 307/36/14
f 289/607/278 288/606/277 312/39/17
f 289/607/278 312/39/17 309/38/16
f 293/611/282 292/610/281 313/25/3
f 293/611/282 313/25/3 311/40/18
f 315/616/248 316/617/287 267/585/256
f 315/616/248 267/585/256 266/584/255
f 317/618/288 318/619/289 271/589/260
f 317/618/288 271/589/260 270/588/259
f 319/620/290 320/621/291 275/593/264
f 319/620/290 275/593/264 274/592/263
f 321/622/254 322/623/246 279/597/268
f 321/622/254 279/597/268 278/596/267
f 323/624/292 324/625/252 283/601/272
f 323/624/292 283/601/272 282/600/271
f 325/626/293 326/627/241 287/605/276
f 325/626/293 287/605/276 286/604/275
f 327/628/294 328/629/240 291/609/280
f 327/628/294 291/609/280 290/608/279
f 329/630/295 315/616/248 266/584/255
f 329/630/295 266/584/255 294/612/283
f 330/631/243 317/618/288 270/588/259
f 330/631/243 270/588/259 296/614/285
f 316/617/287 319/620/290 274/592/263
f 316/617/287 274/592/263 267/585/256
f 318/619/289 321/622/254 278/596/267
f 318/619/289 278/596/267 271/589/260
f 320/621/291 330/631/243 296/614/285
f 320/621/291 296/614/285 275/593/264
f 322/623/246 323/624/292 282/600/271
f 322/623/246 282/600/271 279/597/268
f 324/625/252 325/626/293 286/604/275
f 324/625/252 286/604/275 283/601/272
f 326/627/241 327/628/294 290/608/279
f 326/627/241 290/608/279 287/605/276
f 328/629/240 329/630/295 294/612/283
f 328/629/240 294/612/283 291/609/280
s 388
f 230/548/221 229/547/220 331/632/296
f 230/548/221 331/632/296 332/633/297
f 234/552/225 233/551/224 333/634/298
f 234/552/225 333/634/298 334/635/299
f 218/536/209 217/535/208 335/636/300
f 218/536/209 335/636/300 336/637/2
f 225/543/216 242/560/233 337/638/124
f 225/543/216 337/638/124 338/639/203
f 240/558/231 226/544/217 339/640/188
f 240/558/231 339/640/188 340/641/202
f 222/540/213 221/539/212 341/642/1
f 222/540/213 341/642/1 342/643/201
f 238/556/229 237/555/228 343/644/189
f 238/556/229 343/644/189 344/645/200
f 229/547/220 244/562/235 345/646/63
f 229/547/220 345/646/63 331/632/296
f 233/551/224 246/564/237 346/647/301
f 233/551/224 346/647/301 333/634/298
f 217/535/208 230/548/221 332/633/297
f 217/535/208 332/633/297 335/636/300
f 242/560/233 234/552/225 334/635/299
f 242/560/233 334/635/299 337/638/124
f 226/544/217 225/543/216 338/639/203
f 226/544/217 338/639/203 339/640/188
f 221/539/212 240/558/231 340/641/202
f 221/539/212 340/641/202 341/642/1
f 237/555/228 222/540/213 342/643/201
f 237/555/228 342/643/201 343/644/189
f 244/562/235 238/556/229 344/645/200
f 244/562/235 344/645/200 345/646/63
f 246/564/237 248/566/238 347/648/302
f 246/564/237 347/648/302 346/647/301
s 389
f 348/649/5 349/650/303 350/651/304
f 348/649/5 350/651/304 351/652/305
f 351/652/305 350/651/304 352/653/306
f 351/652/305 352/653/306 353/654/307
f 353/654/307 352/653/306 354/655/308
f 353/654/307 354/655/308 355/656/309
f 355/656/309 354/655/308 356/657/310
f 355/656/309 356/657/310 357/658/63
f 357/658/63 356/657/310 358/659/311
f 357/658/63 358/659/311 359/660/312
f 359/660/312 358/659/311 360/661/313
f 359/660/312 360/661/313 361/662/314
f 361/662/314 360/661/313 362/663/315
f 361/662/314 362/663/315 363/664/316
f 363/664/316 362/663/315 364/665/317
f 363/664/316 364/665/317 365/666/22
f 366/667/22 367/668/317 368/669/318
f 366/667/22 368/669/318 369/670/319
f 369/670/319 368/669/318 370/671/320
f 369/670/319 370/671/320 371/672/321
f 371/672/321 370/671/320 372/673/322
f 371/672/321 372/673/322 373/674/323
f 373/674/323 372/673/322 374/675/324
f 373/674/323 374/675/324 375/676/124
f 375/676/124 374/675/324 376/677/325
f 375/676/124 376/677/325 377/678/326
f 377/678/326 376/677/325 378/679/327
f 377/678/326 378/679/327 379/680/328
f 379/680/328 378/679/327 380/681/329
f 379/680/328 380/681/329 381/682/330
f 381/682/330 380/681/329 349/650/303
f 381/682/330 349/650/303 348/649/5
f 352/653/306 350/651/304 382/683/331
f 352/653/306 382/683/331 383/684/332
f 376/677/325 374/675/324 384/685/333
f 376/677/325 384/685/333 385/686/334
f 358/659/311 356/657/310 386/687/335
f 358/659/311 386/687/335 387/688/336
f 349/650/303 380/681/329 388/689/337
f 349/650/303 388/689/337 389/690/338
f 364/665/317 362/663/315 390/691/339
f 364/665/317 390/691/339 391/692/340
f 372/673/322 370/671/320 392/693/341
f 372/673/322 392/693/341 393/694/342
f 354/655/308 352/653/306 383/684/332
f 354/655/308 383/684/332 394/695/343
f 378/679/327 376/677/325 385/686/334
f 378/679/327 385/686/334 395/696/344
f 360/661/313 358/659/311 387/688/336
f 360/661/313 387/688/336 396/697/345
f 368/669/318 367/668/317 397/698/346
f 368/669/318 397/698/346 398/699/347
f 350/651/304 349/650/303 389/690/338
f 350/651/304 389/690/338 382/683/331
f 374/675/324 372/673/322 393/694/342
f 374/675/324 393/694/342 384/685/333
f 356/657/310 354/655/308 394/695/343
f 356/657/310 394/695/343 386/687/335
f 380/681/329 378/679/327 395/696/344
f 380/681/329 395/696/344 388/689/337
f 362/663/315 360/661/313 396/697/345
f 362/663/315 396/697/345 390/691/339
f 370/671/320 368/669/318 398/699/347
f 370/671/320 398/699/347 392/693/341
s 390
f 399/700/348 400/701/349 401/702/2
f 399/700/348 401/702/2 402/703/2
f 403/704/350 404/705/351 405/706/2
f 403/704/350 405/706/2 406/707/2
f 407/708/352 408/709/341 409/710/2
f 407/708/352 409/710/2 410/711/2
f 411/712/353 412/713/340 413/714/2
f 411/712/353 413/714/2 414/715/2
f 415/716/354 416/717/355 417/718/2
f 415/716/354 417/718/2 418/719/2
f 419/720/356 420/721/357 421/722/2
f 419/720/356 421/722/2 422/723/2
f 423/724/358 424/725/359 425/726/2
f 423/724/358 425/726/2 426/727/2
f 427/728/360 399/700/348 402/703/2
f 427/728/360 402/703/2 428/729/2
f 429/730/361 403/704/350 406/707/2
f 429/730/361 406/707/2 430/731/2
f 400/701/349 423/724/358 426/727/2
f 400/701/349 426/727/2 401/702/2
f 404/705/351 407/708/352 410/711/2
f 404/705/351 410/711/2 405/706/2
f 408/709/341 411/712/353 414/715/2
f 408/709/341 414/715/2 409/710/2
f 412/713/340 415/716/354 418/719/2
f 412/713/340 418/719/2 413/714/2
f 416/717/355 419/720/356 422/723/2
f 416/717/355 422/723/2 417/718/2
f 420/721/357 427/728/360 428/729/2
f 420/721/357 428/729/2 421/722/2
f 424/725/359 429/730/361 430/731/2
f 424/725/359 430/731/2 425/726/2
s 391
f 431/732/309 432/733/307 433/734/307
f 431/732/309 433/734/307 434/735/309
f 435/736/328 436/737/326 437/738/326
f 435/736/328 437/738/326 438/739/328
f 439/740/305 440/741/5 441/742/5
f 439/740/305 441/742/5 442/743/305
f 443/744/124 444/745/323 445/746/323
f 443/744/124 445/746/323 446/747/124
f 447/748/362 448/749/319 449/750/319
f 447/748/362 449/750/319 450/751/362
f 451/752/22 452/753/316 453/754/316
f 451/752/22 453/754/316 454/755/22
f 455/756/314 456/757/312 457/758/312
f 455/756/314 457/758/312 458/759/314
f 459/760/63 431/732/309 434/735/309
f 459/760/63 434/735/309 460/761/63
f 461/762/330 435/736/328 438/739/328
f 461/762/330 438/739/328 462/763/330
f 432/733/307 439/740/305 442/743/305
f 432/733/307 442/743/305 433/734/307
f 436/737/326 443/744/124 446/747/124
f 436/737/326 446/747/124 437/738/326
f 444/745/323 447/748/362 450/751/362
f 444/745/323 450/751/362 445/746/323
f 448/749/319 463/764/22 464/765/22
f 448/749/319 464/765/22 449/750/319
f 452/753/316 455/756/314 458/759/314
f 452/753/316 458/759/314 453/754/316
f 456/757/312 459/760/63 460/761/63
f 456/757/312 460/761/63 457/758/312
f 440/741/5 461/762/330 462/763/330
f 440/741/5 462/763/330 441/742/5
s 392
f 465/766/1 466/767/1 467/768/363
f 465/766/1 467/768/363 468/769/364
f 469/770/1 470/771/1 471/772/365
f 469/770/1 471/772/365 472/773/366
f 473/774/1 474/775/1 475/776/367
f 473/774/1 475/776/367 476/777/368
f 477/778/1 478/779/1 479/780/369
f 477/778/1 479/780/369 480/781/370
f 481/782/1 482/783/1 483/784/371
f 481/782/1 483/784/371 484/785/372
f 485/786/1 486/787/1 487/788/373
f 485/786/1 487/788/373 488/789/374
f 489/790/1 490/791/1 491/792/375
f 489/790/1 491/792/375 492/793/376
f 493/794/1 465/766/1 468/769/364
f 493/794/1 468/769/364 494/795/377
f 495/796/1 469/770/1 472/773/366
f 495/796/1 472/773/366 496/797/378
f 466/767/1 473/774/1 476/777/368
f 466/767/1 476/777/368 467/768/363
f 470/771/1 477/778/1 480/781/370
f 470/771/1 480/781/370 471/772/365
f 474/775/1 495/796/1 496/797/378
f 474/775/1 496/797/378 475/776/367
f 478/779/1 481/782/1 484/785/372
f 478/779/1 484/785/372 479/780/369
f 482/783/1 485/786/1 488/789/374
f 482/783/1 488/789/374 483/784/371
f 486/787/1 489/790/1 492/793/376
f 486/787/1 492/793/376 487/788/373
f 490/791/1 493/794/1 494/795/377
f 490/791/1 494/795/377 491/792/375
s 393
f 497/798/379 498/799/380 499/800/381
f 497/798/379 499/800/381 500/801/382
f 501/802/383 502/803/384 503/804/385
f 501/802/383 503/804/385 504/805/386
f 505/806/387 506/807/388 507/808/389
f 505/806/387 507/808/389 508/809/390
f 509/810/391 510/811/392 511/812/393
f 509/810/391 511/812/393 512/813/394
f 513/814/395 501/802/383 504/805/386
f 513/814/395 504/805/386 514/815/396
f 515/816/397 516/817/398 517/818/399
f 515/816/397 517/818/399 518/819/400
f 519/820/401 520/821/402 521/822/403
f 519/820/401 521/822/403 522/823/404
f 523/824/405 524/825/406 525/826/407
f 523/824/405 525/826/407 526/827/408
f 527/828/409 497/798/379 500/801/382
f 527/828/409 500/801/382 528/829/410
f 498/799/380 505/806/387 508/809/390
f 498/799/380 508/809/390 499/800/381
f 502/803/384 509/810/391 512/813/394
f 502/803/384 512/813/394 503/804/385
f 506/807/388 513/814/395 514/815/396
f 506/807/388 514/815/396 507/808/389
f 510/811/392 515/816/397 518/819/400
f 510/811/392 518/819/400 511/812/393
f 516/817/398 519/820/401 522/823/404
f 516/817/398 522/823/404 517/818/399
f 520/821/402 529/830/405 530/831/411
f 520/821/402 530/831/411 521/822/403
f 524/825/406 527/828/409 528/829/410
f 524/825/406 528/829/410 525/826/407
f 528/829/410 500/801/382 531/832/312
f 528/829/410 531/832/312 532/833/314
f 499/800/381 508/809/390 533/834/309
f 499/800/381 533/834/309 534/835/63
f 503/804/385 512/813/394 535/836/328
f 503/804/385 535/836/328 536/837/330
f 507/808/389 514/815/396 537/838/305
f 507/808/389 537/838/305 538/839/307
f 511/812/393 518/819/400 539/840/124
f 511/812/393 539/840/124 540/841/326
f 517/818/399 522/823/404 541/842/362
f 517/818/399 541/842/362 542/843/323
f 521/822/403 530/831/411 543/844/22
f 521/822/403 543/844/22 544/845/319
f 525/826/407 528/829/410 532/833/314
f 525/826/407 532/833/314 545/846/316
f 500/801/382 499/800/381 534/835/63
f 500/801/382 534/835/63 531/832/312
f 504/805/386 503/804/385 536/837/330
f 504/805/386 536/837/330 546/847/5
f 508/809/390 507/808/389 538/839/307
f 508/809/390 538/839/307 533/834/309
f 512/813/394 511/812/393 540/841/326
f 512/813/394 540/841/326 535/836/328
f 514/815/396 504/805/386 546/847/5
f 514/815/396 546/847/5 537/838/305
f 518/819/400 517/818/399 542/843/323
f 518/819/400 542/843/323 539/840/124
f 522/823/404 521/822/403 544/845/319
f 522/823/404 544/845/319 541/842/362
f 526/827/408 525/826/407 545/846/316
f 526/827/408 545/846/316 547/848/22
s 0
f 548/849/1 549/850/1 550/851/1
f 548/849/1 550/851/1 551/852/1
f 552/853/1 553/854/1 554/855/1
f 552/853/1 554/855/1 555/856/1
f 556/857/1 557/858/1 558/859/1
f 556/857/1 558/859/1 559/860/1
f 560/861/1 561/862/1 562/863/1
f 560/861/1 562/863/1 563/864/1
f 564/865/1 565/866/1 566/867/1
f 564/865/1 566/867/1 567/868/1
f 568/869/1 556/857/1 559/860/1
f 568/869/1 559/860/1 569/870/1
f 570/871/1 571/872/1 572/873/1
f 570/871/1 572/873/1 573/874/1
f 574/875/1 575/876/1 576/877/1
f 574/875/1 576/877/1 577/878/1
f 578/879/1 548/849/1 551/852/1
f 578/879/1 551/852/1 579/880/1
f 549/850/1 552/853/1 555/856/1
f 549/850/1 555/856/1 550/851/1
f 553/854/1 560/861/1 563/864/1
f 553/854/1 563/864/1 554/855/1
f 557/858/1 564/865/1 567/868/1
f 557/858/1 567/868/1 558/859/1
f 561/862/1 568/869/1 569/870/1
f 561/862/1 569/870/1 562/863/1
f 565/866/1 570/871/1 573/874/1
f 565/866/1 573/874/1 566/867/1
f 571/872/1 574/875/1 577/878/1
f 571/872/1 577/878/1 572/873/1
f 575/876/1 578/879/1 579/880/1
f 575/876/1 579/880/1 576/877/1
s 426
f 580/881/5 581/882/412 582/883/412
f 580/881/5 582/883/412 583/884/5
f 584/885/328 585/886/413 586/887/413
f 584/885/328 586/887/413 587/888/328
f 588/889/124 589/890/323 590/891/323
f 588/889/124 590/891/323 591/892/124
f 592/893/316 593/894/314 594/895/314
f 592/893/316 594/895/314 595/896/316
f 596/897/362 597/898/319 598/899/319
f 596/897/362 598/899/319 599/900/362
f 600/901/312 601/902/63 602/903/63
f 600/901/312 602/903/63 603/904/312
f 604/905/309 605/906/307 606/907/307
f 604/905/309 606/907/307 607/908/309
f 608/909/305 580/881/5 583/884/5
f 608/909/305 583/884/5 609/910/305
f 581/882/412 584/885/328 587/888/328
f 581/882/412 587/888/328 582/883/412
f 585/886/413 588/889/124 591/892/124
f 585/886/413 591/892/124 586/887/413
f 610/911/22 592/893/316 595/896/316
f 610/911/22 595/896/316 611/912/22
f 589/890/323 596/897/362 599/900/362
f 589/890/323 599/900/362 590/891/323
f 593/894/314 600/901/312 603/904/312
f 593/894/314 603/904/312 594/895/314
f 597/898/319 612/913/22 613/914/22
f 597/898/319 613/914/22 598/899/319
f 601/902/63 604/905/309 607/908/309
f 601/902/63 607/908/309 602/903/63
f 605/906/307 608/909/305 609/910/305
f 605/906/307 609/910/305 606/907/307
s 0
f 614/915/1 615/916/1 616/917/1
f 614/915/1 616/917/1 617/918/1
f 618/919/1 619/920/1 620/921/1
f 618/919/1 620/921/1 621/922/1
f 622/923/1 623/924/1 624/925/1
f 622/923/1 624/925/1 625/926/1
f 626/927/1 627/928/1 628/929/1
f 626/927/1 628/929/1 629/930/1
f 630/931/1 631/932/1 632/933/1
f 630/931/1 632/933/1 633/934/1
f 634/935/1 630/931/1 633/934/1
f 634/935/1 633/934/1 635/936/1
f 636/937/1 637/938/1 638/939/1
f 636/937/1 638/939/1 639/940/1
f 640/941/1 614/915/1 617/918/1
f 640/941/1 617/918/1 641/942/1
f 631/932/1 618/919/1 621/922/1
f 631/932/1 621/922/1 632/933/1
f 642/943/1 622/923/1 625/926/1
f 642/943/1 625/926/1 643/944/1
f 644/945/1 626/927/1 629/930/1
f 644/945/1 629/930/1 645/946/1
f 615/916/1 634/935/1 635/936/1
f 615/916/1 635/936/1 616/917/1
f 619/920/1 636/937/1 639/940/1
f 619/920/1 639/940/1 620/921/1
f 623/924/1 640/941/1 641/942/1
f 623/924/1 641/942/1 624/925/1
f 627/928/1 642/943/1 643/944/1
f 627/928/1 643/944/1 628/929/1
f 637/938/1 644/945/1 645/946/1
f 637/938/1 645/946/1 638/939/1
s 459
f 663/947/362 664/948/323 665/949/323
f 663/947/362 665/949/323 666/950/362
f 667/951/5 668/952/305 669/953/305
f 667/951/5 669/953/305 670/954/5
f 671/955/124 672/956/326 673/957/326
f 671/955/124 673/957/326 674/958/124
f 675/959/307 676/960/309 677/961/309
f 675/959/307 677/961/309 678/962/307
f 679/963/328 680/964/330 681/965/330
f 679/963/328 681/965/330 682/966/328
f 683/967/63 684/968/312 685/969/312
f 683/967/63 685/969/312 686/970/63
f 687/971/314 688/972/316 689/973/316
f 687/971/314 689/973/316 690/974/314
f 691/975/414 692/976/319 693/977/319
f 691/975/414 693/977/319 694/978/22
f 692/976/319 663/947/362 666/950/362
f 692/976/319 666/950/362 693/977/319
f 664/948/323 671/955/124 674/958/124
f 664/948/323 674/958/124 665/949/323
f 668/952/305 675/959/307 678/962/307
f 668/952/305 678/962/307 669/953/305
f 672/956/326 679/963/328 682/966/328
f 672/956/326 682/966/328 673/957/326
f 676/960/309 683/967/63 686/970/63
f 676/960/309 686/970/63 677/961/309
f 680/964/330 667/951/5 670/954/5
f 680/964/330 670/954/5 681/965/330
f 684/968/312 687/971/314 690/974/314
f 684/968/312 690/974/314 685/969/312
f 688/972/316 695/979/22 696/980/22
f 688/972/316 696/980/22 689/973/316
s 460
f 697/981/362 698/982/323 699/983/323
f 697/981/362 699/983/323 700/984/362
f 701/985/5 702/986/305 703/987/305
f 701/985/5 703/987/305 704/988/5
f 705/989/124 706/990/326 707/991/326
f 705/989/124 707/991/326 708/992/124
f 709/993/307 710/994/309 711/995/309
f 709/993/307 711/995/309 712/996/307
f 713/997/328 714/998/330 715/999/330
f 713/997/328 715/999/330 716/1000/328
f 717/1001/63 718/1002/312 719/1003/312
f 717/1001/63 719/1003/312 720/1004/63
f 721/1005/314 722/1006/316 723/1007/316
f 721/1005/314 723/1007/316 724/1008/314
f 725/1009/415 726/1010/319 727/1011/319
f 725/1009/415 727/1011/319 728/1012/415
f 726/1010/319 697/981/362 700/984/362
f 726/1010/319 700/984/362 727/1011/319
f 698/982/323 705/989/124 708/992/124
f 698/982/323 708/992/124 699/983/323
f 702/986/305 709/993/307 712/996/307
f 702/986/305 712/996/307 703/987/305
f 706/990/326 713/997/328 716/1000/328
f 706/990/326 716/1000/328 707/991/326
f 710/994/309 717/1001/63 720/1004/63
f 710/994/309 720/1004/63 711/995/309
f 714/998/330 701/985/5 704/988/5
f 714/998/330 704/988/5 715/999/330
f 718/1002/312 721/1005/314 724/1008/314
f 718/1002/312 724/1008/314 719/1003/312
f 722/1006/316 729/1013/416 730/1014/416
f 722/1006/316 730/1014/416 723/1007/316
s 0
f 731/1015/1 732/1016/1 733/1017/1
f 731/1015/1 733/1017/1 734/1018/1
f 735/1019/1 736/1020/1 737/1021/1
f 735/1019/1 737/1021/1 738/1022/1
f 739/1023/1 740/1024/1 741/1025/1
f 739/1023/1 741/1025/1 742/1026/1
f 743/1027/1 744/1028/1 745/1029/1
f 743/1027/1 745/1029/1 746/1030/1
f 747/1031/1 748/1032/1 749/1033/1
f 747/1031/1 749/1033/1 750/1034/1
f 740/1024/1 751/1035/1 752/1036/1
f 740/1024/1 752/1036/1 741/1025/1
f 753/1037/1 754/1038/1 755/1039/1
f 753/1037/1 755/1039/1 756/1040/1
f 757/1041/1 758/1042/1 759/1043/1
f 757/1041/1 759/1043/1 760/1044/1
f 732/1016/1 761/1045/1 762/1046/1
f 732/1016/1 762/1046/1 733/1017/1
f 736/1020/1 731/1015/1 734/1018/1
f 736/1020/1 734/1018/1 737/1021/1
f 744/1028/1 735/1019/1 738/1022/1
f 744/1028/1 738/1022/1 745/1029/1
f 748/1032/1 739/1023/1 742/1026/1
f 748/1032/1 742/1026/1 749/1033/1
f 751/1035/1 743/1027/1 746/1030/1
f 751/1035/1 746/1030/1 752/1036/1
f 754/1038/1 747/1031/1 750/1034/1
f 754/1038/1 750/1034/1 755/1039/1
f 758/1042/1 753/1037/1 756/1040/1
f 758/1042/1 756/1040/1 759/1043/1
f 761/1045/1 757/1041/1 760/1044/1
f 761/1045/1 760/1044/1 762/1046/1
s 493
f 763/1047/416 764/1048/316 765/1049/316
f 763/1047/416 765/1049/316 766/1050/416
f 767/1051/362 768/1052/319 769/1053/319
f 767/1051/362 769/1053/319 770/1054/362
f 771/1055/124 772/1056/323 773/1057/323
f 771/1055/124 773/1057/323 774/1058/124
f 775/1059/305 776/1060/5 777/1061/5
f 775/1059/305 777/1061/5 778/1062/305
f 779/1063/328 780/1064/326 781/1065/326
f 779/1063/328 781/1065/326 782/1066/328
f 783/1067/309 784/1068/307 785/1069/307
f 783/1067/309 785/1069/307 786/1070/309
f 776/1060/5 787/1071/330 788/1072/330
f 776/1060/5 788/1072/330 777/1061/5
f 789/1073/312 790/1074/63 791/1075/63
f 789/1073/312 791/1075/63 792/1076/312
f 764/1048/316 793/1077/314 794/1078/314
f 764/1048/316 794/1078/314 765/1049/316
f 768/1052/319 795/1079/22 796/1080/22
f 768/1052/319 796/1080/22 769/1053/319
f 772/1056/323 767/1051/362 770/1054/362
f 772/1056/323 770/1054/362 773/1057/323
f 780/1064/326 771/1055/124 774/1058/124
f 780/1064/326 774/1058/124 781/1065/326
f 784/1068/307 775/1059/305 778/1062/305
f 784/1068/307 778/1062/305 785/1069/307
f 787/1071/330 779/1063/328 782/1066/328
f 787/1071/330 782/1066/328 788/1072/330
f 790/1074/63 783/1067/309 786/1070/309
f 790/1074/63 786/1070/309 791/1075/63
f 793/1077/314 789/1073/312 792/1076/312
f 793/1077/314 792/1076/312 794/1078/314
s 0
f 797/1081/2 798/1082/2 799/1083/2
f 797/1081/2 799/1083/2 800/1084/2
f 801/1085/2 802/1086/2 803/1087/2
f 801/1085/2 803/1087/2 804/1088/2
f 805/1089/2 806/1090/2 807/1091/2
f 805/1089/2 807/1091/2 808/1092/2
f 809/1093/2 810/1094/2 811/1095/2
f 809/1093/2 811/1095/2 812/1096/2
f 813/1097/2 814/1098/2 815/1099/2
f 813/1097/2 815/1099/2 816/1100/2
f 817/1101/2 818/1102/2 819/1103/2
f 817/1101/2 819/1103/2 820/1104/2
f 821/1105/2 822/1106/2 823/1107/2
f 821/1105/2 823/1107/2 824/1108/2
f 798/1082/2 825/1109/2 826/1110/2
f 798/1082/2 826/1110/2 799/1083/2
f 802/1086/2 797/1081/2 800/1084/2
f 802/1086/2 800/1084/2 803/1087/2
f 806/1090/2 801/1085/2 804/1088/2
f 806/1090/2 804/1088/2 807/1091/2
f 810/1094/2 805/1089/2 808/1092/2
f 810/1094/2 808/1092/2 811/1095/2
f 814/1098/2 827/1111/2 828/1112/2
f 814/1098/2 828/1112/2 815/1099/2
f 818/1102/2 809/1093/2 812/1096/2
f 818/1102/2 812/1096/2 819/1103/2
f 822/1106/2 813/1097/2 816/1100/2
f 822/1106/2 816/1100/2 823/1107/2
f 827/1111/2 817/1101/2 820/1104/2
f 827/1111/2 820/1104/2 828/1112/2
f 825/1109/2 821/1105/2 824/1108/2
f 825/1109/2 824/1108/2 826/1110/2
s 526
f 829/1113/314 830/1114/312 831/1115/312
f 829/1113/314 831/1115/312 832/1116/314
f 833/1117/416 834/1118/316 835/1119/316
f 833/1117/416 835/1119/316 836/1120/416
f 837/1121/362 838/1122/319 839/1123/319
f 837/1121/362 839/1123/319 840/1124/362
f 841/1125/124 842/1126/323 843/1127/323
f 841/1125/124 843/1127/323 844/1128/124
f 845/1129/305 846/1130/5 847/1131/5
f 845/1129/305 847/1131/5 848/1132/305
f 849/1133/328 850/1134/326 851/1135/326
f 849/1133/328 851/1135/326 852/1136/328
f 853/1137/309 854/1138/307 855/1139/307
f 853/1137/309 855/1139/307 856/1140/309
f 846/1130/5 857/1141/330 858/1142/330
f 846/1130/5 858/1142/330 847/1131/5
f 830/1114/312 859/1143/63 860/1144/63
f 830/1114/312 860/1144/63 831/1115/312
f 834/1118/316 829/1113/314 832/1116/314
f 834/1118/316 832/1116/314 835/1119/316
f 838/1122/319 861/1145/22 862/1146/22
f 838/1122/319 862/1146/22 839/1123/319
f 842/1126/323 837/1121/362 840/1124/362
f 842/1126/323 840/1124/362 843/1127/323
f 850/1134/326 841/1125/124 844/1128/124
f 850/1134/326 844/1128/124 851/1135/326
f 854/1138/307 845/1129/305 848/1132/305
f 854/1138/307 848/1132/305 855/1139/307
f 857/1141/330 849/1133/328 852/1136/328
f 857/1141/330 852/1136/328 858/1142/330
f 859/1143/63 853/1137/309 856/1140/309
f 859/1143/63 856/1140/309 860/1144/63
s 527
f 863/1147/1 864/1148/1 865/1149/417
f 863/1147/1 865/1149/417 866/1150/418
f 867/1151/1 868/1152/1 869/1153/419
f 867/1151/1 869/1153/419 870/1154/420
f 871/1155/1 872/1156/1 873/1157/421
f 871/1155/1 873/1157/421 874/1158/422
f 875/1159/1 876/1160/1 877/1161/423
f 875/1159/1 877/1161/423 878/1162/424
f 879/1163/1 880/1164/1 881/1165/425
f 879/1163/1 881/1165/425 882/1166/426
f 883/1167/1 884/1168/1 885/1169/427
f 883/1167/1 885/1169/427 886/1170/428
f 887/1171/1 888/1172/1 889/1173/429
f 887/1171/1 889/1173/429 890/1174/430
f 864/1148/1 891/1175/1 892/1176/431
f 864/1148/1 892/1176/431 865/1149/417
f 868/1152/1 893/1177/1 894/1178/432
f 868/1152/1 894/1178/432 869/1153/419
f 872/1156/1 867/1151/1 870/1154/420
f 872/1156/1 870/1154/420 873/1157/421
f 876/1160/1 871/1155/1 874/1158/422
f 876/1160/1 874/1158/422 877/1161/423
f 880/1164/1 875/1159/1 878/1162/424
f 880/1164/1 878/1162/424 881/1165/425
f 884/1168/1 879/1163/1 882/1166/426
f 884/1168/1 882/1166/426 885/1169/427
f 888/1172/1 863/1147/1 866/1150/418
f 888/1172/1 866/1150/418 889/1173/429
f 891/1175/1 883/1167/1 886/1170/428
f 891/1175/1 886/1170/428 892/1176/431
f 893/1177/1 887/1171/1 890/1174/430
f 893/1177/1 890/1174/430 894/1178/432
s 528
f 895/1179/417 896/1180/431 897/1181/433
f 895/1179/417 897/1181/433 898/1182/434
f 899/1183/419 900/1184/435 901/1185/436
f 899/1183/419 901/1185/436 902/1186/437
f 903/1187/421 904/1188/420 905/1189/438
f 903/1187/421 905/1189/438 906/1190/439
f 907/1191/423 908/1192/422 909/1193/440
f 907/1191/423 909/1193/440 910/1194/441
f 911/1195/425 912/1196/442 913/1197/443
f 911/1195/425 913/1197/443 914/1198/444
f 915/1199/427 916/1200/445 917/1201/446
f 915/1199/427 917/1201/446 918/1202/447
f 919/1203/429 920/1204/418 921/1205/448
f 919/1203/429 921/1205/448 922/1206/449
f 896/1180/431 923/1207/428 924/1208/450
f 896/1180/431 924/1208/450 897/1181/433
f 900/1184/435 925/1209/430 926/1210/451
f 900/1184/435 926/1210/451 901/1185/436
f 920/1204/418 895/1179/417 898/1182/434
f 920/1204/418 898/1182/434 921/1205/448
f 904/1188/420 899/1183/419 902/1186/437
f 904/1188/420 902/1186/437 905/1189/438
f 908/1192/422 903/1187/421 906/1190/439
f 908/1192/422 906/1190/439 909/1193/440
f 912/1196/442 907/1191/423 910/1194/441
f 912/1196/442 910/1194/441 913/1197/443
f 916/1200/445 911/1195/425 914/1198/444
f 916/1200/445 914/1198/444 917/1201/446
f 923/1207/428 915/1199/427 918/1202/447
f 923/1207/428 918/1202/447 924/1208/450
f 925/1209/430 919/1203/429 922/1206/449
f 925/1209/430 922/1206/449 926/1210/451
f 897/1181/433 924/1208/450 927/1211/452
f 897/1181/433 927/1211/452 928/1212/453
f 901/1185/436 926/1210/451 929/1213/454
f 901/1185/436 929/1213/454 930/1214/455
f 921/1205/448 898/1182/434 931/1215/456
f 921/1205/448 931/1215/456 932/1216/457
f 905/1189/438 902/1186/437 933/1217/458
f 905/1189/438 933/1217/458 934/1218/459
f 909/1193/440 906/1190/439 935/1219/460
f 909/1193/440 935/1219/460 936/1220/461
f 913/1197/443 910/1194/441 937/1221/462
f 913/1197/443 937/1221/462 938/1222/463
f 917/1201/446 914/1198/444 939/1223/464
f 917/1201/446 939/1223/464 940/1224/465
f 924/1208/450 918/1202/447 941/1225/466
f 924/1208/450 941/1225/466 927/1211/452
f 926/1210/451 922/1206/449 942/1226/467
f 926/1210/451 942/1226/467 929/1213/454
f 898/1182/434 897/1181/433 928/1212/453
f 898/1182/434 928/1212/453 931/1215/456
f 902/1186/437 901/1185/436 930/1214/455
f 902/1186/437 930/1214/455 933/1217/458
f 906/1190/439 905/1189/438 934/1218/459
f 906/1190/439 934/1218/459 935/1219/460
f 910/1194/441 909/1193/440 936/1220/461
f 910/1194/441 936/1220/461 937/1221/462
f 914/1198/444 913/1197/443 938/1222/463
f 914/1198/444 938/1222/463 939/1223/464
f 918/1202/447 917/1201/446 940/1224/465
f 918/1202/447 940/1224/465 941/1225/466
f 922/1206/449 921/1205/448 932/1216/457
f 922/1206/449 932/1216/457 942/1226/467
s 529
f 943/1227/452 944/1228/466 945/1229/124
f 943/1227/452 945/1229/124 946/1230/413
f 947/1231/468 948/1232/469 949/1233/305
f 947/1231/468 949/1233/305 950/1234/307
f 951/1235/470 952/1236/471 953/1237/328
f 951/1235/470 953/1237/328 954/1238/330
f 955/1239/458 956/1240/472 957/1241/473
f 955/1239/458 957/1241/473 958/1242/63
f 959/1243/474 960/1244/459 961/1245/312
f 959/1243/474 961/1245/312 962/1246/314
f 963/1247/475 964/1248/476 965/1249/316
f 963/1247/475 965/1249/316 966/1250/416
f 967/1251/464 968/1252/477 969/1253/319
f 967/1251/464 969/1253/319 970/1254/362
f 944/1228/466 971/1255/465 972/1256/323
f 944/1228/466 972/1256/323 945/1229/124
f 948/1232/469 973/1257/457 974/1258/5
f 948/1232/469 974/1258/5 949/1233/305
f 952/1236/471 943/1227/452 946/1230/413
f 952/1236/471 946/1230/413 953/1237/328
f 956/1240/472 947/1231/468 950/1234/307
f 956/1240/472 950/1234/307 957/1241/473
f 973/1257/457 951/1235/470 954/1238/330
f 973/1257/457 954/1238/330 974/1258/5
f 960/1244/459 955/1239/458 958/1242/63
f 960/1244/459 958/1242/63 961/1245/312
f 964/1248/476 959/1243/474 962/1246/314
f 964/1248/476 962/1246/314 965/1249/316
f 968/1252/477 975/1259/462 976/1260/415
f 968/1252/477 976/1260/415 969/1253/319
f 971/1255/465 967/1251/464 970/1254/362
f 971/1255/465 970/1254/362 972/1256/323
s 0
f 977/1261/2 978/1262/2 979/1263/2
f 977/1261/2 979/1263/2 980/1264/2
f 981/1265/2 982/1266/2 983/1267/2
f 981/1265/2 983/1267/2 984/1268/2
f 985/1269/2 986/1270/2 987/1271/2
f 985/1269/2 987/1271/2 988/1272/2
f 989/1273/2 990/1274/2 991/1275/2
f 989/1273/2 991/1275/2 992/1276/2
f 982/1266/2 993/1277/2 994/1278/2
f 982/1266/2 994/1278/2 983/1267/2
f 995/1279/2 996/1280/2 997/1281/2
f 995/1279/2 997/1281/2 998/1282/2
f 999/1283/2 1000/1284/2 1001/1285/2
f 999/1283/2 1001/1285/2 1002/1286/2
f 1003/1287/2 1004/1288/2 1005/1289/2
f 1003/1287/2 1005/1289/2 1006/1290/2
f 978/1262/2 1007/1291/2 1008/1292/2
f 978/1262/2 1008/1292/2 979/1263/2
f 986/1270/2 977/1261/2 980/1264/2
f 986/1270/2 980/1264/2 987/1271/2
f 990/1274/2 981/1265/2 984/1268/2
f 990/1274/2 984/1268/2 991/1275/2
f 993/1277/2 985/1269/2 988/1272/2
f 993/1277/2 988/1272/2 994/1278/2
f 996/1280/2 989/1273/2 992/1276/2
f 996/1280/2 992/1276/2 997/1281/2
f 1000/1284/2 995/1279/2 998/1282/2
f 1000/1284/2 998/1282/2 1001/1285/2
f 1004/1288/2 999/1283/2 1002/1286/2
f 1004/1288/2 1002/1286/2 1005/1289/2
f 1007/1291/2 1003/1287/2 1006/1290/2
f 1007/1291/2 1006/1290/2 1008/1292/2
s 562
f 1009/1293/323 1010/1294/362 1011/1295/362
f 1009/1293/323 1011/1295/362 1012/1296/323
f 1013/1297/326 1014/1298/124 1015/1299/124
f 1013/1297/326 1015/1299/124 1016/1300/326
f 1017/1301/307 1018/1302/305 1019/1303/305
f 1017/1301/307 1019/1303/305 1020/1304/307
f 1021/1305/330 1022/1306/328 1023/1307/328
f 1021/1305/330 1023/1307/328 1024/1308/330
f 1025/1309/63 1026/1310/309 1027/1311/309
f 1025/1309/63 1027/1311/309 1028/1312/63
f 1029/1313/314 1030/1314/312 1031/1315/312
f 1029/1313/314 1031/1315/312 1032/1316/314
f 1033/1317/22 1034/1318/316 1035/1319/316
f 1033/1317/22 1035/1319/316 1036/1320/22
f 1010/1294/362 1037/1321/319 1038/1322/319
f 1010/1294/362 1038/1322/319 1011/1295/362
f 1014/1298/124 1009/1293/323 1012/1296/323
f 1014/1298/124 1012/1296/323 1015/1299/124
f 1018/1302/305 1039/1323/5 1040/1324/5
f 1018/1302/305 1040/1324/5 1019/1303/305
f 1022/1306/328 1013/1297/326 1016/1300/326
f 1022/1306/328 1016/1300/326 1023/1307/328
f 1026/1310/309 1017/1301/307 1020/1304/307
f 1026/1310/309 1020/1304/307 1027/1311/309
f 1039/1323/5 1021/1305/330 1024/1308/330
f 1039/1323/5 1024/1308/330 1040/1324/5
f 1030/1314/312 1025/1309/63 1028/1312/63
f 1030/1314/312 1028/1312/63 1031/1315/312
f 1034/1318/316 1029/1313/314 1032/1316/314
f 1034/1318/316 1032/1316/314 1035/1319/316
f 1037/1321/319 1041/1325/22 1042/1326/22
f 1037/1321/319 1042/1326/22 1038/1322/319
s 563
f 1043/1327/1 1044/1328/1 1045/1329/478
f 1043/1327/1 1045/1329/478 1046/1330/479
f 1047/1331/1 1048/1332/1 1049/1333/480
f 1047/1331/1 1049/1333/480 1050/1334/481
f 1051/1335/1 1052/1336/1 1053/1337/482
f 1051/1335/1 1053/1337/482 1054/1338/483
f 1055/1339/1 1056/1340/1 1057/1341/484
f 1055/1339/1 1057/1341/484 1058/1342/485
f 1059/1343/1 1060/1344/1 1061/1345/486
f 1059/1343/1 1061/1345/486 1062/1346/487
f 1052/1336/1 1063/1347/1 1064/1348/488
f 1052/1336/1 1064/1348/488 1053/1337/482
f 1065/1349/1 1066/1350/1 1067/1351/489
f 1065/1349/1 1067/1351/489 1068/1352/490
f 1069/1353/1 1070/1354/1 1071/1355/491
f 1069/1353/1 1071/1355/491 1072/1356/492
f 1044/1328/1 1073/1357/1 1074/1358/493
f 1044/1328/1 1074/1358/493 1045/1329/478
f 1048/1332/1 1043/1327/1 1046/1330/479
f 1048/1332/1 1046/1330/479 1049/1333/480
f 1056/1340/1 1047/1331/1 1050/1334/481
f 1056/1340/1 1050/1334/481 1057/1341/484
f 1060/1344/1 1051/1335/1 1054/1338/483
f 1060/1344/1 1054/1338/483 1061/1345/486
f 1063/1347/1 1055/1339/1 1058/1342/485
f 1063/1347/1 1058/1342/485 1064/1348/488
f 1066/1350/1 1059/1343/1 1062/1346/487
f 1066/1350/1 1062/1346/487 1067/1351/489
f 1070/1354/1 1065/1349/1 1068/1352/490
f 1070/1354/1 1068/1352/490 1071/1355/491
f 1073/1357/1 1069/1353/1 1072/1356/492
f 1073/1357/1 1072/1356/492 1074/1358/493
f 1045/1329/478 1074/1358/493 1075/1359/494
f 1045/1329/478 1075/1359/494 1076/1360/495
f 1049/1333/480 1046/1330/479 1077/1361/496
f 1049/1333/480 1077/1361/496 1078/1362/497
f 1057/1341/484 1050/1334/481 1079/1363/498
f 1057/1341/484 1079/1363/498 1080/1364/499
f 1061/1345/486 1054/1338/483 1081/1365/500
f 1061/1345/486 1081/1365/500 1082/1366/501
f 1064/1348/488 1058/1342/485 1083/1367/502
f 1064/1348/488 1083/1367/502 1084/1368/503
f 1067/1351/489 1062/1346/487 1085/1369/504
f 1067/1351/489 1085/1369/504 1086/1370/505
f 1071/1355/491 1068/1352/490 1087/1371/506
f 1071/1355/491 1087/1371/506 1088/1372/507
f 1074/1358/493 1072/1356/492 1089/1373/508
f 1074/1358/493 1089/1373/508 1075/1359/494
f 1046/1330/479 1045/1329/478 1076/1360/495
f 1046/1330/479 1076/1360/495 1077/1361/496
f 1050/1334/481 1049/1333/480 1078/1362/497
f 1050/1334/481 1078/1362/497 1079/1363/498
f 1054/1338/483 1053/1337/482 1090/1374/509
f 1054/1338/483 1090/1374/509 1081/1365/500
f 1058/1342/485 1057/1341/484 1080/1364/499
f 1058/1342/485 1080/1364/499 1083/1367/502
f 1062/1346/487 1061/1345/486 1082/1366/501
f 1062/1346/487 1082/1366/501 1085/1369/504
f 1053/1337/482 1064/1348/488 1084/1368/503
f 1053/1337/482 1084/1368/503 1090/1374/509
f 1068/1352/490 1067/1351/489 1086/1370/505
f 1068/1352/490 1086/1370/505 1087/1371/506
f 1072/1356/492 1071/1355/491 1088/1372/507
f 1072/1356/492 1088/1372/507 1089/1373/508
s 564
f 1091/1375/494 1092/1376/510 1093/1377/511
f 1091/1375/494 1093/1377/511 1094/1378/22
f 1095/1379/512 1096/1380/513 1097/1381/319
f 1095/1379/512 1097/1381/319 1098/1382/514
f 1099/1383/498 1100/1384/497 1101/1385/515
f 1099/1383/498 1101/1385/515 1102/1386/516
f 1103/1387/517 1104/1388/509 1105/1389/518
f 1103/1387/517 1105/1389/518 1106/1390/519
f 1107/1391/520 1108/1392/499 1109/1393/413
f 1107/1391/520 1109/1393/413 1110/1394/521
f 1111/1395/504 1112/1396/522 1113/1397/307
f 1111/1395/504 1113/1397/307 1114/1398/473
f 1104/1388/509 1115/1399/503 1116/1400/330
f 1104/1388/509 1116/1400/330 1105/1389/518
f 1117/1401/523 1118/1402/505 1119/1403/524
f 1117/1401/523 1119/1403/524 1120/1404/312
f 1092/1376/510 1121/1405/525 1122/1406/314
f 1092/1376/510 1122/1406/314 1093/1377/511
f 1096/1380/513 1123/1407/494 1124/1408/22
f 1096/1380/513 1124/1408/22 1097/1381/319
f 1100/1384/497 1095/1379/512 1098/1382/514
f 1100/1384/497 1098/1382/514 1101/1385/515
f 1108/1392/499 1099/1383/498 1102/1386/516
f 1108/1392/499 1102/1386/516 1109/1393/413
f 1112/1396/522 1103/1387/517 1106/1390/519
f 1112/1396/522 1106/1390/519 1113/1397/307
f 1115/1399/503 1107/1391/520 1110/1394/521
f 1115/1399/503 1110/1394/521 1116/1400/330
f 1118/1402/505 1111/1395/504 1114/1398/473
f 1118/1402/505 1114/1398/473 1119/1403/524
f 1121/1405/525 1117/1401/523 1120/1404/312
f 1121/1405/525 1120/1404/312 1122/1406/314
s 565
f 1142/1409/362 1143/1410/323 1144/1411/323
f 1142/1409/362 1144/1411/323 1145/1412/362
f 1146/1413/5 1147/1414/305 1148/1415/305
f 1146/1413/5 1148/1415/305 1149/1416/5
f 1150/1417/124 1151/1418/326 1152/1419/326
f 1150/1417/124 1152/1419/326 1153/1420/124
f 1154/1421/307 1155/1422/309 1156/1423/309
f 1154/1421/307 1156/1423/309 1157/1424/307
f 1158/1425/328 1159/1426/330 1160/1427/330
f 1158/1425/328 1160/1427/330 1161/1428/328
f 1162/1429/63 1163/1430/312 1164/1431/312
f 1162/1429/63 1164/1431/312 1165/1432/63
f 1166/1433/314 1167/1434/316 1168/1435/316
f 1166/1433/314 1168/1435/316 1169/1436/314
f 1170/1437/415 1171/1438/319 1172/1439/319
f 1170/1437/415 1172/1439/319 1173/1440/415
f 1171/1438/319 1142/1409/362 1145/1412/362
f 1171/1438/319 1145/1412/362 1172/1439/319
f 1143/1410/323 1150/1417/124 1153/1420/124
f 1143/1410/323 1153/1420/124 1144/1411/323
f 1147/1414/305 1154/1421/307 1157/1424/307
f 1147/1414/305 1157/1424/307 1148/1415/305
f 1151/1418/326 1158/1425/328 1161/1428/328
f 1151/1418/326 1161/1428/328 1152/1419/326
f 1155/1422/309 1162/1429/63 1165/1432/63
f 1155/1422/309 1165/1432/63 1156/1423/309
f 1159/1426/330 1146/1413/5 1149/1416/5
f 1159/1426/330 1149/1416/5 1160/1427/330
f 1163/1430/312 1166/1433/314 1169/1436/314
f 1163/1430/312 1169/1436/314 1164/1431/312
f 1167/1434/316 1174/1441/416 1175/1442/416
f 1167/1434/316 1175/1442/416 1168/1435/316
s 0
f 1176/1443/1 1177/1444/1 1178/1445/1
f 1176/1443/1 1178/1445/1 1179/1446/1
f 1180/1447/1 1181/1448/1 1182/1449/1
f 1180/1447/1 1182/1449/1 1183/1450/1
f 1184/1451/1 1185/1452/1 1186/1453/1
f 1184/1451/1 1186/1453/1 1187/1454/1
f 1188/1455/1 1189/1456/1 1190/1457/1
f 1188/1455/1 1190/1457/1 1191/1458/1
f 1192/1459/1 1193/1460/1 1194/1461/1
f 1192/1459/1 1194/1461/1 1195/1462/1
f 1196/1463/1 1197/1464/1 1198/1465/1
f 1196/1463/1 1198/1465/1 1199/1466/1
f 1189/1456/1 1200/1467/1 1201/1468/1
f 1189/1456/1 1201/1468/1 1190/1457/1
f 1202/1469/1 1203/1470/1 1204/1471/1
f 1202/1469/1 1204/1471/1 1205/1472/1
f 1177/1444/1 1206/1473/1 1207/1474/1
f 1177/1444/1 1207/1474/1 1178/1445/1
f 1181/1448/1 1176/1443/1 1179/1446/1
f 1181/1448/1 1179/1446/1 1182/1449/1
f 1185/1452/1 1180/1447/1 1183/1450/1
f 1185/1452/1 1183/1450/1 1186/1453/1
f 1193/1460/1 1184/1451/1 1187/1454/1
f 1193/1460/1 1187/1454/1 1194/1461/1
f 1197/1464/1 1188/1455/1 1191/1458/1
f 1197/1464/1 1191/1458/1 1198/1465/1
f 1200/1467/1 1192/1459/1 1195/1462/1
f 1200/1467/1 1195/1462/1 1201/1468/1
f 1203/1470/1 1196/1463/1 1199/1466/1
f 1203/1470/1 1199/1466/1 1204/1471/1
f 1206/1473/1 1202/1469/1 1205/1472/1
f 1206/1473/1 1205/1472/1 1207/1474/1
s 598
f 1208/1475/124 1209/1476/323 1210/1477/323
f 1208/1475/124 1210/1477/323 1211/1478/124
f 1212/1479/305 1213/1480/5 1214/1481/5
f 1212/1479/305 1214/1481/5 1215/1482/305
f 1216/1483/328 1217/1484/326 1218/1485/326
f 1216/1483/328 1218/1485/326 1219/1486/328
f 1220/1487/309 1221/1488/307 1222/1489/307
f 1220/1487/309 1222/1489/307 1223/1490/309
f 1213/1480/5 1224/1491/330 1225/1492/330
f 1213/1480/5 1225/1492/330 1214/1481/5
f 1226/1493/312 1227/1494/63 1228/1495/63
f 1226/1493/312 1228/1495/63 1229/1496/312
f 1230/1497/316 1231/1498/314 1232/1499/314
f 1230/1497/316 1232/1499/314 1233/1500/316
f 1234/1501/319 1235/1502/415 1236/1503/415
f 1234/1501/319 1236/1503/415 1237/1504/319
f 1209/1476/323 1238/1505/362 1239/1506/362
f 1209/1476/323 1239/1506/362 1210/1477/323
f 1217/1484/326 1208/1475/124 1211/1478/124
f 1217/1484/326 1211/1478/124 1218/1485/326
f 1221/1488/307 1212/1479/305 1215/1482/305
f 1221/1488/307 1215/1482/305 1222/1489/307
f 1224/1491/330 1216/1483/328 1219/1486/328
f 1224/1491/330 1219/1486/328 1225/1492/330
f 1227/1494/63 1220/1487/309 1223/1490/309
f 1227/1494/63 1223/1490/309 1228/1495/63
f 1231/1498/314 1226/1493/312 1229/1496/312
f 1231/1498/314 1229/1496/312 1232/1499/314
f 1240/1507/416 1230/1497/316 1233/1500/316
f 1240/1507/416 1233/1500/316 1241/1508/416
f 1238/1505/362 1234/1501/319 1237/1504/319
f 1238/1505/362 1237/1504/319 1239/1506/362
s 0
f 1242/1509/2 1243/1510/2 1244/1511/2
f 1242/1509/2 1244/1511/2 1245/1512/2
f 1246/1513/2 1247/1514/2 1248/1515/2
f 1246/1513/2 1248/1515/2 1249/1516/2
f 1250/1517/2 1251/1518/2 1252/1519/2
f 1250/1517/2 1252/1519/2 1253/1520/2
f 1254/1521/2 1255/1522/2 1256/1523/2
f 1254/1521/2 1256/1523/2 1257/1524/2
f 1258/1525/2 1259/1526/2 1260/1527/2
f 1258/1525/2 1260/1527/2 1261/1528/2
f 1262/1529/2 1263/1530/2 1264/1531/2
f 1262/1529/2 1264/1531/2 1265/1532/2
f 1266/1533/2 1267/1534/2 1268/1535/2
f 1266/1533/2 1268/1535/2 1269/1536/2
f 1243/1510/2 1270/1537/2 1271/1538/2
f 1243/1510/2 1271/1538/2 1244/1511/2
f 1247/1514/2 1242/1509/2 1245/1512/2
f 1247/1514/2 1245/1512/2 1248/1515/2
f 1251/1518/2 1272/1539/2 1273/1540/2
f 1251/1518/2 1273/1540/2 1252/1519/2
f 1255/1522/2 1246/1513/2 1249/1516/2
f 1255/1522/2 1249/1516/2 1256/1523/2
f 1259/1526/2 1250/1517/2 1253/1520/2
f 1259/1526/2 1253/1520/2 1260/1527/2
f 1272/1539/2 1254/1521/2 1257/1524/2
f 1272/1539/2 1257/1524/2 1273/1540/2
f 1263/1530/2 1258/1525/2 1261/1528/2
f 1263/1530/2 1261/1528/2 1264/1531/2
f 1267/1534/2 1262/1529/2 1265/1532/2
f 1267/1534/2 1265/1532/2 1268/1535/2
f 1270/1537/2 1266/1533/2 1269/1536/2
f 1270/1537/2 1269/1536/2 1271/1538/2
s 631
f 1274/1541/362 1275/1542/319 1276/1543/319
f 1274/1541/362 1276/1543/319 1277/1544/362
f 1278/1545/124 1279/1546/323 1280/1547/323
f 1278/1545/124 1280/1547/323 1281/1548/124
f 1282/1549/305 1283/1550/5 1284/1551/5
f 1282/1549/305 1284/1551/5 1285/1552/305
f 1286/1553/328 1287/1554/326 1288/1555/326
f 1286/1553/328 1288/1555/326 1289/1556/328
f 1290/1557/309 1291/1558/307 1292/1559/307
f 1290/1557/309 1292/1559/307 1293/1560/309
f 1283/1550/5 1294/1561/330 1295/1562/330
f 1283/1550/5 1295/1562/330 1284/1551/5
f 1296/1563/312 1297/1564/63 1298/1565/63
f 1296/1563/312 1298/1565/63 1299/1566/312
f 1300/1567/316 1301/1568/314 1302/1569/314
f 1300/1567/316 1302/1569/314 1303/1570/316
f 1275/1542/319 1304/1571/415 1305/1572/415
f 1275/1542/319 1305/1572/415 1276/1543/319
f 1279/1546/323 1274/1541/362 1277/1544/362
f 1279/1546/323 1277/1544/362 1280/1547/323
f 1287/1554/326 1278/1545/124 1281/1548/124
f 1287/1554/326 1281/1548/124 1288/1555/326
f 1291/1558/307 1282/1549/305 1285/1552/305
f 1291/1558/307 1285/1552/305 1292/1559/307
f 1294/1561/330 1286/1553/328 1289/1556/328
f 1294/1561/330 1289/1556/328 1295/1562/330
f 1297/1564/63 1290/1557/309 1293/1560/309
f 1297/1564/63 1293/1560/309 1298/1565/63
f 1301/1568/314 1296/1563/312 1299/1566/312
f 1301/1568/314 1299/1566/312 1302/1569/314
f 1306/1573/416 1300/1567/316 1303/1570/316
f 1306/1573/416 1303/1570/316 1307/1574/416
s 632
f 1308/1575/1 1309/1576/1 1310/1577/526
f 1308/1575/1 1310/1577/526 1311/1578/527
f 1312/1579/1 1313/1580/1 1314/1581/528
f 1312/1579/1 1314/1581/528 1315/1582/529
f 1316/1583/1 1317/1584/1 1318/1585/530
f 1316/1583/1 1318/1585/530 1319/1586/531
f 1320/1587/1 1321/1588/1 1322/1589/532
f 1320/1587/1 1322/1589/532 1323/1590/533
f 1324/1591/1 1325/1592/1 1326/1593/534
f 1324/1591/1 1326/1593/534 1327/1594/535
f 1328/1595/1 1329/1596/1 1330/1597/536
f 1328/1595/1 1330/1597/536 1331/1598/537
f 1332/1599/1 1333/1600/1 1334/1601/538
f 1332/1599/1 1334/1601/538 1335/1602/539
f 1309/1576/1 1336/1603/1 1337/1604/540
f 1309/1576/1 1337/1604/540 1310/1577/526
f 1313/1580/1 1308/1575/1 1311/1578/527
f 1313/1580/1 1311/1578/527 1314/1581/528
f 1317/1584/1 1312/1579/1 1315/1582/529
f 1317/1584/1 1315/1582/529 1318/1585/530
f 1321/1588/1 1338/1605/1 1339/1606/541
f 1321/1588/1 1339/1606/541 1322/1589/532
f 1325/1592/1 1316/1583/1 1319/1586/531
f 1325/1592/1 1319/1586/531 1326/1593/534
f 1329/1596/1 1320/1587/1 1323/1590/533
f 1329/1596/1 1323/1590/533 1330/1597/536
f 1338/1605/1 1324/1591/1 1327/1594/535
f 1338/1605/1 1327/1594/535 1339/1606/541
f 1333/1600/1 1328/1595/1 1331/1598/537
f 1333/1600/1 1331/1598/537 1334/1601/538
f 1336/1603/1 1332/1599/1 1335/1602/539
f 1336/1603/1 1335/1602/539 1337/1604/540
f 1319/1586/531 1318/1585/530 1340/1607/542
f 1319/1586/531 1340/1607/542 1341/1608/543
f 1323/1590/533 1322/1589/532 1342/1609/544
f 1323/1590/533 1342/1609/544 1343/1610/545
f 1327/1594/535 1326/1593/534 1344/1611/546
f 1327/1594/535 1344/1611/546 1345/1612/547
f 1331/1598/537 1330/1597/536 1346/1613/548
f 1331/1598/537 1346/1613/548 1347/1614/549
f 1335/1602/539 1334/1601/538 1348/1615/550
f 1335/1602/539 1348/1615/550 1349/1616/551
f 1310/1577/526 1337/1604/540 1350/1617/552
f 1310/1577/526 1350/1617/552 1351/1618/553
f 1314/1581/528 1311/1578/527 1352/1619/554
f 1314/1581/528 1352/1619/554 1353/1620/555
f 1318/1585/530 1315/1582/529 1354/1621/556
f 1318/1585/530 1354/1621/556 1340/1607/542
f 1322/1589/532 1339/1606/541 1355/1622/557
f 1322/1589/532 1355/1622/557 1342/1609/544
f 1326/1593/534 1319/1586/531 1341/1608/543
f 1326/1593/534 1341/1608/543 1344/1611/546
f 1330/1597/536 1323/1590/533 1343/1610/545
f 1330/1597/536 1343/1610/545 1346/1613/548
f 1339/1606/541 1327/1594/535 1345/1612/547
f 1339/1606/541 1345/1612/547 1355/1622/557
f 1334/1601/538 1331/1598/537 1347/1614/549
f 1334/1601/538 1347/1614/549 1348/1615/550
f 1337/1604/540 1335/1602/539 1349/1616/551
f 1337/1604/540 1349/1616/551 1350/1617/552
f 1311/1578/527 1310/1577/526 1351/1618/553
f 1311/1578/527 1351/1618/553 1352/1619/554
f 1315/1582/529 1314/1581/528 1353/1620/555
f 1315/1582/529 1353/1620/555 1354/1621/556
f 1340/1607/542 1354/1621/556 1356/1623/558
f 1340/1607/542 1356/1623/558 1357/1624/559
f 1342/1609/544 1355/1622/557 1358/1625/560
f 1342/1609/544 1358/1625/560 1359/1626/561
f 1344/1611/546 1341/1608/543 1360/1627/562
f 1344/1611/546 1360/1627/562 1361/1628/563
f 1346/1613/548 1343/1610/545 1362/1629/564
f 1346/1613/548 1362/1629/564 1363/1630/565
f 1355/1622/557 1345/1612/547 1364/1631/566
f 1355/1622/557 1364/1631/566 1358/1625/560
f 1348/1615/550 1347/1614/549 1365/1632/567
f 1348/1615/550 1365/1632/567 1366/1633/568
f 1350/1617/552 1349/1616/551 1367/1634/569
f 1350/1617/552 1367/1634/569 1368/1635/570
f 1352/1619/554 1351/1618/553 1369/1636/571
f 1352/1619/554 1369/1636/571 1370/1637/572
f 1354/1621/556 1353/1620/555 1371/1638/573
f 1354/1621/556 1371/1638/573 1356/1623/558
f 1341/1608/543 1340/1607/542 1357/1624/559
f 1341/1608/543 1357/1624/559 1360/1627/562
f 1343/1610/545 1342/1609/544 1359/1626/561
f 1343/1610/545 1359/1626/561 1362/1629/564
f 1345/1612/547 1344/1611/546 1361/1628/563
f 1345/1612/547 1361/1628/563 1364/1631/566
f 1347/1614/549 1346/1613/548 1363/1630/565
f 1347/1614/549 1363/1630/565 1365/1632/567
f 1349/1616/551 1348/1615/550 1366/1633/568
f 1349/1616/551 1366/1633/568 1367/1634/569
f 1351/1618/553 1350/1617/552 1368/1635/570
f 1351/1618/553 1368/1635/570 1369/1636/571
f 1353/1620/555 1352/1619/554 1370/1637/572
f 1353/1620/555 1370/1637/572 1371/1638/573
s 633
f 1372/1639/558 1373/1640/573 1374/1641/362
f 1372/1639/558 1374/1641/362 1375/1642/323
f 1376/1643/574 1377/1644/559 1378/1645/124
f 1376/1643/574 1378/1645/124 1379/1646/326
f 1380/1647/564 1381/1648/561 1382/1649/305
f 1380/1647/564 1382/1649/305 1383/1650/307
f 1384/1651/566 1385/1652/563 1386/1653/575
f 1384/1651/566 1386/1653/575 1387/1654/330
f 1388/1655/576 1389/1656/577 1390/1657/309
f 1388/1655/576 1390/1657/309 1391/1658/63
f 1392/1659/569 1393/1660/578 1394/1661/312
f 1392/1659/569 1394/1661/312 1395/1662/579
f 1396/1663/571 1397/1664/580 1398/1665/316
f 1396/1663/571 1398/1665/316 1399/1666/22
f 1373/1640/573 1400/1667/572 1401/1668/319
f 1373/1640/573 1401/1668/319 1374/1641/362
f 1377/1644/559 1372/1639/558 1375/1642/323
f 1377/1644/559 1375/1642/323 1378/1645/124
f 1381/1648/561 1402/1669/581 1403/1670/5
f 1381/1648/561 1403/1670/5 1382/1649/305
f 1385/1652/563 1376/1643/574 1379/1646/326
f 1385/1652/563 1379/1646/326 1386/1653/575
f 1389/1656/577 1380/1647/564 1383/1650/307
f 1389/1656/577 1383/1650/307 1390/1657/309
f 1402/1669/581 1384/1651/566 1387/1654/330
f 1402/1669/581 1387/1654/330 1403/1670/5
f 1393/1660/578 1388/1655/576 1391/1658/63
f 1393/1660/578 1391/1658/63 1394/1661/312
f 1397/1664/580 1392/1659/569 1395/1662/579
f 1397/1664/580 1395/1662/579 1398/1665/316
f 1400/1667/572 1404/1671/571 1405/1672/22
f 1400/1667/572 1405/1672/22 1401/1668/319
s 0
f 1406/1673/2 1407/1674/2 1408/1675/2
f 1406/1673/2 1408/1675/2 1409/1676/2
f 1410/1677/2 1411/1678/2 1412/1679/2
f 1410/1677/2 1412/1679/2 1413/1680/2
f 1414/1681/2 1415/1682/2 1416/1683/2
f 1414/1681/2 1416/1683/2 1417/1684/2
f 1418/1685/2 1419/1686/2 1420/1687/2
f 1418/1685/2 1420/1687/2 1421/1688/2
f 1422/1689/2 1423/1690/2 1424/1691/2
f 1422/1689/2 1424/1691/2 1425/1692/2
f 1415/1682/2 1426/1693/2 1427/1694/2
f 1415/1682/2 1427/1694/2 1416/1683/2
f 1428/1695/2 1429/1696/2 1430/1697/2
f 1428/1695/2 1430/1697/2 1431/1698/2
f 1432/1699/2 1433/1700/2 1434/1701/2
f 1432/1699/2 1434/1701/2 1435/1702/2
f 1407/1674/2 1436/1703/2 1437/1704/2
f 1407/1674/2 1437/1704/2 1408/1675/2
f 1411/1678/2 1406/1673/2 1409/1676/2
f 1411/1678/2 1409/1676/2 1412/1679/2
f 1419/1686/2 1410/1677/2 1413/1680/2
f 1419/1686/2 1413/1680/2 1420/1687/2
f 1423/1690/2 1414/1681/2 1417/1684/2
f 1423/1690/2 1417/1684/2 1424/1691/2
f 1426/1693/2 1418/1685/2 1421/1688/2
f 1426/1693/2 1421/1688/2 1427/1694/2
f 1429/1696/2 1422/1689/2 1425/1692/2
f 1429/1696/2 1425/1692/2 1430/1697/2
f 1433/1700/2 1428/1695/2 1431/1698/2
f 1433/1700/2 1431/1698/2 1434/1701/2
f 1436/1703/2 1432/1699/2 1435/1702/2
f 1436/1703/2 1435/1702/2 1437/1704/2
s 666
f 1438/1705/319 1439/1706/22 1440/1707/22
f 1438/1705/319 1440/1707/22 1441/1708/319
f 1442/1709/323 1443/1710/362 1444/1711/362
f 1442/1709/323 1444/1711/362 1445/1712/323
f 1446/1713/326 1447/1714/124 1448/1715/124
f 1446/1713/326 1448/1715/124 1449/1716/326
f 1450/1717/307 1451/1718/519 1452/1719/519
f 1450/1717/307 1452/1719/519 1453/1720/307
f 1454/1721/330 1455/1722/328 1456/1723/328
f 1454/1721/330 1456/1723/328 1457/1724/330
f 1458/1725/63 1459/1726/473 1460/1727/473
f 1458/1725/63 1460/1727/473 1461/1728/63
f 1462/1729/314 1463/1730/312 1464/1731/312
f 1462/1729/314 1464/1731/312 1465/1732/314
f 1466/1733/22 1467/1734/316 1468/1735/316
f 1466/1733/22 1468/1735/316 1469/1736/22
f 1443/1710/362 1438/1705/319 1441/1708/319
f 1443/1710/362 1441/1708/319 1444/1711/362
f 1447/1714/124 1442/1709/323 1445/1712/323
f 1447/1714/124 1445/1712/323 1448/1715/124
f 1451/1718/519 1470/1737/5 1471/1738/5
f 1451/1718/519 1471/1738/5 1452/1719/519
f 1455/1722/328 1446/1713/326 1449/1716/326
f 1455/1722/328 1449/1716/326 1456/1723/328
f 1459/1726/473 1450/1717/307 1453/1720/307
f 1459/1726/473 1453/1720/307 1460/1727/473
f 1470/1737/5 1454/1721/330 1457/1724/330
f 1470/1737/5 1457/1724/330 1471/1738/5
f 1463/1730/312 1458/1725/63 1461/1728/63
f 1463/1730/312 1461/1728/63 1464/1731/312
f 1467/1734/316 1462/1729/314 1465/1732/314
f 1467/1734/316 1465/1732/314 1468/1735/316
s 388
f 215/533/206 181/499/2 184/502/198
f 215/533/206 184/502/198 216/534/207
f 216/534/207 184/502/198 186/504/190
f 216/534/207 186/504/190 227/545/218
f 227/545/218 186/504/190 188/506/199
f 227/545/218 188/506/199 228/546/219
f 228/546/219 188/506/199 190/508/63
f 228/546/219 190/508/63 243/561/234
f 243/561/234 190/508/63 192/510/200
f 243/561/234 192/510/200 235/553/226
f 235/553/226 192/510/200 194/512/189
f 235/553/226 194/512/189 236/554/227
f 236/554/227 194/512/189 196/514/201
f 236/554/227 196/514/201 219/537/210
f 219/537/210 196/514/201 198/516/1
f 219/537/210 198/516/1 220/538/211
f 220/538/211 198/516/1 200/518/202
f 220/538/211 200/518/202 239/557/230
f 239/557/230 200/518/202 202/520/188
f 239/557/230 202/520/188 223/541/214
f 223/541/214 202/520/188 204/522/203
f 223/541/214 204/522/203 224/542/215
f 224/542/215 204/522/203 206/524/124
f 224/542/215 206/524/124 241/559/232
f 241/559/232 206/524/124 208/526/204
f 241/559/232 208/526/204 231/549/222
f 231/549/222 208/526/204 210/528/187
f 231/549/222 210/528/187 232/550/223
f 232/550/223 210/528/187 212/530/205
f 232/550/223 212/530/205 245/563/236
f 245/563/236 212/530/205 214/532/2
f 245/563/236 214/532/2 247/565/206
s 493
f 1489/1739/416 1490/1740/316 764/1048/316
f 1489/1739/416 764/1048/316 763/1047/416
f 1491/1741/362 1492/1742/319 768/1052/319
f 1491/1741/362 768/1052/319 767/1051/362
f 1493/1743/124 1494/1744/323 772/1056/323
f 1493/1743/124 772/1056/323 771/1055/124
f 1495/1745/305 1496/1746/5 776/1060/5
f 1495/1745/305 776/1060/5 775/1059/305
f 1497/1747/328 1498/1748/326 780/1064/326
f 1497/1747/328 780/1064/326 779/1063/328
f 1499/1749/309 1500/1750/307 784/1068/307
f 1499/1749/309 784/1068/307 783/1067/309
f 1496/1746/5 1501/1751/330 787/1071/330
f 1496/1746/5 787/1071/330 776/1060/5
f 1502/1752/312 1503/1753/63 790/1074/63
f 1502/1752/312 790/1074/63 789/1073/312
f 1490/1740/316 1504/1754/314 793/1077/314
f 1490/1740/316 793/1077/314 764/1048/316
f 1492/1742/319 1505/1755/22 795/1079/22
f 1492/1742/319 795/1079/22 768/1052/319
f 1494/1744/323 1491/1741/362 767/1051/362
f 1494/1744/323 767/1051/362 772/1056/323
f 1498/1748/326 1493/1743/124 771/1055/124
f 1498/1748/326 771/1055/124 780/1064/326
f 1500/1750/307 1495/1745/305 775/1059/305
f 1500/1750/307 775/1059/305 784/1068/307
f 1501/1751/330 1497/1747/328 779/1063/328
f 1501/1751/330 779/1063/328 787/1071/330
f 1503/1753/63 1499/1749/309 783/1067/309
f 1503/1753/63 783/1067/309 790/1074/63
f 1504/1754/314 1502/1752/312 789/1073/312
f 1504/1754/314 789/1073/312 793/1077/314
f 1506/1756/416 1507/1757/316 1490/1740/316
f 1506/1756/416 1490/1740/316 1489/1739/416
f 1508/1758/362 1509/1759/319 1492/1742/319
f 1508/1758/362 1492/1742/319 1491/1741/362
f 1510/1760/124 1511/1761/323 1494/1744/323
f 1510/1760/124 1494/1744/323 1493/1743/124
f 1512/1762/305 1513/1763/5 1496/1746/5
f 1512/1762/305 1496/1746/5 1495/1745/305
f 1514/1764/328 1515/1765/326 1498/1748/326
f 1514/1764/328 1498/1748/326 1497/1747/328
f 1516/1766/309 1517/1767/307 1500/1750/307
f 1516/1766/309 1500/1750/307 1499/1749/309
f 1513/1763/5 1518/1768/330 1501/1751/330
f 1513/1763/5 1501/1751/330 1496/1746/5
f 1519/1769/312 1520/1770/63 1503/1753/63
f 1519/1769/312 1503/1753/63 1502/1752/312
f 1507/1757/316 1521/1771/314 1504/1754/314
f 1507/1757/316 1504/1754/314 1490/1740/316
f 1509/1759/319 1522/1772/22 1505/1755/22
f 1509/1759/319 1505/1755/22 1492/1742/319
f 1511/1761/323 1508/1758/362 1491/1741/362
f 1511/1761/323 1491/1741/362 1494/1744/323
f 1515/1765/326 1510/1760/124 1493/1743/124
f 1515/1765/326 1493/1743/124 1498/1748/326
f 1517/1767/307 1512/1762/305 1495/1745/305
f 1517/1767/307 1495/1745/305 1500/1750/307
f 1518/1768/330 1514/1764/328 1497/1747/328
f 1518/1768/330 1497/1747/328 1501/1751/330
f 1520/1770/63 1516/1766/309 1499/1749/309
f 1520/1770/63 1499/1749/309 1503/1753/63
f 1521/1771/314 1519/1769/312 1502/1752/312
f 1521/1771/314 1502/1752/312 1504/1754/314
s 460
f 1523/1773/362 1524/1774/323 698/982/323
f 1523/1773/362 698/982/323 697/981/362
f 1525/1775/5 1526/1776/305 702/986/305
f 1525/1775/5 702/986/305 701/985/5
f 1527/1777/124 1528/1778/326 706/990/326
f 1527/1777/124 706/990/326 705/989/124
f 1529/1779/307 1530/1780/309 710/994/309
f 1529/1779/307 710/994/309 709/993/307
f 1531/1781/328 1532/1782/330 714/998/330
f 1531/1781/328 714/998/330 713/997/328
f 1533/1783/63 1534/1784/312 718/1002/312
f 1533/1783/63 718/1002/312 717/1001/63
f 1535/1785/314 1536/1786/316 722/1006/316
f 1535/1785/314 722/1006/316 721/1005/314
f 1537/1787/415 1538/1788/319 726/1010/319
f 1537/1787/415 726/1010/319 725/1009/415
f 1538/1788/319 1523/1773/362 697/981/362
f 1538/1788/319 697/981/362 726/1010/319
f 1524/1774/323 1527/1777/124 705/989/124
f 1524/1774/323 705/989/124 698/982/323
f 1526/1776/305 1529/1779/307 709/993/307
f 1526/1776/305 709/993/307 702/986/305
f 1528/1778/326 1531/1781/328 713/997/328
f 1528/1778/326 713/997/328 706/990/326
f 1530/1780/309 1533/1783/63 717/1001/63
f 1530/1780/309 717/1001/63 710/994/309
f 1532/1782/330 1525/1775/5 701/985/5
f 1532/1782/330 701/985/5 714/998/330
f 1534/1784/312 1535/1785/314 721/1005/314
f 1534/1784/312 721/1005/314 718/1002/312
f 1536/1786/316 1539/1789/416 729/1013/416
f 1536/1786/316 729/1013/416 722/1006/316
s 393
f 1540/1790/582 1541/1791/583 498/799/380
f 1540/1790/582 498/799/380 497/798/379
f 1542/1792/584 1543/1793/585 502/803/384
f 1542/1792/584 502/803/384 501/802/383
f 1544/1794/586 1545/1795/587 506/807/388
f 1544/1794/586 506/807/388 505/806/387
f 1546/1796/588 1547/1797/392 510/811/392
f 1546/1796/588 510/811/392 509/810/391
f 1548/1798/589 1542/1792/584 501/802/383
f 1548/1798/589 501/802/383 513/814/395
f 1549/1799/590 1550/1800/591 516/817/398
f 1549/1799/590 516/817/398 515/816/397
f 1551/1801/401 1552/1802/592 520/821/402
f 1551/1801/401 520/821/402 519/820/401
f 1553/1803/405 1554/1804/593 524/825/406
f 1553/1803/405 524/825/406 523/824/405
f 1555/1805/409 1540/1790/582 497/798/379
f 1555/1805/409 497/798/379 527/828/409
f 1541/1791/583 1544/1794/586 505/806/387
f 1541/1791/583 505/806/387 498/799/380
f 1543/1793/585 1546/1796/588 509/810/391
f 1543/1793/585 509/810/391 502/803/384
f 1545/1795/587 1548/1798/589 513/814/395
f 1545/1795/587 513/814/395 506/807/388
f 1547/1797/392 1549/1799/590 515/816/397
f 1547/1797/392 515/816/397 510/811/392
f 1550/1800/591 1551/1801/401 519/820/401
f 1550/1800/591 519/820/401 516/817/398
f 1552/1802/592 1556/1806/405 529/830/405
f 1552/1802/592 529/830/405 520/821/402
f 1554/1804/593 1555/1805/409 527/828/409
f 1554/1804/593 527/828/409 524/825/406
s 389
f 1557/1807/5 348/649/5 351/652/305
f 1557/1807/5 351/652/305 1558/1808/305
f 1558/1808/305 351/652/305 353/654/307
f 1558/1808/305 353/654/307 1559/1809/307
f 1559/1809/307 353/654/307 355/656/309
f 1559/1809/307 355/656/309 1560/1810/309
f 1560/1810/309 355/656/309 357/658/63
f 1560/1810/309 357/658/63 1561/1811/63
f 1561/1811/63 357/658/63 359/660/312
f 1561/1811/63 359/660/312 1562/1812/312
f 1562/1812/312 359/660/312 361/662/314
f 1562/1812/312 361/662/314 1563/1813/314
f 1563/1813/314 361/662/314 363/664/316
f 1563/1813/314 363/664/316 1564/1814/316
f 1564/1814/316 363/664/316 365/666/22
f 1564/1814/316 365/666/22 1565/1815/22
f 1566/1816/22 366/667/22 369/670/319
f 1566/1816/22 369/670/319 1567/1817/319
f 1567/1817/319 369/670/319 371/672/321
f 1567/1817/319 371/672/321 1568/1818/362
f 1568/1818/362 371/672/321 373/674/323
f 1568/1818/362 373/674/323 1569/1819/323
f 1569/1819/323 373/674/323 375/676/124
f 1569/1819/323 375/676/124 1570/1820/124
f 1570/1820/124 375/676/124 377/678/326
f 1570/1820/124 377/678/326 1571/1821/326
f 1571/1821/326 377/678/326 379/680/328
f 1571/1821/326 379/680/328 1572/1822/328
f 1572/1822/328 379/680/328 381/682/330
f 1572/1822/328 381/682/330 1573/1823/330
f 1573/1823/330 381/682/330 348/649/5
f 1573/1823/330 348/649/5 1557/1807/5
s 598
f 1574/1824/124 1575/1825/323 1209/1476/323
f 1574/1824/124 1209/1476/323 1208/1475/124
f 1576/1826/305 1577/1827/5 1213/1480/5
f 1576/1826/305 1213/1480/5 1212/1479/305
f 1578/1828/328 1579/1829/326 1217/1484/326
f 1578/1828/328 1217/1484/326 1216/1483/328
f 1580/1830/309 1581/1831/307 1221/1488/307
f 1580/1830/309 1221/1488/307 1220/1487/309
f 1577/1827/5 1582/1832/330 1224/1491/330
f 1577/1827/5 1224/1491/330 1213/1480/5
f 1583/1833/312 1584/1834/63 1227/1494/63
f 1583/1833/312 1227/1494/63 1226/1493/312
f 1585/1835/316 1586/1836/314 1231/1498/314
f 1585/1835/316 1231/1498/314 1230/1497/316
f 1587/1837/319 1588/1838/415 1235/1502/415
f 1587/1837/319 1235/1502/415 1234/1501/319
f 1575/1825/323 1589/1839/362 1238/1505/362
f 1575/1825/323 1238/1505/362 1209/1476/323
f 1579/1829/326 1574/1824/124 1208/1475/124
f 1579/1829/326 1208/1475/124 1217/1484/326
f 1581/1831/307 1576/1826/305 1212/1479/305
f 1581/1831/307 1212/1479/305 1221/1488/307
f 1582/1832/330 1578/1828/328 1216/1483/328
f 1582/1832/330 1216/1483/328 1224/1491/330
f 1584/1834/63 1580/1830/309 1220/1487/309
f 1584/1834/63 1220/1487/309 1227/1494/63
f 1586/1836/314 1583/1833/312 1226/1493/312
f 1586/1836/314 1226/1493/312 1231/1498/314
f 1590/1840/416 1585/1835/316 1230/1497/316
f 1590/1840/416 1230/1497/316 1240/1507/416
f 1589/1839/362 1587/1837/319 1234/1501/319
f 1589/1839/362 1234/1501/319 1238/1505/362
f 1591/1841/124 1592/1842/323 1575/1825/323
f 1591/1841/124 1575/1825/323 1574/1824/124
f 1593/1843/305 1594/1844/5 1577/1827/5
f 1593/1843/305 1577/1827/5 1576/1826/305
f 1595/1845/328 1596/1846/326 1579/1829/326
f 1595/1845/328 1579/1829/326 1578/1828/328
f 1597/1847/309 1598/1848/307 1581/1831/307
f 1597/1847/309 1581/1831/307 1580/1830/309
f 1594/1844/5 1599/1849/330 1582/1832/330
f 1594/1844/5 1582/1832/330 1577/1827/5
f 1600/1850/312 1601/1851/63 1584/1834/63
f 1600/1850/312 1584/1834/63 1583/1833/312
f 1602/1852/316 1603/1853/314 1586/1836/314
f 1602/1852/316 1586/1836/314 1585/1835/316
f 1604/1854/319 1605/1855/415 1588/1838/415
f 1604/1854/319 1588/1838/415 1587/1837/319
f 1592/1842/323 1606/1856/362 1589/1839/362
f 1592/1842/323 1589/1839/362 1575/1825/323
f 1596/1846/326 1591/1841/124 1574/1824/124
f 1596/1846/326 1574/1824/124 1579/1829/326
f 1598/1848/307 1593/1843/305 1576/1826/305
f 1598/1848/307 1576/1826/305 1581/1831/307
f 1599/1849/330 1595/1845/328 1578/1828/328
f 1599/1849/330 1578/1828/328 1582/1832/330
f 1601/1851/63 1597/1847/309 1580/1830/309
f 1601/1851/63 1580/1830/309 1584/1834/63
f 1603/1853/314 1600/1850/312 1583/1833/312
f 1603/1853/314 1583/1833/312 1586/1836/314
f 1607/1857/416 1602/1852/316 1585/1835/316
f 1607/1857/416 1585/1835/316 1590/1840/416
f 1606/1856/362 1604/1854/319 1587/1837/319
f 1606/1856/362 1587/1837/319 1589/1839/362
s 393
f 1608/1858/594 1609/1859/595 1541/1791/583
f 1608/1858/594 1541/1791/583 1540/1790/582
f 1610/1860/596 1611/1861/366 1543/1793/585
f 1610/1860/596 1543/1793/585 1542/1792/584
f 1612/1862/363 1613/1863/368 1545/1795/587
f 1612/1862/363 1545/1795/587 1544/1794/586
f 1614/1864/365 1615/1865/597 1547/1797/392
f 1614/1864/365 1547/1797/392 1546/1796/588
f 1616/1866/598 1610/1860/596 1542/1792/584
f 1616/1866/598 1542/1792/584 1548/1798/589
f 1617/1867/369 1618/1868/372 1550/1800/591
f 1617/1867/369 1550/1800/591 1549/1799/590
f 1619/1869/371 1620/1870/374 1552/1802/592
f 1619/1869/371 1552/1802/592 1551/1801/401
f 1621/1871/373 1622/1872/599 1554/1804/593
f 1621/1871/373 1554/1804/593 1553/1803/405
f 1623/1873/375 1608/1858/594 1540/1790/582
f 1623/1873/375 1540/1790/582 1555/1805/409
f 1609/1859/595 1612/1862/363 1544/1794/586
f 1609/1859/595 1544/1794/586 1541/1791/583
f 1611/1861/366 1614/1864/365 1546/1796/588
f 1611/1861/366 1546/1796/588 1543/1793/585
f 1613/1863/368 1616/1866/598 1548/1798/589
f 1613/1863/368 1548/1798/589 1545/1795/587
f 1615/1865/597 1617/1867/369 1549/1799/590
f 1615/1865/597 1549/1799/590 1547/1797/392
f 1618/1868/372 1619/1869/371 1551/1801/401
f 1618/1868/372 1551/1801/401 1550/1800/591
f 1620/1870/374 1624/1874/373 1556/1806/405
f 1620/1870/374 1556/1806/405 1552/1802/592
f 1622/1872/599 1623/1873/375 1555/1805/409
f 1622/1872/599 1555/1805/409 1554/1804/593
s 667
f 1625/1875/600 1626/1876/601 1627/1877/602
f 1625/1875/600 1627/1877/602 1628/1878/603
f 1628/1878/603 1627/1877/602 1629/1879/604
f 1628/1878/603 1629/1879/604 1630/1880/605
f 1630/1880/605 1629/1879/604 1631/1881/606
f 1630/1880/605 1631/1881/606 1632/1882/607
f 1632/1882/607 1631/1881/606 1633/1883/608
f 1632/1882/607 1633/1883/608 1634/1884/609
f 1634/1884/609 1633/1883/608 1635/1885/610
f 1634/1884/609 1635/1885/610 1636/1886/611
f 1636/1886/611 1635/1885/610 1637/1887/612
f 1636/1886/611 1637/1887/612 1638/1888/613
f 1638/1888/613 1637/1887/612 1639/1889/614
f 1638/1888/613 1639/1889/614 1640/1890/615
f 1640/1890/615 1639/1889/614 1641/1891/616
f 1640/1890/615 1641/1891/616 1642/1892/617
f 1642/1892/617 1641/1891/616 1643/1893/618
f 1642/1892/617 1643/1893/618 1644/1894/619
f 1644/1894/619 1643/1893/618 1645/1895/620
f 1644/1894/619 1645/1895/620 1646/1896/621
f 1646/1896/621 1645/1895/620 1647/1897/622
f 1646/1896/621 1647/1897/622 1648/1898/623
f 1648/1898/623 1647/1897/622 1649/1899/624
f 1648/1898/623 1649/1899/624 1650/1900/625
f 1650/1900/625 1649/1899/624 1651/1901/626
f 1650/1900/625 1651/1901/626 1652/1902/627
f 1652/1902/627 1651/1901/626 1653/1903/628
f 1652/1902/627 1653/1903/628 1654/1904/629
f 1654/1904/629 1653/1903/628 1655/1905/630
f 1654/1904/629 1655/1905/630 1656/1906/631
f 1656/1906/631 1655/1905/630 1626/1876/601
f 1656/1906/631 1626/1876/601 1625/1875/600
s 60
f 1657/1907/201 1658/1908/632 1659/1909/633
f 1657/1907/201 1659/1909/633 1660/1910/1
f 1661/1911/189 1662/1912/634 1658/1908/632
f 1661/1911/189 1658/1908/632 1657/1907/201
f 1663/1913/200 1664/1914/635 1662/1912/634
f 1663/1913/200 1662/1912/634 1661/1911/189
f 1665/1915/63 1666/1916/625 1664/1914/635
f 1665/1915/63 1664/1914/635 1663/1913/200
f 1667/1917/199 1668/1918/636 1666/1916/625
f 1667/1917/199 1666/1916/625 1665/1915/63
f 1669/1919/637 1670/1920/621 1668/1918/636
f 1669/1919/637 1668/1918/636 1667/1917/199
s 0
f 1671/1921/5 1672/1922/5 1673/1923/5
f 1671/1921/5 1673/1923/5 1674/1924/5
f 1675/1925/5 1671/1921/5 1674/1924/5
f 1675/1925/5 1674/1924/5 1676/1926/5
f 1677/1927/5 1675/1925/5 1676/1926/5
f 1677/1927/5 1676/1926/5 1678/1928/5
f 1679/1929/5 1677/1927/5 1678/1928/5
f 1679/1929/5 1678/1928/5 1680/1930/5
s 60
f 1681/1931/204 1682/1932/611 1683/1933/638
f 1681/1931/204 1683/1933/638 1684/1934/639
f 1685/1935/124 1686/1936/640 1682/1932/611
f 1685/1935/124 1682/1932/611 1681/1931/204
f 1687/1937/203 1688/1938/607 1686/1936/640
f 1687/1937/203 1686/1936/640 1685/1935/124
f 1689/1939/188 1690/1940/605 1688/1938/607
f 1689/1939/188 1688/1938/607 1687/1937/203
f 1691/1941/202 1692/1942/641 1690/1940/605
f 1691/1941/202 1690/1940/605 1689/1939/188
f 1660/1910/1 1659/1909/633 1692/1942/641
f 1660/1910/1 1692/1942/641 1691/1941/202
f 1693/1943/200 1694/1944/189 1695/1945/642
f 1693/1943/200 1695/1945/642 1696/1946/643
f 1697/1947/188 1698/1948/203 1699/1949/644
f 1697/1947/188 1699/1949/644 1700/1950/645
f 1701/1951/646 1702/1952/199 1703/1953/647
f 1701/1951/646 1703/1953/647 1704/1954/648
f 1705/1955/205 1706/1956/2 1707/1957/649
f 1705/1955/205 1707/1957/649 1708/1958/650
f 1709/1959/1 1710/1960/202 1711/1961/651
f 1709/1959/1 1711/1961/651 1712/1962/652
f 1713/1963/201 1709/1959/1 1712/1962/652
f 1713/1963/201 1712/1962/652 1714/1964/653
f 1715/1965/124 1716/1966/204 1717/1967/654
f 1715/1965/124 1717/1967/654 1718/1968/655
f 1719/1969/63 1693/1943/200 1696/1946/643
f 1719/1969/63 1696/1946/643 1720/1970/656
f 1710/1960/202 1697/1947/188 1700/1950/645
f 1710/1960/202 1700/1950/645 1711/1961/651
f 1721/1971/198 1701/1951/646 1704/1954/648
f 1721/1971/198 1704/1954/648 1722/1972/657
f 1723/1973/658 1705/1955/205 1708/1958/650
f 1723/1973/658 1708/1958/650 1724/1974/659
f 1694/1944/189 1713/1963/201 1714/1964/653
f 1694/1944/189 1714/1964/653 1695/1945/642
f 1698/1948/203 1715/1965/124 1718/1968/655
f 1698/1948/203 1718/1968/655 1699/1949/644
f 1702/1952/199 1719/1969/63 1720/1970/656
f 1702/1952/199 1720/1970/656 1703/1953/647
f 1725/1975/660 1721/1971/198 1722/1972/657
f 1725/1975/660 1722/1972/657 1726/1976/649
f 1716/1966/204 1723/1973/658 1724/1974/659
f 1716/1966/204 1724/1974/659 1717/1967/654
s 676
f 1727/1977/661 1728/1978/662 1729/1979/63
f 1727/1977/661 1729/1979/63 1730/1980/63
s 0
f 1731/1978/22 1732/1981/22 1733/1982/22
f 1731/1978/22 1733/1982/22 1734/1979/22
f 1732/1981/22 1735/1983/22 1736/1984/22
f 1732/1981/22 1736/1984/22 1733/1982/22
f 1737/1985/22 1738/1986/22 1739/1987/22
f 1737/1985/22 1739/1987/22 1740/1988/22
f 1738/1986/22 1741/1989/22 1742/1990/22
f 1738/1986/22 1742/1990/22 1739/1987/22
s 685
f 1743/1991/663 1744/1929/613 1745/1930/124
f 1743/1991/663 1745/1930/124 1746/1992/124
s 667
f 1747/1993/612 1748/1994/664 1749/1995/204
f 1747/1993/612 1749/1995/204 1750/1996/187
f 1751/1997/618 1752/1998/665 1753/1999/2
f 1751/1997/618 1753/1999/2 1754/2000/198
f 1627/1877/602 1626/1876/601 1755/2001/1
f 1627/1877/602 1755/2001/1 1756/2002/202
f 1757/2003/666 1758/2004/622 1759/2005/199
f 1757/2003/666 1759/2005/199 1760/2006/63
f 1761/2007/608 1762/2008/667 1763/2009/668
f 1761/2007/608 1763/2009/668 1764/2010/124
f 1765/2011/630 1766/2012/669 1767/2013/189
f 1765/2011/630 1767/2013/189 1768/2014/201
f 1769/2015/670 1747/1993/612 1750/1996/187
f 1769/2015/670 1750/1996/187 1770/2016/205
f 1771/2017/620 1751/1997/618 1754/2000/198
f 1771/2017/620 1754/2000/198 1772/2018/190
f 1773/2019/604 1627/1877/602 1756/2002/202
f 1773/2019/604 1756/2002/202 1774/2020/188
f 1775/2021/671 1757/2003/666 1760/2006/63
f 1775/2021/671 1760/2006/63 1776/2022/672
f 1748/1994/664 1761/2007/608 1764/2010/124
f 1748/1994/664 1764/2010/124 1749/1995/204
f 1626/1876/601 1765/2011/630 1768/2014/201
f 1626/1876/601 1768/2014/201 1755/2001/1
f 1777/2023/665 1769/2015/670 1770/2016/205
f 1777/2023/665 1770/2016/205 1778/2024/2
f 1758/2004/622 1771/2017/620 1772/2018/190
f 1758/2004/622 1772/2018/190 1759/2005/199
f 1762/2008/667 1773/2019/604 1774/2020/188
f 1762/2008/667 1774/2020/188 1763/2009/668
f 1766/2012/669 1775/2021/671 1776/2022/672
f 1766/2012/669 1776/2022/672 1767/2013/189
f 1755/2001/1 1768/2014/201 1779/2025/673
f 1755/2001/1 1779/2025/673 1780/2026/1
f 1768/2014/201 1767/2013/189 1781/2027/674
f 1768/2014/201 1781/2027/674 1779/2025/673
f 1767/2013/189 1776/2022/672 1782/2028/675
f 1767/2013/189 1782/2028/675 1781/2027/674
f 1763/2009/668 1774/2020/188 1783/2029/676
f 1763/2009/668 1783/2029/676 1784/2030/677
f 1774/2020/188 1756/2002/202 1785/2031/678
f 1774/2020/188 1785/2031/678 1783/2029/676
f 1756/2002/202 1755/2001/1 1780/2026/1
f 1756/2002/202 1780/2026/1 1785/2031/678
s 60
f 1713/1963/201 1786/2032/201 1787/2033/1
f 1713/1963/201 1787/2033/1 1709/1959/1
f 1694/1944/189 1788/2034/189 1786/2032/201
f 1694/1944/189 1786/2032/201 1713/1963/201
f 1693/1943/200 1789/2035/200 1788/2034/189
f 1693/1943/200 1788/2034/189 1694/1944/189
f 1719/1969/63 1790/2036/63 1789/2035/200
f 1719/1969/63 1789/2035/200 1693/1943/200
f 1702/1952/199 1791/2037/199 1790/2036/63
f 1702/1952/199 1790/2036/63 1719/1969/63
f 1701/1951/646 1792/2038/637 1791/2037/199
f 1701/1951/646 1791/2037/199 1702/1952/199
f 1716/1966/204 1793/2039/204 1794/2040/679
f 1716/1966/204 1794/2040/679 1723/1973/658
f 1715/1965/124 1795/2041/124 1793/2039/204
f 1715/1965/124 1793/2039/204 1716/1966/204
f 1698/1948/203 1796/2042/203 1795/2041/124
f 1698/1948/203 1795/2041/124 1715/1965/124
f 1697/1947/188 1797/2043/188 1796/2042/203
f 1697/1947/188 1796/2042/203 1698/1948/203
f 1710/1960/202 1798/2044/202 1797/2043/188
f 1710/1960/202 1797/2043/188 1697/1947/188
f 1709/1959/1 1787/2033/1 1798/2044/202
f 1709/1959/1 1798/2044/202 1710/1960/202
s 676
f 1799/2045/661 1727/1977/661 1730/1980/63
f 1799/2045/661 1730/1980/63 1800/2046/63
s 685
f 1801/1989/680 1802/2047/663 1803/2048/124
f 1801/1989/680 1803/2048/124 1804/1990/124
s 60
f 1786/2032/201 1657/1907/201 1660/1910/1
f 1786/2032/201 1660/1910/1 1787/2033/1
f 1788/2034/189 1661/1911/189 1657/1907/201
f 1788/2034/189 1657/1907/201 1786/2032/201
f 1789/2035/200 1663/1913/200 1661/1911/189
f 1789/2035/200 1661/1911/189 1788/2034/189
f 1790/2036/63 1665/1915/63 1663/1913/200
f 1790/2036/63 1663/1913/200 1789/2035/200
f 1791/2037/199 1667/1917/199 1665/1915/63
f 1791/2037/199 1665/1915/63 1790/2036/63
f 1792/2038/637 1669/1919/637 1667/1917/199
f 1792/2038/637 1667/1917/199 1791/2037/199
f 1793/2039/204 1681/1931/204 1684/1934/639
f 1793/2039/204 1684/1934/639 1794/2040/679
f 1795/2041/124 1685/1935/124 1681/1931/204
f 1795/2041/124 1681/1931/204 1793/2039/204
f 1796/2042/203 1687/1937/203 1685/1935/124
f 1796/2042/203 1685/1935/124 1795/2041/124
f 1797/2043/188 1689/1939/188 1687/1937/203
f 1797/2043/188 1687/1937/203 1796/2042/203
f 1798/2044/202 1691/1941/202 1689/1939/188
f 1798/2044/202 1689/1939/188 1797/2043/188
f 1787/2033/1 1660/1910/1 1691/1941/202
f 1787/2033/1 1691/1941/202 1798/2044/202
s 685
f 1802/2047/663 1743/1991/663 1746/1992/124
f 1802/2047/663 1746/1992/124 1803/2048/124
s 676
f 1805/1922/681 1799/2045/661 1800/2046/63
f 1805/1922/681 1800/2046/63 1806/1923/63
s 686
f 1807/131/682 1808/2049/683 1809/2050/684
f 1807/131/682 1809/2050/684 1810/132/685
s 687
f 1811/2051/675 1812/127/686 1813/129/687
f 1811/2051/675 1813/129/687 1814/2052/688
s 688
f 1815/2053/5 1816/2054/689 1817/2055/690
f 1815/2053/5 1817/2055/690 1818/2056/691
f 1816/2054/689 1819/2057/692 1820/2058/693
f 1816/2054/689 1820/2058/693 1817/2055/690
f 1821/2059/676 1822/2060/694 1823/2061/695
f 1821/2059/676 1823/2061/695 1824/2062/696
f 1822/2060/694 1815/2053/5 1818/2056/691
f 1822/2060/694 1818/2056/691 1823/2061/695
f 1819/2057/692 1825/2063/675 1826/2064/697
f 1819/2057/692 1826/2064/697 1820/2058/693
f 1821/2059/676 1824/2062/696 1827/2065/698
f 1821/2059/676 1827/2065/698 1828/2066/683
f 1818/2056/691 1817/2055/690 1829/2067/699
f 1818/2056/691 1829/2067/699 1830/2068/700
f 1817/2055/690 1831/2058/701 1832/2069/702
f 1817/2055/690 1832/2069/702 1829/2067/699
f 1833/2062/703 1823/2061/695 1834/2070/704
f 1833/2062/703 1834/2070/704 1835/2071/705
f 1823/2061/695 1818/2056/691 1830/2068/700
f 1823/2061/695 1830/2068/700 1834/2070/704
f 1827/2065/706 1833/2062/703 1835/2071/705
f 1827/2065/706 1835/2071/705 1836/2072/707
f 1831/2058/701 1826/2064/697 1837/2073/708
f 1831/2058/701 1837/2073/708 1832/2069/702
s 73
f 1810/132/62 1838/2074/709 1839/2075/710
f 1810/132/62 1839/2075/710 1840/2076/711
f 1838/2074/709 1841/2077/712 1842/2078/713
f 1838/2074/709 1842/2078/713 1839/2075/710
f 1843/2079/714 1844/2080/715 1845/2081/716
f 1843/2079/714 1845/2081/716 1846/2082/717
f 1847/2083/718 1813/129/59 1848/2084/719
f 1847/2083/718 1848/2084/719 1849/2085/720
f 1841/2077/712 1843/2079/714 1846/2082/717
f 1841/2077/712 1846/2082/717 1842/2078/713
f 1844/2080/715 1847/2083/718 1849/2085/720
f 1844/2080/715 1849/2085/720 1845/2081/716
s 60
f 1850/2086/721 1714/1964/653 1851/97/24
f 1850/2086/721 1851/97/24 1852/96/23
f 1853/2087/722 1854/2088/655 1855/94/21
f 1853/2087/722 1855/94/21 1856/93/20
f 1857/2089/654 1858/2090/659 1859/98/25
f 1857/2089/654 1859/98/25 1860/106/33
f 1861/2091/723 1862/2092/649 1863/108/35
f 1861/2091/723 1863/108/35 1864/99/26
f 1865/2093/657 1866/2094/724 1867/101/28
f 1865/2093/657 1867/101/28 1868/100/27
f 1869/2095/647 1870/2096/725 1871/104/31
f 1869/2095/647 1871/104/31 1872/109/36
f 1712/1962/652 1873/2097/651 1874/102/29
f 1712/1962/652 1874/102/29 1875/107/34
f 1876/2098/726 1850/2086/721 1852/96/23
f 1876/2098/726 1852/96/23 1877/105/32
f 1878/2099/727 1853/2087/722 1856/93/20
f 1878/2099/727 1856/93/20 1879/103/30
f 1714/1964/653 1712/1962/652 1875/107/34
f 1714/1964/653 1875/107/34 1851/97/24
f 1854/2088/655 1857/2089/654 1860/106/33
f 1854/2088/655 1860/106/33 1855/94/21
f 1858/2090/659 1861/2091/723 1864/99/26
f 1858/2090/659 1864/99/26 1859/98/25
f 1862/2092/649 1865/2093/657 1868/100/27
f 1862/2092/649 1868/100/27 1863/108/35
f 1866/2094/724 1869/2095/647 1872/109/36
f 1866/2094/724 1872/109/36 1867/101/28
f 1870/2096/725 1876/2098/726 1877/105/32
f 1870/2096/725 1877/105/32 1871/104/31
f 1873/2097/651 1878/2099/727 1879/103/30
f 1873/2097/651 1879/103/30 1874/102/29
s 689
f 1881/2100/728 1882/2101/729 1883/2102/730
f 1881/2100/728 1883/2102/730 1884/2103/731
f 1884/2103/731 1883/2102/730 1885/2104/732
f 1884/2103/731 1885/2104/732 1886/2105/733
f 1886/2105/733 1885/2104/732 1887/2106/734
f 1886/2105/733 1887/2106/734 1888/2107/735
f 1888/2107/735 1887/2106/734 1889/2108/736
f 1888/2107/735 1889/2108/736 1890/2109/737
f 1890/2109/737 1889/2108/736 1891/2110/738
f 1890/2109/737 1891/2110/738 1892/2111/739
f 1892/2111/739 1891/2110/738 1893/2112/740
f 1892/2111/739 1893/2112/740 1894/2113/741
f 1894/2113/741 1893/2112/740 1895/2114/742
f 1894/2113/741 1895/2114/742 1896/2115/743
f 1896/2115/743 1895/2114/742 1897/2116/744
f 1896/2115/743 1897/2116/744 1898/2117/745
f 1898/2117/745 1897/2116/744 1899/2118/746
f 1898/2117/745 1899/2118/746 1900/2119/747
f 1900/2119/747 1899/2118/746 1901/2120/748
f 1900/2119/747 1901/2120/748 1902/2121/749
f 1885/2104/732 1903/2122/750 1904/2123/751
f 1885/2104/732 1904/2123/751 1887/2106/734
f 1882/2101/729 1905/2124/752 1906/2125/753
f 1882/2101/729 1906/2125/753 1883/2102/730
f 1902/2121/749 1907/2126/754 1908/2127/755
f 1902/2121/749 1908/2127/755 1900/2119/747
f 1899/2118/746 1909/2128/756 1910/2129/757
f 1899/2118/746 1910/2129/757 1901/2120/748
f 1900/2119/747 1908/2127/755 1911/2130/758
f 1900/2119/747 1911/2130/758 1898/2117/745
f 1895/2114/742 1912/2131/759 1913/2132/760
f 1895/2114/742 1913/2132/760 1897/2116/744
f 1898/2117/745 1911/2130/758 1914/2133/761
f 1898/2117/745 1914/2133/761 1896/2115/743
f 1891/2110/738 1915/2134/762 1916/2135/763
f 1891/2110/738 1916/2135/763 1893/2112/740
f 1896/2115/743 1914/2133/761 1917/2136/764
f 1896/2115/743 1917/2136/764 1894/2113/741
f 1887/2106/734 1904/2123/751 1918/2137/765
f 1887/2106/734 1918/2137/765 1889/2108/736
f 1894/2113/741 1917/2136/764 1919/2138/766
f 1894/2113/741 1919/2138/766 1892/2111/739
f 1883/2102/730 1906/2125/753 1903/2122/750
f 1883/2102/730 1903/2122/750 1885/2104/732
f 1892/2111/739 1919/2138/766 1920/2139/767
f 1892/2111/739 1920/2139/767 1890/2109/737
f 1890/2109/737 1920/2139/767 1921/2140/768
f 1890/2109/737 1921/2140/768 1888/2107/735
f 1897/2116/744 1913/2132/760 1909/2128/756
f 1897/2116/744 1909/2128/756 1899/2118/746
f 1888/2107/735 1921/2140/768 1922/2141/769
f 1888/2107/735 1922/2141/769 1886/2105/733
f 1893/2112/740 1916/2135/763 1912/2131/759
f 1893/2112/740 1912/2131/759 1895/2114/742
f 1886/2105/733 1922/2141/769 1923/2142/770
f 1886/2105/733 1923/2142/770 1884/2103/731
f 1889/2108/736 1918/2137/765 1915/2134/762
f 1889/2108/736 1915/2134/762 1891/2110/738
f 1884/2103/731 1923/2142/770 1924/2143/771
f 1884/2103/731 1924/2143/771 1881/2100/728
s 690
f 1925/2144/728 1926/2145/729 1927/2146/730
f 1925/2144/728 1927/2146/730 1928/2147/731
f 1928/2147/731 1927/2146/730 1929/2148/732
f 1928/2147/731 1929/2148/732 1930/2149/772
f 1930/2149/772 1929/2148/732 1931/2150/734
f 1930/2149/772 1931/2150/734 1932/2151/735
f 1932/2151/735 1931/2150/734 1933/2152/736
f 1932/2151/735 1933/2152/736 1934/2153/737
f 1934/2153/737 1933/2152/736 1935/2154/738
f 1934/2153/737 1935/2154/738 1936/2155/739
f 1936/2155/739 1935/2154/738 1937/2156/740
f 1936/2155/739 1937/2156/740 1938/2157/741
f 1938/2157/741 1937/2156/740 1939/2158/742
f 1938/2157/741 1939/2158/742 1940/2159/743
f 1940/2159/743 1939/2158/742 1941/2160/744
f 1940/2159/743 1941/2160/744 1942/2161/773
f 1942/2161/773 1941/2160/744 1943/2162/746
f 1942/2161/773 1943/2162/746 1944/2163/774
f 1944/2163/774 1943/2162/746 1945/2164/748
f 1944/2163/774 1945/2164/748 1946/2165/749
f 1929/2148/732 1947/2166/750 1948/2167/751
f 1929/2148/732 1948/2167/751 1931/2150/734
f 1926/2145/729 1949/2168/752 1950/2169/753
f 1926/2145/729 1950/2169/753 1927/2146/730
f 1946/2165/749 1951/2170/754 1952/2171/755
f 1946/2165/749 1952/2171/755 1944/2163/774
f 1943/2162/746 1953/2172/756 1954/2173/757
f 1943/2162/746 1954/2173/757 1945/2164/748
f 1944/2163/774 1952/2171/755 1955/2174/775
f 1944/2163/774 1955/2174/775 1942/2161/773
f 1939/2158/742 1956/2175/759 1957/2176/760
f 1939/2158/742 1957/2176/760 1941/2160/744
f 1942/2161/773 1955/2174/775 1958/2177/761
f 1942/2161/773 1958/2177/761 1940/2159/743
f 1935/2154/738 1959/2178/762 1960/2179/763
f 1935/2154/738 1960/2179/763 1937/2156/740
f 1940/2159/743 1958/2177/761 1961/2180/764
f 1940/2159/743 1961/2180/764 1938/2157/741
f 1931/2150/734 1948/2167/751 1962/2181/765
f 1931/2150/734 1962/2181/765 1933/2152/736
f 1938/2157/741 1961/2180/764 1963/2182/766
f 1938/2157/741 1963/2182/766 1936/2155/739
f 1927/2146/730 1950/2169/753 1947/2166/750
f 1927/2146/730 1947/2166/750 1929/2148/732
f 1936/2155/739 1963/2182/766 1964/2183/767
f 1936/2155/739 1964/2183/767 1934/2153/737
f 1934/2153/737 1964/2183/767 1965/2184/768
f 1934/2153/737 1965/2184/768 1932/2151/735
f 1941/2160/744 1957/2176/760 1953/2172/756
f 1941/2160/744 1953/2172/756 1943/2162/746
f 1932/2151/735 1965/2184/768 1966/2185/776
f 1932/2151/735 1966/2185/776 1930/2149/772
f 1937/2156/740 1960/2179/763 1956/2175/759
f 1937/2156/740 1956/2175/759 1939/2158/742
f 1930/2149/772 1966/2185/776 1967/2186/770
f 1930/2149/772 1967/2186/770 1928/2147/731
f 1933/2152/736 1962/2181/765 1959/2178/762
f 1933/2152/736 1959/2178/762 1935/2154/738
f 1928/2147/731 1967/2186/770 1968/2187/771
f 1928/2147/731 1968/2187/771 1925/2144/728
s 691
f 1969/2188/728 1970/2189/729 1971/2190/730
f 1969/2188/728 1971/2190/730 1972/2191/731
f 1972/2191/731 1971/2190/730 1973/2192/732
f 1972/2191/731 1973/2192/732 1974/2193/733
f 1974/2193/733 1973/2192/732 1975/2194/734
f 1974/2193/733 1975/2194/734 1976/2195/735
f 1976/2195/735 1975/2194/734 1977/2196/736
f 1976/2195/735 1977/2196/736 1978/2197/737
f 1978/2197/737 1977/2196/736 1979/2198/738
f 1978/2197/737 1979/2198/738 1980/2199/739
f 1980/2199/739 1979/2198/738 1981/2200/740
f 1980/2199/739 1981/2200/740 1982/2201/741
f 1982/2201/741 1981/2200/740 1983/2202/742
f 1982/2201/741 1983/2202/742 1984/2203/743
f 1984/2203/743 1983/2202/742 1985/2204/744
f 1984/2203/743 1985/2204/744 1986/2205/745
f 1986/2205/745 1985/2204/744 1987/2206/746
f 1986/2205/745 1987/2206/746 1988/2207/774
f 1988/2207/774 1987/2206/746 1989/2208/748
f 1988/2207/774 1989/2208/748 1990/2209/749
f 1973/2192/732 1991/2210/750 1992/2211/751
f 1973/2192/732 1992/2211/751 1975/2194/734
f 1970/2189/729 1993/2212/752 1994/2213/753
f 1970/2189/729 1994/2213/753 1971/2190/730
f 1990/2209/749 1995/2214/754 1996/2215/755
f 1990/2209/749 1996/2215/755 1988/2207/774
f 1987/2206/746 1997/2216/756 1998/2217/757
f 1987/2206/746 1998/2217/757 1989/2208/748
f 1988/2207/774 1996/2215/755 1999/2218/758
f 1988/2207/774 1999/2218/758 1986/2205/745
f 1983/2202/742 2000/2219/759 2001/2220/760
f 1983/2202/742 2001/2220/760 1985/2204/744
f 1986/2205/745 1999/2218/758 2002/2221/761
f 1986/2205/745 2002/2221/761 1984/2203/743
f 1979/2198/738 2003/2222/762 2004/2223/763
f 1979/2198/738 2004/2223/763 1981/2200/740
f 1984/2203/743 2002/2221/761 2005/2224/764
f 1984/2203/743 2005/2224/764 1982/2201/741
f 1975/2194/734 1992/2211/751 2006/2225/765
f 1975/2194/734 2006/2225/765 1977/2196/736
f 1982/2201/741 2005/2224/764 2007/2226/766
f 1982/2201/741 2007/2226/766 1980/2199/739
f 1971/2190/730 1994/2213/753 1991/2210/750
f 1971/2190/730 1991/2210/750 1973/2192/732
f 1980/2199/739 2007/2226/766 2008/2227/767
f 1980/2199/739 2008/2227/767 1978/2197/737
f 1978/2197/737 2008/2227/767 2009/2228/768
f 1978/2197/737 2009/2228/768 1976/2195/735
f 1985/2204/744 2001/2220/760 1997/2216/756
f 1985/2204/744 1997/2216/756 1987/2206/746
f 1976/2195/735 2009/2228/768 2010/2229/769
f 1976/2195/735 2010/2229/769 1974/2193/733
f 1981/2200/740 2004/2223/763 2000/2219/759
f 1981/2200/740 2000/2219/759 1983/2202/742
f 1974/2193/733 2010/2229/769 2011/2230/770
f 1974/2193/733 2011/2230/770 1972/2191/731
f 1977/2196/736 2006/2225/765 2003/2222/762
f 1977/2196/736 2003/2222/762 1979/2198/738
f 1972/2191/731 2011/2230/770 2012/2231/771
f 1972/2191/731 2012/2231/771 1969/2188/728
s 692
f 2013/2232/777 2014/2233/778 2015/2234/778
f 2013/2232/777 2015/2234/778 2016/2235/779
f 2017/2236/780 2018/2237/781 2019/2238/782
f 2017/2236/780 2019/2238/782 2020/2239/783
f 2021/2240/784 2022/2241/785 2023/2242/785
f 2021/2240/784 2023/2242/785 2024/2243/786
f 2025/2244/787 2026/2245/788 2027/2246/789
f 2025/2244/787 2027/2246/789 2028/2247/790
f 2029/2248/791 2030/2249/792 2031/2250/793
f 2029/2248/791 2031/2250/793 2032/2251/791
f 2033/2252/794 2034/2253/795 2035/2254/796
f 2033/2252/794 2035/2254/796 2036/2255/794
f 2037/2256/797 2038/2257/798 2039/2258/799
f 2037/2256/797 2039/2258/799 2040/2259/800
f 2030/2249/792 2025/2244/787 2028/2247/790
f 2030/2249/792 2028/2247/790 2031/2250/793
f 2014/2233/778 2041/2260/801 2042/2261/801
f 2014/2233/778 2042/2261/801 2015/2234/778
f 2018/2237/781 2013/2232/777 2016/2235/779
f 2018/2237/781 2016/2235/779 2019/2238/782
f 2022/2241/785 2017/2236/780 2020/2239/783
f 2022/2241/785 2020/2239/783 2023/2242/785
f 2026/2245/788 2033/2252/794 2036/2255/794
f 2026/2245/788 2036/2255/794 2027/2246/789
f 2034/2253/795 2043/2262/802 2044/2263/803
f 2034/2253/795 2044/2263/803 2035/2254/796
f 2038/2257/798 2029/2248/791 2032/2251/791
f 2038/2257/798 2032/2251/791 2039/2258/799
f 2043/2262/802 2021/2240/784 2024/2243/786
f 2043/2262/802 2024/2243/786 2044/2263/803
f 2041/2260/801 2037/2256/797 2040/2259/800
f 2041/2260/801 2040/2259/800 2042/2261/801
s 73
f 1813/129/59 2063/128/58 2066/2264/804
f 1813/129/59 2066/2264/804 1848/2084/719
f 2064/130/60 1810/132/62 1840/2076/711
f 2064/130/60 1840/2076/711 2067/2265/805
f 2068/2266/806 2069/2267/807 2070/2268/808
f 2068/2266/806 2070/2268/808 2071/2269/809
f 2072/2270/810 2073/2271/811 2074/2272/812
f 2072/2270/810 2074/2272/812 2075/2273/813
f 2076/2274/814 2077/2275/815 2078/2276/816
f 2076/2274/814 2078/2276/816 2079/2277/817
f 2063/128/58 2080/2278/818 2081/2279/819
f 2063/128/58 2081/2279/819 2066/2264/804
f 2069/2267/807 2064/130/60 2067/2265/805
f 2069/2267/807 2067/2265/805 2070/2268/808
f 2073/2271/811 2068/2266/806 2071/2269/809
f 2073/2271/811 2071/2269/809 2074/2272/812
f 2077/2275/815 2072/2270/810 2075/2273/813
f 2077/2275/815 2075/2273/813 2078/2276/816
f 2080/2278/818 2076/2274/814 2079/2277/817
f 2080/2278/818 2079/2277/817 2081/2279/819
s 0
f 2082/2280/63 2083/2281/63 2084/2282/63
f 2082/2280/63 2084/2282/63 2085/2283/63
f 2086/2284/63 2087/2285/63 2088/2286/63
f 2086/2284/63 2088/2286/63 2089/2287/63
f 2089/2287/63 2088/2286/63 2083/2281/63
f 2089/2287/63 2083/2281/63 2082/2280/63
f 2090/2288/5 2091/2287/5 2092/2289/5
f 2090/2288/5 2092/2289/5 2093/2290/5
f 2089/2287/63 2082/2280/63 2094/2291/63
f 2089/2287/63 2094/2291/63 2095/2289/63
f 2093/2290/5 2092/2289/5 2099/2292/5
f 2093/2290/5 2099/2292/5 2100/2293/5
f 2101/2294/2 2102/2295/2 2103/2296/2
f 2101/2294/2 2103/2296/2 2104/2297/2
f 2105/2289/820 2106/2291/820 2107/2298/820
f 2105/2289/820 2107/2298/820 2108/2292/820
f 2109/2299/63 2110/2300/63 2111/2301/63
f 2109/2299/63 2111/2301/63 2112/2302/63
f 2113/2303/63 2114/2304/63 2115/2305/63
f 2113/2303/63 2115/2305/63 2116/2306/63
f 2116/2306/63 2115/2305/63 2110/2300/63
f 2116/2306/63 2110/2300/63 2109/2299/63
f 2117/2307/5 2118/2306/5 2119/2308/5
f 2117/2307/5 2119/2308/5 2120/2309/5
f 2116/2306/63 2109/2299/63 2121/2310/63
f 2116/2306/63 2121/2310/63 2122/2308/63
f 2120/2309/5 2119/2308/5 2123/2311/5
f 2120/2309/5 2123/2311/5 2124/2312/5
f 2125/2308/821 2126/2310/821 2127/2313/821
f 2125/2308/821 2127/2313/821 2128/2311/821
f 2115/2305/63 2114/2304/63 2129/2314/63
f 2115/2305/63 2129/2314/63 2130/2315/63
f 2131/2302/22 2132/2301/22 2133/2316/22
f 2131/2302/22 2133/2316/22 2134/2317/22
f 2135/2304/5 2136/2303/5 2137/2318/5
f 2135/2304/5 2137/2318/5 2138/2319/5
f 2139/2299/22 2140/2320/22 2141/2321/22
f 2139/2299/22 2141/2321/22 2142/2310/22
f 2143/2322/1 2144/2323/1 2145/2324/1
f 2143/2322/1 2145/2324/1 2146/2325/1
f 2142/2310/22 2141/2321/22 2147/2326/22
f 2142/2310/22 2147/2326/22 2148/2313/22
f 2149/2327/5 2117/2307/5 2120/2309/5
f 2149/2327/5 2120/2309/5 2150/2328/5
f 2150/2328/5 2120/2309/5 2124/2312/5
f 2150/2328/5 2124/2312/5 2151/2329/5
f 2152/2330/1 2153/2331/1 2154/2332/1
f 2152/2330/1 2154/2332/1 2155/2333/1
f 2156/2314/1 2157/2334/1 2158/2335/1
f 2156/2314/1 2158/2335/1 2159/2315/1
f 2160/2336/124 2161/2323/124 2162/2337/124
f 2160/2336/124 2162/2337/124 2163/2338/124
f 2164/2325/5 2165/2324/5 2166/2339/5
f 2164/2325/5 2166/2339/5 2167/2340/5
f 2111/2301/63 2110/2300/63 2168/2330/63
f 2111/2301/63 2168/2330/63 2169/2333/63
f 2133/2316/22 2132/2301/22 2170/2333/22
f 2133/2316/22 2170/2333/22 2171/2341/22
f 2135/2304/5 2138/2319/5 2172/2342/5
f 2135/2304/5 2172/2342/5 2173/2314/5
f 2174/2324/124 2175/2343/124 2176/2344/124
f 2174/2324/124 2176/2344/124 2177/2339/124
f 2178/2323/22 2179/2322/22 2180/2345/22
f 2178/2323/22 2180/2345/22 2181/2337/22
f 2182/2346/63 2183/2347/63 2184/2348/63
f 2182/2346/63 2184/2348/63 2185/2349/63
f 2186/2350/63 2187/2351/63 2183/2347/63
f 2186/2350/63 2183/2347/63 2182/2346/63
f 2188/2352/63 2189/2353/63 2187/2351/63
f 2188/2352/63 2187/2351/63 2186/2350/63
f 2190/2354/63 2191/2355/63 2189/2353/63
f 2190/2354/63 2189/2353/63 2188/2352/63
f 2192/2356/63 2193/2357/63 2191/2355/63
f 2192/2356/63 2191/2355/63 2190/2354/63
f 2194/2358/63 2182/2346/63 2185/2349/63
f 2194/2358/63 2185/2349/63 2195/2359/63
f 2196/2360/5 2197/2361/5 2198/2362/5
f 2196/2360/5 2198/2362/5 2199/2363/5
f 2200/2364/63 2188/2352/63 2186/2350/63
f 2200/2364/63 2186/2350/63 2201/2365/63
f 2202/2366/5 2203/2367/5 2204/2368/5
f 2202/2366/5 2204/2368/5 2205/2369/5
f 2206/2370/63 2192/2356/63 2190/2354/63
f 2206/2370/63 2190/2354/63 2207/2371/63
f 2208/137/63 2194/2358/63 2195/2359/63
f 2208/137/63 2195/2359/63 2209/138/63
f 2210/143/63 2201/2365/63 2194/2358/63
f 2210/143/63 2194/2358/63 2208/137/63
f 2211/142/63 2200/2364/63 2201/2365/63
f 2211/142/63 2201/2365/63 2210/143/63
f 2212/141/63 2213/2372/63 2200/2364/63
f 2212/141/63 2200/2364/63 2211/142/63
f 2214/140/63 2215/2373/63 2213/2372/63
f 2214/140/63 2213/2372/63 2212/141/63
f 2216/2374/5 2217/2375/5 2218/2376/5
f 2216/2374/5 2218/2376/5 2219/2377/5
f 2220/2378/22 2221/2379/22 2222/2380/22
f 2220/2378/22 2222/2380/22 2223/2381/22
s 791
f 2184/2348/63 2183/2347/63 2224/2382/822
f 2184/2348/63 2224/2382/822 2225/2383/822
f 2191/2355/63 2193/2357/63 2226/2384/822
f 2191/2355/63 2226/2384/822 2227/2385/822
f 2183/2347/63 2187/2351/63 2228/2386/822
f 2183/2347/63 2228/2386/822 2224/2382/822
f 2187/2351/63 2189/2353/63 2229/2387/822
f 2187/2351/63 2229/2387/822 2228/2386/822
s 792
f 2230/2388/124 2231/2389/823 2232/2390/823
f 2230/2388/124 2232/2390/823 2233/2391/124
s 0
f 2234/2392/5 2235/2393/5 2236/2394/5
f 2234/2392/5 2236/2394/5 2237/2395/5
f 2238/2396/5 2239/2397/5 2240/2398/5
f 2238/2396/5 2240/2398/5 2241/2399/5
f 2242/2360/1 2243/2400/1 2244/2401/1
f 2242/2360/1 2244/2401/1 2245/2402/1
f 2246/2366/1 2247/2403/1 2248/2404/1
f 2246/2366/1 2248/2404/1 2249/2405/1
f 2243/2400/1 2242/2360/1 2250/2363/1
f 2243/2400/1 2250/2363/1 2251/2406/1
f 2252/2407/5 2253/2408/5 2254/2409/5
f 2252/2407/5 2254/2409/5 2255/2410/5
f 2256/2411/5 2257/2412/5 2258/2413/5
f 2256/2411/5 2258/2413/5 2259/2414/5
f 2260/2367/2 2261/2415/2 2262/2416/2
f 2260/2367/2 2262/2416/2 2263/2368/2
f 2264/2417/2 2265/2418/2 2266/2410/2
f 2264/2417/2 2266/2410/2 2267/2419/2
f 2268/2420/1 2269/2421/1 2270/2422/1
f 2268/2420/1 2270/2422/1 2271/2409/1
f 2272/2423/63 2273/2424/63 2274/2425/63
f 2272/2423/63 2274/2425/63 2275/2426/63
f 2276/2419/63 2277/2410/63 2278/2427/63
f 2276/2419/63 2278/2427/63 2279/2428/63
f 2280/2429/22 2281/2430/22 2282/2431/22
f 2280/2429/22 2282/2431/22 2283/2432/22
f 2203/2367/5 2202/2366/5 2284/2405/5
f 2203/2367/5 2284/2405/5 2285/2433/5
f 2286/2400/22 2287/2434/22 2288/2435/22
f 2286/2400/22 2288/2435/22 2289/2401/22
f 2197/2361/5 2196/2360/5 2290/2402/5
f 2197/2361/5 2290/2402/5 2291/2436/5
f 2261/2415/2 2260/2367/2 2292/2433/2
f 2261/2415/2 2292/2433/2 2293/2437/2
s 827
f 2294/2438/824 2295/2361/824 2296/2436/825
f 2294/2438/824 2296/2436/825 2297/2439/825
s 0
f 2298/2414/63 2299/2413/63 2300/2440/63
f 2298/2414/63 2300/2440/63 2301/2441/63
f 2302/2442/63 2272/2423/63 2275/2426/63
f 2302/2442/63 2275/2426/63 2303/2443/63
f 2277/2410/63 2304/2409/63 2305/2444/63
f 2277/2410/63 2305/2444/63 2278/2427/63
f 2306/2422/63 2276/2419/63 2279/2428/63
f 2306/2422/63 2279/2428/63 2307/2445/63
f 2299/2413/63 2302/2442/63 2303/2443/63
f 2299/2413/63 2303/2443/63 2300/2440/63
f 2304/2409/63 2306/2422/63 2307/2445/63
f 2304/2409/63 2307/2445/63 2305/2444/63
s 827
f 2295/2361/824 2294/2438/824 2308/2446/2
f 2295/2361/824 2308/2446/2 2309/2362/2
s 0
f 2310/2447/22 2311/2448/22 2312/2423/22
f 2310/2447/22 2312/2423/22 2313/2442/22
f 2247/2403/1 2246/2366/1 2314/2369/1
f 2247/2403/1 2314/2369/1 2315/2449/1
f 2316/2450/22 2317/2451/22 2318/2419/22
f 2316/2450/22 2318/2419/22 2319/2422/22
f 2280/2429/22 2320/2403/22 2321/2449/22
f 2280/2429/22 2321/2449/22 2322/2452/22
f 2323/2453/1 2324/2454/1 2325/2442/1
f 2323/2453/1 2325/2442/1 2326/2413/1
f 2327/2455/2 2328/2456/2 2329/2424/2
f 2327/2455/2 2329/2424/2 2330/2423/2
f 2287/2434/22 2286/2400/22 2331/2406/22
f 2287/2434/22 2331/2406/22 2332/2457/22
f 2215/2373/63 2206/2370/63 2207/2371/63
f 2215/2373/63 2207/2371/63 2213/2372/63
f 2333/2458/1 2334/2459/1 2335/2460/1
f 2333/2458/1 2335/2460/1 2336/2461/1
f 2337/2462/5 2256/2411/5 2259/2414/5
f 2337/2462/5 2259/2414/5 2338/2424/5
f 2320/2403/22 2280/2429/22 2283/2432/22
f 2320/2403/22 2283/2432/22 2339/2404/22
f 2273/2424/63 2298/2414/63 2301/2441/63
f 2273/2424/63 2301/2441/63 2274/2425/63
f 2281/2430/22 2280/2429/22 2322/2452/22
f 2281/2430/22 2322/2452/22 2340/2463/22
s 791
f 2189/2353/63 2191/2355/63 2227/2385/822
f 2189/2353/63 2227/2385/822 2229/2387/822
s 0
f 2341/2349/22 2342/2348/22 2343/2464/22
f 2341/2349/22 2343/2464/22 2344/2465/22
s 868
f 2345/2466/826 2346/2467/827 2347/2468/827
f 2345/2466/826 2347/2468/827 2348/2376/826
f 2349/2469/822 2350/2470/826 2351/2471/826
f 2349/2469/822 2351/2471/826 2352/2472/822
f 2353/2473/828 2345/2466/826 2348/2376/826
f 2353/2473/828 2348/2376/826 2354/2474/828
f 2356/2475/829 2357/2476/1 2358/2477/1
f 2356/2475/829 2358/2477/1 2359/2478/829
s 0
f 2360/2359/22 2341/2349/22 2344/2465/22
f 2360/2359/22 2344/2465/22 2361/2479/22
f 2362/2357/5 2363/2356/5 2364/2480/5
f 2362/2357/5 2364/2480/5 2365/2481/5
f 2366/2370/5 2367/2373/5 2239/2397/5
f 2366/2370/5 2239/2397/5 2238/2396/5
f 2368/138/22 2360/2359/22 2361/2479/22
f 2368/138/22 2361/2479/22 2369/150/22
f 2363/2356/5 2366/2370/5 2238/2396/5
f 2363/2356/5 2238/2396/5 2364/2480/5
s 879
f 2370/144/124 2371/2459/124 2372/2482/830
f 2370/144/124 2372/2482/830 2373/2483/830
s 0
f 2371/2459/124 2370/144/124 2374/159/124
f 2371/2459/124 2374/159/124 2375/2460/124
f 2376/2484/5 2377/2485/5 2378/2486/5
f 2376/2484/5 2378/2486/5 2379/2487/5
s 884
f 2334/2459/1 2333/2458/1 2380/2488/831
f 2334/2459/1 2380/2488/831 2381/2482/831
s 0
f 2382/2489/5 2376/2484/5 2379/2487/5
f 2382/2489/5 2379/2487/5 2383/2490/5
f 2377/2485/5 2384/2491/5 2385/2492/5
f 2377/2485/5 2385/2492/5 2378/2486/5
f 2386/2493/63 2387/2494/63 2388/2485/63
f 2386/2493/63 2388/2485/63 2389/2484/63
f 2390/2495/1 2391/2496/1 2392/2484/1
f 2390/2495/1 2392/2484/1 2393/2489/1
f 2394/2497/2 2395/2498/2 2396/2491/2
f 2394/2497/2 2396/2491/2 2397/2485/2
f 2239/2397/5 2399/147/5 2400/149/5
f 2239/2397/5 2400/149/5 2240/2398/5
f 2367/2373/5 2401/140/5 2399/147/5
f 2367/2373/5 2399/147/5 2239/2397/5
s 792
f 2231/2389/823 2402/2499/832 2403/2500/832
f 2231/2389/823 2403/2500/832 2232/2390/823
s 0
f 2404/2501/2 2405/2502/2 2406/2503/2
f 2404/2501/2 2406/2503/2 2407/2504/2
s 868
f 2408/2505/829 2409/2506/1 2410/2507/1
f 2408/2505/829 2410/2507/1 2411/2508/829
f 2412/2509/829 2413/2510/1 2409/2506/1
f 2412/2509/829 2409/2506/1 2408/2505/829
f 2414/2511/829 2415/2512/1 2413/2510/1
f 2414/2511/829 2413/2510/1 2412/2509/829
f 2416/2513/829 2417/2514/1 2415/2512/1
f 2416/2513/829 2415/2512/1 2414/2511/829
f 2418/2515/829 2419/2516/1 2417/2514/1
f 2418/2515/829 2417/2514/1 2416/2513/829
f 2420/2517/833 2421/2518/826 2422/2519/826
f 2420/2517/833 2422/2519/826 2423/2520/827
f 2424/2521/833 2425/2522/826 2421/2518/826
f 2424/2521/833 2421/2518/826 2420/2517/833
f 2426/2523/833 2427/2524/826 2425/2522/826
f 2426/2523/833 2425/2522/826 2424/2521/833
f 2428/2525/833 2429/2526/826 2427/2524/826
f 2428/2525/833 2427/2524/826 2426/2523/833
f 2430/2527/827 2431/2528/826 2429/2526/826
f 2430/2527/827 2429/2526/826 2428/2525/833
s 0
f 2432/2529/5 2433/2530/5 2434/2531/5
f 2432/2529/5 2434/2531/5 2435/2532/5
f 2436/2533/2 2437/2534/2 2438/2530/2
f 2436/2533/2 2438/2530/2 2439/2529/2
s 868
f 2346/2467/827 2440/2535/63 2441/2536/63
f 2346/2467/827 2441/2536/63 2347/2468/827
s 0
f 2442/2537/2 2443/2538/2 2444/2375/2
f 2442/2537/2 2444/2375/2 2445/2374/2
f 2446/2539/22 2447/2540/22 2448/2541/22
f 2446/2539/22 2448/2541/22 2449/2471/22
f 2450/2542/22 2446/2539/22 2449/2471/22
f 2450/2542/22 2449/2471/22 2451/2543/22
f 2452/2544/2 2453/2545/2 2454/2546/2
f 2452/2544/2 2454/2546/2 2455/2547/2
s 868
f 2456/2548/63 2349/2469/822 2352/2472/822
f 2456/2548/63 2352/2472/822 2457/2549/63
s 0
f 2453/2545/2 2458/2550/2 2459/2551/2
f 2453/2545/2 2459/2551/2 2454/2546/2
f 2344/2465/22 2343/2464/22 2460/2552/22
f 2344/2465/22 2460/2552/22 2461/2553/22
f 2461/2553/22 2460/2552/22 2221/2379/22
f 2461/2553/22 2221/2379/22 2220/2378/22
f 2365/2481/5 2364/2480/5 2462/2554/5
f 2365/2481/5 2462/2554/5 2463/2555/5
f 2463/2555/5 2462/2554/5 2235/2393/5
f 2463/2555/5 2235/2393/5 2234/2392/5
s 868
f 2464/2556/1 2465/2557/829 2466/2532/829
f 2464/2556/1 2466/2532/829 2467/2531/1
f 2465/2557/829 2353/2473/828 2354/2474/828
f 2465/2557/829 2354/2474/828 2466/2532/829
f 2350/2470/826 2468/2558/828 2469/2543/828
f 2350/2470/826 2469/2543/828 2351/2471/826
f 2468/2558/828 2356/2475/829 2359/2478/829
f 2468/2558/828 2359/2478/829 2469/2543/828
s 0
f 2473/2559/5 2474/2560/5 2475/2561/5
f 2473/2559/5 2475/2561/5 2476/2562/5
f 2474/2560/5 2382/2489/5 2383/2490/5
f 2474/2560/5 2383/2490/5 2475/2561/5
f 2477/2563/1 2478/2564/1 2479/2560/1
f 2477/2563/1 2479/2560/1 2480/2559/1
f 2478/2564/1 2390/2495/1 2393/2489/1
f 2478/2564/1 2393/2489/1 2479/2560/1
f 2481/2499/2 2482/2565/2 2483/2566/2
f 2481/2499/2 2483/2566/2 2484/2500/2
f 2482/2565/2 2404/2501/2 2407/2504/2
f 2482/2565/2 2407/2504/2 2483/2566/2
s 868
f 2421/2518/826 2485/2567/828 2486/2568/828
f 2421/2518/826 2486/2568/828 2422/2519/826
f 2485/2567/828 2408/2505/829 2411/2508/829
f 2485/2567/828 2411/2508/829 2486/2568/828
f 2425/2522/826 2487/2569/828 2485/2567/828
f 2425/2522/826 2485/2567/828 2421/2518/826
f 2487/2569/828 2412/2509/829 2408/2505/829
f 2487/2569/828 2408/2505/829 2485/2567/828
f 2427/2524/826 2488/2570/828 2487/2569/828
f 2427/2524/826 2487/2569/828 2425/2522/826
f 2488/2570/828 2414/2511/829 2412/2509/829
f 2488/2570/828 2412/2509/829 2487/2569/828
f 2429/2526/826 2489/2571/828 2488/2570/828
f 2429/2526/826 2488/2570/828 2427/2524/826
f 2489/2571/828 2416/2513/829 2414/2511/829
f 2489/2571/828 2414/2511/829 2488/2570/828
f 2431/2528/826 2490/2572/828 2489/2571/828
f 2431/2528/826 2489/2571/828 2429/2526/826
f 2490/2572/828 2418/2515/829 2416/2513/829
f 2490/2572/828 2416/2513/829 2489/2571/828
s 0
f 2217/2375/5 2491/2573/5 2492/2474/5
f 2217/2375/5 2492/2474/5 2218/2376/5
f 2491/2573/5 2432/2529/5 2435/2532/5
f 2491/2573/5 2435/2532/5 2492/2474/5
f 2443/2538/2 2493/2574/2 2494/2573/2
f 2443/2538/2 2494/2573/2 2444/2375/2
f 2493/2574/2 2436/2533/2 2439/2529/2
f 2493/2574/2 2439/2529/2 2494/2573/2
f 2495/2575/22 2496/2576/22 2497/2478/22
f 2495/2575/22 2497/2478/22 2498/2477/22
f 2496/2576/22 2450/2542/22 2451/2543/22
f 2496/2576/22 2451/2543/22 2497/2478/22
f 2499/2577/2 2500/2578/2 2501/2579/2
f 2499/2577/2 2501/2579/2 2502/2580/2
f 2500/2578/2 2452/2544/2 2455/2547/2
f 2500/2578/2 2455/2547/2 2501/2579/2
f 2401/140/5 2505/139/5 2503/148/5
f 2401/140/5 2503/148/5 2399/147/5
f 2398/139/63 2211/142/63 2210/143/63
f 2398/139/63 2210/143/63 2355/136/63
s 868
f 2423/2520/827 2422/2519/826 2350/2470/826
f 2423/2520/827 2350/2470/826 2349/2469/822
f 2411/2508/829 2410/2507/1 2357/2476/1
f 2411/2508/829 2357/2476/1 2356/2475/829
s 0
f 2506/2581/2 2507/2582/2 2453/2545/2
f 2506/2581/2 2453/2545/2 2452/2544/2
s 868
f 2508/2583/63 2423/2520/827 2349/2469/822
f 2508/2583/63 2349/2469/822 2456/2548/63
s 0
f 2507/2582/2 2509/2584/2 2458/2550/2
f 2507/2582/2 2458/2550/2 2453/2545/2
s 868
f 2422/2519/826 2486/2568/828 2468/2558/828
f 2422/2519/826 2468/2558/828 2350/2470/826
f 2486/2568/828 2411/2508/829 2356/2475/829
f 2486/2568/828 2356/2475/829 2468/2558/828
s 0
f 2510/2585/2 2511/2586/2 2500/2578/2
f 2510/2585/2 2500/2578/2 2499/2577/2
f 2511/2586/2 2506/2581/2 2452/2544/2
f 2511/2586/2 2452/2544/2 2500/2578/2
s 868
f 2431/2528/826 2430/2527/827 2346/2467/827
f 2431/2528/826 2346/2467/827 2345/2466/826
f 2490/2572/828 2431/2528/826 2345/2466/826
f 2490/2572/828 2345/2466/826 2353/2473/828
s 0
f 2512/2587/2 2513/2588/2 2437/2534/2
f 2512/2587/2 2437/2534/2 2436/2533/2
s 868
f 2430/2527/827 2514/2589/63 2440/2535/63
f 2430/2527/827 2440/2535/63 2346/2467/827
s 0
f 2515/2590/2 2516/2591/2 2443/2538/2
f 2515/2590/2 2443/2538/2 2442/2537/2
s 868
f 2419/2516/1 2418/2515/829 2465/2557/829
f 2419/2516/1 2465/2557/829 2464/2556/1
f 2418/2515/829 2490/2572/828 2353/2473/828
f 2418/2515/829 2353/2473/828 2465/2557/829
s 0
f 2516/2591/2 2517/2592/2 2493/2574/2
f 2516/2591/2 2493/2574/2 2443/2538/2
f 2517/2592/2 2512/2587/2 2436/2533/2
f 2517/2592/2 2436/2533/2 2493/2574/2
s 971
f 2518/2593/2 2470/144/2 2519/2483/834
f 2518/2593/2 2519/2483/834 2520/2594/834
s 0
f 2470/144/2 2518/2593/2 2521/2595/2
f 2470/144/2 2521/2595/2 2471/145/2
s 974
f 2522/2596/1 2523/2597/1 2524/2598/835
f 2522/2596/1 2524/2598/835 2525/2599/835
f 2525/2599/835 2524/2598/835 2526/2600/836
f 2525/2599/835 2526/2600/836 2527/2601/837
f 2527/2601/837 2526/2600/836 2528/2602/838
f 2527/2601/837 2528/2602/838 2529/2603/839
f 2529/2603/839 2528/2602/838 2530/2604/124
f 2529/2603/839 2530/2604/124 2531/2605/840
f 2531/2605/840 2530/2604/124 2532/2606/841
f 2531/2605/840 2532/2606/841 2533/2607/842
f 2533/2607/842 2532/2606/841 2534/2608/843
f 2533/2607/842 2534/2608/843 2535/2609/844
s 975
f 2536/2610/845 2537/2611/846 2538/2612/847
f 2536/2610/845 2538/2612/847 2539/2613/848
f 2539/2613/848 2538/2612/847 2540/2614/2
f 2539/2613/848 2540/2614/2 2541/2615/2
s 0
f 2542/2616/5 2543/2617/5 2544/2618/5
f 2542/2616/5 2544/2618/5 2545/2619/5
f 2546/2620/5 2547/2621/5 2548/2622/5
f 2546/2620/5 2548/2622/5 2549/2623/5
f 2550/2624/5 2551/2625/5 2552/2626/5
f 2550/2624/5 2552/2626/5 2553/2627/5
f 2554/2628/5 2542/2616/5 2545/2619/5
f 2554/2628/5 2545/2619/5 2555/2629/5
f 2556/2630/5 2546/2620/5 2549/2623/5
f 2556/2630/5 2549/2623/5 2557/2631/5
f 2543/2617/5 2550/2624/5 2553/2627/5
f 2543/2617/5 2553/2627/5 2544/2618/5
f 2547/2621/5 2558/2632/5 2559/2633/5
f 2547/2621/5 2559/2633/5 2548/2622/5
f 2551/2625/5 2556/2630/5 2557/2631/5
f 2551/2625/5 2557/2631/5 2552/2626/5
s 992
f 2560/2619/849 2561/2618/850 2562/2634/850
f 2560/2619/849 2562/2634/850 2563/2635/849
f 2564/2627/851 2565/2626/124 2566/2636/124
f 2564/2627/851 2566/2636/124 2567/2637/851
f 2568/2631/852 2569/2623/836 2570/2638/836
f 2568/2631/852 2570/2638/836 2571/2639/852
f 2572/2622/853 2573/2633/1 2574/2640/1
f 2572/2622/853 2574/2640/1 2575/2641/853
f 2576/2629/2 2560/2619/849 2563/2635/849
f 2576/2629/2 2563/2635/849 2577/2642/2
f 2561/2618/850 2564/2627/851 2567/2637/851
f 2561/2618/850 2567/2637/851 2562/2634/850
f 2565/2626/124 2568/2631/852 2571/2639/852
f 2565/2626/124 2571/2639/852 2566/2636/124
f 2569/2623/836 2572/2622/853 2575/2641/853
f 2569/2623/836 2575/2641/853 2570/2638/836
s 0
f 2578/2641/22 2579/2640/22 2580/2643/22
f 2578/2641/22 2580/2643/22 2581/2644/22
f 2582/2642/22 2583/2635/22 2584/2645/22
f 2582/2642/22 2584/2645/22 2585/2646/22
f 2586/2634/22 2587/2637/22 2588/2647/22
f 2586/2634/22 2588/2647/22 2589/2648/22
f 2590/2636/22 2591/2639/22 2592/2649/22
f 2590/2636/22 2592/2649/22 2593/2650/22
f 2594/2638/22 2578/2641/22 2581/2644/22
f 2594/2638/22 2581/2644/22 2595/2651/22
f 2583/2635/22 2586/2634/22 2589/2648/22
f 2583/2635/22 2589/2648/22 2584/2645/22
f 2587/2637/22 2590/2636/22 2593/2650/22
f 2587/2637/22 2593/2650/22 2588/2647/22
f 2591/2639/22 2594/2638/22 2595/2651/22
f 2591/2639/22 2595/2651/22 2592/2649/22
s 1009
f 2596/2651/836 2597/2644/854 2598/2652/854
f 2596/2651/836 2598/2652/854 2599/2653/836
f 2600/2645/847 2601/2648/843 2602/2654/843
f 2600/2645/847 2602/2654/843 2603/2655/855
f 2604/2647/841 2605/2650/124 2606/2656/124
f 2604/2647/841 2606/2656/124 2607/2657/841
f 2608/2649/838 2596/2651/836 2599/2653/836
f 2608/2649/838 2599/2653/836 2609/2658/838
f 2597/2644/854 2610/2643/1 2611/2659/1
f 2597/2644/854 2611/2659/1 2598/2652/854
f 2612/2646/2 2600/2645/847 2603/2655/855
f 2612/2646/2 2603/2655/855 2613/2660/2
f 2601/2648/843 2604/2647/841 2607/2657/841
f 2601/2648/843 2607/2657/841 2602/2654/843
f 2605/2650/124 2608/2649/838 2609/2658/838
f 2605/2650/124 2609/2658/838 2606/2656/124
s 0
f 2614/2661/124 2615/2662/124 2616/2663/124
f 2614/2661/124 2616/2663/124 2617/2664/124
f 2618/2662/5 2619/2665/5 2620/2666/5
f 2618/2662/5 2620/2666/5 2621/2667/5
f 2622/2665/63 2623/2668/63 2624/2669/63
f 2622/2665/63 2624/2669/63 2625/2670/63
f 2626/2668/1 2627/2665/1 2628/2662/1
f 2626/2668/1 2628/2662/1 2629/2661/1
s 974
f 2533/2607/842 2535/2609/844 2630/2671/856
f 2533/2607/842 2630/2671/856 2631/2672/857
f 2632/2673/858 2633/2674/859 2634/2675/860
f 2632/2673/858 2634/2675/860 2635/2676/861
f 2636/2677/1 2637/2678/1 2638/2679/835
f 2636/2677/1 2638/2679/835 2639/2680/835
f 2637/2678/1 2522/2596/1 2525/2599/835
f 2637/2678/1 2525/2599/835 2638/2679/835
f 2639/2680/835 2638/2679/835 2633/2674/859
f 2639/2680/835 2633/2674/859 2640/2681/836
f 2638/2679/835 2525/2599/835 2527/2601/837
f 2638/2679/835 2527/2601/837 2633/2674/859
f 2640/2681/836 2633/2674/859 2632/2673/858
f 2640/2681/836 2632/2673/858 2641/2682/838
f 2642/2683/862 2632/2673/858 2635/2676/861
f 2642/2683/862 2635/2676/861 2643/2684/863
f 2641/2682/838 2632/2673/858 2642/2683/862
f 2641/2682/838 2642/2683/862 2644/2685/124
f 2644/2685/124 2642/2683/862 2645/2686/864
f 2644/2685/124 2645/2686/864 2646/2687/841
f 2633/2674/859 2527/2601/837 2647/2688/865
f 2633/2674/859 2647/2688/865 2634/2675/860
f 2646/2687/841 2645/2686/864 2648/2689/866
f 2646/2687/841 2648/2689/866 2649/2690/843
f 2645/2686/864 2642/2683/862 2643/2684/863
f 2645/2686/864 2643/2684/863 2650/2691/867
s 975
f 2651/2692/846 2652/2693/868 2653/2694/848
f 2651/2692/846 2653/2694/848 2654/2695/848
f 2652/2693/868 2536/2610/845 2539/2613/848
f 2652/2693/868 2539/2613/848 2653/2694/848
f 2654/2695/848 2653/2694/848 2655/2696/2
f 2654/2695/848 2655/2696/2 2656/2697/2
f 2653/2694/848 2539/2613/848 2541/2615/2
f 2653/2694/848 2541/2615/2 2655/2696/2
s 974
f 2634/2675/860 2647/2688/865 2657/2698/869
f 2634/2675/860 2657/2698/869 2658/2699/861
f 2658/2699/861 2657/2698/869 2659/2700/870
f 2658/2699/861 2659/2700/870 2660/2701/871
f 2660/2701/871 2659/2700/870 2661/2702/857
f 2660/2701/871 2661/2702/857 2662/2703/867
f 2662/2703/867 2661/2702/857 2663/2704/872
f 2662/2703/867 2663/2704/872 2664/2705/873
f 2531/2605/840 2533/2607/842 2631/2672/857
f 2531/2605/840 2631/2672/857 2665/2706/874
f 2529/2603/839 2531/2605/840 2665/2706/874
f 2529/2603/839 2665/2706/874 2666/2707/869
f 2527/2601/837 2529/2603/839 2666/2707/869
f 2527/2601/837 2666/2707/869 2647/2688/865
s 975
f 2536/2610/845 2652/2693/868 2667/2708/875
f 2536/2610/845 2667/2708/875 2668/2709/876
s 974
f 2648/2689/866 2645/2686/864 2650/2691/867
f 2648/2689/866 2650/2691/867 2669/2710/877
s 1018
f 2670/2711/1 2671/2712/1 2672/2713/878
f 2670/2711/1 2672/2713/878 2673/2714/878
f 2673/2714/878 2672/2713/878 2674/2715/5
f 2673/2714/878 2674/2715/5 2675/2716/5
f 2675/2716/5 2674/2715/5 2676/2717/879
f 2675/2716/5 2676/2717/879 2677/2718/879
f 2677/2718/879 2676/2717/879 2678/2719/2
f 2677/2718/879 2678/2719/2 2679/2720/2
f 2680/2721/2 2681/2722/2 2682/2723/880
f 2680/2721/2 2682/2723/880 2683/2724/880
f 2683/2724/880 2682/2723/880 2684/2725/22
f 2683/2724/880 2684/2725/22 2685/2726/22
f 2685/2726/22 2684/2725/22 2686/2727/881
f 2685/2726/22 2686/2727/881 2687/2728/881
f 2687/2728/881 2686/2727/881 2671/2712/1
f 2687/2728/881 2671/2712/1 2670/2711/1
s 1019
f 2688/2729/124 2689/2730/124 2690/2731/328
f 2688/2729/124 2690/2731/328 2691/2732/328
f 2691/2732/328 2690/2731/328 2692/2733/5
f 2691/2732/328 2692/2733/5 2693/2734/5
f 2694/2735/5 2695/2736/5 2696/2737/307
f 2694/2735/5 2696/2737/307 2697/2738/307
f 2697/2738/307 2696/2737/307 2698/2739/63
f 2697/2738/307 2698/2739/63 2699/2740/63
f 2699/2740/63 2698/2739/63 2700/2741/314
f 2699/2740/63 2700/2741/314 2701/2742/314
f 2701/2742/314 2700/2741/314 2702/2743/22
f 2701/2742/314 2702/2743/22 2703/2744/22
f 2703/2744/22 2702/2743/22 2704/2745/362
f 2703/2744/22 2704/2745/362 2705/2746/362
f 2705/2746/362 2704/2745/362 2689/2730/124
f 2705/2746/362 2689/2730/124 2688/2729/124
s 1020
f 2706/2747/124 2707/2748/124 2708/2749/328
f 2706/2747/124 2708/2749/328 2709/2750/328
f 2709/2750/328 2708/2749/328 2710/2751/5
f 2709/2750/328 2710/2751/5 2711/2752/5
f 2711/2752/5 2710/2751/5 2712/2753/307
f 2711/2752/5 2712/2753/307 2713/2754/307
f 2713/2754/307 2712/2753/307 2714/2755/63
f 2713/2754/307 2714/2755/63 2715/2756/63
f 2715/2756/63 2714/2755/63 2716/2757/314
f 2715/2756/63 2716/2757/314 2717/2758/314
f 2717/2758/314 2716/2757/314 2718/2759/22
f 2717/2758/314 2718/2759/22 2719/2760/22
f 2720/2761/22 2721/2762/22 2722/2763/362
f 2720/2761/22 2722/2763/362 2723/2764/362
f 2723/2764/362 2722/2763/362 2707/2748/124
f 2723/2764/362 2707/2748/124 2706/2747/124
s 1021
f 2724/2765/1 2725/2766/1 2726/2767/878
f 2724/2765/1 2726/2767/878 2727/2768/878
f 2727/2768/878 2726/2767/878 2728/2769/5
f 2727/2768/878 2728/2769/5 2729/2770/5
f 2729/2770/5 2728/2769/5 2730/2771/879
f 2729/2770/5 2730/2771/879 2731/2772/879
f 2731/2772/879 2730/2771/879 2732/2773/2
f 2731/2772/879 2732/2773/2 2733/2774/2
f 2734/2775/2 2735/2776/2 2736/2777/880
f 2734/2775/2 2736/2777/880 2737/2778/880
f 2737/2778/880 2736/2777/880 2738/2779/22
f 2737/2778/880 2738/2779/22 2739/2780/22
f 2739/2780/22 2738/2779/22 2740/2781/881
f 2739/2780/22 2740/2781/881 2741/2782/881
f 2741/2782/881 2740/2781/881 2725/2766/1
f 2741/2782/881 2725/2766/1 2724/2765/1
s 1022
f 2742/2783/1 2743/2784/1 2744/2785/878
f 2742/2783/1 2744/2785/878 2745/2786/878
f 2745/2786/878 2744/2785/878 2746/2787/5
f 2745/2786/878 2746/2787/5 2747/2788/5
f 2747/2788/5 2746/2787/5 2748/2789/879
f 2747/2788/5 2748/2789/879 2749/2790/879
f 2749/2790/879 2748/2789/879 2750/2791/2
f 2749/2790/879 2750/2791/2 2751/2792/2
f 2752/2793/2 2753/2794/2 2754/2795/880
f 2752/2793/2 2754/2795/880 2755/2796/880
f 2755/2796/880 2754/2795/880 2756/2797/22
f 2755/2796/880 2756/2797/22 2757/2798/22
f 2757/2798/22 2756/2797/22 2758/2799/881
f 2757/2798/22 2758/2799/881 2759/2800/881
f 2759/2800/881 2758/2799/881 2743/2784/1
f 2759/2800/881 2743/2784/1 2742/2783/1
s 0
f 2760/2801/5 2761/2802/5 2762/2803/5
f 2760/2801/5 2762/2803/5 2763/2804/5
f 2764/2805/22 2765/2806/22 2766/2807/22
f 2764/2805/22 2766/2807/22 2767/2808/22
f 2768/2809/1 2769/2810/1 2770/2804/1
f 2768/2809/1 2770/2804/1 2771/2811/1
s 84
f 2772/2812/882 2773/2813/883 2774/2808/884
f 2772/2812/882 2774/2808/884 2775/2807/885
s 0
f 2776/2814/1 2777/2815/1 2778/2812/1
f 2776/2814/1 2778/2812/1 2779/2807/1
f 2777/2815/1 2768/2809/1 2771/2811/1
f 2777/2815/1 2771/2811/1 2778/2812/1
s 84
f 2780/2804/886 2781/2803/887 2782/2816/888
f 2780/2804/886 2782/2816/888 2783/2811/889
f 2783/2811/889 2782/2816/888 2773/2813/883
f 2783/2811/889 2773/2813/883 2772/2812/882
f 2784/2817/890 2785/2818/124 2786/2819/891
f 2784/2817/890 2786/2819/891 2787/2820/892
f 2773/2813/883 2782/2816/888 2787/2820/892
f 2773/2813/883 2787/2820/892 2786/2819/891
f 2788/2821/893 2787/2820/892 2782/2816/888
f 2788/2821/893 2782/2816/888 2781/2803/887
f 2789/2822/894 2774/2808/884 2773/2813/883
f 2789/2822/894 2773/2813/883 2786/2819/891
f 2785/2818/124 2784/2817/890 2790/2823/895
f 2785/2818/124 2790/2823/895 2791/2824/124
s 0
f 2792/2824/2 2793/2823/2 2794/157/2
f 2792/2824/2 2794/157/2 2102/2295/2
f 2795/2825/22 2796/2826/22 2797/2827/22
f 2795/2825/22 2797/2827/22 2798/2828/22
f 2799/2829/22 2764/2805/22 2796/2826/22
f 2799/2829/22 2796/2826/22 2795/2825/22
f 2800/2830/22 2765/2806/22 2764/2805/22
f 2800/2830/22 2764/2805/22 2799/2829/22
f 2764/2805/22 2767/2808/22 2801/2822/22
f 2764/2805/22 2801/2822/22 2796/2826/22
f 2802/2831/1 2777/2815/1 2776/2814/1
f 2802/2831/1 2776/2814/1 2803/2832/1
f 2801/2822/22 2804/2833/22 2797/2827/22
f 2801/2822/22 2797/2827/22 2796/2826/22
f 2805/2834/1 2768/2809/1 2777/2815/1
f 2805/2834/1 2777/2815/1 2802/2831/1
f 2806/2835/1 2769/2810/1 2768/2809/1
f 2806/2835/1 2768/2809/1 2805/2834/1
f 2804/2833/22 2807/2836/22 2808/160/22
f 2804/2833/22 2808/160/22 2797/2827/22
f 2097/134/22 2808/160/22 2807/2836/22
f 2097/134/22 2807/2836/22 2809/2837/22
f 2810/2836/124 2785/2818/124 2791/2824/124
f 2810/2836/124 2791/2824/124 2811/2837/124
f 2792/2824/2 2102/2295/2 2101/2294/2
f 2792/2824/2 2101/2294/2 2812/2837/2
f 2813/152/5 2814/151/5 2762/2803/5
f 2813/152/5 2762/2803/5 2761/2802/5
s 84
f 2815/155/64 2788/2821/893 2781/2803/887
f 2815/155/64 2781/2803/887 2816/151/65
s 0
f 2819/2838/5 2820/2839/5 2821/2840/5
f 2819/2838/5 2821/2840/5 2822/2841/5
f 2818/154/5 2819/2838/5 2822/2841/5
f 2818/154/5 2822/2841/5 2817/153/5
s 84
f 2815/155/64 2823/153/66 2790/2823/895
f 2815/155/64 2790/2823/895 2784/2817/890
s 0
f 2793/2823/2 2826/153/2 2825/158/2
f 2793/2823/2 2825/158/2 2794/157/2
f 2827/2842/1 2828/2388/1 2829/2391/1
f 2827/2842/1 2829/2391/1 2830/2843/1
f 2504/136/22 2369/150/22 2831/2844/22
f 2504/136/22 2831/2844/22 2832/2845/22
s 884
f 2381/2482/831 2380/2488/831 2833/2846/896
f 2381/2482/831 2833/2846/896 2834/2847/896
s 879
f 2372/2482/830 2836/2847/897 2837/2848/897
f 2372/2482/830 2837/2848/897 2373/2483/830
s 971
f 2519/2483/834 2838/2848/898 2839/2849/898
f 2519/2483/834 2839/2849/898 2520/2594/834
s 1071
f 2840/2850/516 2841/2851/899 2842/2852/900
f 2840/2850/516 2842/2852/900 2843/2853/516
f 2844/2854/901 2845/2855/5 2846/2856/5
f 2844/2854/901 2846/2856/5 2847/2857/902
f 2848/2858/328 2849/2859/326 2850/2860/326
f 2848/2858/328 2850/2860/326 2851/2861/328
f 2852/2862/309 2853/2863/307 2854/2864/307
f 2852/2862/309 2854/2864/307 2855/2865/309
f 2845/2855/5 2856/2866/330 2857/2867/330
f 2845/2855/5 2857/2867/330 2846/2856/5
f 2858/2868/903 2859/2869/63 2860/2870/63
f 2858/2868/903 2860/2870/63 2861/2871/904
f 2862/2872/905 2863/2873/314 2864/2874/314
f 2862/2872/905 2864/2874/314 2865/2875/906
f 2866/2876/319 2867/2877/22 2868/2878/22
f 2866/2876/319 2868/2878/22 2869/2879/319
f 2841/2851/899 2870/2880/362 2871/2881/907
f 2841/2851/899 2871/2881/907 2842/2852/900
f 2849/2859/326 2872/2882/908 2873/2883/908
f 2849/2859/326 2873/2883/908 2850/2860/326
f 2853/2863/307 2844/2854/901 2847/2857/902
f 2853/2863/307 2847/2857/902 2854/2864/307
f 2856/2866/330 2848/2858/328 2851/2861/328
f 2856/2866/330 2851/2861/328 2857/2867/330
f 2859/2869/63 2852/2862/309 2855/2865/309
f 2859/2869/63 2855/2865/309 2860/2870/63
f 2863/2873/314 2858/2868/903 2861/2871/904
f 2863/2873/314 2861/2871/904 2864/2874/314
f 2867/2877/22 2862/2872/905 2865/2875/906
f 2867/2877/22 2865/2875/906 2868/2878/22
f 2870/2880/362 2866/2876/319 2869/2879/319
f 2870/2880/362 2869/2879/319 2871/2881/907
s 108
f 2874/2884/2 2875/2885/909 2876/2886/910
f 2874/2884/2 2876/2886/910 2877/2887/198
f 2877/2887/198 2876/2886/910 2878/2888/911
f 2877/2887/198 2878/2888/911 2879/2889/190
f 2879/2889/190 2878/2888/911 2880/2890/912
f 2879/2889/190 2880/2890/912 2881/2891/199
f 2881/2891/199 2880/2890/912 2882/2892/913
f 2881/2891/199 2882/2892/913 2883/2893/63
f 2883/2893/63 2882/2892/913 2884/2894/914
f 2883/2893/63 2884/2894/914 2885/2895/200
f 2885/2895/200 2884/2894/914 2886/2896/915
f 2885/2895/200 2886/2896/915 2887/2897/916
f 2887/2897/916 2886/2896/915 2888/2898/917
f 2887/2897/916 2888/2898/917 2889/2899/201
f 2889/2899/201 2888/2898/917 2890/2900/918
f 2889/2899/201 2890/2900/918 2891/2901/1
f 2891/2901/1 2890/2900/918 2892/2902/919
f 2891/2901/1 2892/2902/919 2893/2903/202
f 2893/2903/202 2892/2902/919 2894/2904/920
f 2893/2903/202 2894/2904/920 2895/2905/921
f 2895/2905/921 2894/2904/920 2896/2906/922
f 2895/2905/921 2896/2906/922 2897/2907/203
f 2897/2907/203 2896/2906/922 2898/2908/923
f 2897/2907/203 2898/2908/923 2899/2909/124
f 2899/2909/124 2898/2908/923 2900/2910/924
f 2899/2909/124 2900/2910/924 2901/2911/204
f 2901/2911/204 2900/2910/924 2902/2912/925
f 2901/2911/204 2902/2912/925 2903/2913/187
f 2903/2913/187 2902/2912/925 2904/2914/926
f 2903/2913/187 2904/2914/926 2905/2915/205
f 2905/2915/205 2904/2914/926 2906/2916/927
f 2905/2915/205 2906/2916/927 2907/2917/928
f 2908/2918/912 2909/2919/929 2910/195/71
f 2908/2918/912 2910/195/71 2911/191/68
f 2912/2920/925 2913/2921/930 2914/197/73
f 2912/2920/925 2914/197/73 2915/194/70
f 2916/2922/915 2917/2923/914 2918/205/81
f 2916/2922/915 2918/205/81 2919/204/80
f 2920/2924/919 2921/2925/918 2922/202/78
f 2920/2924/919 2922/202/78 2923/201/77
f 2924/2926/910 2906/2916/927 2925/206/82
f 2924/2926/910 2925/206/82 2926/196/72
f 2927/2927/923 2928/2928/922 2929/199/75
f 2927/2927/923 2929/199/75 2930/198/74
f 2931/2929/913 2908/2918/912 2911/191/68
f 2931/2929/913 2911/191/68 2932/190/67
f 2904/2914/926 2912/2920/925 2915/194/70
f 2904/2914/926 2915/194/70 2933/193/69
f 2934/2930/931 2916/2922/915 2919/204/80
f 2934/2930/931 2919/204/80 2935/203/79
f 2936/2931/920 2920/2924/919 2923/201/77
f 2936/2931/920 2923/201/77 2937/200/76
f 2909/2919/929 2924/2926/910 2926/196/72
f 2909/2919/929 2926/196/72 2910/195/71
f 2913/2921/930 2927/2927/923 2930/198/74
f 2913/2921/930 2930/198/74 2914/197/73
f 2917/2923/914 2931/2929/913 2932/190/67
f 2917/2923/914 2932/190/67 2918/205/81
f 2906/2916/927 2904/2914/926 2933/193/69
f 2906/2916/927 2933/193/69 2925/206/82
f 2921/2925/918 2934/2930/931 2935/203/79
f 2921/2925/918 2935/203/79 2922/202/78
f 2928/2928/922 2936/2931/920 2937/200/76
f 2928/2928/922 2937/200/76 2929/199/75
s 0
f 2938/2932/22 2939/2933/22 2940/2934/22
f 2938/2932/22 2940/2934/22 2941/2935/22
f 2942/2936/22 2943/2937/22 2944/2938/22
f 2942/2936/22 2944/2938/22 2945/2939/22
f 2946/2940/22 2947/2941/22 2948/2942/22
f 2946/2940/22 2948/2942/22 2949/2943/22
f 2950/2944/22 2951/2945/22 2952/2946/22
f 2950/2944/22 2952/2946/22 2953/2947/22
f 2954/2948/22 2955/2949/22 2956/2950/22
f 2954/2948/22 2956/2950/22 2957/2951/22
f 2958/2952/22 2959/2953/22 2960/2954/22
f 2958/2952/22 2960/2954/22 2961/2955/22
f 2962/2956/22 2946/2940/22 2949/2943/22
f 2962/2956/22 2949/2943/22 2963/2957/22
f 2939/2933/22 2964/2958/22 2965/2959/22
f 2939/2933/22 2965/2959/22 2940/2934/22
f 2943/2937/22 2966/2960/22 2967/2961/22
f 2943/2937/22 2967/2961/22 2944/2938/22
f 2947/2941/22 2968/2962/22 2969/2963/22
f 2947/2941/22 2969/2963/22 2948/2942/22
f 2951/2945/22 2970/2964/22 2971/2965/22
f 2951/2945/22 2971/2965/22 2952/2946/22
f 2955/2949/22 2938/2932/22 2941/2935/22
f 2955/2949/22 2941/2935/22 2956/2950/22
f 2964/2958/22 2942/2936/22 2945/2939/22
f 2964/2958/22 2945/2939/22 2965/2959/22
f 2966/2960/22 2950/2944/22 2953/2947/22
f 2966/2960/22 2953/2947/22 2967/2961/22
f 2968/2962/22 2954/2948/22 2957/2951/22
f 2968/2962/22 2957/2951/22 2969/2963/22
f 2970/2964/22 2958/2952/22 2961/2955/22
f 2970/2964/22 2961/2955/22 2971/2965/22
s 1104
f 2972/2950/200 2973/2935/189 2974/2966/932
f 2972/2950/200 2974/2966/932 2975/2967/200
f 2976/2963/199 2977/2951/63 2978/2968/63
f 2976/2963/199 2978/2968/63 2979/2969/199
f 2980/2965/933 2981/2955/205 2982/2970/205
f 2980/2965/933 2982/2970/205 2983/2971/187
f 2984/2943/198 2985/2942/190 2986/2972/190
f 2984/2943/198 2986/2972/190 2987/2973/198
f 2988/2947/124 2989/2946/204 2990/2974/204
f 2988/2947/124 2990/2974/204 2991/2975/124
f 2992/2938/188 2993/2961/203 2994/2976/203
f 2992/2938/188 2994/2976/203 2995/2977/188
f 2996/2959/1 2997/2939/202 2998/2978/202
f 2996/2959/1 2998/2978/202 2999/2979/1
f 2973/2935/189 3000/2934/201 3001/2980/201
f 2973/2935/189 3001/2980/201 2974/2966/932
f 2977/2951/63 2972/2950/200 2975/2967/200
f 2977/2951/63 2975/2967/200 2978/2968/63
f 2981/2955/205 3002/2954/928 3003/2981/934
f 2981/2955/205 3003/2981/934 2982/2970/205
f 2985/2942/190 2976/2963/199 2979/2969/199
f 2985/2942/190 2979/2969/199 2986/2972/190
f 2989/2946/204 2980/2965/933 2983/2971/187
f 2989/2946/204 2983/2971/187 2990/2974/204
f 3004/2957/935 2984/2943/198 2987/2973/198
f 3004/2957/935 2987/2973/198 3005/2982/2
f 2993/2961/203 2988/2947/124 2991/2975/124
f 2993/2961/203 2991/2975/124 2994/2976/203
f 2997/2939/202 2992/2938/188 2995/2977/188
f 2997/2939/202 2995/2977/188 2998/2978/202
f 3000/2934/201 2996/2959/1 2999/2979/1
f 3000/2934/201 2999/2979/1 3001/2980/201
s 0
f 3006/2966/22 3007/2980/22 3008/2983/22
f 3006/2966/22 3008/2983/22 3009/2984/22
f 3010/2968/22 3011/2967/22 3012/2985/22
f 3010/2968/22 3012/2985/22 3013/2986/22
f 3014/2970/22 3015/2981/22 3016/2987/22
f 3014/2970/22 3016/2987/22 3017/2988/22
f 3018/2972/22 3019/2969/22 3020/2989/22
f 3018/2972/22 3020/2989/22 3021/2990/22
f 3022/2974/22 3023/2971/22 3024/2991/22
f 3022/2974/22 3024/2991/22 3025/2992/22
f 3026/2982/22 3027/2973/22 3028/2993/22
f 3026/2982/22 3028/2993/22 3029/2994/22
f 3030/2976/22 3031/2975/22 3032/2995/22
f 3030/2976/22 3032/2995/22 3033/2996/22
f 3034/2978/22 3035/2977/22 3036/2997/22
f 3034/2978/22 3036/2997/22 3037/2998/22
f 3007/2980/22 3038/2979/22 3039/2999/22
f 3007/2980/22 3039/2999/22 3008/2983/22
f 3011/2967/22 3006/2966/22 3009/2984/22
f 3011/2967/22 3009/2984/22 3012/2985/22
f 3019/2969/22 3010/2968/22 3013/2986/22
f 3019/2969/22 3013/2986/22 3020/2989/22
f 3023/2971/22 3014/2970/22 3017/2988/22
f 3023/2971/22 3017/2988/22 3024/2991/22
f 3027/2973/22 3018/2972/22 3021/2990/22
f 3027/2973/22 3021/2990/22 3028/2993/22
f 3031/2975/22 3022/2974/22 3025/2992/22
f 3031/2975/22 3025/2992/22 3032/2995/22
f 3035/2977/22 3030/2976/22 3033/2996/22
f 3035/2977/22 3033/2996/22 3036/2997/22
f 3038/2979/22 3034/2978/22 3037/2998/22
f 3038/2979/22 3037/2998/22 3039/2999/22
s 1137
f 3040/2983/936 3041/2999/1 3042/3000/1
f 3040/2983/936 3042/3000/1 3043/3001/936
f 3044/2985/200 3045/2984/189 3046/3002/189
f 3044/2985/200 3046/3002/189 3047/3003/200
f 3048/2989/937 3049/2986/63 3050/3004/63
f 3048/2989/937 3050/3004/63 3051/3005/937
f 3052/2991/187 3053/2988/205 3054/3006/205
f 3052/2991/187 3054/3006/205 3055/3007/187
f 3056/2993/938 3057/2990/190 3058/3008/190
f 3056/2993/938 3058/3008/190 3059/174/938
f 3060/2995/124 3061/2992/939 3062/3009/939
f 3060/2995/124 3062/3009/939 3063/3010/124
f 3064/2997/188 3065/2996/203 3066/3011/203
f 3064/2997/188 3066/3011/203 3067/3012/188
f 3041/2999/1 3068/2998/202 3069/3013/202
f 3041/2999/1 3069/3013/202 3042/3000/1
f 3045/2984/189 3040/2983/936 3043/3001/936
f 3045/2984/189 3043/3001/936 3046/3002/189
f 3049/2986/63 3044/2985/200 3047/3003/200
f 3049/2986/63 3047/3003/200 3050/3004/63
f 3053/2988/205 3070/2987/2 3071/3014/2
f 3053/2988/205 3071/3014/2 3054/3006/205
f 3057/2990/190 3048/2989/937 3051/3005/937
f 3057/2990/190 3051/3005/937 3058/3008/190
f 3061/2992/939 3052/2991/187 3055/3007/187
f 3061/2992/939 3055/3007/187 3062/3009/939
f 3072/2994/2 3056/2993/938 3059/174/938
f 3072/2994/2 3059/174/938 3073/169/2
f 3065/2996/203 3060/2995/124 3063/3010/124
f 3065/2996/203 3063/3010/124 3066/3011/203
f 3068/2998/202 3064/2997/188 3067/3012/188
f 3068/2998/202 3067/3012/188 3069/3013/202
s 108
f 3091/2956/2 3092/3015/2 3093/3016/198
f 3091/2956/2 3093/3016/198 3094/2940/198
f 3092/3015/2 2874/2884/2 2877/2887/198
f 3092/3015/2 2877/2887/198 3093/3016/198
f 3094/2940/198 3093/3016/198 3095/3017/190
f 3094/2940/198 3095/3017/190 3096/2941/190
f 3093/3016/198 2877/2887/198 2879/2889/190
f 3093/3016/198 2879/2889/190 3095/3017/190
f 3096/2941/190 3095/3017/190 3097/3018/199
f 3096/2941/190 3097/3018/199 3098/2962/199
f 3095/3017/190 2879/2889/190 2881/2891/199
f 3095/3017/190 2881/2891/199 3097/3018/199
f 3098/2962/199 3097/3018/199 3099/3019/63
f 3098/2962/199 3099/3019/63 3100/2948/63
f 3097/3018/199 2881/2891/199 2883/2893/63
f 3097/3018/199 2883/2893/63 3099/3019/63
f 3100/2948/63 3099/3019/63 3101/3020/200
f 3100/2948/63 3101/3020/200 3102/2949/200
f 3099/3019/63 2883/2893/63 2885/2895/200
f 3099/3019/63 2885/2895/200 3101/3020/200
f 3102/2949/200 3101/3020/200 3103/3021/940
f 3102/2949/200 3103/3021/940 3104/2932/189
f 3101/3020/200 2885/2895/200 2887/2897/916
f 3101/3020/200 2887/2897/916 3103/3021/940
f 3104/2932/189 3103/3021/940 3105/3022/201
f 3104/2932/189 3105/3022/201 3106/2933/201
f 3106/2933/201 3105/3022/201 3107/3023/1
f 3106/2933/201 3107/3023/1 3108/2958/1
f 3108/2958/1 3107/3023/1 3109/3024/202
f 3108/2958/1 3109/3024/202 3110/2936/202
s 1138
f 3111/3025/941 3112/3026/63 3113/3027/63
f 3111/3025/941 3113/3027/63 3114/3028/941
s 108
f 3110/2936/202 3109/3024/202 3115/3029/921
f 3110/2936/202 3115/3029/921 3116/2937/188
f 3116/2937/188 3115/3029/921 3117/3030/203
f 3116/2937/188 3117/3030/203 3118/2960/203
f 3115/3029/921 2895/2905/921 2897/2907/203
f 3115/3029/921 2897/2907/203 3117/3030/203
f 3118/2960/203 3117/3030/203 3119/3031/124
f 3118/2960/203 3119/3031/124 3120/2944/124
f 3117/3030/203 2897/2907/203 2899/2909/124
f 3117/3030/203 2899/2909/124 3119/3031/124
f 3120/2944/124 3119/3031/124 3121/3032/204
f 3120/2944/124 3121/3032/204 3122/2945/204
f 3119/3031/124 2899/2909/124 2901/2911/204
f 3119/3031/124 2901/2911/204 3121/3032/204
f 3122/2945/204 3121/3032/204 3123/3033/187
f 3122/2945/204 3123/3033/187 3124/2964/187
f 3121/3032/204 2901/2911/204 2903/2913/187
f 3121/3032/204 2903/2913/187 3123/3033/187
f 3124/2964/187 3123/3033/187 3125/3034/205
f 3124/2964/187 3125/3034/205 3126/2952/205
f 3123/3033/187 2903/2913/187 2905/2915/205
f 3123/3033/187 2905/2915/205 3125/3034/205
f 3126/2952/205 3125/3034/205 3127/3035/928
f 3126/2952/205 3127/3035/928 3128/2953/928
f 3125/3034/205 2905/2915/205 2907/2917/928
f 3125/3034/205 2907/2917/928 3127/3035/928
s 1138
f 3111/3025/941 3114/3028/941 3129/3036/941
f 3111/3025/941 3129/3036/941 3130/3037/941
s 0
f 3131/3038/5 3132/3039/5 3133/3040/5
f 3131/3038/5 3133/3040/5 3134/3041/5
f 3135/3042/1 3136/3043/1 3137/3044/1
f 3135/3042/1 3137/3044/1 3138/3045/1
f 3139/3046/1 3140/3047/1 3141/3048/1
f 3139/3046/1 3141/3048/1 3142/3049/1
f 3143/3050/22 3144/3051/22 3145/3052/22
f 3143/3050/22 3145/3052/22 3146/3053/22
f 3147/3054/1 3135/3042/1 3138/3045/1
f 3147/3054/1 3138/3045/1 3148/3055/1
f 3147/3054/1 3149/3056/1 3150/3057/1
f 3147/3054/1 3150/3057/1 3151/3058/1
s 1151
f 3152/188/942 3153/181/942 3154/183/63
f 3152/188/942 3154/183/63 3155/189/63
s 1138
f 3159/3059/943 3160/3060/943 3161/3061/63
f 3159/3059/943 3161/3061/63 3162/3062/63
s 0
f 3163/3063/5 3156/178/5 3158/180/5
f 3163/3063/5 3158/180/5 3164/3064/5
f 3165/3065/22 3143/3050/22 3146/3053/22
f 3165/3065/22 3146/3053/22 3166/3066/22
f 3149/3056/1 3147/3054/1 3148/3055/1
f 3149/3056/1 3148/3055/1 3167/3067/1
f 3136/3043/1 3139/3046/1 3142/3049/1
f 3136/3043/1 3142/3049/1 3137/3044/1
f 3168/3068/1 3169/3069/1 3170/3070/1
f 3168/3068/1 3170/3070/1 3171/3066/1
f 3173/182/5 3163/3063/5 3164/3064/5
f 3173/182/5 3164/3064/5 3174/183/5
f 3176/185/22 3181/3071/22 3182/3072/22
f 3176/185/22 3182/3072/22 3177/186/22
f 3181/3071/22 3178/187/22 3180/189/22
f 3181/3071/22 3180/189/22 3182/3072/22
f 3183/3073/124 3184/3065/124 3185/3066/124
f 3183/3073/124 3185/3066/124 3186/3070/124
f 3187/3051/63 3188/3038/63 3189/3041/63
f 3187/3051/63 3189/3041/63 3190/3052/63
f 3192/3074/2 3193/3075/2 3194/3076/2
f 3192/3074/2 3194/3076/2 3195/3077/2
s 1174
f 3196/3078/944 3197/3079/944 3198/3080/945
f 3196/3078/944 3198/3080/945 3199/3081/946
s 0
f 3200/3079/63 3201/3082/63 3202/3083/63
f 3200/3079/63 3202/3083/63 3203/3080/63
f 3204/3081/124 3205/3084/124 3206/3085/124
f 3204/3081/124 3206/3085/124 3207/3078/124
s 1174
f 3198/3080/945 3208/3086/947 3209/3087/947
f 3198/3080/945 3209/3087/947 3199/3081/946
s 0
f 3210/3076/63 3211/3088/63 3212/3089/63
f 3210/3076/63 3212/3089/63 3213/3077/63
f 3214/3090/5 3215/3091/5 3216/3092/5
f 3214/3090/5 3216/3092/5 3217/3093/5
f 3218/3094/22 3219/3095/22 3220/3096/22
f 3218/3094/22 3220/3096/22 3221/3097/22
f 3222/3074/63 3223/3098/63 3224/3099/63
f 3222/3074/63 3224/3099/63 3225/3075/63
f 3226/3100/5 3227/3101/5 3215/3091/5
f 3226/3100/5 3215/3091/5 3214/3090/5
f 3228/3102/22 3229/3103/22 3219/3095/22
f 3228/3102/22 3219/3095/22 3218/3094/22
f 3230/3090/22 3231/3100/22 3232/3104/22
f 3230/3090/22 3232/3104/22 3233/3105/22
f 3221/3097/22 3234/3106/22 3235/3107/22
f 3221/3097/22 3235/3107/22 3218/3094/22
f 3236/3108/63 3237/3109/63 3238/3110/63
f 3236/3108/63 3238/3110/63 3239/3111/63
f 3158/180/5 3157/179/5 3240/3112/5
f 3158/180/5 3240/3112/5 3241/3113/5
f 3175/184/22 3177/186/22 3242/3114/22
f 3175/184/22 3242/3114/22 3243/3115/22
s 1201
f 3244/3116/948 3245/3117/949 3246/3118/120
f 3244/3116/948 3246/3118/120 3247/3119/950
s 0
f 3248/3120/63 3249/3121/63 3250/3122/63
f 3248/3120/63 3250/3122/63 3251/3123/63
f 3237/3109/63 3248/3120/63 3251/3123/63
f 3237/3109/63 3251/3123/63 3238/3110/63
f 3249/3121/63 3236/3108/63 3239/3111/63
f 3249/3121/63 3239/3111/63 3250/3122/63
f 3252/3124/63 3253/3125/63 3254/3126/63
f 3252/3124/63 3254/3126/63 3255/3127/63
f 3256/3128/63 3257/3129/63 3258/3130/63
f 3256/3128/63 3258/3130/63 3259/3131/63
f 3260/3132/22 3261/322/22 3262/3133/22
f 3260/3132/22 3262/3133/22 3263/3134/22
s 1201
f 3264/3135/1 3265/3136/1 3245/3117/949
f 3264/3135/1 3245/3117/949 3244/3116/948
s 0
f 3266/3110/5 3267/3123/5 3268/3137/5
s 176
f 3266/3110/5 3268/3137/5 3269/316/118
s 0
f 3270/3122/22 3271/3111/22 3272/323/22
f 3270/3122/22 3272/323/22 3273/3138/22
f 3274/3139/63 3275/3140/63 3276/3141/63
f 3274/3139/63 3276/3141/63 3277/3142/63
f 3278/3143/22 3279/3144/22 3280/3145/22
f 3278/3143/22 3280/3145/22 3281/3146/22
f 3282/3147/2 3283/3148/2 3284/3149/2
f 3282/3147/2 3284/3149/2 3285/351/2
f 3252/3124/63 3255/3127/63 3275/3140/63
f 3252/3124/63 3275/3140/63 3274/3139/63
f 3286/3150/951 3287/3151/951 3288/3152/951
f 3286/3150/951 3288/3152/951 3289/3153/951
f 3290/3130/1 3291/3154/1 3292/3155/1
f 3290/3130/1 3292/3155/1 3293/3131/1
f 3294/3156/5 3295/343/5 3296/345/5
f 3294/3156/5 3296/345/5 3297/3148/5
f 3298/3157/63 3299/3158/63 3300/3159/63
f 3298/3157/63 3300/3159/63 3301/310/63
s 1233
f 3302/3160/952 3303/3161/952 3304/3162/2
f 3302/3160/952 3304/3162/2 3305/3163/2
f 3306/3164/953 3307/3165/953 3303/3161/952
f 3306/3164/953 3303/3161/952 3302/3160/952
s 0
f 3308/3165/63 3309/3166/63 3310/3167/63
f 3308/3165/63 3310/3167/63 3311/3161/63
s 1236
f 3312/3166/954 3313/3168/954 3314/3169/955
f 3312/3166/954 3314/3169/955 3315/3167/955
s 0
f 3316/3170/956 3317/3171/956 3318/3172/956
f 3316/3170/956 3318/3172/956 3319/3173/956
f 3320/3169/124 3321/3174/124 3322/3175/124
f 3320/3169/124 3322/3175/124 3323/3173/124
f 3311/3161/63 3310/3167/63 3324/3172/63
f 3311/3161/63 3324/3172/63 3325/3162/63
s 1236
f 3315/3167/955 3314/3169/955 3326/3173/1
f 3315/3167/955 3326/3173/1 3327/3172/1
s 0
f 3328/3176/1 3329/3177/1 3169/3069/1
f 3328/3176/1 3169/3069/1 3168/3068/1
f 3330/3028/1 3331/3027/1 3332/3178/1
f 3330/3028/1 3332/3178/1 3333/3179/1
f 3334/3180/2 3335/3181/2 3336/3182/2
f 3334/3180/2 3336/3182/2 3337/3183/2
f 3140/3047/1 3149/3056/1 3167/3067/1
f 3140/3047/1 3167/3067/1 3141/3048/1
f 3132/3039/5 3338/3184/5 3339/3185/5
f 3132/3039/5 3339/3185/5 3133/3040/5
f 3335/3181/2 3334/3180/2 3340/3186/2
f 3335/3181/2 3340/3186/2 3341/3187/2
f 3330/3028/1 3333/3179/1 3342/3188/1
f 3330/3028/1 3342/3188/1 3343/3036/1
f 3344/3189/2 3345/3190/2 3346/3191/2
f 3344/3189/2 3346/3191/2 3347/3192/2
f 3348/3060/1 3349/3193/1 3350/3194/1
f 3348/3060/1 3350/3194/1 3351/3061/1
s 1138
f 3130/3037/941 3129/3036/941 3352/3195/957
f 3130/3037/941 3352/3195/957 3353/3196/957
f 3160/3060/943 3159/3059/943 3354/3197/943
f 3160/3060/943 3354/3197/943 3355/3198/943
s 0
f 3341/3187/2 3340/3186/2 3356/3199/2
f 3341/3187/2 3356/3199/2 3357/3200/2
f 3357/3200/2 3356/3199/2 3345/3190/2
f 3357/3200/2 3345/3190/2 3344/3189/2
f 3343/3036/1 3342/3188/1 3358/3201/1
f 3343/3036/1 3358/3201/1 3359/3195/1
f 3359/3195/1 3358/3201/1 3349/3193/1
f 3359/3195/1 3349/3193/1 3348/3060/1
s 1138
f 3360/3202/957 3361/3203/957 3355/3198/943
f 3360/3202/957 3355/3198/943 3354/3197/943
f 3353/3196/957 3352/3195/957 3361/3203/957
f 3353/3196/957 3361/3203/957 3360/3202/957
s 0
f 3359/3195/1 3348/3060/1 3362/3198/1
f 3359/3195/1 3362/3198/1 3363/3203/1
f 3345/3190/2 3356/3199/2 3364/3204/2
f 3345/3190/2 3364/3204/2 3365/3205/2
f 3366/3206/1 3367/3207/1 3368/3208/1
f 3366/3206/1 3368/3208/1 3369/3209/1
f 3370/3210/1 3371/3211/1 3372/3212/1
f 3370/3210/1 3372/3212/1 3373/3213/1
f 3374/3214/1 3375/3215/1 3376/3216/1
f 3374/3214/1 3376/3216/1 3377/3217/1
f 3378/3218/1 3379/3219/1 3380/3220/1
f 3378/3218/1 3380/3220/1 3381/3221/1
f 3382/3222/1 3383/3223/1 3384/3224/1
f 3382/3222/1 3384/3224/1 3385/3225/1
f 3386/3226/1 3387/3227/1 3388/3228/1
f 3386/3226/1 3388/3228/1 3389/3229/1
f 3390/3230/1 3391/3231/1 3392/3232/1
f 3390/3230/1 3392/3232/1 3393/3233/1
f 3367/3207/1 3394/3234/1 3395/3235/1
f 3367/3207/1 3395/3235/1 3368/3208/1
f 3371/3211/1 3366/3206/1 3369/3209/1
f 3371/3211/1 3369/3209/1 3372/3212/1
f 3375/3215/1 3370/3210/1 3373/3213/1
f 3375/3215/1 3373/3213/1 3376/3216/1
f 3379/3219/1 3374/3214/1 3377/3217/1
f 3379/3219/1 3377/3217/1 3380/3220/1
f 3383/3223/1 3396/3236/1 3397/3237/1
f 3383/3223/1 3397/3237/1 3384/3224/1
f 3387/3227/1 3378/3218/1 3381/3221/1
f 3387/3227/1 3381/3221/1 3388/3228/1
f 3391/3231/1 3382/3222/1 3385/3225/1
f 3391/3231/1 3385/3225/1 3392/3232/1
f 3396/3236/1 3386/3226/1 3389/3229/1
f 3396/3236/1 3389/3229/1 3397/3237/1
f 3394/3234/1 3390/3230/1 3393/3233/1
f 3394/3234/1 3393/3233/1 3395/3235/1
s 1305
f 3398/3238/314 3399/3239/958 3400/3240/958
f 3398/3238/314 3400/3240/958 3401/3241/314
f 3402/3242/22 3403/3243/511 3404/3244/511
f 3402/3242/22 3404/3244/511 3405/3245/22
f 3406/3246/907 3407/3247/319 3408/3248/319
f 3406/3246/907 3408/3248/319 3409/3249/907
f 3410/3250/124 3411/3251/959 3412/3252/960
f 3410/3250/124 3412/3252/960 3413/3253/124
f 3414/3254/961 3415/3255/5 3416/3256/5
f 3414/3254/961 3416/3256/5 3417/3257/961
f 3418/3258/328 3419/3259/326 3420/3260/326
f 3418/3258/328 3420/3260/326 3421/3261/328
f 3422/3262/309 3423/3263/962 3424/3264/962
f 3422/3262/309 3424/3264/962 3425/3265/309
f 3415/3255/5 3426/3266/330 3427/3267/330
f 3415/3255/5 3427/3267/330 3416/3256/5
f 3399/3239/958 3428/3268/63 3429/3269/63
f 3399/3239/958 3429/3269/63 3400/3240/958
f 3403/3243/511 3398/3238/314 3401/3241/314
f 3403/3243/511 3401/3241/314 3404/3244/511
f 3407/3247/319 3402/3242/22 3405/3245/22
f 3407/3247/319 3405/3245/22 3408/3248/319
f 3411/3251/959 3406/3246/907 3409/3249/907
f 3411/3251/959 3409/3249/907 3412/3252/960
f 3419/3259/326 3430/3270/124 3431/3271/124
f 3419/3259/326 3431/3271/124 3420/3260/326
f 3423/3263/962 3414/3254/961 3417/3257/961
f 3423/3263/962 3417/3257/961 3424/3264/962
f 3426/3266/330 3418/3258/328 3421/3261/328
f 3426/3266/330 3421/3261/328 3427/3267/330
f 3428/3268/63 3422/3262/309 3425/3265/309
f 3428/3268/63 3425/3265/309 3429/3269/63
s 0
f 3432/3272/2 3433/3273/2 3434/3274/2
f 3432/3272/2 3434/3274/2 3435/3275/2
f 3436/3276/1 3437/3277/1 3438/3278/1
f 3436/3276/1 3438/3278/1 3439/3279/1
s 1310
f 3440/3280/963 3441/3281/963 3442/3282/5
f 3440/3280/963 3442/3282/5 3443/3283/5
f 3444/3284/964 3445/3285/964 3446/3286/22
f 3444/3284/964 3446/3286/22 3447/3287/22
s 1311
f 3448/3288/412 3449/3289/328 3450/3290/328
f 3448/3288/412 3450/3290/328 3451/3291/412
f 3452/3292/63 3453/3293/473 3454/3294/473
f 3452/3292/63 3454/3294/473 3455/3295/63
f 3456/3296/314 3457/3297/958 3458/3298/958
f 3456/3296/314 3458/3298/958 3459/3299/314
f 3460/3300/22 3461/3301/511 3462/3302/511
f 3460/3300/22 3462/3302/511 3463/3303/22
f 3464/3304/362 3465/3305/965 3466/3306/965
f 3464/3304/362 3466/3306/965 3467/3307/362
f 3468/3308/124 3469/3309/515 3470/3310/515
f 3468/3308/124 3470/3310/515 3471/3311/124
f 3472/3312/519 3473/3313/5 3474/3314/5
f 3472/3312/519 3474/3314/5 3475/3315/519
f 3449/3289/328 3476/3316/413 3477/3317/413
f 3449/3289/328 3477/3317/413 3450/3290/328
f 3453/3293/473 3478/3318/307 3479/3319/307
f 3453/3293/473 3479/3319/307 3454/3294/473
f 3473/3313/5 3448/3288/412 3451/3291/412
f 3473/3313/5 3451/3291/412 3474/3314/5
f 3457/3297/958 3452/3292/63 3455/3295/63
f 3457/3297/958 3455/3295/63 3458/3298/958
f 3461/3301/511 3456/3296/314 3459/3299/314
f 3461/3301/511 3459/3299/314 3462/3302/511
f 3465/3305/965 3460/3300/22 3463/3303/22
f 3465/3305/965 3463/3303/22 3466/3306/965
f 3469/3309/515 3464/3304/362 3467/3307/362
f 3469/3309/515 3467/3307/362 3470/3310/515
f 3476/3316/413 3480/3320/124 3481/3321/124
f 3476/3316/413 3481/3321/124 3477/3317/413
f 3478/3318/307 3472/3312/519 3475/3315/519
f 3478/3318/307 3475/3315/519 3479/3319/307
s 0
f 3482/3322/1 3483/3323/1 3484/3324/1
f 3482/3322/1 3484/3324/1 3485/3325/1
f 3486/3326/1 3487/3327/1 3488/3328/1
f 3486/3326/1 3488/3328/1 3489/3329/1
f 3490/3330/1 3491/3331/1 3492/3332/1
f 3490/3330/1 3492/3332/1 3493/3333/1
f 3494/3334/1 3495/3335/1 3496/3336/1
f 3494/3334/1 3496/3336/1 3497/3337/1
f 3498/3338/1 3499/3339/1 3500/3340/1
f 3498/3338/1 3500/3340/1 3501/3341/1
f 3502/3342/1 3503/3343/1 3504/3344/1
f 3502/3342/1 3504/3344/1 3505/3345/1
f 3506/3346/1 3507/3347/1 3508/3348/1
f 3506/3346/1 3508/3348/1 3509/3349/1
f 3483/3323/1 3510/3350/1 3511/3351/1
f 3483/3323/1 3511/3351/1 3484/3324/1
f 3487/3327/1 3512/3352/1 3513/3353/1
f 3487/3327/1 3513/3353/1 3488/3328/1
f 3491/3331/1 3482/3322/1 3485/3325/1
f 3491/3331/1 3485/3325/1 3492/3332/1
f 3495/3335/1 3486/3326/1 3489/3329/1
f 3495/3335/1 3489/3329/1 3496/3336/1
f 3499/3339/1 3494/3334/1 3497/3337/1
f 3499/3339/1 3497/3337/1 3500/3340/1
f 3503/3343/1 3498/3338/1 3501/3341/1
f 3503/3343/1 3501/3341/1 3504/3344/1
f 3507/3347/1 3502/3342/1 3505/3345/1
f 3507/3347/1 3505/3345/1 3508/3348/1
f 3510/3350/1 3506/3346/1 3509/3349/1
f 3510/3350/1 3509/3349/1 3511/3351/1
f 3512/3352/1 3490/3330/1 3493/3333/1
f 3512/3352/1 3493/3333/1 3513/3353/1
s 1344
f 3514/3354/966 3515/3355/22 3516/3356/22
f 3514/3354/966 3516/3356/22 3517/3357/966
f 3518/3358/960 3519/3359/362 3520/3360/321
f 3518/3358/960 3520/3360/321 3521/3361/960
f 3522/3362/967 3523/3363/124 3524/3364/124
f 3522/3362/967 3524/3364/124 3525/3365/967
f 3526/3366/968 3527/3367/969 3528/3368/969
f 3526/3366/968 3528/3368/969 3529/3369/307
f 3530/3370/970 3531/3371/328 3532/3372/328
f 3530/3370/970 3532/3372/328 3533/3373/970
f 3534/3374/971 3535/3375/972 3536/3376/972
f 3534/3374/971 3536/3376/972 3537/3377/63
f 3538/3378/314 3539/3379/903 3540/3380/973
f 3538/3378/314 3540/3380/973 3541/3381/314
f 3515/3355/22 3542/3382/974 3543/3383/906
f 3515/3355/22 3543/3383/906 3516/3356/22
f 3519/3359/362 3514/3354/966 3517/3357/966
f 3519/3359/362 3517/3357/966 3520/3360/321
f 3544/3384/124 3518/3358/960 3521/3361/960
f 3544/3384/124 3521/3361/960 3545/3385/124
f 3527/3367/969 3546/3386/5 3547/3387/5
f 3527/3367/969 3547/3387/5 3528/3368/969
f 3531/3371/328 3522/3362/967 3525/3365/967
f 3531/3371/328 3525/3365/967 3532/3372/328
f 3535/3375/972 3526/3366/968 3529/3369/307
f 3535/3375/972 3529/3369/307 3536/3376/972
f 3546/3386/5 3530/3370/970 3533/3373/970
f 3546/3386/5 3533/3373/970 3547/3387/5
f 3539/3379/903 3534/3374/971 3537/3377/63
f 3539/3379/903 3537/3377/63 3540/3380/973
f 3542/3382/974 3538/3378/314 3541/3381/314
f 3542/3382/974 3541/3381/314 3543/3383/906
s 1310
f 3445/3285/964 3444/3284/964 3565/3388/943
f 3445/3285/964 3565/3388/943 3566/3389/943
f 3567/3390/957 3568/3391/957 3566/3389/943
f 3567/3390/957 3566/3389/943 3565/3388/943
f 3441/3281/963 3440/3280/963 3568/3391/957
f 3441/3281/963 3568/3391/957 3567/3390/957
s 0
f 3437/3277/1 3436/3276/1 3569/3389/1
f 3437/3277/1 3569/3389/1 3570/3391/1
f 3433/3273/2 3432/3272/2 3571/3390/2
f 3433/3273/2 3571/3390/2 3572/3388/2
s 125
f 3573/3392/200 3574/3393/189 3575/3394/975
f 3573/3392/200 3575/3394/975 3576/3395/976
f 3577/3396/199 3578/3397/63 3579/3398/977
f 3577/3396/199 3579/3398/977 3580/3399/978
f 3581/3400/187 3582/3401/205 3583/3402/979
f 3581/3400/187 3583/3402/979 3584/3403/980
f 3585/3404/198 3586/3405/190 3587/3406/981
f 3585/3404/198 3587/3406/981 3588/3407/982
f 3589/3408/983 3590/3409/204 3591/3410/984
f 3589/3408/983 3591/3410/984 3592/3411/985
f 3593/3412/188 3594/3413/203 3595/3414/986
f 3593/3412/188 3595/3414/986 3596/3415/987
f 3597/3416/1 3598/3417/202 3599/3418/988
f 3597/3416/1 3599/3418/988 3600/3419/989
f 3574/3393/189 3601/3420/201 3602/3421/990
f 3574/3393/189 3602/3421/990 3575/3394/975
f 3578/3397/63 3573/3392/200 3576/3395/976
f 3578/3397/63 3576/3395/976 3579/3398/977
f 3582/3401/205 3603/3422/2 3604/3423/991
f 3582/3401/205 3604/3423/991 3583/3402/979
f 3586/3405/190 3577/3396/199 3580/3399/978
f 3586/3405/190 3580/3399/978 3587/3406/981
f 3590/3409/204 3581/3400/187 3584/3403/980
f 3590/3409/204 3584/3403/980 3591/3410/984
f 3603/3422/2 3585/3404/198 3588/3407/982
f 3603/3422/2 3588/3407/982 3604/3423/991
f 3594/3413/203 3605/3424/124 3606/3425/985
f 3594/3413/203 3606/3425/985 3595/3414/986
f 3598/3417/202 3593/3412/188 3596/3415/987
f 3598/3417/202 3596/3415/987 3599/3418/988
f 3601/3420/201 3597/3416/1 3600/3419/989
f 3601/3420/201 3600/3419/989 3602/3421/990
f 3607/3426/989 3608/3427/992 3609/3428/993
f 3607/3426/989 3609/3428/993 3610/3429/994
f 3611/3430/975 3612/3431/995 3613/3432/996
f 3611/3430/975 3613/3432/996 3614/3433/997
f 3615/3434/977 3616/3435/976 3617/3436/998
f 3615/3434/977 3617/3436/998 3618/3437/999
f 3619/3438/1000 3620/3439/991 3621/3440/1001
f 3619/3438/1000 3621/3440/1001 3622/3441/1002
f 3623/3442/1003 3624/3443/978 3625/3444/1004
f 3623/3442/1003 3625/3444/1004 3626/3445/1005
f 3627/3446/1006 3628/3447/1007 3629/3448/1008
f 3627/3446/1006 3629/3448/1008 3630/3449/1009
f 3620/3439/991 3631/3450/982 3632/3451/1010
f 3620/3439/991 3632/3451/1010 3621/3440/1001
f 3595/3414/986 3606/3425/985 3633/3452/1011
f 3595/3414/986 3633/3452/1011 3634/3453/1012
f 3608/3427/992 3635/3454/1013 3636/3455/1014
f 3608/3427/992 3636/3455/1014 3609/3428/993
f 3612/3431/995 3607/3426/989 3610/3429/994
f 3612/3431/995 3610/3429/994 3613/3432/996
f 3616/3435/976 3611/3430/975 3614/3433/997
f 3616/3435/976 3614/3433/997 3617/3436/998
f 3624/3443/978 3615/3434/977 3618/3437/999
f 3624/3443/978 3618/3437/999 3625/3444/1004
f 3628/3447/1007 3619/3438/1000 3622/3441/1002
f 3628/3447/1007 3622/3441/1002 3629/3448/1008
f 3631/3450/982 3623/3442/1003 3626/3445/1005
f 3631/3450/982 3626/3445/1005 3632/3451/1010
f 3606/3425/985 3627/3446/1006 3630/3449/1009
f 3606/3425/985 3630/3449/1009 3633/3452/1011
f 3635/3454/1013 3595/3414/986 3634/3453/1012
f 3635/3454/1013 3634/3453/1012 3636/3455/1014
f 3609/3428/993 3636/3455/1014 3637/224/83
f 3609/3428/993 3637/224/83 3638/228/86
f 3613/3432/996 3610/3429/994 3639/227/85
f 3613/3432/996 3639/227/85 3640/230/88
f 3617/3436/998 3614/3433/997 3641/229/87
f 3617/3436/998 3641/229/87 3642/232/90
f 3625/3444/1004 3618/3437/999 3643/231/89
f 3625/3444/1004 3643/231/89 3644/236/94
f 3629/3448/1008 3622/3441/1002 3645/233/91
f 3629/3448/1008 3645/233/91 3646/238/96
f 3632/3451/1010 3626/3445/1005 3647/235/93
f 3632/3451/1010 3647/235/93 3648/239/97
f 3633/3452/1011 3630/3449/1009 3649/237/95
f 3633/3452/1011 3649/237/95 3650/240/98
f 3636/3455/1014 3634/3453/1012 3651/225/84
f 3636/3455/1014 3651/225/84 3637/224/83
f 3610/3429/994 3609/3428/993 3638/228/86
f 3610/3429/994 3638/228/86 3639/227/85
f 3614/3433/997 3613/3432/996 3640/230/88
f 3614/3433/997 3640/230/88 3641/229/87
f 3618/3437/999 3617/3436/998 3642/232/90
f 3618/3437/999 3642/232/90 3643/231/89
f 3622/3441/1002 3621/3440/1001 3652/234/92
f 3622/3441/1002 3652/234/92 3645/233/91
f 3626/3445/1005 3625/3444/1004 3644/236/94
f 3626/3445/1005 3644/236/94 3647/235/93
f 3630/3449/1009 3629/3448/1008 3646/238/96
f 3630/3449/1009 3646/238/96 3649/237/95
f 3621/3440/1001 3632/3451/1010 3648/239/97
f 3621/3440/1001 3648/239/97 3652/234/92
f 3634/3453/1012 3633/3452/1011 3650/240/98
f 3634/3453/1012 3650/240/98 3651/225/84
f 3653/3456/201 3654/3457/1 3655/3458/1
f 3653/3456/201 3655/3458/1 3656/3459/201
f 3657/3460/202 3658/3461/188 3659/3462/188
f 3657/3460/202 3659/3462/188 3660/3463/202
f 3661/250/203 3662/253/124 3663/3464/124
f 3661/250/203 3663/3464/124 3664/3465/203
f 3665/3466/2 3666/3467/198 3667/3468/198
f 3665/3466/2 3667/3468/198 3668/3469/2
f 3669/3470/204 3670/3471/187 3671/3472/187
f 3669/3470/204 3671/3472/187 3672/3473/204
f 3673/3474/190 3674/3475/199 3675/3476/199
f 3673/3474/190 3675/3476/199 3676/3477/190
f 3677/3478/205 3665/3466/2 3668/3469/2
f 3677/3478/205 3668/3469/2 3678/3479/205
f 3679/3480/63 3680/3481/200 3681/3482/200
f 3679/3480/63 3681/3482/200 3682/3483/63
f 3683/3484/189 3653/3456/201 3656/3459/201
f 3683/3484/189 3656/3459/201 3684/3485/189
f 3654/3457/1 3657/3460/202 3660/3463/202
f 3654/3457/1 3660/3463/202 3655/3458/1
f 3658/3461/188 3661/250/203 3664/3465/203
f 3658/3461/188 3664/3465/203 3659/3462/188
f 3685/3486/124 3669/3470/204 3672/3473/204
f 3685/3486/124 3672/3473/204 3686/3487/983
f 3666/3467/198 3673/3474/190 3676/3477/190
f 3666/3467/198 3676/3477/190 3667/3468/198
f 3670/3471/187 3677/3478/205 3678/3479/205
f 3670/3471/187 3678/3479/205 3671/3472/187
f 3674/3475/199 3679/3480/63 3682/3483/63
f 3674/3475/199 3682/3483/63 3675/3476/199
f 3680/3481/200 3683/3484/189 3684/3485/189
f 3680/3481/200 3684/3485/189 3681/3482/200
f 3681/3482/200 3684/3485/189 3574/3393/189
f 3681/3482/200 3574/3393/189 3573/3392/200
f 3675/3476/199 3682/3483/63 3578/3397/63
f 3675/3476/199 3578/3397/63 3577/3396/199
f 3671/3472/187 3678/3479/205 3582/3401/205
f 3671/3472/187 3582/3401/205 3581/3400/187
f 3667/3468/198 3676/3477/190 3586/3405/190
f 3667/3468/198 3586/3405/190 3585/3404/198
f 3686/3487/983 3672/3473/204 3590/3409/204
f 3686/3487/983 3590/3409/204 3589/3408/983
f 3659/3462/188 3664/3465/203 3594/3413/203
f 3659/3462/188 3594/3413/203 3593/3412/188
f 3655/3458/1 3660/3463/202 3598/3417/202
f 3655/3458/1 3598/3417/202 3597/3416/1
f 3684/3485/189 3656/3459/201 3601/3420/201
f 3684/3485/189 3601/3420/201 3574/3393/189
f 3682/3483/63 3681/3482/200 3573/3392/200
f 3682/3483/63 3573/3392/200 3578/3397/63
f 3678/3479/205 3668/3469/2 3603/3422/2
f 3678/3479/205 3603/3422/2 3582/3401/205
f 3676/3477/190 3675/3476/199 3577/3396/199
f 3676/3477/190 3577/3396/199 3586/3405/190
f 3672/3473/204 3671/3472/187 3581/3400/187
f 3672/3473/204 3581/3400/187 3590/3409/204
f 3668/3469/2 3667/3468/198 3585/3404/198
f 3668/3469/2 3585/3404/198 3603/3422/2
f 3664/3465/203 3663/3464/124 3605/3424/124
f 3664/3465/203 3605/3424/124 3594/3413/203
f 3660/3463/202 3659/3462/188 3593/3412/188
f 3660/3463/202 3593/3412/188 3598/3417/202
f 3656/3459/201 3655/3458/1 3597/3416/1
f 3656/3459/201 3597/3416/1 3601/3420/201
s 1349
f 3705/3488/1015 3706/3489/1016 3707/3490/188
f 3705/3488/1015 3707/3490/188 3708/3491/1017
f 3708/3491/1017 3707/3490/188 3709/3492/124
f 3708/3491/1017 3709/3492/124 3710/3493/1018
f 3711/3494/1019 3712/3495/516 3713/3496/933
f 3711/3494/1019 3713/3496/933 3714/3497/1020
f 3714/3497/1020 3713/3496/933 3715/3498/660
f 3714/3497/1020 3715/3498/660 3716/3499/1021
f 3716/3499/1021 3715/3498/660 3717/3500/190
f 3716/3499/1021 3717/3500/190 3718/3501/1022
f 3718/3501/1022 3717/3500/190 3719/3502/1023
f 3718/3501/1022 3719/3502/1023 3720/3503/1024
f 3720/3503/1024 3719/3502/1023 3721/3504/932
f 3720/3503/1024 3721/3504/932 3722/3505/1025
f 3722/3505/1025 3721/3504/932 3706/3489/1016
f 3722/3505/1025 3706/3489/1016 3705/3488/1015
f 3722/3505/1025 3705/3488/1015 3723/3506/1026
f 3722/3505/1025 3723/3506/1026 3724/3507/1027
f 3720/3503/1024 3722/3505/1025 3724/3507/1027
f 3720/3503/1024 3724/3507/1027 3725/3508/1028
f 3718/3501/1022 3720/3503/1024 3725/3508/1028
f 3718/3501/1022 3725/3508/1028 3726/3509/1029
f 3716/3499/1021 3718/3501/1022 3726/3509/1029
f 3716/3499/1021 3726/3509/1029 3727/3510/1030
f 3714/3497/1020 3716/3499/1021 3727/3510/1030
f 3714/3497/1020 3727/3510/1030 3728/3511/1031
f 3711/3494/1019 3714/3497/1020 3728/3511/1031
f 3711/3494/1019 3728/3511/1031 3729/3512/1032
f 3708/3491/1017 3710/3493/1018 3730/3513/1033
f 3708/3491/1017 3730/3513/1033 3731/3514/1034
f 3705/3488/1015 3708/3491/1017 3731/3514/1034
f 3705/3488/1015 3731/3514/1034 3723/3506/1026
f 3724/3507/1027 3723/3506/1026 3732/3515/1035
f 3724/3507/1027 3732/3515/1035 3733/3516/1036
f 3725/3508/1028 3724/3507/1027 3733/3516/1036
f 3725/3508/1028 3733/3516/1036 3734/3517/1037
f 3726/3509/1029 3725/3508/1028 3734/3517/1037
f 3726/3509/1029 3734/3517/1037 3735/3518/1038
f 3727/3510/1030 3726/3509/1029 3735/3518/1038
f 3727/3510/1030 3735/3518/1038 3736/3519/1039
f 3728/3511/1031 3727/3510/1030 3736/3519/1039
f 3728/3511/1031 3736/3519/1039 3737/3520/1040
f 3729/3512/1032 3728/3511/1031 3737/3520/1040
f 3729/3512/1032 3737/3520/1040 3738/3521/1041
f 3731/3514/1034 3730/3513/1033 3739/3522/1042
f 3731/3514/1034 3739/3522/1042 3740/3523/1043
f 3723/3506/1026 3731/3514/1034 3740/3523/1043
f 3723/3506/1026 3740/3523/1043 3732/3515/1035
f 3733/3516/1036 3732/3515/1035 3741/3524/1044
f 3733/3516/1036 3741/3524/1044 3742/3525/1045
f 3734/3517/1037 3733/3516/1036 3742/3525/1045
f 3734/3517/1037 3742/3525/1045 3743/3526/1046
f 3735/3518/1038 3734/3517/1037 3743/3526/1046
f 3735/3518/1038 3743/3526/1046 3744/3527/1047
f 3736/3519/1039 3735/3518/1038 3744/3527/1047
f 3736/3519/1039 3744/3527/1047 3745/3528/1048
f 3737/3520/1040 3736/3519/1039 3745/3528/1048
f 3737/3520/1040 3745/3528/1048 3746/3529/1049
f 3738/3521/1041 3737/3520/1040 3746/3529/1049
f 3738/3521/1041 3746/3529/1049 3747/3530/1050
f 3740/3523/1043 3739/3522/1042 3748/3531/1051
f 3740/3523/1043 3748/3531/1051 3749/3532/1052
f 3732/3515/1035 3740/3523/1043 3749/3532/1052
f 3732/3515/1035 3749/3532/1052 3741/3524/1044
f 3742/3525/1045 3741/3524/1044 3750/3533/1053
f 3742/3525/1045 3750/3533/1053 3751/3534/1054
f 3743/3526/1046 3742/3525/1045 3751/3534/1054
f 3743/3526/1046 3751/3534/1054 3752/3535/1055
f 3744/3527/1047 3743/3526/1046 3752/3535/1055
f 3744/3527/1047 3752/3535/1055 3753/3536/1056
f 3745/3528/1048 3744/3527/1047 3753/3536/1056
f 3745/3528/1048 3753/3536/1056 3754/3537/1057
f 3746/3529/1049 3745/3528/1048 3754/3537/1057
f 3746/3529/1049 3754/3537/1057 3755/3538/1058
f 3747/3530/1050 3746/3529/1049 3755/3538/1058
f 3747/3530/1050 3755/3538/1058 3756/3539/1059
f 3749/3532/1052 3748/3531/1051 3757/3540/1060
f 3749/3532/1052 3757/3540/1060 3758/3541/1061
f 3741/3524/1044 3749/3532/1052 3758/3541/1061
f 3741/3524/1044 3758/3541/1061 3750/3533/1053
f 3751/3534/1054 3750/3533/1053 3759/3542/1062
f 3751/3534/1054 3759/3542/1062 3760/3543/1063
f 3752/3535/1055 3751/3534/1054 3760/3543/1063
f 3752/3535/1055 3760/3543/1063 3761/3544/1064
f 3753/3536/1056 3752/3535/1055 3761/3544/1064
f 3753/3536/1056 3761/3544/1064 3762/3545/1065
f 3754/3537/1057 3753/3536/1056 3762/3545/1065
f 3754/3537/1057 3762/3545/1065 3763/3546/1066
f 3755/3538/1058 3754/3537/1057 3763/3546/1066
f 3755/3538/1058 3763/3546/1066 3764/3547/1067
f 3756/3539/1059 3755/3538/1058 3764/3547/1067
f 3756/3539/1059 3764/3547/1067 3765/3548/1068
f 3758/3541/1061 3757/3540/1060 3766/3549/1069
f 3758/3541/1061 3766/3549/1069 3767/3550/1070
f 3750/3533/1053 3758/3541/1061 3767/3550/1070
f 3750/3533/1053 3767/3550/1070 3759/3542/1062
f 3760/3543/1063 3759/3542/1062 3768/3551/1071
f 3760/3543/1063 3768/3551/1071 3769/3552/1072
f 3761/3544/1064 3760/3543/1063 3769/3552/1072
f 3761/3544/1064 3769/3552/1072 3770/3553/1073
f 3762/3545/1065 3761/3544/1064 3770/3553/1073
f 3762/3545/1065 3770/3553/1073 3771/3554/1074
f 3763/3546/1066 3762/3545/1065 3771/3554/1074
f 3763/3546/1066 3771/3554/1074 3772/3555/1075
f 3764/3547/1067 3763/3546/1066 3772/3555/1075
f 3764/3547/1067 3772/3555/1075 3773/3556/1076
f 3765/3548/1068 3764/3547/1067 3773/3556/1076
f 3765/3548/1068 3773/3556/1076 3774/3557/1077
f 3767/3550/1070 3766/3549/1069 3775/3558/1078
f 3767/3550/1070 3775/3558/1078 3776/3559/1079
f 3759/3542/1062 3767/3550/1070 3776/3559/1079
f 3759/3542/1062 3776/3559/1079 3768/3551/1071
f 3769/3552/1072 3768/3551/1071 3777/3560/1080
f 3769/3552/1072 3777/3560/1080 3778/3561/1081
f 3770/3553/1073 3769/3552/1072 3778/3561/1081
f 3770/3553/1073 3778/3561/1081 3779/3562/1082
f 3771/3554/1074 3770/3553/1073 3779/3562/1082
f 3771/3554/1074 3779/3562/1082 3780/3563/1083
f 3772/3555/1075 3771/3554/1074 3780/3563/1083
f 3772/3555/1075 3780/3563/1083 3781/3564/1084
f 3773/3556/1076 3772/3555/1075 3781/3564/1084
f 3773/3556/1076 3781/3564/1084 3782/3565/1085
f 3774/3557/1077 3773/3556/1076 3782/3565/1085
f 3774/3557/1077 3782/3565/1085 3783/3566/1086
f 3776/3559/1079 3775/3558/1078 3784/3567/1087
f 3776/3559/1079 3784/3567/1087 3785/3568/1088
f 3768/3551/1071 3776/3559/1079 3785/3568/1088
f 3768/3551/1071 3785/3568/1088 3777/3560/1080
f 3778/3561/1081 3777/3560/1080 3786/3569/1089
f 3778/3561/1081 3786/3569/1089 3787/3570/1090
f 3779/3562/1082 3778/3561/1081 3787/3570/1090
f 3779/3562/1082 3787/3570/1090 3788/3571/1091
f 3780/3563/1083 3779/3562/1082 3788/3571/1091
f 3780/3563/1083 3788/3571/1091 3789/3572/1092
f 3781/3564/1084 3780/3563/1083 3789/3572/1092
f 3781/3564/1084 3789/3572/1092 3790/3573/1093
f 3782/3565/1085 3781/3564/1084 3790/3573/1093
f 3782/3565/1085 3790/3573/1093 3791/3574/1094
f 3783/3566/1086 3782/3565/1085 3791/3574/1094
f 3783/3566/1086 3791/3574/1094 3792/3575/1095
f 3785/3568/1088 3784/3567/1087 3793/3576/1096
f 3785/3568/1088 3793/3576/1096 3794/3577/1097
f 3777/3560/1080 3785/3568/1088 3794/3577/1097
f 3777/3560/1080 3794/3577/1097 3786/3569/1089
s 0
f 3795/3578/63 3796/3579/63 3797/3580/63
f 3795/3578/63 3797/3580/63 3798/3581/63
f 3799/3581/1 3800/3580/1 3801/3582/1
f 3799/3581/1 3801/3582/1 3802/3583/1
f 3803/3578/2 3804/3584/2 3805/3585/2
f 3803/3578/2 3805/3585/2 3806/3579/2
f 3807/3586/5 3808/3580/5 3809/3579/5
f 3807/3586/5 3809/3579/5 3810/3587/5
f 3811/3588/22 3812/3589/22 3813/3578/22
f 3811/3588/22 3813/3578/22 3814/3581/22
s 1360
f 3815/3590/1098 3816/3591/1099 3817/3592/932
f 3815/3590/1098 3817/3592/932 3818/3593/1098
f 3819/3594/937 3820/3595/63 3821/3596/63
f 3819/3594/937 3821/3596/63 3822/3597/937
f 3823/3598/187 3824/3599/205 3825/3600/205
f 3823/3598/187 3825/3600/205 3826/3601/187
f 3827/3602/198 3828/3603/190 3829/3604/190
f 3827/3602/198 3829/3604/190 3830/3605/198
f 3831/3606/124 3832/3607/939 3833/3608/939
f 3831/3606/124 3833/3608/939 3834/3609/124
f 3835/3610/1100 3836/3611/1101 3837/3612/1101
f 3835/3610/1100 3837/3612/1101 3838/3613/1100
f 3839/3614/1 3840/3615/202 3841/3616/202
f 3839/3614/1 3841/3616/202 3842/3617/1
f 3816/3591/1099 3843/3618/201 3844/3619/201
f 3816/3591/1099 3844/3619/201 3817/3592/932
f 3820/3595/63 3815/3590/1098 3818/3593/1098
f 3820/3595/63 3818/3593/1098 3821/3596/63
f 3845/3620/1102 3846/3621/2 3847/3622/2
f 3845/3620/1102 3847/3622/2 3848/3623/1102
f 3828/3603/190 3819/3594/937 3822/3597/937
f 3828/3603/190 3822/3597/937 3829/3604/190
f 3832/3607/939 3823/3598/187 3826/3601/187
f 3832/3607/939 3826/3601/187 3833/3608/939
f 3846/3621/2 3827/3602/198 3830/3605/198
f 3846/3621/2 3830/3605/198 3847/3622/2
f 3836/3611/1101 3831/3606/124 3834/3609/124
f 3836/3611/1101 3834/3609/124 3837/3612/1101
f 3840/3615/202 3835/3610/1100 3838/3613/1100
f 3840/3615/202 3838/3613/1100 3841/3616/202
f 3843/3618/201 3839/3614/1 3842/3617/1
f 3843/3618/201 3842/3617/1 3844/3619/201
s 0
f 3849/3624/5 3850/3625/5 3851/3626/5
f 3849/3624/5 3851/3626/5 3852/3627/5
f 3853/3628/5 3854/3629/5 3855/3630/5
f 3853/3628/5 3855/3630/5 3856/3631/5
f 3857/3632/5 3858/3633/5 3859/3634/5
f 3857/3632/5 3859/3634/5 3860/3635/5
f 3861/3636/5 3849/3624/5 3852/3627/5
f 3861/3636/5 3852/3627/5 3862/3637/5
f 3863/3638/5 3864/3639/5 3865/3640/5
f 3863/3638/5 3865/3640/5 3866/3641/5
f 3850/3625/5 3857/3632/5 3860/3635/5
f 3850/3625/5 3860/3635/5 3851/3626/5
f 3867/3642/5 3863/3638/5 3866/3641/5
f 3867/3642/5 3866/3641/5 3868/3643/5
f 3854/3629/5 3869/3644/5 3870/3645/5
f 3854/3629/5 3870/3645/5 3855/3630/5
f 3858/3633/5 3871/3646/5 3872/3647/5
f 3858/3633/5 3872/3647/5 3859/3634/5
f 3873/3648/5 3874/3649/5 3875/3650/5
f 3873/3648/5 3875/3650/5 3876/3651/5
f 3869/3644/5 3877/3652/5 3878/3653/5
f 3869/3644/5 3878/3653/5 3870/3645/5
f 3879/3654/5 3867/3642/5 3868/3643/5
f 3879/3654/5 3868/3643/5 3880/3655/5
f 3871/3646/5 3873/3648/5 3876/3651/5
f 3871/3646/5 3876/3651/5 3872/3647/5
f 3874/3649/5 3879/3654/5 3880/3655/5
f 3874/3649/5 3880/3655/5 3875/3650/5
f 3864/3639/5 3853/3628/5 3856/3631/5
f 3864/3639/5 3856/3631/5 3865/3640/5
f 3877/3652/5 3861/3636/5 3862/3637/5
f 3877/3652/5 3862/3637/5 3878/3653/5
s 1393
f 3881/3656/1103 3882/3657/1104 3883/3658/1105
f 3881/3656/1103 3883/3658/1105 3884/3659/1106
f 3885/3660/1107 3886/3661/1108 3887/3662/1109
f 3885/3660/1107 3887/3662/1109 3888/3663/1110
f 3889/3664/1111 3881/3656/1103 3884/3659/1106
f 3889/3664/1111 3884/3659/1106 3890/3665/1112
f 3891/3666/1113 3892/3667/1114 3893/3668/1115
f 3891/3666/1113 3893/3668/1115 3894/3669/1116
f 3895/3670/1117 3896/3671/1118 3897/3672/1119
f 3895/3670/1117 3897/3672/1119 3898/3673/1120
f 3899/3674/1121 3900/3675/1122 3901/3676/1123
f 3899/3674/1121 3901/3676/1123 3902/3677/1124
f 3892/3667/1114 3903/3678/1125 3904/3679/1126
f 3892/3667/1114 3904/3679/1126 3893/3668/1115
f 3905/3680/1127 3889/3664/1111 3890/3665/1112
f 3905/3680/1127 3890/3665/1112 3906/3681/1128
f 3896/3671/1118 3899/3674/1121 3902/3677/1124
f 3896/3671/1118 3902/3677/1124 3897/3672/1119
f 3907/3682/1122 3905/3680/1127 3906/3681/1128
f 3907/3682/1122 3906/3681/1128 3908/3683/1129
f 3882/3657/1104 3909/3684/1130 3910/3685/526
f 3882/3657/1104 3910/3685/526 3883/3658/1105
f 3903/3678/1125 3911/3686/63 3912/3687/1131
f 3903/3678/1125 3912/3687/1131 3904/3679/1126
f 3913/3688/1132 3885/3660/1107 3888/3663/1110
f 3913/3688/1132 3888/3663/1110 3914/3689/1133
f 3909/3684/1130 3891/3666/1113 3894/3669/1116
f 3909/3684/1130 3894/3669/1116 3910/3685/526
f 3886/3661/1108 3895/3670/1117 3898/3673/1120
f 3886/3661/1108 3898/3673/1120 3887/3662/1109
f 3911/3686/63 3913/3688/1132 3914/3689/1133
f 3911/3686/63 3914/3689/1133 3912/3687/1131
f 3906/3681/1128 3890/3665/1112 3915/3690/1134
f 3906/3681/1128 3915/3690/1134 3916/3691/1135
f 3897/3672/1119 3902/3677/1124 3917/3692/1136
f 3897/3672/1119 3917/3692/1136 3918/3693/1137
f 3908/3683/1129 3906/3681/1128 3916/3691/1135
f 3908/3683/1129 3916/3691/1135 3919/3694/1138
f 3883/3658/1105 3910/3685/526 3920/3695/1139
f 3883/3658/1105 3920/3695/1139 3921/3696/1140
f 3904/3679/1126 3912/3687/1131 3922/3697/1141
f 3904/3679/1126 3922/3697/1141 3923/3698/1142
f 3914/3689/1133 3888/3663/1110 3924/3699/1143
f 3914/3689/1133 3924/3699/1143 3925/3700/1144
f 3910/3685/526 3894/3669/1116 3926/3701/1145
f 3910/3685/526 3926/3701/1145 3920/3695/1139
f 3887/3662/1109 3898/3673/1120 3927/3702/1146
f 3887/3662/1109 3927/3702/1146 3928/3703/1147
f 3912/3687/1131 3914/3689/1133 3925/3700/1144
f 3912/3687/1131 3925/3700/1144 3922/3697/1141
f 3884/3659/1106 3883/3658/1105 3921/3696/1140
f 3884/3659/1106 3921/3696/1140 3929/3704/1148
f 3888/3663/1110 3887/3662/1109 3928/3703/1147
f 3888/3663/1110 3928/3703/1147 3924/3699/1143
f 3890/3665/1112 3884/3659/1106 3929/3704/1148
f 3890/3665/1112 3929/3704/1148 3915/3690/1134
f 3894/3669/1116 3893/3668/1115 3930/3705/1149
f 3894/3669/1116 3930/3705/1149 3926/3701/1145
f 3898/3673/1120 3897/3672/1119 3918/3693/1137
f 3898/3673/1120 3918/3693/1137 3927/3702/1146
f 3902/3677/1124 3901/3676/1123 3931/3706/1150
f 3902/3677/1124 3931/3706/1150 3917/3692/1136
f 3893/3668/1115 3904/3679/1126 3923/3698/1142
f 3893/3668/1115 3923/3698/1142 3930/3705/1149
f 3928/3703/1147 3927/3702/1146 3932/3707/5
f 3928/3703/1147 3932/3707/5 3933/3708/1151
f 3922/3697/1141 3925/3700/1144 3934/3709/1152
f 3922/3697/1141 3934/3709/1152 3935/3710/1153
f 3929/3704/1148 3921/3696/1140 3936/3711/1154
f 3929/3704/1148 3936/3711/1154 3937/3712/1155
f 3924/3699/1143 3928/3703/1147 3933/3708/1151
f 3924/3699/1143 3933/3708/1151 3938/3713/1156
f 3915/3690/1134 3929/3704/1148 3937/3712/1155
f 3915/3690/1134 3937/3712/1155 3939/3714/1157
f 3926/3701/1145 3930/3705/1149 3940/3715/1158
f 3926/3701/1145 3940/3715/1158 3941/3716/1159
f 3927/3702/1146 3918/3693/1137 3942/3717/1160
f 3927/3702/1146 3942/3717/1160 3932/3707/5
f 3917/3692/1136 3931/3706/1150 3943/3718/1161
f 3917/3692/1136 3943/3718/1161 3944/3719/1162
f 3930/3705/1149 3923/3698/1142 3945/3720/1163
f 3930/3705/1149 3945/3720/1163 3940/3715/1158
f 3916/3691/1135 3915/3690/1134 3939/3714/1157
f 3916/3691/1135 3939/3714/1157 3946/3721/1164
f 3918/3693/1137 3917/3692/1136 3944/3719/1162
f 3918/3693/1137 3944/3719/1162 3942/3717/1160
f 3919/3694/1138 3916/3691/1135 3946/3721/1164
f 3919/3694/1138 3946/3721/1164 3947/3722/1165
f 3921/3696/1140 3920/3695/1139 3948/3723/22
f 3921/3696/1140 3948/3723/22 3936/3711/1154
f 3923/3698/1142 3922/3697/1141 3935/3710/1153
f 3923/3698/1142 3935/3710/1153 3945/3720/1163
f 3925/3700/1144 3924/3699/1143 3938/3713/1156
f 3925/3700/1144 3938/3713/1156 3934/3709/1152
f 3920/3695/1139 3926/3701/1145 3941/3716/1159
f 3920/3695/1139 3941/3716/1159 3948/3723/22
s 0
f 3949/3724/22 3950/3725/22 3951/3726/22
f 3949/3724/22 3951/3726/22 3952/3727/22
f 3953/3728/22 3954/3729/22 3955/3730/22
f 3953/3728/22 3955/3730/22 3956/3731/22
f 3957/3732/22 3949/3724/22 3952/3727/22
f 3957/3732/22 3952/3727/22 3958/3733/22
f 3959/3734/22 3960/3735/22 3961/3736/22
f 3959/3734/22 3961/3736/22 3962/3737/22
f 3963/3738/22 3953/3728/22 3956/3731/22
f 3963/3738/22 3956/3731/22 3964/3739/22
f 3954/3729/22 3959/3734/22 3962/3737/22
f 3954/3729/22 3962/3737/22 3955/3730/22
f 3960/3735/22 3965/3740/22 3966/3741/22
f 3960/3735/22 3966/3741/22 3961/3736/22
f 3967/3742/22 3957/3732/22 3958/3733/22
f 3967/3742/22 3958/3733/22 3968/3743/22
f 3969/3744/22 3970/3745/22 3971/3746/22
f 3969/3744/22 3971/3746/22 3972/3747/22
f 3973/3748/22 3967/3742/22 3968/3743/22
f 3973/3748/22 3968/3743/22 3974/3749/22
f 3975/3750/22 3976/3751/22 3977/3752/22
f 3975/3750/22 3977/3752/22 3978/3753/22
f 3950/3725/22 3969/3744/22 3972/3747/22
f 3950/3725/22 3972/3747/22 3951/3726/22
f 3965/3740/22 3979/3754/22 3980/3755/22
f 3965/3740/22 3980/3755/22 3966/3741/22
f 3970/3745/22 3975/3750/22 3978/3753/22
f 3970/3745/22 3978/3753/22 3971/3746/22
f 3976/3751/22 3963/3738/22 3964/3739/22
f 3976/3751/22 3964/3739/22 3977/3752/22
f 3979/3754/22 3973/3748/22 3974/3749/22
f 3979/3754/22 3974/3749/22 3980/3755/22
s 1426
f 3981/3756/1 3982/3757/202 3983/3758/1166
f 3981/3756/1 3983/3758/1166 3984/3759/1167
f 3985/3760/1127 3986/3761/939 3987/3762/1168
f 3985/3760/1127 3987/3762/1168 3988/3763/1169
f 3989/3764/201 3981/3756/1 3984/3759/1167
f 3989/3764/201 3984/3759/1167 3990/3765/1170
f 3991/3766/1171 3992/3767/205 3993/3768/1172
f 3991/3766/1171 3993/3768/1172 3994/3769/1173
f 3995/3770/1101 3985/3760/1127 3988/3763/1169
f 3995/3770/1101 3988/3763/1169 3996/3771/1174
f 3997/3772/1098 3998/3773/1175 3999/3774/1176
f 3997/3772/1098 3999/3774/1176 4000/3775/1177
f 4001/3776/204 3991/3766/1171 3994/3769/1173
f 4001/3776/204 3994/3769/1173 4002/3777/1178
f 3992/3767/205 4003/3778/2 4004/3779/1179
f 3992/3767/205 4004/3779/1179 3993/3768/1172
f 3998/3773/1175 3989/3764/201 3990/3765/1170
f 3998/3773/1175 3990/3765/1170 3999/3774/1176
f 4005/3780/1180 3995/3770/1101 3996/3771/1174
f 4005/3780/1180 3996/3771/1174 4006/3781/1181
f 4007/3782/198 4008/3783/1182 4009/3784/1183
f 4007/3782/198 4009/3784/1183 4010/3785/1184
f 3982/3757/202 4005/3780/1180 4006/3781/1181
f 3982/3757/202 4006/3781/1181 3983/3758/1166
f 4011/3786/1185 4012/3787/1186 4013/3788/1187
f 4011/3786/1185 4013/3788/1187 4014/3789/1188
f 4003/3778/2 4007/3782/198 4010/3785/1184
f 4003/3778/2 4010/3785/1184 4004/3779/1179
f 4008/3783/1182 4011/3786/1185 4014/3789/1188
f 4008/3783/1182 4014/3789/1188 4009/3784/1183
f 4012/3787/1186 3997/3772/1098 4000/3775/1177
f 4012/3787/1186 4000/3775/1177 4013/3788/1187
f 3999/3774/1176 3990/3765/1170 4015/3790/1189
f 3999/3774/1176 4015/3790/1189 4016/3791/1190
f 4006/3781/1181 3996/3771/1174 4017/3792/1191
f 4006/3781/1181 4017/3792/1191 4018/3793/1192
f 4010/3785/1184 4009/3784/1183 4019/3794/1193
f 4010/3785/1184 4019/3794/1193 4020/3795/1194
f 3983/3758/1166 4006/3781/1181 4018/3793/1192
f 3983/3758/1166 4018/3793/1192 4021/3796/1195
f 4014/3789/1188 4013/3788/1187 4022/3797/1196
f 4014/3789/1188 4022/3797/1196 4023/3798/1197
f 4004/3779/1179 4010/3785/1184 4020/3795/1194
f 4004/3779/1179 4020/3795/1194 4024/3799/1198
f 4009/3784/1183 4014/3789/1188 4023/3798/1197
f 4009/3784/1183 4023/3798/1197 4019/3794/1193
f 4013/3788/1187 4000/3775/1177 4025/3800/1199
f 4013/3788/1187 4025/3800/1199 4022/3797/1196
f 3984/3759/1167 3983/3758/1166 4021/3796/1195
f 3984/3759/1167 4021/3796/1195 4026/3801/1200
f 3988/3763/1169 3987/3762/1168 4027/3802/1201
f 3988/3763/1169 4027/3802/1201 4028/3803/1202
f 3990/3765/1170 3984/3759/1167 4026/3801/1200
f 3990/3765/1170 4026/3801/1200 4015/3790/1189
f 3994/3769/1173 3993/3768/1172 4029/3804/1203
f 3994/3769/1173 4029/3804/1203 4030/3805/1204
f 3996/3771/1174 3988/3763/1169 4028/3803/1202
f 3996/3771/1174 4028/3803/1202 4017/3792/1191
f 4000/3775/1177 3999/3774/1176 4016/3791/1190
f 4000/3775/1177 4016/3791/1190 4025/3800/1199
f 4002/3777/1178 3994/3769/1173 4030/3805/1204
f 4002/3777/1178 4030/3805/1204 4031/3806/1205
f 3993/3768/1172 4004/3779/1179 4024/3799/1198
f 3993/3768/1172 4024/3799/1198 4029/3804/1203
f 4022/3797/1196 4025/3800/1199 4032/3807/1206
f 4022/3797/1196 4032/3807/1206 4033/3808/1207
f 4026/3801/1200 4021/3796/1195 4034/3809/1208
f 4026/3801/1200 4034/3809/1208 4035/3810/1209
f 4028/3803/1202 4027/3802/1201 4036/3811/1210
f 4028/3803/1202 4036/3811/1210 4037/3812/1211
f 4015/3790/1189 4026/3801/1200 4035/3810/1209
f 4015/3790/1189 4035/3810/1209 4038/3813/1212
f 4030/3805/1204 4029/3804/1203 4039/3814/1213
f 4030/3805/1204 4039/3814/1213 4040/3815/1214
f 4017/3792/1191 4028/3803/1202 4037/3812/1211
f 4017/3792/1191 4037/3812/1211 4041/3816/1215
f 4025/3800/1199 4016/3791/1190 4042/3817/1216
f 4025/3800/1199 4042/3817/1216 4032/3807/1206
f 4031/3806/1205 4030/3805/1204 4040/3815/1214
f 4031/3806/1205 4040/3815/1214 4043/3818/1217
f 4029/3804/1203 4024/3799/1198 4044/3819/1218
f 4029/3804/1203 4044/3819/1218 4039/3814/1213
f 4016/3791/1190 4015/3790/1189 4038/3813/1212
f 4016/3791/1190 4038/3813/1212 4042/3817/1216
f 4018/3793/1192 4017/3792/1191 4041/3816/1215
f 4018/3793/1192 4041/3816/1215 4045/3820/1219
f 4020/3795/1194 4019/3794/1193 4046/3821/1220
f 4020/3795/1194 4046/3821/1220 4047/3822/1221
f 4021/3796/1195 4018/3793/1192 4045/3820/1219
f 4021/3796/1195 4045/3820/1219 4034/3809/1208
f 4023/3798/1197 4022/3797/1196 4033/3808/1207
f 4023/3798/1197 4033/3808/1207 4048/3823/1222
f 4024/3799/1198 4020/3795/1194 4047/3822/1221
f 4024/3799/1198 4047/3822/1221 4044/3819/1218
f 4019/3794/1193 4023/3798/1197 4048/3823/1222
f 4019/3794/1193 4048/3823/1222 4046/3821/1220
f 4035/3810/1209 4034/3809/1208 4049/3824/1223
f 4035/3810/1209 4049/3824/1223 4050/3825/1224
f 4037/3812/1211 4036/3811/1210 4051/3826/1225
f 4037/3812/1211 4051/3826/1225 4052/3827/1226
f 4038/3813/1212 4035/3810/1209 4050/3825/1224
f 4038/3813/1212 4050/3825/1224 4053/3828/1227
f 4040/3815/1214 4039/3814/1213 4054/3829/1228
f 4040/3815/1214 4054/3829/1228 4055/3830/1229
f 4041/3816/1215 4037/3812/1211 4052/3827/1226
f 4041/3816/1215 4052/3827/1226 4056/3831/1230
f 4032/3807/1206 4042/3817/1216 4057/3832/1231
f 4032/3807/1206 4057/3832/1231 4058/3833/1232
f 4043/3818/1217 4040/3815/1214 4055/3830/1229
f 4043/3818/1217 4055/3830/1229 4059/3834/1225
f 4039/3814/1213 4044/3819/1218 4060/3835/1233
f 4039/3814/1213 4060/3835/1233 4054/3829/1228
f 4042/3817/1216 4038/3813/1212 4053/3828/1227
f 4042/3817/1216 4053/3828/1227 4057/3832/1231
f 4045/3820/1219 4041/3816/1215 4056/3831/1230
f 4045/3820/1219 4056/3831/1230 4061/3836/1234
f 4047/3822/1221 4046/3821/1220 4062/3837/1235
f 4047/3822/1221 4062/3837/1235 4063/3838/1236
f 4034/3809/1208 4045/3820/1219 4061/3836/1234
f 4034/3809/1208 4061/3836/1234 4049/3824/1223
f 4048/3823/1222 4033/3808/1207 4064/3839/1237
f 4048/3823/1222 4064/3839/1237 4065/3840/1238
f 4044/3819/1218 4047/3822/1221 4063/3838/1236
f 4044/3819/1218 4063/3838/1236 4060/3835/1233
f 4046/3821/1220 4048/3823/1222 4065/3840/1238
f 4046/3821/1220 4065/3840/1238 4062/3837/1235
f 4033/3808/1207 4032/3807/1206 4058/3833/1232
f 4033/3808/1207 4058/3833/1232 4064/3839/1237
f 4057/3832/1231 4053/3828/1227 4066/3841/1239
f 4057/3832/1231 4066/3841/1239 4067/3842/1240
f 4061/3836/1234 4056/3831/1230 4068/3843/1241
f 4061/3836/1234 4068/3843/1241 4069/3844/1242
f 4063/3838/1236 4062/3837/1235 4070/3845/1243
f 4063/3838/1236 4070/3845/1243 4071/3846/1244
f 4049/3824/1223 4061/3836/1234 4069/3844/1242
f 4049/3824/1223 4069/3844/1242 4072/3847/1245
f 4065/3840/1238 4064/3839/1237 4073/3848/1246
f 4065/3840/1238 4073/3848/1246 4074/3849/1247
f 4060/3835/1233 4063/3838/1236 4071/3846/1244
f 4060/3835/1233 4071/3846/1244 4075/3850/1248
f 4062/3837/1235 4065/3840/1238 4074/3849/1247
f 4062/3837/1235 4074/3849/1247 4070/3845/1243
f 4064/3839/1237 4058/3833/1232 4076/3851/1249
f 4064/3839/1237 4076/3851/1249 4073/3848/1246
f 4050/3825/1224 4049/3824/1223 4072/3847/1245
f 4050/3825/1224 4072/3847/1245 4077/3852/1250
f 4052/3827/1226 4051/3826/1225 4078/3853/1251
f 4052/3827/1226 4078/3853/1251 4079/3854/1252
f 4053/3828/1227 4050/3825/1224 4077/3852/1250
f 4053/3828/1227 4077/3852/1250 4066/3841/1239
f 4055/3830/1229 4054/3829/1228 4080/3855/1253
f 4055/3830/1229 4080/3855/1253 4081/3856/1254
f 4056/3831/1230 4052/3827/1226 4079/3854/1252
f 4056/3831/1230 4079/3854/1252 4068/3843/1241
f 4058/3833/1232 4057/3832/1231 4067/3842/1240
f 4058/3833/1232 4067/3842/1240 4076/3851/1249
f 4059/3834/1225 4055/3830/1229 4081/3856/1254
f 4059/3834/1225 4081/3856/1254 4082/3857/1255
f 4054/3829/1228 4060/3835/1233 4075/3850/1248
f 4054/3829/1228 4075/3850/1248 4080/3855/1253
f 4073/3848/1246 4076/3851/1249 4083/3858/1256
f 4073/3848/1246 4083/3858/1256 4084/3859/1257
f 4077/3852/1250 4072/3847/1245 4085/3860/1258
f 4077/3852/1250 4085/3860/1258 4086/3861/1259
f 4079/3854/1252 4078/3853/1251 4087/3862/1260
f 4079/3854/1252 4087/3862/1260 4088/3863/1261
f 4066/3841/1239 4077/3852/1250 4086/3861/1259
f 4066/3841/1239 4086/3861/1259 4089/3864/1262
f 4081/3856/1254 4080/3855/1253 4090/3865/1263
f 4081/3856/1254 4090/3865/1263 4091/3866/1264
f 4068/3843/1241 4079/3854/1252 4088/3863/1261
f 4068/3843/1241 4088/3863/1261 4092/3867/1265
f 4076/3851/1249 4067/3842/1240 4093/3868/1266
f 4076/3851/1249 4093/3868/1266 4083/3858/1256
f 4082/3857/1255 4081/3856/1254 4091/3866/1264
f 4082/3857/1255 4091/3866/1264 4094/3869/1260
f 4080/3855/1253 4075/3850/1248 4095/3870/1267
f 4080/3855/1253 4095/3870/1267 4090/3865/1263
f 4067/3842/1240 4066/3841/1239 4089/3864/1262
f 4067/3842/1240 4089/3864/1262 4093/3868/1266
f 4069/3844/1242 4068/3843/1241 4092/3867/1265
f 4069/3844/1242 4092/3867/1265 4096/3871/1268
f 4071/3846/1244 4070/3845/1243 4097/3872/1269
f 4071/3846/1244 4097/3872/1269 4098/3873/1270
f 4072/3847/1245 4069/3844/1242 4096/3871/1268
f 4072/3847/1245 4096/3871/1268 4085/3860/1258
f 4074/3849/1247 4073/3848/1246 4084/3859/1257
f 4074/3849/1247 4084/3859/1257 4099/3874/1271
f 4075/3850/1248 4071/3846/1244 4098/3873/1270
f 4075/3850/1248 4098/3873/1270 4095/3870/1267
f 4070/3845/1243 4074/3849/1247 4099/3874/1271
f 4070/3845/1243 4099/3874/1271 4097/3872/1269
s 0
f 4100/3875/5 4101/3876/5 4102/3877/5
f 4100/3875/5 4102/3877/5 4103/3878/5
f 3113/3027/63 3112/3026/63 4104/3875/63
f 3113/3027/63 4104/3875/63 4105/3878/63
f 4106/3879/63 4107/3183/63 4108/3880/63
f 4106/3879/63 4108/3880/63 4109/3881/63
f 3332/3178/1 3331/3027/1 4110/3878/1
f 3332/3178/1 4110/3878/1 4111/3877/1
f 4112/3882/124 4113/3883/124 4114/3884/124
f 4112/3882/124 4114/3884/124 4115/3885/124
f 4116/3883/5 4117/3879/5 4118/3881/5
f 4116/3883/5 4118/3881/5 4119/3884/5
f 4120/3183/22 4121/3182/22 4122/3886/22
f 4120/3183/22 4122/3886/22 4123/3880/22
s 1360
f 4124/3887/1098 4125/3888/1099 4126/3889/932
f 4124/3887/1098 4126/3889/932 4127/3890/1098
f 4128/3891/937 4129/3892/63 4130/3893/63
f 4128/3891/937 4130/3893/63 4131/3894/937
f 4132/3895/187 4133/3896/205 4134/3897/205
f 4132/3895/187 4134/3897/205 4135/3898/187
f 4136/3899/198 4137/3900/190 4138/3901/190
f 4136/3899/198 4138/3901/190 4139/3902/198
f 4140/3903/124 4141/3904/939 4142/3905/939
f 4140/3903/124 4142/3905/939 4143/3906/124
f 4144/3907/1100 4145/3908/1101 4146/3909/1101
f 4144/3907/1100 4146/3909/1101 4147/3910/1100
f 4148/3911/1 4149/3912/202 4150/3913/202
f 4148/3911/1 4150/3913/202 4151/3914/1
f 4125/3888/1099 4152/3915/201 4153/3916/201
f 4125/3888/1099 4153/3916/201 4126/3889/932
f 4129/3892/63 4124/3887/1098 4127/3890/1098
f 4129/3892/63 4127/3890/1098 4130/3893/63
f 4154/3917/1102 4155/3918/2 4156/3919/2
f 4154/3917/1102 4156/3919/2 4157/3920/1102
f 4137/3900/190 4128/3891/937 4131/3894/937
f 4137/3900/190 4131/3894/937 4138/3901/190
f 4141/3904/939 4132/3895/187 4135/3898/187
f 4141/3904/939 4135/3898/187 4142/3905/939
f 4155/3918/2 4136/3899/198 4139/3902/198
f 4155/3918/2 4139/3902/198 4156/3919/2
f 4145/3908/1101 4140/3903/124 4143/3906/124
f 4145/3908/1101 4143/3906/124 4146/3909/1101
f 4149/3912/202 4144/3907/1100 4147/3910/1100
f 4149/3912/202 4147/3910/1100 4150/3913/202
f 4152/3915/201 4148/3911/1 4151/3914/1
f 4152/3915/201 4151/3914/1 4153/3916/201
f 4127/3890/1098 4126/3889/932 3816/3591/1099
f 4127/3890/1098 3816/3591/1099 3815/3590/1098
f 4131/3894/937 4130/3893/63 3820/3595/63
f 4131/3894/937 3820/3595/63 3819/3594/937
f 4135/3898/187 4134/3897/205 3824/3599/205
f 4135/3898/187 3824/3599/205 3823/3598/187
f 4139/3902/198 4138/3901/190 3828/3603/190
f 4139/3902/198 3828/3603/190 3827/3602/198
f 4143/3906/124 4142/3905/939 3832/3607/939
f 4143/3906/124 3832/3607/939 3831/3606/124
f 4147/3910/1100 4146/3909/1101 3836/3611/1101
f 4147/3910/1100 3836/3611/1101 3835/3610/1100
f 4151/3914/1 4150/3913/202 3840/3615/202
f 4151/3914/1 3840/3615/202 3839/3614/1
f 4126/3889/932 4153/3916/201 3843/3618/201
f 4126/3889/932 3843/3618/201 3816/3591/1099
f 4130/3893/63 4127/3890/1098 3815/3590/1098
f 4130/3893/63 3815/3590/1098 3820/3595/63
f 4157/3920/1102 4156/3919/2 3846/3621/2
f 4157/3920/1102 3846/3621/2 3845/3620/1102
f 4138/3901/190 4131/3894/937 3819/3594/937
f 4138/3901/190 3819/3594/937 3828/3603/190
f 4142/3905/939 4135/3898/187 3823/3598/187
f 4142/3905/939 3823/3598/187 3832/3607/939
f 4156/3919/2 4139/3902/198 3827/3602/198
f 4156/3919/2 3827/3602/198 3846/3621/2
f 4146/3909/1101 4143/3906/124 3831/3606/124
f 4146/3909/1101 3831/3606/124 3836/3611/1101
f 4150/3913/202 4147/3910/1100 3835/3610/1100
f 4150/3913/202 3835/3610/1100 3840/3615/202
f 4153/3916/201 4151/3914/1 3839/3614/1
f 4153/3916/201 3839/3614/1 3843/3618/201
s 176
f 3269/316/118 3268/3137/5 4158/3921/5
f 3269/316/118 4158/3921/5 4159/317/119
s 0
f 3273/3138/22 3272/323/22 3261/322/22
f 3273/3138/22 3261/322/22 3260/3132/22
f 4160/3125/22 3278/3143/22 3281/3146/22
f 4160/3125/22 3281/3146/22 4161/3126/22
f 4162/3922/5 4163/349/5 4164/351/5
f 4162/3922/5 4164/351/5 4165/3149/5
s 1447
f 4166/3923/1016 4167/3924/1016 4168/3925/188
f 4166/3923/1016 4168/3925/188 4169/3926/188
f 4169/3926/188 4168/3925/188 4170/3927/983
f 4169/3926/188 4170/3927/983 4171/3928/983
f 4171/3928/983 4170/3927/983 4172/3929/187
f 4171/3928/983 4172/3929/187 4173/3930/187
f 4174/3931/187 4175/3932/187 4176/3933/660
f 4174/3931/187 4176/3933/660 4177/3934/660
f 4177/3934/660 4176/3933/660 4178/3935/190
f 4177/3934/660 4178/3935/190 4179/3936/190
f 4179/3936/190 4178/3935/190 4180/3937/1023
f 4179/3936/190 4180/3937/1023 4181/3938/1023
f 4181/3938/1023 4180/3937/1023 4182/3939/932
f 4181/3938/1023 4182/3939/932 4183/3940/932
f 4183/3940/932 4182/3939/932 4167/3924/1016
f 4183/3940/932 4167/3924/1016 4166/3923/1016
f 4167/3924/1016 4182/3939/932 4184/3941/932
f 4167/3924/1016 4184/3941/932 4185/3942/1016
f 4182/3939/932 4180/3937/1023 4186/3943/1023
f 4182/3939/932 4186/3943/1023 4184/3941/932
f 4180/3937/1023 4178/3935/190 4187/3944/190
f 4180/3937/1023 4187/3944/190 4186/3943/1023
f 4178/3935/190 4176/3933/660 4188/3945/660
f 4178/3935/190 4188/3945/660 4187/3944/190
f 4176/3933/660 4175/3932/187 4189/3946/1171
f 4176/3933/660 4189/3946/1171 4188/3945/660
f 4172/3929/187 4170/3927/983 4190/265/983
f 4172/3929/187 4190/265/983 4191/264/187
f 4170/3927/983 4168/3925/188 4192/3947/188
f 4170/3927/983 4192/3947/188 4190/265/983
f 4168/3925/188 4167/3924/1016 4185/3942/1016
f 4168/3925/188 4185/3942/1016 4192/3947/188
f 4166/3923/1016 4169/3926/188 4193/3948/188
f 4166/3923/1016 4193/3948/188 4194/3949/1016
f 4169/3926/188 4171/3928/983 4195/270/983
f 4169/3926/188 4195/270/983 4193/3948/188
f 4171/3928/983 4173/3930/187 4196/271/187
f 4171/3928/983 4196/271/187 4195/270/983
f 4174/3931/187 4177/3934/660 4197/3950/660
f 4174/3931/187 4197/3950/660 4198/3951/187
f 4177/3934/660 4179/3936/190 4199/3952/190
f 4177/3934/660 4199/3952/190 4197/3950/660
f 4179/3936/190 4181/3938/1023 4200/3953/1023
f 4179/3936/190 4200/3953/1023 4199/3952/190
f 4181/3938/1023 4183/3940/932 4201/3954/189
f 4181/3938/1023 4201/3954/189 4200/3953/1023
f 4183/3940/932 4166/3923/1016 4194/3949/1016
f 4183/3940/932 4194/3949/1016 4201/3954/189
s 1448
f 4211/3955/1272 4212/3956/1272 4213/3957/1273
f 4211/3955/1272 4213/3957/1273 4214/3958/1273
f 4215/3959/1274 4216/3960/1275 4212/3956/1272
f 4215/3959/1274 4212/3956/1272 4211/3955/1272
f 4217/3961/1276 4218/3962/1277 4216/3960/1275
f 4217/3961/1276 4216/3960/1275 4215/3959/1274
f 4219/3963/1278 4220/3964/1278 4218/3962/1277
f 4219/3963/1278 4218/3962/1277 4217/3961/1276
f 4221/3965/1279 4222/3966/1280 4223/3967/1281
f 4221/3965/1279 4223/3967/1281 4224/3968/1282
f 4225/3969/416 4226/3970/1283 4222/3966/1280
f 4225/3969/416 4222/3966/1280 4221/3965/1279
f 4227/3971/1284 4228/3972/1284 4226/3970/1283
f 4227/3971/1284 4226/3970/1283 4225/3969/416
f 4214/3958/1273 4213/3957/1273 4228/3972/1284
f 4214/3958/1273 4228/3972/1284 4227/3971/1284
s 1449
f 4238/3973/1285 4239/3974/1285 4240/3975/1286
f 4238/3973/1285 4240/3975/1286 4241/3976/1286
f 4242/3977/1274 4243/3978/1275 4239/3974/1285
f 4242/3977/1274 4239/3974/1285 4238/3973/1285
f 4244/3979/1287 4245/3980/1288 4243/3978/1275
f 4244/3979/1287 4243/3978/1275 4242/3977/1274
f 4246/3981/1278 4247/3982/1278 4245/3980/1288
f 4246/3981/1278 4245/3980/1288 4244/3979/1287
f 4248/3983/1289 4249/3984/1280 4250/3985/1281
f 4248/3983/1289 4250/3985/1281 4251/3986/1282
f 4252/3987/414 4253/3988/1283 4249/3984/1280
f 4252/3987/414 4249/3984/1280 4248/3983/1289
f 4254/3989/1284 4255/3990/1284 4253/3988/1283
f 4254/3989/1284 4253/3988/1283 4252/3987/414
f 4241/3976/1286 4240/3975/1286 4255/3990/1284
f 4241/3976/1286 4255/3990/1284 4254/3989/1284
s 0
f 4256/3991/5 4257/3150/5 4258/3153/5
f 4256/3991/5 4258/3153/5 4259/3992/5
f 4260/3151/22 4261/3993/22 4262/3994/22
f 4260/3151/22 4262/3994/22 4263/3152/22
f 4264/3995/1 4265/3996/1 4266/3997/1
f 4264/3995/1 4266/3997/1 4267/3998/1
f 4268/3999/124 4269/4000/124 4270/4001/124
f 4268/3999/124 4270/4001/124 4271/4002/124
f 4272/4003/124 4273/4004/124 4274/4005/124
f 4272/4003/124 4274/4005/124 4275/4006/124
f 4276/4007/63 4277/4008/63 4278/4009/63
f 4276/4007/63 4278/4009/63 4279/4010/63
f 4271/4002/124 4270/4001/124 4273/4004/124
f 4271/4002/124 4273/4004/124 4272/4003/124
f 4275/4006/124 4274/4005/124 4269/4000/124
f 4275/4006/124 4269/4000/124 4268/3999/124
f 4280/4011/2 4281/4012/2 4282/4013/2
f 4280/4011/2 4282/4013/2 4283/4014/2
f 4284/4015/63 4285/4016/63 4286/4017/63
f 4284/4015/63 4286/4017/63 4287/4018/63
f 4285/4016/63 4276/4007/63 4279/4010/63
f 4285/4016/63 4279/4010/63 4286/4017/63
f 4277/4008/63 4284/4015/63 4287/4018/63
f 4277/4008/63 4287/4018/63 4278/4009/63
f 4288/4019/5 4289/4020/5 4290/4012/5
f 4288/4019/5 4290/4012/5 4291/4011/5
f 4292/4014/22 4293/4013/22 4294/3996/22
f 4292/4014/22 4294/3996/22 4295/3995/22
s 1478
f 4296/4015/1 4297/4021/1 4298/4022/1290
f 4296/4015/1 4298/4022/1290 4299/4016/1291
s 0
f 4300/4008/5 4301/4023/5 4302/4024/5
f 4300/4008/5 4302/4024/5 4303/4015/5
f 4304/4025/22 4305/4026/22 4306/4027/22
f 4304/4025/22 4306/4027/22 4307/4028/22
s 1483
f 4308/4029/1292 4309/4030/1293 4310/4031/1291
f 4308/4029/1292 4310/4031/1291 4311/4032/1294
s 0
f 4312/4033/124 4313/4034/124 4314/4035/124
f 4312/4033/124 4314/4035/124 4315/4036/124
f 4276/4007/63 4285/4016/63 4316/4025/63
f 4276/4007/63 4316/4025/63 4317/4028/63
f 4318/4037/22 4319/4038/22 4320/4039/22
f 4318/4037/22 4320/4039/22 4321/4040/22
f 4322/4041/1 4323/4042/1 4324/4043/1
f 4322/4041/1 4324/4043/1 4325/4044/1
f 4326/4045/5 4327/4046/5 4328/4047/5
s 1493
f 4326/4045/5 4328/4047/5 4329/4048/1295
s 0
f 4318/4037/22 4330/4049/22 4331/4050/22
f 4318/4037/22 4331/4050/22 4319/4038/22
f 4326/4045/5 4332/4051/5 4333/4052/5
f 4326/4045/5 4333/4052/5 4327/4046/5
f 4333/4052/5 4332/4051/5 4334/4053/5
f 4333/4052/5 4334/4053/5 4335/4054/5
f 4336/4055/1 4337/4056/1 4338/4057/1
f 4336/4055/1 4338/4057/1 4339/4058/1
f 4340/4059/2 4341/4060/2 4342/4061/2
f 4340/4059/2 4342/4061/2 4343/4062/2
s 1504
f 4344/4063/1296 4345/4064/1297 4346/4065/515
f 4344/4063/1296 4346/4065/515 4347/4066/124
f 4348/4067/1298 4349/4068/1299 4350/4069/5
f 4348/4067/1298 4350/4069/5 4351/4070/519
f 4352/4071/1300 4353/4072/1301 4354/4073/326
f 4352/4071/1300 4354/4073/326 4355/4074/328
f 4356/4075/1302 4357/4076/1303 4358/4077/1304
f 4356/4075/1302 4358/4077/1304 4359/4078/309
f 4349/4068/1299 4360/4079/1305 4361/4080/330
f 4349/4068/1299 4361/4080/330 4350/4069/5
f 4362/4081/1306 4363/4082/1307 4364/4083/63
f 4362/4081/1306 4364/4083/63 4365/4084/958
f 4366/4085/1308 4367/4086/1309 4368/4087/314
f 4366/4085/1308 4368/4087/314 4369/4088/511
f 4370/4089/1310 4371/4090/1311 4372/4091/22
f 4370/4089/1310 4372/4091/22 4373/4092/319
f 4345/4064/1297 4374/4093/1312 4375/4094/1313
f 4345/4064/1297 4375/4094/1313 4346/4065/515
f 4353/4072/1301 4376/4095/1314 4377/4096/124
f 4353/4072/1301 4377/4096/124 4354/4073/326
f 4357/4076/1303 4348/4067/1298 4351/4070/519
f 4357/4076/1303 4351/4070/519 4358/4077/1304
f 4360/4079/1305 4352/4071/1300 4355/4074/328
f 4360/4079/1305 4355/4074/328 4361/4080/330
f 4363/4082/1307 4356/4075/1302 4359/4078/309
f 4363/4082/1307 4359/4078/309 4364/4083/63
f 4367/4086/1309 4362/4081/1306 4365/4084/958
f 4367/4086/1309 4365/4084/958 4368/4087/314
f 4371/4090/1311 4366/4085/1308 4369/4088/511
f 4371/4090/1311 4369/4088/511 4372/4091/22
f 4374/4093/1312 4370/4089/1310 4373/4092/319
f 4374/4093/1312 4373/4092/319 4375/4094/1313
f 4370/4089/1310 4374/4093/1312 4378/4097/1315
f 4370/4089/1310 4378/4097/1315 4379/4098/1316
f 4345/4064/1297 4344/4063/1296 4380/4099/1317
f 4345/4064/1297 4380/4099/1317 4381/4100/1318
f 4349/4068/1299 4348/4067/1298 4382/4101/1319
f 4349/4068/1299 4382/4101/1319 4383/4102/1320
f 4353/4072/1301 4352/4071/1300 4384/4103/1321
f 4353/4072/1301 4384/4103/1321 4385/4104/1322
f 4357/4076/1303 4356/4075/1302 4386/4105/1323
f 4357/4076/1303 4386/4105/1323 4387/4106/1324
f 4360/4079/1305 4349/4068/1299 4383/4102/1320
f 4360/4079/1305 4383/4102/1320 4388/4107/1325
f 4363/4082/1307 4362/4081/1306 4389/4108/1326
f 4363/4082/1307 4389/4108/1326 4390/4109/1327
f 4367/4086/1309 4366/4085/1308 4391/4110/1328
f 4367/4086/1309 4391/4110/1328 4392/4111/1329
f 4371/4090/1311 4370/4089/1310 4379/4098/1316
f 4371/4090/1311 4379/4098/1316 4393/4112/1330
f 4374/4093/1312 4345/4064/1297 4381/4100/1318
f 4374/4093/1312 4381/4100/1318 4378/4097/1315
f 4376/4095/1314 4353/4072/1301 4385/4104/1322
f 4376/4095/1314 4385/4104/1322 4394/4113/1317
f 4348/4067/1298 4357/4076/1303 4387/4106/1324
f 4348/4067/1298 4387/4106/1324 4382/4101/1319
f 4352/4071/1300 4360/4079/1305 4388/4107/1325
f 4352/4071/1300 4388/4107/1325 4384/4103/1321
f 4356/4075/1302 4363/4082/1307 4390/4109/1327
f 4356/4075/1302 4390/4109/1327 4386/4105/1323
f 4362/4081/1306 4367/4086/1309 4392/4111/1329
f 4362/4081/1306 4392/4111/1329 4389/4108/1326
f 4366/4085/1308 4371/4090/1311 4393/4112/1330
f 4366/4085/1308 4393/4112/1330 4391/4110/1328
f 4385/4104/1322 4384/4103/1321 4395/4114/1331
f 4385/4104/1322 4395/4114/1331 4396/4115/1332
f 4387/4106/1324 4386/4105/1323 4397/4116/1333
f 4387/4106/1324 4397/4116/1333 4398/4117/1334
f 4388/4107/1325 4383/4102/1320 4399/4118/1335
f 4388/4107/1325 4399/4118/1335 4400/4119/1336
f 4390/4109/1327 4389/4108/1326 4401/4120/1337
f 4390/4109/1327 4401/4120/1337 4402/4121/1338
f 4392/4111/1329 4391/4110/1328 4403/4122/1339
f 4392/4111/1329 4403/4122/1339 4404/4123/1340
f 4393/4112/1330 4379/4098/1316 4405/4124/1341
f 4393/4112/1330 4405/4124/1341 4406/4125/1342
f 4378/4097/1315 4381/4100/1318 4407/4126/1343
f 4378/4097/1315 4407/4126/1343 4408/4127/1344
f 4394/4113/1317 4385/4104/1322 4396/4115/1332
f 4394/4113/1317 4396/4115/1332 4409/4128/1345
f 4382/4101/1319 4387/4106/1324 4398/4117/1334
f 4382/4101/1319 4398/4117/1334 4410/4129/1346
f 4384/4103/1321 4388/4107/1325 4400/4119/1336
f 4384/4103/1321 4400/4119/1336 4395/4114/1331
f 4386/4105/1323 4390/4109/1327 4402/4121/1338
f 4386/4105/1323 4402/4121/1338 4397/4116/1333
f 4389/4108/1326 4392/4111/1329 4404/4123/1340
f 4389/4108/1326 4404/4123/1340 4401/4120/1337
f 4391/4110/1328 4393/4112/1330 4406/4125/1342
f 4391/4110/1328 4406/4125/1342 4403/4122/1339
f 4379/4098/1316 4378/4097/1315 4408/4127/1344
f 4379/4098/1316 4408/4127/1344 4405/4124/1341
f 4381/4100/1318 4380/4099/1317 4411/4130/1345
f 4381/4100/1318 4411/4130/1345 4407/4126/1343
f 4383/4102/1320 4382/4101/1319 4410/4129/1346
f 4383/4102/1320 4410/4129/1346 4399/4118/1335
f 4409/4128/1345 4396/4115/1332 4412/4131/1347
f 4409/4128/1345 4412/4131/1347 4413/4132/1348
f 4410/4129/1346 4398/4117/1334 4414/4133/1349
f 4410/4129/1346 4414/4133/1349 4415/4134/1350
f 4395/4114/1331 4400/4119/1336 4416/4135/1351
f 4395/4114/1331 4416/4135/1351 4417/4136/1352
f 4397/4116/1333 4402/4121/1338 4418/4137/1353
f 4397/4116/1333 4418/4137/1353 4419/4138/1354
f 4401/4120/1337 4404/4123/1340 4420/4139/1355
f 4401/4120/1337 4420/4139/1355 4421/4140/1356
f 4403/4122/1339 4406/4125/1342 4422/4141/1357
f 4403/4122/1339 4422/4141/1357 4423/4142/1358
f 4405/4124/1341 4408/4127/1344 4424/4143/1359
f 4405/4124/1341 4424/4143/1359 4425/4144/1360
f 4407/4126/1343 4411/4130/1345 4426/4145/1348
f 4407/4126/1343 4426/4145/1348 4427/4146/1361
f 4399/4118/1335 4410/4129/1346 4415/4134/1350
f 4399/4118/1335 4415/4134/1350 4428/4147/1362
f 4396/4115/1332 4395/4114/1331 4417/4136/1352
f 4396/4115/1332 4417/4136/1352 4412/4131/1347
f 4398/4117/1334 4397/4116/1333 4419/4138/1354
f 4398/4117/1334 4419/4138/1354 4414/4133/1349
f 4400/4119/1336 4399/4118/1335 4428/4147/1362
f 4400/4119/1336 4428/4147/1362 4416/4135/1351
f 4402/4121/1338 4401/4120/1337 4421/4140/1356
f 4402/4121/1338 4421/4140/1356 4418/4137/1353
f 4404/4123/1340 4403/4122/1339 4423/4142/1358
f 4404/4123/1340 4423/4142/1358 4420/4139/1355
f 4406/4125/1342 4405/4124/1341 4425/4144/1360
f 4406/4125/1342 4425/4144/1360 4422/4141/1357
f 4408/4127/1344 4407/4126/1343 4427/4146/1361
f 4408/4127/1344 4427/4146/1361 4424/4143/1359
f 4427/4146/1361 4426/4145/1348 4429/4148/1363
f 4427/4146/1361 4429/4148/1363 4430/4149/1364
f 4428/4147/1362 4415/4134/1350 4431/4150/1365
f 4428/4147/1362 4431/4150/1365 4432/4151/1366
f 4412/4131/1347 4417/4136/1352 4433/4152/1367
f 4412/4131/1347 4433/4152/1367 4434/4153/1368
f 4414/4133/1349 4419/4138/1354 4435/4154/1369
f 4414/4133/1349 4435/4154/1369 4436/4155/1370
f 4416/4135/1351 4428/4147/1362 4432/4151/1366
f 4416/4135/1351 4432/4151/1366 4437/4156/1371
f 4418/4137/1353 4421/4140/1356 4438/4157/1372
f 4418/4137/1353 4438/4157/1372 4439/4158/1373
f 4420/4139/1355 4423/4142/1358 4440/4159/1374
f 4420/4139/1355 4440/4159/1374 4441/4160/1375
f 4422/4141/1357 4425/4144/1360 4442/4161/1376
f 4422/4141/1357 4442/4161/1376 4443/4162/1377
f 4424/4143/1359 4427/4146/1361 4430/4149/1364
f 4424/4143/1359 4430/4149/1364 4444/4163/1378
f 4413/4132/1348 4412/4131/1347 4434/4153/1368
f 4413/4132/1348 4434/4153/1368 4445/4164/1379
f 4415/4134/1350 4414/4133/1349 4436/4155/1370
f 4415/4134/1350 4436/4155/1370 4431/4150/1365
f 4417/4136/1352 4416/4135/1351 4437/4156/1371
f 4417/4136/1352 4437/4156/1371 4433/4152/1367
f 4419/4138/1354 4418/4137/1353 4439/4158/1373
f 4419/4138/1354 4439/4158/1373 4435/4154/1369
f 4421/4140/1356 4420/4139/1355 4441/4160/1375
f 4421/4140/1356 4441/4160/1375 4438/4157/1372
f 4423/4142/1358 4422/4141/1357 4443/4162/1377
f 4423/4142/1358 4443/4162/1377 4440/4159/1374
f 4425/4144/1360 4424/4143/1359 4444/4163/1378
f 4425/4144/1360 4444/4163/1378 4442/4161/1376
f 4444/4163/1378 4430/4149/1364 4446/4165/1380
f 4444/4163/1378 4446/4165/1380 4447/4166/1381
f 4445/4164/1379 4434/4153/1368 4448/4167/1382
f 4445/4164/1379 4448/4167/1382 4449/4168/1383
f 4431/4150/1365 4436/4155/1370 4450/4169/1384
f 4431/4150/1365 4450/4169/1384 4451/4170/1385
f 4433/4152/1367 4437/4156/1371 4452/4171/1386
f 4433/4152/1367 4452/4171/1386 4453/4172/1387
f 4435/4154/1369 4439/4158/1373 4454/4173/1388
f 4435/4154/1369 4454/4173/1388 4455/4174/1389
f 4438/4157/1372 4441/4160/1375 4456/4175/1390
f 4438/4157/1372 4456/4175/1390 4457/4176/1391
f 4440/4159/1374 4443/4162/1377 4458/4177/1392
f 4440/4159/1374 4458/4177/1392 4459/4178/1393
f 4442/4161/1376 4444/4163/1378 4447/4166/1381
f 4442/4161/1376 4447/4166/1381 4460/4179/1394
f 4430/4149/1364 4429/4148/1363 4461/4180/1383
f 4430/4149/1364 4461/4180/1383 4446/4165/1380
f 4432/4151/1366 4431/4150/1365 4451/4170/1385
f 4432/4151/1366 4451/4170/1385 4462/4181/1395
f 4434/4153/1368 4433/4152/1367 4453/4172/1387
f 4434/4153/1368 4453/4172/1387 4448/4167/1382
f 4436/4155/1370 4435/4154/1369 4455/4174/1389
f 4436/4155/1370 4455/4174/1389 4450/4169/1384
f 4437/4156/1371 4432/4151/1366 4462/4181/1395
f 4437/4156/1371 4462/4181/1395 4452/4171/1386
f 4439/4158/1373 4438/4157/1372 4457/4176/1391
f 4439/4158/1373 4457/4176/1391 4454/4173/1388
f 4441/4160/1375 4440/4159/1374 4459/4178/1393
f 4441/4160/1375 4459/4178/1393 4456/4175/1390
f 4443/4162/1377 4442/4161/1376 4460/4179/1394
f 4443/4162/1377 4460/4179/1394 4458/4177/1392
s 1505
f 4463/4182/1396 4464/4183/1381 4465/4184/1397
f 4463/4182/1396 4465/4184/1397 4466/4185/1398
f 4467/4186/1399 4468/4187/1383 4469/4188/1400
f 4467/4186/1399 4469/4188/1400 4470/4189/1401
f 4471/4190/1395 4472/4191/1385 4473/4192/1402
f 4471/4190/1395 4473/4192/1402 4474/4193/1403
f 4475/4194/1382 4476/4195/1387 4477/4196/1404
f 4475/4194/1382 4477/4196/1404 4478/4197/1405
f 4479/4198/1384 4480/4199/1406 4481/4200/1407
f 4479/4198/1384 4481/4200/1407 4482/4201/1408
f 4483/4202/1409 4471/4190/1395 4474/4193/1403
f 4483/4202/1409 4474/4193/1403 4484/4203/1410
f 4485/4204/1388 4486/4205/1411 4487/4206/1412
f 4485/4204/1388 4487/4206/1412 4488/4207/1413
f 4489/4208/1390 4490/4209/1414 4491/4210/1415
f 4489/4208/1390 4491/4210/1415 4492/4211/1416
f 4493/4212/1392 4463/4182/1396 4466/4185/1398
f 4493/4212/1392 4466/4185/1398 4494/4213/1417
f 4464/4183/1381 4467/4186/1399 4470/4189/1401
f 4464/4183/1381 4470/4189/1401 4465/4184/1397
f 4495/4214/1383 4475/4194/1382 4478/4197/1405
f 4495/4214/1383 4478/4197/1405 4496/4215/1418
f 4472/4191/1385 4479/4198/1384 4482/4201/1408
f 4472/4191/1385 4482/4201/1408 4473/4192/1402
f 4476/4195/1387 4483/4202/1409 4484/4203/1410
f 4476/4195/1387 4484/4203/1410 4477/4196/1404
f 4480/4199/1406 4485/4204/1388 4488/4207/1413
f 4480/4199/1406 4488/4207/1413 4481/4200/1407
f 4486/4205/1411 4489/4208/1390 4492/4211/1416
f 4486/4205/1411 4492/4211/1416 4487/4206/1412
f 4490/4209/1414 4493/4212/1392 4494/4213/1417
f 4490/4209/1414 4494/4213/1417 4491/4210/1415
s 1506
f 4497/4216/1419 4498/4217/1420 4499/4218/1421
f 4497/4216/1419 4499/4218/1421 4500/4219/1422
f 4501/4220/1423 4502/4221/1424 4503/4222/1425
f 4501/4220/1423 4503/4222/1425 4504/4223/1426
f 4505/4224/1427 4506/4225/1428 4507/4226/1429
f 4505/4224/1427 4507/4226/1429 4508/4227/1430
f 4509/4228/1431 4510/4229/1432 4511/4230/1433
f 4509/4228/1431 4511/4230/1433 4512/4231/1434
f 4513/4232/1435 4514/4233/1436 4515/4234/1437
f 4513/4232/1435 4515/4234/1437 4516/4235/1438
f 4517/4236/1439 4518/4237/1440 4519/4238/1441
f 4517/4236/1439 4519/4238/1441 4520/4239/1442
f 4521/4240/1412 4522/4241/1443 4523/4242/1444
f 4521/4240/1412 4523/4242/1444 4524/4243/1445
f 4525/4244/1446 4497/4216/1419 4500/4219/1422
f 4525/4244/1446 4500/4219/1422 4526/4245/1447
f 4498/4217/1420 4501/4220/1423 4504/4223/1426
f 4498/4217/1420 4504/4223/1426 4499/4218/1421
f 4502/4221/1424 4505/4224/1427 4508/4227/1430
f 4502/4221/1424 4508/4227/1430 4503/4222/1425
f 4527/4246/1448 4509/4228/1431 4512/4231/1434
f 4527/4246/1448 4512/4231/1434 4528/4247/1449
f 4506/4225/1428 4513/4232/1435 4516/4235/1438
f 4506/4225/1428 4516/4235/1438 4507/4226/1429
f 4510/4229/1432 4517/4236/1439 4520/4239/1442
f 4510/4229/1432 4520/4239/1442 4511/4230/1433
f 4514/4233/1436 4527/4246/1448 4528/4247/1449
f 4514/4233/1436 4528/4247/1449 4515/4234/1437
f 4518/4237/1440 4521/4240/1412 4524/4243/1445
f 4518/4237/1440 4524/4243/1445 4519/4238/1441
f 4522/4241/1443 4525/4244/1446 4526/4245/1447
f 4522/4241/1443 4526/4245/1447 4523/4242/1444
s 1507
f 4529/4248/1450 4530/4249/1451 4531/4250/1452
f 4529/4248/1450 4531/4250/1452 4532/4251/1453
f 4533/4252/1421 4534/4253/1454 4535/4254/1455
f 4533/4252/1421 4535/4254/1455 4536/4255/1456
f 4537/4256/1457 4538/4257/1458 4539/4258/1459
f 4537/4256/1457 4539/4258/1459 4540/4259/1460
f 4541/4260/1461 4542/4261/1434 4543/4262/1462
f 4541/4260/1461 4543/4262/1462 4544/4263/1463
f 4545/4264/1464 4546/4265/1465 4547/4266/1466
f 4545/4264/1464 4547/4266/1466 4548/4267/1467
f 4549/4268/1468 4550/4269/1469 4551/4270/1470
f 4549/4268/1468 4551/4270/1470 4552/4271/1471
f 4553/4272/1472 4541/4260/1461 4544/4263/1463
f 4553/4272/1472 4544/4263/1463 4554/4273/1473
f 4555/4274/1474 4556/4275/1475 4557/4276/1476
f 4555/4274/1474 4557/4276/1476 4558/4277/1477
f 4559/4278/1478 4529/4248/1450 4532/4251/1453
f 4559/4278/1478 4532/4251/1453 4560/4279/1479
f 4530/4249/1451 4533/4252/1421 4536/4255/1456
f 4530/4249/1451 4536/4255/1456 4531/4250/1452
f 4534/4253/1454 4537/4256/1457 4540/4259/1460
f 4534/4253/1454 4540/4259/1460 4535/4254/1455
f 4561/4280/1480 4545/4264/1464 4548/4267/1467
f 4561/4280/1480 4548/4267/1467 4562/4281/1459
f 4542/4261/1434 4549/4268/1468 4552/4271/1471
f 4542/4261/1434 4552/4271/1471 4543/4262/1462
f 4546/4265/1465 4553/4272/1472 4554/4273/1473
f 4546/4265/1465 4554/4273/1473 4547/4266/1466
f 4550/4269/1469 4555/4274/1474 4558/4277/1477
f 4550/4269/1469 4558/4277/1477 4551/4270/1470
f 4556/4275/1475 4559/4278/1478 4560/4279/1479
f 4556/4275/1475 4560/4279/1479 4557/4276/1476
f 4560/4279/1479 4532/4251/1453 4563/4282/1481
f 4560/4279/1479 4563/4282/1481 4564/4283/1482
f 4531/4250/1452 4536/4255/1456 4565/4284/1483
f 4531/4250/1452 4565/4284/1483 4566/4285/1484
f 4535/4254/1455 4540/4259/1460 4567/4286/1485
f 4535/4254/1455 4567/4286/1485 4568/4287/1486
f 4562/4281/1459 4548/4267/1467 4569/4288/1487
f 4562/4281/1459 4569/4288/1487 4570/4289/106
f 4543/4262/1462 4552/4271/1471 4571/4290/1488
f 4543/4262/1462 4571/4290/1488 4572/4291/1489
f 4547/4266/1466 4554/4273/1473 4573/4292/1490
f 4547/4266/1466 4573/4292/1490 4574/4293/1491
f 4551/4270/1470 4558/4277/1477 4575/4294/1492
f 4551/4270/1470 4575/4294/1492 4576/4295/1493
f 4557/4276/1476 4560/4279/1479 4564/4283/1482
f 4557/4276/1476 4564/4283/1482 4577/4296/1494
f 4532/4251/1453 4531/4250/1452 4566/4285/1484
f 4532/4251/1453 4566/4285/1484 4563/4282/1481
f 4536/4255/1456 4535/4254/1455 4568/4287/1486
f 4536/4255/1456 4568/4287/1486 4565/4284/1483
f 4540/4259/1460 4539/4258/1459 4578/4297/1495
f 4540/4259/1460 4578/4297/1495 4567/4286/1485
f 4544/4263/1463 4543/4262/1462 4572/4291/1489
f 4544/4263/1463 4572/4291/1489 4579/4298/1496
f 4548/4267/1467 4547/4266/1466 4574/4293/1491
f 4548/4267/1467 4574/4293/1491 4569/4288/1487
f 4552/4271/1471 4551/4270/1470 4576/4295/1493
f 4552/4271/1471 4576/4295/1493 4571/4290/1488
f 4554/4273/1473 4544/4263/1463 4579/4298/1496
f 4554/4273/1473 4579/4298/1496 4573/4292/1490
f 4558/4277/1477 4557/4276/1476 4577/4296/1494
f 4558/4277/1477 4577/4296/1494 4575/4294/1492
s 1508
f 4614/4299/1497 4615/4300/1498 4616/4301/1499
f 4614/4299/1497 4616/4301/1499 4617/4302/1500
f 4618/4303/1501 4614/4299/1497 4617/4302/1500
f 4618/4303/1501 4617/4302/1500 4619/4304/1502
f 4620/4305/1503 4618/4303/1501 4619/4304/1502
f 4620/4305/1503 4619/4304/1502 4621/4306/1504
f 4622/4307/1505 4620/4305/1503 4621/4306/1504
f 4622/4307/1505 4621/4306/1504 4623/4308/1506
f 4624/4309/1507 4622/4307/1505 4623/4308/1506
f 4624/4309/1507 4623/4308/1506 4625/4310/1508
f 4626/4311/1509 4624/4309/1507 4625/4310/1508
f 4626/4311/1509 4625/4310/1508 4627/4312/1510
f 4628/4313/1511 4626/4311/1509 4627/4312/1510
f 4628/4313/1511 4627/4312/1510 4629/4314/1512
f 4615/4300/1498 4630/4315/1513 4631/4316/1514
f 4615/4300/1498 4631/4316/1514 4616/4301/1499
f 4615/4300/1498 4614/4299/1497 4632/4317/1515
f 4615/4300/1498 4632/4317/1515 4633/4318/1516
f 4614/4299/1497 4618/4303/1501 4634/4319/1517
f 4614/4299/1497 4634/4319/1517 4632/4317/1515
f 4618/4303/1501 4620/4305/1503 4635/4320/1518
f 4618/4303/1501 4635/4320/1518 4634/4319/1517
f 4620/4305/1503 4622/4307/1505 4636/4321/1519
f 4620/4305/1503 4636/4321/1519 4635/4320/1518
f 4622/4307/1505 4624/4309/1507 4637/4322/1520
f 4622/4307/1505 4637/4322/1520 4636/4321/1519
f 4624/4309/1507 4626/4311/1509 4638/4323/1521
f 4624/4309/1507 4638/4323/1521 4637/4322/1520
f 4626/4311/1509 4628/4313/1511 4639/4324/1522
f 4626/4311/1509 4639/4324/1522 4638/4323/1521
f 4630/4315/1513 4615/4300/1498 4633/4318/1516
f 4630/4315/1513 4633/4318/1516 4640/4325/1523
f 4633/4318/1516 4632/4317/1515 4641/4326/1524
f 4633/4318/1516 4641/4326/1524 4642/4327/1525
f 4632/4317/1515 4634/4319/1517 4643/4328/1526
f 4632/4317/1515 4643/4328/1526 4641/4326/1524
f 4634/4319/1517 4635/4320/1518 4644/4329/1527
f 4634/4319/1517 4644/4329/1527 4643/4328/1526
f 4635/4320/1518 4636/4321/1519 4645/4330/1528
f 4635/4320/1518 4645/4330/1528 4644/4329/1527
f 4636/4321/1519 4637/4322/1520 4646/4331/1529
f 4636/4321/1519 4646/4331/1529 4645/4330/1528
f 4637/4322/1520 4638/4323/1521 4647/4332/1530
f 4637/4322/1520 4647/4332/1530 4646/4331/1529
f 4638/4323/1521 4639/4324/1522 4648/4333/1531
f 4638/4323/1521 4648/4333/1531 4647/4332/1530
f 4640/4325/1523 4633/4318/1516 4642/4327/1525
f 4640/4325/1523 4642/4327/1525 4649/4334/1532
f 4642/4327/1525 4641/4326/1524 4650/4335/1533
f 4642/4327/1525 4650/4335/1533 4651/4336/1534
f 4641/4326/1524 4643/4328/1526 4652/4337/1535
f 4641/4326/1524 4652/4337/1535 4650/4335/1533
f 4643/4328/1526 4644/4329/1527 4653/4338/1536
f 4643/4328/1526 4653/4338/1536 4652/4337/1535
f 4644/4329/1527 4645/4330/1528 4654/4339/416
f 4644/4329/1527 4654/4339/416 4653/4338/1536
f 4645/4330/1528 4646/4331/1529 4655/4340/1537
f 4645/4330/1528 4655/4340/1537 4654/4339/416
f 4646/4331/1529 4647/4332/1530 4656/4341/1538
f 4646/4331/1529 4656/4341/1538 4655/4340/1537
f 4647/4332/1530 4648/4333/1531 4657/4342/1539
f 4647/4332/1530 4657/4342/1539 4656/4341/1538
f 4649/4334/1532 4642/4327/1525 4651/4336/1534
f 4649/4334/1532 4651/4336/1534 4658/4343/1540
f 4617/4302/1500 4616/4301/1499 4659/4344/1541
f 4617/4302/1500 4659/4344/1541 4660/4345/1542
f 4619/4304/1502 4617/4302/1500 4660/4345/1542
f 4619/4304/1502 4660/4345/1542 4661/4346/1543
f 4621/4306/1504 4619/4304/1502 4661/4346/1543
f 4621/4306/1504 4661/4346/1543 4662/4347/1544
f 4623/4308/1506 4621/4306/1504 4662/4347/1544
f 4623/4308/1506 4662/4347/1544 4663/4348/1545
f 4625/4310/1508 4623/4308/1506 4663/4348/1545
f 4625/4310/1508 4663/4348/1545 4664/4349/1546
f 4627/4312/1510 4625/4310/1508 4664/4349/1546
f 4627/4312/1510 4664/4349/1546 4665/4350/1547
f 4629/4314/1512 4627/4312/1510 4665/4350/1547
f 4629/4314/1512 4665/4350/1547 4666/4351/1548
f 4616/4301/1499 4631/4316/1514 4667/4352/1549
f 4616/4301/1499 4667/4352/1549 4659/4344/1541
f 4660/4345/1542 4659/4344/1541 4668/4353/1550
f 4660/4345/1542 4668/4353/1550 4669/4354/1551
f 4661/4346/1543 4660/4345/1542 4669/4354/1551
f 4661/4346/1543 4669/4354/1551 4670/4355/1552
f 4662/4347/1544 4661/4346/1543 4670/4355/1552
f 4662/4347/1544 4670/4355/1552 4671/4356/1553
f 4663/4348/1545 4662/4347/1544 4671/4356/1553
f 4663/4348/1545 4671/4356/1553 4672/4357/1554
f 4664/4349/1546 4663/4348/1545 4672/4357/1554
f 4664/4349/1546 4672/4357/1554 4673/4358/1555
f 4665/4350/1547 4664/4349/1546 4673/4358/1555
f 4665/4350/1547 4673/4358/1555 4674/4359/1556
f 4666/4351/1548 4665/4350/1547 4674/4359/1556
f 4666/4351/1548 4674/4359/1556 4675/4360/1557
f 4659/4344/1541 4667/4352/1549 4676/4361/1558
f 4659/4344/1541 4676/4361/1558 4668/4353/1550
s 0
f 4677/4362/1 4678/4363/1 4679/4364/1
f 4677/4362/1 4679/4364/1 4680/4365/1
s 1511
f 4681/4363/963 4682/4366/963 4683/4367/5
f 4681/4363/963 4683/4367/5 4684/4364/5
s 1512
f 4685/4368/964 4686/4362/964 4687/4365/22
f 4685/4368/964 4687/4365/22 4688/4369/22
f 4686/4362/964 4685/4368/964 4689/4370/943
f 4686/4362/964 4689/4370/943 4690/4371/943
s 1513
f 4691/4372/957 4692/4373/957 4690/4371/943
f 4691/4372/957 4690/4371/943 4693/4374/943
s 1511
f 4682/4366/963 4681/4363/963 4692/4373/957
f 4682/4366/963 4692/4373/957 4694/4375/957
s 0
f 4678/4363/1 4677/4362/1 4695/4371/1
f 4678/4363/1 4695/4371/1 4696/4373/1
f 4697/4376/63 4698/4377/63 4699/4378/63
f 4697/4376/63 4699/4378/63 4700/4379/63
s 1518
f 4701/4380/1559 4702/4376/1559 4703/4379/5
f 4701/4380/1559 4703/4379/5 4704/4381/5
s 1519
f 4705/4377/1560 4706/4382/1560 4707/4383/22
f 4705/4377/1560 4707/4383/22 4708/4378/22
f 4706/4382/1560 4705/4377/1560 4709/4384/1561
f 4706/4382/1560 4709/4384/1561 4710/4385/1562
s 1520
f 4711/4386/1563 4712/4387/1563 4713/4388/1561
f 4711/4386/1563 4713/4388/1561 4709/4384/1561
s 1518
f 4702/4376/1559 4701/4380/1559 4714/4389/1563
f 4702/4376/1559 4714/4389/1563 4711/4386/1563
s 0
f 4698/4377/63 4697/4376/63 4715/4386/63
f 4698/4377/63 4715/4386/63 4716/4384/63
f 4717/4390/63 4718/4391/63 4719/4392/63
f 4717/4390/63 4719/4392/63 4720/4393/63
s 1525
f 4721/4394/1564 4722/4390/1564 4723/4393/2
f 4721/4394/1564 4723/4393/2 4724/4395/2
s 1526
f 4725/4391/1565 4726/4396/1566 4727/4397/1
f 4725/4391/1565 4727/4397/1 4728/4392/1
f 4726/4396/1566 4725/4391/1565 4729/4398/1567
f 4726/4396/1566 4729/4398/1567 4730/4399/1567
s 1527
f 4731/4400/1568 4732/4401/1568 4733/4402/1567
f 4731/4400/1568 4733/4402/1567 4729/4398/1567
s 1525
f 4722/4390/1564 4721/4394/1564 4734/4403/1568
f 4722/4390/1564 4734/4403/1568 4731/4400/1568
s 0
f 4718/4391/63 4717/4390/63 4735/4400/63
f 4718/4391/63 4735/4400/63 4736/4398/63
f 4737/4392/22 4738/4404/22 4739/4405/22
f 4737/4392/22 4739/4405/22 4740/4393/22
f 4741/345/1 4742/4406/1 4743/349/1
f 4741/345/1 4743/349/1 4744/3922/1
s 177
f 4748/4407/1569 4749/320/122 4750/319/121
f 4748/4407/1569 4750/319/121 4751/4408/1569
s 0
f 4752/4409/22 4746/311/22 4745/310/22
f 4752/4409/22 4745/310/22 4753/4410/22
f 4754/3148/124 4755/345/124 4756/3922/124
f 4754/3148/124 4756/3922/124 4757/3149/124
f 4758/4408/1 4759/319/1 4760/4411/1
f 4758/4408/1 4760/4411/1 4761/4412/1
f 3262/3133/22 3261/322/22 4766/324/22
f 3262/3133/22 4766/324/22 4767/4413/22
s 176
f 4159/317/119 4762/313/115 4764/315/117
f 4159/317/119 4764/315/117 4765/318/120
s 0
f 4769/4414/5 3294/3156/5 3297/3148/5
f 4769/4414/5 3297/3148/5 4770/3147/5
s 1544
f 4771/320/1570 4772/4407/115 4773/4415/1571
f 4771/320/1570 4773/4415/1571 4774/4410/1572
s 176
f 4775/4416/1573 4763/314/116 4762/313/115
f 4775/4416/1573 4762/313/115 4776/4417/1573
s 1545
f 4777/4418/1 4778/325/1 4779/333/188
f 4777/4418/1 4779/333/188 4780/4419/188
f 4780/4419/188 4779/333/188 4781/332/124
f 4780/4419/188 4781/332/124 4782/4420/124
f 4782/4420/124 4781/332/124 4783/331/187
f 4782/4420/124 4783/331/187 4784/4421/187
f 4784/4421/187 4783/331/187 4785/330/2
f 4784/4421/187 4785/330/2 4786/4422/2
f 4786/4422/2 4785/330/2 4787/329/190
f 4786/4422/2 4787/329/190 4788/4423/190
f 4788/4423/190 4787/329/190 4789/328/63
f 4788/4423/190 4789/328/63 4790/4424/63
f 4790/4424/63 4789/328/63 4791/326/189
f 4790/4424/63 4791/326/189 4792/4425/189
f 4792/4425/189 4791/326/189 4778/325/1
f 4792/4425/189 4778/325/1 4777/4418/1
s 1546
f 4802/4426/1 4803/334/1574 4804/342/188
f 4802/4426/1 4804/342/188 4805/4427/188
f 4805/4427/188 4804/342/188 4806/341/124
f 4805/4427/188 4806/341/124 4807/4428/124
s 1547
f 4808/4429/124 4806/341/124 4809/340/187
f 4808/4429/124 4809/340/187 4810/4430/187
f 4810/4430/187 4809/340/187 4811/339/2
f 4810/4430/187 4811/339/2 4812/4431/2
s 1548
f 4813/4432/2 4811/339/2 4814/338/190
f 4813/4432/2 4814/338/190 4815/4433/190
f 4815/4433/190 4814/338/190 4816/337/63
f 4815/4433/190 4816/337/63 4817/4434/63
s 1549
f 4818/4435/63 4816/337/63 4819/335/189
f 4818/4435/63 4819/335/189 4820/4436/189
f 4820/4436/189 4819/335/189 4803/334/1
f 4820/4436/189 4803/334/1 4821/4437/1
s 1550
f 4831/4438/200 4832/4439/189 4833/4440/189
f 4831/4438/200 4833/4440/189 4834/4441/200
s 0
f 4835/4440/22 4836/4442/22 4837/4443/22
f 4835/4440/22 4837/4443/22 4838/4441/22
s 1550
f 4839/4444/188 4840/4445/1575 4841/4446/1575
f 4839/4444/188 4841/4446/1575 4842/4447/188
f 4843/4448/1 4844/4449/202 4845/4450/202
f 4843/4448/1 4845/4450/202 4846/4451/1
f 4832/4439/189 4847/4452/201 4848/4453/201
f 4832/4439/189 4848/4453/201 4833/4440/189
f 4849/4454/1576 4831/4438/200 4834/4441/200
f 4849/4454/1576 4834/4441/200 4850/4455/1576
f 4840/4445/1575 4851/4456/1577 4852/4457/1577
f 4840/4445/1575 4852/4457/1577 4841/4446/1575
f 4844/4449/202 4839/4444/188 4842/4447/188
f 4844/4449/202 4842/4447/188 4845/4450/202
f 4847/4452/201 4843/4448/1 4846/4451/1
f 4847/4452/201 4846/4451/1 4848/4453/201
s 0
f 4853/4448/5 4854/4458/5 4855/4459/5
f 4853/4448/5 4855/4459/5 4856/4449/5
f 4857/4454/5 4858/4460/5 4859/4461/5
f 4857/4454/5 4859/4461/5 4860/4438/5
s 1550
f 4850/4455/1576 4861/4462/1578 4862/4463/1578
f 4850/4455/1576 4862/4463/1578 4849/4454/1576
s 0
f 4863/4453/22 4864/4464/22 4836/4442/22
f 4863/4453/22 4836/4442/22 4835/4440/22
f 4865/4452/5 4866/4465/5 4854/4458/5
f 4865/4452/5 4854/4458/5 4853/4448/5
f 4867/4446/22 4868/4466/22 4869/4467/22
f 4867/4446/22 4869/4467/22 4870/4447/22
f 4870/4447/22 4869/4467/22 4871/4468/22
f 4870/4447/22 4871/4468/22 4872/4450/22
f 4856/4449/5 4855/4459/5 4873/4469/5
f 4856/4449/5 4873/4469/5 4874/4444/5
f 4874/4444/5 4873/4469/5 4875/4470/5
f 4874/4444/5 4875/4470/5 4876/4445/5
f 4877/4439/5 4878/4471/5 4866/4465/5
f 4877/4439/5 4866/4465/5 4865/4452/5
f 4838/4441/22 4837/4443/22 4879/4472/22
f 4838/4441/22 4879/4472/22 4880/4455/22
f 4872/4450/22 4871/4468/22 4881/4473/22
f 4872/4450/22 4881/4473/22 4882/4451/22
f 4860/4438/5 4859/4461/5 4878/4471/5
f 4860/4438/5 4878/4471/5 4877/4439/5
f 4882/4451/22 4881/4473/22 4864/4464/22
f 4882/4451/22 4864/4464/22 4863/4453/22
s 1579
f 4883/4474/200 4884/4475/189 4885/4476/189
f 4883/4474/200 4885/4476/189 4886/4477/200
s 0
f 4887/4476/22 4888/4478/22 4889/4479/22
f 4887/4476/22 4889/4479/22 4890/4477/22
s 1579
f 4891/4480/188 4892/4481/1575 4893/4482/1575
f 4891/4480/188 4893/4482/1575 4894/4483/188
f 4895/4484/1 4896/4485/202 4897/4486/202
f 4895/4484/1 4897/4486/202 4898/4487/1
f 4884/4475/189 4899/4488/201 4900/4489/201
f 4884/4475/189 4900/4489/201 4885/4476/189
f 4901/4490/1576 4883/4474/200 4886/4477/200
f 4901/4490/1576 4886/4477/200 4902/4491/1576
f 4892/4481/1575 4903/4492/1577 4904/4493/1577
f 4892/4481/1575 4904/4493/1577 4893/4482/1575
f 4896/4485/202 4891/4480/188 4894/4483/188
f 4896/4485/202 4894/4483/188 4897/4486/202
f 4899/4488/201 4895/4484/1 4898/4487/1
f 4899/4488/201 4898/4487/1 4900/4489/201
s 0
f 4905/4484/5 4906/4494/5 4907/4495/5
f 4905/4484/5 4907/4495/5 4908/4485/5
f 4909/4490/5 4910/4496/5 4911/4497/5
f 4909/4490/5 4911/4497/5 4912/4474/5
s 1579
f 4902/4491/1576 4913/4498/1578 4914/4499/1578
f 4902/4491/1576 4914/4499/1578 4901/4490/1576
s 0
f 4915/4489/22 4916/4500/22 4888/4478/22
f 4915/4489/22 4888/4478/22 4887/4476/22
f 4917/4488/5 4918/4501/5 4906/4494/5
f 4917/4488/5 4906/4494/5 4905/4484/5
f 4919/4482/22 4920/4502/22 4921/4503/22
f 4919/4482/22 4921/4503/22 4922/4483/22
f 4922/4483/22 4921/4503/22 4923/4504/22
f 4922/4483/22 4923/4504/22 4924/4486/22
f 4908/4485/5 4907/4495/5 4925/4505/5
f 4908/4485/5 4925/4505/5 4926/4480/5
f 4926/4480/5 4925/4505/5 4927/4506/5
f 4926/4480/5 4927/4506/5 4928/4481/5
f 4929/4475/5 4930/4507/5 4918/4501/5
f 4929/4475/5 4918/4501/5 4917/4488/5
f 4890/4477/22 4889/4479/22 4931/4508/22
f 4890/4477/22 4931/4508/22 4932/4491/22
f 4924/4486/22 4923/4504/22 4933/4509/22
f 4924/4486/22 4933/4509/22 4934/4487/22
f 4912/4474/5 4911/4497/5 4930/4507/5
f 4912/4474/5 4930/4507/5 4929/4475/5
f 4934/4487/22 4933/4509/22 4916/4500/22
f 4934/4487/22 4916/4500/22 4915/4489/22
f 4935/3168/124 4936/4510/124 3321/3174/124
f 4935/3168/124 3321/3174/124 3320/3169/124
s 1610
f 4937/4511/1579 4938/4512/1580 4939/4513/1581
f 4937/4511/1579 4939/4513/1581 4940/4514/1582
s 1611
f 4941/4515/1583 4942/4516/1584 4943/4517/1585
f 4941/4515/1583 4943/4517/1585 4944/4518/1586
s 1612
f 4945/4519/1587 4946/4520/1588 4947/4521/1588
f 4945/4519/1587 4947/4521/1588 4948/4522/1589
s 1611
f 4949/4523/1590 4950/4512/1591 4944/4518/1586
f 4949/4523/1590 4944/4518/1586 4951/4524/1592
f 4950/4512/1591 4952/4511/1593 4941/4515/1583
f 4950/4512/1591 4941/4515/1583 4944/4518/1586
s 1613
f 4953/4525/1594 4954/4526/1595 4955/4517/1596
f 4953/4525/1594 4955/4517/1596 4956/4516/1597
s 0
f 4957/4527/22 4958/4528/22 4959/4529/22
f 4957/4527/22 4959/4529/22 4960/4530/22
s 1612
f 4961/4531/5 4945/4519/1587 4948/4522/1589
f 4961/4531/5 4948/4522/1589 4962/4532/5
s 1611
f 4952/4511/1593 4963/4533/124 4964/4534/124
f 4952/4511/1593 4964/4534/124 4941/4515/1583
s 0
f 4965/4528/1598 4966/4531/1598 4967/4532/1598
f 4965/4528/1598 4967/4532/1598 4968/4529/1598
s 1544
f 4774/4410/1572 4969/310/1 4970/3159/1
f 4774/4410/1572 4970/3159/1 4771/320/1570
s 0
f 4971/344/5 4972/4535/5 4973/4406/5
f 4971/344/5 4973/4406/5 3296/345/5
f 4974/4536/1599 4975/4537/1599 4976/4538/1599
f 4974/4536/1599 4976/4538/1599 4977/4539/1599
f 4978/4540/1600 4979/4541/1600 4980/4542/1600
f 4978/4540/1600 4980/4542/1600 4981/4543/1600
s 1624
f 4982/4544/1601 4983/4536/1601 4984/4539/1602
f 4982/4544/1601 4984/4539/1602 4985/4545/1601
s 1625
f 4986/4537/1603 4987/4540/1603 4988/4543/1603
f 4986/4537/1603 4988/4543/1603 4989/4538/1603
s 0
f 4990/4546/1604 4991/4547/1604 4992/4548/1604
f 4990/4546/1604 4992/4548/1604 4993/4549/1604
f 4994/4550/1605 4995/4551/1605 4996/4552/1605
f 4994/4550/1605 4996/4552/1605 4997/4553/1605
s 1630
f 4998/4554/1606 4999/4546/1606 5000/4549/1607
f 4998/4554/1606 5000/4549/1607 5001/4555/1607
s 1631
f 5002/4547/1608 5003/4550/1608 5004/4553/1608
f 5002/4547/1608 5004/4553/1608 5005/4548/1609
s 0
f 5006/4556/1610 5007/4557/1610 5008/4558/1610
f 5006/4556/1610 5008/4558/1610 5009/4559/1610
f 5010/4560/1611 5011/4561/1611 5012/4562/1611
f 5010/4560/1611 5012/4562/1611 5013/4563/1611
s 1636
f 5014/4564/1612 5015/4556/1613 5016/4559/1612
f 5014/4564/1612 5016/4559/1612 5017/4565/1612
s 1637
f 5018/4557/1614 5019/4560/1614 5020/4563/1615
f 5018/4557/1614 5020/4563/1615 5021/4558/1614
s 0
f 5022/4566/1616 5023/4567/1616 5024/4568/1616
f 5022/4566/1616 5024/4568/1616 5025/4569/1616
f 5026/4570/1617 5027/4571/1617 5028/4572/1617
f 5026/4570/1617 5028/4572/1617 5029/4573/1617
s 1642
f 5030/4574/1618 5031/4566/1618 5032/4569/1618
f 5030/4574/1618 5032/4569/1618 5033/4575/1619
s 1643
f 5034/4567/1620 5035/4570/1620 5036/4573/1620
f 5034/4567/1620 5036/4573/1620 5037/4568/1621
s 1644
f 5038/4576/1622 5039/4577/1622 5040/4578/1622
s 0
f 5038/4576/1622 5040/4578/1622 5041/4579/1622
f 5042/4580/1623 5043/4581/1623 5044/4582/1623
f 5042/4580/1623 5044/4582/1623 5045/4583/1623
s 1648
f 5046/4584/1624 5047/4576/1624 5048/4579/1625
f 5046/4584/1624 5048/4579/1625 5049/4585/1625
s 1649
f 5050/4577/1626 5051/4580/1627 5052/4583/1627
f 5050/4577/1626 5052/4583/1627 5053/4578/1627
s 1613
f 5054/4586/63 4953/4525/1594 4956/4516/1597
f 5054/4586/63 4956/4516/1597 5055/4587/63
s 1610
f 4940/4514/1582 5056/4588/22 5057/4533/22
f 4940/4514/1582 5057/4533/22 4937/4511/1579
s 1611
f 4942/4516/1584 4941/4515/1583 5058/4534/1587
f 4942/4516/1584 5058/4534/1587 5059/4587/5
s 0
f 5060/346/5 5063/3142/5 5064/3141/5
f 5060/346/5 5064/3141/5 5061/347/5
s 1611
f 4944/4518/1586 4943/4517/1585 5066/4589/1
f 4944/4518/1586 5066/4589/1 4951/4524/1592
s 1613
f 4954/4526/1595 5067/4590/1628 5068/4589/1628
f 4954/4526/1595 5068/4589/1628 4955/4517/1596
s 0
f 2141/2321/22 5069/4591/22 5070/4592/22
f 2141/2321/22 5070/4592/22 2147/2326/22
f 2144/2323/1 5071/4593/1 5072/4594/1
f 2144/2323/1 5072/4594/1 2145/2324/1
f 5073/2336/1 5074/4595/1 5071/4593/1
f 5073/2336/1 5071/4593/1 2144/2323/1
f 2140/2320/22 5075/4596/22 5069/4591/22
f 2140/2320/22 5069/4591/22 2141/2321/22
f 2138/2319/5 2137/2318/5 5076/4597/5
f 2138/2319/5 5076/4597/5 5077/4598/5
f 2134/2317/22 2133/2316/22 5078/4599/22
f 2134/2317/22 5078/4599/22 5079/4600/22
f 2145/2324/1 5072/4594/1 5080/4601/1
f 2145/2324/1 5080/4601/1 5081/2343/1
f 2102/2295/2 2794/157/2 5082/352/2
f 2102/2295/2 5082/352/2 2103/2296/2
f 5083/2291/22 5084/4602/22 5085/4603/22
f 5083/2291/22 5085/4603/22 5086/2298/22
f 5087/2286/1 5088/4604/1 5089/4605/1
f 5087/2286/1 5089/4605/1 5090/2281/1
f 5091/2285/1 5092/4606/1 5088/4604/1
f 5091/2285/1 5088/4604/1 5087/2286/1
f 5093/2280/22 5094/4607/22 5084/4602/22
f 5093/2280/22 5084/4602/22 5083/2291/22
f 5095/2285/5 5096/2284/5 5097/4608/5
f 5095/2285/5 5097/4608/5 5098/4609/5
f 5099/2283/22 5100/2282/22 5101/4610/22
f 5099/2283/22 5101/4610/22 5102/4611/22
f 5090/2281/1 5089/4605/1 5103/4612/1
f 5090/2281/1 5103/4612/1 5104/2282/1
f 5105/2280/124 5106/2283/124 5107/2282/124
f 5105/2280/124 5107/2282/124 5108/2281/124
f 5109/2284/124 5110/2287/124 5111/2286/124
f 5109/2284/124 5111/2286/124 5112/2285/124
f 5110/2287/124 5105/2280/124 5108/2281/124
f 5110/2287/124 5108/2281/124 5111/2286/124
f 2090/2288/5 2093/2290/5 5113/2289/5
f 2090/2288/5 5113/2289/5 5114/2287/5
f 5110/2287/124 5115/2289/124 5116/2291/124
f 5110/2287/124 5116/2291/124 5105/2280/124
f 2093/2290/5 2100/2293/5 5118/2292/5
f 2093/2290/5 5118/2292/5 5113/2289/5
f 5119/2294/2 2104/2297/2 2103/2296/2
f 5119/2294/2 2103/2296/2 5120/2295/2
f 5121/2289/1629 5122/2292/1629 5123/2298/1629
f 5121/2289/1629 5123/2298/1629 5124/2291/1629
f 5125/2299/124 5126/2302/124 5127/2301/124
f 5125/2299/124 5127/2301/124 5128/2300/124
f 5129/2303/124 5130/2306/124 5131/2305/124
f 5129/2303/124 5131/2305/124 5132/2304/124
f 5130/2306/124 5125/2299/124 5128/2300/124
f 5130/2306/124 5128/2300/124 5131/2305/124
f 5133/2307/5 5134/2309/5 5135/2308/5
f 5133/2307/5 5135/2308/5 5136/2306/5
f 5130/2306/124 5137/2308/124 5138/2310/124
f 5130/2306/124 5138/2310/124 5125/2299/124
f 5134/2309/5 5139/2312/5 5140/2311/5
f 5134/2309/5 5140/2311/5 5135/2308/5
f 5141/2308/1630 5142/2311/1630 5143/2313/1630
f 5141/2308/1630 5143/2313/1630 5144/2310/1630
f 5131/2305/124 5145/2315/124 5146/2314/124
f 5131/2305/124 5146/2314/124 5132/2304/124
f 5147/2302/22 5148/2317/22 5149/2316/22
f 5147/2302/22 5149/2316/22 5150/2301/22
f 5151/2304/5 5152/2319/5 5153/2318/5
f 5151/2304/5 5153/2318/5 5154/2303/5
f 5155/2299/22 5156/2310/22 5157/2321/22
f 5155/2299/22 5157/2321/22 5158/2320/22
f 5159/2322/1 5160/2325/1 5161/2324/1
f 5159/2322/1 5161/2324/1 5162/2323/1
f 5156/2310/22 5163/2313/22 5164/2326/22
f 5156/2310/22 5164/2326/22 5157/2321/22
f 2149/2327/5 2150/2328/5 5134/2309/5
f 2149/2327/5 5134/2309/5 5133/2307/5
f 2150/2328/5 2151/2329/5 5139/2312/5
f 2150/2328/5 5139/2312/5 5134/2309/5
f 5165/2330/1 5166/2333/1 5167/2332/1
f 5165/2330/1 5167/2332/1 5168/2331/1
f 5169/2314/1 5170/2315/1 5171/2335/1
f 5169/2314/1 5171/2335/1 5172/2334/1
f 5173/2336/63 5174/2338/63 5175/2337/63
f 5173/2336/63 5175/2337/63 5176/2323/63
f 5177/2325/5 5178/2340/5 5179/2339/5
f 5177/2325/5 5179/2339/5 5180/2324/5
f 5127/2301/124 5181/2333/124 5182/2330/124
f 5127/2301/124 5182/2330/124 5128/2300/124
f 5149/2316/22 5183/2341/22 5184/2333/22
f 5149/2316/22 5184/2333/22 5150/2301/22
f 5151/2304/5 5185/2314/5 5186/2342/5
f 5151/2304/5 5186/2342/5 5152/2319/5
f 5187/2324/63 5188/2339/63 5189/2344/63
f 5187/2324/63 5189/2344/63 5190/2343/63
f 5191/2323/22 5192/2337/22 5193/2345/22
f 5191/2323/22 5193/2345/22 5194/2322/22
f 5195/2346/124 5196/2349/124 5197/2348/124
f 5195/2346/124 5197/2348/124 5198/2347/124
f 5199/2350/124 5195/2346/124 5198/2347/124
f 5199/2350/124 5198/2347/124 5200/2351/124
f 5201/2352/124 5199/2350/124 5200/2351/124
f 5201/2352/124 5200/2351/124 5202/2353/124
f 5203/2354/124 5201/2352/124 5202/2353/124
f 5203/2354/124 5202/2353/124 5204/2355/124
f 5205/2356/124 5203/2354/124 5204/2355/124
f 5205/2356/124 5204/2355/124 5206/2357/124
f 5207/2358/124 5208/2359/124 5196/2349/124
f 5207/2358/124 5196/2349/124 5195/2346/124
f 5209/2360/5 5210/2363/5 5211/2362/5
f 5209/2360/5 5211/2362/5 5212/2361/5
f 5213/2364/124 5214/2365/124 5199/2350/124
f 5213/2364/124 5199/2350/124 5201/2352/124
f 5215/2366/5 5216/2369/5 5217/2368/5
f 5215/2366/5 5217/2368/5 5218/2367/5
f 5219/2370/124 5220/2371/124 5203/2354/124
f 5219/2370/124 5203/2354/124 5205/2356/124
f 5221/137/124 5222/138/124 5208/2359/124
f 5221/137/124 5208/2359/124 5207/2358/124
f 5223/143/124 5221/137/124 5207/2358/124
f 5223/143/124 5207/2358/124 5214/2365/124
f 5224/142/124 5223/143/124 5214/2365/124
f 5224/142/124 5214/2365/124 5213/2364/124
f 5225/141/124 5224/142/124 5213/2364/124
f 5225/141/124 5213/2364/124 5226/2372/124
f 5227/140/124 5225/141/124 5226/2372/124
f 5227/140/124 5226/2372/124 5228/2373/124
f 5229/2374/5 5230/2377/5 5231/2376/5
f 5229/2374/5 5231/2376/5 5232/2375/5
f 5233/2378/22 2223/2381/22 2222/2380/22
f 5233/2378/22 2222/2380/22 5234/2379/22
s 1780
f 5197/2348/124 5235/2383/1631 5236/2382/1631
f 5197/2348/124 5236/2382/1631 5198/2347/124
f 5204/2355/124 5237/2385/1631 5238/2384/1631
f 5204/2355/124 5238/2384/1631 5206/2357/124
f 5198/2347/124 5236/2382/1631 5239/2386/1631
f 5198/2347/124 5239/2386/1631 5200/2351/124
f 5200/2351/124 5239/2386/1631 5240/2387/1631
f 5200/2351/124 5240/2387/1631 5202/2353/124
s 1781
f 5241/2388/63 5242/2391/63 5243/2390/1632
f 5241/2388/63 5243/2390/1632 5244/2389/1632
s 0
f 5245/2392/5 2237/2395/5 2236/2394/5
f 5245/2392/5 2236/2394/5 5246/2393/5
f 5247/2396/5 2241/2399/5 2240/2398/5
f 5247/2396/5 2240/2398/5 5248/2397/5
f 5249/2360/1 5250/2402/1 5251/2401/1
f 5249/2360/1 5251/2401/1 5252/2400/1
f 5253/2366/1 5254/2405/1 5255/2404/1
f 5253/2366/1 5255/2404/1 5256/2403/1
f 5252/2400/1 5257/2406/1 5258/2363/1
f 5252/2400/1 5258/2363/1 5249/2360/1
f 5259/2407/5 5260/2410/5 5261/2409/5
f 5259/2407/5 5261/2409/5 5262/2408/5
f 5263/2411/5 5264/2414/5 5265/2413/5
f 5263/2411/5 5265/2413/5 5266/2412/5
f 5267/2367/2 5268/2368/2 5269/2416/2
f 5267/2367/2 5269/2416/2 5270/2415/2
f 5271/2417/2 5272/2419/2 5273/2410/2
f 5271/2417/2 5273/2410/2 5274/2418/2
f 5275/2420/1 5276/2409/1 5277/2422/1
f 5275/2420/1 5277/2422/1 5278/2421/1
f 5279/2423/124 5280/2426/124 5281/2425/124
f 5279/2423/124 5281/2425/124 5282/2424/124
f 5283/2419/124 5284/2428/124 5285/2427/124
f 5283/2419/124 5285/2427/124 5286/2410/124
f 5287/2429/22 5288/2432/22 5289/2431/22
f 5287/2429/22 5289/2431/22 5290/2430/22
f 5218/2367/5 5291/2433/5 5292/2405/5
f 5218/2367/5 5292/2405/5 5215/2366/5
f 5293/2400/22 5294/2401/22 5295/2435/22
f 5293/2400/22 5295/2435/22 5296/2434/22
f 5212/2361/5 5297/2436/5 5298/2402/5
f 5212/2361/5 5298/2402/5 5209/2360/5
f 5270/2415/2 5299/2437/2 5300/2433/2
f 5270/2415/2 5300/2433/2 5267/2367/2
s 1816
f 5301/2438/1633 5302/2439/1634 5303/2436/1634
f 5301/2438/1633 5303/2436/1634 5304/2361/1633
s 0
f 5305/2414/124 5306/2441/124 5307/2440/124
f 5305/2414/124 5307/2440/124 5308/2413/124
f 5309/2442/124 5310/2443/124 5280/2426/124
f 5309/2442/124 5280/2426/124 5279/2423/124
f 5286/2410/124 5285/2427/124 5311/2444/124
f 5286/2410/124 5311/2444/124 5312/2409/124
f 5313/2422/124 5314/2445/124 5284/2428/124
f 5313/2422/124 5284/2428/124 5283/2419/124
f 5308/2413/124 5307/2440/124 5310/2443/124
f 5308/2413/124 5310/2443/124 5309/2442/124
f 5312/2409/124 5311/2444/124 5314/2445/124
f 5312/2409/124 5314/2445/124 5313/2422/124
s 1816
f 5304/2361/1633 5315/2362/2 5316/2446/2
f 5304/2361/1633 5316/2446/2 5301/2438/1633
s 0
f 5317/2447/22 5318/2442/22 5319/2423/22
f 5317/2447/22 5319/2423/22 5320/2448/22
f 5256/2403/1 5321/2449/1 5322/2369/1
f 5256/2403/1 5322/2369/1 5253/2366/1
f 5323/2450/22 5324/2422/22 5325/2419/22
f 5323/2450/22 5325/2419/22 5326/2451/22
f 5287/2429/22 5327/2452/22 5328/2449/22
f 5287/2429/22 5328/2449/22 5329/2403/22
f 5330/2453/1 5331/2413/1 5332/2442/1
f 5330/2453/1 5332/2442/1 5333/2454/1
f 5334/2455/2 5335/2423/2 5336/2424/2
f 5334/2455/2 5336/2424/2 5337/2456/2
f 5296/2434/22 5338/2457/22 5339/2406/22
f 5296/2434/22 5339/2406/22 5293/2400/22
f 5228/2373/124 5226/2372/124 5220/2371/124
f 5228/2373/124 5220/2371/124 5219/2370/124
f 2333/2458/1 2336/2461/1 5340/2460/1
f 2333/2458/1 5340/2460/1 5341/2459/1
f 5342/2462/5 5343/2424/5 5264/2414/5
f 5342/2462/5 5264/2414/5 5263/2411/5
f 5329/2403/22 5344/2404/22 5288/2432/22
f 5329/2403/22 5288/2432/22 5287/2429/22
f 5282/2424/124 5281/2425/124 5306/2441/124
f 5282/2424/124 5306/2441/124 5305/2414/124
f 5290/2430/22 5345/2463/22 5327/2452/22
f 5290/2430/22 5327/2452/22 5287/2429/22
s 1780
f 5202/2353/124 5240/2387/1631 5237/2385/1631
f 5202/2353/124 5237/2385/1631 5204/2355/124
s 0
f 5346/2349/22 5347/2465/22 5348/2464/22
f 5346/2349/22 5348/2464/22 5349/2348/22
s 868
f 5350/2466/1635 5351/2376/1635 5352/2468/1636
f 5350/2466/1635 5352/2468/1636 5353/2467/1636
f 5354/2469/1631 5355/2472/1631 5356/2471/1635
f 5354/2469/1631 5356/2471/1635 5357/2470/1635
f 5358/2473/1637 5359/2474/1637 5351/2376/1635
f 5358/2473/1637 5351/2376/1635 5350/2466/1635
f 5361/2475/1638 5362/2478/1638 2358/2477/1
f 5361/2475/1638 2358/2477/1 2357/2476/1
s 0
f 5363/2359/22 5364/2479/22 5347/2465/22
f 5363/2359/22 5347/2465/22 5346/2349/22
f 5365/2357/5 5366/2481/5 5367/2480/5
f 5365/2357/5 5367/2480/5 5368/2356/5
f 5369/2370/5 5247/2396/5 5248/2397/5
f 5369/2370/5 5248/2397/5 5370/2373/5
f 5371/138/22 5372/150/22 5364/2479/22
f 5371/138/22 5364/2479/22 5363/2359/22
f 5368/2356/5 5367/2480/5 5247/2396/5
f 5368/2356/5 5247/2396/5 5369/2370/5
s 1867
f 5373/144/63 5374/2483/1639 5375/2482/1639
f 5373/144/63 5375/2482/1639 5376/2459/63
s 0
f 5376/2459/63 5377/2460/63 5378/159/63
f 5376/2459/63 5378/159/63 5373/144/63
f 5379/2484/5 5380/2487/5 5381/2486/5
f 5379/2484/5 5381/2486/5 5382/2485/5
s 884
f 5341/2459/1 5383/2482/831 2380/2488/831
f 5341/2459/1 2380/2488/831 2333/2458/1
s 0
f 5384/2489/5 5385/2490/5 5380/2487/5
f 5384/2489/5 5380/2487/5 5379/2484/5
f 5382/2485/5 5381/2486/5 2385/2492/5
f 5382/2485/5 2385/2492/5 2384/2491/5
f 5386/2493/124 5387/2484/124 5388/2485/124
f 5386/2493/124 5388/2485/124 5389/2494/124
f 5390/2495/1 5391/2489/1 5392/2484/1
f 5390/2495/1 5392/2484/1 5393/2496/1
f 5394/2497/2 5395/2485/2 2396/2491/2
f 5394/2497/2 2396/2491/2 2395/2498/2
f 5248/2397/5 2240/2398/5 2400/149/5
f 5248/2397/5 2400/149/5 5397/147/5
f 5370/2373/5 5248/2397/5 5397/147/5
f 5370/2373/5 5397/147/5 5398/140/5
s 1781
f 5244/2389/1632 5243/2390/1632 5399/2500/1640
f 5244/2389/1632 5399/2500/1640 5400/2499/1640
s 0
f 5401/2501/2 5402/2504/2 2406/2503/2
f 5401/2501/2 2406/2503/2 2405/2502/2
s 868
f 5403/2505/1638 5404/2508/1638 2410/2507/1
f 5403/2505/1638 2410/2507/1 2409/2506/1
f 5405/2509/1638 5403/2505/1638 2409/2506/1
f 5405/2509/1638 2409/2506/1 2413/2510/1
f 5406/2511/1638 5405/2509/1638 2413/2510/1
f 5406/2511/1638 2413/2510/1 2415/2512/1
f 5407/2513/1638 5406/2511/1638 2415/2512/1
f 5407/2513/1638 2415/2512/1 2417/2514/1
f 5408/2515/1638 5407/2513/1638 2417/2514/1
f 5408/2515/1638 2417/2514/1 2419/2516/1
f 5409/2517/1641 5410/2520/1636 5411/2519/1635
f 5409/2517/1641 5411/2519/1635 5412/2518/1635
f 5413/2521/1641 5409/2517/1641 5412/2518/1635
f 5413/2521/1641 5412/2518/1635 5414/2522/1635
f 5415/2523/1641 5413/2521/1641 5414/2522/1635
f 5415/2523/1641 5414/2522/1635 5416/2524/1635
f 5417/2525/1641 5415/2523/1641 5416/2524/1635
f 5417/2525/1641 5416/2524/1635 5418/2526/1635
f 5419/2527/1636 5417/2525/1641 5418/2526/1635
f 5419/2527/1636 5418/2526/1635 5420/2528/1635
s 0
f 5421/2529/5 5422/2532/5 2434/2531/5
f 5421/2529/5 2434/2531/5 2433/2530/5
f 5423/2533/2 5424/2529/2 2438/2530/2
f 5423/2533/2 2438/2530/2 2437/2534/2
s 868
f 5353/2467/1636 5352/2468/1636 5425/2536/124
f 5353/2467/1636 5425/2536/124 5426/2535/124
s 0
f 5427/2537/2 5428/2374/2 5429/2375/2
f 5427/2537/2 5429/2375/2 5430/2538/2
f 5431/2539/22 5432/2471/22 5433/2541/22
f 5431/2539/22 5433/2541/22 5434/2540/22
f 5435/2542/22 5436/2543/22 5432/2471/22
f 5435/2542/22 5432/2471/22 5431/2539/22
f 5437/2544/2 5438/2547/2 5439/2546/2
f 5437/2544/2 5439/2546/2 5440/2545/2
s 868
f 5441/2548/124 5442/2549/124 5355/2472/1631
f 5441/2548/124 5355/2472/1631 5354/2469/1631
s 0
f 5440/2545/2 5439/2546/2 5443/2551/2
f 5440/2545/2 5443/2551/2 5444/2550/2
f 5347/2465/22 5445/2553/22 5446/2552/22
f 5347/2465/22 5446/2552/22 5348/2464/22
f 5445/2553/22 5233/2378/22 5234/2379/22
f 5445/2553/22 5234/2379/22 5446/2552/22
f 5366/2481/5 5447/2555/5 5448/2554/5
f 5366/2481/5 5448/2554/5 5367/2480/5
f 5447/2555/5 5245/2392/5 5246/2393/5
f 5447/2555/5 5246/2393/5 5448/2554/5
s 868
f 2464/2556/1 2467/2531/1 5449/2532/1638
f 2464/2556/1 5449/2532/1638 5450/2557/1638
f 5450/2557/1638 5449/2532/1638 5359/2474/1637
f 5450/2557/1638 5359/2474/1637 5358/2473/1637
f 5357/2470/1635 5356/2471/1635 5451/2543/1637
f 5357/2470/1635 5451/2543/1637 5452/2558/1637
f 5452/2558/1637 5451/2543/1637 5362/2478/1638
f 5452/2558/1637 5362/2478/1638 5361/2475/1638
s 0
f 2473/2559/5 2476/2562/5 5456/2561/5
f 2473/2559/5 5456/2561/5 5457/2560/5
f 5457/2560/5 5456/2561/5 5385/2490/5
f 5457/2560/5 5385/2490/5 5384/2489/5
f 2477/2563/1 2480/2559/1 5458/2560/1
f 2477/2563/1 5458/2560/1 5459/2564/1
f 5459/2564/1 5458/2560/1 5391/2489/1
f 5459/2564/1 5391/2489/1 5390/2495/1
f 5460/2499/2 5461/2500/2 5462/2566/2
f 5460/2499/2 5462/2566/2 5463/2565/2
f 5463/2565/2 5462/2566/2 5402/2504/2
f 5463/2565/2 5402/2504/2 5401/2501/2
s 868
f 5412/2518/1635 5411/2519/1635 5464/2568/1637
f 5412/2518/1635 5464/2568/1637 5465/2567/1637
f 5465/2567/1637 5464/2568/1637 5404/2508/1638
f 5465/2567/1637 5404/2508/1638 5403/2505/1638
f 5414/2522/1635 5412/2518/1635 5465/2567/1637
f 5414/2522/1635 5465/2567/1637 5466/2569/1637
f 5466/2569/1637 5465/2567/1637 5403/2505/1638
f 5466/2569/1637 5403/2505/1638 5405/2509/1638
f 5416/2524/1635 5414/2522/1635 5466/2569/1637
f 5416/2524/1635 5466/2569/1637 5467/2570/1637
f 5467/2570/1637 5466/2569/1637 5405/2509/1638
f 5467/2570/1637 5405/2509/1638 5406/2511/1638
f 5418/2526/1635 5416/2524/1635 5467/2570/1637
f 5418/2526/1635 5467/2570/1637 5468/2571/1637
f 5468/2571/1637 5467/2570/1637 5406/2511/1638
f 5468/2571/1637 5406/2511/1638 5407/2513/1638
f 5420/2528/1635 5418/2526/1635 5468/2571/1637
f 5420/2528/1635 5468/2571/1637 5469/2572/1637
f 5469/2572/1637 5468/2571/1637 5407/2513/1638
f 5469/2572/1637 5407/2513/1638 5408/2515/1638
s 0
f 5232/2375/5 5231/2376/5 5470/2474/5
f 5232/2375/5 5470/2474/5 5471/2573/5
f 5471/2573/5 5470/2474/5 5422/2532/5
f 5471/2573/5 5422/2532/5 5421/2529/5
f 5430/2538/2 5429/2375/2 5472/2573/2
f 5430/2538/2 5472/2573/2 5473/2574/2
f 5473/2574/2 5472/2573/2 5424/2529/2
f 5473/2574/2 5424/2529/2 5423/2533/2
f 2495/2575/22 2498/2477/22 5474/2478/22
f 2495/2575/22 5474/2478/22 5475/2576/22
f 5475/2576/22 5474/2478/22 5436/2543/22
f 5475/2576/22 5436/2543/22 5435/2542/22
f 2499/2577/2 2502/2580/2 5476/2579/2
f 2499/2577/2 5476/2579/2 5477/2578/2
f 5477/2578/2 5476/2579/2 5438/2547/2
f 5477/2578/2 5438/2547/2 5437/2544/2
f 5398/140/5 5397/147/5 2503/148/5
f 5398/140/5 2503/148/5 5479/139/5
f 5396/139/124 5360/136/124 5223/143/124
f 5396/139/124 5223/143/124 5224/142/124
s 868
f 5410/2520/1636 5354/2469/1631 5357/2470/1635
f 5410/2520/1636 5357/2470/1635 5411/2519/1635
f 5404/2508/1638 5361/2475/1638 2357/2476/1
f 5404/2508/1638 2357/2476/1 2410/2507/1
s 0
f 5480/2581/2 5437/2544/2 5440/2545/2
f 5480/2581/2 5440/2545/2 5481/2582/2
s 868
f 5482/2583/124 5441/2548/124 5354/2469/1631
f 5482/2583/124 5354/2469/1631 5410/2520/1636
s 0
f 5481/2582/2 5440/2545/2 5444/2550/2
f 5481/2582/2 5444/2550/2 5483/2584/2
s 868
f 5411/2519/1635 5357/2470/1635 5452/2558/1637
f 5411/2519/1635 5452/2558/1637 5464/2568/1637
f 5464/2568/1637 5452/2558/1637 5361/2475/1638
f 5464/2568/1637 5361/2475/1638 5404/2508/1638
s 0
f 2510/2585/2 2499/2577/2 5477/2578/2
f 2510/2585/2 5477/2578/2 5484/2586/2
f 5484/2586/2 5477/2578/2 5437/2544/2
f 5484/2586/2 5437/2544/2 5480/2581/2
s 868
f 5420/2528/1635 5350/2466/1635 5353/2467/1636
f 5420/2528/1635 5353/2467/1636 5419/2527/1636
f 5469/2572/1637 5358/2473/1637 5350/2466/1635
f 5469/2572/1637 5350/2466/1635 5420/2528/1635
s 0
f 5485/2587/2 5423/2533/2 2437/2534/2
f 5485/2587/2 2437/2534/2 2513/2588/2
s 868
f 5419/2527/1636 5353/2467/1636 5426/2535/124
f 5419/2527/1636 5426/2535/124 5486/2589/124
s 0
f 5487/2590/2 5427/2537/2 5430/2538/2
f 5487/2590/2 5430/2538/2 5488/2591/2
s 868
f 2419/2516/1 2464/2556/1 5450/2557/1638
f 2419/2516/1 5450/2557/1638 5408/2515/1638
f 5408/2515/1638 5450/2557/1638 5358/2473/1637
f 5408/2515/1638 5358/2473/1637 5469/2572/1637
s 0
f 5488/2591/2 5430/2538/2 5473/2574/2
f 5488/2591/2 5473/2574/2 5489/2592/2
f 5489/2592/2 5473/2574/2 5423/2533/2
f 5489/2592/2 5423/2533/2 5485/2587/2
s 971
f 2518/2593/2 2520/2594/834 5490/2483/834
f 2518/2593/2 5490/2483/834 5453/144/2
s 0
f 5453/144/2 5455/145/2 2521/2595/2
f 5453/144/2 2521/2595/2 2518/2593/2
s 974
f 2522/2596/1 5491/2599/1642 5492/2598/1642
f 2522/2596/1 5492/2598/1642 2523/2597/1
f 5491/2599/1642 5493/2601/1643 5494/2600/1644
f 5491/2599/1642 5494/2600/1644 5492/2598/1642
f 5493/2601/1643 5495/2603/1645 5496/2602/1646
f 5493/2601/1643 5496/2602/1646 5494/2600/1644
f 5495/2603/1645 5497/2605/1647 5498/2604/63
f 5495/2603/1645 5498/2604/63 5496/2602/1646
f 5497/2605/1647 5499/2607/1648 5500/2606/1649
f 5497/2605/1647 5500/2606/1649 5498/2604/63
f 5499/2607/1648 5501/2609/1650 5502/2608/1651
f 5499/2607/1648 5502/2608/1651 5500/2606/1649
s 975
f 5503/2610/1652 5504/2613/1653 5505/2612/1654
f 5503/2610/1652 5505/2612/1654 5506/2611/1655
f 5504/2613/1653 2541/2615/2 2540/2614/2
f 5504/2613/1653 2540/2614/2 5505/2612/1654
s 0
f 5507/2616/5 5508/2619/5 5509/2618/5
f 5507/2616/5 5509/2618/5 5510/2617/5
f 5511/2620/5 5512/2623/5 5513/2622/5
f 5511/2620/5 5513/2622/5 5514/2621/5
f 5515/2624/5 5516/2627/5 5517/2626/5
f 5515/2624/5 5517/2626/5 5518/2625/5
f 2554/2628/5 2555/2629/5 5508/2619/5
f 2554/2628/5 5508/2619/5 5507/2616/5
f 5519/2630/5 5520/2631/5 5512/2623/5
f 5519/2630/5 5512/2623/5 5511/2620/5
f 5510/2617/5 5509/2618/5 5516/2627/5
f 5510/2617/5 5516/2627/5 5515/2624/5
f 5514/2621/5 5513/2622/5 2559/2633/5
f 5514/2621/5 2559/2633/5 2558/2632/5
f 5518/2625/5 5517/2626/5 5520/2631/5
f 5518/2625/5 5520/2631/5 5519/2630/5
s 992
f 5521/2619/1656 5522/2635/1656 5523/2634/1657
f 5521/2619/1656 5523/2634/1657 5524/2618/1657
f 5525/2627/1658 5526/2637/1658 5527/2636/63
f 5525/2627/1658 5527/2636/63 5528/2626/63
f 5529/2631/1659 5530/2639/1659 5531/2638/1644
f 5529/2631/1659 5531/2638/1644 5532/2623/1644
f 5533/2622/1660 5534/2641/1660 2574/2640/1
f 5533/2622/1660 2574/2640/1 2573/2633/1
f 2576/2629/2 2577/2642/2 5522/2635/1656
f 2576/2629/2 5522/2635/1656 5521/2619/1656
f 5524/2618/1657 5523/2634/1657 5526/2637/1658
f 5524/2618/1657 5526/2637/1658 5525/2627/1658
f 5528/2626/63 5527/2636/63 5530/2639/1659
f 5528/2626/63 5530/2639/1659 5529/2631/1659
f 5532/2623/1644 5531/2638/1644 5534/2641/1660
f 5532/2623/1644 5534/2641/1660 5533/2622/1660
s 0
f 5535/2641/22 5536/2644/22 2580/2643/22
f 5535/2641/22 2580/2643/22 2579/2640/22
f 2582/2642/22 2585/2646/22 5537/2645/22
f 2582/2642/22 5537/2645/22 5538/2635/22
f 5539/2634/22 5540/2648/22 5541/2647/22
f 5539/2634/22 5541/2647/22 5542/2637/22
f 5543/2636/22 5544/2650/22 5545/2649/22
f 5543/2636/22 5545/2649/22 5546/2639/22
f 5547/2638/22 5548/2651/22 5536/2644/22
f 5547/2638/22 5536/2644/22 5535/2641/22
f 5538/2635/22 5537/2645/22 5540/2648/22
f 5538/2635/22 5540/2648/22 5539/2634/22
f 5542/2637/22 5541/2647/22 5544/2650/22
f 5542/2637/22 5544/2650/22 5543/2636/22
f 5546/2639/22 5545/2649/22 5548/2651/22
f 5546/2639/22 5548/2651/22 5547/2638/22
s 1009
f 5549/2651/1644 5550/2653/1644 5551/2652/1661
f 5549/2651/1644 5551/2652/1661 5552/2644/1661
f 5553/2645/1654 5554/2655/1662 5555/2654/1651
f 5553/2645/1654 5555/2654/1651 5556/2648/1651
f 5557/2647/1649 5558/2657/1649 5559/2656/63
f 5557/2647/1649 5559/2656/63 5560/2650/63
f 5561/2649/1646 5562/2658/1646 5550/2653/1644
f 5561/2649/1646 5550/2653/1644 5549/2651/1644
f 5552/2644/1661 5551/2652/1661 2611/2659/1
f 5552/2644/1661 2611/2659/1 2610/2643/1
f 2612/2646/2 2613/2660/2 5554/2655/1662
f 2612/2646/2 5554/2655/1662 5553/2645/1654
f 5556/2648/1651 5555/2654/1651 5558/2657/1649
f 5556/2648/1651 5558/2657/1649 5557/2647/1649
f 5560/2650/63 5559/2656/63 5562/2658/1646
f 5560/2650/63 5562/2658/1646 5561/2649/1646
s 0
f 5563/2661/63 5564/2664/63 5565/2663/63
f 5563/2661/63 5565/2663/63 5566/2662/63
f 5567/2662/5 5568/2667/5 5569/2666/5
f 5567/2662/5 5569/2666/5 5570/2665/5
f 5571/2665/124 5572/2670/124 5573/2669/124
f 5571/2665/124 5573/2669/124 5574/2668/124
f 5575/2668/1 5576/2661/1 5577/2662/1
f 5575/2668/1 5577/2662/1 5578/2665/1
s 974
f 5499/2607/1648 5579/2672/1663 5580/2671/1664
f 5499/2607/1648 5580/2671/1664 5501/2609/1650
f 5581/2673/1665 5582/2676/1666 5583/2675/1667
f 5581/2673/1665 5583/2675/1667 5584/2674/1668
f 2636/2677/1 5585/2680/1642 5586/2679/1642
f 2636/2677/1 5586/2679/1642 2637/2678/1
f 2637/2678/1 5586/2679/1642 5491/2599/1642
f 2637/2678/1 5491/2599/1642 2522/2596/1
f 5585/2680/1642 5587/2681/1644 5584/2674/1668
f 5585/2680/1642 5584/2674/1668 5586/2679/1642
f 5586/2679/1642 5584/2674/1668 5493/2601/1643
f 5586/2679/1642 5493/2601/1643 5491/2599/1642
f 5587/2681/1644 5588/2682/1646 5581/2673/1665
f 5587/2681/1644 5581/2673/1665 5584/2674/1668
f 5589/2683/1669 5590/2684/1670 5582/2676/1666
f 5589/2683/1669 5582/2676/1666 5581/2673/1665
f 5588/2682/1646 5591/2685/63 5589/2683/1669
f 5588/2682/1646 5589/2683/1669 5581/2673/1665
f 5591/2685/63 5592/2687/1649 5593/2686/1671
f 5591/2685/63 5593/2686/1671 5589/2683/1669
f 5584/2674/1668 5583/2675/1667 5594/2688/1672
f 5584/2674/1668 5594/2688/1672 5493/2601/1643
f 5592/2687/1649 5595/2690/1651 5596/2689/1673
f 5592/2687/1649 5596/2689/1673 5593/2686/1671
f 5593/2686/1671 5597/2691/1674 5590/2684/1670
f 5593/2686/1671 5590/2684/1670 5589/2683/1669
s 975
f 5598/2692/1655 5599/2695/1653 5600/2694/1653
f 5598/2692/1655 5600/2694/1653 5601/2693/1675
f 5601/2693/1675 5600/2694/1653 5504/2613/1653
f 5601/2693/1675 5504/2613/1653 5503/2610/1652
f 5599/2695/1653 2656/2697/2 2655/2696/2
f 5599/2695/1653 2655/2696/2 5600/2694/1653
f 5600/2694/1653 2655/2696/2 2541/2615/2
f 5600/2694/1653 2541/2615/2 5504/2613/1653
s 974
f 5583/2675/1667 5602/2699/1666 5603/2698/1676
f 5583/2675/1667 5603/2698/1676 5594/2688/1672
f 5602/2699/1666 5604/2701/1670 5605/2700/1677
f 5602/2699/1666 5605/2700/1677 5603/2698/1676
f 5604/2701/1670 5606/2703/1674 5607/2702/1663
f 5604/2701/1670 5607/2702/1663 5605/2700/1677
f 5606/2703/1674 5608/2705/1678 5609/2704/1679
f 5606/2703/1674 5609/2704/1679 5607/2702/1663
f 5497/2605/1647 5610/2706/1677 5579/2672/1663
f 5497/2605/1647 5579/2672/1663 5499/2607/1648
f 5495/2603/1645 5611/2707/1676 5610/2706/1677
f 5495/2603/1645 5610/2706/1677 5497/2605/1647
f 5493/2601/1643 5594/2688/1672 5611/2707/1676
f 5493/2601/1643 5611/2707/1676 5495/2603/1645
s 975
f 5503/2610/1652 5612/2709/1680 5613/2708/1681
f 5503/2610/1652 5613/2708/1681 5601/2693/1675
s 974
f 5596/2689/1673 5614/2710/1682 5597/2691/1674
f 5596/2689/1673 5597/2691/1674 5593/2686/1671
s 2000
f 5615/2711/1 5616/2714/878 5617/2713/878
f 5615/2711/1 5617/2713/878 5618/2712/1
f 5616/2714/878 5619/2716/5 5620/2715/5
f 5616/2714/878 5620/2715/5 5617/2713/878
f 5619/2716/5 5621/2718/879 5622/2717/879
f 5619/2716/5 5622/2717/879 5620/2715/5
f 5621/2718/879 5623/2720/2 5624/2719/2
f 5621/2718/879 5624/2719/2 5622/2717/879
f 5625/2721/928 5626/2724/880 5627/2723/880
f 5625/2721/928 5627/2723/880 5628/2722/2
f 5626/2724/880 5629/2726/22 5630/2725/22
f 5626/2724/880 5630/2725/22 5627/2723/880
f 5629/2726/22 5631/2728/881 5632/2727/881
f 5629/2726/22 5632/2727/881 5630/2725/22
f 5631/2728/881 5615/2711/1 5618/2712/1
f 5631/2728/881 5618/2712/1 5632/2727/881
s 2001
f 5633/2729/63 5634/2732/307 5635/2731/307
f 5633/2729/63 5635/2731/307 5636/2730/63
f 5634/2732/307 5637/2734/5 5638/2733/1274
f 5634/2732/307 5638/2733/1274 5635/2731/307
f 5639/2735/5 5640/2738/328 5641/2737/328
f 5639/2735/5 5641/2737/328 5642/2736/5
f 5640/2738/328 5643/2740/124 5644/2739/124
f 5640/2738/328 5644/2739/124 5641/2737/328
f 5643/2740/124 5645/2742/362 5646/2741/362
f 5643/2740/124 5646/2741/362 5644/2739/124
f 5645/2742/362 5647/2744/22 5648/2743/22
f 5645/2742/362 5648/2743/22 5646/2741/362
f 5647/2744/22 5649/2746/314 5650/2745/314
f 5647/2744/22 5650/2745/314 5648/2743/22
f 5649/2746/314 5633/2729/63 5636/2730/63
f 5649/2746/314 5636/2730/63 5650/2745/314
s 2002
f 5651/2747/63 5652/2750/307 5653/2749/307
f 5651/2747/63 5653/2749/307 5654/2748/63
f 5652/2750/307 5655/2752/5 5656/2751/5
f 5652/2750/307 5656/2751/5 5653/2749/307
f 5655/2752/5 5657/2754/328 5658/2753/328
f 5655/2752/5 5658/2753/328 5656/2751/5
f 5657/2754/328 5659/2756/124 5660/2755/124
f 5657/2754/328 5660/2755/124 5658/2753/328
f 5659/2756/124 5661/2758/362 5662/2757/362
f 5659/2756/124 5662/2757/362 5660/2755/124
f 5661/2758/362 5663/2760/22 5664/2759/22
f 5661/2758/362 5664/2759/22 5662/2757/362
f 5665/2761/22 5666/2764/314 5667/2763/314
f 5665/2761/22 5667/2763/314 5668/2762/22
f 5666/2764/314 5651/2747/63 5654/2748/63
f 5666/2764/314 5654/2748/63 5667/2763/314
s 2003
f 5669/2765/1 5670/2768/878 5671/2767/878
f 5669/2765/1 5671/2767/878 5672/2766/1
f 5670/2768/878 5673/2770/5 5674/2769/5
f 5670/2768/878 5674/2769/5 5671/2767/878
f 5673/2770/5 5675/2772/879 5676/2771/879
f 5673/2770/5 5676/2771/879 5674/2769/5
f 5675/2772/879 5677/2774/2 5678/2773/2
f 5675/2772/879 5678/2773/2 5676/2771/879
f 5679/2775/2 5680/2778/880 5681/2777/880
f 5679/2775/2 5681/2777/880 5682/2776/2
f 5680/2778/880 5683/2780/22 5684/2779/22
f 5680/2778/880 5684/2779/22 5681/2777/880
f 5683/2780/22 5685/2782/881 5686/2781/881
f 5683/2780/22 5686/2781/881 5684/2779/22
f 5685/2782/881 5669/2765/1 5672/2766/1
f 5685/2782/881 5672/2766/1 5686/2781/881
s 2004
f 5687/2783/1 5688/2786/878 5689/2785/878
f 5687/2783/1 5689/2785/878 5690/2784/1
f 5688/2786/878 5691/2788/5 5692/2787/5
f 5688/2786/878 5692/2787/5 5689/2785/878
f 5691/2788/5 5693/2790/879 5694/2789/879
f 5691/2788/5 5694/2789/879 5692/2787/5
f 5693/2790/879 5695/2792/2 5696/2791/2
f 5693/2790/879 5696/2791/2 5694/2789/879
f 5697/2793/2 5698/2796/880 5699/2795/880
f 5697/2793/2 5699/2795/880 5700/2794/2
f 5698/2796/880 5701/2798/22 5702/2797/22
f 5698/2796/880 5702/2797/22 5699/2795/880
f 5701/2798/22 5703/2800/881 5704/2799/881
f 5701/2798/22 5704/2799/881 5702/2797/22
f 5703/2800/881 5687/2783/1 5690/2784/1
f 5703/2800/881 5690/2784/1 5704/2799/881
s 0
f 5705/2801/5 5706/2804/5 5707/2803/5
f 5705/2801/5 5707/2803/5 5708/2802/5
f 5709/2805/22 5710/2808/22 5711/2807/22
f 5709/2805/22 5711/2807/22 5712/2806/22
f 5713/2809/1 5714/2811/1 5715/2804/1
f 5713/2809/1 5715/2804/1 5716/2810/1
s 209
f 5717/2812/1683 5718/2807/1684 5719/2808/1685
f 5717/2812/1683 5719/2808/1685 5720/2813/1686
s 0
f 5721/2814/1 5722/2807/1 5723/2812/1
f 5721/2814/1 5723/2812/1 5724/2815/1
f 5724/2815/1 5723/2812/1 5714/2811/1
f 5724/2815/1 5714/2811/1 5713/2809/1
s 209
f 5725/2804/1687 5726/2811/1688 5727/2816/1689
f 5725/2804/1687 5727/2816/1689 5728/2803/1690
f 5726/2811/1688 5717/2812/1683 5720/2813/1686
f 5726/2811/1688 5720/2813/1686 5727/2816/1689
f 5729/2817/1691 5730/2820/1692 5731/2819/1693
f 5729/2817/1691 5731/2819/1693 5732/2818/63
f 5720/2813/1686 5731/2819/1693 5730/2820/1692
f 5720/2813/1686 5730/2820/1692 5727/2816/1689
f 5733/2821/1694 5728/2803/1690 5727/2816/1689
f 5733/2821/1694 5727/2816/1689 5730/2820/1692
f 5734/2822/1695 5731/2819/1693 5720/2813/1686
f 5734/2822/1695 5720/2813/1686 5719/2808/1685
f 5732/2818/63 5735/2824/63 5736/2823/1696
f 5732/2818/63 5736/2823/1696 5729/2817/1691
s 0
f 5737/2824/2 5120/2295/2 5738/157/2
f 5737/2824/2 5738/157/2 5739/2823/2
f 2795/2825/22 2798/2828/22 5740/2827/22
f 2795/2825/22 5740/2827/22 5741/2826/22
f 2799/2829/22 2795/2825/22 5741/2826/22
f 2799/2829/22 5741/2826/22 5709/2805/22
f 2800/2830/22 2799/2829/22 5709/2805/22
f 2800/2830/22 5709/2805/22 5712/2806/22
f 5709/2805/22 5741/2826/22 5742/2822/22
f 5709/2805/22 5742/2822/22 5710/2808/22
f 2802/2831/1 2803/2832/1 5721/2814/1
f 2802/2831/1 5721/2814/1 5724/2815/1
f 5742/2822/22 5741/2826/22 5740/2827/22
f 5742/2822/22 5740/2827/22 5743/2833/22
f 2805/2834/1 2802/2831/1 5724/2815/1
f 2805/2834/1 5724/2815/1 5713/2809/1
f 2806/2835/1 2805/2834/1 5713/2809/1
f 2806/2835/1 5713/2809/1 5716/2810/1
f 5743/2833/22 5740/2827/22 5744/160/22
f 5743/2833/22 5744/160/22 5745/2836/22
f 5117/134/22 5746/2837/22 5745/2836/22
f 5117/134/22 5745/2836/22 5744/160/22
f 5747/2836/63 5748/2837/63 5735/2824/63
f 5747/2836/63 5735/2824/63 5732/2818/63
f 5737/2824/2 5749/2837/2 5119/2294/2
f 5737/2824/2 5119/2294/2 5120/2295/2
f 5750/152/5 5708/2802/5 5707/2803/5
f 5750/152/5 5707/2803/5 5751/151/5
s 209
f 5752/155/125 5753/151/127 5728/2803/1690
f 5752/155/125 5728/2803/1690 5733/2821/1694
s 0
f 5756/2838/5 5757/2841/5 2821/2840/5
f 5756/2838/5 2821/2840/5 2820/2839/5
f 5755/154/5 5754/153/5 5757/2841/5
f 5755/154/5 5757/2841/5 5756/2838/5
s 209
f 5752/155/125 5729/2817/1691 5736/2823/1696
f 5752/155/125 5736/2823/1696 5758/153/126
s 0
f 5739/2823/2 5738/157/2 5759/158/2
f 5739/2823/2 5759/158/2 5760/153/2
f 2827/2842/1 2830/2843/1 5761/2391/1
f 2827/2842/1 5761/2391/1 5762/2388/1
f 5478/136/22 2832/2845/22 2831/2844/22
f 5478/136/22 2831/2844/22 5372/150/22
s 884
f 5383/2482/831 5763/2847/896 2833/2846/896
f 5383/2482/831 2833/2846/896 2380/2488/831
s 1867
f 5375/2482/1639 5374/2483/1639 5765/2848/1697
f 5375/2482/1639 5765/2848/1697 5766/2847/1697
s 971
f 5490/2483/834 2520/2594/834 2839/2849/898
f 5490/2483/834 2839/2849/898 5767/2848/898
s 2053
f 5768/2850/524 5769/2853/524 5770/2852/903
f 5768/2850/524 5770/2852/903 5771/2851/904
f 5772/2854/970 5773/2857/1698 5774/2856/5
f 5772/2854/970 5774/2856/5 5775/2855/5
f 5776/2858/307 5777/2861/307 5778/2860/309
f 5776/2858/307 5778/2860/309 5779/2859/309
f 5780/2862/326 5781/2865/326 5782/2864/328
f 5780/2862/326 5782/2864/328 5783/2863/328
f 5775/2855/5 5774/2856/5 5784/2867/305
f 5775/2855/5 5784/2867/305 5785/2866/305
f 5786/2868/900 5787/2871/899 5788/2870/124
f 5786/2868/900 5788/2870/124 5789/2869/124
f 5790/2872/1699 5791/2875/966 5792/2874/362
f 5790/2872/1699 5792/2874/362 5793/2873/362
f 5794/2876/316 5795/2879/316 5796/2878/22
f 5794/2876/316 5796/2878/22 5797/2877/22
f 5771/2851/904 5770/2852/903 5798/2881/1700
f 5771/2851/904 5798/2881/1700 5799/2880/314
f 5779/2859/309 5778/2860/309 5800/2883/971
f 5779/2859/309 5800/2883/971 5801/2882/971
f 5783/2863/328 5782/2864/328 5773/2857/1698
f 5783/2863/328 5773/2857/1698 5772/2854/970
f 5785/2866/305 5784/2867/305 5777/2861/307
f 5785/2866/305 5777/2861/307 5776/2858/307
f 5789/2869/124 5788/2870/124 5781/2865/326
f 5789/2869/124 5781/2865/326 5780/2862/326
f 5793/2873/362 5792/2874/362 5787/2871/899
f 5793/2873/362 5787/2871/899 5786/2868/900
f 5797/2877/22 5796/2878/22 5791/2875/966
f 5797/2877/22 5791/2875/966 5790/2872/1699
f 5799/2880/314 5798/2881/1700 5795/2879/316
f 5799/2880/314 5795/2879/316 5794/2876/316
s 233
f 5802/2884/2 5803/2887/205 5804/2886/926
f 5802/2884/2 5804/2886/926 5805/2885/909
f 5803/2887/205 5806/2889/187 5807/2888/925
f 5803/2887/205 5807/2888/925 5804/2886/926
f 5806/2889/187 5808/2891/204 5809/2890/930
f 5806/2889/187 5809/2890/930 5807/2888/925
f 5808/2891/204 5810/2893/124 5811/2892/923
f 5808/2891/204 5811/2892/923 5809/2890/930
f 5810/2893/124 5812/2895/203 5813/2894/1701
f 5810/2893/124 5813/2894/1701 5811/2892/923
f 5812/2895/203 5814/2897/1702 5815/2896/920
f 5812/2895/203 5815/2896/920 5813/2894/1701
f 5814/2897/1702 5816/2899/202 5817/2898/1703
f 5814/2897/1702 5817/2898/1703 5815/2896/920
f 5816/2899/202 5818/2901/1 5819/2900/918
f 5816/2899/202 5819/2900/918 5817/2898/1703
f 5818/2901/1 5820/2903/201 5821/2902/931
f 5818/2901/1 5821/2902/931 5819/2900/918
f 5820/2903/201 5822/2905/1704 5823/2904/915
f 5820/2903/201 5823/2904/915 5821/2902/931
f 5822/2905/1704 5824/2907/200 5825/2906/914
f 5822/2905/1704 5825/2906/914 5823/2904/915
f 5824/2907/200 5826/2909/63 5827/2908/913
f 5824/2907/200 5827/2908/913 5825/2906/914
f 5826/2909/63 5828/2911/199 5829/2910/912
f 5826/2909/63 5829/2910/912 5827/2908/913
f 5828/2911/199 5830/2913/190 5831/2912/911
f 5828/2911/199 5831/2912/911 5829/2910/912
f 5830/2913/190 5832/2915/198 5833/2914/910
f 5830/2913/190 5833/2914/910 5831/2912/911
f 5832/2915/198 5834/2917/660 5835/2916/927
f 5832/2915/198 5835/2916/927 5833/2914/910
f 5836/2918/930 5837/191/73 5838/195/70
f 5836/2918/930 5838/195/70 5839/2919/925
f 5840/2920/911 5841/194/128 5842/197/68
f 5840/2920/911 5842/197/68 5843/2921/912
f 5844/2922/920 5845/204/76 5846/205/75
f 5844/2922/920 5846/205/75 5847/2923/922
f 5848/2924/931 5849/201/79 5850/202/78
f 5848/2924/931 5850/202/78 5851/2925/918
f 5852/2926/926 5853/196/69 5854/206/82
f 5852/2926/926 5854/206/82 5835/2916/927
f 5855/2927/913 5856/198/67 5857/199/81
f 5855/2927/913 5857/199/81 5858/2928/914
f 5859/2929/923 5860/190/74 5837/191/73
f 5859/2929/923 5837/191/73 5836/2918/930
f 5833/2914/910 5861/193/72 5841/194/128
f 5833/2914/910 5841/194/128 5840/2920/911
f 5862/2930/919 5863/203/77 5845/204/76
f 5862/2930/919 5845/204/76 5844/2922/920
f 5864/2931/1705 5865/200/80 5849/201/79
f 5864/2931/1705 5849/201/79 5848/2924/931
f 5839/2919/925 5838/195/70 5853/196/69
f 5839/2919/925 5853/196/69 5852/2926/926
f 5843/2921/912 5842/197/68 5856/198/67
f 5843/2921/912 5856/198/67 5855/2927/913
f 5847/2923/922 5846/205/75 5860/190/74
f 5847/2923/922 5860/190/74 5859/2929/923
f 5835/2916/927 5854/206/82 5861/193/72
f 5835/2916/927 5861/193/72 5833/2914/910
f 5851/2925/918 5850/202/78 5863/203/77
f 5851/2925/918 5863/203/77 5862/2930/919
f 5858/2928/914 5857/199/81 5865/200/80
f 5858/2928/914 5865/200/80 5864/2931/1705
s 0
f 5866/2932/22 5867/2935/22 5868/2934/22
f 5866/2932/22 5868/2934/22 5869/2933/22
f 5870/2936/22 5871/2939/22 5872/2938/22
f 5870/2936/22 5872/2938/22 5873/2937/22
f 5874/2940/22 5875/2943/22 5876/2942/22
f 5874/2940/22 5876/2942/22 5877/2941/22
f 5878/2944/22 5879/2947/22 5880/2946/22
f 5878/2944/22 5880/2946/22 5881/2945/22
f 5882/2948/22 5883/2951/22 5884/2950/22
f 5882/2948/22 5884/2950/22 5885/2949/22
f 5886/2952/22 5887/2955/22 5888/2954/22
f 5886/2952/22 5888/2954/22 5889/2953/22
f 5890/2956/22 5891/2957/22 5875/2943/22
f 5890/2956/22 5875/2943/22 5874/2940/22
f 5869/2933/22 5868/2934/22 5892/2959/22
f 5869/2933/22 5892/2959/22 5893/2958/22
f 5873/2937/22 5872/2938/22 5894/2961/22
f 5873/2937/22 5894/2961/22 5895/2960/22
f 5877/2941/22 5876/2942/22 5896/2963/22
f 5877/2941/22 5896/2963/22 5897/2962/22
f 5881/2945/22 5880/2946/22 5898/2965/22
f 5881/2945/22 5898/2965/22 5899/2964/22
f 5885/2949/22 5884/2950/22 5867/2935/22
f 5885/2949/22 5867/2935/22 5866/2932/22
f 5893/2958/22 5892/2959/22 5871/2939/22
f 5893/2958/22 5871/2939/22 5870/2936/22
f 5895/2960/22 5894/2961/22 5879/2947/22
f 5895/2960/22 5879/2947/22 5878/2944/22
f 5897/2962/22 5896/2963/22 5883/2951/22
f 5897/2962/22 5883/2951/22 5882/2948/22
f 5899/2964/22 5898/2965/22 5887/2955/22
f 5899/2964/22 5887/2955/22 5886/2952/22
s 2086
f 5900/2950/203 5901/2967/203 5902/2966/1100
f 5900/2950/203 5902/2966/1100 5903/2935/188
f 5904/2963/204 5905/2969/204 5906/2968/124
f 5904/2963/204 5906/2968/124 5907/2951/124
f 5908/2965/190 5909/2971/190 5910/2970/198
f 5908/2965/190 5910/2970/198 5911/2955/198
f 5912/2943/205 5913/2973/205 5914/2972/187
f 5912/2943/205 5914/2972/187 5915/2942/187
f 5916/2947/63 5917/2975/63 5918/2974/199
f 5916/2947/63 5918/2974/199 5919/2946/199
f 5920/2938/189 5921/2977/189 5922/2976/200
f 5920/2938/189 5922/2976/200 5923/2961/200
f 5924/2959/1 5925/2979/1 5926/2978/201
f 5924/2959/1 5926/2978/201 5927/2939/201
f 5903/2935/188 5902/2966/1100 5928/2980/202
f 5903/2935/188 5928/2980/202 5929/2934/202
f 5907/2951/124 5906/2968/124 5901/2967/203
f 5907/2951/124 5901/2967/203 5900/2950/203
f 5911/2955/198 5910/2970/198 5930/2981/660
f 5911/2955/198 5930/2981/660 5931/2954/660
f 5915/2942/187 5914/2972/187 5905/2969/204
f 5915/2942/187 5905/2969/204 5904/2963/204
f 5919/2946/199 5918/2974/199 5909/2971/190
f 5919/2946/199 5909/2971/190 5908/2965/190
f 5932/2957/2 5933/2982/2 5913/2973/205
f 5932/2957/2 5913/2973/205 5912/2943/205
f 5923/2961/200 5922/2976/200 5917/2975/63
f 5923/2961/200 5917/2975/63 5916/2947/63
f 5927/2939/201 5926/2978/201 5921/2977/189
f 5927/2939/201 5921/2977/189 5920/2938/189
f 5929/2934/202 5928/2980/202 5925/2979/1
f 5929/2934/202 5925/2979/1 5924/2959/1
s 0
f 5934/2966/22 5935/2984/22 5936/2983/22
f 5934/2966/22 5936/2983/22 5937/2980/22
f 5938/2968/22 5939/2986/22 5940/2985/22
f 5938/2968/22 5940/2985/22 5941/2967/22
f 5942/2970/22 5943/2988/22 5944/2987/22
f 5942/2970/22 5944/2987/22 5945/2981/22
f 5946/2972/22 5947/2990/22 5948/2989/22
f 5946/2972/22 5948/2989/22 5949/2969/22
f 5950/2974/22 5951/2992/22 5952/2991/22
f 5950/2974/22 5952/2991/22 5953/2971/22
f 5954/2982/22 5955/2994/22 5956/2993/22
f 5954/2982/22 5956/2993/22 5957/2973/22
f 5958/2976/22 5959/2996/22 5960/2995/22
f 5958/2976/22 5960/2995/22 5961/2975/22
f 5962/2978/22 5963/2998/22 5964/2997/22
f 5962/2978/22 5964/2997/22 5965/2977/22
f 5937/2980/22 5936/2983/22 5966/2999/22
f 5937/2980/22 5966/2999/22 5967/2979/22
f 5941/2967/22 5940/2985/22 5935/2984/22
f 5941/2967/22 5935/2984/22 5934/2966/22
f 5949/2969/22 5948/2989/22 5939/2986/22
f 5949/2969/22 5939/2986/22 5938/2968/22
f 5953/2971/22 5952/2991/22 5943/2988/22
f 5953/2971/22 5943/2988/22 5942/2970/22
f 5957/2973/22 5956/2993/22 5947/2990/22
f 5957/2973/22 5947/2990/22 5946/2972/22
f 5961/2975/22 5960/2995/22 5951/2992/22
f 5961/2975/22 5951/2992/22 5950/2974/22
f 5965/2977/22 5964/2997/22 5959/2996/22
f 5965/2977/22 5959/2996/22 5958/2976/22
f 5967/2979/22 5966/2999/22 5963/2998/22
f 5967/2979/22 5963/2998/22 5962/2978/22
s 2119
f 5968/2983/1706 5969/3001/1706 5970/3000/1
f 5968/2983/1706 5970/3000/1 5971/2999/1
f 5972/2985/203 5973/3003/203 5974/3002/188
f 5972/2985/203 5974/3002/188 5975/2984/188
f 5976/2989/939 5977/3005/939 5978/3004/124
f 5976/2989/939 5978/3004/124 5979/2986/124
f 5980/2991/190 5981/3007/190 5982/3006/198
f 5980/2991/190 5982/3006/198 5983/2988/198
f 5984/2993/1102 5985/174/1102 5986/3008/187
f 5984/2993/1102 5986/3008/187 5987/2990/187
f 5988/2995/63 5989/3010/63 5990/3009/937
f 5988/2995/63 5990/3009/937 5991/2992/937
f 5992/2997/189 5993/3012/189 5994/3011/200
f 5992/2997/189 5994/3011/200 5995/2996/200
f 5971/2999/1 5970/3000/1 5996/3013/201
f 5971/2999/1 5996/3013/201 5997/2998/201
f 5975/2984/188 5974/3002/188 5969/3001/1706
f 5975/2984/188 5969/3001/1706 5968/2983/1706
f 5979/2986/124 5978/3004/124 5973/3003/203
f 5979/2986/124 5973/3003/203 5972/2985/203
f 5983/2988/198 5982/3006/198 5998/3014/2
f 5983/2988/198 5998/3014/2 5999/2987/2
f 5987/2990/187 5986/3008/187 5977/3005/939
f 5987/2990/187 5977/3005/939 5976/2989/939
f 5991/2992/937 5990/3009/937 5981/3007/190
f 5991/2992/937 5981/3007/190 5980/2991/190
f 6000/2994/2 6001/169/2 5985/174/1102
f 6000/2994/2 5985/174/1102 5984/2993/1102
f 5995/2996/200 5994/3011/200 5989/3010/63
f 5995/2996/200 5989/3010/63 5988/2995/63
f 5997/2998/201 5996/3013/201 5993/3012/189
f 5997/2998/201 5993/3012/189 5992/2997/189
s 233
f 6019/2956/2 6020/2940/205 6021/3016/205
f 6019/2956/2 6021/3016/205 6022/3015/2
f 6022/3015/2 6021/3016/205 5803/2887/205
f 6022/3015/2 5803/2887/205 5802/2884/2
f 6020/2940/205 6023/2941/187 6024/3017/187
f 6020/2940/205 6024/3017/187 6021/3016/205
f 6021/3016/205 6024/3017/187 5806/2889/187
f 6021/3016/205 5806/2889/187 5803/2887/205
f 6023/2941/187 6025/2962/204 6026/3018/204
f 6023/2941/187 6026/3018/204 6024/3017/187
f 6024/3017/187 6026/3018/204 5808/2891/204
f 6024/3017/187 5808/2891/204 5806/2889/187
f 6025/2962/204 6027/2948/124 6028/3019/124
f 6025/2962/204 6028/3019/124 6026/3018/204
f 6026/3018/204 6028/3019/124 5810/2893/124
f 6026/3018/204 5810/2893/124 5808/2891/204
f 6027/2948/124 6029/2949/203 6030/3020/203
f 6027/2948/124 6030/3020/203 6028/3019/124
f 6028/3019/124 6030/3020/203 5812/2895/203
f 6028/3019/124 5812/2895/203 5810/2893/124
f 6029/2949/203 6031/2932/188 6032/3021/1707
f 6029/2949/203 6032/3021/1707 6030/3020/203
f 6030/3020/203 6032/3021/1707 5814/2897/1702
f 6030/3020/203 5814/2897/1702 5812/2895/203
f 6031/2932/188 6033/2933/202 6034/3022/202
f 6031/2932/188 6034/3022/202 6032/3021/1707
f 6033/2933/202 6035/2958/1 6036/3023/1
f 6033/2933/202 6036/3023/1 6034/3022/202
f 6035/2958/1 6037/2936/201 6038/3024/201
f 6035/2958/1 6038/3024/201 6036/3023/1
s 2120
f 6039/3025/1708 6040/3028/1708 6041/3027/124
f 6039/3025/1708 6041/3027/124 6042/3026/124
s 233
f 6037/2936/201 6043/2937/189 6044/3029/1704
f 6037/2936/201 6044/3029/1704 6038/3024/201
f 6043/2937/189 6045/2960/200 6046/3030/200
f 6043/2937/189 6046/3030/200 6044/3029/1704
f 6044/3029/1704 6046/3030/200 5824/2907/200
f 6044/3029/1704 5824/2907/200 5822/2905/1704
f 6045/2960/200 6047/2944/63 6048/3031/63
f 6045/2960/200 6048/3031/63 6046/3030/200
f 6046/3030/200 6048/3031/63 5826/2909/63
f 6046/3030/200 5826/2909/63 5824/2907/200
f 6047/2944/63 6049/2945/199 6050/3032/199
f 6047/2944/63 6050/3032/199 6048/3031/63
f 6048/3031/63 6050/3032/199 5828/2911/199
f 6048/3031/63 5828/2911/199 5826/2909/63
f 6049/2945/199 6051/2964/190 6052/3033/190
f 6049/2945/199 6052/3033/190 6050/3032/199
f 6050/3032/199 6052/3033/190 5830/2913/190
f 6050/3032/199 5830/2913/190 5828/2911/199
f 6051/2964/190 6053/2952/198 6054/3034/198
f 6051/2964/190 6054/3034/198 6052/3033/190
f 6052/3033/190 6054/3034/198 5832/2915/198
f 6052/3033/190 5832/2915/198 5830/2913/190
f 6053/2952/198 6055/2953/660 6056/3035/660
f 6053/2952/198 6056/3035/660 6054/3034/198
f 6054/3034/198 6056/3035/660 5834/2917/660
f 6054/3034/198 5834/2917/660 5832/2915/198
s 2120
f 6039/3025/1708 6057/3037/1708 6058/3036/1708
f 6039/3025/1708 6058/3036/1708 6040/3028/1708
s 0
f 6059/3038/5 6060/3041/5 6061/3040/5
f 6059/3038/5 6061/3040/5 6062/3039/5
f 6063/3042/1 6064/3045/1 6065/3044/1
f 6063/3042/1 6065/3044/1 6066/3043/1
f 6067/3046/1 6068/3049/1 6069/3048/1
f 6067/3046/1 6069/3048/1 6070/3047/1
f 6071/3050/22 6072/3053/22 6073/3052/22
f 6071/3050/22 6073/3052/22 6074/3051/22
f 6075/3054/1 6076/3055/1 6064/3045/1
f 6075/3054/1 6064/3045/1 6063/3042/1
f 6075/3054/1 6077/3058/1 6078/3057/1
f 6075/3054/1 6078/3057/1 6079/3056/1
s 2133
f 6080/188/1709 6081/189/124 6082/183/124
f 6080/188/1709 6082/183/124 6083/181/1709
s 2120
f 6087/3059/1710 6088/3062/124 6089/3061/124
f 6087/3059/1710 6089/3061/124 6090/3060/1710
s 0
f 6091/3063/5 6092/3064/5 6085/180/5
f 6091/3063/5 6085/180/5 6084/178/5
f 6093/3065/22 6094/3066/22 6072/3053/22
f 6093/3065/22 6072/3053/22 6071/3050/22
f 6079/3056/1 6095/3067/1 6076/3055/1
f 6079/3056/1 6076/3055/1 6075/3054/1
f 6066/3043/1 6065/3044/1 6068/3049/1
f 6066/3043/1 6068/3049/1 6067/3046/1
f 6096/3068/1 6097/3066/1 6098/3070/1
f 6096/3068/1 6098/3070/1 6099/3069/1
f 6102/182/5 6101/183/5 6092/3064/5
f 6102/182/5 6092/3064/5 6091/3063/5
f 6105/185/22 6104/186/22 6109/3072/22
f 6105/185/22 6109/3072/22 6110/3071/22
f 6110/3071/22 6109/3072/22 6107/189/22
f 6110/3071/22 6107/189/22 6106/187/22
f 6111/3073/63 6112/3070/63 6113/3066/63
f 6111/3073/63 6113/3066/63 6114/3065/63
f 6115/3051/124 6116/3052/124 6117/3041/124
f 6115/3051/124 6117/3041/124 6118/3038/124
f 6120/3074/2 6121/3077/2 6122/3076/2
f 6120/3074/2 6122/3076/2 6123/3075/2
s 2156
f 6124/3078/944 6125/3081/946 6126/3080/945
f 6124/3078/944 6126/3080/945 6127/3079/944
s 0
f 6128/3079/124 6129/3080/124 6130/3083/124
f 6128/3079/124 6130/3083/124 6131/3082/124
f 6132/3081/63 6133/3078/63 6134/3085/63
f 6132/3081/63 6134/3085/63 6135/3084/63
s 2156
f 6126/3080/945 6125/3081/946 6136/3087/947
f 6126/3080/945 6136/3087/947 6137/3086/947
s 0
f 6138/3076/124 6139/3077/124 6140/3089/124
f 6138/3076/124 6140/3089/124 6141/3088/124
f 6142/3090/5 6143/3093/5 6144/3092/5
f 6142/3090/5 6144/3092/5 6145/3091/5
f 6146/3094/22 3221/3097/22 3220/3096/22
f 6146/3094/22 3220/3096/22 6147/3095/22
f 6148/3074/124 6149/3075/124 6150/3099/124
f 6148/3074/124 6150/3099/124 6151/3098/124
f 3226/3100/5 6142/3090/5 6145/3091/5
f 3226/3100/5 6145/3091/5 3227/3101/5
f 6152/3102/22 6146/3094/22 6147/3095/22
f 6152/3102/22 6147/3095/22 6153/3103/22
f 6154/3090/22 6155/3105/22 3232/3104/22
f 6154/3090/22 3232/3104/22 3231/3100/22
f 3221/3097/22 6146/3094/22 6156/3107/22
f 3221/3097/22 6156/3107/22 3234/3106/22
f 6157/3108/124 6158/3111/124 6159/3110/124
f 6157/3108/124 6159/3110/124 6160/3109/124
f 6085/180/5 6161/3113/5 6162/3112/5
f 6085/180/5 6162/3112/5 6086/179/5
f 6103/184/22 6163/3115/22 6164/3114/22
f 6103/184/22 6164/3114/22 6104/186/22
s 2183
f 6165/3116/1711 6166/3119/1712 6167/3118/1713
f 6165/3116/1711 6167/3118/1713 6168/3117/150
s 0
f 6169/3120/124 6170/3123/124 6171/3122/124
f 6169/3120/124 6171/3122/124 6172/3121/124
f 6160/3109/124 6159/3110/124 6170/3123/124
f 6160/3109/124 6170/3123/124 6169/3120/124
f 6172/3121/124 6171/3122/124 6158/3111/124
f 6172/3121/124 6158/3111/124 6157/3108/124
f 6173/3124/124 6174/3127/124 6175/3126/124
f 6173/3124/124 6175/3126/124 6176/3125/124
f 6177/3128/124 6178/3131/124 6179/3130/124
f 6177/3128/124 6179/3130/124 6180/3129/124
f 6181/3132/22 3263/3134/22 3262/3133/22
f 6181/3132/22 3262/3133/22 6182/322/22
s 2183
f 6183/3135/1 6165/3116/1711 6168/3117/150
f 6183/3135/1 6168/3117/150 6184/3136/1
s 176
f 6185/3110/5 6186/316/150 6187/3137/5
s 0
f 6185/3110/5 6187/3137/5 6188/3123/5
f 6189/3122/22 6190/3138/22 6191/323/22
f 6189/3122/22 6191/323/22 6192/3111/22
f 6193/3139/124 6194/3142/124 6195/3141/124
f 6193/3139/124 6195/3141/124 6196/3140/124
f 6197/3143/22 6198/3146/22 3280/3145/22
f 6197/3143/22 3280/3145/22 3279/3144/22
f 6199/3147/2 6200/351/2 6201/3149/2
f 6199/3147/2 6201/3149/2 6202/3148/2
f 6173/3124/124 6193/3139/124 6196/3140/124
f 6173/3124/124 6196/3140/124 6174/3127/124
f 6203/3150/1714 6204/3153/1714 6205/3152/1714
f 6203/3150/1714 6205/3152/1714 6206/3151/1714
f 6207/3130/1 6208/3131/1 6209/3155/1
f 6207/3130/1 6209/3155/1 6210/3154/1
f 6211/3156/5 6212/3148/5 6213/345/5
f 6211/3156/5 6213/345/5 6214/343/5
f 6215/3157/124 6216/310/124 6217/3159/124
f 6215/3157/124 6217/3159/124 6218/3158/124
s 2215
f 6219/3160/952 6220/3163/2 6221/3162/2
f 6219/3160/952 6221/3162/2 6222/3161/952
f 6223/3164/953 6219/3160/952 6222/3161/952
f 6223/3164/953 6222/3161/952 6224/3165/953
s 0
f 6225/3165/124 6226/3161/124 6227/3167/124
f 6225/3165/124 6227/3167/124 6228/3166/124
s 2218
f 6229/3166/954 6230/3167/955 6231/3169/955
f 6229/3166/954 6231/3169/955 6232/3168/954
s 0
f 6233/3170/956 6234/3173/956 6235/3172/956
f 6233/3170/956 6235/3172/956 6236/3171/956
f 6237/3169/63 6238/3173/63 6239/3175/63
f 6237/3169/63 6239/3175/63 6240/3174/63
f 6226/3161/124 6241/3162/124 6242/3172/124
f 6226/3161/124 6242/3172/124 6227/3167/124
s 2218
f 6230/3167/955 6243/3172/1 6244/3173/1
f 6230/3167/955 6244/3173/1 6231/3169/955
s 0
f 6245/3176/1 6096/3068/1 6099/3069/1
f 6245/3176/1 6099/3069/1 6246/3177/1
f 6247/3028/1 6248/3179/1 6249/3178/1
f 6247/3028/1 6249/3178/1 6250/3027/1
f 6251/3180/2 6252/3183/2 6253/3182/2
f 6251/3180/2 6253/3182/2 6254/3181/2
f 6070/3047/1 6069/3048/1 6095/3067/1
f 6070/3047/1 6095/3067/1 6079/3056/1
f 6062/3039/5 6061/3040/5 6255/3185/5
f 6062/3039/5 6255/3185/5 6256/3184/5
f 6254/3181/2 6257/3187/2 6258/3186/2
f 6254/3181/2 6258/3186/2 6251/3180/2
f 6247/3028/1 6259/3036/1 6260/3188/1
f 6247/3028/1 6260/3188/1 6248/3179/1
f 6261/3189/2 6262/3192/2 6263/3191/2
f 6261/3189/2 6263/3191/2 6264/3190/2
f 6265/3060/1 6266/3061/1 6267/3194/1
f 6265/3060/1 6267/3194/1 6268/3193/1
s 2120
f 6057/3037/1708 6269/3196/1715 6270/3195/1715
f 6057/3037/1708 6270/3195/1715 6058/3036/1708
f 6090/3060/1710 6271/3198/1710 6272/3197/1710
f 6090/3060/1710 6272/3197/1710 6087/3059/1710
s 0
f 6257/3187/2 6273/3200/2 6274/3199/2
f 6257/3187/2 6274/3199/2 6258/3186/2
f 6273/3200/2 6261/3189/2 6264/3190/2
f 6273/3200/2 6264/3190/2 6274/3199/2
f 6259/3036/1 6275/3195/1 6276/3201/1
f 6259/3036/1 6276/3201/1 6260/3188/1
f 6275/3195/1 6265/3060/1 6268/3193/1
f 6275/3195/1 6268/3193/1 6276/3201/1
s 2120
f 6277/3202/1715 6272/3197/1710 6271/3198/1710
f 6277/3202/1715 6271/3198/1710 6278/3203/1715
f 6269/3196/1715 6277/3202/1715 6278/3203/1715
f 6269/3196/1715 6278/3203/1715 6270/3195/1715
s 0
f 6275/3195/1 6279/3203/1 6280/3198/1
f 6275/3195/1 6280/3198/1 6265/3060/1
f 6264/3190/2 6281/3205/2 6282/3204/2
f 6264/3190/2 6282/3204/2 6274/3199/2
f 6283/3206/1 6284/3209/1 6285/3208/1
f 6283/3206/1 6285/3208/1 6286/3207/1
f 6287/3210/1 6288/3213/1 6289/3212/1
f 6287/3210/1 6289/3212/1 6290/3211/1
f 6291/3214/1 6292/3217/1 6293/3216/1
f 6291/3214/1 6293/3216/1 6294/3215/1
f 6295/3218/1 6296/3221/1 6297/3220/1
f 6295/3218/1 6297/3220/1 6298/3219/1
f 6299/3222/1 6300/3225/1 6301/3224/1
f 6299/3222/1 6301/3224/1 6302/3223/1
f 6303/3226/1 6304/3229/1 6305/3228/1
f 6303/3226/1 6305/3228/1 6306/3227/1
f 6307/3230/1 6308/3233/1 6309/3232/1
f 6307/3230/1 6309/3232/1 6310/3231/1
f 6286/3207/1 6285/3208/1 6311/3235/1
f 6286/3207/1 6311/3235/1 6312/3234/1
f 6290/3211/1 6289/3212/1 6284/3209/1
f 6290/3211/1 6284/3209/1 6283/3206/1
f 6294/3215/1 6293/3216/1 6288/3213/1
f 6294/3215/1 6288/3213/1 6287/3210/1
f 6298/3219/1 6297/3220/1 6292/3217/1
f 6298/3219/1 6292/3217/1 6291/3214/1
f 6302/3223/1 6301/3224/1 6313/3237/1
f 6302/3223/1 6313/3237/1 6314/3236/1
f 6306/3227/1 6305/3228/1 6296/3221/1
f 6306/3227/1 6296/3221/1 6295/3218/1
f 6310/3231/1 6309/3232/1 6300/3225/1
f 6310/3231/1 6300/3225/1 6299/3222/1
f 6314/3236/1 6313/3237/1 6304/3229/1
f 6314/3236/1 6304/3229/1 6303/3226/1
f 6312/3234/1 6311/3235/1 6308/3233/1
f 6312/3234/1 6308/3233/1 6307/3230/1
s 2287
f 6315/3238/362 6316/3241/362 6317/3240/515
f 6315/3238/362 6317/3240/515 6318/3239/515
f 6319/3242/22 6320/3245/22 6321/3244/965
f 6319/3242/22 6321/3244/965 6322/3243/965
f 6323/3246/1700 6324/3249/1700 6325/3248/316
f 6323/3246/1700 6325/3248/316 6326/3247/316
f 6327/3250/63 6328/3253/63 6329/3252/973
f 6327/3250/63 6329/3252/973 6330/3251/1716
f 6331/3254/1717 6332/3257/1717 6333/3256/5
f 6331/3254/1717 6333/3256/5 6334/3255/5
f 6335/3258/307 6336/3261/307 6337/3260/309
f 6335/3258/307 6337/3260/309 6338/3259/309
f 6339/3262/326 6340/3265/326 6341/3264/1718
f 6339/3262/326 6341/3264/1718 6342/3263/1718
f 6334/3255/5 6333/3256/5 6343/3267/305
f 6334/3255/5 6343/3267/305 6344/3266/305
f 6318/3239/515 6317/3240/515 6345/3269/124
f 6318/3239/515 6345/3269/124 6346/3268/124
f 6322/3243/965 6321/3244/965 6316/3241/362
f 6322/3243/965 6316/3241/362 6315/3238/362
f 6326/3247/316 6325/3248/316 6320/3245/22
f 6326/3247/316 6320/3245/22 6319/3242/22
f 6330/3251/1716 6329/3252/973 6324/3249/1700
f 6330/3251/1716 6324/3249/1700 6323/3246/1700
f 6338/3259/309 6337/3260/309 6347/3271/63
f 6338/3259/309 6347/3271/63 6348/3270/63
f 6342/3263/1718 6341/3264/1718 6332/3257/1717
f 6342/3263/1718 6332/3257/1717 6331/3254/1717
f 6344/3266/305 6343/3267/305 6336/3261/307
f 6344/3266/305 6336/3261/307 6335/3258/307
f 6346/3268/124 6345/3269/124 6340/3265/326
f 6346/3268/124 6340/3265/326 6339/3262/326
s 0
f 6349/3272/2 6350/3275/2 6351/3274/2
f 6349/3272/2 6351/3274/2 6352/3273/2
f 6353/3276/1 6354/3279/1 6355/3278/1
f 6353/3276/1 6355/3278/1 6356/3277/1
s 2292
f 6357/3280/1719 6358/3283/5 6359/3282/5
f 6357/3280/1719 6359/3282/5 6360/3281/1719
f 6361/3284/1720 6362/3287/22 6363/3286/22
f 6361/3284/1720 6363/3286/22 6364/3285/1720
s 2293
f 6365/3288/519 6366/3291/519 6367/3290/307
f 6365/3288/519 6367/3290/307 6368/3289/307
f 6369/3292/124 6370/3295/124 6371/3294/413
f 6369/3292/124 6371/3294/413 6372/3293/413
f 6373/3296/362 6374/3299/362 6375/3298/515
f 6373/3296/362 6375/3298/515 6376/3297/515
f 6377/3300/22 6378/3303/22 6379/3302/965
f 6377/3300/22 6379/3302/965 6380/3301/965
f 6381/3304/314 6382/3307/314 6383/3306/511
f 6381/3304/314 6383/3306/511 6384/3305/511
f 6385/3308/63 6386/3311/63 6387/3310/958
f 6385/3308/63 6387/3310/958 6388/3309/958
f 6389/3312/412 6390/3315/412 6391/3314/5
f 6389/3312/412 6391/3314/5 6392/3313/5
f 6368/3289/307 6367/3290/307 6393/3317/473
f 6368/3289/307 6393/3317/473 6394/3316/473
f 6372/3293/413 6371/3294/413 6395/3319/328
f 6372/3293/413 6395/3319/328 6396/3318/328
f 6392/3313/5 6391/3314/5 6366/3291/519
f 6392/3313/5 6366/3291/519 6365/3288/519
f 6376/3297/515 6375/3298/515 6370/3295/124
f 6376/3297/515 6370/3295/124 6369/3292/124
f 6380/3301/965 6379/3302/965 6374/3299/362
f 6380/3301/965 6374/3299/362 6373/3296/362
f 6384/3305/511 6383/3306/511 6378/3303/22
f 6384/3305/511 6378/3303/22 6377/3300/22
f 6388/3309/958 6387/3310/958 6382/3307/314
f 6388/3309/958 6382/3307/314 6381/3304/314
f 6394/3316/473 6393/3317/473 6397/3321/63
f 6394/3316/473 6397/3321/63 6398/3320/63
f 6396/3318/328 6395/3319/328 6390/3315/412
f 6396/3318/328 6390/3315/412 6389/3312/412
s 0
f 6399/3322/1 6400/3325/1 6401/3324/1
f 6399/3322/1 6401/3324/1 6402/3323/1
f 6403/3326/1 6404/3329/1 6405/3328/1
f 6403/3326/1 6405/3328/1 6406/3327/1
f 6407/3330/1 6408/3333/1 6409/3332/1
f 6407/3330/1 6409/3332/1 6410/3331/1
f 6411/3334/1 6412/3337/1 6413/3336/1
f 6411/3334/1 6413/3336/1 6414/3335/1
f 6415/3338/1 6416/3341/1 6417/3340/1
f 6415/3338/1 6417/3340/1 6418/3339/1
f 6419/3342/1 6420/3345/1 6421/3344/1
f 6419/3342/1 6421/3344/1 6422/3343/1
f 6423/3346/1 6424/3349/1 6425/3348/1
f 6423/3346/1 6425/3348/1 6426/3347/1
f 6402/3323/1 6401/3324/1 6427/3351/1
f 6402/3323/1 6427/3351/1 6428/3350/1
f 6406/3327/1 6405/3328/1 6429/3353/1
f 6406/3327/1 6429/3353/1 6430/3352/1
f 6410/3331/1 6409/3332/1 6400/3325/1
f 6410/3331/1 6400/3325/1 6399/3322/1
f 6414/3335/1 6413/3336/1 6404/3329/1
f 6414/3335/1 6404/3329/1 6403/3326/1
f 6418/3339/1 6417/3340/1 6412/3337/1
f 6418/3339/1 6412/3337/1 6411/3334/1
f 6422/3343/1 6421/3344/1 6416/3341/1
f 6422/3343/1 6416/3341/1 6415/3338/1
f 6426/3347/1 6425/3348/1 6420/3345/1
f 6426/3347/1 6420/3345/1 6419/3342/1
f 6428/3350/1 6427/3351/1 6424/3349/1
f 6428/3350/1 6424/3349/1 6423/3346/1
f 6430/3352/1 6429/3353/1 6408/3333/1
f 6430/3352/1 6408/3333/1 6407/3330/1
s 2326
f 6431/3354/511 6432/3357/511 6433/3356/22
f 6431/3354/511 6433/3356/22 6434/3355/22
f 6435/3358/903 6436/3361/903 6437/3360/314
f 6435/3358/903 6437/3360/314 6438/3359/314
f 6439/3362/972 6440/3365/972 6441/3364/63
f 6439/3362/972 6441/3364/63 6442/3363/63
f 6443/3366/328 6444/3369/328 6445/3368/412
f 6443/3366/328 6445/3368/412 6446/3367/412
f 6447/3370/519 6448/3373/519 6449/3372/307
f 6447/3370/519 6449/3372/307 6450/3371/307
f 6451/3374/124 6452/3377/124 6453/3376/413
f 6451/3374/124 6453/3376/413 6454/3375/413
f 6455/3378/362 6456/3381/362 6457/3380/515
f 6455/3378/362 6457/3380/515 6458/3379/515
f 6434/3355/22 6433/3356/22 6459/3383/965
f 6434/3355/22 6459/3383/965 6460/3382/965
f 6438/3359/314 6437/3360/314 6432/3357/511
f 6438/3359/314 6432/3357/511 6431/3354/511
f 6461/3384/63 6462/3385/63 6436/3361/903
f 6461/3384/63 6436/3361/903 6435/3358/903
f 6446/3367/412 6445/3368/412 6463/3387/5
f 6446/3367/412 6463/3387/5 6464/3386/5
f 6450/3371/307 6449/3372/307 6440/3365/972
f 6450/3371/307 6440/3365/972 6439/3362/972
f 6454/3375/413 6453/3376/413 6444/3369/328
f 6454/3375/413 6444/3369/328 6443/3366/328
f 6464/3386/5 6463/3387/5 6448/3373/519
f 6464/3386/5 6448/3373/519 6447/3370/519
f 6458/3379/515 6457/3380/515 6452/3377/124
f 6458/3379/515 6452/3377/124 6451/3374/124
f 6460/3382/965 6459/3383/965 6456/3381/362
f 6460/3382/965 6456/3381/362 6455/3378/362
s 2292
f 6364/3285/1720 6482/3389/1710 6483/3388/1710
f 6364/3285/1720 6483/3388/1710 6361/3284/1720
f 6484/3390/1715 6483/3388/1710 6482/3389/1710
f 6484/3390/1715 6482/3389/1710 6485/3391/1715
f 6360/3281/1719 6484/3390/1715 6485/3391/1715
f 6360/3281/1719 6485/3391/1715 6357/3280/1719
s 0
f 6356/3277/1 6486/3391/1 6487/3389/1
f 6356/3277/1 6487/3389/1 6353/3276/1
f 6352/3273/2 6488/3388/2 6489/3390/2
f 6352/3273/2 6489/3390/2 6349/3272/2
s 250
f 6490/3392/203 6491/3395/986 6492/3394/987
f 6490/3392/203 6492/3394/987 6493/3393/188
f 6494/3396/204 6495/3399/1006 6496/3398/985
f 6494/3396/204 6496/3398/985 6497/3397/124
f 6498/3400/190 6499/3403/1721 6500/3402/1722
f 6498/3400/190 6500/3402/1722 6501/3401/198
f 6502/3404/205 6503/3407/1000 6504/3406/980
f 6502/3404/205 6504/3406/980 6505/3405/187
f 6506/3408/1023 6507/3411/977 6508/3410/1723
f 6506/3408/1023 6508/3410/1723 6509/3409/199
f 6510/3412/189 6511/3415/975 6512/3414/976
f 6510/3412/189 6512/3414/976 6513/3413/200
f 6514/3416/1 6515/3419/989 6516/3418/1724
f 6514/3416/1 6516/3418/1724 6517/3417/201
f 6493/3393/188 6492/3394/987 6518/3421/988
f 6493/3393/188 6518/3421/988 6519/3420/202
f 6497/3397/124 6496/3398/985 6491/3395/986
f 6497/3397/124 6491/3395/986 6490/3392/203
f 6501/3401/198 6500/3402/1722 6520/3423/991
f 6501/3401/198 6520/3423/991 6521/3422/2
f 6505/3405/187 6504/3406/980 6495/3399/1006
f 6505/3405/187 6495/3399/1006 6494/3396/204
f 6509/3409/199 6508/3410/1723 6499/3403/1721
f 6509/3409/199 6499/3403/1721 6498/3400/190
f 6521/3422/2 6520/3423/991 6503/3407/1000
f 6521/3422/2 6503/3407/1000 6502/3404/205
f 6513/3413/200 6512/3414/976 6522/3425/977
f 6513/3413/200 6522/3425/977 6523/3424/63
f 6517/3417/201 6516/3418/1724 6511/3415/975
f 6517/3417/201 6511/3415/975 6510/3412/189
f 6519/3420/202 6518/3421/988 6515/3419/989
f 6519/3420/202 6515/3419/989 6514/3416/1
f 6524/3426/989 6525/3429/994 6526/3428/996
f 6524/3426/989 6526/3428/996 6527/3427/995
f 6528/3430/987 6529/3433/1014 6530/3432/993
f 6528/3430/987 6530/3432/993 6531/3431/992
f 6532/3434/985 6533/3437/1725 6534/3436/1726
f 6532/3434/985 6534/3436/1726 6535/3435/986
f 6536/3438/982 6537/3441/1727 6538/3440/1001
f 6536/3438/982 6538/3440/1001 6539/3439/991
f 6540/3442/1728 6541/3445/1729 6542/3444/1730
f 6540/3442/1728 6542/3444/1730 6543/3443/1006
f 6544/3446/978 6545/3449/1731 6546/3448/1732
f 6544/3446/978 6546/3448/1732 6547/3447/1733
f 6539/3439/991 6538/3440/1001 6548/3451/1734
f 6539/3439/991 6548/3451/1734 6549/3450/1000
f 6512/3414/976 6550/3453/1735 6551/3452/1736
f 6512/3414/976 6551/3452/1736 6522/3425/977
f 6527/3427/995 6526/3428/996 6552/3455/997
f 6527/3427/995 6552/3455/997 6553/3454/1737
f 6531/3431/992 6530/3432/993 6525/3429/994
f 6531/3431/992 6525/3429/994 6524/3426/989
f 6535/3435/986 6534/3436/1726 6529/3433/1014
f 6535/3435/986 6529/3433/1014 6528/3430/987
f 6543/3443/1006 6542/3444/1730 6533/3437/1725
f 6543/3443/1006 6533/3437/1725 6532/3434/985
f 6547/3447/1733 6546/3448/1732 6537/3441/1727
f 6547/3447/1733 6537/3441/1727 6536/3438/982
f 6549/3450/1000 6548/3451/1734 6541/3445/1729
f 6549/3450/1000 6541/3445/1729 6540/3442/1728
f 6522/3425/977 6551/3452/1736 6545/3449/1731
f 6522/3425/977 6545/3449/1731 6544/3446/978
f 6553/3454/1737 6552/3455/997 6550/3453/1735
f 6553/3454/1737 6550/3453/1735 6512/3414/976
f 6526/3428/996 6554/228/131 6555/224/129
f 6526/3428/996 6555/224/129 6552/3455/997
f 6530/3432/993 6556/230/133 6557/227/85
f 6530/3432/993 6557/227/85 6525/3429/994
f 6534/3436/1726 6558/232/135 6559/229/132
f 6534/3436/1726 6559/229/132 6529/3433/1014
f 6542/3444/1730 6560/236/137 6561/231/134
f 6542/3444/1730 6561/231/134 6533/3437/1725
f 6546/3448/1732 6562/238/139 6563/233/97
f 6546/3448/1732 6563/233/97 6537/3441/1727
f 6548/3451/1734 6564/239/91 6565/235/136
f 6548/3451/1734 6565/235/136 6541/3445/1729
f 6551/3452/1736 6566/240/140 6567/237/138
f 6551/3452/1736 6567/237/138 6545/3449/1731
f 6552/3455/997 6555/224/129 6568/225/130
f 6552/3455/997 6568/225/130 6550/3453/1735
f 6525/3429/994 6557/227/85 6554/228/131
f 6525/3429/994 6554/228/131 6526/3428/996
f 6529/3433/1014 6559/229/132 6556/230/133
f 6529/3433/1014 6556/230/133 6530/3432/993
f 6533/3437/1725 6561/231/134 6558/232/135
f 6533/3437/1725 6558/232/135 6534/3436/1726
f 6537/3441/1727 6563/233/97 6569/234/92
f 6537/3441/1727 6569/234/92 6538/3440/1001
f 6541/3445/1729 6565/235/136 6560/236/137
f 6541/3445/1729 6560/236/137 6542/3444/1730
f 6545/3449/1731 6567/237/138 6562/238/139
f 6545/3449/1731 6562/238/139 6546/3448/1732
f 6538/3440/1001 6569/234/92 6564/239/91
f 6538/3440/1001 6564/239/91 6548/3451/1734
f 6550/3453/1735 6568/225/130 6566/240/140
f 6550/3453/1735 6566/240/140 6551/3452/1736
f 6570/3456/202 6571/3459/202 6572/3458/1
f 6570/3456/202 6572/3458/1 6573/3457/1
f 6574/3460/201 6575/3463/201 6576/3462/189
f 6574/3460/201 6576/3462/189 6577/3461/189
f 6578/250/200 6579/3465/200 6580/3464/63
f 6578/250/200 6580/3464/63 6581/253/63
f 6582/3466/2 6583/3469/2 6584/3468/205
f 6582/3466/2 6584/3468/205 6585/3467/205
f 6586/3470/199 6587/3473/199 6588/3472/190
f 6586/3470/199 6588/3472/190 6589/3471/190
f 6590/3474/187 6591/3477/187 6592/3476/204
f 6590/3474/187 6592/3476/204 6593/3475/204
f 6594/3478/198 6595/3479/198 6583/3469/2
f 6594/3478/198 6583/3469/2 6582/3466/2
f 6596/3480/124 6597/3483/124 6598/3482/203
f 6596/3480/124 6598/3482/203 6599/3481/203
f 6600/3484/188 6601/3485/188 6571/3459/202
f 6600/3484/188 6571/3459/202 6570/3456/202
f 6573/3457/1 6572/3458/1 6575/3463/201
f 6573/3457/1 6575/3463/201 6574/3460/201
f 6577/3461/189 6576/3462/189 6579/3465/200
f 6577/3461/189 6579/3465/200 6578/250/200
f 6602/3486/63 6603/3487/1023 6587/3473/199
f 6602/3486/63 6587/3473/199 6586/3470/199
f 6585/3467/205 6584/3468/205 6591/3477/187
f 6585/3467/205 6591/3477/187 6590/3474/187
f 6589/3471/190 6588/3472/190 6595/3479/198
f 6589/3471/190 6595/3479/198 6594/3478/198
f 6593/3475/204 6592/3476/204 6597/3483/124
f 6593/3475/204 6597/3483/124 6596/3480/124
f 6599/3481/203 6598/3482/203 6601/3485/188
f 6599/3481/203 6601/3485/188 6600/3484/188
f 6598/3482/203 6490/3392/203 6493/3393/188
f 6598/3482/203 6493/3393/188 6601/3485/188
f 6592/3476/204 6494/3396/204 6497/3397/124
f 6592/3476/204 6497/3397/124 6597/3483/124
f 6588/3472/190 6498/3400/190 6501/3401/198
f 6588/3472/190 6501/3401/198 6595/3479/198
f 6584/3468/205 6502/3404/205 6505/3405/187
f 6584/3468/205 6505/3405/187 6591/3477/187
f 6603/3487/1023 6506/3408/1023 6509/3409/199
f 6603/3487/1023 6509/3409/199 6587/3473/199
f 6576/3462/189 6510/3412/189 6513/3413/200
f 6576/3462/189 6513/3413/200 6579/3465/200
f 6572/3458/1 6514/3416/1 6517/3417/201
f 6572/3458/1 6517/3417/201 6575/3463/201
f 6601/3485/188 6493/3393/188 6519/3420/202
f 6601/3485/188 6519/3420/202 6571/3459/202
f 6597/3483/124 6497/3397/124 6490/3392/203
f 6597/3483/124 6490/3392/203 6598/3482/203
f 6595/3479/198 6501/3401/198 6521/3422/2
f 6595/3479/198 6521/3422/2 6583/3469/2
f 6591/3477/187 6505/3405/187 6494/3396/204
f 6591/3477/187 6494/3396/204 6592/3476/204
f 6587/3473/199 6509/3409/199 6498/3400/190
f 6587/3473/199 6498/3400/190 6588/3472/190
f 6583/3469/2 6521/3422/2 6502/3404/205
f 6583/3469/2 6502/3404/205 6584/3468/205
f 6579/3465/200 6513/3413/200 6523/3424/63
f 6579/3465/200 6523/3424/63 6580/3464/63
f 6575/3463/201 6517/3417/201 6510/3412/189
f 6575/3463/201 6510/3412/189 6576/3462/189
f 6571/3459/202 6519/3420/202 6514/3416/1
f 6571/3459/202 6514/3416/1 6572/3458/1
s 2331
f 6622/3488/1738 6623/3491/1025 6624/3490/189
f 6622/3488/1738 6624/3490/189 6625/3489/1739
f 6623/3491/1025 6626/3493/1740 6627/3492/63
f 6623/3491/1025 6627/3492/63 6624/3490/189
f 6628/3494/1740 6629/3497/1741 6630/3496/1742
f 6628/3494/1740 6630/3496/1742 6631/3495/63
f 6629/3497/1741 6632/3499/1021 6633/3498/928
f 6629/3497/1741 6633/3498/928 6630/3496/1742
f 6632/3499/1021 6634/3501/1743 6635/3500/187
f 6632/3499/1021 6635/3500/187 6633/3498/928
f 6634/3501/1743 6636/3503/1744 6637/3502/983
f 6634/3501/1743 6637/3502/983 6635/3500/187
f 6636/3503/1744 6638/3505/1745 6639/3504/1100
f 6636/3503/1744 6639/3504/1100 6637/3502/983
f 6638/3505/1745 6622/3488/1738 6625/3489/1739
f 6638/3505/1745 6625/3489/1739 6639/3504/1100
f 6638/3505/1745 6640/3507/1034 6641/3506/1026
f 6638/3505/1745 6641/3506/1026 6622/3488/1738
f 6636/3503/1744 6642/3508/1033 6640/3507/1034
f 6636/3503/1744 6640/3507/1034 6638/3505/1745
f 6634/3501/1743 6643/3509/1031 6642/3508/1033
f 6634/3501/1743 6642/3508/1033 6636/3503/1744
f 6632/3499/1021 6644/3510/1746 6643/3509/1031
f 6632/3499/1021 6643/3509/1031 6634/3501/1743
f 6629/3497/1741 6645/3511/1029 6644/3510/1746
f 6629/3497/1741 6644/3510/1746 6632/3499/1021
f 6628/3494/1740 6646/3512/1747 6645/3511/1029
f 6628/3494/1740 6645/3511/1029 6629/3497/1741
f 6623/3491/1025 6647/3514/1027 6648/3513/1028
f 6623/3491/1025 6648/3513/1028 6626/3493/1740
f 6622/3488/1738 6641/3506/1026 6647/3514/1027
f 6622/3488/1738 6647/3514/1027 6623/3491/1025
f 6640/3507/1034 6649/3516/1043 6650/3515/1748
f 6640/3507/1034 6650/3515/1748 6641/3506/1026
f 6642/3508/1033 6651/3517/1749 6649/3516/1043
f 6642/3508/1033 6649/3516/1043 6640/3507/1034
f 6643/3509/1031 6652/3518/1040 6651/3517/1749
f 6643/3509/1031 6651/3517/1749 6642/3508/1033
f 6644/3510/1746 6653/3519/1750 6652/3518/1040
f 6644/3510/1746 6652/3518/1040 6643/3509/1031
f 6645/3511/1029 6654/3520/1038 6653/3519/1750
f 6645/3511/1029 6653/3519/1750 6644/3510/1746
f 6646/3512/1747 6655/3521/1751 6654/3520/1038
f 6646/3512/1747 6654/3520/1038 6645/3511/1029
f 6647/3514/1027 6656/3523/1036 6657/3522/1752
f 6647/3514/1027 6657/3522/1752 6648/3513/1028
f 6641/3506/1026 6650/3515/1748 6656/3523/1036
f 6641/3506/1026 6656/3523/1036 6647/3514/1027
f 6649/3516/1043 6658/3525/1052 6659/3524/1044
f 6649/3516/1043 6659/3524/1044 6650/3515/1748
f 6651/3517/1749 6660/3526/1051 6658/3525/1052
f 6651/3517/1749 6658/3525/1052 6649/3516/1043
f 6652/3518/1040 6661/3527/1753 6660/3526/1051
f 6652/3518/1040 6660/3526/1051 6651/3517/1749
f 6653/3519/1750 6662/3528/1754 6661/3527/1753
f 6653/3519/1750 6661/3527/1753 6652/3518/1040
f 6654/3520/1038 6663/3529/1755 6662/3528/1754
f 6654/3520/1038 6662/3528/1754 6653/3519/1750
f 6655/3521/1751 6664/3530/1756 6663/3529/1755
f 6655/3521/1751 6663/3529/1755 6654/3520/1038
f 6656/3523/1036 6665/3532/1045 6666/3531/1046
f 6656/3523/1036 6666/3531/1046 6657/3522/1752
f 6650/3515/1748 6659/3524/1044 6665/3532/1045
f 6650/3515/1748 6665/3532/1045 6656/3523/1036
f 6658/3525/1052 6667/3534/1757 6668/3533/1758
f 6658/3525/1052 6668/3533/1758 6659/3524/1044
f 6660/3526/1051 6669/3535/1759 6667/3534/1757
f 6660/3526/1051 6667/3534/1757 6658/3525/1052
f 6661/3527/1753 6670/3536/1760 6669/3535/1759
f 6661/3527/1753 6669/3535/1759 6660/3526/1051
f 6662/3528/1754 6671/3537/1761 6670/3536/1760
f 6662/3528/1754 6670/3536/1760 6661/3527/1753
f 6663/3529/1755 6672/3538/1762 6671/3537/1761
f 6663/3529/1755 6671/3537/1761 6662/3528/1754
f 6664/3530/1756 6673/3539/1763 6672/3538/1762
f 6664/3530/1756 6672/3538/1762 6663/3529/1755
f 6665/3532/1045 6674/3541/1764 6675/3540/1765
f 6665/3532/1045 6675/3540/1765 6666/3531/1046
f 6659/3524/1044 6668/3533/1758 6674/3541/1764
f 6659/3524/1044 6674/3541/1764 6665/3532/1045
f 6667/3534/1757 6676/3543/1070 6677/3542/1062
f 6667/3534/1757 6677/3542/1062 6668/3533/1758
f 6669/3535/1759 6678/3544/1766 6676/3543/1070
f 6669/3535/1759 6676/3543/1070 6667/3534/1757
f 6670/3536/1760 6679/3545/1067 6678/3544/1766
f 6670/3536/1760 6678/3544/1766 6669/3535/1759
f 6671/3537/1761 6680/3546/1767 6679/3545/1067
f 6671/3537/1761 6679/3545/1067 6670/3536/1760
f 6672/3538/1762 6681/3547/1768 6680/3546/1767
f 6672/3538/1762 6680/3546/1767 6671/3537/1761
f 6673/3539/1763 6682/3548/1064 6681/3547/1768
f 6673/3539/1763 6681/3547/1768 6672/3538/1762
f 6674/3541/1764 6683/3550/1063 6684/3549/1769
f 6674/3541/1764 6684/3549/1769 6675/3540/1765
f 6668/3533/1758 6677/3542/1062 6683/3550/1063
f 6668/3533/1758 6683/3550/1063 6674/3541/1764
f 6676/3543/1070 6685/3552/1770 6686/3551/1771
f 6676/3543/1070 6686/3551/1771 6677/3542/1062
f 6678/3544/1766 6687/3553/1772 6685/3552/1770
f 6678/3544/1766 6685/3552/1770 6676/3543/1070
f 6679/3545/1067 6688/3554/1773 6687/3553/1772
f 6679/3545/1067 6687/3553/1772 6678/3544/1766
f 6680/3546/1767 6689/3555/1774 6688/3554/1773
f 6680/3546/1767 6688/3554/1773 6679/3545/1067
f 6681/3547/1768 6690/3556/1775 6689/3555/1774
f 6681/3547/1768 6689/3555/1774 6680/3546/1767
f 6682/3548/1064 6691/3557/1776 6690/3556/1775
f 6682/3548/1064 6690/3556/1775 6681/3547/1768
f 6683/3550/1063 6692/3559/1777 6693/3558/1778
f 6683/3550/1063 6693/3558/1778 6684/3549/1769
f 6677/3542/1062 6686/3551/1771 6692/3559/1777
f 6677/3542/1062 6692/3559/1777 6683/3550/1063
f 6685/3552/1770 6694/3561/1779 6695/3560/1780
f 6685/3552/1770 6695/3560/1780 6686/3551/1771
f 6687/3553/1772 6696/3562/1781 6694/3561/1779
f 6687/3553/1772 6694/3561/1779 6685/3552/1770
f 6688/3554/1773 6697/3563/1782 6696/3562/1781
f 6688/3554/1773 6696/3562/1781 6687/3553/1772
f 6689/3555/1774 6698/3564/1783 6697/3563/1782
f 6689/3555/1774 6697/3563/1782 6688/3554/1773
f 6690/3556/1775 6699/3565/1784 6698/3564/1783
f 6690/3556/1775 6698/3564/1783 6689/3555/1774
f 6691/3557/1776 6700/3566/1785 6699/3565/1784
f 6691/3557/1776 6699/3565/1784 6690/3556/1775
f 6692/3559/1777 6701/3568/1786 6702/3567/1787
f 6692/3559/1777 6702/3567/1787 6693/3558/1778
f 6686/3551/1771 6695/3560/1780 6701/3568/1786
f 6686/3551/1771 6701/3568/1786 6692/3559/1777
f 6694/3561/1779 6703/3570/1788 6704/3569/1789
f 6694/3561/1779 6704/3569/1789 6695/3560/1780
f 6696/3562/1781 6705/3571/1790 6703/3570/1788
f 6696/3562/1781 6703/3570/1788 6694/3561/1779
f 6697/3563/1782 6706/3572/1791 6705/3571/1790
f 6697/3563/1782 6705/3571/1790 6696/3562/1781
f 6698/3564/1783 6707/3573/1792 6706/3572/1791
f 6698/3564/1783 6706/3572/1791 6697/3563/1782
f 6699/3565/1784 6708/3574/1793 6707/3573/1792
f 6699/3565/1784 6707/3573/1792 6698/3564/1783
f 6700/3566/1785 6709/3575/1794 6708/3574/1793
f 6700/3566/1785 6708/3574/1793 6699/3565/1784
f 6701/3568/1786 6710/3577/1795 6711/3576/1796
f 6701/3568/1786 6711/3576/1796 6702/3567/1787
f 6695/3560/1780 6704/3569/1789 6710/3577/1795
f 6695/3560/1780 6710/3577/1795 6701/3568/1786
s 0
f 6712/3578/124 6713/3581/124 6714/3580/124
f 6712/3578/124 6714/3580/124 6715/3579/124
f 6716/3581/1 6717/3583/1 6718/3582/1
f 6716/3581/1 6718/3582/1 6719/3580/1
f 6720/3578/2 6721/3579/2 6722/3585/2
f 6720/3578/2 6722/3585/2 6723/3584/2
f 6724/3586/5 6725/3587/5 6726/3579/5
f 6724/3586/5 6726/3579/5 6727/3580/5
f 6728/3588/22 6729/3581/22 6730/3578/22
f 6728/3588/22 6730/3578/22 6731/3589/22
s 2342
f 6732/3590/1101 6733/3593/1101 6734/3592/1100
f 6732/3590/1101 6734/3592/1100 6735/3591/1797
f 6736/3594/939 6737/3597/939 6738/3596/124
f 6736/3594/939 6738/3596/124 6739/3595/124
f 6740/3598/190 6741/3601/190 6742/3600/198
f 6740/3598/190 6742/3600/198 6743/3599/198
f 6744/3602/205 6745/3605/205 6746/3604/187
f 6744/3602/205 6746/3604/187 6747/3603/187
f 6748/3606/63 6749/3609/63 6750/3608/937
f 6748/3606/63 6750/3608/937 6751/3607/937
f 6752/3610/932 6753/3613/932 6754/3612/1098
f 6752/3610/932 6754/3612/1098 6755/3611/1098
f 6756/3614/1 6757/3617/1 6758/3616/201
f 6756/3614/1 6758/3616/201 6759/3615/201
f 6735/3591/1797 6734/3592/1100 6760/3619/202
f 6735/3591/1797 6760/3619/202 6761/3618/202
f 6739/3595/124 6738/3596/124 6733/3593/1101
f 6739/3595/124 6733/3593/1101 6732/3590/1101
f 6762/3620/938 6763/3623/938 6764/3622/2
f 6762/3620/938 6764/3622/2 6765/3621/2
f 6747/3603/187 6746/3604/187 6737/3597/939
f 6747/3603/187 6737/3597/939 6736/3594/939
f 6751/3607/937 6750/3608/937 6741/3601/190
f 6751/3607/937 6741/3601/190 6740/3598/190
f 6765/3621/2 6764/3622/2 6745/3605/205
f 6765/3621/2 6745/3605/205 6744/3602/205
f 6755/3611/1098 6754/3612/1098 6749/3609/63
f 6755/3611/1098 6749/3609/63 6748/3606/63
f 6759/3615/201 6758/3616/201 6753/3613/932
f 6759/3615/201 6753/3613/932 6752/3610/932
f 6761/3618/202 6760/3619/202 6757/3617/1
f 6761/3618/202 6757/3617/1 6756/3614/1
s 0
f 6766/3624/5 6767/3627/5 6768/3626/5
f 6766/3624/5 6768/3626/5 6769/3625/5
f 6770/3628/5 6771/3631/5 6772/3630/5
f 6770/3628/5 6772/3630/5 6773/3629/5
f 6774/3632/5 6775/3635/5 6776/3634/5
f 6774/3632/5 6776/3634/5 6777/3633/5
f 6778/3636/5 6779/3637/5 6767/3627/5
f 6778/3636/5 6767/3627/5 6766/3624/5
f 6780/3638/5 6781/3641/5 6782/3640/5
f 6780/3638/5 6782/3640/5 6783/3639/5
f 6769/3625/5 6768/3626/5 6775/3635/5
f 6769/3625/5 6775/3635/5 6774/3632/5
f 6784/3642/5 6785/3643/5 6781/3641/5
f 6784/3642/5 6781/3641/5 6780/3638/5
f 6773/3629/5 6772/3630/5 6786/3645/5
f 6773/3629/5 6786/3645/5 6787/3644/5
f 6777/3633/5 6776/3634/5 6788/3647/5
f 6777/3633/5 6788/3647/5 6789/3646/5
f 6790/3648/5 6791/3651/5 6792/3650/5
f 6790/3648/5 6792/3650/5 6793/3649/5
f 6787/3644/5 6786/3645/5 6794/3653/5
f 6787/3644/5 6794/3653/5 6795/3652/5
f 6796/3654/5 6797/3655/5 6785/3643/5
f 6796/3654/5 6785/3643/5 6784/3642/5
f 6789/3646/5 6788/3647/5 6791/3651/5
f 6789/3646/5 6791/3651/5 6790/3648/5
f 6793/3649/5 6792/3650/5 6797/3655/5
f 6793/3649/5 6797/3655/5 6796/3654/5
f 6783/3639/5 6782/3640/5 6771/3631/5
f 6783/3639/5 6771/3631/5 6770/3628/5
f 6795/3652/5 6794/3653/5 6779/3637/5
f 6795/3652/5 6779/3637/5 6778/3636/5
s 2375
f 6798/3656/1798 6799/3659/1115 6800/3658/1116
f 6798/3656/1798 6800/3658/1116 6801/3657/1799
f 6802/3660/1800 6803/3663/1124 6804/3662/1801
f 6802/3660/1800 6804/3662/1801 6805/3661/1802
f 6806/3664/1803 6807/3665/1126 6799/3659/1115
f 6806/3664/1803 6799/3659/1115 6798/3656/1798
f 6808/3666/1804 6809/3669/1105 6810/3668/1106
f 6808/3666/1804 6810/3668/1106 6811/3667/1805
f 6812/3670/1117 6813/3673/1806 6814/3672/1109
f 6812/3670/1117 6814/3672/1109 6815/3671/1807
f 6816/3674/1107 6817/3677/1110 6818/3676/1133
f 6816/3674/1107 6818/3676/1133 6819/3675/1808
f 6811/3667/1805 6810/3668/1106 6820/3679/1112
f 6811/3667/1805 6820/3679/1112 6821/3678/1809
f 6822/3680/1186 6823/3681/1810 6807/3665/1126
f 6822/3680/1186 6807/3665/1126 6806/3664/1803
f 6815/3671/1807 6814/3672/1109 6817/3677/1110
f 6815/3671/1807 6817/3677/1110 6816/3674/1107
f 6824/3682/1132 6825/3683/1811 6823/3681/1810
f 6824/3682/1132 6823/3681/1810 6822/3680/1186
f 6801/3657/1799 6800/3658/1116 6826/3685/526
f 6801/3657/1799 6826/3685/526 6827/3684/1130
f 6821/3678/1809 6820/3679/1112 6828/3687/1812
f 6821/3678/1809 6828/3687/1812 6829/3686/124
f 6830/3688/1813 6831/3689/1123 6803/3663/1124
f 6830/3688/1813 6803/3663/1124 6802/3660/1800
f 6827/3684/1130 6826/3685/526 6809/3669/1105
f 6827/3684/1130 6809/3669/1105 6808/3666/1804
f 6805/3661/1802 6804/3662/1801 6813/3673/1806
f 6805/3661/1802 6813/3673/1806 6812/3670/1117
f 6829/3686/124 6828/3687/1812 6831/3689/1123
f 6829/3686/124 6831/3689/1123 6830/3688/1813
f 6823/3681/1810 6832/3691/1814 6833/3690/1142
f 6823/3681/1810 6833/3690/1142 6807/3665/1126
f 6814/3672/1109 6834/3693/1815 6835/3692/1143
f 6814/3672/1109 6835/3692/1143 6817/3677/1110
f 6825/3683/1811 6836/3694/1144 6832/3691/1814
f 6825/3683/1811 6832/3691/1814 6823/3681/1810
f 6800/3658/1116 6837/3696/1145 6838/3695/1139
f 6800/3658/1116 6838/3695/1139 6826/3685/526
f 6820/3679/1112 6839/3698/1134 6840/3697/1816
f 6820/3679/1112 6840/3697/1816 6828/3687/1812
f 6831/3689/1123 6841/3700/1138 6842/3699/1136
f 6831/3689/1123 6842/3699/1136 6803/3663/1124
f 6826/3685/526 6838/3695/1139 6843/3701/1140
f 6826/3685/526 6843/3701/1140 6809/3669/1105
f 6804/3662/1801 6844/3703/1817 6845/3702/1818
f 6804/3662/1801 6845/3702/1818 6813/3673/1806
f 6828/3687/1812 6840/3697/1816 6841/3700/1138
f 6828/3687/1812 6841/3700/1138 6831/3689/1123
f 6799/3659/1115 6846/3704/1819 6837/3696/1145
f 6799/3659/1115 6837/3696/1145 6800/3658/1116
f 6803/3663/1124 6842/3699/1136 6844/3703/1817
f 6803/3663/1124 6844/3703/1817 6804/3662/1801
f 6807/3665/1126 6833/3690/1142 6846/3704/1819
f 6807/3665/1126 6846/3704/1819 6799/3659/1115
f 6809/3669/1105 6843/3701/1140 6847/3705/1820
f 6809/3669/1105 6847/3705/1820 6810/3668/1106
f 6813/3673/1806 6845/3702/1818 6834/3693/1815
f 6813/3673/1806 6834/3693/1815 6814/3672/1109
f 6817/3677/1110 6835/3692/1143 6848/3706/1821
f 6817/3677/1110 6848/3706/1821 6818/3676/1133
f 6810/3668/1106 6847/3705/1820 6839/3698/1134
f 6810/3668/1106 6839/3698/1134 6820/3679/1112
f 6844/3703/1817 6849/3708/1160 6850/3707/5
f 6844/3703/1817 6850/3707/5 6845/3702/1818
f 6840/3697/1816 6851/3710/1164 6852/3709/1822
f 6840/3697/1816 6852/3709/1822 6841/3700/1138
f 6846/3704/1819 6853/3712/1158 6854/3711/1159
f 6846/3704/1819 6854/3711/1159 6837/3696/1145
f 6842/3699/1136 6855/3713/1162 6849/3708/1160
f 6842/3699/1136 6849/3708/1160 6844/3703/1817
f 6833/3690/1142 6856/3714/1163 6853/3712/1158
f 6833/3690/1142 6853/3712/1158 6846/3704/1819
f 6843/3701/1140 6857/3716/1154 6858/3715/1155
f 6843/3701/1140 6858/3715/1155 6847/3705/1820
f 6845/3702/1818 6850/3707/5 6859/3717/1151
f 6845/3702/1818 6859/3717/1151 6834/3693/1815
f 6835/3692/1143 6860/3719/1156 6861/3718/1823
f 6835/3692/1143 6861/3718/1823 6848/3706/1821
f 6847/3705/1820 6858/3715/1155 6862/3720/1157
f 6847/3705/1820 6862/3720/1157 6839/3698/1134
f 6832/3691/1814 6863/3721/1153 6856/3714/1163
f 6832/3691/1814 6856/3714/1163 6833/3690/1142
f 6834/3693/1815 6859/3717/1151 6860/3719/1156
f 6834/3693/1815 6860/3719/1156 6835/3692/1143
f 6836/3694/1144 6864/3722/1824 6863/3721/1153
f 6836/3694/1144 6863/3721/1153 6832/3691/1814
f 6837/3696/1145 6854/3711/1159 6865/3723/22
f 6837/3696/1145 6865/3723/22 6838/3695/1139
f 6839/3698/1134 6862/3720/1157 6851/3710/1164
f 6839/3698/1134 6851/3710/1164 6840/3697/1816
f 6841/3700/1138 6852/3709/1822 6855/3713/1162
f 6841/3700/1138 6855/3713/1162 6842/3699/1136
f 6838/3695/1139 6865/3723/22 6857/3716/1154
f 6838/3695/1139 6857/3716/1154 6843/3701/1140
s 0
f 6866/3724/22 6867/3727/22 6868/3726/22
f 6866/3724/22 6868/3726/22 6869/3725/22
f 6870/3728/22 6871/3731/22 6872/3730/22
f 6870/3728/22 6872/3730/22 6873/3729/22
f 6874/3732/22 6875/3733/22 6867/3727/22
f 6874/3732/22 6867/3727/22 6866/3724/22
f 6876/3734/22 6877/3737/22 6878/3736/22
f 6876/3734/22 6878/3736/22 6879/3735/22
f 6880/3738/22 6881/3739/22 6871/3731/22
f 6880/3738/22 6871/3731/22 6870/3728/22
f 6873/3729/22 6872/3730/22 6877/3737/22
f 6873/3729/22 6877/3737/22 6876/3734/22
f 6879/3735/22 6878/3736/22 6882/3741/22
f 6879/3735/22 6882/3741/22 6883/3740/22
f 6884/3742/22 6885/3743/22 6875/3733/22
f 6884/3742/22 6875/3733/22 6874/3732/22
f 6886/3744/22 6887/3747/22 6888/3746/22
f 6886/3744/22 6888/3746/22 6889/3745/22
f 6890/3748/22 6891/3749/22 6885/3743/22
f 6890/3748/22 6885/3743/22 6884/3742/22
f 6892/3750/22 6893/3753/22 6894/3752/22
f 6892/3750/22 6894/3752/22 6895/3751/22
f 6869/3725/22 6868/3726/22 6887/3747/22
f 6869/3725/22 6887/3747/22 6886/3744/22
f 6883/3740/22 6882/3741/22 6896/3755/22
f 6883/3740/22 6896/3755/22 6897/3754/22
f 6889/3745/22 6888/3746/22 6893/3753/22
f 6889/3745/22 6893/3753/22 6892/3750/22
f 6895/3751/22 6894/3752/22 6881/3739/22
f 6895/3751/22 6881/3739/22 6880/3738/22
f 6897/3754/22 6896/3755/22 6891/3749/22
f 6897/3754/22 6891/3749/22 6890/3748/22
s 1426
f 6898/3756/1 6899/3759/1825 6900/3758/1170
f 6898/3756/1 6900/3758/1170 6901/3757/201
f 6902/3760/1186 6903/3763/1826 6904/3762/1188
f 6902/3760/1186 6904/3762/1188 6905/3761/937
f 6906/3764/202 6907/3765/1827 6899/3759/1825
f 6906/3764/202 6899/3759/1825 6898/3756/1
f 6908/3766/1182 6909/3769/1828 6910/3768/1184
f 6908/3766/1182 6910/3768/1184 6911/3767/198
f 6912/3770/1098 6913/3771/1829 6903/3763/1826
f 6912/3770/1098 6903/3763/1826 6902/3760/1186
f 6914/3772/1101 6915/3775/1830 6916/3774/1181
f 6914/3772/1101 6916/3774/1181 6917/3773/1180
f 6918/3776/199 6919/3777/1831 6909/3769/1828
f 6918/3776/199 6909/3769/1828 6908/3766/1182
f 6911/3767/198 6910/3768/1184 6920/3779/1179
f 6911/3767/198 6920/3779/1179 6921/3778/2
f 6917/3773/1180 6916/3774/1181 6907/3765/1827
f 6917/3773/1180 6907/3765/1827 6906/3764/202
f 6922/3780/1175 6923/3781/1176 6913/3771/1829
f 6922/3780/1175 6913/3771/1829 6912/3770/1098
f 6924/3782/205 6925/3785/1172 6926/3784/1832
f 6924/3782/205 6926/3784/1832 6927/3783/1171
f 6901/3757/201 6900/3758/1170 6923/3781/1176
f 6901/3757/201 6923/3781/1176 6922/3780/1175
f 6928/3786/1833 6929/3789/1168 6930/3788/1834
f 6928/3786/1833 6930/3788/1834 6931/3787/1127
f 6921/3778/2 6920/3779/1179 6925/3785/1172
f 6921/3778/2 6925/3785/1172 6924/3782/205
f 6927/3783/1171 6926/3784/1832 6929/3789/1168
f 6927/3783/1171 6929/3789/1168 6928/3786/1833
f 6931/3787/1127 6930/3788/1834 6915/3775/1830
f 6931/3787/1127 6915/3775/1830 6914/3772/1101
f 6916/3774/1181 6932/3791/1192 6933/3790/1835
f 6916/3774/1181 6933/3790/1835 6907/3765/1827
f 6923/3781/1176 6934/3793/1190 6935/3792/1199
f 6923/3781/1176 6935/3792/1199 6913/3771/1829
f 6925/3785/1172 6936/3795/1203 6937/3794/1836
f 6925/3785/1172 6937/3794/1836 6926/3784/1832
f 6900/3758/1170 6938/3796/1837 6934/3793/1190
f 6900/3758/1170 6934/3793/1190 6923/3781/1176
f 6929/3789/1168 6939/3798/1201 6940/3797/1202
f 6929/3789/1168 6940/3797/1202 6930/3788/1834
f 6920/3779/1179 6941/3799/1838 6936/3795/1203
f 6920/3779/1179 6936/3795/1203 6925/3785/1172
f 6926/3784/1832 6937/3794/1836 6939/3798/1201
f 6926/3784/1832 6939/3798/1201 6929/3789/1168
f 6930/3788/1834 6940/3797/1202 6942/3800/1191
f 6930/3788/1834 6942/3800/1191 6915/3775/1830
f 6899/3759/1825 6943/3801/1839 6938/3796/1837
f 6899/3759/1825 6938/3796/1837 6900/3758/1170
f 6903/3763/1826 6944/3803/1196 6945/3802/1840
f 6903/3763/1826 6945/3802/1840 6904/3762/1188
f 6907/3765/1827 6933/3790/1835 6943/3801/1839
f 6907/3765/1827 6943/3801/1839 6899/3759/1825
f 6909/3769/1828 6946/3805/1193 6947/3804/1194
f 6909/3769/1828 6947/3804/1194 6910/3768/1184
f 6913/3771/1829 6935/3792/1199 6944/3803/1196
f 6913/3771/1829 6944/3803/1196 6903/3763/1826
f 6915/3775/1830 6942/3800/1191 6932/3791/1192
f 6915/3775/1830 6932/3791/1192 6916/3774/1181
f 6919/3777/1831 6948/3806/1841 6946/3805/1193
f 6919/3777/1831 6946/3805/1193 6909/3769/1828
f 6910/3768/1184 6947/3804/1194 6941/3799/1838
f 6910/3768/1184 6941/3799/1838 6920/3779/1179
f 6940/3797/1202 6949/3808/1842 6950/3807/1215
f 6940/3797/1202 6950/3807/1215 6942/3800/1191
f 6943/3801/1839 6951/3810/1843 6952/3809/1212
f 6943/3801/1839 6952/3809/1212 6938/3796/1837
f 6944/3803/1196 6953/3812/1844 6954/3811/1222
f 6944/3803/1196 6954/3811/1222 6945/3802/1840
f 6933/3790/1835 6955/3813/1208 6951/3810/1843
f 6933/3790/1835 6951/3810/1843 6943/3801/1839
f 6946/3805/1193 6956/3815/1220 6957/3814/1221
f 6946/3805/1193 6957/3814/1221 6947/3804/1194
f 6935/3792/1199 6958/3816/1206 6953/3812/1844
f 6935/3792/1199 6953/3812/1844 6944/3803/1196
f 6942/3800/1191 6950/3807/1215 6959/3817/1219
f 6942/3800/1191 6959/3817/1219 6932/3791/1192
f 6948/3806/1841 6960/3818/1845 6956/3815/1220
f 6948/3806/1841 6956/3815/1220 6946/3805/1193
f 6947/3804/1194 6957/3814/1221 6961/3819/1846
f 6947/3804/1194 6961/3819/1846 6941/3799/1838
f 6932/3791/1192 6959/3817/1219 6955/3813/1208
f 6932/3791/1192 6955/3813/1208 6933/3790/1835
f 6934/3793/1190 6962/3820/1216 6958/3816/1206
f 6934/3793/1190 6958/3816/1206 6935/3792/1199
f 6936/3795/1203 6963/3822/1213 6964/3821/1214
f 6936/3795/1203 6964/3821/1214 6937/3794/1836
f 6938/3796/1837 6952/3809/1212 6962/3820/1216
f 6938/3796/1837 6962/3820/1216 6934/3793/1190
f 6939/3798/1201 6965/3823/1210 6949/3808/1842
f 6939/3798/1201 6949/3808/1842 6940/3797/1202
f 6941/3799/1838 6961/3819/1846 6963/3822/1213
f 6941/3799/1838 6963/3822/1213 6936/3795/1203
f 6937/3794/1836 6964/3821/1214 6965/3823/1210
f 6937/3794/1836 6965/3823/1210 6939/3798/1201
f 6951/3810/1843 6966/3825/1847 6967/3824/1848
f 6951/3810/1843 6967/3824/1848 6952/3809/1212
f 6953/3812/1844 6968/3827/1849 6969/3826/1850
f 6953/3812/1844 6969/3826/1850 6954/3811/1222
f 6955/3813/1208 6970/3828/1851 6966/3825/1847
f 6955/3813/1208 6966/3825/1847 6951/3810/1843
f 6956/3815/1220 6971/3830/1852 6972/3829/1853
f 6956/3815/1220 6972/3829/1853 6957/3814/1221
f 6958/3816/1206 6973/3831/1854 6968/3827/1849
f 6958/3816/1206 6968/3827/1849 6953/3812/1844
f 6950/3807/1215 6974/3833/1855 6975/3832/1856
f 6950/3807/1215 6975/3832/1856 6959/3817/1219
f 6960/3818/1845 6976/3834/1850 6971/3830/1852
f 6960/3818/1845 6971/3830/1852 6956/3815/1220
f 6957/3814/1221 6972/3829/1853 6977/3835/1857
f 6957/3814/1221 6977/3835/1857 6961/3819/1846
f 6959/3817/1219 6975/3832/1856 6970/3828/1851
f 6959/3817/1219 6970/3828/1851 6955/3813/1208
f 6962/3820/1216 6978/3836/1858 6973/3831/1854
f 6962/3820/1216 6973/3831/1854 6958/3816/1206
f 6963/3822/1213 6979/3838/1859 6980/3837/1860
f 6963/3822/1213 6980/3837/1860 6964/3821/1214
f 6952/3809/1212 6967/3824/1848 6978/3836/1858
f 6952/3809/1212 6978/3836/1858 6962/3820/1216
f 6965/3823/1210 6981/3840/1861 6982/3839/1862
f 6965/3823/1210 6982/3839/1862 6949/3808/1842
f 6961/3819/1846 6977/3835/1857 6979/3838/1859
f 6961/3819/1846 6979/3838/1859 6963/3822/1213
f 6964/3821/1214 6980/3837/1860 6981/3840/1861
f 6964/3821/1214 6981/3840/1861 6965/3823/1210
f 6949/3808/1842 6982/3839/1862 6974/3833/1855
f 6949/3808/1842 6974/3833/1855 6950/3807/1215
f 6975/3832/1856 6983/3842/1863 6984/3841/1864
f 6975/3832/1856 6984/3841/1864 6970/3828/1851
f 6978/3836/1858 6985/3844/1865 6986/3843/1866
f 6978/3836/1858 6986/3843/1866 6973/3831/1854
f 6979/3838/1859 6987/3846/1867 6988/3845/1868
f 6979/3838/1859 6988/3845/1868 6980/3837/1860
f 6967/3824/1848 6989/3847/1869 6985/3844/1865
f 6967/3824/1848 6985/3844/1865 6978/3836/1858
f 6981/3840/1861 6990/3849/1870 6991/3848/1871
f 6981/3840/1861 6991/3848/1871 6982/3839/1862
f 6977/3835/1857 6992/3850/1872 6987/3846/1867
f 6977/3835/1857 6987/3846/1867 6979/3838/1859
f 6980/3837/1860 6988/3845/1868 6990/3849/1870
f 6980/3837/1860 6990/3849/1870 6981/3840/1861
f 6982/3839/1862 6991/3848/1871 6993/3851/1873
f 6982/3839/1862 6993/3851/1873 6974/3833/1855
f 6966/3825/1847 6994/3852/1874 6989/3847/1869
f 6966/3825/1847 6989/3847/1869 6967/3824/1848
f 6968/3827/1849 6995/3854/1875 6996/3853/1876
f 6968/3827/1849 6996/3853/1876 6969/3826/1850
f 6970/3828/1851 6984/3841/1864 6994/3852/1874
f 6970/3828/1851 6994/3852/1874 6966/3825/1847
f 6971/3830/1852 6997/3856/1877 6998/3855/1878
f 6971/3830/1852 6998/3855/1878 6972/3829/1853
f 6973/3831/1854 6986/3843/1866 6995/3854/1875
f 6973/3831/1854 6995/3854/1875 6968/3827/1849
f 6974/3833/1855 6993/3851/1873 6983/3842/1863
f 6974/3833/1855 6983/3842/1863 6975/3832/1856
f 6976/3834/1850 6999/3857/1879 6997/3856/1877
f 6976/3834/1850 6997/3856/1877 6971/3830/1852
f 6972/3829/1853 6998/3855/1878 6992/3850/1872
f 6972/3829/1853 6992/3850/1872 6977/3835/1857
f 6991/3848/1871 4084/3859/1257 4083/3858/1256
f 6991/3848/1871 4083/3858/1256 6993/3851/1873
f 6994/3852/1874 4086/3861/1259 4085/3860/1258
f 6994/3852/1874 4085/3860/1258 6989/3847/1869
f 6995/3854/1875 4088/3863/1261 4087/3862/1260
f 6995/3854/1875 4087/3862/1260 6996/3853/1876
f 6984/3841/1864 4089/3864/1262 4086/3861/1259
f 6984/3841/1864 4086/3861/1259 6994/3852/1874
f 6997/3856/1877 4091/3866/1264 4090/3865/1263
f 6997/3856/1877 4090/3865/1263 6998/3855/1878
f 6986/3843/1866 4092/3867/1265 4088/3863/1261
f 6986/3843/1866 4088/3863/1261 6995/3854/1875
f 6993/3851/1873 4083/3858/1256 4093/3868/1266
f 6993/3851/1873 4093/3868/1266 6983/3842/1863
f 6999/3857/1879 4094/3869/1260 4091/3866/1264
f 6999/3857/1879 4091/3866/1264 6997/3856/1877
f 6998/3855/1878 4090/3865/1263 4095/3870/1267
f 6998/3855/1878 4095/3870/1267 6992/3850/1872
f 6983/3842/1863 4093/3868/1266 4089/3864/1262
f 6983/3842/1863 4089/3864/1262 6984/3841/1864
f 6985/3844/1865 4096/3871/1268 4092/3867/1265
f 6985/3844/1865 4092/3867/1265 6986/3843/1866
f 6987/3846/1867 4098/3873/1270 4097/3872/1269
f 6987/3846/1867 4097/3872/1269 6988/3845/1868
f 6989/3847/1869 4085/3860/1258 4096/3871/1268
f 6989/3847/1869 4096/3871/1268 6985/3844/1865
f 6990/3849/1870 4099/3874/1271 4084/3859/1257
f 6990/3849/1870 4084/3859/1257 6991/3848/1871
f 6992/3850/1872 4095/3870/1267 4098/3873/1270
f 6992/3850/1872 4098/3873/1270 6987/3846/1867
f 6988/3845/1868 4097/3872/1269 4099/3874/1271
f 6988/3845/1868 4099/3874/1271 6990/3849/1870
s 0
f 7000/3875/5 7001/3878/5 7002/3877/5
f 7000/3875/5 7002/3877/5 7003/3876/5
f 6041/3027/124 7004/3878/124 7005/3875/124
f 6041/3027/124 7005/3875/124 6042/3026/124
f 7006/3879/124 7007/3881/124 7008/3880/124
f 7006/3879/124 7008/3880/124 7009/3183/124
f 6249/3178/1 7010/3877/1 7011/3878/1
f 6249/3178/1 7011/3878/1 6250/3027/1
f 7012/3882/63 7013/3885/63 7014/3884/63
f 7012/3882/63 7014/3884/63 7015/3883/63
f 7016/3883/5 7017/3884/5 7018/3881/5
f 7016/3883/5 7018/3881/5 7019/3879/5
f 7020/3183/22 7021/3880/22 7022/3886/22
f 7020/3183/22 7022/3886/22 7023/3182/22
s 2342
f 7024/3887/1101 7025/3890/1101 7026/3889/1100
f 7024/3887/1101 7026/3889/1100 7027/3888/1797
f 7028/3891/939 7029/3894/939 7030/3893/124
f 7028/3891/939 7030/3893/124 7031/3892/124
f 7032/3895/190 7033/3898/190 7034/3897/198
f 7032/3895/190 7034/3897/198 7035/3896/198
f 7036/3899/205 7037/3902/205 7038/3901/187
f 7036/3899/205 7038/3901/187 7039/3900/187
f 7040/3903/63 7041/3906/63 7042/3905/937
f 7040/3903/63 7042/3905/937 7043/3904/937
f 7044/3907/932 7045/3910/932 7046/3909/1098
f 7044/3907/932 7046/3909/1098 7047/3908/1098
f 7048/3911/1 7049/3914/1 7050/3913/201
f 7048/3911/1 7050/3913/201 7051/3912/201
f 7027/3888/1797 7026/3889/1100 7052/3916/202
f 7027/3888/1797 7052/3916/202 7053/3915/202
f 7031/3892/124 7030/3893/124 7025/3890/1101
f 7031/3892/124 7025/3890/1101 7024/3887/1101
f 7054/3917/938 7055/3920/938 7056/3919/2
f 7054/3917/938 7056/3919/2 7057/3918/2
f 7039/3900/187 7038/3901/187 7029/3894/939
f 7039/3900/187 7029/3894/939 7028/3891/939
f 7043/3904/937 7042/3905/937 7033/3898/190
f 7043/3904/937 7033/3898/190 7032/3895/190
f 7057/3918/2 7056/3919/2 7037/3902/205
f 7057/3918/2 7037/3902/205 7036/3899/205
f 7047/3908/1098 7046/3909/1098 7041/3906/63
f 7047/3908/1098 7041/3906/63 7040/3903/63
f 7051/3912/201 7050/3913/201 7045/3910/932
f 7051/3912/201 7045/3910/932 7044/3907/932
f 7053/3915/202 7052/3916/202 7049/3914/1
f 7053/3915/202 7049/3914/1 7048/3911/1
f 7025/3890/1101 6732/3590/1101 6735/3591/1797
f 7025/3890/1101 6735/3591/1797 7026/3889/1100
f 7029/3894/939 6736/3594/939 6739/3595/124
f 7029/3894/939 6739/3595/124 7030/3893/124
f 7033/3898/190 6740/3598/190 6743/3599/198
f 7033/3898/190 6743/3599/198 7034/3897/198
f 7037/3902/205 6744/3602/205 6747/3603/187
f 7037/3902/205 6747/3603/187 7038/3901/187
f 7041/3906/63 6748/3606/63 6751/3607/937
f 7041/3906/63 6751/3607/937 7042/3905/937
f 7045/3910/932 6752/3610/932 6755/3611/1098
f 7045/3910/932 6755/3611/1098 7046/3909/1098
f 7049/3914/1 6756/3614/1 6759/3615/201
f 7049/3914/1 6759/3615/201 7050/3913/201
f 7026/3889/1100 6735/3591/1797 6761/3618/202
f 7026/3889/1100 6761/3618/202 7052/3916/202
f 7030/3893/124 6739/3595/124 6732/3590/1101
f 7030/3893/124 6732/3590/1101 7025/3890/1101
f 7055/3920/938 6762/3620/938 6765/3621/2
f 7055/3920/938 6765/3621/2 7056/3919/2
f 7038/3901/187 6747/3603/187 6736/3594/939
f 7038/3901/187 6736/3594/939 7029/3894/939
f 7042/3905/937 6751/3607/937 6740/3598/190
f 7042/3905/937 6740/3598/190 7033/3898/190
f 7056/3919/2 6765/3621/2 6744/3602/205
f 7056/3919/2 6744/3602/205 7037/3902/205
f 7046/3909/1098 6755/3611/1098 6748/3606/63
f 7046/3909/1098 6748/3606/63 7041/3906/63
f 7050/3913/201 6759/3615/201 6752/3610/932
f 7050/3913/201 6752/3610/932 7045/3910/932
f 7052/3916/202 6761/3618/202 6756/3614/1
f 7052/3916/202 6756/3614/1 7049/3914/1
s 176
f 6186/316/150 7058/317/152 7059/3921/5
f 6186/316/150 7059/3921/5 6187/3137/5
s 0
f 6190/3138/22 6181/3132/22 6182/322/22
f 6190/3138/22 6182/322/22 6191/323/22
f 7060/3125/22 7061/3126/22 6198/3146/22
f 7060/3125/22 6198/3146/22 6197/3143/22
f 7062/3922/5 7063/3149/5 7064/351/5
f 7062/3922/5 7064/351/5 4163/349/5
s 2428
f 7065/3923/1739 7066/3926/189 7067/3925/189
f 7065/3923/1739 7067/3925/189 7068/3924/1739
f 7066/3926/189 7069/3928/1023 7070/3927/1023
f 7066/3926/189 7070/3927/1023 7067/3925/189
f 7069/3928/1023 7071/3930/190 7072/3929/190
f 7069/3928/1023 7072/3929/190 7070/3927/1023
f 7073/3931/190 7074/3934/928 7075/3933/928
f 7073/3931/190 7075/3933/928 7076/3932/190
f 7074/3934/928 7077/3936/187 7078/3935/187
f 7074/3934/928 7078/3935/187 7075/3933/928
f 7077/3936/187 7079/3938/983 7080/3937/983
f 7077/3936/187 7080/3937/983 7078/3935/187
f 7079/3938/983 7081/3940/1100 7082/3939/1100
f 7079/3938/983 7082/3939/1100 7080/3937/983
f 7081/3940/1100 7065/3923/1739 7068/3924/1739
f 7081/3940/1100 7068/3924/1739 7082/3939/1100
f 7068/3924/1739 7083/3942/1739 7084/3941/1100
f 7068/3924/1739 7084/3941/1100 7082/3939/1100
f 7082/3939/1100 7084/3941/1100 7085/3943/983
f 7082/3939/1100 7085/3943/983 7080/3937/983
f 7080/3937/983 7085/3943/983 7086/3944/187
f 7080/3937/983 7086/3944/187 7078/3935/187
f 7078/3935/187 7086/3944/187 7087/3945/928
f 7078/3935/187 7087/3945/928 7075/3933/928
f 7075/3933/928 7087/3945/928 7088/3946/1182
f 7075/3933/928 7088/3946/1182 7076/3932/190
f 7072/3929/190 7089/264/190 7090/265/1023
f 7072/3929/190 7090/265/1023 7070/3927/1023
f 7070/3927/1023 7090/265/1023 7091/3947/189
f 7070/3927/1023 7091/3947/189 7067/3925/189
f 7067/3925/189 7091/3947/189 7083/3942/1739
f 7067/3925/189 7083/3942/1739 7068/3924/1739
f 7065/3923/1739 7092/3949/1739 7093/3948/189
f 7065/3923/1739 7093/3948/189 7066/3926/189
f 7066/3926/189 7093/3948/189 7094/270/1023
f 7066/3926/189 7094/270/1023 7069/3928/1023
f 7069/3928/1023 7094/270/1023 7095/271/190
f 7069/3928/1023 7095/271/190 7071/3930/190
f 7073/3931/190 7096/3951/190 7097/3950/928
f 7073/3931/190 7097/3950/928 7074/3934/928
f 7074/3934/928 7097/3950/928 7098/3952/187
f 7074/3934/928 7098/3952/187 7077/3936/187
f 7077/3936/187 7098/3952/187 7099/3953/983
f 7077/3936/187 7099/3953/983 7079/3938/983
f 7079/3938/983 7099/3953/983 7100/3954/188
f 7079/3938/983 7100/3954/188 7081/3940/1100
f 7081/3940/1100 7100/3954/188 7092/3949/1739
f 7081/3940/1100 7092/3949/1739 7065/3923/1739
s 2429
f 7110/3955/1880 7111/3958/1881 7112/3957/1881
f 7110/3955/1880 7112/3957/1881 7113/3956/1880
f 7114/3959/1274 7110/3955/1880 7113/3956/1880
f 7114/3959/1274 7113/3956/1880 7115/3960/1882
f 7116/3961/1883 7114/3959/1274 7115/3960/1882
f 7116/3961/1883 7115/3960/1882 7117/3962/1884
f 7118/3963/1885 7116/3961/1883 7117/3962/1884
f 7118/3963/1885 7117/3962/1884 7119/3964/1885
f 7120/3965/1886 7121/3968/1887 7122/3967/1887
f 7120/3965/1886 7122/3967/1887 7123/3966/1888
f 7124/3969/415 7120/3965/1886 7123/3966/1888
f 7124/3969/415 7123/3966/1888 7125/3970/1889
f 7126/3971/1890 7124/3969/415 7125/3970/1889
f 7126/3971/1890 7125/3970/1889 7127/3972/1890
f 7111/3958/1881 7126/3971/1890 7127/3972/1890
f 7111/3958/1881 7127/3972/1890 7112/3957/1881
s 2430
f 7137/3973/1891 7138/3976/1892 7139/3975/1892
f 7137/3973/1891 7139/3975/1892 7140/3974/1891
f 7141/3977/1274 7137/3973/1891 7140/3974/1891
f 7141/3977/1274 7140/3974/1891 7142/3978/1882
f 7143/3979/1893 7141/3977/1274 7142/3978/1882
f 7143/3979/1893 7142/3978/1882 7144/3980/1894
f 7145/3981/1885 7143/3979/1893 7144/3980/1894
f 7145/3981/1885 7144/3980/1894 7146/3982/1885
f 7147/3983/1888 7148/3986/1887 7149/3985/1887
f 7147/3983/1888 7149/3985/1887 7150/3984/1888
f 7151/3987/1895 7147/3983/1888 7150/3984/1888
f 7151/3987/1895 7150/3984/1888 7152/3988/1889
f 7153/3989/1890 7151/3987/1895 7152/3988/1889
f 7153/3989/1890 7152/3988/1889 7154/3990/1890
f 7138/3976/1892 7153/3989/1890 7154/3990/1890
f 7138/3976/1892 7154/3990/1890 7139/3975/1892
s 0
f 4256/3991/5 4259/3992/5 7155/3153/5
f 4256/3991/5 7155/3153/5 7156/3150/5
f 7157/3151/22 7158/3152/22 4262/3994/22
f 7157/3151/22 4262/3994/22 4261/3993/22
s 2435
f 7159/4613/1896 7160/4614/1896 7161/4615/1896
f 7159/4613/1896 7161/4615/1896 7162/4616/1897
s 2436
f 7163/4030/1898 7164/4031/1899 7165/4617/1899
f 7163/4030/1898 7165/4617/1899 7166/4618/1900
s 2437
f 7167/4618/1901 7168/4617/1902 7169/4614/1902
f 7167/4618/1901 7169/4614/1902 7170/4613/1903
s 0
f 7171/4047/1 7172/4619/1 7173/4620/1
f 7171/4047/1 7173/4620/1 7174/4621/1
s 2440
f 7175/4621/22 7176/4620/22 7177/4622/1904
f 7175/4621/22 7177/4622/1904 7178/4623/1903
s 2441
f 7179/4624/1900 7180/4625/124 7181/4626/124
f 7179/4624/1900 7181/4626/124 7182/4627/1905
s 0
f 7183/4628/2 7184/4629/2 7185/4629/2
f 7183/4628/2 7185/4629/2 7186/4630/2
f 7187/4041/1 7188/4041/1 7189/4044/1
f 7187/4041/1 7189/4044/1 7190/4044/1
s 2440
f 7191/4050/22 7175/4621/22 7178/4623/1903
f 7191/4050/22 7178/4623/1903 7192/4049/22
s 2446
f 7193/4048/1295 7194/4631/1906 7195/4619/5
f 7193/4048/1295 7195/4619/5 7196/4047/5
s 0
f 7197/4059/2 7198/4062/2 7199/4061/2
f 7197/4059/2 7199/4061/2 7200/4060/2
f 7201/4055/1 7202/4058/1 7203/4057/1
f 7201/4055/1 7203/4057/1 7204/4056/1
f 7205/4052/5 7206/4054/5 7207/4053/5
f 7205/4052/5 7207/4053/5 7208/4051/5
f 7209/4045/5 7210/4046/5 7205/4052/5
f 7209/4045/5 7205/4052/5 7208/4051/5
f 7211/4037/22 7212/4038/22 7191/4050/22
f 7211/4037/22 7191/4050/22 7192/4049/22
s 2446
f 7209/4045/5 7193/4048/1295 7196/4047/5
s 0
f 7209/4045/5 7196/4047/5 7210/4046/5
f 7187/4041/1 7190/4044/1 7213/4043/1
f 7187/4041/1 7213/4043/1 7214/4042/1
f 7211/4037/22 7215/4040/22 7216/4039/22
f 7211/4037/22 7216/4039/22 7212/4038/22
f 7217/4007/124 7218/4028/124 7219/4025/124
f 7217/4007/124 7219/4025/124 7220/4016/124
f 7221/4033/63 7222/4036/63 7223/4035/63
f 7221/4033/63 7223/4035/63 7224/4034/63
s 2466
f 7225/4029/1907 7226/4032/1290 7227/4031/1908
f 7225/4029/1907 7227/4031/1908 7228/4030/1909
s 0
f 7229/4025/22 7230/4028/22 7231/4027/22
f 7229/4025/22 7231/4027/22 7232/4026/22
f 7233/4008/5 7234/4015/5 7235/4024/5
f 7233/4008/5 7235/4024/5 7236/4023/5
s 2471
f 7237/4015/1 7238/4016/1291 7239/4022/1290
f 7237/4015/1 7239/4022/1290 7240/4021/1
s 0
f 7241/4014/22 7242/3995/22 7243/3996/22
f 7241/4014/22 7243/3996/22 7244/4013/22
f 7245/4019/5 7246/4011/5 7247/4012/5
f 7245/4019/5 7247/4012/5 7248/4020/5
f 7249/4008/124 7250/4009/124 7251/4018/124
f 7249/4008/124 7251/4018/124 7252/4015/124
f 7220/4016/124 7253/4017/124 7254/4010/124
f 7220/4016/124 7254/4010/124 7217/4007/124
f 7252/4015/124 7251/4018/124 7253/4017/124
f 7252/4015/124 7253/4017/124 7220/4016/124
f 7255/4011/2 7256/4014/2 7257/4013/2
f 7255/4011/2 7257/4013/2 7258/4012/2
f 7259/4006/63 7260/3999/63 7261/4000/63
f 7259/4006/63 7261/4000/63 7262/4005/63
f 7263/4002/63 7264/4003/63 7265/4004/63
f 7263/4002/63 7265/4004/63 7266/4001/63
f 7217/4007/124 7254/4010/124 7250/4009/124
f 7217/4007/124 7250/4009/124 7249/4008/124
f 7264/4003/63 7259/4006/63 7262/4005/63
f 7264/4003/63 7262/4005/63 7265/4004/63
f 7260/3999/63 7263/4002/63 7266/4001/63
f 7260/3999/63 7266/4001/63 7261/4000/63
f 7267/3995/1 7268/3998/1 7269/3997/1
f 7267/3995/1 7269/3997/1 7270/3996/1
s 2496
f 7271/4063/1307 7272/4066/63 7273/4065/958
f 7271/4063/1307 7273/4065/958 7274/4064/1910
f 7275/4067/1911 7276/4070/412 7277/4069/5
f 7275/4067/1911 7277/4069/5 7278/4068/1299
f 7279/4071/1912 7280/4074/307 7281/4073/309
f 7279/4071/1912 7281/4073/309 7282/4072/1913
f 7283/4075/1914 7284/4078/326 7285/4077/1915
f 7283/4075/1914 7285/4077/1915 7286/4076/1916
f 7278/4068/1299 7277/4069/5 7287/4080/305
f 7278/4068/1299 7287/4080/305 7288/4079/1917
f 7289/4081/1918 7290/4084/515 7291/4083/124
f 7289/4081/1918 7291/4083/124 7292/4082/1296
f 7293/4085/1919 7294/4088/965 7295/4087/362
f 7293/4085/1919 7295/4087/362 7296/4086/1920
f 7297/4089/1921 7298/4092/316 7299/4091/22
f 7297/4089/1921 7299/4091/22 7300/4090/1311
f 7274/4064/1910 7273/4065/958 7301/4094/1922
f 7274/4064/1910 7301/4094/1922 7302/4093/1923
f 7282/4072/1913 7281/4073/309 7303/4096/63
f 7282/4072/1913 7303/4096/63 7304/4095/1307
f 7286/4076/1916 7285/4077/1915 7276/4070/412
f 7286/4076/1916 7276/4070/412 7275/4067/1911
f 7288/4079/1917 7287/4080/305 7280/4074/307
f 7288/4079/1917 7280/4074/307 7279/4071/1912
f 7292/4082/1296 7291/4083/124 7284/4078/326
f 7292/4082/1296 7284/4078/326 7283/4075/1914
f 7296/4086/1920 7295/4087/362 7290/4084/515
f 7296/4086/1920 7290/4084/515 7289/4081/1918
f 7300/4090/1311 7299/4091/22 7294/4088/965
f 7300/4090/1311 7294/4088/965 7293/4085/1919
f 7302/4093/1923 7301/4094/1922 7298/4092/316
f 7302/4093/1923 7298/4092/316 7297/4089/1921
f 7297/4089/1921 7305/4098/1924 7306/4097/1925
f 7297/4089/1921 7306/4097/1925 7302/4093/1923
f 7274/4064/1910 7307/4100/1926 7308/4099/1927
f 7274/4064/1910 7308/4099/1927 7271/4063/1307
f 7278/4068/1299 7309/4102/1320 7310/4101/1928
f 7278/4068/1299 7310/4101/1928 7275/4067/1911
f 7282/4072/1913 7311/4104/1929 7312/4103/1930
f 7282/4072/1913 7312/4103/1930 7279/4071/1912
f 7286/4076/1916 7313/4106/1931 7314/4105/1932
f 7286/4076/1916 7314/4105/1932 7283/4075/1914
f 7288/4079/1917 7315/4107/1933 7309/4102/1320
f 7288/4079/1917 7309/4102/1320 7278/4068/1299
f 7292/4082/1296 7316/4109/1934 7317/4108/1935
f 7292/4082/1296 7317/4108/1935 7289/4081/1918
f 7296/4086/1920 7318/4111/1936 7319/4110/1937
f 7296/4086/1920 7319/4110/1937 7293/4085/1919
f 7300/4090/1311 7320/4112/1330 7305/4098/1924
f 7300/4090/1311 7305/4098/1924 7297/4089/1921
f 7302/4093/1923 7306/4097/1925 7307/4100/1926
f 7302/4093/1923 7307/4100/1926 7274/4064/1910
f 7304/4095/1307 7321/4113/1938 7311/4104/1929
f 7304/4095/1307 7311/4104/1929 7282/4072/1913
f 7275/4067/1911 7310/4101/1928 7313/4106/1931
f 7275/4067/1911 7313/4106/1931 7286/4076/1916
f 7279/4071/1912 7312/4103/1930 7315/4107/1933
f 7279/4071/1912 7315/4107/1933 7288/4079/1917
f 7283/4075/1914 7314/4105/1932 7316/4109/1934
f 7283/4075/1914 7316/4109/1934 7292/4082/1296
f 7289/4081/1918 7317/4108/1935 7318/4111/1936
f 7289/4081/1918 7318/4111/1936 7296/4086/1920
f 7293/4085/1919 7319/4110/1937 7320/4112/1330
f 7293/4085/1919 7320/4112/1330 7300/4090/1311
f 7311/4104/1929 7322/4115/1939 7323/4114/1940
f 7311/4104/1929 7323/4114/1940 7312/4103/1930
f 7313/4106/1931 7324/4117/1941 7325/4116/1942
f 7313/4106/1931 7325/4116/1942 7314/4105/1932
f 7315/4107/1933 7326/4119/1943 7327/4118/1335
f 7315/4107/1933 7327/4118/1335 7309/4102/1320
f 7316/4109/1934 7328/4121/1944 7329/4120/1945
f 7316/4109/1934 7329/4120/1945 7317/4108/1935
f 7318/4111/1936 7330/4123/1946 7331/4122/1947
f 7318/4111/1936 7331/4122/1947 7319/4110/1937
f 7320/4112/1330 7332/4125/1948 7333/4124/1949
f 7320/4112/1330 7333/4124/1949 7305/4098/1924
f 7306/4097/1925 7334/4127/1950 7335/4126/1951
f 7306/4097/1925 7335/4126/1951 7307/4100/1926
f 7321/4113/1938 7336/4128/1952 7322/4115/1939
f 7321/4113/1938 7322/4115/1939 7311/4104/1929
f 7310/4101/1928 7337/4129/1953 7324/4117/1941
f 7310/4101/1928 7324/4117/1941 7313/4106/1931
f 7312/4103/1930 7323/4114/1940 7326/4119/1943
f 7312/4103/1930 7326/4119/1943 7315/4107/1933
f 7314/4105/1932 7325/4116/1942 7328/4121/1944
f 7314/4105/1932 7328/4121/1944 7316/4109/1934
f 7317/4108/1935 7329/4120/1945 7330/4123/1946
f 7317/4108/1935 7330/4123/1946 7318/4111/1936
f 7319/4110/1937 7331/4122/1947 7332/4125/1948
f 7319/4110/1937 7332/4125/1948 7320/4112/1330
f 7305/4098/1924 7333/4124/1949 7334/4127/1950
f 7305/4098/1924 7334/4127/1950 7306/4097/1925
f 7307/4100/1926 7335/4126/1951 7338/4130/1952
f 7307/4100/1926 7338/4130/1952 7308/4099/1927
f 7309/4102/1320 7327/4118/1335 7337/4129/1953
f 7309/4102/1320 7337/4129/1953 7310/4101/1928
f 7336/4128/1952 7339/4132/1954 7340/4131/1354
f 7336/4128/1952 7340/4131/1354 7322/4115/1939
f 7337/4129/1953 7341/4134/1351 7342/4133/1955
f 7337/4129/1953 7342/4133/1955 7324/4117/1941
f 7323/4114/1940 7343/4136/1956 7344/4135/1350
f 7323/4114/1940 7344/4135/1350 7326/4119/1943
f 7325/4116/1942 7345/4138/1347 7346/4137/1957
f 7325/4116/1942 7346/4137/1957 7328/4121/1944
f 7329/4120/1945 7347/4140/1958 7348/4139/1959
f 7329/4120/1945 7348/4139/1959 7330/4123/1946
f 7331/4122/1947 7349/4142/1360 7350/4141/1960
f 7331/4122/1947 7350/4141/1960 7332/4125/1948
f 7333/4124/1949 7351/4144/1358 7352/4143/1961
f 7333/4124/1949 7352/4143/1961 7334/4127/1950
f 7335/4126/1951 7353/4146/1962 7354/4145/1954
f 7335/4126/1951 7354/4145/1954 7338/4130/1952
f 7327/4118/1335 7355/4147/1362 7341/4134/1351
f 7327/4118/1335 7341/4134/1351 7337/4129/1953
f 7322/4115/1939 7340/4131/1354 7343/4136/1956
f 7322/4115/1939 7343/4136/1956 7323/4114/1940
f 7324/4117/1941 7342/4133/1955 7345/4138/1347
f 7324/4117/1941 7345/4138/1347 7325/4116/1942
f 7326/4119/1943 7344/4135/1350 7355/4147/1362
f 7326/4119/1943 7355/4147/1362 7327/4118/1335
f 7328/4121/1944 7346/4137/1957 7347/4140/1958
f 7328/4121/1944 7347/4140/1958 7329/4120/1945
f 7330/4123/1946 7348/4139/1959 7349/4142/1360
f 7330/4123/1946 7349/4142/1360 7331/4122/1947
f 7332/4125/1948 7350/4141/1960 7351/4144/1358
f 7332/4125/1948 7351/4144/1358 7333/4124/1949
f 7334/4127/1950 7352/4143/1961 7353/4146/1962
f 7334/4127/1950 7353/4146/1962 7335/4126/1951
f 7353/4146/1962 7356/4149/1963 7357/4148/1373
f 7353/4146/1962 7357/4148/1373 7354/4145/1954
f 7355/4147/1362 7358/4151/1366 7359/4150/1371
f 7355/4147/1362 7359/4150/1371 7341/4134/1351
f 7340/4131/1354 7360/4153/1964 7361/4152/1965
f 7340/4131/1354 7361/4152/1965 7343/4136/1956
f 7342/4133/1955 7362/4155/1966 7363/4154/1967
f 7342/4133/1955 7363/4154/1967 7345/4138/1347
f 7344/4135/1350 7364/4156/1365 7358/4151/1366
f 7344/4135/1350 7358/4151/1366 7355/4147/1362
f 7346/4137/1957 7365/4158/1363 7366/4157/1968
f 7346/4137/1957 7366/4157/1968 7347/4140/1958
f 7348/4139/1959 7367/4160/1969 7368/4159/1376
f 7348/4139/1959 7368/4159/1376 7349/4142/1360
f 7350/4141/1960 7369/4162/1377 7370/4161/1374
f 7350/4141/1960 7370/4161/1374 7351/4144/1358
f 7352/4143/1961 7371/4163/1970 7356/4149/1963
f 7352/4143/1961 7356/4149/1963 7353/4146/1962
f 7339/4132/1954 7372/4164/1971 7360/4153/1964
f 7339/4132/1954 7360/4153/1964 7340/4131/1354
f 7341/4134/1351 7359/4150/1371 7362/4155/1966
f 7341/4134/1351 7362/4155/1966 7342/4133/1955
f 7343/4136/1956 7361/4152/1965 7364/4156/1365
f 7343/4136/1956 7364/4156/1365 7344/4135/1350
f 7345/4138/1347 7363/4154/1967 7365/4158/1363
f 7345/4138/1347 7365/4158/1363 7346/4137/1957
f 7347/4140/1958 7366/4157/1968 7367/4160/1969
f 7347/4140/1958 7367/4160/1969 7348/4139/1959
f 7349/4142/1360 7368/4159/1376 7369/4162/1377
f 7349/4142/1360 7369/4162/1377 7350/4141/1960
f 7351/4144/1358 7370/4161/1374 7371/4163/1970
f 7351/4144/1358 7371/4163/1970 7352/4143/1961
f 7371/4163/1970 7373/4166/1390 7374/4165/1391
f 7371/4163/1970 7374/4165/1391 7356/4149/1963
f 7372/4164/1971 7375/4168/1388 7376/4167/1389
f 7372/4164/1971 7376/4167/1389 7360/4153/1964
f 7359/4150/1371 7377/4170/1386 7378/4169/1387
f 7359/4150/1371 7378/4169/1387 7362/4155/1966
f 7361/4152/1965 7379/4172/1384 7380/4171/1385
f 7361/4152/1965 7380/4171/1385 7364/4156/1365
f 7363/4154/1967 7381/4174/1972 7382/4173/1383
f 7363/4154/1967 7382/4173/1383 7365/4158/1363
f 7366/4157/1968 7383/4176/1380 7384/4175/1381
f 7366/4157/1968 7384/4175/1381 7367/4160/1969
f 7368/4159/1376 7385/4178/1396 7386/4177/1392
f 7368/4159/1376 7386/4177/1392 7369/4162/1377
f 7370/4161/1374 7387/4179/1393 7373/4166/1390
f 7370/4161/1374 7373/4166/1390 7371/4163/1970
f 7356/4149/1963 7374/4165/1391 7388/4180/1388
f 7356/4149/1963 7388/4180/1388 7357/4148/1373
f 7358/4151/1366 7389/4181/1395 7377/4170/1386
f 7358/4151/1366 7377/4170/1386 7359/4150/1371
f 7360/4153/1964 7376/4167/1389 7379/4172/1384
f 7360/4153/1964 7379/4172/1384 7361/4152/1965
f 7362/4155/1966 7378/4169/1387 7381/4174/1972
f 7362/4155/1966 7381/4174/1972 7363/4154/1967
f 7364/4156/1365 7380/4171/1385 7389/4181/1395
f 7364/4156/1365 7389/4181/1395 7358/4151/1366
f 7365/4158/1363 7382/4173/1383 7383/4176/1380
f 7365/4158/1363 7383/4176/1380 7366/4157/1968
f 7367/4160/1969 7384/4175/1381 7385/4178/1396
f 7367/4160/1969 7385/4178/1396 7368/4159/1376
f 7369/4162/1377 7386/4177/1392 7387/4179/1393
f 7369/4162/1377 7387/4179/1393 7370/4161/1374
s 2497
f 7390/4182/1393 7391/4185/1446 7392/4184/1416
f 7390/4182/1393 7392/4184/1416 7393/4183/1390
f 7394/4186/1973 7395/4189/1974 7396/4188/1413
f 7394/4186/1973 7396/4188/1413 7397/4187/1388
f 7398/4190/1395 7399/4193/1403 7400/4192/1975
f 7398/4190/1395 7400/4192/1975 7401/4191/1976
f 7402/4194/1977 7403/4197/1978 7404/4196/1408
f 7402/4194/1977 7404/4196/1408 7405/4195/1384
f 7406/4198/1387 7407/4201/1404 7408/4200/1979
f 7406/4198/1387 7408/4200/1979 7409/4199/1382
f 7410/4202/1980 7411/4203/1402 7399/4193/1403
f 7410/4202/1980 7399/4193/1403 7398/4190/1395
f 7412/4204/1383 7413/4207/1400 7414/4206/1424
f 7412/4204/1383 7414/4206/1424 7415/4205/1981
f 7416/4208/1982 7417/4211/1983 7418/4210/1398
f 7416/4208/1982 7418/4210/1398 7419/4209/1396
f 7420/4212/1392 7421/4213/1417 7391/4185/1446
f 7420/4212/1392 7391/4185/1446 7390/4182/1393
f 7393/4183/1390 7392/4184/1416 7395/4189/1974
f 7393/4183/1390 7395/4189/1974 7394/4186/1973
f 7422/4214/1388 7423/4215/1413 7403/4197/1978
f 7422/4214/1388 7403/4197/1978 7402/4194/1977
f 7401/4191/1976 7400/4192/1975 7407/4201/1404
f 7401/4191/1976 7407/4201/1404 7406/4198/1387
f 7405/4195/1384 7404/4196/1408 7411/4203/1402
f 7405/4195/1384 7411/4203/1402 7410/4202/1980
f 7409/4199/1382 7408/4200/1979 7413/4207/1400
f 7409/4199/1382 7413/4207/1400 7412/4204/1383
f 7415/4205/1981 7414/4206/1424 7417/4211/1983
f 7415/4205/1981 7417/4211/1983 7416/4208/1982
f 7419/4209/1396 7418/4210/1398 7421/4213/1417
f 7419/4209/1396 7421/4213/1417 7420/4212/1392
s 2498
f 7424/4216/1419 7425/4219/1422 7426/4218/1450
f 7424/4216/1419 7426/4218/1450 7427/4217/1446
f 7428/4220/1416 7429/4223/1478 7430/4222/1984
f 7428/4220/1416 7430/4222/1984 7431/4221/1412
f 7432/4224/1440 7433/4227/1985 7434/4226/1442
f 7432/4224/1440 7434/4226/1442 7435/4225/1439
f 7436/4228/1986 7437/4231/1987 7438/4230/1465
f 7436/4228/1986 7438/4230/1465 7439/4229/1404
f 7440/4232/1988 7441/4235/1989 7442/4234/1990
f 7440/4232/1988 7442/4234/1990 7443/4233/1431
f 7444/4236/1428 7445/4239/1991 7446/4238/1992
f 7444/4236/1428 7446/4238/1992 7447/4237/1427
f 7448/4240/1424 7449/4243/1457 7450/4242/1993
f 7448/4240/1424 7450/4242/1993 7451/4241/1397
f 7452/4244/1994 7453/4245/1995 7425/4219/1422
f 7452/4244/1994 7425/4219/1422 7424/4216/1419
f 7427/4217/1446 7426/4218/1450 7429/4223/1478
f 7427/4217/1446 7429/4223/1478 7428/4220/1416
f 7431/4221/1412 7430/4222/1984 7433/4227/1985
f 7431/4221/1412 7433/4227/1985 7432/4224/1440
f 7454/4246/1448 7455/4247/1449 7437/4231/1987
f 7454/4246/1448 7437/4231/1987 7436/4228/1986
f 7435/4225/1439 7434/4226/1442 7441/4235/1989
f 7435/4225/1439 7441/4235/1989 7440/4232/1988
f 7439/4229/1404 7438/4230/1465 7445/4239/1991
f 7439/4229/1404 7445/4239/1991 7444/4236/1428
f 7443/4233/1431 7442/4234/1990 7455/4247/1449
f 7443/4233/1431 7455/4247/1449 7454/4246/1448
f 7447/4237/1427 7446/4238/1992 7449/4243/1457
f 7447/4237/1427 7449/4243/1457 7448/4240/1424
f 7451/4241/1397 7450/4242/1993 7453/4245/1995
f 7451/4241/1397 7453/4245/1995 7452/4244/1994
s 2499
f 7456/4248/1421 7457/4251/1456 7458/4250/1452
f 7456/4248/1421 7458/4250/1452 7459/4249/1451
f 7460/4252/1450 7461/4255/1453 7462/4254/1996
f 7460/4252/1450 7462/4254/1996 7463/4253/1997
f 7464/4256/1445 7465/4259/1998 7466/4258/1999
f 7464/4256/1445 7466/4258/1999 7467/4257/1474
f 7468/4260/1461 7469/4263/2000 7470/4262/2001
f 7468/4260/1461 7470/4262/2001 7471/4261/1987
f 7472/4264/2002 7473/4267/2003 7474/4266/2004
f 7472/4264/2002 7474/4266/2004 7475/4265/1433
f 7476/4268/2005 7477/4271/2006 7478/4270/2007
f 7476/4268/2005 7478/4270/2007 7479/4269/2008
f 7480/4272/2009 7481/4273/2010 7469/4263/2000
f 7480/4272/2009 7469/4263/2000 7468/4260/1461
f 7482/4274/1458 7483/4277/2011 7484/4276/2012
f 7482/4274/1458 7484/4276/2012 7485/4275/2013
f 7486/4278/1426 7487/4279/2014 7457/4251/1456
f 7486/4278/1426 7457/4251/1456 7456/4248/1421
f 7459/4249/1451 7458/4250/1452 7461/4255/1453
f 7459/4249/1451 7461/4255/1453 7460/4252/1450
f 7463/4253/1997 7462/4254/1996 7465/4259/1998
f 7463/4253/1997 7465/4259/1998 7464/4256/1445
f 7488/4280/1474 7489/4281/1999 7473/4267/2003
f 7488/4280/1474 7473/4267/2003 7472/4264/2002
f 7471/4261/1987 7470/4262/2001 7477/4271/2006
f 7471/4261/1987 7477/4271/2006 7476/4268/2005
f 7475/4265/1433 7474/4266/2004 7481/4273/2010
f 7475/4265/1433 7481/4273/2010 7480/4272/2009
f 7479/4269/2008 7478/4270/2007 7483/4277/2011
f 7479/4269/2008 7483/4277/2011 7482/4274/1458
f 7485/4275/2013 7484/4276/2012 7487/4279/2014
f 7485/4275/2013 7487/4279/2014 7486/4278/1426
f 7487/4279/2014 7490/4283/1486 7491/4282/1483
f 7487/4279/2014 7491/4282/1483 7457/4251/1456
f 7458/4250/1452 7492/4285/1484 7493/4284/2015
f 7458/4250/1452 7493/4284/2015 7461/4255/1453
f 7462/4254/1996 7494/4287/1482 7495/4286/1494
f 7462/4254/1996 7495/4286/1494 7465/4259/1998
f 7489/4281/1999 7496/4289/2016 7497/4288/2017
f 7489/4281/1999 7497/4288/2017 7473/4267/2003
f 7470/4262/2001 7498/4291/1490 7499/4290/1491
f 7470/4262/2001 7499/4290/1491 7477/4271/2006
f 7474/4266/2004 7500/4293/1488 7501/4292/1489
f 7474/4266/2004 7501/4292/1489 7481/4273/2010
f 7478/4270/2007 7502/4295/1487 7503/4294/2018
f 7478/4270/2007 7503/4294/2018 7483/4277/2011
f 7484/4276/2012 7504/4296/1485 7490/4283/1486
f 7484/4276/2012 7490/4283/1486 7487/4279/2014
f 7457/4251/1456 7491/4282/1483 7492/4285/1484
f 7457/4251/1456 7492/4285/1484 7458/4250/1452
f 7461/4255/1453 7493/4284/2015 7494/4287/1482
f 7461/4255/1453 7494/4287/1482 7462/4254/1996
f 7465/4259/1998 7495/4286/1494 7505/4297/2016
f 7465/4259/1998 7505/4297/2016 7466/4258/1999
f 7469/4263/2000 7506/4298/1496 7498/4291/1490
f 7469/4263/2000 7498/4291/1490 7470/4262/2001
f 7473/4267/2003 7497/4288/2017 7500/4293/1488
f 7473/4267/2003 7500/4293/1488 7474/4266/2004
f 7477/4271/2006 7499/4290/1491 7502/4295/1487
f 7477/4271/2006 7502/4295/1487 7478/4270/2007
f 7481/4273/2010 7501/4292/1489 7506/4298/1496
f 7481/4273/2010 7506/4298/1496 7469/4263/2000
f 7483/4277/2011 7503/4294/2018 7504/4296/1485
f 7483/4277/2011 7504/4296/1485 7484/4276/2012
s 2500
f 7541/4299/1513 7542/4302/1512 7543/4301/2019
f 7541/4299/1513 7543/4301/2019 7544/4300/2020
f 7545/4303/2021 7546/4304/2022 7542/4302/1512
f 7545/4303/2021 7542/4302/1512 7541/4299/1513
f 7547/4305/2023 7548/4306/2024 7546/4304/2022
f 7547/4305/2023 7546/4304/2022 7545/4303/2021
f 7549/4307/1505 7550/4308/1506 7548/4306/2024
f 7549/4307/1505 7548/4306/2024 7547/4305/2023
f 7551/4309/2025 7552/4310/2026 7550/4308/1506
f 7551/4309/2025 7550/4308/1506 7549/4307/1505
f 7553/4311/2027 7554/4312/2028 7552/4310/2026
f 7553/4311/2027 7552/4310/2026 7551/4309/2025
f 7555/4313/2029 7556/4314/1500 7554/4312/2028
f 7555/4313/2029 7554/4312/2028 7553/4311/2027
f 7544/4300/2020 7543/4301/2019 7557/4316/1500
f 7544/4300/2020 7557/4316/1500 7558/4315/1497
f 7544/4300/2020 7559/4318/1516 7560/4317/2030
f 7544/4300/2020 7560/4317/2030 7541/4299/1513
f 7541/4299/1513 7560/4317/2030 7561/4319/1521
f 7541/4299/1513 7561/4319/1521 7545/4303/2021
f 7545/4303/2021 7561/4319/1521 7562/4320/1520
f 7545/4303/2021 7562/4320/1520 7547/4305/2023
f 7547/4305/2023 7562/4320/1520 7563/4321/1519
f 7547/4305/2023 7563/4321/1519 7549/4307/1505
f 7549/4307/1505 7563/4321/1519 7564/4322/1518
f 7549/4307/1505 7564/4322/1518 7551/4309/2025
f 7551/4309/2025 7564/4322/1518 7565/4323/1517
f 7551/4309/2025 7565/4323/1517 7553/4311/2027
f 7553/4311/2027 7565/4323/1517 7566/4324/2031
f 7553/4311/2027 7566/4324/2031 7555/4313/2029
f 7558/4315/1497 7567/4325/2031 7559/4318/1516
f 7558/4315/1497 7559/4318/1516 7544/4300/2020
f 7559/4318/1516 7568/4327/2032 7569/4326/1532
f 7559/4318/1516 7569/4326/1532 7560/4317/2030
f 7560/4317/2030 7569/4326/1532 7570/4328/2033
f 7560/4317/2030 7570/4328/2033 7561/4319/1521
f 7561/4319/1521 7570/4328/2033 7571/4329/2034
f 7561/4319/1521 7571/4329/2034 7562/4320/1520
f 7562/4320/1520 7571/4329/2034 7572/4330/1528
f 7562/4320/1520 7572/4330/1528 7563/4321/1519
f 7563/4321/1519 7572/4330/1528 7573/4331/2035
f 7563/4321/1519 7573/4331/2035 7564/4322/1518
f 7564/4322/1518 7573/4331/2035 7574/4332/2036
f 7564/4322/1518 7574/4332/2036 7565/4323/1517
f 7565/4323/1517 7574/4332/2036 7575/4333/2037
f 7565/4323/1517 7575/4333/2037 7566/4324/2031
f 7567/4325/2031 7576/4334/1524 7568/4327/2032
f 7567/4325/2031 7568/4327/2032 7559/4318/1516
f 7568/4327/2032 7577/4336/518 7578/4335/2038
f 7568/4327/2032 7578/4335/2038 7569/4326/1532
f 7569/4326/1532 7578/4335/2038 7579/4337/1538
f 7569/4326/1532 7579/4337/1538 7570/4328/2033
f 7570/4328/2033 7579/4337/1538 7580/4338/2039
f 7570/4328/2033 7580/4338/2039 7571/4329/2034
f 7571/4329/2034 7580/4338/2039 7581/4339/415
f 7571/4329/2034 7581/4339/415 7572/4330/1528
f 7572/4330/1528 7581/4339/415 7582/4340/2040
f 7572/4330/1528 7582/4340/2040 7573/4331/2035
f 7573/4331/2035 7582/4340/2040 7583/4341/1535
f 7573/4331/2035 7583/4341/1535 7574/4332/2036
f 7574/4332/2036 7583/4341/1535 7584/4342/2041
f 7574/4332/2036 7584/4342/2041 7575/4333/2037
f 7576/4334/1524 7585/4343/2042 7577/4336/518
f 7576/4334/1524 7577/4336/518 7568/4327/2032
f 7542/4302/1512 7586/4345/1549 7587/4344/2043
f 7542/4302/1512 7587/4344/2043 7543/4301/2019
f 7546/4304/2022 7588/4346/2044 7586/4345/1549
f 7546/4304/2022 7586/4345/1549 7542/4302/1512
f 7548/4306/2024 7589/4347/1546 7588/4346/2044
f 7548/4306/2024 7588/4346/2044 7546/4304/2022
f 7550/4308/1506 7590/4348/2045 7589/4347/1546
f 7550/4308/1506 7589/4347/1546 7548/4306/2024
f 7552/4310/2026 7591/4349/1544 7590/4348/2045
f 7552/4310/2026 7590/4348/2045 7550/4308/1506
f 7554/4312/2028 7592/4350/2046 7591/4349/1544
f 7554/4312/2028 7591/4349/1544 7552/4310/2026
f 7556/4314/1500 7593/4351/2047 7592/4350/2046
f 7556/4314/1500 7592/4350/2046 7554/4312/2028
f 7543/4301/2019 7587/4344/2043 7594/4352/1542
f 7543/4301/2019 7594/4352/1542 7557/4316/1500
f 7586/4345/1549 7595/4354/2048 7596/4353/1550
f 7586/4345/1549 7596/4353/1550 7587/4344/2043
f 7588/4346/2044 7597/4355/1556 7595/4354/2048
f 7588/4346/2044 7595/4354/2048 7586/4345/1549
f 7589/4347/1546 7598/4356/1555 7597/4355/1556
f 7589/4347/1546 7597/4355/1556 7588/4346/2044
f 7590/4348/2045 7599/4357/2049 7598/4356/1555
f 7590/4348/2045 7598/4356/1555 7589/4347/1546
f 7591/4349/1544 7600/4358/1553 7599/4357/2049
f 7591/4349/1544 7599/4357/2049 7590/4348/2045
f 7592/4350/2046 7601/4359/1552 7600/4358/1553
f 7592/4350/2046 7600/4358/1553 7591/4349/1544
f 7593/4351/2047 7602/4360/2050 7601/4359/1552
f 7593/4351/2047 7601/4359/1552 7592/4350/2046
f 7587/4344/2043 7596/4353/1550 7603/4361/2051
f 7587/4344/2043 7603/4361/2051 7594/4352/1542
s 0
f 7604/4362/1 7605/4365/1 7606/4364/1
f 7604/4362/1 7606/4364/1 7607/4363/1
s 2503
f 7608/4363/1719 7609/4364/5 7610/4367/5
f 7608/4363/1719 7610/4367/5 7611/4366/1719
s 2504
f 7612/4368/1720 7613/4369/22 7614/4365/22
f 7612/4368/1720 7614/4365/22 7615/4362/1720
f 7615/4362/1720 7616/4371/1710 7617/4370/1710
f 7615/4362/1720 7617/4370/1710 7612/4368/1720
s 2505
f 7618/4372/1715 7619/4374/1710 7616/4371/1710
f 7618/4372/1715 7616/4371/1710 7620/4373/1715
s 2503
f 7611/4366/1719 7621/4375/1715 7620/4373/1715
f 7611/4366/1719 7620/4373/1715 7608/4363/1719
s 0
f 7607/4363/1 7622/4373/1 7623/4371/1
f 7607/4363/1 7623/4371/1 7604/4362/1
f 7624/4376/124 7625/4379/124 7626/4378/124
f 7624/4376/124 7626/4378/124 7627/4377/124
s 2510
f 7628/4380/1559 7629/4381/5 7630/4379/5
f 7628/4380/1559 7630/4379/5 7631/4376/1559
s 2511
f 7632/4377/1560 7633/4378/22 7634/4383/22
f 7632/4377/1560 7634/4383/22 7635/4382/1560
f 7635/4382/1560 7636/4385/1561 7637/4384/1561
f 7635/4382/1560 7637/4384/1561 7632/4377/1560
s 2512
f 7638/4386/1563 7637/4384/1561 7639/4388/1561
f 7638/4386/1563 7639/4388/1561 7640/4387/1563
s 2510
f 7631/4376/1559 7638/4386/1563 7641/4389/1563
f 7631/4376/1559 7641/4389/1563 7628/4380/1559
s 0
f 7627/4377/124 7642/4384/124 7643/4386/124
f 7627/4377/124 7643/4386/124 7624/4376/124
f 7644/4390/124 7645/4393/124 7646/4392/124
f 7644/4390/124 7646/4392/124 7647/4391/124
s 2517
f 7648/4394/1564 7649/4395/2 7650/4393/2
f 7648/4394/1564 7650/4393/2 7651/4390/1564
s 2518
f 7652/4391/1565 7653/4392/1 7654/4397/1
f 7652/4391/1565 7654/4397/1 7655/4396/1566
f 7655/4396/1566 7656/4399/1567 7657/4398/1567
f 7655/4396/1566 7657/4398/1567 7652/4391/1565
s 2519
f 7658/4400/1568 7657/4398/1567 7659/4402/1567
f 7658/4400/1568 7659/4402/1567 7660/4401/1568
s 2517
f 7651/4390/1564 7658/4400/1568 7661/4403/1568
f 7651/4390/1564 7661/4403/1568 7648/4394/1564
s 0
f 7647/4391/124 7662/4398/124 7663/4400/124
f 7647/4391/124 7663/4400/124 7644/4390/124
f 7664/4392/22 7665/4393/22 7666/4405/22
f 7664/4392/22 7666/4405/22 7667/4404/22
f 7668/345/1 7669/3922/1 4743/349/1
f 7668/345/1 4743/349/1 4742/4406/1
s 301
f 7673/4407/2052 7674/4408/2052 7675/319/153
f 7673/4407/2052 7675/319/153 7676/320/155
s 0
f 7677/4409/22 7678/4410/22 7670/310/22
f 7677/4409/22 7670/310/22 7672/311/22
f 7679/3148/63 7680/3149/63 7681/3922/63
f 7679/3148/63 7681/3922/63 7682/345/63
f 7683/4408/1 4761/4412/1 4760/4411/1
f 7683/4408/1 4760/4411/1 7684/319/1
f 3262/3133/22 4767/4413/22 7687/324/22
f 3262/3133/22 7687/324/22 6182/322/22
s 176
f 7058/317/152 7686/318/151 4764/315/117
f 7058/317/152 4764/315/117 7685/313/149
s 0
f 7689/4414/5 7690/3147/5 6212/3148/5
f 7689/4414/5 6212/3148/5 6211/3156/5
s 2536
f 7691/320/2053 7692/4410/2054 7693/4415/152
f 7691/320/2053 7693/4415/152 7694/4407/2055
s 176
f 4775/4416/1573 7695/4417/1573 7685/313/149
f 4775/4416/1573 7685/313/149 4763/314/116
s 2537
f 7696/4418/1 7697/4419/189 7698/333/189
f 7696/4418/1 7698/333/189 7699/325/1
f 7697/4419/189 7700/4420/63 7701/332/63
f 7697/4419/189 7701/332/63 7698/333/189
f 7700/4420/63 7702/4421/190 7703/331/190
f 7700/4420/63 7703/331/190 7701/332/63
f 7702/4421/190 7704/4422/2 7705/330/2
f 7702/4421/190 7705/330/2 7703/331/190
f 7704/4422/2 7706/4423/187 7707/329/187
f 7704/4422/2 7707/329/187 7705/330/2
f 7706/4423/187 7708/4424/124 7709/328/124
f 7706/4423/187 7709/328/124 7707/329/187
f 7708/4424/124 7710/4425/188 7711/326/188
f 7708/4424/124 7711/326/188 7709/328/124
f 7710/4425/188 7696/4418/1 7699/325/1
f 7710/4425/188 7699/325/1 7711/326/188
s 2538
f 7721/4426/1 7722/4427/189 7723/342/189
f 7721/4426/1 7723/342/189 7724/334/1
f 7722/4427/189 7725/4428/63 7726/341/63
f 7722/4427/189 7726/341/63 7723/342/189
s 2539
f 7727/4429/63 7728/4430/190 7729/340/190
f 7727/4429/63 7729/340/190 7726/341/63
f 7728/4430/190 7730/4431/2 7731/339/2
f 7728/4430/190 7731/339/2 7729/340/190
s 2540
f 7732/4432/2 7733/4433/2056 7734/338/2057
f 7732/4432/2 7734/338/2057 7731/339/2
f 7733/4433/2056 7735/4434/983 7736/337/983
f 7733/4433/2056 7736/337/983 7734/338/2057
s 2541
f 7737/4435/124 7738/4436/188 7739/335/188
f 7737/4435/124 7739/335/188 7736/337/124
f 7738/4436/188 7740/4437/1 7724/334/1
f 7738/4436/188 7724/334/1 7739/335/188
s 2542
f 7750/4438/203 7751/4441/203 7752/4440/188
f 7750/4438/203 7752/4440/188 7753/4439/188
s 0
f 7754/4440/22 7755/4441/22 7756/4443/22
f 7754/4440/22 7756/4443/22 7757/4442/22
s 2542
f 7758/4444/189 7759/4447/189 7760/4446/2058
f 7758/4444/189 7760/4446/2058 7761/4445/2059
f 7762/4448/1 7763/4451/1 7764/4450/201
f 7762/4448/1 7764/4450/201 7765/4449/201
f 7753/4439/188 7752/4440/188 7766/4453/202
f 7753/4439/188 7766/4453/202 7767/4452/202
f 7768/4454/2060 7769/4455/2060 7751/4441/203
f 7768/4454/2060 7751/4441/203 7750/4438/203
f 7761/4445/2059 7760/4446/2058 7770/4457/2061
f 7761/4445/2059 7770/4457/2061 7771/4456/2062
f 7765/4449/201 7764/4450/201 7759/4447/189
f 7765/4449/201 7759/4447/189 7758/4444/189
f 7767/4452/202 7766/4453/202 7763/4451/1
f 7767/4452/202 7763/4451/1 7762/4448/1
s 0
f 7772/4448/5 7773/4449/5 7774/4459/5
f 7772/4448/5 7774/4459/5 7775/4458/5
f 7776/4454/5 7777/4438/5 7778/4461/5
f 7776/4454/5 7778/4461/5 7779/4460/5
s 2542
f 7769/4455/2060 7768/4454/2060 7780/4463/2063
f 7769/4455/2060 7780/4463/2063 7781/4462/2063
s 0
f 7782/4453/22 7754/4440/22 7757/4442/22
f 7782/4453/22 7757/4442/22 7783/4464/22
f 7784/4452/5 7772/4448/5 7775/4458/5
f 7784/4452/5 7775/4458/5 7785/4465/5
f 7786/4446/22 7787/4447/22 7788/4467/22
f 7786/4446/22 7788/4467/22 7789/4466/22
f 7787/4447/22 7790/4450/22 7791/4468/22
f 7787/4447/22 7791/4468/22 7788/4467/22
f 7773/4449/5 7792/4444/5 7793/4469/5
f 7773/4449/5 7793/4469/5 7774/4459/5
f 7792/4444/5 7794/4445/5 7795/4470/5
f 7792/4444/5 7795/4470/5 7793/4469/5
f 7796/4439/5 7784/4452/5 7785/4465/5
f 7796/4439/5 7785/4465/5 7797/4471/5
f 7755/4441/22 7798/4455/22 7799/4472/22
f 7755/4441/22 7799/4472/22 7756/4443/22
f 7790/4450/22 7800/4451/22 7801/4473/22
f 7790/4450/22 7801/4473/22 7791/4468/22
f 7777/4438/5 7796/4439/5 7797/4471/5
f 7777/4438/5 7797/4471/5 7778/4461/5
f 7800/4451/22 7782/4453/22 7783/4464/22
f 7800/4451/22 7783/4464/22 7801/4473/22
s 2571
f 7802/4474/203 7803/4477/203 7804/4476/188
f 7802/4474/203 7804/4476/188 7805/4475/188
s 0
f 7806/4476/22 7807/4477/22 7808/4479/22
f 7806/4476/22 7808/4479/22 7809/4478/22
s 2571
f 7810/4480/189 7811/4483/189 7812/4482/2059
f 7810/4480/189 7812/4482/2059 7813/4481/2059
f 7814/4484/1 7815/4487/1 7816/4486/201
f 7814/4484/1 7816/4486/201 7817/4485/201
f 7805/4475/188 7804/4476/188 7818/4489/202
f 7805/4475/188 7818/4489/202 7819/4488/202
f 7820/4490/2060 7821/4491/2060 7803/4477/203
f 7820/4490/2060 7803/4477/203 7802/4474/203
f 7813/4481/2059 7812/4482/2059 7822/4493/2061
f 7813/4481/2059 7822/4493/2061 7823/4492/2064
f 7817/4485/201 7816/4486/201 7811/4483/189
f 7817/4485/201 7811/4483/189 7810/4480/189
f 7819/4488/202 7818/4489/202 7815/4487/1
f 7819/4488/202 7815/4487/1 7814/4484/1
s 0
f 7824/4484/5 7825/4485/5 7826/4495/5
f 7824/4484/5 7826/4495/5 7827/4494/5
f 7828/4490/5 7829/4474/5 7830/4497/5
f 7828/4490/5 7830/4497/5 7831/4496/5
s 2571
f 7821/4491/2060 7820/4490/2060 7832/4499/2063
f 7821/4491/2060 7832/4499/2063 7833/4498/2063
s 0
f 7834/4489/22 7806/4476/22 7809/4478/22
f 7834/4489/22 7809/4478/22 7835/4500/22
f 7836/4488/5 7824/4484/5 7827/4494/5
f 7836/4488/5 7827/4494/5 7837/4501/5
f 7838/4482/22 7839/4483/22 7840/4503/22
f 7838/4482/22 7840/4503/22 7841/4502/22
f 7839/4483/22 7842/4486/22 7843/4504/22
f 7839/4483/22 7843/4504/22 7840/4503/22
f 7825/4485/5 7844/4480/5 7845/4505/5
f 7825/4485/5 7845/4505/5 7826/4495/5
f 7844/4480/5 7846/4481/5 7847/4506/5
f 7844/4480/5 7847/4506/5 7845/4505/5
f 7848/4475/5 7836/4488/5 7837/4501/5
f 7848/4475/5 7837/4501/5 7849/4507/5
f 7807/4477/22 7850/4491/22 7851/4508/22
f 7807/4477/22 7851/4508/22 7808/4479/22
f 7842/4486/22 7852/4487/22 7853/4509/22
f 7842/4486/22 7853/4509/22 7843/4504/22
f 7829/4474/5 7848/4475/5 7849/4507/5
f 7829/4474/5 7849/4507/5 7830/4497/5
f 7852/4487/22 7834/4489/22 7835/4500/22
f 7852/4487/22 7835/4500/22 7853/4509/22
f 7854/3168/63 6237/3169/63 6240/3174/63
f 7854/3168/63 6240/3174/63 7855/4510/63
s 2602
f 7856/4511/2065 7857/4514/2066 7858/4513/2067
f 7856/4511/2065 7858/4513/2067 7859/4512/2068
s 1611
f 7860/4515/2069 7861/4518/2070 7862/4517/2071
f 7860/4515/2069 7862/4517/2071 7863/4516/2072
s 1612
f 7864/4519/1587 4948/4522/1589 4947/4521/1588
f 7864/4519/1587 4947/4521/1588 7865/4520/1588
s 1611
f 7866/4523/2073 4951/4524/1592 7861/4518/2070
f 7866/4523/2073 7861/4518/2070 7867/4512/2074
f 7867/4512/2074 7861/4518/2070 7860/4515/2069
f 7867/4512/2074 7860/4515/2069 7868/4511/2075
s 2603
f 7869/4525/2076 7870/4516/2077 7871/4517/2078
f 7869/4525/2076 7871/4517/2078 7872/4526/2079
s 0
f 7873/4527/22 4960/4530/22 4959/4529/22
f 7873/4527/22 4959/4529/22 7874/4528/22
s 1612
f 7875/4531/5 4962/4532/5 4948/4522/1589
f 7875/4531/5 4948/4522/1589 7864/4519/1587
s 1611
f 7868/4511/2075 7860/4515/2069 7876/4534/63
f 7868/4511/2075 7876/4534/63 7877/4533/63
s 0
f 7878/4528/1598 4968/4529/1598 4967/4532/1598
f 7878/4528/1598 4967/4532/1598 7879/4531/1598
s 2536
f 7692/4410/2054 7691/320/2053 7880/3159/1
f 7692/4410/2054 7880/3159/1 7881/310/1
s 0
f 7882/344/5 6213/345/5 4973/4406/5
f 7882/344/5 4973/4406/5 4972/4535/5
f 7883/4536/1599 7884/4539/1599 7885/4538/1599
f 7883/4536/1599 7885/4538/1599 7886/4537/1599
f 7887/4540/1600 7888/4543/1600 7889/4542/1600
f 7887/4540/1600 7889/4542/1600 7890/4541/1600
s 2614
f 7891/4544/2080 7892/4545/2080 7893/4539/2081
f 7891/4544/2080 7893/4539/2081 7894/4536/2080
s 2615
f 7895/4537/2082 7896/4538/2082 7897/4543/2082
f 7895/4537/2082 7897/4543/2082 7898/4540/2082
s 0
f 7899/4546/1604 7900/4549/1604 7901/4548/1604
f 7899/4546/1604 7901/4548/1604 7902/4547/1604
f 7903/4550/1605 7904/4553/1605 7905/4552/1605
f 7903/4550/1605 7905/4552/1605 7906/4551/1605
s 2620
f 7907/4554/2083 7908/4555/2084 7909/4549/2084
f 7907/4554/2083 7909/4549/2084 7910/4546/2083
s 2621
f 7911/4547/2085 7912/4548/2085 7913/4553/2085
f 7911/4547/2085 7913/4553/2085 7914/4550/2085
s 0
f 7915/4556/1610 7916/4559/1610 7917/4558/1610
f 7915/4556/1610 7917/4558/1610 7918/4557/1610
f 7919/4560/1611 7920/4563/1611 7921/4562/1611
f 7919/4560/1611 7921/4562/1611 7922/4561/1611
s 2626
f 7923/4564/2086 7924/4565/2086 7925/4559/2086
f 7923/4564/2086 7925/4559/2086 7926/4556/2086
s 2627
f 7927/4557/2087 7928/4558/2087 7929/4563/2088
f 7927/4557/2087 7929/4563/2088 7930/4560/2087
s 0
f 7931/4566/1616 7932/4569/1616 7933/4568/1616
f 7931/4566/1616 7933/4568/1616 7934/4567/1616
f 7935/4570/1617 7936/4573/1617 7937/4572/1617
f 7935/4570/1617 7937/4572/1617 7938/4571/1617
s 2632
f 7939/4574/2089 7940/4575/2090 7941/4569/2089
f 7939/4574/2089 7941/4569/2089 7942/4566/2089
s 2633
f 7943/4567/2091 7944/4568/2091 7945/4573/2091
f 7943/4567/2091 7945/4573/2091 7946/4570/2091
s 0
f 7947/4576/1622 7948/4579/1622 7949/4578/1622
s 2635
f 7947/4576/1622 7949/4578/1622 7950/4577/1622
s 0
f 7951/4580/1623 7952/4583/1623 7953/4582/1623
f 7951/4580/1623 7953/4582/1623 7954/4581/1623
s 2638
f 7955/4584/2092 7956/4585/2093 7957/4579/2093
f 7955/4584/2092 7957/4579/2093 7958/4576/2092
s 2639
f 7959/4577/2094 7960/4578/2095 7961/4583/2095
f 7959/4577/2094 7961/4583/2095 7962/4580/2094
s 2603
f 7963/4586/124 7964/4587/124 7870/4516/2077
f 7963/4586/124 7870/4516/2077 7869/4525/2076
s 2602
f 7857/4514/2066 7856/4511/2065 7965/4533/22
f 7857/4514/2066 7965/4533/22 7966/4588/22
s 1611
f 7863/4516/2072 7967/4587/5 7968/4534/1587
f 7863/4516/2072 7968/4534/1587 7860/4515/2069
s 0
f 5060/346/5 7969/347/5 7970/3141/5
f 5060/346/5 7970/3141/5 7971/3142/5
s 1611
f 7861/4518/2070 4951/4524/1592 5066/4589/1
f 7861/4518/2070 5066/4589/1 7862/4517/2071
s 2603
f 7872/4526/2079 7871/4517/2078 7972/4589/2096
f 7872/4526/2079 7972/4589/2096 7973/4590/2096
s 0
f 5157/2321/22 5164/2326/22 5070/4592/22
f 5157/2321/22 5070/4592/22 5069/4591/22
f 5162/2323/1 5161/2324/1 5072/4594/1
f 5162/2323/1 5072/4594/1 5071/4593/1
f 7974/2336/1 5162/2323/1 5071/4593/1
f 7974/2336/1 5071/4593/1 5074/4595/1
f 5158/2320/22 5157/2321/22 5069/4591/22
f 5158/2320/22 5069/4591/22 5075/4596/22
f 5152/2319/5 5077/4598/5 5076/4597/5
f 5152/2319/5 5076/4597/5 5153/2318/5
f 5148/2317/22 5079/4600/22 5078/4599/22
f 5148/2317/22 5078/4599/22 5149/2316/22
f 5161/2324/1 7975/2343/1 5080/4601/1
f 5161/2324/1 5080/4601/1 5072/4594/1
f 5120/2295/2 2103/2296/2 5082/352/2
f 5120/2295/2 5082/352/2 5738/157/2
f 7976/2291/22 7977/2298/22 5085/4603/22
f 7976/2291/22 5085/4603/22 5084/4602/22
f 7978/2286/1 7979/2281/1 5089/4605/1
f 7978/2286/1 5089/4605/1 5088/4604/1
f 7980/2285/1 7978/2286/1 5088/4604/1
f 7980/2285/1 5088/4604/1 5092/4606/1
f 7981/2280/22 7976/2291/22 5084/4602/22
f 7981/2280/22 5084/4602/22 5094/4607/22
f 7982/2285/5 5098/4609/5 5097/4608/5
f 7982/2285/5 5097/4608/5 7983/2284/5
f 7984/2283/22 5102/4611/22 5101/4610/22
f 7984/2283/22 5101/4610/22 7985/2282/22
f 7979/2281/1 7986/2282/1 5103/4612/1
f 7979/2281/1 5103/4612/1 5089/4605/1
f 7987/2288/5 7988/2287/5 7989/2289/5
f 7987/2288/5 7989/2289/5 7990/2290/5
f 7991/4632/63 7992/4633/63 7993/4634/63
f 7991/4632/63 7993/4634/63 7994/4635/63
f 7990/2290/5 7989/2289/5 7995/2292/5
f 7990/2290/5 7995/2292/5 7996/2293/5
f 7997/2289/2097 7998/2291/2097 7999/2298/2097
f 7997/2289/2097 7999/2298/2097 8000/2292/2097
f 8001/2291/22 8002/4602/22 8003/4603/22
f 8001/2291/22 8003/4603/22 8004/2298/22
f 8005/2280/22 8006/4607/22 8002/4602/22
f 8005/2280/22 8002/4602/22 8001/2291/22
f 7987/2288/5 7990/2290/5 8007/2289/5
f 7987/2288/5 8007/2289/5 8008/2287/5
f 8009/4632/124 8010/4635/124 8011/4634/124
f 8009/4632/124 8011/4634/124 8012/4633/124
f 7990/2290/5 7996/2293/5 8013/2292/5
f 7990/2290/5 8013/2292/5 8007/2289/5
f 8014/2289/2098 8015/2292/2098 8016/2298/2098
f 8014/2289/2098 8016/2298/2098 8017/2291/2098
f 8018/2291/22 8019/2298/22 8003/4603/22
f 8018/2291/22 8003/4603/22 8002/4602/22
f 8020/2280/22 8018/2291/22 8002/4602/22
f 8020/2280/22 8002/4602/22 8006/4607/22
s 2696
f 8021/2711/1 8022/2712/1 8023/2713/878
f 8021/2711/1 8023/2713/878 8024/2714/878
f 8024/2714/878 8023/2713/878 8025/2715/5
f 8024/2714/878 8025/2715/5 8026/2716/5
f 8026/2716/5 8025/2715/5 8027/2717/879
f 8026/2716/5 8027/2717/879 8028/2718/879
f 8028/2718/879 8027/2717/879 8029/2719/2
f 8028/2718/879 8029/2719/2 8030/2720/2
f 8031/2721/2 8032/2722/2 8033/2723/880
f 8031/2721/2 8033/2723/880 8034/2724/880
f 8034/2724/880 8033/2723/880 8035/2725/22
f 8034/2724/880 8035/2725/22 8036/2726/22
f 8036/2726/22 8035/2725/22 8037/2727/881
f 8036/2726/22 8037/2727/881 8038/2728/881
f 8038/2728/881 8037/2727/881 8022/2712/1
f 8038/2728/881 8022/2712/1 8021/2711/1
s 2697
f 8039/2711/1 8040/2714/878 8041/2713/878
f 8039/2711/1 8041/2713/878 8042/2712/1
f 8040/2714/878 8043/2716/5 8044/2715/5
f 8040/2714/878 8044/2715/5 8041/2713/878
f 8043/2716/5 8045/2718/879 8046/2717/879
f 8043/2716/5 8046/2717/879 8044/2715/5
f 8045/2718/879 8047/2720/2 8048/2719/2
f 8045/2718/879 8048/2719/2 8046/2717/879
f 8049/2721/2 8050/2724/880 8051/2723/880
f 8049/2721/2 8051/2723/880 8052/2722/2
f 8050/2724/880 8053/2726/22 8054/2725/22
f 8050/2724/880 8054/2725/22 8051/2723/880
f 8053/2726/22 8055/2728/881 8056/2727/881
f 8053/2726/22 8056/2727/881 8054/2725/22
f 8055/2728/881 8039/2711/1 8042/2712/1
f 8055/2728/881 8042/2712/1 8056/2727/881
s 1493
f 4329/4048/1295 4328/4047/5 8057/4619/5
f 4329/4048/1295 8057/4619/5 8058/4631/1906
s 2698
f 4331/4050/22 4330/4049/22 8059/4623/1903
f 4331/4050/22 8059/4623/1903 8060/4621/22
s 0
f 4322/4041/1 4325/4044/1 8061/4044/1
f 4322/4041/1 8061/4044/1 8062/4041/1
f 8063/4628/2 8064/4630/2 8065/4629/2
f 8063/4628/2 8065/4629/2 8066/4629/2
s 2703
f 8067/4624/2099 8068/4627/2100 8069/4626/63
f 8067/4624/2099 8069/4626/63 8070/4625/63
s 2698
f 8060/4621/22 8059/4623/1903 8071/4622/1904
f 8060/4621/22 8071/4622/1904 8072/4620/22
s 0
f 8073/4047/1 8074/4621/1 8075/4620/1
f 8073/4047/1 8075/4620/1 8076/4619/1
s 2706
f 8077/4618/1901 8078/4613/2101 8079/4614/1902
f 8077/4618/1901 8079/4614/1902 8080/4617/1902
s 2707
f 8081/4030/2102 8082/4618/2099 8083/4617/2103
f 8081/4030/2102 8083/4617/2103 8084/4031/2103
s 2708
f 8085/4613/2104 8086/4616/2104 8087/4615/2105
f 8085/4613/2104 8087/4615/2105 8088/4614/2104
