# Blender 5.0.1
# www.blender.org
mtllib stands.mtl
o standGreen
v 3.194189 2.285913 -3.637809
v 3.828341 2.285913 -3.637809
v 3.194189 2.285914 1.872183
v 3.828341 2.285914 1.872183
v 3.194189 2.920065 1.872183
v 3.828341 2.920065 1.872183
v 3.194189 2.920065 -3.637809
v 3.828341 2.920065 -3.637809
v 3.256119 2.347843 0.015195
v 3.766410 2.347843 0.015195
v 3.766410 2.858135 0.015194
v 3.256119 2.858135 0.015194
v 3.200683 2.913572 1.509172
v 3.821847 2.913572 1.509172
v 3.821847 2.292407 1.509172
v 3.200683 2.292407 1.509172
v 3.200683 2.292407 -1.773899
v 3.821847 2.292407 -1.773899
v 3.821847 2.913571 -1.773899
v 3.200683 2.913571 -1.773899
v -3.194189 2.285913 -3.637809
v -3.828341 2.285913 -3.637809
v -3.194189 2.285914 1.872183
v -3.828341 2.285914 1.872183
v -3.194189 2.920065 1.872183
v -3.828341 2.920065 1.872183
v -3.194189 2.920065 -3.637809
v -3.828341 2.920065 -3.637809
v -3.256119 2.347843 0.015195
v -3.766410 2.347843 0.015195
v -3.766410 2.858135 0.015194
v -3.256119 2.858135 0.015194
v -3.200683 2.913572 1.509172
v -3.821847 2.913572 1.509172
v -3.821847 2.292407 1.509172
v -3.200683 2.292407 1.509172
v -3.200683 2.292407 -1.773899
v -3.821847 2.292407 -1.773899
v -3.821847 2.913571 -1.773899
v -3.200683 2.913571 -1.773899
v 3.307621 5.827705 -3.014347
v 3.307621 5.477810 -2.812334
v 3.307621 9.221066 2.844823
v 3.307621 8.841331 2.982800
v 3.711646 9.221066 2.844823
v 3.711646 8.841331 2.982800
v 3.711646 5.827705 -3.014347
v 3.711646 5.477810 -2.812334
v 3.347077 7.785397 0.455387
v 3.347077 7.503842 0.617943
v 3.672190 7.503842 0.617943
v 3.672190 7.785397 0.455387
v 3.707509 8.822769 2.181530
v 3.707509 8.480039 2.379405
v 3.311758 8.480039 2.379405
v 3.311758 8.822769 2.181530
v 3.311758 6.809200 -1.306074
v 3.311758 6.466470 -1.108199
v 3.707509 6.466470 -1.108199
v 3.707509 6.809200 -1.306074
v -3.244100 -0.061930 -3.653004
v -3.878253 -0.061930 -3.653004
v -3.244100 -0.061930 3.653004
v -3.878253 -0.061930 3.653004
v -3.244100 0.572222 3.653004
v -3.878253 0.572222 3.653004
v -3.244100 0.572222 -3.653004
v -3.878253 0.572222 -3.653004
v -3.306030 -0.000000 -0.000000
v -3.816321 -0.000000 -0.000000
v -3.816321 0.510292 -0.000000
v -3.306030 0.510292 -0.000000
v -3.250594 0.565728 1.789094
v -3.871758 0.565728 1.789094
v -3.871758 -0.055436 1.789094
v -3.250594 -0.055436 1.789094
v -3.250594 -0.055436 -1.789094
v -3.871758 -0.055436 -1.789094
v -3.871758 0.565728 -1.789094
v -3.250594 0.565728 -1.789094
v 3.244100 -0.061930 -3.653004
v 3.878253 -0.061930 -3.653004
v 3.244100 -0.061930 3.653004
v 3.878253 -0.061930 3.653004
v 3.244100 0.572222 3.653004
v 3.878253 0.572222 3.653004
v 3.244100 0.572222 -3.653004
v 3.878253 0.572222 -3.653004
v 3.306030 -0.000000 -0.000000
v 3.816321 -0.000000 -0.000000
v 3.816321 0.510292 -0.000000
v 3.306030 0.510292 -0.000000
v 3.250594 0.565728 1.789094
v 3.871758 0.565728 1.789094
v 3.871758 -0.055436 1.789094
v 3.250594 -0.055436 1.789094
v 3.250594 -0.055436 -1.789094
v 3.871758 -0.055436 -1.789094
v 3.871758 0.565728 -1.789094
v 3.250594 0.565728 -1.789094
v -3.805689 0.294402 3.128537
v 3.805689 0.294402 3.128537
v -3.805689 1.070974 3.128537
v 3.805689 1.070974 3.128537
v -3.805689 1.070974 3.011112
v 3.805689 1.070974 3.011112
v -3.805689 0.294402 3.011112
v 3.805689 0.294402 3.011112
v -4.000000 0.364569 -2.797987
v -4.000000 -0.039457 -2.797987
v 4.000000 0.364569 -2.797987
v 4.000000 -0.039457 -2.797987
v 4.000000 0.364569 -3.202013
v 4.000000 -0.039457 -3.202013
v -4.000000 0.364569 -3.202013
v -4.000000 -0.039457 -3.202013
v -0.016276 0.325113 -2.837444
v -0.016276 -0.000000 -2.837444
v -0.016276 -0.000000 -3.162556
v -0.016276 0.325113 -3.162556
v 1.997293 0.360431 -3.197875
v 1.997293 -0.035319 -3.197875
v 1.997293 -0.035319 -2.802125
v 1.997293 0.360431 -2.802125
v -2.029845 0.360431 -2.802125
v -2.029845 -0.035319 -2.802125
v -2.029845 -0.035319 -3.197875
v -2.029845 0.360431 -3.197875
v -4.000000 0.364569 3.202013
v -4.000000 -0.039456 3.202013
v 4.000000 0.364569 3.202013
v 4.000000 -0.039456 3.202013
v 4.000000 0.364569 2.797987
v 4.000000 -0.039456 2.797987
v -4.000000 0.364569 2.797987
v -4.000000 -0.039456 2.797987
v -0.016276 0.325113 3.162556
v -0.016276 0.000000 3.162556
v -0.016276 0.000000 2.837444
v -0.016276 0.325113 2.837444
v 1.997293 0.360432 2.802125
v 1.997293 -0.035319 2.802125
v 1.997293 -0.035319 3.197875
v 1.997293 0.360432 3.197875
v -2.029845 0.360432 3.197875
v -2.029845 -0.035319 3.197875
v -2.029845 -0.035319 2.802125
v -2.029845 0.360432 2.802125
v -4.000000 6.079456 -2.797987
v -4.000000 5.675431 -2.797987
v 4.000000 6.079456 -2.797987
v 4.000000 5.675431 -2.797987
v 4.000000 6.079455 -3.202013
v 4.000000 5.675430 -3.202013
v -4.000000 6.079455 -3.202013
v -4.000000 5.675430 -3.202013
v -0.016276 6.040000 -2.837444
v -0.016276 5.714887 -2.837444
v -0.016276 5.714887 -3.162557
v -0.016276 6.039999 -3.162557
v 1.997293 6.075318 -3.197876
v 1.997293 5.679568 -3.197876
v 1.997293 5.679568 -2.802125
v 1.997293 6.075318 -2.802125
v -2.029845 6.075318 -2.802125
v -2.029845 5.679568 -2.802125
v -2.029845 5.679568 -3.197876
v -2.029845 6.075318 -3.197876
v -3.194189 -0.218922 -2.640165
v -3.828341 -0.218922 -2.640165
v -3.194189 6.218922 -2.640166
v -3.828341 6.218922 -2.640166
v -3.194189 6.218922 -3.359835
v -3.828341 6.218922 -3.359835
v -3.194189 -0.218922 -3.359834
v -3.828341 -0.218922 -3.359834
v -3.256119 2.999999 -2.710447
v -3.766410 2.999999 -2.710447
v -3.766410 2.999999 -3.289553
v -3.256119 2.999999 -3.289553
v -3.200683 4.576497 -3.352465
v -3.821847 4.576497 -3.352465
v -3.821847 4.576498 -2.647535
v -3.200683 4.576498 -2.647535
v -3.200683 1.423502 -2.647535
v -3.821847 1.423502 -2.647535
v -3.821847 1.423502 -3.352465
v -3.200683 1.423502 -3.352465
v 3.194189 -0.218922 -2.640165
v 3.828341 -0.218922 -2.640165
v 3.194189 6.218922 -2.640166
v 3.828341 6.218922 -2.640166
v 3.194189 6.218922 -3.359835
v 3.828341 6.218922 -3.359835
v 3.194189 -0.218922 -3.359834
v 3.828341 -0.218922 -3.359834
v 3.256119 2.999999 -2.710447
v 3.766410 2.999999 -2.710447
v 3.766410 2.999999 -3.289553
v 3.256119 2.999999 -3.289553
v 3.200683 4.576497 -3.352465
v 3.821847 4.576497 -3.352465
v 3.821847 4.576498 -2.647535
v 3.200683 4.576498 -2.647535
v 3.200683 1.423502 -2.647535
v 3.821847 1.423502 -2.647535
v 3.821847 1.423502 -3.352465
v 3.200683 1.423502 -3.352465
v -3.194189 0.682924 -3.653004
v -3.828341 0.682924 -3.653004
v -3.194189 0.682924 3.653004
v -3.828341 0.682924 3.653004
v -3.194189 1.317076 3.653004
v -3.828341 1.317076 3.653004
v -3.194189 1.317076 -3.653004
v -3.828341 1.317076 -3.653004
v -3.256119 0.744854 -0.000000
v -3.766410 0.744854 -0.000000
v -3.766410 1.255146 -0.000000
v -3.256119 1.255146 -0.000000
v -3.200683 1.310583 1.789094
v -3.821847 1.310583 1.789094
v -3.821847 0.689418 1.789094
v -3.200683 0.689418 1.789094
v -3.200683 0.689417 -1.789094
v -3.821847 0.689417 -1.789094
v -3.821847 1.310582 -1.789094
v -3.200683 1.310582 -1.789094
v 3.194189 0.682924 -3.653004
v 3.828341 0.682924 -3.653004
v 3.194189 0.682924 3.653004
v 3.828341 0.682924 3.653004
v 3.194189 1.317076 3.653004
v 3.828341 1.317076 3.653004
v 3.194189 1.317076 -3.653004
v 3.828341 1.317076 -3.653004
v 3.256119 0.744854 -0.000000
v 3.766410 0.744854 -0.000000
v 3.766410 1.255146 -0.000000
v 3.256119 1.255146 -0.000000
v 3.200683 1.310583 1.789094
v 3.821847 1.310583 1.789094
v 3.821847 0.689418 1.789094
v 3.200683 0.689418 1.789094
v 3.200683 0.689417 -1.789094
v 3.821847 0.689417 -1.789094
v 3.821847 1.310582 -1.789094
v 3.200683 1.310582 -1.789094
v -4.000000 2.765438 1.284969
v -4.000000 2.362917 1.250135
v 4.000000 2.765438 1.284969
v 4.000000 2.362917 1.250135
v 4.000000 2.800273 0.882448
v 4.000000 2.397752 0.847614
v -4.000000 2.800273 0.882448
v -4.000000 2.397752 0.847614
v -0.016276 2.729531 1.242258
v -0.016276 2.405629 1.214227
v -0.016276 2.433659 0.890325
v -0.016276 2.757562 0.918356
v 1.997293 2.795794 0.886214
v 1.997293 2.401517 0.852093
v 1.997293 2.367396 1.246370
v 1.997293 2.761673 1.280491
v -2.029845 2.761673 1.280491
v -2.029845 2.367396 1.246370
v -2.029845 2.401517 0.852093
v -2.029845 2.795794 0.886214
v -4.000000 1.209199 -2.797987
v -4.000000 0.805174 -2.797987
v 4.000000 1.209199 -2.797987
v 4.000000 0.805174 -2.797987
v 4.000000 1.209199 -3.202013
v 4.000000 0.805174 -3.202013
v -4.000000 1.209199 -3.202013
v -4.000000 0.805174 -3.202013
v -0.016276 1.169743 -2.837444
v -0.016276 0.844630 -2.837444
v -0.016276 0.844630 -3.162556
v -0.016276 1.169743 -3.162556
v 1.997293 1.205062 -3.197875
v 1.997293 0.809311 -3.197875
v 1.997293 0.809311 -2.802125
v 1.997293 1.205062 -2.802125
v -2.029845 1.205062 -2.802125
v -2.029845 0.809311 -2.802125
v -2.029845 0.809311 -3.197875
v -2.029845 1.205062 -3.197875
v -4.000000 1.194246 3.226911
v -4.000000 0.791202 3.198774
v 4.000000 1.194246 3.226911
v 4.000000 0.791202 3.198774
v 4.000000 1.222382 2.823866
v 4.000000 0.819338 2.795730
v -4.000000 1.222382 2.823866
v -4.000000 0.819338 2.795730
v -0.016276 1.157633 3.184803
v -0.016276 0.833310 3.162162
v -0.016276 0.855951 2.837838
v -0.016276 1.180274 2.860479
v 1.997293 1.217967 2.827706
v 1.997293 0.823177 2.800145
v 1.997293 0.795617 3.194935
v 1.997293 1.190407 3.222495
v -2.029845 1.190407 3.222495
v -2.029845 0.795617 3.194935
v -2.029845 0.823177 2.800145
v -2.029845 1.217967 2.827706
v -4.000000 4.445201 -0.827894
v -4.000000 4.042646 -0.862335
v 4.000000 4.445201 -0.827894
v 4.000000 4.042646 -0.862335
v 4.000000 4.479641 -1.230449
v 4.000000 4.077087 -1.264890
v -4.000000 4.479641 -1.230449
v -4.000000 4.077087 -1.264890
v -0.016276 4.409252 -0.870570
v -0.016276 4.085322 -0.898284
v -0.016276 4.113036 -1.222213
v -0.016276 4.436965 -1.194499
v 1.997293 4.475166 -1.226679
v 1.997293 4.080856 -1.260414
v 1.997293 4.047121 -0.866104
v 1.997293 4.441431 -0.832368
v -2.029845 4.441431 -0.832368
v -2.029845 4.047121 -0.866104
v -2.029845 4.080856 -1.260414
v -2.029845 4.475166 -1.226679
v -3.689744 5.827705 -3.014347
v -3.689744 5.477810 -2.812334
v -3.689744 9.221066 2.844823
v -3.689744 8.841331 2.982800
v -3.285719 9.221066 2.844823
v -3.285719 8.841331 2.982800
v -3.285719 5.827705 -3.014347
v -3.285719 5.477810 -2.812334
v -3.650288 7.785397 0.455387
v -3.650288 7.503842 0.617943
v -3.325175 7.503842 0.617943
v -3.325175 7.785397 0.455387
v -3.289856 8.822769 2.181530
v -3.289856 8.480039 2.379405
v -3.685607 8.480039 2.379405
v -3.685607 8.822769 2.181530
v -3.685607 6.809200 -1.306074
v -3.685607 6.466470 -1.108199
v -3.289856 6.466470 -1.108199
v -3.289856 6.809200 -1.306074
v -3.213694 0.000000 1.031570
v 3.213697 0.000000 1.031570
v -3.213694 2.435803 1.031570
v 3.213697 2.435803 1.031570
v -3.213694 2.435803 0.914145
v 3.213697 2.435803 0.914145
v -3.213694 0.000000 0.914145
v 3.213697 0.000000 0.914145
v -3.213694 0.050392 2.909995
v 3.213697 0.050392 2.909995
v -3.213694 0.050392 0.474192
v 3.213697 0.050392 0.474192
v 3.194189 3.975619 -3.653004
v 3.828341 3.975619 -3.653004
v 3.194189 3.975619 -0.394353
v 3.828341 3.975619 -0.394353
v 3.194189 4.609771 -0.394353
v 3.828341 4.609771 -0.394353
v 3.194189 4.609771 -3.653004
v 3.828341 4.609771 -3.653004
v 3.256119 4.037549 -2.251341
v 3.766410 4.037549 -2.251341
v 3.766410 4.547841 -2.251341
v 3.256119 4.547841 -2.251341
v 3.200683 4.603278 -0.757363
v 3.821847 4.603278 -0.757363
v 3.821847 3.982113 -0.757363
v 3.200683 3.982113 -0.757363
v 3.200683 3.982113 -2.417169
v 3.821847 3.982113 -2.417169
v 3.821847 4.603278 -2.417169
v 3.200683 4.603278 -2.417169
v -3.194189 3.975619 -3.653004
v -3.828341 3.975619 -3.653004
v -3.194189 3.975619 -0.394353
v -3.828341 3.975619 -0.394353
v -3.194189 4.609771 -0.394353
v -3.828341 4.609771 -0.394353
v -3.194189 4.609771 -3.653004
v -3.828341 4.609771 -3.653004
v -3.256119 4.037549 -2.251341
v -3.766410 4.037549 -2.251341
v -3.766410 4.547841 -2.251341
v -3.256119 4.547841 -2.251341
v -3.200683 4.603278 -0.757363
v -3.821847 4.603278 -0.757363
v -3.821847 3.982113 -0.757363
v -3.200683 3.982113 -0.757363
v -3.200683 3.982113 -2.417169
v -3.821847 3.982113 -2.417169
v -3.821847 4.603278 -2.417169
v -3.200683 4.603278 -2.417169
v -3.213695 4.111872 -1.129323
v 3.213697 4.111872 -1.129323
v -3.213695 1.676069 -1.129323
v 3.213697 1.676069 -1.129323
v -3.213695 1.676069 -1.011899
v 3.213697 1.676069 -1.011899
v -3.213695 4.111872 -1.011900
v 3.213697 4.111872 -1.011900
v -3.213695 1.775339 0.863153
v 3.213697 1.775339 0.863153
v -3.213695 1.775339 -1.572651
v 3.213697 1.775339 -1.572651
v -3.213695 1.657915 -1.572651
v 3.213697 1.657915 -1.572651
v -3.213695 1.657915 0.863153
v 3.213697 1.657915 0.863153
v -4.020748 8.984547 2.351387
v -4.020748 8.552515 2.581657
v 4.020748 8.984547 2.351387
v 4.020748 8.552515 2.581657
v 4.020748 8.793526 1.992994
v 4.020748 8.361494 2.223264
v -4.020748 8.793526 1.992994
v -4.020748 8.361494 2.223264
v -0.016276 8.892932 2.354319
v -0.016276 8.606027 2.507237
v -0.016276 8.453110 2.220332
v -0.016276 8.740014 2.067414
v 1.997293 8.754569 2.019633
v 1.997293 8.405328 2.205777
v 1.997293 8.591472 2.555017
v 1.997293 8.940713 2.368874
v -2.029845 8.940713 2.368874
v -2.029845 8.591472 2.555017
v -2.029845 8.405328 2.205777
v -2.029845 8.754569 2.019633
v -3.284589 5.744252 -3.134528
v 3.284591 5.744252 -3.134528
v -3.284589 0.268308 -3.134527
v 3.284591 0.268308 -3.134527
v -3.284589 0.268308 -3.017103
v 3.284591 0.268308 -3.017103
v -3.284589 5.744252 -3.017104
v 3.284591 5.744252 -3.017104
v -4.000000 2.067565 1.254289
v -4.000000 1.663540 1.254289
v 4.000000 2.067565 1.254289
v 4.000000 1.663540 1.254289
v 4.000000 2.067565 0.850264
v 4.000000 1.663540 0.850264
v -4.000000 2.067565 0.850264
v -4.000000 1.663540 0.850264
v -0.016276 2.028109 1.214833
v -0.016276 1.702996 1.214833
v -0.016276 1.702996 0.889720
v -0.016276 2.028109 0.889720
v 1.997293 2.063428 0.854401
v 1.997293 1.667677 0.854401
v 1.997293 1.667677 1.250152
v 1.997293 2.063428 1.250152
v -2.029845 2.063428 1.250152
v -2.029845 1.667677 1.250152
v -2.029845 1.667677 0.854401
v -2.029845 2.063428 0.854401
v -3.284589 8.657825 2.242415
v 3.284591 8.657825 2.242415
v -3.284589 5.923038 -2.501727
v 3.284591 5.923038 -2.501727
v -3.284589 5.821307 -2.443083
v 3.284591 5.821307 -2.443083
v -3.284589 8.556094 2.301059
v 3.284591 8.556094 2.301059
v -3.180478 2.847819 -1.115194
v 3.180480 2.847819 -1.115194
v -3.180478 2.847819 -3.057170
v 3.180480 2.847819 -3.057170
v -3.180478 2.730395 -3.057171
v 3.180480 2.730395 -3.057171
v -3.180478 2.730395 -1.115194
v 3.180480 2.730395 -1.115194
v 3.194189 1.527846 -3.653004
v 3.828341 1.527846 -3.653004
v 3.194189 1.527846 1.856988
v 3.828341 1.527846 1.856988
v 3.194189 2.161998 1.856988
v 3.828341 2.161998 1.856988
v 3.194189 2.161997 -3.653004
v 3.828341 2.161997 -3.653004
v 3.256119 1.589776 -0.000000
v 3.766410 1.589776 -0.000000
v 3.766410 2.100067 -0.000000
v 3.256119 2.100067 -0.000000
v 3.200683 2.155504 1.493977
v 3.821847 2.155504 1.493977
v 3.821847 1.534339 1.493977
v 3.200683 1.534339 1.493977
v 3.200683 1.534339 -1.789094
v 3.821847 1.534339 -1.789094
v 3.821847 2.155504 -1.789094
v 3.200683 2.155504 -1.789094
v -3.194189 1.527846 -3.653004
v -3.828341 1.527846 -3.653004
v -3.194189 1.527846 1.856988
v -3.828341 1.527846 1.856988
v -3.194189 2.161998 1.856988
v -3.828341 2.161998 1.856988
v -3.194189 2.161997 -3.653004
v -3.828341 2.161997 -3.653004
v -3.256119 1.589776 -0.000000
v -3.766410 1.589776 -0.000000
v -3.766410 2.100067 -0.000000
v -3.256119 2.100067 -0.000000
v -3.200683 2.155504 1.493977
v -3.821847 2.155504 1.493977
v -3.821847 1.534339 1.493977
v -3.200683 1.534339 1.493977
v -3.200683 1.534339 -1.789094
v -3.821847 1.534339 -1.789094
v -3.821847 2.155504 -1.789094
v -3.200683 2.155504 -1.789094
v -4.000000 2.793550 -2.797987
v -4.000000 2.389525 -2.797987
v 4.000000 2.793550 -2.797987
v 4.000000 2.389525 -2.797987
v 4.000000 2.793550 -3.202013
v 4.000000 2.389525 -3.202013
v -4.000000 2.793550 -3.202013
v -4.000000 2.389525 -3.202013
v -0.016276 2.754094 -2.837444
v -0.016276 2.428981 -2.837444
v -0.016276 2.428981 -3.162556
v -0.016276 2.754094 -3.162556
v 1.997293 2.789413 -3.197875
v 1.997293 2.393662 -3.197875
v 1.997293 2.393662 -2.802125
v 1.997293 2.789413 -2.802125
v -2.029845 2.789413 -2.802125
v -2.029845 2.393662 -2.802125
v -2.029845 2.393662 -3.197875
v -2.029845 2.789413 -3.197875
v -4.000000 2.072231 -2.797987
v -4.000000 1.668206 -2.797987
v 4.000000 2.072231 -2.797987
v 4.000000 1.668206 -2.797987
v 4.000000 2.072231 -3.202013
v 4.000000 1.668206 -3.202013
v -4.000000 2.072231 -3.202013
v -4.000000 1.668206 -3.202013
v -0.016276 2.032775 -2.837444
v -0.016276 1.707662 -2.837444
v -0.016276 1.707662 -3.162556
v -0.016276 2.032775 -3.162556
v 1.997293 2.068094 -3.197875
v 1.997293 1.672343 -3.197875
v 1.997293 1.672343 -2.802125
v 1.997293 2.068094 -2.802125
v -2.029845 2.068094 -2.802125
v -2.029845 1.672343 -2.802125
v -2.029845 1.672343 -3.197875
v -2.029845 2.068094 -3.197875
v -4.000000 3.671546 -0.858236
v -4.000000 3.267521 -0.858236
v 4.000000 3.671546 -0.858236
v 4.000000 3.267521 -0.858236
v 4.000000 3.671546 -1.262261
v 4.000000 3.267521 -1.262261
v -4.000000 3.671546 -1.262261
v -4.000000 3.267521 -1.262261
v -0.016276 3.632090 -0.897692
v -0.016276 3.306977 -0.897692
v -0.016276 3.306977 -1.222805
v -0.016276 3.632090 -1.222805
v 1.997293 3.667409 -1.258124
v 1.997293 3.271658 -1.258124
v 1.997293 3.271658 -0.862373
v 1.997293 3.667409 -0.862373
v -2.029845 3.667409 -0.862373
v -2.029845 3.271658 -0.862373
v -2.029845 3.271658 -1.258124
v -2.029845 3.667409 -1.258124
v 3.194189 3.150039 -3.653004
v 3.828341 3.150039 -3.653004
v 3.194189 3.150040 -0.394353
v 3.828341 3.150040 -0.394353
v 3.194189 3.784191 -0.394353
v 3.828341 3.784191 -0.394353
v 3.194189 3.784191 -3.653004
v 3.828341 3.784191 -3.653004
v 3.256119 3.211969 -2.251341
v 3.766410 3.211969 -2.251341
v 3.766410 3.722261 -2.251341
v 3.256119 3.722261 -2.251341
v 3.200683 3.777698 -0.757363
v 3.821847 3.777698 -0.757363
v 3.821847 3.156533 -0.757363
v 3.200683 3.156533 -0.757363
v 3.200683 3.156533 -2.417169
v 3.821847 3.156533 -2.417169
v 3.821847 3.777697 -2.417169
v 3.200683 3.777697 -2.417169
v -3.194189 3.150039 -3.653004
v -3.828341 3.150039 -3.653004
v -3.194189 3.150040 -0.394353
v -3.828341 3.150040 -0.394353
v -3.194189 3.784191 -0.394353
v -3.828341 3.784191 -0.394353
v -3.194189 3.784191 -3.653004
v -3.828341 3.784191 -3.653004
v -3.256119 3.211969 -2.251341
v -3.766410 3.211969 -2.251341
v -3.766410 3.722261 -2.251341
v -3.256119 3.722261 -2.251341
v -3.200683 3.777698 -0.757363
v -3.821847 3.777698 -0.757363
v -3.821847 3.156533 -0.757363
v -3.200683 3.156533 -0.757363
v -3.200683 3.156533 -2.417169
v -3.821847 3.156533 -2.417169
v -3.821847 3.777697 -2.417169
v -3.200683 3.777697 -2.417169
v -4.000000 4.490625 -2.797987
v -4.000000 4.086600 -2.797987
v 4.000000 4.490625 -2.797987
v 4.000000 4.086600 -2.797987
v 4.000000 4.490625 -3.202013
v 4.000000 4.086599 -3.202013
v -4.000000 4.490625 -3.202013
v -4.000000 4.086599 -3.202013
v -0.016276 4.451169 -2.837444
v -0.016276 4.126056 -2.837444
v -0.016276 4.126056 -3.162556
v -0.016276 4.451169 -3.162556
v 1.997293 4.486487 -3.197875
v 1.997293 4.090737 -3.197875
v 1.997293 4.090737 -2.802125
v 1.997293 4.486488 -2.802125
v -2.029845 4.486488 -2.802125
v -2.029845 4.090737 -2.802125
v -2.029845 4.090737 -3.197875
v -2.029845 4.486487 -3.197875
v -4.000000 3.658669 -2.797987
v -4.000000 3.254643 -2.797987
v 4.000000 3.658669 -2.797987
v 4.000000 3.254643 -2.797987
v 4.000000 3.658669 -3.202013
v 4.000000 3.254643 -3.202013
v -4.000000 3.658669 -3.202013
v -4.000000 3.254643 -3.202013
v -0.016276 3.619213 -2.837444
v -0.016276 3.294100 -2.837444
v -0.016276 3.294100 -3.162556
v -0.016276 3.619213 -3.162556
v 1.997293 3.654531 -3.197875
v 1.997293 3.258781 -3.197875
v 1.997293 3.258781 -2.802125
v 1.997293 3.654531 -2.802125
v -2.029845 3.654531 -2.802125
v -2.029845 3.258781 -2.802125
v -2.029845 3.258781 -3.197875
v -2.029845 3.654531 -3.197875
vn -0.0000 -1.0000 -0.0000
vn -0.0000 -0.9999 -0.0160
vn -0.0000 -0.0000 1.0000
vn -0.0000 0.9999 -0.0161
vn -0.0000 1.0000 -0.0000
vn -0.0000 -0.0000 -1.0000
vn 1.0000 -0.0000 -0.0000
vn 0.9999 -0.0000 -0.0161
vn -1.0000 -0.0000 -0.0000
vn -0.9999 -0.0000 -0.0161
vn -0.0000 -0.9999 0.0161
vn 0.9999 -0.0000 0.0161
vn -0.0000 0.9999 0.0161
vn -0.9999 -0.0000 0.0161
vn -0.0000 1.0000 -0.0035
vn 1.0000 -0.0000 -0.0035
vn -0.0000 -0.9999 -0.0161
vn -0.0000 -1.0000 -0.0035
vn -1.0000 -0.0000 -0.0035
vn -0.0000 -1.0000 0.0035
vn 1.0000 -0.0000 0.0035
vn -0.0000 1.0000 0.0035
vn -1.0000 -0.0000 0.0035
vn -1.0000 -0.0047 -0.0079
vn -0.0000 0.5000 0.8661
vn 1.0000 -0.0049 -0.0079
vn 1.0000 -0.0047 -0.0079
vn -0.0000 -0.5000 -0.8660
vn -0.0000 -0.8660 0.5000
vn -0.0000 -0.8706 0.4921
vn -0.0000 0.8660 -0.5000
vn -0.0000 0.8614 -0.5079
vn -1.0000 0.0046 0.0080
vn -0.0000 -0.8614 0.5079
vn -0.0000 -0.8613 0.5080
vn 1.0000 0.0046 0.0080
vn -0.0000 0.8705 -0.4921
vn 1.0000 -0.0008 -0.0017
vn 1.0000 -0.0005 -0.0017
vn 0.0001 -0.8670 0.4983
vn -1.0000 -0.0008 -0.0017
vn -1.0000 -0.0005 -0.0017
vn -0.0000 0.8650 -0.5017
vn -1.0000 0.0010 0.0018
vn -0.0000 -0.8650 0.5018
vn 1.0000 0.0011 0.0018
vn -0.0000 0.8671 -0.4982
vn -0.0092 -0.0000 1.0000
vn -0.0092 -0.0000 -1.0000
vn -0.0092 -1.0000 -0.0000
vn -0.0092 1.0000 -0.0000
vn 0.0092 -0.0000 1.0000
vn 0.0092 -1.0000 -0.0000
vn 0.0092 -0.0000 -1.0000
vn 0.0092 1.0000 -0.0000
vn -0.0021 -0.0000 -1.0000
vn -0.0021 -1.0000 -0.0000
vn -0.0021 -0.0000 1.0000
vn -0.0021 1.0000 -0.0000
vn 0.0021 -0.0000 1.0000
vn 0.0021 -1.0000 -0.0000
vn 0.0021 -0.0000 -1.0000
vn 0.0021 1.0000 -0.0000
vn -0.0000 -0.0207 0.9998
vn -0.0000 -0.0207 -0.9998
vn -0.9998 -0.0182 -0.0000
vn 0.9998 -0.0182 -0.0000
vn -0.0000 0.0207 0.9998
vn -0.9998 0.0183 -0.0000
vn -0.0000 0.0207 -0.9998
vn 0.9998 0.0182 -0.0000
vn -0.0000 -0.0045 -1.0000
vn -1.0000 -0.0040 -0.0000
vn -0.0000 -0.0045 1.0000
vn 1.0000 -0.0040 -0.0000
vn -0.0000 0.0045 1.0000
vn -1.0000 0.0040 -0.0000
vn -0.0000 0.0045 -1.0000
vn 1.0000 0.0040 -0.0000
vn 0.9998 -0.0183 -0.0000
vn 0.9998 0.0183 -0.0000
vn -0.9998 0.0182 -0.0000
vn -0.0000 -0.0862 0.9963
vn -0.0092 -0.0862 0.9962
vn -0.0094 0.0862 -0.9962
vn -0.0000 0.0862 -0.9963
vn -0.0000 -0.9963 -0.0862
vn -0.0094 -0.9962 -0.0862
vn -0.0000 0.9963 0.0862
vn -0.0092 0.9962 0.0862
vn 0.0093 -0.0862 0.9962
vn 0.0094 -0.9962 -0.0862
vn 0.0092 -0.9962 -0.0862
vn 0.0092 0.0862 -0.9962
vn 0.0093 0.9962 0.0862
vn -0.0021 0.0862 -0.9963
vn -0.0092 -0.9962 -0.0862
vn -0.0021 -0.9963 -0.0862
vn -0.0021 -0.0862 0.9963
vn -0.0021 0.9963 0.0862
vn 0.0018 -0.0862 0.9963
vn 0.0018 -0.9963 -0.0862
vn 0.0021 0.0862 -0.9963
vn 0.0018 0.9963 0.0862
vn -0.0000 -0.0696 0.9976
vn -0.0094 -0.0696 0.9975
vn -0.0094 0.0696 -0.9975
vn -0.0000 0.0696 -0.9976
vn -0.0000 -0.9976 -0.0696
vn -0.0093 -0.9975 -0.0696
vn -0.0000 0.9976 0.0696
vn -0.0092 0.9975 0.0696
vn 0.0093 -0.0696 0.9975
vn 0.0092 -0.9975 -0.0696
vn 0.0094 -0.9975 -0.0696
vn 0.0093 0.0696 -0.9975
vn 0.0092 0.9975 0.0696
vn -0.0021 0.0696 -0.9976
vn -0.0021 -0.9976 -0.0696
vn -0.0021 -0.0696 0.9976
vn -0.0091 0.9975 0.0696
vn -0.0021 0.9976 0.0696
vn 0.0018 -0.0696 0.9976
vn 0.0018 -0.9976 -0.0696
vn 0.0021 0.0696 -0.9976
vn 0.0021 0.9976 0.0696
vn -0.0000 -0.0852 0.9964
vn -0.0092 -0.0852 0.9963
vn -0.0092 0.0852 -0.9963
vn -0.0000 0.0852 -0.9964
vn -0.0093 0.0852 -0.9963
vn -0.0000 -0.9964 -0.0852
vn -0.0091 -0.9963 -0.0852
vn -0.0000 0.9964 0.0852
vn -0.0091 0.9963 0.0852
vn 0.0092 -0.0852 0.9963
vn 0.0092 -0.9963 -0.0852
vn 0.0092 0.0852 -0.9963
vn 0.0092 0.9963 0.0852
vn 0.0091 0.9963 0.0852
vn -0.0021 0.0852 -0.9964
vn -0.0092 -0.9963 -0.0852
vn -0.0021 -0.9964 -0.0852
vn -0.0021 -0.0852 0.9964
vn -0.0021 0.9964 0.0852
vn 0.0018 -0.0852 0.9964
vn 0.0021 -0.9964 -0.0852
vn 0.0021 0.0852 -0.9964
vn 0.0021 0.9964 0.0852
vn -0.0000 0.8705 -0.4922
vn -1.0000 0.0011 0.0018
vn -0.0000 -1.0000 -0.0001
vn -0.0000 1.0000 -0.0001
vn 1.0000 -0.0000 0.0018
vn 1.0000 -0.0000 -0.0018
vn -1.0000 -0.0000 0.0018
vn -1.0000 -0.0000 -0.0018
vn -0.0007 -0.9999 0.0171
vn 0.9999 -0.0000 0.0171
vn 0.9999 -0.0007 0.0156
vn -0.0000 0.9999 0.0171
vn -0.9999 -0.0000 0.0171
vn -0.9999 0.0007 0.0156
vn -0.0000 -0.9999 0.0156
vn 1.0000 -0.0000 0.0036
vn 0.0007 0.9999 0.0156
vn -1.0000 -0.0000 0.0036
vn -0.0000 1.0000 0.0018
vn -0.0000 0.9999 -0.0160
vn -0.0000 -0.9999 0.0165
vn -0.0007 -0.9999 0.0161
vn -0.9999 0.0007 0.0171
vn -0.9999 -0.0000 0.0156
vn 0.0007 0.9999 0.0171
vn -0.0000 1.0000 -0.0018
vn 0.9999 -0.0007 0.0171
vn 0.9999 -0.0000 0.0156
vn -0.0000 0.9999 0.0156
vn -0.0000 0.4704 0.8825
vn -0.0092 0.4703 0.8824
vn -0.0091 -0.4703 -0.8824
vn -0.0000 -0.4704 -0.8825
vn -0.0000 -0.8825 0.4704
vn -0.0092 -0.8824 0.4703
vn -0.0000 0.8825 -0.4704
vn -0.0092 0.8824 -0.4703
vn 0.0093 0.4703 0.8824
vn 0.0091 -0.8824 0.4703
vn 0.0092 -0.8824 0.4704
vn 0.0091 -0.4703 -0.8824
vn 0.0091 0.8824 -0.4703
vn 0.0091 0.8824 -0.4704
vn -0.0020 -0.4704 -0.8825
vn -0.0092 -0.8825 0.4703
vn -0.0020 -0.8825 0.4704
vn -0.0022 0.4704 0.8825
vn -0.0020 0.8825 -0.4704
vn 0.0023 0.4704 0.8825
vn 0.0020 -0.8825 0.4704
vn 0.0023 -0.4704 -0.8825
vn 0.0020 0.8825 -0.4704
vn 0.0018 -0.0000 1.0000
vn 0.0018 -0.0000 -1.0000
vn -0.0000 0.8664 -0.4994
vn -0.0000 -0.8664 0.4994
vn -1.0000 -0.0049 -0.0079
vn -0.0000 -0.8670 0.4983
vn -0.0092 0.8825 -0.4703
vn 0.0092 -0.4703 -0.8824
vt 0.153129 0.467824
vt 0.067211 0.427931
vt 0.152803 0.437464
vt 0.006008 0.501147
vt 0.044527 0.537095
vt 0.007228 0.538377
vt 0.065835 0.535767
vt 0.153654 0.498631
vt 0.154336 0.529428
vt 0.406684 0.533708
vt 0.368950 0.570700
vt 0.369254 0.533322
vt 0.065085 0.463973
vt 0.155052 0.559755
vt 0.258903 0.461123
vt 0.257048 0.424761
vt 0.259698 0.497144
vt 0.259632 0.533114
vt 0.258616 0.569309
vt 0.043300 0.499996
vt 0.064682 0.499813
vt 0.043733 0.463152
vt 0.045901 0.426160
vt 0.068815 0.572033
vt 0.368305 0.458422
vt 0.367169 0.421132
vt 0.369053 0.495861
vt 0.064929 0.463948
vt 0.153502 0.437664
vt 0.153568 0.467998
vt 0.043299 0.500136
vt 0.007478 0.538768
vt 0.005991 0.501566
vt 0.153680 0.498801
vt 0.066045 0.535750
vt 0.064700 0.499871
vt 0.406481 0.570983
vt 0.369301 0.533456
vt 0.406704 0.533681
vt 0.069100 0.571730
vt 0.153951 0.529614
vt 0.154407 0.559974
vt 0.256785 0.425443
vt 0.258733 0.461600
vt 0.259862 0.533587
vt 0.258945 0.569984
vt 0.259727 0.497558
vt 0.044738 0.537175
vt 0.047846 0.574062
vt 0.043596 0.463210
vt 0.066975 0.427622
vt 0.367041 0.421166
vt 0.368307 0.458585
vt 0.369133 0.570773
vt 0.369075 0.496055
vt 0.211196 0.750035
vt 0.092882 0.725605
vt 0.210764 0.730857
vt 0.025358 0.821265
vt 0.048062 0.796496
vt 0.049112 0.820256
vt 0.092935 0.771867
vt 0.212101 0.788579
vt 0.093504 0.794968
vt 0.470197 0.787882
vt 0.446722 0.811963
vt 0.446437 0.788165
vt 0.211651 0.769308
vt 0.092739 0.748791
vt 0.212532 0.807753
vt 0.328573 0.720378
vt 0.330355 0.766755
vt 0.329686 0.743600
vt 0.330616 0.789903
vt 0.330464 0.813103
vt 0.051769 0.772900
vt 0.051434 0.748934
vt 0.047047 0.725563
vt 0.094790 0.818170
vt 0.445423 0.740535
vt 0.444715 0.716779
vt 0.446009 0.764341
vt 0.160110 0.907115
vt 0.265717 0.874639
vt 0.266045 0.905396
vt 0.051720 0.946522
vt 0.013487 0.910061
vt 0.050809 0.909138
vt 0.161271 0.943093
vt 0.266774 0.966479
vt 0.163416 0.979254
vt 0.481291 0.901746
vt 0.518955 0.938765
vt 0.481650 0.939119
vt 0.159848 0.871067
vt 0.265316 0.844314
vt 0.266373 0.936154
vt 0.371980 0.903678
vt 0.370819 0.867699
vt 0.368673 0.831537
vt 0.372243 0.939727
vt 0.053145 0.983947
vt 0.050437 0.871638
vt 0.160652 0.834670
vt 0.480363 0.864229
vt 0.478931 0.826813
vt 0.371440 0.976123
vt 0.264593 0.844331
vt 0.370940 0.867359
vt 0.265259 0.874652
vt 0.518968 0.938523
vt 0.481259 0.901537
vt 0.518563 0.901172
vt 0.371946 0.903394
vt 0.266767 0.936153
vt 0.266013 0.905403
vt 0.051711 0.946707
vt 0.013484 0.910242
vt 0.050771 0.909304
vt 0.371180 0.975603
vt 0.267434 0.966473
vt 0.159976 0.871416
vt 0.161085 0.943446
vt 0.163169 0.979792
vt 0.160081 0.907413
vt 0.481656 0.938975
vt 0.372052 0.939388
vt 0.481542 0.976422
vt 0.368856 0.831013
vt 0.480305 0.864091
vt 0.050492 0.834367
vt 0.050378 0.871813
vt 0.053061 0.983991
vt 0.968063 0.043002
vt 0.487166 0.097366
vt 0.486631 0.048246
vt 0.487168 0.097379
vt 0.968061 0.042989
vt 0.968599 0.092108
vt 0.975490 0.042921
vt 0.968598 0.092121
vt 0.479739 0.097446
vt 0.479204 0.048327
vt 0.262110 0.659160
vt 0.379842 0.686543
vt 0.262078 0.678343
vt 0.498293 0.664408
vt 0.522200 0.640779
vt 0.522060 0.664543
vt 0.380851 0.640205
vt 0.262136 0.620609
vt 0.380744 0.617041
vt 0.027718 0.639186
vt 0.003962 0.662998
vt 0.003957 0.639199
vt 0.262123 0.639884
vt 0.380553 0.663353
vt 0.262169 0.601425
vt 0.143502 0.662726
vt 0.144053 0.685967
vt 0.143394 0.639563
vt 0.143693 0.616416
vt 0.144407 0.593227
vt 0.498440 0.640613
vt 0.498433 0.616786
vt 0.498003 0.688230
vt 0.380197 0.593800
vt 0.027729 0.662981
vt 0.027861 0.686756
vt 0.027868 0.615351
vt 0.028158 0.591553
vt 0.262133 0.620615
vt 0.380851 0.640198
vt 0.262122 0.639890
vt 0.522202 0.640736
vt 0.498297 0.664395
vt 0.498440 0.640583
vt 0.379847 0.686535
vt 0.262111 0.659166
vt 0.380555 0.663345
vt 0.003960 0.663007
vt 0.027717 0.639214
vt 0.027727 0.663018
vt 0.380191 0.593793
vt 0.380741 0.617034
vt 0.143689 0.616436
vt 0.143392 0.639583
vt 0.144400 0.593246
vt 0.262081 0.678349
vt 0.143503 0.662746
vt 0.498010 0.688202
vt 0.498431 0.616769
vt 0.027862 0.615388
vt 0.028153 0.591581
vt 0.144056 0.685987
vt 0.262164 0.601428
vt 0.380743 0.617013
vt 0.262136 0.620611
vt 0.522081 0.664479
vt 0.498444 0.640551
vt 0.522246 0.640713
vt 0.380564 0.663324
vt 0.262128 0.639887
vt 0.380856 0.640177
vt 0.027740 0.663038
vt 0.003911 0.639289
vt 0.027725 0.639250
vt 0.262120 0.659162
vt 0.379859 0.686514
vt 0.262093 0.678345
vt 0.144400 0.593261
vt 0.143692 0.616450
vt 0.143514 0.662759
vt 0.144070 0.686000
vt 0.143399 0.639596
vt 0.498304 0.664344
vt 0.498020 0.688167
vt 0.380190 0.593772
vt 0.498433 0.616732
vt 0.028153 0.591616
vt 0.027865 0.615424
vt 0.027879 0.686816
vt 0.152364 0.270504
vt 0.246013 0.245883
vt 0.245787 0.276322
vt 0.018430 0.349574
vt 0.056773 0.391059
vt 0.019476 0.391892
vt 0.151823 0.311242
vt 0.245067 0.342620
vt 0.152275 0.347056
vt 0.471078 0.393020
vt 0.434872 0.349644
vt 0.472274 0.350704
vt 0.154070 0.387997
vt 0.244772 0.377208
vt 0.245373 0.311553
vt 0.338405 0.271343
vt 0.336797 0.235232
vt 0.338513 0.347866
vt 0.336629 0.389079
vt 0.338993 0.311997
vt 0.055456 0.311105
vt 0.055730 0.348632
vt 0.056001 0.268607
vt 0.154078 0.234178
vt 0.434081 0.232242
vt 0.435019 0.269687
vt 0.433749 0.391975
vt 0.435312 0.312239
vt 0.245899 0.376868
vt 0.152253 0.352070
vt 0.245726 0.346415
vt 0.056738 0.391110
vt 0.013506 0.354754
vt 0.055845 0.353799
vt 0.151783 0.311314
vt 0.245123 0.280086
vt 0.245375 0.311168
vt 0.476314 0.393128
vt 0.435035 0.353421
vt 0.477332 0.355788
vt 0.154167 0.234530
vt 0.244889 0.245482
vt 0.338377 0.351563
vt 0.336808 0.233763
vt 0.339037 0.310890
vt 0.055713 0.273775
vt 0.055374 0.311281
vt 0.152299 0.275485
vt 0.056835 0.231257
vt 0.153904 0.388415
vt 0.434027 0.390840
vt 0.435004 0.274442
vt 0.433989 0.232103
vt 0.338618 0.275000
vt 0.435403 0.310836
vt 0.159828 0.871119
vt 0.265288 0.844321
vt 0.265702 0.874646
vt 0.050795 0.909203
vt 0.014427 0.947507
vt 0.013502 0.910165
vt 0.160105 0.907167
vt 0.266384 0.936162
vt 0.161281 0.943143
vt 0.518584 0.901252
vt 0.481679 0.939054
vt 0.481288 0.901642
vt 0.266797 0.966487
vt 0.266043 0.905404
vt 0.370803 0.867665
vt 0.368642 0.831503
vt 0.372258 0.939689
vt 0.371469 0.976086
vt 0.371980 0.903643
vt 0.051731 0.946631
vt 0.053179 0.984050
vt 0.163442 0.979304
vt 0.050416 0.871746
vt 0.160617 0.834722
vt 0.478899 0.826743
vt 0.480346 0.864161
vt 0.481657 0.976363
vt 0.264615 0.844331
vt 0.370964 0.867350
vt 0.265284 0.874652
vt 0.518999 0.938501
vt 0.481287 0.901519
vt 0.518591 0.901150
vt 0.371974 0.903385
vt 0.266798 0.936153
vt 0.266041 0.905402
vt 0.051742 0.946724
vt 0.013512 0.910262
vt 0.050799 0.909321
vt 0.371213 0.975594
vt 0.267466 0.966473
vt 0.160000 0.871424
vt 0.161116 0.943455
vt 0.163203 0.979800
vt 0.160108 0.907421
vt 0.481687 0.938957
vt 0.372082 0.939379
vt 0.481575 0.976404
vt 0.368877 0.831004
vt 0.480330 0.864073
vt 0.050513 0.834385
vt 0.050402 0.871831
vt 0.053095 0.984008
vt 0.262135 0.620615
vt 0.380851 0.640210
vt 0.522202 0.640763
vt 0.498295 0.664420
vt 0.498440 0.640607
vt 0.379842 0.686548
vt 0.262109 0.659166
vt 0.380553 0.663358
vt 0.003958 0.662980
vt 0.027717 0.639190
vt 0.027724 0.662993
vt 0.262168 0.601431
vt 0.380743 0.617046
vt 0.143392 0.639570
vt 0.144405 0.593234
vt 0.143691 0.616423
vt 0.262077 0.678349
vt 0.143501 0.662733
vt 0.380196 0.593805
vt 0.498433 0.616794
vt 0.027865 0.615364
vt 0.028158 0.591556
vt 0.144051 0.685974
vt 0.262118 0.639892
vt 0.380548 0.663360
vt 0.262105 0.659167
vt 0.498434 0.640623
vt 0.522087 0.664543
vt 0.498288 0.664416
vt 0.380738 0.617049
vt 0.262164 0.601433
vt 0.380191 0.593808
vt 0.003948 0.639229
vt 0.027724 0.662986
vt 0.003960 0.662996
vt 0.262131 0.620617
vt 0.380846 0.640213
vt 0.379837 0.686550
vt 0.262073 0.678351
vt 0.143389 0.639571
vt 0.143498 0.662734
vt 0.143688 0.616424
vt 0.144402 0.593235
vt 0.144048 0.685976
vt 0.498427 0.616794
vt 0.498299 0.593029
vt 0.498000 0.688229
vt 0.027713 0.639200
vt 0.027863 0.615361
vt 0.028156 0.591554
vt 0.027854 0.686764
vt 0.262131 0.620613
vt 0.380851 0.640186
vt 0.262122 0.639888
vt 0.522202 0.640712
vt 0.498299 0.664373
vt 0.498440 0.640560
vt 0.379851 0.686523
vt 0.262113 0.659164
vt 0.380557 0.663333
vt 0.027729 0.663036
vt 0.003955 0.639251
vt 0.027717 0.639233
vt 0.262160 0.601429
vt 0.380739 0.617022
vt 0.143687 0.616444
vt 0.143392 0.639591
vt 0.144396 0.593255
vt 0.144060 0.685995
vt 0.143505 0.662754
vt 0.380187 0.593780
vt 0.498429 0.616747
vt 0.028149 0.591599
vt 0.027860 0.615407
vt 0.262111 0.659160
vt 0.379844 0.686537
vt 0.262079 0.678343
vt 0.522060 0.664531
vt 0.498440 0.640603
vt 0.522200 0.640767
vt 0.380851 0.640200
vt 0.262135 0.620609
vt 0.380742 0.617036
vt 0.027718 0.639197
vt 0.003962 0.663009
vt 0.003957 0.639209
vt 0.380554 0.663347
vt 0.380194 0.593794
vt 0.143503 0.662732
vt 0.144055 0.685973
vt 0.143393 0.639568
vt 0.143692 0.616422
vt 0.144404 0.593233
vt 0.498431 0.616775
vt 0.498294 0.664397
vt 0.498005 0.688219
vt 0.027863 0.686766
vt 0.027729 0.662992
vt 0.027866 0.615362
vt 0.028156 0.591564
vt 0.284669 0.729485
vt 0.403636 0.742622
vt 0.285042 0.748653
vt 0.445501 0.812331
vt 0.469282 0.788527
vt 0.469275 0.812310
vt 0.404264 0.788892
vt 0.285427 0.767911
vt 0.404283 0.765772
vt 0.051549 0.795854
vt 0.028410 0.820222
vt 0.027796 0.796465
vt 0.285805 0.787178
vt 0.403881 0.812065
vt 0.286161 0.806357
vt 0.166531 0.746897
vt 0.167296 0.793200
vt 0.168325 0.816426
vt 0.166709 0.770045
vt 0.445527 0.788511
vt 0.449719 0.765028
vt 0.443764 0.717997
vt 0.449093 0.741215
vt 0.050508 0.724414
vt 0.050706 0.748222
vt 0.052170 0.819612
vt 0.051049 0.772046
vt 0.520099 0.196879
vt 0.924955 0.038360
vt 0.926642 0.192428
vt 0.523560 0.198289
vt 0.926663 0.035365
vt 0.930030 0.189407
vt 0.520194 0.044249
vt 0.516134 0.198452
vt 0.512768 0.044411
vt 0.934089 0.035203
vt 0.926641 0.192428
vt 0.155573 0.057585
vt 0.243557 0.082954
vt 0.154201 0.088445
vt 0.302053 0.080110
vt 0.266052 0.118043
vt 0.264937 0.081332
vt 0.244555 0.118425
vt 0.156662 0.153707
vt 0.154894 0.121036
vt 0.074292 0.161929
vt 0.041068 0.203448
vt 0.036713 0.166332
vt 0.244782 0.189594
vt 0.160449 0.185093
vt 0.143870 0.087307
vt 0.146192 0.155200
vt 0.151156 0.190758
vt 0.144355 0.121190
vt 0.266448 0.154247
vt 0.245024 0.153950
vt 0.266115 0.190572
vt 0.241338 0.046552
vt 0.071038 0.086081
vt 0.146466 0.052573
vt 0.078386 0.199138
vt 0.071657 0.124201
vt 0.244531 0.087214
vt 0.155294 0.122392
vt 0.156199 0.089694
vt 0.303356 0.085371
vt 0.266475 0.122837
vt 0.265953 0.086193
vt 0.157664 0.185786
vt 0.244935 0.158003
vt 0.243680 0.194499
vt 0.037735 0.200048
vt 0.072366 0.159674
vt 0.075016 0.197428
vt 0.244988 0.122519
vt 0.155468 0.154981
vt 0.243340 0.051600
vt 0.159149 0.058221
vt 0.145695 0.088470
vt 0.144752 0.122529
vt 0.145169 0.156406
vt 0.148696 0.191032
vt 0.149711 0.052793
vt 0.266355 0.158632
vt 0.265039 0.195851
vt 0.264643 0.050100
vt 0.071962 0.121566
vt 0.073675 0.083547
vt 0.076773 0.046304
vt 0.527274 0.198209
vt 0.930376 0.035283
vt 0.933743 0.189324
vt 0.930378 0.035287
vt 0.527272 0.198206
vt 0.523907 0.044165
vt 0.519847 0.198372
vt 0.523906 0.044169
vt 0.519846 0.198368
vt 0.262135 0.660359
vt 0.381052 0.641434
vt 0.380638 0.664623
vt 0.500051 0.640620
vt 0.523455 0.669814
vt 0.499572 0.669418
vt 0.379887 0.594979
vt 0.262175 0.621878
vt 0.262211 0.602711
vt 0.002573 0.668199
vt 0.026176 0.639172
vt 0.026459 0.667969
vt 0.262155 0.641118
vt 0.379558 0.687819
vt 0.262100 0.679526
vt 0.143256 0.640804
vt 0.143499 0.664011
vt 0.143671 0.617614
vt 0.144758 0.594419
vt 0.144431 0.687259
vt 0.499819 0.616729
vt 0.498794 0.587956
vt 0.380811 0.618227
vt 0.498549 0.693290
vt 0.026578 0.615282
vt 0.027828 0.586507
vt 0.027324 0.691838
vt 0.517893 0.387416
vt 0.929612 0.036505
vt 0.933404 0.382867
vt 0.262112 0.659160
vt 0.379845 0.686538
vt 0.262080 0.678343
vt 0.498295 0.664399
vt 0.522201 0.640769
vt 0.522062 0.664534
vt 0.380852 0.640201
vt 0.262137 0.620609
vt 0.380744 0.617037
vt 0.027718 0.639195
vt 0.003966 0.663012
vt 0.003956 0.639212
vt 0.262124 0.639884
vt 0.380555 0.663348
vt 0.143504 0.662731
vt 0.144056 0.685972
vt 0.143395 0.639567
vt 0.143693 0.616421
vt 0.144406 0.593232
vt 0.498441 0.640605
vt 0.498433 0.616777
vt 0.498006 0.688221
vt 0.380196 0.593795
vt 0.027732 0.662989
vt 0.027864 0.686764
vt 0.027868 0.615360
vt 0.028158 0.591562
vt 0.944968 0.945690
vt 0.557152 0.480624
vt 0.944882 0.480552
vt 0.557238 0.945761
vt 0.522404 0.183314
vt 0.923400 0.056076
vt 0.924745 0.178909
vt 0.258399 0.465581
vt 0.348069 0.495122
vt 0.259098 0.496374
vt 0.404099 0.571118
vt 0.369044 0.531739
vt 0.406304 0.533914
vt 0.347685 0.530962
vt 0.259981 0.557539
vt 0.259639 0.527178
vt 0.007172 0.537446
vt 0.043706 0.499310
vt 0.044473 0.536674
vt 0.257668 0.435256
vt 0.346895 0.459220
vt 0.153056 0.497917
vt 0.154101 0.425750
vt 0.153104 0.461946
vt 0.153870 0.533939
vt 0.366863 0.568858
vt 0.343895 0.422960
vt 0.368200 0.457927
vt 0.369454 0.494879
vt 0.043489 0.461802
vt 0.043770 0.424365
vt 0.155743 0.570300
vt 0.346685 0.459279
vt 0.259048 0.496210
vt 0.258771 0.465403
vt 0.367094 0.568944
vt 0.406380 0.533732
vt 0.404359 0.570975
vt 0.345765 0.567355
vt 0.259166 0.527010
vt 0.347798 0.531016
vt 0.006324 0.499864
vt 0.044431 0.536453
vt 0.007035 0.537181
vt 0.348019 0.495094
vt 0.343622 0.423305
vt 0.258308 0.435045
vt 0.152861 0.461450
vt 0.153003 0.497480
vt 0.154005 0.533437
vt 0.155961 0.569592
vt 0.259240 0.557343
vt 0.153770 0.425053
vt 0.369126 0.531732
vt 0.369402 0.494766
vt 0.368007 0.457909
vt 0.364879 0.420981
vt 0.043657 0.499071
vt 0.043428 0.461586
vt 0.045695 0.573876
vt 0.043594 0.424280
vt 0.522202 0.640737
vt 0.498297 0.664396
vt 0.262164 0.601431
vt 0.143503 0.662745
vt 0.498010 0.688203
vt 0.498431 0.616770
vt 0.027863 0.615388
vt 0.028153 0.591580
vt 0.262107 0.659159
vt 0.379838 0.686547
vt 0.262074 0.678343
vt 0.498290 0.664416
vt 0.522197 0.640787
vt 0.522057 0.664552
vt 0.380849 0.640209
vt 0.380742 0.617045
vt 0.027719 0.639178
vt 0.003954 0.662979
vt 0.003960 0.639180
vt 0.262121 0.639884
vt 0.380550 0.663357
vt 0.262168 0.601425
vt 0.143499 0.662722
vt 0.144049 0.685963
vt 0.143391 0.639559
vt 0.143691 0.616412
vt 0.144406 0.593223
vt 0.498437 0.640622
vt 0.498431 0.616794
vt 0.497999 0.688238
vt 0.380196 0.593804
vt 0.027723 0.662973
vt 0.027857 0.686747
vt 0.027866 0.615343
vt 0.028158 0.591545
vt 0.262167 0.601428
vt 0.380746 0.617013
vt 0.262139 0.620611
vt 0.522083 0.664479
vt 0.498448 0.640551
vt 0.522250 0.640713
vt 0.380567 0.663324
vt 0.262132 0.639887
vt 0.380859 0.640177
vt 0.027746 0.663038
vt 0.003907 0.639303
vt 0.027724 0.639250
vt 0.262124 0.659162
vt 0.379863 0.686514
vt 0.262096 0.678345
vt 0.144403 0.593261
vt 0.143695 0.616450
vt 0.144073 0.686001
vt 0.143402 0.639597
vt 0.498307 0.664344
vt 0.498023 0.688167
vt 0.380193 0.593772
vt 0.498436 0.616732
vt 0.028156 0.591617
vt 0.027868 0.615424
vt 0.027882 0.686816
vt 0.143517 0.662760
vt 0.154292 0.089164
vt 0.244263 0.120326
vt 0.154584 0.121757
vt 0.265105 0.083607
vt 0.303179 0.119809
vt 0.265742 0.120315
vt 0.244309 0.155642
vt 0.159350 0.185878
vt 0.155954 0.154444
vt 0.077143 0.198989
vt 0.036306 0.165321
vt 0.073541 0.161775
vt 0.156048 0.058325
vt 0.243704 0.084852
vt 0.144042 0.121773
vt 0.147002 0.053193
vt 0.143975 0.087889
vt 0.145470 0.155819
vt 0.264881 0.192816
vt 0.265762 0.155897
vt 0.241939 0.048424
vt 0.071286 0.123796
vt 0.073192 0.047672
vt 0.071152 0.085709
vt 0.149991 0.191440
vt 0.245224 0.159539
vt 0.157996 0.187332
vt 0.155767 0.156536
vt 0.266734 0.124205
vt 0.303506 0.086675
vt 0.304169 0.123798
vt 0.155558 0.123943
vt 0.244724 0.088541
vt 0.245239 0.124060
vt 0.072686 0.161303
vt 0.038104 0.201706
vt 0.035340 0.164252
vt 0.243495 0.052924
vt 0.156425 0.091227
vt 0.159341 0.059751
vt 0.145471 0.157967
vt 0.149034 0.192585
vt 0.145923 0.090019
vt 0.149900 0.054339
vt 0.145017 0.124089
vt 0.266127 0.087651
vt 0.264787 0.051355
vt 0.266636 0.160208
vt 0.244016 0.195981
vt 0.075374 0.199048
vt 0.073914 0.085180
vt 0.076973 0.047938
vt 0.072241 0.123199
vt 0.262114 0.659161
vt 0.379850 0.686527
vt 0.262084 0.678344
vt 0.498297 0.664374
vt 0.522201 0.640742
vt 0.522064 0.664507
vt 0.380852 0.640189
vt 0.262135 0.620610
vt 0.380741 0.617025
vt 0.027718 0.639222
vt 0.003969 0.663041
vt 0.003956 0.639242
vt 0.262124 0.639885
vt 0.380557 0.663337
vt 0.262165 0.601427
vt 0.143507 0.662745
vt 0.144061 0.685986
vt 0.143395 0.639582
vt 0.143690 0.616435
vt 0.144401 0.593246
vt 0.498441 0.640580
vt 0.498430 0.616752
vt 0.498011 0.688197
vt 0.380191 0.593784
vt 0.027734 0.663016
vt 0.027869 0.686791
vt 0.027865 0.615386
vt 0.028152 0.591589
vt 0.262109 0.659160
vt 0.379844 0.686529
vt 0.498292 0.664381
vt 0.522197 0.640749
vt 0.522059 0.664514
vt 0.380848 0.640192
vt 0.262131 0.620609
vt 0.380738 0.617028
vt 0.027718 0.639213
vt 0.003955 0.663015
vt 0.003960 0.639215
vt 0.262120 0.639884
vt 0.380552 0.663339
vt 0.262161 0.601426
vt 0.143502 0.662740
vt 0.144055 0.685981
vt 0.143390 0.639577
vt 0.143687 0.616430
vt 0.144398 0.593241
vt 0.498437 0.640586
vt 0.498427 0.616759
vt 0.498005 0.688203
vt 0.380188 0.593787
vt 0.027725 0.663008
vt 0.027863 0.686782
vt 0.027862 0.615378
vt 0.028150 0.591580
vt 0.406300 0.571018
vt 0.047541 0.574163
vt 0.045653 0.426049
vt 0.024331 0.797516
vt 0.470488 0.811657
vt 0.014318 0.947372
vt 0.518599 0.901443
vt 0.050473 0.834332
vt 0.481633 0.976465
vt 0.014400 0.947575
vt 0.160848 0.835200
vt 0.478957 0.826807
vt 0.486630 0.048259
vt 0.976025 0.092041
vt 0.498307 0.593021
vt 0.522063 0.664516
vt 0.003955 0.639230
vt 0.498299 0.593004
vt 0.027863 0.686783
vt 0.003960 0.663055
vt 0.498298 0.592967
vt 0.056961 0.231314
vt 0.014365 0.392074
vt 0.336705 0.387687
vt 0.518998 0.938594
vt 0.050436 0.834438
vt 0.014430 0.947596
vt 0.160870 0.835208
vt 0.478978 0.826789
vt 0.003955 0.639203
vt 0.498005 0.688227
vt 0.498304 0.593028
vt 0.027858 0.686759
vt 0.522209 0.640777
vt 0.522065 0.664492
vt 0.262084 0.678347
vt 0.003962 0.663028
vt 0.498014 0.688180
vt 0.498295 0.592981
vt 0.027867 0.686802
vt 0.262167 0.601425
vt 0.498304 0.593010
vt 0.402285 0.719417
vt 0.166766 0.723699
vt 0.518412 0.042810
vt 0.937456 0.189244
vt 0.302615 0.117505
vt 0.262673 0.044708
vt 0.072601 0.048009
vt 0.303907 0.122609
vt 0.035009 0.162583
vt 0.933742 0.189328
vt 0.516480 0.044331
vt 0.516482 0.044327
vt 0.518412 0.042811
vt 0.523934 0.641021
vt 0.002292 0.639404
vt 0.514101 0.041054
vt 0.498306 0.593012
vt 0.557238 0.945762
vt 0.521060 0.060481
vt 0.521059 0.060481
vt 0.345569 0.567038
vt 0.006403 0.500126
vt 0.365168 0.420829
vt 0.045612 0.574000
vt 0.522063 0.664517
vt 0.498306 0.593029
vt 0.003969 0.663069
vt 0.498301 0.592967
vt 0.302496 0.082886
vt 0.243603 0.191389
vt 0.039878 0.202558
vt 0.263293 0.046852
vt 0.265389 0.197232
vt 0.498301 0.592988
vt 0.498298 0.592994
s 1
usemtl lambert4SG
f 10/1/1 16/2/2 9/3/1
f 4/4/3 5/5/3 3/6/3
f 13/7/4 11/8/5 12/9/5
f 8/10/6 1/11/6 7/12/6
f 11/8/7 15/13/8 10/1/7
f 9/14/9 13/7/10 12/9/9
f 18/15/11 9/3/1 17/16/11
f 19/17/12 10/1/7 18/15/12
f 11/8/5 20/18/13 12/9/5
f 17/19/14 12/9/9 20/18/14
f 6/20/15 13/7/4 5/5/15
f 14/21/8 4/22/16 15/13/8
f 15/13/17 3/23/18 16/2/2
f 16/24/10 5/5/19 13/7/10
f 2/25/20 17/16/11 1/26/20
f 8/27/21 18/15/12 2/25/21
f 19/17/13 7/12/22 20/18/13
f 1/11/23 20/18/14 7/12/23
f 36/28/2 30/29/1 29/30/1
f 25/31/3 24/32/3 23/33/3
f 32/34/5 34/35/4 33/36/4
f 21/37/6 28/38/6 27/39/6
f 35/40/10 31/41/9 30/42/9
f 33/36/8 29/30/7 32/34/7
f 29/30/1 38/43/11 37/44/11
f 30/42/9 39/45/14 38/46/14
f 40/47/13 31/41/5 32/34/5
f 32/34/7 37/44/12 40/47/12
f 25/31/15 34/35/4 26/48/15
f 24/49/19 34/35/10 35/40/10
f 23/50/18 35/51/17 36/28/2
f 25/31/16 36/28/8 33/36/8
f 37/44/11 22/52/20 21/53/20
f 38/46/14 28/38/23 22/54/23
f 27/55/22 39/45/13 40/47/13
f 40/47/12 21/53/21 27/55/21
f 50/56/9 56/57/24 49/58/9
f 44/59/25 45/60/25 43/61/25
f 54/62/26 52/63/7 53/64/27
f 48/65/28 41/66/28 47/67/28
f 51/68/29 55/69/30 50/56/29
f 49/70/31 53/64/32 52/63/31
f 57/71/33 50/56/9 49/58/9
f 59/72/34 50/56/29 58/73/35
f 51/68/7 60/74/36 52/63/7
f 57/75/37 52/63/31 60/74/37
f 46/76/38 53/64/27 45/60/39
f 54/62/30 44/77/40 55/69/30
f 56/57/24 44/77/41 43/78/42
f 56/79/32 45/60/43 53/64/32
f 42/80/44 57/71/33 41/81/44
f 48/82/45 58/73/35 42/80/45
f 60/74/36 48/82/46 47/67/46
f 41/66/47 60/74/37 47/67/47
f 76/83/17 70/84/1 69/85/1
f 65/86/3 64/87/3 63/88/3
f 73/89/4 71/90/5 74/91/4
f 61/92/6 68/93/6 67/94/6
f 75/95/10 71/96/9 70/84/9
f 73/89/8 69/85/7 72/97/7
f 77/98/11 70/84/1 78/99/11
f 70/84/9 79/100/14 78/99/14
f 80/101/13 71/90/5 72/97/5
f 72/97/7 77/98/12 80/101/12
f 73/89/4 66/102/15 65/86/15
f 64/103/19 74/104/10 75/95/10
f 63/88/18 75/95/17 76/83/17
f 65/86/16 76/83/8 73/89/8
f 77/98/11 62/105/20 61/92/20
f 78/99/14 68/106/23 62/105/23
f 67/94/22 79/107/13 80/101/13
f 80/101/12 61/92/21 67/94/21
f 90/108/1 96/109/17 89/110/1
f 84/111/3 85/112/3 83/113/3
f 93/114/4 91/115/5 92/116/5
f 88/117/6 81/118/6 87/119/6
f 91/115/7 95/120/8 90/121/7
f 89/110/9 93/114/10 92/116/9
f 97/122/11 90/108/1 89/110/1
f 99/123/12 90/121/7 98/124/12
f 91/115/5 100/125/13 92/116/5
f 97/122/14 92/116/9 100/125/14
f 86/126/15 93/114/4 85/112/15
f 94/127/8 84/128/16 95/120/8
f 95/129/17 83/130/18 96/109/17
f 96/109/10 85/112/19 93/114/10
f 82/131/20 97/122/11 81/132/20
f 88/117/21 98/124/12 82/133/21
f 99/123/13 87/119/22 100/125/13
f 81/132/23 100/125/14 87/119/23
f 102/134/3 103/135/3 101/136/3
f 106/137/6 107/138/6 105/139/6
f 108/140/7 104/141/7 102/134/7
f 101/136/9 105/142/9 107/143/9
f 118/144/3 124/145/48 117/146/3
f 112/147/7 113/148/7 111/149/7
f 122/150/49 120/151/6 121/152/49
f 116/153/9 109/154/9 115/155/9
f 119/156/1 123/157/50 118/144/1
f 117/158/5 121/152/51 120/151/5
f 126/159/52 117/146/3 125/160/52
f 127/161/53 118/144/1 126/159/53
f 119/156/6 128/162/54 120/151/6
f 125/163/55 120/151/5 128/162/55
f 114/164/56 121/152/49 113/165/56
f 122/150/50 112/147/57 123/157/50
f 123/157/48 111/166/58 124/145/48
f 124/167/51 113/165/59 121/152/51
f 110/168/60 125/160/52 109/169/60
f 116/153/61 126/159/53 110/168/61
f 127/161/54 115/170/62 128/162/54
f 109/171/63 128/162/55 115/170/63
f 138/172/3 144/173/48 137/174/3
f 132/175/7 133/176/7 131/177/7
f 142/178/49 140/179/6 141/180/49
f 136/181/9 129/182/9 135/183/9
f 138/172/1 142/184/50 143/185/50
f 137/174/5 141/180/51 140/179/5
f 146/186/52 137/174/3 145/187/52
f 147/188/53 138/172/1 146/186/53
f 139/189/6 148/190/54 140/179/6
f 145/187/55 140/179/5 148/190/55
f 134/191/56 141/180/49 133/176/56
f 142/184/50 132/192/57 143/185/50
f 143/185/48 131/177/58 144/173/48
f 144/173/51 133/176/59 141/180/51
f 130/193/60 145/187/52 129/182/60
f 136/194/61 146/186/53 130/193/61
f 147/195/54 135/183/62 148/190/54
f 129/182/63 148/190/55 135/183/63
f 158/196/3 164/197/48 157/198/3
f 152/199/7 153/200/7 151/201/7
f 162/202/49 160/203/6 161/204/49
f 156/205/9 149/206/9 155/207/9
f 159/208/1 163/209/50 158/210/1
f 157/198/5 161/204/51 160/203/5
f 166/211/52 157/198/3 165/212/52
f 167/213/53 158/210/1 166/214/53
f 159/208/6 168/215/54 160/203/6
f 165/212/55 160/203/5 168/215/55
f 154/216/56 161/204/49 153/200/56
f 162/202/50 152/217/57 163/209/50
f 163/218/48 151/219/58 164/197/48
f 164/197/51 153/200/59 161/204/51
f 150/220/60 165/212/52 149/221/60
f 156/205/61 166/214/53 150/222/61
f 167/213/54 155/207/62 168/215/54
f 149/221/63 168/215/55 155/207/63
f 184/223/64 178/224/3 177/225/3
f 173/226/5 172/227/5 171/228/5
f 181/229/65 179/230/6 182/231/65
f 169/232/1 176/233/1 175/234/1
f 183/235/66 179/230/9 178/236/9
f 181/229/67 177/225/7 180/237/7
f 185/238/68 178/224/3 186/239/68
f 178/236/9 187/240/69 186/241/69
f 188/242/70 179/230/6 180/237/6
f 180/237/7 185/238/71 188/242/71
f 173/243/72 182/231/65 174/244/72
f 172/227/73 182/231/66 183/235/66
f 171/245/74 183/246/64 184/223/64
f 173/243/75 184/223/67 181/229/67
f 185/238/68 170/247/76 169/248/76
f 186/241/69 176/233/77 170/249/77
f 175/250/78 187/240/70 188/242/70
f 188/242/71 169/248/79 175/250/79
f 198/251/3 204/252/64 197/253/3
f 192/254/5 193/255/5 191/256/5
f 201/257/65 199/258/6 200/259/6
f 196/260/1 189/261/1 195/262/1
f 199/258/7 203/263/80 198/264/7
f 197/253/9 201/257/66 200/259/9
f 205/265/68 198/251/3 197/253/3
f 206/266/81 199/258/7 198/264/7
f 199/258/6 208/267/70 200/259/6
f 208/267/82 197/253/9 200/259/9
f 194/268/72 201/257/65 193/269/72
f 202/270/80 192/271/75 203/263/80
f 203/272/64 191/256/74 204/252/64
f 204/252/66 193/269/73 201/257/66
f 190/273/76 205/265/68 189/261/76
f 196/274/79 206/266/81 190/275/79
f 207/276/70 195/277/78 208/267/70
f 189/261/77 208/267/82 195/277/77
f 224/278/17 218/279/1 217/280/1
f 213/281/3 212/282/3 211/283/3
f 221/284/4 219/285/5 222/286/4
f 209/287/6 216/288/6 215/289/6
f 218/290/9 222/286/10 219/285/9
f 221/284/8 217/280/7 220/291/7
f 225/292/11 218/279/1 226/293/11
f 218/290/9 227/294/14 226/295/14
f 228/296/13 219/285/5 220/291/5
f 220/291/7 225/292/12 228/296/12
f 221/284/4 214/297/15 213/281/15
f 212/298/19 222/286/10 223/299/10
f 211/300/18 223/301/17 224/278/17
f 213/281/16 224/278/8 221/284/8
f 225/292/11 210/302/20 209/303/20
f 226/295/14 216/288/23 210/304/23
f 215/289/22 227/294/13 228/296/13
f 228/296/12 209/303/21 215/289/21
f 238/305/1 244/306/17 237/307/1
f 232/308/3 233/309/3 231/310/3
f 241/311/4 239/312/5 240/313/5
f 236/314/6 229/315/6 235/316/6
f 239/312/7 243/317/8 238/318/7
f 237/307/9 241/311/10 240/313/9
f 245/319/11 238/305/1 237/307/1
f 247/320/12 238/318/7 246/321/12
f 239/312/5 248/322/13 240/313/5
f 245/319/14 240/313/9 248/322/14
f 234/323/15 241/311/4 233/309/15
f 242/324/8 232/325/16 243/317/8
f 243/326/17 231/327/18 244/306/17
f 244/306/10 233/309/19 241/311/10
f 230/328/20 245/319/11 229/329/20
f 236/314/21 246/321/12 230/330/21
f 247/320/13 235/316/22 248/322/13
f 229/329/23 248/322/14 235/316/23
f 258/331/83 264/332/84 257/174/83
f 252/333/7 253/334/7 251/335/7
f 262/336/85 260/337/86 261/338/85
f 256/339/9 249/340/9 255/341/9
f 259/342/87 263/343/88 258/331/87
f 257/174/89 261/338/90 260/337/89
f 265/344/91 258/331/83 257/174/83
f 267/345/92 258/331/87 266/346/93
f 259/347/86 268/348/94 260/337/86
f 265/344/95 260/337/89 268/348/95
f 253/334/96 262/336/85 261/338/85
f 262/349/97 252/350/98 263/343/88
f 263/343/84 251/335/99 264/332/84
f 264/332/90 253/334/100 261/338/90
f 250/351/101 265/344/91 249/340/101
f 256/352/102 266/346/93 250/351/102
f 267/353/94 255/341/103 268/348/94
f 249/340/104 268/348/95 255/341/104
f 278/354/3 284/355/48 277/356/3
f 272/357/7 273/358/7 271/359/7
f 282/360/49 280/361/6 281/362/49
f 276/363/9 269/364/9 275/365/9
f 279/366/1 283/367/50 278/354/1
f 277/356/5 281/368/51 280/369/5
f 286/370/52 277/356/3 285/371/52
f 287/372/53 278/354/1 286/370/53
f 279/366/6 288/373/54 280/361/6
f 285/371/55 280/369/5 288/374/55
f 274/375/56 281/362/49 273/376/56
f 282/360/50 272/357/57 283/367/50
f 283/367/48 271/359/58 284/355/48
f 284/355/51 273/377/59 281/368/51
f 270/378/60 285/371/52 269/364/60
f 276/379/61 286/370/53 270/378/61
f 287/372/54 275/380/62 288/373/54
f 269/364/63 288/374/55 275/381/63
f 298/382/105 304/383/106 297/384/105
f 292/385/7 293/386/7 291/387/7
f 302/388/107 300/389/108 301/390/107
f 295/391/9 290/392/9 289/393/9
f 299/394/109 303/395/110 298/382/109
f 297/384/111 301/390/112 300/389/111
f 306/396/113 297/384/105 305/397/113
f 307/398/114 298/382/109 306/396/115
f 300/389/108 307/399/116 308/400/116
f 305/397/117 300/389/111 308/400/117
f 293/386/118 302/388/107 301/390/107
f 302/401/110 292/402/119 303/395/110
f 303/395/106 291/387/120 304/383/106
f 304/383/121 293/386/122 301/390/112
f 289/393/123 306/396/113 305/397/113
f 296/403/124 306/396/115 290/404/124
f 307/399/116 295/391/125 308/400/116
f 289/393/126 308/400/117 295/391/126
f 318/405/127 324/406/128 317/407/127
f 311/408/7 314/409/7 313/410/7
f 322/411/129 320/412/130 321/413/131
f 316/414/9 309/415/9 315/416/9
f 319/156/132 323/417/133 318/405/132
f 320/412/134 324/418/135 321/413/135
f 326/419/136 317/407/127 325/420/136
f 327/421/137 318/405/132 326/419/137
f 319/156/130 328/422/138 320/412/130
f 325/423/139 320/412/134 328/422/140
f 313/424/141 322/411/129 321/413/131
f 322/411/142 312/425/143 323/417/133
f 323/417/128 311/426/144 324/406/128
f 324/418/135 313/424/145 321/413/135
f 309/427/146 326/419/136 325/420/136
f 316/414/147 326/419/137 310/428/147
f 327/421/138 315/429/148 328/422/138
f 309/430/149 328/422/140 315/429/149
f 338/431/9 344/432/24 337/433/9
f 332/434/25 333/435/25 331/436/25
f 342/437/26 340/438/7 341/439/27
f 336/440/28 329/441/28 335/442/28
f 339/443/29 343/444/30 338/445/29
f 337/433/31 341/439/32 340/438/31
f 345/446/33 338/431/9 337/433/9
f 347/447/34 338/445/29 346/448/34
f 339/443/7 348/449/36 340/438/7
f 345/446/37 340/438/31 348/449/150
f 334/450/38 341/439/27 333/451/39
f 342/437/30 332/434/40 343/444/30
f 344/432/24 332/452/41 331/453/42
f 344/432/32 333/451/43 341/439/32
f 330/454/151 345/446/33 329/455/151
f 336/440/45 346/448/34 330/456/45
f 347/447/36 335/457/46 348/449/36
f 329/455/47 348/449/150 335/457/47
f 350/458/3 351/459/3 349/460/3
f 354/461/6 355/462/6 353/463/6
f 356/464/7 352/465/7 350/466/7
f 349/467/9 353/463/9 355/462/9
f 358/458/5 359/459/5 357/468/5
f 370/469/152 376/470/17 369/471/1
f 364/472/3 365/473/3 363/474/3
f 373/475/4 371/476/153 372/477/5
f 368/478/6 361/479/6 367/480/6
f 371/476/154 375/481/8 370/482/155
f 369/471/156 373/475/10 372/477/157
f 377/483/158 370/469/152 369/471/1
f 379/484/159 370/482/155 378/485/160
f 371/476/153 380/486/161 372/477/5
f 377/483/162 372/477/157 380/486/163
f 366/487/15 373/475/4 365/473/15
f 374/488/8 364/489/16 375/481/8
f 375/490/17 363/474/18 376/470/17
f 376/470/10 365/473/19 373/475/10
f 361/491/20 378/492/164 377/483/158
f 368/478/165 378/485/160 362/493/165
f 379/484/166 367/494/22 380/486/161
f 361/491/167 380/486/163 367/494/167
f 396/495/2 390/496/152 389/497/1
f 385/498/3 384/499/3 383/500/3
f 392/501/168 394/502/169 393/503/4
f 381/504/6 388/505/6 387/506/6
f 395/507/10 391/508/156 390/496/157
f 393/509/8 389/497/154 392/510/155
f 397/511/170 390/496/152 398/512/171
f 390/496/157 399/513/172 398/512/173
f 400/514/174 391/508/175 392/501/168
f 392/510/155 397/511/176 400/515/177
f 393/503/4 386/516/15 385/517/15
f 384/499/19 394/502/10 395/507/10
f 383/500/18 395/507/17 396/495/2
f 385/518/16 396/495/8 393/509/8
f 397/511/170 382/519/20 381/520/20
f 398/512/173 388/505/23 382/519/23
f 387/506/22 399/513/178 400/514/174
f 400/515/177 381/520/21 387/521/21
f 402/522/6 403/523/6 401/524/6
f 406/525/3 407/526/3 405/527/3
f 408/528/7 404/529/7 402/522/7
f 401/530/9 405/527/9 407/526/9
f 410/458/5 411/459/5 409/468/5
f 414/458/1 415/459/1 413/460/1
f 425/531/179 431/532/180 432/533/180
f 420/534/7 421/535/7 419/536/7
f 429/537/181 427/538/182 428/539/182
f 423/540/9 418/541/9 417/542/9
f 427/538/183 431/532/184 426/543/183
f 425/531/185 429/544/186 428/545/185
f 434/546/187 425/531/179 433/547/187
f 435/548/188 426/543/183 434/546/189
f 427/538/182 436/549/190 428/539/182
f 433/547/191 428/545/185 436/550/192
f 422/551/193 429/537/181 421/552/193
f 430/553/194 420/534/195 431/532/184
f 431/532/180 419/536/196 432/533/180
f 429/544/186 419/536/197 421/554/197
f 417/542/198 434/546/187 433/547/187
f 424/555/199 434/546/189 418/541/199
f 436/549/190 424/555/200 423/556/200
f 423/557/201 433/547/191 436/550/192
f 438/558/6 439/559/6 437/560/6
f 442/558/3 443/559/3 441/560/3
f 454/561/3 460/562/48 453/563/3
f 448/564/7 449/565/7 447/566/7
f 458/567/49 456/568/6 457/569/49
f 452/570/9 445/571/9 451/572/9
f 455/573/1 459/574/50 454/561/1
f 453/158/5 457/569/51 456/568/5
f 462/575/52 453/563/3 461/576/52
f 463/577/53 454/561/1 462/575/53
f 455/573/6 464/578/54 456/568/6
f 461/579/55 456/568/5 464/578/55
f 450/580/56 457/569/49 449/581/56
f 458/567/50 448/564/57 459/574/50
f 459/574/48 447/582/58 460/562/48
f 460/583/51 449/581/59 457/569/51
f 446/584/202 461/576/52 445/585/202
f 452/570/61 462/575/53 446/584/61
f 463/577/54 451/586/203 464/578/54
f 445/587/63 464/578/55 451/586/63
f 466/588/204 467/589/204 465/590/204
f 470/589/205 471/588/205 469/591/205
f 474/592/5 475/593/5 473/594/5
f 478/592/1 479/593/1 477/594/1
f 490/595/1 496/596/2 489/597/1
f 484/598/3 485/599/3 483/600/3
f 493/601/4 491/602/5 492/603/5
f 488/604/6 481/605/6 487/606/6
f 491/607/7 495/608/8 490/595/7
f 489/597/9 493/601/10 492/603/9
f 497/609/11 490/595/1 489/597/1
f 499/610/12 490/595/7 498/611/12
f 491/602/5 500/612/13 492/603/5
f 497/609/14 492/603/9 500/612/14
f 486/613/15 493/601/4 485/599/15
f 494/614/8 484/615/16 495/608/8
f 495/608/17 483/616/18 496/596/2
f 496/596/10 485/599/19 493/601/10
f 482/617/20 497/609/11 481/605/20
f 488/618/21 498/611/12 482/617/21
f 499/619/13 487/606/22 500/612/13
f 481/605/23 500/612/14 487/606/23
f 516/620/2 510/621/1 509/622/1
f 505/623/3 504/624/3 503/625/3
f 513/626/169 511/627/5 514/628/4
f 501/629/6 508/630/6 507/631/6
f 515/632/10 511/627/9 510/621/9
f 513/633/8 509/622/7 512/634/7
f 517/635/11 510/621/1 518/636/11
f 510/621/9 519/637/14 518/636/14
f 520/638/13 511/627/5 512/639/5
f 512/634/7 517/635/12 520/640/12
f 505/623/15 514/628/4 506/641/15
f 504/642/19 514/628/10 515/632/10
f 503/643/18 515/632/17 516/620/2
f 505/644/16 516/620/8 513/633/8
f 517/635/11 502/645/20 501/646/20
f 518/636/14 508/630/23 502/645/23
f 507/647/22 519/637/13 520/638/13
f 520/640/12 501/646/21 507/648/21
f 530/172/3 536/173/48 529/174/3
f 524/649/7 525/650/7 523/177/7
f 534/178/49 532/179/6 533/180/49
f 528/181/9 521/182/9 527/183/9
f 531/651/1 535/185/50 530/172/1
f 529/174/5 533/180/51 532/179/5
f 538/186/52 529/174/3 537/187/52
f 539/188/53 530/172/1 538/186/53
f 531/189/6 540/652/54 532/179/6
f 537/187/55 532/179/5 540/652/55
f 526/653/56 533/180/49 525/650/56
f 534/184/50 524/654/57 535/185/50
f 535/185/48 523/177/58 536/173/48
f 536/173/51 525/650/59 533/180/51
f 522/655/60 537/187/52 521/182/60
f 528/656/61 538/186/53 522/655/61
f 539/195/54 527/183/62 540/652/54
f 521/182/63 540/652/55 527/183/63
f 550/657/3 556/658/48 549/659/3
f 544/660/7 545/661/7 543/662/7
f 554/663/49 552/412/6 553/664/49
f 548/665/9 541/666/9 547/667/9
f 551/668/1 555/669/50 550/657/1
f 549/670/5 553/664/51 552/412/5
f 558/671/52 549/659/3 557/672/52
f 559/673/53 550/657/1 558/671/53
f 551/668/6 560/674/54 552/412/6
f 557/675/55 552/412/5 560/674/55
f 546/676/56 553/664/49 545/677/56
f 554/663/50 544/660/57 555/669/50
f 555/669/48 543/678/58 556/658/48
f 556/679/51 545/677/59 553/664/51
f 542/680/60 557/672/52 541/681/60
f 548/665/61 558/671/53 542/680/61
f 559/673/54 547/682/62 560/674/54
f 541/683/63 560/674/55 547/682/63
f 570/684/3 576/685/48 569/686/3
f 564/687/7 565/688/7 563/689/7
f 574/690/49 572/691/6 573/692/49
f 568/693/9 561/694/9 567/695/9
f 571/696/1 575/697/50 570/698/1
f 572/691/5 576/685/51 573/692/51
f 578/699/52 569/686/3 577/700/52
f 578/701/53 571/696/1 570/698/1
f 571/696/6 580/702/54 572/691/6
f 577/700/55 572/691/5 580/702/55
f 566/703/56 573/692/49 565/688/56
f 574/690/50 564/704/57 575/697/50
f 575/705/48 563/706/58 576/685/48
f 576/685/51 565/688/59 573/692/51
f 562/707/60 577/700/52 561/708/60
f 568/693/61 578/701/53 562/709/61
f 579/710/54 567/695/62 580/702/54
f 561/708/63 580/702/55 567/695/63
f 590/711/152 596/712/2 589/713/1
f 584/714/3 585/715/3 583/716/3
f 593/717/4 591/718/153 592/719/5
f 588/720/6 581/721/6 587/722/6
f 591/723/154 595/724/8 590/711/155
f 589/713/156 593/717/10 592/719/157
f 597/725/158 590/711/152 589/713/1
f 599/726/159 590/711/155 598/727/160
f 591/718/153 600/728/161 592/719/5
f 597/725/162 592/719/157 600/728/163
f 586/729/15 593/717/4 585/730/15
f 594/731/8 584/714/16 595/724/8
f 595/724/17 583/716/18 596/712/2
f 596/712/10 585/730/19 593/717/10
f 581/732/20 598/727/164 597/725/158
f 588/733/165 598/727/160 582/734/165
f 599/735/166 587/722/22 600/728/161
f 581/732/167 600/728/163 587/722/167
f 616/736/2 610/737/152 609/738/1
f 605/739/3 604/740/3 603/741/3
f 612/742/168 614/743/4 613/744/4
f 601/745/6 608/746/6 607/747/6
f 615/748/10 611/749/156 610/750/157
f 613/744/8 609/738/154 612/742/155
f 617/751/170 610/737/152 618/752/171
f 610/750/157 619/753/172 618/754/173
f 620/755/174 611/749/175 612/742/168
f 612/742/155 617/751/176 620/755/177
f 613/744/4 606/756/15 605/739/15
f 604/757/19 614/743/10 615/748/10
f 603/758/18 615/759/17 616/736/2
f 605/739/16 616/736/8 613/744/8
f 617/751/170 602/760/20 601/745/20
f 618/754/173 608/761/23 602/762/23
f 607/763/22 619/753/178 620/755/174
f 620/755/177 601/745/21 607/763/21
f 630/764/3 636/765/48 629/766/3
f 624/767/7 625/768/7 623/769/7
f 634/770/49 632/771/6 633/772/49
f 628/773/9 621/774/9 627/775/9
f 631/776/1 635/777/50 630/764/1
f 629/778/5 633/772/51 632/771/5
f 638/779/52 629/766/3 637/780/52
f 639/781/53 630/764/1 638/779/53
f 631/776/6 640/782/54 632/771/6
f 637/783/55 632/771/5 640/782/55
f 626/784/56 633/772/49 625/785/56
f 634/770/50 624/767/57 635/777/50
f 635/777/48 623/786/58 636/765/48
f 636/787/51 625/785/59 633/772/51
f 622/788/60 637/780/52 621/789/60
f 628/773/61 638/779/53 622/788/61
f 639/781/54 627/790/62 640/782/54
f 621/791/63 640/782/55 627/790/63
f 650/792/3 656/793/48 649/407/3
f 644/794/7 645/795/7 643/796/7
f 654/797/49 652/798/6 653/799/49
f 648/800/9 641/801/9 647/802/9
f 651/803/1 655/804/50 650/792/1
f 649/805/5 653/799/51 652/798/5
f 658/806/52 649/407/3 657/807/52
f 659/808/53 650/792/1 658/806/53
f 651/803/6 660/809/54 652/798/6
f 657/810/55 652/798/5 660/809/55
f 646/811/56 653/799/49 645/812/56
f 654/797/50 644/794/57 655/804/50
f 655/804/48 643/813/58 656/793/48
f 656/814/51 645/812/59 653/799/51
f 642/815/202 657/807/52 641/816/202
f 648/800/61 658/806/53 642/815/61
f 659/808/54 647/817/203 660/809/54
f 641/818/63 660/809/55 647/817/63
f 10/1/1 15/13/17 16/2/2
f 4/4/3 6/20/3 5/5/3
f 13/7/4 14/21/4 11/8/5
f 8/10/6 2/819/6 1/11/6
f 11/8/7 14/21/8 15/13/8
f 9/14/9 16/24/10 13/7/10
f 18/15/11 10/1/1 9/3/1
f 19/17/12 11/8/7 10/1/7
f 11/8/5 19/17/13 20/18/13
f 17/19/14 9/14/9 12/9/9
f 6/20/15 14/21/4 13/7/4
f 14/21/8 6/20/16 4/22/16
f 15/13/17 4/22/18 3/23/18
f 16/24/10 3/820/19 5/5/19
f 2/25/20 18/15/11 17/16/11
f 8/27/21 19/17/12 18/15/12
f 19/17/13 8/27/22 7/12/22
f 1/11/23 17/19/14 20/18/14
f 36/28/2 35/51/17 30/29/1
f 25/31/3 26/48/3 24/32/3
f 32/34/5 31/41/5 34/35/4
f 21/37/6 22/54/6 28/38/6
f 35/40/10 34/35/10 31/41/9
f 33/36/8 36/28/8 29/30/7
f 29/30/1 30/29/1 38/43/11
f 30/42/9 31/41/9 39/45/14
f 40/47/13 39/45/13 31/41/5
f 32/34/7 29/30/7 37/44/12
f 25/31/15 33/36/4 34/35/4
f 24/49/19 26/48/19 34/35/10
f 23/50/18 24/821/18 35/51/17
f 25/31/16 23/50/16 36/28/8
f 37/44/11 38/43/11 22/52/20
f 38/46/14 39/45/14 28/38/23
f 27/55/22 28/38/22 39/45/13
f 40/47/12 37/44/12 21/53/21
f 50/56/9 55/69/206 56/57/24
f 44/59/25 46/822/25 45/60/25
f 54/62/26 51/68/7 52/63/7
f 48/65/28 42/823/28 41/66/28
f 51/68/29 54/62/30 55/69/30
f 49/70/31 56/79/32 53/64/32
f 57/71/33 58/73/33 50/56/9
f 59/72/34 51/68/29 50/56/29
f 51/68/7 59/72/36 60/74/36
f 57/75/37 49/70/31 52/63/31
f 46/76/38 54/62/26 53/64/27
f 54/62/30 46/76/207 44/77/40
f 56/57/24 55/69/206 44/77/41
f 56/79/32 43/61/43 45/60/43
f 42/80/44 58/73/33 57/71/33
f 48/82/45 59/72/34 58/73/35
f 60/74/36 59/72/36 48/82/46
f 41/66/47 57/75/37 60/74/37
f 76/83/17 75/95/17 70/84/1
f 65/86/3 66/824/3 64/87/3
f 73/89/4 72/97/5 71/90/5
f 61/92/6 62/825/6 68/93/6
f 75/95/10 74/104/10 71/96/9
f 73/89/8 76/83/8 69/85/7
f 77/98/11 69/85/1 70/84/1
f 70/84/9 71/96/9 79/100/14
f 80/101/13 79/107/13 71/90/5
f 72/97/7 69/85/7 77/98/12
f 73/89/4 74/91/4 66/102/15
f 64/103/19 66/826/19 74/104/10
f 63/88/18 64/103/18 75/95/17
f 65/86/16 63/88/16 76/83/8
f 77/98/11 78/99/11 62/105/20
f 78/99/14 79/100/14 68/106/23
f 67/94/22 68/827/22 79/107/13
f 80/101/12 77/98/12 61/92/21
f 90/108/1 95/129/17 96/109/17
f 84/111/3 86/126/3 85/112/3
f 93/114/4 94/127/4 91/115/5
f 88/117/6 82/828/6 81/118/6
f 91/115/7 94/127/8 95/120/8
f 89/110/9 96/109/10 93/114/10
f 97/122/11 98/829/11 90/108/1
f 99/123/12 91/115/7 90/121/7
f 91/115/5 99/123/13 100/125/13
f 97/122/14 89/110/9 92/116/9
f 86/126/15 94/127/4 93/114/4
f 94/127/8 86/126/16 84/128/16
f 95/129/17 84/830/18 83/130/18
f 96/109/10 83/130/19 85/112/19
f 82/131/20 98/829/11 97/122/11
f 88/117/21 99/123/12 98/124/12
f 99/123/13 88/117/22 87/119/22
f 81/132/23 97/122/14 100/125/14
f 102/134/3 104/141/3 103/135/3
f 106/137/6 108/831/6 107/138/6
f 108/140/7 106/832/7 104/141/7
f 101/136/9 103/135/9 105/142/9
f 118/144/3 123/157/48 124/145/48
f 112/147/7 114/164/7 113/148/7
f 122/150/49 119/156/6 120/151/6
f 116/153/9 110/168/9 109/154/9
f 119/156/1 122/150/50 123/157/50
f 117/158/5 124/167/51 121/152/51
f 126/159/52 118/144/3 117/146/3
f 127/161/53 119/156/1 118/144/1
f 119/156/6 127/161/54 128/162/54
f 125/163/55 117/158/5 120/151/5
f 114/164/56 122/150/49 121/152/49
f 122/150/50 114/164/57 112/147/57
f 123/157/48 112/147/58 111/166/58
f 124/167/51 111/833/59 113/165/59
f 110/168/60 126/159/52 125/160/52
f 116/153/61 127/161/53 126/159/53
f 127/161/54 116/153/62 115/170/62
f 109/171/63 125/163/55 128/162/55
f 138/172/3 143/185/48 144/173/48
f 132/175/7 134/834/7 133/176/7
f 142/178/49 139/189/6 140/179/6
f 136/181/9 130/835/9 129/182/9
f 138/172/1 139/651/1 142/184/50
f 137/174/5 144/173/51 141/180/51
f 146/186/52 138/172/3 137/174/3
f 147/188/53 139/651/1 138/172/1
f 139/189/6 147/195/54 148/190/54
f 145/187/55 137/174/5 140/179/5
f 134/191/56 142/178/49 141/180/49
f 142/184/50 134/836/57 132/192/57
f 143/185/48 132/192/58 131/177/58
f 144/173/51 131/177/59 133/176/59
f 130/193/60 146/186/52 145/187/52
f 136/194/61 147/188/53 146/186/53
f 147/195/54 136/837/62 135/183/62
f 129/182/63 145/187/55 148/190/55
f 158/196/3 163/218/48 164/197/48
f 152/199/7 154/216/7 153/200/7
f 162/202/49 159/208/6 160/203/6
f 156/205/9 150/838/9 149/206/9
f 159/208/1 162/202/50 163/209/50
f 157/198/5 164/197/51 161/204/51
f 166/211/52 158/196/3 157/198/3
f 167/213/53 159/208/1 158/210/1
f 159/208/6 167/213/54 168/215/54
f 165/212/55 157/198/5 160/203/5
f 154/216/56 162/202/49 161/204/49
f 162/202/50 154/216/57 152/217/57
f 163/218/48 152/839/58 151/219/58
f 164/197/51 151/219/59 153/200/59
f 150/220/60 166/211/52 165/212/52
f 156/205/61 167/213/53 166/214/53
f 167/213/54 156/205/62 155/207/62
f 149/221/63 165/212/55 168/215/55
f 184/223/64 183/246/64 178/224/3
f 173/226/5 174/244/5 172/227/5
f 181/229/65 180/237/6 179/230/6
f 169/232/1 170/249/1 176/233/1
f 183/235/66 182/231/66 179/230/9
f 181/229/67 184/223/67 177/225/7
f 185/238/68 177/225/3 178/224/3
f 178/236/9 179/230/9 187/240/69
f 188/242/70 187/240/70 179/230/6
f 180/237/7 177/225/7 185/238/71
f 173/243/72 181/229/65 182/231/65
f 172/227/73 174/244/73 182/231/66
f 171/245/74 172/840/74 183/246/64
f 173/243/75 171/245/75 184/223/67
f 185/238/68 186/239/68 170/247/76
f 186/241/69 187/240/69 176/233/77
f 175/250/78 176/233/78 187/240/70
f 188/242/71 185/238/71 169/248/79
f 198/251/3 203/272/64 204/252/64
f 192/254/5 194/841/5 193/255/5
f 201/257/65 202/270/65 199/258/6
f 196/260/1 190/273/1 189/261/1
f 199/258/7 202/270/80 203/263/80
f 197/253/9 204/252/66 201/257/66
f 205/265/68 206/842/68 198/251/3
f 206/266/81 207/276/81 199/258/7
f 199/258/6 207/276/70 208/267/70
f 208/267/82 205/265/82 197/253/9
f 194/268/72 202/270/65 201/257/65
f 202/270/80 194/268/75 192/271/75
f 203/272/64 192/254/74 191/256/74
f 204/252/66 191/256/73 193/269/73
f 190/273/76 206/842/68 205/265/68
f 196/274/79 207/276/81 206/266/81
f 207/276/70 196/274/78 195/277/78
f 189/261/77 205/265/82 208/267/82
f 224/278/17 223/301/17 218/279/1
f 213/281/3 214/297/3 212/282/3
f 221/284/4 220/291/5 219/285/5
f 209/287/6 210/843/6 216/288/6
f 218/290/9 223/299/10 222/286/10
f 221/284/8 224/278/8 217/280/7
f 225/292/11 217/280/1 218/279/1
f 218/290/9 219/285/9 227/294/14
f 228/296/13 227/294/13 219/285/5
f 220/291/7 217/280/7 225/292/12
f 221/284/4 222/286/4 214/297/15
f 212/298/19 214/297/19 222/286/10
f 211/300/18 212/844/18 223/301/17
f 213/281/16 211/300/16 224/278/8
f 225/292/11 226/293/11 210/302/20
f 226/295/14 227/294/14 216/288/23
f 215/289/22 216/288/22 227/294/13
f 228/296/12 225/292/12 209/303/21
f 238/305/1 243/326/17 244/306/17
f 232/308/3 234/323/3 233/309/3
f 241/311/4 242/324/4 239/312/5
f 236/314/6 230/845/6 229/315/6
f 239/312/7 242/324/8 243/317/8
f 237/307/9 244/306/10 241/311/10
f 245/319/11 246/846/11 238/305/1
f 247/320/12 239/312/7 238/318/7
f 239/312/5 247/320/13 248/322/13
f 245/319/14 237/307/9 240/313/9
f 234/323/15 242/324/4 241/311/4
f 242/324/8 234/323/16 232/325/16
f 243/326/17 232/847/18 231/327/18
f 244/306/10 231/327/19 233/309/19
f 230/328/20 246/846/11 245/319/11
f 236/314/21 247/320/12 246/321/12
f 247/320/13 236/314/22 235/316/22
f 229/329/23 245/319/14 248/322/14
f 258/331/83 263/343/84 264/332/84
f 252/333/7 254/149/7 253/334/7
f 262/336/85 259/347/86 260/337/86
f 256/339/9 250/848/9 249/340/9
f 259/342/87 262/349/97 263/343/88
f 257/174/89 264/332/90 261/338/90
f 265/344/91 266/346/91 258/331/83
f 267/345/92 259/342/87 258/331/87
f 259/347/86 267/353/94 268/348/94
f 265/344/95 257/174/89 260/337/89
f 253/334/96 254/849/96 262/336/85
f 262/349/97 254/850/98 252/350/98
f 263/343/84 252/350/99 251/335/99
f 264/332/90 251/335/100 253/334/100
f 250/351/101 266/346/91 265/344/91
f 256/352/102 267/345/92 266/346/93
f 267/353/94 256/851/103 255/341/103
f 249/340/104 265/344/95 268/348/95
f 278/354/3 283/367/48 284/355/48
f 272/357/7 274/852/7 273/358/7
f 282/360/49 279/366/6 280/361/6
f 276/363/9 270/378/9 269/364/9
f 279/366/1 282/360/50 283/367/50
f 277/356/5 284/355/51 281/368/51
f 286/370/52 278/354/3 277/356/3
f 287/372/53 279/366/1 278/354/1
f 279/366/6 287/372/54 288/373/54
f 285/371/55 277/356/5 280/369/5
f 274/375/56 282/360/49 281/362/49
f 282/360/50 274/375/57 272/357/57
f 283/367/48 272/357/58 271/359/58
f 284/355/51 271/359/59 273/377/59
f 270/378/60 286/370/52 285/371/52
f 276/379/61 287/372/53 286/370/53
f 287/372/54 276/379/62 275/380/62
f 269/364/63 285/371/55 288/374/55
f 298/382/105 303/395/106 304/383/106
f 292/385/7 294/853/7 293/386/7
f 302/388/107 299/854/108 300/389/108
f 295/391/9 296/855/9 290/392/9
f 299/394/109 302/401/110 303/395/110
f 297/384/111 304/383/121 301/390/112
f 306/396/113 298/382/105 297/384/105
f 307/398/114 299/394/109 298/382/109
f 300/389/108 299/854/108 307/399/116
f 305/397/117 297/384/111 300/389/111
f 293/386/118 294/856/118 302/388/107
f 302/401/110 294/857/119 292/402/119
f 303/395/106 292/402/120 291/387/120
f 304/383/121 291/387/122 293/386/122
f 289/393/123 290/404/123 306/396/113
f 296/403/124 307/398/114 306/396/115
f 307/399/116 296/858/125 295/391/125
f 289/393/126 305/397/117 308/400/117
f 318/405/127 323/417/128 324/406/128
f 311/408/7 312/425/7 314/409/7
f 322/411/129 319/156/130 320/412/130
f 316/414/9 310/428/9 309/415/9
f 319/156/132 322/411/142 323/417/133
f 320/412/134 317/859/134 324/418/135
f 326/419/136 318/405/127 317/407/127
f 327/421/137 319/156/132 318/405/132
f 319/156/130 327/421/138 328/422/138
f 325/423/139 317/859/134 320/412/134
f 313/424/141 314/409/141 322/411/129
f 322/411/142 314/409/143 312/425/143
f 323/417/128 312/425/144 311/426/144
f 324/418/135 311/860/145 313/424/145
f 309/427/146 310/428/146 326/419/136
f 316/414/147 327/421/137 326/419/137
f 327/421/138 316/414/148 315/429/148
f 309/430/149 325/423/139 328/422/140
f 338/431/9 343/861/206 344/432/24
f 332/434/25 334/450/25 333/435/25
f 342/437/26 339/443/7 340/438/7
f 336/440/28 330/456/28 329/441/28
f 339/443/29 342/437/30 343/444/30
f 337/433/31 344/432/32 341/439/32
f 345/446/33 346/862/33 338/431/9
f 347/447/34 339/443/29 338/445/29
f 339/443/7 347/447/36 348/449/36
f 345/446/37 337/433/31 340/438/31
f 334/450/38 342/437/26 341/439/27
f 342/437/30 334/450/207 332/434/40
f 344/432/24 343/861/206 332/452/41
f 344/432/32 331/453/43 333/451/43
f 330/454/151 346/862/33 345/446/33
f 336/440/45 347/447/34 346/448/34
f 347/447/36 336/440/46 335/457/46
f 329/455/47 345/446/37 348/449/150
f 350/458/3 352/863/3 351/459/3
f 354/461/6 356/464/6 355/462/6
f 356/464/7 354/461/7 352/465/7
f 349/467/9 351/864/9 353/463/9
f 358/458/5 360/863/5 359/459/5
f 370/469/152 375/490/17 376/470/17
f 364/472/3 366/865/3 365/473/3
f 373/475/4 374/488/4 371/476/153
f 368/478/6 362/493/6 361/479/6
f 371/476/154 374/488/8 375/481/8
f 369/471/156 376/470/10 373/475/10
f 377/483/158 378/492/164 370/469/152
f 379/484/159 371/476/154 370/482/155
f 371/476/153 379/484/166 380/486/161
f 377/483/162 369/471/156 372/477/157
f 366/487/15 374/488/4 373/475/4
f 374/488/8 366/487/16 364/489/16
f 375/490/17 364/866/18 363/474/18
f 376/470/10 363/474/19 365/473/19
f 361/491/20 362/867/20 378/492/164
f 368/478/165 379/484/159 378/485/160
f 379/484/166 368/478/22 367/494/22
f 361/491/167 377/483/162 380/486/163
f 396/495/2 395/507/17 390/496/152
f 385/498/3 386/868/3 384/499/3
f 392/501/168 391/508/175 394/502/169
f 381/504/6 382/869/6 388/505/6
f 395/507/10 394/502/10 391/508/156
f 393/509/8 396/495/8 389/497/154
f 397/511/170 389/497/1 390/496/152
f 390/496/157 391/508/156 399/513/172
f 400/514/174 399/513/178 391/508/175
f 392/510/155 389/497/154 397/511/176
f 393/503/4 394/502/169 386/516/15
f 384/499/19 386/516/19 394/502/10
f 383/500/18 384/499/18 395/507/17
f 385/518/16 383/500/16 396/495/8
f 397/511/170 398/512/171 382/519/20
f 398/512/173 399/513/172 388/505/23
f 387/506/22 388/505/22 399/513/178
f 400/515/177 397/511/176 381/520/21
f 402/522/6 404/529/6 403/523/6
f 406/525/3 408/870/3 407/526/3
f 408/528/7 406/871/7 404/529/7
f 401/530/9 403/872/9 405/527/9
f 410/458/5 412/873/5 411/459/5
f 414/458/1 416/863/1 415/459/1
f 425/531/179 426/543/179 431/532/180
f 420/534/7 422/874/7 421/535/7
f 429/537/181 430/553/181 427/538/182
f 423/540/9 424/875/9 418/541/9
f 427/538/183 430/553/194 431/532/184
f 425/531/185 432/533/208 429/544/186
f 434/546/187 426/543/179 425/531/179
f 435/548/188 427/538/183 426/543/183
f 427/538/182 435/548/209 436/549/190
f 433/547/191 425/531/185 428/545/185
f 422/551/193 430/553/181 429/537/181
f 430/553/194 422/551/195 420/534/195
f 431/532/180 420/534/196 419/536/196
f 429/544/186 432/533/208 419/536/197
f 417/542/198 418/541/198 434/546/187
f 424/555/199 435/548/188 434/546/189
f 436/549/190 435/548/209 424/555/200
f 423/557/201 417/542/201 433/547/191
f 438/558/6 440/876/6 439/559/6
f 442/558/3 444/876/3 443/559/3
f 454/561/3 459/574/48 460/562/48
f 448/564/7 450/580/7 449/565/7
f 458/567/49 455/573/6 456/568/6
f 452/570/9 446/584/9 445/571/9
f 455/573/1 458/567/50 459/574/50
f 453/158/5 460/583/51 457/569/51
f 462/575/52 454/561/3 453/563/3
f 463/577/53 455/573/1 454/561/1
f 455/573/6 463/577/54 464/578/54
f 461/579/55 453/158/5 456/568/5
f 450/580/56 458/567/49 457/569/49
f 458/567/50 450/580/57 448/564/57
f 459/574/48 448/564/58 447/582/58
f 460/583/51 447/877/59 449/581/59
f 446/584/202 462/575/52 461/576/52
f 452/570/61 463/577/53 462/575/53
f 463/577/54 452/570/203 451/586/203
f 445/587/63 461/579/55 464/578/55
f 466/588/204 468/878/204 467/589/204
f 470/589/205 472/590/205 471/588/205
f 474/592/5 476/879/5 475/593/5
f 478/592/1 480/880/1 479/593/1
f 490/595/1 495/608/17 496/596/2
f 484/598/3 486/613/3 485/599/3
f 493/601/4 494/881/4 491/602/5
f 488/604/6 482/882/6 481/605/6
f 491/607/7 494/614/8 495/608/8
f 489/597/9 496/596/10 493/601/10
f 497/609/11 498/611/11 490/595/1
f 499/610/12 491/607/7 490/595/7
f 491/602/5 499/619/13 500/612/13
f 497/609/14 489/597/9 492/603/9
f 486/613/15 494/881/4 493/601/4
f 494/614/8 486/883/16 484/615/16
f 495/608/17 484/615/18 483/616/18
f 496/596/10 483/616/19 485/599/19
f 482/617/20 498/611/11 497/609/11
f 488/618/21 499/610/12 498/611/12
f 499/619/13 488/884/22 487/606/22
f 481/605/23 497/609/14 500/612/14
f 516/620/2 515/632/17 510/621/1
f 505/623/3 506/641/3 504/624/3
f 513/626/169 512/639/5 511/627/5
f 501/629/6 502/645/6 508/630/6
f 515/632/10 514/628/10 511/627/9
f 513/633/8 516/620/8 509/622/7
f 517/635/11 509/622/1 510/621/1
f 510/621/9 511/627/9 519/637/14
f 520/638/13 519/637/13 511/627/5
f 512/634/7 509/622/7 517/635/12
f 505/623/15 513/626/169 514/628/4
f 504/642/19 506/641/19 514/628/10
f 503/643/18 504/642/18 515/632/17
f 505/644/16 503/643/16 516/620/8
f 517/635/11 518/636/11 502/645/20
f 518/636/14 519/637/14 508/630/23
f 507/647/22 508/630/22 519/637/13
f 520/640/12 517/635/12 501/646/21
f 530/172/3 535/185/48 536/173/48
f 524/649/7 526/885/7 525/650/7
f 534/178/49 531/189/6 532/179/6
f 528/181/9 522/835/9 521/182/9
f 531/651/1 534/184/50 535/185/50
f 529/174/5 536/173/51 533/180/51
f 538/186/52 530/172/3 529/174/3
f 539/188/53 531/651/1 530/172/1
f 531/189/6 539/195/54 540/652/54
f 537/187/55 529/174/5 532/179/5
f 526/653/56 534/178/49 533/180/49
f 534/184/50 526/836/57 524/654/57
f 535/185/48 524/654/58 523/177/58
f 536/173/51 523/177/59 525/650/59
f 522/655/60 538/186/52 537/187/52
f 528/656/61 539/188/53 538/186/53
f 539/195/54 528/837/62 527/183/62
f 521/182/63 537/187/55 540/652/55
f 550/657/3 555/669/48 556/658/48
f 544/660/7 546/676/7 545/661/7
f 554/663/49 551/668/6 552/412/6
f 548/665/9 542/680/9 541/666/9
f 551/668/1 554/663/50 555/669/50
f 549/670/5 556/679/51 553/664/51
f 558/671/52 550/657/3 549/659/3
f 559/673/53 551/668/1 550/657/1
f 551/668/6 559/673/54 560/674/54
f 557/675/55 549/670/5 552/412/5
f 546/676/56 554/663/49 553/664/49
f 554/663/50 546/676/57 544/660/57
f 555/669/48 544/660/58 543/678/58
f 556/679/51 543/886/59 545/677/59
f 542/680/60 558/671/52 557/672/52
f 548/665/61 559/673/53 558/671/53
f 559/673/54 548/665/62 547/682/62
f 541/683/63 557/675/55 560/674/55
f 570/684/3 575/705/48 576/685/48
f 564/687/7 566/703/7 565/688/7
f 574/690/49 571/696/6 572/691/6
f 568/693/9 562/887/9 561/694/9
f 571/696/1 574/690/50 575/697/50
f 572/691/5 569/686/5 576/685/51
f 578/699/52 570/684/3 569/686/3
f 578/701/53 579/710/53 571/696/1
f 571/696/6 579/710/54 580/702/54
f 577/700/55 569/686/5 572/691/5
f 566/703/56 574/690/49 573/692/49
f 574/690/50 566/703/57 564/704/57
f 575/705/48 564/888/58 563/706/58
f 576/685/51 563/706/59 565/688/59
f 562/707/60 578/699/52 577/700/52
f 568/693/61 579/710/53 578/701/53
f 579/710/54 568/693/62 567/695/62
f 561/708/63 577/700/55 580/702/55
f 590/711/152 595/724/17 596/712/2
f 584/714/3 586/889/3 585/715/3
f 593/717/4 594/890/4 591/718/153
f 588/720/6 582/891/6 581/721/6
f 591/723/154 594/731/8 595/724/8
f 589/713/156 596/712/10 593/717/10
f 597/725/158 598/727/164 590/711/152
f 599/726/159 591/723/154 590/711/155
f 591/718/153 599/735/166 600/728/161
f 597/725/162 589/713/156 592/719/157
f 586/729/15 594/890/4 593/717/4
f 594/731/8 586/892/16 584/714/16
f 595/724/17 584/714/18 583/716/18
f 596/712/10 583/716/19 585/730/19
f 581/732/20 582/734/20 598/727/164
f 588/733/165 599/726/159 598/727/160
f 599/735/166 588/720/22 587/722/22
f 581/732/167 597/725/162 600/728/163
f 616/736/2 615/759/17 610/737/152
f 605/739/3 606/756/3 604/740/3
f 612/742/168 611/749/175 614/743/4
f 601/745/6 602/760/6 608/746/6
f 615/748/10 614/743/10 611/749/156
f 613/744/8 616/736/8 609/738/154
f 617/751/170 609/738/1 610/737/152
f 610/750/157 611/749/156 619/753/172
f 620/755/174 619/753/178 611/749/175
f 612/742/155 609/738/154 617/751/176
f 613/744/4 614/743/4 606/756/15
f 604/757/19 606/756/19 614/743/10
f 603/758/18 604/893/18 615/759/17
f 605/739/16 603/758/16 616/736/8
f 617/751/170 618/752/171 602/760/20
f 618/754/173 619/753/172 608/761/23
f 607/763/22 608/761/22 619/753/178
f 620/755/177 617/751/176 601/745/21
f 630/764/3 635/777/48 636/765/48
f 624/767/7 626/784/7 625/768/7
f 634/770/49 631/776/6 632/771/6
f 628/773/9 622/788/9 621/774/9
f 631/776/1 634/770/50 635/777/50
f 629/778/5 636/787/51 633/772/51
f 638/779/52 630/764/3 629/766/3
f 639/781/53 631/776/1 630/764/1
f 631/776/6 639/781/54 640/782/54
f 637/783/55 629/778/5 632/771/5
f 626/784/56 634/770/49 633/772/49
f 634/770/50 626/784/57 624/767/57
f 635/777/48 624/767/58 623/786/58
f 636/787/51 623/894/59 625/785/59
f 622/788/60 638/779/52 637/780/52
f 628/773/61 639/781/53 638/779/53
f 639/781/54 628/773/62 627/790/62
f 621/791/63 637/783/55 640/782/55
f 650/792/3 655/804/48 656/793/48
f 644/794/7 646/811/7 645/795/7
f 654/797/49 651/803/6 652/798/6
f 648/800/9 642/815/9 641/801/9
f 651/803/1 654/797/50 655/804/50
f 649/805/5 656/814/51 653/799/51
f 658/806/52 650/792/3 649/407/3
f 659/808/53 651/803/1 650/792/1
f 651/803/6 659/808/54 660/809/54
f 657/810/55 649/805/5 652/798/5
f 646/811/56 654/797/49 653/799/49
f 654/797/50 646/811/57 644/794/57
f 655/804/48 644/794/58 643/813/58
f 656/814/51 643/895/59 645/812/59
f 642/815/202 658/806/52 657/807/52
f 648/800/61 659/808/53 658/806/53
f 659/808/54 648/800/203 647/817/203
f 641/818/63 657/810/55 660/809/55
o standBlue
v 11.226490 2.285913 -3.637809
v 11.860643 2.285913 -3.637809
v 11.226490 2.285914 1.872183
v 11.860643 2.285914 1.872183
v 11.226490 2.920065 1.872183
v 11.860643 2.920065 1.872183
v 11.226490 2.920065 -3.637809
v 11.860643 2.920065 -3.637809
v 11.288420 2.347843 0.015195
v 11.798712 2.347843 0.015195
v 11.798712 2.858135 0.015194
v 11.288420 2.858135 0.015194
v 11.232985 2.913572 1.509172
v 11.854149 2.913572 1.509172
v 11.854149 2.292407 1.509172
v 11.232985 2.292407 1.509172
v 11.232985 2.292407 -1.773899
v 11.854149 2.292407 -1.773899
v 11.854149 2.913571 -1.773899
v 11.232985 2.913571 -1.773899
v 4.838113 2.285913 -3.637809
v 4.203960 2.285913 -3.637809
v 4.838113 2.285914 1.872183
v 4.203960 2.285914 1.872183
v 4.838113 2.920065 1.872183
v 4.203960 2.920065 1.872183
v 4.838113 2.920065 -3.637809
v 4.203960 2.920065 -3.637809
v 4.776184 2.347843 0.015195
v 4.265892 2.347843 0.015195
v 4.265892 2.858135 0.015194
v 4.776184 2.858135 0.015194
v 4.831619 2.913572 1.509172
v 4.210454 2.913572 1.509172
v 4.210454 2.292407 1.509172
v 4.831619 2.292407 1.509172
v 4.831619 2.292407 -1.773899
v 4.210454 2.292407 -1.773899
v 4.210454 2.913571 -1.773899
v 4.831619 2.913571 -1.773899
v 11.339924 5.827705 -3.014347
v 11.339924 5.477810 -2.812334
v 11.339924 9.221066 2.844823
v 11.339924 8.841331 2.982800
v 11.743948 9.221066 2.844823
v 11.743948 8.841331 2.982800
v 11.743948 5.827705 -3.014347
v 11.743948 5.477810 -2.812334
v 11.379379 7.785397 0.455387
v 11.379379 7.503842 0.617943
v 11.704493 7.503842 0.617943
v 11.704493 7.785397 0.455387
v 11.739811 8.822769 2.181530
v 11.739811 8.480039 2.379405
v 11.344059 8.480039 2.379405
v 11.344059 8.822769 2.181530
v 11.344059 6.809200 -1.306074
v 11.344059 6.466470 -1.108199
v 11.739811 6.466470 -1.108199
v 11.739811 6.809200 -1.306074
v 4.788202 -0.061930 -3.653004
v 4.154050 -0.061930 -3.653004
v 4.788202 -0.061930 3.653004
v 4.154050 -0.061930 3.653004
v 4.788202 0.572222 3.653004
v 4.154050 0.572222 3.653004
v 4.788202 0.572222 -3.653004
v 4.154050 0.572222 -3.653004
v 4.726273 -0.000000 -0.000000
v 4.215981 -0.000000 -0.000000
v 4.215981 0.510292 -0.000000
v 4.726273 0.510292 -0.000000
v 4.781708 0.565728 1.789094
v 4.160544 0.565728 1.789094
v 4.160544 -0.055436 1.789094
v 4.781708 -0.055436 1.789094
v 4.781708 -0.055436 -1.789094
v 4.160544 -0.055436 -1.789094
v 4.160544 0.565728 -1.789094
v 4.781708 0.565728 -1.789094
v 11.276402 -0.061930 -3.653004
v 11.910555 -0.061930 -3.653004
v 11.276402 -0.061930 3.653004
v 11.910555 -0.061930 3.653004
v 11.276402 0.572222 3.653004
v 11.910555 0.572222 3.653004
v 11.276402 0.572222 -3.653004
v 11.910555 0.572222 -3.653004
v 11.338331 -0.000000 -0.000000
v 11.848623 -0.000000 -0.000000
v 11.848623 0.510292 -0.000000
v 11.338331 0.510292 -0.000000
v 11.282896 0.565728 1.789094
v 11.904060 0.565728 1.789094
v 11.904060 -0.055436 1.789094
v 11.282896 -0.055436 1.789094
v 11.282896 -0.055436 -1.789094
v 11.904060 -0.055436 -1.789094
v 11.904060 0.565728 -1.789094
v 11.282896 0.565728 -1.789094
v 4.226613 0.294402 3.128537
v 11.837992 0.294402 3.128537
v 4.226613 1.070974 3.128537
v 11.837992 1.070974 3.128537
v 4.226613 1.070974 3.011112
v 11.837992 1.070974 3.011112
v 4.226613 0.294402 3.011112
v 11.837992 0.294402 3.011112
v 4.032302 0.364569 -2.797987
v 4.032302 -0.039457 -2.797987
v 12.032303 0.364569 -2.797987
v 12.032303 -0.039457 -2.797987
v 12.032303 0.364569 -3.202013
v 12.032303 -0.039457 -3.202013
v 4.032302 0.364569 -3.202013
v 4.032302 -0.039457 -3.202013
v 8.016027 0.325113 -2.837444
v 8.016027 -0.000000 -2.837444
v 8.016027 -0.000000 -3.162556
v 8.016027 0.325113 -3.162556
v 10.029594 0.360431 -3.197875
v 10.029594 -0.035319 -3.197875
v 10.029594 -0.035319 -2.802125
v 10.029594 0.360431 -2.802125
v 6.002456 0.360431 -2.802125
v 6.002456 -0.035319 -2.802125
v 6.002456 -0.035319 -3.197875
v 6.002456 0.360431 -3.197875
v 4.032302 0.364569 3.202013
v 4.032302 -0.039456 3.202013
v 12.032303 0.364569 3.202013
v 12.032303 -0.039456 3.202013
v 12.032303 0.364569 2.797987
v 12.032303 -0.039456 2.797987
v 4.032302 0.364569 2.797987
v 4.032302 -0.039456 2.797987
v 8.016027 0.325113 3.162556
v 8.016027 0.000000 3.162556
v 8.016027 0.000000 2.837444
v 8.016027 0.325113 2.837444
v 10.029594 0.360432 2.802125
v 10.029594 -0.035319 2.802125
v 10.029594 -0.035319 3.197875
v 10.029594 0.360432 3.197875
v 6.002456 0.360432 3.197875
v 6.002456 -0.035319 3.197875
v 6.002456 -0.035319 2.802125
v 6.002456 0.360432 2.802125
v 4.032302 6.079456 -2.797987
v 4.032302 5.675431 -2.797987
v 12.032303 6.079456 -2.797987
v 12.032303 5.675431 -2.797987
v 12.032303 6.079455 -3.202013
v 12.032303 5.675430 -3.202013
v 4.032302 6.079455 -3.202013
v 4.032302 5.675430 -3.202013
v 8.016027 6.040000 -2.837444
v 8.016027 5.714887 -2.837444
v 8.016027 5.714887 -3.162557
v 8.016027 6.039999 -3.162557
v 10.029594 6.075318 -3.197876
v 10.029594 5.679568 -3.197876
v 10.029594 5.679568 -2.802125
v 10.029594 6.075318 -2.802125
v 6.002456 6.075318 -2.802125
v 6.002456 5.679568 -2.802125
v 6.002456 5.679568 -3.197876
v 6.002456 6.075318 -3.197876
v 4.838113 -0.218922 -2.640165
v 4.203960 -0.218922 -2.640165
v 4.838113 6.218922 -2.640166
v 4.203960 6.218922 -2.640166
v 4.838113 6.218922 -3.359835
v 4.203960 6.218922 -3.359835
v 4.838113 -0.218922 -3.359834
v 4.203960 -0.218922 -3.359834
v 4.776184 2.999999 -2.710447
v 4.265892 2.999999 -2.710447
v 4.265892 2.999999 -3.289553
v 4.776184 2.999999 -3.289553
v 4.831619 4.576497 -3.352465
v 4.210454 4.576497 -3.352465
v 4.210454 4.576498 -2.647535
v 4.831619 4.576498 -2.647535
v 4.831619 1.423502 -2.647535
v 4.210454 1.423502 -2.647535
v 4.210454 1.423502 -3.352465
v 4.831619 1.423502 -3.352465
v 11.226490 -0.218922 -2.640165
v 11.860643 -0.218922 -2.640165
v 11.226490 6.218922 -2.640166
v 11.860643 6.218922 -2.640166
v 11.226490 6.218922 -3.359835
v 11.860643 6.218922 -3.359835
v 11.226490 -0.218922 -3.359834
v 11.860643 -0.218922 -3.359834
v 11.288420 2.999999 -2.710447
v 11.798712 2.999999 -2.710447
v 11.798712 2.999999 -3.289553
v 11.288420 2.999999 -3.289553
v 11.232985 4.576497 -3.352465
v 11.854149 4.576497 -3.352465
v 11.854149 4.576498 -2.647535
v 11.232985 4.576498 -2.647535
v 11.232985 1.423502 -2.647535
v 11.854149 1.423502 -2.647535
v 11.854149 1.423502 -3.352465
v 11.232985 1.423502 -3.352465
v 4.838113 0.682924 -3.653004
v 4.203960 0.682924 -3.653004
v 4.838113 0.682924 3.653004
v 4.203960 0.682924 3.653004
v 4.838113 1.317076 3.653004
v 4.203960 1.317076 3.653004
v 4.838113 1.317076 -3.653004
v 4.203960 1.317076 -3.653004
v 4.776184 0.744854 -0.000000
v 4.265892 0.744854 -0.000000
v 4.265892 1.255146 -0.000000
v 4.776184 1.255146 -0.000000
v 4.831619 1.310583 1.789094
v 4.210454 1.310583 1.789094
v 4.210454 0.689418 1.789094
v 4.831619 0.689418 1.789094
v 4.831619 0.689417 -1.789094
v 4.210454 0.689417 -1.789094
v 4.210454 1.310582 -1.789094
v 4.831619 1.310582 -1.789094
v 11.226490 0.682924 -3.653004
v 11.860643 0.682924 -3.653004
v 11.226490 0.682924 3.653004
v 11.860643 0.682924 3.653004
v 11.226490 1.317076 3.653004
v 11.860643 1.317076 3.653004
v 11.226490 1.317076 -3.653004
v 11.860643 1.317076 -3.653004
v 11.288420 0.744854 -0.000000
v 11.798712 0.744854 -0.000000
v 11.798712 1.255146 -0.000000
v 11.288420 1.255146 -0.000000
v 11.232985 1.310583 1.789094
v 11.854149 1.310583 1.789094
v 11.854149 0.689418 1.789094
v 11.232985 0.689418 1.789094
v 11.232985 0.689417 -1.789094
v 11.854149 0.689417 -1.789094
v 11.854149 1.310582 -1.789094
v 11.232985 1.310582 -1.789094
v 4.032302 2.765438 1.284969
v 4.032302 2.362917 1.250135
v 12.032303 2.765438 1.284969
v 12.032303 2.362917 1.250135
v 12.032303 2.800273 0.882448
v 12.032303 2.397752 0.847614
v 4.032302 2.800273 0.882448
v 4.032302 2.397752 0.847614
v 8.016027 2.729531 1.242258
v 8.016027 2.405629 1.214227
v 8.016027 2.433659 0.890325
v 8.016027 2.757562 0.918356
v 10.029594 2.795794 0.886214
v 10.029594 2.401517 0.852093
v 10.029594 2.367396 1.246370
v 10.029594 2.761673 1.280491
v 6.002456 2.761673 1.280491
v 6.002456 2.367396 1.246370
v 6.002456 2.401517 0.852093
v 6.002456 2.795794 0.886214
v 4.032302 1.209199 -2.797987
v 4.032302 0.805174 -2.797987
v 12.032303 1.209199 -2.797987
v 12.032303 0.805174 -2.797987
v 12.032303 1.209199 -3.202013
v 12.032303 0.805174 -3.202013
v 4.032302 1.209199 -3.202013
v 4.032302 0.805174 -3.202013
v 8.016027 1.169743 -2.837444
v 8.016027 0.844630 -2.837444
v 8.016027 0.844630 -3.162556
v 8.016027 1.169743 -3.162556
v 10.029594 1.205062 -3.197875
v 10.029594 0.809311 -3.197875
v 10.029594 0.809311 -2.802125
v 10.029594 1.205062 -2.802125
v 6.002456 1.205062 -2.802125
v 6.002456 0.809311 -2.802125
v 6.002456 0.809311 -3.197875
v 6.002456 1.205062 -3.197875
v 4.032302 1.194246 3.226911
v 4.032302 0.791202 3.198774
v 12.032303 1.194246 3.226911
v 12.032303 0.791202 3.198774
v 12.032303 1.222382 2.823866
v 12.032303 0.819338 2.795730
v 4.032302 1.222382 2.823866
v 4.032302 0.819338 2.795730
v 8.016027 1.157633 3.184803
v 8.016027 0.833310 3.162162
v 8.016027 0.855951 2.837838
v 8.016027 1.180274 2.860479
v 10.029594 1.217967 2.827706
v 10.029594 0.823177 2.800145
v 10.029594 0.795617 3.194935
v 10.029594 1.190407 3.222495
v 6.002456 1.190407 3.222495
v 6.002456 0.795617 3.194935
v 6.002456 0.823177 2.800145
v 6.002456 1.217967 2.827706
v 4.032302 4.445201 -0.827894
v 4.032302 4.042646 -0.862335
v 12.032303 4.445201 -0.827894
v 12.032303 4.042646 -0.862335
v 12.032303 4.479641 -1.230449
v 12.032303 4.077087 -1.264890
v 4.032302 4.479641 -1.230449
v 4.032302 4.077087 -1.264890
v 8.016027 4.409252 -0.870570
v 8.016027 4.085322 -0.898284
v 8.016027 4.113036 -1.222213
v 8.016027 4.436965 -1.194499
v 10.029594 4.475166 -1.226679
v 10.029594 4.080856 -1.260414
v 10.029594 4.047121 -0.866104
v 10.029594 4.441431 -0.832368
v 6.002456 4.441431 -0.832368
v 6.002456 4.047121 -0.866104
v 6.002456 4.080856 -1.260414
v 6.002456 4.475166 -1.226679
v 4.342558 5.827705 -3.014347
v 4.342558 5.477810 -2.812334
v 4.342558 9.221066 2.844823
v 4.342558 8.841331 2.982800
v 4.746583 9.221066 2.844823
v 4.746583 8.841331 2.982800
v 4.746583 5.827705 -3.014347
v 4.746583 5.477810 -2.812334
v 4.382015 7.785397 0.455387
v 4.382015 7.503842 0.617943
v 4.707127 7.503842 0.617943
v 4.707127 7.785397 0.455387
v 4.742446 8.822769 2.181530
v 4.742446 8.480039 2.379405
v 4.346695 8.480039 2.379405
v 4.346695 8.822769 2.181530
v 4.346695 6.809200 -1.306074
v 4.346695 6.466470 -1.108199
v 4.742446 6.466470 -1.108199
v 4.742446 6.809200 -1.306074
v 4.818608 0.000000 1.031570
v 11.246000 0.000000 1.031570
v 4.818608 2.435803 1.031570
v 11.246000 2.435803 1.031570
v 4.818608 2.435803 0.914145
v 11.246000 2.435803 0.914145
v 4.818608 0.000000 0.914145
v 11.246000 0.000000 0.914145
v 4.818608 0.050392 2.909995
v 11.246000 0.050392 2.909995
v 4.818608 0.050392 0.474192
v 11.246000 0.050392 0.474192
v 11.226490 3.975619 -3.653004
v 11.860643 3.975619 -3.653004
v 11.226490 3.975619 -0.394353
v 11.860643 3.975619 -0.394353
v 11.226490 4.609771 -0.394353
v 11.860643 4.609771 -0.394353
v 11.226490 4.609771 -3.653004
v 11.860643 4.609771 -3.653004
v 11.288420 4.037549 -2.251341
v 11.798712 4.037549 -2.251341
v 11.798712 4.547841 -2.251341
v 11.288420 4.547841 -2.251341
v 11.232985 4.603278 -0.757363
v 11.854149 4.603278 -0.757363
v 11.854149 3.982113 -0.757363
v 11.232985 3.982113 -0.757363
v 11.232985 3.982113 -2.417169
v 11.854149 3.982113 -2.417169
v 11.854149 4.603278 -2.417169
v 11.232985 4.603278 -2.417169
v 4.838113 3.975619 -3.653004
v 4.203960 3.975619 -3.653004
v 4.838113 3.975619 -0.394353
v 4.203960 3.975619 -0.394353
v 4.838113 4.609771 -0.394353
v 4.203960 4.609771 -0.394353
v 4.838113 4.609771 -3.653004
v 4.203960 4.609771 -3.653004
v 4.776184 4.037549 -2.251341
v 4.265892 4.037549 -2.251341
v 4.265892 4.547841 -2.251341
v 4.776184 4.547841 -2.251341
v 4.831619 4.603278 -0.757363
v 4.210454 4.603278 -0.757363
v 4.210454 3.982113 -0.757363
v 4.831619 3.982113 -0.757363
v 4.831619 3.982113 -2.417169
v 4.210454 3.982113 -2.417169
v 4.210454 4.603278 -2.417169
v 4.831619 4.603278 -2.417169
v 4.818607 4.111872 -1.129323
v 11.246000 4.111872 -1.129323
v 4.818607 1.676069 -1.129323
v 11.246000 1.676069 -1.129323
v 4.818607 1.676069 -1.011899
v 11.246000 1.676069 -1.011899
v 4.818607 4.111872 -1.011900
v 11.246000 4.111872 -1.011900
v 4.818607 1.775339 0.863153
v 11.246000 1.775339 0.863153
v 4.818607 1.775339 -1.572651
v 11.246000 1.775339 -1.572651
v 4.818607 1.657915 -1.572651
v 11.246000 1.657915 -1.572651
v 4.818607 1.657915 0.863153
v 11.246000 1.657915 0.863153
v 4.011555 8.984547 2.351387
v 4.011555 8.552515 2.581657
v 12.053049 8.984547 2.351387
v 12.053049 8.552515 2.581657
v 12.053049 8.793526 1.992994
v 12.053049 8.361494 2.223264
v 4.011555 8.793526 1.992994
v 4.011555 8.361494 2.223264
v 8.016027 8.892932 2.354319
v 8.016027 8.606027 2.507237
v 8.016027 8.453110 2.220332
v 8.016027 8.740014 2.067414
v 10.029594 8.754569 2.019633
v 10.029594 8.405328 2.205777
v 10.029594 8.591472 2.555017
v 10.029594 8.940713 2.368874
v 6.002456 8.940713 2.368874
v 6.002456 8.591472 2.555017
v 6.002456 8.405328 2.205777
v 6.002456 8.754569 2.019633
v 4.747713 5.744252 -3.134528
v 11.316893 5.744252 -3.134528
v 4.747713 0.268308 -3.134527
v 11.316893 0.268308 -3.134527
v 4.747713 0.268308 -3.017103
v 11.316893 0.268308 -3.017103
v 4.747713 5.744252 -3.017104
v 11.316893 5.744252 -3.017104
v 4.032302 2.067565 1.254289
v 4.032302 1.663540 1.254289
v 12.032303 2.067565 1.254289
v 12.032303 1.663540 1.254289
v 12.032303 2.067565 0.850264
v 12.032303 1.663540 0.850264
v 4.032302 2.067565 0.850264
v 4.032302 1.663540 0.850264
v 8.016027 2.028109 1.214833
v 8.016027 1.702996 1.214833
v 8.016027 1.702996 0.889720
v 8.016027 2.028109 0.889720
v 10.029594 2.063428 0.854401
v 10.029594 1.667677 0.854401
v 10.029594 1.667677 1.250152
v 10.029594 2.063428 1.250152
v 6.002456 2.063428 1.250152
v 6.002456 1.667677 1.250152
v 6.002456 1.667677 0.854401
v 6.002456 2.063428 0.854401
v 4.747713 8.657825 2.242415
v 11.316893 8.657825 2.242415
v 4.747713 5.923038 -2.501727
v 11.316893 5.923038 -2.501727
v 4.747713 5.821307 -2.443083
v 11.316893 5.821307 -2.443083
v 4.747713 8.556094 2.301059
v 11.316893 8.556094 2.301059
v 4.851824 2.847819 -1.115194
v 11.212782 2.847819 -1.115194
v 4.851824 2.847819 -3.057170
v 11.212782 2.847819 -3.057170
v 4.851824 2.730395 -3.057171
v 11.212782 2.730395 -3.057171
v 4.851824 2.730395 -1.115194
v 11.212782 2.730395 -1.115194
v 11.226490 1.527846 -3.653004
v 11.860643 1.527846 -3.653004
v 11.226490 1.527846 1.856988
v 11.860643 1.527846 1.856988
v 11.226490 2.161998 1.856988
v 11.860643 2.161998 1.856988
v 11.226490 2.161997 -3.653004
v 11.860643 2.161997 -3.653004
v 11.288420 1.589776 -0.000000
v 11.798712 1.589776 -0.000000
v 11.798712 2.100067 -0.000000
v 11.288420 2.100067 -0.000000
v 11.232985 2.155504 1.493977
v 11.854149 2.155504 1.493977
v 11.854149 1.534339 1.493977
v 11.232985 1.534339 1.493977
v 11.232985 1.534339 -1.789094
v 11.854149 1.534339 -1.789094
v 11.854149 2.155504 -1.789094
v 11.232985 2.155504 -1.789094
v 4.838113 1.527846 -3.653004
v 4.203960 1.527846 -3.653004
v 4.838113 1.527846 1.856988
v 4.203960 1.527846 1.856988
v 4.838113 2.161998 1.856988
v 4.203960 2.161998 1.856988
v 4.838113 2.161997 -3.653004
v 4.203960 2.161997 -3.653004
v 4.776184 1.589776 -0.000000
v 4.265892 1.589776 -0.000000
v 4.265892 2.100067 -0.000000
v 4.776184 2.100067 -0.000000
v 4.831619 2.155504 1.493977
v 4.210454 2.155504 1.493977
v 4.210454 1.534339 1.493977
v 4.831619 1.534339 1.493977
v 4.831619 1.534339 -1.789094
v 4.210454 1.534339 -1.789094
v 4.210454 2.155504 -1.789094
v 4.831619 2.155504 -1.789094
v 4.032302 2.793550 -2.797987
v 4.032302 2.389525 -2.797987
v 12.032303 2.793550 -2.797987
v 12.032303 2.389525 -2.797987
v 12.032303 2.793550 -3.202013
v 12.032303 2.389525 -3.202013
v 4.032302 2.793550 -3.202013
v 4.032302 2.389525 -3.202013
v 8.016027 2.754094 -2.837444
v 8.016027 2.428981 -2.837444
v 8.016027 2.428981 -3.162556
v 8.016027 2.754094 -3.162556
v 10.029594 2.789413 -3.197875
v 10.029594 2.393662 -3.197875
v 10.029594 2.393662 -2.802125
v 10.029594 2.789413 -2.802125
v 6.002456 2.789413 -2.802125
v 6.002456 2.393662 -2.802125
v 6.002456 2.393662 -3.197875
v 6.002456 2.789413 -3.197875
v 4.032302 2.072231 -2.797987
v 4.032302 1.668206 -2.797987
v 12.032303 2.072231 -2.797987
v 12.032303 1.668206 -2.797987
v 12.032303 2.072231 -3.202013
v 12.032303 1.668206 -3.202013
v 4.032302 2.072231 -3.202013
v 4.032302 1.668206 -3.202013
v 8.016027 2.032775 -2.837444
v 8.016027 1.707662 -2.837444
v 8.016027 1.707662 -3.162556
v 8.016027 2.032775 -3.162556
v 10.029594 2.068094 -3.197875
v 10.029594 1.672343 -3.197875
v 10.029594 1.672343 -2.802125
v 10.029594 2.068094 -2.802125
v 6.002456 2.068094 -2.802125
v 6.002456 1.672343 -2.802125
v 6.002456 1.672343 -3.197875
v 6.002456 2.068094 -3.197875
v 4.032302 3.671546 -0.858236
v 4.032302 3.267521 -0.858236
v 12.032303 3.671546 -0.858236
v 12.032303 3.267521 -0.858236
v 12.032303 3.671546 -1.262261
v 12.032303 3.267521 -1.262261
v 4.032302 3.671546 -1.262261
v 4.032302 3.267521 -1.262261
v 8.016027 3.632090 -0.897692
v 8.016027 3.306977 -0.897692
v 8.016027 3.306977 -1.222805
v 8.016027 3.632090 -1.222805
v 10.029594 3.667409 -1.258124
v 10.029594 3.271658 -1.258124
v 10.029594 3.271658 -0.862373
v 10.029594 3.667409 -0.862373
v 6.002456 3.667409 -0.862373
v 6.002456 3.271658 -0.862373
v 6.002456 3.271658 -1.258124
v 6.002456 3.667409 -1.258124
v 11.226490 3.150039 -3.653004
v 11.860643 3.150039 -3.653004
v 11.226490 3.150040 -0.394353
v 11.860643 3.150040 -0.394353
v 11.226490 3.784191 -0.394353
v 11.860643 3.784191 -0.394353
v 11.226490 3.784191 -3.653004
v 11.860643 3.784191 -3.653004
v 11.288420 3.211969 -2.251341
v 11.798712 3.211969 -2.251341
v 11.798712 3.722261 -2.251341
v 11.288420 3.722261 -2.251341
v 11.232985 3.777698 -0.757363
v 11.854149 3.777698 -0.757363
v 11.854149 3.156533 -0.757363
v 11.232985 3.156533 -0.757363
v 11.232985 3.156533 -2.417169
v 11.854149 3.156533 -2.417169
v 11.854149 3.777697 -2.417169
v 11.232985 3.777697 -2.417169
v 4.838113 3.150039 -3.653004
v 4.203960 3.150039 -3.653004
v 4.838113 3.150040 -0.394353
v 4.203960 3.150040 -0.394353
v 4.838113 3.784191 -0.394353
v 4.203960 3.784191 -0.394353
v 4.838113 3.784191 -3.653004
v 4.203960 3.784191 -3.653004
v 4.776184 3.211969 -2.251341
v 4.265892 3.211969 -2.251341
v 4.265892 3.722261 -2.251341
v 4.776184 3.722261 -2.251341
v 4.831619 3.777698 -0.757363
v 4.210454 3.777698 -0.757363
v 4.210454 3.156533 -0.757363
v 4.831619 3.156533 -0.757363
v 4.831619 3.156533 -2.417169
v 4.210454 3.156533 -2.417169
v 4.210454 3.777697 -2.417169
v 4.831619 3.777697 -2.417169
v 4.032302 4.490625 -2.797987
v 4.032302 4.086600 -2.797987
v 12.032303 4.490625 -2.797987
v 12.032303 4.086600 -2.797987
v 12.032303 4.490625 -3.202013
v 12.032303 4.086599 -3.202013
v 4.032302 4.490625 -3.202013
v 4.032302 4.086599 -3.202013
v 8.016027 4.451169 -2.837444
v 8.016027 4.126056 -2.837444
v 8.016027 4.126056 -3.162556
v 8.016027 4.451169 -3.162556
v 10.029594 4.486487 -3.197875
v 10.029594 4.090737 -3.197875
v 10.029594 4.090737 -2.802125
v 10.029594 4.486488 -2.802125
v 6.002456 4.486488 -2.802125
v 6.002456 4.090737 -2.802125
v 6.002456 4.090737 -3.197875
v 6.002456 4.486487 -3.197875
v 4.032302 3.658669 -2.797987
v 4.032302 3.254643 -2.797987
v 12.032303 3.658669 -2.797987
v 12.032303 3.254643 -2.797987
v 12.032303 3.658669 -3.202013
v 12.032303 3.254643 -3.202013
v 4.032302 3.658669 -3.202013
v 4.032302 3.254643 -3.202013
v 8.016027 3.619213 -2.837444
v 8.016027 3.294100 -2.837444
v 8.016027 3.294100 -3.162556
v 8.016027 3.619213 -3.162556
v 10.029594 3.654531 -3.197875
v 10.029594 3.258781 -3.197875
v 10.029594 3.258781 -2.802125
v 10.029594 3.654531 -2.802125
v 6.002456 3.654531 -2.802125
v 6.002456 3.258781 -2.802125
v 6.002456 3.258781 -3.197875
v 6.002456 3.654531 -3.197875
vn -0.0000 -1.0000 -0.0000
vn -0.0000 -0.9999 -0.0160
vn -0.0000 -0.0000 1.0000
vn -0.0000 0.9999 -0.0161
vn -0.0000 1.0000 -0.0000
vn -0.0000 -0.0000 -1.0000
vn 1.0000 -0.0000 -0.0000
vn 0.9999 -0.0000 -0.0161
vn -1.0000 -0.0000 -0.0000
vn -0.9999 -0.0000 -0.0161
vn -0.0000 -0.9999 0.0161
vn 0.9999 -0.0000 0.0161
vn -0.0000 0.9999 0.0161
vn -0.9999 -0.0000 0.0161
vn -0.0000 1.0000 -0.0035
vn 1.0000 -0.0000 -0.0035
vn -0.0000 -0.9999 -0.0161
vn -0.0000 -1.0000 -0.0035
vn -1.0000 -0.0000 -0.0035
vn -0.0000 -1.0000 0.0035
vn 1.0000 -0.0000 0.0035
vn -0.0000 1.0000 0.0035
vn -1.0000 -0.0000 0.0035
vn -1.0000 -0.0047 -0.0079
vn -0.0000 0.5000 0.8661
vn 1.0000 -0.0049 -0.0079
vn 1.0000 -0.0047 -0.0079
vn -0.0000 -0.5000 -0.8660
vn -0.0000 -0.8660 0.5000
vn -0.0000 -0.8706 0.4921
vn -0.0000 0.8660 -0.5000
vn -0.0000 0.8614 -0.5079
vn -1.0000 0.0046 0.0080
vn -0.0000 -0.8613 0.5080
vn 1.0000 0.0046 0.0080
vn -0.0000 0.8706 -0.4920
vn 1.0000 -0.0008 -0.0017
vn 1.0000 -0.0005 -0.0017
vn 0.0001 -0.8670 0.4983
vn -1.0000 -0.0008 -0.0017
vn -1.0000 -0.0005 -0.0017
vn -0.0000 0.8650 -0.5017
vn -1.0000 0.0010 0.0018
vn -0.0000 -0.8650 0.5018
vn 1.0000 0.0010 0.0018
vn -0.0000 0.8671 -0.4982
vn -0.0092 -0.0000 1.0000
vn -0.0092 -0.0000 -1.0000
vn -0.0092 -1.0000 -0.0000
vn -0.0092 1.0000 -0.0000
vn 0.0092 -0.0000 1.0000
vn 0.0093 -1.0000 -0.0000
vn 0.0092 -0.0000 -1.0000
vn 0.0093 1.0000 -0.0000
vn -0.0021 -0.0000 -1.0000
vn -0.0021 -1.0000 -0.0000
vn -0.0021 -0.0000 1.0000
vn -0.0021 1.0000 -0.0000
vn 0.0021 -0.0000 1.0000
vn 0.0021 -1.0000 -0.0000
vn 0.0021 -0.0000 -1.0000
vn 0.0021 1.0000 -0.0000
vn 0.0092 -1.0000 -0.0000
vn 0.0092 1.0000 -0.0000
vn 0.0018 -1.0000 -0.0000
vn 0.0018 1.0000 -0.0000
vn -0.0000 -0.0207 0.9998
vn -0.0000 -0.0207 -0.9998
vn -0.9998 -0.0183 -0.0000
vn 0.9998 -0.0182 -0.0000
vn -0.0000 0.0207 0.9998
vn -0.9998 0.0183 -0.0000
vn -0.0000 0.0207 -0.9998
vn 0.9998 0.0182 -0.0000
vn -0.0000 -0.0045 -1.0000
vn -1.0000 -0.0040 -0.0000
vn -0.0000 -0.0045 1.0000
vn 1.0000 -0.0040 -0.0000
vn -0.0000 0.0045 1.0000
vn -1.0000 0.0040 -0.0000
vn -0.0000 0.0045 -1.0000
vn 1.0000 0.0040 -0.0000
vn 0.9998 -0.0183 -0.0000
vn -0.9998 -0.0182 -0.0000
vn 0.9998 0.0183 -0.0000
vn -0.9998 0.0182 -0.0000
vn -0.0000 -0.0862 0.9963
vn -0.0092 -0.0862 0.9962
vn -0.0092 0.0862 -0.9962
vn -0.0000 0.0862 -0.9963
vn -0.0000 -0.9963 -0.0862
vn -0.0093 -0.9962 -0.0862
vn -0.0000 0.9963 0.0862
vn -0.0092 0.9962 0.0862
vn 0.0093 -0.0862 0.9962
vn 0.0092 -0.9962 -0.0862
vn 0.0092 0.0862 -0.9962
vn 0.0093 0.9962 0.0862
vn -0.0021 0.0862 -0.9963
vn -0.0021 -0.9963 -0.0862
vn -0.0021 -0.0862 0.9963
vn -0.0021 0.9963 0.0862
vn 0.0018 -0.0862 0.9963
vn 0.0021 -0.9963 -0.0862
vn 0.0018 0.0862 -0.9963
vn 0.0021 0.9963 0.0862
vn 0.0018 -0.0000 1.0000
vn 0.0018 -0.0000 -1.0000
vn -0.0000 -0.0696 0.9976
vn -0.0094 -0.0696 0.9975
vn -0.0094 0.0696 -0.9975
vn -0.0000 0.0696 -0.9976
vn -0.0000 -0.9976 -0.0696
vn -0.0093 -0.9975 -0.0696
vn -0.0000 0.9976 0.0696
vn -0.0093 0.9975 0.0696
vn 0.0093 -0.0696 0.9975
vn 0.0094 -0.9975 -0.0696
vn 0.0092 -0.9975 -0.0696
vn 0.0093 0.0696 -0.9975
vn 0.0092 0.9975 0.0696
vn -0.0021 0.0696 -0.9976
vn -0.0021 -0.9976 -0.0696
vn -0.0021 -0.0696 0.9976
vn -0.0021 0.9976 0.0696
vn 0.0018 -0.0696 0.9976
vn 0.0018 -0.9976 -0.0696
vn 0.0018 0.0696 -0.9976
vn 0.0021 0.9976 0.0696
vn -0.0000 -0.0852 0.9964
vn -0.0092 -0.0852 0.9963
vn -0.0092 0.0852 -0.9963
vn -0.0000 0.0852 -0.9964
vn -0.0093 0.0852 -0.9963
vn -0.0000 -0.9964 -0.0852
vn -0.0091 -0.9963 -0.0852
vn -0.0000 0.9964 0.0852
vn -0.0091 0.9963 0.0852
vn 0.0092 -0.0852 0.9963
vn 0.0092 -0.9963 -0.0852
vn 0.0092 0.0852 -0.9963
vn 0.0092 0.9963 0.0852
vn -0.0021 0.0852 -0.9964
vn -0.0021 -0.9964 -0.0852
vn -0.0021 -0.0852 0.9964
vn -0.0021 0.9964 0.0852
vn 0.0021 -0.0852 0.9964
vn 0.0093 -0.0852 0.9963
vn 0.0021 -0.9964 -0.0852
vn 0.0021 0.0852 -0.9964
vn 0.0021 0.9964 0.0852
vn -0.0000 0.8705 -0.4921
vn -0.0000 -0.8670 0.4983
vn -1.0000 0.0011 0.0018
vn -0.0000 0.8669 -0.4985
vn -0.0000 -1.0000 -0.0001
vn -0.0000 1.0000 -0.0001
vn 1.0000 -0.0000 0.0018
vn 1.0000 -0.0000 -0.0018
vn -1.0000 -0.0000 0.0018
vn -1.0000 -0.0000 -0.0018
vn -0.0007 -0.9999 0.0171
vn 0.9999 -0.0000 0.0171
vn 0.9999 -0.0007 0.0156
vn -0.0000 0.9999 0.0171
vn -0.9999 -0.0000 0.0171
vn -0.9999 0.0007 0.0156
vn -0.0000 -0.9999 0.0156
vn 1.0000 -0.0000 0.0036
vn 0.0007 0.9999 0.0156
vn -1.0000 -0.0000 0.0036
vn -0.0000 1.0000 0.0018
vn -0.0000 0.9999 -0.0160
vn 1.0000 -0.0000 -0.0001
vn -0.0000 -0.9999 0.0165
vn -0.0007 -0.9999 0.0161
vn -0.9999 0.0007 0.0171
vn -0.9999 -0.0000 0.0156
vn 0.0007 0.9999 0.0171
vn -0.0000 1.0000 -0.0018
vn 0.9999 -0.0000 0.0165
vn 0.9999 -0.0007 0.0161
vn -0.0000 0.9999 0.0156
vn -0.0000 0.4704 0.8825
vn -0.0092 0.4703 0.8824
vn -0.0091 -0.4703 -0.8824
vn -0.0000 -0.4704 -0.8825
vn -0.0000 -0.8825 0.4704
vn -0.0092 -0.8825 0.4703
vn -0.0092 -0.8824 0.4703
vn -0.0000 0.8825 -0.4704
vn -0.0092 0.8824 -0.4703
vn 0.0092 0.4703 0.8824
vn 0.0091 0.4703 0.8824
vn 0.0091 -0.8824 0.4704
vn 0.0092 -0.4703 -0.8824
vn 0.0091 -0.4703 -0.8824
vn 0.0091 0.8824 -0.4703
vn 0.0092 0.8824 -0.4704
vn -0.0021 -0.4704 -0.8825
vn -0.0020 -0.8825 0.4704
vn -0.0021 0.4704 0.8825
vn -0.0092 0.8825 -0.4703
vn -0.0020 0.8825 -0.4704
vn 0.0021 0.4704 0.8825
vn 0.0020 -0.8825 0.4704
vn 0.0092 -0.8824 0.4703
vn 0.0020 -0.4704 -0.8825
vn 0.0020 0.8825 -0.4704
vn -0.0000 0.8664 -0.4994
vn -0.0000 -0.8664 0.4994
vn -1.0000 -0.0049 -0.0079
vn -0.0093 -0.4703 -0.8824
vt 0.153129 0.467824
vt 0.067211 0.427931
vt 0.152803 0.437464
vt 0.006008 0.501147
vt 0.044527 0.537095
vt 0.007228 0.538377
vt 0.065835 0.535767
vt 0.153654 0.498631
vt 0.154336 0.529428
vt 0.406684 0.533708
vt 0.368950 0.570700
vt 0.369254 0.533322
vt 0.065085 0.463973
vt 0.155052 0.559755
vt 0.258903 0.461123
vt 0.257048 0.424761
vt 0.259698 0.497144
vt 0.259632 0.533114
vt 0.258616 0.569309
vt 0.043300 0.499996
vt 0.064682 0.499813
vt 0.043733 0.463152
vt 0.045901 0.426160
vt 0.068815 0.572033
vt 0.368305 0.458422
vt 0.367169 0.421132
vt 0.369053 0.495861
vt 0.064929 0.463948
vt 0.153502 0.437664
vt 0.153568 0.467998
vt 0.043299 0.500136
vt 0.007478 0.538768
vt 0.005991 0.501566
vt 0.153680 0.498801
vt 0.066045 0.535750
vt 0.064700 0.499871
vt 0.406481 0.570983
vt 0.369301 0.533456
vt 0.406704 0.533681
vt 0.069100 0.571730
vt 0.153951 0.529614
vt 0.154407 0.559974
vt 0.256785 0.425443
vt 0.258733 0.461600
vt 0.259862 0.533587
vt 0.258945 0.569984
vt 0.259727 0.497558
vt 0.044738 0.537175
vt 0.047846 0.574062
vt 0.043596 0.463210
vt 0.066975 0.427622
vt 0.367041 0.421166
vt 0.368307 0.458585
vt 0.369133 0.570773
vt 0.369075 0.496055
vt 0.211196 0.750035
vt 0.092882 0.725605
vt 0.210764 0.730857
vt 0.025358 0.821265
vt 0.048062 0.796496
vt 0.049112 0.820256
vt 0.092935 0.771867
vt 0.212101 0.788579
vt 0.093504 0.794968
vt 0.470197 0.787882
vt 0.446722 0.811963
vt 0.446437 0.788165
vt 0.211651 0.769308
vt 0.092739 0.748791
vt 0.212532 0.807753
vt 0.329686 0.743600
vt 0.328573 0.720378
vt 0.330355 0.766755
vt 0.330616 0.789903
vt 0.330464 0.813103
vt 0.051769 0.772900
vt 0.051434 0.748934
vt 0.047047 0.725563
vt 0.445423 0.740535
vt 0.444715 0.716779
vt 0.446009 0.764341
vt 0.160110 0.907115
vt 0.265717 0.874639
vt 0.266045 0.905396
vt 0.051720 0.946522
vt 0.013487 0.910061
vt 0.050809 0.909138
vt 0.161271 0.943093
vt 0.266774 0.966479
vt 0.163416 0.979254
vt 0.481291 0.901746
vt 0.518955 0.938765
vt 0.481650 0.939119
vt 0.159848 0.871067
vt 0.265316 0.844314
vt 0.266373 0.936154
vt 0.371980 0.903678
vt 0.370819 0.867699
vt 0.368673 0.831537
vt 0.372243 0.939727
vt 0.053145 0.983947
vt 0.050437 0.871638
vt 0.160652 0.834670
vt 0.480363 0.864229
vt 0.478931 0.826813
vt 0.371440 0.976123
vt 0.264593 0.844331
vt 0.370940 0.867359
vt 0.265259 0.874652
vt 0.518968 0.938523
vt 0.481259 0.901537
vt 0.518563 0.901172
vt 0.371946 0.903394
vt 0.266767 0.936153
vt 0.266013 0.905403
vt 0.051711 0.946707
vt 0.013484 0.910242
vt 0.050771 0.909304
vt 0.371180 0.975603
vt 0.267434 0.966473
vt 0.159976 0.871416
vt 0.161085 0.943446
vt 0.163169 0.979792
vt 0.160081 0.907413
vt 0.481656 0.938975
vt 0.372052 0.939388
vt 0.481542 0.976422
vt 0.368856 0.831013
vt 0.480305 0.864091
vt 0.050492 0.834367
vt 0.050378 0.871813
vt 0.053061 0.983991
vt 0.968063 0.043002
vt 0.487166 0.097366
vt 0.486631 0.048246
vt 0.487168 0.097379
vt 0.968061 0.042989
vt 0.968599 0.092108
vt 0.975490 0.042921
vt 0.968598 0.092121
vt 0.479739 0.097446
vt 0.479204 0.048327
vt 0.262110 0.659160
vt 0.379842 0.686543
vt 0.262078 0.678343
vt 0.498293 0.664408
vt 0.522200 0.640779
vt 0.522060 0.664543
vt 0.380851 0.640205
vt 0.262136 0.620609
vt 0.380744 0.617041
vt 0.027718 0.639186
vt 0.003962 0.662998
vt 0.003957 0.639199
vt 0.262123 0.639884
vt 0.380553 0.663353
vt 0.262169 0.601425
vt 0.143502 0.662726
vt 0.144053 0.685967
vt 0.143394 0.639563
vt 0.143693 0.616416
vt 0.144407 0.593227
vt 0.498440 0.640613
vt 0.498433 0.616786
vt 0.498003 0.688230
vt 0.380197 0.593800
vt 0.027729 0.662981
vt 0.027861 0.686756
vt 0.027868 0.615351
vt 0.028158 0.591553
vt 0.262133 0.620615
vt 0.380851 0.640198
vt 0.262122 0.639890
vt 0.522202 0.640736
vt 0.498297 0.664395
vt 0.498440 0.640583
vt 0.379847 0.686535
vt 0.262111 0.659166
vt 0.380555 0.663345
vt 0.003960 0.663007
vt 0.027717 0.639214
vt 0.027727 0.663018
vt 0.262164 0.601431
vt 0.380741 0.617034
vt 0.143689 0.616436
vt 0.143392 0.639583
vt 0.144400 0.593246
vt 0.262081 0.678349
vt 0.143503 0.662746
vt 0.498010 0.688202
vt 0.380191 0.593793
vt 0.498431 0.616769
vt 0.027862 0.615388
vt 0.028153 0.591581
vt 0.144056 0.685987
vt 0.262164 0.601428
vt 0.380743 0.617013
vt 0.262136 0.620611
vt 0.522081 0.664479
vt 0.498444 0.640551
vt 0.522246 0.640713
vt 0.380564 0.663324
vt 0.262128 0.639887
vt 0.380856 0.640177
vt 0.027740 0.663038
vt 0.003911 0.639289
vt 0.027725 0.639250
vt 0.262120 0.659162
vt 0.379859 0.686514
vt 0.262093 0.678345
vt 0.144400 0.593261
vt 0.143692 0.616450
vt 0.143514 0.662759
vt 0.144070 0.686000
vt 0.143399 0.639596
vt 0.498304 0.664344
vt 0.498020 0.688167
vt 0.380190 0.593772
vt 0.498433 0.616732
vt 0.028153 0.591616
vt 0.027865 0.615424
vt 0.027879 0.686816
vt 0.152364 0.270504
vt 0.246013 0.245883
vt 0.245787 0.276322
vt 0.018430 0.349574
vt 0.056773 0.391059
vt 0.019476 0.391892
vt 0.151823 0.311242
vt 0.245067 0.342620
vt 0.152275 0.347056
vt 0.471078 0.393020
vt 0.434872 0.349644
vt 0.472274 0.350704
vt 0.154070 0.387997
vt 0.244772 0.377208
vt 0.245373 0.311553
vt 0.338405 0.271343
vt 0.336797 0.235232
vt 0.338513 0.347866
vt 0.336629 0.389079
vt 0.338993 0.311997
vt 0.055456 0.311105
vt 0.055730 0.348632
vt 0.056001 0.268607
vt 0.154078 0.234178
vt 0.434081 0.232242
vt 0.435019 0.269687
vt 0.433749 0.391975
vt 0.435312 0.312239
vt 0.245899 0.376868
vt 0.152253 0.352070
vt 0.245726 0.346415
vt 0.056738 0.391110
vt 0.013506 0.354754
vt 0.055845 0.353799
vt 0.151783 0.311314
vt 0.245123 0.280086
vt 0.245375 0.311168
vt 0.476314 0.393128
vt 0.435035 0.353421
vt 0.477332 0.355788
vt 0.154167 0.234530
vt 0.244889 0.245482
vt 0.338377 0.351563
vt 0.336808 0.233763
vt 0.339037 0.310890
vt 0.055713 0.273775
vt 0.055374 0.311281
vt 0.152299 0.275485
vt 0.056835 0.231257
vt 0.153904 0.388415
vt 0.434027 0.390840
vt 0.435004 0.274442
vt 0.433989 0.232103
vt 0.338618 0.275000
vt 0.435403 0.310836
vt 0.159828 0.871119
vt 0.265288 0.844321
vt 0.265702 0.874646
vt 0.050795 0.909203
vt 0.014427 0.947507
vt 0.013502 0.910165
vt 0.160105 0.907167
vt 0.266384 0.936162
vt 0.161281 0.943143
vt 0.518584 0.901252
vt 0.481679 0.939054
vt 0.481288 0.901642
vt 0.163442 0.979304
vt 0.266797 0.966487
vt 0.266043 0.905404
vt 0.370803 0.867665
vt 0.368642 0.831503
vt 0.372258 0.939689
vt 0.371469 0.976086
vt 0.371980 0.903643
vt 0.051731 0.946631
vt 0.053179 0.984050
vt 0.050416 0.871746
vt 0.160617 0.834722
vt 0.478899 0.826743
vt 0.480346 0.864161
vt 0.481657 0.976363
vt 0.264615 0.844331
vt 0.370964 0.867350
vt 0.265284 0.874652
vt 0.518999 0.938501
vt 0.481287 0.901519
vt 0.518591 0.901150
vt 0.371974 0.903385
vt 0.266798 0.936153
vt 0.266041 0.905402
vt 0.051742 0.946724
vt 0.013512 0.910262
vt 0.050799 0.909321
vt 0.371213 0.975594
vt 0.267466 0.966473
vt 0.160000 0.871424
vt 0.161116 0.943455
vt 0.163203 0.979800
vt 0.160108 0.907421
vt 0.481687 0.938957
vt 0.372082 0.939379
vt 0.481575 0.976404
vt 0.368877 0.831004
vt 0.480330 0.864073
vt 0.050513 0.834385
vt 0.050402 0.871831
vt 0.053095 0.984008
vt 0.262135 0.620615
vt 0.380851 0.640210
vt 0.522202 0.640763
vt 0.498295 0.664420
vt 0.498440 0.640607
vt 0.379842 0.686548
vt 0.262109 0.659166
vt 0.380553 0.663358
vt 0.003958 0.662980
vt 0.027717 0.639190
vt 0.027724 0.662993
vt 0.262168 0.601431
vt 0.380743 0.617046
vt 0.143691 0.616423
vt 0.143392 0.639570
vt 0.144405 0.593234
vt 0.144051 0.685974
vt 0.143501 0.662733
vt 0.380196 0.593805
vt 0.498433 0.616794
vt 0.027865 0.615364
vt 0.028158 0.591556
vt 0.262118 0.639892
vt 0.380548 0.663360
vt 0.262105 0.659167
vt 0.498434 0.640623
vt 0.522087 0.664543
vt 0.498288 0.664416
vt 0.380738 0.617049
vt 0.262164 0.601433
vt 0.380191 0.593808
vt 0.003948 0.639229
vt 0.027724 0.662986
vt 0.003960 0.662996
vt 0.262131 0.620617
vt 0.380846 0.640213
vt 0.379837 0.686550
vt 0.262073 0.678351
vt 0.143389 0.639571
vt 0.143498 0.662734
vt 0.143688 0.616424
vt 0.144402 0.593235
vt 0.144048 0.685976
vt 0.498427 0.616794
vt 0.498299 0.593029
vt 0.498000 0.688229
vt 0.027713 0.639200
vt 0.027863 0.615361
vt 0.028156 0.591554
vt 0.027854 0.686764
vt 0.262122 0.639888
vt 0.380739 0.617022
vt 0.380851 0.640186
vt 0.522202 0.640712
vt 0.498299 0.664373
vt 0.498440 0.640560
vt 0.380557 0.663333
vt 0.262084 0.678347
vt 0.262113 0.659164
vt 0.027729 0.663036
vt 0.003955 0.639251
vt 0.027717 0.639233
vt 0.262160 0.601429
vt 0.262131 0.620613
vt 0.143392 0.639591
vt 0.144396 0.593255
vt 0.143687 0.616444
vt 0.144060 0.685995
vt 0.143505 0.662754
vt 0.379851 0.686523
vt 0.498295 0.592981
vt 0.498429 0.616747
vt 0.027860 0.615407
vt 0.027867 0.686802
vt 0.262079 0.678343
vt 0.380554 0.663347
vt 0.379844 0.686537
vt 0.522060 0.664531
vt 0.498440 0.640603
vt 0.522200 0.640767
vt 0.380851 0.640200
vt 0.262135 0.620609
vt 0.380742 0.617036
vt 0.027718 0.639197
vt 0.003962 0.663009
vt 0.003957 0.639209
vt 0.262111 0.659160
vt 0.262167 0.601425
vt 0.144055 0.685973
vt 0.143393 0.639568
vt 0.143503 0.662732
vt 0.143692 0.616422
vt 0.498431 0.616775
vt 0.498294 0.664397
vt 0.498005 0.688219
vt 0.498304 0.593010
vt 0.027863 0.686766
vt 0.027729 0.662992
vt 0.027866 0.615362
vt 0.028156 0.591564
vt 0.284669 0.729485
vt 0.403636 0.742622
vt 0.285042 0.748653
vt 0.445501 0.812331
vt 0.469282 0.788527
vt 0.469275 0.812310
vt 0.404264 0.788892
vt 0.285427 0.767911
vt 0.404283 0.765772
vt 0.051549 0.795854
vt 0.028410 0.820222
vt 0.027796 0.796465
vt 0.285805 0.787178
vt 0.403881 0.812065
vt 0.286161 0.806357
vt 0.166531 0.746897
vt 0.167296 0.793200
vt 0.168325 0.816426
vt 0.166709 0.770045
vt 0.445527 0.788511
vt 0.449719 0.765028
vt 0.443764 0.717997
vt 0.449093 0.741215
vt 0.050508 0.724414
vt 0.050706 0.748222
vt 0.052170 0.819612
vt 0.051049 0.772046
vt 0.520099 0.196879
vt 0.924955 0.038360
vt 0.926642 0.192428
vt 0.523560 0.198289
vt 0.926663 0.035365
vt 0.930030 0.189407
vt 0.520194 0.044249
vt 0.516134 0.198452
vt 0.512768 0.044411
vt 0.934089 0.035203
vt 0.926641 0.192428
vt 0.155573 0.057585
vt 0.243557 0.082954
vt 0.154201 0.088445
vt 0.302053 0.080110
vt 0.266052 0.118043
vt 0.264937 0.081332
vt 0.244555 0.118425
vt 0.156662 0.153707
vt 0.154894 0.121036
vt 0.074292 0.161929
vt 0.041068 0.203448
vt 0.036713 0.166332
vt 0.244782 0.189594
vt 0.160449 0.185093
vt 0.143870 0.087307
vt 0.146192 0.155200
vt 0.151156 0.190758
vt 0.144355 0.121190
vt 0.266448 0.154247
vt 0.245024 0.153950
vt 0.266115 0.190572
vt 0.241338 0.046552
vt 0.071038 0.086081
vt 0.146466 0.052573
vt 0.078386 0.199138
vt 0.071657 0.124201
vt 0.244531 0.087214
vt 0.155294 0.122392
vt 0.156199 0.089694
vt 0.303356 0.085371
vt 0.266475 0.122837
vt 0.265953 0.086193
vt 0.157664 0.185786
vt 0.244935 0.158003
vt 0.243680 0.194499
vt 0.037735 0.200048
vt 0.072366 0.159674
vt 0.075016 0.197428
vt 0.244988 0.122519
vt 0.155468 0.154981
vt 0.243340 0.051600
vt 0.159149 0.058221
vt 0.145695 0.088470
vt 0.144752 0.122529
vt 0.145169 0.156406
vt 0.148696 0.191032
vt 0.149711 0.052793
vt 0.266355 0.158632
vt 0.265039 0.195851
vt 0.264643 0.050100
vt 0.071962 0.121566
vt 0.073675 0.083547
vt 0.076773 0.046304
vt 0.527274 0.198209
vt 0.930376 0.035283
vt 0.933743 0.189324
vt 0.930378 0.035287
vt 0.527272 0.198206
vt 0.523907 0.044165
vt 0.519847 0.198372
vt 0.523906 0.044169
vt 0.519846 0.198368
vt 0.262155 0.641118
vt 0.380638 0.664623
vt 0.262135 0.660359
vt 0.500051 0.640620
vt 0.523455 0.669814
vt 0.499572 0.669418
vt 0.379887 0.594979
vt 0.262175 0.621878
vt 0.262211 0.602711
vt 0.002573 0.668199
vt 0.026176 0.639172
vt 0.026459 0.667969
vt 0.380811 0.618227
vt 0.381052 0.641434
vt 0.379558 0.687819
vt 0.262100 0.679526
vt 0.143256 0.640804
vt 0.143499 0.664011
vt 0.143671 0.617614
vt 0.144758 0.594419
vt 0.144431 0.687259
vt 0.499819 0.616729
vt 0.498794 0.587956
vt 0.498549 0.693290
vt 0.027828 0.586507
vt 0.027324 0.691838
vt 0.517893 0.387416
vt 0.929612 0.036505
vt 0.933404 0.382867
vt 0.262112 0.659160
vt 0.379845 0.686538
vt 0.262080 0.678343
vt 0.498295 0.664399
vt 0.522201 0.640769
vt 0.522062 0.664534
vt 0.380852 0.640201
vt 0.262137 0.620609
vt 0.380744 0.617037
vt 0.027718 0.639195
vt 0.003966 0.663012
vt 0.003956 0.639212
vt 0.262124 0.639884
vt 0.380555 0.663348
vt 0.143504 0.662731
vt 0.144056 0.685972
vt 0.143395 0.639567
vt 0.143693 0.616421
vt 0.498441 0.640605
vt 0.498433 0.616777
vt 0.498006 0.688221
vt 0.380196 0.593795
vt 0.027732 0.662989
vt 0.027864 0.686764
vt 0.027868 0.615360
vt 0.028158 0.591562
vt 0.944968 0.945690
vt 0.557152 0.480624
vt 0.944882 0.480552
vt 0.557238 0.945761
vt 0.522404 0.183314
vt 0.923400 0.056076
vt 0.924745 0.178909
vt 0.258399 0.465581
vt 0.348069 0.495122
vt 0.259098 0.496374
vt 0.404099 0.571118
vt 0.369044 0.531739
vt 0.406304 0.533914
vt 0.347685 0.530962
vt 0.259981 0.557539
vt 0.259639 0.527178
vt 0.007172 0.537446
vt 0.043706 0.499310
vt 0.044473 0.536674
vt 0.257668 0.435256
vt 0.346895 0.459220
vt 0.153056 0.497917
vt 0.154101 0.425750
vt 0.153104 0.461946
vt 0.153870 0.533939
vt 0.366863 0.568858
vt 0.343895 0.422960
vt 0.368200 0.457927
vt 0.369454 0.494879
vt 0.043489 0.461802
vt 0.043770 0.424365
vt 0.155743 0.570300
vt 0.346685 0.459279
vt 0.259048 0.496210
vt 0.258771 0.465403
vt 0.367094 0.568944
vt 0.406380 0.533732
vt 0.404359 0.570975
vt 0.345765 0.567355
vt 0.259166 0.527010
vt 0.347798 0.531016
vt 0.006324 0.499864
vt 0.044431 0.536453
vt 0.007035 0.537181
vt 0.348019 0.495094
vt 0.343622 0.423305
vt 0.258308 0.435045
vt 0.152861 0.461450
vt 0.153003 0.497480
vt 0.154005 0.533437
vt 0.155961 0.569592
vt 0.259240 0.557343
vt 0.153770 0.425053
vt 0.369126 0.531732
vt 0.369402 0.494766
vt 0.368007 0.457909
vt 0.364879 0.420981
vt 0.043657 0.499071
vt 0.043428 0.461586
vt 0.045695 0.573876
vt 0.043594 0.424280
vt 0.522202 0.640737
vt 0.498297 0.664396
vt 0.143503 0.662745
vt 0.498010 0.688203
vt 0.498431 0.616770
vt 0.027863 0.615388
vt 0.028153 0.591580
vt 0.262107 0.659159
vt 0.379838 0.686547
vt 0.262074 0.678343
vt 0.498290 0.664416
vt 0.522197 0.640787
vt 0.522057 0.664552
vt 0.380849 0.640209
vt 0.380742 0.617045
vt 0.027719 0.639178
vt 0.003954 0.662979
vt 0.003960 0.639180
vt 0.262121 0.639884
vt 0.380550 0.663357
vt 0.262168 0.601425
vt 0.143499 0.662722
vt 0.144049 0.685963
vt 0.143391 0.639559
vt 0.143691 0.616412
vt 0.144406 0.593223
vt 0.498437 0.640622
vt 0.498431 0.616794
vt 0.497999 0.688238
vt 0.380196 0.593804
vt 0.027723 0.662973
vt 0.027857 0.686747
vt 0.027866 0.615343
vt 0.028158 0.591545
vt 0.262167 0.601428
vt 0.380746 0.617013
vt 0.262139 0.620611
vt 0.522083 0.664479
vt 0.498448 0.640551
vt 0.522250 0.640713
vt 0.380567 0.663324
vt 0.262132 0.639887
vt 0.380859 0.640177
vt 0.027746 0.663038
vt 0.003907 0.639303
vt 0.027724 0.639250
vt 0.262124 0.659162
vt 0.379863 0.686514
vt 0.262096 0.678345
vt 0.144403 0.593261
vt 0.143695 0.616450
vt 0.143517 0.662760
vt 0.144073 0.686001
vt 0.143402 0.639597
vt 0.498307 0.664344
vt 0.498023 0.688167
vt 0.380193 0.593772
vt 0.498436 0.616732
vt 0.028156 0.591617
vt 0.027868 0.615424
vt 0.027882 0.686816
vt 0.154292 0.089164
vt 0.244263 0.120326
vt 0.154584 0.121757
vt 0.265105 0.083607
vt 0.303179 0.119809
vt 0.265742 0.120315
vt 0.244309 0.155642
vt 0.159350 0.185878
vt 0.155954 0.154444
vt 0.077143 0.198989
vt 0.036306 0.165321
vt 0.073541 0.161775
vt 0.156048 0.058325
vt 0.243704 0.084852
vt 0.144042 0.121773
vt 0.147002 0.053193
vt 0.143975 0.087889
vt 0.145470 0.155819
vt 0.264881 0.192816
vt 0.265762 0.155897
vt 0.241939 0.048424
vt 0.071286 0.123796
vt 0.073192 0.047672
vt 0.071152 0.085709
vt 0.149991 0.191440
vt 0.245224 0.159539
vt 0.157996 0.187332
vt 0.155767 0.156536
vt 0.266734 0.124205
vt 0.303506 0.086675
vt 0.304169 0.123798
vt 0.155558 0.123943
vt 0.244724 0.088541
vt 0.245239 0.124060
vt 0.072686 0.161303
vt 0.038104 0.201706
vt 0.035340 0.164252
vt 0.243495 0.052924
vt 0.156425 0.091227
vt 0.159341 0.059751
vt 0.145471 0.157967
vt 0.149034 0.192585
vt 0.145923 0.090019
vt 0.149900 0.054339
vt 0.145017 0.124089
vt 0.266127 0.087651
vt 0.264787 0.051355
vt 0.266636 0.160208
vt 0.244016 0.195981
vt 0.075374 0.199048
vt 0.073914 0.085180
vt 0.076973 0.047938
vt 0.072241 0.123199
vt 0.262114 0.659161
vt 0.379850 0.686527
vt 0.262084 0.678344
vt 0.498297 0.664374
vt 0.522201 0.640742
vt 0.522064 0.664507
vt 0.380852 0.640189
vt 0.262135 0.620610
vt 0.380741 0.617025
vt 0.027718 0.639222
vt 0.003969 0.663041
vt 0.003956 0.639242
vt 0.262124 0.639885
vt 0.380557 0.663337
vt 0.262165 0.601427
vt 0.143507 0.662745
vt 0.144061 0.685986
vt 0.143395 0.639582
vt 0.143690 0.616435
vt 0.144401 0.593246
vt 0.498441 0.640580
vt 0.498430 0.616752
vt 0.498011 0.688197
vt 0.380191 0.593784
vt 0.027734 0.663016
vt 0.027869 0.686791
vt 0.027865 0.615386
vt 0.028152 0.591589
vt 0.262109 0.659160
vt 0.379844 0.686529
vt 0.498292 0.664381
vt 0.522197 0.640749
vt 0.522059 0.664514
vt 0.380848 0.640192
vt 0.262131 0.620609
vt 0.380738 0.617028
vt 0.027718 0.639213
vt 0.003955 0.663015
vt 0.003960 0.639215
vt 0.262120 0.639884
vt 0.380552 0.663339
vt 0.262161 0.601426
vt 0.143502 0.662740
vt 0.144055 0.685981
vt 0.143390 0.639577
vt 0.143687 0.616430
vt 0.144398 0.593241
vt 0.498437 0.640586
vt 0.498427 0.616759
vt 0.498005 0.688203
vt 0.380188 0.593787
vt 0.027725 0.663008
vt 0.027863 0.686782
vt 0.027862 0.615378
vt 0.028150 0.591580
vt 0.406300 0.571018
vt 0.047541 0.574163
vt 0.045653 0.426049
vt 0.024331 0.797516
vt 0.470488 0.811657
vt 0.094790 0.818170
vt 0.014318 0.947372
vt 0.518599 0.901443
vt 0.050473 0.834332
vt 0.481633 0.976465
vt 0.014400 0.947575
vt 0.160848 0.835200
vt 0.478957 0.826807
vt 0.486630 0.048259
vt 0.976025 0.092041
vt 0.498307 0.593021
vt 0.522063 0.664516
vt 0.003955 0.639230
vt 0.498299 0.593004
vt 0.027863 0.686783
vt 0.003960 0.663055
vt 0.498298 0.592967
vt 0.056961 0.231314
vt 0.014365 0.392074
vt 0.336705 0.387687
vt 0.518998 0.938594
vt 0.050436 0.834438
vt 0.014430 0.947596
vt 0.160870 0.835208
vt 0.478978 0.826789
vt 0.262077 0.678349
vt 0.003955 0.639203
vt 0.498005 0.688227
vt 0.498304 0.593028
vt 0.027858 0.686759
vt 0.522209 0.640777
vt 0.522065 0.664492
vt 0.003962 0.663028
vt 0.380187 0.593780
vt 0.498014 0.688180
vt 0.028149 0.591599
vt 0.380194 0.593794
vt 0.144404 0.593233
vt 0.402285 0.719417
vt 0.166766 0.723699
vt 0.518412 0.042810
vt 0.937456 0.189244
vt 0.302615 0.117505
vt 0.262673 0.044708
vt 0.072601 0.048009
vt 0.303907 0.122609
vt 0.035009 0.162583
vt 0.933742 0.189328
vt 0.516480 0.044331
vt 0.516482 0.044327
vt 0.518412 0.042811
vt 0.523934 0.641021
vt 0.002292 0.639404
vt 0.026578 0.615282
vt 0.514101 0.041054
vt 0.144406 0.593232
vt 0.498306 0.593012
vt 0.557238 0.945762
vt 0.521060 0.060481
vt 0.521059 0.060481
vt 0.345569 0.567038
vt 0.006403 0.500126
vt 0.365168 0.420829
vt 0.045612 0.574000
vt 0.522063 0.664517
vt 0.498306 0.593029
vt 0.003969 0.663069
vt 0.498301 0.592967
vt 0.302496 0.082886
vt 0.243603 0.191389
vt 0.039878 0.202558
vt 0.263293 0.046852
vt 0.265389 0.197232
vt 0.498301 0.592988
vt 0.498298 0.592994
s 1
usemtl lambert5SG
f 670/896/210 676/897/211 669/898/210
f 664/899/212 665/900/212 663/901/212
f 673/902/213 671/903/214 672/904/214
f 668/905/215 661/906/215 667/907/215
f 671/903/216 675/908/217 670/896/216
f 669/909/218 673/902/219 672/904/218
f 678/910/220 669/898/210 677/911/220
f 679/912/221 670/896/216 678/910/221
f 671/903/214 680/913/222 672/904/214
f 677/914/223 672/904/218 680/913/223
f 666/915/224 673/902/213 665/900/224
f 674/916/217 664/917/225 675/908/217
f 675/908/226 663/918/227 676/897/211
f 676/919/219 665/900/228 673/902/219
f 662/920/229 677/911/220 661/921/229
f 668/922/230 678/910/221 662/920/230
f 679/912/222 667/907/231 680/913/222
f 661/906/232 680/913/223 667/907/232
f 696/923/211 690/924/210 689/925/210
f 685/926/212 684/927/212 683/928/212
f 692/929/214 694/930/213 693/931/213
f 681/932/215 688/933/215 687/934/215
f 695/935/219 691/936/218 690/937/218
f 693/931/217 689/925/216 692/929/216
f 689/925/210 698/938/220 697/939/220
f 690/937/218 699/940/223 698/941/223
f 700/942/222 691/936/214 692/929/214
f 692/929/216 697/939/221 700/942/221
f 685/926/224 694/930/213 686/943/224
f 684/944/228 694/930/219 695/935/219
f 683/945/227 695/946/226 696/923/211
f 685/926/225 696/923/217 693/931/217
f 697/939/220 682/947/229 681/948/229
f 698/941/223 688/933/232 682/949/232
f 687/950/231 699/940/222 700/942/222
f 700/942/221 681/948/230 687/950/230
f 710/951/218 716/952/233 709/953/218
f 704/954/234 705/955/234 703/956/234
f 714/957/235 712/958/216 713/959/236
f 708/960/237 701/961/237 707/962/237
f 711/963/238 715/964/239 710/951/238
f 709/965/240 713/959/241 712/958/240
f 718/966/242 709/953/218 717/967/242
f 719/968/243 710/951/238 718/966/243
f 711/963/216 720/969/244 712/958/216
f 717/970/245 712/958/240 720/969/245
f 706/971/246 713/959/236 705/955/247
f 714/957/239 704/972/248 715/964/239
f 716/952/233 704/972/249 703/973/250
f 713/959/241 703/956/251 705/955/251
f 702/974/252 717/967/242 701/975/252
f 708/976/253 718/966/243 702/974/253
f 719/968/244 707/962/254 720/969/244
f 701/961/255 720/969/245 707/962/255
f 736/977/226 730/978/210 729/979/210
f 725/980/212 724/981/212 723/982/212
f 733/983/213 731/984/214 734/985/213
f 721/986/215 728/987/215 727/988/215
f 735/989/219 731/990/218 730/978/218
f 733/983/217 729/979/216 732/991/216
f 737/992/220 730/978/210 738/993/220
f 730/978/218 739/994/223 738/993/223
f 740/995/222 731/984/214 732/991/214
f 732/991/216 737/992/221 740/995/221
f 733/983/213 726/996/224 725/980/224
f 724/997/228 734/998/219 735/989/219
f 723/982/227 735/989/226 736/977/226
f 725/980/225 736/977/217 733/983/217
f 737/992/220 722/999/229 721/986/229
f 738/993/223 728/1000/232 722/999/232
f 727/988/231 739/1001/222 740/995/222
f 740/995/221 721/986/230 727/988/230
f 750/1002/210 756/1003/226 749/1004/210
f 744/1005/212 745/1006/212 743/1007/212
f 753/1008/213 751/1009/214 752/1010/214
f 748/1011/215 741/1012/215 747/1013/215
f 751/1009/216 755/1014/217 750/1015/216
f 749/1004/218 753/1008/219 752/1010/218
f 757/1016/220 750/1002/210 749/1004/210
f 759/1017/221 750/1015/216 758/1018/221
f 751/1009/214 760/1019/222 752/1010/214
f 757/1016/223 752/1010/218 760/1019/223
f 746/1020/224 753/1008/213 745/1006/224
f 754/1021/217 744/1022/225 755/1014/217
f 755/1023/226 743/1024/227 756/1003/226
f 756/1003/219 745/1006/228 753/1008/219
f 742/1025/229 757/1016/220 741/1026/229
f 748/1011/230 758/1018/221 742/1027/230
f 759/1017/222 747/1013/231 760/1019/222
f 741/1026/232 760/1019/223 747/1013/232
f 762/1028/212 763/1029/212 761/1030/212
f 766/1031/215 767/1032/215 765/1033/215
f 768/1034/216 764/1035/216 762/1028/216
f 761/1030/218 765/1036/218 767/1037/218
f 778/1038/212 784/1039/256 777/1040/212
f 772/1041/216 773/1042/216 771/1043/216
f 782/1044/257 780/1045/215 781/1046/257
f 776/1047/218 769/1048/218 775/1049/218
f 779/1050/210 783/1051/258 778/1038/210
f 777/1052/214 781/1046/259 780/1045/214
f 786/1053/260 777/1040/212 785/1054/260
f 787/1055/261 778/1038/210 786/1053/261
f 779/1050/215 788/1056/262 780/1045/215
f 785/1057/263 780/1045/214 788/1056/263
f 774/1058/264 781/1046/257 773/1059/264
f 782/1044/258 772/1041/265 783/1051/258
f 783/1051/256 771/1060/266 784/1039/256
f 784/1061/259 773/1059/267 781/1046/259
f 770/1062/268 785/1054/260 769/1063/268
f 776/1047/269 786/1053/261 770/1062/269
f 787/1055/262 775/1064/270 788/1056/262
f 769/1065/271 788/1056/263 775/1064/271
f 798/1066/212 804/1067/256 797/1068/212
f 792/1069/216 793/1070/216 791/1071/216
f 802/1072/257 800/1073/215 801/1074/257
f 796/1075/218 789/1076/218 795/1077/218
f 799/1078/210 803/1079/258 798/1066/210
f 800/1073/214 804/1067/259 801/1074/259
f 806/1080/260 797/1068/212 805/1081/260
f 807/1082/272 798/1066/210 806/1080/272
f 799/1083/215 808/1084/262 800/1073/215
f 805/1081/273 800/1073/214 808/1084/273
f 794/1085/264 801/1074/257 793/1070/264
f 802/1086/258 792/1087/265 803/1079/258
f 803/1079/256 791/1071/266 804/1067/256
f 804/1067/259 793/1070/267 801/1074/259
f 790/1088/268 805/1081/260 789/1076/268
f 796/1089/274 806/1080/272 790/1088/274
f 807/1090/262 795/1077/270 808/1084/262
f 789/1076/275 808/1084/273 795/1077/275
f 818/1091/212 824/1092/256 817/1093/212
f 812/1094/216 813/1095/216 811/1096/216
f 822/1097/257 820/1098/215 821/1099/257
f 816/1100/218 809/1101/218 815/1102/218
f 819/1103/210 823/1104/258 818/1105/210
f 817/1093/214 821/1099/259 820/1098/214
f 826/1106/260 817/1093/212 825/1107/260
f 827/1108/261 818/1105/210 826/1109/261
f 819/1103/215 828/1110/262 820/1098/215
f 825/1107/263 820/1098/214 828/1110/263
f 814/1111/264 821/1099/257 813/1095/264
f 822/1097/258 812/1112/265 823/1104/258
f 823/1113/256 811/1114/266 824/1092/256
f 824/1092/259 813/1095/267 821/1099/259
f 810/1115/268 825/1107/260 809/1116/268
f 816/1100/269 826/1109/261 810/1117/269
f 827/1108/262 815/1102/270 828/1110/262
f 809/1116/271 828/1110/263 815/1102/271
f 844/1118/276 838/1119/212 837/1120/212
f 833/1121/214 832/1122/214 831/1123/214
f 841/1124/277 839/1125/215 842/1126/277
f 829/1127/210 836/1128/210 835/1129/210
f 843/1130/278 839/1125/218 838/1131/218
f 841/1124/279 837/1120/216 840/1132/216
f 845/1133/280 838/1119/212 846/1134/280
f 838/1131/218 847/1135/281 846/1136/281
f 848/1137/282 839/1125/215 840/1132/215
f 840/1132/216 845/1133/283 848/1137/283
f 833/1138/284 842/1126/277 834/1139/284
f 832/1122/285 842/1126/278 843/1130/278
f 831/1140/286 843/1141/276 844/1118/276
f 833/1138/287 844/1118/279 841/1124/279
f 845/1133/280 830/1142/288 829/1143/288
f 846/1136/281 836/1128/289 830/1144/289
f 835/1145/290 847/1135/282 848/1137/282
f 848/1137/283 829/1143/291 835/1145/291
f 858/1146/212 864/1147/276 857/1148/212
f 852/1149/214 853/1150/214 851/1151/214
f 861/1152/277 859/1153/215 860/1154/215
f 856/1155/210 849/1156/210 855/1157/210
f 859/1153/216 863/1158/292 858/1159/216
f 857/1148/218 861/1152/293 860/1154/218
f 865/1160/280 858/1146/212 857/1148/212
f 866/1161/294 859/1153/216 858/1159/216
f 859/1153/215 868/1162/282 860/1154/215
f 868/1162/295 857/1148/218 860/1154/218
f 854/1163/284 861/1152/277 853/1164/284
f 862/1165/292 852/1166/287 863/1158/292
f 863/1167/276 851/1151/286 864/1147/276
f 864/1147/293 853/1164/285 861/1152/293
f 850/1168/288 865/1160/280 849/1156/288
f 856/1169/291 866/1161/294 850/1170/291
f 867/1171/282 855/1172/290 868/1162/282
f 849/1156/289 868/1162/295 855/1172/289
f 884/1173/226 878/1174/210 877/1175/210
f 873/1176/212 872/1177/212 871/1178/212
f 881/1179/213 879/1180/214 882/1181/213
f 869/1182/215 876/1183/215 875/1184/215
f 883/1185/219 879/1180/218 878/1186/218
f 881/1179/217 877/1175/216 880/1187/216
f 885/1188/220 878/1174/210 886/1189/220
f 878/1186/218 887/1190/223 886/1191/223
f 888/1192/222 879/1180/214 880/1187/214
f 880/1187/216 885/1188/221 888/1192/221
f 881/1179/213 874/1193/224 873/1176/224
f 872/1194/228 882/1181/219 883/1185/219
f 871/1195/227 883/1196/226 884/1173/226
f 873/1176/225 884/1173/217 881/1179/217
f 885/1188/220 870/1197/229 869/1198/229
f 886/1191/223 876/1183/232 870/1199/232
f 875/1184/231 887/1190/222 888/1192/222
f 888/1192/221 869/1198/230 875/1184/230
f 898/1200/210 904/1201/226 897/1202/210
f 892/1203/212 893/1204/212 891/1205/212
f 901/1206/213 899/1207/214 900/1208/214
f 896/1209/215 889/1210/215 895/1211/215
f 899/1207/216 903/1212/217 898/1213/216
f 897/1202/218 901/1206/219 900/1208/218
f 905/1214/220 898/1200/210 897/1202/210
f 907/1215/221 898/1213/216 906/1216/221
f 899/1207/214 908/1217/222 900/1208/214
f 905/1214/223 900/1208/218 908/1217/223
f 894/1218/224 901/1206/213 893/1204/224
f 902/1219/217 892/1220/225 903/1212/217
f 903/1221/226 891/1222/227 904/1201/226
f 904/1201/219 893/1204/228 901/1206/219
f 890/1223/229 905/1214/220 889/1224/229
f 896/1209/230 906/1216/221 890/1225/230
f 907/1215/222 895/1211/231 908/1217/222
f 889/1224/232 908/1217/223 895/1211/232
f 918/1226/296 924/1227/297 917/1068/296
f 912/1228/216 913/1229/216 911/1230/216
f 922/1231/298 920/1232/299 921/1233/298
f 916/1234/218 909/1235/218 915/1236/218
f 919/1237/300 923/1238/301 918/1226/300
f 920/1232/302 924/1227/303 921/1233/303
f 926/1239/304 917/1068/296 925/1240/304
f 927/1241/305 918/1226/300 926/1239/305
f 920/1232/299 927/1242/306 928/1243/306
f 925/1240/307 920/1232/302 928/1243/307
f 913/1229/308 922/1231/298 921/1233/298
f 922/1244/301 912/1245/309 923/1238/301
f 923/1238/297 911/1230/310 924/1227/297
f 924/1227/303 913/1229/311 921/1233/303
f 910/1246/312 925/1240/304 909/1235/312
f 916/1247/313 926/1239/305 910/1246/313
f 927/1242/306 915/1236/314 928/1243/306
f 915/1236/315 925/1240/307 928/1243/307
f 938/1248/212 944/1249/256 937/1250/212
f 932/1251/216 933/1252/216 931/1253/216
f 942/1254/257 940/1255/215 941/1256/257
f 936/1257/218 929/1258/218 935/1259/218
f 939/1260/210 943/1261/258 938/1248/210
f 937/1250/214 941/1262/259 940/1263/214
f 946/1264/260 937/1250/212 945/1265/260
f 947/1266/261 938/1248/210 946/1264/261
f 939/1260/215 948/1267/262 940/1255/215
f 945/1265/263 940/1263/214 948/1268/263
f 934/1269/264 941/1256/257 933/1270/264
f 942/1254/258 932/1251/265 943/1261/258
f 943/1261/256 931/1253/266 944/1249/256
f 944/1249/259 933/1271/267 941/1262/259
f 930/1272/316 945/1265/260 929/1258/316
f 936/1273/269 946/1264/261 930/1272/269
f 947/1266/262 935/1274/317 948/1267/262
f 929/1258/271 948/1268/263 935/1275/271
f 957/1276/318 963/1277/319 964/1278/319
f 952/1279/216 953/1280/216 951/1281/216
f 961/1282/320 959/1283/321 960/1284/321
f 955/1285/218 950/1286/218 949/1287/218
f 959/1288/322 963/1277/323 958/1289/322
f 957/1276/324 961/1282/325 960/1284/324
f 965/1290/326 958/1289/318 957/1276/318
f 967/1291/327 958/1289/322 966/1292/328
f 960/1284/321 967/1293/329 968/1294/329
f 965/1290/330 960/1284/324 968/1294/330
f 953/1280/331 962/1295/320 961/1282/320
f 963/1277/323 954/1296/332 952/1297/332
f 964/1278/319 952/1297/333 951/1281/333
f 964/1278/325 953/1280/334 961/1282/325
f 950/1298/335 965/1290/326 949/1287/335
f 950/1298/336 967/1291/327 966/1292/328
f 968/1294/329 956/1299/337 955/1285/337
f 949/1287/338 968/1294/330 955/1285/338
f 977/1300/339 983/1301/340 984/1302/340
f 971/1303/216 974/1304/216 973/1305/216
f 982/1306/341 980/1307/342 981/1308/343
f 976/1309/218 969/1310/218 975/1311/218
f 978/1312/344 982/1306/345 983/1301/345
f 977/1313/346 981/1308/347 980/1307/346
f 985/1314/348 978/1312/339 977/1300/339
f 987/1315/349 978/1312/344 986/1316/349
f 979/1050/342 988/1317/350 980/1307/342
f 988/1317/351 977/1313/346 980/1307/346
f 974/1304/352 981/1308/343 973/1318/352
f 982/1306/345 972/1319/353 983/1301/345
f 983/1301/340 971/1320/354 984/1302/340
f 981/1308/347 971/1321/355 973/1318/355
f 969/1322/356 986/1316/357 985/1314/348
f 976/1309/358 986/1316/349 970/1323/358
f 988/1317/350 976/1309/359 975/1324/359
f 969/1325/360 988/1317/351 975/1324/360
f 998/1326/218 1004/1327/233 997/1328/218
f 992/1329/234 993/1330/234 991/1331/234
f 1002/1332/235 1000/1333/216 1001/1334/236
f 996/1335/237 989/1336/237 995/1337/237
f 999/1338/238 1003/1339/239 998/1340/238
f 997/1328/240 1001/1334/241 1000/1333/240
f 1005/1341/242 998/1326/218 997/1328/218
f 1007/1342/243 998/1340/238 1006/1343/243
f 999/1338/216 1008/1344/244 1000/1333/216
f 1005/1341/245 1000/1333/240 1008/1344/361
f 994/1345/246 1001/1334/236 993/1346/247
f 1003/1339/239 994/1345/362 992/1329/248
f 1004/1327/233 992/1347/249 991/1348/250
f 1004/1327/241 993/1346/251 1001/1334/241
f 990/1349/363 1005/1341/242 989/1350/363
f 996/1335/253 1006/1343/243 990/1351/253
f 1008/1344/244 996/1335/254 995/1352/254
f 995/1352/364 1005/1341/245 1008/1344/361
f 1010/1353/212 1011/1354/212 1009/1355/212
f 1014/1356/215 1015/1357/215 1013/1358/215
f 1016/1359/216 1012/1360/216 1010/1361/216
f 1009/1362/218 1013/1358/218 1015/1357/218
f 1018/1353/214 1019/1354/214 1017/1363/214
f 1030/1364/365 1036/1365/226 1029/1366/210
f 1024/1367/212 1025/1368/212 1023/1369/212
f 1033/1370/213 1031/1371/366 1032/1372/214
f 1028/1373/215 1021/1374/215 1027/1375/215
f 1031/1371/367 1035/1376/217 1030/1377/368
f 1029/1366/369 1033/1370/219 1032/1372/370
f 1037/1378/371 1030/1364/365 1029/1366/210
f 1039/1379/372 1030/1377/368 1038/1380/373
f 1031/1371/366 1040/1381/374 1032/1372/214
f 1037/1378/375 1032/1372/370 1040/1381/376
f 1026/1382/224 1033/1370/213 1025/1368/224
f 1034/1383/217 1024/1384/225 1035/1376/217
f 1035/1385/226 1023/1369/227 1036/1365/226
f 1036/1365/219 1025/1368/228 1033/1370/219
f 1021/1386/229 1038/1387/377 1037/1378/371
f 1028/1373/378 1038/1380/373 1022/1388/378
f 1039/1379/379 1027/1389/231 1040/1381/374
f 1021/1386/380 1040/1381/376 1027/1389/380
f 1056/1390/211 1050/1391/365 1049/1392/210
f 1045/1393/212 1044/1394/212 1043/1395/212
f 1052/1396/381 1054/1397/382 1053/1398/213
f 1041/1399/215 1048/1400/215 1047/1401/215
f 1055/1402/219 1051/1403/369 1050/1391/370
f 1053/1404/217 1049/1392/383 1052/1405/216
f 1057/1406/384 1050/1391/365 1058/1407/385
f 1050/1391/370 1059/1408/386 1058/1407/387
f 1060/1409/388 1051/1403/389 1052/1396/381
f 1060/1410/390 1049/1392/383 1057/1406/391
f 1053/1398/213 1046/1411/224 1045/1412/224
f 1044/1394/228 1054/1397/219 1055/1402/219
f 1043/1395/227 1055/1402/226 1056/1390/211
f 1045/1413/225 1056/1390/217 1053/1404/217
f 1057/1406/384 1042/1414/229 1041/1415/229
f 1058/1407/387 1048/1400/232 1042/1414/232
f 1047/1401/231 1059/1408/392 1060/1409/388
f 1060/1410/390 1041/1415/230 1047/1416/230
f 1062/1417/215 1063/1418/215 1061/1419/215
f 1066/1420/212 1067/1421/212 1065/1422/212
f 1068/1423/216 1064/1424/216 1062/1417/216
f 1061/1425/218 1065/1422/218 1067/1421/218
f 1070/1353/214 1071/1354/214 1069/1363/214
f 1074/1353/210 1075/1354/210 1073/1355/210
f 1086/1426/393 1092/1427/394 1085/1428/393
f 1080/1429/216 1081/1430/216 1079/1431/216
f 1089/1432/395 1087/1433/396 1088/1434/396
f 1083/1435/218 1078/1436/218 1077/1437/218
f 1086/1426/397 1090/1438/398 1091/1439/399
f 1085/1428/400 1089/1440/401 1088/1441/400
f 1094/1442/402 1085/1428/393 1093/1443/403
f 1094/1442/404 1087/1433/397 1086/1426/397
f 1088/1434/396 1095/1444/405 1096/1445/406
f 1093/1443/407 1088/1441/400 1096/1446/408
f 1082/1447/409 1089/1432/395 1081/1448/409
f 1090/1438/398 1080/1429/410 1091/1439/399
f 1091/1439/394 1079/1431/411 1092/1427/394
f 1092/1427/412 1081/1449/413 1089/1440/401
f 1078/1436/414 1093/1443/403 1077/1437/414
f 1078/1436/415 1095/1444/416 1094/1442/404
f 1095/1444/405 1083/1450/417 1096/1445/406
f 1083/1451/418 1093/1443/407 1096/1446/408
f 1098/1452/215 1099/1453/215 1097/1454/215
f 1102/1452/212 1103/1453/212 1101/1454/212
f 1114/1455/212 1120/1456/256 1113/1457/212
f 1108/1458/216 1109/1459/216 1107/1460/216
f 1118/1461/257 1116/1462/215 1117/1463/257
f 1112/1464/218 1105/1465/218 1111/1466/218
f 1115/1467/210 1119/1468/258 1114/1455/210
f 1113/1052/214 1117/1463/259 1116/1462/214
f 1122/1469/260 1113/1457/212 1121/1470/260
f 1123/1471/272 1114/1455/210 1122/1469/272
f 1115/1467/215 1124/1472/262 1116/1462/215
f 1124/1472/273 1113/1052/214 1116/1462/214
f 1110/1473/264 1117/1463/257 1109/1474/264
f 1118/1461/258 1108/1458/265 1119/1468/258
f 1119/1468/256 1107/1475/266 1120/1456/256
f 1120/1476/259 1109/1474/267 1117/1463/259
f 1106/1477/268 1121/1470/260 1105/1478/268
f 1112/1464/269 1122/1469/272 1106/1477/269
f 1123/1471/262 1111/1479/270 1124/1472/262
f 1105/1480/271 1124/1472/273 1111/1479/271
f 1126/1481/419 1127/1482/419 1125/1483/419
f 1130/1482/420 1131/1481/420 1129/1484/420
f 1134/1485/214 1135/1486/214 1133/1487/214
f 1138/1485/210 1139/1486/210 1137/1487/210
f 1150/1488/210 1156/1489/211 1149/1490/210
f 1144/1491/212 1145/1492/212 1143/1493/212
f 1153/1494/213 1151/1495/214 1152/1496/214
f 1148/1497/215 1141/1498/215 1147/1499/215
f 1151/1500/216 1155/1501/217 1150/1488/216
f 1149/1490/218 1153/1494/219 1152/1496/218
f 1157/1502/220 1150/1488/210 1149/1490/210
f 1159/1503/221 1150/1488/216 1158/1504/221
f 1151/1495/214 1160/1505/222 1152/1496/214
f 1157/1502/223 1152/1496/218 1160/1505/223
f 1146/1506/224 1153/1494/213 1145/1492/224
f 1154/1507/217 1144/1508/225 1155/1501/217
f 1155/1501/226 1143/1509/227 1156/1489/211
f 1156/1489/219 1145/1492/228 1153/1494/219
f 1142/1510/229 1157/1502/220 1141/1498/229
f 1148/1511/230 1158/1504/221 1142/1510/230
f 1159/1512/222 1147/1499/231 1160/1505/222
f 1141/1498/232 1160/1505/223 1147/1499/232
f 1176/1513/211 1170/1514/210 1169/1515/210
f 1165/1516/212 1164/1517/212 1163/1518/212
f 1173/1519/382 1171/1520/214 1174/1521/213
f 1161/1522/215 1168/1523/215 1167/1524/215
f 1175/1525/219 1171/1520/218 1170/1514/218
f 1173/1526/217 1169/1515/216 1172/1527/216
f 1177/1528/220 1170/1514/210 1178/1529/220
f 1170/1514/218 1179/1530/223 1178/1529/223
f 1180/1531/222 1171/1520/214 1172/1532/214
f 1172/1527/216 1177/1528/221 1180/1533/221
f 1165/1516/224 1174/1521/213 1166/1534/224
f 1164/1535/228 1174/1521/219 1175/1525/219
f 1163/1536/227 1175/1525/226 1176/1513/211
f 1165/1537/225 1176/1513/217 1173/1526/217
f 1177/1528/220 1162/1538/229 1161/1539/229
f 1178/1529/223 1168/1523/232 1162/1538/232
f 1167/1540/231 1179/1530/222 1180/1531/222
f 1180/1533/221 1161/1539/230 1167/1541/230
f 1190/1066/212 1196/1067/256 1189/1068/212
f 1184/1542/216 1185/1543/216 1183/1071/216
f 1194/1072/257 1192/1073/215 1193/1074/257
f 1188/1075/218 1181/1076/218 1187/1077/218
f 1191/1078/210 1195/1079/258 1190/1066/210
f 1189/1068/214 1193/1074/259 1192/1073/214
f 1198/1080/260 1189/1068/212 1197/1081/260
f 1199/1082/261 1190/1066/210 1198/1080/261
f 1191/1083/215 1200/1544/262 1192/1073/215
f 1197/1081/263 1192/1073/214 1200/1544/263
f 1186/1545/264 1193/1074/257 1185/1543/264
f 1194/1086/258 1184/1546/265 1195/1079/258
f 1195/1079/256 1183/1071/266 1196/1067/256
f 1196/1067/259 1185/1543/267 1193/1074/259
f 1182/1547/268 1197/1081/260 1181/1076/268
f 1188/1548/269 1198/1080/261 1182/1547/269
f 1199/1090/262 1187/1077/270 1200/1544/262
f 1181/1076/271 1200/1544/263 1187/1077/271
f 1210/1549/212 1216/1550/256 1209/1551/212
f 1204/1552/216 1205/1553/216 1203/1554/216
f 1214/1555/257 1212/1307/215 1213/1556/257
f 1208/1557/218 1201/1558/218 1207/1559/218
f 1211/1560/210 1215/1561/258 1210/1549/210
f 1209/1562/214 1213/1556/259 1212/1307/214
f 1218/1563/260 1209/1551/212 1217/1564/260
f 1219/1565/261 1210/1549/210 1218/1563/261
f 1211/1560/215 1220/1566/262 1212/1307/215
f 1217/1567/263 1212/1307/214 1220/1566/263
f 1206/1568/264 1213/1556/257 1205/1569/264
f 1214/1555/258 1204/1552/265 1215/1561/258
f 1215/1561/256 1203/1570/266 1216/1550/256
f 1216/1571/259 1205/1569/267 1213/1556/259
f 1202/1572/316 1217/1564/260 1201/1573/316
f 1208/1557/269 1218/1563/261 1202/1572/269
f 1219/1565/262 1207/1574/317 1220/1566/262
f 1201/1575/271 1220/1566/263 1207/1574/271
f 1230/1576/212 1236/1577/256 1229/1578/212
f 1224/1579/216 1225/1580/216 1223/1581/216
f 1234/1582/257 1232/1583/215 1233/1584/257
f 1228/1585/218 1221/1586/218 1227/1587/218
f 1231/1588/210 1235/1589/258 1230/1590/210
f 1232/1583/214 1236/1577/259 1233/1584/259
f 1238/1591/260 1229/1578/212 1237/1592/260
f 1239/1593/272 1230/1590/210 1238/1594/272
f 1231/1588/215 1240/1595/262 1232/1583/215
f 1237/1592/273 1232/1583/214 1240/1595/273
f 1226/1596/264 1233/1584/257 1225/1580/264
f 1234/1582/258 1224/1597/265 1235/1589/258
f 1235/1598/256 1223/1599/266 1236/1577/256
f 1236/1577/259 1225/1580/267 1233/1584/259
f 1222/1600/268 1237/1592/260 1221/1601/268
f 1228/1585/274 1238/1594/272 1222/1602/274
f 1239/1593/262 1227/1587/270 1240/1595/262
f 1221/1601/275 1240/1595/273 1227/1587/275
f 1250/1603/365 1256/1604/211 1249/1605/210
f 1244/1606/212 1245/1607/212 1243/1608/212
f 1253/1609/213 1251/1610/366 1252/1611/214
f 1248/1612/215 1241/1613/215 1247/1614/215
f 1251/1615/367 1255/1616/217 1250/1603/368
f 1249/1605/369 1253/1609/219 1252/1611/370
f 1257/1617/371 1250/1603/365 1249/1605/210
f 1259/1618/372 1250/1603/368 1258/1619/373
f 1251/1610/366 1260/1620/374 1252/1611/214
f 1257/1617/375 1252/1611/370 1260/1620/376
f 1246/1621/224 1253/1609/213 1245/1622/224
f 1254/1623/217 1244/1606/225 1255/1616/217
f 1255/1616/226 1243/1608/227 1256/1604/211
f 1256/1604/219 1245/1622/228 1253/1609/219
f 1241/1624/229 1258/1619/377 1257/1617/371
f 1248/1625/378 1258/1619/373 1242/1626/378
f 1259/1627/379 1247/1614/231 1260/1620/374
f 1241/1624/380 1260/1620/376 1247/1614/380
f 1276/1628/211 1270/1629/365 1269/1630/210
f 1265/1631/212 1264/1632/212 1263/1633/212
f 1272/1634/381 1274/1635/213 1273/1636/213
f 1261/1637/215 1268/1638/215 1267/1639/215
f 1275/1640/219 1271/1641/369 1270/1642/370
f 1273/1636/217 1269/1630/383 1272/1634/216
f 1277/1643/384 1270/1629/365 1278/1644/385
f 1270/1642/370 1279/1645/386 1278/1646/387
f 1280/1647/388 1271/1641/389 1272/1634/381
f 1280/1647/390 1269/1630/383 1277/1643/391
f 1273/1636/213 1266/1648/224 1265/1631/224
f 1264/1649/228 1274/1635/219 1275/1640/219
f 1263/1650/227 1275/1651/226 1276/1628/211
f 1265/1631/225 1276/1628/217 1273/1636/217
f 1277/1643/384 1262/1652/229 1261/1637/229
f 1278/1646/387 1268/1653/232 1262/1654/232
f 1267/1655/231 1279/1645/392 1280/1647/388
f 1280/1647/390 1261/1637/230 1267/1655/230
f 1290/1656/212 1296/1657/256 1289/1658/212
f 1284/1659/216 1285/1660/216 1283/1661/216
f 1294/1662/257 1292/1663/215 1293/1664/257
f 1288/1665/218 1281/1666/218 1287/1667/218
f 1291/1668/210 1295/1669/258 1290/1656/210
f 1289/1670/214 1293/1664/259 1292/1663/214
f 1298/1671/260 1289/1658/212 1297/1672/260
f 1299/1673/261 1290/1656/210 1298/1671/261
f 1291/1668/215 1300/1674/262 1292/1663/215
f 1297/1675/263 1292/1663/214 1300/1674/263
f 1286/1676/264 1293/1664/257 1285/1677/264
f 1294/1662/258 1284/1659/265 1295/1669/258
f 1295/1669/256 1283/1678/266 1296/1657/256
f 1296/1679/259 1285/1677/267 1293/1664/259
f 1282/1680/268 1297/1672/260 1281/1681/268
f 1288/1665/269 1298/1671/261 1282/1680/269
f 1299/1673/262 1287/1682/270 1300/1674/262
f 1281/1683/271 1300/1674/263 1287/1682/271
f 1310/1684/212 1316/1685/256 1309/1300/212
f 1304/1686/216 1305/1687/216 1303/1688/216
f 1314/1689/257 1312/1690/215 1313/1691/257
f 1308/1692/218 1301/1693/218 1307/1694/218
f 1311/1695/210 1315/1696/258 1310/1684/210
f 1309/1697/214 1313/1691/259 1312/1690/214
f 1318/1698/260 1309/1300/212 1317/1699/260
f 1319/1700/261 1310/1684/210 1318/1698/261
f 1311/1695/215 1320/1701/262 1312/1690/215
f 1317/1702/263 1312/1690/214 1320/1701/263
f 1306/1703/264 1313/1691/257 1305/1704/264
f 1314/1689/258 1304/1686/265 1315/1696/258
f 1315/1696/256 1303/1705/266 1316/1685/256
f 1316/1706/259 1305/1704/267 1313/1691/259
f 1302/1707/268 1317/1699/260 1301/1708/268
f 1308/1692/269 1318/1698/261 1302/1707/269
f 1319/1700/262 1307/1709/270 1320/1701/262
f 1301/1710/271 1320/1701/263 1307/1709/271
f 670/896/210 675/908/226 676/897/211
f 664/899/212 666/915/212 665/900/212
f 673/902/213 674/916/213 671/903/214
f 668/905/215 662/1711/215 661/906/215
f 671/903/216 674/916/217 675/908/217
f 669/909/218 676/919/219 673/902/219
f 678/910/220 670/896/210 669/898/210
f 679/912/221 671/903/216 670/896/216
f 671/903/214 679/912/222 680/913/222
f 677/914/223 669/909/218 672/904/218
f 666/915/224 674/916/213 673/902/213
f 674/916/217 666/915/225 664/917/225
f 675/908/226 664/917/227 663/918/227
f 676/919/219 663/1712/228 665/900/228
f 662/920/229 678/910/220 677/911/220
f 668/922/230 679/912/221 678/910/221
f 679/912/222 668/922/231 667/907/231
f 661/906/232 677/914/223 680/913/223
f 696/923/211 695/946/226 690/924/210
f 685/926/212 686/943/212 684/927/212
f 692/929/214 691/936/214 694/930/213
f 681/932/215 682/949/215 688/933/215
f 695/935/219 694/930/219 691/936/218
f 693/931/217 696/923/217 689/925/216
f 689/925/210 690/924/210 698/938/220
f 690/937/218 691/936/218 699/940/223
f 700/942/222 699/940/222 691/936/214
f 692/929/216 689/925/216 697/939/221
f 685/926/224 693/931/213 694/930/213
f 684/944/228 686/943/228 694/930/219
f 683/945/227 684/1713/227 695/946/226
f 685/926/225 683/945/225 696/923/217
f 697/939/220 698/938/220 682/947/229
f 698/941/223 699/940/223 688/933/232
f 687/950/231 688/933/231 699/940/222
f 700/942/221 697/939/221 681/948/230
f 710/951/218 715/964/421 716/952/233
f 704/954/234 706/1714/234 705/955/234
f 714/957/235 711/963/216 712/958/216
f 708/960/237 702/1715/237 701/961/237
f 711/963/238 714/957/239 715/964/239
f 709/965/240 716/1716/241 713/959/241
f 718/966/242 710/951/218 709/953/218
f 719/968/243 711/963/238 710/951/238
f 711/963/216 719/968/244 720/969/244
f 717/970/245 709/965/240 712/958/240
f 706/971/246 714/957/235 713/959/236
f 714/957/239 706/971/362 704/972/248
f 716/952/233 715/964/421 704/972/249
f 713/959/241 716/1716/241 703/956/251
f 702/974/252 718/966/242 717/967/242
f 708/976/253 719/968/243 718/966/243
f 719/968/244 708/976/254 707/962/254
f 701/961/255 717/970/245 720/969/245
f 736/977/226 735/989/226 730/978/210
f 725/980/212 726/1717/212 724/981/212
f 733/983/213 732/991/214 731/984/214
f 721/986/215 722/1718/215 728/987/215
f 735/989/219 734/998/219 731/990/218
f 733/983/217 736/977/217 729/979/216
f 737/992/220 729/979/210 730/978/210
f 730/978/218 731/990/218 739/994/223
f 740/995/222 739/1001/222 731/984/214
f 732/991/216 729/979/216 737/992/221
f 733/983/213 734/985/213 726/996/224
f 724/997/228 726/1719/228 734/998/219
f 723/982/227 724/997/227 735/989/226
f 725/980/225 723/982/225 736/977/217
f 737/992/220 738/993/220 722/999/229
f 738/993/223 739/994/223 728/1000/232
f 727/988/231 728/1720/231 739/1001/222
f 740/995/221 737/992/221 721/986/230
f 750/1002/210 755/1023/226 756/1003/226
f 744/1005/212 746/1020/212 745/1006/212
f 753/1008/213 754/1021/213 751/1009/214
f 748/1011/215 742/1721/215 741/1012/215
f 751/1009/216 754/1021/217 755/1014/217
f 749/1004/218 756/1003/219 753/1008/219
f 757/1016/220 758/1722/220 750/1002/210
f 759/1017/221 751/1009/216 750/1015/216
f 751/1009/214 759/1017/222 760/1019/222
f 757/1016/223 749/1004/218 752/1010/218
f 746/1020/224 754/1021/213 753/1008/213
f 754/1021/217 746/1020/225 744/1022/225
f 755/1023/226 744/1723/227 743/1024/227
f 756/1003/219 743/1024/228 745/1006/228
f 742/1025/229 758/1722/220 757/1016/220
f 748/1011/230 759/1017/221 758/1018/221
f 759/1017/222 748/1011/231 747/1013/231
f 741/1026/232 757/1016/223 760/1019/223
f 762/1028/212 764/1035/212 763/1029/212
f 766/1031/215 768/1724/215 767/1032/215
f 768/1034/216 766/1725/216 764/1035/216
f 761/1030/218 763/1029/218 765/1036/218
f 778/1038/212 783/1051/256 784/1039/256
f 772/1041/216 774/1058/216 773/1042/216
f 782/1044/257 779/1050/215 780/1045/215
f 776/1047/218 770/1062/218 769/1048/218
f 779/1050/210 782/1044/258 783/1051/258
f 777/1052/214 784/1061/259 781/1046/259
f 786/1053/260 778/1038/212 777/1040/212
f 787/1055/261 779/1050/210 778/1038/210
f 779/1050/215 787/1055/262 788/1056/262
f 785/1057/263 777/1052/214 780/1045/214
f 774/1058/264 782/1044/257 781/1046/257
f 782/1044/258 774/1058/265 772/1041/265
f 783/1051/256 772/1041/266 771/1060/266
f 784/1061/259 771/1726/267 773/1059/267
f 770/1062/268 786/1053/260 785/1054/260
f 776/1047/269 787/1055/261 786/1053/261
f 787/1055/262 776/1047/270 775/1064/270
f 769/1065/271 785/1057/263 788/1056/263
f 798/1066/212 803/1079/256 804/1067/256
f 792/1069/216 794/1727/216 793/1070/216
f 802/1072/257 799/1083/215 800/1073/215
f 796/1075/218 790/1728/218 789/1076/218
f 799/1078/210 802/1086/258 803/1079/258
f 800/1073/214 797/1068/214 804/1067/259
f 806/1080/260 798/1066/212 797/1068/212
f 807/1082/272 799/1078/210 798/1066/210
f 799/1083/215 807/1090/262 808/1084/262
f 805/1081/273 797/1068/214 800/1073/214
f 794/1085/264 802/1072/257 801/1074/257
f 802/1086/258 794/1729/265 792/1087/265
f 803/1079/256 792/1087/266 791/1071/266
f 804/1067/259 791/1071/267 793/1070/267
f 790/1088/268 806/1080/260 805/1081/260
f 796/1089/274 807/1082/272 806/1080/272
f 807/1090/262 796/1730/270 795/1077/270
f 789/1076/275 805/1081/273 808/1084/273
f 818/1091/212 823/1113/256 824/1092/256
f 812/1094/216 814/1111/216 813/1095/216
f 822/1097/257 819/1103/215 820/1098/215
f 816/1100/218 810/1731/218 809/1101/218
f 819/1103/210 822/1097/258 823/1104/258
f 817/1093/214 824/1092/259 821/1099/259
f 826/1106/260 818/1091/212 817/1093/212
f 827/1108/261 819/1103/210 818/1105/210
f 819/1103/215 827/1108/262 828/1110/262
f 825/1107/263 817/1093/214 820/1098/214
f 814/1111/264 822/1097/257 821/1099/257
f 822/1097/258 814/1111/265 812/1112/265
f 823/1113/256 812/1732/266 811/1114/266
f 824/1092/259 811/1114/267 813/1095/267
f 810/1115/268 826/1106/260 825/1107/260
f 816/1100/269 827/1108/261 826/1109/261
f 827/1108/262 816/1100/270 815/1102/270
f 809/1116/271 825/1107/263 828/1110/263
f 844/1118/276 843/1141/276 838/1119/212
f 833/1121/214 834/1139/214 832/1122/214
f 841/1124/277 840/1132/215 839/1125/215
f 829/1127/210 830/1144/210 836/1128/210
f 843/1130/278 842/1126/278 839/1125/218
f 841/1124/279 844/1118/279 837/1120/216
f 845/1133/280 837/1120/212 838/1119/212
f 838/1131/218 839/1125/218 847/1135/281
f 848/1137/282 847/1135/282 839/1125/215
f 840/1132/216 837/1120/216 845/1133/283
f 833/1138/284 841/1124/277 842/1126/277
f 832/1122/285 834/1139/285 842/1126/278
f 831/1140/286 832/1733/286 843/1141/276
f 833/1138/287 831/1140/287 844/1118/279
f 845/1133/280 846/1134/280 830/1142/288
f 846/1136/281 847/1135/281 836/1128/289
f 835/1145/290 836/1128/290 847/1135/282
f 848/1137/283 845/1133/283 829/1143/291
f 858/1146/212 863/1167/276 864/1147/276
f 852/1149/214 854/1734/214 853/1150/214
f 861/1152/277 862/1165/277 859/1153/215
f 856/1155/210 850/1168/210 849/1156/210
f 859/1153/216 862/1165/292 863/1158/292
f 857/1148/218 864/1147/293 861/1152/293
f 865/1160/280 866/1735/280 858/1146/212
f 866/1161/294 867/1171/294 859/1153/216
f 859/1153/215 867/1171/282 868/1162/282
f 868/1162/295 865/1160/295 857/1148/218
f 854/1163/284 862/1165/277 861/1152/277
f 862/1165/292 854/1163/287 852/1166/287
f 863/1167/276 852/1149/286 851/1151/286
f 864/1147/293 851/1151/285 853/1164/285
f 850/1168/288 866/1735/280 865/1160/280
f 856/1169/291 867/1171/294 866/1161/294
f 867/1171/282 856/1169/290 855/1172/290
f 849/1156/289 865/1160/295 868/1162/295
f 884/1173/226 883/1196/226 878/1174/210
f 873/1176/212 874/1193/212 872/1177/212
f 881/1179/213 880/1187/214 879/1180/214
f 869/1182/215 870/1736/215 876/1183/215
f 883/1185/219 882/1181/219 879/1180/218
f 881/1179/217 884/1173/217 877/1175/216
f 885/1188/220 877/1175/210 878/1174/210
f 878/1186/218 879/1180/218 887/1190/223
f 888/1192/222 887/1190/222 879/1180/214
f 880/1187/216 877/1175/216 885/1188/221
f 881/1179/213 882/1181/213 874/1193/224
f 872/1194/228 874/1193/228 882/1181/219
f 871/1195/227 872/1737/227 883/1196/226
f 873/1176/225 871/1195/225 884/1173/217
f 885/1188/220 886/1189/220 870/1197/229
f 886/1191/223 887/1190/223 876/1183/232
f 875/1184/231 876/1183/231 887/1190/222
f 888/1192/221 885/1188/221 869/1198/230
f 898/1200/210 903/1221/226 904/1201/226
f 892/1203/212 894/1218/212 893/1204/212
f 901/1206/213 902/1219/213 899/1207/214
f 896/1209/215 890/1738/215 889/1210/215
f 899/1207/216 902/1219/217 903/1212/217
f 897/1202/218 904/1201/219 901/1206/219
f 905/1214/220 906/1739/220 898/1200/210
f 907/1215/221 899/1207/216 898/1213/216
f 899/1207/214 907/1215/222 908/1217/222
f 905/1214/223 897/1202/218 900/1208/218
f 894/1218/224 902/1219/213 901/1206/213
f 902/1219/217 894/1218/225 892/1220/225
f 903/1221/226 892/1740/227 891/1222/227
f 904/1201/219 891/1222/228 893/1204/228
f 890/1223/229 906/1739/220 905/1214/220
f 896/1209/230 907/1215/221 906/1216/221
f 907/1215/222 896/1209/231 895/1211/231
f 889/1224/232 905/1214/223 908/1217/223
f 918/1226/296 923/1238/297 924/1227/297
f 912/1228/216 914/1043/216 913/1229/216
f 922/1231/298 919/1741/299 920/1232/299
f 916/1234/218 910/1742/218 909/1235/218
f 919/1237/300 922/1244/301 923/1238/301
f 920/1232/302 917/1068/302 924/1227/303
f 926/1239/304 918/1226/296 917/1068/296
f 927/1241/305 919/1237/300 918/1226/300
f 920/1232/299 919/1741/299 927/1242/306
f 925/1240/307 917/1068/302 920/1232/302
f 913/1229/308 914/1743/308 922/1231/298
f 922/1244/301 914/1744/309 912/1245/309
f 923/1238/297 912/1245/310 911/1230/310
f 924/1227/303 911/1230/311 913/1229/311
f 910/1246/312 926/1239/304 925/1240/304
f 916/1247/313 927/1241/305 926/1239/305
f 927/1242/306 916/1745/314 915/1236/314
f 915/1236/315 909/1235/315 925/1240/307
f 938/1248/212 943/1261/256 944/1249/256
f 932/1251/216 934/1746/216 933/1252/216
f 942/1254/257 939/1260/215 940/1255/215
f 936/1257/218 930/1272/218 929/1258/218
f 939/1260/210 942/1254/258 943/1261/258
f 937/1250/214 944/1249/259 941/1262/259
f 946/1264/260 938/1248/212 937/1250/212
f 947/1266/261 939/1260/210 938/1248/210
f 939/1260/215 947/1266/262 948/1267/262
f 945/1265/263 937/1250/214 940/1263/214
f 934/1269/264 942/1254/257 941/1256/257
f 942/1254/258 934/1269/265 932/1251/265
f 943/1261/256 932/1251/266 931/1253/266
f 944/1249/259 931/1253/267 933/1271/267
f 930/1272/316 946/1264/260 945/1265/260
f 936/1273/269 947/1266/261 946/1264/261
f 947/1266/262 936/1273/317 935/1274/317
f 929/1258/271 945/1265/263 948/1268/263
f 957/1276/318 958/1289/318 963/1277/319
f 952/1279/216 954/1747/216 953/1280/216
f 961/1282/320 962/1295/320 959/1283/321
f 955/1285/218 956/1748/218 950/1286/218
f 959/1288/322 962/1749/323 963/1277/323
f 957/1276/324 964/1278/325 961/1282/325
f 965/1290/326 966/1292/326 958/1289/318
f 967/1291/327 959/1288/322 958/1289/322
f 960/1284/321 959/1283/321 967/1293/329
f 965/1290/330 957/1276/324 960/1284/324
f 953/1280/331 954/1750/331 962/1295/320
f 963/1277/323 962/1749/323 954/1296/332
f 964/1278/319 963/1277/319 952/1297/333
f 964/1278/325 951/1281/334 953/1280/334
f 950/1298/335 966/1292/326 965/1290/326
f 950/1298/336 956/1751/336 967/1291/327
f 968/1294/329 967/1293/329 956/1299/337
f 949/1287/338 965/1290/330 968/1294/330
f 977/1300/339 978/1312/339 983/1301/340
f 971/1303/216 972/1319/216 974/1304/216
f 982/1306/341 979/1050/342 980/1307/342
f 976/1309/218 970/1323/218 969/1310/218
f 978/1312/344 979/1050/344 982/1306/345
f 977/1313/346 984/1752/347 981/1308/347
f 985/1314/348 986/1316/357 978/1312/339
f 987/1315/349 979/1050/344 978/1312/344
f 979/1050/342 987/1315/350 988/1317/350
f 988/1317/351 985/1753/351 977/1313/346
f 974/1304/352 982/1306/341 981/1308/343
f 982/1306/345 974/1304/353 972/1319/353
f 983/1301/340 972/1319/354 971/1320/354
f 981/1308/347 984/1752/347 971/1321/355
f 969/1322/356 970/1323/356 986/1316/357
f 976/1309/358 987/1315/349 986/1316/349
f 988/1317/350 987/1315/350 976/1309/359
f 969/1325/360 985/1753/351 988/1317/351
f 998/1326/218 1003/1754/421 1004/1327/233
f 992/1329/234 994/1345/234 993/1330/234
f 1002/1332/235 999/1338/216 1000/1333/216
f 996/1335/237 990/1351/237 989/1336/237
f 999/1338/238 1002/1332/239 1003/1339/239
f 997/1328/240 1004/1327/241 1001/1334/241
f 1005/1341/242 1006/1755/242 998/1326/218
f 1007/1342/243 999/1338/238 998/1340/238
f 999/1338/216 1007/1342/244 1008/1344/244
f 1005/1341/245 997/1328/240 1000/1333/240
f 994/1345/246 1002/1332/235 1001/1334/236
f 1003/1339/239 1002/1332/239 994/1345/362
f 1004/1327/233 1003/1754/421 992/1347/249
f 1004/1327/241 991/1348/251 993/1346/251
f 990/1349/363 1006/1755/242 1005/1341/242
f 996/1335/253 1007/1342/243 1006/1343/243
f 1008/1344/244 1007/1342/244 996/1335/254
f 995/1352/364 989/1350/364 1005/1341/245
f 1010/1353/212 1012/1756/212 1011/1354/212
f 1014/1356/215 1016/1359/215 1015/1357/215
f 1016/1359/216 1014/1356/216 1012/1360/216
f 1009/1362/218 1011/1757/218 1013/1358/218
f 1018/1353/214 1020/1756/214 1019/1354/214
f 1030/1364/365 1035/1385/226 1036/1365/226
f 1024/1367/212 1026/1758/212 1025/1368/212
f 1033/1370/213 1034/1383/213 1031/1371/366
f 1028/1373/215 1022/1388/215 1021/1374/215
f 1031/1371/367 1034/1383/217 1035/1376/217
f 1029/1366/369 1036/1365/219 1033/1370/219
f 1037/1378/371 1038/1387/377 1030/1364/365
f 1039/1379/372 1031/1371/367 1030/1377/368
f 1031/1371/366 1039/1379/379 1040/1381/374
f 1037/1378/375 1029/1366/369 1032/1372/370
f 1026/1382/224 1034/1383/213 1033/1370/213
f 1034/1383/217 1026/1382/225 1024/1384/225
f 1035/1385/226 1024/1759/227 1023/1369/227
f 1036/1365/219 1023/1369/228 1025/1368/228
f 1021/1386/229 1022/1760/229 1038/1387/377
f 1028/1373/378 1039/1379/372 1038/1380/373
f 1039/1379/379 1028/1373/231 1027/1389/231
f 1021/1386/380 1037/1378/375 1040/1381/376
f 1056/1390/211 1055/1402/226 1050/1391/365
f 1045/1393/212 1046/1761/212 1044/1394/212
f 1052/1396/381 1051/1403/389 1054/1397/382
f 1041/1399/215 1042/1762/215 1048/1400/215
f 1055/1402/219 1054/1397/219 1051/1403/369
f 1053/1404/217 1056/1390/217 1049/1392/383
f 1057/1406/384 1049/1392/210 1050/1391/365
f 1050/1391/370 1051/1403/369 1059/1408/386
f 1060/1409/388 1059/1408/392 1051/1403/389
f 1060/1410/390 1052/1405/216 1049/1392/383
f 1053/1398/213 1054/1397/382 1046/1411/224
f 1044/1394/228 1046/1411/228 1054/1397/219
f 1043/1395/227 1044/1394/227 1055/1402/226
f 1045/1413/225 1043/1395/225 1056/1390/217
f 1057/1406/384 1058/1407/385 1042/1414/229
f 1058/1407/387 1059/1408/386 1048/1400/232
f 1047/1401/231 1048/1400/231 1059/1408/392
f 1060/1410/390 1057/1406/391 1041/1415/230
f 1062/1417/215 1064/1424/215 1063/1418/215
f 1066/1420/212 1068/1763/212 1067/1421/212
f 1068/1423/216 1066/1764/216 1064/1424/216
f 1061/1425/218 1063/1765/218 1065/1422/218
f 1070/1353/214 1072/1766/214 1071/1354/214
f 1074/1353/210 1076/1756/210 1075/1354/210
f 1086/1426/393 1091/1439/394 1092/1427/394
f 1080/1429/216 1082/1767/216 1081/1430/216
f 1089/1432/395 1090/1438/422 1087/1433/396
f 1083/1435/218 1084/1768/218 1078/1436/218
f 1086/1426/397 1087/1433/397 1090/1438/398
f 1085/1428/400 1092/1427/412 1089/1440/401
f 1094/1442/402 1086/1426/393 1085/1428/393
f 1094/1442/404 1095/1444/416 1087/1433/397
f 1088/1434/396 1087/1433/396 1095/1444/405
f 1093/1443/407 1085/1428/400 1088/1441/400
f 1082/1447/409 1090/1438/422 1089/1432/395
f 1090/1438/398 1082/1447/410 1080/1429/410
f 1091/1439/394 1080/1429/411 1079/1431/411
f 1092/1427/412 1079/1431/413 1081/1449/413
f 1078/1436/414 1094/1442/402 1093/1443/403
f 1078/1436/415 1084/1769/415 1095/1444/416
f 1095/1444/405 1084/1769/417 1083/1450/417
f 1083/1451/418 1077/1437/418 1093/1443/407
f 1098/1452/215 1100/1770/215 1099/1453/215
f 1102/1452/212 1104/1770/212 1103/1453/212
f 1114/1455/212 1119/1468/256 1120/1456/256
f 1108/1458/216 1110/1473/216 1109/1459/216
f 1118/1461/257 1115/1467/215 1116/1462/215
f 1112/1464/218 1106/1477/218 1105/1465/218
f 1115/1467/210 1118/1461/258 1119/1468/258
f 1113/1052/214 1120/1476/259 1117/1463/259
f 1122/1469/260 1114/1455/212 1113/1457/212
f 1123/1471/272 1115/1467/210 1114/1455/210
f 1115/1467/215 1123/1471/262 1124/1472/262
f 1124/1472/273 1121/1771/273 1113/1052/214
f 1110/1473/264 1118/1461/257 1117/1463/257
f 1118/1461/258 1110/1473/265 1108/1458/265
f 1119/1468/256 1108/1458/266 1107/1475/266
f 1120/1476/259 1107/1772/267 1109/1474/267
f 1106/1477/268 1122/1469/260 1121/1470/260
f 1112/1464/269 1123/1471/272 1122/1469/272
f 1123/1471/262 1112/1464/270 1111/1479/270
f 1105/1480/271 1121/1771/273 1124/1472/273
f 1126/1481/419 1128/1773/419 1127/1482/419
f 1130/1482/420 1132/1483/420 1131/1481/420
f 1134/1485/214 1136/1774/214 1135/1486/214
f 1138/1485/210 1140/1775/210 1139/1486/210
f 1150/1488/210 1155/1501/226 1156/1489/211
f 1144/1491/212 1146/1506/212 1145/1492/212
f 1153/1494/213 1154/1776/213 1151/1495/214
f 1148/1497/215 1142/1777/215 1141/1498/215
f 1151/1500/216 1154/1507/217 1155/1501/217
f 1149/1490/218 1156/1489/219 1153/1494/219
f 1157/1502/220 1158/1504/220 1150/1488/210
f 1159/1503/221 1151/1500/216 1150/1488/216
f 1151/1495/214 1159/1512/222 1160/1505/222
f 1157/1502/223 1149/1490/218 1152/1496/218
f 1146/1506/224 1154/1776/213 1153/1494/213
f 1154/1507/217 1146/1778/225 1144/1508/225
f 1155/1501/226 1144/1508/227 1143/1509/227
f 1156/1489/219 1143/1509/228 1145/1492/228
f 1142/1510/229 1158/1504/220 1157/1502/220
f 1148/1511/230 1159/1503/221 1158/1504/221
f 1159/1512/222 1148/1779/231 1147/1499/231
f 1141/1498/232 1157/1502/223 1160/1505/223
f 1176/1513/211 1175/1525/226 1170/1514/210
f 1165/1516/212 1166/1534/212 1164/1517/212
f 1173/1519/382 1172/1532/214 1171/1520/214
f 1161/1522/215 1162/1538/215 1168/1523/215
f 1175/1525/219 1174/1521/219 1171/1520/218
f 1173/1526/217 1176/1513/217 1169/1515/216
f 1177/1528/220 1169/1515/210 1170/1514/210
f 1170/1514/218 1171/1520/218 1179/1530/223
f 1180/1531/222 1179/1530/222 1171/1520/214
f 1172/1527/216 1169/1515/216 1177/1528/221
f 1165/1516/224 1173/1519/382 1174/1521/213
f 1164/1535/228 1166/1534/228 1174/1521/219
f 1163/1536/227 1164/1535/227 1175/1525/226
f 1165/1537/225 1163/1536/225 1176/1513/217
f 1177/1528/220 1178/1529/220 1162/1538/229
f 1178/1529/223 1179/1530/223 1168/1523/232
f 1167/1540/231 1168/1523/231 1179/1530/222
f 1180/1533/221 1177/1528/221 1161/1539/230
f 1190/1066/212 1195/1079/256 1196/1067/256
f 1184/1542/216 1186/1780/216 1185/1543/216
f 1194/1072/257 1191/1083/215 1192/1073/215
f 1188/1075/218 1182/1728/218 1181/1076/218
f 1191/1078/210 1194/1086/258 1195/1079/258
f 1189/1068/214 1196/1067/259 1193/1074/259
f 1198/1080/260 1190/1066/212 1189/1068/212
f 1199/1082/261 1191/1078/210 1190/1066/210
f 1191/1083/215 1199/1090/262 1200/1544/262
f 1197/1081/263 1189/1068/214 1192/1073/214
f 1186/1545/264 1194/1072/257 1193/1074/257
f 1194/1086/258 1186/1729/265 1184/1546/265
f 1195/1079/256 1184/1546/266 1183/1071/266
f 1196/1067/259 1183/1071/267 1185/1543/267
f 1182/1547/268 1198/1080/260 1197/1081/260
f 1188/1548/269 1199/1082/261 1198/1080/261
f 1199/1090/262 1188/1730/270 1187/1077/270
f 1181/1076/271 1197/1081/263 1200/1544/263
f 1210/1549/212 1215/1561/256 1216/1550/256
f 1204/1552/216 1206/1568/216 1205/1553/216
f 1214/1555/257 1211/1560/215 1212/1307/215
f 1208/1557/218 1202/1572/218 1201/1558/218
f 1211/1560/210 1214/1555/258 1215/1561/258
f 1209/1562/214 1216/1571/259 1213/1556/259
f 1218/1563/260 1210/1549/212 1209/1551/212
f 1219/1565/261 1211/1560/210 1210/1549/210
f 1211/1560/215 1219/1565/262 1220/1566/262
f 1217/1567/263 1209/1562/214 1212/1307/214
f 1206/1568/264 1214/1555/257 1213/1556/257
f 1214/1555/258 1206/1568/265 1204/1552/265
f 1215/1561/256 1204/1552/266 1203/1570/266
f 1216/1571/259 1203/1781/267 1205/1569/267
f 1202/1572/316 1218/1563/260 1217/1564/260
f 1208/1557/269 1219/1565/261 1218/1563/261
f 1219/1565/262 1208/1557/317 1207/1574/317
f 1201/1575/271 1217/1567/263 1220/1566/263
f 1230/1576/212 1235/1598/256 1236/1577/256
f 1224/1579/216 1226/1596/216 1225/1580/216
f 1234/1582/257 1231/1588/215 1232/1583/215
f 1228/1585/218 1222/1782/218 1221/1586/218
f 1231/1588/210 1234/1582/258 1235/1589/258
f 1232/1583/214 1229/1578/214 1236/1577/259
f 1238/1591/260 1230/1576/212 1229/1578/212
f 1239/1593/272 1231/1588/210 1230/1590/210
f 1231/1588/215 1239/1593/262 1240/1595/262
f 1237/1592/273 1229/1578/214 1232/1583/214
f 1226/1596/264 1234/1582/257 1233/1584/257
f 1234/1582/258 1226/1596/265 1224/1597/265
f 1235/1598/256 1224/1783/266 1223/1599/266
f 1236/1577/259 1223/1599/267 1225/1580/267
f 1222/1600/268 1238/1591/260 1237/1592/260
f 1228/1585/274 1239/1593/272 1238/1594/272
f 1239/1593/262 1228/1585/270 1227/1587/270
f 1221/1601/275 1237/1592/273 1240/1595/273
f 1250/1603/365 1255/1616/226 1256/1604/211
f 1244/1606/212 1246/1784/212 1245/1607/212
f 1253/1609/213 1254/1785/213 1251/1610/366
f 1248/1612/215 1242/1786/215 1241/1613/215
f 1251/1615/367 1254/1623/217 1255/1616/217
f 1249/1605/369 1256/1604/219 1253/1609/219
f 1257/1617/371 1258/1619/377 1250/1603/365
f 1259/1618/372 1251/1615/367 1250/1603/368
f 1251/1610/366 1259/1627/379 1260/1620/374
f 1257/1617/375 1249/1605/369 1252/1611/370
f 1246/1621/224 1254/1785/213 1253/1609/213
f 1254/1623/217 1246/1787/225 1244/1606/225
f 1255/1616/226 1244/1606/227 1243/1608/227
f 1256/1604/219 1243/1608/228 1245/1622/228
f 1241/1624/229 1242/1626/229 1258/1619/377
f 1248/1625/378 1259/1618/372 1258/1619/373
f 1259/1627/379 1248/1612/231 1247/1614/231
f 1241/1624/380 1257/1617/375 1260/1620/376
f 1276/1628/211 1275/1651/226 1270/1629/365
f 1265/1631/212 1266/1648/212 1264/1632/212
f 1272/1634/381 1271/1641/389 1274/1635/213
f 1261/1637/215 1262/1652/215 1268/1638/215
f 1275/1640/219 1274/1635/219 1271/1641/369
f 1273/1636/217 1276/1628/217 1269/1630/383
f 1277/1643/384 1269/1630/210 1270/1629/365
f 1270/1642/370 1271/1641/369 1279/1645/386
f 1280/1647/388 1279/1645/392 1271/1641/389
f 1280/1647/390 1272/1634/216 1269/1630/383
f 1273/1636/213 1274/1635/213 1266/1648/224
f 1264/1649/228 1266/1648/228 1274/1635/219
f 1263/1650/227 1264/1788/227 1275/1651/226
f 1265/1631/225 1263/1650/225 1276/1628/217
f 1277/1643/384 1278/1644/385 1262/1652/229
f 1278/1646/387 1279/1645/386 1268/1653/232
f 1267/1655/231 1268/1653/231 1279/1645/392
f 1280/1647/390 1277/1643/391 1261/1637/230
f 1290/1656/212 1295/1669/256 1296/1657/256
f 1284/1659/216 1286/1676/216 1285/1660/216
f 1294/1662/257 1291/1668/215 1292/1663/215
f 1288/1665/218 1282/1680/218 1281/1666/218
f 1291/1668/210 1294/1662/258 1295/1669/258
f 1289/1670/214 1296/1679/259 1293/1664/259
f 1298/1671/260 1290/1656/212 1289/1658/212
f 1299/1673/261 1291/1668/210 1290/1656/210
f 1291/1668/215 1299/1673/262 1300/1674/262
f 1297/1675/263 1289/1670/214 1292/1663/214
f 1286/1676/264 1294/1662/257 1293/1664/257
f 1294/1662/258 1286/1676/265 1284/1659/265
f 1295/1669/256 1284/1659/266 1283/1678/266
f 1296/1679/259 1283/1789/267 1285/1677/267
f 1282/1680/268 1298/1671/260 1297/1672/260
f 1288/1665/269 1299/1673/261 1298/1671/261
f 1299/1673/262 1288/1665/270 1287/1682/270
f 1281/1683/271 1297/1675/263 1300/1674/263
f 1310/1684/212 1315/1696/256 1316/1685/256
f 1304/1686/216 1306/1703/216 1305/1687/216
f 1314/1689/257 1311/1695/215 1312/1690/215
f 1308/1692/218 1302/1707/218 1301/1693/218
f 1311/1695/210 1314/1689/258 1315/1696/258
f 1309/1697/214 1316/1706/259 1313/1691/259
f 1318/1698/260 1310/1684/212 1309/1300/212
f 1319/1700/261 1311/1695/210 1310/1684/210
f 1311/1695/215 1319/1700/262 1320/1701/262
f 1317/1702/263 1309/1697/214 1312/1690/214
f 1306/1703/264 1314/1689/257 1313/1691/257
f 1314/1689/258 1306/1703/265 1304/1686/265
f 1315/1696/256 1304/1686/266 1303/1705/266
f 1316/1706/259 1303/1790/267 1305/1704/267
f 1302/1707/268 1318/1698/260 1317/1699/260
f 1308/1692/269 1319/1700/261 1318/1698/261
f 1319/1700/262 1308/1692/270 1307/1709/270
f 1301/1710/271 1317/1702/263 1320/1701/263
o standRed
v -4.824184 2.285913 -3.637809
v -4.190031 2.285913 -3.637809
v -4.824184 2.285914 1.872183
v -4.190031 2.285914 1.872183
v -4.824184 2.920065 1.872183
v -4.190031 2.920065 1.872183
v -4.824184 2.920065 -3.637809
v -4.190031 2.920065 -3.637809
v -4.762255 2.347843 0.015195
v -4.251963 2.347843 0.015195
v -4.251963 2.858135 0.015194
v -4.762255 2.858135 0.015194
v -4.817690 2.913572 1.509172
v -4.196526 2.913572 1.509172
v -4.196526 2.292407 1.509172
v -4.817690 2.292407 1.509172
v -4.817690 2.292407 -1.773899
v -4.196526 2.292407 -1.773899
v -4.196526 2.913571 -1.773899
v -4.817690 2.913571 -1.773899
v -11.212562 2.285913 -3.637809
v -11.846714 2.285913 -3.637809
v -11.212562 2.285914 1.872183
v -11.846714 2.285914 1.872183
v -11.212562 2.920065 1.872183
v -11.846714 2.920065 1.872183
v -11.212562 2.920065 -3.637809
v -11.846714 2.920065 -3.637809
v -11.274491 2.347843 0.015195
v -11.784783 2.347843 0.015195
v -11.784783 2.858135 0.015194
v -11.274491 2.858135 0.015194
v -11.219055 2.913572 1.509172
v -11.840220 2.913572 1.509172
v -11.840220 2.292407 1.509172
v -11.219055 2.292407 1.509172
v -11.219055 2.292407 -1.773899
v -11.840220 2.292407 -1.773899
v -11.840220 2.913571 -1.773899
v -11.219055 2.913571 -1.773899
v -4.710752 5.827705 -3.014347
v -4.710752 5.477810 -2.812334
v -4.710752 9.221066 2.844823
v -4.710752 8.841331 2.982800
v -4.306727 9.221066 2.844823
v -4.306727 8.841331 2.982800
v -4.306727 5.827705 -3.014347
v -4.306727 5.477810 -2.812334
v -4.671296 7.785397 0.455387
v -4.671296 7.503842 0.617943
v -4.346183 7.503842 0.617943
v -4.346183 7.785397 0.455387
v -4.310864 8.822769 2.181530
v -4.310864 8.480039 2.379405
v -4.706614 8.480039 2.379405
v -4.706614 8.822769 2.181530
v -4.706614 6.809200 -1.306074
v -4.706614 6.466470 -1.108199
v -4.310864 6.466470 -1.108199
v -4.310864 6.809200 -1.306074
v -11.262472 -0.061930 -3.653004
v -11.896626 -0.061930 -3.653004
v -11.262472 -0.061930 3.653004
v -11.896626 -0.061930 3.653004
v -11.262472 0.572222 3.653004
v -11.896626 0.572222 3.653004
v -11.262472 0.572222 -3.653004
v -11.896626 0.572222 -3.653004
v -11.324402 -0.000000 -0.000000
v -11.834694 -0.000000 -0.000000
v -11.834694 0.510292 -0.000000
v -11.324402 0.510292 -0.000000
v -11.268967 0.565728 1.789094
v -11.890131 0.565728 1.789094
v -11.890131 -0.055436 1.789094
v -11.268967 -0.055436 1.789094
v -11.268967 -0.055436 -1.789094
v -11.890131 -0.055436 -1.789094
v -11.890131 0.565728 -1.789094
v -11.268967 0.565728 -1.789094
v -4.774273 -0.061930 -3.653004
v -4.140121 -0.061930 -3.653004
v -4.774273 -0.061930 3.653004
v -4.140121 -0.061930 3.653004
v -4.774273 0.572222 3.653004
v -4.140121 0.572222 3.653004
v -4.774273 0.572222 -3.653004
v -4.140121 0.572222 -3.653004
v -4.712343 -0.000000 -0.000000
v -4.202052 -0.000000 -0.000000
v -4.202052 0.510292 -0.000000
v -4.712343 0.510292 -0.000000
v -4.767779 0.565728 1.789094
v -4.146615 0.565728 1.789094
v -4.146615 -0.055436 1.789094
v -4.767779 -0.055436 1.789094
v -4.767779 -0.055436 -1.789094
v -4.146615 -0.055436 -1.789094
v -4.146615 0.565728 -1.789094
v -4.767779 0.565728 -1.789094
v -11.824063 0.294402 3.128537
v -4.212684 0.294402 3.128537
v -11.824063 1.070974 3.128537
v -4.212684 1.070974 3.128537
v -11.824063 1.070974 3.011112
v -4.212684 1.070974 3.011112
v -11.824063 0.294402 3.011112
v -4.212684 0.294402 3.011112
v -12.018373 0.364569 -2.797987
v -12.018373 -0.039457 -2.797987
v -4.018373 0.364569 -2.797987
v -4.018373 -0.039457 -2.797987
v -4.018373 0.364569 -3.202013
v -4.018373 -0.039457 -3.202013
v -12.018373 0.364569 -3.202013
v -12.018373 -0.039457 -3.202013
v -8.034649 0.325113 -2.837444
v -8.034649 -0.000000 -2.837444
v -8.034649 -0.000000 -3.162556
v -8.034649 0.325113 -3.162556
v -6.021080 0.360431 -3.197875
v -6.021080 -0.035319 -3.197875
v -6.021080 -0.035319 -2.802125
v -6.021080 0.360431 -2.802125
v -10.048218 0.360431 -2.802125
v -10.048218 -0.035319 -2.802125
v -10.048218 -0.035319 -3.197875
v -10.048218 0.360431 -3.197875
v -12.018373 0.364569 3.202013
v -12.018373 -0.039456 3.202013
v -4.018373 0.364569 3.202013
v -4.018373 -0.039456 3.202013
v -4.018373 0.364569 2.797987
v -4.018373 -0.039456 2.797987
v -12.018373 0.364569 2.797987
v -12.018373 -0.039456 2.797987
v -8.034649 0.325113 3.162556
v -8.034649 0.000000 3.162556
v -8.034649 0.000000 2.837444
v -8.034649 0.325113 2.837444
v -6.021080 0.360432 2.802125
v -6.021080 -0.035319 2.802125
v -6.021080 -0.035319 3.197875
v -6.021080 0.360432 3.197875
v -10.048218 0.360432 3.197875
v -10.048218 -0.035319 3.197875
v -10.048218 -0.035319 2.802125
v -10.048218 0.360432 2.802125
v -12.018373 6.079456 -2.797987
v -12.018373 5.675431 -2.797987
v -4.018373 6.079456 -2.797987
v -4.018373 5.675431 -2.797987
v -4.018373 6.079455 -3.202013
v -4.018373 5.675430 -3.202013
v -12.018373 6.079455 -3.202013
v -12.018373 5.675430 -3.202013
v -8.034649 6.040000 -2.837444
v -8.034649 5.714887 -2.837444
v -8.034649 5.714887 -3.162557
v -8.034649 6.039999 -3.162557
v -6.021080 6.075318 -3.197876
v -6.021080 5.679568 -3.197876
v -6.021080 5.679568 -2.802125
v -6.021080 6.075318 -2.802125
v -10.048218 6.075318 -2.802125
v -10.048218 5.679568 -2.802125
v -10.048218 5.679568 -3.197876
v -10.048218 6.075318 -3.197876
v -11.212562 -0.218922 -2.640165
v -11.846714 -0.218922 -2.640165
v -11.212562 6.218922 -2.640166
v -11.846714 6.218922 -2.640166
v -11.212562 6.218922 -3.359835
v -11.846714 6.218922 -3.359835
v -11.212562 -0.218922 -3.359834
v -11.846714 -0.218922 -3.359834
v -11.274491 2.999999 -2.710447
v -11.784783 2.999999 -2.710447
v -11.784783 2.999999 -3.289553
v -11.274491 2.999999 -3.289553
v -11.219055 4.576497 -3.352465
v -11.840220 4.576497 -3.352465
v -11.840220 4.576498 -2.647535
v -11.219055 4.576498 -2.647535
v -11.219055 1.423502 -2.647535
v -11.840220 1.423502 -2.647535
v -11.840220 1.423502 -3.352465
v -11.219055 1.423502 -3.352465
v -4.824184 -0.218922 -2.640165
v -4.190031 -0.218922 -2.640165
v -4.824184 6.218922 -2.640166
v -4.190031 6.218922 -2.640166
v -4.824184 6.218922 -3.359835
v -4.190031 6.218922 -3.359835
v -4.824184 -0.218922 -3.359834
v -4.190031 -0.218922 -3.359834
v -4.762255 2.999999 -2.710447
v -4.251963 2.999999 -2.710447
v -4.251963 2.999999 -3.289553
v -4.762255 2.999999 -3.289553
v -4.817690 4.576497 -3.352465
v -4.196526 4.576497 -3.352465
v -4.196526 4.576498 -2.647535
v -4.817690 4.576498 -2.647535
v -4.817690 1.423502 -2.647535
v -4.196526 1.423502 -2.647535
v -4.196526 1.423502 -3.352465
v -4.817690 1.423502 -3.352465
v -11.212562 0.682924 -3.653004
v -11.846714 0.682924 -3.653004
v -11.212562 0.682924 3.653004
v -11.846714 0.682924 3.653004
v -11.212562 1.317076 3.653004
v -11.846714 1.317076 3.653004
v -11.212562 1.317076 -3.653004
v -11.846714 1.317076 -3.653004
v -11.274491 0.744854 -0.000000
v -11.784783 0.744854 -0.000000
v -11.784783 1.255146 -0.000000
v -11.274491 1.255146 -0.000000
v -11.219055 1.310583 1.789094
v -11.840220 1.310583 1.789094
v -11.840220 0.689418 1.789094
v -11.219055 0.689418 1.789094
v -11.219055 0.689417 -1.789094
v -11.840220 0.689417 -1.789094
v -11.840220 1.310582 -1.789094
v -11.219055 1.310582 -1.789094
v -4.824184 0.682924 -3.653004
v -4.190031 0.682924 -3.653004
v -4.824184 0.682924 3.653004
v -4.190031 0.682924 3.653004
v -4.824184 1.317076 3.653004
v -4.190031 1.317076 3.653004
v -4.824184 1.317076 -3.653004
v -4.190031 1.317076 -3.653004
v -4.762255 0.744854 -0.000000
v -4.251963 0.744854 -0.000000
v -4.251963 1.255146 -0.000000
v -4.762255 1.255146 -0.000000
v -4.817690 1.310583 1.789094
v -4.196526 1.310583 1.789094
v -4.196526 0.689418 1.789094
v -4.817690 0.689418 1.789094
v -4.817690 0.689417 -1.789094
v -4.196526 0.689417 -1.789094
v -4.196526 1.310582 -1.789094
v -4.817690 1.310582 -1.789094
v -12.018373 2.765438 1.284969
v -12.018373 2.362917 1.250135
v -4.018373 2.765438 1.284969
v -4.018373 2.362917 1.250135
v -4.018373 2.800273 0.882448
v -4.018373 2.397752 0.847614
v -12.018373 2.800273 0.882448
v -12.018373 2.397752 0.847614
v -8.034649 2.729531 1.242258
v -8.034649 2.405629 1.214227
v -8.034649 2.433659 0.890325
v -8.034649 2.757562 0.918356
v -6.021080 2.795794 0.886214
v -6.021080 2.401517 0.852093
v -6.021080 2.367396 1.246370
v -6.021080 2.761673 1.280491
v -10.048218 2.761673 1.280491
v -10.048218 2.367396 1.246370
v -10.048218 2.401517 0.852093
v -10.048218 2.795794 0.886214
v -12.018373 1.209199 -2.797987
v -12.018373 0.805174 -2.797987
v -4.018373 1.209199 -2.797987
v -4.018373 0.805174 -2.797987
v -4.018373 1.209199 -3.202013
v -4.018373 0.805174 -3.202013
v -12.018373 1.209199 -3.202013
v -12.018373 0.805174 -3.202013
v -8.034649 1.169743 -2.837444
v -8.034649 0.844630 -2.837444
v -8.034649 0.844630 -3.162556
v -8.034649 1.169743 -3.162556
v -6.021080 1.205062 -3.197875
v -6.021080 0.809311 -3.197875
v -6.021080 0.809311 -2.802125
v -6.021080 1.205062 -2.802125
v -10.048218 1.205062 -2.802125
v -10.048218 0.809311 -2.802125
v -10.048218 0.809311 -3.197875
v -10.048218 1.205062 -3.197875
v -12.018373 1.194246 3.226911
v -12.018373 0.791202 3.198774
v -4.018373 1.194246 3.226911
v -4.018373 0.791202 3.198774
v -4.018373 1.222382 2.823866
v -4.018373 0.819338 2.795730
v -12.018373 1.222382 2.823866
v -12.018373 0.819338 2.795730
v -8.034649 1.157633 3.184803
v -8.034649 0.833310 3.162162
v -8.034649 0.855951 2.837838
v -8.034649 1.180274 2.860479
v -6.021080 1.217967 2.827706
v -6.021080 0.823177 2.800145
v -6.021080 0.795617 3.194935
v -6.021080 1.190407 3.222495
v -10.048218 1.190407 3.222495
v -10.048218 0.795617 3.194935
v -10.048218 0.823177 2.800145
v -10.048218 1.217967 2.827706
v -12.018373 4.445201 -0.827894
v -12.018373 4.042646 -0.862335
v -4.018373 4.445201 -0.827894
v -4.018373 4.042646 -0.862335
v -4.018373 4.479641 -1.230449
v -4.018373 4.077087 -1.264890
v -12.018373 4.479641 -1.230449
v -12.018373 4.077087 -1.264890
v -8.034649 4.409252 -0.870570
v -8.034649 4.085322 -0.898284
v -8.034649 4.113036 -1.222213
v -8.034649 4.436965 -1.194499
v -6.021080 4.475166 -1.226679
v -6.021080 4.080856 -1.260414
v -6.021080 4.047121 -0.866104
v -6.021080 4.441431 -0.832368
v -10.048218 4.441431 -0.832368
v -10.048218 4.047121 -0.866104
v -10.048218 4.080856 -1.260414
v -10.048218 4.475166 -1.226679
v -11.708117 5.827705 -3.014347
v -11.708117 5.477810 -2.812334
v -11.708117 9.221066 2.844823
v -11.708117 8.841331 2.982800
v -11.304092 9.221066 2.844823
v -11.304092 8.841331 2.982800
v -11.304092 5.827705 -3.014347
v -11.304092 5.477810 -2.812334
v -11.668661 7.785397 0.455387
v -11.668661 7.503842 0.617943
v -11.343548 7.503842 0.617943
v -11.343548 7.785397 0.455387
v -11.308229 8.822769 2.181530
v -11.308229 8.480039 2.379405
v -11.703979 8.480039 2.379405
v -11.703979 8.822769 2.181530
v -11.703979 6.809200 -1.306074
v -11.703979 6.466470 -1.108199
v -11.308229 6.466470 -1.108199
v -11.308229 6.809200 -1.306074
v -11.232068 0.000000 1.031570
v -4.804676 0.000000 1.031570
v -11.232068 2.435803 1.031570
v -4.804676 2.435803 1.031570
v -11.232068 2.435803 0.914145
v -4.804676 2.435803 0.914145
v -11.232068 0.000000 0.914145
v -4.804676 0.000000 0.914145
v -11.232068 0.050392 2.909995
v -4.804676 0.050392 2.909995
v -11.232068 0.050392 0.474192
v -4.804676 0.050392 0.474192
v -4.824184 3.975619 -3.653004
v -4.190031 3.975619 -3.653004
v -4.824184 3.975619 -0.394353
v -4.190031 3.975619 -0.394353
v -4.824184 4.609771 -0.394353
v -4.190031 4.609771 -0.394353
v -4.824184 4.609771 -3.653004
v -4.190031 4.609771 -3.653004
v -4.762255 4.037549 -2.251341
v -4.251963 4.037549 -2.251341
v -4.251963 4.547841 -2.251341
v -4.762255 4.547841 -2.251341
v -4.817690 4.603278 -0.757363
v -4.196526 4.603278 -0.757363
v -4.196526 3.982113 -0.757363
v -4.817690 3.982113 -0.757363
v -4.817690 3.982113 -2.417169
v -4.196526 3.982113 -2.417169
v -4.196526 4.603278 -2.417169
v -4.817690 4.603278 -2.417169
v -11.212562 3.975619 -3.653004
v -11.846714 3.975619 -3.653004
v -11.212562 3.975619 -0.394353
v -11.846714 3.975619 -0.394353
v -11.212562 4.609771 -0.394353
v -11.846714 4.609771 -0.394353
v -11.212562 4.609771 -3.653004
v -11.846714 4.609771 -3.653004
v -11.274491 4.037549 -2.251341
v -11.784783 4.037549 -2.251341
v -11.784783 4.547841 -2.251341
v -11.274491 4.547841 -2.251341
v -11.219055 4.603278 -0.757363
v -11.840220 4.603278 -0.757363
v -11.840220 3.982113 -0.757363
v -11.219055 3.982113 -0.757363
v -11.219055 3.982113 -2.417169
v -11.840220 3.982113 -2.417169
v -11.840220 4.603278 -2.417169
v -11.219055 4.603278 -2.417169
v -11.232068 4.111872 -1.129323
v -4.804676 4.111872 -1.129323
v -11.232068 1.676069 -1.129323
v -4.804676 1.676069 -1.129323
v -11.232068 1.676069 -1.011899
v -4.804676 1.676069 -1.011899
v -11.232068 4.111872 -1.011900
v -4.804676 4.111872 -1.011900
v -11.232068 1.775339 0.863153
v -4.804676 1.775339 0.863153
v -11.232068 1.775339 -1.572651
v -4.804676 1.775339 -1.572651
v -11.232068 1.657915 -1.572651
v -4.804676 1.657915 -1.572651
v -11.232068 1.657915 0.863153
v -4.804676 1.657915 0.863153
v -12.039121 8.984547 2.351387
v -12.039121 8.552515 2.581657
v -3.997626 8.984547 2.351387
v -3.997626 8.552515 2.581657
v -3.997626 8.793526 1.992994
v -3.997626 8.361494 2.223264
v -12.039121 8.793526 1.992994
v -12.039121 8.361494 2.223264
v -8.034649 8.892932 2.354319
v -8.034649 8.606027 2.507237
v -8.034649 8.453110 2.220332
v -8.034649 8.740014 2.067414
v -6.021080 8.754569 2.019633
v -6.021080 8.405328 2.205777
v -6.021080 8.591472 2.555017
v -6.021080 8.940713 2.368874
v -10.048218 8.940713 2.368874
v -10.048218 8.591472 2.555017
v -10.048218 8.405328 2.205777
v -10.048218 8.754569 2.019633
v -11.302961 5.744252 -3.134528
v -4.733782 5.744252 -3.134528
v -11.302961 0.268308 -3.134527
v -4.733782 0.268308 -3.134527
v -11.302961 0.268308 -3.017103
v -4.733782 0.268308 -3.017103
v -11.302961 5.744252 -3.017104
v -4.733782 5.744252 -3.017104
v -12.018373 2.067565 1.254289
v -12.018373 1.663540 1.254289
v -4.018373 2.067565 1.254289
v -4.018373 1.663540 1.254289
v -4.018373 2.067565 0.850264
v -4.018373 1.663540 0.850264
v -12.018373 2.067565 0.850264
v -12.018373 1.663540 0.850264
v -8.034649 2.028109 1.214833
v -8.034649 1.702996 1.214833
v -8.034649 1.702996 0.889720
v -8.034649 2.028109 0.889720
v -6.021080 2.063428 0.854401
v -6.021080 1.667677 0.854401
v -6.021080 1.667677 1.250152
v -6.021080 2.063428 1.250152
v -10.048218 2.063428 1.250152
v -10.048218 1.667677 1.250152
v -10.048218 1.667677 0.854401
v -10.048218 2.063428 0.854401
v -11.302961 8.657825 2.242415
v -4.733782 8.657825 2.242415
v -11.302961 5.923038 -2.501727
v -4.733782 5.923038 -2.501727
v -11.302961 5.821307 -2.443083
v -4.733782 5.821307 -2.443083
v -11.302961 8.556094 2.301059
v -4.733782 8.556094 2.301059
v -11.198852 2.847819 -1.115194
v -4.837893 2.847819 -1.115194
v -11.198852 2.847819 -3.057170
v -4.837893 2.847819 -3.057170
v -11.198852 2.730395 -3.057171
v -4.837893 2.730395 -3.057171
v -11.198852 2.730395 -1.115194
v -4.837893 2.730395 -1.115194
v -4.824184 1.527846 -3.653004
v -4.190031 1.527846 -3.653004
v -4.824184 1.527846 1.856988
v -4.190031 1.527846 1.856988
v -4.824184 2.161998 1.856988
v -4.190031 2.161998 1.856988
v -4.824184 2.161997 -3.653004
v -4.190031 2.161997 -3.653004
v -4.762255 1.589776 -0.000000
v -4.251963 1.589776 -0.000000
v -4.251963 2.100067 -0.000000
v -4.762255 2.100067 -0.000000
v -4.817690 2.155504 1.493977
v -4.196526 2.155504 1.493977
v -4.196526 1.534339 1.493977
v -4.817690 1.534339 1.493977
v -4.817690 1.534339 -1.789094
v -4.196526 1.534339 -1.789094
v -4.196526 2.155504 -1.789094
v -4.817690 2.155504 -1.789094
v -11.212562 1.527846 -3.653004
v -11.846714 1.527846 -3.653004
v -11.212562 1.527846 1.856988
v -11.846714 1.527846 1.856988
v -11.212562 2.161998 1.856988
v -11.846714 2.161998 1.856988
v -11.212562 2.161997 -3.653004
v -11.846714 2.161997 -3.653004
v -11.274491 1.589776 -0.000000
v -11.784783 1.589776 -0.000000
v -11.784783 2.100067 -0.000000
v -11.274491 2.100067 -0.000000
v -11.219055 2.155504 1.493977
v -11.840220 2.155504 1.493977
v -11.840220 1.534339 1.493977
v -11.219055 1.534339 1.493977
v -11.219055 1.534339 -1.789094
v -11.840220 1.534339 -1.789094
v -11.840220 2.155504 -1.789094
v -11.219055 2.155504 -1.789094
v -12.018373 2.793550 -2.797987
v -12.018373 2.389525 -2.797987
v -4.018373 2.793550 -2.797987
v -4.018373 2.389525 -2.797987
v -4.018373 2.793550 -3.202013
v -4.018373 2.389525 -3.202013
v -12.018373 2.793550 -3.202013
v -12.018373 2.389525 -3.202013
v -8.034649 2.754094 -2.837444
v -8.034649 2.428981 -2.837444
v -8.034649 2.428981 -3.162556
v -8.034649 2.754094 -3.162556
v -6.021080 2.789413 -3.197875
v -6.021080 2.393662 -3.197875
v -6.021080 2.393662 -2.802125
v -6.021080 2.789413 -2.802125
v -10.048218 2.789413 -2.802125
v -10.048218 2.393662 -2.802125
v -10.048218 2.393662 -3.197875
v -10.048218 2.789413 -3.197875
v -12.018373 2.072231 -2.797987
v -12.018373 1.668206 -2.797987
v -4.018373 2.072231 -2.797987
v -4.018373 1.668206 -2.797987
v -4.018373 2.072231 -3.202013
v -4.018373 1.668206 -3.202013
v -12.018373 2.072231 -3.202013
v -12.018373 1.668206 -3.202013
v -8.034649 2.032775 -2.837444
v -8.034649 1.707662 -2.837444
v -8.034649 1.707662 -3.162556
v -8.034649 2.032775 -3.162556
v -6.021080 2.068094 -3.197875
v -6.021080 1.672343 -3.197875
v -6.021080 1.672343 -2.802125
v -6.021080 2.068094 -2.802125
v -10.048218 2.068094 -2.802125
v -10.048218 1.672343 -2.802125
v -10.048218 1.672343 -3.197875
v -10.048218 2.068094 -3.197875
v -12.018373 3.671546 -0.858236
v -12.018373 3.267521 -0.858236
v -4.018373 3.671546 -0.858236
v -4.018373 3.267521 -0.858236
v -4.018373 3.671546 -1.262261
v -4.018373 3.267521 -1.262261
v -12.018373 3.671546 -1.262261
v -12.018373 3.267521 -1.262261
v -8.034649 3.632090 -0.897692
v -8.034649 3.306977 -0.897692
v -8.034649 3.306977 -1.222805
v -8.034649 3.632090 -1.222805
v -6.021080 3.667409 -1.258124
v -6.021080 3.271658 -1.258124
v -6.021080 3.271658 -0.862373
v -6.021080 3.667409 -0.862373
v -10.048218 3.667409 -0.862373
v -10.048218 3.271658 -0.862373
v -10.048218 3.271658 -1.258124
v -10.048218 3.667409 -1.258124
v -4.824184 3.150039 -3.653004
v -4.190031 3.150039 -3.653004
v -4.824184 3.150040 -0.394353
v -4.190031 3.150040 -0.394353
v -4.824184 3.784191 -0.394353
v -4.190031 3.784191 -0.394353
v -4.824184 3.784191 -3.653004
v -4.190031 3.784191 -3.653004
v -4.762255 3.211969 -2.251341
v -4.251963 3.211969 -2.251341
v -4.251963 3.722261 -2.251341
v -4.762255 3.722261 -2.251341
v -4.817690 3.777698 -0.757363
v -4.196526 3.777698 -0.757363
v -4.196526 3.156533 -0.757363
v -4.817690 3.156533 -0.757363
v -4.817690 3.156533 -2.417169
v -4.196526 3.156533 -2.417169
v -4.196526 3.777697 -2.417169
v -4.817690 3.777697 -2.417169
v -11.212562 3.150039 -3.653004
v -11.846714 3.150039 -3.653004
v -11.212562 3.150040 -0.394353
v -11.846714 3.150040 -0.394353
v -11.212562 3.784191 -0.394353
v -11.846714 3.784191 -0.394353
v -11.212562 3.784191 -3.653004
v -11.846714 3.784191 -3.653004
v -11.274491 3.211969 -2.251341
v -11.784783 3.211969 -2.251341
v -11.784783 3.722261 -2.251341
v -11.274491 3.722261 -2.251341
v -11.219055 3.777698 -0.757363
v -11.840220 3.777698 -0.757363
v -11.840220 3.156533 -0.757363
v -11.219055 3.156533 -0.757363
v -11.219055 3.156533 -2.417169
v -11.840220 3.156533 -2.417169
v -11.840220 3.777697 -2.417169
v -11.219055 3.777697 -2.417169
v -12.018373 4.490625 -2.797987
v -12.018373 4.086600 -2.797987
v -4.018373 4.490625 -2.797987
v -4.018373 4.086600 -2.797987
v -4.018373 4.490625 -3.202013
v -4.018373 4.086599 -3.202013
v -12.018373 4.490625 -3.202013
v -12.018373 4.086599 -3.202013
v -8.034649 4.451169 -2.837444
v -8.034649 4.126056 -2.837444
v -8.034649 4.126056 -3.162556
v -8.034649 4.451169 -3.162556
v -6.021080 4.486487 -3.197875
v -6.021080 4.090737 -3.197875
v -6.021080 4.090737 -2.802125
v -6.021080 4.486488 -2.802125
v -10.048218 4.486488 -2.802125
v -10.048218 4.090737 -2.802125
v -10.048218 4.090737 -3.197875
v -10.048218 4.486487 -3.197875
v -12.018373 3.658669 -2.797987
v -12.018373 3.254643 -2.797987
v -4.018373 3.658669 -2.797987
v -4.018373 3.254643 -2.797987
v -4.018373 3.658669 -3.202013
v -4.018373 3.254643 -3.202013
v -12.018373 3.658669 -3.202013
v -12.018373 3.254643 -3.202013
v -8.034649 3.619213 -2.837444
v -8.034649 3.294100 -2.837444
v -8.034649 3.294100 -3.162556
v -8.034649 3.619213 -3.162556
v -6.021080 3.654531 -3.197875
v -6.021080 3.258781 -3.197875
v -6.021080 3.258781 -2.802125
v -6.021080 3.654531 -2.802125
v -10.048218 3.654531 -2.802125
v -10.048218 3.258781 -2.802125
v -10.048218 3.258781 -3.197875
v -10.048218 3.654531 -3.197875
vn -0.0000 -1.0000 -0.0000
vn -0.0000 -0.9999 -0.0160
vn -0.0000 -0.0000 1.0000
vn -0.0000 0.9999 -0.0161
vn -0.0000 1.0000 -0.0000
vn -0.0000 -0.0000 -1.0000
vn 1.0000 -0.0000 -0.0000
vn 0.9999 -0.0000 -0.0161
vn -1.0000 -0.0000 -0.0000
vn -0.9999 -0.0000 -0.0161
vn -0.0000 -0.9999 0.0161
vn 0.9999 -0.0000 0.0161
vn -0.0000 0.9999 0.0161
vn -0.9999 -0.0000 0.0161
vn -0.0000 1.0000 -0.0035
vn 1.0000 -0.0000 -0.0035
vn -0.0000 -0.9999 -0.0161
vn -0.0000 -1.0000 -0.0035
vn -1.0000 -0.0000 -0.0035
vn -0.0000 -1.0000 0.0035
vn 1.0000 -0.0000 0.0035
vn -0.0000 1.0000 0.0035
vn -1.0000 -0.0000 0.0035
vn -1.0000 -0.0049 -0.0079
vn -1.0000 -0.0047 -0.0079
vn -0.0000 0.5000 0.8661
vn 1.0000 -0.0049 -0.0079
vn 1.0000 -0.0047 -0.0079
vn -0.0000 -0.5000 -0.8660
vn -0.0000 -0.8660 0.5000
vn -0.0000 -0.8706 0.4921
vn -0.0000 0.8660 -0.5000
vn -0.0000 0.8614 -0.5079
vn -1.0000 0.0046 0.0080
vn -0.0000 -0.8614 0.5079
vn 1.0000 0.0046 0.0080
vn -0.0000 0.8705 -0.4921
vn 1.0000 -0.0008 -0.0017
vn 1.0000 -0.0005 -0.0017
vn 0.0001 -0.8670 0.4983
vn -1.0000 -0.0008 -0.0017
vn -1.0000 -0.0005 -0.0017
vn -0.0000 0.8650 -0.5017
vn -1.0000 0.0011 0.0018
vn -0.0000 -0.8650 0.5018
vn 1.0000 0.0011 0.0018
vn -0.0000 0.8669 -0.4985
vn -0.0092 -0.0000 1.0000
vn -0.0092 -0.0000 -1.0000
vn -0.0092 -1.0000 -0.0000
vn -0.0092 1.0000 -0.0000
vn 0.0092 -0.0000 1.0000
vn 0.0093 -1.0000 -0.0000
vn 0.0092 -0.0000 -1.0000
vn 0.0093 1.0000 -0.0000
vn -0.0021 -0.0000 -1.0000
vn -0.0021 -1.0000 -0.0000
vn -0.0021 -0.0000 1.0000
vn -0.0021 1.0000 -0.0000
vn 0.0021 -0.0000 1.0000
vn 0.0021 -1.0000 -0.0000
vn 0.0021 -0.0000 -1.0000
vn 0.0021 1.0000 -0.0000
vn 0.0092 -1.0000 -0.0000
vn 0.0092 1.0000 -0.0000
vn 0.0018 -1.0000 -0.0000
vn 0.0018 1.0000 -0.0000
vn -0.0000 -0.0207 0.9998
vn -0.0000 -0.0207 -0.9998
vn -0.9998 -0.0182 -0.0000
vn 0.9998 -0.0182 -0.0000
vn -0.0000 0.0207 0.9998
vn -0.9998 0.0182 -0.0000
vn -0.0000 0.0207 -0.9998
vn 0.9998 0.0182 -0.0000
vn -0.0000 -0.0045 -1.0000
vn -1.0000 -0.0040 -0.0000
vn -0.0000 -0.0045 1.0000
vn 1.0000 -0.0040 -0.0000
vn -0.0000 0.0045 1.0000
vn -1.0000 0.0040 -0.0000
vn -0.0000 0.0045 -1.0000
vn 1.0000 0.0040 -0.0000
vn 0.9998 -0.0183 -0.0000
vn 0.9998 0.0183 -0.0000
vn -0.0000 -0.0862 0.9963
vn -0.0092 -0.0862 0.9962
vn -0.0094 0.0862 -0.9962
vn -0.0000 0.0862 -0.9963
vn -0.0000 -0.9963 -0.0862
vn -0.0092 -0.9962 -0.0862
vn -0.0000 0.9963 0.0862
vn -0.0092 0.9962 0.0862
vn 0.0093 -0.0862 0.9962
vn 0.0094 -0.9962 -0.0862
vn 0.0092 -0.9962 -0.0862
vn 0.0092 0.0862 -0.9962
vn 0.0093 0.9962 0.0862
vn -0.0021 0.0862 -0.9963
vn -0.0094 -0.9962 -0.0862
vn -0.0021 -0.9963 -0.0862
vn -0.0021 -0.0862 0.9963
vn -0.0021 0.9963 0.0862
vn 0.0018 -0.0862 0.9963
vn 0.0018 -0.9963 -0.0862
vn 0.0021 0.0862 -0.9963
vn 0.0018 0.9963 0.0862
vn -0.0000 -0.0696 0.9976
vn -0.0094 -0.0696 0.9975
vn -0.0094 0.0696 -0.9975
vn -0.0000 0.0696 -0.9976
vn -0.0000 -0.9976 -0.0696
vn -0.0093 -0.9975 -0.0696
vn -0.0000 0.9976 0.0696
vn -0.0091 0.9975 0.0696
vn 0.0093 -0.0696 0.9975
vn 0.0094 -0.9975 -0.0696
vn 0.0093 0.0696 -0.9975
vn 0.0092 0.9975 0.0696
vn -0.0021 0.0696 -0.9976
vn -0.0021 -0.9976 -0.0696
vn -0.0021 -0.0696 0.9976
vn -0.0021 0.9976 0.0696
vn 0.0018 -0.0696 0.9976
vn 0.0018 -0.9976 -0.0696
vn 0.0018 0.0696 -0.9976
vn 0.0018 0.9976 0.0696
vn -0.0000 -0.0852 0.9964
vn -0.0092 -0.0852 0.9963
vn -0.0092 0.0852 -0.9963
vn -0.0000 0.0852 -0.9964
vn -0.0000 -0.9964 -0.0852
vn -0.0091 -0.9963 -0.0852
vn -0.0000 0.9964 0.0852
vn -0.0092 0.9963 0.0852
vn 0.0092 -0.0852 0.9963
vn 0.0092 -0.9963 -0.0852
vn 0.0092 0.0852 -0.9963
vn 0.0091 0.9963 0.0852
vn -0.0021 0.0852 -0.9964
vn -0.0021 -0.9964 -0.0852
vn -0.0021 -0.0852 0.9964
vn -0.0091 0.9963 0.0852
vn -0.0021 0.9964 0.0852
vn 0.0021 -0.0852 0.9964
vn 0.0021 -0.9964 -0.0852
vn 0.0021 0.0852 -0.9964
vn 0.0021 0.9964 0.0852
vn 0.0001 0.5000 0.8661
vn -1.0000 0.0010 0.0018
vn -0.0000 -1.0000 -0.0001
vn -0.0000 1.0000 -0.0001
vn 1.0000 -0.0000 0.0018
vn 1.0000 -0.0000 -0.0018
vn -1.0000 -0.0000 0.0018
vn -1.0000 -0.0000 -0.0018
vn -0.0007 -0.9999 0.0171
vn 0.9999 -0.0000 0.0171
vn 0.9999 -0.0007 0.0156
vn -0.0000 0.9999 0.0171
vn -0.9999 -0.0000 0.0171
vn -0.9999 0.0007 0.0156
vn -0.0000 -0.9999 0.0156
vn 1.0000 -0.0000 0.0036
vn 0.0007 0.9999 0.0156
vn -1.0000 -0.0000 0.0036
vn -0.0000 1.0000 0.0018
vn -0.0000 0.9999 -0.0160
vn -0.0000 -0.9999 0.0165
vn -0.0007 -0.9999 0.0161
vn -0.9999 0.0007 0.0171
vn -0.9999 -0.0000 0.0156
vn 0.0007 0.9999 0.0171
vn -0.0000 1.0000 -0.0018
vn 0.9999 -0.0007 0.0171
vn 0.9999 -0.0000 0.0156
vn -0.0000 0.9999 0.0156
vn -0.0000 0.4704 0.8825
vn -0.0093 0.4703 0.8824
vn -0.0091 0.4703 0.8824
vn -0.0092 -0.4703 -0.8824
vn -0.0000 -0.4704 -0.8825
vn -0.0000 -0.8825 0.4704
vn -0.0092 -0.8825 0.4703
vn -0.0092 -0.8824 0.4703
vn -0.0000 0.8825 -0.4704
vn -0.0092 0.8825 -0.4703
vn -0.0092 0.8824 -0.4703
vn 0.0091 0.4703 0.8824
vn 0.0092 0.4703 0.8824
vn 0.0091 -0.8824 0.4703
vn 0.0091 -0.8824 0.4704
vn 0.0092 -0.4703 -0.8824
vn 0.0091 0.8824 -0.4703
vn 0.0092 0.8824 -0.4704
vn -0.0021 -0.4704 -0.8825
vn -0.0020 -0.8825 0.4704
vn -0.0021 0.4704 0.8825
vn -0.0020 0.8825 -0.4704
vn 0.0020 0.4704 0.8825
vn 0.0020 -0.8825 0.4704
vn 0.0021 -0.4704 -0.8825
vn 0.0020 0.8825 -0.4704
vn -0.0000 0.8664 -0.4994
vn -0.0000 -0.8664 0.4994
vn 0.0018 -0.0000 1.0000
vn 0.0018 -0.0000 -1.0000
vn -0.0000 -0.8670 0.4983
vn 0.0092 0.9963 0.0852
vn 0.0091 -0.4703 -0.8824
vt 0.153129 0.467824
vt 0.067211 0.427931
vt 0.152803 0.437464
vt 0.006008 0.501147
vt 0.044527 0.537095
vt 0.007228 0.538377
vt 0.065835 0.535767
vt 0.153654 0.498631
vt 0.154336 0.529428
vt 0.406684 0.533708
vt 0.368950 0.570700
vt 0.369254 0.533322
vt 0.065085 0.463973
vt 0.155052 0.559755
vt 0.258903 0.461123
vt 0.257048 0.424761
vt 0.259698 0.497144
vt 0.259632 0.533114
vt 0.258616 0.569309
vt 0.043300 0.499996
vt 0.064682 0.499813
vt 0.043733 0.463152
vt 0.045901 0.426160
vt 0.068815 0.572033
vt 0.368305 0.458422
vt 0.367169 0.421132
vt 0.369053 0.495861
vt 0.064929 0.463948
vt 0.153502 0.437664
vt 0.153568 0.467998
vt 0.043299 0.500136
vt 0.007478 0.538768
vt 0.005991 0.501566
vt 0.153680 0.498801
vt 0.066045 0.535750
vt 0.064700 0.499871
vt 0.406481 0.570983
vt 0.369301 0.533456
vt 0.406704 0.533681
vt 0.069100 0.571730
vt 0.153951 0.529614
vt 0.154407 0.559974
vt 0.256785 0.425443
vt 0.258733 0.461600
vt 0.259862 0.533587
vt 0.258945 0.569984
vt 0.259727 0.497558
vt 0.044738 0.537175
vt 0.047846 0.574062
vt 0.043596 0.463210
vt 0.066975 0.427622
vt 0.367041 0.421166
vt 0.368307 0.458585
vt 0.369133 0.570773
vt 0.369075 0.496055
vt 0.210764 0.730857
vt 0.092739 0.748791
vt 0.092882 0.725605
vt 0.025358 0.821265
vt 0.048062 0.796496
vt 0.049112 0.820256
vt 0.092935 0.771867
vt 0.212101 0.788579
vt 0.093504 0.794968
vt 0.470197 0.787882
vt 0.446722 0.811963
vt 0.446437 0.788165
vt 0.211651 0.769308
vt 0.211196 0.750035
vt 0.212532 0.807753
vt 0.329686 0.743600
vt 0.328573 0.720378
vt 0.330355 0.766755
vt 0.330616 0.789903
vt 0.330464 0.813103
vt 0.051769 0.772900
vt 0.051434 0.748934
vt 0.047047 0.725563
vt 0.094790 0.818170
vt 0.445423 0.740535
vt 0.444715 0.716779
vt 0.446009 0.764341
vt 0.160110 0.907115
vt 0.265717 0.874639
vt 0.266045 0.905396
vt 0.051720 0.946522
vt 0.013487 0.910061
vt 0.050809 0.909138
vt 0.161271 0.943093
vt 0.266774 0.966479
vt 0.163416 0.979254
vt 0.481291 0.901746
vt 0.518955 0.938765
vt 0.481650 0.939119
vt 0.159848 0.871067
vt 0.265316 0.844314
vt 0.266373 0.936154
vt 0.371980 0.903678
vt 0.370819 0.867699
vt 0.368673 0.831537
vt 0.372243 0.939727
vt 0.053145 0.983947
vt 0.050437 0.871638
vt 0.160652 0.834670
vt 0.480363 0.864229
vt 0.478931 0.826813
vt 0.371440 0.976123
vt 0.264593 0.844331
vt 0.370940 0.867359
vt 0.265259 0.874652
vt 0.518968 0.938523
vt 0.481259 0.901537
vt 0.518563 0.901172
vt 0.371946 0.903394
vt 0.266767 0.936153
vt 0.266013 0.905403
vt 0.051711 0.946707
vt 0.013484 0.910242
vt 0.050771 0.909304
vt 0.371180 0.975603
vt 0.267434 0.966473
vt 0.159976 0.871416
vt 0.161085 0.943446
vt 0.163169 0.979792
vt 0.160081 0.907413
vt 0.481656 0.938975
vt 0.372052 0.939388
vt 0.481542 0.976422
vt 0.368856 0.831013
vt 0.480305 0.864091
vt 0.050492 0.834367
vt 0.050378 0.871813
vt 0.053061 0.983991
vt 0.968063 0.043002
vt 0.487166 0.097366
vt 0.486631 0.048246
vt 0.487168 0.097379
vt 0.968061 0.042989
vt 0.968599 0.092108
vt 0.975490 0.042921
vt 0.968598 0.092121
vt 0.479739 0.097446
vt 0.479204 0.048327
vt 0.262110 0.659160
vt 0.379842 0.686543
vt 0.262078 0.678343
vt 0.498293 0.664408
vt 0.522200 0.640779
vt 0.522060 0.664543
vt 0.380851 0.640205
vt 0.262136 0.620609
vt 0.380744 0.617041
vt 0.027718 0.639186
vt 0.003962 0.662998
vt 0.003957 0.639199
vt 0.262123 0.639884
vt 0.380553 0.663353
vt 0.262169 0.601425
vt 0.143502 0.662726
vt 0.144053 0.685967
vt 0.143394 0.639563
vt 0.143693 0.616416
vt 0.144407 0.593227
vt 0.498440 0.640613
vt 0.498433 0.616786
vt 0.498003 0.688230
vt 0.380197 0.593800
vt 0.027729 0.662981
vt 0.027861 0.686756
vt 0.027868 0.615351
vt 0.028158 0.591553
vt 0.262133 0.620615
vt 0.380851 0.640198
vt 0.262122 0.639890
vt 0.522202 0.640736
vt 0.498297 0.664395
vt 0.498440 0.640583
vt 0.380555 0.663345
vt 0.262081 0.678349
vt 0.262111 0.659166
vt 0.003960 0.663007
vt 0.027717 0.639214
vt 0.027727 0.663018
vt 0.262164 0.601431
vt 0.380741 0.617034
vt 0.143689 0.616436
vt 0.143392 0.639583
vt 0.144400 0.593246
vt 0.143503 0.662746
vt 0.498010 0.688202
vt 0.380191 0.593793
vt 0.498431 0.616769
vt 0.027862 0.615388
vt 0.028153 0.591581
vt 0.144056 0.685987
vt 0.262164 0.601428
vt 0.380743 0.617013
vt 0.262136 0.620611
vt 0.522081 0.664479
vt 0.498444 0.640551
vt 0.522246 0.640713
vt 0.380564 0.663324
vt 0.262128 0.639887
vt 0.380856 0.640177
vt 0.027740 0.663038
vt 0.003911 0.639289
vt 0.027725 0.639250
vt 0.262120 0.659162
vt 0.379859 0.686514
vt 0.262093 0.678345
vt 0.144400 0.593261
vt 0.143692 0.616450
vt 0.143514 0.662759
vt 0.144070 0.686000
vt 0.143399 0.639596
vt 0.498304 0.664344
vt 0.498020 0.688167
vt 0.380190 0.593772
vt 0.498433 0.616732
vt 0.028153 0.591616
vt 0.027865 0.615424
vt 0.027879 0.686816
vt 0.152364 0.270504
vt 0.246013 0.245883
vt 0.245787 0.276322
vt 0.018430 0.349574
vt 0.056773 0.391059
vt 0.019476 0.391892
vt 0.151823 0.311242
vt 0.245067 0.342620
vt 0.152275 0.347056
vt 0.471078 0.393020
vt 0.434872 0.349644
vt 0.472274 0.350704
vt 0.154070 0.387997
vt 0.244772 0.377208
vt 0.245373 0.311553
vt 0.338405 0.271343
vt 0.336797 0.235232
vt 0.338513 0.347866
vt 0.336629 0.389079
vt 0.338993 0.311997
vt 0.055456 0.311105
vt 0.055730 0.348632
vt 0.056001 0.268607
vt 0.154078 0.234178
vt 0.434081 0.232242
vt 0.435019 0.269687
vt 0.433749 0.391975
vt 0.435312 0.312239
vt 0.245899 0.376868
vt 0.152253 0.352070
vt 0.245726 0.346415
vt 0.056738 0.391110
vt 0.013506 0.354754
vt 0.055845 0.353799
vt 0.151783 0.311314
vt 0.245123 0.280086
vt 0.245375 0.311168
vt 0.476314 0.393128
vt 0.435035 0.353421
vt 0.477332 0.355788
vt 0.154167 0.234530
vt 0.244889 0.245482
vt 0.338377 0.351563
vt 0.336808 0.233763
vt 0.339037 0.310890
vt 0.055713 0.273775
vt 0.055374 0.311281
vt 0.152299 0.275485
vt 0.056835 0.231257
vt 0.153904 0.388415
vt 0.434027 0.390840
vt 0.435004 0.274442
vt 0.433989 0.232103
vt 0.338618 0.275000
vt 0.435403 0.310836
vt 0.159828 0.871119
vt 0.265288 0.844321
vt 0.265702 0.874646
vt 0.050795 0.909203
vt 0.014427 0.947507
vt 0.013502 0.910165
vt 0.160105 0.907167
vt 0.266384 0.936162
vt 0.161281 0.943143
vt 0.518584 0.901252
vt 0.481679 0.939054
vt 0.481288 0.901642
vt 0.163442 0.979304
vt 0.266797 0.966487
vt 0.266043 0.905404
vt 0.370803 0.867665
vt 0.368642 0.831503
vt 0.372258 0.939689
vt 0.371469 0.976086
vt 0.371980 0.903643
vt 0.051731 0.946631
vt 0.053179 0.984050
vt 0.050416 0.871746
vt 0.160617 0.834722
vt 0.478899 0.826743
vt 0.480346 0.864161
vt 0.481657 0.976363
vt 0.264615 0.844331
vt 0.370964 0.867350
vt 0.265284 0.874652
vt 0.518999 0.938501
vt 0.481287 0.901519
vt 0.518591 0.901150
vt 0.371974 0.903385
vt 0.266798 0.936153
vt 0.266041 0.905402
vt 0.051742 0.946724
vt 0.013512 0.910262
vt 0.050799 0.909321
vt 0.371213 0.975594
vt 0.267466 0.966473
vt 0.160000 0.871424
vt 0.161116 0.943455
vt 0.163203 0.979800
vt 0.160108 0.907421
vt 0.481687 0.938957
vt 0.372082 0.939379
vt 0.481575 0.976404
vt 0.368877 0.831004
vt 0.480330 0.864073
vt 0.050513 0.834385
vt 0.050402 0.871831
vt 0.053095 0.984008
vt 0.262135 0.620615
vt 0.380851 0.640210
vt 0.522202 0.640763
vt 0.498295 0.664420
vt 0.498440 0.640607
vt 0.379842 0.686548
vt 0.262109 0.659166
vt 0.380553 0.663358
vt 0.003958 0.662980
vt 0.027717 0.639190
vt 0.027724 0.662993
vt 0.262168 0.601431
vt 0.380743 0.617046
vt 0.143691 0.616423
vt 0.143392 0.639570
vt 0.144405 0.593234
vt 0.262077 0.678349
vt 0.143501 0.662733
vt 0.498005 0.688227
vt 0.380196 0.593805
vt 0.498433 0.616794
vt 0.027865 0.615364
vt 0.028158 0.591556
vt 0.027858 0.686759
vt 0.262118 0.639892
vt 0.380548 0.663360
vt 0.262105 0.659167
vt 0.498434 0.640623
vt 0.522087 0.664543
vt 0.498288 0.664416
vt 0.380738 0.617049
vt 0.262164 0.601433
vt 0.380191 0.593808
vt 0.003948 0.639229
vt 0.027724 0.662986
vt 0.003960 0.662996
vt 0.262131 0.620617
vt 0.380846 0.640213
vt 0.379837 0.686550
vt 0.262073 0.678351
vt 0.143389 0.639571
vt 0.143498 0.662734
vt 0.143688 0.616424
vt 0.144402 0.593235
vt 0.144048 0.685976
vt 0.498427 0.616794
vt 0.498299 0.593029
vt 0.498000 0.688229
vt 0.027713 0.639200
vt 0.027863 0.615361
vt 0.028156 0.591554
vt 0.027854 0.686764
vt 0.262131 0.620613
vt 0.380851 0.640186
vt 0.262122 0.639888
vt 0.522202 0.640712
vt 0.498299 0.664373
vt 0.498440 0.640560
vt 0.379851 0.686523
vt 0.262113 0.659164
vt 0.380557 0.663333
vt 0.027729 0.663036
vt 0.003955 0.639251
vt 0.027717 0.639233
vt 0.262160 0.601429
vt 0.380739 0.617022
vt 0.143687 0.616444
vt 0.143392 0.639591
vt 0.144396 0.593255
vt 0.262084 0.678347
vt 0.143505 0.662754
vt 0.380187 0.593780
vt 0.498429 0.616747
vt 0.028149 0.591599
vt 0.027860 0.615407
vt 0.144060 0.685995
vt 0.262111 0.659160
vt 0.379844 0.686537
vt 0.262079 0.678343
vt 0.522060 0.664531
vt 0.498440 0.640603
vt 0.522200 0.640767
vt 0.380851 0.640200
vt 0.262135 0.620609
vt 0.380742 0.617036
vt 0.027718 0.639197
vt 0.003962 0.663009
vt 0.003957 0.639209
vt 0.380554 0.663347
vt 0.262167 0.601425
vt 0.144055 0.685973
vt 0.143393 0.639568
vt 0.143503 0.662732
vt 0.143692 0.616422
vt 0.498431 0.616775
vt 0.498294 0.664397
vt 0.498005 0.688219
vt 0.380194 0.593794
vt 0.027729 0.662992
vt 0.027863 0.686766
vt 0.027866 0.615362
vt 0.028156 0.591564
vt 0.285042 0.748653
vt 0.402285 0.719417
vt 0.403636 0.742622
vt 0.445501 0.812331
vt 0.469282 0.788527
vt 0.469275 0.812310
vt 0.404264 0.788892
vt 0.285427 0.767911
vt 0.404283 0.765772
vt 0.051549 0.795854
vt 0.028410 0.820222
vt 0.027796 0.796465
vt 0.285805 0.787178
vt 0.403881 0.812065
vt 0.286161 0.806357
vt 0.166766 0.723699
vt 0.166531 0.746897
vt 0.167296 0.793200
vt 0.168325 0.816426
vt 0.166709 0.770045
vt 0.445527 0.788511
vt 0.449719 0.765028
vt 0.443764 0.717997
vt 0.449093 0.741215
vt 0.050508 0.724414
vt 0.050706 0.748222
vt 0.052170 0.819612
vt 0.051049 0.772046
vt 0.520099 0.196879
vt 0.924955 0.038360
vt 0.926642 0.192428
vt 0.523560 0.198289
vt 0.926663 0.035365
vt 0.930030 0.189407
vt 0.520194 0.044249
vt 0.516134 0.198452
vt 0.512768 0.044411
vt 0.934089 0.035203
vt 0.926641 0.192428
vt 0.155573 0.057585
vt 0.243557 0.082954
vt 0.154201 0.088445
vt 0.302053 0.080110
vt 0.266052 0.118043
vt 0.264937 0.081332
vt 0.244555 0.118425
vt 0.156662 0.153707
vt 0.154894 0.121036
vt 0.074292 0.161929
vt 0.041068 0.203448
vt 0.036713 0.166332
vt 0.244782 0.189594
vt 0.160449 0.185093
vt 0.143870 0.087307
vt 0.146192 0.155200
vt 0.151156 0.190758
vt 0.144355 0.121190
vt 0.266448 0.154247
vt 0.245024 0.153950
vt 0.266115 0.190572
vt 0.241338 0.046552
vt 0.071038 0.086081
vt 0.146466 0.052573
vt 0.078386 0.199138
vt 0.071657 0.124201
vt 0.244531 0.087214
vt 0.155294 0.122392
vt 0.156199 0.089694
vt 0.303356 0.085371
vt 0.266475 0.122837
vt 0.265953 0.086193
vt 0.157664 0.185786
vt 0.244935 0.158003
vt 0.243680 0.194499
vt 0.037735 0.200048
vt 0.072366 0.159674
vt 0.075016 0.197428
vt 0.244988 0.122519
vt 0.155468 0.154981
vt 0.243340 0.051600
vt 0.159149 0.058221
vt 0.145695 0.088470
vt 0.144752 0.122529
vt 0.145169 0.156406
vt 0.148696 0.191032
vt 0.149711 0.052793
vt 0.266355 0.158632
vt 0.265039 0.195851
vt 0.264643 0.050100
vt 0.071962 0.121566
vt 0.073675 0.083547
vt 0.076773 0.046304
vt 0.527274 0.198209
vt 0.930376 0.035283
vt 0.933743 0.189324
vt 0.930378 0.035287
vt 0.527272 0.198206
vt 0.523907 0.044165
vt 0.519847 0.198372
vt 0.523906 0.044169
vt 0.519846 0.198368
vt 0.262135 0.660359
vt 0.381052 0.641434
vt 0.380638 0.664623
vt 0.500051 0.640620
vt 0.523455 0.669814
vt 0.499572 0.669418
vt 0.379887 0.594979
vt 0.262175 0.621878
vt 0.262211 0.602711
vt 0.002573 0.668199
vt 0.026176 0.639172
vt 0.026459 0.667969
vt 0.262155 0.641118
vt 0.380811 0.618227
vt 0.262100 0.679526
vt 0.379558 0.687819
vt 0.143256 0.640804
vt 0.143499 0.664011
vt 0.143671 0.617614
vt 0.144758 0.594419
vt 0.144431 0.687259
vt 0.499819 0.616729
vt 0.498794 0.587956
vt 0.498549 0.693290
vt 0.026578 0.615282
vt 0.027828 0.586507
vt 0.027324 0.691838
vt 0.517893 0.387416
vt 0.929612 0.036505
vt 0.933404 0.382867
vt 0.262112 0.659160
vt 0.379845 0.686538
vt 0.262080 0.678343
vt 0.498295 0.664399
vt 0.522201 0.640769
vt 0.522062 0.664534
vt 0.380852 0.640201
vt 0.262137 0.620609
vt 0.380744 0.617037
vt 0.027718 0.639195
vt 0.003966 0.663012
vt 0.003956 0.639212
vt 0.262124 0.639884
vt 0.380555 0.663348
vt 0.143504 0.662731
vt 0.144056 0.685972
vt 0.143395 0.639567
vt 0.143693 0.616421
vt 0.144406 0.593232
vt 0.498441 0.640605
vt 0.498433 0.616777
vt 0.498006 0.688221
vt 0.380196 0.593795
vt 0.027732 0.662989
vt 0.027864 0.686764
vt 0.027868 0.615360
vt 0.028158 0.591562
vt 0.944968 0.945690
vt 0.557152 0.480624
vt 0.944882 0.480552
vt 0.557238 0.945761
vt 0.522404 0.183314
vt 0.923400 0.056076
vt 0.924745 0.178909
vt 0.258399 0.465581
vt 0.348069 0.495122
vt 0.259098 0.496374
vt 0.404099 0.571118
vt 0.369044 0.531739
vt 0.406304 0.533914
vt 0.347685 0.530962
vt 0.259981 0.557539
vt 0.259639 0.527178
vt 0.007172 0.537446
vt 0.043706 0.499310
vt 0.044473 0.536674
vt 0.257668 0.435256
vt 0.346895 0.459220
vt 0.153056 0.497917
vt 0.154101 0.425750
vt 0.153104 0.461946
vt 0.153870 0.533939
vt 0.366863 0.568858
vt 0.343895 0.422960
vt 0.368200 0.457927
vt 0.369454 0.494879
vt 0.043489 0.461802
vt 0.043770 0.424365
vt 0.155743 0.570300
vt 0.346685 0.459279
vt 0.259048 0.496210
vt 0.258771 0.465403
vt 0.367094 0.568944
vt 0.406380 0.533732
vt 0.404359 0.570975
vt 0.345765 0.567355
vt 0.259166 0.527010
vt 0.347798 0.531016
vt 0.006324 0.499864
vt 0.044431 0.536453
vt 0.007035 0.537181
vt 0.348019 0.495094
vt 0.343622 0.423305
vt 0.258308 0.435045
vt 0.152861 0.461450
vt 0.153003 0.497480
vt 0.154005 0.533437
vt 0.155961 0.569592
vt 0.259240 0.557343
vt 0.153770 0.425053
vt 0.369126 0.531732
vt 0.369402 0.494766
vt 0.368007 0.457909
vt 0.364879 0.420981
vt 0.043657 0.499071
vt 0.043428 0.461586
vt 0.045695 0.573876
vt 0.043594 0.424280
vt 0.522202 0.640737
vt 0.498297 0.664396
vt 0.379847 0.686535
vt 0.143503 0.662745
vt 0.498010 0.688203
vt 0.498431 0.616770
vt 0.027863 0.615388
vt 0.028153 0.591580
vt 0.262107 0.659159
vt 0.379838 0.686547
vt 0.262074 0.678343
vt 0.498290 0.664416
vt 0.522197 0.640787
vt 0.522057 0.664552
vt 0.380849 0.640209
vt 0.380742 0.617045
vt 0.027719 0.639178
vt 0.003954 0.662979
vt 0.003960 0.639180
vt 0.262121 0.639884
vt 0.380550 0.663357
vt 0.262168 0.601425
vt 0.143499 0.662722
vt 0.144049 0.685963
vt 0.143391 0.639559
vt 0.143691 0.616412
vt 0.144406 0.593223
vt 0.498437 0.640622
vt 0.498431 0.616794
vt 0.497999 0.688238
vt 0.380196 0.593804
vt 0.027723 0.662973
vt 0.027857 0.686747
vt 0.027866 0.615343
vt 0.028158 0.591545
vt 0.262167 0.601428
vt 0.380746 0.617013
vt 0.262139 0.620611
vt 0.522083 0.664479
vt 0.498448 0.640551
vt 0.522250 0.640713
vt 0.380567 0.663324
vt 0.262132 0.639887
vt 0.380859 0.640177
vt 0.027746 0.663038
vt 0.003907 0.639303
vt 0.027724 0.639250
vt 0.262124 0.659162
vt 0.379863 0.686514
vt 0.262096 0.678345
vt 0.144403 0.593261
vt 0.143695 0.616450
vt 0.143517 0.662760
vt 0.144073 0.686001
vt 0.143402 0.639597
vt 0.498307 0.664344
vt 0.498023 0.688167
vt 0.380193 0.593772
vt 0.498436 0.616732
vt 0.028156 0.591617
vt 0.027868 0.615424
vt 0.027882 0.686816
vt 0.154292 0.089164
vt 0.244263 0.120326
vt 0.154584 0.121757
vt 0.265105 0.083607
vt 0.303179 0.119809
vt 0.265742 0.120315
vt 0.244309 0.155642
vt 0.159350 0.185878
vt 0.155954 0.154444
vt 0.077143 0.198989
vt 0.036306 0.165321
vt 0.073541 0.161775
vt 0.156048 0.058325
vt 0.243704 0.084852
vt 0.144042 0.121773
vt 0.147002 0.053193
vt 0.143975 0.087889
vt 0.145470 0.155819
vt 0.264881 0.192816
vt 0.265762 0.155897
vt 0.241939 0.048424
vt 0.071286 0.123796
vt 0.073192 0.047672
vt 0.071152 0.085709
vt 0.149991 0.191440
vt 0.245224 0.159539
vt 0.157996 0.187332
vt 0.155767 0.156536
vt 0.266734 0.124205
vt 0.303506 0.086675
vt 0.304169 0.123798
vt 0.155558 0.123943
vt 0.244724 0.088541
vt 0.245239 0.124060
vt 0.072686 0.161303
vt 0.038104 0.201706
vt 0.035340 0.164252
vt 0.243495 0.052924
vt 0.156425 0.091227
vt 0.159341 0.059751
vt 0.145471 0.157967
vt 0.149034 0.192585
vt 0.145923 0.090019
vt 0.149900 0.054339
vt 0.145017 0.124089
vt 0.266127 0.087651
vt 0.264787 0.051355
vt 0.266636 0.160208
vt 0.244016 0.195981
vt 0.075374 0.199048
vt 0.073914 0.085180
vt 0.076973 0.047938
vt 0.072241 0.123199
vt 0.262114 0.659161
vt 0.379850 0.686527
vt 0.262084 0.678344
vt 0.498297 0.664374
vt 0.522201 0.640742
vt 0.522064 0.664507
vt 0.380852 0.640189
vt 0.262135 0.620610
vt 0.380741 0.617025
vt 0.027718 0.639222
vt 0.003969 0.663041
vt 0.003956 0.639242
vt 0.262124 0.639885
vt 0.380557 0.663337
vt 0.262165 0.601427
vt 0.143507 0.662745
vt 0.144061 0.685986
vt 0.143395 0.639582
vt 0.143690 0.616435
vt 0.144401 0.593246
vt 0.498441 0.640580
vt 0.498430 0.616752
vt 0.498011 0.688197
vt 0.380191 0.593784
vt 0.027734 0.663016
vt 0.027869 0.686791
vt 0.027865 0.615386
vt 0.028152 0.591589
vt 0.262109 0.659160
vt 0.379844 0.686529
vt 0.498292 0.664381
vt 0.522197 0.640749
vt 0.522059 0.664514
vt 0.380848 0.640192
vt 0.262131 0.620609
vt 0.380738 0.617028
vt 0.027718 0.639213
vt 0.003955 0.663015
vt 0.003960 0.639215
vt 0.262120 0.639884
vt 0.380552 0.663339
vt 0.262161 0.601426
vt 0.143502 0.662740
vt 0.144055 0.685981
vt 0.143390 0.639577
vt 0.143687 0.616430
vt 0.144398 0.593241
vt 0.498437 0.640586
vt 0.498427 0.616759
vt 0.498005 0.688203
vt 0.380188 0.593787
vt 0.027725 0.663008
vt 0.027863 0.686782
vt 0.027862 0.615378
vt 0.028150 0.591580
vt 0.406300 0.571018
vt 0.047541 0.574163
vt 0.045653 0.426049
vt 0.024331 0.797516
vt 0.470488 0.811657
vt 0.014318 0.947372
vt 0.518599 0.901443
vt 0.050473 0.834332
vt 0.481633 0.976465
vt 0.014400 0.947575
vt 0.160848 0.835200
vt 0.478957 0.826807
vt 0.486630 0.048259
vt 0.976025 0.092041
vt 0.498307 0.593021
vt 0.522063 0.664516
vt 0.003955 0.639230
vt 0.498299 0.593004
vt 0.027863 0.686783
vt 0.003960 0.663055
vt 0.498298 0.592967
vt 0.056961 0.231314
vt 0.014365 0.392074
vt 0.336705 0.387687
vt 0.518998 0.938594
vt 0.050436 0.834438
vt 0.014430 0.947596
vt 0.160870 0.835208
vt 0.478978 0.826789
vt 0.003955 0.639203
vt 0.144051 0.685974
vt 0.498304 0.593028
vt 0.522209 0.640777
vt 0.522065 0.664492
vt 0.003962 0.663028
vt 0.498014 0.688180
vt 0.498295 0.592981
vt 0.027867 0.686802
vt 0.144404 0.593233
vt 0.498304 0.593010
vt 0.284669 0.729485
vt 0.518412 0.042810
vt 0.937456 0.189244
vt 0.302615 0.117505
vt 0.262673 0.044708
vt 0.072601 0.048009
vt 0.303907 0.122609
vt 0.035009 0.162583
vt 0.933742 0.189328
vt 0.516480 0.044331
vt 0.516482 0.044327
vt 0.518412 0.042811
vt 0.523934 0.641021
vt 0.002292 0.639404
vt 0.514101 0.041054
vt 0.498306 0.593012
vt 0.557238 0.945762
vt 0.521060 0.060481
vt 0.521059 0.060481
vt 0.345569 0.567038
vt 0.006403 0.500126
vt 0.365168 0.420829
vt 0.045612 0.574000
vt 0.522063 0.664517
vt 0.498306 0.593029
vt 0.003969 0.663069
vt 0.498301 0.592967
vt 0.302496 0.082886
vt 0.243603 0.191389
vt 0.039878 0.202558
vt 0.263293 0.046852
vt 0.265389 0.197232
vt 0.498301 0.592988
vt 0.498298 0.592994
s 1
usemtl lambert6SG
f 1330/1791/423 1336/1792/424 1329/1793/423
f 1324/1794/425 1325/1795/425 1323/1796/425
f 1333/1797/426 1331/1798/427 1332/1799/427
f 1328/1800/428 1321/1801/428 1327/1802/428
f 1331/1798/429 1335/1803/430 1330/1791/429
f 1329/1804/431 1333/1797/432 1332/1799/431
f 1338/1805/433 1329/1793/423 1337/1806/433
f 1339/1807/434 1330/1791/429 1338/1805/434
f 1331/1798/427 1340/1808/435 1332/1799/427
f 1337/1809/436 1332/1799/431 1340/1808/436
f 1326/1810/437 1333/1797/426 1325/1795/437
f 1334/1811/430 1324/1812/438 1335/1803/430
f 1335/1803/439 1323/1813/440 1336/1792/424
f 1336/1814/432 1325/1795/441 1333/1797/432
f 1322/1815/442 1337/1806/433 1321/1816/442
f 1328/1817/443 1338/1805/434 1322/1815/443
f 1339/1807/435 1327/1802/444 1340/1808/435
f 1321/1801/445 1340/1808/436 1327/1802/445
f 1356/1818/424 1350/1819/423 1349/1820/423
f 1345/1821/425 1344/1822/425 1343/1823/425
f 1352/1824/427 1354/1825/426 1353/1826/426
f 1341/1827/428 1348/1828/428 1347/1829/428
f 1355/1830/432 1351/1831/431 1350/1832/431
f 1353/1826/430 1349/1820/429 1352/1824/429
f 1349/1820/423 1358/1833/433 1357/1834/433
f 1350/1832/431 1359/1835/436 1358/1836/436
f 1360/1837/435 1351/1831/427 1352/1824/427
f 1352/1824/429 1357/1834/434 1360/1837/434
f 1345/1821/437 1354/1825/426 1346/1838/437
f 1344/1839/441 1354/1825/432 1355/1830/432
f 1343/1840/440 1355/1841/439 1356/1818/424
f 1345/1821/438 1356/1818/430 1353/1826/430
f 1357/1834/433 1342/1842/442 1341/1843/442
f 1358/1836/436 1348/1828/445 1342/1844/445
f 1347/1845/444 1359/1835/435 1360/1837/435
f 1360/1837/434 1341/1843/443 1347/1845/443
f 1369/1846/431 1375/1847/446 1376/1848/447
f 1364/1849/448 1365/1850/448 1363/1851/448
f 1374/1852/449 1372/1853/429 1373/1854/450
f 1368/1855/451 1361/1856/451 1367/1857/451
f 1371/1858/452 1375/1847/453 1370/1859/452
f 1369/1860/454 1373/1854/455 1372/1853/454
f 1378/1861/456 1369/1846/431 1377/1862/456
f 1379/1863/457 1370/1859/452 1378/1861/457
f 1371/1858/429 1380/1864/458 1372/1853/429
f 1377/1865/459 1372/1853/454 1380/1864/459
f 1366/1866/460 1373/1854/450 1365/1850/461
f 1374/1852/453 1364/1867/462 1375/1847/453
f 1376/1848/447 1364/1867/463 1363/1868/464
f 1376/1869/455 1365/1850/465 1373/1854/455
f 1362/1870/466 1377/1862/456 1361/1871/466
f 1368/1872/467 1378/1861/457 1362/1870/467
f 1380/1864/458 1368/1872/468 1367/1857/468
f 1361/1856/469 1380/1864/459 1367/1857/469
f 1396/1873/439 1390/1874/423 1389/1875/423
f 1385/1876/425 1384/1877/425 1383/1878/425
f 1393/1879/426 1391/1880/427 1394/1881/426
f 1381/1882/428 1388/1883/428 1387/1884/428
f 1395/1885/432 1391/1886/431 1390/1874/431
f 1393/1879/430 1389/1875/429 1392/1887/429
f 1397/1888/433 1390/1874/423 1398/1889/433
f 1390/1874/431 1399/1890/436 1398/1889/436
f 1400/1891/435 1391/1880/427 1392/1887/427
f 1392/1887/429 1397/1888/434 1400/1891/434
f 1393/1879/426 1386/1892/437 1385/1876/437
f 1384/1893/441 1394/1894/432 1395/1885/432
f 1383/1878/440 1395/1885/439 1396/1873/439
f 1385/1876/438 1396/1873/430 1393/1879/430
f 1397/1888/433 1382/1895/442 1381/1882/442
f 1398/1889/436 1388/1896/445 1382/1895/445
f 1387/1884/444 1399/1897/435 1400/1891/435
f 1400/1891/434 1381/1882/443 1387/1884/443
f 1410/1898/423 1416/1899/439 1409/1900/423
f 1404/1901/425 1405/1902/425 1403/1903/425
f 1413/1904/426 1411/1905/427 1412/1906/427
f 1408/1907/428 1401/1908/428 1407/1909/428
f 1411/1905/429 1415/1910/430 1410/1911/429
f 1409/1900/431 1413/1904/432 1412/1906/431
f 1417/1912/433 1410/1898/423 1409/1900/423
f 1419/1913/434 1410/1911/429 1418/1914/434
f 1411/1905/427 1420/1915/435 1412/1906/427
f 1417/1912/436 1412/1906/431 1420/1915/436
f 1406/1916/437 1413/1904/426 1405/1902/437
f 1414/1917/430 1404/1918/438 1415/1910/430
f 1415/1919/439 1403/1920/440 1416/1899/439
f 1416/1899/432 1405/1902/441 1413/1904/432
f 1402/1921/442 1417/1912/433 1401/1922/442
f 1408/1907/443 1418/1914/434 1402/1923/443
f 1419/1913/435 1407/1909/444 1420/1915/435
f 1401/1922/445 1420/1915/436 1407/1909/445
f 1422/1924/425 1423/1925/425 1421/1926/425
f 1426/1927/428 1427/1928/428 1425/1929/428
f 1428/1930/429 1424/1931/429 1422/1924/429
f 1421/1926/431 1425/1932/431 1427/1933/431
f 1438/1934/425 1444/1935/470 1437/1936/425
f 1432/1937/429 1433/1938/429 1431/1939/429
f 1442/1940/471 1440/1941/428 1441/1942/471
f 1436/1943/431 1429/1944/431 1435/1945/431
f 1439/1946/423 1443/1947/472 1438/1934/423
f 1437/1948/427 1441/1942/473 1440/1941/427
f 1446/1949/474 1437/1936/425 1445/1950/474
f 1447/1951/475 1438/1934/423 1446/1949/475
f 1439/1946/428 1448/1952/476 1440/1941/428
f 1445/1953/477 1440/1941/427 1448/1952/477
f 1434/1954/478 1441/1942/471 1433/1955/478
f 1442/1940/472 1432/1937/479 1443/1947/472
f 1443/1947/470 1431/1956/480 1444/1935/470
f 1444/1957/473 1433/1955/481 1441/1942/473
f 1430/1958/482 1445/1950/474 1429/1959/482
f 1436/1943/483 1446/1949/475 1430/1958/483
f 1447/1951/476 1435/1960/484 1448/1952/476
f 1429/1961/485 1448/1952/477 1435/1960/485
f 1458/1962/425 1464/1963/470 1457/1964/425
f 1452/1965/429 1453/1966/429 1451/1967/429
f 1461/1968/471 1459/1969/428 1460/1970/428
f 1456/1971/431 1449/1972/431 1455/1973/431
f 1459/1974/423 1463/1975/472 1458/1962/423
f 1460/1970/427 1464/1963/473 1461/1968/473
f 1466/1976/474 1457/1964/425 1465/1977/474
f 1467/1978/486 1458/1962/423 1466/1976/486
f 1459/1969/428 1468/1979/476 1460/1970/428
f 1465/1977/487 1460/1970/427 1468/1979/487
f 1454/1980/478 1461/1968/471 1453/1966/478
f 1462/1981/472 1452/1982/479 1463/1975/472
f 1463/1975/470 1451/1967/480 1464/1963/470
f 1464/1963/473 1453/1966/481 1461/1968/473
f 1450/1983/482 1465/1977/474 1449/1972/482
f 1456/1984/488 1466/1976/486 1450/1983/488
f 1467/1985/476 1455/1973/484 1468/1979/476
f 1449/1972/489 1468/1979/487 1455/1973/489
f 1478/1986/425 1484/1987/470 1477/1988/425
f 1472/1989/429 1473/1990/429 1471/1991/429
f 1482/1992/471 1480/1993/428 1481/1994/471
f 1476/1995/431 1469/1996/431 1475/1997/431
f 1479/1998/423 1483/1999/472 1478/2000/423
f 1477/1988/427 1481/1994/473 1480/1993/427
f 1486/2001/474 1477/1988/425 1485/2002/474
f 1487/2003/475 1478/2000/423 1486/2004/475
f 1479/1998/428 1488/2005/476 1480/1993/428
f 1485/2002/477 1480/1993/427 1488/2005/477
f 1474/2006/478 1481/1994/471 1473/1990/478
f 1482/1992/472 1472/2007/479 1483/1999/472
f 1483/2008/470 1471/2009/480 1484/1987/470
f 1484/1987/473 1473/1990/481 1481/1994/473
f 1470/2010/482 1485/2002/474 1469/2011/482
f 1476/1995/483 1486/2004/475 1470/2012/483
f 1487/2003/476 1475/1997/484 1488/2005/476
f 1469/2011/485 1488/2005/477 1475/1997/485
f 1504/2013/490 1498/2014/425 1497/2015/425
f 1493/2016/427 1492/2017/427 1491/2018/427
f 1501/2019/491 1499/2020/428 1502/2021/491
f 1489/2022/423 1496/2023/423 1495/2024/423
f 1503/2025/492 1499/2020/431 1498/2026/431
f 1501/2019/493 1497/2015/429 1500/2027/429
f 1505/2028/494 1498/2014/425 1506/2029/494
f 1498/2026/431 1507/2030/495 1506/2031/495
f 1508/2032/496 1499/2020/428 1500/2027/428
f 1500/2027/429 1505/2028/497 1508/2032/497
f 1493/2033/498 1502/2021/491 1494/2034/498
f 1492/2017/499 1502/2021/492 1503/2025/492
f 1491/2035/500 1503/2036/490 1504/2013/490
f 1493/2033/501 1504/2013/493 1501/2019/493
f 1505/2028/494 1490/2037/502 1489/2038/502
f 1506/2031/495 1496/2023/503 1490/2039/503
f 1495/2040/504 1507/2030/496 1508/2032/496
f 1508/2032/497 1489/2038/505 1495/2040/505
f 1518/2041/425 1524/2042/490 1517/2043/425
f 1512/2044/427 1513/2045/427 1511/2046/427
f 1521/2047/491 1519/2048/428 1520/2049/428
f 1516/2050/423 1509/2051/423 1515/2052/423
f 1519/2048/429 1523/2053/506 1518/2054/429
f 1517/2043/431 1521/2047/492 1520/2049/431
f 1525/2055/494 1518/2041/425 1517/2043/425
f 1526/2056/507 1519/2048/429 1518/2054/429
f 1519/2048/428 1528/2057/496 1520/2049/428
f 1528/2057/495 1517/2043/431 1520/2049/431
f 1514/2058/498 1521/2047/491 1513/2059/498
f 1522/2060/506 1512/2061/501 1523/2053/506
f 1523/2062/490 1511/2046/500 1524/2042/490
f 1524/2042/492 1513/2059/499 1521/2047/492
f 1510/2063/502 1525/2055/494 1509/2051/502
f 1516/2064/505 1526/2056/507 1510/2065/505
f 1527/2066/496 1515/2067/504 1528/2057/496
f 1509/2051/503 1528/2057/495 1515/2067/503
f 1544/2068/439 1538/2069/423 1537/2070/423
f 1533/2071/425 1532/2072/425 1531/2073/425
f 1541/2074/426 1539/2075/427 1542/2076/426
f 1529/2077/428 1536/2078/428 1535/2079/428
f 1543/2080/432 1539/2075/431 1538/2081/431
f 1541/2074/430 1537/2070/429 1540/2082/429
f 1545/2083/433 1538/2069/423 1546/2084/433
f 1538/2081/431 1547/2085/436 1546/2086/436
f 1548/2087/435 1539/2075/427 1540/2082/427
f 1540/2082/429 1545/2083/434 1548/2087/434
f 1541/2074/426 1534/2088/437 1533/2071/437
f 1532/2089/441 1542/2076/432 1543/2080/432
f 1531/2090/440 1543/2091/439 1544/2068/439
f 1533/2071/438 1544/2068/430 1541/2074/430
f 1545/2083/433 1530/2092/442 1529/2093/442
f 1546/2086/436 1536/2078/445 1530/2094/445
f 1535/2079/444 1547/2085/435 1548/2087/435
f 1548/2087/434 1529/2093/443 1535/2079/443
f 1558/2095/423 1564/2096/439 1557/2097/423
f 1552/2098/425 1553/2099/425 1551/2100/425
f 1561/2101/426 1559/2102/427 1560/2103/427
f 1556/2104/428 1549/2105/428 1555/2106/428
f 1559/2102/429 1563/2107/430 1558/2108/429
f 1557/2097/431 1561/2101/432 1560/2103/431
f 1565/2109/433 1558/2095/423 1557/2097/423
f 1567/2110/434 1558/2108/429 1566/2111/434
f 1559/2102/427 1568/2112/435 1560/2103/427
f 1565/2109/436 1560/2103/431 1568/2112/436
f 1554/2113/437 1561/2101/426 1553/2099/437
f 1562/2114/430 1552/2115/438 1563/2107/430
f 1563/2116/439 1551/2117/440 1564/2096/439
f 1564/2096/432 1553/2099/441 1561/2101/432
f 1550/2118/442 1565/2109/433 1549/2119/442
f 1556/2104/443 1566/2111/434 1550/2120/443
f 1567/2110/435 1555/2106/444 1568/2112/435
f 1549/2119/445 1568/2112/436 1555/2106/445
f 1578/2121/508 1584/2122/509 1577/1964/508
f 1572/2123/429 1573/2124/429 1571/2125/429
f 1582/2126/510 1580/2127/511 1581/2128/510
f 1576/2129/431 1569/2130/431 1575/2131/431
f 1579/2132/512 1583/2133/513 1578/2121/512
f 1580/2127/514 1584/2122/515 1581/2128/515
f 1586/2134/516 1577/1964/508 1585/2135/516
f 1587/2136/517 1578/2121/512 1586/2134/518
f 1579/2137/511 1588/2138/519 1580/2127/511
f 1585/2135/520 1580/2127/514 1588/2138/520
f 1574/2139/521 1581/2128/510 1573/2124/521
f 1582/2140/522 1572/2141/523 1583/2133/513
f 1583/2133/509 1571/2125/524 1584/2122/509
f 1584/2122/515 1573/2124/525 1581/2128/515
f 1570/2142/526 1585/2135/516 1569/2130/526
f 1576/2143/527 1586/2134/518 1570/2142/527
f 1588/2138/519 1576/2144/528 1575/2131/528
f 1569/2130/529 1588/2138/520 1575/2131/529
f 1598/2145/425 1604/2146/470 1597/2147/425
f 1592/2148/429 1593/2149/429 1591/2150/429
f 1602/2151/471 1600/2152/428 1601/2153/471
f 1596/2154/431 1589/2155/431 1595/2156/431
f 1599/2157/423 1603/2158/472 1598/2145/423
f 1597/2147/427 1601/2159/473 1600/2160/427
f 1606/2161/474 1597/2147/425 1605/2162/474
f 1607/2163/475 1598/2145/423 1606/2161/475
f 1599/2157/428 1608/2164/476 1600/2152/428
f 1605/2162/477 1600/2160/427 1608/2165/477
f 1594/2166/478 1601/2153/471 1593/2167/478
f 1602/2151/472 1592/2148/479 1603/2158/472
f 1603/2158/470 1591/2150/480 1604/2146/470
f 1604/2146/473 1593/2168/481 1601/2159/473
f 1590/2169/482 1605/2162/474 1589/2155/482
f 1596/2170/483 1606/2161/475 1590/2169/483
f 1607/2163/476 1595/2171/484 1608/2164/476
f 1589/2155/485 1608/2165/477 1595/2172/485
f 1618/2173/530 1624/2174/531 1617/2175/530
f 1612/2176/429 1613/2177/429 1611/2178/429
f 1622/2179/532 1620/2180/533 1621/2181/532
f 1615/2182/431 1610/2183/431 1609/2184/431
f 1619/2185/534 1623/2186/535 1618/2173/534
f 1620/2180/536 1624/2174/537 1621/2181/537
f 1626/2187/538 1617/2175/530 1625/2188/538
f 1627/2189/539 1618/2173/534 1626/2187/539
f 1619/2190/533 1628/2191/540 1620/2180/533
f 1625/2188/541 1620/2180/536 1628/2191/541
f 1613/2177/542 1622/2179/532 1621/2181/532
f 1622/2192/535 1612/2193/543 1623/2186/535
f 1624/2174/531 1612/2193/544 1611/2178/544
f 1624/2174/537 1613/2177/545 1621/2181/537
f 1609/2184/546 1626/2187/538 1625/2188/538
f 1616/2194/547 1626/2187/539 1610/2195/547
f 1627/2196/540 1615/2182/548 1628/2191/540
f 1609/2184/549 1628/2191/541 1615/2182/549
f 1638/2197/550 1644/2198/551 1637/2199/550
f 1631/2200/429 1634/2201/429 1633/2202/429
f 1642/2203/552 1640/2204/553 1641/2205/552
f 1636/2206/431 1629/2207/431 1635/2208/431
f 1638/2197/554 1642/2203/555 1643/2209/555
f 1637/2210/556 1641/2205/557 1640/2204/556
f 1645/2211/558 1638/2197/550 1637/2199/550
f 1647/2212/559 1638/2197/554 1646/2213/559
f 1639/1946/553 1648/2214/560 1640/2204/553
f 1648/2214/561 1637/2210/556 1640/2204/556
f 1634/2201/562 1641/2205/552 1633/2215/562
f 1643/2209/555 1634/2201/563 1632/2216/563
f 1643/2209/551 1631/2217/564 1644/2198/551
f 1644/2218/565 1633/2215/566 1641/2205/557
f 1630/2219/567 1645/2211/558 1629/2220/567
f 1630/2219/568 1647/2212/559 1646/2213/559
f 1647/2212/560 1635/2221/569 1648/2214/560
f 1629/2222/570 1648/2214/561 1635/2221/570
f 1657/2223/431 1663/2224/446 1664/2225/447
f 1652/2226/448 1653/2227/448 1651/2228/571
f 1662/2229/449 1660/2230/429 1661/2231/450
f 1656/2232/451 1649/2233/451 1655/2234/451
f 1659/2235/452 1663/2236/453 1658/2237/452
f 1657/2223/454 1661/2231/455 1660/2230/454
f 1666/2238/456 1657/2223/431 1665/2239/456
f 1667/2240/457 1658/2237/452 1666/2241/457
f 1659/2235/429 1668/2242/458 1660/2230/429
f 1665/2239/459 1660/2230/454 1668/2242/459
f 1654/2243/460 1661/2231/450 1653/2244/461
f 1662/2229/453 1652/2226/462 1663/2236/453
f 1664/2225/447 1652/2245/463 1651/2246/464
f 1664/2225/455 1653/2244/465 1661/2231/455
f 1650/2247/572 1665/2239/456 1649/2248/572
f 1656/2232/467 1666/2241/457 1650/2249/467
f 1668/2242/458 1656/2232/468 1655/2250/468
f 1649/2248/469 1668/2242/459 1655/2250/469
f 1670/2251/425 1671/2252/425 1669/2253/425
f 1674/2254/428 1675/2255/428 1673/2256/428
f 1676/2257/429 1672/2258/429 1670/2259/429
f 1669/2260/431 1673/2256/431 1675/2255/431
f 1678/2251/427 1679/2252/427 1677/2261/427
f 1690/2262/573 1696/2263/424 1689/2264/423
f 1684/2265/425 1685/2266/425 1683/2267/425
f 1693/2268/426 1691/2269/574 1692/2270/427
f 1688/2271/428 1681/2272/428 1687/2273/428
f 1691/2269/575 1695/2274/430 1690/2275/576
f 1689/2264/577 1693/2268/432 1692/2270/578
f 1697/2276/579 1690/2262/573 1689/2264/423
f 1699/2277/580 1690/2275/576 1698/2278/581
f 1691/2269/574 1700/2279/582 1692/2270/427
f 1697/2276/583 1692/2270/578 1700/2279/584
f 1686/2280/437 1693/2268/426 1685/2266/437
f 1694/2281/430 1684/2282/438 1695/2274/430
f 1695/2283/439 1683/2267/440 1696/2263/424
f 1696/2263/432 1685/2266/441 1693/2268/432
f 1681/2284/442 1698/2285/585 1697/2276/579
f 1688/2271/586 1698/2278/581 1682/2286/586
f 1699/2277/587 1687/2287/444 1700/2279/582
f 1681/2284/588 1700/2279/584 1687/2287/588
f 1716/2288/424 1710/2289/573 1709/2290/423
f 1705/2291/425 1704/2292/425 1703/2293/425
f 1712/2294/589 1714/2295/590 1713/2296/426
f 1701/2297/428 1708/2298/428 1707/2299/428
f 1715/2300/432 1711/2301/577 1710/2289/578
f 1713/2302/430 1709/2290/575 1712/2303/576
f 1717/2304/591 1710/2289/573 1718/2305/592
f 1710/2289/578 1719/2306/593 1718/2305/594
f 1720/2307/595 1711/2301/596 1712/2294/589
f 1712/2303/576 1717/2304/597 1720/2308/598
f 1713/2296/426 1706/2309/437 1705/2310/437
f 1704/2292/441 1714/2295/432 1715/2300/432
f 1703/2293/440 1715/2300/439 1716/2288/424
f 1705/2311/438 1716/2288/430 1713/2302/430
f 1717/2304/591 1702/2312/442 1701/2313/442
f 1718/2305/594 1708/2298/445 1702/2312/445
f 1707/2299/444 1719/2306/599 1720/2307/595
f 1720/2308/598 1701/2313/443 1707/2314/443
f 1722/2315/428 1723/2316/428 1721/2317/428
f 1726/2318/425 1727/2319/425 1725/2320/425
f 1728/2321/429 1724/2322/429 1722/2315/429
f 1721/2323/431 1725/2320/431 1727/2319/431
f 1730/2251/427 1731/2252/427 1729/2261/427
f 1734/2251/423 1735/2252/423 1733/2253/423
f 1745/2324/600 1751/2325/601 1752/2326/602
f 1740/2327/429 1741/2328/429 1739/2329/429
f 1749/2330/603 1747/2331/604 1748/2332/604
f 1743/2333/431 1738/2334/431 1737/2335/431
f 1746/2336/605 1750/2337/606 1751/2325/607
f 1748/2338/608 1752/2326/609 1749/2339/610
f 1754/2340/611 1745/2324/600 1753/2341/612
f 1755/2342/613 1746/2336/605 1754/2340/614
f 1747/2331/604 1756/2343/615 1748/2332/604
f 1753/2341/616 1748/2338/608 1756/2344/617
f 1742/2345/618 1749/2330/603 1741/2346/618
f 1750/2337/606 1740/2327/619 1751/2325/607
f 1751/2325/601 1739/2329/620 1752/2326/602
f 1752/2326/609 1741/2347/621 1749/2339/610
f 1738/2334/622 1753/2341/612 1737/2335/622
f 1744/2348/623 1754/2340/614 1738/2334/623
f 1756/2343/615 1744/2348/624 1743/2349/624
f 1737/2335/625 1756/2344/617 1743/2350/625
f 1758/2351/428 1759/2352/428 1757/2353/428
f 1762/2351/425 1763/2352/425 1761/2353/425
f 1774/2354/425 1780/2355/470 1773/2356/425
f 1768/2357/429 1769/2358/429 1767/2359/429
f 1778/2360/471 1776/2361/428 1777/2362/471
f 1772/2363/431 1765/2364/431 1771/2365/431
f 1775/2366/423 1779/2367/472 1774/2354/423
f 1773/1948/427 1777/2362/473 1776/2361/427
f 1782/2368/474 1773/2356/425 1781/2369/474
f 1783/2370/486 1774/2354/423 1782/2368/486
f 1775/2366/428 1784/2371/476 1776/2361/428
f 1781/2372/487 1776/2361/427 1784/2371/487
f 1770/2373/478 1777/2362/471 1769/2374/478
f 1778/2360/472 1768/2357/479 1779/2367/472
f 1779/2367/470 1767/2375/480 1780/2355/470
f 1780/2376/473 1769/2374/481 1777/2362/473
f 1766/2377/482 1781/2369/474 1765/2378/482
f 1772/2363/488 1782/2368/486 1766/2377/488
f 1783/2370/476 1771/2379/484 1784/2371/476
f 1765/2380/489 1784/2371/487 1771/2379/489
f 1786/2381/626 1787/2382/626 1785/2383/626
f 1790/2382/627 1791/2381/627 1789/2384/627
f 1794/2385/427 1795/2386/427 1793/2387/427
f 1798/2385/423 1799/2386/423 1797/2387/423
f 1810/2388/423 1816/2389/424 1809/2390/423
f 1804/2391/425 1805/2392/425 1803/2393/425
f 1813/2394/426 1811/2395/427 1812/2396/427
f 1808/2397/428 1801/2398/428 1807/2399/428
f 1811/2400/429 1815/2401/430 1810/2388/429
f 1809/2390/431 1813/2394/432 1812/2396/431
f 1817/2402/433 1810/2388/423 1809/2390/423
f 1819/2403/434 1810/2388/429 1818/2404/434
f 1811/2395/427 1820/2405/435 1812/2396/427
f 1817/2402/436 1812/2396/431 1820/2405/436
f 1806/2406/437 1813/2394/426 1805/2392/437
f 1814/2407/430 1804/2408/438 1815/2401/430
f 1815/2401/439 1803/2409/440 1816/2389/424
f 1816/2389/432 1805/2392/441 1813/2394/432
f 1802/2410/442 1817/2402/433 1801/2398/442
f 1808/2411/443 1818/2404/434 1802/2410/443
f 1819/2412/435 1807/2399/444 1820/2405/435
f 1801/2398/445 1820/2405/436 1807/2399/445
f 1836/2413/424 1830/2414/423 1829/2415/423
f 1825/2416/425 1824/2417/425 1823/2418/425
f 1833/2419/590 1831/2420/427 1834/2421/426
f 1821/2422/428 1828/2423/428 1827/2424/428
f 1835/2425/432 1831/2420/431 1830/2414/431
f 1833/2426/430 1829/2415/429 1832/2427/429
f 1837/2428/433 1830/2414/423 1838/2429/433
f 1830/2414/431 1839/2430/436 1838/2429/436
f 1840/2431/435 1831/2420/427 1832/2432/427
f 1832/2427/429 1837/2428/434 1840/2433/434
f 1825/2416/437 1834/2421/426 1826/2434/437
f 1824/2435/441 1834/2421/432 1835/2425/432
f 1823/2436/440 1835/2425/439 1836/2413/424
f 1825/2437/438 1836/2413/430 1833/2426/430
f 1837/2428/433 1822/2438/442 1821/2439/442
f 1838/2429/436 1828/2423/445 1822/2438/445
f 1827/2440/444 1839/2430/435 1840/2431/435
f 1840/2433/434 1821/2439/443 1827/2441/443
f 1850/1962/425 1856/1963/470 1849/1964/425
f 1844/2442/429 1845/2443/429 1843/1967/429
f 1854/2444/471 1852/1970/428 1853/1968/471
f 1848/1971/431 1841/1972/431 1847/1973/431
f 1851/1974/423 1855/1975/472 1850/1962/423
f 1849/1964/427 1853/1968/473 1852/1970/427
f 1858/1976/474 1849/1964/425 1857/1977/474
f 1859/1978/475 1850/1962/423 1858/1976/475
f 1851/1969/428 1860/2445/476 1852/1970/428
f 1857/1977/477 1852/1970/427 1860/2445/477
f 1846/2446/478 1853/1968/471 1845/2443/478
f 1854/1981/472 1844/2447/479 1855/1975/472
f 1855/1975/470 1843/1967/480 1856/1963/470
f 1856/1963/473 1845/2443/481 1853/1968/473
f 1842/2448/482 1857/1977/474 1841/1972/482
f 1848/2449/483 1858/1976/475 1842/2448/483
f 1859/1985/476 1847/1973/484 1860/2445/476
f 1841/1972/485 1860/2445/477 1847/1973/485
f 1870/2450/425 1876/2451/470 1869/2452/425
f 1864/2453/429 1865/2454/429 1863/2455/429
f 1874/2456/471 1872/2204/428 1873/2457/471
f 1868/2458/431 1861/2459/431 1867/2460/431
f 1871/2461/423 1875/2462/472 1870/2450/423
f 1869/2463/427 1873/2457/473 1872/2204/427
f 1878/2464/474 1869/2452/425 1877/2465/474
f 1879/2466/475 1870/2450/423 1878/2464/475
f 1871/2461/428 1880/2467/476 1872/2204/428
f 1877/2468/477 1872/2204/427 1880/2467/477
f 1866/2469/478 1873/2457/471 1865/2470/478
f 1874/2456/472 1864/2453/479 1875/2462/472
f 1875/2462/470 1863/2471/480 1876/2451/470
f 1876/2472/473 1865/2470/481 1873/2457/473
f 1862/2473/628 1877/2465/474 1861/2474/628
f 1868/2458/483 1878/2464/475 1862/2473/483
f 1879/2466/476 1867/2475/629 1880/2467/476
f 1861/2476/485 1880/2467/477 1867/2475/485
f 1890/2477/425 1896/2478/470 1889/2479/425
f 1884/2480/429 1885/2481/429 1883/2482/429
f 1894/2483/471 1892/2484/428 1893/2485/471
f 1888/2486/431 1881/2487/431 1887/2488/431
f 1891/2489/423 1895/2490/472 1890/2491/423
f 1892/2484/427 1896/2478/473 1893/2485/473
f 1898/2492/474 1889/2479/425 1897/2493/474
f 1899/2494/486 1890/2491/423 1898/2495/486
f 1891/2489/428 1900/2496/476 1892/2484/428
f 1897/2493/487 1892/2484/427 1900/2496/487
f 1886/2497/478 1893/2485/471 1885/2481/478
f 1894/2483/472 1884/2498/479 1895/2490/472
f 1895/2499/470 1883/2500/480 1896/2478/470
f 1896/2478/473 1885/2481/481 1893/2485/473
f 1882/2501/482 1897/2493/474 1881/2502/482
f 1888/2486/488 1898/2495/486 1882/2503/488
f 1899/2494/476 1887/2488/484 1900/2496/476
f 1881/2502/489 1900/2496/487 1887/2488/489
f 1910/2504/573 1916/2505/424 1909/2506/423
f 1904/2507/425 1905/2508/425 1903/2509/425
f 1913/2510/426 1911/2511/574 1912/2512/427
f 1908/2513/428 1901/2514/428 1907/2515/428
f 1911/2516/575 1915/2517/430 1910/2504/576
f 1909/2506/577 1913/2510/432 1912/2512/578
f 1917/2518/579 1910/2504/573 1909/2506/423
f 1919/2519/580 1910/2504/576 1918/2520/581
f 1911/2511/574 1920/2521/582 1912/2512/427
f 1917/2518/583 1912/2512/578 1920/2521/584
f 1906/2522/437 1913/2510/426 1905/2523/437
f 1914/2524/430 1904/2507/438 1915/2517/430
f 1915/2517/439 1903/2509/440 1916/2505/424
f 1916/2505/432 1905/2523/441 1913/2510/432
f 1901/2525/442 1918/2520/585 1917/2518/579
f 1908/2526/586 1918/2520/581 1902/2527/586
f 1919/2528/587 1907/2515/444 1920/2521/582
f 1901/2525/588 1920/2521/584 1907/2515/588
f 1936/2529/424 1930/2530/573 1929/2531/423
f 1925/2532/425 1924/2533/425 1923/2534/425
f 1932/2535/589 1934/2536/426 1933/2537/426
f 1921/2538/428 1928/2539/428 1927/2540/428
f 1935/2541/432 1931/2542/577 1930/2543/578
f 1933/2537/430 1929/2531/575 1932/2535/576
f 1937/2544/591 1930/2530/573 1938/2545/592
f 1930/2543/578 1939/2546/593 1938/2547/594
f 1940/2548/595 1931/2542/596 1932/2535/589
f 1932/2535/576 1937/2544/597 1940/2548/598
f 1933/2537/426 1926/2549/437 1925/2532/437
f 1924/2550/441 1934/2536/432 1935/2541/432
f 1923/2551/440 1935/2552/439 1936/2529/424
f 1925/2532/438 1936/2529/430 1933/2537/430
f 1937/2544/591 1922/2553/442 1921/2538/442
f 1938/2547/594 1928/2554/445 1922/2555/445
f 1927/2556/444 1939/2546/599 1940/2548/595
f 1940/2548/598 1921/2538/443 1927/2556/443
f 1950/2557/425 1956/2558/470 1949/2559/425
f 1944/2560/429 1945/2561/429 1943/2562/429
f 1954/2563/471 1952/2564/428 1953/2565/471
f 1948/2566/431 1941/2567/431 1947/2568/431
f 1951/2569/423 1955/2570/472 1950/2557/423
f 1949/2571/427 1953/2565/473 1952/2564/427
f 1958/2572/474 1949/2559/425 1957/2573/474
f 1959/2574/475 1950/2557/423 1958/2572/475
f 1951/2569/428 1960/2575/476 1952/2564/428
f 1957/2576/477 1952/2564/427 1960/2575/477
f 1946/2577/478 1953/2565/471 1945/2578/478
f 1954/2563/472 1944/2560/479 1955/2570/472
f 1955/2570/470 1943/2579/480 1956/2558/470
f 1956/2580/473 1945/2578/481 1953/2565/473
f 1942/2581/482 1957/2573/474 1941/2582/482
f 1948/2566/483 1958/2572/475 1942/2581/483
f 1959/2574/476 1947/2583/484 1960/2575/476
f 1941/2584/485 1960/2575/477 1947/2583/485
f 1970/2585/425 1976/2586/470 1969/2199/425
f 1964/2587/429 1965/2588/429 1963/2589/429
f 1974/2590/471 1972/2591/428 1973/2592/471
f 1968/2593/431 1961/2594/431 1967/2595/431
f 1971/2596/423 1975/2597/472 1970/2585/423
f 1969/2598/427 1973/2592/473 1972/2591/427
f 1978/2599/474 1969/2199/425 1977/2600/474
f 1979/2601/475 1970/2585/423 1978/2599/475
f 1971/2596/428 1980/2602/476 1972/2591/428
f 1977/2603/477 1972/2591/427 1980/2602/477
f 1966/2604/478 1973/2592/471 1965/2605/478
f 1974/2590/472 1964/2587/479 1975/2597/472
f 1975/2597/470 1963/2606/480 1976/2586/470
f 1976/2607/473 1965/2605/481 1973/2592/473
f 1962/2608/482 1977/2600/474 1961/2609/482
f 1968/2593/483 1978/2599/475 1962/2608/483
f 1979/2601/476 1967/2610/484 1980/2602/476
f 1961/2611/485 1980/2602/477 1967/2610/485
f 1330/1791/423 1335/1803/439 1336/1792/424
f 1324/1794/425 1326/1810/425 1325/1795/425
f 1333/1797/426 1334/1811/426 1331/1798/427
f 1328/1800/428 1322/2612/428 1321/1801/428
f 1331/1798/429 1334/1811/430 1335/1803/430
f 1329/1804/431 1336/1814/432 1333/1797/432
f 1338/1805/433 1330/1791/423 1329/1793/423
f 1339/1807/434 1331/1798/429 1330/1791/429
f 1331/1798/427 1339/1807/435 1340/1808/435
f 1337/1809/436 1329/1804/431 1332/1799/431
f 1326/1810/437 1334/1811/426 1333/1797/426
f 1334/1811/430 1326/1810/438 1324/1812/438
f 1335/1803/439 1324/1812/440 1323/1813/440
f 1336/1814/432 1323/2613/441 1325/1795/441
f 1322/1815/442 1338/1805/433 1337/1806/433
f 1328/1817/443 1339/1807/434 1338/1805/434
f 1339/1807/435 1328/1817/444 1327/1802/444
f 1321/1801/445 1337/1809/436 1340/1808/436
f 1356/1818/424 1355/1841/439 1350/1819/423
f 1345/1821/425 1346/1838/425 1344/1822/425
f 1352/1824/427 1351/1831/427 1354/1825/426
f 1341/1827/428 1342/1844/428 1348/1828/428
f 1355/1830/432 1354/1825/432 1351/1831/431
f 1353/1826/430 1356/1818/430 1349/1820/429
f 1349/1820/423 1350/1819/423 1358/1833/433
f 1350/1832/431 1351/1831/431 1359/1835/436
f 1360/1837/435 1359/1835/435 1351/1831/427
f 1352/1824/429 1349/1820/429 1357/1834/434
f 1345/1821/437 1353/1826/426 1354/1825/426
f 1344/1839/441 1346/1838/441 1354/1825/432
f 1343/1840/440 1344/2614/440 1355/1841/439
f 1345/1821/438 1343/1840/438 1356/1818/430
f 1357/1834/433 1358/1833/433 1342/1842/442
f 1358/1836/436 1359/1835/436 1348/1828/445
f 1347/1845/444 1348/1828/444 1359/1835/435
f 1360/1837/434 1357/1834/434 1341/1843/443
f 1369/1846/431 1370/1859/431 1375/1847/446
f 1364/1849/448 1366/2615/448 1365/1850/448
f 1374/1852/449 1371/1858/429 1372/1853/429
f 1368/1855/451 1362/2616/451 1361/1856/451
f 1371/1858/452 1374/1852/453 1375/1847/453
f 1369/1860/454 1376/1869/455 1373/1854/455
f 1378/1861/456 1370/1859/431 1369/1846/431
f 1379/1863/457 1371/1858/452 1370/1859/452
f 1371/1858/429 1379/1863/458 1380/1864/458
f 1377/1865/459 1369/1860/454 1372/1853/454
f 1366/1866/460 1374/1852/449 1373/1854/450
f 1374/1852/453 1366/1866/630 1364/1867/462
f 1376/1848/447 1375/1847/446 1364/1867/463
f 1376/1869/455 1363/1851/465 1365/1850/465
f 1362/1870/466 1378/1861/456 1377/1862/456
f 1368/1872/467 1379/1863/457 1378/1861/457
f 1380/1864/458 1379/1863/458 1368/1872/468
f 1361/1856/469 1377/1865/459 1380/1864/459
f 1396/1873/439 1395/1885/439 1390/1874/423
f 1385/1876/425 1386/2617/425 1384/1877/425
f 1393/1879/426 1392/1887/427 1391/1880/427
f 1381/1882/428 1382/2618/428 1388/1883/428
f 1395/1885/432 1394/1894/432 1391/1886/431
f 1393/1879/430 1396/1873/430 1389/1875/429
f 1397/1888/433 1389/1875/423 1390/1874/423
f 1390/1874/431 1391/1886/431 1399/1890/436
f 1400/1891/435 1399/1897/435 1391/1880/427
f 1392/1887/429 1389/1875/429 1397/1888/434
f 1393/1879/426 1394/1881/426 1386/1892/437
f 1384/1893/441 1386/2619/441 1394/1894/432
f 1383/1878/440 1384/1893/440 1395/1885/439
f 1385/1876/438 1383/1878/438 1396/1873/430
f 1397/1888/433 1398/1889/433 1382/1895/442
f 1398/1889/436 1399/1890/436 1388/1896/445
f 1387/1884/444 1388/2620/444 1399/1897/435
f 1400/1891/434 1397/1888/434 1381/1882/443
f 1410/1898/423 1415/1919/439 1416/1899/439
f 1404/1901/425 1406/1916/425 1405/1902/425
f 1413/1904/426 1414/1917/426 1411/1905/427
f 1408/1907/428 1402/2621/428 1401/1908/428
f 1411/1905/429 1414/1917/430 1415/1910/430
f 1409/1900/431 1416/1899/432 1413/1904/432
f 1417/1912/433 1418/2622/433 1410/1898/423
f 1419/1913/434 1411/1905/429 1410/1911/429
f 1411/1905/427 1419/1913/435 1420/1915/435
f 1417/1912/436 1409/1900/431 1412/1906/431
f 1406/1916/437 1414/1917/426 1413/1904/426
f 1414/1917/430 1406/1916/438 1404/1918/438
f 1415/1919/439 1404/2623/440 1403/1920/440
f 1416/1899/432 1403/1920/441 1405/1902/441
f 1402/1921/442 1418/2622/433 1417/1912/433
f 1408/1907/443 1419/1913/434 1418/1914/434
f 1419/1913/435 1408/1907/444 1407/1909/444
f 1401/1922/445 1417/1912/436 1420/1915/436
f 1422/1924/425 1424/1931/425 1423/1925/425
f 1426/1927/428 1428/2624/428 1427/1928/428
f 1428/1930/429 1426/2625/429 1424/1931/429
f 1421/1926/431 1423/1925/431 1425/1932/431
f 1438/1934/425 1443/1947/470 1444/1935/470
f 1432/1937/429 1434/1954/429 1433/1938/429
f 1442/1940/471 1439/1946/428 1440/1941/428
f 1436/1943/431 1430/1958/431 1429/1944/431
f 1439/1946/423 1442/1940/472 1443/1947/472
f 1437/1948/427 1444/1957/473 1441/1942/473
f 1446/1949/474 1438/1934/425 1437/1936/425
f 1447/1951/475 1439/1946/423 1438/1934/423
f 1439/1946/428 1447/1951/476 1448/1952/476
f 1445/1953/477 1437/1948/427 1440/1941/427
f 1434/1954/478 1442/1940/471 1441/1942/471
f 1442/1940/472 1434/1954/479 1432/1937/479
f 1443/1947/470 1432/1937/480 1431/1956/480
f 1444/1957/473 1431/2626/481 1433/1955/481
f 1430/1958/482 1446/1949/474 1445/1950/474
f 1436/1943/483 1447/1951/475 1446/1949/475
f 1447/1951/476 1436/1943/484 1435/1960/484
f 1429/1961/485 1445/1953/477 1448/1952/477
f 1458/1962/425 1463/1975/470 1464/1963/470
f 1452/1965/429 1454/2627/429 1453/1966/429
f 1461/1968/471 1462/2444/471 1459/1969/428
f 1456/1971/431 1450/2628/431 1449/1972/431
f 1459/1974/423 1462/1981/472 1463/1975/472
f 1460/1970/427 1457/1964/427 1464/1963/473
f 1466/1976/474 1458/1962/425 1457/1964/425
f 1467/1978/486 1459/1974/423 1458/1962/423
f 1459/1969/428 1467/1985/476 1468/1979/476
f 1465/1977/487 1457/1964/427 1460/1970/427
f 1454/1980/478 1462/2444/471 1461/1968/471
f 1462/1981/472 1454/2629/479 1452/1982/479
f 1463/1975/470 1452/1982/480 1451/1967/480
f 1464/1963/473 1451/1967/481 1453/1966/481
f 1450/1983/482 1466/1976/474 1465/1977/474
f 1456/1984/488 1467/1978/486 1466/1976/486
f 1467/1985/476 1456/2630/484 1455/1973/484
f 1449/1972/489 1465/1977/487 1468/1979/487
f 1478/1986/425 1483/2008/470 1484/1987/470
f 1472/1989/429 1474/2006/429 1473/1990/429
f 1482/1992/471 1479/1998/428 1480/1993/428
f 1476/1995/431 1470/2631/431 1469/1996/431
f 1479/1998/423 1482/1992/472 1483/1999/472
f 1477/1988/427 1484/1987/473 1481/1994/473
f 1486/2001/474 1478/1986/425 1477/1988/425
f 1487/2003/475 1479/1998/423 1478/2000/423
f 1479/1998/428 1487/2003/476 1488/2005/476
f 1485/2002/477 1477/1988/427 1480/1993/427
f 1474/2006/478 1482/1992/471 1481/1994/471
f 1482/1992/472 1474/2006/479 1472/2007/479
f 1483/2008/470 1472/2632/480 1471/2009/480
f 1484/1987/473 1471/2009/481 1473/1990/481
f 1470/2010/482 1486/2001/474 1485/2002/474
f 1476/1995/483 1487/2003/475 1486/2004/475
f 1487/2003/476 1476/1995/484 1475/1997/484
f 1469/2011/485 1485/2002/477 1488/2005/477
f 1504/2013/490 1503/2036/490 1498/2014/425
f 1493/2016/427 1494/2034/427 1492/2017/427
f 1501/2019/491 1500/2027/428 1499/2020/428
f 1489/2022/423 1490/2039/423 1496/2023/423
f 1503/2025/492 1502/2021/492 1499/2020/431
f 1501/2019/493 1504/2013/493 1497/2015/429
f 1505/2028/494 1497/2015/425 1498/2014/425
f 1498/2026/431 1499/2020/431 1507/2030/495
f 1508/2032/496 1507/2030/496 1499/2020/428
f 1500/2027/429 1497/2015/429 1505/2028/497
f 1493/2033/498 1501/2019/491 1502/2021/491
f 1492/2017/499 1494/2034/499 1502/2021/492
f 1491/2035/500 1492/2633/500 1503/2036/490
f 1493/2033/501 1491/2035/501 1504/2013/493
f 1505/2028/494 1506/2029/494 1490/2037/502
f 1506/2031/495 1507/2030/495 1496/2023/503
f 1495/2040/504 1496/2023/504 1507/2030/496
f 1508/2032/497 1505/2028/497 1489/2038/505
f 1518/2041/425 1523/2062/490 1524/2042/490
f 1512/2044/427 1514/2634/427 1513/2045/427
f 1521/2047/491 1522/2060/491 1519/2048/428
f 1516/2050/423 1510/2063/423 1509/2051/423
f 1519/2048/429 1522/2060/506 1523/2053/506
f 1517/2043/431 1524/2042/492 1521/2047/492
f 1525/2055/494 1526/2635/494 1518/2041/425
f 1526/2056/507 1527/2066/507 1519/2048/429
f 1519/2048/428 1527/2066/496 1528/2057/496
f 1528/2057/495 1525/2055/495 1517/2043/431
f 1514/2058/498 1522/2060/491 1521/2047/491
f 1522/2060/506 1514/2058/501 1512/2061/501
f 1523/2062/490 1512/2044/500 1511/2046/500
f 1524/2042/492 1511/2046/499 1513/2059/499
f 1510/2063/502 1526/2635/494 1525/2055/494
f 1516/2064/505 1527/2066/507 1526/2056/507
f 1527/2066/496 1516/2064/504 1515/2067/504
f 1509/2051/503 1525/2055/495 1528/2057/495
f 1544/2068/439 1543/2091/439 1538/2069/423
f 1533/2071/425 1534/2088/425 1532/2072/425
f 1541/2074/426 1540/2082/427 1539/2075/427
f 1529/2077/428 1530/2636/428 1536/2078/428
f 1543/2080/432 1542/2076/432 1539/2075/431
f 1541/2074/430 1544/2068/430 1537/2070/429
f 1545/2083/433 1537/2070/423 1538/2069/423
f 1538/2081/431 1539/2075/431 1547/2085/436
f 1548/2087/435 1547/2085/435 1539/2075/427
f 1540/2082/429 1537/2070/429 1545/2083/434
f 1541/2074/426 1542/2076/426 1534/2088/437
f 1532/2089/441 1534/2088/441 1542/2076/432
f 1531/2090/440 1532/2637/440 1543/2091/439
f 1533/2071/438 1531/2090/438 1544/2068/430
f 1545/2083/433 1546/2084/433 1530/2092/442
f 1546/2086/436 1547/2085/436 1536/2078/445
f 1535/2079/444 1536/2078/444 1547/2085/435
f 1548/2087/434 1545/2083/434 1529/2093/443
f 1558/2095/423 1563/2116/439 1564/2096/439
f 1552/2098/425 1554/2113/425 1553/2099/425
f 1561/2101/426 1562/2114/426 1559/2102/427
f 1556/2104/428 1550/2638/428 1549/2105/428
f 1559/2102/429 1562/2114/430 1563/2107/430
f 1557/2097/431 1564/2096/432 1561/2101/432
f 1565/2109/433 1566/2639/433 1558/2095/423
f 1567/2110/434 1559/2102/429 1558/2108/429
f 1559/2102/427 1567/2110/435 1568/2112/435
f 1565/2109/436 1557/2097/431 1560/2103/431
f 1554/2113/437 1562/2114/426 1561/2101/426
f 1562/2114/430 1554/2113/438 1552/2115/438
f 1563/2116/439 1552/2640/440 1551/2117/440
f 1564/2096/432 1551/2117/441 1553/2099/441
f 1550/2118/442 1566/2639/433 1565/2109/433
f 1556/2104/443 1567/2110/434 1566/2111/434
f 1567/2110/435 1556/2104/444 1555/2106/444
f 1549/2119/445 1565/2109/436 1568/2112/436
f 1578/2121/508 1583/2133/509 1584/2122/509
f 1572/2123/429 1574/1939/429 1573/2124/429
f 1582/2126/510 1579/2137/511 1580/2127/511
f 1576/2129/431 1570/2641/431 1569/2130/431
f 1579/2132/512 1582/2140/522 1583/2133/513
f 1580/2127/514 1577/1964/514 1584/2122/515
f 1586/2134/516 1578/2121/508 1577/1964/508
f 1587/2136/517 1579/2132/512 1578/2121/512
f 1579/2137/511 1587/2642/519 1588/2138/519
f 1585/2135/520 1577/1964/514 1580/2127/514
f 1574/2139/521 1582/2126/510 1581/2128/510
f 1582/2140/522 1574/2643/523 1572/2141/523
f 1583/2133/509 1572/2141/524 1571/2125/524
f 1584/2122/515 1571/2125/525 1573/2124/525
f 1570/2142/526 1586/2134/516 1585/2135/516
f 1576/2143/527 1587/2136/517 1586/2134/518
f 1588/2138/519 1587/2642/519 1576/2144/528
f 1569/2130/529 1585/2135/520 1588/2138/520
f 1598/2145/425 1603/2158/470 1604/2146/470
f 1592/2148/429 1594/2644/429 1593/2149/429
f 1602/2151/471 1599/2157/428 1600/2152/428
f 1596/2154/431 1590/2169/431 1589/2155/431
f 1599/2157/423 1602/2151/472 1603/2158/472
f 1597/2147/427 1604/2146/473 1601/2159/473
f 1606/2161/474 1598/2145/425 1597/2147/425
f 1607/2163/475 1599/2157/423 1598/2145/423
f 1599/2157/428 1607/2163/476 1608/2164/476
f 1605/2162/477 1597/2147/427 1600/2160/427
f 1594/2166/478 1602/2151/471 1601/2153/471
f 1602/2151/472 1594/2166/479 1592/2148/479
f 1603/2158/470 1592/2148/480 1591/2150/480
f 1604/2146/473 1591/2150/481 1593/2168/481
f 1590/2169/482 1606/2161/474 1605/2162/474
f 1596/2170/483 1607/2163/475 1606/2161/475
f 1607/2163/476 1596/2170/484 1595/2171/484
f 1589/2155/485 1605/2162/477 1608/2165/477
f 1618/2173/530 1623/2186/531 1624/2174/531
f 1612/2176/429 1614/2645/429 1613/2177/429
f 1622/2179/532 1619/2190/533 1620/2180/533
f 1615/2182/431 1616/2646/431 1610/2183/431
f 1619/2185/534 1622/2192/535 1623/2186/535
f 1620/2180/536 1617/2175/536 1624/2174/537
f 1626/2187/538 1618/2173/530 1617/2175/530
f 1627/2189/539 1619/2185/534 1618/2173/534
f 1619/2190/533 1627/2196/540 1628/2191/540
f 1625/2188/541 1617/2175/536 1620/2180/536
f 1613/2177/542 1614/2647/542 1622/2179/532
f 1622/2192/535 1614/2648/543 1612/2193/543
f 1624/2174/531 1623/2186/531 1612/2193/544
f 1624/2174/537 1611/2178/545 1613/2177/545
f 1609/2184/546 1610/2195/546 1626/2187/538
f 1616/2194/547 1627/2189/539 1626/2187/539
f 1627/2196/540 1616/2649/548 1615/2182/548
f 1609/2184/549 1625/2188/541 1628/2191/541
f 1638/2197/550 1643/2209/551 1644/2198/551
f 1631/2200/429 1632/2216/429 1634/2201/429
f 1642/2203/552 1639/1946/553 1640/2204/553
f 1636/2206/431 1630/2219/431 1629/2207/431
f 1638/2197/554 1639/1946/554 1642/2203/555
f 1637/2210/556 1644/2218/565 1641/2205/557
f 1645/2211/558 1646/2213/558 1638/2197/550
f 1647/2212/559 1639/1946/554 1638/2197/554
f 1639/1946/553 1647/2212/560 1648/2214/560
f 1648/2214/561 1645/2650/631 1637/2210/556
f 1634/2201/562 1642/2203/552 1641/2205/552
f 1643/2209/555 1642/2203/555 1634/2201/563
f 1643/2209/551 1632/2216/564 1631/2217/564
f 1644/2218/565 1631/2651/566 1633/2215/566
f 1630/2219/567 1646/2213/558 1645/2211/558
f 1630/2219/568 1636/2206/568 1647/2212/559
f 1647/2212/560 1636/2206/569 1635/2221/569
f 1629/2222/570 1645/2650/631 1648/2214/561
f 1657/2223/431 1658/2652/431 1663/2224/446
f 1652/2226/448 1654/2243/448 1653/2227/448
f 1662/2229/449 1659/2235/429 1660/2230/429
f 1656/2232/451 1650/2249/451 1649/2233/451
f 1659/2235/452 1662/2229/453 1663/2236/453
f 1657/2223/454 1664/2225/455 1661/2231/455
f 1666/2238/456 1658/2652/431 1657/2223/431
f 1667/2240/457 1659/2235/452 1658/2237/452
f 1659/2235/429 1667/2240/458 1668/2242/458
f 1665/2239/459 1657/2223/454 1660/2230/454
f 1654/2243/460 1662/2229/449 1661/2231/450
f 1662/2229/453 1654/2243/630 1652/2226/462
f 1664/2225/447 1663/2224/446 1652/2245/463
f 1664/2225/455 1651/2246/465 1653/2244/465
f 1650/2247/572 1666/2238/456 1665/2239/456
f 1656/2232/467 1667/2240/457 1666/2241/457
f 1668/2242/458 1667/2240/458 1656/2232/468
f 1649/2248/469 1665/2239/459 1668/2242/459
f 1670/2251/425 1672/2653/425 1671/2252/425
f 1674/2254/428 1676/2257/428 1675/2255/428
f 1676/2257/429 1674/2254/429 1672/2258/429
f 1669/2260/431 1671/2654/431 1673/2256/431
f 1678/2251/427 1680/2653/427 1679/2252/427
f 1690/2262/573 1695/2283/439 1696/2263/424
f 1684/2265/425 1686/2655/425 1685/2266/425
f 1693/2268/426 1694/2281/426 1691/2269/574
f 1688/2271/428 1682/2286/428 1681/2272/428
f 1691/2269/575 1694/2281/430 1695/2274/430
f 1689/2264/577 1696/2263/432 1693/2268/432
f 1697/2276/579 1698/2285/585 1690/2262/573
f 1699/2277/580 1691/2269/575 1690/2275/576
f 1691/2269/574 1699/2277/587 1700/2279/582
f 1697/2276/583 1689/2264/577 1692/2270/578
f 1686/2280/437 1694/2281/426 1693/2268/426
f 1694/2281/430 1686/2280/438 1684/2282/438
f 1695/2283/439 1684/2656/440 1683/2267/440
f 1696/2263/432 1683/2267/441 1685/2266/441
f 1681/2284/442 1682/2657/442 1698/2285/585
f 1688/2271/586 1699/2277/580 1698/2278/581
f 1699/2277/587 1688/2271/444 1687/2287/444
f 1681/2284/588 1697/2276/583 1700/2279/584
f 1716/2288/424 1715/2300/439 1710/2289/573
f 1705/2291/425 1706/2658/425 1704/2292/425
f 1712/2294/589 1711/2301/596 1714/2295/590
f 1701/2297/428 1702/2659/428 1708/2298/428
f 1715/2300/432 1714/2295/432 1711/2301/577
f 1713/2302/430 1716/2288/430 1709/2290/575
f 1717/2304/591 1709/2290/423 1710/2289/573
f 1710/2289/578 1711/2301/577 1719/2306/593
f 1720/2307/595 1719/2306/599 1711/2301/596
f 1712/2303/576 1709/2290/575 1717/2304/597
f 1713/2296/426 1714/2295/590 1706/2309/437
f 1704/2292/441 1706/2309/441 1714/2295/432
f 1703/2293/440 1704/2292/440 1715/2300/439
f 1705/2311/438 1703/2293/438 1716/2288/430
f 1717/2304/591 1718/2305/592 1702/2312/442
f 1718/2305/594 1719/2306/593 1708/2298/445
f 1707/2299/444 1708/2298/444 1719/2306/599
f 1720/2308/598 1717/2304/597 1701/2313/443
f 1722/2315/428 1724/2322/428 1723/2316/428
f 1726/2318/425 1728/2660/425 1727/2319/425
f 1728/2321/429 1726/2661/429 1724/2322/429
f 1721/2323/431 1723/2662/431 1725/2320/431
f 1730/2251/427 1732/2663/427 1731/2252/427
f 1734/2251/423 1736/2653/423 1735/2252/423
f 1745/2324/600 1746/2336/600 1751/2325/601
f 1740/2327/429 1742/2664/429 1741/2328/429
f 1749/2330/603 1750/2337/603 1747/2331/604
f 1743/2333/431 1744/2665/431 1738/2334/431
f 1746/2336/605 1747/2331/605 1750/2337/606
f 1748/2338/608 1745/2324/608 1752/2326/609
f 1754/2340/611 1746/2336/600 1745/2324/600
f 1755/2342/613 1747/2331/605 1746/2336/605
f 1747/2331/604 1755/2342/632 1756/2343/615
f 1753/2341/616 1745/2324/608 1748/2338/608
f 1742/2345/618 1750/2337/603 1749/2330/603
f 1750/2337/606 1742/2345/619 1740/2327/619
f 1751/2325/601 1740/2327/620 1739/2329/620
f 1752/2326/609 1739/2329/621 1741/2347/621
f 1738/2334/622 1754/2340/611 1753/2341/612
f 1744/2348/623 1755/2342/613 1754/2340/614
f 1756/2343/615 1755/2342/632 1744/2348/624
f 1737/2335/625 1753/2341/616 1756/2344/617
f 1758/2351/428 1760/2666/428 1759/2352/428
f 1762/2351/425 1764/2666/425 1763/2352/425
f 1774/2354/425 1779/2367/470 1780/2355/470
f 1768/2357/429 1770/2373/429 1769/2358/429
f 1778/2360/471 1775/2366/428 1776/2361/428
f 1772/2363/431 1766/2377/431 1765/2364/431
f 1775/2366/423 1778/2360/472 1779/2367/472
f 1773/1948/427 1780/2376/473 1777/2362/473
f 1782/2368/474 1774/2354/425 1773/2356/425
f 1783/2370/486 1775/2366/423 1774/2354/423
f 1775/2366/428 1783/2370/476 1784/2371/476
f 1781/2372/487 1773/1948/427 1776/2361/427
f 1770/2373/478 1778/2360/471 1777/2362/471
f 1778/2360/472 1770/2373/479 1768/2357/479
f 1779/2367/470 1768/2357/480 1767/2375/480
f 1780/2376/473 1767/2667/481 1769/2374/481
f 1766/2377/482 1782/2368/474 1781/2369/474
f 1772/2363/488 1783/2370/486 1782/2368/486
f 1783/2370/476 1772/2363/484 1771/2379/484
f 1765/2380/489 1781/2372/487 1784/2371/487
f 1786/2381/626 1788/2668/626 1787/2382/626
f 1790/2382/627 1792/2383/627 1791/2381/627
f 1794/2385/427 1796/2669/427 1795/2386/427
f 1798/2385/423 1800/2670/423 1799/2386/423
f 1810/2388/423 1815/2401/439 1816/2389/424
f 1804/2391/425 1806/2406/425 1805/2392/425
f 1813/2394/426 1814/2671/426 1811/2395/427
f 1808/2397/428 1802/2672/428 1801/2398/428
f 1811/2400/429 1814/2407/430 1815/2401/430
f 1809/2390/431 1816/2389/432 1813/2394/432
f 1817/2402/433 1818/2404/433 1810/2388/423
f 1819/2403/434 1811/2400/429 1810/2388/429
f 1811/2395/427 1819/2412/435 1820/2405/435
f 1817/2402/436 1809/2390/431 1812/2396/431
f 1806/2406/437 1814/2671/426 1813/2394/426
f 1814/2407/430 1806/2673/438 1804/2408/438
f 1815/2401/439 1804/2408/440 1803/2409/440
f 1816/2389/432 1803/2409/441 1805/2392/441
f 1802/2410/442 1818/2404/433 1817/2402/433
f 1808/2411/443 1819/2403/434 1818/2404/434
f 1819/2412/435 1808/2674/444 1807/2399/444
f 1801/2398/445 1817/2402/436 1820/2405/436
f 1836/2413/424 1835/2425/439 1830/2414/423
f 1825/2416/425 1826/2434/425 1824/2417/425
f 1833/2419/590 1832/2432/427 1831/2420/427
f 1821/2422/428 1822/2438/428 1828/2423/428
f 1835/2425/432 1834/2421/432 1831/2420/431
f 1833/2426/430 1836/2413/430 1829/2415/429
f 1837/2428/433 1829/2415/423 1830/2414/423
f 1830/2414/431 1831/2420/431 1839/2430/436
f 1840/2431/435 1839/2430/435 1831/2420/427
f 1832/2427/429 1829/2415/429 1837/2428/434
f 1825/2416/437 1833/2419/590 1834/2421/426
f 1824/2435/441 1826/2434/441 1834/2421/432
f 1823/2436/440 1824/2435/440 1835/2425/439
f 1825/2437/438 1823/2436/438 1836/2413/430
f 1837/2428/433 1838/2429/433 1822/2438/442
f 1838/2429/436 1839/2430/436 1828/2423/445
f 1827/2440/444 1828/2423/444 1839/2430/435
f 1840/2433/434 1837/2428/434 1821/2439/443
f 1850/1962/425 1855/1975/470 1856/1963/470
f 1844/2442/429 1846/2675/429 1845/2443/429
f 1854/2444/471 1851/1969/428 1852/1970/428
f 1848/1971/431 1842/2628/431 1841/1972/431
f 1851/1974/423 1854/1981/472 1855/1975/472
f 1849/1964/427 1856/1963/473 1853/1968/473
f 1858/1976/474 1850/1962/425 1849/1964/425
f 1859/1978/475 1851/1974/423 1850/1962/423
f 1851/1969/428 1859/1985/476 1860/2445/476
f 1857/1977/477 1849/1964/427 1852/1970/427
f 1846/2446/478 1854/2444/471 1853/1968/471
f 1854/1981/472 1846/2629/479 1844/2447/479
f 1855/1975/470 1844/2447/480 1843/1967/480
f 1856/1963/473 1843/1967/481 1845/2443/481
f 1842/2448/482 1858/1976/474 1857/1977/474
f 1848/2449/483 1859/1978/475 1858/1976/475
f 1859/1985/476 1848/2630/484 1847/1973/484
f 1841/1972/485 1857/1977/477 1860/2445/477
f 1870/2450/425 1875/2462/470 1876/2451/470
f 1864/2453/429 1866/2469/429 1865/2454/429
f 1874/2456/471 1871/2461/428 1872/2204/428
f 1868/2458/431 1862/2473/431 1861/2459/431
f 1871/2461/423 1874/2456/472 1875/2462/472
f 1869/2463/427 1876/2472/473 1873/2457/473
f 1878/2464/474 1870/2450/425 1869/2452/425
f 1879/2466/475 1871/2461/423 1870/2450/423
f 1871/2461/428 1879/2466/476 1880/2467/476
f 1877/2468/477 1869/2463/427 1872/2204/427
f 1866/2469/478 1874/2456/471 1873/2457/471
f 1874/2456/472 1866/2469/479 1864/2453/479
f 1875/2462/470 1864/2453/480 1863/2471/480
f 1876/2472/473 1863/2676/481 1865/2470/481
f 1862/2473/628 1878/2464/474 1877/2465/474
f 1868/2458/483 1879/2466/475 1878/2464/475
f 1879/2466/476 1868/2458/629 1867/2475/629
f 1861/2476/485 1877/2468/477 1880/2467/477
f 1890/2477/425 1895/2499/470 1896/2478/470
f 1884/2480/429 1886/2497/429 1885/2481/429
f 1894/2483/471 1891/2489/428 1892/2484/428
f 1888/2486/431 1882/2677/431 1881/2487/431
f 1891/2489/423 1894/2483/472 1895/2490/472
f 1892/2484/427 1889/2479/427 1896/2478/473
f 1898/2492/474 1890/2477/425 1889/2479/425
f 1899/2494/486 1891/2489/423 1890/2491/423
f 1891/2489/428 1899/2494/476 1900/2496/476
f 1897/2493/487 1889/2479/427 1892/2484/427
f 1886/2497/478 1894/2483/471 1893/2485/471
f 1894/2483/472 1886/2497/479 1884/2498/479
f 1895/2499/470 1884/2678/480 1883/2500/480
f 1896/2478/473 1883/2500/481 1885/2481/481
f 1882/2501/482 1898/2492/474 1897/2493/474
f 1888/2486/488 1899/2494/486 1898/2495/486
f 1899/2494/476 1888/2486/484 1887/2488/484
f 1881/2502/489 1897/2493/487 1900/2496/487
f 1910/2504/573 1915/2517/439 1916/2505/424
f 1904/2507/425 1906/2679/425 1905/2508/425
f 1913/2510/426 1914/2680/426 1911/2511/574
f 1908/2513/428 1902/2681/428 1901/2514/428
f 1911/2516/575 1914/2524/430 1915/2517/430
f 1909/2506/577 1916/2505/432 1913/2510/432
f 1917/2518/579 1918/2520/585 1910/2504/573
f 1919/2519/580 1911/2516/575 1910/2504/576
f 1911/2511/574 1919/2528/587 1920/2521/582
f 1917/2518/583 1909/2506/577 1912/2512/578
f 1906/2522/437 1914/2680/426 1913/2510/426
f 1914/2524/430 1906/2682/438 1904/2507/438
f 1915/2517/439 1904/2507/440 1903/2509/440
f 1916/2505/432 1903/2509/441 1905/2523/441
f 1901/2525/442 1902/2527/442 1918/2520/585
f 1908/2526/586 1919/2519/580 1918/2520/581
f 1919/2528/587 1908/2513/444 1907/2515/444
f 1901/2525/588 1917/2518/583 1920/2521/584
f 1936/2529/424 1935/2552/439 1930/2530/573
f 1925/2532/425 1926/2549/425 1924/2533/425
f 1932/2535/589 1931/2542/596 1934/2536/426
f 1921/2538/428 1922/2553/428 1928/2539/428
f 1935/2541/432 1934/2536/432 1931/2542/577
f 1933/2537/430 1936/2529/430 1929/2531/575
f 1937/2544/591 1929/2531/423 1930/2530/573
f 1930/2543/578 1931/2542/577 1939/2546/593
f 1940/2548/595 1939/2546/599 1931/2542/596
f 1932/2535/576 1929/2531/575 1937/2544/597
f 1933/2537/426 1934/2536/426 1926/2549/437
f 1924/2550/441 1926/2549/441 1934/2536/432
f 1923/2551/440 1924/2683/440 1935/2552/439
f 1925/2532/438 1923/2551/438 1936/2529/430
f 1937/2544/591 1938/2545/592 1922/2553/442
f 1938/2547/594 1939/2546/593 1928/2554/445
f 1927/2556/444 1928/2554/444 1939/2546/599
f 1940/2548/598 1937/2544/597 1921/2538/443
f 1950/2557/425 1955/2570/470 1956/2558/470
f 1944/2560/429 1946/2577/429 1945/2561/429
f 1954/2563/471 1951/2569/428 1952/2564/428
f 1948/2566/431 1942/2581/431 1941/2567/431
f 1951/2569/423 1954/2563/472 1955/2570/472
f 1949/2571/427 1956/2580/473 1953/2565/473
f 1958/2572/474 1950/2557/425 1949/2559/425
f 1959/2574/475 1951/2569/423 1950/2557/423
f 1951/2569/428 1959/2574/476 1960/2575/476
f 1957/2576/477 1949/2571/427 1952/2564/427
f 1946/2577/478 1954/2563/471 1953/2565/471
f 1954/2563/472 1946/2577/479 1944/2560/479
f 1955/2570/470 1944/2560/480 1943/2579/480
f 1956/2580/473 1943/2684/481 1945/2578/481
f 1942/2581/482 1958/2572/474 1957/2573/474
f 1948/2566/483 1959/2574/475 1958/2572/475
f 1959/2574/476 1948/2566/484 1947/2583/484
f 1941/2584/485 1957/2576/477 1960/2575/477
f 1970/2585/425 1975/2597/470 1976/2586/470
f 1964/2587/429 1966/2604/429 1965/2588/429
f 1974/2590/471 1971/2596/428 1972/2591/428
f 1968/2593/431 1962/2608/431 1961/2594/431
f 1971/2596/423 1974/2590/472 1975/2597/472
f 1969/2598/427 1976/2607/473 1973/2592/473
f 1978/2599/474 1970/2585/425 1969/2199/425
f 1979/2601/475 1971/2596/423 1970/2585/423
f 1971/2596/428 1979/2601/476 1980/2602/476
f 1977/2603/477 1969/2598/427 1972/2591/427
f 1966/2604/478 1974/2590/471 1973/2592/471
f 1974/2590/472 1966/2604/479 1964/2587/479
f 1975/2597/470 1964/2587/480 1963/2606/480
f 1976/2607/473 1963/2685/481 1965/2605/481
f 1962/2608/482 1978/2599/474 1977/2600/474
f 1968/2593/483 1979/2601/475 1978/2599/475
f 1979/2601/476 1968/2593/484 1967/2610/484
f 1961/2611/485 1977/2603/477 1980/2602/477
