# Blender 5.0.1
# www.blender.org
mtllib BrazoDerGray.mtl
g BrazoDer_Malla
v 0.044443 -0.475288 0.333035 0.0000 0.0000 0.0000
v 0.043712 -0.472700 0.330668 0.0000 0.0000 0.0000
v 0.044636 -0.475238 0.332770 0.0000 0.0000 0.0000
v 0.044636 -0.475238 0.332770 0.0000 0.0000 0.0000
v 0.045415 -0.476467 0.334399 0.0000 0.0000 0.0000
v 0.045428 -0.475870 0.333640 0.0000 0.0000 0.0000
v 0.045428 -0.475870 0.333640 0.0000 0.0000 0.0000
v 0.046816 -0.476760 0.334892 0.0000 0.0000 0.0000
v 0.046755 -0.475986 0.333977 0.0000 0.0000 0.0000
v 0.047953 -0.476366 0.334433 0.0000 0.0000 0.0000
v 0.047880 -0.475763 0.333666 0.0000 0.0000 0.0000
v 0.047880 -0.475763 0.333666 0.0000 0.0000 0.0000
v 0.049020 -0.475092 0.333065 0.0000 0.0000 0.0000
v 0.048860 -0.475054 0.332806 0.0000 0.0000 0.0000
v 0.049302 -0.472474 0.330708 0.0000 0.0000 0.0000
v 0.049020 -0.475092 0.333065 0.0000 0.0000 0.0000
v 0.049110 -0.472071 0.331263 0.0000 0.0000 0.0000
v 0.047953 -0.476366 0.334433 0.0000 0.0000 0.0000
v 0.047973 -0.471777 0.331715 0.0000 0.0000 0.0000
v 0.046816 -0.476760 0.334892 0.0000 0.0000 0.0000
v 0.046474 -0.471617 0.332013 0.0000 0.0000 0.0000
v 0.044970 -0.471916 0.331685 0.0000 0.0000 0.0000
v 0.046185 -0.467578 0.328650 0.0000 0.0000 0.0000
v 0.044608 -0.468020 0.328406 0.0000 0.0000 0.0000
v 0.043782 -0.468822 0.328831 0.0000 0.0000 0.0000
v 0.043908 -0.472278 0.331244 0.0000 0.0000 0.0000
v 0.043712 -0.472700 0.330668 0.0000 0.0000 0.0000
v 0.044443 -0.475288 0.333035 0.0000 0.0000 0.0000
v 0.045415 -0.476467 0.334399 0.0000 0.0000 0.0000
v 0.043487 -0.469864 0.329108 0.0000 0.0000 0.0000
v 0.048843 -0.468724 0.328654 0.0000 0.0000 0.0000
v 0.049174 -0.469802 0.328948 0.0000 0.0000 0.0000
v 0.047898 -0.467872 0.328444 0.0000 0.0000 0.0000
v -0.001560 -0.430859 0.309699 0.0000 0.0000 0.0000
v 0.006614 -0.429239 0.310333 0.0000 0.0000 0.0000
v 0.006268 -0.423407 0.306585 0.0000 0.0000 0.0000
v 0.007128 -0.434224 0.313454 0.0000 0.0000 0.0000
v 0.003153 -0.434933 0.313130 0.0000 0.0000 0.0000
v 0.006795 -0.437418 0.314375 0.0000 0.0000 0.0000
v 0.008404 -0.437343 0.315032 0.0000 0.0000 0.0000
v 0.004027 -0.437362 0.314057 0.0000 0.0000 0.0000
v -0.000676 -0.435180 0.313027 0.0000 0.0000 0.0000
v -0.004396 -0.436325 0.311797 0.0000 0.0000 0.0000
v 0.021142 -0.448555 0.320005 0.0000 0.0000 0.0000
v 0.020639 -0.442568 0.315409 0.0000 0.0000 0.0000
v 0.019094 -0.446782 0.322561 0.0000 0.0000 0.0000
v 0.018607 -0.439889 0.317609 0.0000 0.0000 0.0000
v 0.015506 -0.446271 0.323578 0.0000 0.0000 0.0000
v 0.015221 -0.439059 0.318729 0.0000 0.0000 0.0000
v 0.011606 -0.440216 0.317606 0.0000 0.0000 0.0000
v 0.010856 -0.438499 0.316590 0.0000 0.0000 0.0000
v 0.008634 -0.442101 0.313977 0.0000 0.0000 0.0000
v 0.007503 -0.441973 0.313722 0.0000 0.0000 0.0000
v 0.004228 -0.439761 0.314410 0.0000 0.0000 0.0000
v -0.000342 -0.437037 0.314521 0.0000 0.0000 0.0000
v -0.004341 -0.438244 0.312882 0.0000 0.0000 0.0000
v -0.007834 -0.438388 0.308715 0.0000 0.0000 0.0000
v -0.008835 -0.434064 0.305112 0.0000 0.0000 0.0000
v 0.014856 -0.437135 0.317670 0.0000 0.0000 0.0000
v 0.011843 -0.447173 0.322717 0.0000 0.0000 0.0000
v 0.009946 -0.449129 0.320285 0.0000 0.0000 0.0000
v 0.009423 -0.442802 0.315364 0.0000 0.0000 0.0000
v 0.021294 -0.454479 0.324611 0.0000 0.0000 0.0000
v 0.019140 -0.453000 0.326786 0.0000 0.0000 0.0000
v 0.015934 -0.452532 0.327710 0.0000 0.0000 0.0000
v 0.012169 -0.453358 0.326959 0.0000 0.0000 0.0000
v 0.010238 -0.455034 0.324903 0.0000 0.0000 0.0000
v 0.009529 -0.457694 0.321421 0.0000 0.0000 0.0000
v 0.008780 -0.451562 0.317148 0.0000 0.0000 0.0000
v 0.008474 -0.447482 0.313335 0.0000 0.0000 0.0000
v 0.008090 -0.447222 0.312419 0.0000 0.0000 0.0000
v 0.007488 -0.447494 0.311827 0.0000 0.0000 0.0000
v 0.006640 -0.443674 0.314457 0.0000 0.0000 0.0000
v 0.007401 -0.448236 0.312083 0.0000 0.0000 0.0000
v 0.011047 -0.460911 0.329512 0.0000 0.0000 0.0000
v 0.010089 -0.463579 0.326043 0.0000 0.0000 0.0000
v 0.010208 -0.464921 0.327079 0.0000 0.0000 0.0000
v 0.011417 -0.463532 0.331324 0.0000 0.0000 0.0000
v 0.010451 -0.466099 0.327989 0.0000 0.0000 0.0000
v 0.011326 -0.470066 0.331132 0.0000 0.0000 0.0000
v 0.011230 -0.462270 0.330520 0.0000 0.0000 0.0000
v 0.012857 -0.459155 0.331685 0.0000 0.0000 0.0000
v 0.016350 -0.458425 0.332333 0.0000 0.0000 0.0000
v 0.011716 -0.474702 0.334764 0.0000 0.0000 0.0000
v 0.012141 -0.467636 0.334298 0.0000 0.0000 0.0000
v 0.013998 -0.466171 0.336079 0.0000 0.0000 0.0000
v 0.013252 -0.461966 0.333242 0.0000 0.0000 0.0000
v 0.012490 -0.472402 0.337760 0.0000 0.0000 0.0000
v 0.012147 -0.479736 0.338694 0.0000 0.0000 0.0000
v 0.013063 -0.460590 0.332591 0.0000 0.0000 0.0000
v 0.016448 -0.459878 0.333224 0.0000 0.0000 0.0000
v 0.019255 -0.458844 0.331503 0.0000 0.0000 0.0000
v 0.021452 -0.460403 0.329217 0.0000 0.0000 0.0000
v 0.021657 -0.461746 0.330246 0.0000 0.0000 0.0000
v 0.019163 -0.460280 0.332435 0.0000 0.0000 0.0000
v 0.016540 -0.461339 0.333771 0.0000 0.0000 0.0000
v 0.012886 -0.477566 0.341520 0.0000 0.0000 0.0000
v 0.012942 -0.478731 0.342483 0.0000 0.0000 0.0000
v 0.014328 -0.471125 0.339291 0.0000 0.0000 0.0000
v 0.016830 -0.465579 0.336604 0.0000 0.0000 0.0000
v 0.019256 -0.461661 0.333089 0.0000 0.0000 0.0000
v 0.021774 -0.463008 0.331057 0.0000 0.0000 0.0000
v 0.022851 -0.465464 0.327679 0.0000 0.0000 0.0000
v 0.022831 -0.464286 0.326748 0.0000 0.0000 0.0000
v 0.022684 -0.462966 0.325684 0.0000 0.0000 0.0000
v 0.022533 -0.457037 0.321083 0.0000 0.0000 0.0000
v 0.022250 -0.451116 0.316485 0.0000 0.0000 0.0000
v 0.019396 -0.482016 0.347141 0.0000 0.0000 0.0000
v 0.021111 -0.483053 0.347310 0.0000 0.0000 0.0000
v 0.020232 -0.478545 0.344655 0.0000 0.0000 0.0000
v 0.022332 -0.479554 0.343115 0.0000 0.0000 0.0000
v 0.020098 -0.477290 0.343757 0.0000 0.0000 0.0000
v 0.022177 -0.478332 0.342178 0.0000 0.0000 0.0000
v 0.020000 -0.476130 0.342772 0.0000 0.0000 0.0000
v 0.022135 -0.477121 0.341251 0.0000 0.0000 0.0000
v 0.021788 -0.471948 0.337497 0.0000 0.0000 0.0000
v 0.022673 -0.474151 0.334475 0.0000 0.0000 0.0000
v 0.022479 -0.469503 0.330843 0.0000 0.0000 0.0000
v 0.021548 -0.467170 0.334041 0.0000 0.0000 0.0000
v 0.019336 -0.465904 0.335937 0.0000 0.0000 0.0000
v 0.017168 -0.470542 0.339804 0.0000 0.0000 0.0000
v 0.014713 -0.476393 0.342915 0.0000 0.0000 0.0000
v 0.014821 -0.477560 0.343867 0.0000 0.0000 0.0000
v 0.019621 -0.470861 0.339149 0.0000 0.0000 0.0000
v 0.017531 -0.475820 0.343415 0.0000 0.0000 0.0000
v 0.017612 -0.476930 0.344467 0.0000 0.0000 0.0000
v 0.017701 -0.478246 0.345286 0.0000 0.0000 0.0000
v 0.017942 -0.481888 0.347274 0.0000 0.0000 0.0000
v 0.023370 -0.487625 0.345157 0.0000 0.0000 0.0000
v 0.022581 -0.488942 0.349627 0.0000 0.0000 0.0000
v 0.023153 -0.490411 0.347592 0.0000 0.0000 0.0000
v 0.022645 -0.485913 0.347508 0.0000 0.0000 0.0000
v 0.021509 -0.485729 0.347860 0.0000 0.0000 0.0000
v 0.020772 -0.483922 0.347650 0.0000 0.0000 0.0000
v 0.019493 -0.483065 0.347372 0.0000 0.0000 0.0000
v 0.017993 -0.482774 0.347349 0.0000 0.0000 0.0000
v 0.016175 -0.482176 0.347215 0.0000 0.0000 0.0000
v 0.014973 -0.478803 0.344783 0.0000 0.0000 0.0000
v 0.013048 -0.480003 0.343355 0.0000 0.0000 0.0000
v 0.012418 -0.482155 0.340531 0.0000 0.0000 0.0000
v 0.012236 -0.480960 0.339584 0.0000 0.0000 0.0000
v 0.012717 -0.484813 0.342669 0.0000 0.0000 0.0000
v 0.013279 -0.482739 0.345406 0.0000 0.0000 0.0000
v 0.014798 -0.483366 0.347460 0.0000 0.0000 0.0000
v 0.016168 -0.483206 0.347430 0.0000 0.0000 0.0000
v 0.015182 -0.484197 0.347785 0.0000 0.0000 0.0000
v 0.014796 -0.485987 0.348143 0.0000 0.0000 0.0000
v 0.013749 -0.486291 0.347834 0.0000 0.0000 0.0000
v 0.015177 -0.489135 0.350037 0.0000 0.0000 0.0000
v 0.014338 -0.489282 0.349915 0.0000 0.0000 0.0000
v 0.015978 -0.492038 0.352586 0.0000 0.0000 0.0000
v 0.015494 -0.492368 0.351989 0.0000 0.0000 0.0000
v 0.015211 -0.493665 0.350390 0.0000 0.0000 0.0000
v 0.017197 -0.493556 0.353043 0.0000 0.0000 0.0000
v 0.017105 -0.494688 0.351556 0.0000 0.0000 0.0000
v 0.018719 -0.493747 0.353344 0.0000 0.0000 0.0000
v 0.018758 -0.494971 0.351773 0.0000 0.0000 0.0000
v 0.020458 -0.493368 0.352986 0.0000 0.0000 0.0000
v 0.020679 -0.494514 0.351483 0.0000 0.0000 0.0000
v 0.021749 -0.492079 0.351929 0.0000 0.0000 0.0000
v 0.022071 -0.493361 0.350274 0.0000 0.0000 0.0000
v 0.013823 -0.490856 0.347843 0.0000 0.0000 0.0000
v 0.013191 -0.488142 0.345417 0.0000 0.0000 0.0000
v 0.017201 -0.492747 0.353546 0.0000 0.0000 0.0000
v 0.018680 -0.492879 0.353854 0.0000 0.0000 0.0000
v 0.020392 -0.492590 0.353472 0.0000 0.0000 0.0000
v 0.021291 -0.491770 0.352456 0.0000 0.0000 0.0000
v 0.021623 -0.488772 0.349946 0.0000 0.0000 0.0000
v 0.046248 -0.470692 0.322733 0.0000 0.0000 0.0000
v 0.046118 -0.468825 0.321357 0.0000 0.0000 0.0000
v 0.048784 -0.470383 0.323017 0.0000 0.0000 0.0000
v 0.044087 -0.470573 0.322998 0.0000 0.0000 0.0000
v 0.050799 -0.459783 0.318455 0.0000 0.0000 0.0000
v 0.049892 -0.458279 0.314701 0.0000 0.0000 0.0000
v 0.050654 -0.457066 0.316248 0.0000 0.0000 0.0000
v 0.050022 -0.460975 0.316937 0.0000 0.0000 0.0000
v 0.050938 -0.463201 0.321397 0.0000 0.0000 0.0000
v 0.050153 -0.464457 0.319795 0.0000 0.0000 0.0000
v 0.050952 -0.464767 0.322646 0.0000 0.0000 0.0000
v 0.050194 -0.466054 0.320999 0.0000 0.0000 0.0000
v 0.050932 -0.466451 0.324075 0.0000 0.0000 0.0000
v 0.050242 -0.467805 0.322333 0.0000 0.0000 0.0000
v 0.050883 -0.468396 0.325588 0.0000 0.0000 0.0000
v 0.050169 -0.469799 0.323725 0.0000 0.0000 0.0000
v 0.048765 -0.468443 0.321619 0.0000 0.0000 0.0000
v 0.048653 -0.466717 0.320259 0.0000 0.0000 0.0000
v 0.045996 -0.467103 0.319992 0.0000 0.0000 0.0000
v 0.041847 -0.464959 0.319900 0.0000 0.0000 0.0000
v 0.041040 -0.463617 0.321766 0.0000 0.0000 0.0000
v 0.040634 -0.460052 0.319044 0.0000 0.0000 0.0000
v 0.041143 -0.465226 0.322949 0.0000 0.0000 0.0000
v 0.042022 -0.466536 0.321119 0.0000 0.0000 0.0000
v 0.041355 -0.467007 0.324228 0.0000 0.0000 0.0000
v 0.042218 -0.468272 0.322459 0.0000 0.0000 0.0000
v 0.042504 -0.470103 0.323704 0.0000 0.0000 0.0000
v 0.043993 -0.468735 0.321676 0.0000 0.0000 0.0000
v 0.043859 -0.467009 0.320317 0.0000 0.0000 0.0000
v 0.045885 -0.465541 0.318747 0.0000 0.0000 0.0000
v 0.048553 -0.465152 0.319017 0.0000 0.0000 0.0000
v 0.048446 -0.461659 0.316173 0.0000 0.0000 0.0000
v 0.048339 -0.458967 0.313928 0.0000 0.0000 0.0000
v 0.043743 -0.465442 0.319078 0.0000 0.0000 0.0000
v 0.041586 -0.468794 0.325531 0.0000 0.0000 0.0000
v 0.050088 -0.455321 0.312284 0.0000 0.0000 0.0000
v 0.048487 -0.456022 0.311499 0.0000 0.0000 0.0000
v 0.041487 -0.461484 0.317055 0.0000 0.0000 0.0000
v 0.041168 -0.458809 0.314809 0.0000 0.0000 0.0000
v 0.043460 -0.461969 0.316224 0.0000 0.0000 0.0000
v 0.043194 -0.459296 0.313970 0.0000 0.0000 0.0000
v 0.045637 -0.462078 0.315876 0.0000 0.0000 0.0000
v 0.045446 -0.459413 0.313603 0.0000 0.0000 0.0000
v 0.045239 -0.456510 0.311151 0.0000 0.0000 0.0000
v 0.045120 -0.454887 0.309653 0.0000 0.0000 0.0000
v 0.048472 -0.454392 0.310000 0.0000 0.0000 0.0000
v 0.050019 -0.453636 0.310864 0.0000 0.0000 0.0000
v 0.049816 -0.451718 0.309268 0.0000 0.0000 0.0000
v 0.040279 -0.457288 0.316922 0.0000 0.0000 0.0000
v 0.040705 -0.455902 0.312385 0.0000 0.0000 0.0000
v 0.042911 -0.456384 0.311536 0.0000 0.0000 0.0000
v 0.042703 -0.454767 0.310039 0.0000 0.0000 0.0000
v 0.044980 -0.452891 0.308154 0.0000 0.0000 0.0000
v 0.048283 -0.452373 0.308537 0.0000 0.0000 0.0000
v 0.048003 -0.449970 0.305924 0.0000 0.0000 0.0000
v 0.042301 -0.452760 0.308579 0.0000 0.0000 0.0000
v 0.039732 -0.454293 0.314623 0.0000 0.0000 0.0000
v 0.039473 -0.452539 0.313312 0.0000 0.0000 0.0000
v 0.040309 -0.452313 0.309361 0.0000 0.0000 0.0000
v 0.041779 -0.450349 0.306000 0.0000 0.0000 0.0000
v 0.044794 -0.450485 0.305536 0.0000 0.0000 0.0000
v 0.044265 -0.446687 0.302304 0.0000 0.0000 0.0000
v 0.047733 -0.446088 0.302778 0.0000 0.0000 0.0000
v 0.041079 -0.446603 0.302713 0.0000 0.0000 0.0000
v 0.039369 -0.445799 0.303946 0.0000 0.0000 0.0000
v 0.040112 -0.449719 0.306996 0.0000 0.0000 0.0000
v 0.047187 -0.441514 0.298904 0.0000 0.0000 0.0000
v 0.043728 -0.442761 0.299184 0.0000 0.0000 0.0000
v 0.040316 -0.444247 0.301196 0.0000 0.0000 0.0000
v 0.038562 -0.444233 0.303160 0.0000 0.0000 0.0000
v 0.037674 -0.442564 0.307032 0.0000 0.0000 0.0000
v 0.038081 -0.443835 0.306685 0.0000 0.0000 0.0000
v 0.039025 -0.447854 0.309586 0.0000 0.0000 0.0000
v 0.039256 -0.450595 0.311752 0.0000 0.0000 0.0000
v 0.040530 -0.454226 0.310963 0.0000 0.0000 0.0000
v 0.047113 -0.440178 0.298043 0.0000 0.0000 0.0000
v 0.036782 -0.442651 0.308131 0.0000 0.0000 0.0000
v 0.037668 -0.443213 0.302547 0.0000 0.0000 0.0000
v 0.037428 -0.442027 0.306884 0.0000 0.0000 0.0000
v 0.039588 -0.443401 0.300165 0.0000 0.0000 0.0000
v 0.043372 -0.441678 0.298257 0.0000 0.0000 0.0000
v 0.043188 -0.440034 0.296622 0.0000 0.0000 0.0000
v 0.047106 -0.438880 0.296823 0.0000 0.0000 0.0000
v 0.043078 -0.438403 0.295317 0.0000 0.0000 0.0000
v 0.049484 -0.449162 0.306864 0.0000 0.0000 0.0000
v 0.049328 -0.445248 0.303751 0.0000 0.0000 0.0000
v 0.049172 -0.440396 0.299549 0.0000 0.0000 0.0000
v 0.049083 -0.438958 0.298365 0.0000 0.0000 0.0000
v 0.048794 -0.437972 0.297216 0.0000 0.0000 0.0000
v 0.047788 -0.436421 0.295227 0.0000 0.0000 0.0000
v 0.041947 -0.434747 0.291427 0.0000 0.0000 0.0000
v 0.034645 -0.441120 0.296482 0.0000 0.0000 0.0000
v 0.037293 -0.441994 0.298648 0.0000 0.0000 0.0000
v 0.034856 -0.443530 0.299793 0.0000 0.0000 0.0000
v 0.047176 -0.433024 0.291385 0.0000 0.0000 0.0000
v 0.050318 -0.436111 0.298967 0.0000 0.0000 0.0000
v 0.050134 -0.434000 0.297014 0.0000 0.0000 0.0000
v 0.049617 -0.430551 0.294108 0.0000 0.0000 0.0000
v 0.046256 -0.429979 0.288658 0.0000 0.0000 0.0000
v 0.041148 -0.430927 0.287869 0.0000 0.0000 0.0000
v 0.049052 -0.427661 0.291489 0.0000 0.0000 0.0000
v 0.047867 -0.422202 0.286205 0.0000 0.0000 0.0000
v 0.046260 -0.416400 0.280738 0.0000 0.0000 0.0000
v 0.043073 -0.419340 0.277112 0.0000 0.0000 0.0000
v 0.044727 -0.410811 0.276001 0.0000 0.0000 0.0000
v 0.044657 -0.424573 0.283343 0.0000 0.0000 0.0000
v 0.040320 -0.425810 0.282098 0.0000 0.0000 0.0000
v 0.034350 -0.431798 0.288025 0.0000 0.0000 0.0000
v 0.034502 -0.436735 0.292564 0.0000 0.0000 0.0000
v 0.028145 -0.442934 0.297443 0.0000 0.0000 0.0000
v 0.028524 -0.444782 0.299782 0.0000 0.0000 0.0000
v 0.024326 -0.445863 0.300852 0.0000 0.0000 0.0000
v 0.025598 -0.447333 0.304315 0.0000 0.0000 0.0000
v 0.022068 -0.446845 0.303306 0.0000 0.0000 0.0000
v 0.023681 -0.447700 0.306609 0.0000 0.0000 0.0000
v 0.021357 -0.448258 0.307307 0.0000 0.0000 0.0000
v 0.022246 -0.446376 0.312070 0.0000 0.0000 0.0000
v 0.029496 -0.446633 0.303225 0.0000 0.0000 0.0000
v 0.024269 -0.447997 0.307663 0.0000 0.0000 0.0000
v 0.021815 -0.444037 0.298199 0.0000 0.0000 0.0000
v 0.017766 -0.446893 0.302355 0.0000 0.0000 0.0000
v 0.023809 -0.449422 0.313924 0.0000 0.0000 0.0000
v 0.025467 -0.457336 0.315735 0.0000 0.0000 0.0000
v 0.024440 -0.455440 0.318361 0.0000 0.0000 0.0000
v 0.024870 -0.451607 0.310910 0.0000 0.0000 0.0000
v 0.023750 -0.446167 0.311735 0.0000 0.0000 0.0000
v 0.023015 -0.445994 0.311673 0.0000 0.0000 0.0000
v 0.027014 -0.452127 0.310015 0.0000 0.0000 0.0000
v 0.027534 -0.457836 0.314875 0.0000 0.0000 0.0000
v 0.026088 -0.460577 0.318701 0.0000 0.0000 0.0000
v 0.024921 -0.458868 0.321090 0.0000 0.0000 0.0000
v 0.025138 -0.460631 0.322392 0.0000 0.0000 0.0000
v 0.026333 -0.462182 0.320210 0.0000 0.0000 0.0000
v 0.025437 -0.462140 0.323523 0.0000 0.0000 0.0000
v 0.026584 -0.463758 0.321258 0.0000 0.0000 0.0000
v 0.026538 -0.467115 0.327304 0.0000 0.0000 0.0000
v 0.031314 -0.457991 0.314316 0.0000 0.0000 0.0000
v 0.034185 -0.457550 0.314635 0.0000 0.0000 0.0000
v 0.030902 -0.452247 0.309493 0.0000 0.0000 0.0000
v 0.033788 -0.451820 0.309793 0.0000 0.0000 0.0000
v 0.031552 -0.461257 0.317283 0.0000 0.0000 0.0000
v 0.028045 -0.461060 0.317874 0.0000 0.0000 0.0000
v 0.028249 -0.462673 0.319376 0.0000 0.0000 0.0000
v 0.028440 -0.464258 0.320417 0.0000 0.0000 0.0000
v 0.034507 -0.460799 0.317618 0.0000 0.0000 0.0000
v 0.035562 -0.444361 0.304067 0.0000 0.0000 0.0000
v 0.036599 -0.443257 0.309170 0.0000 0.0000 0.0000
v 0.035277 -0.444893 0.305412 0.0000 0.0000 0.0000
v 0.035959 -0.451088 0.310567 0.0000 0.0000 0.0000
v 0.036378 -0.456833 0.315388 0.0000 0.0000 0.0000
v 0.036581 -0.460103 0.318353 0.0000 0.0000 0.0000
v 0.034571 -0.462406 0.319143 0.0000 0.0000 0.0000
v 0.031670 -0.462863 0.318804 0.0000 0.0000 0.0000
v 0.031778 -0.464439 0.319864 0.0000 0.0000 0.0000
v 0.029219 -0.469121 0.324377 0.0000 0.0000 0.0000
v 0.036804 -0.471994 0.328018 0.0000 0.0000 0.0000
v 0.037007 -0.475629 0.330998 0.0000 0.0000 0.0000
v 0.034890 -0.472655 0.327315 0.0000 0.0000 0.0000
v 0.038114 -0.474119 0.332910 0.0000 0.0000 0.0000
v 0.037896 -0.470384 0.330064 0.0000 0.0000 0.0000
v 0.036601 -0.468198 0.324919 0.0000 0.0000 0.0000
v 0.037696 -0.466488 0.327098 0.0000 0.0000 0.0000
v 0.037982 -0.461443 0.323282 0.0000 0.0000 0.0000
v 0.036773 -0.463258 0.320973 0.0000 0.0000 0.0000
v 0.036687 -0.461694 0.319894 0.0000 0.0000 0.0000
v 0.037986 -0.458148 0.320831 0.0000 0.0000 0.0000
v 0.037788 -0.454710 0.318088 0.0000 0.0000 0.0000
v 0.037253 -0.448703 0.313627 0.0000 0.0000 0.0000
v 0.037972 -0.459912 0.322152 0.0000 0.0000 0.0000
v 0.035213 -0.477805 0.331770 0.0000 0.0000 0.0000
v 0.035099 -0.476264 0.330329 0.0000 0.0000 0.0000
v 0.037157 -0.477167 0.332440 0.0000 0.0000 0.0000
v 0.038229 -0.475764 0.334211 0.0000 0.0000 0.0000
v 0.038288 -0.477260 0.335382 0.0000 0.0000 0.0000
v 0.037301 -0.478794 0.333427 0.0000 0.0000 0.0000
v 0.035325 -0.479436 0.332755 0.0000 0.0000 0.0000
v 0.032875 -0.479819 0.332473 0.0000 0.0000 0.0000
v 0.027504 -0.468629 0.325193 0.0000 0.0000 0.0000
v 0.027836 -0.472411 0.328300 0.0000 0.0000 0.0000
v 0.026952 -0.471005 0.330257 0.0000 0.0000 0.0000
v 0.028098 -0.476035 0.331288 0.0000 0.0000 0.0000
v 0.027312 -0.474738 0.333091 0.0000 0.0000 0.0000
v 0.027432 -0.476400 0.334371 0.0000 0.0000 0.0000
v 0.028254 -0.477588 0.332709 0.0000 0.0000 0.0000
v 0.028422 -0.479231 0.333674 0.0000 0.0000 0.0000
v 0.030069 -0.478031 0.331948 0.0000 0.0000 0.0000
v 0.030257 -0.479662 0.332928 0.0000 0.0000 0.0000
v 0.032765 -0.478183 0.331494 0.0000 0.0000 0.0000
v 0.032652 -0.476638 0.330059 0.0000 0.0000 0.0000
v 0.027575 -0.477874 0.335564 0.0000 0.0000 0.0000
v 0.029891 -0.476490 0.330514 0.0000 0.0000 0.0000
v 0.029579 -0.472884 0.327505 0.0000 0.0000 0.0000
v 0.032394 -0.473052 0.327019 0.0000 0.0000 0.0000
v 0.032125 -0.469305 0.323861 0.0000 0.0000 0.0000
v 0.034673 -0.468886 0.324181 0.0000 0.0000 0.0000
v 0.034617 -0.463985 0.320205 0.0000 0.0000 0.0000
v -0.021729 -0.462710 0.294788 0.0000 0.0000 0.0000
v -0.022820 -0.464988 0.294860 0.0000 0.0000 0.0000
v -0.019317 -0.463516 0.294057 0.0000 0.0000 0.0000
v -0.017910 -0.464711 0.292094 0.0000 0.0000 0.0000
v -0.020919 -0.465593 0.294100 0.0000 0.0000 0.0000
v -0.024029 -0.467367 0.293938 0.0000 0.0000 0.0000
v -0.022003 -0.467032 0.293571 0.0000 0.0000 0.0000
v -0.024229 -0.468532 0.293133 0.0000 0.0000 0.0000
v -0.021670 -0.467881 0.292789 0.0000 0.0000 0.0000
v -0.021447 -0.468880 0.291284 0.0000 0.0000 0.0000
v -0.019709 -0.466450 0.292659 0.0000 0.0000 0.0000
v -0.019140 -0.467360 0.290883 0.0000 0.0000 0.0000
v -0.017372 -0.465681 0.290137 0.0000 0.0000 0.0000
v -0.017967 -0.466565 0.287924 0.0000 0.0000 0.0000
v -0.019764 -0.468133 0.288885 0.0000 0.0000 0.0000
v -0.021035 -0.468653 0.287149 0.0000 0.0000 0.0000
v -0.022080 -0.469343 0.288394 0.0000 0.0000 0.0000
v -0.022888 -0.468646 0.286267 0.0000 0.0000 0.0000
v -0.024035 -0.469967 0.288581 0.0000 0.0000 0.0000
v -0.021723 -0.469309 0.289663 0.0000 0.0000 0.0000
v -0.024277 -0.469884 0.290105 0.0000 0.0000 0.0000
v -0.024411 -0.469547 0.291559 0.0000 0.0000 0.0000
v -0.019453 -0.467157 0.285781 0.0000 0.0000 0.0000
v -0.021918 -0.467127 0.284826 0.0000 0.0000 0.0000
v 0.042872 -0.472483 0.325500 0.0000 0.0000 0.0000
v 0.042624 -0.473750 0.329304 0.0000 0.0000 0.0000
v 0.041954 -0.471170 0.327329 0.0000 0.0000 0.0000
v 0.043783 -0.476402 0.331265 0.0000 0.0000 0.0000
v 0.043957 -0.476396 0.329856 0.0000 0.0000 0.0000
v 0.045070 -0.476695 0.329624 0.0000 0.0000 0.0000
v 0.043344 -0.474837 0.327785 0.0000 0.0000 0.0000
v 0.044702 -0.475267 0.327136 0.0000 0.0000 0.0000
v 0.045325 -0.477334 0.331982 0.0000 0.0000 0.0000
v 0.046721 -0.476884 0.329511 0.0000 0.0000 0.0000
v 0.046806 -0.477511 0.332154 0.0000 0.0000 0.0000
v 0.048201 -0.477204 0.331989 0.0000 0.0000 0.0000
v 0.044286 -0.472958 0.324782 0.0000 0.0000 0.0000
v 0.046588 -0.475366 0.326904 0.0000 0.0000 0.0000
v 0.046414 -0.473064 0.324537 0.0000 0.0000 0.0000
v 0.048524 -0.475100 0.327165 0.0000 0.0000 0.0000
v 0.048725 -0.472776 0.324802 0.0000 0.0000 0.0000
v 0.050056 -0.472180 0.325543 0.0000 0.0000 0.0000
v 0.049843 -0.474571 0.327814 0.0000 0.0000 0.0000
v 0.050790 -0.470819 0.327349 0.0000 0.0000 0.0000
v 0.050430 -0.473440 0.329325 0.0000 0.0000 0.0000
v 0.049627 -0.476217 0.331332 0.0000 0.0000 0.0000
v 0.049378 -0.476182 0.329874 0.0000 0.0000 0.0000
v 0.048328 -0.476571 0.329630 0.0000 0.0000 0.0000
v -0.010679 -0.437191 0.286334 0.0000 0.0000 0.0000
v -0.014030 -0.433818 0.286988 0.0000 0.0000 0.0000
v -0.014483 -0.435991 0.286347 0.0000 0.0000 0.0000
v -0.011093 -0.439762 0.286356 0.0000 0.0000 0.0000
v -0.015026 -0.438521 0.286405 0.0000 0.0000 0.0000
v -0.015504 -0.441414 0.286792 0.0000 0.0000 0.0000
v -0.008142 -0.440536 0.283657 0.0000 0.0000 0.0000
v -0.007222 -0.438191 0.284703 0.0000 0.0000 0.0000
v -0.012157 -0.452525 0.283834 0.0000 0.0000 0.0000
v -0.013473 -0.455725 0.285331 0.0000 0.0000 0.0000
v -0.012967 -0.453683 0.281112 0.0000 0.0000 0.0000
v -0.014027 -0.454525 0.287692 0.0000 0.0000 0.0000
v -0.012736 -0.451295 0.286220 0.0000 0.0000 0.0000
v -0.015854 -0.453148 0.289945 0.0000 0.0000 0.0000
v -0.014258 -0.449913 0.288504 0.0000 0.0000 0.0000
v -0.018020 -0.452189 0.290571 0.0000 0.0000 0.0000
v -0.017227 -0.448836 0.289077 0.0000 0.0000 0.0000
v -0.016559 -0.445917 0.288011 0.0000 0.0000 0.0000
v -0.013226 -0.446787 0.287508 0.0000 0.0000 0.0000
v -0.011857 -0.442669 0.286528 0.0000 0.0000 0.0000
v -0.009875 -0.443620 0.283686 0.0000 0.0000 0.0000
v -0.006883 -0.441769 0.279388 0.0000 0.0000 0.0000
v -0.004086 -0.438539 0.279383 0.0000 0.0000 0.0000
v -0.002216 -0.436915 0.282553 0.0000 0.0000 0.0000
v -0.011925 -0.450778 0.279869 0.0000 0.0000 0.0000
v -0.011036 -0.449626 0.282572 0.0000 0.0000 0.0000
v -0.011610 -0.448325 0.285004 0.0000 0.0000 0.0000
v -0.010452 -0.445578 0.276975 0.0000 0.0000 0.0000
v -0.009076 -0.444528 0.280288 0.0000 0.0000 0.0000
v 0.012589 -0.427151 0.271164 0.0000 0.0000 0.0000
v 0.011988 -0.421981 0.263929 0.0000 0.0000 0.0000
v 0.015261 -0.421257 0.265753 0.0000 0.0000 0.0000
v 0.009179 -0.427424 0.268736 0.0000 0.0000 0.0000
v 0.008459 -0.431682 0.277100 0.0000 0.0000 0.0000
v 0.005707 -0.432326 0.274093 0.0000 0.0000 0.0000
v 0.003693 -0.434359 0.281498 0.0000 0.0000 0.0000
v 0.001388 -0.435374 0.278836 0.0000 0.0000 0.0000
v -0.001228 -0.436734 0.275814 0.0000 0.0000 0.0000
v -0.004639 -0.437151 0.271273 0.0000 0.0000 0.0000
v -0.006478 -0.439628 0.273754 0.0000 0.0000 0.0000
v -0.008263 -0.442504 0.275408 0.0000 0.0000 0.0000
v -0.011055 -0.442360 0.272772 0.0000 0.0000 0.0000
v -0.012345 -0.446016 0.275059 0.0000 0.0000 0.0000
v -0.014135 -0.451375 0.277772 0.0000 0.0000 0.0000
v -0.008885 -0.436354 0.268049 0.0000 0.0000 0.0000
v -0.010061 -0.439322 0.270626 0.0000 0.0000 0.0000
v -0.014837 -0.454228 0.279044 0.0000 0.0000 0.0000
v -0.007700 -0.432692 0.265367 0.0000 0.0000 0.0000
v -0.012678 -0.431760 0.264591 0.0000 0.0000 0.0000
v -0.013533 -0.435213 0.266564 0.0000 0.0000 0.0000
v -0.014147 -0.438318 0.268793 0.0000 0.0000 0.0000
v -0.014721 -0.441703 0.271114 0.0000 0.0000 0.0000
v -0.015789 -0.445867 0.273809 0.0000 0.0000 0.0000
v -0.017308 -0.451238 0.276790 0.0000 0.0000 0.0000
v -0.017831 -0.453984 0.278054 0.0000 0.0000 0.0000
v -0.018496 -0.457278 0.279606 0.0000 0.0000 0.0000
v -0.016369 -0.457394 0.280664 0.0000 0.0000 0.0000
v -0.014219 -0.456823 0.282683 0.0000 0.0000 0.0000
v -0.011695 -0.428027 0.262624 0.0000 0.0000 0.0000
v 0.004662 -0.409137 0.255690 0.0000 0.0000 0.0000
v 0.009952 -0.408648 0.256266 0.0000 0.0000 0.0000
v 0.003536 -0.417068 0.258272 0.0000 0.0000 0.0000
v 0.010914 -0.401799 0.254235 0.0000 0.0000 0.0000
v 0.006527 -0.401955 0.254438 0.0000 0.0000 0.0000
v 0.007372 -0.396033 0.252210 0.0000 0.0000 0.0000
v 0.004687 -0.395695 0.252911 0.0000 0.0000 0.0000
v 0.003424 -0.401986 0.254685 0.0000 0.0000 0.0000
v 0.002564 -0.394936 0.254122 0.0000 0.0000 0.0000
v 0.000157 -0.402018 0.254947 0.0000 0.0000 0.0000
v 0.000191 -0.409305 0.255530 0.0000 0.0000 0.0000
v -0.003746 -0.408946 0.256108 0.0000 0.0000 0.0000
v -0.001897 -0.416904 0.257878 0.0000 0.0000 0.0000
v -0.006913 -0.416301 0.258521 0.0000 0.0000 0.0000
v -0.009459 -0.422487 0.260563 0.0000 0.0000 0.0000
v -0.004072 -0.423277 0.259731 0.0000 0.0000 0.0000
v -0.006416 -0.428808 0.262597 0.0000 0.0000 0.0000
v -0.002414 -0.433358 0.267826 0.0000 0.0000 0.0000
v -0.000160 -0.428898 0.264034 0.0000 0.0000 0.0000
v 0.001956 -0.423334 0.260475 0.0000 0.0000 0.0000
v 0.002318 -0.432881 0.271321 0.0000 0.0000 0.0000
v 0.005517 -0.428233 0.266774 0.0000 0.0000 0.0000
v 0.008080 -0.422643 0.262357 0.0000 0.0000 0.0000
v 0.009797 -0.416377 0.259637 0.0000 0.0000 0.0000
v 0.013407 -0.415926 0.260564 0.0000 0.0000 0.0000
v 0.013564 -0.408239 0.256675 0.0000 0.0000 0.0000
v 0.016358 -0.408123 0.257116 0.0000 0.0000 0.0000
v 0.015475 -0.401392 0.254353 0.0000 0.0000 0.0000
v 0.013322 -0.401598 0.254279 0.0000 0.0000 0.0000
v 0.014317 -0.396004 0.251600 0.0000 0.0000 0.0000
v 0.012658 -0.396049 0.251694 0.0000 0.0000 0.0000
v 0.010999 -0.396076 0.251813 0.0000 0.0000 0.0000
v 0.016463 -0.395818 0.251647 0.0000 0.0000 0.0000
v 0.016327 -0.415267 0.261400 0.0000 0.0000 0.0000
v 0.017553 -0.401104 0.254543 0.0000 0.0000 0.0000
v 0.018154 -0.395736 0.251599 0.0000 0.0000 0.0000
v 0.018993 -0.406959 0.258330 0.0000 0.0000 0.0000
v 0.019034 -0.413686 0.263322 0.0000 0.0000 0.0000
v 0.021260 -0.395347 0.251828 0.0000 0.0000 0.0000
v 0.019549 -0.400610 0.255016 0.0000 0.0000 0.0000
v 0.021150 -0.406158 0.259158 0.0000 0.0000 0.0000
v 0.021140 -0.412770 0.264380 0.0000 0.0000 0.0000
v -0.001457 -0.435948 0.284699 0.0000 0.0000 0.0000
v 0.004926 -0.434347 0.284379 0.0000 0.0000 0.0000
v 0.010681 -0.431384 0.280427 0.0000 0.0000 0.0000
v 0.015327 -0.426213 0.274470 0.0000 0.0000 0.0000
v 0.018406 -0.419606 0.267997 0.0000 0.0000 0.0000
v 0.020792 -0.418475 0.269078 0.0000 0.0000 0.0000
v 0.022708 -0.412493 0.264723 0.0000 0.0000 0.0000
v 0.022534 -0.406018 0.259245 0.0000 0.0000 0.0000
v 0.021668 -0.400185 0.255385 0.0000 0.0000 0.0000
v 0.024619 -0.412247 0.264892 0.0000 0.0000 0.0000
v 0.017657 -0.425484 0.276120 0.0000 0.0000 0.0000
v 0.014423 -0.430511 0.283989 0.0000 0.0000 0.0000
v 0.012714 -0.430880 0.282412 0.0000 0.0000 0.0000
v 0.006568 -0.434788 0.288909 0.0000 0.0000 0.0000
v 0.005804 -0.434319 0.286205 0.0000 0.0000 0.0000
v 0.013660 -0.434703 0.289703 0.0000 0.0000 0.0000
v 0.006684 -0.436854 0.291563 0.0000 0.0000 0.0000
v 0.006207 -0.440391 0.295127 0.0000 0.0000 0.0000
v 0.013390 -0.440363 0.294539 0.0000 0.0000 0.0000
v -0.010446 -0.435502 0.287137 0.0000 0.0000 0.0000
v -0.006558 -0.436731 0.285918 0.0000 0.0000 0.0000
v -0.006194 -0.436048 0.287121 0.0000 0.0000 0.0000
v -0.001259 -0.436208 0.287212 0.0000 0.0000 0.0000
v -0.001203 -0.436379 0.289263 0.0000 0.0000 0.0000
v -0.001397 -0.437033 0.291041 0.0000 0.0000 0.0000
v -0.001571 -0.438094 0.293229 0.0000 0.0000 0.0000
v -0.001563 -0.440553 0.295942 0.0000 0.0000 0.0000
v 0.006532 -0.444181 0.298943 0.0000 0.0000 0.0000
v -0.009998 -0.434573 0.288573 0.0000 0.0000 0.0000
v -0.005961 -0.436285 0.288555 0.0000 0.0000 0.0000
v -0.009688 -0.434411 0.289801 0.0000 0.0000 0.0000
v 0.003568 -0.447153 0.302720 0.0000 0.0000 0.0000
v -0.001312 -0.446736 0.302226 0.0000 0.0000 0.0000
v -0.001546 -0.444354 0.299325 0.0000 0.0000 0.0000
v -0.005517 -0.440537 0.296445 0.0000 0.0000 0.0000
v -0.005712 -0.438232 0.294018 0.0000 0.0000 0.0000
v -0.005734 -0.436883 0.291448 0.0000 0.0000 0.0000
v -0.005793 -0.436590 0.290035 0.0000 0.0000 0.0000
v -0.009384 -0.434599 0.291019 0.0000 0.0000 0.0000
v -0.012853 -0.431122 0.290497 0.0000 0.0000 0.0000
v -0.013415 -0.432041 0.288630 0.0000 0.0000 0.0000
v -0.005234 -0.446187 0.302430 0.0000 0.0000 0.0000
v -0.004916 -0.447977 0.304842 0.0000 0.0000 0.0000
v -0.005313 -0.443993 0.300030 0.0000 0.0000 0.0000
v -0.008502 -0.437337 0.295424 0.0000 0.0000 0.0000
v -0.008231 -0.439614 0.297674 0.0000 0.0000 0.0000
v -0.007813 -0.443278 0.301147 0.0000 0.0000 0.0000
v -0.007166 -0.445611 0.303542 0.0000 0.0000 0.0000
v -0.006640 -0.447635 0.305720 0.0000 0.0000 0.0000
v -0.006190 -0.448904 0.306921 0.0000 0.0000 0.0000
v -0.011312 -0.434295 0.298339 0.0000 0.0000 0.0000
v -0.009062 -0.435343 0.292656 0.0000 0.0000 0.0000
v -0.012042 -0.431451 0.295581 0.0000 0.0000 0.0000
v -0.012380 -0.430485 0.292576 0.0000 0.0000 0.0000
v -0.004787 -0.462317 0.321100 0.0000 0.0000 0.0000
v -0.003771 -0.463977 0.318789 0.0000 0.0000 0.0000
v -0.004519 -0.463909 0.322290 0.0000 0.0000 0.0000
v -0.003977 -0.462420 0.317546 0.0000 0.0000 0.0000
v -0.004972 -0.460723 0.319902 0.0000 0.0000 0.0000
v -0.005196 -0.457731 0.317236 0.0000 0.0000 0.0000
v -0.004175 -0.459383 0.314937 0.0000 0.0000 0.0000
v -0.006173 -0.453095 0.313493 0.0000 0.0000 0.0000
v -0.004977 -0.454774 0.311141 0.0000 0.0000 0.0000
v -0.007484 -0.447159 0.309508 0.0000 0.0000 0.0000
v -0.008012 -0.445808 0.308312 0.0000 0.0000 0.0000
v -0.008613 -0.443726 0.306579 0.0000 0.0000 0.0000
v -0.009545 -0.441186 0.304287 0.0000 0.0000 0.0000
v -0.010721 -0.437150 0.300943 0.0000 0.0000 0.0000
v -0.001500 -0.478444 0.331005 0.0000 0.0000 0.0000
v -0.002661 -0.475410 0.331488 0.0000 0.0000 0.0000
v -0.001745 -0.476889 0.329429 0.0000 0.0000 0.0000
v -0.003041 -0.471749 0.328225 0.0000 0.0000 0.0000
v -0.002106 -0.473277 0.326099 0.0000 0.0000 0.0000
v -0.003877 -0.467689 0.325035 0.0000 0.0000 0.0000
v -0.002874 -0.469262 0.322843 0.0000 0.0000 0.0000
v -0.003466 -0.465528 0.320031 0.0000 0.0000 0.0000
v -0.002379 -0.464564 0.317876 0.0000 0.0000 0.0000
v -0.002584 -0.462967 0.316686 0.0000 0.0000 0.0000
v -0.002761 -0.459889 0.314130 0.0000 0.0000 0.0000
v -0.003477 -0.455236 0.310384 0.0000 0.0000 0.0000
v -0.004608 -0.449225 0.306014 0.0000 0.0000 0.0000
v -0.000650 -0.449186 0.305535 0.0000 0.0000 0.0000
v -0.000882 -0.447998 0.304534 0.0000 0.0000 0.0000
v 0.001393 -0.464708 0.317332 0.0000 0.0000 0.0000
v 0.001281 -0.463107 0.316139 0.0000 0.0000 0.0000
v 0.001061 -0.460035 0.313578 0.0000 0.0000 0.0000
v 0.000403 -0.455383 0.309826 0.0000 0.0000 0.0000
v 0.003231 -0.454894 0.310214 0.0000 0.0000 0.0000
v 0.003443 -0.459583 0.313959 0.0000 0.0000 0.0000
v 0.003908 -0.464257 0.317699 0.0000 0.0000 0.0000
v 0.003762 -0.462662 0.316501 0.0000 0.0000 0.0000
v 0.006269 -0.461842 0.317361 0.0000 0.0000 0.0000
v 0.006017 -0.458789 0.314778 0.0000 0.0000 0.0000
v 0.006078 -0.454114 0.310990 0.0000 0.0000 0.0000
v 0.002936 -0.448224 0.305665 0.0000 0.0000 0.0000
v 0.002728 -0.449393 0.306705 0.0000 0.0000 0.0000
v 0.005641 -0.449939 0.308406 0.0000 0.0000 0.0000
v 0.007401 -0.448236 0.312083 0.0000 0.0000 0.0000
v 0.007290 -0.451903 0.313826 0.0000 0.0000 0.0000
v 0.007079 -0.456801 0.317331 0.0000 0.0000 0.0000
v 0.007226 -0.460074 0.319630 0.0000 0.0000 0.0000
v 0.006443 -0.463409 0.318594 0.0000 0.0000 0.0000
v 0.006581 -0.464976 0.319830 0.0000 0.0000 0.0000
v 0.004069 -0.465852 0.318896 0.0000 0.0000 0.0000
v 0.005667 -0.448933 0.307498 0.0000 0.0000 0.0000
v 0.007488 -0.447494 0.311827 0.0000 0.0000 0.0000
v 0.008090 -0.447222 0.312419 0.0000 0.0000 0.0000
v 0.006360 -0.472802 0.325943 0.0000 0.0000 0.0000
v 0.007293 -0.474889 0.331253 0.0000 0.0000 0.0000
v 0.006568 -0.476417 0.329282 0.0000 0.0000 0.0000
v 0.007107 -0.471217 0.327987 0.0000 0.0000 0.0000
v 0.006312 -0.468753 0.322665 0.0000 0.0000 0.0000
v 0.007134 -0.467109 0.324781 0.0000 0.0000 0.0000
v 0.007483 -0.463273 0.322018 0.0000 0.0000 0.0000
v 0.007336 -0.461692 0.320800 0.0000 0.0000 0.0000
v 0.004043 -0.469578 0.321777 0.0000 0.0000 0.0000
v 0.004329 -0.473576 0.325100 0.0000 0.0000 0.0000
v 0.004630 -0.477148 0.328488 0.0000 0.0000 0.0000
v 0.002314 -0.477547 0.328171 0.0000 0.0000 0.0000
v 0.002051 -0.473987 0.324763 0.0000 0.0000 0.0000
v -0.000759 -0.473826 0.325240 0.0000 0.0000 0.0000
v -0.001471 -0.469849 0.321930 0.0000 0.0000 0.0000
v -0.002127 -0.466158 0.319067 0.0000 0.0000 0.0000
v 0.001505 -0.466310 0.318524 0.0000 0.0000 0.0000
v -0.000367 -0.477397 0.328622 0.0000 0.0000 0.0000
v 0.001766 -0.470004 0.321420 0.0000 0.0000 0.0000
v 0.004882 -0.478708 0.330057 0.0000 0.0000 0.0000
v 0.002431 -0.479107 0.329753 0.0000 0.0000 0.0000
v -0.000147 -0.478959 0.330191 0.0000 0.0000 0.0000
v 0.006620 -0.477999 0.330841 0.0000 0.0000 0.0000
v 0.007443 -0.476480 0.332790 0.0000 0.0000 0.0000
v 0.007707 -0.478323 0.334183 0.0000 0.0000 0.0000
v 0.006893 -0.479823 0.332241 0.0000 0.0000 0.0000
v 0.005094 -0.480512 0.331461 0.0000 0.0000 0.0000
v 0.002474 -0.480890 0.331154 0.0000 0.0000 0.0000
v -0.000114 -0.480730 0.331567 0.0000 0.0000 0.0000
v -0.001488 -0.480199 0.332380 0.0000 0.0000 0.0000
v -0.002474 -0.478778 0.334351 0.0000 0.0000 0.0000
v -0.002500 -0.477000 0.333025 0.0000 0.0000 0.0000
v 0.036965 -0.484366 0.345139 0.0000 0.0000 0.0000
v 0.036710 -0.487372 0.347688 0.0000 0.0000 0.0000
v 0.036585 -0.487155 0.347294 0.0000 0.0000 0.0000
v 0.036471 -0.483970 0.345718 0.0000 0.0000 0.0000
v 0.036575 -0.481261 0.343138 0.0000 0.0000 0.0000
v 0.036004 -0.479867 0.342691 0.0000 0.0000 0.0000
v 0.034903 -0.478896 0.342670 0.0000 0.0000 0.0000
v 0.035351 -0.483683 0.346216 0.0000 0.0000 0.0000
v 0.032993 -0.478502 0.342684 0.0000 0.0000 0.0000
v 0.033357 -0.483635 0.346477 0.0000 0.0000 0.0000
v 0.031205 -0.479075 0.342737 0.0000 0.0000 0.0000
v 0.031608 -0.483900 0.346295 0.0000 0.0000 0.0000
v 0.030408 -0.480307 0.342955 0.0000 0.0000 0.0000
v 0.030760 -0.484273 0.345881 0.0000 0.0000 0.0000
v 0.031105 -0.487488 0.347925 0.0000 0.0000 0.0000
v 0.030333 -0.484799 0.345219 0.0000 0.0000 0.0000
v 0.031130 -0.487402 0.347426 0.0000 0.0000 0.0000
v 0.030156 -0.481669 0.343237 0.0000 0.0000 0.0000
v 0.035645 -0.488447 0.349049 0.0000 0.0000 0.0000
v 0.033701 -0.488762 0.349566 0.0000 0.0000 0.0000
v 0.031926 -0.488451 0.349042 0.0000 0.0000 0.0000
v 0.031105 -0.487488 0.347925 0.0000 0.0000 0.0000
v 0.031926 -0.488451 0.349042 0.0000 0.0000 0.0000
v 0.032073 -0.488220 0.348361 0.0000 0.0000 0.0000
v 0.032073 -0.488220 0.348361 0.0000 0.0000 0.0000
v 0.033701 -0.488762 0.349566 0.0000 0.0000 0.0000
v 0.033670 -0.488451 0.348803 0.0000 0.0000 0.0000
v 0.035645 -0.488447 0.349049 0.0000 0.0000 0.0000
v 0.035602 -0.488088 0.348280 0.0000 0.0000 0.0000
v 0.035602 -0.488088 0.348280 0.0000 0.0000 0.0000
v 0.036710 -0.487372 0.347688 0.0000 0.0000 0.0000
v 0.036585 -0.487155 0.347294 0.0000 0.0000 0.0000
v 0.017888 -0.391794 0.249154 0.0000 0.0000 0.0000
v 0.021260 -0.395347 0.251828 0.0000 0.0000 0.0000
v 0.018154 -0.395736 0.251599 0.0000 0.0000 0.0000
v 0.023790 -0.394994 0.252062 0.0000 0.0000 0.0000
v 0.023109 -0.391222 0.249429 0.0000 0.0000 0.0000
v 0.017659 -0.388263 0.247917 0.0000 0.0000 0.0000
v 0.022100 -0.387899 0.247988 0.0000 0.0000 0.0000
v 0.017399 -0.383654 0.245797 1.0000 0.0000 0.0000
v 0.021390 -0.383312 0.245876 1.0000 0.0000 0.0000
v 0.017159 -0.379209 0.243647 1.0000 0.0000 0.0000
v 0.020808 -0.378873 0.243753 1.0000 0.0000 0.0000
v 0.026463 -0.394532 0.252429 0.0000 0.0000 0.0000
v 0.031541 -0.389298 0.251208 0.0000 0.0000 0.0000
v 0.026839 -0.390662 0.249828 0.0000 0.0000 0.0000
v 0.029108 -0.393767 0.253203 0.0000 0.0000 0.0000
v 0.031859 -0.393118 0.253812 0.0000 0.0000 0.0000
v 0.035280 -0.390803 0.256580 0.0000 0.0000 0.0000
v 0.034647 -0.386804 0.254246 0.0000 0.0000 0.0000
v 0.037682 -0.388119 0.259936 0.0000 0.0000 0.0000
v 0.036912 -0.384192 0.257519 0.0000 0.0000 0.0000
v 0.038572 -0.384876 0.264180 0.0000 0.0000 0.0000
v 0.037682 -0.381214 0.261420 0.0000 0.0000 0.0000
v 0.034939 -0.381062 0.255908 0.0000 0.0000 0.0000
v 0.032883 -0.383538 0.252797 0.0000 0.0000 0.0000
v 0.030809 -0.379405 0.250211 1.0000 0.0000 0.0000
v 0.030175 -0.385924 0.249869 0.0000 0.0000 0.0000
v 0.028837 -0.381474 0.247648 1.0000 0.0000 0.0000
v 0.037654 -0.382437 0.267520 0.0000 0.0000 0.0000
v 0.028968 -0.375238 0.247840 1.0000 0.0000 0.0000
v 0.027335 -0.377129 0.245489 1.0000 0.0000 0.0000
v 0.033092 -0.376859 0.253389 1.0000 0.0000 0.0000
v 0.035652 -0.378491 0.259271 0.0000 0.0000 0.0000
v 0.036901 -0.378767 0.264757 0.0000 0.0000 0.0000
v 0.034243 -0.376601 0.267896 0.0000 0.0000 0.0000
v 0.034767 -0.380283 0.270662 0.0000 0.0000 0.0000
v 0.029956 -0.375042 0.270375 0.0000 0.0000 0.0000
v 0.030336 -0.378732 0.273145 0.0000 0.0000 0.0000
v 0.023890 -0.374128 0.272161 0.0000 0.0000 0.0000
v 0.024476 -0.377807 0.274926 0.0000 0.0000 0.0000
v 0.017330 -0.373661 0.273396 0.0000 0.0000 0.0000
v 0.017591 -0.377436 0.276065 0.0000 0.0000 0.0000
v 0.012148 -0.374106 0.273286 0.0000 0.0000 0.0000
v 0.012215 -0.377949 0.275882 0.0000 0.0000 0.0000
v 0.031130 -0.372934 0.250708 1.0000 0.0000 0.0000
v 0.033630 -0.374667 0.256269 1.0000 0.0000 0.0000
v 0.034936 -0.376230 0.262354 0.0000 0.0000 0.0000
v 0.032490 -0.374228 0.265253 0.0000 0.0000 0.0000
v 0.028568 -0.372842 0.267469 0.0000 0.0000 0.0000
v 0.022684 -0.372013 0.269123 0.0000 0.0000 0.0000
v 0.017144 -0.371527 0.270290 0.0000 0.0000 0.0000
v 0.012474 -0.371864 0.270277 0.0000 0.0000 0.0000
v 0.007444 -0.375047 0.272470 0.0000 0.0000 0.0000
v 0.008412 -0.372811 0.269392 0.0000 0.0000 0.0000
v 0.003689 -0.376510 0.270869 0.0000 0.0000 0.0000
v 0.031800 -0.370945 0.253305 1.0000 0.0000 0.0000
v 0.032871 -0.372616 0.259092 1.0000 0.0000 0.0000
v 0.030545 -0.370794 0.261741 1.0000 0.0000 0.0000
v 0.026735 -0.369539 0.263767 1.0000 0.0000 0.0000
v 0.021516 -0.368771 0.265272 1.0000 0.0000 0.0000
v 0.016928 -0.368352 0.266258 1.0000 0.0000 0.0000
v 0.012780 -0.368620 0.266288 1.0000 0.0000 0.0000
v 0.009177 -0.369459 0.265503 1.0000 0.0000 0.0000
v 0.005098 -0.374153 0.267910 0.0000 0.0000 0.0000
v 0.006320 -0.370675 0.264147 1.0000 0.0000 0.0000
v 0.002238 -0.375919 0.265822 0.0000 0.0000 0.0000
v 0.030955 -0.369103 0.255857 1.0000 0.0000 0.0000
v 0.028729 -0.367466 0.258251 1.0000 0.0000 0.0000
v 0.024925 -0.366445 0.259960 1.0000 0.0000 0.0000
v 0.020655 -0.365640 0.261425 1.0000 0.0000 0.0000
v 0.016731 -0.365270 0.262285 1.0000 0.0000 0.0000
v 0.012988 -0.365470 0.262370 1.0000 0.0000 0.0000
v 0.009919 -0.366239 0.261627 1.0000 0.0000 0.0000
v 0.007259 -0.367425 0.260287 1.0000 0.0000 0.0000
v 0.003554 -0.372295 0.262243 1.0000 0.0000 0.0000
v 0.005035 -0.368777 0.258686 1.0000 0.0000 0.0000
v 0.001703 -0.374353 0.259674 1.0000 0.0000 0.0000
v 0.003279 -0.370640 0.256370 1.0000 0.0000 0.0000
v -0.000093 -0.378188 0.263013 0.0000 0.0000 0.0000
v -0.000731 -0.380524 0.259955 0.0000 0.0000 0.0000
v 0.001135 -0.376486 0.256883 1.0000 0.0000 0.0000
v 0.002649 -0.372577 0.253855 1.0000 0.0000 0.0000
v 0.000672 -0.378477 0.268527 0.0000 0.0000 0.0000
v -0.001868 -0.380934 0.265486 0.0000 0.0000 0.0000
v -0.002663 -0.383469 0.262178 0.0000 0.0000 0.0000
v -0.001525 -0.386340 0.258242 0.0000 0.0000 0.0000
v 0.000059 -0.383011 0.256564 0.0000 0.0000 0.0000
v 0.001834 -0.378611 0.253981 1.0000 0.0000 0.0000
v 0.003397 -0.374487 0.251232 1.0000 0.0000 0.0000
v 0.007344 -0.378765 0.275248 0.0000 0.0000 0.0000
v 0.003315 -0.380243 0.273653 0.0000 0.0000 0.0000
v 0.000061 -0.382223 0.271315 0.0000 0.0000 0.0000
v -0.002318 -0.384671 0.268271 0.0000 0.0000 0.0000
v -0.003270 -0.387215 0.264966 0.0000 0.0000 0.0000
v -0.002337 -0.390583 0.260386 0.0000 0.0000 0.0000
v 0.000296 -0.388724 0.254892 0.0000 0.0000 0.0000
v 0.002056 -0.385193 0.253467 0.0000 0.0000 0.0000
v 0.003819 -0.380913 0.250719 1.0000 0.0000 0.0000
v 0.006437 -0.387255 0.250319 0.0000 0.0000 0.0000
v 0.007669 -0.382652 0.248042 1.0000 0.0000 0.0000
v 0.005003 -0.390782 0.251707 0.0000 0.0000 0.0000
v -0.000713 -0.393666 0.256122 0.0000 0.0000 0.0000
v 0.002564 -0.394936 0.254122 0.0000 0.0000 0.0000
v 0.004687 -0.395695 0.252911 0.0000 0.0000 0.0000
v 0.007372 -0.396033 0.252210 0.0000 0.0000 0.0000
v 0.010891 -0.391921 0.249638 0.0000 0.0000 0.0000
v 0.010999 -0.396076 0.251813 0.0000 0.0000 0.0000
v 0.012658 -0.396049 0.251694 0.0000 0.0000 0.0000
v 0.005274 -0.376560 0.248284 1.0000 0.0000 0.0000
v 0.008532 -0.378169 0.245834 1.0000 0.0000 0.0000
v 0.012223 -0.379012 0.244381 1.0000 0.0000 0.0000
v 0.011802 -0.383495 0.246551 1.0000 0.0000 0.0000
v 0.014520 -0.383703 0.246011 1.0000 0.0000 0.0000
v 0.014288 -0.388337 0.248135 0.0000 0.0000 0.0000
v 0.011593 -0.388163 0.248625 0.0000 0.0000 0.0000
v 0.013975 -0.391862 0.249429 0.0000 0.0000 0.0000
v 0.014626 -0.379223 0.243873 1.0000 0.0000 0.0000
v 0.017888 -0.391794 0.249154 0.0000 0.0000 0.0000
v 0.014317 -0.396004 0.251600 0.0000 0.0000 0.0000
v 0.016463 -0.395818 0.251647 0.0000 0.0000 0.0000
v 0.018154 -0.395736 0.251599 0.0000 0.0000 0.0000
v 0.000120 -0.438469 0.315238 0.0000 0.0000 0.0000
v -0.004355 -0.439718 0.313873 0.0000 0.0000 0.0000
v 0.000115 -0.440099 0.315887 0.0000 0.0000 0.0000
v -0.009545 -0.441186 0.304287 0.0000 0.0000 0.0000
v -0.008613 -0.443726 0.306579 0.0000 0.0000 0.0000
v -0.007222 -0.440485 0.310372 0.0000 0.0000 0.0000
v 0.004022 -0.441379 0.315597 0.0000 0.0000 0.0000
v 0.000490 -0.447589 0.320217 0.0000 0.0000 0.0000
v 0.004306 -0.447959 0.319366 0.0000 0.0000 0.0000
v 0.000831 -0.452554 0.323579 0.0000 0.0000 0.0000
v 0.003954 -0.452919 0.322801 0.0000 0.0000 0.0000
v 0.001060 -0.455922 0.325745 0.0000 0.0000 0.0000
v 0.003930 -0.456258 0.325029 0.0000 0.0000 0.0000
v 0.001172 -0.457535 0.326922 0.0000 0.0000 0.0000
v 0.004006 -0.457904 0.326166 0.0000 0.0000 0.0000
v -0.008012 -0.445808 0.308312 0.0000 0.0000 0.0000
v 0.006857 -0.449227 0.317436 0.0000 0.0000 0.0000
v 0.006295 -0.454225 0.320840 0.0000 0.0000 0.0000
v 0.006364 -0.457584 0.323033 0.0000 0.0000 0.0000
v 0.006465 -0.459199 0.324208 0.0000 0.0000 0.0000
v 0.006596 -0.460775 0.325433 0.0000 0.0000 0.0000
v 0.004127 -0.459512 0.327348 0.0000 0.0000 0.0000
v 0.004093 -0.463668 0.329656 0.0000 0.0000 0.0000
v 0.007290 -0.451903 0.313826 0.0000 0.0000 0.0000
v 0.007079 -0.456801 0.317331 0.0000 0.0000 0.0000
v 0.007226 -0.460074 0.319630 0.0000 0.0000 0.0000
v 0.007336 -0.461692 0.320800 0.0000 0.0000 0.0000
v 0.007483 -0.463273 0.322018 0.0000 0.0000 0.0000
v 0.006320 -0.464797 0.327942 0.0000 0.0000 0.0000
v 0.004355 -0.468097 0.332407 0.0000 0.0000 0.0000
v 0.006358 -0.469091 0.330892 0.0000 0.0000 0.0000
v 0.004652 -0.472099 0.335221 0.0000 0.0000 0.0000
v 0.006554 -0.472952 0.333906 0.0000 0.0000 0.0000
v 0.006618 -0.474588 0.335391 0.0000 0.0000 0.0000
v 0.007293 -0.474889 0.331253 0.0000 0.0000 0.0000
v 0.007107 -0.471217 0.327987 0.0000 0.0000 0.0000
v 0.007134 -0.467109 0.324781 0.0000 0.0000 0.0000
v 0.007443 -0.476480 0.332790 0.0000 0.0000 0.0000
v 0.007707 -0.478323 0.334183 0.0000 0.0000 0.0000
v 0.006885 -0.476421 0.336787 0.0000 0.0000 0.0000
v 0.004831 -0.473779 0.336637 0.0000 0.0000 0.0000
v 0.001286 -0.459193 0.328038 0.0000 0.0000 0.0000
v 0.001562 -0.463385 0.330269 0.0000 0.0000 0.0000
v 0.001863 -0.467865 0.332948 0.0000 0.0000 0.0000
v 0.002141 -0.471922 0.335693 0.0000 0.0000 0.0000
v 0.002263 -0.473625 0.337083 0.0000 0.0000 0.0000
v 0.005151 -0.475650 0.337952 0.0000 0.0000 0.0000
v 0.005549 -0.479543 0.339878 0.0000 0.0000 0.0000
v 0.004243 -0.478931 0.340078 0.0000 0.0000 0.0000
v 0.005129 -0.480627 0.340203 0.0000 0.0000 0.0000
v 0.004325 -0.479811 0.340118 0.0000 0.0000 0.0000
v 0.002641 -0.479455 0.340207 0.0000 0.0000 0.0000
v 0.002600 -0.478695 0.340294 0.0000 0.0000 0.0000
v 0.006966 -0.482215 0.340318 0.0000 0.0000 0.0000
v 0.005842 -0.482070 0.340610 0.0000 0.0000 0.0000
v -0.001170 -0.463983 0.329727 0.0000 0.0000 0.0000
v -0.001666 -0.459863 0.327421 0.0000 0.0000 0.0000
v -0.000545 -0.468385 0.332479 0.0000 0.0000 0.0000
v -0.000202 -0.472379 0.335301 0.0000 0.0000 0.0000
v 0.002309 -0.475525 0.338338 0.0000 0.0000 0.0000
v -0.000097 -0.474067 0.336714 0.0000 0.0000 0.0000
v -0.001800 -0.473325 0.334188 0.0000 0.0000 0.0000
v -0.002134 -0.469508 0.331130 0.0000 0.0000 0.0000
v -0.002857 -0.465288 0.328144 0.0000 0.0000 0.0000
v -0.003376 -0.461346 0.325602 0.0000 0.0000 0.0000
v -0.003592 -0.459734 0.324433 0.0000 0.0000 0.0000
v -0.001917 -0.458241 0.326268 0.0000 0.0000 0.0000
v 0.001089 -0.479039 0.340158 0.0000 0.0000 0.0000
v -0.000112 -0.475885 0.338042 0.0000 0.0000 0.0000
v -0.001549 -0.474962 0.335655 0.0000 0.0000 0.0000
v -0.002500 -0.477000 0.333025 0.0000 0.0000 0.0000
v -0.002661 -0.475410 0.331488 0.0000 0.0000 0.0000
v -0.003041 -0.471749 0.328225 0.0000 0.0000 0.0000
v -0.003877 -0.467689 0.325035 0.0000 0.0000 0.0000
v -0.004519 -0.463909 0.322290 0.0000 0.0000 0.0000
v -0.004787 -0.462317 0.321100 0.0000 0.0000 0.0000
v -0.003846 -0.458164 0.323212 0.0000 0.0000 0.0000
v -0.001508 -0.476773 0.336961 0.0000 0.0000 0.0000
v -0.002474 -0.478778 0.334351 0.0000 0.0000 0.0000
v -0.000187 -0.479760 0.340027 0.0000 0.0000 0.0000
v 0.001083 -0.479918 0.340203 0.0000 0.0000 0.0000
v 0.000131 -0.480862 0.340392 0.0000 0.0000 0.0000
v -0.000312 -0.482316 0.340738 0.0000 0.0000 0.0000
v -0.004972 -0.460723 0.319902 0.0000 0.0000 0.0000
v -0.004036 -0.455045 0.320711 0.0000 0.0000 0.0000
v -0.005196 -0.457731 0.317236 0.0000 0.0000 0.0000
v -0.006173 -0.453095 0.313493 0.0000 0.0000 0.0000
v -0.004834 -0.450352 0.317027 0.0000 0.0000 0.0000
v -0.003167 -0.448522 0.319312 0.0000 0.0000 0.0000
v -0.002345 -0.453357 0.322806 0.0000 0.0000 0.0000
v -0.002121 -0.456620 0.325111 0.0000 0.0000 0.0000
v -0.004223 -0.441262 0.314913 0.0000 0.0000 0.0000
v -0.006067 -0.443550 0.312631 0.0000 0.0000 0.0000
v -0.007484 -0.447159 0.309508 0.0000 0.0000 0.0000
v -0.006558 -0.442125 0.311595 0.0000 0.0000 0.0000
v 0.005129 -0.480627 0.340203 0.0000 0.0000 0.0000
v 0.005562 -0.484610 0.343215 0.0000 0.0000 0.0000
v 0.005842 -0.482070 0.340610 0.0000 0.0000 0.0000
v 0.004675 -0.484381 0.343592 0.0000 0.0000 0.0000
v 0.005737 -0.487686 0.344970 0.0000 0.0000 0.0000
v 0.004780 -0.488940 0.346274 0.0000 0.0000 0.0000
v -0.026938 -0.465376 0.291575 0.0000 0.0000 0.0000
v -0.027440 -0.468436 0.292674 0.0000 0.0000 0.0000
v -0.026871 -0.467247 0.293469 0.0000 0.0000 0.0000
v -0.027642 -0.469229 0.291444 0.0000 0.0000 0.0000
v -0.027102 -0.465932 0.290261 0.0000 0.0000 0.0000
v -0.026970 -0.466583 0.288866 0.0000 0.0000 0.0000
v -0.027469 -0.469556 0.290160 0.0000 0.0000 0.0000
v -0.026928 -0.469421 0.288589 0.0000 0.0000 0.0000
v -0.026328 -0.467293 0.287565 0.0000 0.0000 0.0000
v -0.025233 -0.467833 0.286722 0.0000 0.0000 0.0000
v -0.026442 -0.469099 0.288635 0.0000 0.0000 0.0000
v -0.026367 -0.467054 0.293213 0.0000 0.0000 0.0000
v -0.025116 -0.464772 0.293826 0.0000 0.0000 0.0000
v -0.026265 -0.464879 0.292984 0.0000 0.0000 0.0000
v -0.025498 -0.462327 0.292023 0.0000 0.0000 0.0000
v -0.026197 -0.462305 0.290372 0.0000 0.0000 0.0000
v -0.026218 -0.462828 0.288897 0.0000 0.0000 0.0000
v -0.026252 -0.463663 0.287323 0.0000 0.0000 0.0000
v -0.025587 -0.464807 0.286309 0.0000 0.0000 0.0000
v -0.024501 -0.466012 0.285618 0.0000 0.0000 0.0000
v -0.024388 -0.462668 0.293258 0.0000 0.0000 0.0000
v -0.026928 -0.469421 0.288589 0.0000 0.0000 0.0000
v -0.027469 -0.469556 0.290160 0.0000 0.0000 0.0000
v -0.026772 -0.469058 0.290065 0.0000 0.0000 0.0000
v -0.027440 -0.468436 0.292674 0.0000 0.0000 0.0000
v -0.026731 -0.468029 0.292367 0.0000 0.0000 0.0000
v -0.026871 -0.467247 0.293469 0.0000 0.0000 0.0000
v -0.026772 -0.469058 0.290065 0.0000 0.0000 0.0000
v -0.027642 -0.469229 0.291444 0.0000 0.0000 0.0000
v -0.026967 -0.468823 0.291233 0.0000 0.0000 0.0000
v -0.026731 -0.468029 0.292367 0.0000 0.0000 0.0000
v -0.020354 -0.433748 0.281698 0.0000 0.0000 0.0000
v -0.017216 -0.434864 0.285060 0.0000 0.0000 0.0000
v -0.019084 -0.429855 0.282191 0.0000 0.0000 0.0000
v -0.018083 -0.437376 0.284966 0.0000 0.0000 0.0000
v -0.015750 -0.426138 0.265220 0.0000 0.0000 0.0000
v -0.016623 -0.418201 0.268323 0.0000 0.0000 0.0000
v -0.013732 -0.420428 0.263302 0.0000 0.0000 0.0000
v -0.018958 -0.422924 0.269993 0.0000 0.0000 0.0000
v -0.020335 -0.426568 0.270990 0.0000 0.0000 0.0000
v -0.018911 -0.420165 0.277368 0.0000 0.0000 0.0000
v -0.020599 -0.424646 0.277273 0.0000 0.0000 0.0000
v -0.017889 -0.426235 0.282992 0.0000 0.0000 0.0000
v -0.021496 -0.428563 0.277040 0.0000 0.0000 0.0000
v -0.022172 -0.433224 0.277594 0.0000 0.0000 0.0000
v -0.020998 -0.437313 0.282067 0.0000 0.0000 0.0000
v -0.021878 -0.441709 0.282815 0.0000 0.0000 0.0000
v -0.019283 -0.441300 0.285326 0.0000 0.0000 0.0000
v -0.013920 -0.417651 0.285910 0.0000 0.0000 0.0000
v -0.016963 -0.415235 0.276142 0.0000 0.0000 0.0000
v -0.016479 -0.422354 0.283648 0.0000 0.0000 0.0000
v -0.015617 -0.429334 0.286936 0.0000 0.0000 0.0000
v -0.016464 -0.432280 0.285880 0.0000 0.0000 0.0000
v -0.014483 -0.435991 0.286347 0.0000 0.0000 0.0000
v -0.015026 -0.438521 0.286405 0.0000 0.0000 0.0000
v -0.015504 -0.441414 0.286792 0.0000 0.0000 0.0000
v -0.020116 -0.445769 0.286845 0.0000 0.0000 0.0000
v -0.022364 -0.446477 0.284295 0.0000 0.0000 0.0000
v -0.023221 -0.447435 0.281827 0.0000 0.0000 0.0000
v -0.023846 -0.450263 0.282981 0.0000 0.0000 0.0000
v -0.022595 -0.448674 0.279454 0.0000 0.0000 0.0000
v -0.023012 -0.449306 0.285448 0.0000 0.0000 0.0000
v -0.021962 -0.443371 0.276752 0.0000 0.0000 0.0000
v -0.016559 -0.445917 0.288011 0.0000 0.0000 0.0000
v -0.020709 -0.448614 0.287980 0.0000 0.0000 0.0000
v -0.023895 -0.452657 0.286971 0.0000 0.0000 0.0000
v -0.024678 -0.453619 0.284513 0.0000 0.0000 0.0000
v -0.023218 -0.451511 0.280567 0.0000 0.0000 0.0000
v -0.024040 -0.454873 0.282064 0.0000 0.0000 0.0000
v -0.017227 -0.448836 0.289077 0.0000 0.0000 0.0000
v -0.021611 -0.451971 0.289490 0.0000 0.0000 0.0000
v -0.018020 -0.452189 0.290571 0.0000 0.0000 0.0000
v -0.018418 -0.436549 0.269716 0.0000 0.0000 0.0000
v -0.021107 -0.430296 0.271964 0.0000 0.0000 0.0000
v -0.017688 -0.432671 0.267858 0.0000 0.0000 0.0000
v -0.021431 -0.434600 0.273540 0.0000 0.0000 0.0000
v -0.021350 -0.438726 0.275023 0.0000 0.0000 0.0000
v -0.019002 -0.440391 0.271872 0.0000 0.0000 0.0000
v -0.019825 -0.444713 0.274342 0.0000 0.0000 0.0000
v -0.020587 -0.450138 0.277314 0.0000 0.0000 0.0000
v -0.021197 -0.452857 0.278608 0.0000 0.0000 0.0000
v -0.021960 -0.456174 0.280167 0.0000 0.0000 0.0000
v -0.018496 -0.457278 0.279606 0.0000 0.0000 0.0000
v -0.017831 -0.453984 0.278054 0.0000 0.0000 0.0000
v -0.017308 -0.451238 0.276790 0.0000 0.0000 0.0000
v -0.015789 -0.445867 0.273809 0.0000 0.0000 0.0000
v -0.014721 -0.441703 0.271114 0.0000 0.0000 0.0000
v -0.014147 -0.438318 0.268793 0.0000 0.0000 0.0000
v -0.013533 -0.435213 0.266564 0.0000 0.0000 0.0000
v -0.016854 -0.429715 0.266535 0.0000 0.0000 0.0000
v -0.012678 -0.431760 0.264591 0.0000 0.0000 0.0000
v -0.022302 -0.437742 0.278448 0.0000 0.0000 0.0000
v -0.022696 -0.442439 0.279762 0.0000 0.0000 0.0000
v -0.011695 -0.428027 0.262624 0.0000 0.0000 0.0000
v -0.009459 -0.422487 0.260563 0.0000 0.0000 0.0000
v -0.010854 -0.414490 0.261638 0.0000 0.0000 0.0000
v -0.006913 -0.416301 0.258521 0.0000 0.0000 0.0000
v -0.003746 -0.408946 0.256108 0.0000 0.0000 0.0000
v -0.006858 -0.406828 0.259118 0.0000 0.0000 0.0000
v -0.003052 -0.400276 0.257571 0.0000 0.0000 0.0000
v -0.004668 -0.396864 0.262274 0.0000 0.0000 0.0000
v -0.002337 -0.390583 0.260386 0.0000 0.0000 0.0000
v -0.005097 -0.393692 0.266546 0.0000 0.0000 0.0000
v -0.003270 -0.387215 0.264966 0.0000 0.0000 0.0000
v -0.003669 -0.389573 0.271907 0.0000 0.0000 0.0000
v -0.002318 -0.384671 0.268271 0.0000 0.0000 0.0000
v 0.000061 -0.382223 0.271315 0.0000 0.0000 0.0000
v -0.000714 -0.386986 0.275083 0.0000 0.0000 0.0000
v 0.002507 -0.385115 0.277279 0.0000 0.0000 0.0000
v 0.003315 -0.380243 0.273653 0.0000 0.0000 0.0000
v -0.000713 -0.393666 0.256122 0.0000 0.0000 0.0000
v 0.000157 -0.402018 0.254947 0.0000 0.0000 0.0000
v 0.002564 -0.394936 0.254122 0.0000 0.0000 0.0000
v -0.012801 -0.411697 0.266114 0.0000 0.0000 0.0000
v -0.013652 -0.408396 0.272530 0.0000 0.0000 0.0000
v -0.009188 -0.400199 0.268662 0.0000 0.0000 0.0000
v -0.010353 -0.404745 0.278509 0.0000 0.0000 0.0000
v -0.006888 -0.396224 0.276346 0.0000 0.0000 0.0000
v -0.004726 -0.394630 0.280467 0.0000 0.0000 0.0000
v -0.008483 -0.403807 0.263219 0.0000 0.0000 0.0000
v -0.012635 -0.410794 0.282032 0.0000 0.0000 0.0000
v -0.006467 -0.401702 0.283086 0.0000 0.0000 0.0000
v -0.000007 -0.393368 0.282741 0.0000 0.0000 0.0000
v -0.001015 -0.399452 0.287387 0.0000 0.0000 0.0000
v -0.008246 -0.407922 0.287262 0.0000 0.0000 0.0000
v -0.009438 -0.414039 0.291492 0.0000 0.0000 0.0000
v -0.013551 -0.424961 0.290991 0.0000 0.0000 0.0000
v -0.014569 -0.426936 0.288354 0.0000 0.0000 0.0000
v -0.012853 -0.431122 0.290497 0.0000 0.0000 0.0000
v -0.013415 -0.432041 0.288630 0.0000 0.0000 0.0000
v -0.014030 -0.433818 0.286988 0.0000 0.0000 0.0000
v -0.012380 -0.430485 0.292576 0.0000 0.0000 0.0000
v -0.010676 -0.422948 0.296756 0.0000 0.0000 0.0000
v -0.002481 -0.411316 0.295898 0.0000 0.0000 0.0000
v -0.001890 -0.405337 0.291417 0.0000 0.0000 0.0000
v -0.012042 -0.431451 0.295581 0.0000 0.0000 0.0000
v -0.011312 -0.434295 0.298339 0.0000 0.0000 0.0000
v 0.012581 -0.383051 0.279091 0.0000 0.0000 0.0000
v 0.007344 -0.378765 0.275248 0.0000 0.0000 0.0000
v 0.007163 -0.384113 0.278180 0.0000 0.0000 0.0000
v 0.006453 -0.391947 0.284335 0.0000 0.0000 0.0000
v 0.006125 -0.398039 0.288884 0.0000 0.0000 0.0000
v 0.005781 -0.403608 0.292774 0.0000 0.0000 0.0000
v 0.005597 -0.409997 0.297102 0.0000 0.0000 0.0000
v -0.003167 -0.418096 0.300672 0.0000 0.0000 0.0000
v -0.009763 -0.429818 0.301899 0.0000 0.0000 0.0000
v -0.010721 -0.437150 0.300943 0.0000 0.0000 0.0000
v -0.002597 -0.425237 0.305861 0.0000 0.0000 0.0000
v 0.012224 -0.390770 0.285210 0.0000 0.0000 0.0000
v 0.012275 -0.396812 0.289306 0.0000 0.0000 0.0000
v 0.018958 -0.395972 0.289141 0.0000 0.0000 0.0000
v 0.018551 -0.390022 0.285180 0.0000 0.0000 0.0000
v 0.017793 -0.382480 0.279366 0.0000 0.0000 0.0000
v 0.024951 -0.382648 0.278474 0.0000 0.0000 0.0000
v 0.032017 -0.389416 0.281328 0.0000 0.0000 0.0000
v 0.030837 -0.383531 0.276746 0.0000 0.0000 0.0000
v 0.026322 -0.388986 0.283219 0.0000 0.0000 0.0000
v 0.026729 -0.395500 0.287881 0.0000 0.0000 0.0000
v 0.019329 -0.401370 0.292830 0.0000 0.0000 0.0000
v 0.012471 -0.402273 0.293089 0.0000 0.0000 0.0000
v 0.012638 -0.408527 0.297586 0.0000 0.0000 0.0000
v 0.033148 -0.396133 0.285621 0.0000 0.0000 0.0000
v 0.027150 -0.401034 0.291703 0.0000 0.0000 0.0000
v 0.027576 -0.407130 0.296066 0.0000 0.0000 0.0000
v 0.019772 -0.407773 0.297357 0.0000 0.0000 0.0000
v 0.044718 -0.410270 0.289058 0.0000 0.0000 0.0000
v 0.041664 -0.414971 0.296432 0.0000 0.0000 0.0000
v 0.046179 -0.416555 0.293897 0.0000 0.0000 0.0000
v 0.040528 -0.408421 0.291917 0.0000 0.0000 0.0000
v 0.043125 -0.404448 0.284640 0.0000 0.0000 0.0000
v 0.039253 -0.402449 0.287669 0.0000 0.0000 0.0000
v 0.038277 -0.397109 0.283840 0.0000 0.0000 0.0000
v 0.037266 -0.391004 0.278720 0.0000 0.0000 0.0000
v 0.035961 -0.384936 0.274393 0.0000 0.0000 0.0000
v 0.030336 -0.378732 0.273145 0.0000 0.0000 0.0000
v 0.024476 -0.377807 0.274926 0.0000 0.0000 0.0000
v 0.017591 -0.377436 0.276065 0.0000 0.0000 0.0000
v 0.012215 -0.377949 0.275882 0.0000 0.0000 0.0000
v 0.034767 -0.380283 0.270662 0.0000 0.0000 0.0000
v 0.037654 -0.382437 0.267520 0.0000 0.0000 0.0000
v 0.038961 -0.393251 0.263021 0.0000 0.0000 0.0000
v 0.041226 -0.395988 0.271701 0.0000 0.0000 0.0000
v 0.040971 -0.399148 0.267509 0.0000 0.0000 0.0000
v 0.039787 -0.390019 0.267255 0.0000 0.0000 0.0000
v 0.037682 -0.388119 0.259936 0.0000 0.0000 0.0000
v 0.038572 -0.384876 0.264180 0.0000 0.0000 0.0000
v 0.038958 -0.387191 0.271106 0.0000 0.0000 0.0000
v 0.040374 -0.393148 0.275570 0.0000 0.0000 0.0000
v 0.042049 -0.399257 0.280623 0.0000 0.0000 0.0000
v 0.043080 -0.402253 0.276530 0.0000 0.0000 0.0000
v 0.044282 -0.407290 0.280740 0.0000 0.0000 0.0000
v 0.044727 -0.410811 0.276001 0.0000 0.0000 0.0000
v 0.046074 -0.413079 0.285185 0.0000 0.0000 0.0000
v 0.046260 -0.416400 0.280738 0.0000 0.0000 0.0000
v 0.047867 -0.422202 0.286205 0.0000 0.0000 0.0000
v 0.043399 -0.405625 0.272001 0.0000 0.0000 0.0000
v 0.047732 -0.419167 0.290267 0.0000 0.0000 0.0000
v 0.048939 -0.425306 0.294641 0.0000 0.0000 0.0000
v 0.049052 -0.427661 0.291489 0.0000 0.0000 0.0000
v 0.049617 -0.430551 0.294108 0.0000 0.0000 0.0000
v 0.050378 -0.447657 0.308789 0.0000 0.0000 0.0000
v 0.049901 -0.448799 0.313154 0.0000 0.0000 0.0000
v 0.050762 -0.450303 0.311068 0.0000 0.0000 0.0000
v 0.049632 -0.445889 0.311216 0.0000 0.0000 0.0000
v 0.050450 -0.443723 0.305680 0.0000 0.0000 0.0000
v 0.049597 -0.441856 0.308250 0.0000 0.0000 0.0000
v 0.050408 -0.438516 0.301324 0.0000 0.0000 0.0000
v 0.049915 -0.436666 0.304150 0.0000 0.0000 0.0000
v 0.050373 -0.437026 0.300021 0.0000 0.0000 0.0000
v 0.049918 -0.435219 0.303158 0.0000 0.0000 0.0000
v 0.050318 -0.436111 0.298967 0.0000 0.0000 0.0000
v 0.049760 -0.433902 0.302123 0.0000 0.0000 0.0000
v 0.050134 -0.434000 0.297014 0.0000 0.0000 0.0000
v 0.049693 -0.431569 0.300306 0.0000 0.0000 0.0000
v 0.049361 -0.428222 0.297239 0.0000 0.0000 0.0000
v 0.047336 -0.422666 0.298313 0.0000 0.0000 0.0000
v 0.047780 -0.430020 0.303579 0.0000 0.0000 0.0000
v 0.047825 -0.432327 0.305179 0.0000 0.0000 0.0000
v 0.043952 -0.429414 0.305933 0.0000 0.0000 0.0000
v 0.048044 -0.433845 0.306114 0.0000 0.0000 0.0000
v 0.043993 -0.431971 0.307343 0.0000 0.0000 0.0000
v 0.041209 -0.429579 0.306210 0.0000 0.0000 0.0000
v 0.042636 -0.425302 0.303686 0.0000 0.0000 0.0000
v 0.047827 -0.425788 0.300629 0.0000 0.0000 0.0000
v 0.042503 -0.421131 0.300811 0.0000 0.0000 0.0000
v 0.036506 -0.421021 0.302201 0.0000 0.0000 0.0000
v 0.043981 -0.433184 0.308247 0.0000 0.0000 0.0000
v 0.028756 -0.420025 0.305735 0.0000 0.0000 0.0000
v 0.036817 -0.425279 0.304707 0.0000 0.0000 0.0000
v 0.048115 -0.435217 0.306903 0.0000 0.0000 0.0000
v 0.044165 -0.434934 0.308819 0.0000 0.0000 0.0000
v 0.041139 -0.434577 0.308801 0.0000 0.0000 0.0000
v 0.041029 -0.432568 0.307884 0.0000 0.0000 0.0000
v 0.036712 -0.429830 0.307312 0.0000 0.0000 0.0000
v 0.029452 -0.425807 0.309145 0.0000 0.0000 0.0000
v 0.020685 -0.421103 0.306294 0.0000 0.0000 0.0000
v 0.021081 -0.426885 0.310134 0.0000 0.0000 0.0000
v 0.013480 -0.421432 0.307534 0.0000 0.0000 0.0000
v 0.014010 -0.427384 0.311752 0.0000 0.0000 0.0000
v 0.021458 -0.432551 0.313365 0.0000 0.0000 0.0000
v 0.018140 -0.432475 0.314511 0.0000 0.0000 0.0000
v 0.021222 -0.435785 0.314570 0.0000 0.0000 0.0000
v 0.041297 -0.436514 0.309173 0.0000 0.0000 0.0000
v 0.026024 -0.431006 0.312700 0.0000 0.0000 0.0000
v 0.038364 -0.433421 0.308581 0.0000 0.0000 0.0000
v 0.036545 -0.433994 0.309649 0.0000 0.0000 0.0000
v 0.037907 -0.438020 0.308350 0.0000 0.0000 0.0000
v 0.038576 -0.439714 0.308018 0.0000 0.0000 0.0000
v 0.039365 -0.442133 0.308836 0.0000 0.0000 0.0000
v 0.041957 -0.440217 0.311150 0.0000 0.0000 0.0000
v 0.044241 -0.439657 0.311684 0.0000 0.0000 0.0000
v 0.047843 -0.440182 0.310648 0.0000 0.0000 0.0000
v 0.044589 -0.443810 0.314460 0.0000 0.0000 0.0000
v 0.042202 -0.444358 0.313952 0.0000 0.0000 0.0000
v 0.042328 -0.447294 0.315868 0.0000 0.0000 0.0000
v 0.040126 -0.448957 0.313856 0.0000 0.0000 0.0000
v 0.042530 -0.449277 0.317378 0.0000 0.0000 0.0000
v 0.040313 -0.450957 0.315345 0.0000 0.0000 0.0000
v 0.039939 -0.446139 0.311788 0.0000 0.0000 0.0000
v 0.045064 -0.450810 0.318771 0.0000 0.0000 0.0000
v 0.044933 -0.448809 0.317779 0.0000 0.0000 0.0000
v 0.044792 -0.446764 0.316345 0.0000 0.0000 0.0000
v 0.045279 -0.453983 0.320864 0.0000 0.0000 0.0000
v 0.048308 -0.450968 0.318256 0.0000 0.0000 0.0000
v 0.048234 -0.449065 0.317128 0.0000 0.0000 0.0000
v 0.048181 -0.447023 0.315684 0.0000 0.0000 0.0000
v 0.048018 -0.444293 0.313496 0.0000 0.0000 0.0000
v 0.042638 -0.451272 0.318381 0.0000 0.0000 0.0000
v 0.042908 -0.454440 0.320475 0.0000 0.0000 0.0000
v 0.043176 -0.457454 0.322274 0.0000 0.0000 0.0000
v 0.041311 -0.458605 0.320912 0.0000 0.0000 0.0000
v 0.041702 -0.462217 0.323571 0.0000 0.0000 0.0000
v 0.043463 -0.461183 0.324786 0.0000 0.0000 0.0000
v 0.045481 -0.457002 0.322662 0.0000 0.0000 0.0000
v 0.048162 -0.454129 0.320400 0.0000 0.0000 0.0000
v 0.049978 -0.452453 0.316120 0.0000 0.0000 0.0000
v 0.049998 -0.450752 0.314714 0.0000 0.0000 0.0000
v 0.041586 -0.468794 0.325531 0.0000 0.0000 0.0000
v 0.042270 -0.467601 0.327120 0.0000 0.0000 0.0000
v 0.041355 -0.467007 0.324228 0.0000 0.0000 0.0000
v 0.042085 -0.465674 0.325937 0.0000 0.0000 0.0000
v 0.041143 -0.465226 0.322949 0.0000 0.0000 0.0000
v 0.041864 -0.463853 0.324714 0.0000 0.0000 0.0000
v 0.043600 -0.462744 0.326032 0.0000 0.0000 0.0000
v 0.045737 -0.460735 0.325172 0.0000 0.0000 0.0000
v 0.048263 -0.457133 0.322227 0.0000 0.0000 0.0000
v 0.049824 -0.455587 0.318299 0.0000 0.0000 0.0000
v 0.050851 -0.454024 0.313943 0.0000 0.0000 0.0000
v 0.050927 -0.452261 0.312614 0.0000 0.0000 0.0000
v 0.049985 -0.458401 0.320375 0.0000 0.0000 0.0000
v 0.048357 -0.460871 0.324746 0.0000 0.0000 0.0000
v 0.045849 -0.462320 0.326386 0.0000 0.0000 0.0000
v 0.050140 -0.461866 0.323252 0.0000 0.0000 0.0000
v 0.050159 -0.463485 0.324430 0.0000 0.0000 0.0000
v 0.048410 -0.462438 0.325990 0.0000 0.0000 0.0000
v 0.043451 -0.468041 0.328467 0.0000 0.0000 0.0000
v 0.043729 -0.464641 0.327162 0.0000 0.0000 0.0000
v 0.045976 -0.464213 0.327524 0.0000 0.0000 0.0000
v 0.048547 -0.464356 0.327093 0.0000 0.0000 0.0000
v 0.050172 -0.465224 0.325783 0.0000 0.0000 0.0000
v 0.050932 -0.466451 0.324075 0.0000 0.0000 0.0000
v 0.050952 -0.464767 0.322646 0.0000 0.0000 0.0000
v 0.050938 -0.463201 0.321397 0.0000 0.0000 0.0000
v 0.050799 -0.459783 0.318455 0.0000 0.0000 0.0000
v 0.050654 -0.457066 0.316248 0.0000 0.0000 0.0000
v 0.044643 -0.467169 0.328578 0.0000 0.0000 0.0000
v 0.043782 -0.468822 0.328831 0.0000 0.0000 0.0000
v 0.043487 -0.469864 0.329108 0.0000 0.0000 0.0000
v 0.044608 -0.468020 0.328406 0.0000 0.0000 0.0000
v 0.046185 -0.467578 0.328650 0.0000 0.0000 0.0000
v 0.046143 -0.466775 0.328802 0.0000 0.0000 0.0000
v 0.047803 -0.467030 0.328610 0.0000 0.0000 0.0000
v 0.049305 -0.467800 0.328500 0.0000 0.0000 0.0000
v 0.050182 -0.467285 0.327147 0.0000 0.0000 0.0000
v 0.050883 -0.468396 0.325588 0.0000 0.0000 0.0000
v 0.048843 -0.468724 0.328654 0.0000 0.0000 0.0000
v 0.050113 -0.469828 0.328731 0.0000 0.0000 0.0000
v 0.047898 -0.467872 0.328444 0.0000 0.0000 0.0000
v 0.049174 -0.469802 0.328948 0.0000 0.0000 0.0000
v 0.049917 -0.472596 0.330502 0.0000 0.0000 0.0000
v 0.049302 -0.472474 0.330708 0.0000 0.0000 0.0000
v 0.049463 -0.475519 0.332341 0.0000 0.0000 0.0000
v 0.048860 -0.475054 0.332806 0.0000 0.0000 0.0000
v 0.048074 -0.476557 0.333091 0.0000 0.0000 0.0000
v 0.047880 -0.475763 0.333666 0.0000 0.0000 0.0000
v 0.046790 -0.476836 0.333311 0.0000 0.0000 0.0000
v 0.046755 -0.475986 0.333977 0.0000 0.0000 0.0000
v 0.045345 -0.476700 0.333089 0.0000 0.0000 0.0000
v 0.045428 -0.475870 0.333640 0.0000 0.0000 0.0000
v 0.044132 -0.475703 0.332243 0.0000 0.0000 0.0000
v 0.044636 -0.475238 0.332770 0.0000 0.0000 0.0000
v 0.043072 -0.472878 0.330470 0.0000 0.0000 0.0000
v 0.043712 -0.472700 0.330668 0.0000 0.0000 0.0000
v 0.042557 -0.470151 0.328680 0.0000 0.0000 0.0000
v 0.050790 -0.470819 0.327349 0.0000 0.0000 0.0000
v 0.050430 -0.473440 0.329325 0.0000 0.0000 0.0000
v 0.049627 -0.476217 0.331332 0.0000 0.0000 0.0000
v 0.048201 -0.477204 0.331989 0.0000 0.0000 0.0000
v 0.046806 -0.477511 0.332154 0.0000 0.0000 0.0000
v 0.045325 -0.477334 0.331982 0.0000 0.0000 0.0000
v 0.043783 -0.476402 0.331265 0.0000 0.0000 0.0000
v 0.042624 -0.473750 0.329304 0.0000 0.0000 0.0000
v 0.041954 -0.471170 0.327329 0.0000 0.0000 0.0000
v 0.000446 -0.484848 0.343295 0.0000 0.0000 0.0000
v 0.001581 -0.484529 0.343643 0.0000 0.0000 0.0000
v 0.000131 -0.480862 0.340392 0.0000 0.0000 0.0000
v 0.001083 -0.479918 0.340203 0.0000 0.0000 0.0000
v 0.005737 -0.487686 0.344970 0.0000 0.0000 0.0000
v 0.004717 -0.488470 0.345506 0.0000 0.0000 0.0000
v 0.005972 -0.487761 0.344741 0.0000 0.0000 0.0000
v 0.004780 -0.488940 0.346274 0.0000 0.0000 0.0000
v 0.002023 -0.489071 0.346354 0.0000 0.0000 0.0000
v 0.001940 -0.488601 0.345580 0.0000 0.0000 0.0000
v 0.003306 -0.489368 0.346756 0.0000 0.0000 0.0000
v 0.003249 -0.488674 0.345812 0.0000 0.0000 0.0000
v 0.004717 -0.488470 0.345506 0.0000 0.0000 0.0000
v 0.000882 -0.487891 0.345086 0.0000 0.0000 0.0000
v 0.000804 -0.487976 0.344848 0.0000 0.0000 0.0000
v 0.001940 -0.488601 0.345580 0.0000 0.0000 0.0000
v 0.000882 -0.487891 0.345086 0.0000 0.0000 0.0000
v 0.000045 -0.485354 0.342663 0.0000 0.0000 0.0000
v 0.036585 -0.487155 0.347294 0.0000 0.0000 0.0000
v 0.037108 -0.487639 0.346872 0.0000 0.0000 0.0000
v 0.036965 -0.484366 0.345139 0.0000 0.0000 0.0000
v 0.035821 -0.489146 0.347920 0.0000 0.0000 0.0000
v 0.035602 -0.488088 0.348280 0.0000 0.0000 0.0000
v 0.033716 -0.489477 0.348240 0.0000 0.0000 0.0000
v 0.033670 -0.488451 0.348803 0.0000 0.0000 0.0000
v 0.032993 -0.478502 0.342684 0.0000 0.0000 0.0000
v 0.031204 -0.478174 0.342508 0.0000 0.0000 0.0000
v 0.031205 -0.479075 0.342737 0.0000 0.0000 0.0000
v 0.030053 -0.479166 0.342410 0.0000 0.0000 0.0000
v 0.030408 -0.480307 0.342955 0.0000 0.0000 0.0000
v 0.028996 -0.481961 0.342955 0.0000 0.0000 0.0000
v 0.030156 -0.481669 0.343237 0.0000 0.0000 0.0000
v 0.029681 -0.485033 0.344968 0.0000 0.0000 0.0000
v 0.030333 -0.484799 0.345219 0.0000 0.0000 0.0000
v 0.031130 -0.487402 0.347426 0.0000 0.0000 0.0000
v 0.030633 -0.487842 0.346960 0.0000 0.0000 0.0000
v 0.032073 -0.488220 0.348361 0.0000 0.0000 0.0000
v 0.032011 -0.489124 0.347884 0.0000 0.0000 0.0000
v 0.033741 -0.490582 0.346289 0.0000 0.0000 0.0000
v 0.035923 -0.490277 0.346043 0.0000 0.0000 0.0000
v 0.037372 -0.489022 0.345093 0.0000 0.0000 0.0000
v 0.028538 -0.478464 0.340780 0.0000 0.0000 0.0000
v 0.028293 -0.483893 0.340427 0.0000 0.0000 0.0000
v 0.028934 -0.486662 0.342853 0.0000 0.0000 0.0000
v 0.030371 -0.489308 0.345121 0.0000 0.0000 0.0000
v 0.031977 -0.490318 0.346011 0.0000 0.0000 0.0000
v 0.027777 -0.480713 0.337830 0.0000 0.0000 0.0000
v 0.037586 -0.484614 0.344746 0.0000 0.0000 0.0000
v 0.036575 -0.481261 0.343138 0.0000 0.0000 0.0000
v 0.037607 -0.481491 0.342729 0.0000 0.0000 0.0000
v 0.036273 -0.478824 0.342230 0.0000 0.0000 0.0000
v 0.037573 -0.477991 0.340508 0.0000 0.0000 0.0000
v 0.038441 -0.480080 0.337615 0.0000 0.0000 0.0000
v 0.038553 -0.483279 0.340235 0.0000 0.0000 0.0000
v 0.038280 -0.486088 0.342699 0.0000 0.0000 0.0000
v 0.036004 -0.479867 0.342691 0.0000 0.0000 0.0000
v 0.027429 -0.464499 0.330710 0.0000 0.0000 0.0000
v 0.028380 -0.457914 0.328885 0.0000 0.0000 0.0000
v 0.026511 -0.459484 0.326965 0.0000 0.0000 0.0000
v 0.029168 -0.463044 0.332489 0.0000 0.0000 0.0000
v 0.027768 -0.468423 0.333625 0.0000 0.0000 0.0000
v 0.029556 -0.467170 0.335130 0.0000 0.0000 0.0000
v 0.028041 -0.472191 0.336422 0.0000 0.0000 0.0000
v 0.029866 -0.471043 0.337784 0.0000 0.0000 0.0000
v 0.029991 -0.472642 0.339144 0.0000 0.0000 0.0000
v 0.032578 -0.472097 0.339631 0.0000 0.0000 0.0000
v 0.032690 -0.473817 0.340497 0.0000 0.0000 0.0000
v 0.035045 -0.472409 0.338984 0.0000 0.0000 0.0000
v 0.035159 -0.474074 0.339925 0.0000 0.0000 0.0000
v 0.037217 -0.474961 0.338549 0.0000 0.0000 0.0000
v 0.034739 -0.477968 0.342413 0.0000 0.0000 0.0000
v 0.034903 -0.478896 0.342670 0.0000 0.0000 0.0000
v 0.032949 -0.477750 0.342571 0.0000 0.0000 0.0000
v 0.028190 -0.473875 0.337668 0.0000 0.0000 0.0000
v 0.038288 -0.477260 0.335382 0.0000 0.0000 0.0000
v 0.038229 -0.475764 0.334211 0.0000 0.0000 0.0000
v 0.037093 -0.473439 0.337418 0.0000 0.0000 0.0000
v 0.030128 -0.474312 0.340077 0.0000 0.0000 0.0000
v 0.028350 -0.475397 0.338796 0.0000 0.0000 0.0000
v 0.027575 -0.477874 0.335564 0.0000 0.0000 0.0000
v 0.027432 -0.476400 0.334371 0.0000 0.0000 0.0000
v 0.027312 -0.474738 0.333091 0.0000 0.0000 0.0000
v 0.026952 -0.471005 0.330257 0.0000 0.0000 0.0000
v 0.026538 -0.467115 0.327304 0.0000 0.0000 0.0000
v 0.025437 -0.462140 0.323523 0.0000 0.0000 0.0000
v 0.025138 -0.460631 0.322392 0.0000 0.0000 0.0000
v 0.036578 -0.464063 0.330438 0.0000 0.0000 0.0000
v 0.034650 -0.462797 0.332306 0.0000 0.0000 0.0000
v 0.034855 -0.466926 0.334961 0.0000 0.0000 0.0000
v 0.032197 -0.466638 0.335594 0.0000 0.0000 0.0000
v 0.032463 -0.470506 0.338257 0.0000 0.0000 0.0000
v 0.035019 -0.470798 0.337628 0.0000 0.0000 0.0000
v 0.036996 -0.471754 0.336168 0.0000 0.0000 0.0000
v 0.038114 -0.474119 0.332910 0.0000 0.0000 0.0000
v 0.037896 -0.470384 0.330064 0.0000 0.0000 0.0000
v 0.036790 -0.467989 0.333363 0.0000 0.0000 0.0000
v 0.037696 -0.466488 0.327098 0.0000 0.0000 0.0000
v 0.037982 -0.461443 0.323282 0.0000 0.0000 0.0000
v 0.034630 -0.457633 0.328676 0.0000 0.0000 0.0000
v 0.036738 -0.458993 0.326666 0.0000 0.0000 0.0000
v 0.034507 -0.455917 0.327805 0.0000 0.0000 0.0000
v 0.031916 -0.462512 0.332941 0.0000 0.0000 0.0000
v 0.028002 -0.454389 0.326777 0.0000 0.0000 0.0000
v 0.028209 -0.456202 0.328014 0.0000 0.0000 0.0000
v 0.031446 -0.455583 0.328537 0.0000 0.0000 0.0000
v 0.031561 -0.457366 0.329320 0.0000 0.0000 0.0000
v 0.023344 -0.441140 0.313677 0.0000 0.0000 0.0000
v 0.022879 -0.435421 0.314353 0.0000 0.0000 0.0000
v 0.021934 -0.441457 0.314322 0.0000 0.0000 0.0000
v 0.026100 -0.436182 0.314843 0.0000 0.0000 0.0000
v 0.024426 -0.442075 0.314120 0.0000 0.0000 0.0000
v 0.026420 -0.437612 0.315551 0.0000 0.0000 0.0000
v 0.024998 -0.446691 0.317456 0.0000 0.0000 0.0000
v 0.026979 -0.444568 0.320103 0.0000 0.0000 0.0000
v 0.025533 -0.452699 0.321915 0.0000 0.0000 0.0000
v 0.027536 -0.450864 0.324176 0.0000 0.0000 0.0000
v 0.026065 -0.456220 0.324515 0.0000 0.0000 0.0000
v 0.026318 -0.457964 0.325839 0.0000 0.0000 0.0000
v 0.021710 -0.447189 0.312693 0.0000 0.0000 0.0000
v 0.022246 -0.446376 0.312070 0.0000 0.0000 0.0000
v 0.023015 -0.445994 0.311673 0.0000 0.0000 0.0000
v 0.023750 -0.446167 0.311735 0.0000 0.0000 0.0000
v 0.023809 -0.449422 0.313924 0.0000 0.0000 0.0000
v 0.024440 -0.455440 0.318361 0.0000 0.0000 0.0000
v 0.024921 -0.458868 0.321090 0.0000 0.0000 0.0000
v 0.010537 -0.436541 0.315772 0.0000 0.0000 0.0000
v 0.014586 -0.435744 0.317060 0.0000 0.0000 0.0000
v 0.018772 -0.438063 0.316567 0.0000 0.0000 0.0000
v 0.026020 -0.434306 0.314259 0.0000 0.0000 0.0000
v 0.029935 -0.430272 0.312072 0.0000 0.0000 0.0000
v 0.033062 -0.430128 0.310631 0.0000 0.0000 0.0000
v 0.033305 -0.433362 0.312550 0.0000 0.0000 0.0000
v 0.029945 -0.432929 0.313993 0.0000 0.0000 0.0000
v 0.029970 -0.434671 0.314812 0.0000 0.0000 0.0000
v 0.033410 -0.435391 0.313867 0.0000 0.0000 0.0000
v 0.030147 -0.436036 0.315256 0.0000 0.0000 0.0000
v 0.031321 -0.453738 0.327336 0.0000 0.0000 0.0000
v 0.031075 -0.450245 0.324672 0.0000 0.0000 0.0000
v 0.030648 -0.443985 0.320538 0.0000 0.0000 0.0000
v 0.033468 -0.436781 0.314722 0.0000 0.0000 0.0000
v 0.035371 -0.439370 0.312389 0.0000 0.0000 0.0000
v 0.034007 -0.444328 0.319767 0.0000 0.0000 0.0000
v 0.035959 -0.446106 0.317213 0.0000 0.0000 0.0000
v 0.034281 -0.450599 0.323900 0.0000 0.0000 0.0000
v 0.036309 -0.452139 0.321655 0.0000 0.0000 0.0000
v 0.034492 -0.454097 0.326561 0.0000 0.0000 0.0000
v 0.036528 -0.455691 0.324244 0.0000 0.0000 0.0000
v 0.036735 -0.457463 0.325535 0.0000 0.0000 0.0000
v 0.036633 -0.438298 0.310363 0.0000 0.0000 0.0000
v 0.036782 -0.442651 0.308131 0.0000 0.0000 0.0000
v 0.036599 -0.443257 0.309170 0.0000 0.0000 0.0000
v 0.037253 -0.448703 0.313627 0.0000 0.0000 0.0000
v 0.037788 -0.454710 0.318088 0.0000 0.0000 0.0000
v 0.037986 -0.458148 0.320831 0.0000 0.0000 0.0000
v 0.037972 -0.459912 0.322152 0.0000 0.0000 0.0000
v 0.037428 -0.442027 0.306884 0.0000 0.0000 0.0000
v 0.037674 -0.442564 0.307032 0.0000 0.0000 0.0000
v 0.038081 -0.443835 0.306685 0.0000 0.0000 0.0000
v 0.039025 -0.447854 0.309586 0.0000 0.0000 0.0000
v 0.039256 -0.450595 0.311752 0.0000 0.0000 0.0000
v 0.039473 -0.452539 0.313312 0.0000 0.0000 0.0000
v 0.040477 -0.452747 0.316615 0.0000 0.0000 0.0000
v 0.040965 -0.455793 0.318852 0.0000 0.0000 0.0000
v 0.041040 -0.463617 0.321766 0.0000 0.0000 0.0000
v 0.040634 -0.460052 0.319044 0.0000 0.0000 0.0000
v 0.040279 -0.457288 0.316922 0.0000 0.0000 0.0000
v 0.039732 -0.454293 0.314623 0.0000 0.0000 0.0000
v 0.000118 -0.489595 0.341347 0.0000 0.0000 0.0000
v 0.000072 -0.489300 0.343125 0.0000 0.0000 0.0000
v -0.001341 -0.486934 0.340663 0.0000 0.0000 0.0000
v 0.001128 -0.490299 0.341114 0.0000 0.0000 0.0000
v 0.001372 -0.490057 0.343982 0.0000 0.0000 0.0000
v 0.000112 -0.483510 0.333472 0.0000 0.0000 0.0000
v -0.001129 -0.485480 0.336551 0.0000 0.0000 0.0000
v -0.001371 -0.482849 0.334466 0.0000 0.0000 0.0000
v -0.002302 -0.481467 0.336388 0.0000 0.0000 0.0000
v -0.001983 -0.484127 0.338443 0.0000 0.0000 0.0000
v -0.000595 -0.488072 0.339082 0.0000 0.0000 0.0000
v 0.000615 -0.488803 0.338014 0.0000 0.0000 0.0000
v 0.003265 -0.490581 0.340984 0.0000 0.0000 0.0000
v 0.003309 -0.490273 0.344213 0.0000 0.0000 0.0000
v 0.005476 -0.489849 0.343895 0.0000 0.0000 0.0000
v 0.000326 -0.486209 0.335459 0.0000 0.0000 0.0000
v 0.002742 -0.483674 0.333051 0.0000 0.0000 0.0000
v 0.002925 -0.486370 0.335042 0.0000 0.0000 0.0000
v 0.005460 -0.485976 0.335369 0.0000 0.0000 0.0000
v 0.005487 -0.488551 0.337964 0.0000 0.0000 0.0000
v 0.007086 -0.485100 0.336424 0.0000 0.0000 0.0000
v 0.007075 -0.487687 0.338995 0.0000 0.0000 0.0000
v 0.007920 -0.483675 0.338278 0.0000 0.0000 0.0000
v 0.007753 -0.486524 0.340501 0.0000 0.0000 0.0000
v 0.006767 -0.488950 0.342965 0.0000 0.0000 0.0000
v 0.006611 -0.489313 0.341205 0.0000 0.0000 0.0000
v 0.005501 -0.490027 0.341032 0.0000 0.0000 0.0000
v 0.003117 -0.488924 0.337651 0.0000 0.0000 0.0000
v 0.007872 -0.481007 0.336224 0.0000 0.0000 0.0000
v 0.007009 -0.482475 0.334322 0.0000 0.0000 0.0000
v 0.005259 -0.483291 0.333368 0.0000 0.0000 0.0000
v 0.016581 -0.465925 0.322307 0.0000 0.0000 0.0000
v 0.016174 -0.460343 0.317267 0.0000 0.0000 0.0000
v 0.019190 -0.465500 0.322630 0.0000 0.0000 0.0000
v 0.019004 -0.459754 0.317788 0.0000 0.0000 0.0000
v 0.015767 -0.454761 0.312228 0.0000 0.0000 0.0000
v 0.018692 -0.454015 0.312950 0.0000 0.0000 0.0000
v 0.020754 -0.448682 0.309275 0.0000 0.0000 0.0000
v 0.021319 -0.453466 0.313437 0.0000 0.0000 0.0000
v 0.021482 -0.459201 0.318294 0.0000 0.0000 0.0000
v 0.021478 -0.464946 0.323156 0.0000 0.0000 0.0000
v 0.019251 -0.466664 0.323909 0.0000 0.0000 0.0000
v 0.016669 -0.467067 0.323613 0.0000 0.0000 0.0000
v 0.013103 -0.466986 0.324054 0.0000 0.0000 0.0000
v 0.016755 -0.468342 0.324409 0.0000 0.0000 0.0000
v 0.013313 -0.468257 0.324844 0.0000 0.0000 0.0000
v 0.019319 -0.467960 0.324680 0.0000 0.0000 0.0000
v 0.019391 -0.471917 0.327910 0.0000 0.0000 0.0000
v 0.021626 -0.466085 0.324460 0.0000 0.0000 0.0000
v 0.021669 -0.467363 0.325256 0.0000 0.0000 0.0000
v 0.021560 -0.471349 0.328464 0.0000 0.0000 0.0000
v 0.021487 -0.475976 0.332151 0.0000 0.0000 0.0000
v 0.021710 -0.447189 0.312693 0.0000 0.0000 0.0000
v 0.022250 -0.451116 0.316485 0.0000 0.0000 0.0000
v 0.022533 -0.457037 0.321083 0.0000 0.0000 0.0000
v 0.022684 -0.462966 0.325684 0.0000 0.0000 0.0000
v 0.022831 -0.464286 0.326748 0.0000 0.0000 0.0000
v 0.022851 -0.465464 0.327679 0.0000 0.0000 0.0000
v 0.022479 -0.469503 0.330843 0.0000 0.0000 0.0000
v 0.022673 -0.474151 0.334475 0.0000 0.0000 0.0000
v 0.022985 -0.479193 0.338406 0.0000 0.0000 0.0000
v 0.021829 -0.480821 0.336343 0.0000 0.0000 0.0000
v 0.020167 -0.482491 0.336790 0.0000 0.0000 0.0000
v 0.022344 -0.483215 0.338212 0.0000 0.0000 0.0000
v 0.020303 -0.483786 0.337640 0.0000 0.0000 0.0000
v 0.022114 -0.481950 0.337332 0.0000 0.0000 0.0000
v 0.023107 -0.480395 0.339339 0.0000 0.0000 0.0000
v 0.023186 -0.481591 0.340320 0.0000 0.0000 0.0000
v 0.023369 -0.484261 0.342451 0.0000 0.0000 0.0000
v 0.022562 -0.486017 0.340178 0.0000 0.0000 0.0000
v 0.020488 -0.486714 0.339429 0.0000 0.0000 0.0000
v 0.017883 -0.484162 0.337362 0.0000 0.0000 0.0000
v 0.017794 -0.482857 0.336520 0.0000 0.0000 0.0000
v 0.017716 -0.481846 0.335359 0.0000 0.0000 0.0000
v 0.014820 -0.481763 0.335741 0.0000 0.0000 0.0000
v 0.014435 -0.476774 0.331746 0.0000 0.0000 0.0000
v 0.012845 -0.476416 0.332371 0.0000 0.0000 0.0000
v 0.012219 -0.471831 0.328695 0.0000 0.0000 0.0000
v 0.011326 -0.470066 0.331132 0.0000 0.0000 0.0000
v 0.010451 -0.466099 0.327989 0.0000 0.0000 0.0000
v 0.017362 -0.476866 0.331350 0.0000 0.0000 0.0000
v 0.018080 -0.487074 0.339167 0.0000 0.0000 0.0000
v 0.015346 -0.486957 0.339570 0.0000 0.0000 0.0000
v 0.012717 -0.484813 0.342669 0.0000 0.0000 0.0000
v 0.012418 -0.482155 0.340531 0.0000 0.0000 0.0000
v 0.013328 -0.486483 0.340405 0.0000 0.0000 0.0000
v 0.013127 -0.483678 0.338439 0.0000 0.0000 0.0000
v 0.015063 -0.484058 0.337757 0.0000 0.0000 0.0000
v 0.014937 -0.482762 0.336907 0.0000 0.0000 0.0000
v 0.013240 -0.481319 0.336481 0.0000 0.0000 0.0000
v 0.011716 -0.474702 0.334764 0.0000 0.0000 0.0000
v 0.013174 -0.482397 0.337553 0.0000 0.0000 0.0000
v 0.012236 -0.480960 0.339584 0.0000 0.0000 0.0000
v 0.012147 -0.479736 0.338694 0.0000 0.0000 0.0000
v 0.012892 -0.465847 0.322755 0.0000 0.0000 0.0000
v 0.011055 -0.465460 0.323442 0.0000 0.0000 0.0000
v 0.011256 -0.466611 0.324726 0.0000 0.0000 0.0000
v 0.011460 -0.467894 0.325501 0.0000 0.0000 0.0000
v 0.014096 -0.472182 0.328051 0.0000 0.0000 0.0000
v 0.017036 -0.472284 0.327640 0.0000 0.0000 0.0000
v 0.019664 -0.476505 0.331616 0.0000 0.0000 0.0000
v 0.020038 -0.481488 0.335620 0.0000 0.0000 0.0000
v 0.010208 -0.464921 0.327079 0.0000 0.0000 0.0000
v 0.010089 -0.463579 0.326043 0.0000 0.0000 0.0000
v 0.009529 -0.457694 0.321421 0.0000 0.0000 0.0000
v 0.010242 -0.459788 0.318561 0.0000 0.0000 0.0000
v 0.008780 -0.451562 0.317148 0.0000 0.0000 0.0000
v 0.009556 -0.454108 0.313678 0.0000 0.0000 0.0000
v 0.008474 -0.447482 0.313335 0.0000 0.0000 0.0000
v 0.009055 -0.449360 0.309490 0.0000 0.0000 0.0000
v 0.008639 -0.449338 0.307764 0.0000 0.0000 0.0000
v 0.006749 -0.447759 0.303456 0.0000 0.0000 0.0000
v 0.010524 -0.448877 0.306367 0.0000 0.0000 0.0000
v 0.009673 -0.447208 0.302260 0.0000 0.0000 0.0000
v 0.012097 -0.460150 0.317905 0.0000 0.0000 0.0000
v 0.011413 -0.454447 0.313053 0.0000 0.0000 0.0000
v 0.010738 -0.449054 0.308276 0.0000 0.0000 0.0000
v 0.014960 -0.448966 0.307026 0.0000 0.0000 0.0000
v 0.013727 -0.444583 0.298984 0.0000 0.0000 0.0000
v 0.014102 -0.447070 0.301712 0.0000 0.0000 0.0000
v 0.014805 -0.448685 0.305914 0.0000 0.0000 0.0000
v 0.017960 -0.448430 0.306251 0.0000 0.0000 0.0000
v 0.018097 -0.448763 0.307775 0.0000 0.0000 0.0000
v 0.027248 -0.417332 0.269192 0.0000 0.0000 0.0000
v 0.022257 -0.424445 0.276808 0.0000 0.0000 0.0000
v 0.024520 -0.417561 0.269429 0.0000 0.0000 0.0000
v 0.022335 -0.417893 0.269580 0.0000 0.0000 0.0000
v 0.019321 -0.425570 0.277006 0.0000 0.0000 0.0000
v 0.021121 -0.429087 0.282935 0.0000 0.0000 0.0000
v 0.021039 -0.433303 0.288834 0.0000 0.0000 0.0000
v 0.021479 -0.439381 0.294171 0.0000 0.0000 0.0000
v 0.027511 -0.438352 0.293644 0.0000 0.0000 0.0000
v 0.027127 -0.432481 0.288218 0.0000 0.0000 0.0000
v 0.034043 -0.426903 0.281562 0.0000 0.0000 0.0000
v 0.026717 -0.427968 0.282307 0.0000 0.0000 0.0000
v 0.033643 -0.422221 0.274908 0.0000 0.0000 0.0000
v 0.038839 -0.420894 0.275434 0.0000 0.0000 0.0000
v 0.037313 -0.415878 0.269935 0.0000 0.0000 0.0000
v 0.032717 -0.417126 0.268698 0.0000 0.0000 0.0000
v 0.026744 -0.423554 0.276087 0.0000 0.0000 0.0000
v 0.041499 -0.413810 0.272302 0.0000 0.0000 0.0000
v 0.040104 -0.408786 0.268092 0.0000 0.0000 0.0000
v 0.035989 -0.410973 0.265558 0.0000 0.0000 0.0000
v 0.031933 -0.411983 0.264589 0.0000 0.0000 0.0000
v 0.027304 -0.412080 0.264721 0.0000 0.0000 0.0000
v 0.023948 -0.399901 0.255551 0.0000 0.0000 0.0000
v 0.024625 -0.405874 0.259540 0.0000 0.0000 0.0000
v 0.027561 -0.405893 0.259764 0.0000 0.0000 0.0000
v 0.030577 -0.405568 0.259916 0.0000 0.0000 0.0000
v 0.026588 -0.399536 0.255791 0.0000 0.0000 0.0000
v 0.029441 -0.398938 0.256322 0.0000 0.0000 0.0000
v 0.032701 -0.398110 0.257124 0.0000 0.0000 0.0000
v 0.034401 -0.404639 0.260798 0.0000 0.0000 0.0000
v 0.038462 -0.402351 0.263470 0.0000 0.0000 0.0000
v 0.023790 -0.394994 0.252062 0.0000 0.0000 0.0000
v 0.026463 -0.394532 0.252429 0.0000 0.0000 0.0000
v 0.029108 -0.393767 0.253203 0.0000 0.0000 0.0000
v 0.031859 -0.393118 0.253812 0.0000 0.0000 0.0000
v 0.036518 -0.395789 0.259863 0.0000 0.0000 0.0000
v 0.038961 -0.393251 0.263021 0.0000 0.0000 0.0000
v 0.040971 -0.399148 0.267509 0.0000 0.0000 0.0000
v 0.043399 -0.405625 0.272001 0.0000 0.0000 0.0000
v 0.037682 -0.388119 0.259936 0.0000 0.0000 0.0000
v 0.035280 -0.390803 0.256580 0.0000 0.0000 0.0000
v 0.031110 -0.488378 0.340334 0.0000 0.0000 0.0000
v 0.031599 -0.490263 0.343504 0.0000 0.0000 0.0000
v 0.030897 -0.489921 0.343791 0.0000 0.0000 0.0000
v 0.033675 -0.490373 0.343371 0.0000 0.0000 0.0000
v 0.033505 -0.488487 0.339951 0.0000 0.0000 0.0000
v 0.033305 -0.485938 0.337180 0.0000 0.0000 0.0000
v 0.030793 -0.485828 0.337577 0.0000 0.0000 0.0000
v 0.029652 -0.487897 0.341122 0.0000 0.0000 0.0000
v 0.028934 -0.486662 0.342853 0.0000 0.0000 0.0000
v 0.030371 -0.489308 0.345121 0.0000 0.0000 0.0000
v 0.031977 -0.490318 0.346011 0.0000 0.0000 0.0000
v 0.033741 -0.490582 0.346289 0.0000 0.0000 0.0000
v 0.035923 -0.490277 0.346043 0.0000 0.0000 0.0000
v 0.035942 -0.490087 0.343356 0.0000 0.0000 0.0000
v 0.035913 -0.488151 0.340162 0.0000 0.0000 0.0000
v 0.035972 -0.485575 0.337404 0.0000 0.0000 0.0000
v 0.037735 -0.484726 0.338370 0.0000 0.0000 0.0000
v 0.037447 -0.487495 0.340888 0.0000 0.0000 0.0000
v 0.036998 -0.489448 0.343473 0.0000 0.0000 0.0000
v 0.037372 -0.489022 0.345093 0.0000 0.0000 0.0000
v 0.038280 -0.486088 0.342699 0.0000 0.0000 0.0000
v 0.038553 -0.483279 0.340235 0.0000 0.0000 0.0000
v 0.037538 -0.481581 0.335687 0.0000 0.0000 0.0000
v 0.035623 -0.482318 0.334899 0.0000 0.0000 0.0000
v 0.033077 -0.482698 0.334644 0.0000 0.0000 0.0000
v 0.030427 -0.482571 0.335077 0.0000 0.0000 0.0000
v 0.028950 -0.485176 0.338633 0.0000 0.0000 0.0000
v 0.038441 -0.480080 0.337615 0.0000 0.0000 0.0000
v 0.028520 -0.482057 0.335954 0.0000 0.0000 0.0000
v 0.027777 -0.480713 0.337830 0.0000 0.0000 0.0000
v 0.028293 -0.483893 0.340427 0.0000 0.0000 0.0000
v -0.024388 -0.462668 0.293258 0.0000 0.0000 0.0000
v -0.025116 -0.464772 0.293826 0.0000 0.0000 0.0000
v -0.024157 -0.462568 0.293818 0.0000 0.0000 0.0000
v -0.024035 -0.469967 0.288581 0.0000 0.0000 0.0000
v -0.026017 -0.469663 0.288531 0.0000 0.0000 0.0000
v -0.022888 -0.468646 0.286267 0.0000 0.0000 0.0000
v -0.025014 -0.468072 0.286317 0.0000 0.0000 0.0000
v -0.024309 -0.466388 0.285151 0.0000 0.0000 0.0000
v -0.024501 -0.466012 0.285618 0.0000 0.0000 0.0000
v -0.025233 -0.467833 0.286722 0.0000 0.0000 0.0000
v -0.026442 -0.469099 0.288635 0.0000 0.0000 0.0000
v -0.026772 -0.469058 0.290065 0.0000 0.0000 0.0000
v -0.026266 -0.469642 0.290061 0.0000 0.0000 0.0000
v -0.026967 -0.468823 0.291233 0.0000 0.0000 0.0000
v -0.026457 -0.469268 0.291410 0.0000 0.0000 0.0000
v -0.026731 -0.468029 0.292367 0.0000 0.0000 0.0000
v -0.026217 -0.468387 0.292872 0.0000 0.0000 0.0000
v -0.026367 -0.467054 0.293213 0.0000 0.0000 0.0000
v -0.025934 -0.467332 0.293754 0.0000 0.0000 0.0000
v -0.024890 -0.464606 0.294252 0.0000 0.0000 0.0000
v -0.021918 -0.467127 0.284826 0.0000 0.0000 0.0000
v -0.021729 -0.462710 0.294788 0.0000 0.0000 0.0000
v -0.022820 -0.464988 0.294860 0.0000 0.0000 0.0000
v -0.024029 -0.467367 0.293938 0.0000 0.0000 0.0000
v -0.024229 -0.468532 0.293133 0.0000 0.0000 0.0000
v -0.024411 -0.469547 0.291559 0.0000 0.0000 0.0000
v -0.024277 -0.469884 0.290105 0.0000 0.0000 0.0000
v 0.007042 -0.479294 0.338585 0.0000 0.0000 0.0000
v 0.007872 -0.481007 0.336224 0.0000 0.0000 0.0000
v 0.007920 -0.483675 0.338278 0.0000 0.0000 0.0000
v 0.007016 -0.485265 0.342246 0.0000 0.0000 0.0000
v 0.006092 -0.485108 0.342534 0.0000 0.0000 0.0000
v 0.006439 -0.488026 0.344268 0.0000 0.0000 0.0000
v 0.005972 -0.487761 0.344741 0.0000 0.0000 0.0000
v -0.002302 -0.481467 0.336388 0.0000 0.0000 0.0000
v -0.001983 -0.484127 0.338443 0.0000 0.0000 0.0000
v -0.001531 -0.479661 0.338756 0.0000 0.0000 0.0000
v -0.001243 -0.482568 0.340479 0.0000 0.0000 0.0000
v -0.000865 -0.485607 0.342403 0.0000 0.0000 0.0000
v 0.000045 -0.485354 0.342663 0.0000 0.0000 0.0000
v 0.000804 -0.487976 0.344848 0.0000 0.0000 0.0000
v 0.000261 -0.488329 0.344428 0.0000 0.0000 0.0000
v 0.001940 -0.488601 0.345580 0.0000 0.0000 0.0000
v 0.001622 -0.489140 0.345129 0.0000 0.0000 0.0000
v 0.003249 -0.488674 0.345812 0.0000 0.0000 0.0000
v 0.003276 -0.489285 0.345390 0.0000 0.0000 0.0000
v 0.004717 -0.488470 0.345506 0.0000 0.0000 0.0000
v 0.005245 -0.488962 0.345042 0.0000 0.0000 0.0000
v 0.006767 -0.488950 0.342965 0.0000 0.0000 0.0000
v 0.007753 -0.486524 0.340501 0.0000 0.0000 0.0000
v 0.005476 -0.489849 0.343895 0.0000 0.0000 0.0000
v 0.003309 -0.490273 0.344213 0.0000 0.0000 0.0000
v 0.001372 -0.490057 0.343982 0.0000 0.0000 0.0000
v 0.000072 -0.489300 0.343125 0.0000 0.0000 0.0000
v -0.001341 -0.486934 0.340663 0.0000 0.0000 0.0000
v -0.022702 -0.455583 0.290992 0.0000 0.0000 0.0000
v -0.024927 -0.456201 0.288644 0.0000 0.0000 0.0000
v -0.025074 -0.458666 0.290685 0.0000 0.0000 0.0000
v -0.025785 -0.458916 0.288777 0.0000 0.0000 0.0000
v -0.018623 -0.453719 0.291455 0.0000 0.0000 0.0000
v -0.022213 -0.453524 0.290221 0.0000 0.0000 0.0000
v -0.019064 -0.455666 0.292363 0.0000 0.0000 0.0000
v -0.024519 -0.454169 0.287775 0.0000 0.0000 0.0000
v -0.025709 -0.457184 0.286127 0.0000 0.0000 0.0000
v -0.026104 -0.459408 0.287289 0.0000 0.0000 0.0000
v -0.025318 -0.455151 0.285262 0.0000 0.0000 0.0000
v -0.022964 -0.459733 0.281738 0.0000 0.0000 0.0000
v -0.019071 -0.458905 0.280245 0.0000 0.0000 0.0000
v -0.019491 -0.460918 0.280971 0.0000 0.0000 0.0000
v -0.022509 -0.457725 0.280886 0.0000 0.0000 0.0000
v -0.024647 -0.456441 0.282731 0.0000 0.0000 0.0000
v -0.025053 -0.458481 0.283558 0.0000 0.0000 0.0000
v -0.025850 -0.460266 0.285763 0.0000 0.0000 0.0000
v -0.025695 -0.459801 0.287468 0.0000 0.0000 0.0000
v -0.025502 -0.459291 0.288988 0.0000 0.0000 0.0000
v -0.025047 -0.459492 0.290597 0.0000 0.0000 0.0000
v -0.024065 -0.460622 0.292222 0.0000 0.0000 0.0000
v -0.023849 -0.460399 0.293062 0.0000 0.0000 0.0000
v -0.023603 -0.458004 0.292192 0.0000 0.0000 0.0000
v -0.020086 -0.458141 0.293404 0.0000 0.0000 0.0000
v -0.020867 -0.460498 0.294163 0.0000 0.0000 0.0000
v -0.025214 -0.461505 0.284344 0.0000 0.0000 0.0000
v -0.025570 -0.460677 0.285891 0.0000 0.0000 0.0000
v -0.025184 -0.461914 0.285086 0.0000 0.0000 0.0000
v -0.024221 -0.463928 0.284885 0.0000 0.0000 0.0000
v -0.024030 -0.464421 0.284081 0.0000 0.0000 0.0000
v -0.023825 -0.462149 0.282945 0.0000 0.0000 0.0000
v -0.021120 -0.465406 0.283526 0.0000 0.0000 0.0000
v -0.020434 -0.463239 0.282293 0.0000 0.0000 0.0000
v 0.021752 -0.493740 0.348999 0.0000 0.0000 0.0000
v 0.020603 -0.492495 0.345056 0.0000 0.0000 0.0000
v 0.022410 -0.491836 0.345748 0.0000 0.0000 0.0000
v 0.020706 -0.494433 0.348935 0.0000 0.0000 0.0000
v 0.020679 -0.494514 0.351483 0.0000 0.0000 0.0000
v 0.022071 -0.493361 0.350274 0.0000 0.0000 0.0000
v 0.023153 -0.490411 0.347592 0.0000 0.0000 0.0000
v 0.023370 -0.487625 0.345157 0.0000 0.0000 0.0000
v 0.022586 -0.489292 0.343007 0.0000 0.0000 0.0000
v 0.020595 -0.490068 0.342157 0.0000 0.0000 0.0000
v 0.018317 -0.490396 0.341931 0.0000 0.0000 0.0000
v 0.018505 -0.492779 0.344839 0.0000 0.0000 0.0000
v 0.015722 -0.490294 0.342310 0.0000 0.0000 0.0000
v 0.016129 -0.492725 0.345156 0.0000 0.0000 0.0000
v 0.013856 -0.489741 0.343222 0.0000 0.0000 0.0000
v 0.014510 -0.492238 0.345927 0.0000 0.0000 0.0000
v 0.013823 -0.490856 0.347843 0.0000 0.0000 0.0000
v 0.015590 -0.494120 0.349227 0.0000 0.0000 0.0000
v 0.015211 -0.493665 0.350390 0.0000 0.0000 0.0000
v 0.013191 -0.488142 0.345417 0.0000 0.0000 0.0000
v 0.016731 -0.494639 0.349044 0.0000 0.0000 0.0000
v 0.017105 -0.494688 0.351556 0.0000 0.0000 0.0000
v 0.018698 -0.494859 0.348883 0.0000 0.0000 0.0000
v 0.018758 -0.494971 0.351773 0.0000 0.0000 0.0000
v 0.036086 -0.414472 0.297618 0.0000 0.0000 0.0000
v 0.035196 -0.407777 0.293273 0.0000 0.0000 0.0000
v 0.028212 -0.413729 0.300784 0.0000 0.0000 0.0000
v 0.020240 -0.414616 0.301887 0.0000 0.0000 0.0000
v 0.013103 -0.415124 0.302490 0.0000 0.0000 0.0000
v 0.005949 -0.416457 0.301830 0.0000 0.0000 0.0000
v 0.011004 -0.433230 0.314629 0.0000 0.0000 0.0000
v 0.033973 -0.401663 0.289210 0.0000 0.0000 0.0000
v 0.018838 -0.435712 0.315755 0.0000 0.0000 0.0000
v 0.014307 -0.432537 0.315079 0.0000 0.0000 0.0000
v 0.050851 -0.454024 0.313943 0.0000 0.0000 0.0000
v 0.050927 -0.452261 0.312614 0.0000 0.0000 0.0000
v 0.050762 -0.450303 0.311068 0.0000 0.0000 0.0000
v 0.050378 -0.447657 0.308789 0.0000 0.0000 0.0000
v 0.050450 -0.443723 0.305680 0.0000 0.0000 0.0000
v 0.050408 -0.438516 0.301324 0.0000 0.0000 0.0000
v 0.050373 -0.437026 0.300021 0.0000 0.0000 0.0000
v 0.023186 -0.481591 0.340320 0.0000 0.0000 0.0000
v 0.022578 -0.482267 0.345195 0.0000 0.0000 0.0000
v 0.023369 -0.484261 0.342451 0.0000 0.0000 0.0000
v 0.023107 -0.480395 0.339339 0.0000 0.0000 0.0000
v 0.022985 -0.479193 0.338406 0.0000 0.0000 0.0000
v -0.021120 -0.465406 0.283526 0.0000 0.0000 0.0000
v -0.020434 -0.463239 0.282293 0.0000 0.0000 0.0000
v -0.018346 -0.465387 0.284601 0.0000 0.0000 0.0000
v -0.017518 -0.463181 0.283505 0.0000 0.0000 0.0000
v -0.015468 -0.462705 0.285684 0.0000 0.0000 0.0000
v -0.016655 -0.464795 0.286871 0.0000 0.0000 0.0000
v -0.016049 -0.463858 0.289232 0.0000 0.0000 0.0000
v -0.014747 -0.461696 0.288239 0.0000 0.0000 0.0000
v -0.015378 -0.460536 0.290529 0.0000 0.0000 0.0000
v -0.016587 -0.462799 0.291345 0.0000 0.0000 0.0000
v -0.018160 -0.461429 0.293338 0.0000 0.0000 0.0000
v -0.017252 -0.459149 0.292500 0.0000 0.0000 0.0000
v -0.020867 -0.460498 0.294163 0.0000 0.0000 0.0000
v -0.020086 -0.458141 0.293404 0.0000 0.0000 0.0000
v -0.018623 -0.453719 0.291455 0.0000 0.0000 0.0000
v -0.019064 -0.455666 0.292363 0.0000 0.0000 0.0000
v -0.016168 -0.454692 0.290675 0.0000 0.0000 0.0000
v -0.016394 -0.456697 0.291454 0.0000 0.0000 0.0000
v -0.014317 -0.456102 0.288516 0.0000 0.0000 0.0000
v -0.014554 -0.458122 0.289395 0.0000 0.0000 0.0000
v -0.013683 -0.457321 0.286131 0.0000 0.0000 0.0000
v -0.014043 -0.459360 0.287006 0.0000 0.0000 0.0000
v -0.014472 -0.458393 0.283463 0.0000 0.0000 0.0000
v -0.014780 -0.460401 0.284324 0.0000 0.0000 0.0000
v -0.016612 -0.459081 0.281452 0.0000 0.0000 0.0000
v -0.016846 -0.460860 0.282215 0.0000 0.0000 0.0000
v -0.019071 -0.458905 0.280245 0.0000 0.0000 0.0000
v -0.019491 -0.460918 0.280971 0.0000 0.0000 0.0000
v 0.029820 -0.446556 0.304705 0.0000 0.0000 0.0000
v 0.032976 -0.445814 0.303200 0.0000 0.0000 0.0000
v 0.032943 -0.445959 0.304857 0.0000 0.0000 0.0000
v 0.026123 -0.447172 0.305720 0.0000 0.0000 0.0000
v 0.032732 -0.443884 0.299708 0.0000 0.0000 0.0000
v 0.024423 -0.378334 0.244155 1.0000 0.0000 0.0000
v 0.025369 -0.382735 0.246294 1.0000 0.0000 0.0000
v 0.026068 -0.387350 0.248350 0.0000 0.0000 0.0000
v 0.017399 -0.383654 0.245797 1.0000 0.0000 0.0000
v 0.017159 -0.379209 0.243647 1.0000 0.0000 0.0000
v 0.017659 -0.388263 0.247917 0.0000 0.0000 0.0000
v 0.020242 -0.493010 0.354243 0.0000 0.0000 0.0000
v 0.020392 -0.492590 0.353472 0.0000 0.0000 0.0000
v 0.021225 -0.491695 0.352793 0.0000 0.0000 0.0000
v 0.021291 -0.491770 0.352456 0.0000 0.0000 0.0000
v 0.021623 -0.488772 0.349946 0.0000 0.0000 0.0000
v 0.021114 -0.488261 0.350675 0.0000 0.0000 0.0000
v 0.019985 -0.488053 0.351060 0.0000 0.0000 0.0000
v 0.018726 -0.493413 0.354706 0.0000 0.0000 0.0000
v 0.018359 -0.487991 0.351290 0.0000 0.0000 0.0000
v 0.017993 -0.482774 0.347349 0.0000 0.0000 0.0000
v 0.016722 -0.488208 0.351147 0.0000 0.0000 0.0000
v 0.016168 -0.483206 0.347430 0.0000 0.0000 0.0000
v 0.015492 -0.488542 0.350807 0.0000 0.0000 0.0000
v 0.015182 -0.484197 0.347785 0.0000 0.0000 0.0000
v 0.014796 -0.485987 0.348143 0.0000 0.0000 0.0000
v 0.015177 -0.489135 0.350037 0.0000 0.0000 0.0000
v 0.016146 -0.492042 0.352992 0.0000 0.0000 0.0000
v 0.015978 -0.492038 0.352586 0.0000 0.0000 0.0000
v 0.017201 -0.492747 0.353546 0.0000 0.0000 0.0000
v 0.017266 -0.493154 0.354317 0.0000 0.0000 0.0000
v 0.018726 -0.493413 0.354706 0.0000 0.0000 0.0000
v 0.018680 -0.492879 0.353854 0.0000 0.0000 0.0000
v 0.020242 -0.493010 0.354243 0.0000 0.0000 0.0000
v 0.017266 -0.493154 0.354317 0.0000 0.0000 0.0000
v 0.019493 -0.483065 0.347372 0.0000 0.0000 0.0000
v 0.020772 -0.483922 0.347650 0.0000 0.0000 0.0000
v 0.021509 -0.485729 0.347860 0.0000 0.0000 0.0000
v 0.002641 -0.479455 0.340207 0.0000 0.0000 0.0000
v 0.002977 -0.484348 0.343790 0.0000 0.0000 0.0000
v 0.004325 -0.479811 0.340118 0.0000 0.0000 0.0000
v 0.003306 -0.489368 0.346756 0.0000 0.0000 0.0000
v 0.002023 -0.489071 0.346354 0.0000 0.0000 0.0000
v -0.000312 -0.482316 0.340738 0.0000 0.0000 0.0000
v 0.006092 -0.485108 0.342534 0.0000 0.0000 0.0000
v -0.024221 -0.463928 0.284885 0.0000 0.0000 0.0000
v -0.025184 -0.461914 0.285086 0.0000 0.0000 0.0000
v -0.025570 -0.460677 0.285891 0.0000 0.0000 0.0000
v -0.025695 -0.459801 0.287468 0.0000 0.0000 0.0000
v -0.025502 -0.459291 0.288988 0.0000 0.0000 0.0000
v -0.025047 -0.459492 0.290597 0.0000 0.0000 0.0000
v -0.024065 -0.460622 0.292222 0.0000 0.0000 0.0000
v 0.018421 -0.377682 0.233461 0.0000 0.0000 0.0000
v 0.018178 -0.374360 0.231196 0.0000 0.0000 0.0000
v 0.024919 -0.376927 0.233939 0.0000 0.0000 0.0000
v 0.024768 -0.373813 0.231353 0.0000 0.0000 0.0000
v 0.017882 -0.369993 0.227926 0.0000 0.0000 0.0000
v 0.024396 -0.369432 0.228111 0.0000 0.0000 0.0000
v 0.017616 -0.366080 0.224511 0.0000 0.0000 0.0000
v 0.024281 -0.365469 0.224770 0.0000 0.0000 0.0000
v 0.017324 -0.361788 0.220370 0.0000 0.0000 0.0000
v 0.023770 -0.361045 0.220842 0.0000 0.0000 0.0000
v 0.016969 -0.358225 0.213613 0.0000 0.0000 0.0000
v 0.023851 -0.357361 0.214208 0.0000 0.0000 0.0000
v 0.032075 -0.355888 0.215597 0.0000 0.0000 0.0000
v 0.030675 -0.359870 0.221937 0.0000 0.0000 0.0000
v 0.035801 -0.357557 0.224904 0.0000 0.0000 0.0000
v 0.036205 -0.362275 0.228421 0.0000 0.0000 0.0000
v 0.039888 -0.353947 0.229921 0.0000 0.0000 0.0000
v 0.040138 -0.358759 0.233289 0.0000 0.0000 0.0000
v 0.042688 -0.354607 0.239262 0.0000 0.0000 0.0000
v 0.043262 -0.358854 0.242124 0.0000 0.0000 0.0000
v 0.044068 -0.355257 0.247456 0.0000 0.0000 0.0000
v 0.030885 -0.364481 0.225633 0.0000 0.0000 0.0000
v 0.030893 -0.368490 0.228919 0.0000 0.0000 0.0000
v 0.036552 -0.366419 0.231457 0.0000 0.0000 0.0000
v 0.040613 -0.362976 0.236206 0.0000 0.0000 0.0000
v 0.043797 -0.363598 0.244785 0.0000 0.0000 0.0000
v 0.044845 -0.359760 0.250446 0.0000 0.0000 0.0000
v 0.042460 -0.349737 0.235980 0.0000 0.0000 0.0000
v 0.043859 -0.346026 0.241429 0.0000 0.0000 0.0000
v 0.040756 -0.367298 0.239533 0.0000 0.0000 0.0000
v 0.036746 -0.370860 0.234587 0.0000 0.0000 0.0000
v 0.031347 -0.372955 0.231985 0.0000 0.0000 0.0000
v 0.025162 -0.350123 0.266912 0.0000 0.0000 0.0000
v 0.025353 -0.353393 0.269254 0.0000 0.0000 0.0000
v 0.032380 -0.351438 0.264200 0.0000 0.0000 0.0000
v 0.032972 -0.354687 0.266540 0.0000 0.0000 0.0000
v 0.039448 -0.353437 0.260491 0.0000 0.0000 0.0000
v 0.039816 -0.356778 0.262707 0.0000 0.0000 0.0000
v 0.043773 -0.356384 0.255624 0.0000 0.0000 0.0000
v 0.044429 -0.359707 0.257839 0.0000 0.0000 0.0000
v 0.045509 -0.363080 0.252663 0.0000 0.0000 0.0000
v 0.044355 -0.367192 0.246600 0.0000 0.0000 0.0000
v 0.041370 -0.370788 0.241499 0.0000 0.0000 0.0000
v 0.037123 -0.374230 0.236757 0.0000 0.0000 0.0000
v 0.031722 -0.376056 0.234560 0.0000 0.0000 0.0000
v 0.043101 -0.351870 0.252661 0.0000 0.0000 0.0000
v 0.038881 -0.348904 0.257545 0.0000 0.0000 0.0000
v 0.031828 -0.346890 0.261263 0.0000 0.0000 0.0000
v 0.024540 -0.345570 0.263990 0.0000 0.0000 0.0000
v 0.017347 -0.349379 0.268820 0.0000 0.0000 0.0000
v 0.017048 -0.344887 0.265770 0.0000 0.0000 0.0000
v 0.010417 -0.349885 0.268760 0.0000 0.0000 0.0000
v 0.010274 -0.345329 0.265781 0.0000 0.0000 0.0000
v 0.004392 -0.351304 0.267237 0.0000 0.0000 0.0000
v 0.004394 -0.346713 0.264303 0.0000 0.0000 0.0000
v -0.000166 -0.353290 0.264713 0.0000 0.0000 0.0000
v -0.000262 -0.348706 0.261760 0.0000 0.0000 0.0000
v -0.005406 -0.357037 0.259614 0.0000 0.0000 0.0000
v -0.007457 -0.352478 0.247509 0.0000 0.0000 0.0000
v -0.006001 -0.343247 0.250586 0.0000 0.0000 0.0000
v -0.008126 -0.347570 0.244324 0.0000 0.0000 0.0000
v -0.005226 -0.348209 0.253688 0.0000 0.0000 0.0000
v -0.007508 -0.356822 0.250318 0.0000 0.0000 0.0000
v -0.005185 -0.352469 0.256612 0.0000 0.0000 0.0000
v -0.007748 -0.361392 0.253310 0.0000 0.0000 0.0000
v -0.007834 -0.364815 0.255448 0.0000 0.0000 0.0000
v -0.005483 -0.360415 0.261821 0.0000 0.0000 0.0000
v -0.000381 -0.356583 0.267062 0.0000 0.0000 0.0000
v 0.004751 -0.354564 0.269577 0.0000 0.0000 0.0000
v 0.010490 -0.353304 0.270891 0.0000 0.0000 0.0000
v 0.017589 -0.352685 0.271102 0.0000 0.0000 0.0000
v -0.006966 -0.370110 0.247404 0.0000 0.0000 0.0000
v -0.006552 -0.366845 0.245002 0.0000 0.0000 0.0000
v -0.000442 -0.375140 0.239187 0.0000 0.0000 0.0000
v -0.010069 -0.336943 0.248302 0.0000 0.0000 0.0000
v -0.012125 -0.341918 0.241034 0.0000 0.0000 0.0000
v -0.000529 -0.344493 0.258793 0.0000 0.0000 0.0000
v -0.001445 -0.339466 0.255803 0.0000 0.0000 0.0000
v -0.005166 -0.332617 0.254312 0.0000 0.0000 0.0000
v -0.008248 -0.325197 0.252004 0.0000 0.0000 0.0000
v -0.013211 -0.329975 0.245322 0.0000 0.0000 0.0000
v -0.014933 -0.335598 0.237045 0.0000 0.0000 0.0000
v -0.010570 -0.348203 0.231432 0.0000 0.0000 0.0000
v -0.013359 -0.342263 0.226873 0.0000 0.0000 0.0000
v -0.003927 -0.354205 0.221750 0.0000 0.0000 0.0000
v -0.006230 -0.348898 0.216184 0.0000 0.0000 0.0000
v 0.006538 -0.357914 0.215132 0.0000 0.0000 0.0000
v 0.005106 -0.353061 0.208783 0.0000 0.0000 0.0000
v -0.000947 -0.358403 0.227326 0.0000 0.0000 0.0000
v 0.008373 -0.361579 0.221595 0.0000 0.0000 0.0000
v 0.017324 -0.361788 0.220370 0.0000 0.0000 0.0000
v 0.016969 -0.358225 0.213613 0.0000 0.0000 0.0000
v 0.017616 -0.366080 0.224511 0.0000 0.0000 0.0000
v -0.006111 -0.358016 0.239052 0.0000 0.0000 0.0000
v -0.006859 -0.353177 0.235785 0.0000 0.0000 0.0000
v -0.000174 -0.363012 0.230940 0.0000 0.0000 0.0000
v 0.009048 -0.365979 0.225539 0.0000 0.0000 0.0000
v 0.017882 -0.369993 0.227926 0.0000 0.0000 0.0000
v 0.009256 -0.370009 0.228783 0.0000 0.0000 0.0000
v 0.018178 -0.374360 0.231196 0.0000 0.0000 0.0000
v 0.009830 -0.374432 0.231940 0.0000 0.0000 0.0000
v 0.018421 -0.377682 0.233461 0.0000 0.0000 0.0000
v 0.009694 -0.377894 0.234024 0.0000 0.0000 0.0000
v -0.000070 -0.371717 0.237026 0.0000 0.0000 0.0000
v -0.005995 -0.362322 0.241901 0.0000 0.0000 0.0000
v 0.000036 -0.367189 0.233968 0.0000 0.0000 0.0000
v -0.015666 -0.125859 0.121560 0.0000 0.0000 0.0000
v -0.024201 -0.128827 0.117973 0.0000 0.0000 0.0000
v -0.013769 -0.137497 0.129699 0.0000 0.0000 0.0000
v -0.022675 -0.140478 0.126120 0.0000 0.0000 0.0000
v -0.025512 -0.116947 0.108763 0.0000 0.0000 0.0000
v -0.017430 -0.113621 0.112932 0.0000 0.0000 0.0000
v -0.009932 -0.111880 0.114787 0.0000 0.0000 0.0000
v -0.008137 -0.124191 0.123298 0.0000 0.0000 0.0000
v -0.006449 -0.135827 0.131469 0.0000 0.0000 0.0000
v 0.000567 -0.135226 0.131665 0.0000 0.0000 0.0000
v -0.000642 -0.123506 0.123569 0.0000 0.0000 0.0000
v -0.019259 -0.190462 0.111996 0.0000 0.0000 0.0000
v -0.024817 -0.189308 0.126507 0.0000 0.0000 0.0000
v -0.024584 -0.183723 0.122660 0.0000 0.0000 0.0000
v -0.019996 -0.196131 0.115768 0.0000 0.0000 0.0000
v -0.009657 -0.195307 0.103746 0.0000 0.0000 0.0000
v -0.010766 -0.201132 0.107322 0.0000 0.0000 0.0000
v -0.022174 -0.164102 0.090571 0.0000 0.0000 0.0000
v -0.013249 -0.158435 0.072380 0.0000 0.0000 0.0000
v -0.011968 -0.168851 0.082405 0.0000 0.0000 0.0000
v -0.023660 -0.153488 0.080873 0.0000 0.0000 0.0000
v -0.028166 -0.157135 0.101649 0.0000 0.0000 0.0000
v -0.030113 -0.146175 0.092515 0.0000 0.0000 0.0000
v -0.024851 -0.142075 0.070957 0.0000 0.0000 0.0000
v -0.031429 -0.134475 0.083074 0.0000 0.0000 0.0000
v 0.030443 -0.189411 0.134539 0.0000 0.0000 0.0000
v 0.030845 -0.193723 0.137281 0.0000 0.0000 0.0000
v 0.031437 -0.191296 0.131606 0.0000 0.0000 0.0000
v 0.031724 -0.195711 0.134206 0.0000 0.0000 0.0000
v 0.028997 -0.177419 0.126715 0.0000 0.0000 0.0000
v 0.028381 -0.175636 0.129456 0.0000 0.0000 0.0000
v 0.029237 -0.183107 0.130360 0.0000 0.0000 0.0000
v 0.028602 -0.181301 0.133137 0.0000 0.0000 0.0000
v 0.029404 -0.157901 0.118039 0.0000 0.0000 0.0000
v 0.029165 -0.167009 0.123982 0.0000 0.0000 0.0000
v 0.029865 -0.162812 0.110613 0.0000 0.0000 0.0000
v 0.029445 -0.171304 0.117234 0.0000 0.0000 0.0000
v 0.030418 -0.123177 0.093734 0.0000 0.0000 0.0000
v 0.029300 -0.135667 0.102271 0.0000 0.0000 0.0000
v 0.030587 -0.128687 0.085438 0.0000 0.0000 0.0000
v 0.030188 -0.140783 0.094494 0.0000 0.0000 0.0000
v 0.029856 -0.152447 0.102918 0.0000 0.0000 0.0000
v 0.029295 -0.147106 0.111090 0.0000 0.0000 0.0000
v 0.034796 -0.084714 0.066967 0.0000 0.0000 0.0000
v 0.033259 -0.098143 0.075632 0.0000 0.0000 0.0000
v 0.035279 -0.090495 0.058234 0.0000 0.0000 0.0000
v 0.033608 -0.103580 0.067429 0.0000 0.0000 0.0000
v 0.032234 -0.110453 0.083589 0.0000 0.0000 0.0000
v 0.032166 -0.115481 0.076040 0.0000 0.0000 0.0000
v -0.018817 -0.280110 0.198407 0.0000 0.0000 0.0000
v -0.016673 -0.274929 0.205935 0.0000 0.0000 0.0000
v -0.018511 -0.263093 0.198767 0.0000 0.0000 0.0000
v -0.016353 -0.283812 0.213731 0.0000 0.0000 0.0000
v -0.018240 -0.289384 0.205555 0.0000 0.0000 0.0000
v -0.022549 -0.256246 0.183216 0.0000 0.0000 0.0000
v -0.020173 -0.251102 0.190698 0.0000 0.0000 0.0000
v -0.021245 -0.239708 0.183793 0.0000 0.0000 0.0000
v -0.020779 -0.268224 0.191290 0.0000 0.0000 0.0000
v -0.019867 -0.274632 0.181571 0.0000 0.0000 0.0000
v -0.017793 -0.286353 0.188926 0.0000 0.0000 0.0000
v -0.017217 -0.296109 0.195359 0.0000 0.0000 0.0000
v -0.017616 -0.300103 0.213156 0.0000 0.0000 0.0000
v -0.015888 -0.294167 0.221869 0.0000 0.0000 0.0000
v -0.015974 -0.310537 0.220622 0.0000 0.0000 0.0000
v -0.014173 -0.305084 0.228604 0.0000 0.0000 0.0000
v -0.023809 -0.244870 0.176295 0.0000 0.0000 0.0000
v -0.014710 -0.317053 0.210715 0.0000 0.0000 0.0000
v -0.016657 -0.306678 0.203184 0.0000 0.0000 0.0000
v -0.013443 -0.314875 0.234701 0.0000 0.0000 0.0000
v -0.015068 -0.320283 0.226753 0.0000 0.0000 0.0000
v -0.014066 -0.326625 0.217124 0.0000 0.0000 0.0000
v -0.008257 -0.323742 0.200014 0.0000 0.0000 0.0000
v -0.010191 -0.313534 0.192235 0.0000 0.0000 0.0000
v -0.010839 -0.302897 0.184540 0.0000 0.0000 0.0000
v -0.011697 -0.292913 0.178475 0.0000 0.0000 0.0000
v -0.013492 -0.281382 0.170782 0.0000 0.0000 0.0000
v -0.015066 -0.269842 0.162032 0.0000 0.0000 0.0000
v -0.021729 -0.262774 0.173325 0.0000 0.0000 0.0000
v -0.022948 -0.251600 0.166097 0.0000 0.0000 0.0000
v -0.025472 -0.233267 0.169263 0.0000 0.0000 0.0000
v -0.016417 -0.258853 0.154547 0.0000 0.0000 0.0000
v -0.007355 -0.333423 0.206234 0.0000 0.0000 0.0000
v -0.001502 -0.297356 0.170789 0.0000 0.0000 0.0000
v -0.002803 -0.285912 0.162894 0.0000 0.0000 0.0000
v -0.000171 -0.307487 0.176583 0.0000 0.0000 0.0000
v 0.000641 -0.318134 0.184227 0.0000 0.0000 0.0000
v 0.002355 -0.328224 0.192198 0.0000 0.0000 0.0000
v 0.003740 -0.337863 0.198439 0.0000 0.0000 0.0000
v -0.008143 -0.241484 0.129695 0.0000 0.0000 0.0000
v -0.020047 -0.236357 0.138601 0.0000 0.0000 0.0000
v -0.009056 -0.233051 0.124573 0.0000 0.0000 0.0000
v -0.020306 -0.227934 0.133399 0.0000 0.0000 0.0000
v -0.026034 -0.228644 0.150795 0.0000 0.0000 0.0000
v -0.025886 -0.220401 0.145281 0.0000 0.0000 0.0000
v -0.026255 -0.213502 0.155685 0.0000 0.0000 0.0000
v -0.026247 -0.221637 0.161345 0.0000 0.0000 0.0000
v -0.024346 -0.240413 0.158412 0.0000 0.0000 0.0000
v -0.018035 -0.247855 0.146593 0.0000 0.0000 0.0000
v -0.006829 -0.252798 0.138033 0.0000 0.0000 0.0000
v -0.005306 -0.263692 0.146157 0.0000 0.0000 0.0000
v -0.003835 -0.274567 0.153798 0.0000 0.0000 0.0000
v -0.027079 -0.104616 0.043312 0.0000 0.0000 0.0000
v -0.033987 -0.097186 0.055169 0.0000 0.0000 0.0000
v -0.027398 -0.091850 0.034815 0.0000 0.0000 0.0000
v -0.034234 -0.084392 0.046706 0.0000 0.0000 0.0000
v -0.015524 -0.122460 0.044027 0.0000 0.0000 0.0000
v -0.026663 -0.117536 0.052557 0.0000 0.0000 0.0000
v -0.015867 -0.109289 0.035163 0.0000 0.0000 0.0000
v -0.033449 -0.109977 0.064604 0.0000 0.0000 0.0000
v -0.032464 -0.121872 0.073063 0.0000 0.0000 0.0000
v -0.025732 -0.129419 0.060993 0.0000 0.0000 0.0000
v 0.035280 -0.083707 0.040729 0.0000 0.0000 0.0000
v 0.033723 -0.096119 0.049942 0.0000 0.0000 0.0000
v 0.029360 -0.089835 0.032124 0.0000 0.0000 0.0000
v 0.028284 -0.102076 0.041543 0.0000 0.0000 0.0000
v 0.031942 -0.108915 0.059581 0.0000 0.0000 0.0000
v 0.030317 -0.120618 0.068509 0.0000 0.0000 0.0000
v 0.026599 -0.114658 0.051492 0.0000 0.0000 0.0000
v 0.024881 -0.126150 0.060748 0.0000 0.0000 0.0000
v 0.008382 -0.059099 0.080410 0.0000 0.0000 0.0000
v 0.007768 -0.072112 0.088631 0.0000 0.0000 0.0000
v 0.016473 -0.060755 0.077105 0.0000 0.0000 0.0000
v 0.016573 -0.073659 0.085417 0.0000 0.0000 0.0000
v 0.006829 -0.085811 0.096833 0.0000 0.0000 0.0000
v 0.006332 -0.098139 0.104708 0.0000 0.0000 0.0000
v 0.016167 -0.087391 0.093516 0.0000 0.0000 0.0000
v 0.016039 -0.100112 0.100763 0.0000 0.0000 0.0000
v 0.013311 -0.157430 0.139447 0.0000 0.0000 0.0000
v 0.014986 -0.148252 0.133994 0.0000 0.0000 0.0000
v 0.006660 -0.155858 0.142478 0.0000 0.0000 0.0000
v 0.007226 -0.146619 0.137231 0.0000 0.0000 0.0000
v 0.012092 -0.171650 0.149308 0.0000 0.0000 0.0000
v 0.012642 -0.166190 0.145241 0.0000 0.0000 0.0000
v 0.006717 -0.169843 0.152565 0.0000 0.0000 0.0000
v 0.006748 -0.164349 0.148602 0.0000 0.0000 0.0000
v -0.018671 -0.168639 0.144725 0.0000 0.0000 0.0000
v -0.018570 -0.173889 0.149042 0.0000 0.0000 0.0000
v -0.010951 -0.165550 0.148586 0.0000 0.0000 0.0000
v -0.010965 -0.170724 0.153029 0.0000 0.0000 0.0000
v -0.005280 -0.164310 0.149877 0.0000 0.0000 0.0000
v -0.005245 -0.169697 0.153994 0.0000 0.0000 0.0000
v 0.000383 -0.169155 0.154240 0.0000 0.0000 0.0000
v 0.000265 -0.163755 0.150149 0.0000 0.0000 0.0000
v -0.020481 -0.207074 0.122410 0.0000 0.0000 0.0000
v -0.011671 -0.207796 0.111172 0.0000 0.0000 0.0000
v -0.011624 -0.212239 0.113755 0.0000 0.0000 0.0000
v -0.020465 -0.202646 0.119799 0.0000 0.0000 0.0000
v -0.024892 -0.200099 0.133336 0.0000 0.0000 0.0000
v -0.024876 -0.195724 0.130644 0.0000 0.0000 0.0000
v -0.025940 -0.189813 0.139633 0.0000 0.0000 0.0000
v -0.026008 -0.193939 0.142703 0.0000 0.0000 0.0000
v -0.021540 -0.151032 0.133509 0.0000 0.0000 0.0000
v -0.020447 -0.160169 0.138741 0.0000 0.0000 0.0000
v -0.012773 -0.148260 0.136787 0.0000 0.0000 0.0000
v -0.011851 -0.157456 0.141949 0.0000 0.0000 0.0000
v -0.005938 -0.146583 0.138616 0.0000 0.0000 0.0000
v -0.005839 -0.155806 0.143819 0.0000 0.0000 0.0000
v 0.000890 -0.146006 0.138792 0.0000 0.0000 0.0000
v 0.000403 -0.155253 0.144020 0.0000 0.0000 0.0000
v 0.029940 -0.209977 0.148134 0.0000 0.0000 0.0000
v 0.030102 -0.207412 0.146094 0.0000 0.0000 0.0000
v 0.030582 -0.211209 0.153384 0.0000 0.0000 0.0000
v 0.029708 -0.205239 0.149339 0.0000 0.0000 0.0000
v 0.044276 -0.318327 0.223668 0.0000 0.0000 0.0000
v 0.042588 -0.322778 0.217156 0.0000 0.0000 0.0000
v 0.042972 -0.308825 0.217170 0.0000 0.0000 0.0000
v 0.040839 -0.313460 0.210433 0.0000 0.0000 0.0000
v 0.041551 -0.298149 0.210036 0.0000 0.0000 0.0000
v 0.039775 -0.303125 0.202762 0.0000 0.0000 0.0000
v 0.039215 -0.287244 0.202888 0.0000 0.0000 0.0000
v 0.037959 -0.292315 0.195400 0.0000 0.0000 0.0000
v 0.036739 -0.277456 0.196652 0.0000 0.0000 0.0000
v 0.036021 -0.282364 0.189346 0.0000 0.0000 0.0000
v 0.035834 -0.265653 0.189425 0.0000 0.0000 0.0000
v 0.035478 -0.270878 0.181610 0.0000 0.0000 0.0000
v 0.034527 -0.253574 0.181417 0.0000 0.0000 0.0000
v 0.034249 -0.258931 0.173396 0.0000 0.0000 0.0000
v 0.033207 -0.242488 0.174054 0.0000 0.0000 0.0000
v 0.033136 -0.247699 0.166231 0.0000 0.0000 0.0000
v 0.031887 -0.231059 0.166783 0.0000 0.0000 0.0000
v 0.032206 -0.236586 0.158446 0.0000 0.0000 0.0000
v 0.031494 -0.219009 0.159431 0.0000 0.0000 0.0000
v 0.031993 -0.224824 0.150647 0.0000 0.0000 0.0000
v 0.031055 -0.216261 0.145745 0.0000 0.0000 0.0000
v 0.028990 -0.133708 0.078056 0.0000 0.0000 0.0000
v 0.028652 -0.145759 0.087173 0.0000 0.0000 0.0000
v 0.023089 -0.139064 0.070605 0.0000 0.0000 0.0000
v 0.023329 -0.150548 0.080516 0.0000 0.0000 0.0000
v -0.011502 -0.279101 0.220315 0.0000 0.0000 0.0000
v -0.005418 -0.276801 0.223170 0.0000 0.0000 0.0000
v -0.011838 -0.270385 0.212264 0.0000 0.0000 0.0000
v -0.006710 -0.267923 0.215486 0.0000 0.0000 0.0000
v -0.007686 -0.256286 0.207899 0.0000 0.0000 0.0000
v -0.009274 -0.300564 0.234881 0.0000 0.0000 0.0000
v -0.002449 -0.298381 0.237481 0.0000 0.0000 0.0000
v -0.010946 -0.289311 0.228646 0.0000 0.0000 0.0000
v -0.002071 -0.308110 0.243716 0.0000 0.0000 0.0000
v 0.002527 -0.297247 0.238681 0.0000 0.0000 0.0000
v 0.003551 -0.306722 0.245225 0.0000 0.0000 0.0000
v 0.013312 -0.306096 0.245179 0.0000 0.0000 0.0000
v 0.012271 -0.296573 0.238692 0.0000 0.0000 0.0000
v 0.011220 -0.285403 0.232265 0.0000 0.0000 0.0000
v 0.000781 -0.285981 0.232478 0.0000 0.0000 0.0000
v -0.000184 -0.275415 0.224713 0.0000 0.0000 0.0000
v -0.003684 -0.287108 0.231213 0.0000 0.0000 0.0000
v -0.000366 -0.266442 0.217026 0.0000 0.0000 0.0000
v -0.001002 -0.254772 0.209497 0.0000 0.0000 0.0000
v -0.002050 -0.242699 0.201470 0.0000 0.0000 0.0000
v -0.008909 -0.244204 0.199908 0.0000 0.0000 0.0000
v -0.003428 -0.231577 0.194185 0.0000 0.0000 0.0000
v -0.008835 -0.310364 0.241014 0.0000 0.0000 0.0000
v 0.009692 -0.274757 0.224679 0.0000 0.0000 0.0000
v 0.008011 -0.266028 0.216801 0.0000 0.0000 0.0000
v 0.007165 -0.254087 0.209700 0.0000 0.0000 0.0000
v 0.006207 -0.242058 0.201604 0.0000 0.0000 0.0000
v 0.005454 -0.230959 0.194217 0.0000 0.0000 0.0000
v 0.004433 -0.218990 0.187691 0.0000 0.0000 0.0000
v -0.013469 -0.258688 0.204875 0.0000 0.0000 0.0000
v -0.014993 -0.246685 0.196804 0.0000 0.0000 0.0000
v -0.009986 -0.233122 0.192530 0.0000 0.0000 0.0000
v -0.015699 -0.235293 0.189855 0.0000 0.0000 0.0000
v -0.017357 -0.223336 0.183364 0.0000 0.0000 0.0000
v -0.011548 -0.220838 0.186530 0.0000 0.0000 0.0000
v -0.011896 -0.208184 0.180108 0.0000 0.0000 0.0000
v -0.018184 -0.210831 0.176765 0.0000 0.0000 0.0000
v -0.018807 -0.202915 0.170838 0.0000 0.0000 0.0000
v -0.012604 -0.200083 0.174465 0.0000 0.0000 0.0000
v -0.005403 -0.198666 0.175867 0.0000 0.0000 0.0000
v -0.005612 -0.207047 0.181180 0.0000 0.0000 0.0000
v 0.002105 -0.198187 0.175828 0.0000 0.0000 0.0000
v 0.002996 -0.206504 0.181126 0.0000 0.0000 0.0000
v -0.005128 -0.219586 0.187762 0.0000 0.0000 0.0000
v -0.020440 -0.182156 0.105705 0.0000 0.0000 0.0000
v -0.010755 -0.178686 0.090869 0.0000 0.0000 0.0000
v -0.010428 -0.186701 0.097864 0.0000 0.0000 0.0000
v -0.021070 -0.173995 0.098959 0.0000 0.0000 0.0000
v -0.026168 -0.175538 0.116227 0.0000 0.0000 0.0000
v -0.026972 -0.167137 0.109860 0.0000 0.0000 0.0000
v -0.029022 -0.160478 0.120073 0.0000 0.0000 0.0000
v -0.027858 -0.169368 0.125669 0.0000 0.0000 0.0000
v 0.016122 -0.266440 0.215329 0.0000 0.0000 0.0000
v 0.017670 -0.275446 0.222815 0.0000 0.0000 0.0000
v 0.022608 -0.267861 0.212520 0.0000 0.0000 0.0000
v 0.024137 -0.277030 0.219769 0.0000 0.0000 0.0000
v 0.009122 -0.198826 0.174158 0.0000 0.0000 0.0000
v 0.009468 -0.207150 0.179501 0.0000 0.0000 0.0000
v 0.015840 -0.200653 0.170734 0.0000 0.0000 0.0000
v 0.016544 -0.208609 0.176587 0.0000 0.0000 0.0000
v 0.022055 -0.203524 0.165793 0.0000 0.0000 0.0000
v 0.023385 -0.211683 0.171270 0.0000 0.0000 0.0000
v 0.024795 -0.223392 0.179020 0.0000 0.0000 0.0000
v 0.018852 -0.221140 0.183004 0.0000 0.0000 0.0000
v 0.020318 -0.233104 0.189473 0.0000 0.0000 0.0000
v 0.026982 -0.235422 0.185318 0.0000 0.0000 0.0000
v 0.028490 -0.246462 0.192728 0.0000 0.0000 0.0000
v 0.021284 -0.244116 0.196976 0.0000 0.0000 0.0000
v 0.022265 -0.256002 0.205297 0.0000 0.0000 0.0000
v 0.030778 -0.258434 0.200785 0.0000 0.0000 0.0000
v 0.032819 -0.270478 0.207556 0.0000 0.0000 0.0000
v 0.034730 -0.279663 0.214747 0.0000 0.0000 0.0000
v 0.036489 -0.290424 0.222170 0.0000 0.0000 0.0000
v 0.037650 -0.283132 0.209232 0.0000 0.0000 0.0000
v 0.028150 -0.214867 0.165996 0.0000 0.0000 0.0000
v 0.028834 -0.226827 0.173450 0.0000 0.0000 0.0000
v 0.030919 -0.238186 0.180759 0.0000 0.0000 0.0000
v 0.033130 -0.249376 0.187875 0.0000 0.0000 0.0000
v 0.011308 -0.219731 0.185883 0.0000 0.0000 0.0000
v 0.012692 -0.231600 0.192512 0.0000 0.0000 0.0000
v 0.034488 -0.261688 0.195518 0.0000 0.0000 0.0000
v 0.035233 -0.273513 0.202750 0.0000 0.0000 0.0000
v 0.013917 -0.242624 0.199968 0.0000 0.0000 0.0000
v 0.015021 -0.254580 0.208167 0.0000 0.0000 0.0000
v 0.039457 -0.293757 0.216861 0.0000 0.0000 0.0000
v 0.037470 -0.301039 0.229430 0.0000 0.0000 0.0000
v 0.040538 -0.304628 0.223721 0.0000 0.0000 0.0000
v 0.038733 -0.310847 0.235472 0.0000 0.0000 0.0000
v 0.042299 -0.314187 0.230087 0.0000 0.0000 0.0000
v 0.028012 -0.307885 0.241005 0.0000 0.0000 0.0000
v 0.020023 -0.297098 0.237120 0.0000 0.0000 0.0000
v 0.020892 -0.306801 0.243353 0.0000 0.0000 0.0000
v 0.026856 -0.298503 0.234318 0.0000 0.0000 0.0000
v 0.026263 -0.287175 0.228070 0.0000 0.0000 0.0000
v 0.019162 -0.285808 0.230850 0.0000 0.0000 0.0000
v 0.014738 -0.195026 0.166196 0.0000 0.0000 0.0000
v 0.014126 -0.190913 0.163078 0.0000 0.0000 0.0000
v 0.008470 -0.193020 0.169844 0.0000 0.0000 0.0000
v 0.007724 -0.188894 0.166759 0.0000 0.0000 0.0000
v 0.013082 -0.182256 0.156305 0.0000 0.0000 0.0000
v 0.012813 -0.178070 0.153361 0.0000 0.0000 0.0000
v 0.006514 -0.180183 0.160085 0.0000 0.0000 0.0000
v 0.006272 -0.175987 0.157151 0.0000 0.0000 0.0000
v -0.018532 -0.192985 0.163266 0.0000 0.0000 0.0000
v -0.018453 -0.197107 0.166424 0.0000 0.0000 0.0000
v -0.011521 -0.190035 0.166989 0.0000 0.0000 0.0000
v -0.011942 -0.194179 0.170165 0.0000 0.0000 0.0000
v -0.004947 -0.188802 0.168178 0.0000 0.0000 0.0000
v -0.004743 -0.192839 0.171451 0.0000 0.0000 0.0000
v 0.001109 -0.188347 0.168249 0.0000 0.0000 0.0000
v 0.001647 -0.192426 0.171426 0.0000 0.0000 0.0000
v -0.018654 -0.180157 0.153405 0.0000 0.0000 0.0000
v -0.018598 -0.184286 0.156458 0.0000 0.0000 0.0000
v -0.011430 -0.176994 0.157428 0.0000 0.0000 0.0000
v -0.011674 -0.181187 0.160415 0.0000 0.0000 0.0000
v -0.005280 -0.175751 0.158674 0.0000 0.0000 0.0000
v -0.005727 -0.179959 0.161659 0.0000 0.0000 0.0000
v 0.000180 -0.175402 0.158646 0.0000 0.0000 0.0000
v 0.000193 -0.179648 0.161528 0.0000 0.0000 0.0000
v 0.005870 -0.111551 0.113684 0.0000 0.0000 0.0000
v 0.006506 -0.124018 0.122077 0.0000 0.0000 0.0000
v 0.015017 -0.113250 0.110207 0.0000 0.0000 0.0000
v 0.014536 -0.125496 0.119045 0.0000 0.0000 0.0000
v 0.008123 -0.135756 0.130113 0.0000 0.0000 0.0000
v 0.015371 -0.137594 0.126653 0.0000 0.0000 0.0000
v -0.020321 -0.075485 0.086404 0.0000 0.0000 0.0000
v -0.028598 -0.065924 0.073897 0.0000 0.0000 0.0000
v -0.028112 -0.078920 0.082027 0.0000 0.0000 0.0000
v -0.021599 -0.063121 0.077403 0.0000 0.0000 0.0000
v -0.013026 -0.060809 0.080006 0.0000 0.0000 0.0000
v -0.012414 -0.073462 0.088643 0.0000 0.0000 0.0000
v 0.037143 -0.353179 0.219157 0.0000 0.0000 0.0000
v 0.037762 -0.347670 0.213595 0.0000 0.0000 0.0000
v 0.041244 -0.349018 0.225026 0.0000 0.0000 0.0000
v 0.042496 -0.342986 0.220161 0.0000 0.0000 0.0000
v 0.044640 -0.344260 0.231802 0.0000 0.0000 0.0000
v 0.046500 -0.340097 0.237913 0.0000 0.0000 0.0000
v 0.044374 -0.336257 0.243890 0.0000 0.0000 0.0000
v 0.047853 -0.333499 0.233884 0.0000 0.0000 0.0000
v 0.045833 -0.329400 0.240244 0.0000 0.0000 0.0000
v 0.040703 -0.332784 0.249472 0.0000 0.0000 0.0000
v 0.038453 -0.339524 0.251751 0.0000 0.0000 0.0000
v 0.031209 -0.337626 0.255313 0.0000 0.0000 0.0000
v 0.031334 -0.342698 0.258309 0.0000 0.0000 0.0000
v 0.023941 -0.341206 0.261293 0.0000 0.0000 0.0000
v 0.016767 -0.340534 0.263032 0.0000 0.0000 0.0000
v 0.038707 -0.344545 0.254813 0.0000 0.0000 0.0000
v 0.042223 -0.342592 0.246763 0.0000 0.0000 0.0000
v 0.043762 -0.350964 0.244638 0.0000 0.0000 0.0000
v 0.042783 -0.347546 0.249889 0.0000 0.0000 0.0000
v 0.023483 -0.336110 0.258366 0.0000 0.0000 0.0000
v 0.016452 -0.335528 0.259958 0.0000 0.0000 0.0000
v 0.009928 -0.340901 0.263160 0.0000 0.0000 0.0000
v 0.008855 -0.335912 0.260143 0.0000 0.0000 0.0000
v 0.004323 -0.342319 0.261597 0.0000 0.0000 0.0000
v 0.003342 -0.337253 0.258678 0.0000 0.0000 0.0000
v 0.006980 -0.328608 0.259161 0.0000 0.0000 0.0000
v 0.000444 -0.330195 0.257416 0.0000 0.0000 0.0000
v 0.005410 -0.321251 0.256565 0.0000 0.0000 0.0000
v -0.001640 -0.322790 0.254965 0.0000 0.0000 0.0000
v 0.031219 -0.329970 0.254637 0.0000 0.0000 0.0000
v 0.022899 -0.328528 0.257629 0.0000 0.0000 0.0000
v 0.015969 -0.328123 0.258959 0.0000 0.0000 0.0000
v 0.015076 -0.320602 0.256561 0.0000 0.0000 0.0000
v 0.041921 -0.325705 0.246187 0.0000 0.0000 0.0000
v 0.031151 -0.322521 0.252050 0.0000 0.0000 0.0000
v 0.022355 -0.321099 0.255073 0.0000 0.0000 0.0000
v 0.001078 0.053001 0.008729 0.0000 0.0000 0.0000
v 0.015218 0.039616 0.015581 0.0000 0.0000 0.0000
v 0.014341 0.051989 0.008323 0.0000 0.0000 0.0000
v -0.009103 0.040631 0.017266 0.0000 0.0000 0.0000
v -0.021876 0.047765 0.004821 0.0000 0.0000 0.0000
v -0.020561 0.037457 0.014309 0.0000 0.0000 0.0000
v -0.009772 0.051890 0.008406 0.0000 0.0000 0.0000
v 0.002406 0.040797 0.016953 0.0000 0.0000 0.0000
v 0.015993 0.026737 0.022830 0.0000 0.0000 0.0000
v -0.042756 0.024858 -0.017227 0.0000 0.0000 0.0000
v -0.040618 0.016313 -0.007901 0.0000 0.0000 0.0000
v -0.036376 0.025001 0.001172 0.0000 0.0000 0.0000
v -0.036154 0.015685 0.010023 0.0000 0.0000 0.0000
v -0.029258 0.031794 0.008326 0.0000 0.0000 0.0000
v -0.028048 0.021736 0.017435 0.0000 0.0000 0.0000
v -0.019446 0.026026 0.022729 0.0000 0.0000 0.0000
v -0.007906 0.028295 0.025545 0.0000 0.0000 0.0000
v 0.003753 0.028552 0.024901 0.0000 0.0000 0.0000
v 0.016859 0.015445 0.029346 0.0000 0.0000 0.0000
v 0.004977 0.017219 0.031900 0.0000 0.0000 0.0000
v 0.017566 0.003289 0.036820 0.0000 0.0000 0.0000
v 0.006189 0.004910 0.039732 0.0000 0.0000 0.0000
v 0.017888 -0.007931 0.043970 0.0000 0.0000 0.0000
v 0.006849 -0.006225 0.047311 0.0000 0.0000 0.0000
v -0.005923 -0.006217 0.048522 0.0000 0.0000 0.0000
v -0.037560 0.034552 -0.008428 0.0000 0.0000 0.0000
v -0.030325 0.041554 -0.001615 0.0000 0.0000 0.0000
v -0.027106 0.011240 0.025926 0.0000 0.0000 0.0000
v -0.018504 0.014926 0.030438 0.0000 0.0000 0.0000
v -0.035141 0.005700 0.018694 0.0000 0.0000 0.0000
v -0.033667 -0.005146 0.028531 0.0000 0.0000 0.0000
v -0.026177 -0.000823 0.034175 0.0000 0.0000 0.0000
v -0.017113 0.002957 0.038932 0.0000 0.0000 0.0000
v -0.007338 0.017085 0.032802 0.0000 0.0000 0.0000
v -0.006633 0.004904 0.040903 0.0000 0.0000 0.0000
v -0.016146 -0.008273 0.046416 0.0000 0.0000 0.0000
v -0.024975 -0.011960 0.041721 0.0000 0.0000 0.0000
v -0.032894 -0.015973 0.036510 0.0000 0.0000 0.0000
v -0.037663 -0.021173 0.029307 0.0000 0.0000 0.0000
v -0.038322 -0.010632 0.021043 0.0000 0.0000 0.0000
v -0.039542 0.000010 0.011209 0.0000 0.0000 0.0000
v -0.039857 0.008448 0.001384 0.0000 0.0000 0.0000
v -0.041742 0.000655 -0.007035 0.0000 0.0000 0.0000
v -0.042479 0.007304 -0.016346 0.0000 0.0000 0.0000
v -0.045077 0.014586 -0.026009 0.0000 0.0000 0.0000
v -0.040994 -0.006592 0.002773 0.0000 0.0000 0.0000
v -0.039679 -0.002496 -0.025689 0.0000 0.0000 0.0000
v -0.042614 0.002757 -0.036421 0.0000 0.0000 0.0000
v -0.031264 -0.012112 -0.035433 0.0000 0.0000 0.0000
v -0.033321 -0.007710 -0.046395 0.0000 0.0000 0.0000
v -0.018939 -0.019985 -0.043260 0.0000 0.0000 0.0000
v -0.019405 -0.015874 -0.053344 0.0000 0.0000 0.0000
v -0.006423 -0.024248 -0.046146 0.0000 0.0000 0.0000
v -0.006405 -0.020808 -0.055320 0.0000 0.0000 0.0000
v -0.038858 -0.007978 -0.016309 0.0000 0.0000 0.0000
v -0.030215 -0.023328 -0.018189 0.0000 0.0000 0.0000
v -0.018261 -0.024813 -0.035290 0.0000 0.0000 0.0000
v -0.017831 -0.030514 -0.027278 0.0000 0.0000 0.0000
v -0.005765 -0.033057 -0.030284 0.0000 0.0000 0.0000
v -0.005145 -0.040528 -0.021617 0.0000 0.0000 0.0000
v -0.017584 -0.038780 -0.018646 0.0000 0.0000 0.0000
v -0.004494 -0.048668 -0.012592 0.0000 0.0000 0.0000
v -0.016868 -0.047302 -0.009700 0.0000 0.0000 0.0000
v -0.029125 -0.041544 -0.000544 0.0000 0.0000 0.0000
v -0.029734 -0.032411 -0.009305 0.0000 0.0000 0.0000
v -0.037627 -0.024241 0.002242 0.0000 0.0000 0.0000
v -0.038515 -0.014584 -0.007239 0.0000 0.0000 0.0000
v -0.030462 -0.017188 -0.026635 0.0000 0.0000 0.0000
v -0.006146 -0.028112 -0.038287 0.0000 0.0000 0.0000
v -0.037085 -0.034117 0.010636 0.0000 0.0000 0.0000
v -0.018418 -0.100548 0.103592 0.0000 0.0000 0.0000
v -0.027566 -0.092182 0.090737 0.0000 0.0000 0.0000
v -0.026636 -0.103869 0.099439 0.0000 0.0000 0.0000
v -0.019450 -0.088672 0.095190 0.0000 0.0000 0.0000
v -0.011862 -0.086555 0.097604 0.0000 0.0000 0.0000
v -0.010781 -0.098484 0.105919 0.0000 0.0000 0.0000
v 0.046976 0.006709 -0.021219 0.0000 0.0000 0.0000
v 0.048287 0.003197 -0.042864 0.0000 0.0000 0.0000
v 0.049955 0.016868 -0.029579 0.0000 0.0000 0.0000
v 0.045446 -0.004462 -0.033260 0.0000 0.0000 0.0000
v 0.044859 -0.002334 -0.012976 0.0000 0.0000 0.0000
v 0.040255 -0.009532 -0.052686 0.0000 0.0000 0.0000
v 0.010151 -0.040254 -0.022555 0.0000 0.0000 0.0000
v 0.023106 -0.046447 -0.012028 0.0000 0.0000 0.0000
v 0.010412 -0.048237 -0.013380 0.0000 0.0000 0.0000
v 0.023687 -0.038585 -0.021460 0.0000 0.0000 0.0000
v 0.009845 -0.033233 -0.031550 0.0000 0.0000 0.0000
v 0.024360 -0.031535 -0.030718 0.0000 0.0000 0.0000
v 0.009643 -0.028793 -0.039815 0.0000 0.0000 0.0000
v 0.024774 -0.026495 -0.039000 0.0000 0.0000 0.0000
v 0.009495 -0.025279 -0.047791 0.0000 0.0000 0.0000
v 0.024957 -0.022040 -0.046604 0.0000 0.0000 0.0000
v 0.009275 -0.021755 -0.056577 0.0000 0.0000 0.0000
v 0.025210 -0.017978 -0.055704 0.0000 0.0000 0.0000
v 0.038330 -0.014470 -0.041616 0.0000 0.0000 0.0000
v 0.043013 -0.011681 -0.024284 0.0000 0.0000 0.0000
v 0.041616 -0.018873 -0.016466 0.0000 0.0000 0.0000
v 0.043118 -0.010239 -0.005033 0.0000 0.0000 0.0000
v 0.039662 -0.027222 -0.007333 0.0000 0.0000 0.0000
v 0.036531 -0.020750 -0.033952 0.0000 0.0000 0.0000
v 0.034855 -0.027052 -0.026277 0.0000 0.0000 0.0000
v 0.033588 -0.034798 -0.017267 0.0000 0.0000 0.0000
v 0.038238 -0.036051 0.001425 0.0000 0.0000 0.0000
v 0.032537 -0.043150 -0.008010 0.0000 0.0000 0.0000
v 0.041692 -0.019490 0.003490 0.0000 0.0000 0.0000
v 0.040357 -0.028690 0.012091 0.0000 0.0000 0.0000
v 0.039958 -0.021105 0.023174 0.0000 0.0000 0.0000
v 0.040842 -0.010736 0.015865 0.0000 0.0000 0.0000
v 0.041301 -0.000355 0.008117 0.0000 0.0000 0.0000
v 0.042198 0.008417 0.000414 0.0000 0.0000 0.0000
v 0.043674 0.018649 -0.007672 0.0000 0.0000 0.0000
v -0.027716 -0.063745 0.016876 0.0000 0.0000 0.0000
v -0.028191 -0.051417 0.007277 0.0000 0.0000 0.0000
v -0.015843 -0.068432 0.008635 0.0000 0.0000 0.0000
v -0.016168 -0.056384 -0.001401 0.0000 0.0000 0.0000
v -0.027501 -0.077396 0.026109 0.0000 0.0000 0.0000
v -0.015624 -0.082036 0.017934 0.0000 0.0000 0.0000
v -0.034800 -0.069967 0.038009 0.0000 0.0000 0.0000
v -0.035177 -0.056591 0.028380 0.0000 0.0000 0.0000
v -0.035951 -0.044223 0.018870 0.0000 0.0000 0.0000
v -0.004293 -0.031167 0.063559 0.0000 0.0000 0.0000
v -0.005173 -0.017817 0.055434 0.0000 0.0000 0.0000
v -0.015542 -0.019964 0.053255 0.0000 0.0000 0.0000
v 0.007163 -0.017689 0.054379 0.0000 0.0000 0.0000
v 0.007292 -0.031515 0.061770 0.0000 0.0000 0.0000
v -0.024070 -0.023587 0.048675 0.0000 0.0000 0.0000
v -0.023691 -0.036071 0.058049 0.0000 0.0000 0.0000
v -0.015176 -0.033197 0.061507 0.0000 0.0000 0.0000
v -0.013901 -0.046909 0.070630 0.0000 0.0000 0.0000
v -0.003900 -0.045060 0.072346 0.0000 0.0000 0.0000
v 0.007867 -0.045398 0.070612 0.0000 0.0000 0.0000
v 0.017654 -0.032631 0.059038 0.0000 0.0000 0.0000
v 0.017138 -0.046635 0.067814 0.0000 0.0000 0.0000
v -0.022796 -0.049546 0.067545 0.0000 0.0000 0.0000
v -0.030796 -0.039168 0.054115 0.0000 0.0000 0.0000
v -0.029771 -0.052534 0.063729 0.0000 0.0000 0.0000
v 0.022611 -0.055023 -0.003276 0.0000 0.0000 0.0000
v 0.023060 -0.066341 0.007845 0.0000 0.0000 0.0000
v 0.010423 -0.056872 -0.004821 0.0000 0.0000 0.0000
v 0.009860 -0.068366 0.006136 0.0000 0.0000 0.0000
v 0.009774 -0.081836 0.015675 0.0000 0.0000 0.0000
v 0.022288 -0.079672 0.017672 0.0000 0.0000 0.0000
v 0.037158 -0.045450 0.009637 0.0000 0.0000 0.0000
v 0.036899 -0.056995 0.020488 0.0000 0.0000 0.0000
v 0.031664 -0.052125 0.000615 0.0000 0.0000 0.0000
v 0.031548 -0.063067 0.011912 0.0000 0.0000 0.0000
v 0.036360 -0.070192 0.030493 0.0000 0.0000 0.0000
v 0.031121 -0.075951 0.022386 0.0000 0.0000 0.0000
v -0.038175 -0.037316 0.029472 0.0000 0.0000 0.0000
v -0.037148 -0.049506 0.039223 0.0000 0.0000 0.0000
v -0.036389 -0.031947 0.037359 0.0000 0.0000 0.0000
v -0.035338 -0.044015 0.047291 0.0000 0.0000 0.0000
v 0.038873 -0.031471 0.030466 0.0000 0.0000 0.0000
v 0.038154 -0.044039 0.039826 0.0000 0.0000 0.0000
v 0.039190 -0.038126 0.020435 0.0000 0.0000 0.0000
v 0.038561 -0.050256 0.030443 0.0000 0.0000 0.0000
v 0.037766 -0.063815 0.039922 0.0000 0.0000 0.0000
v 0.036878 -0.057277 0.049831 0.0000 0.0000 0.0000
v -0.020628 -0.221395 0.130153 0.0000 0.0000 0.0000
v -0.010836 -0.221976 0.118929 0.0000 0.0000 0.0000
v -0.010310 -0.226591 0.121303 0.0000 0.0000 0.0000
v -0.020437 -0.216713 0.127807 0.0000 0.0000 0.0000
v -0.025568 -0.214031 0.141715 0.0000 0.0000 0.0000
v -0.025131 -0.209493 0.139130 0.0000 0.0000 0.0000
v -0.026056 -0.207397 0.151733 0.0000 0.0000 0.0000
v -0.025918 -0.203046 0.148896 0.0000 0.0000 0.0000
v -0.006214 -0.019386 -0.061258 0.0000 0.0000 0.0000
v 0.009483 -0.019360 -0.062023 0.0000 0.0000 0.0000
v -0.006405 -0.020808 -0.055320 0.0000 0.0000 0.0000
v -0.002873 -0.097052 0.024528 0.0000 0.0000 0.0000
v -0.002876 -0.082913 0.015332 0.0000 0.0000 0.0000
v -0.002989 -0.069258 0.006093 0.0000 0.0000 0.0000
v -0.003841 -0.057435 -0.004226 0.0000 0.0000 0.0000
v -0.004494 -0.048668 -0.012592 0.0000 0.0000 0.0000
v -0.005145 -0.040528 -0.021617 0.0000 0.0000 0.0000
v -0.005765 -0.033057 -0.030284 0.0000 0.0000 0.0000
v -0.006146 -0.028112 -0.038287 0.0000 0.0000 0.0000
v -0.006423 -0.024248 -0.046146 0.0000 0.0000 0.0000
v 0.028586 -0.106472 0.089938 0.0000 0.0000 0.0000
v 0.029496 -0.094074 0.082127 0.0000 0.0000 0.0000
v 0.030386 -0.080109 0.074331 0.0000 0.0000 0.0000
v 0.035868 -0.072038 0.058194 0.0000 0.0000 0.0000
v 0.031485 -0.066871 0.066400 0.0000 0.0000 0.0000
v 0.036579 -0.077752 0.049540 0.0000 0.0000 0.0000
v 0.032515 -0.052095 0.058056 0.0000 0.0000 0.0000
v 0.024563 -0.063523 0.072129 0.0000 0.0000 0.0000
v 0.024240 -0.076289 0.080690 0.0000 0.0000 0.0000
v 0.023808 -0.090390 0.088236 0.0000 0.0000 0.0000
v 0.023347 -0.102907 0.095825 0.0000 0.0000 0.0000
v 0.027317 -0.119444 0.099657 0.0000 0.0000 0.0000
v 0.026502 -0.132054 0.108015 0.0000 0.0000 0.0000
v 0.026241 -0.144155 0.116285 0.0000 0.0000 0.0000
v 0.028060 -0.155891 0.121195 0.0000 0.0000 0.0000
v 0.021972 -0.140473 0.121785 0.0000 0.0000 0.0000
v 0.021718 -0.128477 0.113866 0.0000 0.0000 0.0000
v 0.022458 -0.115884 0.105497 0.0000 0.0000 0.0000
v 0.021499 -0.150847 0.129436 0.0000 0.0000 0.0000
v 0.026530 -0.048813 0.063591 0.0000 0.0000 0.0000
v 0.033207 -0.038397 0.048803 0.0000 0.0000 0.0000
v 0.028869 -0.179544 0.123535 0.0000 0.0000 0.0000
v 0.020094 -0.160190 0.134621 0.0000 0.0000 0.0000
v 0.026104 -0.154066 0.124134 0.0000 0.0000 0.0000
v 0.007568 -0.168976 0.080291 0.0000 0.0000 0.0000
v 0.015925 -0.165617 0.084617 0.0000 0.0000 0.0000
v 0.014661 -0.175604 0.092930 0.0000 0.0000 0.0000
v 0.021583 -0.171393 0.098557 0.0000 0.0000 0.0000
v 0.020029 -0.180153 0.104661 0.0000 0.0000 0.0000
v 0.024663 -0.177826 0.107889 0.0000 0.0000 0.0000
v 0.024059 -0.186715 0.113248 0.0000 0.0000 0.0000
v 0.026845 -0.175537 0.111404 0.0000 0.0000 0.0000
v 0.026700 -0.183460 0.117870 0.0000 0.0000 0.0000
v 0.027802 -0.181666 0.120455 0.0000 0.0000 0.0000
v 0.028846 -0.187082 0.124428 0.0000 0.0000 0.0000
v 0.029341 -0.184985 0.127528 0.0000 0.0000 0.0000
v 0.030123 -0.188263 0.129722 0.0000 0.0000 0.0000
v 0.029547 -0.186437 0.132531 0.0000 0.0000 0.0000
v 0.029427 -0.187849 0.136988 0.0000 0.0000 0.0000
v 0.029511 -0.192077 0.139890 0.0000 0.0000 0.0000
v 0.007388 -0.178671 0.089057 0.0000 0.0000 0.0000
v 0.029803 -0.190381 0.126551 0.0000 0.0000 0.0000
v 0.019685 -0.188973 0.110297 0.0000 0.0000 0.0000
v 0.011588 -0.192917 0.105190 0.0000 0.0000 0.0000
v 0.013033 -0.184008 0.099548 0.0000 0.0000 0.0000
v 0.005891 -0.195064 0.102539 0.0000 0.0000 0.0000
v 0.028175 -0.190565 0.142296 0.0000 0.0000 0.0000
v 0.029889 -0.196172 0.142736 0.0000 0.0000 0.0000
v 0.028060 -0.186414 0.139282 0.0000 0.0000 0.0000
v 0.028747 -0.184861 0.134973 0.0000 0.0000 0.0000
v 0.025786 -0.189359 0.144349 0.0000 0.0000 0.0000
v 0.006760 -0.186570 0.096325 0.0000 0.0000 0.0000
v -0.000229 -0.196512 0.100982 0.0000 0.0000 0.0000
v 0.000180 -0.187588 0.095459 0.0000 0.0000 0.0000
v 0.000751 -0.179587 0.088352 0.0000 0.0000 0.0000
v 0.000236 -0.169836 0.079708 0.0000 0.0000 0.0000
v 0.006573 -0.158605 0.070105 0.0000 0.0000 0.0000
v -0.000841 -0.159410 0.069644 0.0000 0.0000 0.0000
v -0.001774 -0.147930 0.059798 0.0000 0.0000 0.0000
v 0.018505 -0.174743 0.144012 0.0000 0.0000 0.0000
v 0.018774 -0.180854 0.148574 0.0000 0.0000 0.0000
v 0.023460 -0.183598 0.143978 0.0000 0.0000 0.0000
v 0.019142 -0.184829 0.151828 0.0000 0.0000 0.0000
v 0.023682 -0.187759 0.146967 0.0000 0.0000 0.0000
v 0.025408 -0.185030 0.141629 0.0000 0.0000 0.0000
v 0.027505 -0.183723 0.136929 0.0000 0.0000 0.0000
v 0.025944 -0.178760 0.137225 0.0000 0.0000 0.0000
v 0.026373 -0.173318 0.133142 0.0000 0.0000 0.0000
v 0.027668 -0.164882 0.127053 0.0000 0.0000 0.0000
v 0.023506 -0.177391 0.139528 0.0000 0.0000 0.0000
v 0.024084 -0.171713 0.135784 0.0000 0.0000 0.0000
v 0.019178 -0.169247 0.139986 0.0000 0.0000 0.0000
v 0.025409 -0.163008 0.129879 0.0000 0.0000 0.0000
v -0.023973 -0.173002 0.138707 0.0000 0.0000 0.0000
v -0.023913 -0.178447 0.142734 0.0000 0.0000 0.0000
v -0.024006 -0.184777 0.147004 0.0000 0.0000 0.0000
v -0.024042 -0.188915 0.150054 0.0000 0.0000 0.0000
v -0.002212 -0.217973 0.113227 0.0000 0.0000 0.0000
v -0.002436 -0.213631 0.110734 0.0000 0.0000 0.0000
v -0.002408 -0.209276 0.108011 0.0000 0.0000 0.0000
v -0.025918 -0.183492 0.135357 0.0000 0.0000 0.0000
v -0.026043 -0.177897 0.131560 0.0000 0.0000 0.0000
v -0.025802 -0.164388 0.132943 0.0000 0.0000 0.0000
v -0.026919 -0.155345 0.127572 0.0000 0.0000 0.0000
v -0.035850 -0.076756 0.058341 0.0000 0.0000 0.0000
v -0.035720 -0.089677 0.066624 0.0000 0.0000 0.0000
v -0.035064 -0.102600 0.075850 0.0000 0.0000 0.0000
v -0.034393 -0.114541 0.084265 0.0000 0.0000 0.0000
v -0.033221 -0.127165 0.094240 0.0000 0.0000 0.0000
v -0.032022 -0.138996 0.103497 0.0000 0.0000 0.0000
v -0.030212 -0.150279 0.112156 0.0000 0.0000 0.0000
v -0.028008 -0.144933 0.119965 0.0000 0.0000 0.0000
v -0.029670 -0.133419 0.111635 0.0000 0.0000 0.0000
v -0.031033 -0.121327 0.102767 0.0000 0.0000 0.0000
v -0.032123 -0.108787 0.092642 0.0000 0.0000 0.0000
v -0.032878 -0.096690 0.084504 0.0000 0.0000 0.0000
v -0.033433 -0.083859 0.075138 0.0000 0.0000 0.0000
v -0.033780 -0.070855 0.067005 0.0000 0.0000 0.0000
v -0.003704 -0.071667 0.090459 0.0000 0.0000 0.0000
v -0.003800 -0.058921 0.081910 0.0000 0.0000 0.0000
v -0.003451 -0.085205 0.098782 0.0000 0.0000 0.0000
v -0.002596 -0.097544 0.106504 0.0000 0.0000 0.0000
v -0.001992 -0.111103 0.115151 0.0000 0.0000 0.0000
v 0.027084 -0.034981 0.054555 0.0000 0.0000 0.0000
v 0.017790 -0.019262 0.050941 0.0000 0.0000 0.0000
v 0.026898 -0.021640 0.046448 0.0000 0.0000 0.0000
v 0.027158 -0.010489 0.039569 0.0000 0.0000 0.0000
v 0.026981 0.000730 0.032765 0.0000 0.0000 0.0000
v 0.026398 0.012749 0.025815 0.0000 0.0000 0.0000
v 0.026438 0.023190 0.018954 0.0000 0.0000 0.0000
v 0.026455 0.035517 0.011870 0.0000 0.0000 0.0000
v 0.026868 0.047584 0.005153 0.0000 0.0000 0.0000
v 0.037762 0.040382 -0.003092 0.0000 0.0000 0.0000
v 0.035899 0.028731 0.003980 0.0000 0.0000 0.0000
v 0.035589 0.017920 0.012042 0.0000 0.0000 0.0000
v 0.035138 0.008095 0.019323 0.0000 0.0000 0.0000
v 0.034612 -0.003177 0.026811 0.0000 0.0000 0.0000
v 0.034600 -0.014173 0.033633 0.0000 0.0000 0.0000
v 0.034093 -0.025217 0.040347 0.0000 0.0000 0.0000
v 0.046725 0.029744 -0.015586 0.0000 0.0000 0.0000
v 0.037251 0.048732 -0.008583 0.0000 0.0000 0.0000
v 0.026236 0.055800 -0.000355 0.0000 0.0000 0.0000
v 0.014199 0.058765 0.003206 0.0000 0.0000 0.0000
v 0.046917 0.037469 -0.020933 0.0000 0.0000 0.0000
v 0.050190 0.024560 -0.035323 0.0000 0.0000 0.0000
v 0.025163 -0.015453 -0.061664 0.0000 0.0000 0.0000
v 0.039925 -0.005397 -0.058568 0.0000 0.0000 0.0000
v 0.048598 0.009999 -0.049491 0.0000 0.0000 0.0000
v 0.000551 0.059372 0.003645 0.0000 0.0000 0.0000
v -0.009676 0.057368 0.002408 0.0000 0.0000 0.0000
v -0.016578 0.055325 0.000756 0.0000 0.0000 0.0000
v -0.022156 0.053057 -0.001476 0.0000 0.0000 0.0000
v -0.029770 0.046138 -0.007561 0.0000 0.0000 0.0000
v -0.037043 0.038814 -0.013698 0.0000 0.0000 0.0000
v -0.044694 0.028432 -0.022855 0.0000 0.0000 0.0000
v -0.046818 0.018735 -0.032200 0.0000 0.0000 0.0000
v -0.044117 0.005471 -0.044500 0.0000 0.0000 0.0000
v -0.034091 -0.006609 -0.054693 0.0000 0.0000 0.0000
v -0.018915 -0.016003 -0.060573 0.0000 0.0000 0.0000
v -0.006214 -0.019386 -0.061258 0.0000 0.0000 0.0000
v -0.001324 -0.202527 0.104271 0.0000 0.0000 0.0000
v -0.000229 -0.196512 0.100982 0.0000 0.0000 0.0000
v 0.000180 -0.187588 0.095459 0.0000 0.0000 0.0000
v 0.000751 -0.179587 0.088352 0.0000 0.0000 0.0000
v 0.000236 -0.169836 0.079708 0.0000 0.0000 0.0000
v -0.000841 -0.159410 0.069644 0.0000 0.0000 0.0000
v -0.001774 -0.147930 0.059798 0.0000 0.0000 0.0000
v -0.014118 -0.147147 0.062220 0.0000 0.0000 0.0000
v -0.001928 -0.134936 0.050256 0.0000 0.0000 0.0000
v -0.014813 -0.134376 0.052391 0.0000 0.0000 0.0000
v -0.002449 -0.123037 0.041839 0.0000 0.0000 0.0000
v -0.002791 -0.109906 0.032915 0.0000 0.0000 0.0000
v -0.016155 -0.096447 0.026776 0.0000 0.0000 0.0000
v -0.002873 -0.097052 0.024528 0.0000 0.0000 0.0000
v -0.036424 -0.062538 0.049324 0.0000 0.0000 0.0000
v -0.034565 -0.056677 0.057957 0.0000 0.0000 0.0000
v -0.002876 -0.082913 0.015332 0.0000 0.0000 0.0000
v -0.002989 -0.069258 0.006093 0.0000 0.0000 0.0000
v -0.003841 -0.057435 -0.004226 0.0000 0.0000 0.0000
v -0.039318 -0.026945 0.021089 0.0000 0.0000 0.0000
v -0.031648 -0.027126 0.044124 0.0000 0.0000 0.0000
v -0.039873 -0.016773 0.012583 0.0000 0.0000 0.0000
v 0.014279 -0.314049 0.251580 0.0000 0.0000 0.0000
v 0.004182 -0.314647 0.251705 0.0000 0.0000 0.0000
v -0.002033 -0.315992 0.250311 0.0000 0.0000 0.0000
v -0.009240 -0.318358 0.247482 0.0000 0.0000 0.0000
v -0.013925 -0.323091 0.240841 0.0000 0.0000 0.0000
v -0.015439 -0.328752 0.232489 0.0000 0.0000 0.0000
v -0.014310 -0.335151 0.222762 0.0000 0.0000 0.0000
v 0.029834 -0.315884 0.247253 0.0000 0.0000 0.0000
v 0.021848 -0.314632 0.249940 0.0000 0.0000 0.0000
v 0.040948 -0.319075 0.241337 0.0000 0.0000 0.0000
v 0.020250 -0.318483 0.181697 0.0000 0.0000 0.0000
v 0.027241 -0.316206 0.184388 0.0000 0.0000 0.0000
v 0.028209 -0.326203 0.192598 0.0000 0.0000 0.0000
v 0.033948 -0.322550 0.197500 0.0000 0.0000 0.0000
v 0.028934 -0.335659 0.199191 0.0000 0.0000 0.0000
v 0.034971 -0.332166 0.203829 0.0000 0.0000 0.0000
v 0.036206 -0.340713 0.209302 0.0000 0.0000 0.0000
v 0.041508 -0.335918 0.215972 0.0000 0.0000 0.0000
v 0.045044 -0.330995 0.223012 0.0000 0.0000 0.0000
v 0.046119 -0.337935 0.227384 0.0000 0.0000 0.0000
v 0.046362 -0.326690 0.229349 0.0000 0.0000 0.0000
v 0.044755 -0.322337 0.236052 0.0000 0.0000 0.0000
v 0.039643 -0.327396 0.210514 0.0000 0.0000 0.0000
v 0.038393 -0.318169 0.203621 0.0000 0.0000 0.0000
v 0.032387 -0.312264 0.189791 0.0000 0.0000 0.0000
v 0.031033 -0.302159 0.181352 0.0000 0.0000 0.0000
v 0.025081 -0.305914 0.176366 0.0000 0.0000 0.0000
v 0.037074 -0.307991 0.195722 0.0000 0.0000 0.0000
v 0.035315 -0.297190 0.188352 0.0000 0.0000 0.0000
v 0.033377 -0.287200 0.182372 0.0000 0.0000 0.0000
v 0.030244 -0.229128 0.144362 0.0000 0.0000 0.0000
v 0.030394 -0.240863 0.152203 0.0000 0.0000 0.0000
v 0.031198 -0.252135 0.159773 0.0000 0.0000 0.0000
v 0.032374 -0.263852 0.166208 0.0000 0.0000 0.0000
v 0.033217 -0.275967 0.174193 0.0000 0.0000 0.0000
v 0.029183 -0.291981 0.175635 0.0000 0.0000 0.0000
v 0.023531 -0.295976 0.170281 0.0000 0.0000 0.0000
v 0.017152 -0.297553 0.168578 0.0000 0.0000 0.0000
v 0.018739 -0.307753 0.174247 0.0000 0.0000 0.0000
v 0.028934 -0.280541 0.167755 0.0000 0.0000 0.0000
v 0.028548 -0.267750 0.160732 0.0000 0.0000 0.0000
v 0.023213 -0.284475 0.162421 0.0000 0.0000 0.0000
v 0.022150 -0.272740 0.153899 0.0000 0.0000 0.0000
v 0.027418 -0.255958 0.154412 0.0000 0.0000 0.0000
v 0.025826 -0.244722 0.146867 0.0000 0.0000 0.0000
v 0.016068 -0.286046 0.160783 0.0000 0.0000 0.0000
v 0.009094 -0.298405 0.168142 0.0000 0.0000 0.0000
v 0.014823 -0.274456 0.152064 0.0000 0.0000 0.0000
v 0.021277 -0.261653 0.146504 0.0000 0.0000 0.0000
v 0.019160 -0.250018 0.139584 0.0000 0.0000 0.0000
v 0.024882 -0.233198 0.138794 0.0000 0.0000 0.0000
v 0.029553 -0.220579 0.139410 0.0000 0.0000 0.0000
v 0.030088 -0.212866 0.143775 0.0000 0.0000 0.0000
v 0.030217 -0.209942 0.142221 0.0000 0.0000 0.0000
v 0.030683 -0.203051 0.143168 0.0000 0.0000 0.0000
v 0.031032 -0.205245 0.139835 0.0000 0.0000 0.0000
v 0.031175 -0.197921 0.139979 0.0000 0.0000 0.0000
v 0.029591 -0.198895 0.144598 0.0000 0.0000 0.0000
v 0.030939 -0.200754 0.141685 0.0000 0.0000 0.0000
v 0.031380 -0.202855 0.138478 0.0000 0.0000 0.0000
v 0.030567 -0.207416 0.136621 0.0000 0.0000 0.0000
v 0.029609 -0.212086 0.139078 0.0000 0.0000 0.0000
v 0.029114 -0.215153 0.140451 0.0000 0.0000 0.0000
v 0.028635 -0.214131 0.136087 0.0000 0.0000 0.0000
v 0.029125 -0.209446 0.133716 0.0000 0.0000 0.0000
v 0.029575 -0.206837 0.132662 0.0000 0.0000 0.0000
v 0.030960 -0.205011 0.135280 0.0000 0.0000 0.0000
v 0.025558 -0.212444 0.129572 0.0000 0.0000 0.0000
v 0.027237 -0.208383 0.130628 0.0000 0.0000 0.0000
v 0.027602 -0.205634 0.128752 0.0000 0.0000 0.0000
v 0.030128 -0.204032 0.130904 0.0000 0.0000 0.0000
v 0.031400 -0.202197 0.133531 0.0000 0.0000 0.0000
v 0.031747 -0.200013 0.136778 0.0000 0.0000 0.0000
v 0.024837 -0.207574 0.126117 0.0000 0.0000 0.0000
v 0.019849 -0.210275 0.122562 0.0000 0.0000 0.0000
v 0.020396 -0.215439 0.125594 0.0000 0.0000 0.0000
v 0.010434 -0.214421 0.117284 0.0000 0.0000 0.0000
v 0.011029 -0.219652 0.120211 0.0000 0.0000 0.0000
v 0.003740 -0.216898 0.114240 0.0000 0.0000 0.0000
v 0.004906 -0.222156 0.117068 0.0000 0.0000 0.0000
v 0.006269 -0.226603 0.119609 0.0000 0.0000 0.0000
v 0.012622 -0.224144 0.122661 0.0000 0.0000 0.0000
v 0.015153 -0.230196 0.126416 0.0000 0.0000 0.0000
v 0.022666 -0.225703 0.132406 0.0000 0.0000 0.0000
v 0.025982 -0.223601 0.135228 0.0000 0.0000 0.0000
v 0.024888 -0.217133 0.131955 0.0000 0.0000 0.0000
v 0.020994 -0.219838 0.128284 0.0000 0.0000 0.0000
v 0.017292 -0.238423 0.131716 0.0000 0.0000 0.0000
v 0.008270 -0.232695 0.123357 0.0000 0.0000 0.0000
v -0.001431 -0.223287 0.116008 0.0000 0.0000 0.0000
v -0.000146 -0.227689 0.118625 0.0000 0.0000 0.0000
v 0.002088 -0.233869 0.122218 0.0000 0.0000 0.0000
v 0.010318 -0.240922 0.128674 0.0000 0.0000 0.0000
v 0.011982 -0.252197 0.137035 0.0000 0.0000 0.0000
v 0.013516 -0.263327 0.144782 0.0000 0.0000 0.0000
v 0.007323 -0.275577 0.151152 0.0000 0.0000 0.0000
v 0.008258 -0.286948 0.160219 0.0000 0.0000 0.0000
v 0.003808 -0.242207 0.127401 0.0000 0.0000 0.0000
v 0.004873 -0.253548 0.135724 0.0000 0.0000 0.0000
v 0.006118 -0.264594 0.143636 0.0000 0.0000 0.0000
v 0.016650 -0.353521 0.206923 0.0000 0.0000 0.0000
v 0.023395 -0.352503 0.207774 0.0000 0.0000 0.0000
v 0.032090 -0.350873 0.209351 0.0000 0.0000 0.0000
v 0.030769 -0.344075 0.204799 0.0000 0.0000 0.0000
v 0.021911 -0.337532 0.197086 0.0000 0.0000 0.0000
v 0.021062 -0.328252 0.190254 0.0000 0.0000 0.0000
v 0.012349 -0.319225 0.181389 0.0000 0.0000 0.0000
v 0.010821 -0.308590 0.173812 0.0000 0.0000 0.0000
v 0.016303 -0.347042 0.201798 0.0000 0.0000 0.0000
v 0.022885 -0.345947 0.202780 0.0000 0.0000 0.0000
v 0.014928 -0.338655 0.196104 0.0000 0.0000 0.0000
v 0.013361 -0.329232 0.189560 0.0000 0.0000 0.0000
v -0.018559 -0.188301 0.159460 0.0000 0.0000 0.0000
v -0.024018 -0.193020 0.152922 0.0000 0.0000 0.0000
v -0.011675 -0.185181 0.163452 0.0000 0.0000 0.0000
v -0.005643 -0.183994 0.164625 0.0000 0.0000 0.0000
v 0.000311 -0.183643 0.164551 0.0000 0.0000 0.0000
v -0.026031 -0.198131 0.145445 0.0000 0.0000 0.0000
v -0.025130 -0.204417 0.135910 0.0000 0.0000 0.0000
v -0.020628 -0.211474 0.124852 0.0000 0.0000 0.0000
v -0.011453 -0.216649 0.116149 0.0000 0.0000 0.0000
v 0.006118 -0.264594 0.143636 0.0000 0.0000 0.0000
v 0.004873 -0.253548 0.135724 0.0000 0.0000 0.0000
v 0.003808 -0.242207 0.127401 0.0000 0.0000 0.0000
v 0.002088 -0.233869 0.122218 0.0000 0.0000 0.0000
v -0.000146 -0.227689 0.118625 0.0000 0.0000 0.0000
v -0.001431 -0.223287 0.116008 0.0000 0.0000 0.0000
v -0.023971 -0.197784 0.156606 0.0000 0.0000 0.0000
v -0.023914 -0.202023 0.159590 0.0000 0.0000 0.0000
v -0.024141 -0.207949 0.163814 0.0000 0.0000 0.0000
v -0.023838 -0.215911 0.169704 0.0000 0.0000 0.0000
v -0.022915 -0.227983 0.176943 0.0000 0.0000 0.0000
v 0.006807 -0.184104 0.163202 0.0000 0.0000 0.0000
v 0.013732 -0.186191 0.159367 0.0000 0.0000 0.0000
v 0.019528 -0.188764 0.154914 0.0000 0.0000 0.0000
v 0.020042 -0.193463 0.158648 0.0000 0.0000 0.0000
v 0.023857 -0.191725 0.150028 0.0000 0.0000 0.0000
v 0.020794 -0.197642 0.161653 0.0000 0.0000 0.0000
v 0.029393 -0.201163 0.146134 0.0000 0.0000 0.0000
v 0.027986 -0.197510 0.146774 0.0000 0.0000 0.0000
v 0.028411 -0.194762 0.145004 0.0000 0.0000 0.0000
v 0.025989 -0.193517 0.147120 0.0000 0.0000 0.0000
v 0.026689 -0.206523 0.160818 0.0000 0.0000 0.0000
v 0.027775 -0.208287 0.158069 0.0000 0.0000 0.0000
v 0.026694 -0.202673 0.153498 0.0000 0.0000 0.0000
v 0.026702 -0.198546 0.150338 0.0000 0.0000 0.0000
v 0.024005 -0.196512 0.153666 0.0000 0.0000 0.0000
v 0.025053 -0.200517 0.156903 0.0000 0.0000 0.0000
v 0.027695 -0.178142 0.117610 0.0000 0.0000 0.0000
v 0.029026 -0.175866 0.120705 0.0000 0.0000 0.0000
v 0.029142 -0.173540 0.124374 0.0000 0.0000 0.0000
v 0.027230 -0.167065 0.104490 0.0000 0.0000 0.0000
v 0.024996 -0.169315 0.101334 0.0000 0.0000 0.0000
v 0.027542 -0.157031 0.096355 0.0000 0.0000 0.0000
v 0.023129 -0.161470 0.090585 0.0000 0.0000 0.0000
v 0.016376 -0.154836 0.074776 0.0000 0.0000 0.0000
v 0.016685 -0.143554 0.064507 0.0000 0.0000 0.0000
v 0.018068 -0.130701 0.054598 0.0000 0.0000 0.0000
v 0.019004 -0.118991 0.045749 0.0000 0.0000 0.0000
v 0.020562 -0.106151 0.036200 0.0000 0.0000 0.0000
v 0.020620 -0.093488 0.027516 0.0000 0.0000 0.0000
v 0.009681 -0.095856 0.025059 0.0000 0.0000 0.0000
v 0.008941 -0.108474 0.033882 0.0000 0.0000 0.0000
v 0.007964 -0.121605 0.042938 0.0000 0.0000 0.0000
v 0.007162 -0.133420 0.051616 0.0000 0.0000 0.0000
v 0.006942 -0.146612 0.060897 0.0000 0.0000 0.0000
v -0.002791 -0.109906 0.032915 0.0000 0.0000 0.0000
v -0.002449 -0.123037 0.041839 0.0000 0.0000 0.0000
v -0.001928 -0.134936 0.050256 0.0000 0.0000 0.0000
v 0.025548 -0.357758 0.272157 0.0000 0.0000 0.0000
v 0.033431 -0.359037 0.269439 0.0000 0.0000 0.0000
v 0.040334 -0.361125 0.265605 0.0000 0.0000 0.0000
v 0.044903 -0.364056 0.260738 0.0000 0.0000 0.0000
v 0.046170 -0.367418 0.255559 0.0000 0.0000 0.0000
v 0.044749 -0.371902 0.248965 0.0000 0.0000 0.0000
v 0.041828 -0.375584 0.243729 0.0000 0.0000 0.0000
v 0.037498 -0.378758 0.239397 0.0000 0.0000 0.0000
v 0.032018 -0.380604 0.237178 0.0000 0.0000 0.0000
v 0.025577 -0.381401 0.236631 0.0000 0.0000 0.0000
v 0.018726 -0.382378 0.235856 0.0000 0.0000 0.0000
v 0.036253 -0.378052 0.240959 0.0000 0.0000 0.0000
v 0.031549 -0.379582 0.239072 0.0000 0.0000 0.0000
v 0.025342 -0.380336 0.238637 0.0000 0.0000 0.0000
v 0.018481 -0.381448 0.237904 0.0000 0.0000 0.0000
v 0.010521 -0.357863 0.273519 0.0000 0.0000 0.0000
v 0.010783 -0.358977 0.271591 0.0000 0.0000 0.0000
v 0.017886 -0.357151 0.273844 0.0000 0.0000 0.0000
v 0.017649 -0.358303 0.271944 0.0000 0.0000 0.0000
v 0.024899 -0.358975 0.270338 0.0000 0.0000 0.0000
v 0.032574 -0.360260 0.267741 0.0000 0.0000 0.0000
v 0.039063 -0.362223 0.264212 0.0000 0.0000 0.0000
v 0.043114 -0.364783 0.260040 0.0000 0.0000 0.0000
v 0.044117 -0.367630 0.255725 0.0000 0.0000 0.0000
v 0.042760 -0.371778 0.249709 0.0000 0.0000 0.0000
v 0.040059 -0.375225 0.244882 0.0000 0.0000 0.0000
v 0.009963 -0.382795 0.236115 0.0000 0.0000 0.0000
v -0.001147 -0.379897 0.241593 0.0000 0.0000 0.0000
v -0.007957 -0.374422 0.250507 0.0000 0.0000 0.0000
v -0.007898 -0.369186 0.258369 0.0000 0.0000 0.0000
v -0.005394 -0.364948 0.264482 0.0000 0.0000 0.0000
v -0.000359 -0.360958 0.269968 0.0000 0.0000 0.0000
v 0.005380 -0.358905 0.272473 0.0000 0.0000 0.0000
v 0.018726 -0.382378 0.235856 0.0000 0.0000 0.0000
v 0.018481 -0.381448 0.237904 0.0000 0.0000 0.0000
v 0.010313 -0.381950 0.238076 0.0000 0.0000 0.0000
v 0.000092 -0.379361 0.243074 0.0000 0.0000 0.0000
v -0.006105 -0.374314 0.251214 0.0000 0.0000 0.0000
v -0.005849 -0.369545 0.258146 0.0000 0.0000 0.0000
v -0.003553 -0.365506 0.263615 0.0000 0.0000 0.0000
v 0.000955 -0.361821 0.268571 0.0000 0.0000 0.0000
v 0.006078 -0.359980 0.270683 0.0000 0.0000 0.0000
v 0.031595 -0.197860 0.130990 0.0000 0.0000 0.0000
v 0.030013 -0.199808 0.128223 0.0000 0.0000 0.0000
v 0.027781 -0.201502 0.125904 0.0000 0.0000 0.0000
v 0.024669 -0.203479 0.123247 0.0000 0.0000 0.0000
v 0.019636 -0.205904 0.120112 0.0000 0.0000 0.0000
v 0.009838 -0.209988 0.114968 0.0000 0.0000 0.0000
v 0.003366 -0.212520 0.111818 0.0000 0.0000 0.0000
v -0.002436 -0.213631 0.110734 0.0000 0.0000 0.0000
v -0.002212 -0.217973 0.113227 0.0000 0.0000 0.0000
v 0.024600 -0.199189 0.120438 0.0000 0.0000 0.0000
v 0.027646 -0.196990 0.123434 0.0000 0.0000 0.0000
v 0.029754 -0.195419 0.125582 0.0000 0.0000 0.0000
v 0.031252 -0.193453 0.128383 0.0000 0.0000 0.0000
v 0.028523 -0.192294 0.123816 0.0000 0.0000 0.0000
v 0.026320 -0.193734 0.121886 0.0000 0.0000 0.0000
v 0.027559 -0.189128 0.121484 0.0000 0.0000 0.0000
v 0.023859 -0.192571 0.116684 0.0000 0.0000 0.0000
v 0.019714 -0.201462 0.117517 0.0000 0.0000 0.0000
v 0.009943 -0.205485 0.112459 0.0000 0.0000 0.0000
v 0.003743 -0.208179 0.109038 0.0000 0.0000 0.0000
v -0.002408 -0.209276 0.108011 0.0000 0.0000 0.0000
v 0.019194 -0.194850 0.113732 0.0000 0.0000 0.0000
v 0.010410 -0.198941 0.108473 0.0000 0.0000 0.0000
v 0.004707 -0.201274 0.105545 0.0000 0.0000 0.0000
v -0.001324 -0.202527 0.104271 0.0000 0.0000 0.0000
v 0.024388 -0.370583 0.236253 1.0000 0.0000 0.0000
v 0.018021 -0.351163 0.242845 1.0000 0.0000 0.0000
v 0.017379 -0.371502 0.235580 1.0000 0.0000 0.0000
v 0.010257 -0.371941 0.235641 1.0000 0.0000 0.0000
v 0.001609 -0.369775 0.239769 1.0000 0.0000 0.0000
v -0.003586 -0.365585 0.246589 1.0000 0.0000 0.0000
v -0.003228 -0.361902 0.252086 1.0000 0.0000 0.0000
v -0.001558 -0.358488 0.257048 1.0000 0.0000 0.0000
v -0.005849 -0.369545 0.258146 0.0000 0.0000 0.0000
v -0.003553 -0.365506 0.263615 0.0000 0.0000 0.0000
v 0.000955 -0.361821 0.268571 0.0000 0.0000 0.0000
v 0.002023 -0.355258 0.261538 1.0000 0.0000 0.0000
v 0.006234 -0.353774 0.263343 1.0000 0.0000 0.0000
v 0.010478 -0.352863 0.264282 1.0000 0.0000 0.0000
v 0.016840 -0.352199 0.264638 1.0000 0.0000 0.0000
v 0.023606 -0.352896 0.262907 1.0000 0.0000 0.0000
v 0.031029 -0.354163 0.260252 1.0000 0.0000 0.0000
v 0.036927 -0.355950 0.256970 1.0000 0.0000 0.0000
v 0.040138 -0.357913 0.253697 1.0000 0.0000 0.0000
v 0.040633 -0.359928 0.250620 1.0000 0.0000 0.0000
v 0.039264 -0.363505 0.245383 1.0000 0.0000 0.0000
v 0.036823 -0.366508 0.241118 1.0000 0.0000 0.0000
v 0.033880 -0.368869 0.237868 1.0000 0.0000 0.0000
v 0.030402 -0.370003 0.236516 1.0000 0.0000 0.0000
v 0.006078 -0.359980 0.270683 0.0000 0.0000 0.0000
v 0.010783 -0.358977 0.271591 0.0000 0.0000 0.0000
v 0.017649 -0.358303 0.271944 0.0000 0.0000 0.0000
v 0.024899 -0.358975 0.270338 0.0000 0.0000 0.0000
v 0.032574 -0.360260 0.267741 0.0000 0.0000 0.0000
v 0.039063 -0.362223 0.264212 0.0000 0.0000 0.0000
v 0.043114 -0.364783 0.260040 0.0000 0.0000 0.0000
v 0.044117 -0.367630 0.255725 0.0000 0.0000 0.0000
v 0.042760 -0.371778 0.249709 0.0000 0.0000 0.0000
v 0.040059 -0.375225 0.244882 0.0000 0.0000 0.0000
v 0.036253 -0.378052 0.240959 0.0000 0.0000 0.0000
v 0.031549 -0.379582 0.239072 0.0000 0.0000 0.0000
v 0.025342 -0.380336 0.238637 0.0000 0.0000 0.0000
v 0.018481 -0.381448 0.237904 0.0000 0.0000 0.0000
v 0.010313 -0.381950 0.238076 0.0000 0.0000 0.0000
v 0.000092 -0.379361 0.243074 0.0000 0.0000 0.0000
v -0.006105 -0.374314 0.251214 0.0000 0.0000 0.0000
v 0.016650 -0.353521 0.206923 0.0000 0.0000 0.0000
v -0.007210 -0.342042 0.211691 0.0000 0.0000 0.0000
v 0.004362 -0.346429 0.203928 0.0000 0.0000 0.0000
v 0.016303 -0.347042 0.201798 0.0000 0.0000 0.0000
v 0.014928 -0.338655 0.196104 0.0000 0.0000 0.0000
v 0.013361 -0.329232 0.189560 0.0000 0.0000 0.0000
v 0.012349 -0.319225 0.181389 0.0000 0.0000 0.0000
v 0.010821 -0.308590 0.173812 0.0000 0.0000 0.0000
v 0.009094 -0.298405 0.168142 0.0000 0.0000 0.0000
v 0.008258 -0.286948 0.160219 0.0000 0.0000 0.0000
v 0.007323 -0.275577 0.151152 0.0000 0.0000 0.0000
v -0.009126 -0.365704 0.250619 0.0000 0.0000 0.0000
v -0.009273 -0.365823 0.251010 0.0000 0.0000 0.0000
v -0.008580 -0.364481 0.251518 0.0000 0.0000 0.0000
v -0.009509 -0.367260 0.250836 0.0000 0.0000 0.0000
v -0.009388 -0.367307 0.250426 0.0000 0.0000 0.0000
v -0.006520 -0.365345 0.255465 0.0000 0.0000 0.0000
v -0.006839 -0.365377 0.255513 0.0000 0.0000 0.0000
v -0.006425 -0.366951 0.256048 0.0000 0.0000 0.0000
v -0.007259 -0.364292 0.254343 0.0000 0.0000 0.0000
v -0.006955 -0.364222 0.254254 0.0000 0.0000 0.0000
v -0.007897 -0.363964 0.252881 0.0000 0.0000 0.0000
v -0.007615 -0.363882 0.252741 0.0000 0.0000 0.0000
v -0.008784 -0.364726 0.251816 0.0000 0.0000 0.0000
v -0.008857 -0.367032 0.253615 0.0000 0.0000 0.0000
v -0.009427 -0.368650 0.251341 0.0000 0.0000 0.0000
v -0.009297 -0.368858 0.250989 0.0000 0.0000 0.0000
v -0.009049 -0.369623 0.252390 0.0000 0.0000 0.0000
v -0.008876 -0.369943 0.252158 0.0000 0.0000 0.0000
v -0.008478 -0.369917 0.253700 0.0000 0.0000 0.0000
v -0.008239 -0.370272 0.253620 0.0000 0.0000 0.0000
v -0.007866 -0.369453 0.254922 0.0000 0.0000 0.0000
v -0.007556 -0.369754 0.254983 0.0000 0.0000 0.0000
v -0.007376 -0.368356 0.255728 0.0000 0.0000 0.0000
v -0.007010 -0.368531 0.255882 0.0000 0.0000 0.0000
v -0.007141 -0.366920 0.255902 0.0000 0.0000 0.0000
v -0.006748 -0.366928 0.256076 0.0000 0.0000 0.0000
v -0.007223 -0.365529 0.255397 0.0000 0.0000 0.0000
v -0.007600 -0.364556 0.254348 0.0000 0.0000 0.0000
v -0.008171 -0.364262 0.253037 0.0000 0.0000 0.0000
v -0.008322 -0.364418 0.251329 0.0000 0.0000 0.0000
v -0.008887 -0.365685 0.250399 0.0000 0.0000 0.0000
v -0.009159 -0.367344 0.250199 0.0000 0.0000 0.0000
v -0.009065 -0.368950 0.250781 0.0000 0.0000 0.0000
v -0.008629 -0.370073 0.251993 0.0000 0.0000 0.0000
v -0.007969 -0.370412 0.253506 0.0000 0.0000 0.0000
v -0.007262 -0.369877 0.254917 0.0000 0.0000 0.0000
v -0.006697 -0.368610 0.255847 0.0000 0.0000 0.0000
v -0.006955 -0.364222 0.254254 0.0000 0.0000 0.0000
v -0.006708 -0.364352 0.254088 0.0000 0.0000 0.0000
v -0.007615 -0.363882 0.252741 0.0000 0.0000 0.0000
v -0.007346 -0.364024 0.252627 0.0000 0.0000 0.0000
v -0.008322 -0.364418 0.251329 0.0000 0.0000 0.0000
v -0.008028 -0.364541 0.251263 0.0000 0.0000 0.0000
v -0.008887 -0.365685 0.250399 0.0000 0.0000 0.0000
v -0.008574 -0.365764 0.250365 0.0000 0.0000 0.0000
v -0.009159 -0.367344 0.250199 0.0000 0.0000 0.0000
v -0.008837 -0.367367 0.250171 0.0000 0.0000 0.0000
v -0.009065 -0.368950 0.250781 0.0000 0.0000 0.0000
v -0.008746 -0.368918 0.250734 0.0000 0.0000 0.0000
v -0.008629 -0.370073 0.251993 0.0000 0.0000 0.0000
v -0.008325 -0.370003 0.251904 0.0000 0.0000 0.0000
v -0.007969 -0.370412 0.253506 0.0000 0.0000 0.0000
v -0.007688 -0.370331 0.253365 0.0000 0.0000 0.0000
v -0.007262 -0.369877 0.254917 0.0000 0.0000 0.0000
v -0.007004 -0.369814 0.254729 0.0000 0.0000 0.0000
v -0.006697 -0.368610 0.255847 0.0000 0.0000 0.0000
v -0.006459 -0.368590 0.255627 0.0000 0.0000 0.0000
v -0.006535 -0.364672 0.253857 0.0000 0.0000 0.0000
v -0.007106 -0.364378 0.252546 0.0000 0.0000 0.0000
v -0.006425 -0.366951 0.256048 0.0000 0.0000 0.0000
v -0.006196 -0.366988 0.255821 0.0000 0.0000 0.0000
v -0.006520 -0.365345 0.255465 0.0000 0.0000 0.0000
v -0.006288 -0.365436 0.255258 0.0000 0.0000 0.0000
v -0.006158 -0.365644 0.254905 0.0000 0.0000 0.0000
v -0.007163 -0.367213 0.252836 0.0000 0.0000 0.0000
v -0.007719 -0.364842 0.251324 0.0000 0.0000 0.0000
v -0.008208 -0.365939 0.250518 0.0000 0.0000 0.0000
v -0.008443 -0.367375 0.250345 0.0000 0.0000 0.0000
v -0.008362 -0.368766 0.250850 0.0000 0.0000 0.0000
v -0.007984 -0.369739 0.251898 0.0000 0.0000 0.0000
v -0.007413 -0.370032 0.253209 0.0000 0.0000 0.0000
v -0.006801 -0.369569 0.254430 0.0000 0.0000 0.0000
v -0.006311 -0.368472 0.255237 0.0000 0.0000 0.0000
v -0.006076 -0.367035 0.255410 0.0000 0.0000 0.0000
vn -0.6128 0.2938 0.7336
vn -0.7002 0.2923 0.6514
vn -0.8172 -0.1502 0.5564
vn -0.6137 0.2929 0.7332
vn -0.8173 -0.1507 0.5561
vn -0.3176 0.3882 0.8651
vn -0.4038 -0.8876 0.2215
vn -0.3180 0.3880 0.8651
vn -0.4036 -0.8878 0.2213
vn -0.0286 0.4293 0.9027
vn 0.0482 -0.9987 0.0169
vn 0.2850 0.4239 0.8597
vn 0.4605 -0.8514 0.2510
vn 0.2851 0.4239 0.8597
vn 0.5339 0.3771 0.7568
vn 0.7891 -0.0545 0.6118
vn 0.7892 -0.0547 0.6117
vn 0.6719 0.4027 0.6216
vn 0.5343 0.3769 0.7567
vn 0.5784 0.4743 0.6637
vn 0.2852 0.4239 0.8596
vn 0.2919 0.5552 0.7788
vn -0.0322 0.5710 0.8203
vn -0.3283 0.5194 0.7890
vn -0.0351 0.5264 0.8495
vn -0.2585 0.5073 0.8221
vn -0.3830 0.4742 0.7927
vn -0.5951 0.4085 0.6921
vn -0.7006 0.2919 0.6511
vn -0.6133 0.2934 0.7334
vn -0.3177 0.3882 0.8651
vn -0.6731 0.3165 0.6684
vn 0.3634 0.4777 0.7998
vn 0.6200 0.3914 0.6800
vn 0.2184 0.5127 0.8303
vn -0.3994 0.4877 0.7763
vn -0.2258 0.5239 0.8213
vn -0.2117 0.5477 0.8094
vn -0.2443 0.4762 0.8447
vn -0.1197 0.4980 0.8589
vn -0.1289 0.0748 0.9888
vn -0.4411 0.0775 0.8941
vn 0.0287 0.2659 0.9636
vn -0.2207 0.5364 0.8146
vn -0.6221 0.4526 0.6389
vn 0.9192 0.2725 0.2842
vn 0.8961 0.2247 0.3828
vn 0.6071 0.4771 0.6354
vn 0.5944 0.4454 0.6696
vn -0.0180 0.5654 0.8246
vn -0.0150 0.5493 0.8355
vn -0.6049 0.4018 0.6875
vn -0.5392 0.1534 0.8281
vn -0.6462 -0.0905 0.7578
vn 0.0880 -0.0451 0.9951
vn 0.2143 0.2119 0.9535
vn -0.1640 0.4538 0.8759
vn -0.6119 0.3653 0.7015
vn -0.8208 0.2635 0.5068
vn -0.7720 0.2928 0.5642
vn -0.0149 0.3993 0.9167
vn -0.6052 0.4401 0.6633
vn -0.9192 0.1947 0.3423
vn -0.8902 0.1857 0.4160
vn 0.9055 0.2742 0.3237
vn 0.5810 0.4938 0.6470
vn -0.0117 0.5866 0.8098
vn -0.5797 0.4559 0.6754
vn -0.9293 0.1635 0.3311
vn -0.9960 -0.0671 0.0591
vn -0.9959 -0.0275 0.0858
vn -0.9905 -0.0273 0.1346
vn -0.6787 -0.4610 0.5717
vn 0.4012 -0.7544 0.5196
vn 0.7948 0.2496 0.5531
vn 0.9981 -0.0409 -0.0465
vn -0.9289 0.1515 0.3379
vn -0.9955 -0.0765 0.0564
vn -0.9925 -0.1006 0.0697
vn -0.9114 0.1087 0.3970
vn -0.9878 -0.1306 0.0848
vn -0.9930 -0.1053 0.0535
vn -0.9170 0.1223 0.3797
vn -0.5550 0.4656 0.6893
vn -0.0107 0.6008 0.7993
vn -0.9966 -0.0824 0.0093
vn -0.9119 0.1530 0.3808
vn -0.5232 0.4344 0.7332
vn -0.5438 0.3839 0.7463
vn -0.9095 0.1946 0.3674
vn -0.9967 -0.0808 -0.0016
vn -0.5430 0.3557 0.7607
vn -0.0012 0.4615 0.8871
vn 0.5676 0.5143 0.6429
vn 0.8969 0.2921 0.3321
vn 0.8858 0.3047 0.3500
vn 0.5481 0.4377 0.7127
vn -0.0044 0.5096 0.8604
vn -0.9055 0.2053 0.3715
vn -0.8991 0.2136 0.3820
vn -0.5084 0.4591 0.7286
vn -0.0069 0.5463 0.8375
vn 0.5367 0.4584 0.7084
vn 0.8878 0.2459 0.3890
vn 0.9994 -0.0315 0.0149
vn 0.9982 0.0472 -0.0367
vn 0.9996 0.0289 -0.0059
vn 0.9996 0.0277 0.0023
vn 0.9981 0.0601 -0.0098
vn 0.1831 0.4553 0.8713
vn 0.4903 0.4341 0.7558
vn 0.4906 0.5195 0.6996
vn 0.8903 0.3199 0.3240
vn 0.4857 0.5595 0.6716
vn 0.8695 0.3453 0.3533
vn 0.4936 0.5327 0.6875
vn 0.8771 0.3215 0.3568
vn 0.8819 0.3060 0.3586
vn 0.9988 0.0070 -0.0481
vn 0.9998 -0.0209 -0.0004
vn 0.8856 0.2696 0.3782
vn 0.5233 0.4856 0.7003
vn -0.0055 0.5547 0.8320
vn -0.4942 0.4861 0.7208
vn -0.4892 0.5041 0.7117
vn 0.5070 0.5067 0.6973
vn -0.0077 0.5852 0.8108
vn -0.0133 0.6101 0.7922
vn -0.0044 0.5382 0.8428
vn 0.0015 0.3889 0.9213
vn 0.9995 -0.0315 0.0051
vn 0.9004 0.1603 0.4044
vn 0.9890 -0.1299 0.0710
vn 0.9132 0.2171 0.3448
vn 0.6293 0.4043 0.6637
vn 0.3455 0.4759 0.8088
vn 0.1445 0.5390 0.8298
vn -0.0101 0.5346 0.8450
vn -0.1843 0.4308 0.8834
vn -0.4927 0.4602 0.7385
vn -0.9181 0.1717 0.3573
vn -0.9971 -0.0699 0.0294
vn -0.9977 -0.0675 0.0031
vn -0.9952 -0.0862 0.0466
vn -0.9510 0.1067 0.2901
vn -0.5311 0.3770 0.7588
vn -0.1447 0.5201 0.8417
vn -0.3550 0.4461 0.8216
vn -0.6701 0.3056 0.6764
vn -0.9281 0.0905 0.3611
vn -0.6877 0.3273 0.6481
vn -0.8960 0.0543 0.4408
vn -0.7314 -0.0015 0.6819
vn -0.8437 -0.1836 0.5045
vn -0.8640 -0.4367 0.2505
vn -0.4761 -0.6140 0.6295
vn -0.3932 -0.8648 0.3124
vn 0.0528 -0.7064 0.7059
vn 0.0568 -0.9656 0.2538
vn 0.5452 -0.5610 0.6229
vn 0.4891 -0.8249 0.2833
vn 0.8866 -0.0651 0.4579
vn 0.9200 -0.3390 0.1967
vn -0.9662 -0.2228 0.1299
vn -0.9892 -0.1276 0.0727
vn -0.4767 -0.7816 0.4023
vn 0.0508 -0.9725 0.2274
vn 0.5799 -0.6854 0.4404
vn 0.7725 0.1305 0.6214
vn 0.6540 0.4358 0.6184
vn 0.0282 -0.5983 -0.8008
vn 0.0285 -0.6030 -0.7972
vn 0.3287 -0.5627 -0.7585
vn -0.2929 -0.5865 -0.7551
vn 0.9994 0.0304 -0.0169
vn 0.7890 -0.3938 -0.4716
vn 0.9998 -0.0026 0.0175
vn 0.7870 -0.3724 -0.4919
vn 0.9995 0.0300 -0.0044
vn 0.7912 -0.3674 -0.4888
vn 1.0000 0.0097 0.0011
vn 0.8046 -0.3531 -0.4775
vn 0.9999 0.0033 0.0156
vn 0.8282 -0.3382 -0.4468
vn 0.9996 -0.0209 0.0191
vn 0.8362 -0.3430 -0.4279
vn 0.3245 -0.5622 -0.7607
vn 0.3234 -0.5734 -0.7527
vn 0.0276 -0.6185 -0.7853
vn -0.7650 -0.4460 -0.4647
vn -0.9958 -0.0875 0.0253
vn -0.9946 -0.0992 0.0292
vn -0.9959 -0.0863 0.0269
vn -0.7585 -0.4431 -0.4778
vn -0.9940 -0.1050 0.0312
vn -0.7648 -0.4389 -0.4717
vn -0.7738 -0.4384 -0.4571
vn -0.2927 -0.5897 -0.7528
vn -0.2955 -0.6061 -0.7385
vn 0.0285 -0.6307 -0.7755
vn 0.3264 -0.5851 -0.7424
vn 0.3292 -0.5936 -0.7343
vn 0.3238 -0.6040 -0.7282
vn -0.2946 -0.6168 -0.7300
vn -0.9915 -0.1277 0.0237
vn 0.8033 -0.3953 -0.4455
vn 0.3308 -0.6158 -0.7151
vn -0.7635 -0.4582 -0.4550
vn -0.7598 -0.4745 -0.4445
vn -0.2919 -0.6276 -0.7218
vn -0.2878 -0.6341 -0.7177
vn 0.0311 -0.6396 -0.7681
vn 0.0333 -0.6440 -0.7643
vn 0.0363 -0.6572 -0.7528
vn 0.0346 -0.6334 -0.7731
vn 0.3247 -0.5871 -0.7416
vn 0.8045 -0.3484 -0.4811
vn 0.8160 -0.3254 -0.4777
vn -0.9917 -0.1218 0.0413
vn -0.7611 -0.4778 -0.4387
vn -0.2850 -0.6447 -0.7093
vn -0.2782 -0.6309 -0.7243
vn 0.0360 -0.6807 -0.7317
vn 0.3402 -0.6163 -0.7103
vn 0.3559 -0.6121 -0.7062
vn -0.2850 -0.6705 -0.6850
vn -0.9911 -0.1261 0.0421
vn -0.9949 -0.0965 0.0296
vn -0.7985 -0.4412 -0.4095
vn -0.3101 -0.6724 -0.6721
vn 0.0439 -0.6802 -0.7318
vn 0.0423 -0.6313 -0.7744
vn 0.3613 -0.5774 -0.7322
vn -0.3114 -0.6306 -0.7109
vn -0.8188 -0.4609 -0.3422
vn -0.8194 -0.4454 -0.3607
vn 0.3451 -0.5709 -0.7449
vn 0.0698 -0.6308 -0.7728
vn -0.2694 -0.6698 -0.6920
vn -0.7609 -0.5971 -0.2541
vn -0.8279 -0.3498 0.4383
vn -0.9752 -0.1980 0.0987
vn -0.9917 -0.1156 0.0562
vn -0.9965 -0.0812 0.0207
vn -0.7663 -0.4619 -0.4466
vn 0.3045 -0.6102 -0.7314
vn 0.8888 -0.3631 0.2797
vn 0.0361 -0.9844 -0.1724
vn 0.5328 -0.6982 0.4782
vn -0.0538 -0.8118 -0.5814
vn 0.0604 -0.6918 -0.7196
vn 0.1266 -0.7107 -0.6920
vn 0.2790 -0.6129 -0.7392
vn 0.1523 -0.6877 -0.7098
vn 0.8186 -0.3439 -0.4600
vn 0.8057 -0.3630 -0.4680
vn 0.7871 -0.3770 -0.4883
vn 0.7536 -0.4059 -0.5171
vn 0.7408 -0.3884 -0.5481
vn 0.5110 -0.5590 -0.6529
vn 0.1376 -0.6740 -0.7258
vn 0.0860 -0.6925 -0.7163
vn 0.0812 -0.8084 -0.5831
vn 0.2495 -0.8820 -0.3997
vn 0.5037 -0.5453 -0.6700
vn 0.9805 -0.0654 -0.1853
vn 0.9627 -0.1103 -0.2469
vn 0.9514 -0.1080 -0.2885
vn 0.5397 -0.5136 -0.6670
vn 0.1689 -0.6955 -0.6984
vn 0.9429 -0.0911 -0.3204
vn 0.9409 -0.0846 -0.3280
vn 0.9435 -0.0453 -0.3283
vn 0.6663 -0.4393 -0.6025
vn 0.9462 -0.0121 -0.3232
vn 0.6005 -0.5071 -0.6182
vn 0.2618 -0.7244 -0.6378
vn 0.0733 -0.7324 -0.6769
vn 0.0649 -0.6728 -0.7370
vn 0.0606 -0.6946 -0.7168
vn 0.1083 -0.8260 -0.5532
vn 0.0228 -0.8611 -0.5079
vn 0.0509 -0.9470 -0.3171
vn 0.0505 -0.9253 -0.3757
vn 0.1032 -0.9923 -0.0691
vn 0.2511 -0.9588 -0.1326
vn 0.6828 -0.5369 0.4955
vn 0.1441 -0.9156 -0.3753
vn -0.6917 -0.6265 -0.3592
vn 0.0268 -0.7152 -0.6985
vn 0.0805 -0.8682 -0.4896
vn -0.9967 -0.0534 0.0610
vn -0.8048 -0.4391 -0.3994
vn -0.9951 -0.0761 0.0633
vn -0.8159 -0.4206 -0.3966
vn -0.9751 -0.1348 0.1763
vn 0.1499 -0.7431 0.6522
vn -0.2244 -0.6489 -0.7271
vn -0.2472 -0.6523 -0.7165
vn -0.7736 -0.4876 -0.4047
vn -0.9925 -0.0960 0.0759
vn -0.9927 -0.0992 0.0684
vn -0.7711 -0.4627 -0.4374
vn -0.9881 -0.1291 0.0836
vn -0.7764 -0.4698 -0.4201
vn -0.9919 -0.1085 0.0656
vn 0.0029 -0.6561 -0.7547
vn 0.2945 -0.6125 -0.7336
vn 0.0137 -0.6436 -0.7652
vn 0.2937 -0.5960 -0.7474
vn 0.0007 -0.6795 -0.7337
vn -0.2552 -0.6757 -0.6916
vn -0.2730 -0.6227 -0.7333
vn -0.2874 -0.6118 -0.7370
vn 0.3001 -0.6349 -0.7119
vn 0.5563 -0.8240 -0.1075
vn 0.9998 0.0202 -0.0043
vn 0.7995 -0.4160 -0.4333
vn 0.8058 -0.3263 -0.4942
vn 0.7909 -0.3582 -0.4961
vn 0.7717 -0.4000 -0.4945
vn 0.3013 -0.5927 -0.7470
vn -0.0009 -0.6307 -0.7760
vn 0.0001 -0.6169 -0.7870
vn -0.2859 -0.6299 -0.7222
vn 0.7639 -0.3795 -0.5220
vn 0.7469 -0.3983 -0.5325
vn 0.3092 -0.5969 -0.7403
vn 0.9990 0.0370 -0.0243
vn 0.9992 0.0339 -0.0220
vn 0.7689 -0.3990 -0.4996
vn 1.0000 -0.0010 0.0066
vn 0.9997 -0.0178 0.0167
vn 0.7717 -0.3969 -0.4970
vn 0.7687 -0.3853 -0.5106
vn 0.9994 0.0323 -0.0110
vn 0.9987 0.0417 -0.0278
vn 0.9978 0.0554 -0.0356
vn 0.9998 0.0155 -0.0106
vn 0.2989 -0.5636 -0.7700
vn 0.3027 -0.6106 -0.7318
vn 0.7463 -0.3683 -0.5544
vn 0.9986 0.0480 -0.0227
vn 0.9984 0.0487 -0.0282
vn 0.7501 -0.3540 -0.5586
vn 0.2990 -0.5332 -0.7914
vn -0.0011 -0.5713 -0.8208
vn -0.7781 -0.4632 -0.4244
vn -0.7798 -0.4356 -0.4496
vn -0.9972 -0.0652 0.0356
vn -0.7670 -0.4503 -0.4571
vn -0.9975 -0.0621 0.0332
vn -0.9974 -0.0648 0.0329
vn -0.7635 -0.4355 -0.4770
vn -0.7554 -0.4170 -0.5055
vn -0.2828 -0.5972 -0.7506
vn -0.2867 -0.5639 -0.7745
vn -0.0007 -0.6061 -0.7954
vn 0.0028 -0.6546 -0.7560
vn -0.9981 -0.0546 0.0301
vn -0.2813 -0.6408 -0.7143
vn -0.2885 -0.6266 -0.7240
vn 0.0020 -0.6427 -0.7662
vn 0.0017 -0.6382 -0.7699
vn 0.3116 -0.5964 -0.7397
vn 0.3101 -0.5798 -0.7534
vn 0.0096 0.1611 0.9869
vn -0.0143 -0.1120 0.9936
vn 0.5050 -0.1409 0.8515
vn 0.7203 -0.3788 0.5811
vn 0.3911 -0.3568 0.8484
vn -0.0195 -0.3960 0.9180
vn 0.2915 -0.5245 0.8000
vn 0.0878 -0.7537 0.6514
vn 0.3817 -0.6950 0.6093
vn 0.4164 -0.8333 0.3638
vn 0.5869 -0.5369 0.6060
vn 0.6494 -0.6955 0.3075
vn 0.7824 -0.5716 0.2473
vn 0.7097 -0.6961 -0.1087
vn 0.6015 -0.7986 -0.0225
vn 0.3953 -0.8442 -0.3621
vn 0.3169 -0.9286 -0.1929
vn 0.0015 -0.7670 -0.6416
vn -0.0023 -0.9443 -0.3291
vn 0.4017 -0.9109 0.0940
vn 0.0795 -0.9868 0.1408
vn 0.0821 -0.9093 0.4080
vn 0.4793 -0.7406 -0.4709
vn 0.0071 -0.6319 -0.7750
vn -0.7752 -0.4825 -0.4078
vn -0.9661 -0.2382 0.0996
vn -0.9849 -0.1697 0.0357
vn -0.8446 -0.5003 0.1907
vn -0.6736 -0.7048 -0.2227
vn -0.2290 -0.9014 -0.3674
vn -0.7508 -0.5721 -0.3302
vn -0.2656 -0.7696 -0.5807
vn -0.3223 -0.9437 0.0751
vn 0.0420 -0.9187 -0.3926
vn 0.0463 -0.9988 0.0153
vn 0.3956 -0.9159 0.0683
vn -0.2925 -0.6509 -0.7005
vn 0.0363 -0.7858 -0.6175
vn 0.0307 -0.6620 -0.7489
vn 0.3281 -0.7401 -0.5869
vn 0.3370 -0.6245 -0.7046
vn 0.8300 -0.3929 -0.3958
vn 0.8047 -0.4894 -0.3361
vn 0.9975 -0.0646 0.0297
vn 0.9886 -0.1338 0.0690
vn 0.8855 -0.4432 0.1393
vn 0.7330 -0.6363 -0.2406
vn 0.3043 -0.8751 -0.3763
vn 0.1381 -0.2894 0.9472
vn -0.4506 -0.3369 0.8267
vn -0.2482 -0.0811 0.9653
vn 0.3467 -0.1283 0.9292
vn -0.1743 0.1076 0.9788
vn -0.1156 0.2182 0.9690
vn 0.7140 -0.4561 0.5312
vn 0.4947 -0.6557 0.5704
vn 0.9413 -0.3207 0.1051
vn 0.9596 -0.2680 0.0856
vn 0.8227 -0.4657 -0.3260
vn 0.8738 -0.0761 0.4803
vn 0.8665 -0.1421 0.4785
vn 0.5982 0.1579 0.7857
vn 0.5945 0.0914 0.7989
vn 0.0194 0.4155 0.9094
vn -0.0049 0.3660 0.9306
vn -0.0619 0.3037 0.9507
vn 0.5421 0.0605 0.8381
vn 0.4907 -0.0239 0.8710
vn 0.8327 -0.2835 0.4757
vn 0.7918 -0.6052 0.0824
vn 0.6068 -0.7919 0.0680
vn 0.4127 -0.8888 0.1994
vn 0.8206 -0.4471 -0.3559
vn 0.9436 -0.3260 0.0581
vn 0.8755 -0.1714 0.4517
vn 0.7544 -0.5403 -0.3729
vn 0.8856 -0.4603 0.0615
vn 0.5367 -0.7489 -0.3887
vn 0.4121 -0.6220 -0.6658
vn 0.5719 -0.6251 -0.5312
vn 0.4425 -0.7485 -0.4938
vn 0.4649 -0.8512 -0.2433
vn 0.4587 -0.8336 -0.3078
vn 0.3750 -0.9221 -0.0957
vn 0.4656 -0.8818 -0.0755
vn 0.5040 -0.8367 -0.2143
vn 0.4326 -0.7742 -0.4621
vn 0.5581 -0.7466 -0.3621
vn 0.6797 -0.6399 -0.3585
vn 0.3813 -0.6079 -0.6964
vn 0.4315 -0.5592 -0.7079
vn 0.4594 -0.5055 -0.7304
vn 0.2214 -0.6627 -0.7154
vn 0.3025 -0.6633 -0.6845
vn 0.5010 -0.5059 -0.7021
vn 0.1475 -0.6207 -0.7701
vn -0.2395 -0.4276 -0.8717
vn -0.1759 -0.4992 -0.8485
vn -0.1204 -0.5448 -0.8299
vn -0.0484 -0.5386 -0.8412
vn -0.0192 -0.5059 -0.8624
vn -0.0202 -0.4625 -0.8864
vn -0.0203 -0.4305 -0.9023
vn -0.0030 -0.4263 -0.9046
vn 0.5032 -0.5019 -0.7035
vn 0.8248 -0.4455 -0.3483
vn -0.3354 -0.2913 -0.8959
vn 0.0900 -0.2831 -0.9549
vn 0.1464 -0.3367 -0.9302
vn 0.1597 -0.3614 -0.9186
vn 0.0254 -0.3175 -0.9479
vn -0.0275 -0.2539 -0.9668
vn -0.1621 -0.3233 -0.9323
vn -0.2656 -0.1988 -0.9434
vn -0.1240 -0.1464 -0.9814
vn -0.4885 -0.0430 -0.8715
vn -0.4090 0.0301 -0.9120
vn -0.0473 -0.2174 -0.9749
vn -0.4270 -0.0266 -0.9038
vn -0.0373 -0.2866 -0.9573
vn -0.4172 -0.0990 -0.9034
vn -0.3718 -0.1736 -0.9120
vn -0.0037 -0.3841 -0.9233
vn 0.0527 -0.5269 -0.8483
vn 0.3568 -0.7276 -0.5859
vn 0.2797 -0.6498 -0.7068
vn 0.2232 -0.4960 -0.8391
vn 0.4554 -0.7860 -0.4181
vn 0.3988 -0.7103 -0.5800
vn 0.3403 -0.5597 -0.7556
vn 0.2477 -0.4159 -0.8750
vn 0.3096 -0.4841 -0.8184
vn 0.1796 -0.3976 -0.8998
vn 0.3811 -0.4300 -0.8184
vn 0.1739 -0.3984 -0.9006
vn 0.0736 -0.3670 -0.9273
vn 0.0151 -0.4627 -0.8864
vn -0.0099 -0.4391 -0.8984
vn -0.0515 -0.4024 -0.9140
vn 0.0673 -0.4832 -0.8729
vn 0.5146 -0.5005 -0.6962
vn 0.2826 -0.4368 -0.8540
vn 0.1486 -0.5232 -0.8392
vn 0.4938 -0.4549 -0.7412
vn 0.5960 -0.5017 -0.6270
vn 0.1466 -0.5531 -0.8201
vn 0.2479 -0.5097 -0.8239
vn 0.3488 -0.5368 -0.7683
vn 0.4383 -0.5737 -0.6919
vn 0.2569 -0.9655 0.0428
vn 0.3129 -0.9404 -0.1330
vn 0.4537 -0.8616 -0.2276
vn 0.5630 -0.7492 -0.3489
vn 0.6130 -0.6214 -0.4880
vn 0.4728 -0.6635 -0.5798
vn 0.1900 -0.6386 -0.7457
vn 0.1665 -0.5839 -0.7945
vn 0.1624 -0.5509 -0.8186
vn 0.0569 -0.6439 -0.7630
vn 0.4546 -0.7750 -0.4390
vn 0.1690 -0.8444 -0.5083
vn 0.3985 -0.8740 -0.2782
vn 0.1376 -0.8695 -0.4743
vn 0.2998 -0.9345 -0.1920
vn 0.0477 -0.7316 -0.6801
vn 0.0095 -0.7446 -0.6674
vn -0.0371 -0.6993 -0.7139
vn 0.0009 -0.6825 -0.7309
vn -0.1501 -0.5999 0.7858
vn 0.2228 -0.8352 0.5028
vn -0.0356 -0.9790 0.2009
vn 0.1490 -0.9826 -0.1109
vn 0.1384 -0.9680 -0.2092
vn 0.0498 -0.8979 -0.4374
vn -0.0327 -0.7809 -0.6238
vn -0.0659 -0.7037 -0.7075
vn -0.0372 -0.7244 -0.6884
vn -0.4027 -0.7883 0.4653
vn -0.1823 -0.9797 -0.0834
vn -0.5783 -0.7922 0.1949
vn -0.0161 -0.8404 -0.5417
vn -0.0519 -0.8107 -0.5831
vn -0.0685 -0.7232 -0.6872
vn -0.2795 -0.6908 -0.6669
vn -0.2844 -0.7778 -0.5605
vn -0.2734 -0.8840 -0.3792
vn -0.2267 -0.9551 -0.1906
vn -0.7030 -0.7106 -0.0281
vn -0.8400 -0.3536 0.4116
vn -0.6695 -0.3958 0.6285
vn -0.2684 -0.7645 -0.5861
vn -0.2284 -0.7729 -0.5919
vn -0.2905 -0.6988 -0.6537
vn -0.7325 -0.5714 -0.3700
vn -0.7337 -0.5297 -0.4255
vn -0.7524 -0.5335 -0.3864
vn -0.7631 -0.5578 -0.3264
vn -0.7742 -0.5517 -0.3102
vn -0.7976 -0.4721 -0.3753
vn -0.9852 -0.1265 0.1160
vn -0.7395 -0.6287 -0.2406
vn -0.9742 -0.0861 0.2084
vn -0.9452 -0.1678 0.2800
vn -0.9928 -0.0823 0.0876
vn -0.8475 -0.3996 -0.3493
vn -0.9912 -0.0979 0.0895
vn -0.8486 -0.3783 -0.3699
vn -0.9972 -0.0386 0.0646
vn -0.9937 -0.0796 0.0783
vn -0.8247 -0.4240 -0.3743
vn -0.9864 -0.1193 0.1130
vn -0.8037 -0.4518 -0.3872
vn -0.9792 -0.1205 0.1630
vn -0.9655 -0.2049 0.1605
vn -0.9685 -0.2096 0.1345
vn -0.9779 -0.1797 0.1070
vn -0.9844 -0.1508 0.0902
vn -0.8241 -0.4055 -0.3954
vn -0.9963 -0.0711 0.0473
vn -0.8311 -0.4277 -0.3554
vn -0.9927 -0.1027 0.0637
vn -0.8291 -0.4320 -0.3548
vn -0.9896 -0.1155 0.0856
vn -0.8373 -0.4222 -0.3475
vn -0.8440 -0.4069 -0.3494
vn -0.2960 -0.5999 -0.7433
vn -0.2813 -0.6156 -0.7361
vn -0.2590 -0.6289 -0.7331
vn -0.2428 -0.6096 -0.7546
vn -0.2307 -0.6124 -0.7562
vn 0.0220 -0.5939 -0.8042
vn -0.0128 -0.8336 -0.5522
vn 0.0067 -0.5995 -0.8004
vn 0.0085 -0.6242 -0.7812
vn 0.0148 -0.6315 -0.7752
vn 0.0261 -0.5953 -0.8031
vn 0.2973 -0.5417 -0.7863
vn 0.3129 -0.5869 -0.7468
vn 0.3337 -0.5503 -0.7654
vn 0.3293 -0.5735 -0.7501
vn 0.7658 -0.3636 -0.5304
vn 0.7590 -0.3988 -0.5147
vn 0.7399 -0.3745 -0.5588
vn 0.0347 -0.8837 -0.4669
vn 0.2676 -0.5386 -0.7989
vn 0.6760 -0.3813 -0.6306
vn 0.9981 -0.0409 -0.0466
vn 0.9960 -0.0607 -0.0662
vn 0.9986 -0.0448 -0.0290
vn 0.9990 0.0198 -0.0407
vn 0.7604 -0.3513 -0.5462
vn 0.7795 -0.3877 -0.4920
vn 0.3490 -0.5668 -0.7463
vn 0.1161 -0.9483 -0.2953
vn 0.4013 -0.7543 0.5196
vn 0.7915 -0.3826 -0.4766
vn 0.9993 0.0335 -0.0192
vn 0.8067 -0.3775 -0.4547
vn 0.9999 0.0100 -0.0114
vn 0.7779 -0.3997 -0.4849
vn 0.9993 -0.0308 0.0191
vn 0.9997 -0.0193 0.0179
vn 0.9979 0.0468 -0.0438
vn 0.3515 -0.5801 -0.7348
vn 0.3556 -0.6048 -0.7126
vn 0.3519 -0.6338 -0.6888
vn 0.0155 -0.6947 -0.7191
vn 0.0133 -0.6644 -0.7473
vn -0.3178 -0.6514 -0.6889
vn -0.3195 -0.6234 -0.7136
vn -0.3169 -0.6074 -0.7284
vn 0.0095 -0.6118 -0.7909
vn -0.3219 -0.6748 -0.6641
vn 0.0108 -0.6302 -0.7764
vn 0.3430 -0.5991 -0.7235
vn 0.0170 -0.6613 -0.7499
vn -0.3223 -0.6420 -0.6957
vn 0.8072 -0.3348 -0.4861
vn 0.9966 0.0725 -0.0387
vn 0.9977 0.0534 -0.0415
vn 0.8074 -0.3100 -0.5020
vn 0.3447 -0.5379 -0.7693
vn 0.0057 -0.5853 -0.8108
vn -0.3470 -0.5655 -0.7482
vn -0.8230 -0.3645 -0.4356
vn -0.9994 -0.0331 0.0066
vn -0.9984 -0.0429 0.0360
vn 0.6759 0.4235 0.6032
vn 0.5647 0.3839 0.7306
vn 0.8217 0.0516 0.5676
vn 0.5641 0.4922 0.6629
vn 0.6176 0.4440 0.6492
vn 0.4495 0.4987 0.7411
vn 0.2045 0.5485 0.8108
vn 0.2494 0.5523 0.7954
vn -0.0125 0.5428 0.8398
vn -0.0116 0.5576 0.8300
vn -0.2312 0.5162 0.8247
vn -0.2865 0.5213 0.8039
vn -0.5127 0.4044 0.7574
vn -0.6743 0.3755 0.6359
vn -0.6658 0.2710 0.6952
vn -0.6841 0.3401 0.6452
vn -0.8140 -0.0424 0.5793
vn -0.6520 0.3326 0.6813
vn 0.2279 0.4303 0.8735
vn 0.0022 0.4366 0.8996
vn -0.2459 0.4124 0.8772
vn -0.6661 0.2705 0.6951
vn -0.8141 -0.0429 0.5792
vn -0.2458 0.4124 0.8772
vn -0.5231 -0.7159 0.4624
vn -0.2460 0.4121 0.8773
vn -0.5229 -0.7161 0.4623
vn 0.0023 0.4365 0.8997
vn 0.0133 -0.9008 0.4341
vn 0.2280 0.4301 0.8735
vn 0.5103 -0.6709 0.5380
vn 0.2283 0.4300 0.8735
vn 0.5103 -0.6710 0.5379
vn 0.5649 0.3837 0.7305
vn 0.8219 0.0514 0.5673
vn 0.0260 -0.4190 -0.9076
vn 0.1487 -0.5232 -0.8392
vn 0.1669 -0.5583 -0.8127
vn 0.1189 -0.4299 -0.8950
vn 0.0081 -0.3853 -0.9228
vn 0.0962 -0.3831 -0.9187
vn 0.0067 -0.4240 -0.9056
vn 0.1018 -0.4104 -0.9062
vn 0.0071 -0.4313 -0.9022
vn 0.1064 -0.4187 -0.9019
vn 0.2794 -0.5360 -0.7966
vn 0.6030 -0.2573 -0.7551
vn 0.3016 -0.4234 -0.8543
vn 0.3367 -0.5124 -0.7900
vn 0.5949 -0.3689 -0.7142
vn 0.7852 -0.2160 -0.5804
vn 0.7876 -0.0815 -0.6107
vn 0.9253 -0.0277 -0.3782
vn 0.8959 0.0772 -0.4375
vn 0.9806 0.1619 -0.1108
vn 0.9456 0.2627 -0.1918
vn 0.8492 0.1692 -0.5003
vn 0.7704 0.0376 -0.6364
vn 0.8004 -0.0039 -0.5994
vn 0.5915 -0.1483 -0.7925
vn 0.6392 -0.1638 -0.7514
vn 0.8944 0.3840 0.2295
vn 0.8055 0.0038 -0.5925
vn 0.6525 -0.1490 -0.7430
vn 0.8701 0.1033 -0.4820
vn 0.8952 0.3621 -0.2600
vn 0.8703 0.4735 0.1353
vn 0.6660 0.6165 0.4201
vn 0.6586 0.5341 0.5301
vn 0.4121 0.6917 0.5931
vn 0.4143 0.5826 0.6993
vn 0.2360 0.7087 0.6649
vn 0.2312 0.5876 0.7754
vn 0.0648 0.6969 0.7142
vn 0.0521 0.5711 0.8192
vn -0.1600 0.6812 0.7144
vn -0.1518 0.5376 0.8294
vn 0.8618 0.0844 -0.5002
vn 0.9245 0.3163 -0.2129
vn 0.8194 0.5722 0.0333
vn 0.6200 0.7246 0.3009
vn 0.3746 0.7942 0.4785
vn 0.2266 0.8038 0.5501
vn 0.0741 0.8047 0.5890
vn -0.1726 0.7910 0.5870
vn -0.3708 0.6711 0.6420
vn -0.3920 0.7638 0.5128
vn -0.5968 0.6262 0.5017
vn 0.9266 0.3153 -0.2047
vn 0.8343 0.5446 0.0863
vn 0.6127 0.7101 0.3469
vn 0.3704 0.7773 0.5085
vn 0.2440 0.7814 0.5744
vn 0.0853 0.7860 0.6123
vn -0.1693 0.7754 0.6084
vn -0.4139 0.7335 0.5391
vn -0.5836 0.7092 0.3955
vn -0.5950 0.6752 0.4360
vn -0.7369 0.6266 0.2535
vn 0.8284 0.5493 0.1095
vn 0.5861 0.7236 0.3647
vn 0.3641 0.7833 0.5039
vn 0.2529 0.7860 0.5642
vn 0.0911 0.7872 0.6099
vn -0.1637 0.7775 0.6072
vn -0.4198 0.7351 0.5323
vn -0.5970 0.6786 0.4279
vn -0.7516 0.5921 0.2909
vn -0.7477 0.5979 0.2887
vn -0.8895 0.4514 0.0701
vn -0.8915 0.4465 0.0765
vn -0.8637 0.5028 0.0348
vn -0.9174 0.3057 -0.2546
vn -0.9446 0.2521 -0.2103
vn -0.9526 0.2315 -0.1975
vn -0.7625 0.5480 0.3439
vn -0.8978 0.4189 0.1357
vn -0.9615 0.2076 -0.1799
vn -0.9116 0.0921 -0.4006
vn -0.8728 0.1376 -0.4683
vn -0.8936 0.0712 -0.4433
vn -0.8950 0.0431 -0.4440
vn -0.3150 0.5309 0.7867
vn -0.5530 0.5248 0.6471
vn -0.7682 0.4637 0.4414
vn -0.9145 0.3459 0.2098
vn -0.9740 0.2045 -0.0971
vn -0.9216 0.1366 -0.3633
vn -0.7694 0.0065 -0.6388
vn -0.7225 -0.0411 -0.6901
vn -0.7415 -0.1222 -0.6597
vn -0.4924 -0.2095 -0.8448
vn -0.5128 -0.2871 -0.8091
vn -0.4869 -0.1410 -0.8620
vn -0.7784 0.0985 -0.6200
vn -0.1622 -0.3233 -0.9323
vn -0.2479 -0.2895 -0.9245
vn -0.0514 -0.4024 -0.9140
vn -0.0100 -0.4391 -0.8984
vn -0.7464 -0.1319 -0.6523
vn -0.5201 -0.2926 -0.8024
vn -0.3242 -0.3806 -0.8661
vn -0.3170 -0.3724 -0.8723
vn -0.1287 -0.4168 -0.8998
vn -0.1046 -0.3655 -0.9249
vn -0.2882 -0.3059 -0.9074
vn -0.0576 -0.4004 -0.9145
vn -0.1381 -0.4254 -0.8944
vn 0.0259 -0.4190 -0.9076
vn 0.0674 -0.4832 -0.8729
vn 0.1486 -0.5231 -0.8392
vn -0.0489 0.4097 0.9109
vn -0.6043 0.3406 0.7203
vn -0.0737 0.4875 0.8700
vn -0.8758 0.1097 0.4700
vn 0.3767 0.4530 0.8080
vn -0.0560 0.5182 0.8534
vn 0.4531 0.4664 0.7597
vn -0.0368 0.5528 0.8325
vn 0.4853 0.4792 0.7313
vn -0.0255 0.5585 0.8291
vn 0.5098 0.4914 0.7061
vn -0.0206 0.5733 0.8191
vn 0.5089 0.5250 0.6822
vn 0.9010 0.2086 0.3804
vn 0.9045 0.2147 0.3686
vn 0.9004 0.2668 0.3437
vn 0.8914 0.3101 0.3305
vn 0.8888 0.2399 0.3904
vn 0.5000 0.4567 0.7358
vn 0.4896 0.4496 0.7471
vn 0.9960 -0.0607 -0.0661
vn 0.9986 -0.0447 -0.0289
vn 0.9990 0.0199 -0.0407
vn 0.8909 0.2289 0.3922
vn 0.4675 0.5086 0.7231
vn 0.8905 0.2829 0.3563
vn 0.4371 0.5588 0.7047
vn 0.8819 0.3251 0.3415
vn 0.8660 0.3682 0.3385
vn 0.9999 0.0101 -0.0113
vn 0.9993 -0.0308 0.0192
vn 0.9966 0.0726 -0.0387
vn 0.9977 0.0535 -0.0414
vn 0.8872 0.3135 0.3387
vn 0.3888 0.5867 0.7104
vn -0.0177 0.5022 0.8646
vn -0.0171 0.4935 0.8696
vn -0.0184 0.5408 0.8409
vn -0.0198 0.5909 0.8065
vn -0.0187 0.6036 0.7971
vn 0.3933 0.5231 0.7561
vn 0.4389 0.3916 0.8087
vn 0.2070 0.3937 0.8956
vn 0.4162 0.4686 0.7792
vn 0.1946 0.5212 0.8310
vn -0.0029 0.5150 0.8572
vn 0.0111 0.3915 0.9201
vn 0.8535 0.2693 0.4461
vn 0.5339 0.4459 0.7184
vn -0.5352 0.3843 0.7523
vn -0.5434 0.3877 0.7446
vn -0.5058 0.4399 0.7421
vn -0.4797 0.5013 0.7201
vn -0.0149 0.5476 0.8366
vn -0.4444 0.5315 0.7211
vn -0.8973 0.2228 0.3810
vn -0.9006 0.1705 0.3998
vn -0.9027 0.1312 0.4098
vn -0.9043 0.1388 0.4036
vn -0.9100 0.1539 0.3851
vn -0.5663 0.4290 0.7038
vn -0.2084 0.3790 0.9016
vn -0.4484 0.4799 0.7541
vn -0.8864 0.2531 0.3876
vn -0.9984 -0.0428 0.0361
vn -0.9963 -0.0710 0.0474
vn -0.9927 -0.1026 0.0638
vn -0.9896 -0.1155 0.0857
vn -0.9912 -0.0978 0.0896
vn -0.9927 -0.0822 0.0877
vn -0.9194 0.1874 0.3457
vn -0.9028 0.2258 0.3659
vn -0.9994 -0.0330 0.0067
vn -0.4803 0.3598 0.7999
vn -0.2042 0.4957 0.8441
vn -0.3868 0.4421 0.8093
vn -0.5989 0.3524 0.7191
vn -0.9972 -0.0385 0.0646
vn -0.9209 0.1546 0.3577
vn -0.9938 -0.0795 0.0783
vn -0.9864 -0.1192 0.1130
vn -0.6039 0.3677 0.7072
vn -0.5959 0.4165 0.6866
vn -0.5828 0.4380 0.6845
vn -0.5827 0.3552 0.7309
vn -0.8958 0.1019 0.4325
vn -0.9792 -0.1204 0.1630
vn -0.8800 0.0892 0.4664
vn 0.5895 0.4779 0.6512
vn 0.5340 0.4459 0.7184
vn 0.2411 0.5517 0.7984
vn 0.5383 0.3893 0.7474
vn 0.2045 0.4288 0.8799
vn -0.9501 0.2685 0.1590
vn -0.9635 0.0467 0.2635
vn -0.8399 0.1524 0.5209
vn -0.9991 -0.0366 0.0215
vn -0.9808 0.1831 -0.0665
vn -0.9565 0.0875 -0.2784
vn -0.9694 -0.1202 -0.2139
vn -0.8658 -0.2118 -0.4534
vn -0.8239 -0.0650 -0.5630
vn -0.7170 -0.1718 -0.6756
vn -0.3668 -0.8610 -0.3524
vn -0.3852 -0.3116 0.8686
vn -0.6849 0.3553 0.6361
vn -0.7962 0.3570 0.4884
vn -0.7663 0.3950 0.5068
vn -0.9429 0.2888 0.1659
vn -0.9791 0.1917 -0.0681
vn -0.9552 0.0799 -0.2848
vn -0.7847 -0.1078 -0.6104
vn -0.7581 -0.1259 -0.6398
vn -0.7167 0.3969 0.5735
vn -0.8657 -0.2121 -0.4535
vn -0.3664 -0.8611 -0.3526
vn -0.9694 -0.1201 -0.2140
vn -0.0841 -0.9901 0.1126
vn -0.9635 0.0466 0.2636
vn -0.1088 -0.7480 0.6548
vn -0.8398 0.1523 0.5210
vn -0.3849 -0.3117 0.8687
vn -0.9694 -0.1200 -0.2139
vn -0.0839 -0.9901 0.1126
vn -0.9991 -0.0365 0.0215
vn -0.0022 -0.9119 0.4103
vn -0.1088 -0.7479 0.6548
vn -0.8362 0.1663 0.5225
vn -0.6362 0.0910 0.7662
vn -0.8401 0.1505 0.5211
vn -0.5678 0.2025 0.7979
vn -0.7005 -0.0001 -0.7136
vn -0.8808 0.3027 -0.3640
vn -0.7112 0.0977 -0.6962
vn -0.8990 0.2535 -0.3573
vn -0.9133 0.1715 -0.3695
vn -0.9206 0.3545 0.1635
vn -0.9460 0.2753 0.1710
vn -0.8467 0.1886 0.4975
vn -0.9723 0.1754 0.1547
vn -0.9873 0.1057 0.1186
vn -0.8382 0.2049 0.5054
vn -0.8555 0.2434 0.4570
vn -0.5451 0.2892 0.7869
vn -0.8516 0.3340 0.4040
vn -0.9109 0.4086 0.0576
vn -0.8627 0.2649 0.4307
vn -0.8098 0.0267 0.5861
vn -0.7251 -0.0006 0.6887
vn -0.2482 -0.0810 0.9653
vn -0.1743 0.1077 0.9788
vn -0.1156 0.2183 0.9690
vn -0.5219 0.3612 0.7727
vn -0.8541 0.2889 0.4324
vn -0.9916 0.1265 -0.0268
vn -0.9766 0.2074 -0.0576
vn -0.8835 -0.0857 -0.4606
vn -0.8384 0.3737 0.3967
vn -0.8910 -0.0956 -0.4438
vn -0.0619 0.3038 0.9507
vn -0.5014 0.4365 0.7470
vn -0.8249 0.4264 0.3712
vn -0.9635 0.2539 -0.0849
vn -0.8599 -0.0254 -0.5098
vn -0.8475 0.0035 -0.5307
vn -0.4867 0.4906 0.7228
vn -0.6363 -0.2983 -0.7114
vn -0.9211 0.0267 -0.3885
vn -0.6651 -0.2049 -0.7181
vn -0.9190 -0.0771 -0.3866
vn -0.9044 -0.1018 -0.4143
vn -0.5809 -0.3367 -0.7411
vn -0.5408 -0.3346 -0.7717
vn -0.5189 -0.3194 -0.7929
vn -0.5063 -0.2639 -0.8210
vn -0.4840 -0.2489 -0.8389
vn -0.0030 -0.4262 -0.9046
vn -0.0204 -0.4305 -0.9024
vn -0.0203 -0.4625 -0.8864
vn -0.0193 -0.5059 -0.8624
vn -0.0485 -0.5385 -0.8412
vn -0.1205 -0.5447 -0.8299
vn -0.1760 -0.4991 -0.8485
vn -0.6790 -0.1021 -0.7270
vn -0.2396 -0.4275 -0.8717
vn -0.9967 0.0738 0.0345
vn -0.9953 0.0952 -0.0158
vn -0.3719 -0.1735 -0.9119
vn -0.7316 0.1577 -0.6633
vn -0.4271 -0.0266 -0.9038
vn -0.7280 0.2096 -0.6527
vn -0.7206 0.2151 -0.6592
vn -0.8532 0.3045 -0.4235
vn -0.9216 0.1367 -0.3633
vn -0.9103 0.3795 -0.1652
vn -0.8773 0.4641 0.1221
vn -0.7682 0.4638 0.4414
vn -0.7026 0.5598 0.4393
vn -0.4465 0.5846 0.6774
vn -0.7784 0.0986 -0.6200
vn -0.8647 0.3220 -0.3855
vn -0.9018 0.4282 -0.0573
vn -0.8923 0.4315 -0.1329
vn -0.8533 0.4674 0.2313
vn -0.8663 0.4742 0.1569
vn -0.7092 0.5204 0.4757
vn -0.8375 0.3384 -0.4290
vn -0.8297 0.4509 0.3289
vn -0.7258 0.4802 0.4925
vn -0.4338 0.5828 0.6871
vn -0.4495 0.5532 0.7014
vn -0.7112 0.4943 0.5000
vn -0.7240 0.4390 0.5321
vn -0.8986 0.1896 0.3958
vn -0.8853 0.0803 0.4581
vn -0.8400 -0.3535 0.4115
vn -0.6696 -0.3957 0.6285
vn -0.4506 -0.3368 0.8267
vn -0.7534 0.3582 0.5515
vn -0.4315 0.5469 0.7174
vn -0.4465 0.5589 0.6988
vn -0.9743 -0.0860 0.2084
vn -0.9851 -0.1265 0.1161
vn -0.1587 0.5787 0.7999
vn -0.2766 0.5734 0.7712
vn -0.2603 0.5940 0.7612
vn -0.2354 0.5771 0.7820
vn -0.2110 0.5688 0.7949
vn -0.1996 0.5740 0.7942
vn -0.4395 0.5189 0.7332
vn -0.7546 0.3097 0.5785
vn -0.4191 0.4881 0.7655
vn -0.1496 0.5910 0.7926
vn -0.1163 0.5666 0.8158
vn 0.0328 0.5675 0.8227
vn 0.0291 0.5930 0.8047
vn 0.0270 0.5945 0.8037
vn 0.2007 0.6012 0.7735
vn 0.3810 0.5853 0.7158
vn 0.3941 0.5976 0.6982
vn 0.2012 0.5949 0.7782
vn 0.2072 0.5660 0.7979
vn 0.0283 0.5755 0.8173
vn -0.1010 0.5715 0.8144
vn -0.0955 0.5768 0.8113
vn 0.3551 0.5656 0.7443
vn 0.2068 0.5724 0.7934
vn 0.2085 0.5739 0.7919
vn 0.0301 0.5771 0.8161
vn 0.8106 0.4654 0.3555
vn 0.3955 0.5715 0.7190
vn 0.7769 0.4668 0.4226
vn 0.4475 0.5730 0.6866
vn 0.8412 0.4382 0.3167
vn 0.4970 0.5667 0.6572
vn 0.5568 0.5601 0.6135
vn 0.6110 0.5545 0.5650
vn 0.6347 0.5510 0.5418
vn 0.0522 0.5711 0.8192
vn -0.1517 0.5376 0.8294
vn 0.9218 0.0042 -0.3877
vn 0.9724 0.2167 -0.0860
vn 0.9298 0.0379 -0.3662
vn 0.9781 0.1747 -0.1131
vn 0.8963 0.3838 0.2224
vn 0.8876 0.3989 0.2304
vn 0.8690 0.4159 0.2681
vn 0.9704 0.2378 -0.0409
vn 0.9689 0.2472 -0.0088
vn 0.9463 -0.0121 -0.3232
vn 0.9661 0.2579 -0.0072
vn 0.9435 -0.0452 -0.3283
vn 0.9409 -0.0845 -0.3279
vn 0.9404 0.0193 -0.3395
vn 0.9692 0.2442 0.0327
vn 0.9721 0.2258 0.0635
vn 0.9429 -0.0910 -0.3204
vn 0.9514 -0.1080 -0.2884
vn 0.9989 0.0054 -0.0469
vn 0.9128 0.2882 0.2894
vn 0.9973 0.0535 -0.0512
vn 0.9200 0.2583 0.2947
vn 0.9981 -0.0424 -0.0453
vn 0.9278 0.2151 0.3048
vn 0.9953 -0.0638 -0.0735
vn 0.9403 0.1896 0.2826
vn 0.9917 -0.0490 -0.1188
vn 0.9417 0.2317 0.2441
vn 0.9805 -0.0653 -0.1852
vn 0.9439 0.2351 0.2320
vn 0.9628 -0.1103 -0.2468
vn 0.9574 0.2130 0.1948
vn 0.9678 0.2160 0.1293
vn 0.7489 0.4622 0.4749
vn 0.7427 0.4004 0.5367
vn 0.6817 0.4301 0.5919
vn 0.3476 0.5074 0.7885
vn 0.6729 0.4121 0.6144
vn 0.2994 0.5017 0.8116
vn 0.1372 0.4697 0.8721
vn 0.2998 0.5249 0.7966
vn 0.7401 0.4343 0.5135
vn 0.3553 0.5625 0.7466
vn 0.3172 0.5515 0.7715
vn 0.2623 0.4427 0.8574
vn 0.1995 0.5634 0.8017
vn 0.3319 0.5084 0.7945
vn 0.6697 0.3972 0.6275
vn 0.2254 0.4710 0.8529
vn -0.0406 0.1798 0.9829
vn 0.0757 0.3949 0.9156
vn 0.3855 0.4870 0.7837
vn 0.2075 0.5318 0.8210
vn 0.0500 0.5743 0.8171
vn 0.0774 0.5469 0.8336
vn -0.0777 0.5754 0.8142
vn -0.0722 0.5533 0.8299
vn 0.1119 0.4980 0.8599
vn 0.2096 0.5032 0.8384
vn 0.4104 0.1616 0.8975
vn -0.3196 0.2625 0.9105
vn -0.0084 0.5096 0.8604
vn 0.2441 0.2651 0.9328
vn 0.6771 0.2633 0.6872
vn 0.4630 -0.0790 0.8829
vn -0.5710 0.0562 0.8190
vn -0.7940 0.1809 0.5804
vn -0.5355 0.3804 0.7540
vn 0.1091 0.5417 0.8335
vn 0.6166 0.4493 0.6465
vn 0.0486 0.5646 0.8239
vn -0.5975 0.4191 0.6836
vn -0.5885 0.4352 0.6814
vn -0.8632 0.2525 0.4371
vn -0.5503 0.4210 0.7210
vn -0.8566 0.2388 0.4575
vn -0.8510 0.2393 0.4675
vn -0.0070 0.5181 0.8553
vn 0.0060 0.5287 0.8488
vn 0.0187 0.5735 0.8190
vn -0.0178 0.5326 0.8462
vn 0.5612 0.4431 0.6990
vn 0.5707 0.4660 0.6762
vn 0.5931 0.4937 0.6360
vn 0.6070 0.4787 0.6343
vn -0.5354 0.4121 0.7372
vn -0.5150 0.4310 0.7410
vn -0.4915 0.4473 0.7472
vn -0.8500 0.2387 0.4697
vn -0.8454 0.2574 0.4681
vn -0.4818 0.4794 0.7335
vn -0.0239 0.5355 0.8442
vn 0.5307 0.4637 0.7095
vn 0.8996 0.2324 0.3698
vn 0.9028 0.2731 0.3323
vn -0.9915 -0.1276 0.0237
vn -0.8893 0.1720 0.4238
vn -0.8477 0.2175 0.4839
vn -0.9959 -0.0863 0.0270
vn -0.8438 0.2485 0.4757
vn -0.4754 0.4685 0.7447
vn -0.0284 0.5728 0.8192
vn 0.5098 0.4930 0.7050
vn 0.8944 0.2549 0.3676
vn 0.9991 -0.0194 0.0376
vn 0.9996 0.0253 -0.0105
vn 0.8756 0.3143 0.3669
vn 0.4743 0.5273 0.7050
vn -0.0256 0.5601 0.8280
vn 0.8546 0.3351 0.3967
vn 0.8465 0.3259 0.4210
vn 0.4439 0.5211 0.7290
vn -0.5010 0.3182 0.8049
vn -0.4810 0.4046 0.7778
vn -0.0186 0.4850 0.8743
vn 0.4531 0.4680 0.7587
vn 0.8499 0.3070 0.4282
vn 0.9999 0.0033 0.0157
vn 0.9995 0.0300 -0.0043
vn 0.9994 0.0304 -0.0168
vn 0.9998 -0.0025 0.0176
vn -0.2288 0.2621 0.9375
vn -0.3830 0.4742 0.7928
vn -0.6730 0.3166 0.6685
vn -0.2584 0.5073 0.8221
vn -0.0196 0.2548 0.9668
vn 0.1782 0.2920 0.9397
vn 0.4732 0.3332 0.8155
vn 0.8988 0.2350 0.3700
vn 0.3635 0.4777 0.7998
vn 0.8362 0.2451 0.4907
vn 0.2186 0.5126 0.8303
vn 0.6203 0.3913 0.6798
vn 0.8361 0.2197 0.5026
vn 0.6718 0.4027 0.6217
vn 0.8520 -0.0744 0.5182
vn 0.7891 -0.0547 0.6118
vn 0.4982 -0.6025 0.6235
vn 0.0350 -0.7569 0.6526
vn 0.0483 -0.9987 0.0168
vn -0.4612 -0.6329 0.6219
vn -0.4036 -0.8877 0.2213
vn -0.8198 -0.1325 0.5572
vn -0.8173 -0.1504 0.5562
vn -0.8350 0.1165 0.5378
vn -0.7005 0.2920 0.6512
vn -0.8560 0.1671 0.4893
vn 0.9886 -0.1337 0.0691
vn 0.8855 -0.4432 0.1394
vn -0.3223 -0.9436 0.0752
vn -0.8445 -0.5003 0.1908
vn -0.9661 -0.2381 0.0997
vn -0.9849 -0.1696 0.0358
vn -0.5496 0.4231 0.7204
vn -0.2556 0.5229 0.8132
vn -0.3867 0.4421 0.8093
vn -0.2043 0.4958 0.8441
vn 0.5384 0.3893 0.7473
vn 0.3957 -0.8579 0.3276
vn 0.6393 0.2236 0.7358
vn 0.2046 0.4288 0.8799
vn -0.2339 0.4037 0.8845
vn -0.3711 -0.8687 0.3281
vn 0.0027 0.4310 0.9023
vn 0.0460 -0.9989 0.0044
vn 0.2042 0.4289 0.8800
vn 0.3959 -0.8578 0.3277
vn -0.5012 0.3497 0.7915
vn -0.6643 0.0973 0.7411
vn -0.2334 0.4039 0.8845
vn -0.3713 -0.8686 0.3281
vn -0.5014 0.3497 0.7914
vn -0.6242 0.3693 0.6884
vn -0.6645 0.0974 0.7409
vn 0.8217 0.0515 0.5675
vn 0.9047 -0.0957 0.4151
vn 0.5007 -0.6098 0.6144
vn 0.0071 -0.7460 0.6659
vn -0.0126 0.5427 0.8398
vn -0.2566 0.3955 0.8819
vn -0.2312 0.5161 0.8247
vn -0.5163 0.3598 0.7771
vn -0.5127 0.4043 0.7574
vn -0.9173 0.0975 0.3860
vn -0.6519 0.3327 0.6815
vn -0.8935 0.0535 0.4459
vn -0.6842 0.3401 0.6452
vn -0.8140 -0.0427 0.5792
vn -0.8582 -0.1915 0.4762
vn -0.5026 -0.6315 0.5904
vn 0.0154 -0.9770 0.2126
vn 0.4220 -0.8774 0.2284
vn 0.9234 -0.3446 0.1691
vn -0.9416 0.1206 0.3143
vn -0.9882 -0.1208 0.0946
vn -0.9640 -0.2176 0.1529
vn -0.8709 -0.4231 0.2500
vn -0.3852 -0.8832 0.2677
vn -0.9958 -0.0733 0.0540
vn 0.9156 0.1577 0.3699
vn 0.9152 0.2228 0.3359
vn 0.5003 0.4362 0.7480
vn 0.9273 0.2480 0.2802
vn 0.9993 0.0320 -0.0179
vn 0.9998 -0.0146 0.0145
vn 0.9919 -0.1056 0.0701
vn 0.4493 0.4987 0.7412
vn -0.9166 0.1366 0.3757
vn -0.5450 0.4079 0.7325
vn -0.9133 0.1179 0.3897
vn -0.5265 0.4382 0.7285
vn -0.9201 0.1724 0.3518
vn -0.5141 0.4534 0.7281
vn -0.9185 0.1853 0.3493
vn -0.5021 0.4879 0.7140
vn -0.4879 0.4754 0.7321
vn -0.0025 0.5678 0.8232
vn 0.0013 0.4824 0.8759
vn 0.4691 0.5256 0.7097
vn 0.4622 0.4806 0.7452
vn 0.8870 0.3034 0.3481
vn 0.2450 0.4341 0.8669
vn 0.2045 0.5484 0.8108
vn 0.0002 0.4075 0.9132
vn -0.9169 0.1805 0.3559
vn 0.9984 0.0488 -0.0281
vn 0.8765 0.3192 0.3604
vn -0.4776 0.4094 0.7774
vn -0.9198 0.1619 0.3575
vn -0.9981 -0.0546 0.0302
vn -0.9975 -0.0620 0.0333
vn -0.9919 -0.1085 0.0657
vn -0.9881 -0.1291 0.0837
vn -0.9927 -0.0991 0.0685
vn 0.8966 0.2634 0.3559
vn 0.5157 0.4944 0.6997
vn 0.5010 0.5054 0.7026
vn 0.0005 0.5517 0.8340
vn -0.0041 0.5917 0.8061
vn 0.4852 0.5336 0.6927
vn 0.8836 0.3101 0.3508
vn 0.9990 0.0371 -0.0242
vn 0.9992 0.0339 -0.0219
vn 0.8920 0.2949 0.3427
vn 1.0000 -0.0010 0.0067
vn 0.9997 -0.0177 0.0168
vn 0.5356 0.4719 0.7004
vn 0.8982 0.2440 0.3657
vn 0.5435 0.4576 0.7037
vn 0.0020 0.5583 0.8296
vn -0.5612 0.4397 0.7012
vn -0.5499 0.3900 0.7386
vn 0.0063 0.4965 0.8680
vn 0.0036 0.5353 0.8446
vn -0.0391 -0.1256 0.9913
vn -0.0052 0.1455 0.9893
vn 0.5806 -0.0750 0.8107
vn -0.1952 0.1285 0.9723
vn -0.8592 0.1295 0.4950
vn -0.4207 0.4155 0.8065
vn -0.9194 0.1661 0.3565
vn -0.5503 0.4295 0.7160
vn -0.9194 0.1587 0.3598
vn -0.5699 0.4290 0.7008
vn -0.9145 0.1511 0.3753
vn -0.9117 0.1456 0.3841
vn 0.9995 0.0025 0.0309
vn 0.6828 -0.5368 0.4956
vn -0.9750 -0.1348 0.1764
vn -0.9967 -0.0534 0.0611
vn -0.9951 -0.0760 0.0634
vn -0.9925 -0.0959 0.0759
vn -0.3931 0.2686 0.8794
vn -0.0338 0.4181 0.9078
vn 0.5142 0.2391 0.8237
vn -0.0748 0.3222 0.9437
vn 0.1757 0.5374 0.8248
vn 0.4926 0.4869 0.7213
vn 0.5837 0.3855 0.7146
vn 0.1436 0.4936 0.8577
vn 0.1056 0.4167 0.9029
vn 0.6454 0.3107 0.6978
vn 0.0513 0.5267 0.8485
vn 0.0022 0.5856 0.8106
vn 0.0113 0.5684 0.8227
vn 0.0242 0.5510 0.8342
vn 0.5899 0.4537 0.6680
vn 0.9145 0.2413 0.3248
vn 0.5961 0.4769 0.6460
vn 0.9183 0.2766 0.2832
vn 0.5776 0.4919 0.6514
vn 0.9031 0.2891 0.3177
vn 0.5667 0.5085 0.6483
vn 0.8947 0.2991 0.3318
vn 0.8952 0.2774 0.3487
vn 0.8299 0.0323 0.5570
vn 0.8888 -0.3630 0.2798
vn 0.9998 0.0203 -0.0043
vn 0.9978 0.0554 -0.0355
vn 0.9987 0.0418 -0.0278
vn 0.9994 0.0324 -0.0109
vn 0.9998 0.0155 -0.0105
vn 0.5328 -0.6982 0.4781
vn -0.8280 -0.3498 0.4383
vn -0.9917 -0.1155 0.0563
vn -0.9949 -0.0964 0.0297
vn -0.8555 0.2147 0.4711
vn -0.8535 0.2187 0.4729
vn -0.9958 -0.0874 0.0254
vn -0.9946 -0.0991 0.0293
vn -0.9917 -0.1218 0.0414
vn -0.9911 -0.1260 0.0422
vn -0.7534 -0.6545 -0.0636
vn -0.8486 -0.4611 0.2592
vn -0.9670 -0.2289 0.1122
vn -0.2865 -0.9380 -0.1949
vn -0.3210 -0.8977 0.3017
vn -0.3641 -0.5655 -0.7400
vn -0.8322 -0.4241 -0.3573
vn -0.8291 -0.3772 -0.4127
vn -0.9976 -0.0648 0.0230
vn -0.9909 -0.1245 0.0507
vn -0.8178 -0.5217 -0.2431
vn -0.3555 -0.7689 -0.5314
vn 0.0504 -0.9750 -0.2163
vn 0.0588 -0.9587 0.2783
vn 0.3974 -0.8730 0.2829
vn -0.3792 -0.6286 -0.6791
vn 0.0112 -0.5802 -0.8144
vn 0.0185 -0.6553 -0.7551
vn 0.4021 -0.5943 -0.6965
vn 0.3891 -0.7358 -0.5543
vn 0.8221 -0.3683 -0.4341
vn 0.8190 -0.4681 -0.3319
vn 0.9997 -0.0076 0.0238
vn 0.9923 -0.0897 0.0850
vn 0.9018 -0.3623 0.2355
vn 0.7663 -0.6272 -0.1396
vn 0.3544 -0.9100 -0.2150
vn 0.0340 -0.8068 -0.5898
vn 0.9999 0.0151 -0.0079
vn 0.8145 -0.3284 -0.4782
vn 0.3679 -0.5347 -0.7607
vn 0.0239 -0.6755 -0.7369
vn 0.0247 -0.6594 -0.7514
vn 0.2613 -0.6405 -0.7221
vn 0.2773 -0.6178 -0.7358
vn 0.0193 -0.6655 -0.7461
vn 0.2955 -0.6228 -0.7245
vn 0.6987 -0.5558 -0.4504
vn 0.7818 -0.3750 -0.4981
vn 0.7724 -0.3932 -0.4988
vn 0.7519 -0.4208 -0.5075
vn 0.2515 -0.6171 -0.7456
vn -0.2058 -0.6607 -0.7218
vn 0.0094 -0.6103 -0.7921
vn -0.2150 -0.6153 -0.7584
vn 0.2532 -0.5830 -0.7720
vn 0.2604 -0.6032 -0.7539
vn 0.7541 -0.3899 -0.5285
vn 0.7537 -0.4119 -0.5121
vn 0.7672 -0.4079 -0.4950
vn 0.7704 -0.3824 -0.5102
vn 0.9996 0.0276 0.0023
vn 0.9996 0.0288 -0.0059
vn 0.9982 0.0471 -0.0368
vn 0.9994 -0.0316 0.0148
vn 0.9998 -0.0209 -0.0005
vn 0.9988 0.0069 -0.0481
vn 0.9978 0.0175 -0.0634
vn 0.7735 -0.3689 -0.5154
vn 0.2834 -0.5952 -0.7519
vn 0.7775 -0.3095 -0.5475
vn 0.2771 -0.5035 -0.8184
vn 0.7625 -0.3313 -0.5557
vn 0.9962 0.0569 -0.0661
vn 0.9976 0.0550 -0.0427
vn 0.9996 0.0210 -0.0196
vn 0.7957 -0.3478 -0.4958
vn 0.3045 -0.5576 -0.7723
vn 0.0081 -0.5332 -0.8459
vn 0.0163 -0.6510 -0.7589
vn -0.2404 -0.6429 -0.7273
vn -0.2341 -0.6211 -0.7479
vn -0.7944 -0.4250 -0.4340
vn -0.7928 -0.4511 -0.4100
vn -0.9930 -0.1054 0.0535
vn 0.0144 -0.6254 -0.7802
vn 0.0080 -0.5900 -0.8074
vn -0.2691 -0.5912 -0.7603
vn -0.9952 -0.0863 0.0465
vn -0.9971 -0.0699 0.0293
vn -0.8084 -0.4156 -0.4169
vn -0.7993 -0.3817 -0.4640
vn -0.2514 -0.5393 -0.8037
vn -0.2384 -0.6400 -0.7304
vn -0.7945 -0.4235 -0.4352
vn -0.7865 -0.4062 -0.4652
vn -0.9977 -0.0676 0.0030
vn -0.9967 -0.0808 -0.0017
vn -0.2068 -0.6736 -0.7096
vn -0.8232 -0.4307 -0.3700
vn -0.8037 -0.4519 -0.3872
vn -0.7896 -0.4627 -0.4031
vn -0.2158 -0.6319 -0.7444
vn 0.0129 -0.6316 -0.7752
vn 0.2834 -0.5937 -0.7531
vn 0.2985 -0.6086 -0.7352
vn -0.9925 -0.1007 0.0696
vn -0.9955 -0.0765 0.0563
vn -0.9960 -0.0671 0.0590
vn -0.8514 -0.3946 -0.3456
vn -0.9959 -0.0275 0.0857
vn -0.8686 -0.3735 -0.3256
vn -0.9905 -0.0273 0.1345
vn -0.7928 -0.5263 -0.3073
vn -0.0675 -0.9944 -0.0816
vn -0.0443 -0.8987 -0.4364
vn 0.0076 -0.9468 -0.3217
vn -0.0334 -0.8442 -0.5350
vn -0.2203 -0.6537 -0.7240
vn -0.2337 -0.6567 -0.7170
vn -0.1771 -0.7589 -0.6266
vn 0.0067 -0.7592 -0.6508
vn -0.0073 -0.7304 -0.6830
vn 0.0155 -0.8440 -0.5361
vn 0.0465 -0.9427 -0.3304
vn 0.1129 -0.9387 -0.3258
vn 0.2681 -0.7309 -0.6276
vn 0.0011 -0.7121 -0.7021
vn 0.1047 -0.7828 -0.6134
vn 0.0578 -0.7090 -0.7028
vn 0.2303 -0.7033 -0.6725
vn 0.2270 -0.8080 -0.5437
vn 0.0953 -0.8120 -0.5758
vn 0.0557 -0.7336 -0.6773
vn 0.0289 -0.6635 -0.7476
vn 0.0384 -0.6600 -0.7503
vn 0.0501 -0.7382 -0.6727
vn 0.1131 -0.7894 -0.6034
vn 0.0651 -0.8025 -0.5931
vn 0.1330 -0.7683 -0.6261
vn 0.3662 -0.6721 -0.6436
vn 0.4513 -0.5586 -0.6959
vn 0.1367 -0.6884 -0.7124
vn 0.0419 -0.7830 -0.6205
vn 0.7149 -0.3413 -0.6102
vn 0.7443 -0.2653 -0.6129
vn 0.4972 -0.4586 -0.7365
vn 0.1649 -0.5889 -0.7912
vn 0.0049 -0.6289 -0.7774
vn 0.1386 -0.5493 -0.8241
vn 0.0980 -0.5878 -0.8031
vn 0.0791 -0.5689 -0.8186
vn 0.2088 -0.5121 -0.8332
vn 0.1875 -0.5156 -0.8360
vn 0.2747 -0.4630 -0.8427
vn 0.5297 -0.3398 -0.7772
vn 0.5056 -0.3756 -0.7767
vn 0.7525 -0.1957 -0.6289
vn 0.5948 -0.3689 -0.7142
vn 0.7610 -0.1790 -0.6236
vn 0.9218 0.0041 -0.3877
vn 0.9404 0.0193 -0.3396
vn 0.9253 -0.0278 -0.3782
vn -0.2844 -0.7778 -0.5604
vn -0.2387 -0.9204 -0.3098
vn -0.6963 -0.7089 -0.1121
vn 0.0249 -0.9428 -0.3325
vn 0.0179 -0.8017 -0.5974
vn 0.0080 -0.6720 -0.7405
vn -0.3154 -0.6575 -0.6842
vn -0.7717 -0.5707 -0.2806
vn -0.9640 -0.2177 0.1528
vn -0.8709 -0.4232 0.2499
vn -0.3851 -0.8832 0.2676
vn 0.0154 -0.9770 0.2125
vn 0.4219 -0.8774 0.2283
vn 0.2874 -0.9014 -0.3239
vn 0.3113 -0.7518 -0.5813
vn 0.3427 -0.6201 -0.7057
vn 0.8082 -0.3895 -0.4417
vn 0.7964 -0.4931 -0.3502
vn 0.7652 -0.6078 -0.2123
vn 0.9234 -0.3447 0.1690
vn 0.9919 -0.1057 0.0700
vn 0.9998 -0.0147 0.0144
vn 0.7829 -0.3551 -0.5109
vn 0.3226 -0.5611 -0.7623
vn 0.0031 -0.6043 -0.7967
vn -0.3078 -0.5982 -0.7399
vn -0.7909 -0.4773 -0.3829
vn 0.9993 0.0319 -0.0180
vn -0.7825 -0.4338 -0.4467
vn -0.9958 -0.0734 0.0539
vn -0.7168 0.3968 0.5734
vn -0.6849 0.3554 0.6361
vn -0.4399 0.3209 0.8388
vn -0.0024 -0.9443 -0.3291
vn -0.3245 -0.8551 -0.4044
vn 0.0014 -0.7670 -0.6416
vn -0.3309 -0.6245 -0.7075
vn -0.4144 -0.4313 -0.8014
vn -0.7581 -0.1258 -0.6399
vn -0.3665 -0.8610 -0.3525
vn -0.0837 -0.9901 0.1125
vn -0.3025 -0.9492 0.0866
vn -0.0021 -0.9119 0.4103
vn -0.3034 -0.8690 0.3909
vn -0.1087 -0.7480 0.6548
vn -0.3000 -0.6969 0.6514
vn -0.3849 -0.3116 0.8688
vn -0.3530 -0.2714 0.8954
vn -0.3817 0.0699 0.9217
vn 0.0070 -0.6319 -0.7750
vn 0.0095 0.1611 0.9869
vn -0.0144 -0.1119 0.9936
vn -0.0196 -0.3960 0.9180
vn 0.0877 -0.7537 0.6514
vn 0.0820 -0.9093 0.4080
vn 0.0793 -0.9868 0.1409
vn 0.9039 0.2516 0.3459
vn 0.9999 0.0151 -0.0078
vn 0.8523 0.2340 0.4678
vn 0.5864 0.4696 0.6600
vn 0.8500 -0.0042 0.5267
vn 0.6393 0.2235 0.7358
vn -0.9976 -0.0648 0.0231
vn -0.9909 -0.1245 0.0508
vn -0.9190 0.1776 0.3521
vn -0.8900 0.1500 0.4306
vn -0.8765 0.0872 0.4735
vn -0.6240 0.3694 0.6885
vn -0.6642 0.0975 0.7412
vn -0.8265 -0.1246 0.5489
vn -0.4042 -0.6114 0.6804
vn 0.0461 -0.9989 0.0044
vn 0.0529 -0.7120 0.7002
vn 0.3958 -0.8579 0.3276
vn 0.4649 -0.5780 0.6706
vn 0.9018 -0.3622 0.2356
vn 0.9923 -0.0896 0.0851
vn 0.3974 -0.8729 0.2829
vn -0.3211 -0.8977 0.3018
vn -0.8487 -0.4610 0.2593
vn -0.9670 -0.2289 0.1123
vn -0.4613 0.4636 0.7565
vn -0.8408 0.3641 0.4006
vn -0.8317 0.2912 0.4727
vn -0.9581 0.1383 0.2510
vn -0.0015 0.4347 0.9006
vn -0.4960 0.4788 0.7244
vn 0.0266 0.3941 0.9187
vn -0.8292 0.4105 0.3794
vn -0.9830 0.1737 -0.0595
vn -0.9980 -0.0428 0.0458
vn -0.9669 0.2420 -0.0809
vn -0.4496 -0.2705 -0.8513
vn -0.0127 -0.3657 -0.9307
vn 0.0070 -0.4292 -0.9032
vn -0.4861 -0.2158 -0.8469
vn -0.8469 0.0107 -0.5317
vn -0.8504 -0.0480 -0.5240
vn -0.9725 -0.0969 -0.2118
vn -0.9982 0.0589 -0.0082
vn -0.9734 0.1440 0.1781
vn -0.8849 0.2139 0.4138
vn -0.7800 0.2667 0.5661
vn -0.4492 0.3420 0.8254
vn -0.4119 0.4431 0.7963
vn 0.0013 0.3606 0.9327
vn 0.0081 0.2828 0.9592
vn -0.8499 -0.1976 -0.4884
vn -0.9835 -0.0265 -0.1790
vn -0.8979 -0.1819 -0.4008
vn -0.8125 -0.2396 -0.5315
vn -0.4510 -0.3997 -0.7980
vn -0.4168 -0.3326 -0.8459
vn 0.0021 -0.5335 -0.8458
vn -0.0154 -0.4765 -0.8790
vn 0.7366 -0.6512 -0.1827
vn 0.3160 -0.7877 -0.5288
vn 0.7771 -0.5360 -0.3298
vn 0.3268 -0.8988 -0.2923
vn 0.9200 -0.3391 0.1966
vn 0.9995 -0.0316 0.0050
vn 0.8010 -0.4174 -0.4291
vn 0.3237 -0.6554 -0.6824
vn 0.0139 -0.6990 -0.7150
vn 0.0285 -0.8353 -0.5490
vn -0.2780 -0.6883 -0.6700
vn -0.2543 -0.8196 -0.5135
vn -0.8063 -0.4775 -0.3491
vn -0.7589 -0.5977 -0.2584
vn -0.9662 -0.2229 0.1298
vn -0.6738 -0.7293 -0.1183
vn -0.8640 -0.4368 0.2506
vn -0.2435 -0.9306 -0.2734
vn 0.0414 -0.9498 -0.3102
vn 0.0568 -0.9656 0.2537
vn 0.3046 0.5676 0.7648
vn 0.3064 0.5674 0.7643
vn 0.2082 0.5803 0.7874
vn 0.0336 0.5836 0.8113
vn -0.0842 0.5844 0.8071
vn -0.1994 0.5708 0.7965
vn -0.3075 0.4759 0.8240
vn 0.3204 0.5668 0.7590
vn 0.3717 0.3189 0.8719
vn -0.0388 0.4939 0.8687
vn 0.9991 -0.0195 0.0375
vn 0.9996 0.0252 -0.0106
vn 0.9973 0.0534 -0.0513
vn 0.9981 -0.0424 -0.0454
vn 0.9976 0.0550 -0.0426
vn 0.9285 0.2495 0.2749
vn 0.9996 0.0210 -0.0195
vn 0.9962 0.0569 -0.0660
vn 0.9978 0.0175 -0.0633
vn 0.0022 -0.5336 -0.8457
vn -0.0153 -0.4765 -0.8790
vn 0.5190 -0.6174 -0.5912
vn 0.5259 -0.5514 -0.6476
vn 0.8183 -0.4939 -0.2939
vn 0.7798 -0.5907 -0.2074
vn 0.8632 -0.4666 0.1928
vn 0.9305 -0.3407 0.1346
vn 0.8349 -0.1227 0.5365
vn 0.7930 -0.2443 0.5581
vn 0.5566 0.0119 0.8307
vn 0.5710 0.0991 0.8149
vn 0.0266 0.3940 0.9187
vn 0.6262 0.2339 0.7438
vn 0.6129 0.1765 0.7702
vn 0.8943 0.0662 0.4426
vn 0.8808 -0.0019 0.4736
vn 0.9901 -0.1367 0.0322
vn 0.9764 -0.2091 0.0543
vn 0.8586 -0.3144 -0.4049
vn 0.8428 -0.3848 -0.3765
vn 0.5574 -0.4042 -0.7252
vn 0.5404 -0.4753 -0.6943
vn 0.0071 -0.4292 -0.9032
vn 0.0597 -0.7601 -0.6471
vn 0.2880 -0.8880 -0.3584
vn 0.3156 -0.6839 -0.6578
vn -0.1013 -0.7807 -0.6167
vn 0.2026 -0.8226 -0.5313
vn 0.3051 -0.3546 -0.8838
vn 0.3043 -0.3494 -0.8862
vn 0.2838 -0.3335 -0.8990
vn 0.0070 -0.4313 -0.9022
vn 0.2082 0.4622 0.8620
vn 0.5798 -0.6854 0.4404
vn 0.5041 0.4369 0.7450
vn 0.7725 0.1307 0.6214
vn 0.6541 0.4357 0.6183
vn 0.5408 0.4941 0.6807
vn 0.2110 0.5641 0.7983
vn 0.0002 0.4685 0.8835
vn -0.0085 0.5691 0.8222
vn -0.0102 0.5347 0.8450
vn -0.2190 0.5383 0.8138
vn -0.1449 0.5202 0.8417
vn -0.5807 0.4070 0.7051
vn -0.3553 0.4461 0.8214
vn -0.6700 0.3057 0.6765
vn -0.6877 0.3272 0.6481
vn -0.5128 0.3543 0.7820
vn -0.7313 -0.0012 0.6820
vn -0.4768 -0.7815 0.4023
vn -0.2105 0.4443 0.8708
vn 0.0003 0.4685 0.8835
vn 0.0506 -0.9725 0.2275
vn 0.5801 -0.6852 0.4404
vn 0.2077 0.4622 0.8621
vn -0.2106 0.4444 0.8707
vn 0.1441 0.5391 0.8299
vn 0.3454 0.4761 0.8087
vn 0.6296 0.4042 0.6635
vn -0.0028 0.5150 0.8572
vn -0.0057 0.5563 0.8309
vn 0.1946 0.5212 0.8309
vn 0.0026 0.4311 0.9023
vn -0.2337 0.4039 0.8845
vn -0.5992 0.3523 0.7189
vn 0.6388 0.2238 0.7361
vn -0.8979 -0.1818 -0.4008
vn -0.9835 -0.0264 -0.1791
vn -0.9982 0.0588 -0.0082
vn -0.9734 0.1439 0.1781
vn -0.8848 0.2140 0.4139
vn -0.7799 0.2668 0.5661
vn 0.0305 -0.4990 -0.8660
vn 0.0007 -0.5814 -0.8136
vn 0.1331 -0.5380 -0.8324
vn 0.1210 -0.5909 -0.7976
vn -0.0104 -0.6196 -0.7848
vn 0.1261 -0.6076 -0.7842
vn -0.0130 -0.6650 -0.7468
vn 0.1502 -0.6413 -0.7524
vn -0.0023 -0.8096 -0.5870
vn 0.1782 -0.7815 -0.5979
vn -0.0016 -0.8431 -0.5377
vn 0.2026 -0.8157 -0.5419
vn 0.4346 -0.7442 -0.5072
vn 0.3990 -0.7230 -0.5640
vn 0.7361 -0.5271 -0.4247
vn 0.7147 -0.3852 -0.5838
vn 0.8901 -0.3645 -0.2736
vn 0.8942 -0.2048 -0.3981
vn 0.9647 -0.0978 -0.2445
vn 0.9625 -0.0677 -0.2627
vn 0.9949 0.0876 -0.0503
vn 0.3796 -0.5685 -0.7299
vn 0.3486 -0.5499 -0.7590
vn 0.6999 -0.3892 -0.5990
vn 0.8859 -0.2142 -0.4114
vn 0.9529 -0.0524 -0.2989
vn 0.9899 0.1206 -0.0746
vn 0.9472 -0.2884 -0.1400
vn 0.9809 -0.1559 0.1160
vn 0.8714 -0.2015 -0.4474
vn 0.6908 -0.3712 -0.6205
vn 0.3323 -0.5412 -0.7725
vn 0.3119 0.5553 0.7710
vn 0.3006 0.5504 0.7789
vn 0.4473 0.5368 0.7154
vn 0.4472 0.5368 0.7154
vn 0.6547 0.4783 0.5853
vn 0.9033 0.3276 0.2771
vn 0.8966 0.3285 0.2969
vn 0.9915 0.1054 -0.0762
vn 0.9476 -0.0434 -0.3165
vn 0.8514 -0.1658 -0.4977
vn 0.6670 -0.3311 -0.6675
vn 0.3118 -0.5069 -0.8037
vn 0.9132 0.2856 0.2908
vn 0.6525 0.4577 0.6040
vn 0.4443 0.5249 0.7260
vn 0.3170 0.5402 0.7795
vn 0.1067 0.5607 0.8211
vn 0.1153 0.5459 0.8298
vn -0.1766 0.5371 0.8248
vn -0.1718 0.5229 0.8349
vn -0.4418 0.4879 0.7529
vn -0.4488 0.4723 0.7586
vn -0.6983 0.4032 0.5915
vn -0.7056 0.3826 0.5965
vn -0.8835 0.2785 0.3767
vn -0.9967 -0.0279 0.0765
vn -0.8276 -0.1090 0.5507
vn -0.9267 -0.2906 0.2384
vn -0.8919 0.1861 0.4122
vn -0.9983 0.0516 0.0261
vn -0.8860 0.2629 0.3819
vn -0.9967 0.0772 0.0255
vn -0.9944 0.0900 0.0549
vn -0.8826 0.2601 0.3915
vn -0.6869 0.3984 0.6078
vn -0.4157 0.4843 0.7698
vn -0.1714 0.5179 0.8381
vn 0.0920 0.5445 0.8337
vn -0.9303 -0.1034 -0.3519
vn -0.9292 -0.1486 -0.3383
vn -0.6779 -0.3012 -0.6706
vn -0.8084 -0.2032 0.5524
vn -0.8975 -0.3544 0.2625
vn -0.7148 0.3154 0.6241
vn -0.6587 0.0250 0.7520
vn -0.6265 -0.0604 0.7771
vn -0.6903 0.1795 0.7009
vn -0.9062 -0.0108 0.4227
vn -0.9755 -0.1754 0.1326
vn -0.8519 -0.5230 -0.0267
vn -0.9198 -0.3605 -0.1548
vn -0.6649 -0.6907 -0.2843
vn -0.7278 -0.5375 -0.4259
vn -0.3420 -0.8141 -0.4694
vn -0.3893 -0.6731 -0.6287
vn -0.6720 -0.6599 -0.3360
vn -0.3376 -0.7874 -0.5158
vn -0.0024 -0.8096 -0.5870
vn -0.0017 -0.8431 -0.5377
vn -0.0131 -0.6650 -0.7468
vn -0.9334 -0.2589 -0.2486
vn -0.8745 -0.4800 -0.0698
vn -0.7111 -0.4737 -0.5195
vn -0.3533 -0.6255 -0.6956
vn -0.3471 -0.5752 -0.7407
vn -0.3211 -0.5315 -0.7838
vn -0.3199 -0.4320 -0.8432
vn -0.6851 -0.3764 -0.6237
vn -0.9305 -0.1873 -0.3149
vn -0.6985 -0.4190 -0.5801
vn -0.4102 0.4877 0.7706
vn -0.6638 0.3812 0.6434
vn -0.3939 0.4874 0.7792
vn -0.6476 0.3814 0.6597
vn -0.6853 0.3861 0.6175
vn -0.2158 0.5325 0.8184
vn -0.1965 0.5390 0.8191
vn -0.1945 0.5377 0.8204
vn 0.0754 0.5592 0.8256
vn 0.0591 0.5672 0.8215
vn -0.8235 -0.3470 -0.4488
vn -0.9685 -0.1118 -0.2223
vn -0.9571 -0.2216 -0.1866
vn -0.8486 -0.2249 -0.4788
vn -0.5266 -0.4596 -0.7152
vn -0.5774 -0.3578 -0.7339
vn -0.7984 -0.4538 -0.3958
vn -0.4664 -0.6233 -0.6277
vn -0.4669 -0.6248 -0.6258
vn -0.8006 -0.4495 -0.3963
vn -0.9447 -0.2793 -0.1718
vn -0.9468 -0.2723 -0.1718
vn -0.8049 -0.4160 -0.4233
vn -0.9510 -0.2431 -0.1912
vn 0.9493 0.2677 0.1649
vn 0.9546 0.2040 0.2170
vn 0.9808 0.1939 -0.0201
vn 0.9960 0.0744 0.0501
vn 0.9970 0.0419 0.0646
vn 0.9430 0.1504 0.2969
vn 0.9917 0.1128 0.0621
vn 0.9331 0.2068 0.2941
vn 0.9857 0.0905 0.1423
vn 0.9819 0.0647 0.1782
vn 0.9918 -0.0914 -0.0890
vn 0.9888 -0.1197 -0.0889
vn 0.9759 0.0594 0.2099
vn 0.9770 0.0943 0.1914
vn 0.9947 -0.1004 -0.0217
vn 0.9975 -0.0648 -0.0287
vn 0.9959 -0.0688 -0.0591
vn 0.9773 0.1221 0.1730
vn 0.9670 0.0643 0.2466
vn 0.9700 0.0536 0.2370
vn 0.9943 -0.1061 0.0125
vn 0.9924 -0.1229 -0.0021
vn 0.9765 0.0437 0.2110
vn 0.9916 -0.1282 -0.0173
vn -0.9945 -0.0507 0.0916
vn -0.9250 0.1546 0.3470
vn -0.9078 0.1252 0.4003
vn -0.9355 0.1979 0.2927
vn -0.9983 -0.0100 0.0576
vn -0.9919 -0.0500 0.1171
vn -0.9052 0.1515 0.3970
vn -0.8966 0.1432 0.4191
vn -0.9891 -0.0733 0.1280
vn -0.9509 -0.2626 -0.1640
vn -0.9526 -0.2377 -0.1900
vn -0.9561 -0.2043 -0.2103
vn -0.9957 -0.0545 0.0753
vn -0.9350 0.1325 0.3290
vn -0.9940 -0.0702 0.0835
vn -0.9317 0.1050 0.3476
vn -0.9916 -0.0479 0.1203
vn -0.9488 -0.2557 -0.1854
vn -0.9527 -0.2438 -0.1814
vn -0.9414 0.1804 0.2849
vn -0.9995 -0.0046 0.0304
vn -0.9519 -0.1891 -0.2410
vn -0.7763 -0.4341 -0.4571
vn -0.7818 -0.4292 -0.4524
vn -0.7846 -0.3824 -0.4880
vn -0.7866 -0.3978 -0.4722
vn -0.7830 -0.4312 -0.4483
vn -0.7812 -0.4266 -0.4557
vn -0.9526 -0.2476 -0.1766
vn -0.9564 -0.2357 -0.1726
vn -0.9923 -0.0376 0.1182
vn -0.7909 -0.4171 -0.4477
vn -0.7707 -0.3772 -0.5136
vn -0.4858 -0.5083 -0.7111
vn -0.4786 -0.5569 -0.6788
vn -0.4758 -0.5109 -0.7160
vn -0.4739 -0.5657 -0.6748
vn -0.4668 -0.5630 -0.6820
vn -0.4464 -0.5180 -0.7297
vn -0.4666 -0.5322 -0.7064
vn -0.8085 -0.3811 -0.4484
vn -0.4860 -0.4791 -0.7309
vn -0.8194 -0.3117 -0.4810
vn -0.9706 -0.1794 -0.1608
vn -0.9755 -0.1084 -0.1917
vn -0.9966 0.0559 0.0608
vn -0.9956 0.0069 0.0933
vn -0.9599 -0.2337 -0.1551
vn -0.7956 -0.4240 -0.4326
vn -0.4646 -0.5620 -0.6843
vn -0.4716 -0.5527 -0.6871
vn -0.4687 -0.5595 -0.6836
vn -0.7908 -0.3610 -0.4943
vn -0.9547 -0.1889 -0.2298
vn -0.7833 -0.3418 -0.5193
vn -0.9539 -0.1779 -0.2418
vn -0.4405 -0.5241 -0.7288
vn -0.7982 -0.3747 -0.4717
vn -0.4298 -0.5105 -0.7448
vn -0.9544 -0.2072 -0.2149
vn -0.9516 -0.2289 -0.2052
vn -0.8020 -0.3932 -0.4496
vn 0.9460 -0.2476 -0.2094
vn 0.9398 -0.2709 -0.2083
vn 0.7538 -0.4320 -0.4952
vn 0.7795 -0.4283 -0.4570
vn 0.9336 -0.2882 -0.2129
vn 0.9270 -0.2934 -0.2337
vn 0.7960 -0.4328 -0.4231
vn 0.8046 -0.4217 -0.4180
vn 0.2391 0.5410 0.8063
vn 0.2566 0.5063 0.8233
vn 0.4635 0.4732 0.7492
vn 0.4903 0.4464 0.7485
vn 0.2791 0.4938 0.8235
vn 0.3012 0.5129 0.8039
vn 0.4953 0.4298 0.7549
vn 0.5036 0.4579 0.7326
vn 0.5644 0.3884 0.7284
vn 0.5472 0.4130 0.7281
vn 0.3699 0.4826 0.7939
vn 0.3505 0.4791 0.8048
vn 0.6261 0.4480 0.6382
vn 0.6066 0.4196 0.6753
vn 0.4211 0.5252 0.7395
vn 0.3917 0.5279 0.7536
vn -0.6691 0.3985 0.6273
vn -0.7026 0.4294 0.5674
vn -0.4335 0.5341 0.7258
vn -0.4403 0.5508 0.7091
vn -0.2053 0.5842 0.7852
vn -0.1729 0.5970 0.7834
vn 0.1047 0.5880 0.8020
vn 0.0872 0.5866 0.8052
vn -0.8649 -0.2422 -0.4395
vn -0.5975 -0.3770 -0.7077
vn -0.5957 -0.4034 -0.6945
vn -0.8625 -0.2359 -0.4477
vn -0.9751 -0.0986 -0.1984
vn -0.9731 -0.1105 -0.2023
vn -0.9991 0.0309 0.0304
vn -0.9987 0.0390 0.0320
vn -0.6308 0.3676 0.6834
vn -0.6450 0.3428 0.6830
vn -0.3968 0.4614 0.7935
vn -0.4145 0.4663 0.7815
vn -0.2061 0.5076 0.8366
vn -0.2206 0.5202 0.8251
vn 0.0897 0.5213 0.8486
vn 0.0889 0.5330 0.8414
vn 0.9925 0.1135 -0.0464
vn 0.9964 0.0125 0.0842
vn 0.9630 0.2361 0.1300
vn 0.9255 0.2739 0.2614
vn 0.9848 0.1539 -0.0804
vn 0.9478 -0.0232 -0.3180
vn 0.9939 0.1006 -0.0448
vn 0.9593 -0.0683 -0.2738
vn 0.9921 0.1135 -0.0535
vn 0.9636 -0.0447 -0.2635
vn 0.9844 0.1587 -0.0766
vn 0.9629 0.0101 -0.2695
vn 0.9920 0.1227 -0.0291
vn 0.9782 -0.0157 -0.2072
vn 0.9958 0.0908 0.0110
vn 0.9876 -0.0331 -0.1532
vn 0.9923 0.1232 0.0106
vn 0.9888 0.0027 -0.1490
vn 0.9870 0.1538 0.0465
vn 0.9908 0.0098 -0.1349
vn 0.9830 0.1442 0.1138
vn 0.9950 -0.0129 -0.0987
vn 0.9769 0.1613 0.1400
vn 0.9960 0.0008 -0.0889
vn 0.9898 0.0722 -0.1224
vn 0.9242 -0.2703 -0.2698
vn 0.9228 -0.2636 -0.2809
vn 0.7987 -0.4079 -0.4424
vn 0.7860 -0.4161 -0.4573
vn -0.7287 0.4133 0.5461
vn -0.4401 0.5431 0.7151
vn -0.7489 0.3467 0.5648
vn -0.4608 0.5013 0.7324
vn -0.4384 0.4623 0.7708
vn -0.6849 0.3191 0.6550
vn -0.3897 0.4463 0.8056
vn -0.6953 0.3498 0.6278
vn -0.3973 0.5338 0.7465
vn -0.1295 0.5101 0.8503
vn -0.1423 0.5837 0.7994
vn 0.0806 0.5976 0.7977
vn 0.0755 0.5280 0.8459
vn 0.0742 0.5478 0.8333
vn -0.1326 0.5265 0.8398
vn -0.1497 0.6063 0.7810
vn -0.4032 0.4697 0.7854
vn -0.1577 0.5770 0.8014
vn -0.1661 0.5287 0.8324
vn -0.1683 0.5333 0.8290
vn -0.4245 0.4684 0.7749
vn -0.1498 0.4906 0.8584
vn -0.7014 0.4079 0.5845
vn 0.0766 0.6271 0.7752
vn 0.0749 0.5929 0.8018
vn 0.0705 0.5445 0.8358
vn 0.0734 0.5592 0.8257
vn 0.1003 0.4788 0.8722
vn -0.7261 0.3066 0.6155
vn -0.7121 0.3294 0.6200
vn -0.4160 0.4211 0.8060
vn -0.6996 0.2998 0.6486
vn -0.7145 0.2779 0.6421
vn -0.4157 0.3894 0.8219
vn -0.4135 0.4462 0.7937
vn -0.7279 0.3247 0.6040
vn -0.7483 0.3864 0.5392
vn -0.4387 0.5229 0.7308
vn -0.1389 0.5634 0.8144
vn -0.1224 0.4905 0.8628
vn 0.0983 0.5673 0.8176
vn 0.0989 0.4994 0.8607
vn -0.1277 0.4518 0.8830
vn -0.8071 -0.4157 -0.4192
vn -0.4660 -0.6004 -0.6499
vn -0.5007 -0.5510 -0.6676
vn -0.8001 -0.4293 -0.4190
vn -0.9475 -0.2675 -0.1751
vn -0.9487 -0.2534 -0.1892
vn -0.9952 -0.0735 0.0645
vn -0.9906 -0.1059 0.0860
vn 0.3073 0.5702 0.7619
vn 0.3112 0.6248 0.7161
vn 0.4607 0.5399 0.7045
vn 0.4628 0.5969 0.6554
vn 0.3720 0.5569 0.7426
vn 0.3450 0.4967 0.7964
vn 0.5818 0.5269 0.6196
vn 0.5419 0.4858 0.6858
vn 0.7185 0.4785 0.5047
vn 0.7290 0.4327 0.5304
vn 0.7210 0.4200 0.5511
vn 0.5166 0.4674 0.7174
vn 0.4949 0.4962 0.7133
vn 0.6972 0.4493 0.5586
vn 0.6665 0.4777 0.5723
vn 0.4812 0.5301 0.6982
vn 0.4690 0.5110 0.7203
vn 0.6658 0.4533 0.5926
vn 0.6718 0.4827 0.5618
vn 0.6647 0.5268 0.5298
vn 0.6830 0.4685 0.5604
vn 0.9374 0.3090 0.1608
vn 0.8672 0.3285 0.3742
vn 0.8878 0.3098 0.3403
vn 0.8979 0.3284 0.2930
vn 0.9121 0.3063 0.2725
vn 0.3366 0.4779 0.8114
vn 0.3265 0.5177 0.7908
vn 0.9331 0.2579 0.2507
vn 0.9436 0.2706 0.1910
vn 0.3120 0.5537 0.7720
vn 0.3017 0.5341 0.7897
vn 0.9371 0.2771 0.2121
vn 0.6689 0.4519 0.5902
vn 0.9308 0.2775 0.2380
vn 0.6519 0.5168 0.5549
vn 0.9182 0.3380 0.2066
vn 0.4371 0.5716 0.6944
vn 0.2993 0.5164 0.8023
vn 0.2903 0.5911 0.7525
vn 0.4558 0.5029 0.7344
vn 0.4712 0.5326 0.7031
vn 0.3048 0.5483 0.7788
vn 0.5923 0.5497 0.5890
vn 0.5931 0.5377 0.5992
vn 0.3914 0.5919 0.7046
vn 0.3951 0.5942 0.7006
vn 0.5977 0.5196 0.6106
vn 0.6201 0.4758 0.6238
vn 0.4056 0.5616 0.7212
vn 0.4130 0.5285 0.7417
vn -0.7268 0.4145 0.5477
vn -0.7379 0.4214 0.5271
vn -0.4338 0.5465 0.7163
vn -0.4310 0.5629 0.7053
vn -0.1511 0.5968 0.7880
vn -0.1459 0.6084 0.7801
vn 0.0969 0.6178 0.7803
vn 0.1011 0.6131 0.7835
vn -0.7172 0.4111 0.5627
vn -0.7230 0.4091 0.5567
vn -0.4548 0.5304 0.7154
vn -0.4642 0.5289 0.7105
vn -0.1580 0.5833 0.7967
vn -0.1561 0.5835 0.7969
vn 0.1094 0.5768 0.8095
vn 0.1087 0.5863 0.8027
vn 0.3016 0.5358 0.7887
vn 0.3090 0.5477 0.7775
vn 0.4994 0.4821 0.7199
vn 0.5185 0.4865 0.7032
vn 0.3415 0.5301 0.7761
vn 0.5486 0.4708 0.6909
vn -0.4727 0.4743 0.7427
vn -0.7196 0.3624 0.5924
vn -0.7233 0.3583 0.5902
vn -0.4678 0.4843 0.7394
vn -0.3218 0.5243 0.7884
vn -0.3097 0.5205 0.7957
vn 0.7548 -0.5521 -0.3542
vn 0.7880 -0.3516 -0.5054
vn 0.8767 -0.4240 -0.2273
vn 0.8944 -0.2550 -0.3675
vn 0.9277 -0.3552 -0.1147
vn 0.9666 -0.2030 0.1562
vn 0.8894 -0.0205 0.4566
vn 0.9998 0.0057 0.0207
vn 0.9289 0.1793 0.3239
vn 0.6624 0.1430 0.7354
vn 0.6512 0.2011 0.7318
vn 0.4462 0.2585 0.8568
vn 0.4430 0.4978 0.7456
vn 0.3244 0.5147 0.7936
vn 0.1167 0.5245 0.8434
vn 0.6561 0.4323 0.6186
vn 0.9019 0.0538 0.4285
vn 0.9989 0.0410 -0.0216
vn 0.9188 0.2521 0.3036
vn 0.3217 0.2799 0.9045
vn 0.1156 0.3007 0.9467
vn -0.1561 0.4966 0.8539
vn -0.1295 0.2601 0.9569
vn -0.4573 0.4202 0.7838
vn -0.4209 0.1606 0.8928
vn -0.1224 0.2107 0.9699
vn -0.3859 0.1011 0.9170
vn -0.1371 0.4453 0.8848
vn -0.3968 0.3460 0.8502
vn 0.4448 0.2131 0.8699
vn 0.2959 0.2274 0.9278
vn 0.0959 0.2373 0.9667
vn 0.0768 0.4788 0.8746
vn 0.6790 0.3708 0.6336
vn 0.4557 0.4533 0.7661
vn 0.2881 0.4758 0.8310
vn 0.0102 0.5931 0.8051
vn 0.2747 0.5011 0.8207
vn 0.2331 0.5415 0.8077
vn -0.1866 0.5697 0.8004
vn -0.5840 0.5390 0.6070
vn -0.5154 0.5107 0.6882
vn -0.2215 0.6143 0.7574
vn 0.0701 0.5511 0.8315
vn 0.3160 0.4976 0.8078
vn -0.9500 0.1094 0.2923
vn -0.9635 0.1113 0.2433
vn -0.8781 0.2859 0.3837
vn -0.8646 0.3060 0.3985
vn -0.7418 0.4128 0.5286
vn -0.7035 0.4131 0.5784
vn -0.4619 0.4927 0.7375
vn -0.1356 0.5426 0.8290
vn 0.1202 0.5343 0.8367
vn 0.3388 0.5059 0.7932
vn 0.1533 0.5350 0.8308
vn 0.3640 0.5069 0.7814
vn 0.1740 0.5472 0.8187
vn 0.3920 0.4936 0.7763
vn 0.1906 0.5348 0.8232
vn -0.0820 0.5335 0.8418
vn -0.8748 0.3124 0.3702
vn -0.7665 0.4495 0.4588
vn -0.6613 0.4125 0.6265
vn -0.4243 0.4917 0.7604
vn -0.8346 0.3088 0.4562
vn -0.7993 0.3184 0.5096
vn -0.6274 0.4101 0.6619
vn -0.4103 0.4877 0.7706
vn -0.1041 0.5429 0.8333
vn -0.0832 0.5515 0.8300
vn -0.4128 0.4651 0.7831
vn -0.5970 0.4010 0.6948
vn -0.7731 0.3146 0.5507
vn -0.9450 0.1384 0.2963
vn -0.9516 0.1430 0.2721
vn -0.9604 0.1437 0.2386
vn -0.9681 0.1491 0.2016
vn -0.9972 -0.0709 0.0227
vn -0.9871 -0.1254 0.0992
vn -0.9730 -0.1666 0.1597
vn -0.9975 -0.0665 0.0221
vn -0.8998 -0.4301 -0.0732
vn -0.8864 -0.4630 0.0032
vn -0.7295 -0.6493 -0.2150
vn -0.6956 -0.7094 -0.1136
vn -0.5256 -0.7864 -0.3245
vn -0.4900 -0.8517 -0.1858
vn -0.2262 -0.8935 -0.3880
vn -0.2128 -0.9301 -0.2995
vn -0.9179 -0.3548 -0.1779
vn -0.7770 -0.4937 -0.3905
vn -0.5346 -0.7299 -0.4261
vn -0.5292 -0.6659 -0.5259
vn -0.1679 -0.7950 -0.5829
vn -0.1383 -0.7462 -0.6512
vn -0.5084 -0.6354 -0.5812
vn -0.1191 -0.7157 -0.6882
vn -0.4841 -0.6272 -0.6102
vn -0.7681 -0.4593 -0.4461
vn -0.7748 -0.4661 -0.4272
vn -0.9313 -0.2821 -0.2306
vn -0.9276 -0.3086 -0.2106
vn -0.7617 -0.5634 -0.3199
vn -0.1995 -0.8589 -0.4716
vn -0.9305 -0.2779 -0.2385
vn -0.4678 0.4842 0.7394
vn -0.7140 0.3692 0.5949
vn -0.6995 0.3812 0.6045
vn -0.4806 0.4749 0.7373
vn -0.2880 0.5204 0.8039
vn -0.2468 0.5270 0.8132
vn 0.9784 -0.1211 0.1677
vn 0.9562 -0.2827 -0.0755
vn 0.9886 -0.0751 0.1304
vn 0.9381 -0.3459 -0.0172
vn 0.9884 -0.0940 0.1194
vn 0.7504 -0.5999 -0.2775
vn 0.0532 -0.7674 -0.6390
vn 0.3165 -0.7063 -0.6332
vn 0.0719 -0.7285 -0.6813
vn 0.3094 -0.7459 -0.5898
vn 0.0380 -0.8237 -0.5658
vn 0.3225 -0.7859 -0.5276
vn 0.0429 -0.8829 -0.4677
vn 0.3583 -0.8099 -0.4644
vn 0.0593 -0.9125 -0.4048
vn 0.3925 -0.8343 -0.3871
vn 0.0783 -0.9268 -0.3674
vn 0.4029 -0.8378 -0.3683
vn 0.7441 -0.6260 -0.2333
vn 0.9430 -0.3258 -0.0683
vn 0.9422 -0.3170 -0.1088
vn 0.9931 -0.0892 0.0765
vn 0.9435 -0.3041 -0.1317
vn 0.7404 -0.5955 -0.3117
vn 0.7350 -0.5810 -0.3496
vn 0.7366 -0.5566 -0.3841
vn 0.9468 -0.2788 -0.1606
vn 0.7418 -0.5220 -0.4210
vn 0.9939 -0.1039 0.0369
vn 0.9932 -0.1156 0.0120
vn 0.9726 0.0695 0.2217
vn 0.9688 0.0933 0.2297
vn 0.9633 0.1065 0.2463
vn 0.9549 0.1054 0.2776
vn 0.9364 0.0685 0.3441
vn -0.7661 -0.3957 -0.5065
vn -0.7595 -0.4390 -0.4801
vn -0.4428 -0.5441 -0.7126
vn -0.4549 -0.5944 -0.6631
vn -0.7771 -0.3490 -0.5238
vn -0.4324 -0.4920 -0.7556
vn -0.9414 -0.2284 -0.2481
vn -0.9325 -0.2670 -0.2431
vn -0.0537 0.5226 0.8509
vn -0.0762 0.5073 0.8584
vn -0.4008 0.4687 0.7872
vn 0.1985 0.5010 0.8424
vn 0.2061 0.5072 0.8368
vn -0.5699 0.4350 0.6971
vn -0.5283 0.4719 0.7058
vn -0.3633 0.4991 0.7867
vn -0.3289 0.5144 0.7920
vn -0.0438 0.5515 0.8330
vn 0.2194 0.5410 0.8119
vn 0.3854 0.4781 0.7892
vn 0.4101 0.4818 0.7744
vn -0.4870 0.4776 0.7313
vn -0.7415 0.3764 0.5554
vn -0.7277 0.3672 0.5793
vn 0.3218 -0.6692 -0.6698
vn 0.3528 -0.6120 -0.7078
vn 0.0946 -0.6900 -0.7176
vn 0.1197 -0.6283 -0.7687
vn 0.1487 -0.5653 -0.8114
vn 0.3843 -0.5578 -0.7356
vn 0.9504 -0.2437 -0.1933
vn 0.9551 -0.2121 -0.2067
vn 0.7359 -0.4926 -0.4645
vn 0.7522 -0.4448 -0.4862
vn 0.9511 -0.2236 -0.2130
vn 0.7530 -0.4294 -0.4986
vn -0.9971 -0.0714 0.0254
vn -0.9988 -0.0426 0.0227
vn -0.9415 0.1441 0.3045
vn -0.9405 0.1685 0.2952
vn 0.9749 0.0735 0.2099
vn 0.9728 0.0881 0.2144
vn 0.9958 -0.0906 -0.0141
vn 0.9978 -0.0654 -0.0120
vn 0.9977 -0.0667 0.0076
vn 0.9676 0.0845 0.2379
vn -0.8425 -0.2599 -0.4718
vn -0.5695 -0.4210 -0.7060
vn -0.5390 -0.4409 -0.7177
vn -0.8547 -0.2547 -0.4523
vn -0.9768 -0.0726 -0.2016
vn -0.9771 -0.0884 -0.1934
vn -0.9968 0.0685 0.0407
vn -0.9981 0.0438 0.0429
vn -0.1768 -0.9584 -0.2242
vn 0.1059 -0.9276 -0.3582
vn -0.0446 -0.5474 -0.8357
vn -0.0637 -0.5543 -0.8299
vn -0.0794 -0.6132 -0.7859
vn -0.0986 -0.6748 -0.7314
vn -0.1382 -0.7462 -0.6512
vn -0.1995 -0.8590 -0.4716
vn -0.2261 -0.8935 -0.3880
vn 0.8545 0.2447 0.4583
vn 0.8432 0.2314 0.4852
vn 0.8325 0.2436 0.4976
vn 0.9692 0.0677 0.2370
vn 0.8307 0.2397 0.5025
vn 0.9967 -0.0799 0.0163
vn 0.8352 0.2485 0.4907
vn 0.6329 0.3788 0.6752
vn 0.6739 0.3630 0.6435
vn 0.7008 0.3363 0.6291
vn 0.7099 0.3626 0.6038
vn 0.8632 0.2440 0.4420
vn 0.8705 0.2543 0.4214
vn 0.8649 0.2889 0.4104
vn 0.9013 0.2381 0.3620
vn 0.7396 0.3813 0.5547
vn 0.7279 0.3730 0.5754
vn 0.7117 0.3750 0.5941
vn 0.7157 0.3443 0.6077
vn 0.6045 0.3916 0.6937
vn 0.8432 0.2663 0.4670
vn 0.9910 -0.0455 -0.1262
vn 0.6889 0.3123 0.6542
vn 0.8164 0.2940 0.4971
vn 0.3873 -0.6264 -0.6764
vn 0.6314 -0.5356 -0.5608
vn 0.6339 -0.5401 -0.5535
vn 0.6964 -0.5017 -0.5131
vn 0.6689 -0.4717 -0.5746
vn 0.7864 -0.3843 -0.4837
vn 0.7790 -0.3437 -0.5244
vn 0.9178 -0.2678 -0.2930
vn 0.9112 -0.2115 -0.3534
vn 0.9577 -0.1156 -0.2634
vn 0.9560 -0.0109 -0.2933
vn 0.9910 0.0565 -0.1212
vn 0.9667 0.2290 -0.1142
vn 0.9642 0.2534 0.0784
vn 0.9154 0.2981 0.2705
vn 0.9115 0.2672 0.3128
vn 0.3931 -0.6248 -0.6746
vn 0.9328 0.1188 -0.3403
vn 0.6377 -0.4409 -0.6316
vn 0.5927 -0.4737 -0.6514
vn 0.6172 -0.5145 -0.5952
vn 0.4137 -0.5177 -0.7489
vn 0.8046 0.3609 0.4715
vn 0.9076 0.2342 0.3485
vn 0.8232 0.3596 0.4394
vn 0.9239 0.2789 0.2621
vn 0.7727 0.3869 0.5033
vn 0.4008 -0.5916 -0.6996
vn -0.0634 -0.5280 -0.8469
vn -0.0655 -0.6146 -0.7861
vn -0.0698 -0.6646 -0.7439
vn -0.0803 -0.6820 -0.7269
vn 0.3534 -0.6179 -0.7024
vn -0.0712 -0.6734 -0.7358
vn -0.0395 -0.6219 -0.7821
vn 0.7042 0.4001 0.5866
vn 0.7091 0.4418 0.5496
vn 0.7636 0.3941 0.5114
vn 0.7130 0.4653 0.5245
vn 0.7932 0.3964 0.4622
vn 0.7832 0.3644 0.5038
vn 0.8495 0.3261 0.4147
vn 0.8290 0.2995 0.4723
vn 0.8622 0.2292 0.4517
vn 0.8865 0.2007 0.4170
vn 0.7429 0.3614 0.5634
vn 0.7438 0.3064 0.5941
vn 0.6890 0.3472 0.6362
vn 0.7757 0.2731 0.5690
vn -0.9049 0.1594 0.3947
vn -0.9135 0.2367 0.3310
vn -0.9177 0.2343 0.3208
vn -0.9160 0.2350 0.3252
vn -0.1215 -0.4787 -0.8695
vn -0.1258 -0.5058 -0.8534
vn -0.1367 -0.4869 -0.8627
vn -0.9991 0.0258 0.0336
vn -0.9942 -0.0686 0.0824
vn -0.9009 0.1163 0.4181
vn -0.9041 0.1603 0.3960
vn -0.9995 -0.0126 0.0286
vn -0.9995 -0.0117 0.0304
vn -0.9987 -0.0269 0.0429
vn -0.9981 -0.0426 0.0439
vn -0.9970 -0.0535 0.0558
vn -0.9944 -0.0789 0.0704
vn -0.9938 -0.0871 0.0688
vn -0.9104 0.1616 0.3809
vn -0.9125 0.1626 0.3755
vn -0.9158 0.1815 0.3582
vn -0.9231 0.1787 0.3406
vn -0.9234 0.1852 0.3363
vn -0.9291 0.1806 0.3227
vn -0.9317 0.1698 0.3210
vn -0.0292 0.5377 0.8427
vn -0.0482 0.5577 0.8286
vn 0.0045 0.5329 0.8462
vn 0.0391 0.5424 0.8392
vn 0.0482 0.5540 0.8311
vn 0.6012 0.4149 0.6830
vn 0.3976 0.4725 0.7866
vn 0.5956 0.4119 0.6897
vn 0.5866 0.4235 0.6903
vn 0.5740 0.4363 0.6930
vn 0.5645 0.4444 0.6956
vn 0.5806 0.4339 0.6889
vn 0.5809 0.4001 0.7089
vn 0.5715 0.4304 0.6987
vn 0.8078 0.2727 0.5225
vn 0.8171 0.2483 0.5203
vn 0.8284 0.2966 0.4752
vn 0.8260 0.3001 0.4772
vn 0.8269 0.2911 0.4812
vn 0.8355 0.2691 0.4791
vn 0.8416 0.2607 0.4729
vn 0.9363 0.1010 0.3365
vn 0.7950 0.3597 0.4884
vn 0.5573 0.4936 0.6676
vn 0.2220 0.5872 0.7784
vn 0.9382 0.1947 0.2861
vn 0.9982 0.0104 0.0598
vn 0.4103 -0.8118 -0.4154
vn 0.7797 -0.5109 -0.3621
vn 0.9724 -0.1809 -0.1473
vn -0.0344 0.6434 0.7648
vn -0.2025 0.6811 0.7036
vn -0.4160 0.6542 0.6317
vn -0.7015 0.5572 0.4444
vn -0.7709 0.5190 0.3693
vn -0.8580 0.3947 0.3287
vn -0.9487 0.1023 0.2991
vn -0.9698 -0.1870 0.1569
vn -0.8637 -0.5039 0.0099
vn -0.6400 -0.7672 -0.0433
vn -0.4287 -0.9002 -0.0771
vn -0.1769 -0.9584 -0.2242
vn -0.1008 -0.4702 -0.8768
vn -0.0636 -0.5280 -0.8469
vn -0.0656 -0.6146 -0.7861
vn -0.0699 -0.6646 -0.7439
vn -0.0713 -0.6734 -0.7358
vn -0.0396 -0.6219 -0.7821
vn -0.4618 -0.5809 -0.6703
vn -0.0125 -0.5883 -0.8085
vn -0.4488 -0.5459 -0.7076
vn -0.0156 -0.5725 -0.8198
vn -0.0263 -0.5583 -0.8292
vn -0.4311 -0.4857 -0.7604
vn -0.0447 -0.5474 -0.8357
vn -0.9993 -0.0242 0.0293
vn -0.9342 0.1714 0.3130
vn -0.9975 -0.0676 0.0205
vn -0.7590 0.3415 0.5544
vn -0.9976 -0.0671 0.0178
vn 0.0769 0.6225 0.7788
vn -0.1454 0.5991 0.7873
vn -0.3943 0.5426 0.7417
vn -0.7112 0.4020 0.5767
vn -0.9435 0.1787 0.2790
vn -0.9997 -0.0046 0.0233
vn -0.9498 -0.1972 -0.2427
vn 0.4397 0.5951 0.6727
vn 0.2804 0.6198 0.7329
vn 0.6565 0.5305 0.5362
vn 0.2669 -0.5699 -0.7772
vn 0.6176 -0.4331 -0.6565
vn 0.5931 -0.4462 -0.6702
vn 0.8033 -0.2864 -0.5221
vn 0.5455 -0.4235 -0.7232
vn 0.7894 -0.2605 -0.5559
vn 0.7798 -0.2275 -0.5833
vn 0.8817 -0.1176 -0.4569
vn 0.9430 -0.0121 -0.3325
vn 0.9534 -0.1765 -0.2448
vn 0.9816 0.1683 -0.0901
vn 0.9147 0.3485 0.2047
vn 0.8961 -0.1303 -0.4243
vn 0.9089 -0.1635 -0.3835
vn 0.8149 -0.2787 -0.5082
vn 0.8163 -0.2278 -0.5309
vn 0.5964 -0.3790 -0.7075
vn 0.9103 -0.1563 -0.3834
vn 0.9121 -0.1039 -0.3966
vn 0.9245 -0.1369 -0.3557
vn 0.9065 -0.1935 -0.3752
vn 0.9111 -0.1912 -0.3652
vn 0.9250 -0.1343 -0.3554
vn 0.9299 -0.1290 -0.3443
vn 0.9313 -0.1687 -0.3229
vn 0.8251 -0.2473 -0.5080
vn 0.5796 -0.3987 -0.7107
vn 0.2134 -0.5047 -0.8365
vn 0.2388 -0.5002 -0.8323
vn 0.8254 -0.2869 -0.4862
vn 0.8314 -0.2417 -0.5003
vn 0.5937 -0.4327 -0.6784
vn 0.6157 -0.4008 -0.6785
vn 0.8330 -0.2169 -0.5090
vn 0.8084 -0.2614 -0.5275
vn 0.2207 -0.5561 -0.8013
vn -0.1078 -0.5395 -0.8351
vn 0.2419 -0.5459 -0.8022
vn 0.6480 -0.3484 -0.6773
vn 0.6562 -0.3528 -0.6671
vn 0.7757 -0.2902 -0.5604
vn 0.9002 -0.1350 -0.4140
vn 0.9876 0.0764 -0.1371
vn 0.9929 -0.1181 0.0158
vn 0.9832 0.0175 0.1815
vn 0.9907 -0.1246 0.0554
vn 0.9639 0.1419 0.2255
vn 0.9015 0.1810 0.3931
vn 0.9681 0.0519 0.2451
vn 0.9938 -0.0887 0.0668
vn 0.9663 -0.2250 -0.1249
vn 0.9782 -0.1671 -0.1235
vn 0.9770 0.0260 -0.2117
vn 0.8795 -0.2160 -0.4241
vn 0.8688 -0.2939 -0.3986
vn 0.8488 -0.3366 -0.4078
vn 0.9648 -0.2263 -0.1336
vn 0.7499 -0.3326 -0.5719
vn 0.7927 -0.3135 -0.5228
vn 0.7654 -0.3713 -0.5256
vn 0.8468 -0.3277 -0.4189
vn 0.9719 -0.1687 -0.1644
vn 0.9983 -0.0075 0.0575
vn 0.7043 -0.3582 -0.6129
vn 0.6025 -0.3587 -0.7129
vn 0.6291 -0.3315 -0.7031
vn 0.5454 -0.3573 -0.7582
vn 0.5571 -0.3214 -0.7657
vn 0.3841 -0.4007 -0.8318
vn 0.3805 -0.3784 -0.8438
vn 0.3740 -0.3730 -0.8491
vn 0.5759 -0.2815 -0.7675
vn 0.6133 -0.3030 -0.7294
vn 0.7075 -0.2585 -0.6578
vn 0.7790 -0.2428 -0.5780
vn 0.7681 -0.2619 -0.5843
vn 0.6668 -0.2675 -0.6956
vn 0.6462 -0.3528 -0.6767
vn 0.3808 -0.4087 -0.8294
vn -0.1112 -0.4858 -0.8670
vn -0.0868 -0.5013 -0.8609
vn -0.0447 -0.5159 -0.8555
vn 0.3735 -0.4781 -0.7950
vn 0.3320 -0.5071 -0.7954
vn 0.2749 -0.5116 -0.8141
vn -0.0687 -0.5959 -0.8001
vn -0.0882 -0.5960 -0.7982
vn -0.0257 -0.5664 -0.8237
vn -0.0300 -0.5905 -0.8065
vn -0.0465 -0.5782 -0.8146
vn -0.0176 -0.7113 -0.7026
vn 0.2309 -0.6731 -0.7026
vn 0.4778 -0.5627 -0.6746
vn 0.5171 -0.4126 -0.7499
vn 0.2799 -0.5237 -0.8046
vn 0.2791 -0.5753 -0.7689
vn -0.1011 -0.6100 -0.7860
vn -0.1075 -0.5444 -0.8319
vn -0.0307 -0.5794 -0.8145
vn 0.2664 -0.5298 -0.8052
vn -0.0551 -0.5655 -0.8229
vn -0.0854 -0.6101 -0.7877
vn -0.7259 0.4121 0.5507
vn -0.9187 0.2297 0.3211
vn -0.4524 0.5280 0.7187
vn -0.1543 0.5854 0.7959
vn 0.0934 0.6101 0.7868
vn -0.9987 0.0303 0.0402
vn -0.9763 -0.1047 -0.1896
vn -0.8621 -0.2568 -0.4369
vn -0.5899 -0.4105 -0.6953
vn -0.0301 -0.5905 -0.8064
vn -0.0258 -0.5664 -0.8237
vn -0.0448 -0.5159 -0.8555
vn -0.1113 -0.4858 -0.8670
vn -0.9194 0.2304 0.3187
vn -0.9226 0.2385 0.3030
vn -0.9245 0.2218 0.3099
vn -0.9139 0.1806 0.3636
vn -0.9019 0.1442 0.4072
vn 0.3874 0.5927 0.7061
vn 0.5931 0.5378 0.5992
vn 0.7248 0.4634 0.5097
vn 0.7247 0.4781 0.4962
vn 0.8103 0.3873 0.4398
vn 0.7163 0.5038 0.4828
vn 0.9154 0.2297 0.3305
vn 0.8354 0.2895 0.4673
vn 0.8141 0.3303 0.4777
vn 0.8018 0.3676 0.4712
vn 0.8263 0.4164 0.3792
vn 0.8983 0.3514 0.2637
vn 0.8791 0.3633 0.3086
vn 0.8517 0.3470 0.3928
vn 0.8221 0.4058 0.3993
vn 0.8277 0.4351 0.3543
vn 0.9489 -0.2162 -0.2299
vn 0.9861 -0.1297 -0.1035
vn 0.9973 -0.0092 0.0728
vn 0.9182 -0.2627 -0.2965
vn 0.8091 -0.3893 -0.4402
vn 0.9181 -0.2744 -0.2859
vn 0.7736 -0.4411 -0.4549
vn 0.6186 -0.5259 -0.5838
vn 0.5883 -0.5235 -0.6163
vn 0.5551 -0.5348 -0.6371
vn 0.5030 -0.5507 -0.6661
vn 0.4668 -0.5420 -0.6988
vn 0.4170 -0.5406 -0.7307
vn 0.1794 -0.5562 -0.8114
vn 0.2094 -0.5644 -0.7985
vn 0.2436 -0.5743 -0.7816
vn 0.2869 -0.5736 -0.7672
vn 0.3269 -0.5834 -0.7435
vn -0.0262 -0.5584 -0.8292
vn -0.0155 -0.5725 -0.8197
vn -0.0124 -0.5883 -0.8085
vn 0.2927 0.1826 0.9386
vn 0.4374 0.1856 0.8799
vn 0.6436 0.1680 0.7467
vn 0.8821 0.0574 0.4676
vn 0.9773 -0.1803 0.1108
vn 0.9315 -0.3454 -0.1142
vn 0.8361 -0.4520 -0.3108
vn 0.6458 -0.5792 -0.4975
vn 0.2999 -0.7246 -0.6205
vn 0.1564 -0.7805 -0.6052
vn 0.0689 -0.7410 -0.6680
vn -0.5106 -0.1476 0.8471
vn -0.1797 -0.0228 0.9835
vn -0.0844 0.0321 0.9959
vn -0.0394 0.0026 0.9992
vn -0.1373 0.1647 0.9767
vn 0.1780 -0.8765 -0.4473
vn 0.0964 0.1942 0.9762
vn -0.0436 -0.9026 -0.4284
vn -0.2365 -0.8854 -0.4001
vn -0.3483 -0.8711 -0.3461
vn -0.5120 -0.8258 -0.2365
vn -0.7139 -0.7000 0.0161
vn -0.8138 -0.4548 0.3617
vn -0.7807 -0.3292 0.5312
vn -0.6968 -0.2352 0.6776
vn -0.2807 -0.6653 -0.6918
vn -0.6713 -0.5322 -0.5160
vn -0.9321 -0.3177 -0.1741
vn -0.9588 -0.1523 0.2399
vn -0.8311 -0.0379 0.5548
vn -0.6332 0.0939 0.7683
vn -0.3541 0.1602 0.9214
vn 0.0689 -0.7410 -0.6679
vn -0.0394 0.0025 0.9992
vn 0.2548 -0.0357 0.9663
vn 0.5911 -0.0920 0.8013
vn 0.8147 -0.2822 0.5065
vn 0.8666 -0.4742 0.1554
vn 0.7975 -0.6012 -0.0504
vn 0.6192 -0.7489 -0.2362
vn 0.3633 -0.8437 -0.3952
vn 0.9738 -0.0953 -0.2063
vn 0.8510 -0.2570 -0.4580
vn 0.7588 -0.3399 -0.5556
vn 0.6780 -0.3835 -0.6271
vn 0.5793 -0.3955 -0.7128
vn 0.5442 -0.3983 -0.7384
vn 0.3997 -0.4555 -0.7955
vn -0.1257 -0.5058 -0.8534
vn 0.6884 -0.3208 -0.6506
vn 0.7832 -0.2116 -0.5847
vn 0.8426 -0.1271 -0.5234
vn 0.9574 0.0386 -0.2863
vn 0.8419 -0.0799 -0.5337
vn 0.8114 -0.1695 -0.5593
vn 0.8861 -0.1689 -0.4316
vn 0.7346 -0.3117 -0.6027
vn 0.5801 -0.4053 -0.7065
vn 0.5604 -0.4307 -0.7074
vn 0.4131 -0.4802 -0.7738
vn -0.1366 -0.4869 -0.8627
vn 0.6020 -0.4140 -0.6828
vn 0.5721 -0.4407 -0.6917
vn 0.4240 -0.4735 -0.7720
vn -0.1006 -0.4702 -0.8768
vn -0.0693 -0.0606 0.9958
vn 0.0887 -0.8156 0.5718
vn -0.0348 -0.0522 0.9980
vn 0.2660 -0.0612 0.9620
vn 0.5754 -0.1636 0.8013
vn 0.7799 -0.3454 0.5219
vn 0.7965 -0.5595 0.2293
vn 0.7371 -0.6737 0.0525
vn 0.8666 -0.4741 0.1554
vn 0.7975 -0.6012 -0.0505
vn 0.5937 -0.7915 -0.1452
vn 0.3520 -0.8900 -0.2898
vn 0.1803 -0.9206 -0.3464
vn -0.0293 -0.9304 -0.3652
vn -0.2215 -0.9193 -0.3253
vn -0.3336 -0.9013 -0.2763
vn -0.4933 -0.8530 -0.1705
vn -0.6883 -0.7225 0.0646
vn -0.7483 -0.5240 0.4067
vn -0.7035 -0.4261 0.5688
vn -0.6378 -0.3292 0.6963
vn -0.4983 -0.1960 0.8445
vn -0.1834 -0.0595 0.9812
vn 0.1780 -0.8764 -0.4474
vn -0.0436 -0.9025 -0.4284
vn -0.2365 -0.8854 -0.4002
vn -0.3483 -0.8711 -0.3462
vn -0.5120 -0.8258 -0.2366
vn -0.7140 -0.7000 0.0160
vn -0.8139 -0.4548 0.3616
vn -0.7807 -0.3292 0.5311
vn -0.6969 -0.2352 0.6775
vn -0.5106 -0.1475 0.8471
vn -0.1798 -0.0228 0.9834
vn -0.0844 0.0322 0.9959
vn 0.2548 -0.0356 0.9663
vn 0.5912 -0.0919 0.8013
vn 0.8148 -0.2821 0.5064
vn -0.0177 -0.7113 -0.7026
vn -0.7632 -0.3881 -0.5166
vn -0.4259 -0.5337 -0.7306
vn -0.0552 -0.5655 -0.8229
vn -0.1076 -0.5444 -0.8319
vn -0.0883 -0.5960 -0.7982
vn -0.7953 0.4037 -0.4523
vn -0.9662 0.2385 0.0977
vn -0.6508 0.7300 -0.2085
vn -0.9954 0.0615 0.0732
vn -0.8611 -0.0115 -0.5083
vn 0.3963 0.5574 0.7296
vn -0.1822 0.5164 0.8368
vn 0.4254 0.0818 0.9013
vn -0.2924 0.7890 0.5403
vn 0.2678 0.8905 0.3679
vn -0.4656 0.8708 0.1579
vn 0.0622 0.9932 -0.0988
vn -0.9043 0.3758 0.2024
vn -0.9045 0.0983 0.4149
vn -0.9858 -0.1044 0.1314
vn -0.8378 -0.4031 -0.3682
vn -0.9406 -0.2202 0.2583
vn -0.7331 -0.6766 -0.0687
vn -0.8695 -0.2532 0.4242
vn -0.5685 -0.7590 0.3173
vn -0.7925 -0.1928 0.5786
vn -0.3852 -0.6189 0.6845
vn -0.7301 -0.0556 0.6811
vn -0.2349 -0.2923 0.9270
vn -0.6976 0.1203 0.7063
vn -0.1610 0.1237 0.9792
vn -0.7063 0.2883 0.6465
vn -0.7535 0.4031 0.5194
vn -0.8260 0.4359 0.3573
vn -0.1619 0.8224 -0.5454
vn -0.3394 0.4251 -0.8391
vn -0.4238 -0.0812 -0.9021
vn -0.3959 -0.5575 -0.7297
vn -0.2657 -0.8899 -0.3707
vn -0.0627 -0.9934 0.0962
vn 0.1618 -0.8224 0.5455
vn 0.3418 -0.4240 0.8387
vn 0.2673 0.8906 0.3679
vn 0.7323 0.6776 0.0675
vn 0.0626 0.9931 -0.0987
vn 0.5689 0.7587 -0.3175
vn -0.1614 0.8223 -0.5457
vn 0.3861 0.6189 -0.6840
vn -0.3395 0.4251 -0.8391
vn 0.2349 0.2919 -0.9271
vn -0.4237 -0.0812 -0.9021
vn 0.1609 -0.1230 -0.9793
vn -0.3962 -0.5574 -0.7296
vn 0.1815 -0.5166 -0.8368
vn 0.2922 -0.7877 -0.5424
vn -0.0624 -0.9934 0.0961
vn 0.4651 -0.8708 -0.1593
vn 0.1621 -0.8223 0.5455
vn 0.6521 -0.7290 0.2083
vn 0.3413 -0.4240 0.8389
vn 0.7960 -0.4029 0.4517
vn 0.9420 0.1164 -0.3147
vn 0.8938 0.1398 -0.4262
vn 0.4247 0.0817 0.9017
vn 0.8621 0.0132 0.5066
vn 0.3971 0.5572 0.7293
vn 0.8385 0.4024 0.3674
vn 0.9728 0.0384 -0.2286
vn 0.9049 -0.0980 -0.4142
vn 0.8407 0.0976 -0.5326
vn 0.7980 0.0033 -0.6026
vn 0.7768 -0.1159 -0.6190
vn 0.7835 -0.2291 -0.5776
vn 0.8147 -0.3070 -0.4919
vn 0.8637 -0.3289 -0.3819
vn 0.9170 -0.2877 -0.2764
vn 0.9595 -0.1925 -0.2056
vn 0.9793 -0.0732 -0.1888
vt 0.983239 1.836820
vt 0.969997 1.829850
vt 0.990302 1.829850
vt 0.983239 1.850773
vt 0.990302 1.850773
vt 0.983239 1.864713
vt 0.990302 1.864713
vt 0.983239 1.878666
vt 0.990302 1.878666
vt 0.983239 1.892618
vt 0.990302 1.899588
vt 0.969997 1.899588
vt 0.969997 1.892618
vt 0.969997 1.878666
vt 0.969997 1.864713
vt 0.969997 1.850773
vt 0.949990 1.864713
vt 0.949990 1.850773
vt 0.949990 1.836820
vt 0.969997 1.836820
vt 0.949990 1.829850
vt 0.949990 1.892618
vt 0.949990 1.899588
vt 0.949990 1.878666
vt 0.866733 1.786005
vt 0.857860 1.788872
vt 0.856738 1.771405
vt 0.859401 1.807598
vt 0.864474 1.805032
vt 0.862020 1.817331
vt 0.859671 1.818256
vt 0.865237 1.813077
vt 0.868424 1.801472
vt 0.872494 1.798443
vt 0.846173 1.861280
vt 0.842358 1.845351
vt 0.849854 1.858899
vt 0.846308 1.835144
vt 0.853416 1.857234
vt 0.850932 1.830428
vt 0.856423 1.830914
vt 0.856438 1.825307
vt 0.863651 1.833133
vt 0.865207 1.831804
vt 0.867077 1.820163
vt 0.869606 1.807575
vt 0.873856 1.803217
vt 0.877223 1.794305
vt 0.875667 1.781612
vt 0.850677 1.823897
vt 0.857306 1.856148
vt 0.861167 1.855420
vt 0.861870 1.837341
vt 0.848568 1.875059
vt 0.851919 1.873163
vt 0.854957 1.871718
vt 0.858219 1.870516
vt 0.861616 1.869568
vt 0.865776 1.868678
vt 0.865117 1.855246
vt 0.866389 1.845825
vt 0.867437 1.844427
vt 0.868394 1.844912
vt 0.868155 1.833896
vt 0.869083 1.845490
vt 0.862364 1.883128
vt 0.866479 1.881960
vt 0.866823 1.887104
vt 0.863157 1.893277
vt 0.867137 1.892109
vt 0.867661 1.901218
vt 0.862723 1.888306
vt 0.859252 1.884110
vt 0.856364 1.885278
vt 0.868275 1.910292
vt 0.863890 1.902397
vt 0.861122 1.903345
vt 0.860224 1.894213
vt 0.864713 1.911437
vt 0.868888 1.919367
vt 0.859700 1.889243
vt 0.856887 1.890352
vt 0.853670 1.886607
vt 0.850573 1.888330
vt 0.851276 1.893392
vt 0.854418 1.891624
vt 0.857396 1.895392
vt 0.865551 1.920419
vt 0.865850 1.924592
vt 0.862110 1.912362
vt 0.858399 1.904490
vt 0.854942 1.896629
vt 0.851875 1.898340
vt 0.847984 1.900548
vt 0.847221 1.895670
vt 0.846458 1.890618
vt 0.844453 1.877556
vt 0.842163 1.864459
vt 0.861122 1.939341
vt 0.859730 1.941145
vt 0.859087 1.931654
vt 0.856663 1.933088
vt 0.858578 1.927666
vt 0.856079 1.929088
vt 0.858069 1.923574
vt 0.855466 1.925019
vt 0.854284 1.916153
vt 0.850797 1.918130
vt 0.849376 1.909356
vt 0.853057 1.907275
vt 0.855960 1.905692
vt 0.859476 1.913460
vt 0.863082 1.921274
vt 0.863501 1.925389
vt 0.857037 1.914662
vt 0.860523 1.922372
vt 0.860972 1.926441
vt 0.861406 1.930406
vt 0.862319 1.938532
vt 0.856453 1.949028
vt 0.860553 1.953490
vt 0.858488 1.955767
vt 0.859042 1.946797
vt 0.860254 1.947237
vt 0.860568 1.944566
vt 0.861676 1.943110
vt 0.862768 1.942474
vt 0.863786 1.938070
vt 0.863830 1.929435
vt 0.866225 1.928649
vt 0.869457 1.927782
vt 0.869232 1.923609
vt 0.869636 1.935272
vt 0.866614 1.935839
vt 0.865282 1.938498
vt 0.864100 1.942127
vt 0.865222 1.942624
vt 0.866015 1.944601
vt 0.866988 1.943040
vt 0.866329 1.949086
vt 0.867107 1.950346
vt 0.866314 1.953791
vt 0.866659 1.956808
vt 0.868499 1.958680
vt 0.865686 1.959131
vt 0.866838 1.962229
vt 0.864743 1.960033
vt 0.865177 1.963767
vt 0.863561 1.960079
vt 0.862948 1.963570
vt 0.862364 1.958888
vt 0.861122 1.961697
vt 0.869502 1.950589
vt 0.869816 1.942775
vt 0.865476 1.956357
vt 0.864474 1.957490
vt 0.863142 1.957397
vt 0.862169 1.956091
vt 0.861152 1.951849
vt 0.909454 1.513514
vt 0.907479 1.511109
vt 0.910457 1.510335
vt 0.908452 1.516958
vt 0.905190 1.495400
vt 0.901479 1.495203
vt 0.902586 1.492140
vt 0.904112 1.498429
vt 0.907868 1.498463
vt 0.906746 1.501642
vt 0.909170 1.500139
vt 0.908077 1.503434
vt 0.910591 1.501896
vt 0.909394 1.505202
vt 0.912537 1.504821
vt 0.911250 1.508058
vt 0.908541 1.507722
vt 0.907180 1.506104
vt 0.906132 1.509433
vt 0.902676 1.515063
vt 0.901733 1.519016
vt 0.898920 1.516403
vt 0.903140 1.520311
vt 0.904127 1.516473
vt 0.904681 1.521617
vt 0.905579 1.517848
vt 0.907763 1.519640
vt 0.906402 1.514808
vt 0.904995 1.513317
vt 0.904786 1.507722
vt 0.905803 1.504463
vt 0.903184 1.501191
vt 0.900536 1.497955
vt 0.903588 1.511780
vt 0.906955 1.523489
vt 0.898920 1.491874
vt 0.897977 1.494579
vt 0.899907 1.512196
vt 0.897154 1.509352
vt 0.900850 1.508797
vt 0.898112 1.505861
vt 0.902077 1.504705
vt 0.899324 1.501734
vt 0.896675 1.498579
vt 0.894670 1.496336
vt 0.896047 1.492129
vt 0.897019 1.489412
vt 0.895014 1.486927
vt 0.896107 1.513826
vt 0.894386 1.506451
vt 0.895403 1.502786
vt 0.893353 1.500648
vt 0.892545 1.494140
vt 0.894012 1.489701
vt 0.890256 1.484800
vt 0.891214 1.498729
vt 0.893294 1.511260
vt 0.891184 1.509503
vt 0.890226 1.502451
vt 0.887114 1.495030
vt 0.888580 1.489724
vt 0.884854 1.485216
vt 0.886979 1.480061
vt 0.882969 1.491019
vt 0.882041 1.495180
vt 0.886291 1.498694
vt 0.882310 1.471969
vt 0.880290 1.478604
vt 0.878988 1.487898
vt 0.878884 1.495088
vt 0.879871 1.505145
vt 0.881188 1.503179
vt 0.885168 1.504809
vt 0.889074 1.507746
vt 0.892321 1.504382
vt 0.881248 1.469484
vt 0.878794 1.507896
vt 0.876953 1.495562
vt 0.879273 1.505792
vt 0.877328 1.486927
vt 0.878959 1.476581
vt 0.876325 1.470952
vt 0.879916 1.465369
vt 0.874709 1.466513
vt 0.891273 1.482222
vt 0.888266 1.477205
vt 0.883732 1.468559
vt 0.882789 1.466328
vt 0.881472 1.463369
vt 0.879542 1.460375
vt 0.870025 1.453878
vt 0.866404 1.476928
vt 0.871402 1.481147
vt 0.869726 1.488892
vt 0.875337 1.448873
vt 0.883777 1.460144
vt 0.882445 1.455994
vt 0.879602 1.446087
vt 0.872015 1.437406
vt 0.867077 1.440203
vt 0.876609 1.434366
vt 0.874215 1.421882
vt 0.872524 1.408877
vt 0.867332 1.410426
vt 0.871028 1.396971
vt 0.869337 1.424124
vt 0.864474 1.426240
vt 0.860389 1.444088
vt 0.863112 1.459704
vt 0.859611 1.484118
vt 0.861646 1.492787
vt 0.857142 1.500174
vt 0.860613 1.511757
vt 0.855406 1.508242
vt 0.859596 1.519640
vt 0.855645 1.523293
vt 0.859162 1.537049
vt 0.864638 1.505422
vt 0.861331 1.523778
vt 0.852653 1.490776
vt 0.848897 1.507179
vt 0.863666 1.537835
vt 0.870100 1.542759
vt 0.867766 1.546620
vt 0.865850 1.532043
vt 0.861122 1.535754
vt 0.860164 1.535638
vt 0.867721 1.529119
vt 0.871746 1.540470
vt 0.873691 1.552966
vt 0.871432 1.556284
vt 0.873003 1.560445
vt 0.875233 1.557382
vt 0.874589 1.564757
vt 0.876744 1.561751
vt 0.876879 1.571161
vt 0.874260 1.537326
vt 0.876774 1.534587
vt 0.870773 1.525512
vt 0.873841 1.522669
vt 0.877552 1.548042
vt 0.875233 1.550943
vt 0.876729 1.555440
vt 0.878195 1.559890
vt 0.879916 1.545360
vt 0.873317 1.500821
vt 0.878704 1.511560
vt 0.874275 1.505619
vt 0.876041 1.521189
vt 0.878644 1.532760
vt 0.881607 1.543534
vt 0.881218 1.550053
vt 0.878959 1.552677
vt 0.880335 1.557232
vt 0.880335 1.566514
vt 0.888161 1.566398
vt 0.890166 1.573230
vt 0.886530 1.568259
vt 0.892246 1.570987
vt 0.890361 1.564075
vt 0.886186 1.559578
vt 0.888505 1.557151
vt 0.886650 1.550226
vt 0.884226 1.552758
vt 0.882909 1.548180
vt 0.884300 1.540875
vt 0.881637 1.530194
vt 0.879662 1.519548
vt 0.885453 1.545476
vt 0.889732 1.579183
vt 0.888535 1.575068
vt 0.891378 1.577357
vt 0.893473 1.575241
vt 0.894595 1.579310
vt 0.892530 1.581437
vt 0.890899 1.583240
vt 0.888999 1.585413
vt 0.878884 1.568386
vt 0.880994 1.575068
vt 0.879138 1.577611
vt 0.883073 1.581784
vt 0.881353 1.584107
vt 0.882699 1.588165
vt 0.884390 1.585726
vt 0.885722 1.589563
vt 0.885857 1.583830
vt 0.887159 1.587702
vt 0.887787 1.581472
vt 0.886545 1.577414
vt 0.883986 1.592026
vt 0.884555 1.579888
vt 0.882460 1.573184
vt 0.884480 1.570664
vt 0.882415 1.563936
vt 0.884510 1.561462
vt 0.882520 1.554665
vt 0.783521 1.459242
vt 0.781875 1.457924
vt 0.784225 1.455658
vt 0.784643 1.451879
vt 0.782653 1.454965
vt 0.779346 1.453959
vt 0.780528 1.453035
vt 0.778838 1.451867
vt 0.780528 1.451254
vt 0.780528 1.448757
vt 0.783087 1.451624
vt 0.783252 1.448792
vt 0.784778 1.448769
vt 0.784643 1.445428
vt 0.783087 1.445752
vt 0.782683 1.442273
vt 0.780514 1.444480
vt 0.781890 1.439128
vt 0.779257 1.443741
vt 0.780499 1.446422
vt 0.778778 1.446145
vt 0.778508 1.448769
vt 0.784210 1.441556
vt 0.783491 1.438019
vt 0.909948 1.521443
vt 0.912357 1.527096
vt 0.909215 1.525351
vt 0.915679 1.527084
vt 0.914721 1.525038
vt 0.915260 1.523513
vt 0.912731 1.523663
vt 0.913210 1.521628
vt 0.917071 1.525455
vt 0.915918 1.521363
vt 0.917864 1.523651
vt 0.918387 1.520935
vt 0.910517 1.519108
vt 0.913943 1.518935
vt 0.911429 1.515906
vt 0.914796 1.516369
vt 0.912357 1.512959
vt 0.913120 1.510913
vt 0.915469 1.514542
vt 0.914497 1.507757
vt 0.916726 1.512404
vt 0.918372 1.517814
vt 0.917011 1.517421
vt 0.916592 1.518970
vt 0.807433 1.473691
vt 0.803198 1.480061
vt 0.803153 1.476373
vt 0.806101 1.468698
vt 0.802450 1.472778
vt 0.801522 1.469229
vt 0.809483 1.460132
vt 0.812012 1.465993
vt 0.796749 1.448688
vt 0.794385 1.448734
vt 0.796495 1.443174
vt 0.794340 1.453416
vt 0.796704 1.453693
vt 0.794100 1.458606
vt 0.796390 1.459080
vt 0.793696 1.463241
vt 0.795911 1.464062
vt 0.797946 1.465149
vt 0.798889 1.459901
vt 0.803872 1.464328
vt 0.806370 1.455566
vt 0.811323 1.446214
vt 0.816246 1.444862
vt 0.818955 1.454294
vt 0.798874 1.442619
vt 0.799293 1.448503
vt 0.799248 1.454121
vt 0.805473 1.439394
vt 0.806535 1.447278
vt 0.835265 1.417975
vt 0.834666 1.402335
vt 0.837824 1.403317
vt 0.831569 1.415304
vt 0.831255 1.433800
vt 0.827933 1.429338
vt 0.826077 1.451150
vt 0.823249 1.443891
vt 0.820302 1.436204
vt 0.816800 1.427037
vt 0.813628 1.432805
vt 0.809797 1.436736
vt 0.808450 1.430077
vt 0.804500 1.434505
vt 0.798455 1.437764
vt 0.813822 1.419477
vt 0.811368 1.425072
vt 0.796180 1.438435
vt 0.816261 1.412738
vt 0.813059 1.408646
vt 0.811204 1.414010
vt 0.809423 1.418934
vt 0.806939 1.424159
vt 0.803198 1.429072
vt 0.797766 1.432690
vt 0.795761 1.433591
vt 0.793547 1.434331
vt 0.793951 1.438886
vt 0.794205 1.443625
vt 0.814840 1.402762
vt 0.829953 1.379169
vt 0.834502 1.379782
vt 0.828202 1.389018
vt 0.835445 1.369436
vt 0.831165 1.369621
vt 0.831853 1.362154
vt 0.829100 1.362154
vt 0.828277 1.369737
vt 0.826871 1.362154
vt 0.825404 1.369425
vt 0.826362 1.378753
vt 0.822860 1.377690
vt 0.824057 1.387423
vt 0.820361 1.385689
vt 0.817578 1.394370
vt 0.821499 1.396647
vt 0.818491 1.405641
vt 0.820242 1.418633
vt 0.823219 1.409039
vt 0.826003 1.398763
vt 0.824806 1.424922
vt 0.828307 1.413247
vt 0.831165 1.401005
vt 0.833454 1.390290
vt 0.836642 1.391145
vt 0.837719 1.380233
vt 0.840203 1.380638
vt 0.840053 1.369471
vt 0.837884 1.369425
vt 0.839051 1.362154
vt 0.837345 1.362154
vt 0.835624 1.362154
vt 0.841265 1.362154
vt 0.839320 1.391723
vt 0.842148 1.369275
vt 0.843450 1.362154
vt 0.842732 1.380788
vt 0.842088 1.391977
vt 0.846263 1.362154
vt 0.844288 1.369090
vt 0.844991 1.380799
vt 0.844587 1.392105
vt 0.820526 1.464062
vt 0.828023 1.455381
vt 0.834681 1.437475
vt 0.838886 1.420841
vt 0.841161 1.404092
vt 0.844094 1.404069
vt 0.846637 1.392162
vt 0.846563 1.380776
vt 0.846488 1.369101
vt 0.848388 1.392012
vt 0.841999 1.422610
vt 0.839634 1.441787
vt 0.837794 1.440169
vt 0.831165 1.460456
vt 0.829654 1.458306
vt 0.839425 1.456572
vt 0.831434 1.466547
vt 0.831838 1.480477
vt 0.840412 1.476535
vt 0.808465 1.478974
vt 0.813583 1.471194
vt 0.814960 1.477032
vt 0.821154 1.468790
vt 0.821588 1.472616
vt 0.821948 1.477205
vt 0.822172 1.481344
vt 0.822561 1.486522
vt 0.833694 1.499272
vt 0.809333 1.483540
vt 0.815513 1.479483
vt 0.809977 1.485678
vt 0.830611 1.513467
vt 0.825120 1.512566
vt 0.824417 1.503098
vt 0.818057 1.491204
vt 0.817339 1.487805
vt 0.816830 1.485366
vt 0.816142 1.482638
vt 0.811009 1.487898
vt 0.802390 1.487343
vt 0.802675 1.483817
vt 0.820945 1.512658
vt 0.821229 1.520576
vt 0.820257 1.505029
vt 0.812999 1.493042
vt 0.814346 1.496232
vt 0.817294 1.507560
vt 0.818506 1.514346
vt 0.819404 1.521339
vt 0.819643 1.525535
vt 0.807598 1.499157
vt 0.811892 1.489770
vt 0.804575 1.495527
vt 0.802914 1.491331
vt 0.815513 1.564826
vt 0.818117 1.565497
vt 0.815289 1.568710
vt 0.818431 1.561566
vt 0.815738 1.560919
vt 0.816501 1.549776
vt 0.819179 1.550238
vt 0.816875 1.539025
vt 0.819733 1.539083
vt 0.816591 1.526992
vt 0.816216 1.523339
vt 0.815274 1.517964
vt 0.813807 1.512231
vt 0.810500 1.503919
vt 0.815842 1.595412
vt 0.813837 1.590442
vt 0.816157 1.591055
vt 0.814346 1.583217
vt 0.816740 1.583888
vt 0.814840 1.575981
vt 0.817324 1.576651
vt 0.817833 1.569392
vt 0.819568 1.565971
vt 0.819883 1.562052
vt 0.820661 1.550677
vt 0.821304 1.539176
vt 0.821379 1.524877
vt 0.825419 1.524807
vt 0.825329 1.520727
vt 0.822157 1.566965
vt 0.822561 1.563058
vt 0.823638 1.551799
vt 0.824641 1.539834
vt 0.827559 1.540771
vt 0.826152 1.552920
vt 0.824611 1.567982
vt 0.825045 1.564133
vt 0.827260 1.565150
vt 0.828502 1.554122
vt 0.830237 1.542424
vt 0.829549 1.524091
vt 0.828876 1.528391
vt 0.831883 1.534436
vt 0.834801 1.541384
vt 0.833305 1.545718
vt 0.831330 1.555844
vt 0.829818 1.566433
vt 0.826841 1.568953
vt 0.826407 1.572733
vt 0.824177 1.571796
vt 0.832886 1.530887
vt 0.835430 1.541256
vt 0.836926 1.543799
vt 0.824791 1.586951
vt 0.826167 1.595135
vt 0.823983 1.594037
vt 0.827065 1.588084
vt 0.825599 1.579853
vt 0.827948 1.581033
vt 0.828846 1.573958
vt 0.829325 1.570178
vt 0.823474 1.578952
vt 0.822770 1.586096
vt 0.822067 1.593216
vt 0.819868 1.592326
vt 0.820526 1.585182
vt 0.818222 1.584350
vt 0.818820 1.577137
vt 0.819344 1.569889
vt 0.821813 1.570814
vt 0.817608 1.591528
vt 0.821169 1.578004
vt 0.821693 1.597563
vt 0.819464 1.596661
vt 0.817264 1.595863
vt 0.823429 1.598314
vt 0.825569 1.599504
vt 0.825015 1.603689
vt 0.822875 1.602533
vt 0.821304 1.601828
vt 0.819060 1.600915
vt 0.816905 1.600163
vt 0.815528 1.599747
vt 0.813314 1.599216
vt 0.813538 1.594927
vt 0.969997 1.792259
vt 0.983239 1.785277
vt 0.990302 1.792259
vt 0.969997 1.785277
vt 0.949990 1.792259
vt 0.949990 1.785277
vt 0.949990 1.771336
vt 0.969997 1.771336
vt 0.949990 1.757384
vt 0.969997 1.757384
vt 0.949990 1.743431
vt 0.969997 1.743431
vt 0.949990 1.729491
vt 0.969997 1.729491
vt 0.983239 1.729491
vt 0.969997 1.722509
vt 0.990302 1.722509
vt 0.949990 1.722509
vt 0.983239 1.771336
vt 0.983239 1.757384
vt 0.983239 1.743431
vt 0.990302 1.743431
vt 0.990302 1.757384
vt 0.990317 1.771336
vt 0.759999 1.325002
vt 0.762931 1.332435
vt 0.759999 1.332435
vt 0.771670 1.332435
vt 0.771670 1.325002
vt 0.759999 1.315616
vt 0.771670 1.315616
vt 0.759999 1.304518
vt 0.771670 1.304518
vt 0.759999 1.292982
vt 0.771670 1.292982
vt 0.781277 1.332435
vt 0.790090 1.325002
vt 0.781277 1.325002
vt 0.785347 1.332435
vt 0.790090 1.332435
vt 0.800101 1.332435
vt 0.800101 1.325002
vt 0.810934 1.332435
vt 0.810934 1.325002
vt 0.821663 1.332435
vt 0.821663 1.325002
vt 0.810934 1.315616
vt 0.800101 1.315616
vt 0.800101 1.304518
vt 0.790090 1.315616
vt 0.790090 1.304518
vt 0.832527 1.332435
vt 0.800101 1.292982
vt 0.790090 1.292982
vt 0.810934 1.304518
vt 0.821663 1.315616
vt 0.832527 1.325002
vt 0.842717 1.325002
vt 0.842717 1.332435
vt 0.853745 1.325002
vt 0.853745 1.332435
vt 0.863681 1.325002
vt 0.863681 1.332435
vt 0.874993 1.325002
vt 0.874993 1.332435
vt 0.883867 1.325002
vt 0.883867 1.332435
vt 0.810934 1.292982
vt 0.821663 1.304518
vt 0.832527 1.315616
vt 0.842717 1.315616
vt 0.853745 1.315616
vt 0.863681 1.315616
vt 0.874993 1.315616
vt 0.883867 1.315616
vt 0.893338 1.325002
vt 0.893338 1.315616
vt 0.902556 1.325002
vt 0.821663 1.292982
vt 0.832527 1.304518
vt 0.842717 1.304518
vt 0.853745 1.304518
vt 0.863681 1.304518
vt 0.874993 1.304518
vt 0.883867 1.304518
vt 0.893338 1.304518
vt 0.902556 1.315616
vt 0.902556 1.304518
vt 0.911280 1.315616
vt 0.832527 1.292982
vt 0.842717 1.292982
vt 0.853745 1.292982
vt 0.863681 1.292982
vt 0.874993 1.292982
vt 0.883867 1.292982
vt 0.893338 1.292982
vt 0.902556 1.292982
vt 0.911280 1.304518
vt 0.911280 1.292982
vt 0.920392 1.304518
vt 0.920392 1.292982
vt 0.920392 1.315616
vt 0.930253 1.315616
vt 0.930253 1.304518
vt 0.930253 1.292982
vt 0.911280 1.325002
vt 0.920392 1.325002
vt 0.930253 1.325002
vt 0.940249 1.325002
vt 0.940249 1.315616
vt 0.940249 1.304518
vt 0.940249 1.292982
vt 0.893338 1.332435
vt 0.902556 1.332435
vt 0.911280 1.332435
vt 0.920392 1.332435
vt 0.930253 1.332435
vt 0.940249 1.332435
vt 0.950290 1.325002
vt 0.950290 1.315616
vt 0.950290 1.304518
vt 0.959148 1.315616
vt 0.959148 1.304518
vt 0.959148 1.325002
vt 0.950290 1.332435
vt 0.954764 1.332435
vt 0.959148 1.332435
vt 0.964251 1.332435
vt 0.969099 1.325002
vt 0.969099 1.332435
vt 0.974890 1.332435
vt 0.950290 1.292982
vt 0.959148 1.292982
vt 0.969099 1.292982
vt 0.969099 1.304518
vt 0.979064 1.304518
vt 0.979064 1.315616
vt 0.969099 1.315616
vt 0.979064 1.325002
vt 0.979064 1.292982
vt 0.989988 1.325002
vt 0.979064 1.332435
vt 0.983389 1.332435
vt 0.989988 1.332435
vt 0.870594 1.811968
vt 0.875203 1.807448
vt 0.872180 1.816060
vt 0.881802 1.789797
vt 0.882729 1.796374
vt 0.878165 1.799830
vt 0.869487 1.824232
vt 0.878255 1.830139
vt 0.875771 1.835271
vt 0.882759 1.839375
vt 0.880754 1.843594
vt 0.887129 1.847709
vt 0.885288 1.851617
vt 0.888640 1.850553
vt 0.886859 1.854368
vt 0.883852 1.802027
vt 0.873527 1.840762
vt 0.878719 1.848368
vt 0.883313 1.856240
vt 0.884914 1.858899
vt 0.886530 1.861442
vt 0.888400 1.856992
vt 0.891139 1.862390
vt 0.871462 1.848056
vt 0.876205 1.854946
vt 0.880799 1.862448
vt 0.882400 1.865072
vt 0.884061 1.867603
vt 0.889418 1.866575
vt 0.893952 1.867846
vt 0.892336 1.871707
vt 0.896780 1.873337
vt 0.895269 1.876851
vt 0.897139 1.879914
vt 0.893353 1.881694
vt 0.890256 1.877024
vt 0.887159 1.872331
vt 0.895269 1.884630
vt 0.897109 1.887405
vt 0.898935 1.882665
vt 0.898546 1.876678
vt 0.890061 1.853385
vt 0.892800 1.858807
vt 0.895613 1.864274
vt 0.898441 1.869834
vt 0.900177 1.873221
vt 0.900177 1.879741
vt 0.902825 1.885451
vt 0.903319 1.883197
vt 0.904382 1.887324
vt 0.904711 1.885636
vt 0.905474 1.883729
vt 0.904127 1.881093
vt 0.903574 1.890480
vt 0.904651 1.889763
vt 0.894536 1.855524
vt 0.891797 1.850068
vt 0.897334 1.861037
vt 0.900147 1.866586
vt 0.901778 1.876365
vt 0.901883 1.870008
vt 0.901688 1.863893
vt 0.899025 1.858159
vt 0.896391 1.852426
vt 0.893772 1.846692
vt 0.892411 1.843594
vt 0.890465 1.846970
vt 0.905175 1.879463
vt 0.903439 1.873256
vt 0.903289 1.867545
vt 0.905773 1.863534
vt 0.904217 1.859777
vt 0.901748 1.853720
vt 0.899264 1.847675
vt 0.896795 1.841618
vt 0.895463 1.838439
vt 0.891094 1.840369
vt 0.904756 1.871037
vt 0.907195 1.867187
vt 0.906327 1.878492
vt 0.906461 1.882215
vt 0.907344 1.881544
vt 0.908511 1.882215
vt 0.894131 1.835271
vt 0.887428 1.831029
vt 0.890720 1.825816
vt 0.887622 1.816661
vt 0.883911 1.821215
vt 0.881278 1.825041
vt 0.885138 1.834855
vt 0.889074 1.843941
vt 0.876490 1.811459
vt 0.880141 1.808685
vt 0.884645 1.805679
vt 0.879228 1.804593
vt 0.949990 1.570617
vt 0.969997 1.570606
vt 0.949990 1.577588
vt 0.969997 1.556665
vt 0.983239 1.570617
vt 0.983239 1.556665
vt 0.969997 1.449324
vt 0.983239 1.449335
vt 0.983239 1.463276
vt 0.983239 1.435383
vt 0.969997 1.435383
vt 0.969997 1.421431
vt 0.983239 1.421431
vt 0.983239 1.407479
vt 0.969997 1.407479
vt 0.969997 1.400508
vt 0.990302 1.400508
vt 0.990302 1.470258
vt 0.969997 1.470258
vt 0.969997 1.463276
vt 0.959986 1.463276
vt 0.959986 1.449324
vt 0.959986 1.435383
vt 0.959986 1.421431
vt 0.959986 1.407479
vt 0.959986 1.400508
vt 0.959986 1.470258
vt 0.990317 1.421431
vt 0.990317 1.449324
vt 0.990302 1.435383
vt 0.893742 1.750818
vt 0.891603 1.759152
vt 0.891288 1.747200
vt 0.893458 1.762158
vt 0.898785 1.720891
vt 0.892396 1.716116
vt 0.896556 1.711724
vt 0.894206 1.724358
vt 0.895718 1.730277
vt 0.888819 1.729653
vt 0.891603 1.735386
vt 0.888580 1.743709
vt 0.893832 1.739825
vt 0.896092 1.745824
vt 0.896047 1.756771
vt 0.898291 1.763406
vt 0.895673 1.766678
vt 0.881218 1.735340
vt 0.886410 1.721596
vt 0.885662 1.739351
vt 0.887069 1.752980
vt 0.889508 1.756263
vt 0.889837 1.764817
vt 0.891498 1.767209
vt 0.893084 1.770365
vt 0.898187 1.774769
vt 0.900775 1.772007
vt 0.902990 1.769891
vt 0.903978 1.773810
vt 0.905219 1.767891
vt 0.901838 1.775890
vt 0.902960 1.757372
vt 0.895463 1.777752
vt 0.899264 1.778526
vt 0.902960 1.780006
vt 0.905025 1.778041
vt 0.906162 1.771845
vt 0.907180 1.776133
vt 0.896675 1.781381
vt 0.900491 1.782572
vt 0.897947 1.785358
vt 0.902556 1.738588
vt 0.897304 1.735779
vt 0.901194 1.732149
vt 0.898965 1.742172
vt 0.901045 1.749211
vt 0.903978 1.746090
vt 0.905579 1.754910
vt 0.907838 1.765787
vt 0.908571 1.769810
vt 0.909499 1.774145
vt 0.912222 1.772134
vt 0.911355 1.767822
vt 0.910591 1.763915
vt 0.908766 1.752806
vt 0.907359 1.743859
vt 0.906072 1.736669
vt 0.904950 1.730577
vt 0.900162 1.727017
vt 0.903678 1.724046
vt 0.898396 1.752702
vt 0.900641 1.760331
vt 0.902227 1.717215
vt 0.900147 1.707690
vt 0.894371 1.702395
vt 0.897902 1.698222
vt 0.895912 1.689819
vt 0.892530 1.692535
vt 0.891004 1.682444
vt 0.886171 1.682467
vt 0.885408 1.673809
vt 0.879886 1.682282
vt 0.879048 1.673809
vt 0.873392 1.682351
vt 0.872674 1.673809
vt 0.866659 1.673820
vt 0.867452 1.682502
vt 0.860748 1.682293
vt 0.860209 1.673809
vt 0.890286 1.673809
vt 0.894461 1.681126
vt 0.894326 1.673809
vt 0.889957 1.704742
vt 0.883971 1.708048
vt 0.881727 1.695055
vt 0.876879 1.708753
vt 0.875098 1.695702
vt 0.868978 1.696223
vt 0.887787 1.693599
vt 0.878914 1.721226
vt 0.870564 1.709366
vt 0.861855 1.695945
vt 0.862558 1.709412
vt 0.871956 1.722266
vt 0.873078 1.735629
vt 0.881188 1.750795
vt 0.884450 1.750564
vt 0.884435 1.759025
vt 0.886231 1.760008
vt 0.888146 1.762204
vt 0.882580 1.760204
vt 0.874933 1.754170
vt 0.863890 1.736276
vt 0.863247 1.722440
vt 0.880919 1.764585
vt 0.880560 1.771845
vt 0.848612 1.682074
vt 0.854688 1.673809
vt 0.854777 1.681843
vt 0.854987 1.695333
vt 0.855077 1.708788
vt 0.855376 1.721480
vt 0.855735 1.736380
vt 0.865027 1.752355
vt 0.875083 1.770365
vt 0.880724 1.779197
vt 0.865835 1.770330
vt 0.848598 1.695009
vt 0.848568 1.707898
vt 0.842133 1.707412
vt 0.842328 1.694812
vt 0.842448 1.682085
vt 0.834577 1.681658
vt 0.827753 1.693518
vt 0.827813 1.681265
vt 0.834487 1.694246
vt 0.834457 1.706672
vt 0.841939 1.719584
vt 0.848687 1.720393
vt 0.848672 1.735444
vt 0.827589 1.705794
vt 0.834262 1.718509
vt 0.833948 1.733779
vt 0.841654 1.734877
vt 0.813703 1.729942
vt 0.818012 1.747200
vt 0.812386 1.744772
vt 0.819359 1.731629
vt 0.814675 1.715804
vt 0.819883 1.717145
vt 0.820451 1.705251
vt 0.820825 1.693113
vt 0.821409 1.681565
vt 0.827933 1.673820
vt 0.834322 1.673809
vt 0.842477 1.673809
vt 0.848732 1.673809
vt 0.821514 1.673809
vt 0.815872 1.673809
vt 0.805188 1.680744
vt 0.810471 1.691576
vt 0.805278 1.690686
vt 0.810560 1.681450
vt 0.804934 1.673809
vt 0.810500 1.673809
vt 0.815812 1.681681
vt 0.815558 1.692292
vt 0.815124 1.704418
vt 0.810052 1.702962
vt 0.809648 1.713886
vt 0.804111 1.712394
vt 0.808540 1.728161
vt 0.803168 1.725734
vt 0.802046 1.740183
vt 0.804590 1.702268
vt 0.807463 1.743212
vt 0.805832 1.756667
vt 0.801058 1.754609
vt 0.800295 1.768596
vt 0.791332 1.809424
vt 0.790389 1.819897
vt 0.788504 1.816476
vt 0.793607 1.813285
vt 0.793756 1.802951
vt 0.796345 1.806858
vt 0.797093 1.791669
vt 0.799966 1.795276
vt 0.797677 1.788768
vt 0.800669 1.792548
vt 0.798141 1.785566
vt 0.801373 1.789403
vt 0.798949 1.780503
vt 0.802585 1.783312
vt 0.804201 1.771174
vt 0.810770 1.759557
vt 0.806385 1.786502
vt 0.804964 1.793831
vt 0.811293 1.791762
vt 0.803976 1.797079
vt 0.809348 1.799229
vt 0.814391 1.794732
vt 0.814346 1.779092
vt 0.808585 1.774654
vt 0.816321 1.762967
vt 0.823758 1.766076
vt 0.808061 1.803356
vt 0.832257 1.768423
vt 0.821962 1.782745
vt 0.802959 1.799819
vt 0.806625 1.806696
vt 0.811009 1.810037
vt 0.812925 1.804662
vt 0.820032 1.799691
vt 0.830866 1.785508
vt 0.840921 1.770215
vt 0.840502 1.788733
vt 0.848687 1.770735
vt 0.849046 1.789681
vt 0.840038 1.809297
vt 0.844857 1.809482
vt 0.840802 1.821042
vt 0.808510 1.813678
vt 0.834143 1.807124
vt 0.815917 1.807991
vt 0.818700 1.810326
vt 0.811189 1.824672
vt 0.809543 1.826359
vt 0.805862 1.828879
vt 0.803587 1.821180
vt 0.801597 1.816372
vt 0.798993 1.811459
vt 0.798021 1.822360
vt 0.799802 1.826972
vt 0.796315 1.832347
vt 0.798260 1.837202
vt 0.794519 1.835121
vt 0.796390 1.839745
vt 0.801792 1.832717
vt 0.791108 1.834509
vt 0.792784 1.831295
vt 0.794564 1.828301
vt 0.788818 1.838716
vt 0.789342 1.830960
vt 0.791018 1.827723
vt 0.792754 1.824452
vt 0.795896 1.817713
vt 0.792799 1.838184
vt 0.790464 1.842323
vt 0.788100 1.846322
vt 0.789626 1.849975
vt 0.787157 1.853651
vt 0.785781 1.850299
vt 0.786454 1.842762
vt 0.787172 1.835387
vt 0.787292 1.827145
vt 0.788788 1.823550
vt 0.783686 1.863384
vt 0.782668 1.860344
vt 0.785796 1.860841
vt 0.784614 1.857500
vt 0.787187 1.858911
vt 0.785945 1.855512
vt 0.784629 1.852206
vt 0.784180 1.846808
vt 0.784943 1.839733
vt 0.785122 1.831607
vt 0.785362 1.823654
vt 0.786903 1.820152
vt 0.782983 1.836173
vt 0.782788 1.844068
vt 0.783102 1.848912
vt 0.781052 1.841017
vt 0.780065 1.843305
vt 0.781741 1.846230
vt 0.781292 1.859396
vt 0.783416 1.854368
vt 0.781965 1.851189
vt 0.780543 1.848415
vt 0.779047 1.845895
vt 0.777506 1.843421
vt 0.778449 1.840635
vt 0.779406 1.838161
vt 0.781277 1.833110
vt 0.783312 1.828301
vt 0.780828 1.857165
vt 0.779990 1.860772
vt 0.779720 1.862679
vt 0.779676 1.859119
vt 0.778883 1.857061
vt 0.780035 1.854946
vt 0.779017 1.853408
vt 0.777820 1.852090
vt 0.777536 1.849571
vt 0.776099 1.847374
vt 0.776997 1.854703
vt 0.776024 1.853235
vt 0.777925 1.855628
vt 0.776174 1.855246
vt 0.774109 1.858194
vt 0.774618 1.858587
vt 0.772718 1.863095
vt 0.773675 1.862032
vt 0.772792 1.865569
vt 0.773615 1.864066
vt 0.773256 1.867291
vt 0.773989 1.865835
vt 0.773945 1.868447
vt 0.775007 1.866806
vt 0.775157 1.868863
vt 0.775620 1.867384
vt 0.778030 1.866540
vt 0.777925 1.864956
vt 0.780723 1.863188
vt 0.774708 1.851328
vt 0.772987 1.856772
vt 0.771595 1.862644
vt 0.771715 1.865916
vt 0.772358 1.868910
vt 0.773541 1.870516
vt 0.775336 1.871256
vt 0.778658 1.868956
vt 0.781591 1.865927
vt 0.969997 1.514820
vt 0.969997 1.528772
vt 0.949990 1.514820
vt 0.949990 1.528772
vt 0.990302 1.556665
vt 0.990302 1.577588
vt 0.983239 1.528772
vt 0.990317 1.528772
vt 0.983239 1.542713
vt 0.990302 1.542713
vt 0.983239 1.514820
vt 0.990317 1.507849
vt 0.969997 1.507849
vt 0.806760 1.945641
vt 0.806131 1.947988
vt 0.806730 1.940162
vt 0.806939 1.950496
vt 0.807418 1.947965
vt 0.808301 1.951779
vt 0.808660 1.949213
vt 0.811024 1.933273
vt 0.813014 1.930545
vt 0.812251 1.934313
vt 0.814256 1.932683
vt 0.813164 1.935989
vt 0.814615 1.937908
vt 0.813224 1.938289
vt 0.812835 1.945260
vt 0.812117 1.943329
vt 0.810845 1.948034
vt 0.810815 1.950404
vt 0.809887 1.949132
vt 0.809513 1.951918
vt 0.807867 1.955975
vt 0.805577 1.953375
vt 0.804096 1.949837
vt 0.815693 1.932371
vt 0.817443 1.940694
vt 0.815094 1.948034
vt 0.812146 1.954357
vt 0.809962 1.955848
vt 0.818940 1.935296
vt 0.805787 1.941584
vt 0.807403 1.935272
vt 0.806326 1.933388
vt 0.808121 1.929412
vt 0.806999 1.927597
vt 0.803542 1.926626
vt 0.803243 1.932799
vt 0.803333 1.941688
vt 0.808106 1.933492
vt 0.821499 1.900883
vt 0.820227 1.890630
vt 0.823025 1.892653
vt 0.818820 1.899034
vt 0.820032 1.909113
vt 0.817473 1.907368
vt 0.818611 1.917251
vt 0.816202 1.915598
vt 0.815394 1.920569
vt 0.813104 1.919124
vt 0.812431 1.923782
vt 0.810740 1.917933
vt 0.810111 1.922719
vt 0.807672 1.921806
vt 0.810007 1.928915
vt 0.809573 1.932926
vt 0.811638 1.929319
vt 0.817698 1.922233
vt 0.803842 1.920465
vt 0.804246 1.915344
vt 0.808166 1.916870
vt 0.814675 1.925216
vt 0.816770 1.926834
vt 0.820421 1.929886
vt 0.821469 1.925146
vt 0.822486 1.920095
vt 0.824012 1.911911
vt 0.825539 1.903761
vt 0.827095 1.895647
vt 0.828157 1.890167
vt 0.810620 1.894595
vt 0.813478 1.895947
vt 0.812356 1.904420
vt 0.814974 1.905842
vt 0.813807 1.914142
vt 0.811293 1.912812
vt 0.808720 1.911645
vt 0.804725 1.909992
vt 0.805592 1.901368
vt 0.809648 1.903160
vt 0.806490 1.892745
vt 0.807388 1.884099
vt 0.814600 1.887335
vt 0.811593 1.885960
vt 0.815513 1.881521
vt 0.816202 1.897438
vt 0.822052 1.879394
vt 0.821095 1.884838
vt 0.818326 1.883058
vt 0.817458 1.888931
vt 0.837210 1.842485
vt 0.838303 1.820429
vt 0.839575 1.841883
vt 0.833155 1.825573
vt 0.835056 1.845895
vt 0.831823 1.831330
vt 0.831150 1.856830
vt 0.827200 1.852842
vt 0.827828 1.869395
vt 0.824401 1.866586
vt 0.825195 1.881752
vt 0.824102 1.887081
vt 0.839784 1.857593
vt 0.838916 1.855801
vt 0.837839 1.856587
vt 0.836866 1.857142
vt 0.834861 1.861928
vt 0.831853 1.873082
vt 0.829190 1.884896
vt 0.855945 1.818961
vt 0.850423 1.817874
vt 0.845081 1.828555
vt 0.833664 1.818360
vt 0.829220 1.803957
vt 0.824835 1.802477
vt 0.823534 1.812465
vt 0.828546 1.813412
vt 0.827963 1.819597
vt 0.822800 1.818834
vt 0.827215 1.824614
vt 0.819149 1.877510
vt 0.821169 1.864413
vt 0.823354 1.850056
vt 0.822307 1.824567
vt 0.816561 1.829792
vt 0.819718 1.848114
vt 0.815708 1.846773
vt 0.817997 1.862598
vt 0.814436 1.860945
vt 0.816187 1.875891
vt 0.812910 1.874389
vt 0.812206 1.880030
vt 0.814256 1.825388
vt 0.809722 1.833156
vt 0.810710 1.836370
vt 0.810919 1.846184
vt 0.809842 1.859153
vt 0.808600 1.872504
vt 0.808016 1.878203
vt 0.808510 1.832624
vt 0.807867 1.832740
vt 0.806535 1.834532
vt 0.803123 1.837237
vt 0.799727 1.841225
vt 0.797841 1.843583
vt 0.794564 1.842508
vt 0.792110 1.846265
vt 0.788444 1.857061
vt 0.791003 1.853466
vt 0.793517 1.849836
vt 0.796016 1.846207
vt 0.814810 1.621294
vt 0.813927 1.623941
vt 0.812939 1.617884
vt 0.815528 1.621884
vt 0.815049 1.626207
vt 0.816546 1.605666
vt 0.814795 1.610925
vt 0.815169 1.605330
vt 0.813059 1.605030
vt 0.812820 1.610833
vt 0.814675 1.617387
vt 0.815887 1.617480
vt 0.817025 1.622589
vt 0.816591 1.627293
vt 0.818341 1.627305
vt 0.816172 1.611168
vt 0.818551 1.606348
vt 0.818042 1.611769
vt 0.819898 1.612590
vt 0.819089 1.618705
vt 0.821439 1.613480
vt 0.820361 1.619606
vt 0.823354 1.614925
vt 0.821768 1.621271
vt 0.819703 1.625918
vt 0.819299 1.622947
vt 0.818521 1.622924
vt 0.817518 1.617942
vt 0.824177 1.609307
vt 0.822157 1.608012
vt 0.820601 1.607203
vt 0.850947 1.571496
vt 0.849660 1.559162
vt 0.853236 1.570721
vt 0.852234 1.558457
vt 0.848298 1.545718
vt 0.851456 1.544932
vt 0.854957 1.530275
vt 0.853910 1.544851
vt 0.854269 1.558041
vt 0.855092 1.570155
vt 0.853610 1.575264
vt 0.851426 1.576050
vt 0.848942 1.577056
vt 0.851919 1.580512
vt 0.849510 1.581506
vt 0.854014 1.579749
vt 0.854822 1.587645
vt 0.855511 1.574663
vt 0.855960 1.579090
vt 0.856693 1.586962
vt 0.857411 1.594835
vt 0.858039 1.538401
vt 0.857217 1.546134
vt 0.857261 1.557833
vt 0.857875 1.569531
vt 0.858219 1.574004
vt 0.858563 1.578339
vt 0.859237 1.586200
vt 0.859910 1.594095
vt 0.860598 1.601944
vt 0.858174 1.602649
vt 0.856812 1.606891
vt 0.858952 1.609850
vt 0.857202 1.610463
vt 0.858563 1.606255
vt 0.860883 1.605643
vt 0.861182 1.609307
vt 0.861616 1.615988
vt 0.859446 1.616289
vt 0.857740 1.616797
vt 0.855137 1.611261
vt 0.854733 1.607700
vt 0.854329 1.604105
vt 0.852174 1.605042
vt 0.851306 1.597262
vt 0.849720 1.597990
vt 0.848822 1.590118
vt 0.846323 1.591471
vt 0.845276 1.583691
vt 0.853535 1.596314
vt 0.855810 1.617514
vt 0.853835 1.618416
vt 0.850288 1.620670
vt 0.849301 1.614254
vt 0.852264 1.619248
vt 0.851396 1.613006
vt 0.853027 1.612197
vt 0.852608 1.608636
vt 0.850618 1.605770
vt 0.847281 1.599273
vt 0.851007 1.609399
vt 0.848777 1.610694
vt 0.848253 1.607076
vt 0.848373 1.572582
vt 0.846652 1.573380
vt 0.847251 1.577842
vt 0.847834 1.582258
vt 0.850468 1.589390
vt 0.852772 1.588431
vt 0.855586 1.595505
vt 0.856394 1.603308
vt 0.844647 1.579437
vt 0.843989 1.575010
vt 0.842163 1.563543
vt 0.845051 1.561381
vt 0.839560 1.552562
vt 0.842807 1.548793
vt 0.837599 1.545591
vt 0.838946 1.535500
vt 0.837884 1.530494
vt 0.834622 1.516704
vt 0.840293 1.525166
vt 0.838318 1.511202
vt 0.846772 1.560457
vt 0.844647 1.547487
vt 0.841026 1.531026
vt 0.845979 1.526449
vt 0.842537 1.496070
vt 0.843959 1.507560
vt 0.845485 1.522264
vt 0.850438 1.521374
vt 0.851037 1.527686
vt 0.850857 1.402866
vt 0.846847 1.422055
vt 0.848388 1.403514
vt 0.846383 1.404207
vt 0.844108 1.424113
vt 0.846024 1.436978
vt 0.847281 1.451740
vt 0.849570 1.470570
vt 0.855930 1.465761
vt 0.853580 1.448237
vt 0.858458 1.429234
vt 0.851725 1.432239
vt 0.857127 1.415929
vt 0.862588 1.412345
vt 0.861227 1.399873
vt 0.855960 1.401156
vt 0.851007 1.419327
vt 0.865940 1.398485
vt 0.864608 1.388810
vt 0.860075 1.389804
vt 0.855181 1.390428
vt 0.850797 1.391538
vt 0.848792 1.369032
vt 0.848493 1.380626
vt 0.851141 1.380164
vt 0.854643 1.379759
vt 0.851485 1.368905
vt 0.854388 1.368812
vt 0.857815 1.368731
vt 0.858803 1.379262
vt 0.863411 1.378522
vt 0.848912 1.362154
vt 0.851725 1.362154
vt 0.854463 1.362212
vt 0.857426 1.362154
vt 0.862633 1.368442
vt 0.868140 1.368523
vt 0.868634 1.377620
vt 0.869861 1.387955
vt 0.868170 1.362154
vt 0.862334 1.362154
vt 0.892156 1.602163
vt 0.893757 1.606660
vt 0.893204 1.607423
vt 0.895119 1.605169
vt 0.893608 1.600267
vt 0.891767 1.594349
vt 0.890121 1.596395
vt 0.891124 1.603781
vt 0.889897 1.606775
vt 0.893144 1.610301
vt 0.894999 1.610590
vt 0.896466 1.609423
vt 0.898097 1.606822
vt 0.896645 1.603111
vt 0.895403 1.598314
vt 0.893653 1.592245
vt 0.895209 1.590789
vt 0.896690 1.597239
vt 0.897453 1.602105
vt 0.898815 1.603296
vt 0.898561 1.596464
vt 0.897199 1.589193
vt 0.893862 1.586119
vt 0.892276 1.587737
vt 0.890376 1.589875
vt 0.888640 1.592049
vt 0.888715 1.598418
vt 0.895897 1.584258
vt 0.887218 1.593991
vt 0.885617 1.596499
vt 0.887233 1.600973
vt 0.906611 1.798489
vt 0.907120 1.800327
vt 0.906102 1.799414
vt 0.914108 1.804026
vt 0.912552 1.802211
vt 0.915290 1.796697
vt 0.913090 1.796744
vt 0.912746 1.793496
vt 0.911953 1.793784
vt 0.912222 1.796050
vt 0.912178 1.799784
vt 0.911669 1.801564
vt 0.911908 1.803599
vt 0.910861 1.803113
vt 0.911175 1.804512
vt 0.909753 1.803286
vt 0.910232 1.804847
vt 0.908482 1.802697
vt 0.909349 1.804697
vt 0.907060 1.801934
vt 0.915125 1.792929
vt 0.904382 1.802315
vt 0.905683 1.804778
vt 0.908796 1.808222
vt 0.910053 1.808349
vt 0.911878 1.807852
vt 0.913150 1.806038
vt 0.901254 1.886572
vt 0.899668 1.890953
vt 0.902242 1.894502
vt 0.906551 1.894583
vt 0.906611 1.892595
vt 0.909170 1.896490
vt 0.908377 1.894629
vt 0.908975 1.872250
vt 0.910771 1.877302
vt 0.906776 1.875522
vt 0.908811 1.880007
vt 0.910906 1.885636
vt 0.909858 1.885948
vt 0.910726 1.888595
vt 0.911908 1.890826
vt 0.910651 1.890942
vt 0.911833 1.893208
vt 0.910128 1.892942
vt 0.911220 1.894918
vt 0.909245 1.894155
vt 0.910352 1.896167
vt 0.909050 1.900305
vt 0.905653 1.898190
vt 0.910816 1.899565
vt 0.912641 1.897485
vt 0.913584 1.893982
vt 0.913883 1.890375
vt 0.912686 1.883775
vt 0.902870 1.790328
vt 0.905055 1.787901
vt 0.905474 1.792305
vt 0.906671 1.790305
vt 0.899144 1.789334
vt 0.901673 1.786444
vt 0.900341 1.793311
vt 0.904007 1.783947
vt 0.906940 1.785982
vt 0.907673 1.789045
vt 0.905983 1.782017
vt 0.911205 1.782641
vt 0.913105 1.776503
vt 0.914003 1.780884
vt 0.910352 1.778399
vt 0.908092 1.780179
vt 0.909020 1.784213
vt 0.908930 1.788178
vt 0.908212 1.791299
vt 0.907284 1.792421
vt 0.906387 1.794085
vt 0.906102 1.796663
vt 0.905145 1.796894
vt 0.904007 1.793611
vt 0.901703 1.796582
vt 0.903065 1.799853
vt 0.910442 1.787727
vt 0.909334 1.790398
vt 0.910546 1.790097
vt 0.911699 1.791507
vt 0.912402 1.790236
vt 0.911803 1.786433
vt 0.914961 1.789149
vt 0.914482 1.785022
vt 0.860075 1.634842
vt 0.858758 1.629374
vt 0.860134 1.629143
vt 0.859311 1.635258
vt 0.859880 1.638807
vt 0.861002 1.636356
vt 0.861855 1.629686
vt 0.862050 1.622670
vt 0.859940 1.622716
vt 0.858279 1.623144
vt 0.856498 1.623779
vt 0.857142 1.629871
vt 0.854628 1.624646
vt 0.855481 1.630704
vt 0.853131 1.625490
vt 0.854344 1.631501
vt 0.852772 1.633443
vt 0.855496 1.636761
vt 0.855002 1.639026
vt 0.851276 1.627097
vt 0.856349 1.636564
vt 0.856812 1.640171
vt 0.857770 1.636032
vt 0.858219 1.640136
vt 0.825075 1.749211
vt 0.826302 1.733016
vt 0.833215 1.750552
vt 0.841325 1.751951
vt 0.848493 1.752332
vt 0.855900 1.752818
vt 0.854344 1.808685
vt 0.827080 1.717793
vt 0.844393 1.820568
vt 0.849914 1.809043
vt 0.900102 1.488661
vt 0.898276 1.485991
vt 0.896346 1.483390
vt 0.892830 1.478500
vt 0.889957 1.473622
vt 0.885662 1.464883
vt 0.884779 1.462536
vt 0.853550 1.935064
vt 0.857845 1.939942
vt 0.855002 1.942046
vt 0.852847 1.931030
vt 0.852204 1.926915
vt 0.785092 1.436909
vt 0.787053 1.436031
vt 0.785751 1.440839
vt 0.787621 1.440296
vt 0.788010 1.444758
vt 0.786185 1.445116
vt 0.786319 1.448746
vt 0.788115 1.448746
vt 0.788040 1.452480
vt 0.786200 1.452133
vt 0.785796 1.456364
vt 0.787696 1.457022
vt 0.785152 1.460560
vt 0.787187 1.461404
vt 0.791452 1.462756
vt 0.789222 1.462259
vt 0.791856 1.458144
vt 0.789611 1.457681
vt 0.792110 1.453115
vt 0.789881 1.452826
vt 0.792155 1.448746
vt 0.789926 1.448746
vt 0.792020 1.444007
vt 0.789836 1.444388
vt 0.791721 1.439325
vt 0.789507 1.439753
vt 0.791287 1.434736
vt 0.789013 1.435152
vt 0.866195 1.509653
vt 0.869532 1.500787
vt 0.870609 1.505827
vt 0.862529 1.515640
vt 0.866659 1.489297
vt 0.781277 1.292982
vt 0.781277 1.304518
vt 0.781277 1.315616
vt 0.989988 1.304518
vt 0.989988 1.292982
vt 0.989988 1.315616
vt 0.983239 1.663995
vt 0.990317 1.663995
vt 0.983239 1.677947
vt 0.990317 1.684929
vt 0.969997 1.684917
vt 0.969997 1.677947
vt 0.969997 1.663995
vt 0.983239 1.650054
vt 0.969997 1.650054
vt 0.949990 1.650054
vt 0.969997 1.636102
vt 0.949990 1.636102
vt 0.969997 1.622149
vt 0.949990 1.622149
vt 0.949990 1.615179
vt 0.969997 1.615179
vt 0.983239 1.622149
vt 0.990317 1.615179
vt 0.990317 1.636102
vt 0.983239 1.636102
vt 0.990317 1.650054
vt 0.949990 1.663995
vt 0.949990 1.677947
vt 0.949990 1.684917
vt 0.949990 1.542713
vt 0.969997 1.542713
vt 0.949990 1.556665
vt 0.949990 1.507849
vt 0.969997 1.577588
vt 0.949990 1.400508
vt 0.949990 1.407479
vt 0.949990 1.421431
vt 0.949990 1.435383
vt 0.949990 1.449335
vt 0.949990 1.463276
vt 0.949990 1.470258
vt 0.989985 1.493119
vt 0.989985 1.497852
vt 0.978321 1.493119
vt 0.978321 1.497852
vt 0.989985 1.503440
vt 0.978321 1.503440
vt 0.989985 1.509250
vt 0.978321 1.509250
vt 0.989985 1.516325
vt 0.978321 1.516325
vt 0.989985 1.524106
vt 0.978321 1.524106
vt 0.968706 1.524106
vt 0.968706 1.516325
vt 0.959898 1.516325
vt 0.959898 1.509250
vt 0.949879 1.516325
vt 0.949879 1.509250
vt 0.939052 1.509250
vt 0.939052 1.503440
vt 0.928315 1.503440
vt 0.968706 1.509250
vt 0.968706 1.503440
vt 0.959898 1.503440
vt 0.949879 1.503440
vt 0.939052 1.497852
vt 0.928315 1.497852
vt 0.939052 1.516325
vt 0.928315 1.516325
vt 0.949879 1.497852
vt 0.959898 1.497852
vt 0.968706 1.497852
vt 0.886295 1.497852
vt 0.886295 1.493119
vt 0.896239 1.497852
vt 0.896239 1.493119
vt 0.907260 1.497852
vt 0.907260 1.493119
vt 0.917459 1.497852
vt 0.917459 1.493119
vt 0.928315 1.493119
vt 0.939052 1.493119
vt 0.949879 1.493119
vt 0.959898 1.493119
vt 0.968706 1.493119
vt 0.917459 1.503440
vt 0.907260 1.503440
vt 0.896239 1.503440
vt 0.886295 1.503440
vt 0.874990 1.497852
vt 0.874990 1.503440
vt 0.866122 1.497852
vt 0.866122 1.503440
vt 0.856642 1.497852
vt 0.856642 1.503440
vt 0.847430 1.497852
vt 0.847430 1.503440
vt 0.838712 1.497852
vt 0.829590 1.509250
vt 0.838712 1.516325
vt 0.829590 1.516325
vt 0.838712 1.509250
vt 0.829590 1.503440
vt 0.838712 1.503440
vt 0.829590 1.497852
vt 0.829590 1.493119
vt 0.838712 1.493119
vt 0.847430 1.493119
vt 0.856642 1.493119
vt 0.866122 1.493119
vt 0.874990 1.493119
vt 0.819736 1.493119
vt 0.819736 1.497852
vt 0.790830 1.493119
vt 0.838712 1.524106
vt 0.829590 1.524106
vt 0.847430 1.509250
vt 0.847430 1.516325
vt 0.847430 1.524106
vt 0.847430 1.532147
vt 0.838712 1.532147
vt 0.829590 1.532147
vt 0.819736 1.524106
vt 0.819736 1.532147
vt 0.790830 1.524106
vt 0.790830 1.532147
vt 0.770926 1.524106
vt 0.770926 1.532147
vt 0.790830 1.516325
vt 0.770926 1.516325
vt 0.759995 1.516325
vt 0.759995 1.524106
vt 0.759995 1.509250
vt 0.819736 1.509250
vt 0.819736 1.516325
vt 0.790830 1.509250
vt 0.770926 1.509250
vt 0.759995 1.503440
vt 0.770926 1.503440
vt 0.759995 1.497852
vt 0.770926 1.497852
vt 0.759995 1.493119
vt 0.770926 1.493119
vt 0.790830 1.497852
vt 0.819736 1.503440
vt 0.790830 1.503440
vt 0.856642 1.780116
vt 0.847430 1.780116
vt 0.856642 1.764959
vt 0.847430 1.764959
vt 0.847430 1.795692
vt 0.856642 1.795692
vt 0.866122 1.795692
vt 0.866122 1.780116
vt 0.866122 1.764959
vt 0.874990 1.764959
vt 0.874990 1.780116
vt 0.790830 1.733846
vt 0.819736 1.728314
vt 0.819736 1.733846
vt 0.790830 1.728314
vt 0.770926 1.733846
vt 0.770926 1.728314
vt 0.790830 1.764959
vt 0.770926 1.780116
vt 0.770926 1.764959
vt 0.790830 1.780116
vt 0.819736 1.764959
vt 0.819736 1.780116
vt 0.790830 1.795692
vt 0.819736 1.795692
vt 0.933684 1.722259
vt 0.933684 1.716204
vt 0.939052 1.722259
vt 0.939052 1.716204
vt 0.933684 1.733846
vt 0.928315 1.733846
vt 0.933684 1.728314
vt 0.928315 1.728314
vt 0.928315 1.753340
vt 0.928315 1.742774
vt 0.939052 1.753340
vt 0.939052 1.742774
vt 0.928315 1.795692
vt 0.928315 1.780116
vt 0.939052 1.795692
vt 0.939052 1.780116
vt 0.939052 1.764959
vt 0.928315 1.764959
vt 0.928315 1.842919
vt 0.928315 1.827098
vt 0.939052 1.842919
vt 0.939052 1.827098
vt 0.928315 1.812099
vt 0.939052 1.812099
vt 0.829590 1.602818
vt 0.838712 1.602818
vt 0.838712 1.617856
vt 0.838712 1.587677
vt 0.829590 1.587677
vt 0.829590 1.633163
vt 0.838712 1.633163
vt 0.838712 1.648945
vt 0.829590 1.617856
vt 0.819736 1.617856
vt 0.819736 1.602818
vt 0.819736 1.587677
vt 0.829590 1.573050
vt 0.838712 1.573050
vt 0.829590 1.560094
vt 0.838712 1.560094
vt 0.829590 1.648945
vt 0.819736 1.560094
vt 0.819736 1.573050
vt 0.838712 1.548760
vt 0.829590 1.548760
vt 0.819736 1.548760
vt 0.790830 1.560094
vt 0.790830 1.573050
vt 0.790830 1.587677
vt 0.790830 1.602818
vt 0.790830 1.617856
vt 0.790830 1.633163
vt 0.819736 1.633163
vt 0.819736 1.648945
vt 0.829590 1.664204
vt 0.790830 1.648945
vt 0.790830 1.548760
vt 0.770926 1.602818
vt 0.770926 1.617856
vt 0.770926 1.587677
vt 0.770926 1.573050
vt 0.770926 1.560094
vt 0.770926 1.548760
vt 0.770926 1.677588
vt 0.790830 1.677588
vt 0.770926 1.689484
vt 0.790830 1.689484
vt 0.819736 1.677588
vt 0.819736 1.689484
vt 0.829590 1.689484
vt 0.829590 1.677588
vt 0.819736 1.664204
vt 0.790830 1.664204
vt 0.770926 1.664204
vt 0.770926 1.648945
vt 0.770926 1.633163
vt 0.790830 1.842919
vt 0.819736 1.842919
vt 0.790830 1.860102
vt 0.819736 1.860102
vt 0.770926 1.827098
vt 0.790830 1.827098
vt 0.770926 1.842919
vt 0.819736 1.827098
vt 0.819736 1.812099
vt 0.790830 1.812099
vt 0.949879 1.860102
vt 0.949879 1.842919
vt 0.959898 1.860102
vt 0.959898 1.842919
vt 0.949879 1.827098
vt 0.949879 1.812099
vt 0.959898 1.827098
vt 0.959898 1.812099
vt 0.886295 1.860102
vt 0.886295 1.842919
vt 0.896239 1.860102
vt 0.896239 1.842919
vt 0.886295 1.827098
vt 0.886295 1.812099
vt 0.896239 1.827098
vt 0.896239 1.812099
vt 0.896239 1.742774
vt 0.896239 1.753340
vt 0.886295 1.742774
vt 0.886295 1.753340
vt 0.896239 1.728314
vt 0.896239 1.733846
vt 0.886295 1.728314
vt 0.886295 1.733846
vt 0.847430 1.733846
vt 0.847430 1.728314
vt 0.856642 1.733846
vt 0.856642 1.728314
vt 0.866122 1.733846
vt 0.866122 1.728314
vt 0.874990 1.728314
vt 0.874990 1.733846
vt 0.790830 1.716204
vt 0.770926 1.722259
vt 0.770926 1.716204
vt 0.790830 1.722259
vt 0.819736 1.716204
vt 0.819736 1.722259
vt 0.829590 1.722259
vt 0.829590 1.716204
vt 0.847430 1.753340
vt 0.847430 1.742774
vt 0.856642 1.753340
vt 0.856642 1.742774
vt 0.866122 1.753340
vt 0.866122 1.742774
vt 0.874990 1.753340
vt 0.874990 1.742774
vt 0.933684 1.692887
vt 0.933684 1.696291
vt 0.928315 1.689484
vt 0.928315 1.696291
vt 0.928315 1.548760
vt 0.939052 1.548760
vt 0.928315 1.560094
vt 0.939052 1.560094
vt 0.928315 1.573050
vt 0.939052 1.573050
vt 0.928315 1.587677
vt 0.939052 1.587677
vt 0.928315 1.602818
vt 0.939052 1.602818
vt 0.928315 1.617856
vt 0.939052 1.617856
vt 0.928315 1.633163
vt 0.939052 1.633163
vt 0.928315 1.648945
vt 0.939052 1.648945
vt 0.928315 1.664204
vt 0.939052 1.664204
vt 0.928315 1.677588
vt 0.939052 1.677588
vt 0.939052 1.689484
vt 0.949879 1.795692
vt 0.949879 1.780116
vt 0.959898 1.795692
vt 0.959898 1.780116
vt 0.847430 1.587677
vt 0.856642 1.587677
vt 0.847430 1.602818
vt 0.856642 1.602818
vt 0.856642 1.617856
vt 0.847430 1.560094
vt 0.856642 1.560094
vt 0.847430 1.573050
vt 0.856642 1.548760
vt 0.866122 1.560094
vt 0.866122 1.548760
vt 0.874990 1.548760
vt 0.874990 1.560094
vt 0.874990 1.573050
vt 0.866122 1.573050
vt 0.866122 1.587677
vt 0.856642 1.573050
vt 0.866122 1.602818
vt 0.866122 1.617856
vt 0.866122 1.633163
vt 0.856642 1.633163
vt 0.866122 1.648945
vt 0.847430 1.548760
vt 0.874990 1.587677
vt 0.874990 1.602818
vt 0.874990 1.617856
vt 0.874990 1.633163
vt 0.874990 1.648945
vt 0.874990 1.664204
vt 0.847430 1.617856
vt 0.847430 1.633163
vt 0.856642 1.648945
vt 0.847430 1.648945
vt 0.847430 1.664204
vt 0.856642 1.664204
vt 0.856642 1.677588
vt 0.847430 1.677588
vt 0.847430 1.689484
vt 0.856642 1.689484
vt 0.866122 1.689484
vt 0.866122 1.677588
vt 0.874990 1.689484
vt 0.874990 1.677588
vt 0.866122 1.664204
vt 0.790830 1.742774
vt 0.770926 1.753340
vt 0.770926 1.742774
vt 0.790830 1.753340
vt 0.819736 1.742774
vt 0.819736 1.753340
vt 0.829590 1.753340
vt 0.829590 1.742774
vt 0.886295 1.602818
vt 0.886295 1.587677
vt 0.896239 1.602818
vt 0.896239 1.587677
vt 0.886295 1.689484
vt 0.886295 1.677588
vt 0.896239 1.689484
vt 0.896239 1.677588
vt 0.907260 1.689484
vt 0.907260 1.677588
vt 0.907260 1.664204
vt 0.896239 1.664204
vt 0.896239 1.648945
vt 0.907260 1.648945
vt 0.907260 1.633163
vt 0.896239 1.633163
vt 0.896239 1.617856
vt 0.907260 1.617856
vt 0.907260 1.602818
vt 0.907260 1.587677
vt 0.907260 1.573050
vt 0.917459 1.587677
vt 0.917459 1.677588
vt 0.917459 1.664204
vt 0.917459 1.648945
vt 0.917459 1.633163
vt 0.886295 1.664204
vt 0.886295 1.648945
vt 0.917459 1.617856
vt 0.917459 1.602818
vt 0.886295 1.633163
vt 0.886295 1.617856
vt 0.917459 1.573050
vt 0.907260 1.560094
vt 0.917459 1.560094
vt 0.907260 1.548760
vt 0.917459 1.548760
vt 0.896239 1.548760
vt 0.886295 1.560094
vt 0.886295 1.548760
vt 0.896239 1.560094
vt 0.896239 1.573050
vt 0.886295 1.573050
vt 0.896239 1.696291
vt 0.896239 1.703097
vt 0.886295 1.696291
vt 0.886295 1.703097
vt 0.896239 1.716204
vt 0.896239 1.722259
vt 0.886295 1.716204
vt 0.886295 1.722259
vt 0.847430 1.703097
vt 0.847430 1.696291
vt 0.856642 1.703097
vt 0.856642 1.696291
vt 0.866122 1.703097
vt 0.866122 1.696291
vt 0.874990 1.703097
vt 0.874990 1.696291
vt 0.847430 1.722259
vt 0.847430 1.716204
vt 0.856642 1.722259
vt 0.856642 1.716204
vt 0.866122 1.722259
vt 0.866122 1.716204
vt 0.874990 1.722259
vt 0.874990 1.716204
vt 0.886295 1.795692
vt 0.886295 1.780116
vt 0.896239 1.795692
vt 0.896239 1.780116
vt 0.886295 1.764959
vt 0.896239 1.764959
vt 0.856642 1.842919
vt 0.847430 1.860102
vt 0.847430 1.842919
vt 0.856642 1.860102
vt 0.866122 1.860102
vt 0.866122 1.842919
vt 0.959898 1.524106
vt 0.959898 1.532147
vt 0.949879 1.524106
vt 0.949879 1.532147
vt 0.939052 1.524106
vt 0.928315 1.524106
vt 0.917459 1.524106
vt 0.928315 1.532147
vt 0.917459 1.532147
vt 0.907260 1.524106
vt 0.907260 1.516325
vt 0.896239 1.516325
vt 0.896239 1.509250
vt 0.886295 1.509250
vt 0.874990 1.509250
vt 0.907260 1.509250
vt 0.917459 1.516325
vt 0.928315 1.509250
vt 0.917459 1.509250
vt 0.886295 1.516325
vt 0.874990 1.516325
vt 0.866122 1.509250
vt 0.866122 1.516325
vt 0.856642 1.509250
vt 0.856642 1.516325
vt 0.866122 1.524106
vt 0.856642 1.524106
vt 0.866122 1.532147
vt 0.856642 1.532147
vt 0.896239 1.524106
vt 0.886295 1.524106
vt 0.874990 1.524106
vt 0.874990 1.532147
vt 0.907260 1.532147
vt 0.896239 1.532147
vt 0.886295 1.532147
vt 0.886295 1.987767
vt 0.896239 1.974850
vt 0.896239 1.987767
vt 0.874990 1.974850
vt 0.865883 1.987767
vt 0.866122 1.974850
vt 0.874990 1.987767
vt 0.886295 1.974850
vt 0.896239 1.961158
vt 0.838712 1.987767
vt 0.838712 1.974850
vt 0.847430 1.974850
vt 0.847430 1.961158
vt 0.856642 1.974850
vt 0.856642 1.961158
vt 0.866122 1.961158
vt 0.874990 1.961158
vt 0.886295 1.961158
vt 0.896239 1.950473
vt 0.886295 1.950473
vt 0.896239 1.937239
vt 0.886295 1.937239
vt 0.896239 1.920642
vt 0.886295 1.920642
vt 0.874990 1.920642
vt 0.847430 1.987767
vt 0.856642 1.987767
vt 0.856642 1.950473
vt 0.866122 1.950473
vt 0.847430 1.950473
vt 0.847430 1.937239
vt 0.856642 1.937239
vt 0.866122 1.937239
vt 0.874990 1.950473
vt 0.874990 1.937239
vt 0.866122 1.920642
vt 0.856642 1.920642
vt 0.847430 1.920642
vt 0.838712 1.920642
vt 0.838712 1.937239
vt 0.838712 1.950473
vt 0.838712 1.961158
vt 0.829590 1.961158
vt 0.829590 1.974850
vt 0.829590 1.987767
vt 0.829590 1.950473
vt 0.819736 1.974850
vt 0.819736 1.987767
vt 0.790830 1.974850
vt 0.790830 1.987767
vt 0.770926 1.974850
vt 0.770926 1.987767
vt 0.759995 1.974850
vt 0.759995 1.987767
vt 0.819736 1.961158
vt 0.790830 1.950473
vt 0.770926 1.961158
vt 0.770926 1.950473
vt 0.759995 1.950473
vt 0.759995 1.937239
vt 0.770926 1.937239
vt 0.759995 1.920642
vt 0.770926 1.920642
vt 0.790830 1.920642
vt 0.790830 1.937239
vt 0.819736 1.937239
vt 0.819736 1.950473
vt 0.790830 1.961158
vt 0.759995 1.961158
vt 0.819736 1.920642
vt 0.856642 1.812099
vt 0.847430 1.827098
vt 0.847430 1.812099
vt 0.856642 1.827098
vt 0.866122 1.827098
vt 0.866122 1.812099
vt 0.939052 1.974850
vt 0.949879 1.987767
vt 0.939052 1.987767
vt 0.949879 1.974850
vt 0.939052 1.961158
vt 0.959898 1.987767
vt 0.978321 1.937239
vt 0.968706 1.920642
vt 0.978321 1.920642
vt 0.968706 1.937239
vt 0.978321 1.950473
vt 0.968706 1.950473
vt 0.978321 1.961158
vt 0.968706 1.961158
vt 0.978321 1.974850
vt 0.968706 1.974850
vt 0.978321 1.987767
vt 0.968706 1.987767
vt 0.959898 1.974850
vt 0.949879 1.961158
vt 0.949879 1.950473
vt 0.939052 1.950473
vt 0.949879 1.937239
vt 0.959898 1.961158
vt 0.959898 1.950473
vt 0.959898 1.937239
vt 0.949879 1.920642
vt 0.959898 1.920642
vt 0.939052 1.937239
vt 0.939052 1.920642
vt 0.928315 1.920642
vt 0.928315 1.937239
vt 0.928315 1.950473
vt 0.928315 1.961158
vt 0.928315 1.974850
vt 0.790830 1.893178
vt 0.790830 1.909672
vt 0.770926 1.893178
vt 0.770926 1.909672
vt 0.790830 1.876106
vt 0.770926 1.876106
vt 0.819736 1.876106
vt 0.819736 1.893178
vt 0.819736 1.909672
vt 0.874990 1.893178
vt 0.874990 1.909672
vt 0.866122 1.909672
vt 0.886295 1.909672
vt 0.886295 1.893178
vt 0.856642 1.909672
vt 0.856642 1.893178
vt 0.866122 1.893178
vt 0.866122 1.876106
vt 0.874990 1.876106
vt 0.886295 1.876106
vt 0.896239 1.893178
vt 0.896239 1.876106
vt 0.856642 1.876106
vt 0.847430 1.893178
vt 0.847430 1.876106
vt 0.968706 1.909672
vt 0.968706 1.893178
vt 0.978321 1.909672
vt 0.978321 1.893178
vt 0.978321 1.876106
vt 0.968706 1.876106
vt 0.949879 1.909672
vt 0.949879 1.893178
vt 0.959898 1.909672
vt 0.959898 1.893178
vt 0.949879 1.876106
vt 0.959898 1.876106
vt 0.829590 1.909672
vt 0.829590 1.893178
vt 0.838712 1.909672
vt 0.838712 1.893178
vt 0.928315 1.909672
vt 0.928315 1.893178
vt 0.939052 1.909672
vt 0.939052 1.893178
vt 0.939052 1.876106
vt 0.928315 1.876106
vt 0.790830 1.696291
vt 0.770926 1.703097
vt 0.770926 1.696291
vt 0.790830 1.703097
vt 0.819736 1.696291
vt 0.819736 1.703097
vt 0.829590 1.696291
vt 0.829590 1.703097
vt 0.989985 1.994376
vt 0.978321 1.994376
vt 0.989985 1.987767
vt 0.989985 1.860102
vt 0.989985 1.876106
vt 0.989985 1.893178
vt 0.989985 1.909672
vt 0.989985 1.920642
vt 0.989985 1.937239
vt 0.989985 1.950473
vt 0.989985 1.961158
vt 0.989985 1.974850
vt 0.917459 1.812099
vt 0.917459 1.827098
vt 0.917459 1.842919
vt 0.928315 1.860102
vt 0.917459 1.860102
vt 0.939052 1.860102
vt 0.917459 1.876106
vt 0.907260 1.860102
vt 0.907260 1.842919
vt 0.907260 1.827098
vt 0.907260 1.812099
vt 0.917459 1.795692
vt 0.917459 1.780116
vt 0.917459 1.764959
vt 0.922887 1.753340
vt 0.907260 1.764959
vt 0.907260 1.780116
vt 0.907260 1.795692
vt 0.907260 1.753340
vt 0.907260 1.876106
vt 0.917459 1.893178
vt 0.939052 1.733846
vt 0.907260 1.742774
vt 0.917459 1.753340
vt 0.978321 1.764959
vt 0.968706 1.764959
vt 0.968706 1.753340
vt 0.959898 1.753340
vt 0.959898 1.742774
vt 0.954888 1.742774
vt 0.954888 1.733846
vt 0.949879 1.742774
vt 0.949879 1.733846
vt 0.944466 1.733846
vt 0.944466 1.728314
vt 0.939052 1.728314
vt 0.939052 1.725290
vt 0.933684 1.725290
vt 0.928315 1.722259
vt 0.928315 1.716204
vt 0.978321 1.753340
vt 0.944466 1.725290
vt 0.959898 1.733846
vt 0.968706 1.733846
vt 0.968706 1.742774
vt 0.978321 1.733846
vt 0.925609 1.716204
vt 0.928315 1.709651
vt 0.925609 1.722259
vt 0.928315 1.725290
vt 0.922887 1.716204
vt 0.978321 1.742774
vt 0.989985 1.733846
vt 0.989985 1.742774
vt 0.989985 1.753340
vt 0.989985 1.764959
vt 0.978321 1.780116
vt 0.989985 1.780116
vt 0.989985 1.795692
vt 0.907260 1.728314
vt 0.907260 1.722259
vt 0.917459 1.722259
vt 0.907260 1.716204
vt 0.917459 1.716204
vt 0.922887 1.722259
vt 0.925549 1.725290
vt 0.922887 1.728314
vt 0.922887 1.733846
vt 0.922887 1.742774
vt 0.917459 1.728314
vt 0.917459 1.733846
vt 0.907260 1.733846
vt 0.917459 1.742774
vt 0.838712 1.733846
vt 0.838712 1.728314
vt 0.838712 1.722259
vt 0.838712 1.716204
vt 0.759995 1.709651
vt 0.759995 1.716204
vt 0.759995 1.722259
vt 0.829590 1.728314
vt 0.829590 1.733846
vt 0.838712 1.742774
vt 0.838712 1.753340
vt 0.829590 1.860102
vt 0.829590 1.842919
vt 0.829590 1.827098
vt 0.829590 1.812099
vt 0.829590 1.795692
vt 0.829590 1.780116
vt 0.829590 1.764959
vt 0.838712 1.764959
vt 0.838712 1.780116
vt 0.838712 1.795692
vt 0.838712 1.812099
vt 0.838712 1.827098
vt 0.838712 1.842919
vt 0.838712 1.860102
vt 0.874990 1.842919
vt 0.874990 1.860102
vt 0.874990 1.827098
vt 0.874990 1.812099
vt 0.874990 1.795692
vt 0.907260 1.893178
vt 0.896239 1.909672
vt 0.907260 1.909672
vt 0.907260 1.920642
vt 0.907260 1.937239
vt 0.907260 1.950473
vt 0.907260 1.961158
vt 0.907260 1.974850
vt 0.907260 1.987767
vt 0.917459 1.987767
vt 0.917459 1.974850
vt 0.917459 1.961158
vt 0.917459 1.950473
vt 0.917459 1.937239
vt 0.917459 1.920642
vt 0.917459 1.909672
vt 0.928315 1.987767
vt 0.917459 1.994376
vt 0.907260 1.994376
vt 0.896239 1.994376
vt 0.928315 1.994376
vt 0.939052 1.994376
vt 0.968706 1.994376
vt 0.959898 1.994376
vt 0.949879 1.994376
vt 0.886295 1.994376
vt 0.874990 1.994376
vt 0.868261 1.994376
vt 0.866122 1.994376
vt 0.856642 1.994376
vt 0.847430 1.994376
vt 0.838712 1.994376
vt 0.829590 1.994376
vt 0.819736 1.994376
vt 0.790830 1.994376
vt 0.770926 1.994376
vt 0.759995 1.994376
vt 0.759995 1.728314
vt 0.759995 1.733846
vt 0.759995 1.742774
vt 0.759995 1.753340
vt 0.759995 1.764959
vt 0.759995 1.780116
vt 0.759995 1.795692
vt 0.770926 1.795692
vt 0.759995 1.812099
vt 0.770926 1.812099
vt 0.759995 1.827098
vt 0.759995 1.842919
vt 0.770926 1.860102
vt 0.759995 1.860102
vt 0.829590 1.876106
vt 0.838712 1.876106
vt 0.759995 1.876106
vt 0.759995 1.893178
vt 0.759995 1.909672
vt 0.829590 1.920642
vt 0.847430 1.909672
vt 0.829590 1.937239
vt 0.874990 1.540426
vt 0.866122 1.540426
vt 0.856642 1.540426
vt 0.847430 1.540426
vt 0.838712 1.540426
vt 0.829590 1.540426
vt 0.819736 1.540426
vt 0.896239 1.540426
vt 0.886295 1.540426
vt 0.907260 1.540426
vt 0.978321 1.573050
vt 0.968706 1.573050
vt 0.968706 1.560094
vt 0.959898 1.560094
vt 0.968706 1.548760
vt 0.959898 1.548760
vt 0.959898 1.540426
vt 0.949879 1.540426
vt 0.939052 1.540426
vt 0.939052 1.532147
vt 0.928315 1.540426
vt 0.917459 1.540426
vt 0.949879 1.548760
vt 0.949879 1.560094
vt 0.959898 1.573050
vt 0.959898 1.587677
vt 0.968706 1.587677
vt 0.949879 1.573050
vt 0.949879 1.587677
vt 0.949879 1.602818
vt 0.949879 1.677588
vt 0.949879 1.664204
vt 0.949879 1.648945
vt 0.949879 1.633163
vt 0.949879 1.617856
vt 0.959898 1.602818
vt 0.968706 1.602818
vt 0.978321 1.602818
vt 0.978321 1.587677
vt 0.959898 1.617856
vt 0.959898 1.633163
vt 0.968706 1.617856
vt 0.968706 1.633163
vt 0.959898 1.648945
vt 0.959898 1.664204
vt 0.978321 1.617856
vt 0.989985 1.602818
vt 0.978321 1.633163
vt 0.968706 1.648945
vt 0.968706 1.664204
vt 0.959898 1.677588
vt 0.949879 1.689484
vt 0.939052 1.692887
vt 0.939052 1.696291
vt 0.933684 1.703097
vt 0.939052 1.703097
vt 0.933684 1.709651
vt 0.928315 1.706374
vt 0.933684 1.706374
vt 0.939052 1.706374
vt 0.944466 1.703097
vt 0.944466 1.696291
vt 0.944495 1.692887
vt 0.949879 1.696291
vt 0.949879 1.703097
vt 0.949879 1.706374
vt 0.944466 1.706374
vt 0.954888 1.703097
vt 0.952286 1.706374
vt 0.952391 1.709651
vt 0.949879 1.709651
vt 0.944466 1.709651
vt 0.939052 1.709651
vt 0.954888 1.709651
vt 0.959898 1.709651
vt 0.959898 1.703097
vt 0.968706 1.709651
vt 0.968706 1.703097
vt 0.978321 1.709651
vt 0.978321 1.703097
vt 0.978321 1.696291
vt 0.968706 1.696291
vt 0.968706 1.689484
vt 0.959898 1.689484
vt 0.954888 1.689484
vt 0.954888 1.696291
vt 0.959898 1.696291
vt 0.968706 1.677588
vt 0.978321 1.689484
vt 0.989985 1.703097
vt 0.989985 1.696291
vt 0.989985 1.689484
vt 0.978321 1.677588
vt 0.978321 1.664204
vt 0.978321 1.648945
vt 0.989985 1.633163
vt 0.989985 1.617856
vt 0.989985 1.677588
vt 0.989985 1.664204
vt 0.989985 1.648945
vt 0.989985 1.532147
vt 0.978321 1.532147
vt 0.968706 1.532147
vt 0.968706 1.540426
vt 0.978321 1.548760
vt 0.978321 1.560094
vt 0.989985 1.573050
vt 0.989985 1.587677
vt 0.989985 1.540426
vt 0.978321 1.540426
vt 0.989985 1.548760
vt 0.989985 1.560094
vt 0.847430 1.709651
vt 0.838712 1.709651
vt 0.856642 1.709651
vt 0.866122 1.709651
vt 0.874990 1.709651
vt 0.829590 1.709651
vt 0.819736 1.709651
vt 0.790830 1.709651
vt 0.770926 1.709651
vt 0.759995 1.648945
vt 0.759995 1.664204
vt 0.759995 1.677588
vt 0.759995 1.689484
vt 0.759995 1.696291
vt 0.759995 1.703097
vt 0.838712 1.703097
vt 0.838712 1.696291
vt 0.838712 1.689484
vt 0.838712 1.677588
vt 0.838712 1.664204
vt 0.886295 1.709651
vt 0.896239 1.709651
vt 0.907260 1.709651
vt 0.907260 1.703097
vt 0.917459 1.709651
vt 0.907260 1.696291
vt 0.928315 1.703097
vt 0.925594 1.706374
vt 0.925609 1.709651
vt 0.922887 1.709651
vt 0.917459 1.689484
vt 0.922887 1.689484
vt 0.922887 1.696291
vt 0.922887 1.703097
vt 0.917459 1.703097
vt 0.917459 1.696291
vt 0.944466 1.737859
vt 0.939052 1.737859
vt 0.933714 1.737859
vt 0.949879 1.753340
vt 0.954888 1.753340
vt 0.949879 1.764959
vt 0.959898 1.764959
vt 0.968706 1.780116
vt 0.968706 1.795692
vt 0.968706 1.812099
vt 0.968706 1.827098
vt 0.968706 1.842919
vt 0.968706 1.860102
vt 0.978321 1.860102
vt 0.978321 1.842919
vt 0.978321 1.827098
vt 0.978321 1.812099
vt 0.978321 1.795692
vt 0.989985 1.842919
vt 0.989985 1.827098
vt 0.989985 1.812099
vt 0.886295 1.484405
vt 0.896254 1.484405
vt 0.907260 1.484405
vt 0.917474 1.484405
vt 0.928315 1.484405
vt 0.939052 1.484405
vt 0.949879 1.484405
vt 0.959898 1.484405
vt 0.968706 1.484405
vt 0.978306 1.484405
vt 0.989985 1.484405
vt 0.959898 1.475691
vt 0.968706 1.475691
vt 0.978306 1.475691
vt 0.989985 1.475691
vt 0.866122 1.484405
vt 0.866122 1.475691
vt 0.874990 1.484405
vt 0.874990 1.475691
vt 0.886295 1.475691
vt 0.896254 1.475691
vt 0.907260 1.475691
vt 0.917459 1.475691
vt 0.928330 1.475691
vt 0.939052 1.475691
vt 0.949879 1.475691
vt 0.770926 1.484405
vt 0.790830 1.484405
vt 0.819736 1.484405
vt 0.829590 1.484405
vt 0.838712 1.484405
vt 0.847430 1.484405
vt 0.856642 1.484405
vt 0.759995 1.484405
vt 0.759995 1.475691
vt 0.770926 1.475691
vt 0.790830 1.475691
vt 0.819736 1.475691
vt 0.829590 1.475691
vt 0.838712 1.475691
vt 0.847430 1.475691
vt 0.856642 1.475691
vt 0.944466 1.716204
vt 0.949879 1.716204
vt 0.952391 1.716204
vt 0.954888 1.716204
vt 0.959898 1.716204
vt 0.968706 1.716204
vt 0.978321 1.716204
vt 0.989985 1.716204
vt 0.989985 1.709651
vt 0.954888 1.722259
vt 0.952391 1.722259
vt 0.949879 1.722259
vt 0.944466 1.722259
vt 0.949879 1.725290
vt 0.952331 1.725290
vt 0.949879 1.728314
vt 0.954888 1.728314
vt 0.959898 1.722259
vt 0.968706 1.722259
vt 0.978321 1.722259
vt 0.989985 1.722259
vt 0.959898 1.728314
vt 0.968706 1.728314
vt 0.978321 1.728314
vt 0.989985 1.728314
vt 0.709900 1.933970
vt 0.712038 1.951747
vt 0.703440 1.936060
vt 0.697593 1.939883
vt 0.693092 1.948439
vt 0.692733 1.957865
vt 0.696037 1.963516
vt 0.700494 1.967695
vt 0.690744 1.967806
vt 0.696456 1.973370
vt 0.704157 1.977224
vt 0.706056 1.970814
vt 0.710408 1.970196
vt 0.714490 1.970521
vt 0.720128 1.968906
vt 0.724838 1.964379
vt 0.729414 1.958443
vt 0.731882 1.952230
vt 0.732360 1.947417
vt 0.731254 1.943959
vt 0.727635 1.938901
vt 0.723523 1.935221
vt 0.719246 1.933013
vt 0.715477 1.932696
vt 0.710318 1.978910
vt 0.715283 1.977557
vt 0.722894 1.974771
vt 0.729818 1.969460
vt 0.735336 1.961822
vt 0.738551 1.953749
vt 0.739075 1.946658
vt 0.737475 1.941078
vt 0.732779 1.934113
vt 0.727201 1.929388
vt 0.720936 1.926467
vt 0.715089 1.925826
vt 0.708180 1.927100
vt 0.700793 1.929783
vt 0.693181 1.935007
vt 0.686631 1.946594
vt 0.686392 1.959464
vt 0.759995 1.532147
vt 0.790830 1.540426
vt 0.770926 1.540426
vt 0.759995 1.540426
vt 0.759995 1.548760
vt 0.759995 1.560094
vt 0.759995 1.573050
vt 0.759995 1.587677
vt 0.759995 1.602818
vt 0.759995 1.617856
vt 0.759995 1.633163
vt 0.656288 1.051588
vt 0.658175 1.052695
vt 0.653666 1.061771
vt 0.664907 1.045906
vt 0.663797 1.044015
vt 0.674871 1.082190
vt 0.674861 1.081583
vt 0.685620 1.079154
vt 0.664389 1.079088
vt 0.664029 1.079608
vt 0.656629 1.071838
vt 0.655998 1.072101
vt 0.655823 1.061824
vt 0.674524 1.061637
vt 0.674216 1.043275
vt 0.674179 1.041082
vt 0.683605 1.045511
vt 0.684653 1.043576
vt 0.690561 1.052014
vt 0.692411 1.050826
vt 0.693220 1.061039
vt 0.695376 1.060894
vt 0.690867 1.070168
vt 0.692752 1.071077
vt 0.684135 1.076957
vt 0.685243 1.078650
vt 0.674827 1.079588
vt 0.665437 1.077352
vt 0.658481 1.070849
vt 0.652928 1.061681
vt 0.655645 1.051137
vt 0.663418 1.043296
vt 0.674167 1.040262
vt 0.685008 1.042842
vt 0.693040 1.050349
vt 0.696110 1.060773
vt 0.693393 1.071314
vt 0.686005 1.156812
vt 0.685491 1.155751
vt 0.697620 1.145955
vt 0.696709 1.145263
vt 0.702060 1.130884
vt 0.700996 1.130706
vt 0.698130 1.115636
vt 0.697204 1.115979
vt 0.686888 1.104296
vt 0.686344 1.105027
vt 0.671345 1.099906
vt 0.671329 1.100785
vt 0.655664 1.103641
vt 0.656182 1.104392
vt 0.644049 1.114498
vt 0.644962 1.114879
vt 0.639609 1.129568
vt 0.640675 1.129438
vt 0.643539 1.144815
vt 0.644469 1.144164
vt 0.683976 1.152952
vt 0.694036 1.143551
vt 0.654779 1.156155
vt 0.655329 1.155118
vt 0.670325 1.160547
vt 0.670342 1.159357
vt 0.670396 1.156184
vt 0.670841 1.129910
vt 0.697880 1.130495
vt 0.694479 1.117291
vt 0.684742 1.107473
vt 0.671279 1.103670
vt 0.657701 1.106904
vt 0.647641 1.116305
vt 0.643797 1.129359
vt 0.647198 1.142563
vt 0.656935 1.152383
s 1
g pinky_c_l
g BrazoDer_mt_skin1
usemtl mt_skin1
f 1/1/1 2/2/2 3/3/3
s 2
f 1/1/4 4/3/5 5/4/6
f 6/5/7 5/4/6 4/3/5
s 3
f 5/4/8 7/5/9 8/6/10
f 9/7/11 8/6/10 7/5/9
f 8/6/10 9/7/11 10/8/12
f 11/9/13 10/8/12 9/7/11
s 4
f 10/8/14 12/9/13 13/10/15
f 13/10/15 12/9/13 14/11/16
s 5
f 14/11/17 15/12/18 16/10/19
f 17/13/20 16/10/19 15/12/18
f 16/10/19 17/13/20 18/8/21
f 19/14/22 18/8/21 17/13/20
f 18/8/21 19/14/22 20/6/10
f 21/15/23 20/6/10 19/14/22
f 20/6/10 21/15/23 22/16/24
f 23/17/25 22/16/24 21/15/23
f 24/18/26 22/16/24 23/17/25
f 25/19/27 22/16/24 24/18/26
f 22/16/24 25/19/27 26/20/28
f 27/2/29 26/20/28 25/19/27
f 28/1/30 26/20/28 27/2/29
f 26/20/28 28/1/30 22/16/24
f 29/4/31 22/16/24 28/1/30
f 22/16/24 29/4/31 20/6/10
f 30/21/32 27/2/29 25/19/27
f 31/22/33 15/12/18 32/23/34
f 15/12/18 31/22/33 17/13/20
f 33/24/35 17/13/20 31/22/33
f 17/13/20 33/24/35 19/14/22
f 23/17/25 19/14/22 33/24/35
f 19/14/22 23/17/25 21/15/23
s 6
g wrist_l
f 34/25/36 35/26/37 36/27/38
f 35/26/37 34/25/36 37/28/39
f 38/29/40 37/28/39 34/25/36
f 37/28/39 39/30/41 40/31/42
f 39/30/41 37/28/39 41/32/43
f 38/29/40 41/32/43 37/28/39
f 41/32/43 38/29/40 42/33/44
f 34/25/36 42/33/44 38/29/40
f 42/33/44 34/25/36 43/34/45
g middle_a_l
f 44/35/46 45/36/47 46/37/48
f 47/38/49 46/37/48 45/36/47
f 46/37/48 47/38/49 48/39/50
f 49/40/51 48/39/50 47/38/49
f 48/39/50 49/40/51 50/41/52
f 51/42/53 50/41/52 49/40/51
f 50/41/52 51/42/53 52/43/54
f 40/31/42 52/43/54 51/42/53
f 52/43/54 40/31/42 53/44/55
g wrist_l
f 39/30/41 53/44/55 40/31/42
f 53/44/55 39/30/41 54/45/56
f 41/32/43 54/45/56 39/30/41
f 54/45/56 41/32/43 55/46/57
f 42/33/44 55/46/57 41/32/43
f 55/46/57 42/33/44 56/47/58
f 43/34/45 56/47/58 42/33/44
f 56/47/58 43/34/45 57/48/59
f 57/48/59 43/34/45 58/49/60
f 59/50/61 51/42/53 49/40/51
g middle_a_l
f 50/41/52 60/51/62 48/39/50
f 60/51/62 50/41/52 61/52/63
f 61/52/63 50/41/52 62/53/64
f 62/53/64 50/41/52 52/43/54
f 63/54/65 44/35/46 64/55/66
f 46/37/48 64/55/66 44/35/46
f 64/55/66 46/37/48 65/56/67
f 48/39/50 65/56/67 46/37/48
f 65/56/67 48/39/50 66/57/68
f 60/51/62 66/57/68 48/39/50
f 66/57/68 60/51/62 67/58/69
f 61/52/63 67/58/69 60/51/62
f 67/58/69 61/52/63 68/59/70
f 68/59/70 61/52/63 69/60/71
f 62/53/64 69/60/71 61/52/63
f 69/60/71 62/53/64 70/61/72
f 52/43/54 70/61/72 62/53/64
f 70/61/72 52/43/54 71/62/73
f 53/44/55 71/62/73 52/43/54
f 71/62/73 53/44/55 72/63/74
g index_a_l
f 73/64/75 72/63/74 53/44/55
f 72/63/74 73/64/75 74/65/76
g middle_a_l
f 67/58/69 75/66/77 66/57/68
f 75/66/77 67/58/69 76/67/78
f 68/59/70 76/67/78 67/58/69
f 76/67/78 77/68/79 75/66/77
g middle_b_l
f 78/69/80 79/70/81 80/71/82
f 79/70/81 78/69/80 77/68/79
f 81/72/83 77/68/79 78/69/80
g middle_a_l
f 77/68/79 81/72/83 75/66/77
f 82/73/84 75/66/77 81/72/83
f 75/66/77 82/73/84 66/57/68
f 66/57/68 82/73/84 65/56/67
f 83/74/85 65/56/67 82/73/84
f 65/56/67 83/74/85 64/55/66
g middle_b_l
f 80/71/82 84/75/86 85/76/87
f 85/76/87 86/77/88 87/78/89
f 86/77/88 85/76/87 88/79/90
f 84/75/86 88/79/90 85/76/87
f 88/79/90 84/75/86 89/80/91
f 80/71/82 85/76/87 78/69/80
f 87/78/89 78/69/80 85/76/87
f 78/69/80 87/78/89 81/72/83
f 90/81/92 81/72/83 87/78/89
g middle_a_l
f 81/72/83 90/81/92 82/73/84
f 91/82/93 82/73/84 90/81/92
f 82/73/84 91/82/93 83/74/85
f 92/83/94 83/74/85 91/82/93
f 83/74/85 92/83/94 64/55/66
f 64/55/66 92/83/94 63/54/65
f 63/54/65 92/83/94 93/84/95
f 93/84/95 92/83/94 94/85/96
f 94/85/96 92/83/94 95/86/97
f 91/82/93 95/86/97 92/83/94
g middle_b_l
f 95/86/97 91/82/93 96/87/98
f 90/81/92 96/87/98 91/82/93
f 87/78/89 96/87/98 90/81/92
f 96/87/98 87/78/89 86/77/88
f 97/88/99 89/80/91 98/89/100
f 89/80/91 97/88/99 88/79/90
f 99/90/101 88/79/90 97/88/99
f 88/79/90 99/90/101 86/77/88
f 100/91/102 86/77/88 99/90/101
f 86/77/88 100/91/102 96/87/98
f 101/92/103 96/87/98 100/91/102
f 96/87/98 101/92/103 95/86/97
f 102/93/104 95/86/97 101/92/103
f 95/86/97 102/93/104 94/85/96
f 103/94/105 94/85/96 102/93/104
f 104/95/106 94/85/96 103/94/105
g middle_a_l
f 105/96/107 94/85/96 104/95/106
f 94/85/96 105/96/107 93/84/95
f 106/97/108 93/84/95 105/96/107
f 93/84/95 106/97/108 63/54/65
f 107/98/109 63/54/65 106/97/108
f 63/54/65 107/98/109 44/35/46
g middle_c_l
f 108/99/110 109/100/111 110/101/112
f 111/102/113 110/101/112 109/100/111
f 110/101/112 111/102/113 112/103/114
f 113/104/115 112/103/114 111/102/113
g middle_b_l
f 112/103/114 113/104/115 114/105/116
f 115/106/117 114/105/116 113/104/115
f 114/105/116 115/106/117 116/107/118
f 117/108/119 116/107/118 115/106/117
f 118/109/120 116/107/118 117/108/119
f 116/107/118 118/109/120 119/110/121
f 103/94/105 119/110/121 118/109/120
f 102/93/104 119/110/121 103/94/105
f 119/110/121 102/93/104 120/111/122
f 101/92/103 120/111/122 102/93/104
f 100/91/102 120/111/122 101/92/103
f 120/111/122 100/91/102 121/112/123
f 99/90/101 121/112/123 100/91/102
f 121/112/123 99/90/101 122/113/124
f 97/88/99 122/113/124 99/90/101
f 122/113/124 97/88/99 123/114/125
f 98/89/100 123/114/125 97/88/99
f 114/105/116 124/115/126 125/116/127
f 116/107/118 124/115/126 114/105/116
f 119/110/121 124/115/126 116/107/118
f 120/111/122 124/115/126 119/110/121
f 121/112/123 124/115/126 120/111/122
f 124/115/126 121/112/123 125/116/127
f 122/113/124 125/116/127 121/112/123
f 125/116/127 122/113/124 126/117/128
f 123/114/125 126/117/128 122/113/124
g middle_c_l
f 127/118/129 126/117/128 123/114/125
f 126/117/128 127/118/129 112/103/114
f 112/103/114 127/118/129 110/101/112
f 110/101/112 127/118/129 108/99/110
f 128/119/130 108/99/110 127/118/129
g middle_b_l
f 112/103/114 114/105/116 126/117/128
f 125/116/127 126/117/128 114/105/116
g middle_c_l
f 129/120/131 130/121/132 131/122/133
f 132/123/134 130/121/132 129/120/131
f 130/121/132 132/123/134 133/124/135
f 109/100/111 133/124/135 132/123/134
f 133/124/135 109/100/111 134/125/136
f 108/99/110 134/125/136 109/100/111
f 134/125/136 108/99/110 135/126/137
f 135/126/137 108/99/110 136/127/138
f 128/119/130 136/127/138 108/99/110
f 136/127/138 128/119/130 137/128/139
f 127/118/129 137/128/139 128/119/130
f 137/128/139 127/118/129 138/129/140
f 123/114/125 138/129/140 127/118/129
f 138/129/140 123/114/125 139/130/141
f 98/89/100 139/130/141 123/114/125
f 139/130/141 98/89/100 140/131/142
f 140/131/142 98/89/100 141/132/143
g middle_b_l
f 141/132/143 98/89/100 89/80/91
g middle_c_l
f 140/131/142 142/133/144 139/130/141
f 143/134/145 139/130/141 142/133/144
f 144/135/146 139/130/141 143/134/145
f 139/130/141 144/135/146 138/129/140
f 138/129/140 144/135/146 137/128/139
f 145/136/147 137/128/139 144/135/146
f 137/128/139 145/136/147 136/127/138
f 145/136/147 144/135/146 146/137/148
f 146/137/148 144/135/146 147/138/149
f 148/139/150 147/138/149 144/135/146
f 147/138/149 148/139/150 149/140/151
f 150/141/152 149/140/151 148/139/150
f 149/140/151 150/141/152 151/142/153
f 151/142/153 150/141/152 152/143/154
f 153/144/155 152/143/154 150/141/152
f 152/143/154 153/144/155 154/145/156
f 155/146/157 154/145/156 153/144/155
f 154/145/156 155/146/157 156/147/158
f 157/148/159 156/147/158 155/146/157
f 156/147/158 157/148/159 158/149/160
f 159/150/161 158/149/160 157/148/159
f 158/149/160 159/150/161 160/151/162
f 161/152/163 160/151/162 159/150/161
f 160/151/162 161/152/163 130/121/132
f 131/122/133 130/121/132 161/152/163
f 150/141/152 162/153/164 153/144/155
f 162/153/164 150/141/152 163/154/165
f 148/139/150 163/154/165 150/141/152
f 151/142/153 152/143/154 164/155/166
f 154/145/156 164/155/166 152/143/154
f 164/155/166 154/145/156 165/156/167
f 156/147/158 165/156/167 154/145/156
f 165/156/167 156/147/158 166/157/168
f 158/149/160 166/157/168 156/147/158
f 166/157/168 158/149/160 167/158/169
f 160/151/162 167/158/169 158/149/160
f 167/158/169 160/151/162 168/159/170
f 130/121/132 168/159/170 160/151/162
f 168/159/170 130/121/132 133/124/135
s 7
g pinky_c_l
f 169/160/171 170/161/172 171/162/173
f 170/161/172 169/160/171 172/163/174
g pinky_b_l
f 173/164/175 174/165/176 175/166/177
f 174/165/176 173/164/175 176/167/178
f 177/168/179 176/167/178 173/164/175
f 176/167/178 177/168/179 178/169/180
f 179/170/181 178/169/180 177/168/179
f 178/169/180 179/170/181 180/171/182
g pinky_c_l
f 181/172/183 180/171/182 179/170/181
f 180/171/182 181/172/183 182/173/184
f 183/174/185 182/173/184 181/172/183
f 184/175/186 182/173/184 183/174/185
f 171/162/173 182/173/184 184/175/186
f 182/173/184 171/162/173 185/176/187
f 170/161/172 185/176/187 171/162/173
f 185/176/187 170/161/172 186/177/188
f 187/178/189 186/177/188 170/161/172
f 185/176/187 186/177/188 182/173/184
f 182/173/184 186/177/188 180/171/182
g pinky_b_l
f 178/169/180 180/171/182 186/177/188
f 188/179/190 189/180/191 190/181/192
f 189/180/191 188/179/190 191/182/193
f 192/183/194 191/182/193 188/179/190
g pinky_c_l
f 191/182/193 192/183/194 193/184/195
f 194/185/196 193/184/195 192/183/194
f 193/184/195 194/185/196 195/186/197
f 195/186/197 194/185/196 172/163/174
f 196/187/198 172/163/174 194/185/196
f 172/163/174 196/187/198 170/161/172
f 197/188/199 170/161/172 196/187/198
f 170/161/172 197/188/199 187/178/189
g pinky_b_l
f 198/189/200 187/178/189 197/188/199
f 187/178/189 198/189/200 186/177/188
f 199/190/201 186/177/188 198/189/200
f 186/177/188 199/190/201 178/169/180
f 200/191/202 178/169/180 199/190/201
f 178/169/180 200/191/202 176/167/178
f 201/192/203 176/167/178 200/191/202
f 198/189/200 200/191/202 199/190/201
f 197/188/199 188/179/190 202/193/204
f 188/179/190 197/188/199 192/183/194
g pinky_c_l
f 192/183/194 197/188/199 194/185/196
f 196/187/198 194/185/196 197/188/199
f 203/194/205 193/184/195 195/186/197
g pinky_b_l
f 204/195/206 201/192/203 205/196/207
f 206/197/208 207/198/209 208/199/210
f 209/200/211 208/199/210 207/198/209
f 210/201/212 208/199/210 209/200/211
f 208/199/210 210/201/212 198/189/200
f 198/189/200 210/201/212 200/191/202
f 211/202/213 200/191/202 210/201/212
f 200/191/202 211/202/213 201/192/203
f 212/203/214 201/192/203 211/202/213
f 201/192/203 212/203/214 205/196/207
f 213/204/215 205/196/207 212/203/214
f 214/205/216 205/196/207 213/204/215
f 205/196/207 214/205/216 204/195/206
f 204/195/206 214/205/216 215/206/217
g pinky_a_l_jo
f 216/207/218 215/206/217 214/205/216
g pinky_b_l
f 211/202/213 209/200/211 212/203/214
f 209/200/211 211/202/213 210/201/212
f 197/188/199 202/193/204 198/189/200
f 198/189/200 202/193/204 208/199/210
f 188/179/190 208/199/210 202/193/204
f 208/199/210 188/179/190 206/197/208
f 190/181/192 206/197/208 188/179/190
f 217/208/219 206/197/208 190/181/192
f 206/197/208 217/208/219 207/198/209
f 218/209/220 207/198/209 217/208/219
f 207/198/209 218/209/220 209/200/211
f 219/210/221 209/200/211 218/209/220
f 209/200/211 219/210/221 212/203/214
f 220/211/222 212/203/214 219/210/221
f 212/203/214 220/211/222 213/204/215
g pinky_a_l_jo
f 221/212/223 213/204/215 220/211/222
f 213/204/215 221/212/223 214/205/216
f 222/213/224 214/205/216 221/212/223
f 214/205/216 222/213/224 216/207/218
f 223/214/225 216/207/218 222/213/224
f 221/212/223 223/214/225 222/213/224
f 221/212/223 220/211/222 224/215/226
g pinky_b_l
f 218/209/220 225/216/227 226/217/228
f 225/216/227 218/209/220 217/208/219
g pinky_a_l_jo
f 220/211/222 227/218/229 224/215/226
f 228/219/230 224/215/226 227/218/229
f 224/215/226 228/219/230 221/212/223
f 229/220/231 221/212/223 228/219/230
f 221/212/223 229/220/231 223/214/225
f 230/221/232 223/214/225 229/220/231
f 223/214/225 230/221/232 231/222/233
f 230/221/232 229/220/231 232/223/234
f 228/219/230 232/223/234 229/220/231
f 232/223/234 228/219/230 233/224/235
f 233/224/235 228/219/230 234/225/236
f 227/218/229 234/225/236 228/219/230
f 235/226/237 231/222/233 236/227/238
f 230/221/232 236/227/238 231/222/233
f 236/227/238 230/221/232 237/228/239
f 232/223/234 237/228/239 230/221/232
f 237/228/239 232/223/234 238/229/240
f 233/224/235 238/229/240 232/223/234
f 238/229/240 233/224/235 239/230/241
f 239/230/241 233/224/235 240/231/242
f 234/225/236 240/231/242 233/224/235
f 240/231/242 234/225/236 241/232/243
f 227/218/229 241/232/243 234/225/236
f 241/232/243 227/218/229 242/233/244
f 242/233/244 227/218/229 226/217/228
f 243/234/245 226/217/228 227/218/229
g pinky_b_l
f 226/217/228 243/234/245 218/209/220
f 218/209/220 243/234/245 219/210/221
f 219/210/221 243/234/245 220/211/222
g pinky_a_l_jo
f 227/218/229 220/211/222 243/234/245
f 236/227/238 244/235/246 235/226/237
f 245/236/247 246/237/248 247/238/249
f 247/238/249 246/237/248 239/230/241
f 239/230/241 246/237/248 238/229/240
f 248/239/250 238/229/240 246/237/248
f 238/229/240 248/239/250 237/228/239
f 237/228/239 248/239/250 236/227/238
f 249/240/251 236/227/238 248/239/250
f 236/227/238 249/240/251 244/235/246
f 250/241/252 244/235/246 249/240/251
f 244/235/246 250/241/252 251/242/253
f 252/243/254 251/242/253 250/241/252
f 249/240/251 248/239/250 250/241/252
f 216/207/218 223/214/225 253/244/255
f 231/222/233 253/244/255 223/214/225
f 253/244/255 231/222/233 254/245/256
f 235/226/237 254/245/256 231/222/233
f 254/245/256 235/226/237 255/246/257
f 255/246/257 235/226/237 256/247/258
f 244/235/246 256/247/258 235/226/237
f 256/247/258 244/235/246 257/248/259
f 251/242/253 257/248/259 244/235/246
f 257/248/259 251/242/253 258/249/260
f 252/243/254 258/249/260 251/242/253
g pinky_l_jo
f 258/249/260 252/243/254 259/250/261
f 259/250/261 252/243/254 260/251/262
f 250/241/252 260/251/262 252/243/254
g pinky_a_l_jo
f 260/251/262 250/241/252 261/252/263
f 248/239/250 261/252/263 250/241/252
f 261/252/263 248/239/250 262/253/264
f 246/237/248 262/253/264 248/239/250
g ring_a_l
f 262/253/264 260/251/262 261/252/263
g pinky_l_jo
f 263/254/265 258/249/260 259/250/261
g pinky_a_l_jo
f 264/255/266 257/248/259 265/256/267
f 258/249/260 265/256/267 257/248/259
g pinky_l_jo
f 265/256/267 258/249/260 266/257/268
f 263/254/265 266/257/268 258/249/260
f 266/257/268 263/254/265 267/258/269
f 259/250/261 267/258/269 263/254/265
f 267/258/269 259/250/261 268/259/270
f 266/257/268 267/258/269 269/260/271
f 270/261/272 269/260/271 267/258/269
f 271/262/273 272/263/274 273/264/275
f 270/261/272 272/263/274 271/262/273
f 272/263/274 270/261/272 274/265/276
f 267/258/269 274/265/276 270/261/272
f 274/265/276 267/258/269 275/266/277
f 268/259/270 275/266/277 267/258/269
f 275/266/277 268/259/270 276/267/278
f 259/250/261 276/267/278 268/259/270
f 276/267/278 259/250/261 277/268/279
f 260/251/262 277/268/279 259/250/261
g ring_l
f 277/268/279 260/251/262 278/269/280
f 279/270/281 278/269/280 260/251/262
g ring_a_l
f 278/269/280 279/270/281 280/271/282
f 281/272/283 280/271/282 279/270/281
f 280/271/282 281/272/283 282/273/284
f 283/274/285 282/273/284 281/272/283
f 282/273/284 283/274/285 284/275/286
f 285/276/287 284/275/286 283/274/285
f 286/277/288 281/272/283 279/270/281
f 283/274/285 281/272/283 287/278/289
g middle_a_l
f 288/279/290 282/273/284 289/280/291
g ring_a_l
f 282/273/284 288/279/290 280/271/282
g ring_l
f 278/269/280 280/271/282 288/279/290
g ring_a_l
f 290/281/292 291/282/293 292/283/294
f 291/282/293 290/281/292 293/284/295
f 293/284/295 290/281/292 287/278/289
f 294/285/296 287/278/289 290/281/292
f 295/286/297 287/278/289 294/285/296
f 287/278/289 295/286/297 283/274/285
f 285/276/287 283/274/285 295/286/297
f 287/278/289 296/287/298 293/284/295
f 297/288/299 293/284/295 296/287/298
f 293/284/295 297/288/299 291/282/293
f 298/289/300 291/282/293 297/288/299
f 291/282/293 298/289/300 292/283/294
f 292/283/294 298/289/300 299/290/301
f 299/290/301 298/289/300 300/291/302
f 301/292/303 300/291/302 298/289/300
g ring_b_l
f 300/291/302 301/292/303 302/293/304
f 303/294/305 302/293/304 301/292/303
f 302/293/304 303/294/305 304/295/306
g ring_a_l
f 297/288/299 296/287/298 305/296/307
f 306/297/308 307/298/309 308/299/310
f 307/298/309 306/297/308 305/296/307
f 309/300/311 305/296/307 306/297/308
f 305/296/307 309/300/311 297/288/299
f 310/301/312 297/288/299 309/300/311
f 297/288/299 310/301/312 298/289/300
f 311/302/313 298/289/300 310/301/312
f 298/289/300 311/302/313 301/292/303
g ring_b_l
f 301/292/303 311/302/313 303/294/305
f 312/303/314 303/294/305 311/302/313
g ring_a_l
f 309/300/311 311/302/313 310/301/312
f 309/300/311 306/297/308 313/304/315
g pinky_a_l_jo
f 262/253/264 246/237/248 314/305/316
g ring_a_l
f 245/236/247 314/305/316 246/237/248
f 315/306/317 314/305/316 245/236/247
f 314/305/316 315/306/317 316/307/318
f 317/308/319 316/307/318 315/306/317
f 316/307/318 317/308/319 308/299/310
f 318/309/320 308/299/310 317/308/319
f 308/299/310 318/309/320 306/297/308
f 319/310/321 306/297/308 318/309/320
f 306/297/308 319/310/321 313/304/315
f 320/311/322 313/304/315 319/310/321
f 313/304/315 320/311/322 309/300/311
f 321/312/323 309/300/311 320/311/322
f 309/300/311 321/312/323 311/302/313
g ring_b_l
f 322/313/324 311/302/313 321/312/323
f 311/302/313 322/313/324 312/303/314
f 323/314/325 312/303/314 322/313/324
f 312/303/314 323/314/325 303/294/305
f 324/315/326 325/316/327 326/317/328
f 325/316/327 324/315/326 327/318/329
f 327/318/329 324/315/326 328/319/330
f 329/320/331 328/319/330 324/315/326
f 328/319/330 329/320/331 330/321/332
f 330/321/332 329/320/331 331/322/333
f 332/323/334 331/322/333 329/320/331
f 331/322/333 332/323/334 333/324/335
f 320/311/322 333/324/335 332/323/334
g ring_a_l
f 319/310/321 333/324/335 320/311/322
f 333/324/335 319/310/321 334/325/336
f 318/309/320 334/325/336 319/310/321
f 334/325/336 318/309/320 335/326/337
f 317/308/319 335/326/337 318/309/320
f 335/326/337 317/308/319 336/327/338
f 315/306/317 336/327/338 317/308/319
g ring_b_l
f 333/324/335 337/328/339 331/322/333
g ring_a_l
f 337/328/339 333/324/335 334/325/336
g ring_b_l
f 325/316/327 338/329/340 339/330/341
f 338/329/340 325/316/327 340/331/342
f 327/318/329 340/331/342 325/316/327
f 341/332/343 340/331/342 327/318/329
g ring_c_l
f 342/333/344 340/331/342 341/332/343
f 343/334/345 340/331/342 342/333/344
f 340/331/342 343/334/345 338/329/340
f 344/335/346 338/329/340 343/334/345
f 338/329/340 344/335/346 345/336/347
g ring_b_l
f 346/337/348 303/294/305 323/314/325
f 303/294/305 346/337/348 304/295/306
f 347/338/349 304/295/306 346/337/348
f 304/295/306 347/338/349 348/339/350
f 349/340/351 348/339/350 347/338/349
f 348/339/350 349/340/351 350/341/352
f 350/341/352 349/340/351 351/342/353
f 352/343/354 351/342/353 349/340/351
g ring_c_l
f 351/342/353 352/343/354 353/344/355
f 354/345/356 353/344/355 352/343/354
f 353/344/355 354/345/356 355/346/357
f 355/346/357 354/345/356 345/336/347
f 356/347/358 345/336/347 354/345/356
f 345/336/347 356/347/358 338/329/340
g ring_b_l
f 357/348/359 338/329/340 356/347/358
f 338/329/340 357/348/359 339/330/341
f 326/317/328 339/330/341 357/348/359
f 339/330/341 326/317/328 325/316/327
f 349/340/351 354/345/356 352/343/354
g ring_c_l
f 351/342/353 353/344/355 358/349/360
g ring_b_l
f 359/350/361 360/351/362 357/348/359
f 361/352/363 357/348/359 360/351/362
f 357/348/359 361/352/363 326/317/328
f 354/345/356 357/348/359 356/347/358
f 357/348/359 354/345/356 359/350/361
f 349/340/351 359/350/361 354/345/356
f 359/350/361 349/340/351 360/351/362
f 347/338/349 360/351/362 349/340/351
f 346/337/348 360/351/362 347/338/349
f 323/314/325 360/351/362 346/337/348
f 360/351/362 323/314/325 361/352/363
f 362/353/364 361/352/363 323/314/325
f 361/352/363 362/353/364 326/317/328
f 363/354/365 326/317/328 362/353/364
f 326/317/328 363/354/365 324/315/326
f 324/315/326 363/354/365 329/320/331
f 329/320/331 363/354/365 332/323/334
f 364/355/366 332/323/334 363/354/365
f 332/323/334 364/355/366 320/311/322
f 320/311/322 364/355/366 321/312/323
f 321/312/323 364/355/366 322/313/324
f 363/354/365 322/313/324 364/355/366
f 362/353/364 322/313/324 363/354/365
f 322/313/324 362/353/364 323/314/325
g thumb_b_l
f 365/356/367 366/357/368 367/358/369
f 368/359/370 367/358/369 369/360/371
f 366/357/368 369/360/371 367/358/369
f 370/361/372 369/360/371 366/357/368
f 369/360/371 370/361/372 371/362/373
f 372/363/374 371/362/373 370/361/372
f 371/362/373 372/363/374 373/364/375
f 374/365/376 373/364/375 372/363/374
f 373/364/375 374/365/376 375/366/377
f 376/367/378 375/366/377 374/365/376
f 375/366/377 376/367/378 368/359/370
f 368/359/370 376/367/378 377/368/379
f 377/368/379 376/367/378 378/369/380
f 379/370/381 378/369/380 376/367/378
f 378/369/380 379/370/381 380/371/382
f 381/372/383 380/371/382 379/370/381
f 380/371/382 381/372/383 382/373/384
f 382/373/384 381/372/383 383/374/385
f 384/375/386 383/374/385 381/372/383
f 379/370/381 384/375/386 381/372/383
f 384/375/386 379/370/381 374/365/376
f 376/367/378 374/365/376 379/370/381
f 368/359/370 369/360/371 375/366/377
f 371/362/373 375/366/377 369/360/371
f 375/366/377 371/362/373 373/364/375
f 383/374/385 384/375/386 385/376/387
f 374/365/376 385/376/387 384/375/386
f 385/376/387 374/365/376 386/377/388
f 372/363/374 386/377/388 374/365/376
f 380/371/382 387/378/389 378/369/380
f 387/378/389 380/371/382 388/379/390
f 382/373/384 388/379/390 380/371/382
g pinky_c_l
f 389/380/391 390/381/392 391/382/393
f 392/383/394 393/384/395 394/385/396
f 390/381/392 393/384/395 392/383/394
f 393/384/395 390/381/392 395/386/397
f 389/380/391 395/386/397 390/381/392
f 396/387/398 395/386/397 389/380/391
f 395/386/397 396/387/398 393/384/395
f 392/383/394 394/385/396 397/388/399
f 398/389/400 397/388/399 394/385/396
f 397/388/399 398/389/400 399/390/401
f 400/391/402 399/390/401 398/389/400
f 401/392/403 396/387/398 389/380/391
f 396/387/398 401/392/403 402/393/404
f 403/394/405 402/393/404 401/392/403
f 402/393/404 403/394/405 404/395/406
f 405/396/407 404/395/406 403/394/405
f 406/397/408 404/395/406 405/396/407
f 404/395/406 406/397/408 407/398/409
f 408/399/410 407/398/409 406/397/408
f 409/400/411 407/398/409 408/399/410
f 410/401/412 407/398/409 409/400/411
f 407/398/409 410/401/412 411/402/413
f 400/391/402 411/402/413 410/401/412
f 411/402/413 400/391/402 412/403/414
f 398/389/400 412/403/414 400/391/402
f 412/403/414 398/389/400 402/393/404
f 402/393/404 398/389/400 396/387/398
f 394/385/396 396/387/398 398/389/400
f 396/387/398 394/385/396 393/384/395
f 404/395/406 412/403/414 402/393/404
f 412/403/414 404/395/406 411/402/413
f 407/398/409 411/402/413 404/395/406
g thumb_a_l_jo
f 413/404/415 414/405/416 415/406/417
f 416/407/418 417/408/419 418/409/420
f 417/408/419 416/407/418 415/406/417
f 415/406/417 416/407/418 413/404/415
f 419/410/421 413/404/415 416/407/418
f 413/404/415 419/410/421 420/411/422
f 421/412/423 422/413/424 423/414/425
f 422/413/424 421/412/423 424/415/426
f 425/416/427 424/415/426 421/412/423
f 424/415/426 425/416/427 426/417/428
f 427/418/429 426/417/428 425/416/427
f 426/417/428 427/418/429 428/419/430
f 428/419/430 427/418/429 429/420/431
f 429/420/431 427/418/429 430/421/432
f 431/422/433 430/421/432 427/418/429
f 430/421/432 431/422/433 418/409/420
f 432/423/434 418/409/420 431/422/433
f 418/409/420 432/423/434 416/407/418
f 433/424/435 416/407/418 432/423/434
f 416/407/418 433/424/435 419/410/421
f 434/425/436 419/410/421 433/424/435
f 419/410/421 434/425/436 420/411/422
f 435/426/437 420/411/422 434/425/436
f 420/411/422 435/426/437 436/427/438
f 427/418/429 425/416/427 431/422/433
f 423/414/425 437/428/439 421/412/423
f 438/429/440 421/412/423 437/428/439
f 421/412/423 438/429/440 425/416/427
f 439/430/441 425/416/427 438/429/440
f 425/416/427 439/430/441 431/422/433
f 433/424/435 431/422/433 439/430/441
f 431/422/433 433/424/435 432/423/434
f 440/431/442 438/429/440 437/428/439
f 438/429/440 440/431/442 441/432/443
f 434/425/436 441/432/443 440/431/442
f 433/424/435 441/432/443 434/425/436
f 441/432/443 433/424/435 438/429/440
f 439/430/441 438/429/440 433/424/435
g wrist_l
f 442/433/444 443/434/445 444/435/446
f 443/434/445 442/433/444 445/436/447
f 446/437/448 445/436/447 442/433/444
f 445/436/447 446/437/448 447/438/449
f 448/439/450 447/438/449 446/437/448
f 449/440/451 447/438/449 448/439/450
g thumb_l_jo
f 447/438/449 449/440/451 450/441/452
g thumb_a_l_jo
f 435/426/437 450/441/452 449/440/451
f 450/441/452 435/426/437 451/442/453
f 451/442/453 435/426/437 452/443/454
f 434/425/436 452/443/454 435/426/437
f 452/443/454 434/425/436 453/444/455
f 440/431/442 453/444/455 434/425/436
f 453/444/455 440/431/442 454/445/456
f 454/445/456 440/431/442 455/446/457
f 455/446/457 440/431/442 456/447/458
f 437/428/439 456/447/458 440/431/442
f 456/447/458 437/428/439 423/414/425
g thumb_l_jo
f 457/448/459 451/442/453 458/449/460
g thumb_a_l_jo
f 452/443/454 458/449/460 451/442/453
f 458/449/460 452/443/454 454/445/456
f 453/444/455 454/445/456 452/443/454
f 456/447/458 423/414/425 459/450/461
g thumb_l_jo
f 457/448/459 460/451/462 451/442/453
f 460/451/462 457/448/459 461/452/463
f 461/452/463 457/448/459 462/453/464
g thumb_a_l_jo
f 458/449/460 462/453/464 457/448/459
f 462/453/464 458/449/460 463/454/465
f 454/445/456 463/454/465 458/449/460
f 463/454/465 454/445/456 464/455/466
f 455/446/457 464/455/466 454/445/456
f 464/455/466 455/446/457 465/456/467
f 456/447/458 465/456/467 455/446/457
f 465/456/467 456/447/458 466/457/468
f 459/450/461 466/457/468 456/447/458
f 466/457/468 459/450/461 467/458/469
f 467/458/469 459/450/461 468/459/470
f 468/459/470 459/450/461 469/460/471
f 423/414/425 469/460/471 459/450/461
f 469/460/471 423/414/425 470/461/472
f 470/461/472 423/414/425 422/413/424
g thumb_l_jo
f 471/462/473 460/451/462 461/452/463
g wrist_l
f 472/463/474 473/464/475 474/465/476
f 473/464/475 472/463/474 475/466/477
f 476/467/478 475/466/477 472/463/474
g sforearm_l_d_ex_wj
f 475/466/477 476/467/478 477/468/479
f 477/468/479 476/467/478 478/469/480
f 479/470/481 478/469/480 476/467/478
f 478/469/480 479/470/481 480/471/482
f 480/471/482 479/470/481 481/472/483
g wrist_l
f 482/473/484 481/472/483 479/470/481
f 481/472/483 482/473/484 483/474/485
g thumb_l_jo
f 484/475/486 483/474/485 482/473/484
f 483/474/485 484/475/486 485/476/487
f 485/476/487 484/475/486 486/477/488
f 487/478/489 486/477/488 484/475/486
f 486/477/488 487/478/489 471/462/473
f 488/479/490 471/462/473 487/478/489
f 471/462/473 488/479/490 460/451/462
f 460/451/462 488/479/490 489/480/491
f 490/481/492 488/479/490 491/482/493
f 487/478/489 491/482/493 488/479/490
f 491/482/493 487/478/489 474/465/476
f 484/475/486 474/465/476 487/478/489
f 482/473/484 474/465/476 484/475/486
f 474/465/476 482/473/484 472/463/474
g wrist_l
f 479/470/481 472/463/474 482/473/484
f 472/463/474 479/470/481 476/467/478
g thumb_l_jo
f 492/483/494 489/480/491 493/484/495
f 490/481/492 489/480/491 488/479/490
f 489/480/491 490/481/492 493/484/495
f 491/482/493 493/484/495 490/481/492
f 493/484/495 491/482/493 494/485/496
f 495/486/497 494/485/496 491/482/493
f 494/485/496 495/486/497 496/487/498
g wrist_l
f 497/488/499 496/487/498 495/486/497
f 496/487/498 497/488/499 498/489/500
f 498/489/500 497/488/499 499/490/501
f 500/491/502 499/490/501 497/488/499
g sforearm_l_d_ex_wj
f 499/490/501 500/491/502 501/492/503
f 501/492/503 500/491/502 502/493/504
f 475/466/477 502/493/504 500/491/502
f 502/493/504 475/466/477 503/494/505
f 477/468/479 503/494/505 475/466/477
f 501/492/503 504/495/506 499/490/501
g wrist_l
f 505/496/507 496/487/498 498/489/500
g thumb_l_jo
f 491/482/493 474/465/476 495/486/497
g wrist_l
f 473/464/475 495/486/497 474/465/476
f 495/486/497 473/464/475 497/488/499
f 497/488/499 473/464/475 500/491/502
f 475/466/477 500/491/502 473/464/475
g sforearm_l_d_ex_wj
f 506/497/508 504/495/506 507/498/509
f 504/495/506 506/497/508 499/490/501
g wrist_l
f 508/499/510 499/490/501 506/497/508
f 499/490/501 508/499/510 498/489/500
f 509/500/511 498/489/500 508/499/510
f 498/489/500 509/500/511 505/496/507
f 444/435/446 505/496/507 509/500/511
f 505/496/507 444/435/446 496/487/498
f 443/434/445 496/487/498 444/435/446
g thumb_l_jo
f 496/487/498 443/434/445 494/485/496
f 445/436/447 494/485/496 443/434/445
f 494/485/496 445/436/447 493/484/495
f 447/438/449 493/484/495 445/436/447
f 493/484/495 447/438/449 492/483/494
f 450/441/452 492/483/494 447/438/449
f 492/483/494 450/441/452 489/480/491
f 451/442/453 489/480/491 450/441/452
f 489/480/491 451/442/453 460/451/462
g sforearm_l_d_ex_wj
f 510/501/512 511/502/513 507/498/509
f 507/498/509 511/502/513 506/497/508
g wrist_l
f 506/497/508 511/502/513 508/499/510
f 512/503/514 508/499/510 511/502/513
f 508/499/510 512/503/514 509/500/511
f 513/504/515 509/500/511 512/503/514
g thumb_a_l_jo
f 449/440/451 436/427/438 435/426/437
g wrist_l
f 436/427/438 449/440/451 514/505/516
f 448/439/450 514/505/516 449/440/451
f 514/505/516 448/439/450 515/506/517
f 446/437/448 515/506/517 448/439/450
f 515/506/517 446/437/448 516/507/518
f 442/433/444 516/507/518 446/437/448
f 516/507/518 442/433/444 517/508/519
f 444/435/446 517/508/519 442/433/444
f 517/508/519 444/435/446 518/509/520
f 509/500/511 518/509/520 444/435/446
f 518/509/520 509/500/511 519/510/521
f 513/504/515 519/510/521 509/500/511
f 519/510/521 513/504/515 520/511/522
f 512/503/514 520/511/522 513/504/515
f 520/511/522 512/503/514 521/512/523
f 511/502/513 521/512/523 512/503/514
f 521/512/523 511/502/513 522/513/524
f 521/512/523 523/514/525 520/511/522
f 524/515/526 525/516/527 526/517/528
f 527/518/529 526/517/528 525/516/527
f 528/519/530 526/517/528 527/518/529
f 515/506/517 526/517/528 528/519/530
f 516/507/518 526/517/528 515/506/517
f 526/517/528 516/507/518 524/515/526
f 517/508/519 524/515/526 516/507/518
f 524/515/526 517/508/519 519/510/521
f 518/509/520 519/510/521 517/508/519
f 525/516/527 529/520/531 527/518/529
f 527/518/529 529/520/531 530/521/532
f 530/521/532 529/520/531 531/522/533
f 532/523/534 531/522/533 529/520/531
f 413/404/415 533/524/535 414/405/416
f 533/524/535 413/404/415 534/525/536
g thumb_a_l_jo
f 420/411/422 534/525/536 413/404/415
g wrist_l
f 436/427/438 534/525/536 420/411/422
f 534/525/536 436/427/438 535/526/537
f 514/505/516 535/526/537 436/427/438
f 535/526/537 514/505/516 536/527/538
f 515/506/517 536/527/538 514/505/516
f 536/527/538 515/506/517 537/528/539
f 528/519/530 537/528/539 515/506/517
f 537/528/539 528/519/530 538/529/540
f 527/518/529 538/529/540 528/519/530
f 538/529/540 527/518/529 539/530/541
f 530/521/532 539/530/541 527/518/529
f 539/530/541 530/521/532 540/531/542
f 531/522/533 540/531/542 530/521/532
f 540/531/542 531/522/533 541/532/543
f 532/523/534 541/532/543 531/522/533
f 535/526/537 533/524/535 534/525/536
f 533/524/535 535/526/537 542/533/544
f 542/533/544 535/526/537 543/534/545
f 536/527/538 543/534/545 535/526/537
f 543/534/545 536/527/538 537/528/539
f 542/533/544 543/534/545 544/535/546
g index_a_l
f 545/536/547 546/537/548 541/532/543
g wrist_l
f 547/538/549 541/532/543 546/537/548
f 541/532/543 547/538/549 540/531/542
f 548/539/550 540/531/542 547/538/549
f 540/531/542 548/539/550 539/530/541
f 549/540/551 539/530/541 548/539/550
f 539/530/541 549/540/551 538/529/540
f 550/541/552 538/529/540 549/540/551
f 538/529/540 550/541/552 537/528/539
f 551/542/553 537/528/539 550/541/552
f 537/528/539 551/542/553 543/534/545
f 552/543/554 543/534/545 551/542/553
f 543/534/545 552/543/554 544/535/546
f 553/544/555 544/535/546 552/543/554
f 554/545/556 544/535/546 553/544/555
f 544/535/546 554/545/556 542/533/544
f 414/405/416 542/533/544 554/545/556
f 542/533/544 414/405/416 533/524/535
g index_a_l
f 555/546/557 546/537/548 556/547/558
f 546/537/548 555/546/557 547/538/549
f 557/548/559 547/538/549 555/546/557
g wrist_l
f 547/538/549 557/548/559 548/539/550
f 549/540/551 558/549/560 550/541/552
f 558/549/560 549/540/551 559/550/561
f 548/539/550 559/550/561 549/540/551
f 557/548/559 559/550/561 548/539/550
f 559/550/561 557/548/559 560/551/562
g index_a_l
f 555/546/557 560/551/562 557/548/559
f 560/551/562 555/546/557 561/552/563
f 556/547/558 561/552/563 555/546/557
f 561/552/563 556/547/558 562/553/564
f 563/554/565 562/553/564 556/547/558
g wrist_l
f 559/550/561 564/555/566 558/549/560
f 565/556/567 558/549/560 564/555/566
f 558/549/560 565/556/567 550/541/552
f 550/541/552 565/556/567 551/542/553
f 551/542/553 565/556/567 552/543/554
f 566/557/568 552/543/554 565/556/567
f 567/558/569 552/543/554 566/557/568
f 552/543/554 567/558/569 553/544/555
f 566/557/568 565/556/567 564/555/566
g index_b_l
f 568/559/570 569/560/571 570/561/572
g index_a_l
f 569/560/571 568/559/570 571/562/573
f 572/563/574 571/562/573 568/559/570
f 573/564/575 571/562/573 572/563/574
f 571/562/573 573/564/575 574/565/576
f 575/566/577 574/565/576 573/564/575
f 574/565/576 575/566/577 576/567/578
f 577/568/579 576/567/578 575/566/577
f 576/567/578 577/568/579 563/554/565
f 578/569/580 563/554/565 577/568/579
f 563/554/565 578/569/580 562/553/564
f 579/570/581 562/553/564 578/569/580
f 562/553/564 579/570/581 561/552/563
f 580/571/582 561/552/563 579/570/581
f 561/552/563 580/571/582 560/551/562
g wrist_l
f 581/572/583 560/551/562 580/571/582
f 560/551/562 581/572/583 559/550/561
f 564/555/566 559/550/561 581/572/583
g index_b_l
f 582/573/584 583/574/585 584/575/586
f 585/576/587 584/575/586 583/574/585
f 584/575/586 585/576/587 586/577/588
f 587/578/589 586/577/588 585/576/587
f 586/577/588 587/578/589 588/579/590
f 570/561/572 588/579/590 587/578/589
f 588/579/590 570/561/572 589/580/591
f 569/560/571 589/580/591 570/561/572
f 589/580/591 569/560/571 590/581/592
g index_a_l
f 571/562/573 590/581/592 569/560/571
f 590/581/592 571/562/573 591/582/593
f 574/565/576 591/582/593 571/562/573
f 591/582/593 574/565/576 592/583/594
f 576/567/578 592/583/594 574/565/576
f 592/583/594 576/567/578 593/584/595
f 563/554/565 593/584/595 576/567/578
f 593/584/595 563/554/565 594/585/596
f 556/547/558 594/585/596 563/554/565
f 594/585/596 595/586/597 593/584/595
f 595/586/597 594/585/596 596/587/598
f 597/588/599 590/581/592 598/589/600
f 591/582/593 598/589/600 590/581/592
f 592/583/594 598/589/600 591/582/593
f 598/589/600 592/583/594 599/590/601
f 593/584/595 599/590/601 592/583/594
f 599/590/601 593/584/595 600/591/602
f 595/586/597 600/591/602 593/584/595
f 601/592/603 600/591/602 595/586/597
f 602/593/604 600/591/602 601/592/603
f 600/591/602 602/593/604 599/590/601
f 598/589/600 599/590/601 602/593/604
f 598/589/600 603/594/605 597/588/599
f 603/594/605 598/589/600 604/595/606
f 602/593/604 604/595/606 598/589/600
f 604/595/606 602/593/604 605/596/607
f 605/596/607 602/593/604 606/597/608
f 601/592/603 606/597/608 602/593/604
f 606/597/608 601/592/603 607/598/609
f 605/596/607 603/594/605 604/595/606
f 594/585/596 556/547/558 596/587/598
f 546/537/548 596/587/598 556/547/558
f 608/599/610 596/587/598 546/537/548
f 596/587/598 608/599/610 595/586/597
f 609/600/611 595/586/597 608/599/610
f 595/586/597 609/600/611 601/592/603
f 610/601/612 601/592/603 609/600/611
f 601/592/603 610/601/612 607/598/609
f 611/602/613 607/598/609 610/601/612
f 612/603/614 607/598/609 611/602/613
f 613/604/615 607/598/609 612/603/614
f 607/598/609 613/604/615 606/597/608
f 614/605/616 606/597/608 613/604/615
f 606/597/608 614/605/616 605/596/607
f 615/606/617 605/596/607 614/605/616
f 605/596/607 615/606/617 603/594/605
g index_b_l
f 616/607/618 603/594/605 615/606/617
f 603/594/605 616/607/618 617/608/619
g index_a_l
f 618/609/620 609/600/611 608/599/610
f 609/600/611 618/609/620 610/601/612
f 610/601/612 618/609/620 611/602/613
f 611/602/613 618/609/620 619/610/621
f 620/611/73 619/610/621 618/609/620
g index_b_l
f 621/612/622 622/613/623 623/614/624
f 622/613/623 621/612/622 624/615/625
f 625/616/626 624/615/625 621/612/622
f 624/615/625 625/616/626 626/617/627
f 616/607/618 626/617/627 625/616/626
f 626/617/627 616/607/618 627/618/628
f 615/606/617 627/618/628 616/607/618
f 627/618/628 615/606/617 628/619/629
g index_a_l
f 614/605/616 628/619/629 615/606/617
g index_b_l
f 625/616/626 617/608/619 616/607/618
f 617/608/619 625/616/626 629/620/630
f 621/612/622 629/620/630 625/616/626
f 629/620/630 621/612/622 630/621/631
f 623/614/624 630/621/631 621/612/622
f 631/622/632 630/621/631 623/614/624
f 632/623/633 630/621/631 631/622/632
f 630/621/631 632/623/633 633/624/634
f 634/625/635 633/624/634 632/623/633
f 633/624/634 634/625/635 635/626/636
f 588/579/590 635/626/636 634/625/635
f 589/580/591 635/626/636 588/579/590
f 635/626/636 589/580/591 636/627/637
f 590/581/592 636/627/637 589/580/591
f 636/627/637 590/581/592 637/628/638
f 597/588/599 637/628/638 590/581/592
f 637/628/638 597/588/599 617/608/619
f 617/608/619 597/588/599 603/594/605
f 638/629/639 634/625/635 632/623/633
f 637/628/638 639/630/640 636/627/637
f 636/627/637 639/630/640 635/626/636
f 635/626/636 639/630/640 633/624/634
f 633/624/634 639/630/640 630/621/631
f 630/621/631 639/630/640 629/620/630
f 637/628/638 629/620/630 639/630/640
f 629/620/630 637/628/638 617/608/619
f 640/631/641 641/632/642 632/623/633
f 642/633/643 632/623/633 641/632/642
f 632/623/633 642/633/643 638/629/639
f 584/575/586 638/629/639 642/633/643
f 638/629/639 584/575/586 634/625/635
f 586/577/588 634/625/635 584/575/586
f 634/625/635 586/577/588 588/579/590
f 584/575/586 642/633/643 582/573/584
f 632/623/633 631/622/632 640/631/641
f 623/614/624 640/631/641 631/622/632
f 640/631/641 623/614/624 643/634/644
f 622/613/623 643/634/644 623/614/624
f 644/635/645 643/634/644 622/613/623
g index_c_l
f 645/636/646 643/634/644 644/635/645
f 646/637/647 643/634/644 645/636/646
f 643/634/644 646/637/647 640/631/641
f 647/638/648 640/631/641 646/637/647
f 640/631/641 647/638/648 641/632/642
f 648/639/649 641/632/642 647/638/648
f 641/632/642 648/639/649 642/633/643
f 649/640/650 642/633/643 648/639/649
f 650/641/651 642/633/643 649/640/650
f 642/633/643 650/641/651 582/573/584
f 651/642/652 582/573/584 650/641/651
f 652/643/653 582/573/584 651/642/652
g index_b_l
f 583/574/585 582/573/584 652/643/653
s 8
g ring_c_l
f 653/644/654 654/645/655 655/646/656
f 654/645/655 653/644/654 656/647/657
f 657/648/658 656/647/657 653/644/654
f 658/649/659 656/647/657 657/648/658
f 659/650/660 656/647/657 658/649/659
f 656/647/657 659/650/660 660/651/661
f 661/652/662 660/651/661 659/650/660
f 660/651/661 661/652/662 662/653/663
f 663/654/664 662/653/663 661/652/662
f 662/653/663 663/654/664 664/655/665
f 665/656/666 664/655/665 663/654/664
f 666/657/667 664/655/665 665/656/666
f 664/655/665 666/657/667 667/658/668
f 668/659/669 667/658/668 666/657/667
f 667/658/668 668/659/669 669/660/670
f 668/659/669 666/657/667 670/661/671
f 665/656/666 670/661/671 666/657/667
f 654/645/655 656/647/657 671/662/672
f 660/651/661 671/662/672 656/647/657
f 671/662/672 660/651/661 672/663/673
f 662/653/663 672/663/673 660/651/661
f 672/663/673 662/653/663 673/664/674
f 664/655/665 673/664/674 662/653/663
f 673/664/674 664/655/665 667/658/668
s 9
f 674/658/675 669/660/676 675/664/677
f 676/665/678 675/664/677 669/660/676
s 10
f 675/664/679 677/665/680 678/663/681
f 679/666/682 678/663/681 677/665/680
f 678/663/681 679/666/682 680/662/683
f 681/667/684 680/662/683 679/666/682
s 11
f 680/662/685 682/667/686 683/645/687
f 683/645/687 682/667/686 684/646/688
s 12
g sforearm_l_d_ex_wj
f 685/668/689 686/669/512 687/670/690
f 688/671/691 686/669/512 689/672/692
f 685/668/689 689/672/692 686/669/512
f 690/673/693 689/672/692 685/668/689
f 689/672/692 690/673/693 691/674/694
f 692/675/695 691/674/694 690/673/693
f 691/674/694 692/675/695 693/676/696
f 694/677/697 693/676/696 692/675/695
f 693/676/696 694/677/697 695/678/698
f 689/672/692 696/679/699 688/671/691
f 697/680/700 696/679/699 698/681/701
f 696/679/699 697/680/700 699/682/702
f 699/682/702 697/680/700 700/683/703
f 700/683/703 697/680/700 701/684/704
f 702/685/705 701/684/704 697/680/700
f 701/684/704 702/685/705 703/686/706
f 704/687/707 703/686/706 702/685/705
f 703/686/706 704/687/707 705/688/708
f 705/688/708 704/687/707 706/689/709
f 706/689/709 704/687/707 707/690/710
f 708/691/711 707/690/710 704/687/707
f 707/690/710 708/691/711 709/692/712
f 710/693/713 709/692/712 708/691/711
f 709/692/712 710/693/713 711/694/714
f 708/691/711 697/680/700 710/693/713
f 697/680/700 708/691/711 702/685/705
f 702/685/705 708/691/711 704/687/707
f 705/688/708 706/689/709 712/695/715
f 713/696/716 711/694/714 714/697/717
f 711/694/714 713/696/716 709/692/712
f 715/698/718 709/692/712 713/696/716
f 709/692/712 715/698/718 707/690/710
f 716/699/719 707/690/710 715/698/718
f 707/690/710 716/699/719 706/689/709
f 717/700/720 706/689/709 716/699/719
f 706/689/709 717/700/720 712/695/715
f 718/701/721 712/695/715 717/700/720
f 712/695/715 718/701/721 719/702/722
f 720/703/723 719/702/722 718/701/721
f 719/702/722 720/703/723 721/704/724
f 722/705/725 721/704/724 720/703/723
f 721/704/724 722/705/725 723/706/726
f 724/707/727 723/706/726 722/705/725
f 723/706/726 724/707/727 725/708/728
f 726/709/729 725/708/728 724/707/727
f 725/708/728 726/709/729 727/710/730
f 713/696/716 728/711/731 715/698/718
f 729/712/732 715/698/718 728/711/731
f 715/698/718 729/712/732 716/699/719
f 730/713/733 716/699/719 729/712/732
f 716/699/719 730/713/733 717/700/720
f 717/700/720 730/713/733 718/701/721
f 731/714/734 718/701/721 730/713/733
f 718/701/721 731/714/734 720/703/723
f 732/715/735 720/703/723 731/714/734
f 720/703/723 732/715/735 722/705/725
f 733/716/736 722/705/725 732/715/735
f 722/705/725 733/716/736 724/707/727
f 734/717/737 724/707/727 733/716/736
f 724/707/727 734/717/737 726/709/729
f 735/718/738 726/709/729 734/717/737
f 726/709/729 735/718/738 736/719/739
f 737/720/740 736/719/739 735/718/738
f 736/719/739 737/720/740 738/721/741
f 728/711/731 739/722/742 729/712/732
f 740/723/743 729/712/732 739/722/742
f 729/712/732 740/723/743 730/713/733
f 730/713/733 740/723/743 731/714/734
f 741/724/744 731/714/734 740/723/743
f 731/714/734 741/724/744 732/715/735
f 742/725/745 732/715/735 741/724/744
f 732/715/735 742/725/745 733/716/736
f 743/726/746 733/716/736 742/725/745
f 733/716/736 743/726/746 734/717/737
f 744/727/747 734/717/737 743/726/746
f 734/717/737 744/727/747 735/718/738
f 745/728/748 735/718/738 744/727/747
f 735/718/738 745/728/748 737/720/740
f 746/729/749 737/720/740 745/728/748
f 737/720/740 746/729/749 747/730/750
f 748/731/751 747/730/750 746/729/749
f 747/730/750 748/731/751 749/732/752
f 750/733/753 740/723/743 739/722/742
f 740/723/743 750/733/753 741/724/744
f 751/734/754 741/724/744 750/733/753
f 741/724/744 751/734/754 742/725/745
f 752/735/755 742/725/745 751/734/754
f 742/725/745 752/735/755 743/726/746
f 753/736/756 743/726/746 752/735/755
f 743/726/746 753/736/756 744/727/747
f 754/737/757 744/727/747 753/736/756
f 744/727/747 754/737/757 745/728/748
f 755/738/758 745/728/748 754/737/757
f 745/728/748 755/738/758 746/729/749
f 756/739/759 746/729/749 755/738/758
f 746/729/749 756/739/759 748/731/751
f 757/740/760 748/731/751 756/739/759
f 748/731/751 757/740/760 758/741/761
f 759/742/762 758/741/761 757/740/760
f 758/741/761 759/742/762 760/743/763
f 761/744/764 760/743/763 759/742/762
f 758/741/761 749/732/752 748/731/751
f 749/732/752 758/741/761 762/745/765
f 760/743/763 762/745/765 758/741/761
f 762/745/765 760/743/763 763/746/766
f 763/746/766 760/743/763 764/747/767
f 761/744/764 764/747/767 760/743/763
f 764/747/767 761/744/764 765/748/768
f 747/730/750 738/721/741 737/720/740
f 738/721/741 747/730/750 766/749/769
f 749/732/752 766/749/769 747/730/750
f 766/749/769 749/732/752 767/750/770
f 762/745/765 767/750/770 749/732/752
f 767/750/770 762/745/765 768/751/771
f 763/746/766 768/751/771 762/745/765
f 768/751/771 763/746/766 769/752/772
f 769/752/772 763/746/766 770/753/773
f 764/747/767 770/753/773 763/746/766
f 770/753/773 764/747/767 771/754/774
f 765/748/768 771/754/774 764/747/767
f 771/754/774 765/748/768 772/755/775
f 736/719/739 727/710/730 726/709/729
f 727/710/730 736/719/739 773/756/776
f 738/721/741 773/756/776 736/719/739
f 773/756/776 738/721/741 774/757/777
f 766/749/769 774/757/777 738/721/741
f 774/757/777 766/749/769 775/758/778
f 767/750/770 775/758/778 766/749/769
f 775/758/778 767/750/770 776/759/779
f 768/751/771 776/759/779 767/750/770
f 776/759/779 768/751/771 777/760/780
f 777/760/780 768/751/771 778/761/781
f 769/752/772 778/761/781 768/751/771
f 778/761/781 769/752/772 779/762/782
f 770/753/773 779/762/782 769/752/772
f 779/762/782 770/753/773 780/763/783
f 771/754/774 780/763/783 770/753/773
f 780/763/783 771/754/774 781/764/784
f 772/755/775 781/764/784 771/754/774
f 782/765/785 781/764/784 783/766/786
f 781/764/784 782/765/785 780/763/783
f 784/767/787 780/763/783 782/765/785
f 780/763/783 784/767/787 779/762/782
f 779/762/782 785/768/788 778/761/781
f 785/768/788 779/762/782 786/769/482
f 784/767/787 786/769/482 779/762/782
f 786/769/482 784/767/787 787/770/480
f 787/770/480 784/767/787 788/771/789
f 789/772/790 788/771/789 784/767/787
f 788/771/789 789/772/790 790/773/791
f 791/774/792 790/773/791 789/772/790
f 792/775/793 781/764/784 772/755/775
f 781/764/784 792/775/793 783/766/786
f 793/776/794 783/766/786 792/775/793
f 794/777/795 783/766/786 793/776/794
f 783/766/786 794/777/795 795/778/796
f 796/779/797 795/778/796 794/777/795
f 797/780/798 795/778/796 796/779/797
f 795/778/796 797/780/798 798/781/799
f 799/782/800 798/781/799 797/780/798
f 798/781/799 799/782/800 789/772/790
f 800/783/801 796/779/797 794/777/795
f 801/784/802 802/785/503 799/782/800
f 802/785/503 801/784/802 803/786/803
f 803/786/803 801/784/802 804/787/804
s 6
g index_a_l
f 805/788/805 806/789/806 807/790/807
g wrist_l
f 58/49/60 808/791/582 57/48/59
f 809/792/581 57/48/59 808/791/582
f 810/793/808 57/48/59 809/792/581
f 57/48/59 810/793/808 56/47/58
f 806/789/806 56/47/58 810/793/808
f 56/47/58 806/789/806 55/46/57
g index_a_l
f 805/788/805 55/46/57 806/789/806
g wrist_l
f 55/46/57 805/788/805 54/45/56
g index_a_l
f 807/790/807 54/45/56 805/788/805
f 54/45/56 807/790/807 811/794/809
f 812/795/810 811/794/809 807/790/807
f 811/794/809 812/795/810 813/796/811
f 814/797/812 813/796/811 812/795/810
f 813/796/811 814/797/812 815/798/813
f 816/799/814 815/798/813 814/797/812
f 815/798/813 816/799/814 817/800/815
f 818/801/816 817/800/815 816/799/814
f 817/800/815 818/801/816 819/802/817
f 809/792/581 820/803/580 810/793/808
f 53/44/55 54/45/56 73/64/75
f 811/794/809 73/64/75 54/45/56
f 73/64/75 811/794/809 821/804/818
f 813/796/811 821/804/818 811/794/809
f 815/798/813 821/804/818 813/796/811
f 821/804/818 815/798/813 822/805/819
f 817/800/815 822/805/819 815/798/813
f 822/805/819 817/800/815 823/806/820
f 823/806/820 817/800/815 824/807/821
f 819/802/817 824/807/821 817/800/815
g index_b_l
f 824/807/821 819/802/817 825/808/822
f 826/809/823 825/808/822 819/802/817
f 825/808/822 826/809/823 827/810/824
g index_a_l
f 821/804/818 74/65/76 73/64/75
f 74/65/76 821/804/818 828/811/825
f 822/805/819 828/811/825 821/804/818
f 828/811/825 822/805/819 829/812/826
f 823/806/820 829/812/826 822/805/819
f 829/812/826 823/806/820 830/813/827
f 824/807/821 830/813/827 823/806/820
f 830/813/827 824/807/821 831/814/629
g index_b_l
f 831/814/629 824/807/821 832/815/628
f 825/808/822 832/815/628 824/807/821
f 832/815/628 825/808/822 833/816/828
f 827/810/824 833/816/828 825/808/822
f 834/817/829 833/816/828 827/810/824
f 833/816/828 834/817/829 835/818/830
f 836/819/831 835/818/830 834/817/829
f 835/818/830 836/819/831 837/820/832
f 838/821/833 837/820/832 836/819/831
f 837/820/832 838/821/833 839/822/623
f 840/823/834 837/820/832 839/822/623
f 837/820/832 840/823/834 835/818/830
f 841/824/835 835/818/830 840/823/834
f 835/818/830 841/824/835 833/816/828
f 832/815/628 833/816/828 841/824/835
f 839/822/623 838/821/833 842/825/836
g index_c_l
f 842/825/836 838/821/833 843/826/837
f 843/826/837 838/821/833 844/827/838
f 844/827/838 838/821/833 845/828/839
g index_b_l
f 836/819/831 845/828/839 838/821/833
f 846/829/840 819/802/817 818/801/816
f 819/802/817 846/829/840 826/809/823
f 847/830/841 826/809/823 846/829/840
f 826/809/823 847/830/841 827/810/824
f 848/831/842 827/810/824 847/830/841
f 827/810/824 848/831/842 834/817/829
f 849/832/843 834/817/829 848/831/842
f 834/817/829 849/832/843 836/819/831
f 850/833/844 836/819/831 849/832/843
f 836/819/831 850/833/844 845/828/839
g index_c_l
f 851/834/845 845/828/839 850/833/844
f 845/828/839 851/834/845 844/827/838
f 844/827/838 851/834/845 852/835/846
f 853/836/847 852/835/846 851/834/845
f 852/835/846 853/836/847 854/837/848
f 854/837/848 853/836/847 855/838/849
f 855/838/849 853/836/847 856/839/850
f 857/840/851 856/839/850 853/836/847
f 858/841/852 852/835/846 859/842/853
f 854/837/848 859/842/853 852/835/846
g index_b_l
f 860/843/854 846/829/840 861/844/855
f 846/829/840 860/843/854 847/830/841
f 862/845/856 847/830/841 860/843/854
f 847/830/841 862/845/856 848/831/842
f 863/846/857 848/831/842 862/845/856
f 848/831/842 863/846/857 849/832/843
f 849/832/843 863/846/857 850/833/844
g index_c_l
f 853/836/847 864/847/858 857/840/851
f 851/834/845 864/847/858 853/836/847
f 850/833/844 864/847/858 851/834/845
f 864/847/858 850/833/844 865/848/859
g index_b_l
f 863/846/857 865/848/859 850/833/844
f 865/848/859 863/846/857 866/849/860
f 862/845/856 866/849/860 863/846/857
f 866/849/860 862/845/856 867/850/861
f 860/843/854 867/850/861 862/845/856
f 867/850/861 860/843/854 868/851/862
f 861/844/855 868/851/862 860/843/854
f 868/851/862 861/844/855 869/852/863
f 869/852/863 861/844/855 870/853/864
f 870/853/864 861/844/855 871/854/865
f 846/829/840 871/854/865 861/844/855
f 818/801/816 871/854/865 846/829/840
g index_a_l
f 871/854/865 818/801/816 816/799/814
g index_c_l
f 856/839/850 857/840/851 872/855/866
f 864/847/858 872/855/866 857/840/851
f 872/855/866 864/847/858 873/856/867
f 865/848/859 873/856/867 864/847/858
f 873/856/867 865/848/859 874/857/868
g index_b_l
f 866/849/860 874/857/868 865/848/859
f 874/857/868 866/849/860 875/858/869
f 875/858/869 866/849/860 876/859/870
f 867/850/861 876/859/870 866/849/860
f 876/859/870 867/850/861 877/860/871
f 868/851/862 877/860/871 867/850/861
f 877/860/871 868/851/862 878/861/872
f 869/852/863 878/861/872 868/851/862
f 878/861/872 869/852/863 879/862/873
f 879/862/873 869/852/863 880/863/874
f 870/853/864 880/863/874 869/852/863
g index_a_l
f 880/863/874 870/853/864 881/864/875
f 871/854/865 881/864/875 870/853/864
g index_c_l
f 882/865/876 875/858/869 883/866/877
f 875/858/869 882/865/876 874/857/868
f 874/857/868 882/865/876 873/856/867
f 884/867/878 873/856/867 882/865/876
f 872/855/866 873/856/867 884/867/878
f 856/839/850 872/855/866 885/868/879
f 884/867/878 885/868/879 872/855/866
f 885/868/879 884/867/878 886/869/880
f 886/869/880 884/867/878 887/870/881
g index_a_l
f 880/863/874 881/864/875 888/871/882
f 889/872/883 888/871/882 881/864/875
f 890/873/884 888/871/882 889/872/883
f 891/874/885 890/873/884 892/875/80
f 889/872/883 892/875/80 890/873/884
f 892/875/80 889/872/883 893/876/886
f 893/876/886 889/872/883 894/877/887
f 881/864/875 894/877/887 889/872/883
f 894/877/887 881/864/875 895/878/888
f 881/864/875 871/854/865 895/878/888
f 816/799/814 895/878/888 871/854/865
f 814/797/812 895/878/888 816/799/814
f 895/878/888 814/797/812 894/877/887
f 812/795/810 894/877/887 814/797/812
f 894/877/887 812/795/810 893/876/886
f 896/879/889 893/876/886 812/795/810
f 893/876/886 896/879/889 892/875/80
f 897/880/890 892/875/80 896/879/889
f 892/875/80 897/880/890 891/874/885
f 891/874/885 897/880/890 898/881/891
f 898/881/891 897/880/890 820/803/580
f 899/882/892 820/803/580 897/880/890
f 820/803/580 899/882/892 810/793/808
f 810/793/808 899/882/892 806/789/806
f 896/879/889 806/789/806 899/882/892
f 806/789/806 896/879/889 807/790/807
f 812/795/810 807/790/807 896/879/889
f 897/880/890 896/879/889 899/882/892
s 13
g index_c_l
f 900/883/848 901/884/893 902/885/894
f 901/884/893 903/886/895 904/887/896
f 905/888/897 904/887/896 903/886/895
s 14
g thumb_b_l
f 906/889/898 907/890/899 908/891/900
f 907/890/899 906/889/898 909/892/901
f 910/893/902 909/892/901 906/889/898
f 911/894/903 909/892/901 910/893/902
f 909/892/901 911/894/903 912/895/904
f 912/895/904 911/894/903 913/896/905
f 914/897/906 913/896/905 911/894/903
f 915/898/907 913/896/905 914/897/906
f 913/896/905 915/898/907 916/899/908
f 917/900/909 918/901/910 908/891/900
f 919/902/911 908/891/900 918/901/910
f 908/891/900 919/902/911 906/889/898
f 920/903/912 906/889/898 919/902/911
f 921/904/913 906/889/898 920/903/912
f 906/889/898 921/904/913 910/893/902
f 922/905/914 910/893/902 921/904/913
f 910/893/902 922/905/914 911/894/903
f 923/906/915 911/894/903 922/905/914
f 911/894/903 923/906/915 914/897/906
f 924/907/916 914/897/906 923/906/915
f 914/897/906 924/907/916 915/898/907
f 925/908/917 915/898/907 924/907/916
f 920/903/912 919/902/911 926/909/918
f 918/901/910 926/909/918 919/902/911
s 15
f 927/896/919 916/899/920 928/895/921
f 929/910/922 928/895/921 916/899/920
s 16
f 930/890/923 931/911/924 932/891/925
f 917/900/926 932/891/925 931/911/924
s 17
f 928/895/927 933/910/928 934/892/929
f 935/912/930 934/892/929 933/910/928
f 934/892/929 935/912/930 930/890/899
f 936/911/931 930/890/899 935/912/930
s 6
g thumb_a_l_jo
f 937/913/932 938/914/933 939/915/934
f 938/914/933 937/913/932 940/916/935
g thumb_l_jo
f 941/917/936 942/918/937 943/919/938
f 942/918/937 941/917/936 944/920/939
f 945/921/940 944/920/939 941/917/936
f 944/920/939 945/921/940 946/922/941
f 947/923/942 946/922/941 945/921/940
f 946/922/941 947/923/942 948/924/943
f 949/925/944 948/924/943 947/923/942
f 948/924/943 949/925/944 939/915/934
g thumb_a_l_jo
f 950/926/945 939/915/934 949/925/944
f 939/915/934 950/926/945 937/913/932
f 951/927/946 937/913/932 950/926/945
f 937/913/932 951/927/946 940/916/935
f 952/928/947 940/916/935 951/927/946
f 940/916/935 952/928/947 953/929/948
g thumb_l_jo
f 944/920/939 946/922/941 942/918/937
f 946/922/941 954/930/949 955/931/950
f 954/930/949 946/922/941 956/932/951
f 948/924/943 956/932/951 946/922/941
f 956/932/951 948/924/943 957/933/952
f 939/915/934 957/933/952 948/924/943
g thumb_a_l_jo
f 957/933/952 939/915/934 958/934/953
f 938/914/933 958/934/953 939/915/934
f 958/934/953 938/914/933 959/935/954
f 940/916/935 959/935/954 938/914/933
f 959/935/954 940/916/935 960/936/955
f 960/936/955 940/916/935 961/937/956
f 953/929/948 961/937/956 940/916/935
f 961/937/956 953/929/948 962/938/957
f 952/928/947 962/938/957 953/929/948
f 962/938/957 952/928/947 963/939/958
f 964/940/959 963/939/958 952/928/947
f 963/939/958 964/940/959 965/941/960
f 966/942/961 965/941/960 964/940/959
f 967/943/962 963/939/958 965/941/960
f 964/940/959 968/944/963 966/942/961
f 962/938/957 969/945/964 961/937/956
f 969/945/964 962/938/957 970/946/965
f 963/939/958 970/946/965 962/938/957
f 967/943/962 970/946/965 963/939/958
f 970/946/965 967/943/962 971/947/966
f 965/941/960 971/947/966 967/943/962
f 971/947/966 965/941/960 972/948/967
f 973/949/968 972/948/967 965/941/960
f 972/948/967 973/949/968 974/950/969
f 970/946/965 975/951/431 969/945/964
f 975/951/431 970/946/965 976/952/970
f 971/947/966 976/952/970 970/946/965
f 975/951/431 976/952/970 977/953/430
g thumb_l_jo
f 978/954/971 979/955/972 980/956/973
g thumb_a_l_jo
f 979/955/972 978/954/971 981/957/974
f 981/957/974 978/954/971 982/958/975
f 983/959/976 982/958/975 978/954/971
f 982/958/975 983/959/976 968/944/963
f 984/960/977 968/944/963 983/959/976
f 985/961/978 968/944/963 984/960/977
f 968/944/963 985/961/978 966/942/961
f 986/962/979 966/942/961 985/961/978
f 965/941/960 966/942/961 973/949/968
f 986/962/979 973/949/968 966/942/961
f 973/949/968 986/962/979 974/950/969
f 974/950/969 986/962/979 987/963/980
f 987/963/980 986/962/979 988/964/981
f 988/964/981 986/962/979 989/965/982
f 985/961/978 989/965/982 986/962/979
f 989/965/982 985/961/978 990/966/983
f 984/960/977 990/966/983 985/961/978
f 990/966/983 984/960/977 991/967/984
f 983/959/976 991/967/984 984/960/977
f 991/967/984 983/959/976 992/968/985
f 978/954/971 992/968/985 983/959/976
f 992/968/985 978/954/971 993/969/986
f 980/956/973 993/969/986 978/954/971
f 993/969/986 980/956/973 994/970/987
g thumb_l_jo
f 995/971/988 994/970/987 980/956/973
f 994/970/987 995/971/988 996/972/989
f 941/917/936 995/971/988 945/921/940
f 980/956/973 945/921/940 995/971/988
f 979/955/972 945/921/940 980/956/973
f 945/921/940 979/955/972 947/923/942
f 947/923/942 979/955/972 949/925/944
g thumb_a_l_jo
f 981/957/974 949/925/944 979/955/972
f 949/925/944 981/957/974 950/926/945
f 982/958/975 950/926/945 981/957/974
f 950/926/945 982/958/975 997/973/990
f 968/944/963 997/973/990 982/958/975
f 997/973/990 968/944/963 998/974/991
f 964/940/959 998/974/991 968/944/963
f 952/928/947 998/974/991 964/940/959
f 998/974/991 952/928/947 997/973/990
f 951/927/946 997/973/990 952/928/947
f 997/973/990 951/927/946 950/926/945
g thumb_l_jo
f 941/917/936 996/972/989 995/971/988
f 996/972/989 941/917/936 999/975/473
f 943/919/938 999/975/473 941/917/936
f 999/975/473 943/919/938 1000/976/992
f 1001/977/993 1000/976/992 943/919/938
f 1000/976/992 1001/977/993 1002/978/487
f 1002/978/487 1001/977/993 1003/979/994
f 1004/980/995 1003/979/994 1001/977/993
g wrist_l
f 1003/979/994 1004/980/995 1005/981/996
f 1006/982/997 1005/981/996 1004/980/995
g sforearm_l_d_ex_wj
f 1005/981/996 1006/982/997 1007/983/998
f 1008/984/999 1007/983/998 1006/982/997
f 1007/983/998 1008/984/999 1009/985/780
f 1010/986/1000 1009/985/780 1008/984/999
f 1009/985/780 1010/986/1000 1011/987/779
f 1011/987/779 1010/986/1000 1012/988/1001
f 1013/989/1002 1012/988/1001 1010/986/1000
f 1012/988/1001 1013/989/1002 1014/990/1003
f 1012/988/1001 1014/990/1003 1015/991/777
f 1007/983/998 1016/992/1004 1005/981/996
f 1017/993/483 1005/981/996 1016/992/1004
g wrist_l
f 1005/981/996 1017/993/483 1003/979/994
g sforearm_l_d_ex_wj
f 1017/993/483 1016/992/1004 1018/994/482
g thumb_l_jo
f 955/931/950 942/918/937 946/922/941
f 942/918/937 955/931/950 1019/995/1005
f 1020/996/1006 1019/995/1005 955/931/950
f 1019/995/1005 1020/996/1006 1021/997/1007
f 1022/998/1008 1021/997/1007 1020/996/1006
g wrist_l
f 1021/997/1007 1022/998/1008 1023/999/1009
f 1024/1000/1010 1023/999/1009 1022/998/1008
f 1013/989/1002 1023/999/1009 1024/1000/1010
f 1010/986/1000 1023/999/1009 1013/989/1002
f 1023/999/1009 1010/986/1000 1021/997/1007
f 1008/984/999 1021/997/1007 1010/986/1000
f 1021/997/1007 1008/984/999 1025/1001/1011
f 1006/982/997 1025/1001/1011 1008/984/999
f 1004/980/995 1025/1001/1011 1006/982/997
g thumb_l_jo
f 1001/977/993 1025/1001/1011 1004/980/995
f 1025/1001/1011 1001/977/993 1019/995/1005
f 1019/995/1005 1001/977/993 942/918/937
f 943/919/938 942/918/937 1001/977/993
f 1025/1001/1011 1019/995/1005 1021/997/1007
f 1020/996/1006 955/931/950 1022/998/1008
f 1026/1002/1012 955/931/950 954/930/949
f 955/931/950 1026/1002/1012 1022/998/1008
g wrist_l
f 1027/1003/1013 1022/998/1008 1026/1002/1012
f 1022/998/1008 1027/1003/1013 1024/1000/1010
f 1014/990/1003 1013/989/1002 1028/1004/1014
f 1024/1000/1010 1028/1004/1014 1013/989/1002
f 1028/1004/1014 1024/1000/1010 1029/1005/1015
f 1027/1003/1013 1029/1005/1015 1024/1000/1010
f 1029/1005/1015 1027/1003/1013 1030/1006/1016
f 1026/1002/1012 1030/1006/1016 1027/1003/1013
f 1030/1006/1016 1026/1002/1012 1031/1007/1017
f 954/930/949 1031/1007/1017 1026/1002/1012
f 1031/1007/1017 954/930/949 1032/1008/1018
f 956/932/951 1032/1008/1018 954/930/949
f 1032/1008/1018 956/932/951 1033/1009/1019
f 957/933/952 1033/1009/1019 956/932/951
f 1033/1009/1019 957/933/952 1034/1010/1020
f 1034/1010/1020 957/933/952 1035/1011/1021
f 958/934/953 1035/1011/1021 957/933/952
f 1035/1011/1021 958/934/953 1036/1012/1022
g thumb_a_l_jo
f 959/935/954 1036/1012/1022 958/934/953
g wrist_l
f 1037/1013/569 1033/1009/1019 1034/1010/1020
f 1033/1009/1019 1037/1013/569 1032/1008/1018
f 1038/1014/1023 1032/1008/1018 1037/1013/569
f 1032/1008/1018 1038/1014/1023 1031/1007/1017
f 1039/1015/1024 1031/1007/1017 1038/1014/1023
f 1040/1016/1025 1031/1007/1017 1039/1015/1024
f 1031/1007/1017 1040/1016/1025 1030/1006/1016
f 1029/1005/1015 1030/1006/1016 1040/1016/1025
f 1041/1017/1026 1038/1014/1023 1037/1013/569
f 1038/1014/1023 1041/1017/1026 1042/1018/1027
g sforearm_l_d_ex_wj
f 1043/1019/1028 1044/1020/776 1045/1021/1029
f 1015/991/777 1045/1021/1029 1044/1020/776
f 1014/990/1003 1045/1021/1029 1015/991/777
g wrist_l
f 1045/1021/1029 1014/990/1003 1046/1022/1030
f 1028/1004/1014 1046/1022/1030 1014/990/1003
f 1046/1022/1030 1028/1004/1014 1047/1023/1031
f 1029/1005/1015 1047/1023/1031 1028/1004/1014
f 1047/1023/1031 1029/1005/1015 1048/1024/1032
f 1040/1016/1025 1048/1024/1032 1029/1005/1015
f 1048/1024/1032 1040/1016/1025 1049/1025/1033
f 1039/1015/1024 1049/1025/1033 1040/1016/1025
f 1049/1025/1033 1039/1015/1024 1050/1026/1034
f 1038/1014/1023 1050/1026/1034 1039/1015/1024
f 1050/1026/1034 1038/1014/1023 1051/1027/1035
f 1042/1018/1027 1051/1027/1035 1038/1014/1023
f 1051/1027/1035 1042/1018/1027 58/49/60
f 1052/1028/583 58/49/60 1042/1018/1027
f 808/791/582 58/49/60 1052/1028/583
f 58/49/60 1053/1029/1036 1051/1027/1035
f 1050/1026/1034 1051/1027/1035 1053/1029/1036
f 1046/1022/1030 1054/1030/1037 1045/1021/1029
f 1043/1019/1028 1045/1021/1029 1054/1030/1037
f 1055/1031/1038 1046/1022/1030 1047/1023/1031
f 1046/1022/1030 1055/1031/1038 1054/1030/1037
f 1056/1032/1039 1054/1030/1037 1055/1031/1038
f 1057/1033/1040 1054/1030/1037 1056/1032/1039
f 1054/1030/1037 1057/1033/1040 1043/1019/1028
f 1058/1034/1041 1043/1019/1028 1057/1033/1040
f 1059/1035/1042 1060/1036/1043 1061/1037/1044
f 1060/1036/1043 1059/1035/1042 1062/1038/1045
f 1058/1034/1041 1062/1038/1045 1059/1035/1042
f 1057/1033/1040 1062/1038/1045 1058/1034/1041
f 1062/1038/1045 1057/1033/1040 1063/1039/1046
f 1056/1032/1039 1063/1039/1046 1057/1033/1040
f 1063/1039/1046 1056/1032/1039 1064/1040/1047
f 1055/1031/1038 1064/1040/1047 1056/1032/1039
f 1064/1040/1047 1055/1031/1038 1065/1041/1048
f 1047/1023/1031 1065/1041/1048 1055/1031/1038
f 1048/1024/1032 1065/1041/1048 1047/1023/1031
f 1065/1041/1048 1048/1024/1032 1066/1042/1049
f 1049/1025/1033 1066/1042/1049 1048/1024/1032
f 1060/1036/1043 1062/1038/1045 1067/1043/1050
f 1063/1039/1046 1067/1043/1050 1062/1038/1045
g ring_l
f 1067/1043/1050 1063/1039/1046 1068/1044/1051
f 1064/1040/1047 1068/1044/1051 1063/1039/1046
f 1068/1044/1051 1064/1040/1047 1069/1045/1052
f 1069/1045/1052 1064/1040/1047 1070/1046/1053
g wrist_l
f 1065/1041/1048 1070/1046/1053 1064/1040/1047
f 1070/1046/1053 1065/1041/1048 1066/1042/1049
g pinky_l_jo
f 1071/1047/1054 1072/1048/1055 1073/1049/1056
f 1072/1048/1055 1071/1047/1054 1074/1050/1057
f 1075/1051/1058 1074/1050/1057 1071/1047/1054
f 1074/1050/1057 1075/1051/1058 1076/1052/1059
f 1077/1053/1060 1076/1052/1059 1075/1051/1058
f 1076/1052/1059 1077/1053/1060 1067/1043/1050
g wrist_l
f 1078/1054/1061 1067/1043/1050 1077/1053/1060
f 1067/1043/1050 1078/1054/1061 1060/1036/1043
f 1079/1055/1062 1060/1036/1043 1078/1054/1061
f 1060/1036/1043 1079/1055/1062 1061/1037/1044
g sforearm_l_d_ex_wj
f 1080/1056/724 1061/1037/1044 1079/1055/1062
f 1061/1037/1044 1080/1056/724 1059/1035/1042
f 1081/1057/726 1059/1035/1042 1080/1056/724
f 1082/1058/1063 1059/1035/1042 1081/1057/726
f 1059/1035/1042 1082/1058/1063 1058/1034/1041
f 1083/1059/1064 1058/1034/1041 1082/1058/1063
f 1058/1034/1041 1083/1059/1064 1043/1019/1028
f 1044/1020/776 1043/1019/1028 1083/1059/1064
f 1079/1055/1062 1084/1060/722 1080/1056/724
f 1084/1060/722 1079/1055/1062 1085/1061/715
g wrist_l
f 1086/1062/1065 1087/1063/1066 1088/1064/1067
f 1087/1063/1066 1086/1062/1065 1089/1065/1068
g sforearm_l_d_ex_wj
f 1090/1066/706 1089/1065/1068 1086/1062/1065
f 1091/1067/708 1089/1065/1068 1090/1066/706
f 1085/1061/715 1089/1065/1068 1091/1067/708
f 1089/1065/1068 1085/1061/715 1092/1068/1069
f 1079/1055/1062 1092/1068/1069 1085/1061/715
g wrist_l
f 1078/1054/1061 1092/1068/1069 1079/1055/1062
f 1092/1068/1069 1078/1054/1061 1093/1069/1070
f 1077/1053/1060 1093/1069/1070 1078/1054/1061
g pinky_l_jo
f 1093/1069/1070 1077/1053/1060 1094/1070/1071
f 1075/1051/1058 1094/1070/1071 1077/1053/1060
f 1094/1070/1071 1075/1051/1058 1095/1071/1072
f 1096/1072/1073 1095/1071/1072 1075/1051/1058
f 1095/1071/1072 1096/1072/1073 1097/1073/1074
f 1098/1074/1075 1097/1073/1074 1096/1072/1073
f 1097/1073/1074 1098/1074/1075 1099/1075/1076
f 1099/1075/1076 1098/1074/1075 1100/1076/1077
f 1094/1070/1071 1095/1071/1072 1093/1069/1070
g wrist_l
f 1089/1065/1068 1092/1068/1069 1087/1063/1066
f 1093/1069/1070 1087/1063/1066 1092/1068/1069
f 1095/1071/1072 1087/1063/1066 1093/1069/1070
f 1087/1063/1066 1095/1071/1072 1088/1064/1067
g pinky_l_jo
f 1088/1064/1067 1095/1071/1072 1101/1077/1078
f 1097/1073/1074 1101/1077/1078 1095/1071/1072
f 1102/1078/1079 1100/1076/1077 1098/1074/1075
f 1100/1076/1077 1102/1078/1079 1103/1079/1080
f 1103/1079/1080 1102/1078/1079 1073/1049/1056
f 1073/1049/1056 1102/1078/1079 1071/1047/1054
f 1098/1074/1075 1071/1047/1054 1102/1078/1079
f 1071/1047/1054 1098/1074/1075 1075/1051/1058
f 1096/1072/1073 1075/1051/1058 1098/1074/1075
f 1100/1076/1077 1103/1079/1080 1104/1080/1081
f 1105/1081/1082 1104/1080/1081 1103/1079/1080
g pinky_a_l_jo
f 1106/1082/1083 1107/1083/1084 1108/1084/1085
f 1107/1083/1084 1106/1082/1083 1109/1085/1086
f 1110/1086/1087 1109/1085/1086 1106/1082/1083
f 1109/1085/1086 1110/1086/1087 1111/1087/1088
f 1112/1088/1089 1111/1087/1088 1110/1086/1087
f 1111/1087/1088 1112/1088/1089 1113/1089/1090
f 1114/1090/1091 1113/1089/1090 1112/1088/1089
f 1113/1089/1090 1114/1090/1091 1115/1091/1092
f 1116/1092/1093 1115/1091/1092 1114/1090/1091
f 1115/1091/1092 1116/1092/1093 1117/1093/1094
f 1118/1094/1095 1117/1093/1094 1116/1092/1093
f 1117/1093/1094 1118/1094/1095 1119/1095/1096
g pinky_l_jo
f 1105/1081/1082 1119/1095/1096 1118/1094/1095
f 1119/1095/1096 1105/1081/1082 1120/1096/1097
f 1103/1079/1080 1120/1096/1097 1105/1081/1082
f 1120/1096/1097 1103/1079/1080 1121/1097/1098
f 1073/1049/1056 1121/1097/1098 1103/1079/1080
f 1121/1097/1098 1073/1049/1056 1072/1048/1055
g pinky_a_l_jo
f 1119/1095/1096 1122/1098/1099 1117/1093/1094
f 1117/1093/1094 1122/1098/1099 1123/1099/1100
f 1124/1100/1101 1123/1099/1100 1122/1098/1099
f 1113/1089/1090 1115/1091/1092 1125/1101/1102
f 1117/1093/1094 1125/1101/1102 1115/1091/1092
f 1123/1099/1100 1125/1101/1102 1117/1093/1094
f 1125/1101/1102 1123/1099/1100 1126/1102/1103
f 1124/1100/1101 1126/1102/1103 1123/1099/1100
f 1126/1102/1103 1124/1100/1101 1127/1103/1104
g pinky_l_jo
f 1127/1103/1104 1124/1100/1101 1128/1104/1105
f 1122/1098/1099 1128/1104/1105 1124/1100/1101
f 1128/1104/1105 1122/1098/1099 1129/1105/1106
f 1119/1095/1096 1129/1105/1106 1122/1098/1099
f 1120/1096/1097 1129/1105/1106 1119/1095/1096
f 1121/1097/1098 1129/1105/1106 1120/1096/1097
f 1129/1105/1106 1121/1097/1098 1128/1104/1105
f 1130/1106/1107 1128/1104/1105 1121/1097/1098
f 1128/1104/1105 1130/1106/1107 1131/1107/1108
f 1131/1107/1108 1130/1106/1107 1072/1048/1055
f 1121/1097/1098 1072/1048/1055 1130/1106/1107
g pinky_a_l_jo
f 1132/1108/1109 1125/1101/1102 1126/1102/1103
g ring_l
f 1133/1109/1110 1134/1110/1111 1131/1107/1108
g pinky_l_jo
f 1131/1107/1108 1134/1110/1111 1128/1104/1105
f 1127/1103/1104 1128/1104/1105 1134/1110/1111
g pinky_a_l_jo
f 1125/1101/1102 1135/1111/1112 1113/1089/1090
f 1135/1111/1112 1125/1101/1102 1136/1112/1113
f 1132/1108/1109 1136/1112/1113 1125/1101/1102
f 1136/1112/1113 1132/1108/1109 1137/1113/1114
f 1126/1102/1103 1137/1113/1114 1132/1108/1109
f 1137/1113/1114 1126/1102/1103 1138/1114/1115
f 1127/1103/1104 1138/1114/1115 1126/1102/1103
f 1138/1114/1115 1127/1103/1104 1139/1115/1116
g ring_l
f 1134/1110/1111 1139/1115/1116 1127/1103/1104
f 1139/1115/1116 1134/1110/1111 1140/1116/1117
f 1133/1109/1110 1140/1116/1117 1134/1110/1111
f 1141/1117/1118 1140/1116/1117 1133/1109/1110
g wrist_l
f 1140/1116/1117 1141/1117/1118 1142/1118/1119
f 1143/1119/1120 1142/1118/1119 1141/1117/1118
f 1144/1120/1121 1142/1118/1119 1143/1119/1120
f 1142/1118/1119 1144/1120/1121 1145/1121/1122
f 1146/1122/1123 1145/1121/1122 1144/1120/1121
f 1145/1121/1122 1146/1122/1123 1147/1123/1124
g pinky_a_l_jo
f 1136/1112/1113 1137/1113/1114 1148/1124/1125
g wrist_l
f 1145/1121/1122 1149/1125/1126 1142/1118/1119
g ring_l
f 1140/1116/1117 1142/1118/1119 1149/1125/1126
g ring_a_l
f 1150/1126/1127 1139/1115/1116 1151/1127/1128
g pinky_a_l_jo
f 1139/1115/1116 1150/1126/1127 1138/1114/1115
f 1138/1114/1115 1150/1126/1127 1137/1113/1114
f 1152/1128/1129 1137/1113/1114 1150/1126/1127
f 1153/1129/1130 1137/1113/1114 1152/1128/1129
f 1137/1113/1114 1153/1129/1130 1148/1124/1125
f 1154/1130/1131 1148/1124/1125 1153/1129/1130
f 1155/1131/1132 1148/1124/1125 1154/1130/1131
f 1148/1124/1125 1155/1131/1132 1136/1112/1113
f 1156/1132/1133 1136/1112/1113 1155/1131/1132
f 1136/1112/1113 1156/1132/1133 1135/1111/1112
f 1135/1111/1112 1156/1132/1133 1157/1133/1134
f 1157/1133/1134 1156/1132/1133 1158/1134/1135
f 1159/1135/1136 1158/1134/1135 1156/1132/1133
f 1158/1134/1135 1159/1135/1136 1160/1136/1137
f 1161/1137/1138 1160/1136/1137 1159/1135/1136
f 1160/1136/1137 1161/1137/1138 1162/1138/1139
f 1163/1139/1140 1162/1138/1139 1161/1137/1138
f 1159/1135/1136 1156/1132/1133 1155/1131/1132
f 1161/1137/1138 1159/1135/1136 1164/1140/1141
f 1155/1131/1132 1164/1140/1141 1159/1135/1136
f 1164/1140/1141 1155/1131/1132 1154/1130/1131
g pinky_b_l
f 1165/1141/1142 1166/1142/1143 1162/1138/1139
g pinky_a_l_jo
f 1167/1143/1144 1162/1138/1139 1166/1142/1143
f 1162/1138/1139 1167/1143/1144 1160/1136/1137
f 1158/1134/1135 1160/1136/1137 1167/1143/1144
g pinky_b_l
f 1168/1144/1145 1169/1145/1146 1165/1141/1142
f 1170/1146/1147 1165/1141/1142 1169/1145/1146
f 1165/1141/1142 1170/1146/1147 1166/1142/1143
g pinky_a_l_jo
f 1171/1147/1148 1166/1142/1143 1170/1146/1147
f 1166/1142/1143 1171/1147/1148 1167/1143/1144
f 1172/1148/1149 1167/1143/1144 1171/1147/1148
f 1167/1143/1144 1172/1148/1149 1158/1134/1135
f 1157/1133/1134 1158/1134/1135 1172/1148/1149
g pinky_b_l
f 1173/1149/1150 1162/1138/1139 1163/1139/1140
f 1162/1138/1139 1173/1149/1150 1165/1141/1142
f 1174/1150/1151 1165/1141/1142 1173/1149/1150
f 1165/1141/1142 1174/1150/1151 1168/1144/1145
f 1175/1151/1152 1168/1144/1145 1174/1150/1151
f 1174/1150/1151 1176/1152/1153 1175/1151/1152
f 1177/1153/1154 1175/1151/1152 1176/1152/1153
f 1178/1154/1155 1175/1151/1152 1177/1153/1154
f 1179/1155/1156 1175/1151/1152 1178/1154/1155
f 1175/1151/1152 1179/1155/1156 1168/1144/1145
f 1180/1156/1157 1168/1144/1145 1179/1155/1156
f 1168/1144/1145 1180/1156/1157 1169/1145/1146
f 1181/1157/1158 1169/1145/1146 1180/1156/1157
f 1169/1145/1146 1181/1157/1158 1170/1146/1147
f 1182/1158/1159 1170/1146/1147 1181/1157/1158
g pinky_a_l_jo
f 1170/1146/1147 1182/1158/1159 1171/1147/1148
f 1107/1083/1084 1171/1147/1148 1182/1158/1159
f 1109/1085/1086 1171/1147/1148 1107/1083/1084
f 1171/1147/1148 1109/1085/1086 1172/1148/1149
f 1111/1087/1088 1172/1148/1149 1109/1085/1086
f 1172/1148/1149 1111/1087/1088 1157/1133/1134
f 1113/1089/1090 1157/1133/1134 1111/1087/1088
f 1157/1133/1134 1113/1089/1090 1135/1111/1112
g pinky_c_l
f 1183/1159/1160 1184/1160/1161 1185/1161/195
f 1186/1162/1162 1185/1161/195 1184/1160/1161
f 1185/1161/195 1186/1162/1162 1187/1163/1163
f 1188/1164/1164 1187/1163/1163 1186/1162/1162
g pinky_b_l
f 1187/1163/1163 1188/1164/1164 1177/1153/1154
f 1189/1165/1165 1177/1153/1154 1188/1164/1164
f 1177/1153/1154 1189/1165/1165 1178/1154/1155
f 1190/1166/1166 1178/1154/1155 1189/1165/1165
f 1178/1154/1155 1190/1166/1166 1179/1155/1156
f 1191/1167/1167 1179/1155/1156 1190/1166/1166
f 1179/1155/1156 1191/1167/1167 1180/1156/1157
f 1192/1168/1168 1180/1156/1157 1191/1167/1167
f 1180/1156/1157 1192/1168/1168 1181/1157/1158
f 1193/1169/1169 1181/1157/1158 1192/1168/1168
f 1181/1157/1158 1193/1169/1169 1182/1158/1159
f 1194/1170/1170 1182/1158/1159 1193/1169/1169
g pinky_a_l_jo
f 1108/1084/1085 1182/1158/1159 1194/1170/1170
f 1182/1158/1159 1108/1084/1085 1107/1083/1084
g pinky_b_l
f 1191/1167/1167 1195/1171/1171 1192/1168/1168
f 1195/1171/1171 1191/1167/1167 1196/1172/1172
f 1190/1166/1166 1196/1172/1172 1191/1167/1167
f 1196/1172/1172 1190/1166/1166 1197/1173/1173
f 1189/1165/1165 1197/1173/1173 1190/1166/1166
f 1196/1172/1172 1198/1174/1174 1195/1171/1171
f 1198/1174/1174 1196/1172/1172 1199/1175/1175
f 1199/1175/1175 1196/1172/1172 1200/1176/1176
f 1197/1173/1173 1200/1176/1176 1196/1172/1172
g pinky_c_l
f 1184/1160/1161 1201/1177/1177 1186/1162/1162
f 1202/1178/1178 1186/1162/1162 1201/1177/1177
f 1186/1162/1162 1202/1178/1178 1188/1164/1164
f 1188/1164/1164 1202/1178/1178 1189/1165/1165
f 1203/1179/1179 1189/1165/1165 1202/1178/1178
f 1189/1165/1165 1203/1179/1179 1197/1173/1173
f 1204/1180/1180 1197/1173/1173 1203/1179/1179
f 1197/1173/1173 1204/1180/1180 1200/1176/1176
f 1205/1181/1181 1200/1176/1176 1204/1180/1180
f 1200/1176/1176 1205/1181/1181 1199/1175/1175
f 1206/1182/1182 1199/1175/1175 1205/1181/1181
f 1207/1183/181 1199/1175/1175 1206/1182/1182
g pinky_b_l
f 1208/1184/1183 1199/1175/1175 1207/1183/181
f 1199/1175/1175 1208/1184/1183 1198/1174/1174
f 1209/1185/1184 1198/1174/1174 1208/1184/1183
f 1198/1174/1174 1209/1185/1184 1195/1171/1171
f 1210/1186/1185 1195/1171/1171 1209/1185/1184
f 1195/1171/1171 1210/1186/1185 1192/1168/1168
f 1193/1169/1169 1192/1168/1168 1210/1186/1185
g pinky_c_l
f 1211/1187/1186 1202/1178/1178 1201/1177/1177
f 1202/1178/1178 1211/1187/1186 1203/1179/1179
f 1212/1188/1187 1201/1177/1177 1213/1189/1188
f 1214/1190/1189 1201/1177/1177 1212/1188/1187
f 1201/1177/1177 1214/1190/1189 1211/1187/1186
f 1215/1191/25 1211/1187/1186 1214/1190/1189
f 1216/1192/1190 1211/1187/1186 1215/1191/25
f 1211/1187/1186 1216/1192/1190 1203/1179/1179
f 1217/1193/1191 1203/1179/1179 1216/1192/1190
f 1203/1179/1179 1217/1193/1191 1204/1180/1180
f 1218/1194/1192 1204/1180/1180 1217/1193/1191
f 1204/1180/1180 1218/1194/1192 1205/1181/1181
f 1219/1195/1193 1205/1181/1181 1218/1194/1192
f 1205/1181/1181 1219/1195/1193 1206/1182/1182
f 1220/1196/185 1206/1182/1182 1219/1195/1193
f 1218/1194/1192 1221/1197/1194 1222/1198/1195
f 1217/1193/1191 1221/1197/1194 1218/1194/1192
f 1221/1197/1194 1217/1193/1191 1223/1199/1196
f 1223/1199/1196 1217/1193/1191 1215/1191/25
f 1216/1192/1190 1215/1191/25 1217/1193/1191
f 1224/1200/1197 1222/1198/1195 1221/1197/1194
f 1222/1198/1195 1224/1200/1197 1225/1201/1198
f 1226/1202/1199 1225/1201/1198 1224/1200/1197
f 1225/1201/1198 1226/1202/1199 1227/1203/1200
f 1228/1204/1201 1227/1203/1200 1226/1202/1199
f 1227/1203/1200 1228/1204/1201 1229/1205/1202
f 1230/1206/13 1229/1205/1202 1228/1204/1201
f 1229/1205/1202 1230/1206/13 1231/1207/1203
f 1232/1208/1204 1231/1207/1203 1230/1206/13
f 1231/1207/1203 1232/1208/1204 1233/1209/1205
f 1234/1210/1206 1233/1209/1205 1232/1208/1204
f 1233/1209/1205 1234/1210/1206 1235/1211/1207
f 1236/1212/1208 1235/1211/1207 1234/1210/1206
f 1235/1211/1207 1236/1212/1208 1237/1213/1209
f 1238/1214/1210 1237/1213/1209 1236/1212/1208
f 1237/1213/1209 1238/1214/1210 1239/1215/1211
f 1213/1189/1188 1239/1215/1211 1238/1214/1210
f 1239/1215/1211 1213/1189/1188 1201/1177/1177
f 1225/1201/1198 1240/1216/410 1222/1198/1195
f 1240/1216/410 1225/1201/1198 1241/1217/1212
f 1241/1217/1212 1225/1201/1198 1242/1218/1213
f 1227/1203/1200 1242/1218/1213 1225/1201/1198
f 1229/1205/1202 1242/1218/1213 1227/1203/1200
f 1242/1218/1213 1229/1205/1202 1243/1219/402
f 1243/1219/402 1229/1205/1202 1244/1220/401
f 1231/1207/1203 1244/1220/401 1229/1205/1202
f 1233/1209/1205 1244/1220/401 1231/1207/1203
f 1244/1220/401 1233/1209/1205 1245/1221/1214
f 1245/1221/1214 1233/1209/1205 1246/1222/1215
f 1235/1211/1207 1246/1222/1215 1233/1209/1205
f 1237/1213/1209 1246/1222/1215 1235/1211/1207
f 1246/1222/1215 1237/1213/1209 1247/1223/1216
f 1247/1223/1216 1237/1213/1209 1248/1224/1217
f 1239/1215/1211 1248/1224/1217 1237/1213/1209
s 13
g index_c_l
f 1249/1225/1218 1250/1226/1219 1251/1227/1220
f 1252/1228/1221 1251/1227/1220 1250/1226/1219
s 18
f 1253/887/1222 1254/1229/1223 1255/1230/1224
f 1256/888/1225 1254/1229/1223 1253/887/1222
s 19
f 1257/1231/1226 1258/1232/1227 1259/1233/1228
f 1260/1234/1229 1259/1233/1228 1258/1232/1227
f 1259/1233/1228 1260/1234/1229 1256/888/1230
f 1261/1229/1231 1256/888/1230 1260/1234/1229
s 20
f 1262/1235/1232 1263/1236/1233 1257/1231/1234
f 1264/1232/1235 1257/1231/1234 1263/1236/1233
s 13
f 1265/1235/1236 1266/1237/1237 1263/1236/1238
s 6
g ring_c_l
f 1267/1238/1239 1268/1239/1240 1269/1240/654
f 1268/1239/1240 1267/1238/1239 1270/1241/1241
f 1271/1242/684 1270/1241/1241 1267/1238/1239
f 1270/1241/1241 1271/1242/684 1272/1243/1242
f 1273/1244/682 1272/1243/1242 1271/1242/684
f 1274/1245/1243 1275/1246/1244 1276/1247/1245
f 1277/1248/1246 1276/1247/1245 1275/1246/1244
f 1276/1247/1245 1277/1248/1246 1278/1249/1247
f 1279/1250/1248 1278/1249/1247 1277/1248/1246
f 1278/1249/1247 1279/1250/1248 1280/1251/1249
f 1281/1252/1250 1280/1251/1249 1279/1250/1248
f 1280/1251/1249 1281/1252/1250 1282/1253/1251
f 1282/1253/1251 1281/1252/1250 1283/1254/1252
f 1284/1255/1253 1283/1254/1252 1281/1252/1250
f 1283/1254/1252 1284/1255/1253 1285/1256/680
f 1286/1257/1254 1285/1256/680 1284/1255/1253
f 1285/1256/680 1286/1257/1254 1273/1244/682
f 1273/1244/682 1286/1257/1254 1272/1243/1242
f 1287/1258/1255 1272/1243/1242 1286/1257/1254
f 1272/1243/1242 1287/1258/1255 1270/1241/1241
f 1288/1259/1256 1270/1241/1241 1287/1258/1255
f 1289/1260/1257 1270/1241/1241 1288/1259/1256
f 1270/1241/1241 1289/1260/1257 1268/1239/1240
f 1277/1248/1246 1290/1261/1258 1279/1250/1248
f 1291/1262/1259 1279/1250/1248 1290/1261/1258
f 1279/1250/1248 1291/1262/1259 1281/1252/1250
f 1292/1263/1260 1281/1252/1250 1291/1262/1259
f 1293/1264/1261 1281/1252/1250 1292/1263/1260
f 1281/1252/1250 1293/1264/1261 1284/1255/1253
f 1284/1255/1253 1293/1264/1261 1286/1257/1254
f 1294/1265/1262 1286/1257/1254 1293/1264/1261
f 1286/1257/1254 1294/1265/1262 1287/1258/1255
f 1295/1266/1263 1291/1262/1259 1290/1261/1258
f 1296/1267/1264 1268/1239/1240 1289/1260/1257
f 1268/1239/1240 1296/1267/1264 1269/1240/654
f 1269/1240/654 1296/1267/1264 1297/1268/658
f 1298/1269/1265 1297/1268/658 1296/1267/1264
f 1297/1268/658 1298/1269/1265 1299/1270/1266
f 1299/1270/1266 1298/1269/1265 1300/1271/1267
f 1300/1271/1267 1298/1269/1265 1301/1272/1268
f 1301/1272/1268 1298/1269/1265 1302/1273/1269
f 1296/1267/1264 1302/1273/1269 1298/1269/1265
f 1302/1273/1269 1296/1267/1264 1303/1274/1270
f 1289/1260/1257 1303/1274/1270 1296/1267/1264
f 1297/1268/658 1299/1270/1266 1304/1275/1271
g ring_b_l
f 1305/1276/1272 1306/1277/1273 1307/1278/1274
f 1306/1277/1273 1305/1276/1272 1308/1279/1275
f 1309/1280/1276 1308/1279/1275 1305/1276/1272
f 1308/1279/1275 1309/1280/1276 1310/1281/1277
f 1311/1282/1278 1310/1281/1277 1309/1280/1276
f 1310/1281/1277 1311/1282/1278 1312/1283/1279
f 1313/1284/1280 1312/1283/1279 1311/1282/1278
f 1312/1283/1279 1313/1284/1280 1314/1285/1281
g ring_c_l
f 1315/1286/1282 1314/1285/1281 1313/1284/1280
f 1314/1285/1281 1315/1286/1282 1316/1287/1283
f 1317/1288/1284 1316/1287/1283 1315/1286/1282
f 1316/1287/1283 1317/1288/1284 1318/1289/1285
f 1318/1289/1285 1317/1288/1284 1299/1270/1266
f 1319/1290/1286 1299/1270/1266 1317/1288/1284
f 1299/1270/1266 1319/1290/1286 1304/1275/1271
f 1304/1275/1271 1319/1290/1286 1320/1291/1287
f 1320/1291/1287 1319/1290/1286 1274/1245/1243
f 1321/1292/1288 1274/1245/1243 1319/1290/1286
f 1319/1290/1286 1315/1286/1282 1321/1292/1288
f 1315/1286/1282 1319/1290/1286 1317/1288/1284
g ring_b_l
f 1322/1293/1289 1313/1284/1280 1311/1282/1278
g ring_c_l
f 1323/1294/1290 1324/1295/343 1318/1289/1285
f 1325/1296/1291 1318/1289/1285 1324/1295/343
f 1318/1289/1285 1325/1296/1291 1316/1287/1283
f 1274/1245/1243 1321/1292/1288 1275/1246/1244
f 1315/1286/1282 1275/1246/1244 1321/1292/1288
f 1275/1246/1244 1315/1286/1282 1326/1297/1292
f 1313/1284/1280 1326/1297/1292 1315/1286/1282
f 1326/1297/1292 1313/1284/1280 1327/1298/1293
f 1322/1293/1289 1327/1298/1293 1313/1284/1280
f 1327/1298/1293 1322/1293/1289 1328/1299/1294
f 1328/1299/1294 1322/1293/1289 1329/1300/353
g ring_b_l
f 1329/1300/353 1322/1293/1289 1330/1301/1295
f 1311/1282/1278 1330/1301/1295 1322/1293/1289
f 1309/1280/1276 1330/1301/1295 1311/1282/1278
f 1330/1301/1295 1309/1280/1276 1331/1302/350
f 1305/1276/1272 1331/1302/350 1309/1280/1276
f 1331/1302/350 1305/1276/1272 1332/1303/1296
f 1307/1278/1274 1332/1303/1296 1305/1276/1272
f 1332/1303/1296 1307/1278/1274 1333/1304/1297
f 1334/1305/1298 1333/1304/1297 1307/1278/1274
g ring_c_l
f 1327/1298/1293 1277/1248/1246 1326/1297/1292
f 1275/1246/1244 1326/1297/1292 1277/1248/1246
g ring_b_l
f 1335/1306/1299 1336/1307/1300 1337/1308/1301
f 1338/1309/1302 1337/1308/1301 1336/1307/1300
f 1337/1308/1301 1338/1309/1302 1339/1310/1303
f 1312/1283/1279 1339/1310/1303 1338/1309/1302
f 1314/1285/1281 1339/1310/1303 1312/1283/1279
f 1316/1287/1283 1339/1310/1303 1314/1285/1281
f 1339/1310/1303 1316/1287/1283 1340/1311/1304
f 1325/1296/1291 1340/1311/1304 1316/1287/1283
f 1340/1311/1304 1325/1296/1291 1341/1312/1305
f 1324/1295/343 1341/1312/1305 1325/1296/1291
f 1342/1313/1306 1341/1312/1305 1324/1295/343
f 1343/1314/1307 1341/1312/1305 1342/1313/1306
f 1341/1312/1305 1343/1314/1307 1344/1315/1308
f 1345/1316/1309 1344/1315/1308 1343/1314/1307
f 1344/1315/1308 1345/1316/1309 1335/1306/1299
f 1346/1317/1310 1335/1306/1299 1345/1316/1309
f 1344/1315/1308 1335/1306/1299 1337/1308/1301
f 1341/1312/1305 1344/1315/1308 1340/1311/1304
f 1337/1308/1301 1340/1311/1304 1344/1315/1308
f 1340/1311/1304 1337/1308/1301 1339/1310/1303
f 1347/1318/1311 1348/1319/1312 1349/1320/1313
f 1348/1319/1312 1347/1318/1311 1336/1307/1300
f 1350/1321/1314 1336/1307/1300 1347/1318/1311
f 1336/1307/1300 1350/1321/1314 1338/1309/1302
g ring_a_l
f 1351/1322/1315 1352/1323/1316 1353/1324/1317
g ring_b_l
f 1354/1325/1318 1353/1324/1317 1352/1323/1316
f 1353/1324/1317 1354/1325/1318 1349/1320/1313
f 1349/1320/1313 1354/1325/1318 1347/1318/1311
f 1350/1321/1314 1347/1318/1311 1354/1325/1318
g middle_a_l
f 1355/1326/1319 1356/1327/1320 1357/1328/1321
g ring_a_l
f 1356/1327/1320 1355/1326/1319 1358/1329/1322
f 1359/1330/1323 1358/1329/1322 1355/1326/1319
f 1358/1329/1322 1359/1330/1323 1360/1331/1324
f 1361/1332/1325 1360/1331/1324 1359/1330/1323
f 1360/1331/1324 1361/1332/1325 1362/1333/1326
f 1363/1334/1327 1362/1333/1326 1361/1332/1325
f 1362/1333/1326 1363/1334/1327 1364/1335/1328
f 1365/1336/1329 1364/1335/1328 1363/1334/1327
f 1364/1335/1328 1365/1336/1329 1351/1322/1315
f 1366/1337/1330 1351/1322/1315 1365/1336/1329
f 1351/1322/1315 1366/1337/1330 1352/1323/1316
g ring_b_l
f 1306/1277/1273 1352/1323/1316 1366/1337/1330
f 1352/1323/1316 1306/1277/1273 1354/1325/1318
f 1308/1279/1275 1354/1325/1318 1306/1277/1273
f 1354/1325/1318 1308/1279/1275 1350/1321/1314
f 1310/1281/1277 1350/1321/1314 1308/1279/1275
f 1350/1321/1314 1310/1281/1277 1338/1309/1302
f 1312/1283/1279 1338/1309/1302 1310/1281/1277
g middle_a_l
f 1367/1338/1331 44/35/46 107/98/109
f 44/35/46 1367/1338/1331 45/36/47
f 1368/1339/1332 45/36/47 1367/1338/1331
f 45/36/47 1368/1339/1332 1357/1328/1321
f 1369/1340/297 1357/1328/1321 1368/1339/1332
f 1357/1328/1321 1369/1340/297 1355/1326/1319
g ring_a_l
f 1370/1341/1333 1355/1326/1319 1369/1340/297
f 1355/1326/1319 1370/1341/1333 1359/1330/1323
f 1371/1342/1334 1359/1330/1323 1370/1341/1333
f 1359/1330/1323 1371/1342/1334 1361/1332/1325
f 1372/1343/1335 1361/1332/1325 1371/1342/1334
f 1361/1332/1325 1372/1343/1335 1363/1334/1327
f 1373/1344/1336 1363/1334/1327 1372/1343/1335
f 1363/1334/1327 1373/1344/1336 1365/1336/1329
f 1334/1305/1298 1365/1336/1329 1373/1344/1336
f 1365/1336/1329 1334/1305/1298 1366/1337/1330
g ring_b_l
f 1307/1278/1274 1366/1337/1330 1334/1305/1298
f 1366/1337/1330 1307/1278/1274 1306/1277/1273
g wrist_l
f 51/42/53 1374/1345/1337 40/31/42
f 1374/1345/1337 51/42/53 1375/1346/1338
f 59/50/61 1375/1346/1338 51/42/53
f 1375/1346/1338 59/50/61 1376/1347/1339
f 49/40/51 1376/1347/1339 59/50/61
g middle_a_l
f 47/38/49 1376/1347/1339 49/40/51
f 45/36/47 1376/1347/1339 47/38/49
f 1357/1328/1321 1376/1347/1339 45/36/47
f 1376/1347/1339 1357/1328/1321 1147/1123/1124
f 1356/1327/1320 1147/1123/1124 1357/1328/1321
f 1147/1123/1124 1356/1327/1320 1145/1121/1122
g ring_a_l
f 1377/1348/1340 1145/1121/1122 1356/1327/1320
f 1145/1121/1122 1377/1348/1340 1149/1125/1126
f 1378/1349/1341 1149/1125/1126 1377/1348/1340
g ring_l
f 1149/1125/1126 1378/1349/1341 1140/1116/1117
f 1379/1350/1342 1140/1116/1117 1378/1349/1341
f 1140/1116/1117 1379/1350/1342 1139/1115/1116
g ring_a_l
f 1380/1351/1343 1139/1115/1116 1379/1350/1342
f 1356/1327/1320 1358/1329/1322 1377/1348/1340
f 1381/1352/1344 1377/1348/1340 1358/1329/1322
f 1377/1348/1340 1381/1352/1344 1378/1349/1341
f 1381/1352/1344 1358/1329/1322 1382/1353/1345
f 1379/1350/1342 1378/1349/1341 1380/1351/1343
f 1381/1352/1344 1380/1351/1343 1378/1349/1341
f 1380/1351/1343 1381/1352/1344 1383/1354/1346
f 1382/1353/1345 1383/1354/1346 1381/1352/1344
f 1383/1354/1346 1382/1353/1345 1384/1355/1347
f 1358/1329/1322 1384/1355/1347 1382/1353/1345
f 1360/1331/1324 1384/1355/1347 1358/1329/1322
f 1384/1355/1347 1360/1331/1324 1362/1333/1326
f 1353/1324/1317 1385/1356/1348 1351/1322/1315
f 1386/1357/1349 1351/1322/1315 1385/1356/1348
f 1351/1322/1315 1386/1357/1349 1364/1335/1328
f 1387/1358/1350 1364/1335/1328 1386/1357/1349
f 1364/1335/1328 1387/1358/1350 1362/1333/1326
f 1362/1333/1326 1387/1358/1350 1384/1355/1347
f 1388/1359/1351 1384/1355/1347 1387/1358/1350
f 1384/1355/1347 1388/1359/1351 1383/1354/1346
f 1383/1354/1346 1388/1359/1351 1389/1360/1352
f 1390/1361/1353 1389/1360/1352 1388/1359/1351
f 1389/1360/1352 1390/1361/1353 1391/1362/1354
f 1392/1363/1355 1391/1362/1354 1390/1361/1353
f 1391/1362/1354 1392/1363/1355 1393/1364/1356
f 1394/1365/1357 1393/1364/1356 1392/1363/1355
f 1393/1364/1356 1394/1365/1357 1395/1366/1358
f 1395/1366/1358 1394/1365/1357 1396/1367/1359
f 1349/1320/1313 1396/1367/1359 1394/1365/1357
g ring_b_l
f 1396/1367/1359 1349/1320/1313 1348/1319/1312
g ring_a_l
f 1349/1320/1313 1394/1365/1357 1353/1324/1317
f 1353/1324/1317 1394/1365/1357 1385/1356/1348
f 1392/1363/1355 1385/1356/1348 1394/1365/1357
f 1385/1356/1348 1392/1363/1355 1386/1357/1349
f 1390/1361/1353 1386/1357/1349 1392/1363/1355
f 1386/1357/1349 1390/1361/1353 1387/1358/1350
f 1388/1359/1351 1387/1358/1350 1390/1361/1353
f 1139/1115/1116 1380/1351/1343 1151/1127/1128
f 1383/1354/1346 1151/1127/1128 1380/1351/1343
f 1151/1127/1128 1383/1354/1346 1397/1368/1360
f 1389/1360/1352 1397/1368/1360 1383/1354/1346
f 1397/1368/1360 1389/1360/1352 1398/1369/1361
f 1398/1369/1361 1389/1360/1352 1399/1370/1362
f 1391/1362/1354 1399/1370/1362 1389/1360/1352
f 1399/1370/1362 1391/1362/1354 1400/1371/1363
f 1393/1364/1356 1400/1371/1363 1391/1362/1354
f 1400/1371/1363 1393/1364/1356 1401/1372/1364
f 1395/1366/1358 1401/1372/1364 1393/1364/1356
f 1401/1372/1364 1395/1366/1358 1402/1373/1365
f 1396/1367/1359 1402/1373/1365 1395/1366/1358
f 1402/1373/1365 1396/1367/1359 1403/1374/1366
g ring_b_l
f 1403/1374/1366 1396/1367/1359 1346/1317/1310
f 1348/1319/1312 1346/1317/1310 1396/1367/1359
f 1346/1317/1310 1348/1319/1312 1335/1306/1299
f 1336/1307/1300 1335/1306/1299 1348/1319/1312
g ring_a_l
f 1398/1369/1361 1404/1375/1367 1397/1368/1360
f 1397/1368/1360 1150/1126/1127 1151/1127/1128
f 1150/1126/1127 1397/1368/1360 1152/1128/1129
g pinky_a_l_jo
f 1404/1375/1367 1152/1128/1129 1397/1368/1360
f 1152/1128/1129 1404/1375/1367 1153/1129/1130
f 1405/1376/1368 1153/1129/1130 1404/1375/1367
f 1406/1377/242 1153/1129/1130 1405/1376/1368
f 1153/1129/1130 1406/1377/242 1154/1130/1131
f 1407/1378/1369 1154/1130/1131 1406/1377/242
f 1154/1130/1131 1407/1378/1369 1164/1140/1141
f 1408/1379/244 1164/1140/1141 1407/1378/1369
f 1164/1140/1141 1408/1379/244 1161/1137/1138
f 1409/1380/1370 1161/1137/1138 1408/1379/244
f 1161/1137/1138 1409/1380/1370 1163/1139/1140
g pinky_b_l
f 1410/1381/1371 1163/1139/1140 1409/1380/1370
f 1163/1139/1140 1410/1381/1371 1173/1149/1150
f 1411/1382/1372 1173/1149/1150 1410/1381/1371
f 1173/1149/1150 1411/1382/1372 1174/1150/1151
f 1176/1152/1153 1174/1150/1151 1411/1382/1372
f 1187/1163/1163 1177/1153/1154 1412/1383/1373
f 1176/1152/1153 1412/1383/1373 1177/1153/1154
f 1412/1383/1373 1176/1152/1153 1413/1384/1374
f 1411/1382/1372 1413/1384/1374 1176/1152/1153
f 1413/1384/1374 1411/1382/1372 1414/1385/1375
f 1410/1381/1371 1414/1385/1375 1411/1382/1372
f 1414/1385/1375 1410/1381/1371 1415/1386/1376
f 1415/1386/1376 1410/1381/1371 1409/1380/1370
s 7
g index_c_l
f 1416/1387/1377 1417/1388/1378 1418/1389/1379
f 1419/1390/1380 1417/1388/1378 1416/1387/1377
f 1417/1388/1378 1419/1390/1380 1420/1391/1381
f 1421/1392/1382 1422/1393/1383 1423/1394/1384
f 1423/1394/1384 1422/1393/1383 1424/1395/1385
f 1424/1395/1385 1422/1393/1383 1425/1396/1386
f 1425/1396/1386 1422/1393/1383 1418/1389/1379
f 1426/1397/1387 1418/1389/1379 1422/1393/1383
f 1418/1389/1379 1426/1397/1387 1416/1387/1377
f 1427/1398/1388 1416/1387/1377 1426/1397/1387
f 1416/1387/1377 1427/1398/1388 1419/1390/1380
f 1428/1399/1389 1419/1390/1380 1427/1398/1388
f 1419/1390/1380 1428/1399/1389 1420/1391/1381
f 1420/1391/1381 1428/1399/1389 1429/1400/1390
f 1430/1401/1391 1429/1400/1390 1428/1399/1389
f 1431/1402/1392 1427/1398/1388 1422/1393/1383
f 1426/1397/1387 1422/1393/1383 1427/1398/1388
f 1421/1392/1382 1432/1403/1393 1433/1404/1394
f 1434/1405/1395 1433/1404/1394 1432/1403/1393
f 1433/1404/1394 1434/1405/1395 1435/1406/1396
f 1436/1407/1397 1435/1406/1396 1434/1405/1395
f 1435/1406/1396 1436/1407/1397 1437/1408/1398
f 1438/1409/1399 1437/1408/1398 1436/1407/1397
f 1439/1410/1400 1437/1408/1398 1438/1409/1399
f 1440/1411/1401 1437/1408/1398 1439/1410/1400
f 1437/1408/1398 1440/1411/1401 1441/1412/1402
f 1430/1401/1391 1441/1412/1402 1440/1411/1401
f 1441/1412/1402 1430/1401/1391 1442/1413/1403
f 1428/1399/1389 1442/1413/1403 1430/1401/1391
f 1442/1413/1403 1428/1399/1389 1443/1414/1404
f 1427/1398/1388 1443/1414/1404 1428/1399/1389
f 1443/1414/1404 1427/1398/1388 1433/1404/1394
f 1431/1402/1392 1433/1404/1394 1427/1398/1388
f 1433/1404/1394 1431/1402/1392 1421/1392/1382
f 1422/1393/1383 1421/1392/1382 1431/1402/1392
f 1433/1404/1394 1435/1406/1396 1443/1414/1404
f 1443/1414/1404 1435/1406/1396 1442/1413/1403
f 1442/1413/1403 1435/1406/1396 1441/1412/1402
f 1437/1408/1398 1441/1412/1402 1435/1406/1396
f 1444/1415/1405 1438/1409/1399 1445/1416/1406
f 1436/1407/1397 1445/1416/1406 1438/1409/1399
f 1445/1416/1406 1436/1407/1397 1446/1417/1407
f 1434/1405/1395 1446/1417/1407 1436/1407/1397
f 1446/1417/1407 1434/1405/1395 1432/1403/1393
g middle_a_l
f 1447/1418/1408 1448/1419/1409 1449/1420/1410
f 1449/1420/1410 1448/1419/1409 1450/1421/1411
f 1451/1422/1412 1450/1421/1411 1448/1419/1409
f 1450/1421/1411 1451/1422/1412 1452/1423/1413
f 1453/1424/1414 1454/1425/1415 1452/1423/1413
f 1455/1426/1416 1452/1423/1413 1454/1425/1415
f 1452/1423/1413 1455/1426/1416 1450/1421/1411
f 1456/1427/1417 1450/1421/1411 1455/1426/1416
f 1450/1421/1411 1456/1427/1417 1449/1420/1410
f 1457/1428/1418 1449/1420/1410 1456/1427/1417
f 1449/1420/1410 1457/1428/1418 1447/1418/1408
f 1458/1429/1394 1447/1418/1408 1457/1428/1418
f 1447/1418/1408 1458/1429/1394 1459/1430/1419
g middle_b_l
f 1460/1431/1420 1459/1430/1419 1458/1429/1394
f 1459/1430/1419 1460/1431/1420 1461/1432/1421
f 1458/1429/1394 1457/1428/1418 1460/1431/1420
f 1462/1433/1422 1460/1431/1420 1457/1428/1418
f 1460/1431/1420 1462/1433/1422 1463/1434/1423
g middle_a_l
f 1456/1427/1417 1464/1435/1424 1457/1428/1418
g middle_b_l
f 1465/1436/1425 1457/1428/1418 1464/1435/1424
f 1457/1428/1418 1465/1436/1425 1462/1433/1422
f 1466/1437/1426 1462/1433/1422 1465/1436/1425
f 1462/1433/1422 1466/1437/1426 1463/1434/1423
f 1467/1438/1427 1463/1434/1423 1466/1437/1426
g middle_a_l
f 1468/1439/1331 284/275/286 285/276/287
f 284/275/286 1468/1439/1331 1453/1424/1414
f 1469/1440/109 1453/1424/1414 1468/1439/1331
f 1453/1424/1414 1469/1440/109 1454/1425/1415
f 1470/1441/1428 1454/1425/1415 1469/1440/109
f 1454/1425/1415 1470/1441/1428 1455/1426/1416
f 1471/1442/1429 1455/1426/1416 1470/1441/1428
f 1455/1426/1416 1471/1442/1429 1456/1427/1417
f 1472/1443/1430 1456/1427/1417 1471/1442/1429
f 1456/1427/1417 1472/1443/1430 1464/1435/1424
g middle_b_l
f 1473/1444/1431 1464/1435/1424 1472/1443/1430
f 1464/1435/1424 1473/1444/1431 1465/1436/1425
f 1474/1445/1432 1465/1436/1425 1473/1444/1431
f 1465/1436/1425 1474/1445/1432 1466/1437/1426
f 1475/1446/1433 1466/1437/1426 1474/1445/1432
f 1466/1437/1426 1475/1446/1433 1467/1438/1427
f 1476/1447/1434 1467/1438/1427 1475/1446/1433
f 1467/1438/1427 1476/1447/1434 1477/1448/1435
g middle_c_l
f 1478/1449/1436 1479/1450/1437 1480/1451/1438
f 1479/1450/1437 1478/1449/1436 1481/1452/1439
g middle_b_l
f 1481/1452/1439 1478/1449/1436 1477/1448/1435
f 1482/1453/1440 1477/1448/1435 1476/1447/1434
f 1477/1448/1435 1482/1453/1440 1481/1452/1439
g middle_c_l
f 1483/1454/1441 1481/1452/1439 1482/1453/1440
f 1481/1452/1439 1483/1454/1441 1479/1450/1437
f 1484/1455/1442 1479/1450/1437 1483/1454/1441
f 1485/1456/1443 1479/1450/1437 1484/1455/1442
f 1486/1457/1444 1479/1450/1437 1485/1456/1443
f 1479/1450/1437 1486/1457/1444 1480/1451/1438
f 1487/1458/1445 1480/1451/1438 1486/1457/1444
f 1480/1451/1438 1487/1458/1445 1478/1449/1436
f 1488/1459/1394 1478/1449/1436 1487/1458/1445
g middle_b_l
f 1478/1449/1436 1488/1459/1394 1489/1460/1446
f 1490/1461/1447 1489/1460/1446 1488/1459/1394
f 1489/1460/1446 1490/1461/1447 1491/1462/1448
f 1492/1463/1449 1491/1462/1448 1490/1461/1447
f 1491/1462/1448 1492/1463/1449 1493/1464/1450
f 1494/1465/1451 1493/1464/1450 1492/1463/1449
f 1495/1466/81 1493/1464/1450 1494/1465/1451
f 1489/1460/1446 1491/1462/1448 1496/1467/1452
g middle_c_l
f 1497/1468/1453 1487/1458/1445 1486/1457/1444
f 1487/1458/1445 1497/1468/1453 1498/1469/1454
f 1499/1470/1455 1500/1471/1456 1501/1472/1457
f 1502/1473/1458 1501/1472/1457 1500/1471/1456
f 1501/1472/1457 1502/1473/1458 1498/1469/1454
f 1503/1474/1459 1498/1469/1454 1502/1473/1458
f 1498/1469/1454 1503/1474/1459 1487/1458/1445
f 1504/1475/1460 1487/1458/1445 1503/1474/1459
f 1487/1458/1445 1504/1475/1460 1488/1459/1394
g middle_b_l
f 1488/1459/1394 1504/1475/1460 1490/1461/1447
f 1505/1476/1461 1490/1461/1447 1504/1475/1460
f 1490/1461/1447 1505/1476/1461 1492/1463/1449
f 1506/1477/86 1492/1463/1449 1505/1476/1461
f 1492/1463/1449 1506/1477/86 1494/1465/1451
f 1505/1476/1461 1504/1475/1460 1507/1478/1462
g middle_c_l
f 1502/1473/1458 1504/1475/1460 1503/1474/1459
f 1504/1475/1460 1502/1473/1458 1507/1478/1462
f 1508/1479/1463 1507/1478/1462 1502/1473/1458
g middle_b_l
f 1509/1480/1464 1507/1478/1462 1508/1479/1463
f 1507/1478/1462 1509/1480/1464 1505/1476/1461
f 1506/1477/86 1505/1476/1461 1509/1480/1464
g middle_c_l
f 1508/1479/1463 1502/1473/1458 1500/1471/1456
g middle_a_l
f 1510/1481/1465 1459/1430/1419 1511/1482/1466
f 1511/1482/1466 1459/1430/1419 1512/1483/1467
g middle_b_l
f 1512/1483/1467 1459/1430/1419 1513/1484/1468
f 1461/1432/1421 1513/1484/1468 1459/1430/1419
f 1513/1484/1468 1461/1432/1421 1514/1485/1469
f 1460/1431/1420 1514/1485/1469 1461/1432/1421
f 1514/1485/1469 1460/1431/1420 1515/1486/1470
f 1463/1434/1423 1515/1486/1470 1460/1431/1420
f 1515/1486/1470 1463/1434/1423 1516/1487/1471
f 1467/1438/1427 1516/1487/1471 1463/1434/1423
f 1477/1448/1435 1516/1487/1471 1467/1438/1427
f 1516/1487/1471 1477/1448/1435 1517/1488/1472
f 1478/1449/1436 1517/1488/1472 1477/1448/1435
f 1489/1460/1446 1517/1488/1472 1478/1449/1436
f 1517/1488/1472 1489/1460/1446 1516/1487/1471
f 1496/1467/1452 1516/1487/1471 1489/1460/1446
f 1516/1487/1471 1496/1467/1452 1515/1486/1470
f 1515/1486/1470 1496/1467/1452 1514/1485/1469
f 1491/1462/1448 1514/1485/1469 1496/1467/1452
f 1493/1464/1450 1514/1485/1469 1491/1462/1448
f 1514/1485/1469 1493/1464/1450 1513/1484/1468
f 1493/1464/1450 1495/1466/81 1513/1484/1468
f 1518/1489/1473 1513/1484/1468 1495/1466/81
f 1513/1484/1468 1518/1489/1473 1512/1483/1467
g middle_a_l
f 1519/1490/1474 1512/1483/1467 1518/1489/1473
f 1512/1483/1467 1519/1490/1474 1511/1482/1466
f 1520/1491/1475 1511/1482/1466 1519/1490/1474
f 1511/1482/1466 1520/1491/1475 1521/1492/1476
f 1522/1493/1477 1521/1492/1476 1520/1491/1475
f 1521/1492/1476 1522/1493/1477 1523/1494/1478
f 1524/1495/1479 1523/1494/1478 1522/1493/1477
f 1523/1494/1478 1524/1495/1479 1525/1496/1480
f 620/611/73 1525/1496/1480 1524/1495/1479
g index_a_l
f 1525/1496/1480 620/611/73 1526/1497/1481
f 618/609/620 1526/1497/1481 620/611/73
f 1526/1497/1481 618/609/620 1527/1498/1482
f 608/599/610 1527/1498/1482 618/609/620
f 1527/1498/1482 608/599/610 545/536/547
f 546/537/548 545/536/547 608/599/610
g middle_a_l
f 1526/1497/1481 1528/1499/1483 1525/1496/1480
g index_a_l
f 1527/1498/1482 1528/1499/1483 1526/1497/1481
g middle_a_l
f 1528/1499/1483 1527/1498/1482 1529/1500/1484
f 1511/1482/1466 1521/1492/1476 1510/1481/1465
f 1510/1481/1465 1521/1492/1476 1530/1501/1485
f 1523/1494/1478 1530/1501/1485 1521/1492/1476
f 1530/1501/1485 1523/1494/1478 1531/1502/1486
f 1525/1496/1480 1531/1502/1486 1523/1494/1478
f 1531/1502/1486 1525/1496/1480 1532/1503/1487
f 1528/1499/1483 1532/1503/1487 1525/1496/1480
f 1533/1504/1488 1532/1503/1487 1528/1499/1483
f 1532/1503/1487 1533/1504/1488 1531/1502/1486
g index_a_l
f 541/532/543 1527/1498/1482 545/536/547
g wrist_l
f 1527/1498/1482 541/532/543 1529/1500/1484
f 1534/1505/1489 1529/1500/1484 541/532/543
f 1535/1506/1490 1529/1500/1484 1534/1505/1489
g middle_a_l
f 1529/1500/1484 1535/1506/1490 1528/1499/1483
f 1536/1507/1491 1528/1499/1483 1535/1506/1490
f 1528/1499/1483 1536/1507/1491 1533/1504/1488
f 1537/1508/1492 1533/1504/1488 1536/1507/1491
f 1533/1504/1488 1537/1508/1492 1538/1509/1493
f 1535/1506/1490 1537/1508/1492 1536/1507/1491
g wrist_l
f 541/532/543 532/523/534 1534/1505/1489
f 288/279/290 1534/1505/1489 532/523/534
f 1534/1505/1489 288/279/290 1535/1506/1490
g middle_a_l
f 289/280/291 1535/1506/1490 288/279/290
f 1535/1506/1490 289/280/291 1537/1508/1492
f 282/273/284 1537/1508/1492 289/280/291
f 284/275/286 1537/1508/1492 282/273/284
f 1453/1424/1414 1537/1508/1492 284/275/286
f 1537/1508/1492 1453/1424/1414 1538/1509/1493
f 1452/1423/1413 1538/1509/1493 1453/1424/1414
f 1538/1509/1493 1452/1423/1413 1533/1504/1488
f 1451/1422/1412 1533/1504/1488 1452/1423/1413
f 1533/1504/1488 1451/1422/1412 1531/1502/1486
f 1448/1419/1409 1531/1502/1486 1451/1422/1412
f 1531/1502/1486 1448/1419/1409 1530/1501/1485
f 1447/1418/1408 1530/1501/1485 1448/1419/1409
f 1530/1501/1485 1447/1418/1408 1510/1481/1465
f 1459/1430/1419 1510/1481/1465 1447/1418/1408
g wrist_l
f 1539/1510/1494 1540/1511/1495 1541/1512/1496
f 1541/1512/1496 1540/1511/1495 1542/1513/1497
f 1542/1513/1497 1540/1511/1495 1543/1514/1498
f 1543/1514/1498 1540/1511/1495 525/516/527
f 1544/1515/1499 525/516/527 1540/1511/1495
f 525/516/527 1544/1515/1499 529/520/531
f 1545/1516/1500 529/520/531 1544/1515/1499
f 529/520/531 1545/1516/1500 532/523/534
f 1546/1517/1501 532/523/534 1545/1516/1500
f 532/523/534 1546/1517/1501 288/279/290
f 1547/1518/1502 288/279/290 1546/1517/1501
g ring_l
f 288/279/290 1547/1518/1502 278/269/280
f 278/269/280 1547/1518/1502 277/268/279
f 277/268/279 1547/1518/1502 276/267/278
f 1548/1519/1503 276/267/278 1547/1518/1502
g pinky_l_jo
f 276/267/278 1548/1519/1503 1549/1520/1504
g wrist_l
f 1550/1521/1505 1549/1520/1504 1548/1519/1503
g pinky_l_jo
f 1549/1520/1504 1550/1521/1505 1551/1522/1506
f 1549/1520/1504 275/266/277 276/267/278
f 1551/1522/1506 275/266/277 1549/1520/1504
f 275/266/277 1551/1522/1506 1552/1523/1507
f 1552/1523/1507 1551/1522/1506 1553/1524/1508
f 1554/1525/1509 1553/1524/1508 1551/1522/1506
f 1555/1526/1510 1551/1522/1506 1550/1521/1505
f 1551/1522/1506 1555/1526/1510 1554/1525/1509
g wrist_l
f 1554/1525/1509 1555/1526/1510 1539/1510/1494
f 1539/1510/1494 1555/1526/1510 1540/1511/1495
f 1540/1511/1495 1555/1526/1510 1544/1515/1499
f 1550/1521/1505 1544/1515/1499 1555/1526/1510
f 1544/1515/1499 1550/1521/1505 1545/1516/1500
f 1548/1519/1503 1545/1516/1500 1550/1521/1505
f 1545/1516/1500 1548/1519/1503 1546/1517/1501
f 1547/1518/1502 1546/1517/1501 1548/1519/1503
g pinky_l_jo
f 274/265/276 275/266/277 272/263/274
f 1552/1523/1507 272/263/274 275/266/277
f 272/263/274 1552/1523/1507 1556/1527/1511
f 1553/1524/1508 1556/1527/1511 1552/1523/1507
f 1556/1527/1511 1553/1524/1508 1557/1528/1512
f 1557/1528/1512 1553/1524/1508 1558/1529/1513
f 1554/1525/1509 1558/1529/1513 1553/1524/1508
f 1558/1529/1513 1554/1525/1509 1559/1530/1514
g wrist_l
f 1539/1510/1494 1559/1530/1514 1554/1525/1509
f 1559/1530/1514 1539/1510/1494 1560/1531/1515
f 1541/1512/1496 1560/1531/1515 1539/1510/1494
f 1560/1531/1515 1541/1512/1496 523/514/525
f 1542/1513/1497 523/514/525 1541/1512/1496
f 523/514/525 1542/1513/1497 520/511/522
f 520/511/522 1542/1513/1497 519/510/521
f 1543/1514/1498 519/510/521 1542/1513/1497
f 519/510/521 1543/1514/1498 524/515/526
f 525/516/527 524/515/526 1543/1514/1498
f 522/513/524 1561/1532/1516 521/512/523
f 1562/1533/1517 521/512/523 1561/1532/1516
f 521/512/523 1562/1533/1517 523/514/525
f 1563/1534/1518 523/514/525 1562/1533/1517
f 523/514/525 1563/1534/1518 1560/1531/1515
f 1560/1531/1515 1563/1534/1518 1559/1530/1514
f 1559/1530/1514 1563/1534/1518 1564/1535/1519
f 1565/1536/1520 1564/1535/1519 1563/1534/1518
f 1566/1537/1521 1564/1535/1519 1565/1536/1520
f 1567/1538/1522 1564/1535/1519 1566/1537/1521
f 1564/1535/1519 1567/1538/1522 1568/1539/1523
f 1569/1540/1524 1568/1539/1523 1567/1538/1522
f 1557/1528/1512 1568/1539/1523 1569/1540/1524
f 1558/1529/1513 1568/1539/1523 1557/1528/1512
f 1559/1530/1514 1568/1539/1523 1558/1529/1513
f 1568/1539/1523 1559/1530/1514 1564/1535/1519
f 1563/1534/1518 1562/1533/1517 1565/1536/1520
f 1561/1532/1516 1565/1536/1520 1562/1533/1517
g sforearm_l_d_ex_wj
f 510/501/512 522/513/524 511/502/513
f 1570/1541/691 522/513/524 510/501/512
f 522/513/524 1570/1541/691 1561/1532/1516
f 1571/1542/699 1561/1532/1516 1570/1541/691
f 1561/1532/1516 1571/1542/699 1565/1536/1520
f 1572/1543/702 1565/1536/1520 1571/1542/699
f 1565/1536/1520 1572/1543/702 1566/1537/1521
f 1573/1544/1525 1566/1537/1521 1572/1543/702
f 1566/1537/1521 1573/1544/1525 1567/1538/1522
f 1574/1545/1526 1567/1538/1522 1573/1544/1525
g wrist_l
f 1567/1538/1522 1574/1545/1526 1569/1540/1524
f 1575/1546/1527 1569/1540/1524 1574/1545/1526
f 1576/1547/1067 1569/1540/1524 1575/1546/1527
f 1569/1540/1524 1576/1547/1067 1557/1528/1512
g pinky_l_jo
f 1577/1548/1528 1557/1528/1512 1576/1547/1067
f 1557/1528/1512 1577/1548/1528 1556/1527/1511
f 273/264/275 1556/1527/1511 1577/1548/1528
f 1556/1527/1511 273/264/275 272/263/274
g sforearm_l_d_ex_wj
f 1574/1545/1526 1578/1549/1529 1575/1546/1527
f 1578/1549/1529 1574/1545/1526 1579/1550/704
f 1579/1550/704 1574/1545/1526 1573/1544/1525
g ring_c_l
f 1580/1551/1530 1581/1552/1531 1582/1553/1532
f 1581/1552/1531 1580/1551/1530 1583/1554/1533
f 1583/1554/1533 1580/1551/1530 1584/1555/1534
f 1584/1555/1534 1580/1551/1530 1585/1556/1535
f 1586/1557/1536 1585/1556/1535 1580/1551/1530
f 1587/1558/1537 1582/1553/1532 1588/1559/1538
f 1588/1559/1538 1582/1553/1532 1589/1560/1539
f 1581/1552/1531 1589/1560/1539 1582/1553/1532
f 1589/1560/1539 1581/1552/1531 1590/1561/1540
f 1583/1554/1533 1590/1561/1540 1581/1552/1531
f 1590/1561/1540 1583/1554/1533 1591/1562/1541
f 1591/1562/1541 1583/1554/1533 1592/1563/1542
f 1592/1563/1542 1583/1554/1533 1593/1564/1543
f 1584/1555/1534 1593/1564/1543 1583/1554/1533
f 1593/1564/1543 1584/1555/1534 1594/1565/1544
f 1585/1556/1535 1594/1565/1544 1584/1555/1534
f 1595/1566/1545 1594/1565/1544 1585/1556/1535
f 1596/1567/1546 1594/1565/1544 1595/1566/1545
f 1597/1568/1547 1594/1565/1544 1596/1567/1546
f 1594/1565/1544 1597/1568/1547 1598/1569/1548
f 1598/1569/1548 1593/1564/1543 1594/1565/1544
f 1593/1564/1543 1598/1569/1548 1592/1563/1542
f 1592/1563/1542 1598/1569/1548 1599/1570/1549
f 1597/1568/1547 1599/1570/1549 1598/1569/1548
f 1599/1570/1549 1597/1568/1547 1600/1571/1550
f 1600/1571/1550 1597/1568/1547 1601/1572/1551
f 1596/1567/1546 1601/1572/1551 1597/1568/1547
f 1601/1572/1551 1596/1567/1546 1602/1573/1552
f 1602/1573/1552 1596/1567/1546 1603/1574/1553
f 1595/1566/1545 1603/1574/1553 1596/1567/1546
f 1603/1574/1553 1595/1566/1545 1604/1575/1554
f 1585/1556/1535 1604/1575/1554 1595/1566/1545
f 1604/1575/1554 1585/1556/1535 1605/1576/1555
f 1586/1557/1536 1605/1576/1555 1585/1556/1535
f 1605/1576/1555 1586/1557/1536 1606/1577/1556
f 1580/1551/1530 1606/1577/1556 1586/1557/1536
f 1606/1577/1556 1580/1551/1530 1587/1558/1537
f 1582/1553/1532 1587/1558/1537 1580/1551/1530
f 1607/1578/1557 1601/1572/1551 1602/1573/1552
f 1606/1577/1556 1608/1579/1558 1605/1576/1555
f 1608/1579/1558 1606/1577/1556 1609/1580/1559
f 1609/1580/1559 1606/1577/1556 1610/1581/1259
f 1610/1581/1259 1606/1577/1556 1588/1559/1538
f 1587/1558/1537 1588/1559/1538 1606/1577/1556
s 6
g thumb_b_l
f 1611/1582/1560 1612/1583/1561 1613/1584/1562
f 1614/1585/1563 1615/1586/1564 1616/1587/1565
f 1617/1588/1566 1616/1587/1565 1615/1586/1564
f 1616/1587/1565 1617/1588/1566 1618/1589/1567
f 1618/1589/1567 1617/1588/1566 1619/1590/1568
f 1619/1590/1568 1617/1588/1566 1620/1591/907
f 1620/1591/907 1617/1588/1566 1621/1592/1569
f 1615/1586/1564 1621/1592/1569 1617/1588/1566
f 1621/1592/1569 1615/1586/1564 1622/1593/1570
f 1623/1594/1571 1622/1593/1570 1615/1586/1564
f 1622/1593/1570 1623/1594/1571 1624/1595/1572
f 1625/1596/1573 1624/1595/1572 1623/1594/1571
f 1624/1595/1572 1625/1596/1573 1626/1597/1574
f 1627/1598/1575 1626/1597/1574 1625/1596/1573
f 1626/1597/1574 1627/1598/1575 1628/1599/1576
f 1629/1600/1577 1628/1599/1576 1627/1598/1575
f 1628/1599/1576 1629/1600/1577 1612/1583/1561
f 1630/1601/1578 1612/1583/1561 1629/1600/1577
f 1612/1583/1561 1630/1601/1578 1613/1584/1562
f 1631/1602/1579 1616/1587/1565 1618/1589/1567
f 1613/1584/1562 1630/1601/1578 1632/1603/1580
f 1632/1603/1580 1630/1601/1578 1633/1604/1581
f 1633/1604/1581 1630/1601/1578 1634/1605/1582
f 1629/1600/1577 1634/1605/1582 1630/1601/1578
f 1627/1598/1575 1634/1605/1582 1629/1600/1577
f 1634/1605/1582 1627/1598/1575 1635/1606/1583
f 1635/1606/1583 1627/1598/1575 1636/1607/1584
f 1625/1596/1573 1636/1607/1584 1627/1598/1575
f 1623/1594/1571 1636/1607/1584 1625/1596/1573
f 1636/1607/1584 1623/1594/1571 1637/1608/1585
f 1637/1608/1585 1623/1594/1571 1614/1585/1563
f 1615/1586/1564 1614/1585/1563 1623/1594/1571
g index_c_l
f 858/841/852 1638/1609/1586 852/835/846
f 1638/1609/1586 858/841/852 1639/1610/1587
f 1639/1610/1587 858/841/852 1640/1611/1399
f 1640/1611/1399 858/841/852 1641/1612/1588
f 859/842/853 1641/1612/1588 858/841/852
f 1642/1613/1589 1641/1612/1588 859/842/853
f 1641/1612/1588 1642/1613/1589 1643/1614/1590
f 1644/1615/1591 1643/1614/1590 1642/1613/1589
f 1645/1616/1592 1646/1617/1593 1647/1618/1594
f 1648/1619/1595 1647/1618/1594 1646/1617/1593
f 1647/1618/1594 1648/1619/1595 884/867/878
f 884/867/878 1648/1619/1595 887/870/881
f 1649/1620/1596 887/870/881 1648/1619/1595
f 887/870/881 1649/1620/1596 1650/1621/1597
f 1650/1621/1597 1649/1620/1596 1651/1622/1598
f 1652/1623/1599 1651/1622/1598 1649/1620/1596
f 1651/1622/1598 1652/1623/1599 1653/1624/1227
f 1654/1625/1600 1653/1624/1227 1652/1623/1599
f 1653/1624/1227 1654/1625/1600 1655/1626/1601
f 1656/1627/1602 1655/1626/1601 1654/1625/1600
f 1655/1626/1601 1656/1627/1602 1657/1628/1603
f 1658/1629/1604 1657/1628/1603 1656/1627/1602
f 1657/1628/1603 1658/1629/1604 1644/1615/1591
f 1644/1615/1591 1658/1629/1604 1643/1614/1590
f 1659/1630/1605 1643/1614/1590 1658/1629/1604
f 1643/1614/1590 1659/1630/1605 1641/1612/1588
f 1660/1631/1606 1641/1612/1588 1659/1630/1605
f 1641/1612/1588 1660/1631/1606 1640/1611/1399
f 1658/1629/1604 1661/1632/1607 1659/1630/1605
f 1661/1632/1607 1658/1629/1604 1662/1633/1390
f 1656/1627/1602 1662/1633/1390 1658/1629/1604
f 1654/1625/1600 1662/1633/1390 1656/1627/1602
f 1662/1633/1390 1654/1625/1600 1663/1634/1608
f 1663/1634/1608 1654/1625/1600 1664/1635/1609
f 1652/1623/1599 1664/1635/1609 1654/1625/1600
f 1649/1620/1596 1664/1635/1609 1652/1623/1599
f 1664/1635/1609 1649/1620/1596 1665/1636/1610
f 1665/1636/1610 1649/1620/1596 1646/1617/1593
f 1648/1619/1595 1646/1617/1593 1649/1620/1596
g thumb_b_l
f 1666/1637/1611 1667/1638/1612 1668/1639/1613
f 1669/1640/1614 1668/1639/1613 1667/1638/1612
f 1670/1641/1615 1671/1642/1616 1672/1643/1617
f 1672/1643/1617 1671/1642/1616 1666/1637/1611
f 1673/1644/1618 1666/1637/1611 1671/1642/1616
f 1666/1637/1611 1673/1644/1618 1667/1638/1612
f 1674/1645/1619 1667/1638/1612 1673/1644/1618
f 1667/1638/1612 1674/1645/1619 1669/1640/1614
f 1675/1646/1620 1669/1640/1614 1674/1645/1619
f 1674/1645/1619 1673/1644/1618 1676/1647/1621
f 1677/1648/1622 1678/1649/1623 1679/1650/1624
f 1678/1649/1623 1677/1648/1622 1680/1651/1625
f 1680/1651/1625 1677/1648/1622 1681/1652/1626
f 1682/1653/1627 1681/1652/1626 1677/1648/1622
f 1681/1652/1626 1682/1653/1627 1676/1647/1621
f 1676/1647/1621 1682/1653/1627 1674/1645/1619
f 1683/1654/1628 1674/1645/1619 1682/1653/1627
f 1674/1645/1619 1683/1654/1628 1675/1646/1620
f 1684/1655/1629 1675/1646/1620 1683/1654/1628
f 1675/1646/1620 1684/1655/1629 1669/1640/1614
f 1685/1656/1630 1669/1640/1614 1684/1655/1629
f 1686/1657/1631 1669/1640/1614 1685/1656/1630
f 1669/1640/1614 1686/1657/1631 1668/1639/1613
f 1687/1658/1632 1668/1639/1613 1686/1657/1631
f 1688/1659/1633 1668/1639/1613 1687/1658/1632
f 1668/1639/1613 1688/1659/1633 1689/1660/1634
f 1689/1660/1634 1688/1659/1633 1690/1661/1635
f 1691/1662/1636 1690/1661/1635 1688/1659/1633
f 1677/1648/1622 1692/1663/1637 1682/1653/1627
f 1683/1654/1628 1682/1653/1627 1692/1663/1637
f 1684/1655/1629 1683/1654/1628 1693/1664/1638
f 1692/1663/1637 1693/1664/1638 1683/1654/1628
f 1693/1664/1638 1692/1663/1637 1694/1665/1639
f 1694/1665/1639 1692/1663/1637 1695/1666/1640
f 1695/1666/1640 1692/1663/1637 1696/1667/1641
f 1697/1668/1642 1696/1667/1641 1692/1663/1637
f 1696/1667/1641 1697/1668/1642 1698/1669/1643
f 1699/1670/1644 1698/1669/1643 1697/1668/1642
s 7
g middle_c_l
f 1700/1671/1645 1701/1672/1646 1702/1673/1647
f 1700/1671/1645 1703/1674/1648 1701/1672/1646
f 1703/1674/1648 1700/1671/1645 1704/1675/161
f 1704/1675/161 1700/1671/1645 1705/1676/1649
f 1702/1673/1647 1705/1676/1649 1700/1671/1645
f 1705/1676/1649 1702/1673/1647 1706/1677/133
f 1706/1677/133 1702/1673/1647 1707/1678/1650
f 1707/1678/1650 1702/1673/1647 1708/1679/1651
f 1701/1672/1646 1708/1679/1651 1702/1673/1647
f 1708/1679/1651 1701/1672/1646 1709/1680/1652
f 1709/1680/1652 1701/1672/1646 1710/1681/1653
f 1711/1682/1654 1710/1681/1653 1701/1672/1646
f 1710/1681/1653 1711/1682/1654 1712/1683/1655
f 1713/1684/1656 1712/1683/1655 1711/1682/1654
f 1712/1683/1655 1713/1684/1656 1714/1685/1657
f 1715/1686/1658 1714/1685/1657 1713/1684/1656
f 1714/1685/1657 1715/1686/1658 1716/1687/1659
f 1717/1688/1660 1716/1687/1659 1715/1686/1658
f 1716/1687/1659 1717/1688/1660 1718/1689/1661
f 1714/1685/1657 1716/1687/1659 1719/1690/165
f 1720/1691/1662 1718/1689/1661 1717/1688/1660
f 1718/1689/1661 1720/1691/1662 1721/1692/157
f 1722/1693/1663 1721/1692/157 1720/1691/1662
f 1721/1692/157 1722/1693/1663 1723/1694/1664
f 1723/1694/1664 1722/1693/1663 1704/1675/161
f 1704/1675/161 1722/1693/1663 1703/1674/1648
f 1703/1674/1648 1722/1693/1663 1701/1672/1646
f 1701/1672/1646 1722/1693/1663 1711/1682/1654
f 1711/1682/1654 1722/1693/1663 1713/1684/1656
f 1720/1691/1662 1713/1684/1656 1722/1693/1663
f 1717/1688/1660 1713/1684/1656 1720/1691/1662
f 1713/1684/1656 1717/1688/1660 1715/1686/1658
s 6
g ring_l
f 1724/1695/1665 1725/1696/1666 1726/1697/1667
g pinky_l_jo
f 1076/1052/1059 1725/1696/1666 1074/1050/1057
f 1074/1050/1057 1725/1696/1666 1072/1048/1055
f 1724/1695/1665 1072/1048/1055 1725/1696/1666
f 1072/1048/1055 1724/1695/1665 1131/1107/1108
g ring_l
f 1726/1697/1667 1131/1107/1108 1724/1695/1665
f 1131/1107/1108 1726/1697/1667 1133/1109/1110
f 1727/1698/1668 1133/1109/1110 1726/1697/1667
g wrist_l
f 1133/1109/1110 1727/1698/1668 1141/1117/1118
f 1728/1699/1669 1141/1117/1118 1727/1698/1668
f 1141/1117/1118 1728/1699/1669 1143/1119/1120
f 1729/1700/1670 1143/1119/1120 1728/1699/1669
f 36/27/38 1143/1119/1120 1729/1700/1670
f 1143/1119/1120 36/27/38 1144/1120/1121
f 35/26/37 1144/1120/1121 36/27/38
f 1144/1120/1121 35/26/37 1730/1701/1671
f 37/28/39 1730/1701/1671 35/26/37
f 1730/1701/1671 37/28/39 1374/1345/1337
f 40/31/42 1374/1345/1337 37/28/39
f 34/25/36 58/49/60 43/34/45
f 58/49/60 34/25/36 1053/1029/1036
f 36/27/38 1053/1029/1036 34/25/36
f 1053/1029/1036 36/27/38 1050/1026/1034
f 1729/1700/1670 1050/1026/1034 36/27/38
f 1050/1026/1034 1729/1700/1670 1049/1025/1033
f 1728/1699/1669 1049/1025/1033 1729/1700/1670
f 1049/1025/1033 1728/1699/1669 1066/1042/1049
f 1727/1698/1668 1066/1042/1049 1728/1699/1669
f 1066/1042/1049 1727/1698/1668 1070/1046/1053
f 1726/1697/1667 1070/1046/1053 1727/1698/1668
g ring_l
f 1070/1046/1053 1726/1697/1667 1069/1045/1052
f 1725/1696/1666 1069/1045/1052 1726/1697/1667
f 1069/1045/1052 1725/1696/1666 1068/1044/1051
f 1731/1702/1672 1068/1044/1051 1725/1696/1666
f 1068/1044/1051 1731/1702/1672 1067/1043/1050
g pinky_l_jo
f 1067/1043/1050 1731/1702/1672 1076/1052/1059
f 1725/1696/1666 1076/1052/1059 1731/1702/1672
g wrist_l
f 1732/1703/1673 1147/1123/1124 1146/1122/1123
f 1147/1123/1124 1732/1703/1673 1376/1347/1339
f 1376/1347/1339 1732/1703/1673 1375/1346/1338
f 1733/1704/1674 1375/1346/1338 1732/1703/1673
f 1375/1346/1338 1733/1704/1674 1374/1345/1337
f 1374/1345/1337 1733/1704/1674 1730/1701/1671
f 1730/1701/1671 1733/1704/1674 1144/1120/1121
f 1144/1120/1121 1733/1704/1674 1146/1122/1123
f 1732/1703/1673 1146/1122/1123 1733/1704/1674
s 7
g pinky_b_l
f 176/167/178 201/192/203 174/165/176
f 204/195/206 174/165/176 201/192/203
f 174/165/176 204/195/206 175/166/177
f 175/166/177 204/195/206 1734/1705/1675
f 215/206/217 1734/1705/1675 204/195/206
f 1734/1705/1675 215/206/217 1735/1706/1676
g pinky_a_l_jo
f 216/207/218 1735/1706/1676 215/206/217
f 1735/1706/1676 216/207/218 1736/1707/1677
f 253/244/255 1736/1707/1677 216/207/218
f 1736/1707/1677 253/244/255 1737/1708/1083
f 254/245/256 1737/1708/1083 253/244/255
f 1737/1708/1083 254/245/256 1738/1709/1678
f 255/246/257 1738/1709/1678 254/245/256
f 1738/1709/1678 255/246/257 1739/1710/1089
f 256/247/258 1739/1710/1089 255/246/257
f 1739/1710/1089 256/247/258 1740/1711/1091
f 257/248/259 1740/1711/1091 256/247/258
f 1740/1711/1091 257/248/259 264/255/266
s 6
g middle_c_l
f 1741/1712/1679 1742/1713/1680 1743/1714/1681
f 109/100/111 1742/1713/1680 111/102/113
f 1741/1712/1679 111/102/113 1742/1713/1680
f 1744/1715/1682 111/102/113 1741/1712/1679
f 111/102/113 1744/1715/1682 113/104/115
g middle_b_l
f 113/104/115 1744/1715/1682 115/106/117
f 1745/1716/1683 115/106/117 1744/1715/1682
f 115/106/117 1745/1716/1683 117/108/119
s 7
g thumb_b_l
f 1746/1717/1684 1747/1718/1685 1748/1719/1686
f 1749/1720/1687 1748/1719/1686 1747/1718/1685
f 1750/1721/1688 1748/1719/1686 1749/1720/1687
f 1748/1719/1686 1750/1721/1688 1751/1722/1689
f 1751/1722/1689 1750/1721/1688 1752/1723/1690
f 1753/1724/1691 1752/1723/1690 1750/1721/1688
f 1754/1725/1692 1752/1723/1690 1753/1724/1691
f 1752/1723/1690 1754/1725/1692 1755/1726/1693
f 1755/1726/1693 1754/1725/1692 1756/1727/1694
f 1757/1728/1695 1756/1727/1694 1754/1725/1692
f 1756/1727/1694 1757/1728/1695 1758/1729/1636
f 1759/1730/1635 1758/1729/1636 1757/1728/1695
f 1760/1731/1615 1761/1732/1696 1762/1733/1697
f 1763/1734/1698 1762/1733/1697 1761/1732/1696
f 1762/1733/1697 1763/1734/1698 1764/1735/1699
f 1765/1736/1700 1764/1735/1699 1763/1734/1698
f 1764/1735/1699 1765/1736/1700 1766/1737/1701
f 1767/1738/1702 1766/1737/1701 1765/1736/1700
f 1766/1737/1701 1767/1738/1702 1768/1739/1703
f 1769/1740/1704 1768/1739/1703 1767/1738/1702
f 1768/1739/1703 1769/1740/1704 1770/1741/1705
f 1771/1742/1706 1770/1741/1705 1769/1740/1704
f 1770/1741/1705 1771/1742/1706 1772/1743/1623
f 1773/1744/1707 1772/1743/1623 1771/1742/1706
g ring_a_l
f 1774/1745/1708 1775/1746/1709 1776/1747/1710
f 1774/1745/1708 296/287/298 1777/1748/1711
f 305/296/307 296/287/298 307/298/309
f 1774/1745/1708 307/298/309 296/287/298
f 307/298/309 1774/1745/1708 308/299/310
f 1776/1747/1710 308/299/310 1774/1745/1708
f 308/299/310 1776/1747/1710 316/307/318
f 316/307/318 1776/1747/1710 314/305/316
f 1775/1746/1709 314/305/316 1776/1747/1710
f 314/305/316 1775/1746/1709 262/253/264
f 1778/1749/1712 262/253/264 1775/1746/1709
f 262/253/264 1778/1749/1712 260/251/262
f 260/251/262 1778/1749/1712 279/270/281
f 1775/1746/1709 279/270/281 1778/1749/1712
f 279/270/281 1775/1746/1709 286/277/288
f 1774/1745/1708 286/277/288 1775/1746/1709
f 286/277/288 1774/1745/1708 281/272/283
f 1777/1748/1711 281/272/283 1774/1745/1708
f 281/272/283 1777/1748/1711 287/278/289
f 296/287/298 287/278/289 1777/1748/1711
s 6
g pinky_c_l
f 1222/1198/1195 1219/1195/1193 1218/1194/1192
f 1219/1195/1193 1222/1198/1195 1220/1196/185
f 1240/1216/410 1220/1196/185 1222/1198/1195
g middle_c_l
f 142/133/144 163/154/165 143/134/145
f 148/139/150 143/134/145 163/154/165
f 143/134/145 148/139/150 144/135/146
g ring_c_l
f 1318/1289/1285 1301/1272/1268 1323/1294/1290
f 1301/1272/1268 1318/1289/1285 1300/1271/1267
f 1299/1270/1266 1300/1271/1267 1318/1289/1285
s 7
g middle_c_l
f 1484/1455/1442 1707/1678/1650 1485/1456/1443
f 1708/1679/1651 1485/1456/1443 1707/1678/1650
f 1485/1456/1443 1708/1679/1651 1486/1457/1444
f 1709/1680/1652 1486/1457/1444 1708/1679/1651
f 1486/1457/1444 1709/1680/1652 1497/1468/1453
f 1710/1681/1653 1497/1468/1453 1709/1680/1652
f 1497/1468/1453 1710/1681/1653 1498/1469/1454
f 1712/1683/1655 1498/1469/1454 1710/1681/1653
f 1714/1685/1657 1498/1469/1454 1712/1683/1655
f 1498/1469/1454 1714/1685/1657 1501/1472/1457
f 1501/1472/1457 1714/1685/1657 1499/1470/1455
f 1719/1690/165 1499/1470/1455 1714/1685/1657
g index_c_l
f 1424/1395/1385 651/642/652 1423/1394/1384
f 650/641/651 1423/1394/1384 651/642/652
f 1423/1394/1384 650/641/651 1421/1392/1382
f 649/640/650 1421/1392/1382 650/641/651
f 648/639/649 1421/1392/1382 649/640/650
f 1421/1392/1382 648/639/649 1432/1403/1393
f 1432/1403/1393 648/639/649 1446/1417/1407
f 647/638/648 1446/1417/1407 648/639/649
f 646/637/647 1446/1417/1407 647/638/648
f 1446/1417/1407 646/637/647 1445/1416/1406
f 1445/1416/1406 646/637/647 1444/1415/1405
f 645/636/646 1444/1415/1405 646/637/647
s 12
g sforearm_l_d_ex_wj
f 698/681/701 696/679/699 689/672/692
f 695/678/698 1779/1750/1713 693/676/696
f 1780/1751/1714 693/676/696 1779/1750/1713
f 693/676/696 1780/1751/1714 691/674/694
f 1781/1752/1715 691/674/694 1780/1751/1714
f 691/674/694 1781/1752/1715 689/672/692
f 689/672/692 1781/1752/1715 698/681/701
f 710/693/713 698/681/701 1781/1752/1715
f 698/681/701 710/693/713 697/680/700
f 710/693/713 1781/1752/1715 711/694/714
f 1780/1751/1714 711/694/714 1781/1752/1715
f 711/694/714 1780/1751/1714 714/697/717
f 1779/1750/1713 714/697/717 1780/1751/1714
f 799/782/800 802/785/503 789/772/790
f 791/774/792 789/772/790 802/785/503
f 784/767/787 782/765/785 789/772/790
f 789/772/790 782/765/785 798/781/799
f 798/781/799 782/765/785 795/778/796
f 783/766/786 795/778/796 782/765/785
f 1782/1753/695 800/783/801 1783/1754/1716
f 800/783/801 1782/1753/695 796/779/797
f 1784/1755/693 796/779/797 1782/1753/695
f 796/779/797 1784/1755/693 797/780/798
f 801/784/802 797/780/798 1784/1755/693
f 797/780/798 801/784/802 799/782/800
s 21
g middle_c_l
f 1785/1756/1717 1786/1757/1718 1787/1758/1719
f 1788/1759/1720 1787/1758/1719 1786/1757/1718
f 1789/1760/1721 1787/1758/1719 1788/1759/1720
f 1790/1761/1722 1787/1758/1719 1789/1760/1721
f 1787/1758/1719 1790/1761/1722 1785/1756/1717
f 1791/1762/1723 1785/1756/1717 1790/1761/1722
f 1785/1756/1717 1791/1762/1723 1792/1763/1724
f 1792/1763/1724 1791/1762/1723 1793/1764/1725
f 1794/1765/1726 1793/1764/1725 1791/1762/1723
f 1793/1764/1725 1794/1765/1726 1795/1766/1727
f 1796/1767/1728 1795/1766/1727 1794/1765/1726
f 1795/1766/1727 1796/1767/1728 1797/1768/1729
f 1798/1769/1730 1797/1768/1729 1796/1767/1728
f 1799/1770/1731 1797/1768/1729 1798/1769/1730
f 1800/1771/1732 1797/1768/1729 1799/1770/1731
f 1797/1768/1729 1800/1771/1732 1801/1772/1733
f 1802/1773/1734 1801/1772/1733 1800/1771/1732
f 1803/1774/1735 1801/1772/1733 1802/1773/1734
f 1801/1772/1733 1803/1774/1735 1804/1775/1736
f 1804/1775/1736 1803/1774/1735 1805/1763/1737
f 1806/1776/1738 1805/1763/1737 1803/1774/1735
f 1786/1757/1739 1805/1763/1737 1806/1776/1738
f 1805/1763/1737 1786/1757/1739 1807/1756/1740
f 1793/1764/1725 1795/1766/1727 1792/1763/1724
f 1792/1763/1724 1795/1766/1727 1808/1775/1741
f 1797/1768/1729 1808/1775/1741 1795/1766/1727
f 1808/1775/1741 1797/1768/1729 1801/1772/1733
f 1794/1765/1726 1791/1762/1723 1809/1777/1742
f 1790/1761/1722 1809/1777/1742 1791/1762/1723
f 1809/1777/1742 1790/1761/1722 1810/1778/1743
f 1789/1760/1721 1810/1778/1743 1790/1761/1722
f 1810/1778/1743 1789/1760/1721 1811/1779/1744
s 13
g index_c_l
f 1252/1228/1221 1250/1226/1219 1812/1780/1745
f 1813/1781/1746 1812/1780/1745 1250/1226/1219
f 1812/1780/1745 1813/1781/1746 1814/1782/1747
f 903/886/895 1814/1782/1747 1813/1781/1746
f 1814/1782/1747 903/886/895 900/883/848
f 901/884/893 900/883/848 903/886/895
f 905/888/897 903/886/895 1815/1233/1748
f 1813/1781/1746 1815/1233/1748 903/886/895
f 1815/1233/1748 1813/1781/1746 1816/1231/1749
f 1250/1226/1219 1816/1231/1749 1813/1781/1746
f 1816/1231/1749 1250/1226/1219 1265/1235/1236
f 1249/1225/1218 1265/1235/1236 1250/1226/1219
f 1265/1235/1236 1249/1225/1218 1266/1237/1237
f 1266/1237/1237 1249/1225/1218 1817/1783/1750
f 1251/1227/1220 1817/1783/1750 1249/1225/1218
f 902/885/894 901/884/893 1818/1784/1589
f 904/887/896 1818/1784/1589 901/884/893
f 1818/1784/1589 904/887/896 1255/1230/1751
s 7
g ring_c_l
f 353/344/355 1609/1580/1559 358/349/360
f 1609/1580/1559 353/344/355 1608/1579/1558
f 1608/1579/1558 353/344/355 1605/1576/1555
f 355/346/357 1605/1576/1555 353/344/355
f 345/336/347 1605/1576/1555 355/346/357
f 1605/1576/1555 345/336/347 1604/1575/1554
f 1604/1575/1554 345/336/347 1603/1574/1553
f 344/335/346 1603/1574/1553 345/336/347
f 343/334/345 1603/1574/1553 344/335/346
f 1603/1574/1553 343/334/345 1602/1573/1552
f 342/333/344 1602/1573/1552 343/334/345
f 1602/1573/1552 342/333/344 1607/1578/1557
s 6
f 1290/1261/1258 1328/1299/1294 1295/1266/1263
f 1328/1299/1294 1290/1261/1258 1327/1298/1293
f 1327/1298/1293 1290/1261/1258 1277/1248/1246
g middle_c_l
f 132/123/134 1742/1713/1680 109/100/111
f 1742/1713/1680 132/123/134 1743/1714/1681
f 129/120/131 1743/1714/1681 132/123/134
g index_c_l
f 844/827/838 1639/1610/1587 843/826/837
f 1639/1610/1587 844/827/838 1638/1609/1586
f 852/835/846 1638/1609/1586 844/827/838
f 1647/1618/1594 883/866/877 1645/1616/1592
f 883/866/877 1647/1618/1594 882/865/876
f 882/865/876 1647/1618/1594 884/867/878
s 7
g thumb_b_l
f 1748/1719/1686 388/379/390 1746/1717/1684
f 388/379/390 1748/1719/1686 387/378/389
f 387/378/389 1748/1719/1686 378/369/380
f 1751/1722/1689 378/369/380 1748/1719/1686
f 1752/1723/1690 378/369/380 1751/1722/1689
f 378/369/380 1752/1723/1690 377/368/379
f 377/368/379 1752/1723/1690 368/359/370
f 1755/1726/1693 368/359/370 1752/1723/1690
f 1756/1727/1694 368/359/370 1755/1726/1693
f 368/359/370 1756/1727/1694 367/358/369
f 1758/1729/1636 367/358/369 1756/1727/1694
f 367/358/369 1758/1729/1636 365/356/367
s 6
f 1618/1589/1567 1698/1669/1643 1631/1602/1579
f 1698/1669/1643 1618/1589/1567 1696/1667/1641
f 1696/1667/1641 1618/1589/1567 1695/1666/1640
f 1619/1590/1568 1695/1666/1640 1618/1589/1567
s 7
f 428/419/430 1760/1731/1615 426/417/428
f 1762/1733/1697 426/417/428 1760/1731/1615
f 1764/1735/1699 426/417/428 1762/1733/1697
f 426/417/428 1764/1735/1699 424/415/426
f 424/415/426 1764/1735/1699 422/413/424
f 1766/1737/1701 422/413/424 1764/1735/1699
f 1768/1739/1703 422/413/424 1766/1737/1701
f 422/413/424 1768/1739/1703 470/461/472
f 470/461/472 1768/1739/1703 469/460/471
f 1770/1741/1705 469/460/471 1768/1739/1703
f 469/460/471 1770/1741/1705 468/459/470
f 1772/1743/1623 468/459/470 1770/1741/1705
s 6
f 1670/1641/1615 977/953/430 1671/1642/1616
f 976/952/970 1671/1642/1616 977/953/430
f 1671/1642/1616 976/952/970 1673/1644/1618
f 971/947/966 1673/1644/1618 976/952/970
f 1673/1644/1618 971/947/966 1676/1647/1621
f 972/948/967 1676/1647/1621 971/947/966
f 1676/1647/1621 972/948/967 1681/1652/1626
f 974/950/969 1681/1652/1626 972/948/967
f 987/963/980 1681/1652/1626 974/950/969
f 1681/1652/1626 987/963/980 1680/1651/1625
f 1680/1651/1625 987/963/980 1678/1649/1623
f 988/964/981 1678/1649/1623 987/963/980
s 7
f 1747/1718/1685 1773/1744/1707 1749/1720/1687
f 1771/1742/1706 1749/1720/1687 1773/1744/1707
f 1749/1720/1687 1771/1742/1706 1750/1721/1688
f 1769/1740/1704 1750/1721/1688 1771/1742/1706
f 1750/1721/1688 1769/1740/1704 1753/1724/1691
f 1767/1738/1702 1753/1724/1691 1769/1740/1704
f 1753/1724/1691 1767/1738/1702 1754/1725/1692
f 1765/1736/1700 1754/1725/1692 1767/1738/1702
f 1754/1725/1692 1765/1736/1700 1757/1728/1695
f 1763/1734/1698 1757/1728/1695 1765/1736/1700
f 1757/1728/1695 1763/1734/1698 1759/1730/1635
f 1761/1732/1696 1759/1730/1635 1763/1734/1698
s 6
g pinky_c_l
f 1183/1159/1160 1248/1224/1217 1184/1160/1161
f 1239/1215/1211 1184/1160/1161 1248/1224/1217
f 1184/1160/1161 1239/1215/1211 1201/1177/1177
s 14
g thumb_b_l
f 924/907/916 1819/1785/1640 925/908/917
f 1819/1785/1640 924/907/916 1820/1786/1752
f 923/906/915 1820/1786/1752 924/907/916
f 1820/1786/1752 923/906/915 1821/1787/1753
f 1821/1787/1753 923/906/915 1822/1788/1754
f 922/905/914 1822/1788/1754 923/906/915
f 921/904/913 1822/1788/1754 922/905/914
f 1822/1788/1754 921/904/913 1823/1789/1755
f 1823/1789/1755 921/904/913 1824/1790/1756
f 920/903/912 1824/1790/1756 921/904/913
f 1824/1790/1756 920/903/912 1825/1791/1757
f 926/909/918 1825/1791/1757 920/903/912
s 7
g pinky_c_l
f 183/174/185 408/399/410 184/175/186
f 406/397/408 184/175/186 408/399/410
f 184/175/186 406/397/408 171/162/173
f 405/396/407 171/162/173 406/397/408
f 171/162/173 405/396/407 169/160/171
f 403/394/405 169/160/171 405/396/407
f 169/160/171 403/394/405 172/163/174
f 401/392/403 172/163/174 403/394/405
f 389/380/391 172/163/174 401/392/403
f 172/163/174 389/380/391 195/186/197
f 195/186/197 389/380/391 203/194/205
f 391/382/393 203/194/205 389/380/391
s 6
g thumb_b_l
f 1697/1668/1642 1679/1650/1624 1699/1670/1644
f 1679/1650/1624 1697/1668/1642 1677/1648/1622
f 1677/1648/1622 1697/1668/1642 1692/1663/1637
f 1666/1637/1611 1690/1661/1635 1672/1643/1617
f 1690/1661/1635 1666/1637/1611 1689/1660/1634
f 1668/1639/1613 1689/1660/1634 1666/1637/1611
f 1613/1584/1562 1687/1658/1632 1611/1582/1560
f 1687/1658/1632 1613/1584/1562 1688/1659/1633
f 1688/1659/1633 1613/1584/1562 1691/1662/1636
f 1632/1603/1580 1691/1662/1636 1613/1584/1562
s 22
g sforearm_l_d_ex_wj
g BrazoDer_mt_dress_white
usemtl mt_dress_white
f 1826/1792/1758 1827/1793/1759 1828/1794/1760
f 1827/1793/1759 1829/1795/1761 1828/1794/1760
f 1830/1796/1762 1829/1795/1761 1827/1793/1759
f 1829/1795/1761 1830/1796/1762 1831/1797/1763
f 1832/1798/1764 1831/1797/1763 1830/1796/1762
f 1831/1797/1763 1832/1798/1764 1833/1799/1765
f 1834/1800/1766 1833/1799/1765 1832/1798/1764
f 1833/1799/1765 1834/1800/1766 1835/1801/1767
g sforearm_l_c_ex_wj
f 1836/1802/1768 1835/1801/1767 1834/1800/1766
f 1837/1803/1769 1835/1801/1767 1836/1802/1768
f 1838/1804/1770 1835/1801/1767 1837/1803/1769
f 1835/1801/1767 1838/1804/1770 1839/1805/1771
f 1840/1806/1772 1839/1805/1771 1838/1804/1770
g sforearm_l_d_ex_wj
f 1839/1805/1771 1840/1806/1772 1841/1807/1773
f 1842/1808/1774 1841/1807/1773 1840/1806/1772
f 1841/1807/1773 1842/1808/1774 1843/1809/1775
f 1844/1810/1776 1843/1809/1775 1842/1808/1774
f 1843/1809/1775 1844/1810/1776 1845/1811/1777
f 1846/1812/1778 1845/1811/1777 1844/1810/1776
f 1839/1805/1771 1841/1807/1773 1847/1813/1779
f 1835/1801/1767 1839/1805/1771 1833/1799/1765
f 1847/1813/1779 1833/1799/1765 1839/1805/1771
f 1833/1799/1765 1847/1813/1779 1831/1797/1763
f 1831/1797/1763 1847/1813/1779 1848/1814/1780
f 1841/1807/1773 1848/1814/1780 1847/1813/1779
f 1848/1814/1780 1841/1807/1773 1849/1815/1781
f 1843/1809/1775 1849/1815/1781 1841/1807/1773
f 1849/1815/1781 1843/1809/1775 1850/1816/1782
f 1845/1811/1777 1850/1816/1782 1843/1809/1775
f 1850/1816/1782 1845/1811/1777 1851/1817/1783
f 1852/1818/1784 1851/1817/1783 1845/1811/1777
f 1844/1810/1776 1853/1819/1785 1854/1820/1786
f 1853/1819/1785 1844/1810/1776 1842/1808/1774
f 1851/1817/1783 1855/1821/1787 1850/1816/1782
f 1856/1822/1788 1850/1816/1782 1855/1821/1787
f 1850/1816/1782 1856/1822/1788 1849/1815/1781
f 1857/1823/1789 1849/1815/1781 1856/1822/1788
f 1849/1815/1781 1857/1823/1789 1848/1814/1780
f 1829/1795/1761 1848/1814/1780 1857/1823/1789
f 1848/1814/1780 1829/1795/1761 1831/1797/1763
f 1858/1824/1790 1859/1825/1791 1860/1826/1792
f 1861/1827/1793 1860/1826/1792 1859/1825/1791
f 1860/1826/1792 1861/1827/1793 1862/1828/1794
f 1863/1829/1794 1862/1828/1794 1861/1827/1793
f 1862/1828/1794 1863/1829/1794 1864/1830/1795
f 1865/1831/1796 1864/1830/1795 1863/1829/1794
f 1864/1830/1795 1865/1831/1796 1852/1818/1784
f 1866/1832/1797 1852/1818/1784 1865/1831/1796
f 1852/1818/1784 1866/1832/1797 1851/1817/1783
f 1867/1833/1798 1851/1817/1783 1866/1832/1797
f 1851/1817/1783 1867/1833/1798 1855/1821/1787
f 1868/1834/1799 1855/1821/1787 1867/1833/1798
f 1869/1835/1800 1855/1821/1787 1868/1834/1799
f 1855/1821/1787 1869/1835/1800 1856/1822/1788
f 1870/1836/1801 1856/1822/1788 1869/1835/1800
f 1856/1822/1788 1870/1836/1801 1857/1823/1789
f 1828/1794/1760 1857/1823/1789 1870/1836/1801
f 1857/1823/1789 1828/1794/1760 1829/1795/1761
f 1845/1811/1777 1846/1812/1778 1852/1818/1784
f 1852/1818/1784 1846/1812/1778 1864/1830/1795
f 1871/1837/1802 1864/1830/1795 1846/1812/1778
f 1864/1830/1795 1871/1837/1802 1862/1828/1794
f 1872/1838/1803 1862/1828/1794 1871/1837/1802
f 1862/1828/1794 1872/1838/1803 1860/1826/1792
f 1873/1839/1804 1860/1826/1792 1872/1838/1803
f 1860/1826/1792 1873/1839/1804 1858/1824/1790
f 1874/1840/1805 1858/1824/1790 1873/1839/1804
f 1858/1824/1790 1874/1840/1805 1875/1841/1806
f 1876/1842/1807 1875/1841/1806 1874/1840/1805
f 1875/1841/1806 1876/1842/1807 1877/1843/1808
f 1878/1844/1809 1877/1843/1808 1876/1842/1807
f 1877/1843/1808 1878/1844/1809 1879/1845/1810
f 1880/1846/1811 1879/1845/1810 1878/1844/1809
f 1879/1845/1810 1880/1846/1811 1881/1847/1812
f 1882/1848/1813 1881/1847/1812 1880/1846/1811
f 1881/1847/1812 1882/1848/1813 1883/1849/1814
f 1884/1850/1815 1885/1851/1816 1886/1852/1817
f 1885/1851/1816 1884/1850/1815 1887/1853/1818
f 1888/1854/1819 1887/1853/1818 1884/1850/1815
f 1887/1853/1818 1888/1854/1819 1889/1855/1820
f 1890/1856/1821 1889/1855/1820 1888/1854/1819
f 1889/1855/1820 1890/1856/1821 1883/1849/1814
f 1891/1857/1822 1883/1849/1814 1890/1856/1821
f 1892/1858/1823 1883/1849/1814 1891/1857/1822
f 1883/1849/1814 1892/1858/1823 1881/1847/1812
f 1893/1859/1824 1881/1847/1812 1892/1858/1823
f 1881/1847/1812 1893/1859/1824 1879/1845/1810
f 1894/1860/1825 1879/1845/1810 1893/1859/1824
f 1879/1845/1810 1894/1860/1825 1877/1843/1808
f 1895/1861/1826 1877/1843/1808 1894/1860/1825
f 1877/1843/1808 1895/1861/1826 1875/1841/1806
f 1896/1862/1827 1875/1841/1806 1895/1861/1826
f 1875/1841/1806 1896/1862/1827 1858/1824/1790
f 1859/1825/1791 1858/1824/1790 1896/1862/1827
f 1891/1857/1822 1890/1856/1821 1897/1863/1828
f 1898/1864/1829 1890/1856/1821 1888/1854/1819
f 1890/1856/1821 1898/1864/1829 1897/1863/1828
f 1899/1865/1830 1897/1863/1828 1898/1864/1829
g sforearm_l_c_ex_wj
f 1885/1851/1816 1900/1866/1831 1886/1852/1817
f 1901/1867/1832 1886/1852/1817 1900/1866/1831
g sforearm_l_d_ex_wj
f 1883/1849/1814 1882/1848/1813 1889/1855/1820
f 1902/1868/1833 1889/1855/1820 1882/1848/1813
f 1889/1855/1820 1902/1868/1833 1887/1853/1818
f 1903/1869/1834 1887/1853/1818 1902/1868/1833
f 1887/1853/1818 1903/1869/1834 1885/1851/1816
g sforearm_l_c_ex_wj
f 1904/1870/1835 1885/1851/1816 1903/1869/1834
f 1885/1851/1816 1904/1870/1835 1900/1866/1831
f 1905/1871/1836 1900/1866/1831 1904/1870/1835
f 1906/1872/1837 1900/1866/1831 1905/1871/1836
f 1900/1866/1831 1906/1872/1837 1901/1867/1832
f 1907/1873/1838 1901/1867/1832 1906/1872/1837
f 1901/1867/1832 1907/1873/1838 1908/1874/1839
f 1909/1875/1840 1908/1874/1839 1907/1873/1838
f 1908/1874/1839 1909/1875/1840 1910/1876/1841
f 1911/1877/1842 1910/1876/1841 1909/1875/1840
f 1910/1876/1841 1911/1877/1842 1912/1878/1843
f 1913/1879/1844 1912/1878/1843 1911/1877/1842
f 1910/1876/1841 1914/1880/1845 1908/1874/1839
f 1914/1880/1845 1910/1876/1841 1915/1881/1846
f 1912/1878/1843 1915/1881/1846 1910/1876/1841
f 1915/1881/1846 1912/1878/1843 1916/1882/1847
f 1917/1883/1848 1916/1882/1847 1912/1878/1843
g sforearm_l_d_ex_wj
f 1918/1884/1849 1915/1881/1846 1916/1882/1847
f 1914/1880/1845 1919/1885/1850 1920/1886/1851
f 1919/1885/1850 1914/1880/1845 1921/1887/1852
f 1915/1881/1846 1921/1887/1852 1914/1880/1845
f 1921/1887/1852 1915/1881/1846 1922/1888/1853
f 1918/1884/1849 1922/1888/1853 1915/1881/1846
f 1922/1888/1853 1918/1884/1849 1923/1889/1762
f 1921/1887/1852 1922/1888/1853 1924/1890/1854
f 1923/1889/1762 1924/1890/1854 1922/1888/1853
f 1925/1891/1759 1924/1890/1854 1923/1889/1762
f 1924/1890/1854 1925/1891/1759 1926/1892/1855
f 1927/1893/1758 1926/1892/1855 1925/1891/1759
f 1928/1894/1856 1926/1892/1855 1927/1893/1758
f 1899/1865/1830 1926/1892/1855 1928/1894/1856
f 1926/1892/1855 1899/1865/1830 1929/1895/1857
f 1898/1864/1829 1929/1895/1857 1899/1865/1830
f 1929/1895/1857 1898/1864/1829 1930/1896/1858
f 1888/1854/1819 1930/1896/1858 1898/1864/1829
f 1884/1850/1815 1930/1896/1858 1888/1854/1819
f 1930/1896/1858 1884/1850/1815 1919/1885/1850
f 1886/1852/1817 1919/1885/1850 1884/1850/1815
f 1919/1885/1850 1886/1852/1817 1920/1886/1851
g sforearm_l_c_ex_wj
f 1901/1867/1832 1920/1886/1851 1886/1852/1817
f 1908/1874/1839 1920/1886/1851 1901/1867/1832
f 1920/1886/1851 1908/1874/1839 1914/1880/1845
g sforearm_l_d_ex_wj
f 1931/1897/1859 1921/1887/1852 1924/1890/1854
f 1921/1887/1852 1931/1897/1859 1919/1885/1850
f 1919/1885/1850 1931/1897/1859 1930/1896/1858
f 1930/1896/1858 1931/1897/1859 1929/1895/1857
f 1929/1895/1857 1931/1897/1859 1926/1892/1855
f 1924/1890/1854 1926/1892/1855 1931/1897/1859
g sarm_l_c_ex_wj
f 1932/1898/1860 1933/1899/1861 1934/1900/1862
f 1935/1901/1863 1934/1900/1862 1933/1899/1861
f 1933/1899/1861 1932/1898/1860 1936/1902/1864
f 1936/1902/1864 1932/1898/1860 1937/1903/1810
f 1937/1903/1810 1932/1898/1860 1938/1904/1865
f 1938/1904/1865 1932/1898/1860 1939/1905/1866
f 1934/1900/1862 1939/1905/1866 1932/1898/1860
f 1940/1906/1867 1939/1905/1866 1934/1900/1862
f 1941/1907/1868 1939/1905/1866 1940/1906/1867
f 1939/1905/1866 1941/1907/1868 1942/1908/1869
g sarm_l_d_ex_wj
f 1943/1909/1870 1944/1910/1871 1945/1911/1872
f 1944/1910/1871 1943/1909/1870 1946/1912/1873
f 1947/1913/1874 1946/1912/1873 1943/1909/1870
f 1946/1912/1873 1947/1913/1874 1948/1914/1875
g sarm_l_c_ex_wj
f 1949/1915/1876 1950/1916/1877 1951/1917/1878
f 1950/1916/1877 1949/1915/1876 1952/1918/1879
f 1953/1919/1880 1952/1918/1879 1949/1915/1876
f 1954/1920/1881 1952/1918/1879 1953/1919/1880
f 1952/1918/1879 1954/1920/1881 1955/1921/1882
f 1956/1922/1883 1955/1921/1882 1954/1920/1881
g sarm_l_d_ex_wj
f 1957/1923/1884 1958/1924/1885 1959/1925/1886
f 1960/1926/1887 1959/1925/1886 1958/1924/1885
f 1961/1927/1888 1962/1928/1889 1963/1929/1890
f 1964/1930/1891 1963/1929/1890 1962/1928/1889
f 1965/1931/1892 1966/1932/1893 1967/1933/1894
f 1968/1934/1895 1967/1933/1894 1966/1932/1893
g sarm_l_c_ex_wj
f 1969/1935/1896 1970/1936/1897 1971/1937/1898
f 1971/1937/1898 1970/1936/1897 1972/1938/1899
f 1972/1938/1899 1970/1936/1897 1973/1939/1900
f 1974/1940/1901 1973/1939/1900 1970/1936/1897
g sarm_l_b_ex_wj
f 1975/1941/1902 1976/1942/1903 1977/1943/1904
f 1977/1943/1904 1976/1942/1903 1978/1944/1905
f 1979/1945/1906 1978/1944/1905 1976/1942/1903
f 1978/1944/1905 1979/1945/1906 1980/1946/1907
g sforearm_l_a_wj
f 1981/1947/1908 1982/1948/1909 1983/1949/1910
g sforearm_l_c_ex_wj
f 1982/1948/1909 1981/1947/1908 1984/1950/1911
f 1985/1951/1912 1984/1950/1911 1981/1947/1908
g sforearm_l_a_wj
f 1986/1952/1913 1987/1953/1914 1988/1954/1915
f 1987/1953/1914 1986/1952/1913 1983/1949/1910
f 1989/1955/1916 1983/1949/1910 1986/1952/1913
f 1983/1949/1910 1989/1955/1916 1981/1947/1908
f 1990/1956/1917 1981/1947/1908 1989/1955/1916
f 1991/1957/1918 1981/1947/1908 1990/1956/1917
g sforearm_l_c_ex_wj
f 1992/1958/1919 1981/1947/1908 1991/1957/1918
f 1981/1947/1908 1992/1958/1919 1985/1951/1912
f 1993/1959/1920 1985/1951/1912 1992/1958/1919
f 1985/1951/1912 1993/1959/1920 1984/1950/1911
f 1984/1950/1911 1993/1959/1920 1994/1960/1921
f 1995/1961/1922 1994/1960/1921 1993/1959/1920
f 1994/1960/1921 1995/1961/1922 1996/1962/1923
g sforearm_l_a_wj
f 1986/1952/1913 1990/1956/1917 1989/1955/1916
f 1986/1952/1913 1988/1954/1915 1997/1963/1924
g sforearm_l_c_ex_wj
f 1993/1959/1920 1998/1964/1925 1995/1961/1922
f 1998/1964/1925 1993/1959/1920 1999/1965/1926
f 1992/1958/1919 1999/1965/1926 1993/1959/1920
f 2000/1966/1927 1996/1962/1923 2001/1967/1928
f 1995/1961/1922 2001/1967/1928 1996/1962/1923
f 2001/1967/1928 1995/1961/1922 2002/1968/1929
f 1998/1964/1925 2002/1968/1929 1995/1961/1922
f 2002/1968/1929 1998/1964/1925 2003/1969/1930
f 1999/1965/1926 2003/1969/1930 1998/1964/1925
f 2003/1969/1930 1999/1965/1926 2004/1970/1931
f 1992/1958/1919 2004/1970/1931 1999/1965/1926
f 2004/1970/1931 1992/1958/1919 2005/1971/1932
f 2005/1971/1932 1992/1958/1919 2006/1972/1933
f 1991/1957/1918 2006/1972/1933 1992/1958/1919
g sforearm_l_a_wj
f 2006/1972/1933 1991/1957/1918 2007/1973/1934
f 1990/1956/1917 2007/1973/1934 1991/1957/1918
f 2007/1973/1934 1990/1956/1917 2008/1974/1935
f 2008/1974/1935 1990/1956/1917 2009/1975/1936
f 1986/1952/1913 2009/1975/1936 1990/1956/1917
f 2009/1975/1936 1986/1952/1913 2010/1976/1937
f 1997/1963/1924 2010/1976/1937 1986/1952/1913
f 2010/1976/1937 1997/1963/1924 2011/1977/1938
f 2010/1976/1937 2012/1978/1939 2009/1975/1936
f 2008/1974/1935 2009/1975/1936 2012/1978/1939
g sforearm_l_c_ex_wj
f 2013/1979/1940 2002/1968/1929 2003/1969/1930
g sforearm_l_a_wj
f 2014/1980/1941 2006/1972/1933 2015/1981/1942
g sforearm_l_c_ex_wj
f 2006/1972/1933 2014/1980/1941 2005/1971/1932
f 2016/1982/1943 2005/1971/1932 2014/1980/1941
f 2005/1971/1932 2016/1982/1943 2004/1970/1931
f 2017/1983/1944 2004/1970/1931 2016/1982/1943
f 2004/1970/1931 2017/1983/1944 2003/1969/1930
f 2018/1984/1945 2003/1969/1930 2017/1983/1944
f 2003/1969/1930 2018/1984/1945 2013/1979/1940
f 2019/1985/1946 2013/1979/1940 2018/1984/1945
g sforearm_l_a_wj
f 2020/1986/1947 2021/1987/1948 2022/1988/1949
f 2022/1988/1949 2021/1987/1948 2023/1989/1950
f 2024/1990/1951 2023/1989/1950 2021/1987/1948
f 2023/1989/1950 2024/1990/1951 2025/1991/1952
f 2025/1991/1952 2024/1990/1951 2026/1992/1953
f 2026/1992/1953 2024/1990/1951 2027/1993/1954
f 2027/1993/1954 2024/1990/1951 2011/1977/1938
f 2028/1994/1955 2011/1977/1938 2024/1990/1951
f 2011/1977/1938 2028/1994/1955 2010/1976/1937
f 2029/1995/1956 2010/1976/1937 2028/1994/1955
f 2010/1976/1937 2029/1995/1956 2012/1978/1939
f 2030/1996/1957 2012/1978/1939 2029/1995/1956
f 2031/1997/1958 2012/1978/1939 2030/1996/1957
f 2012/1978/1939 2031/1997/1958 2008/1974/1935
f 2032/1998/1959 2008/1974/1935 2031/1997/1958
f 2008/1974/1935 2032/1998/1959 2007/1973/1934
f 2015/1981/1942 2007/1973/1934 2032/1998/1959
f 2007/1973/1934 2015/1981/1942 2006/1972/1933
f 2024/1990/1951 2021/1987/1948 2028/1994/1955
f 2028/1994/1955 2021/1987/1948 2029/1995/1956
f 2020/1986/1947 2029/1995/1956 2021/1987/1948
f 2029/1995/1956 2020/1986/1947 2030/1996/1957
g sarm_l_b_ex_wj
f 2033/1999/1960 2034/2000/1961 2035/2001/1962
f 2036/2002/1963 2035/2001/1962 2034/2000/1961
f 2037/2003/1964 2038/2004/1965 2039/2005/1966
f 2033/1999/1960 2039/2005/1966 2038/2004/1965
f 2040/2006/1967 2038/2004/1965 2041/2007/1968
f 2042/2008/1969 2041/2007/1968 2038/2004/1965
f 2043/2009/1970 2044/2010/1971 2045/2011/1972
f 2046/2012/1973 2045/2011/1972 2044/2010/1971
f 2047/2013/1974 2048/2014/1975 2049/2015/1976
f 2050/2016/1977 2049/2015/1976 2048/2014/1975
f 2051/2017/1978 2052/2018/1979 2053/2019/1980
f 2054/2020/1981 2053/2019/1980 2052/2018/1979
f 2055/2021/1982 2056/2022/1983 2057/2023/1984
f 2058/2024/1985 2057/2023/1984 2056/2022/1983
g sarm_l_d_ex_wj
f 2059/2025/1986 2060/2026/1987 2061/2027/1988
f 2062/2028/1989 2061/2027/1988 2060/2026/1987
f 2063/2029/1990 2064/2030/1991 2065/2031/1992
f 2066/2032/1993 2065/2031/1992 2064/2030/1991
f 2067/2033/1994 2068/2034/1995 2069/2035/1996
f 2070/2036/1997 2069/2035/1996 2068/2034/1995
f 2069/2035/1996 2070/2036/1997 2071/2037/1998
f 2072/2038/1999 2071/2037/1998 2070/2036/1997
f 2073/2039/2000 2071/2037/1998 2072/2038/1999
f 2071/2037/1998 2073/2039/2000 2074/2040/2001
f 2075/2041/2002 2076/2042/2003 2077/2043/2004
f 2076/2042/2003 2075/2041/2002 2078/2044/2005
f 2079/2045/2006 2078/2044/2005 2075/2041/2002
f 2078/2044/2005 2079/2045/2006 2080/2046/2007
f 2080/2046/2007 2079/2045/2006 2081/2047/2008
f 2082/2048/2009 2081/2047/2008 2079/2045/2006
f 2083/2049/2010 2084/2050/2011 2085/2051/2012
f 2086/2052/2013 2085/2051/2012 2084/2050/2011
f 2085/2051/2012 2086/2052/2013 2087/2053/2014
f 2088/2054/2015 2087/2053/2014 2086/2052/2013
f 2087/2053/2014 2088/2054/2015 2089/2055/2016
f 2090/2056/2017 2089/2055/2016 2088/2054/2015
g sforearm_l_a_wj
f 2091/2057/2018 2092/2058/2019 2093/2059/2020
f 2094/2060/2021 2093/2059/2020 2092/2058/2019
g sforearm_l_c_ex_wj
f 2095/2061/2022 2096/2062/2023 2097/2063/2024
f 2098/2064/2025 2097/2063/2024 2096/2062/2023
f 2097/2063/2024 2098/2064/2025 2099/2065/2026
f 2100/2066/2027 2099/2065/2026 2098/2064/2025
f 2099/2065/2026 2100/2066/2027 2101/2067/2028
f 2102/2068/2029 2101/2067/2028 2100/2066/2027
f 2101/2067/2028 2102/2068/2029 2103/2069/2030
f 2104/2070/2031 2103/2069/2030 2102/2068/2029
g sforearm_l_a_wj
f 2103/2069/2030 2104/2070/2031 2105/2071/2032
f 2106/2072/2033 2105/2071/2032 2104/2070/2031
f 2105/2071/2032 2106/2072/2033 2107/2073/2034
f 2108/2074/2035 2107/2073/2034 2106/2072/2033
f 2107/2073/2034 2108/2074/2035 2109/2075/2036
f 2110/2076/2037 2109/2075/2036 2108/2074/2035
f 2109/2075/2036 2110/2076/2037 2111/2077/2038
f 2112/2078/2039 2111/2077/2038 2110/2076/2037
f 2111/2077/2038 2112/2078/2039 2113/2079/2040
f 2114/2080/2041 2113/2079/2040 2112/2078/2039
f 2113/2079/2040 2114/2080/2041 2093/2059/2020
f 2115/2081/2042 2093/2059/2020 2114/2080/2041
g sarm_l_c_ex_wj
f 2116/2082/2043 2117/2083/2044 2118/2084/2045
f 2119/2085/2046 2118/2084/2045 2117/2083/2044
g sforearm_l_c_ex_wj
f 2120/2086/2047 2121/2087/2048 2122/2088/2049
f 2123/2089/2050 2122/2088/2049 2121/2087/2048
g sforearm_l_a_wj
f 2122/2088/2049 2123/2089/2050 2124/2090/2051
g sforearm_l_c_ex_wj
f 2125/2091/2052 2126/2092/2053 2127/2093/2054
f 2128/2094/2055 2126/2092/2053 2125/2091/2052
f 2126/2092/2053 2128/2094/2055 2129/2095/2056
f 2130/2096/2057 2129/2095/2056 2128/2094/2055
f 2131/2097/2058 2129/2095/2056 2130/2096/2057
f 2132/2098/2059 2129/2095/2056 2131/2097/2058
f 2133/2099/2060 2129/2095/2056 2132/2098/2059
f 2129/2095/2056 2133/2099/2060 2134/2100/2061
f 2135/2101/2062 2134/2100/2061 2133/2099/2060
f 2134/2100/2061 2135/2101/2062 2136/2102/2063
f 2136/2102/2063 2135/2101/2062 2121/2087/2048
f 2137/2103/2064 2121/2087/2048 2135/2101/2062
f 2121/2087/2048 2137/2103/2064 2123/2089/2050
g sforearm_l_a_wj
f 2138/2104/2065 2123/2089/2050 2137/2103/2064
f 2123/2089/2050 2138/2104/2065 2124/2090/2051
f 2139/2105/2066 2124/2090/2051 2138/2104/2065
f 2124/2090/2051 2139/2105/2066 2140/2106/2067
f 2141/2107/2068 2140/2106/2067 2139/2105/2066
g sforearm_l_c_ex_wj
f 2127/2093/2054 2126/2092/2053 2136/2102/2063
f 2136/2102/2063 2126/2092/2053 2134/2100/2061
f 2129/2095/2056 2134/2100/2061 2126/2092/2053
f 2142/2108/2069 2128/2094/2055 2125/2091/2052
f 2143/2109/2070 2135/2101/2062 2133/2099/2060
f 2135/2101/2062 2143/2109/2070 2137/2103/2064
f 2144/2110/2071 2137/2103/2064 2143/2109/2070
g sforearm_l_a_wj
f 2145/2111/2072 2137/2103/2064 2144/2110/2071
f 2137/2103/2064 2145/2111/2072 2138/2104/2065
f 2146/2112/2073 2138/2104/2065 2145/2111/2072
f 2138/2104/2065 2146/2112/2073 2139/2105/2066
f 2139/2105/2066 2146/2112/2073 2141/2107/2068
f 2147/2113/2016 2141/2107/2068 2146/2112/2073
f 2141/2107/2068 2147/2113/2016 2148/2114/2074
f 2149/2115/2075 2124/2090/2051 2150/2116/2076
f 2140/2106/2067 2150/2116/2076 2124/2090/2051
f 2151/2117/2077 2150/2116/2076 2140/2106/2067
f 2150/2116/2076 2151/2117/2077 2152/2118/2078
f 2152/2118/2078 2151/2117/2077 2153/2119/2079
f 2140/2106/2067 2141/2107/2068 2151/2117/2077
f 2154/2120/2080 2151/2117/2077 2141/2107/2068
f 2151/2117/2077 2154/2120/2080 2153/2119/2079
f 2155/2121/2081 2153/2119/2079 2154/2120/2080
f 2153/2119/2079 2155/2121/2081 2156/2122/2082
f 2156/2122/2082 2155/2121/2081 2157/2123/2083
f 2157/2123/2083 2155/2121/2081 2158/2124/2084
f 2158/2124/2084 2155/2121/2081 2159/2125/2085
f 2160/2126/2086 2159/2125/2085 2155/2121/2081
f 2159/2125/2085 2160/2126/2086 2161/2127/2087
f 2161/2127/2087 2160/2126/2086 2162/2128/2088
f 2162/2128/2088 2160/2126/2086 2148/2114/2074
f 2163/2129/2089 2148/2114/2074 2160/2126/2086
f 2148/2114/2074 2163/2129/2089 2141/2107/2068
f 2141/2107/2068 2163/2129/2089 2154/2120/2080
f 2160/2126/2086 2154/2120/2080 2163/2129/2089
f 2154/2120/2080 2160/2126/2086 2155/2121/2081
g sarm_l_d_ex_wj
f 2164/2130/2090 2165/2131/2091 2166/2132/2092
f 2165/2131/2091 2164/2130/2090 2167/2133/2093
f 2168/2134/2094 2167/2133/2093 2164/2130/2090
f 2167/2133/2093 2168/2134/2094 2169/2135/2095
f 2169/2135/2095 2168/2134/2094 2170/2136/2096
f 2171/2137/2097 2170/2136/2096 2168/2134/2094
g sforearm_l_c_ex_wj
f 2172/2138/2098 2173/2139/2099 2174/2140/2100
f 2175/2141/2101 2174/2140/2100 2173/2139/2099
g sforearm_l_a_wj
f 2176/2142/2102 2177/2143/2103 2178/2144/2104
f 2179/2145/2105 2178/2144/2104 2177/2143/2103
f 2178/2144/2104 2179/2145/2105 2180/2146/2106
f 2180/2146/2106 2179/2145/2105 2181/2147/2107
f 2181/2147/2107 2179/2145/2105 2182/2148/2108
f 2183/2149/2109 2182/2148/2108 2179/2145/2105
f 2184/2150/2110 2182/2148/2108 2183/2149/2109
f 2182/2148/2108 2184/2150/2110 2185/2151/2111
f 2185/2151/2111 2184/2150/2110 2186/2152/2112
f 2187/2153/2113 2186/2152/2112 2184/2150/2110
f 2188/2154/2114 2186/2152/2112 2187/2153/2113
f 2186/2152/2112 2188/2154/2114 2189/2155/2115
f 2189/2155/2115 2188/2154/2114 2190/2156/2116
f 2174/2140/2100 2190/2156/2116 2188/2154/2114
g sforearm_l_c_ex_wj
f 2175/2141/2101 2190/2156/2116 2174/2140/2100
f 2190/2156/2116 2175/2141/2101 2191/2157/2117
f 2192/2158/2118 2191/2157/2117 2175/2141/2101
f 2191/2157/2117 2192/2158/2118 2193/2159/2119
g sforearm_l_a_wj
f 2194/2160/2120 2181/2147/2107 2195/2161/2121
f 2182/2148/2108 2195/2161/2121 2181/2147/2107
f 2196/2162/2122 2185/2151/2111 2197/2163/2123
f 2186/2152/2112 2197/2163/2123 2185/2151/2111
f 2198/2164/2124 2199/2165/2125 2183/2149/2109
f 2184/2150/2110 2183/2149/2109 2199/2165/2125
f 2200/2166/2126 2189/2155/2115 2201/2167/2127
f 2190/2156/2116 2201/2167/2127 2189/2155/2115
f 2202/2168/2128 2203/2169/2129 2187/2153/2113
f 2188/2154/2114 2187/2153/2113 2203/2169/2129
g sforearm_l_c_ex_wj
f 2193/2159/2119 2192/2158/2118 2204/2170/2130
f 2205/2171/2131 2204/2170/2130 2192/2158/2118
f 2204/2170/2130 2205/2171/2131 2206/2172/2132
f 2207/2173/2133 2206/2172/2132 2205/2171/2131
f 2206/2172/2132 2207/2173/2133 2208/2174/2134
f 2209/2175/2135 2210/2176/2136 2211/2177/2137
f 2210/2176/2136 2209/2175/2135 2212/2178/2138
f 2207/2173/2133 2212/2178/2138 2209/2175/2135
f 2205/2171/2131 2212/2178/2138 2207/2173/2133
f 2212/2178/2138 2205/2171/2131 2213/2179/2139
f 2192/2158/2118 2213/2179/2139 2205/2171/2131
f 2213/2179/2139 2192/2158/2118 2175/2141/2101
f 2210/2176/2136 2212/2178/2138 2214/2180/2140
f 2213/2179/2139 2214/2180/2140 2212/2178/2138
g sforearm_l_a_wj
f 2215/2181/2141 2216/2182/2142 2217/2183/2143
f 2218/2184/2144 2217/2183/2143 2216/2182/2142
g sarm_l_d_ex_wj
f 2219/2185/2145 2220/2186/2146 2221/2187/2147
f 2222/2188/2148 2221/2187/2147 2220/2186/2146
g sforearm_l_a_wj
f 2223/2189/2149 2224/2190/2150 2225/2191/2151
f 2226/2192/2152 2225/2191/2151 2224/2190/2150
f 2225/2191/2151 2226/2192/2152 2227/2193/2153
f 2228/2194/2154 2227/2193/2153 2226/2192/2152
f 2227/2193/2153 2228/2194/2154 2229/2195/2155
f 2230/2196/2156 2229/2195/2155 2228/2194/2154
g sarm_l_d_ex_wj
f 2231/2197/2157 2232/2198/2158 2233/2199/2159
f 2234/2200/2160 2233/2199/2159 2232/2198/2158
f 2233/2199/2159 2234/2200/2160 2235/2201/2161
f 2236/2202/2162 2235/2201/2161 2234/2200/2160
f 2235/2201/2161 2236/2202/2162 2237/2203/2163
f 2238/2204/2164 2237/2203/2163 2236/2202/2162
g sarm_l_c_ex_wj
f 2239/2205/2165 2240/2206/2166 2241/2207/2167
f 2241/2207/2167 2240/2206/2166 2242/2208/2168
f 2243/2209/2169 2242/2208/2168 2240/2206/2166
f 2242/2208/2168 2243/2209/2169 2244/2210/2170
g sarm_l_b_ex_wj
f 2245/2211/2171 2246/2212/2172 2247/2213/2173
f 2246/2212/2172 2245/2211/2171 2248/2214/2174
f 2248/2214/2174 2245/2211/2171 2249/2215/2175
f 2250/2216/2176 2249/2215/2175 2245/2211/2171
g sforearm_l_c_ex_wj
f 2251/2217/2177 2252/2218/2178 2253/2219/2179
f 2254/2220/2180 2253/2219/2179 2252/2218/2178
f 2251/2217/2177 1840/1806/1772 1838/1804/1770
f 1840/1806/1772 2251/2217/2177 1842/1808/1774
f 2253/2219/2179 1842/1808/1774 2251/2217/2177
g sforearm_l_d_ex_wj
f 1842/1808/1774 2253/2219/2179 1853/1819/1785
g sforearm_l_c_ex_wj
f 2255/2221/2181 1853/1819/1785 2253/2219/2179
g sforearm_l_d_ex_wj
f 1853/1819/1785 2255/2221/2181 1854/1820/1786
g sforearm_l_c_ex_wj
f 2256/2222/2182 1854/1820/1786 2255/2221/2181
f 1854/1820/1786 2256/2222/2182 2257/2223/2183
f 2258/2224/2184 2257/2223/2183 2256/2222/2182
f 2259/2225/2185 2257/2223/2183 2258/2224/2184
f 2260/2226/2186 2257/2223/2183 2259/2225/2185
f 2257/2223/2183 2260/2226/2186 2261/2227/2187
f 2262/2228/2188 2261/2227/2187 2260/2226/2186
g sforearm_l_d_ex_wj
f 2261/2227/2187 2262/2228/2188 2263/2229/2189
f 2264/2230/2190 2263/2229/2189 2262/2228/2188
f 2263/2229/2189 2264/2230/2190 1874/1840/1805
f 1874/1840/1805 2264/2230/2190 1876/1842/1807
f 2265/2231/2191 1876/1842/1807 2264/2230/2190
f 1874/1840/1805 1873/1839/1804 2263/2229/2189
f 2266/2232/2192 2263/2229/2189 1873/1839/1804
f 2263/2229/2189 2266/2232/2192 2261/2227/2187
f 2267/2233/2193 2261/2227/2187 2266/2232/2192
f 2261/2227/2187 2267/2233/2193 2257/2223/2183
f 2257/2223/2183 2267/2233/2193 1854/1820/1786
f 2268/2234/2194 1854/1820/1786 2267/2233/2193
f 1854/1820/1786 2268/2234/2194 1844/1810/1776
f 1844/1810/1776 2268/2234/2194 1846/1812/1778
f 1846/1812/1778 2268/2234/2194 1871/1837/1802
f 2269/2235/2195 1871/1837/1802 2268/2234/2194
f 1871/1837/1802 2269/2235/2195 1872/1838/1803
f 2266/2232/2192 1872/1838/1803 2269/2235/2195
f 1872/1838/1803 2266/2232/2192 1873/1839/1804
f 2267/2233/2193 2269/2235/2195 2268/2234/2194
f 2269/2235/2195 2267/2233/2193 2266/2232/2192
f 2270/2236/2196 2264/2230/2190 2262/2228/2188
f 2264/2230/2190 2270/2236/2196 2265/2231/2191
f 2271/2237/2197 2265/2231/2191 2270/2236/2196
f 2265/2231/2191 2271/2237/2197 2272/2238/2198
f 2273/2239/2199 2272/2238/2198 2271/2237/2197
f 2272/2238/2198 2273/2239/2199 2274/2240/2200
f 2274/2240/2200 2273/2239/2199 2275/2241/2201
g sforearm_l_c_ex_wj
f 2276/2242/2202 2275/2241/2201 2273/2239/2199
f 2275/2241/2201 2276/2242/2202 2277/2243/2203
f 2278/2244/2204 2277/2243/2203 2276/2242/2202
f 2277/2243/2203 2278/2244/2204 2279/2245/2205
f 2280/2246/2206 2262/2228/2188 2260/2226/2186
f 2262/2228/2188 2280/2246/2206 2270/2236/2196
f 2281/2247/2207 2270/2236/2196 2280/2246/2206
f 2270/2236/2196 2281/2247/2207 2271/2237/2197
f 2282/2248/2208 2271/2237/2197 2281/2247/2207
f 2271/2237/2197 2282/2248/2208 2273/2239/2199
f 2273/2239/2199 2282/2248/2208 2276/2242/2202
f 2283/2249/2209 2276/2242/2202 2282/2248/2208
f 2276/2242/2202 2283/2249/2209 2278/2244/2204
f 2284/2250/2210 2260/2226/2186 2259/2225/2185
f 2260/2226/2186 2284/2250/2210 2280/2246/2206
f 2285/2251/2211 2280/2246/2206 2284/2250/2210
f 2280/2246/2206 2285/2251/2211 2281/2247/2207
f 2286/2252/2212 2281/2247/2207 2285/2251/2211
f 2281/2247/2207 2286/2252/2212 2282/2248/2208
f 2283/2249/2209 2282/2248/2208 2286/2252/2212
g sforearm_l_d_ex_wj
f 1876/1842/1807 2265/2231/2191 1878/1844/1809
f 2272/2238/2198 1878/1844/1809 2265/2231/2191
f 1878/1844/1809 2272/2238/2198 1880/1846/1811
f 2274/2240/2200 1880/1846/1811 2272/2238/2198
f 1880/1846/1811 2274/2240/2200 1882/1848/1813
f 1882/1848/1813 2274/2240/2200 1902/1868/1833
f 2275/2241/2201 1902/1868/1833 2274/2240/2200
f 1902/1868/1833 2275/2241/2201 1903/1869/1834
g sforearm_l_c_ex_wj
f 2277/2243/2203 1903/1869/1834 2275/2241/2201
f 1903/1869/1834 2277/2243/2203 1904/1870/1835
g shoulder_l_jo
f 2287/2253/2213 2288/2254/2214 2289/2255/2215
f 2290/2256/2216 2291/2257/2217 2292/2258/2218
f 2291/2257/2217 2290/2256/2216 2293/2259/2219
f 2293/2259/2219 2290/2256/2216 2287/2253/2213
f 2294/2260/2220 2287/2253/2213 2290/2256/2216
f 2287/2253/2213 2294/2260/2220 2288/2254/2214
f 2295/2261/2221 2288/2254/2214 2294/2260/2220
f 2296/2262/2222 2297/2263/2223 2298/2264/2224
f 2299/2265/2225 2298/2264/2224 2297/2263/2223
f 2298/2264/2224 2299/2265/2225 2300/2266/2226
f 2301/2267/2227 2300/2266/2226 2299/2265/2225
f 2300/2266/2226 2301/2267/2227 2292/2258/2218
f 2302/2268/2228 2292/2258/2218 2301/2267/2227
f 2292/2258/2218 2302/2268/2228 2290/2256/2216
f 2303/2269/2229 2290/2256/2216 2302/2268/2228
f 2290/2256/2216 2303/2269/2229 2294/2260/2220
f 2304/2270/2230 2294/2260/2220 2303/2269/2229
f 2294/2260/2220 2304/2270/2230 2295/2261/2221
g sarm_l_a_wj
f 2295/2261/2221 2304/2270/2230 2305/2271/2231
f 2306/2272/2232 2305/2271/2231 2304/2270/2230
f 2305/2271/2231 2306/2272/2232 2307/2273/2233
f 2308/2274/2234 2307/2273/2233 2306/2272/2232
f 2307/2273/2233 2308/2274/2234 2309/2275/2235
f 2309/2275/2235 2308/2274/2234 2310/2276/2236
f 2310/2276/2236 2308/2274/2234 2311/2277/2237
g shoulder_l_jo
f 2296/2262/2222 2298/2264/2224 2312/2278/2238
f 2312/2278/2238 2298/2264/2224 2313/2279/2239
f 2300/2266/2226 2313/2279/2239 2298/2264/2224
g sarm_l_a_wj
f 2314/2280/2240 2315/2281/2241 2301/2267/2227
f 2302/2268/2228 2301/2267/2227 2315/2281/2241
f 2316/2282/2242 2301/2267/2227 2299/2265/2225
f 2301/2267/2227 2316/2282/2242 2314/2280/2240
f 2317/2283/2243 2314/2280/2240 2316/2282/2242
f 2318/2284/2244 2314/2280/2240 2317/2283/2243
f 2319/2285/2245 2314/2280/2240 2318/2284/2244
f 2314/2280/2240 2319/2285/2245 2315/2281/2241
f 2320/2286/2246 2315/2281/2241 2319/2285/2245
f 2315/2281/2241 2320/2286/2246 2302/2268/2228
f 2302/2268/2228 2320/2286/2246 2303/2269/2229
f 2303/2269/2229 2320/2286/2246 2304/2270/2230
f 2304/2270/2230 2320/2286/2246 2306/2272/2232
f 2321/2287/2247 2306/2272/2232 2320/2286/2246
f 2306/2272/2232 2321/2287/2247 2308/2274/2234
f 2321/2287/2247 2320/2286/2246 2319/2285/2245
f 2321/2287/2247 2311/2277/2237 2308/2274/2234
f 2311/2277/2237 2321/2287/2247 2322/2288/2248
f 2319/2285/2245 2322/2288/2248 2321/2287/2247
f 2322/2288/2248 2319/2285/2245 2323/2289/2249
f 2318/2284/2244 2323/2289/2249 2319/2285/2245
f 2323/2289/2249 2318/2284/2244 2324/2290/2250
f 2317/2283/2243 2324/2290/2250 2318/2284/2244
f 2324/2290/2250 2317/2283/2243 2325/2291/2251
f 2325/2291/2251 2317/2283/2243 2326/2292/2252
f 2326/2292/2252 2317/2283/2243 2327/2293/2253
f 2316/2282/2242 2327/2293/2253 2317/2283/2243
f 2327/2293/2253 2316/2282/2242 2328/2294/2254
f 2299/2265/2225 2328/2294/2254 2316/2282/2242
g shoulder_l_jo
f 2297/2263/2223 2328/2294/2254 2299/2265/2225
f 2328/2294/2254 2297/2263/2223 2329/2295/2255
f 2329/2295/2255 2297/2263/2223 2330/2296/2256
f 2296/2262/2222 2330/2296/2256 2297/2263/2223
f 2331/2297/2257 2330/2296/2256 2296/2262/2222
g sarm_l_a_wj
f 2329/2295/2255 2332/2298/2258 2328/2294/2254
f 2327/2293/2253 2328/2294/2254 2332/2298/2258
g shoulder_l_jo
f 2330/2296/2256 2331/2297/2257 2333/2299/2259
f 2334/2300/2260 2333/2299/2259 2331/2297/2257
f 2333/2299/2259 2334/2300/2260 2335/2301/2261
f 2336/2302/2262 2335/2301/2261 2334/2300/2260
f 2335/2301/2261 2336/2302/2262 2337/2303/2263
f 2338/2304/2264 2337/2303/2263 2336/2302/2262
f 2337/2303/2263 2338/2304/2264 2339/2305/2265
f 2340/2306/2266 2339/2305/2265 2338/2304/2264
f 2335/2301/2261 2341/2307/2267 2333/2299/2259
g sarm_l_a_wj
f 2342/2308/2268 2343/2309/2269 2344/2310/2270
f 2345/2311/2271 2344/2310/2270 2343/2309/2269
f 2346/2312/2272 2344/2310/2270 2345/2311/2271
f 2344/2310/2270 2346/2312/2272 2347/2313/2273
f 2348/2314/2274 2347/2313/2273 2346/2312/2272
f 2349/2315/2275 2347/2313/2273 2348/2314/2274
f 2350/2316/2276 2347/2313/2273 2349/2315/2275
f 2347/2313/2273 2350/2316/2276 2351/2317/2277
f 2352/2318/2278 2351/2317/2277 2350/2316/2276
f 2353/2319/2279 2351/2317/2277 2352/2318/2278
f 2351/2317/2277 2353/2319/2279 2342/2308/2268
f 2341/2307/2267 2342/2308/2268 2353/2319/2279
f 2342/2308/2268 2341/2307/2267 2354/2320/2280
g shoulder_l_jo
f 2335/2301/2261 2354/2320/2280 2341/2307/2267
f 2354/2320/2280 2335/2301/2261 2343/2309/2269
f 2337/2303/2263 2343/2309/2269 2335/2301/2261
f 2343/2309/2269 2337/2303/2263 2355/2321/2281
f 2339/2305/2265 2355/2321/2281 2337/2303/2263
f 2355/2321/2281 2345/2311/2271 2343/2309/2269
g sarm_l_a_wj
f 2347/2313/2273 2342/2308/2268 2344/2310/2270
f 2342/2308/2268 2347/2313/2273 2351/2317/2277
f 2343/2309/2269 2342/2308/2268 2354/2320/2280
f 2352/2318/2278 2350/2316/2276 2356/2322/2282
g sarm_l_b_ex_wj
f 2357/2323/2283 2358/2324/2284 2359/2325/2285
f 2358/2324/2284 2357/2323/2283 2360/2326/2286
f 2360/2326/2286 2357/2323/2283 2361/2327/2287
f 2362/2328/2288 2361/2327/2287 2357/2323/2283
g shoulder_l_jo
f 2363/2329/2289 2364/2330/2290 2365/2331/2291
f 2366/2332/2292 2363/2329/2289 2367/2333/2293
f 2363/2329/2289 2366/2332/2292 2364/2330/2290
f 2368/2334/2294 2364/2330/2290 2366/2332/2292
g sarm_l_a_wj
f 2369/2335/2295 2370/2336/2296 2371/2337/2297
f 2370/2336/2296 2369/2335/2295 2372/2338/2298
f 2373/2339/2299 2372/2338/2298 2369/2335/2295
f 2372/2338/2298 2373/2339/2299 2374/2340/2300
f 2375/2341/2301 2374/2340/2300 2373/2339/2299
g shoulder_l_jo
f 2374/2340/2300 2375/2341/2301 2376/2342/2302
f 2377/2343/2303 2376/2342/2302 2375/2341/2301
f 2376/2342/2302 2377/2343/2303 2378/2344/2304
f 2379/2345/2305 2378/2344/2304 2377/2343/2303
f 2380/2346/2306 2378/2344/2304 2379/2345/2305
f 2368/2334/2294 2378/2344/2304 2380/2346/2306
f 2378/2344/2304 2368/2334/2294 2381/2347/2307
f 2366/2332/2292 2381/2347/2307 2368/2334/2294
f 2381/2347/2307 2366/2332/2292 2382/2348/2308
f 2367/2333/2293 2382/2348/2308 2366/2332/2292
g sarm_l_a_wj
f 2382/2348/2308 2367/2333/2293 2383/2349/2309
f 2384/2350/2310 2383/2349/2309 2367/2333/2293
f 2383/2349/2309 2384/2350/2310 2385/2351/2311
g shoulder_l_jo
f 2382/2348/2308 2386/2352/2312 2381/2347/2307
g sarm_l_a_wj
f 2383/2349/2309 2386/2352/2312 2382/2348/2308
f 2386/2352/2312 2383/2349/2309 2387/2353/2313
f 2385/2351/2311 2387/2353/2313 2383/2349/2309
f 2387/2353/2313 2385/2351/2311 2388/2354/2314
f 2389/2355/2315 2388/2354/2314 2385/2351/2311
f 2388/2354/2314 2389/2355/2315 2390/2356/2316
f 2391/2357/2317 2385/2351/2311 2384/2350/2310
f 2385/2351/2311 2391/2357/2317 2389/2355/2315
f 2389/2355/2315 2391/2357/2317 2392/2358/2318
f 2392/2358/2318 2391/2357/2317 2393/2359/2319
f 2393/2359/2319 2391/2357/2317 2394/2360/2320
f 2384/2350/2310 2394/2360/2320 2391/2357/2317
f 2394/2360/2320 2384/2350/2310 2395/2361/2321
f 2367/2333/2293 2395/2361/2321 2384/2350/2310
f 2395/2361/2321 2367/2333/2293 2396/2362/2322
g shoulder_l_jo
f 2363/2329/2289 2396/2362/2322 2367/2333/2293
f 2396/2362/2322 2363/2329/2289 2397/2363/2323
g sarm_l_a_wj
f 2398/2364/2324 2399/2365/2325 2400/2366/2326
f 2401/2367/2327 2400/2366/2326 2399/2365/2325
g sarm_l_b_ex_wj
f 2402/2368/2328 2400/2366/2326 2403/2369/2329
g sarm_l_a_wj
f 2400/2366/2326 2402/2368/2328 2398/2364/2324
g sarm_l_b_ex_wj
f 2404/2370/1929 2398/2364/2324 2402/2368/2328
g sarm_l_a_wj
f 2405/2371/2330 2398/2364/2324 2404/2370/1929
f 2398/2364/2324 2405/2371/2330 2399/2365/2325
f 2406/2372/2331 2399/2365/2325 2405/2371/2330
f 2407/2373/2332 2408/2374/2333 2409/2375/2334
f 2408/2374/2333 2407/2373/2332 2410/2376/2335
f 2411/2377/2336 2410/2376/2335 2407/2373/2332
f 2412/2378/2337 2413/2379/2338 2409/2375/2334
f 2414/2380/2339 2409/2375/2334 2413/2379/2338
f 2409/2375/2334 2414/2380/2339 2407/2373/2332
f 2415/2381/2340 2407/2373/2332 2414/2380/2339
g sarm_l_b_ex_wj
f 2416/2382/2341 2407/2373/2332 2415/2381/2340
g sarm_l_a_wj
f 2407/2373/2332 2416/2382/2341 2411/2377/2336
g sarm_l_b_ex_wj
f 2417/2383/2342 2411/2377/2336 2416/2382/2341
g sarm_l_a_wj
f 2411/2377/2336 2417/2383/2342 2418/2384/2343
g sarm_l_b_ex_wj
f 2419/2385/2344 2418/2384/2343 2417/2383/2342
g sarm_l_a_wj
f 2413/2379/2338 2415/2381/2340 2414/2380/2339
g sarm_l_b_ex_wj
f 2415/2381/2340 2413/2379/2338 2420/2386/2345
g sarm_l_a_wj
f 2421/2387/2346 2420/2386/2345 2413/2379/2338
g sarm_l_b_ex_wj
f 2420/2386/2345 2421/2387/2346 2422/2388/2347
g sarm_l_a_wj
f 2423/2389/2348 2424/2390/2349 2425/2391/2350
f 2425/2391/2350 2424/2390/2349 2426/2392/2351
f 2426/2392/2351 2424/2390/2349 2427/2393/2352
g sarm_l_b_ex_wj
f 2428/2394/2353 2427/2393/2352 2424/2390/2349
g sarm_l_a_wj
f 2429/2395/2354 2430/2396/2355 2431/2397/2356
f 2431/2397/2356 2430/2396/2355 2432/2398/2357
f 2433/2399/2358 2432/2398/2357 2430/2396/2355
g sarm_l_b_ex_wj
f 2432/2398/2357 2433/2399/2358 2434/2400/2359
g sarm_l_a_wj
f 2435/2401/2360 2436/2402/2361 2437/2403/2362
f 2438/2404/2363 2437/2403/2362 2436/2402/2361
f 2439/2405/2364 2440/2406/2365 2441/2407/2366
f 2441/2407/2366 2440/2406/2365 2442/2408/2367
f 2442/2408/2367 2440/2406/2365 2443/2409/2368
g sarm_l_b_ex_wj
f 2444/2410/2369 2443/2409/2368 2440/2406/2365
g sforearm_l_a_wj
f 2445/2411/2370 2446/2412/2371 2447/2413/2372
f 2446/2412/2371 2445/2411/2370 2448/2414/2373
f 2449/2415/2374 2448/2414/2373 2445/2411/2370
f 2448/2414/2373 2449/2415/2374 2450/2416/2375
f 2451/2417/2376 2450/2416/2375 2449/2415/2374
f 2452/2418/2377 2450/2416/2375 2451/2417/2376
g chest
f 2453/2419/2378 2454/2420/2379 2455/2421/2266
g sarm_l_b_ex_wj
f 2456/2422/2380 2457/2423/2381 2427/2393/2352
f 2458/2424/2382 2427/2393/2352 2457/2423/2381
g sarm_l_a_wj
f 2427/2393/2352 2458/2424/2382 2426/2392/2351
f 2426/2392/2351 2458/2424/2382 2425/2391/2350
f 2459/2425/2383 2425/2391/2350 2458/2424/2382
f 2460/2426/2274 2425/2391/2350 2459/2425/2383
f 2425/2391/2350 2460/2426/2274 2371/2337/2297
f 2371/2337/2297 2460/2426/2274 2369/2335/2295
f 2461/2427/2384 2369/2335/2295 2460/2426/2274
f 2462/2428/2271 2369/2335/2295 2461/2427/2384
f 2369/2335/2295 2462/2428/2271 2373/2339/2299
f 2373/2339/2299 2462/2428/2271 2375/2341/2301
g shoulder_l_jo
f 2463/2429/2385 2375/2341/2301 2462/2428/2271
f 2375/2341/2301 2463/2429/2385 2377/2343/2303
f 2464/2430/2386 2377/2343/2303 2463/2429/2385
f 2455/2421/2266 2377/2343/2303 2464/2430/2386
f 2377/2343/2303 2455/2421/2266 2379/2345/2305
g chest
f 2454/2420/2379 2379/2345/2305 2455/2421/2266
g sarm_l_a_wj
f 2425/2391/2350 2371/2337/2297 2423/2389/2348
f 2370/2336/2296 2423/2389/2348 2371/2337/2297
f 2431/2397/2356 2423/2389/2348 2370/2336/2296
f 2423/2389/2348 2431/2397/2356 2424/2390/2349
f 2424/2390/2349 2431/2397/2356 2432/2398/2357
f 2432/2398/2357 2434/2400/2359 2424/2390/2349
g sarm_l_b_ex_wj
f 2428/2394/2353 2424/2390/2349 2434/2400/2359
g shoulder_l_jo
f 2378/2344/2304 2381/2347/2307 2376/2342/2302
f 2386/2352/2312 2376/2342/2302 2381/2347/2307
f 2376/2342/2302 2386/2352/2312 2374/2340/2300
g sarm_l_a_wj
f 2387/2353/2313 2374/2340/2300 2386/2352/2312
f 2374/2340/2300 2387/2353/2313 2372/2338/2298
f 2388/2354/2314 2372/2338/2298 2387/2353/2313
f 2372/2338/2298 2388/2354/2314 2370/2336/2296
f 2390/2356/2316 2370/2336/2296 2388/2354/2314
f 2370/2336/2296 2390/2356/2316 2431/2397/2356
f 2429/2395/2354 2431/2397/2356 2390/2356/2316
g sarm_l_c_ex_wj
f 1979/1945/1906 1971/1937/1898 1980/1946/1907
f 1971/1937/1898 1979/1945/1906 1969/1935/1896
f 1969/1935/1896 1979/1945/1906 2465/2431/2387
g sarm_l_b_ex_wj
f 1976/1942/1903 2465/2431/2387 1979/1945/1906
f 2465/2431/2387 1976/1942/1903 2466/2432/2388
f 1975/1941/1902 2466/2432/2388 1976/1942/1903
f 2466/2432/2388 1975/1941/1902 2467/2433/2389
f 2468/2434/2390 2467/2433/2389 1975/1941/1902
f 2467/2433/2389 2468/2434/2390 2469/2435/2391
f 2469/2435/2391 2468/2434/2390 2444/2410/2369
f 2470/2436/2392 2444/2410/2369 2468/2434/2390
f 2444/2410/2369 2470/2436/2392 2443/2409/2368
f 2433/2399/2358 2443/2409/2368 2470/2436/2392
f 2443/2409/2368 2433/2399/2358 2442/2408/2367
g sarm_l_a_wj
f 2430/2396/2355 2442/2408/2367 2433/2399/2358
f 2442/2408/2367 2430/2396/2355 2441/2407/2366
f 2429/2395/2354 2441/2407/2366 2430/2396/2355
f 2441/2407/2366 2429/2395/2354 2392/2358/2318
f 2392/2358/2318 2429/2395/2354 2389/2355/2315
f 2390/2356/2316 2389/2355/2315 2429/2395/2354
g sarm_l_b_ex_wj
f 1977/1943/1904 2470/2436/2392 1975/1941/1902
f 2468/2434/2390 1975/1941/1902 2470/2436/2392
g sarm_l_a_wj
f 2393/2359/2319 2439/2405/2364 2392/2358/2318
f 2441/2407/2366 2392/2358/2318 2439/2405/2364
g sarm_l_b_ex_wj
f 2471/2437/2393 2444/2410/2369 2440/2406/2365
f 2444/2410/2369 2471/2437/2393 2469/2435/2391
f 2472/2438/2394 2469/2435/2391 2471/2437/2393
f 2473/2439/2395 2469/2435/2391 2472/2438/2394
f 2469/2435/2391 2473/2439/2395 2467/2433/2389
f 2474/2440/2396 2467/2433/2389 2473/2439/2395
f 2467/2433/2389 2474/2440/2396 2466/2432/2388
f 2475/2441/2397 2466/2432/2388 2474/2440/2396
f 2466/2432/2388 2475/2441/2397 2465/2431/2387
g sarm_l_c_ex_wj
f 2476/2442/2398 2465/2431/2387 2475/2441/2397
f 2465/2431/2387 2476/2442/2398 1969/1935/1896
f 2477/2443/2399 1969/1935/1896 2476/2442/2398
f 1969/1935/1896 2477/2443/2399 1970/1936/1897
f 1970/1936/1897 2477/2443/2399 1974/1940/1901
f 2478/2444/2400 1974/1940/1901 2477/2443/2399
f 1974/1940/1901 2478/2444/2400 1965/1931/1892
f 2479/2445/2401 1965/1931/1892 2478/2444/2400
g sarm_l_d_ex_wj
f 1965/1931/1892 2479/2445/2401 1966/1932/1893
g sarm_l_c_ex_wj
f 2480/2446/2402 2478/2444/2400 2481/2447/2403
f 2477/2443/2399 2481/2447/2403 2478/2444/2400
f 2476/2442/2398 2481/2447/2403 2477/2443/2399
f 2481/2447/2403 2476/2442/2398 2482/2448/2404
f 2482/2448/2404 2476/2442/2398 2475/2441/2397
g sarm_l_d_ex_wj
f 1962/1928/1889 1961/1927/1888 1966/1932/1893
g sarm_l_c_ex_wj
f 2480/2446/2402 2483/2449/2405 2478/2444/2400
f 2483/2449/2405 2480/2446/2402 2244/2210/2170
f 2481/2447/2403 2244/2210/2170 2480/2446/2402
f 2244/2210/2170 2481/2447/2403 2242/2208/2168
f 2242/2208/2168 2481/2447/2403 2241/2207/2167
f 2482/2448/2404 2241/2207/2167 2481/2447/2403
f 2241/2207/2167 2482/2448/2404 2058/2024/1985
f 2475/2441/2397 2058/2024/1985 2482/2448/2404
g sarm_l_b_ex_wj
f 2058/2024/1985 2475/2441/2397 2057/2023/1984
f 2474/2440/2396 2057/2023/1984 2475/2441/2397
f 2057/2023/1984 2474/2440/2396 2054/2020/1981
f 2473/2439/2395 2054/2020/1981 2474/2440/2396
f 2054/2020/1981 2473/2439/2395 2053/2019/1980
f 2472/2438/2394 2053/2019/1980 2473/2439/2395
f 2053/2019/1980 2472/2438/2394 2484/2450/2406
f 2471/2437/2393 2484/2450/2406 2472/2438/2394
f 2484/2450/2406 2471/2437/2393 2485/2451/2407
g sarm_l_a_wj
f 2440/2406/2365 2485/2451/2407 2471/2437/2393
g sarm_l_d_ex_wj
f 1961/1927/1888 1963/1929/1890 2486/2452/2408
f 2483/2449/2405 2487/2453/2409 2488/2454/2410
g sarm_l_c_ex_wj
f 2489/2455/2411 2490/2456/2412 2491/2457/2413
f 2492/2458/2414 2491/2457/2413 2490/2456/2412
g sarm_l_d_ex_wj
f 2491/2457/2413 2492/2458/2414 2493/2459/2415
f 2494/2460/2416 2493/2459/2415 2492/2458/2414
f 2493/2459/2415 2494/2460/2416 2495/2461/2417
f 2496/2462/2418 2495/2461/2417 2494/2460/2416
f 2495/2461/2417 2496/2462/2418 2497/2463/2419
f 2498/2464/2420 2497/2463/2419 2496/2462/2418
f 2497/2463/2419 2498/2464/2420 2499/2465/2421
f 2486/2452/2408 2499/2465/2421 2498/2464/2420
f 2499/2465/2421 2486/2452/2408 2500/2466/2422
f 1963/1929/1890 2500/2466/2422 2486/2452/2408
f 2500/2466/2422 1963/1929/1890 2501/2467/2423
f 2502/2468/2424 2501/2467/2423 1963/1929/1890
f 2501/2467/2423 2502/2468/2424 1957/1923/1884
f 2503/2469/2425 1957/1923/1884 2502/2468/2424
f 1957/1923/1884 2503/2469/2425 1958/1924/1885
f 2504/2470/2426 1958/1924/1885 2503/2469/2425
g sarm_l_c_ex_wj
f 2489/2455/2411 2491/2457/2413 2505/2471/2427
g sarm_l_d_ex_wj
f 1957/1923/1884 1959/1925/1886 2501/2467/2423
f 2506/2472/2428 2501/2467/2423 1959/1925/1886
f 2501/2467/2423 2506/2472/2428 2500/2466/2422
f 2499/2465/2421 2500/2466/2422 2506/2472/2428
f 2507/2473/2429 2493/2459/2415 2495/2461/2417
f 2493/2459/2415 2507/2473/2429 2508/2474/2430
f 2491/2457/2413 2493/2459/2415 2509/2475/2431
f 2508/2474/2430 2509/2475/2431 2493/2459/2415
f 2509/2475/2431 2508/2474/2430 2510/2476/2432
g elbow_l_a_ex_wj
f 2504/2470/2426 2511/2477/2433 2512/2478/2434
g sarm_l_d_ex_wj
f 2511/2477/2433 2504/2470/2426 2513/2479/2435
f 2503/2469/2425 2513/2479/2435 2504/2470/2426
f 2513/2479/2435 2503/2469/2425 2514/2480/2436
f 2502/2468/2424 2514/2480/2436 2503/2469/2425
f 2514/2480/2436 2502/2468/2424 1964/1930/1891
f 1963/1929/1890 1964/1930/1891 2502/2468/2424
f 2511/2477/2433 2513/2479/2435 2515/2481/2437
f 2509/2475/2431 2505/2471/2427 2491/2457/2413
f 2505/2471/2427 2509/2475/2431 2516/2482/2438
f 2510/2476/2432 2516/2482/2438 2509/2475/2431
f 2517/2483/2439 2516/2482/2438 2510/2476/2432
f 2518/2484/2440 2516/2482/2438 2517/2483/2439
f 2519/2485/2441 2516/2482/2438 2518/2484/2440
f 2516/2482/2438 2519/2485/2441 2505/2471/2427
g sarm_l_c_ex_wj
f 2520/2486/2442 2505/2471/2427 2519/2485/2441
f 2505/2471/2427 2520/2486/2442 2489/2455/2411
f 2489/2455/2411 2520/2486/2442 2521/2487/2443
f 2522/2488/2444 2521/2487/2443 2520/2486/2442
f 2521/2487/2443 2522/2488/2444 2523/2489/2445
g sarm_l_d_ex_wj
f 2524/2490/2446 2525/2491/2447 2526/2492/2448
f 2527/2493/2449 2526/2492/2448 2525/2491/2447
f 2528/2494/2450 2526/2492/2448 2527/2493/2449
f 2515/2481/2437 2526/2492/2448 2528/2494/2450
f 2526/2492/2448 2515/2481/2437 2529/2495/2451
f 2513/2479/2435 2529/2495/2451 2515/2481/2437
f 2529/2495/2451 2513/2479/2435 2530/2496/2452
f 2514/2480/2436 2530/2496/2452 2513/2479/2435
f 2530/2496/2452 2514/2480/2436 2531/2497/2453
f 1964/1930/1891 2531/2497/2453 2514/2480/2436
f 1962/1928/1889 2531/2497/2453 1964/1930/1891
f 2531/2497/2453 1962/1928/1889 2532/2498/2454
f 1966/1932/1893 2532/2498/2454 1962/1928/1889
f 2532/2498/2454 1966/1932/1893 2533/2499/2455
f 2479/2445/2401 2533/2499/2455 1966/1932/1893
f 2533/2499/2455 2479/2445/2401 2488/2454/2410
g sarm_l_c_ex_wj
f 2478/2444/2400 2488/2454/2410 2479/2445/2401
f 2488/2454/2410 2478/2444/2400 2483/2449/2405
g sarm_l_d_ex_wj
f 2524/2490/2446 2526/2492/2448 2534/2500/2456
f 2531/2497/2453 2529/2495/2451 2530/2496/2452
f 2529/2495/2451 2531/2497/2453 2526/2492/2448
f 2526/2492/2448 2531/2497/2453 2534/2500/2456
f 2532/2498/2454 2534/2500/2456 2531/2497/2453
f 2535/2501/2457 2534/2500/2456 2532/2498/2454
f 2534/2500/2456 2535/2501/2457 2524/2490/2446
f 2524/2490/2446 2535/2501/2457 2536/2502/2458
f 2536/2502/2458 2535/2501/2457 2487/2453/2409
f 2537/2503/2459 2487/2453/2409 2535/2501/2457
f 2487/2453/2409 2537/2503/2459 2488/2454/2410
f 2488/2454/2410 2537/2503/2459 2533/2499/2455
f 2533/2499/2455 2537/2503/2459 2532/2498/2454
f 2535/2501/2457 2532/2498/2454 2537/2503/2459
g sarm_l_c_ex_wj
f 1935/1901/1863 2083/2049/2010 1934/1900/1862
f 2085/2051/2012 1934/1900/1862 2083/2049/2010
f 1934/1900/1862 2085/2051/2012 1940/1906/1867
f 2087/2053/2014 1940/1906/1867 2085/2051/2012
f 1940/1906/1867 2087/2053/2014 1941/1907/1868
f 2089/2055/2016 1941/1907/1868 2087/2053/2014
f 1941/1907/1868 2089/2055/2016 2243/2209/2169
f 2062/2028/1989 2243/2209/2169 2089/2055/2016
f 2243/2209/2169 2062/2028/1989 2244/2210/2170
f 2060/2026/1987 2244/2210/2170 2062/2028/1989
f 2244/2210/2170 2060/2026/1987 2483/2449/2405
g sarm_l_d_ex_wj
f 2059/2025/1986 2483/2449/2405 2060/2026/1987
f 2483/2449/2405 2059/2025/1986 2487/2453/2409
f 2064/2030/1991 2487/2453/2409 2059/2025/1986
f 2487/2453/2409 2064/2030/1991 2536/2502/2458
f 2063/2029/1990 2536/2502/2458 2064/2030/1991
f 2536/2502/2458 2063/2029/1990 2524/2490/2446
f 2525/2491/2447 2524/2490/2446 2063/2029/1990
f 2525/2491/2447 2219/2185/2145 2527/2493/2449
f 2219/2185/2145 2525/2491/2447 2220/2186/2146
f 2063/2029/1990 2220/2186/2146 2525/2491/2447
f 2220/2186/2146 2063/2029/1990 2222/2188/2148
f 2065/2031/1992 2222/2188/2148 2063/2029/1990
f 2064/2030/1991 2059/2025/1986 2066/2032/1993
f 2061/2027/1988 2066/2032/1993 2059/2025/1986
f 2066/2032/1993 2061/2027/1988 2090/2056/2017
f 2090/2056/2017 2061/2027/1988 2089/2055/2016
f 2062/2028/1989 2089/2055/2016 2061/2027/1988
f 2222/2188/2148 2238/2204/2164 2221/2187/2147
f 2238/2204/2164 2222/2188/2148 2237/2203/2163
f 2065/2031/1992 2237/2203/2163 2222/2188/2148
f 2237/2203/2163 2065/2031/1992 2073/2039/2000
f 2066/2032/1993 2073/2039/2000 2065/2031/1992
f 2073/2039/2000 2066/2032/1993 2074/2040/2001
f 2090/2056/2017 2074/2040/2001 2066/2032/1993
f 2074/2040/2001 2090/2056/2017 2071/2037/1998
f 2088/2054/2015 2071/2037/1998 2090/2056/2017
f 2071/2037/1998 2088/2054/2015 2069/2035/1996
f 2086/2052/2013 2069/2035/1996 2088/2054/2015
f 2069/2035/1996 2086/2052/2013 2067/2033/1994
f 2084/2050/2011 2067/2033/1994 2086/2052/2013
f 2538/2504/2460 2067/2033/1994 2084/2050/2011
f 2067/2033/1994 2538/2504/2460 2068/2034/1995
f 2539/2505/2461 2068/2034/1995 2538/2504/2460
f 2540/2506/2462 2068/2034/1995 2539/2505/2461
f 2068/2034/1995 2540/2506/2462 2231/2197/2157
f 2540/2506/2462 2539/2505/2461 2081/2047/2008
f 2231/2197/2157 2540/2506/2462 2232/2198/2158
f 2232/2198/2158 2540/2506/2462 2541/2507/2463
f 2081/2047/2008 2541/2507/2463 2540/2506/2462
f 2541/2507/2463 2081/2047/2008 2082/2048/2009
f 2233/2199/2159 2068/2034/1995 2231/2197/2157
f 2068/2034/1995 2233/2199/2159 2070/2036/1997
f 2235/2201/2161 2070/2036/1997 2233/2199/2159
f 2070/2036/1997 2235/2201/2161 2072/2038/1999
f 2072/2038/1999 2235/2201/2161 2073/2039/2000
f 2237/2203/2163 2073/2039/2000 2235/2201/2161
g sforearm_l_a_wj
f 2542/2508/2464 2077/2043/2004 2543/2509/2465
g sarm_l_d_ex_wj
f 2543/2509/2465 2077/2043/2004 2544/2510/2466
f 2076/2042/2003 2544/2510/2466 2077/2043/2004
f 2544/2510/2466 2076/2042/2003 1948/1914/1875
f 1948/1914/1875 2076/2042/2003 1946/1912/1873
f 2078/2044/2005 1946/1912/1873 2076/2042/2003
f 1946/1912/1873 2078/2044/2005 1944/1910/1871
f 2080/2046/2007 1944/1910/1871 2078/2044/2005
f 2081/2047/2008 1944/1910/1871 2080/2046/2007
f 1944/1910/1871 2081/2047/2008 2545/2511/2467
f 2539/2505/2461 2545/2511/2467 2081/2047/2008
f 2545/2511/2467 2539/2505/2461 2546/2512/2468
f 2538/2504/2460 2546/2512/2468 2539/2505/2461
f 2546/2512/2468 2538/2504/2460 2547/2513/2469
f 2084/2050/2011 2547/2513/2469 2538/2504/2460
f 2547/2513/2469 2084/2050/2011 2548/2514/2470
f 2083/2049/2010 2548/2514/2470 2084/2050/2011
g sarm_l_c_ex_wj
f 2548/2514/2470 2083/2049/2010 1935/1901/1863
g sarm_l_d_ex_wj
f 2546/2512/2468 2547/2513/2469 2171/2137/2097
f 2171/2137/2097 2547/2513/2469 2170/2136/2096
f 2548/2514/2470 2170/2136/2096 2547/2513/2469
f 2166/2132/2092 1947/1913/1874 2164/2130/2090
f 1943/1909/1870 2164/2130/2090 1947/1913/1874
f 2164/2130/2090 1943/1909/1870 2168/2134/2094
f 1945/1911/1872 2168/2134/2094 1943/1909/1870
f 2168/2134/2094 1945/1911/1872 2171/2137/2097
f 2171/2137/2097 1945/1911/1872 2546/2512/2468
f 1944/1910/1871 2546/2512/2468 1945/1911/1872
f 2546/2512/2468 1944/1910/1871 2545/2511/2467
g sarm_l_b_ex_wj
f 2549/2515/2471 2036/2002/1963 2550/2516/2472
f 2034/2000/1961 2550/2516/2472 2036/2002/1963
f 2550/2516/2472 2034/2000/1961 2551/2517/2473
f 2040/2006/1967 2551/2517/2473 2034/2000/1961
f 2551/2517/2473 2040/2006/1967 2552/2518/2474
f 2041/2007/1968 2552/2518/2474 2040/2006/1967
g sarm_l_c_ex_wj
f 2552/2518/2474 2041/2007/1968 2553/2519/2475
f 1956/1922/1883 2553/2519/2475 2041/2007/1968
f 2553/2519/2475 1956/1922/1883 2554/2520/2476
f 1954/1920/1881 2554/2520/2476 1956/1922/1883
f 1953/1919/1880 2554/2520/2476 1954/1920/1881
f 2554/2520/2476 1953/1919/1880 2555/2521/2477
f 2170/2136/2096 2555/2521/2477 1953/1919/1880
f 2555/2521/2477 2170/2136/2096 2556/2522/2478
f 2548/2514/2470 2556/2522/2478 2170/2136/2096
f 1935/1901/1863 2556/2522/2478 2548/2514/2470
f 2556/2522/2478 1935/1901/1863 2557/2523/2479
f 1933/1899/1861 2557/2523/2479 1935/1901/1863
f 2555/2521/2477 2556/2522/2478 2554/2520/2476
f 2557/2523/2479 2554/2520/2476 2556/2522/2478
f 2554/2520/2476 2557/2523/2479 2553/2519/2475
f 2558/2524/2480 2553/2519/2475 2557/2523/2479
f 2553/2519/2475 2558/2524/2480 2552/2518/2474
f 2559/2525/2481 2552/2518/2474 2558/2524/2480
g sarm_l_b_ex_wj
f 2552/2518/2474 2559/2525/2481 2551/2517/2473
f 2560/2526/2482 2551/2517/2473 2559/2525/2481
f 2551/2517/2473 2560/2526/2482 2550/2516/2472
f 2561/2527/2483 2550/2516/2472 2560/2526/2482
f 2550/2516/2472 2561/2527/2483 2549/2515/2471
f 2562/2528/2484 2549/2515/2471 2561/2527/2483
g sarm_l_c_ex_wj
f 2557/2523/2479 1933/1899/1861 2558/2524/2480
f 1936/1902/1864 2558/2524/2480 1933/1899/1861
f 2558/2524/2480 1936/1902/1864 2559/2525/2481
f 2359/2325/2285 2559/2525/2481 1936/1902/1864
g sarm_l_b_ex_wj
f 2559/2525/2481 2359/2325/2285 2560/2526/2482
f 2358/2324/2284 2560/2526/2482 2359/2325/2285
f 2560/2526/2482 2358/2324/2284 2561/2527/2483
f 2247/2213/2173 2561/2527/2483 2358/2324/2284
f 2561/2527/2483 2247/2213/2173 2562/2528/2484
f 2246/2212/2172 2562/2528/2484 2247/2213/2173
g sarm_l_c_ex_wj
f 2357/2323/2283 1938/1904/1865 2362/2328/2288
f 1938/1904/1865 2357/2323/2283 1937/1903/1810
f 2359/2325/2285 1937/1903/1810 2357/2323/2283
f 1937/1903/1810 2359/2325/2285 1936/1902/1864
g sarm_l_b_ex_wj
f 2361/2327/2287 2250/2216/2176 2360/2326/2286
f 2245/2211/2171 2360/2326/2286 2250/2216/2176
f 2360/2326/2286 2245/2211/2171 2358/2324/2284
f 2247/2213/2173 2358/2324/2284 2245/2211/2171
f 2057/2023/1984 2054/2020/1981 2055/2021/1982
f 2052/2018/1979 2055/2021/1982 2054/2020/1981
f 2055/2021/1982 2052/2018/1979 2563/2529/2485
f 2564/2530/2486 2563/2529/2485 2052/2018/1979
f 2249/2215/2175 2563/2529/2485 2564/2530/2486
f 2250/2216/2176 2563/2529/2485 2249/2215/2175
f 2563/2529/2485 2250/2216/2176 2565/2531/2487
f 2361/2327/2287 2565/2531/2487 2250/2216/2176
f 2565/2531/2487 2361/2327/2287 2566/2532/2488
f 2362/2328/2288 2566/2532/2488 2361/2327/2287
g sarm_l_c_ex_wj
f 2566/2532/2488 2362/2328/2288 2567/2533/2489
f 1938/1904/1865 2567/2533/2489 2362/2328/2288
f 2567/2533/2489 1938/1904/1865 1942/1908/1869
f 1939/1905/1866 1942/1908/1869 1938/1904/1865
g sarm_l_b_ex_wj
f 2565/2531/2487 2055/2021/1982 2563/2529/2485
f 2055/2021/1982 2565/2531/2487 2056/2022/1983
f 2056/2022/1983 2565/2531/2487 2566/2532/2488
f 2051/2017/1978 2564/2530/2486 2052/2018/1979
g sarm_l_c_ex_wj
f 2056/2022/1983 2241/2207/2167 2058/2024/1985
f 2241/2207/2167 2056/2022/1983 2239/2205/2165
f 2566/2532/2488 2239/2205/2165 2056/2022/1983
f 2567/2533/2489 2239/2205/2165 2566/2532/2488
f 2239/2205/2165 2567/2533/2489 2240/2206/2166
f 1942/1908/1869 2240/2206/2166 2567/2533/2489
f 2240/2206/2166 1942/1908/1869 2243/2209/2169
f 1941/1907/1868 2243/2209/2169 1942/1908/1869
g sarm_l_b_ex_wj
f 2564/2530/2486 2415/2381/2340 2249/2215/2175
f 2415/2381/2340 2564/2530/2486 2416/2382/2341
f 2416/2382/2341 2564/2530/2486 2417/2383/2342
f 2051/2017/1978 2417/2383/2342 2564/2530/2486
f 2417/2383/2342 2051/2017/1978 2419/2385/2344
f 2053/2019/1980 2419/2385/2344 2051/2017/1978
f 2484/2450/2406 2419/2385/2344 2053/2019/1980
f 2419/2385/2344 2484/2450/2406 2418/2384/2343
g sarm_l_a_wj
f 2568/2534/2490 2418/2384/2343 2484/2450/2406
f 2418/2384/2343 2568/2534/2490 2569/2535/2491
f 2570/2536/2492 2569/2535/2491 2568/2534/2490
f 2569/2535/2491 2570/2536/2492 2309/2275/2235
f 2571/2537/2493 2309/2275/2235 2570/2536/2492
f 2309/2275/2235 2571/2537/2493 2307/2273/2233
f 2572/2538/2494 2307/2273/2233 2571/2537/2493
f 2307/2273/2233 2572/2538/2494 2305/2271/2231
f 2573/2539/2495 2305/2271/2231 2572/2538/2494
f 2305/2271/2231 2573/2539/2495 2295/2261/2221
f 2310/2276/2236 2569/2535/2491 2309/2275/2235
f 2408/2374/2333 2311/2277/2237 2409/2375/2334
f 2311/2277/2237 2408/2374/2333 2310/2276/2236
f 2410/2376/2335 2310/2276/2236 2408/2374/2333
f 2310/2276/2236 2410/2376/2335 2569/2535/2491
f 2569/2535/2491 2410/2376/2335 2418/2384/2343
f 2411/2377/2336 2418/2384/2343 2410/2376/2335
f 2574/2540/2496 2295/2261/2221 2573/2539/2495
g shoulder_l_jo
f 2295/2261/2221 2574/2540/2496 2288/2254/2214
f 2575/2541/2497 2288/2254/2214 2574/2540/2496
f 2288/2254/2214 2575/2541/2497 2289/2255/2215
f 2289/2255/2215 2575/2541/2497 2576/2542/2498
f 2576/2542/2498 2575/2541/2497 2577/2543/2499
f 2577/2543/2499 2575/2541/2497 2578/2544/2500
f 2574/2540/2496 2578/2544/2500 2575/2541/2497
f 2578/2544/2500 2574/2540/2496 2579/2545/2501
g sarm_l_a_wj
f 2573/2539/2495 2579/2545/2501 2574/2540/2496
f 2579/2545/2501 2573/2539/2495 2580/2546/2502
f 2572/2538/2494 2580/2546/2502 2573/2539/2495
f 2580/2546/2502 2572/2538/2494 2581/2547/2503
f 2571/2537/2493 2581/2547/2503 2572/2538/2494
f 2581/2547/2503 2571/2537/2493 2582/2548/2504
f 2582/2548/2504 2571/2537/2493 2583/2549/2505
f 2570/2536/2492 2583/2549/2505 2571/2537/2493
f 2568/2534/2490 2583/2549/2505 2570/2536/2492
f 2583/2549/2505 2568/2534/2490 2485/2451/2407
f 2484/2450/2406 2485/2451/2407 2568/2534/2490
f 2439/2405/2364 2485/2451/2407 2440/2406/2365
f 2485/2451/2407 2439/2405/2364 2583/2549/2505
f 2393/2359/2319 2583/2549/2505 2439/2405/2364
f 2583/2549/2505 2393/2359/2319 2582/2548/2504
f 2394/2360/2320 2582/2548/2504 2393/2359/2319
f 2582/2548/2504 2394/2360/2320 2581/2547/2503
f 2395/2361/2321 2581/2547/2503 2394/2360/2320
f 2581/2547/2503 2395/2361/2321 2580/2546/2502
f 2396/2362/2322 2580/2546/2502 2395/2361/2321
g shoulder_l_jo
f 2580/2546/2502 2396/2362/2322 2579/2545/2501
f 2397/2363/2323 2579/2545/2501 2396/2362/2322
f 2579/2545/2501 2397/2363/2323 2578/2544/2500
f 2584/2550/2506 2578/2544/2500 2397/2363/2323
f 2578/2544/2500 2584/2550/2506 2577/2543/2499
f 2585/2551/2507 2577/2543/2499 2584/2550/2506
f 2586/2552/2508 2577/2543/2499 2585/2551/2507
f 2577/2543/2499 2586/2552/2508 2576/2542/2498
f 2587/2553/2509 2576/2542/2498 2586/2552/2508
f 2585/2551/2507 2584/2550/2506 2588/2554/2510
f 2589/2555/2511 2588/2554/2510 2584/2550/2506
g chest
f 2379/2345/2305 2454/2420/2379 2380/2346/2306
f 2590/2556/2512 2380/2346/2306 2454/2420/2379
f 2591/2557/2513 2380/2346/2306 2590/2556/2512
g shoulder_l_jo
f 2380/2346/2306 2591/2557/2513 2368/2334/2294
f 2592/2558/2514 2368/2334/2294 2591/2557/2513
f 2368/2334/2294 2592/2558/2514 2364/2330/2290
f 2589/2555/2511 2364/2330/2290 2592/2558/2514
f 2364/2330/2290 2589/2555/2511 2365/2331/2291
f 2584/2550/2506 2365/2331/2291 2589/2555/2511
f 2397/2363/2323 2365/2331/2291 2584/2550/2506
f 2365/2331/2291 2397/2363/2323 2363/2329/2289
f 2576/2542/2498 2587/2553/2509 2289/2255/2215
f 2289/2255/2215 2587/2553/2509 2287/2253/2213
f 2593/2559/2515 2287/2253/2213 2587/2553/2509
f 2594/2560/2516 2287/2253/2213 2593/2559/2515
f 2287/2253/2213 2594/2560/2516 2293/2259/2219
f 2595/2561/2517 2293/2259/2219 2594/2560/2516
f 2293/2259/2219 2595/2561/2517 2291/2257/2217
f 2596/2562/2518 2291/2257/2217 2595/2561/2517
f 2291/2257/2217 2596/2562/2518 2313/2279/2239
f 2597/2563/2519 2313/2279/2239 2596/2562/2518
f 2598/2564/2520 2313/2279/2239 2597/2563/2519
f 2313/2279/2239 2598/2564/2520 2312/2278/2238
f 2599/2565/2521 2312/2278/2238 2598/2564/2520
f 2312/2278/2238 2599/2565/2521 2296/2262/2222
f 2600/2566/2522 2296/2262/2222 2599/2565/2521
f 2296/2262/2222 2600/2566/2522 2331/2297/2257
f 2331/2297/2257 2600/2566/2522 2334/2300/2260
g chest
f 2601/2567/2523 2334/2300/2260 2600/2566/2522
g shoulder_l_jo
f 2313/2279/2239 2300/2266/2226 2291/2257/2217
f 2292/2258/2218 2291/2257/2217 2300/2266/2226
f 2334/2300/2260 2601/2567/2523 2336/2302/2262
g chest
f 2602/2568/2524 2336/2302/2262 2601/2567/2523
f 2336/2302/2262 2602/2568/2524 2338/2304/2264
f 2603/2569/2525 2338/2304/2264 2602/2568/2524
f 2604/2570/2526 2338/2304/2264 2603/2569/2525
f 2338/2304/2264 2604/2570/2526 2340/2306/2266
g sarm_l_c_ex_wj
f 1953/1919/1880 2169/2135/2095 2170/2136/2096
f 2169/2135/2095 1953/1919/1880 2167/2133/2093
f 1949/1915/1876 2167/2133/2093 1953/1919/1880
f 2167/2133/2093 1949/1915/1876 2165/2131/2091
f 1951/1917/1878 2165/2131/2091 1949/1915/1876
g sarm_l_d_ex_wj
f 1948/1914/1875 2605/2571/2527 2544/2510/2466
f 2605/2571/2527 1948/1914/1875 2606/2572/2528
f 1947/1913/1874 2606/2572/2528 1948/1914/1875
f 2166/2132/2092 2606/2572/2528 1947/1913/1874
f 2606/2572/2528 2166/2132/2092 2607/2573/2529
f 2607/2573/2529 2166/2132/2092 2608/2574/2530
f 2165/2131/2091 2608/2574/2530 2166/2132/2092
g sarm_l_c_ex_wj
f 1951/1917/1878 2608/2574/2530 2165/2131/2091
f 2608/2574/2530 1951/1917/1878 2609/2575/2442
f 2609/2575/2442 1951/1917/1878 2610/2576/2531
f 1950/1916/1877 2610/2576/2531 1951/1917/1878
f 2610/2576/2531 1950/1916/1877 2611/2577/2532
f 2612/2578/2533 2611/2577/2532 1950/1916/1877
f 2611/2577/2532 2612/2578/2533 2613/2579/2534
f 2614/2580/2535 2613/2579/2534 2612/2578/2533
g sarm_l_b_ex_wj
f 2613/2579/2534 2614/2580/2535 2615/2581/2536
f 2037/2003/1964 2615/2581/2536 2614/2580/2535
f 2615/2581/2536 2037/2003/1964 2616/2582/2537
g sarm_l_c_ex_wj
f 2612/2578/2533 1955/1921/1882 2614/2580/2535
f 1950/1916/1877 1955/1921/1882 2612/2578/2533
f 1955/1921/1882 1950/1916/1877 1952/1918/1879
f 1956/1922/1883 2041/2007/1968 1955/1921/1882
f 2042/2008/1969 1955/1921/1882 2041/2007/1968
f 1955/1921/1882 2042/2008/1969 2614/2580/2535
g sarm_l_b_ex_wj
f 2614/2580/2535 2042/2008/1969 2037/2003/1964
f 2038/2004/1965 2037/2003/1964 2042/2008/1969
f 2040/2006/1967 2034/2000/1961 2038/2004/1965
f 2033/1999/1960 2038/2004/1965 2034/2000/1961
f 2033/1999/1960 2035/2001/1962 2039/2005/1966
f 2617/2583/2538 2039/2005/1966 2035/2001/1962
f 2039/2005/1966 2616/2582/2537 2037/2003/1964
f 2616/2582/2537 2039/2005/1966 2618/2584/2539
f 2617/2583/2538 2618/2584/2539 2039/2005/1966
f 2618/2584/2539 2617/2583/2538 2403/2369/2329
f 2035/2001/1962 2403/2369/2329 2617/2583/2538
f 2403/2369/2329 2035/2001/1962 2402/2368/2328
f 2402/2368/2328 2035/2001/1962 2404/2370/1929
f 2036/2002/1963 2404/2370/1929 2035/2001/1962
f 2404/2370/1929 2036/2002/1963 2619/2585/2540
f 2549/2515/2471 2619/2585/2540 2036/2002/1963
f 2619/2585/2540 2549/2515/2471 2620/2586/2541
f 2562/2528/2484 2620/2586/2541 2549/2515/2471
f 2620/2586/2541 2562/2528/2484 2422/2388/2347
f 2246/2212/2172 2422/2388/2347 2562/2528/2484
f 2422/2388/2347 2246/2212/2172 2420/2386/2345
f 2248/2214/2174 2420/2386/2345 2246/2212/2172
f 2249/2215/2175 2420/2386/2345 2248/2214/2174
f 2420/2386/2345 2249/2215/2175 2415/2381/2340
f 2618/2584/2539 2403/2369/2329 2621/2587/2381
f 2621/2587/2381 2403/2369/2329 2622/2588/2382
g sarm_l_a_wj
f 2400/2366/2326 2622/2588/2382 2403/2369/2329
f 2622/2588/2382 2400/2366/2326 2623/2589/2383
f 2401/2367/2327 2623/2589/2383 2400/2366/2326
f 2421/2387/2346 2438/2404/2363 2422/2388/2347
g sarm_l_b_ex_wj
f 2422/2388/2347 2438/2404/2363 2620/2586/2541
g sarm_l_a_wj
f 2436/2402/2361 2620/2586/2541 2438/2404/2363
g sarm_l_b_ex_wj
f 2620/2586/2541 2436/2402/2361 2619/2585/2540
f 2619/2585/2540 2436/2402/2361 2404/2370/1929
g sarm_l_a_wj
f 2404/2370/1929 2436/2402/2361 2405/2371/2330
f 2405/2371/2330 2436/2402/2361 2406/2372/2331
f 2435/2401/2360 2406/2372/2331 2436/2402/2361
f 2406/2372/2331 2435/2401/2360 2624/2590/2542
f 2437/2403/2362 2624/2590/2542 2435/2401/2360
f 2624/2590/2542 2437/2403/2362 2325/2291/2251
f 2325/2291/2251 2437/2403/2362 2324/2290/2250
f 2625/2591/2543 2324/2290/2250 2437/2403/2362
f 2324/2290/2250 2625/2591/2543 2323/2289/2249
f 2412/2378/2337 2323/2289/2249 2625/2591/2543
f 2323/2289/2249 2412/2378/2337 2322/2288/2248
f 2409/2375/2334 2322/2288/2248 2412/2378/2337
f 2322/2288/2248 2409/2375/2334 2311/2277/2237
f 2413/2379/2338 2412/2378/2337 2421/2387/2346
f 2625/2591/2543 2421/2387/2346 2412/2378/2337
f 2437/2403/2362 2421/2387/2346 2625/2591/2543
f 2421/2387/2346 2437/2403/2362 2438/2404/2363
f 2327/2293/2253 2332/2298/2258 2326/2292/2252
f 2626/2592/2544 2326/2292/2252 2332/2298/2258
f 2326/2292/2252 2626/2592/2544 2325/2291/2251
f 2624/2590/2542 2325/2291/2251 2626/2592/2544
g shoulder_l_jo
f 2330/2296/2256 2333/2299/2259 2329/2295/2255
f 2341/2307/2267 2329/2295/2255 2333/2299/2259
g sarm_l_a_wj
f 2329/2295/2255 2341/2307/2267 2332/2298/2258
f 2353/2319/2279 2332/2298/2258 2341/2307/2267
f 2332/2298/2258 2353/2319/2279 2626/2592/2544
f 2352/2318/2278 2626/2592/2544 2353/2319/2279
f 2626/2592/2544 2352/2318/2278 2624/2590/2542
f 2356/2322/2282 2624/2590/2542 2352/2318/2278
f 2624/2590/2542 2356/2322/2282 2406/2372/2331
f 2406/2372/2331 2356/2322/2282 2399/2365/2325
f 2350/2316/2276 2399/2365/2325 2356/2322/2282
f 2399/2365/2325 2350/2316/2276 2401/2367/2327
f 2349/2315/2275 2401/2367/2327 2350/2316/2276
f 2401/2367/2327 2349/2315/2275 2623/2589/2383
f 2348/2314/2274 2623/2589/2383 2349/2315/2275
g sforearm_l_c_ex_wj
f 2213/2179/2139 2175/2141/2101 2214/2180/2140
f 2173/2139/2099 2214/2180/2140 2175/2141/2101
g sforearm_l_a_wj
f 2178/2144/2104 2217/2183/2143 2176/2142/2102
f 2161/2127/2087 2176/2142/2102 2217/2183/2143
f 2176/2142/2102 2161/2127/2087 2177/2143/2103
f 2162/2128/2088 2177/2143/2103 2161/2127/2087
f 2177/2143/2103 2162/2128/2088 2198/2164/2124
f 2148/2114/2074 2198/2164/2124 2162/2128/2088
f 2198/2164/2124 2148/2114/2074 2199/2165/2125
f 2147/2113/2016 2199/2165/2125 2148/2114/2074
f 2199/2165/2125 2147/2113/2016 2202/2168/2128
f 2146/2112/2073 2202/2168/2128 2147/2113/2016
f 2202/2168/2128 2146/2112/2073 2203/2169/2129
f 2145/2111/2072 2203/2169/2129 2146/2112/2073
f 2203/2169/2129 2145/2111/2072 2172/2138/2098
f 2144/2110/2071 2172/2138/2098 2145/2111/2072
g sforearm_l_c_ex_wj
f 2172/2138/2098 2144/2110/2071 2173/2139/2099
f 2143/2109/2070 2173/2139/2099 2144/2110/2071
f 2173/2139/2099 2143/2109/2070 2214/2180/2140
f 2133/2099/2060 2214/2180/2140 2143/2109/2070
g sforearm_l_a_wj
f 2188/2154/2114 2203/2169/2129 2174/2140/2100
f 2172/2138/2098 2174/2140/2100 2203/2169/2129
f 2184/2150/2110 2199/2165/2125 2187/2153/2113
f 2202/2168/2128 2187/2153/2113 2199/2165/2125
f 2179/2145/2105 2177/2143/2103 2183/2149/2109
f 2198/2164/2124 2183/2149/2109 2177/2143/2103
g sforearm_l_c_ex_wj
f 2214/2180/2140 2133/2099/2060 2210/2176/2136
f 2132/2098/2059 2210/2176/2136 2133/2099/2060
f 2210/2176/2136 2132/2098/2059 2211/2177/2137
f 2131/2097/2058 2211/2177/2137 2132/2098/2059
f 2211/2177/2137 2131/2097/2058 2627/2593/2545
f 2628/2594/2546 2627/2593/2545 2131/2097/2058
f 2627/2593/2545 2628/2594/2546 2278/2244/2204
f 2278/2244/2204 2628/2594/2546 2279/2245/2205
f 2629/2595/2547 2279/2245/2205 2628/2594/2546
f 2279/2245/2205 2629/2595/2547 2630/2596/2548
f 2128/2094/2055 2630/2596/2548 2629/2595/2547
f 2142/2108/2069 2630/2596/2548 2128/2094/2055
f 2630/2596/2548 2142/2108/2069 2631/2597/2549
f 2000/1966/1927 2631/2597/2549 2142/2108/2069
f 2631/2597/2549 2000/1966/1927 2632/2598/2550
f 2001/1967/1928 2632/2598/2550 2000/1966/1927
f 2632/2598/2550 2001/1967/1928 2633/2599/2551
f 2002/1968/1929 2633/2599/2551 2001/1967/1928
f 2130/2096/2057 2628/2594/2546 2131/2097/2058
f 2628/2594/2546 2130/2096/2057 2629/2595/2547
f 2128/2094/2055 2629/2595/2547 2130/2096/2057
f 2634/2600/2552 2209/2175/2135 2635/2601/2553
f 2211/2177/2137 2635/2601/2553 2209/2175/2135
f 2627/2593/2545 2635/2601/2553 2211/2177/2137
f 2635/2601/2553 2627/2593/2545 2286/2252/2212
f 2286/2252/2212 2627/2593/2545 2283/2249/2209
f 2278/2244/2204 2283/2249/2209 2627/2593/2545
f 2636/2602/2554 2284/2250/2210 2259/2225/2185
f 2284/2250/2210 2636/2602/2554 2285/2251/2211
f 2634/2600/2552 2285/2251/2211 2636/2602/2554
f 2635/2601/2553 2285/2251/2211 2634/2600/2552
f 2285/2251/2211 2635/2601/2553 2286/2252/2212
f 2637/2603/2555 2638/2604/2556 2639/2605/2557
f 2640/2606/2558 2639/2605/2557 2638/2604/2556
f 2639/2605/2557 2640/2606/2558 2641/2607/2559
f 2642/2608/2560 2641/2607/2559 2640/2606/2558
f 2641/2607/2559 2642/2608/2560 2643/2609/2561
f 2644/2610/2562 2643/2609/2561 2642/2608/2560
f 2643/2609/2561 2644/2610/2562 2254/2220/2180
f 2645/2611/2563 2254/2220/2180 2644/2610/2562
f 2254/2220/2180 2645/2611/2563 2646/2612/2564
f 2647/2613/2565 2646/2612/2564 2645/2611/2563
f 2646/2612/2564 2647/2613/2565 2258/2224/2184
f 2258/2224/2184 2647/2613/2565 2259/2225/2185
f 2648/2614/2566 2259/2225/2185 2647/2613/2565
f 2259/2225/2185 2648/2614/2566 2636/2602/2554
f 2208/2174/2134 2636/2602/2554 2648/2614/2566
f 2207/2173/2133 2636/2602/2554 2208/2174/2134
f 2636/2602/2554 2207/2173/2133 2634/2600/2552
f 2209/2175/2135 2634/2600/2552 2207/2173/2133
f 2252/2218/2178 2643/2609/2561 2254/2220/2180
f 2256/2222/2182 2255/2221/2181 2258/2224/2184
f 2258/2224/2184 2255/2221/2181 2646/2612/2564
f 2253/2219/2179 2646/2612/2564 2255/2221/2181
f 2646/2612/2564 2253/2219/2179 2254/2220/2180
f 2206/2172/2132 2097/2063/2024 2204/2170/2130
f 2097/2063/2024 2206/2172/2132 2095/2061/2022
f 2208/2174/2134 2095/2061/2022 2206/2172/2132
f 2648/2614/2566 2095/2061/2022 2208/2174/2134
f 2647/2613/2565 2095/2061/2022 2648/2614/2566
f 2645/2611/2563 2095/2061/2022 2647/2613/2565
f 2095/2061/2022 2645/2611/2563 2096/2062/2023
f 2644/2610/2562 2096/2062/2023 2645/2611/2563
f 2096/2062/2023 2644/2610/2562 2649/2615/2567
f 2642/2608/2560 2649/2615/2567 2644/2610/2562
f 2649/2615/2567 2642/2608/2560 2650/2616/2568
f 2640/2606/2558 2650/2616/2568 2642/2608/2560
f 2650/2616/2568 2640/2606/2558 2651/2617/2569
f 2638/2604/2556 2651/2617/2569 2640/2606/2558
f 2651/2617/2569 2638/2604/2556 2652/2618/2570
f 2653/2619/2571 2652/2618/2570 2638/2604/2556
f 2096/2062/2023 2649/2615/2567 2098/2064/2025
f 2650/2616/2568 2098/2064/2025 2649/2615/2567
f 2098/2064/2025 2650/2616/2568 2654/2620/2572
f 2651/2617/2569 2654/2620/2572 2650/2616/2568
f 2654/2620/2572 2651/2617/2569 2655/2621/2573
f 2652/2618/2570 2655/2621/2573 2651/2617/2569
f 2656/2622/2574 2655/2621/2573 2652/2618/2570
f 2655/2621/2573 2656/2622/2574 2104/2070/2031
g sforearm_l_a_wj
f 2106/2072/2033 2104/2070/2031 2656/2622/2574
g sforearm_l_c_ex_wj
f 2102/2068/2029 2655/2621/2573 2104/2070/2031
f 2655/2621/2573 2102/2068/2029 2654/2620/2572
f 2100/2066/2027 2654/2620/2572 2102/2068/2029
f 2654/2620/2572 2100/2066/2027 2098/2064/2025
g sforearm_l_a_wj
f 2114/2080/2041 2657/2623/2575 2115/2081/2042
f 2657/2623/2575 2114/2080/2041 2658/2624/2576
f 2112/2078/2039 2658/2624/2576 2114/2080/2041
f 2658/2624/2576 2112/2078/2039 2659/2625/2577
f 2110/2076/2037 2659/2625/2577 2112/2078/2039
f 2659/2625/2577 2110/2076/2037 2660/2626/2578
f 2108/2074/2035 2660/2626/2578 2110/2076/2037
f 2660/2626/2578 2108/2074/2035 2661/2627/2579
f 2106/2072/2033 2661/2627/2579 2108/2074/2035
f 2656/2622/2574 2661/2627/2579 2106/2072/2033
f 2661/2627/2579 2656/2622/2574 2662/2628/2580
g sforearm_l_c_ex_wj
f 2652/2618/2570 2662/2628/2580 2656/2622/2574
f 2662/2628/2580 2652/2618/2570 2663/2629/2581
f 2653/2619/2571 2663/2629/2581 2652/2618/2570
f 2663/2629/2581 2653/2619/2571 2664/2630/2582
f 2664/2630/2582 2653/2619/2571 2665/2631/2583
f 2665/2631/2583 2653/2619/2571 2637/2603/2555
f 2638/2604/2556 2637/2603/2555 2653/2619/2571
g sforearm_l_a_wj
f 2666/2632/2584 2662/2628/2580 2663/2629/2581
f 2662/2628/2580 2666/2632/2584 2661/2627/2579
f 2661/2627/2579 2666/2632/2584 2660/2626/2578
f 2667/2633/2585 2660/2626/2578 2666/2632/2584
f 2660/2626/2578 2667/2633/2585 2659/2625/2577
f 2668/2634/2586 2663/2629/2581 2664/2630/2582
f 2663/2629/2581 2668/2634/2586 2666/2632/2584
f 2669/2635/2587 2666/2632/2584 2668/2634/2586
f 2666/2632/2584 2669/2635/2587 2667/2633/2585
f 2670/2636/2588 2667/2633/2585 2669/2635/2587
f 2667/2633/2585 2670/2636/2588 2659/2625/2577
f 2659/2625/2577 2670/2636/2588 2658/2624/2576
f 2671/2637/2589 2658/2624/2576 2670/2636/2588
f 2658/2624/2576 2671/2637/2589 2657/2623/2575
f 2672/2638/2590 2664/2630/2582 2673/2639/2591
f 2664/2630/2582 2672/2638/2590 2668/2634/2586
f 2674/2640/2592 2668/2634/2586 2672/2638/2590
f 2668/2634/2586 2674/2640/2592 2669/2635/2587
f 2675/2641/2593 2669/2635/2587 2674/2640/2592
f 2669/2635/2587 2675/2641/2593 2670/2636/2588
f 2676/2642/2594 2670/2636/2588 2675/2641/2593
f 2670/2636/2588 2676/2642/2594 2671/2637/2589
f 2677/2643/2595 2671/2637/2589 2676/2642/2594
f 2671/2637/2589 2677/2643/2595 2657/2623/2575
f 2678/2644/2596 2657/2623/2575 2677/2643/2595
f 2657/2623/2575 2678/2644/2596 2115/2081/2042
f 2679/2645/2597 2115/2081/2042 2678/2644/2596
f 2115/2081/2042 2679/2645/2597 2093/2059/2020
f 2093/2059/2020 2679/2645/2597 2091/2057/2018
f 2680/2646/2598 2091/2057/2018 2679/2645/2597
f 2091/2057/2018 2680/2646/2598 2092/2058/2019
f 2681/2647/2599 2092/2058/2019 2680/2646/2598
f 2681/2647/2599 2680/2646/2598 2682/2648/2600
g elbow_l_a_ex_wj
f 1958/1924/1885 2504/2470/2426 2683/2649/2601
f 2512/2478/2434 2683/2649/2601 2504/2470/2426
f 2684/2650/2602 2683/2649/2601 2512/2478/2434
f 2683/2649/2601 2684/2650/2602 2685/2651/2603
g sforearm_l_a_wj
f 2681/2647/2599 2685/2651/2603 2684/2650/2602
f 2685/2651/2603 2681/2647/2599 2686/2652/2604
f 2682/2648/2600 2686/2652/2604 2681/2647/2599
f 2686/2652/2604 2682/2648/2600 2687/2653/2605
f 2680/2646/2598 2687/2653/2605 2682/2648/2600
f 2687/2653/2605 2680/2646/2598 2688/2654/2606
f 2679/2645/2597 2688/2654/2606 2680/2646/2598
f 2688/2654/2606 2679/2645/2597 2689/2655/2607
f 2678/2644/2596 2689/2655/2607 2679/2645/2597
f 2689/2655/2607 2678/2644/2596 2688/2654/2606
f 2690/2656/2608 2688/2654/2606 2678/2644/2596
f 2688/2654/2606 2690/2656/2608 2687/2653/2605
f 2691/2657/2609 2687/2653/2605 2690/2656/2608
f 2687/2653/2605 2691/2657/2609 2692/2658/2610
f 2687/2653/2605 2693/2659/2611 2686/2652/2604
f 2693/2659/2611 2687/2653/2605 2692/2658/2610
f 2694/2660/2612 2692/2658/2610 2691/2657/2609
f 2692/2658/2610 2694/2660/2612 2695/2661/2613
f 2696/2662/2614 2695/2661/2613 2694/2660/2612
g elbow_l_a_ex_wj
f 2695/2661/2613 2696/2662/2614 2692/2658/2610
f 2697/2663/2615 2692/2658/2610 2696/2662/2614
f 2692/2658/2610 2697/2663/2615 2693/2659/2611
f 2698/2664/2616 2693/2659/2611 2697/2663/2615
f 2693/2659/2611 2698/2664/2616 2686/2652/2604
f 2699/2665/2617 2686/2652/2604 2698/2664/2616
f 2686/2652/2604 2699/2665/2617 2685/2651/2603
f 2685/2651/2603 2699/2665/2617 2683/2649/2601
f 1960/1926/1887 2683/2649/2601 2699/2665/2617
f 2683/2649/2601 1960/1926/1887 1958/1924/1885
f 2698/2664/2616 1960/1926/1887 2699/2665/2617
f 2696/2662/2614 2694/2660/2612 2700/2666/2618
g sforearm_l_a_wj
f 2700/2666/2618 2694/2660/2612 2701/2667/2619
f 2702/2668/2620 2701/2667/2619 2694/2660/2612
f 2701/2667/2619 2702/2668/2620 2703/2669/2621
f 2704/2670/2622 2703/2669/2621 2702/2668/2620
f 2703/2669/2621 2704/2670/2622 2705/2671/2623
f 2705/2671/2623 2704/2670/2622 2706/2672/2624
f 2706/2672/2624 2704/2670/2622 2707/2673/2625
f 2708/2674/2626 2707/2673/2625 2704/2670/2622
f 2707/2673/2625 2708/2674/2626 2709/2675/2627
f 2710/2676/2628 2709/2675/2627 2708/2674/2626
f 2709/2675/2627 2710/2676/2628 2677/2643/2595
f 2711/2677/2629 2677/2643/2595 2710/2676/2628
f 2677/2643/2595 2711/2677/2629 2678/2644/2596
f 2678/2644/2596 2711/2677/2629 2690/2656/2608
f 2712/2678/2630 2690/2656/2608 2711/2677/2629
f 2690/2656/2608 2712/2678/2630 2691/2657/2609
f 2691/2657/2609 2712/2678/2630 2694/2660/2612
f 2694/2660/2612 2712/2678/2630 2702/2668/2620
f 2713/2679/2631 2702/2668/2620 2712/2678/2630
f 2702/2668/2620 2713/2679/2631 2704/2670/2622
f 2704/2670/2622 2713/2679/2631 2708/2674/2626
f 2708/2674/2626 2713/2679/2631 2710/2676/2628
f 2712/2678/2630 2710/2676/2628 2713/2679/2631
f 2710/2676/2628 2712/2678/2630 2711/2677/2629
f 2714/2680/2632 2677/2643/2595 2676/2642/2594
f 2677/2643/2595 2714/2680/2632 2709/2675/2627
f 2715/2681/2633 2709/2675/2627 2714/2680/2632
f 2709/2675/2627 2715/2681/2633 2707/2673/2625
f 2707/2673/2625 2716/2682/2634 2706/2672/2624
f 2716/2682/2634 2707/2673/2625 2717/2683/2635
f 2717/2683/2635 2707/2673/2625 2718/2684/2636
f 2715/2681/2633 2718/2684/2636 2707/2673/2625
f 2718/2684/2636 2715/2681/2633 2719/2685/2637
f 2714/2680/2632 2719/2685/2637 2715/2681/2633
f 2719/2685/2637 2714/2680/2632 2720/2686/2638
f 2676/2642/2594 2720/2686/2638 2714/2680/2632
f 2675/2641/2593 2720/2686/2638 2676/2642/2594
f 2720/2686/2638 2675/2641/2593 2721/2687/2639
f 2674/2640/2592 2721/2687/2639 2675/2641/2593
f 2721/2687/2639 2674/2640/2592 2722/2688/2640
f 2672/2638/2590 2722/2688/2640 2674/2640/2592
f 2722/2688/2640 2672/2638/2590 2723/2689/2641
f 2673/2639/2591 2723/2689/2641 2672/2638/2590
f 2719/2685/2637 2724/2690/2642 2718/2684/2636
f 2724/2690/2642 2719/2685/2637 2725/2691/2643
f 2720/2686/2638 2725/2691/2643 2719/2685/2637
f 2721/2687/2639 2725/2691/2643 2720/2686/2638
f 2725/2691/2643 2721/2687/2639 2726/2692/2644
f 2726/2692/2644 2721/2687/2639 2722/2688/2640
g sforearm_l_c_ex_wj
f 1836/1802/1768 2727/2693/2645 1837/1803/1769
f 2728/2694/2646 1837/1803/1769 2727/2693/2645
f 1837/1803/1769 2728/2694/2646 1838/1804/1770
f 2729/2695/2647 1838/1804/1770 2728/2694/2646
f 1838/1804/1770 2729/2695/2647 2251/2217/2177
f 2251/2217/2177 2729/2695/2647 2252/2218/2178
f 2252/2218/2178 2729/2695/2647 2643/2609/2561
f 2730/2696/2648 2643/2609/2561 2729/2695/2647
f 2643/2609/2561 2730/2696/2648 2641/2607/2559
f 2731/2697/2649 2641/2607/2559 2730/2696/2648
f 2641/2607/2559 2731/2697/2649 2639/2605/2557
f 2732/2698/2650 2639/2605/2557 2731/2697/2649
f 2639/2605/2557 2732/2698/2650 2637/2603/2555
f 2733/2699/2651 2637/2603/2555 2732/2698/2650
f 2637/2603/2555 2733/2699/2651 2665/2631/2583
f 2734/2700/2652 2665/2631/2583 2733/2699/2651
f 2673/2639/2591 2665/2631/2583 2734/2700/2652
f 2665/2631/2583 2673/2639/2591 2664/2630/2582
f 2727/2693/2645 2735/2701/2653 2728/2694/2646
f 2736/2702/2654 2728/2694/2646 2735/2701/2653
f 2728/2694/2646 2736/2702/2654 2729/2695/2647
f 2729/2695/2647 2736/2702/2654 2730/2696/2648
f 2730/2696/2648 2736/2702/2654 2731/2697/2649
f 2737/2703/2655 2731/2697/2649 2736/2702/2654
f 2731/2697/2649 2737/2703/2655 2732/2698/2650
f 2738/2704/2656 2732/2698/2650 2737/2703/2655
f 2732/2698/2650 2738/2704/2656 2733/2699/2651
f 2737/2703/2655 2736/2702/2654 2735/2701/2653
g sforearm_l_a_wj
f 2223/2189/2149 2739/2705/2657 2740/2706/2658
f 2739/2705/2657 2223/2189/2149 2741/2707/2659
f 2225/2191/2151 2741/2707/2659 2223/2189/2149
f 2741/2707/2659 2225/2191/2151 2742/2708/2660
f 2227/2193/2153 2742/2708/2660 2225/2191/2151
f 2742/2708/2660 2227/2193/2153 2743/2709/2661
f 2229/2195/2155 2743/2709/2661 2227/2193/2153
f 2238/2204/2164 2743/2709/2661 2221/2187/2147
f 2743/2709/2661 2238/2204/2164 2742/2708/2660
f 2236/2202/2162 2742/2708/2660 2238/2204/2164
f 2742/2708/2660 2236/2202/2162 2741/2707/2659
f 2234/2200/2160 2741/2707/2659 2236/2202/2162
f 2741/2707/2659 2234/2200/2160 2739/2705/2657
f 2232/2198/2158 2739/2705/2657 2234/2200/2160
f 2739/2705/2657 2232/2198/2158 2740/2706/2658
f 2541/2507/2463 2740/2706/2658 2232/2198/2158
f 2740/2706/2658 2541/2507/2463 2744/2710/2662
f 2082/2048/2009 2744/2710/2662 2541/2507/2463
f 2744/2710/2662 2082/2048/2009 2745/2711/2663
f 2079/2045/2006 2745/2711/2663 2082/2048/2009
f 2745/2711/2663 2079/2045/2006 2746/2712/2664
f 2075/2041/2002 2746/2712/2664 2079/2045/2006
f 2746/2712/2664 2075/2041/2002 2747/2713/2665
f 2077/2043/2004 2747/2713/2665 2075/2041/2002
f 2747/2713/2665 2077/2043/2004 2542/2508/2464
f 2031/1997/1958 2748/2714/2644 2032/1998/1959
f 2748/2714/2644 2031/1997/1958 2749/2715/2666
f 2030/1996/1957 2749/2715/2666 2031/1997/1958
f 2749/2715/2666 2030/1996/1957 2750/2716/2667
f 2020/1986/1947 2750/2716/2667 2030/1996/1957
f 2750/2716/2667 2020/1986/1947 2751/2717/2668
f 2022/1988/1949 2751/2717/2668 2020/1986/1947
f 2751/2717/2668 2022/1988/1949 2752/2718/2635
f 2447/2413/2372 2752/2718/2635 2022/1988/1949
f 2446/2412/2371 2752/2718/2635 2447/2413/2372
f 2752/2718/2635 2446/2412/2371 2753/2719/2669
f 2753/2719/2669 2446/2412/2371 2542/2508/2464
f 2542/2508/2464 2446/2412/2371 2747/2713/2665
f 2747/2713/2665 2446/2412/2371 2746/2712/2664
f 2448/2414/2373 2746/2712/2664 2446/2412/2371
f 2746/2712/2664 2448/2414/2373 2745/2711/2663
f 2450/2416/2375 2745/2711/2663 2448/2414/2373
f 2745/2711/2663 2450/2416/2375 2744/2710/2662
f 2447/2413/2372 2022/1988/1949 2445/2411/2370
f 2023/1989/1950 2445/2411/2370 2022/1988/1949
f 2445/2411/2370 2023/1989/1950 2449/2415/2374
f 2025/1991/1952 2449/2415/2374 2023/1989/1950
f 2449/2415/2374 2025/1991/1952 2451/2417/2376
f 2026/1992/1953 2451/2417/2376 2025/1991/1952
f 2452/2418/2377 2744/2710/2662 2450/2416/2375
f 2744/2710/2662 2452/2418/2377 2754/2720/2670
f 2451/2417/2376 2754/2720/2670 2452/2418/2377
f 2754/2720/2670 2451/2417/2376 2755/2721/2671
f 2026/1992/1953 2755/2721/2671 2451/2417/2376
f 2755/2721/2671 2026/1992/1953 2756/2722/2672
f 2757/2723/2673 2756/2722/2672 2026/1992/1953
f 2756/2722/2672 2757/2723/2673 2156/2122/2082
f 2156/2122/2082 2757/2723/2673 2153/2119/2079
f 2758/2724/2674 2153/2119/2079 2757/2723/2673
f 2153/2119/2079 2758/2724/2674 1988/1954/1915
f 2011/1977/1938 1988/1954/1915 2758/2724/2674
f 1988/1954/1915 2011/1977/1938 1997/1963/1924
f 2027/1993/1954 2757/2723/2673 2026/1992/1953
f 2011/1977/1938 2757/2723/2673 2027/1993/1954
f 2757/2723/2673 2011/1977/1938 2758/2724/2674
f 2756/2722/2672 2157/2123/2083 2755/2721/2671
f 2157/2123/2083 2756/2722/2672 2156/2122/2082
f 2754/2720/2670 2740/2706/2658 2744/2710/2662
f 2740/2706/2658 2754/2720/2670 2223/2189/2149
f 2755/2721/2671 2223/2189/2149 2754/2720/2670
f 2223/2189/2149 2755/2721/2671 2224/2190/2150
f 2157/2123/2083 2224/2190/2150 2755/2721/2671
f 2224/2190/2150 2157/2123/2083 2226/2192/2152
f 2158/2124/2084 2226/2192/2152 2157/2123/2083
f 2226/2192/2152 2158/2124/2084 2228/2194/2154
f 2159/2125/2085 2228/2194/2154 2158/2124/2084
f 2161/2127/2087 2228/2194/2154 2159/2125/2085
f 2228/2194/2154 2161/2127/2087 2230/2196/2156
f 2217/2183/2143 2230/2196/2156 2161/2127/2087
f 2230/2196/2156 2217/2183/2143 2229/2195/2155
f 2218/2184/2144 2229/2195/2155 2217/2183/2143
f 2229/2195/2155 2218/2184/2144 2743/2709/2661
f 2743/2709/2661 2218/2184/2144 2759/2725/2675
f 2759/2725/2675 2218/2184/2144 2760/2726/2676
f 2216/2182/2142 2760/2726/2676 2218/2184/2144
f 2760/2726/2676 2216/2182/2142 2761/2727/2677
f 2762/2728/2678 2761/2727/2677 2216/2182/2142
f 2761/2727/2677 2762/2728/2678 2763/2729/2679
f 2216/2182/2142 2215/2181/2141 2762/2728/2678
f 2764/2730/2680 2762/2728/2678 2215/2181/2141
f 2092/2058/2019 2681/2647/2599 2094/2060/2021
f 2094/2060/2021 2681/2647/2599 2765/2731/2681
f 2684/2650/2602 2765/2731/2681 2681/2647/2599
f 2765/2731/2681 2684/2650/2602 2766/2732/2682
g elbow_l_a_ex_wj
f 2512/2478/2434 2766/2732/2682 2684/2650/2602
f 2766/2732/2682 2512/2478/2434 2767/2733/2683
f 2511/2477/2433 2767/2733/2683 2512/2478/2434
f 2767/2733/2683 2511/2477/2433 2768/2734/2684
f 2515/2481/2437 2768/2734/2684 2511/2477/2433
f 2768/2734/2684 2515/2481/2437 2763/2729/2679
f 2528/2494/2450 2763/2729/2679 2515/2481/2437
f 2763/2729/2679 2528/2494/2450 2761/2727/2677
f 2527/2493/2449 2761/2727/2677 2528/2494/2450
g sforearm_l_a_wj
f 2761/2727/2677 2527/2493/2449 2760/2726/2676
f 2219/2185/2145 2760/2726/2676 2527/2493/2449
f 2760/2726/2676 2219/2185/2145 2759/2725/2675
f 2221/2187/2147 2759/2725/2675 2219/2185/2145
f 2759/2725/2675 2221/2187/2147 2743/2709/2661
f 2194/2160/2120 2769/2735/2685 2181/2147/2107
f 2770/2736/2686 2769/2735/2685 2194/2160/2120
f 2769/2735/2685 2770/2736/2686 2771/2737/2687
f 2094/2060/2021 2771/2737/2687 2770/2736/2686
f 2771/2737/2687 2094/2060/2021 2772/2738/2688
f 2765/2731/2681 2772/2738/2688 2094/2060/2021
f 2766/2732/2682 2772/2738/2688 2765/2731/2681
f 2767/2733/2683 2772/2738/2688 2766/2732/2682
g elbow_l_a_ex_wj
f 2768/2734/2684 2772/2738/2688 2767/2733/2683
f 2763/2729/2679 2772/2738/2688 2768/2734/2684
g sforearm_l_a_wj
f 2772/2738/2688 2763/2729/2679 2773/2739/2689
f 2762/2728/2678 2773/2739/2689 2763/2729/2679
f 2773/2739/2689 2762/2728/2678 2774/2740/2690
f 2764/2730/2680 2774/2740/2690 2762/2728/2678
f 2774/2740/2690 2764/2730/2680 2180/2146/2106
f 2180/2146/2106 2764/2730/2680 2178/2144/2104
f 2215/2181/2141 2178/2144/2104 2764/2730/2680
f 2217/2183/2143 2178/2144/2104 2215/2181/2141
f 2769/2735/2685 2180/2146/2106 2181/2147/2107
f 2180/2146/2106 2769/2735/2685 2774/2740/2690
f 2771/2737/2687 2774/2740/2690 2769/2735/2685
f 2774/2740/2690 2771/2737/2687 2773/2739/2689
f 2772/2738/2688 2773/2739/2689 2771/2737/2687
f 2770/2736/2686 2093/2059/2020 2094/2060/2021
f 2093/2059/2020 2770/2736/2686 2113/2079/2040
f 2194/2160/2120 2113/2079/2040 2770/2736/2686
f 2113/2079/2040 2194/2160/2120 2111/2077/2038
f 2195/2161/2121 2111/2077/2038 2194/2160/2120
f 2111/2077/2038 2195/2161/2121 2109/2075/2036
f 2196/2162/2122 2109/2075/2036 2195/2161/2121
f 2109/2075/2036 2196/2162/2122 2107/2073/2034
f 2197/2163/2123 2107/2073/2034 2196/2162/2122
f 2107/2073/2034 2197/2163/2123 2105/2071/2032
f 2200/2166/2126 2105/2071/2032 2197/2163/2123
f 2105/2071/2032 2200/2166/2126 2103/2069/2030
f 2201/2167/2127 2103/2069/2030 2200/2166/2126
g sforearm_l_c_ex_wj
f 2103/2069/2030 2201/2167/2127 2101/2067/2028
f 2193/2159/2119 2101/2067/2028 2201/2167/2127
f 2101/2067/2028 2193/2159/2119 2099/2065/2026
f 2204/2170/2130 2099/2065/2026 2193/2159/2119
f 2099/2065/2026 2204/2170/2130 2097/2063/2024
g sforearm_l_a_wj
f 2186/2152/2112 2189/2155/2115 2197/2163/2123
f 2200/2166/2126 2197/2163/2123 2189/2155/2115
g sforearm_l_c_ex_wj
f 2190/2156/2116 2191/2157/2117 2201/2167/2127
f 2193/2159/2119 2201/2167/2127 2191/2157/2117
g sforearm_l_a_wj
f 2182/2148/2108 2185/2151/2111 2195/2161/2121
f 2196/2162/2122 2195/2161/2121 2185/2151/2111
g sarm_l_d_ex_wj
f 1968/1934/1895 2775/2741/2691 2496/2462/2418
f 2775/2741/2691 1968/1934/1895 2776/2742/2692
f 1966/1932/1893 2776/2742/2692 1968/1934/1895
f 2776/2742/2692 1966/1932/1893 2777/2743/2693
f 1961/1927/1888 2777/2743/2693 1966/1932/1893
f 2777/2743/2693 1961/1927/1888 2776/2742/2692
f 2486/2452/2408 2776/2742/2692 1961/1927/1888
f 2776/2742/2692 2486/2452/2408 2775/2741/2691
f 2498/2464/2420 2775/2741/2691 2486/2452/2408
f 2775/2741/2691 2498/2464/2420 2496/2462/2418
g sarm_l_c_ex_wj
f 1967/1933/1894 1974/1940/1901 1965/1931/1892
f 1974/1940/1901 1967/1933/1894 1973/1939/1900
f 1973/1939/1900 1967/1933/1894 2778/2744/2694
g sarm_l_d_ex_wj
f 1968/1934/1895 2778/2744/2694 1967/1933/1894
f 2496/2462/2418 2778/2744/2694 1968/1934/1895
f 2778/2744/2694 2496/2462/2418 2494/2460/2416
f 2779/2745/2695 2494/2460/2416 2492/2458/2414
f 2494/2460/2416 2779/2745/2695 2778/2744/2694
g sarm_l_c_ex_wj
f 2780/2746/2696 2778/2744/2694 2779/2745/2695
f 2778/2744/2694 2780/2746/2696 1973/1939/1900
f 1973/1939/1900 2780/2746/2696 1972/1938/1899
f 2117/2083/2044 1972/1938/1899 2780/2746/2696
f 1972/1938/1899 2117/2083/2044 1971/1937/1898
f 2116/2082/2043 1971/1937/1898 2117/2083/2044
f 1971/1937/1898 2116/2082/2043 1980/1946/1907
f 2048/2014/1975 1980/1946/1907 2116/2082/2043
g sarm_l_b_ex_wj
f 1980/1946/1907 2048/2014/1975 1978/1944/1905
f 2047/2013/1974 1978/1944/1905 2048/2014/1975
f 1978/1944/1905 2047/2013/1974 1977/1943/1904
f 2044/2010/1971 1977/1943/1904 2047/2013/1974
f 1977/1943/1904 2044/2010/1971 2470/2436/2392
f 2043/2009/1970 2470/2436/2392 2044/2010/1971
f 2470/2436/2392 2043/2009/1970 2433/2399/2358
f 2433/2399/2358 2043/2009/1970 2434/2400/2359
f 2049/2015/1976 2046/2012/1973 2047/2013/1974
f 2044/2010/1971 2047/2013/1974 2046/2012/1973
g sarm_l_c_ex_wj
f 2116/2082/2043 2118/2084/2045 2048/2014/1975
f 2050/2016/1977 2048/2014/1975 2118/2084/2045
f 2117/2083/2044 2781/2747/2697 2119/2085/2046
f 2780/2746/2696 2781/2747/2697 2117/2083/2044
f 2779/2745/2695 2781/2747/2697 2780/2746/2696
f 2492/2458/2414 2781/2747/2697 2779/2745/2695
f 2490/2456/2412 2781/2747/2697 2492/2458/2414
f 2781/2747/2697 2490/2456/2412 2119/2085/2046
f 2782/2748/2698 2119/2085/2046 2490/2456/2412
f 2119/2085/2046 2782/2748/2698 2118/2084/2045
f 2783/2749/2699 2118/2084/2045 2782/2748/2698
f 2118/2084/2045 2783/2749/2699 2050/2016/1977
f 2784/2750/2700 2050/2016/1977 2783/2749/2699
g sarm_l_b_ex_wj
f 2050/2016/1977 2784/2750/2700 2049/2015/1976
f 2785/2751/2701 2049/2015/1976 2784/2750/2700
f 2049/2015/1976 2785/2751/2701 2046/2012/1973
f 2786/2752/2702 2046/2012/1973 2785/2751/2701
f 2046/2012/1973 2786/2752/2702 2045/2011/1972
f 2045/2011/1972 2786/2752/2702 2787/2753/2703
f 2787/2753/2703 2786/2752/2702 2788/2754/2704
f 2788/2754/2704 2786/2752/2702 2789/2755/2705
f 2785/2751/2701 2789/2755/2705 2786/2752/2702
f 2789/2755/2705 2785/2751/2701 2790/2756/2706
f 2784/2750/2700 2790/2756/2706 2785/2751/2701
f 2790/2756/2706 2784/2750/2700 2791/2757/2707
g sarm_l_c_ex_wj
f 2791/2757/2707 2784/2750/2700 2792/2758/2708
f 2783/2749/2699 2792/2758/2708 2784/2750/2700
f 2792/2758/2708 2783/2749/2699 2782/2748/2698
g sarm_l_b_ex_wj
f 2045/2011/1972 2434/2400/2359 2043/2009/1970
f 2434/2400/2359 2045/2011/1972 2428/2394/2353
f 2787/2753/2703 2428/2394/2353 2045/2011/1972
f 2428/2394/2353 2787/2753/2703 2427/2393/2352
f 2788/2754/2704 2427/2393/2352 2787/2753/2703
f 2427/2393/2352 2788/2754/2704 2456/2422/2380
f 2789/2755/2705 2456/2422/2380 2788/2754/2704
f 2456/2422/2380 2789/2755/2705 2793/2759/2709
f 2790/2756/2706 2793/2759/2709 2789/2755/2705
f 2793/2759/2709 2790/2756/2706 2794/2760/2710
f 2791/2757/2707 2794/2760/2710 2790/2756/2706
f 2794/2760/2710 2791/2757/2707 2795/2761/2711
g sarm_l_c_ex_wj
f 2795/2761/2711 2791/2757/2707 2523/2489/2445
f 2792/2758/2708 2523/2489/2445 2791/2757/2707
f 2523/2489/2445 2792/2758/2708 2521/2487/2443
f 2782/2748/2698 2521/2487/2443 2792/2758/2708
f 2521/2487/2443 2782/2748/2698 2489/2455/2411
f 2490/2456/2412 2489/2455/2411 2782/2748/2698
g sforearm_l_a_wj
f 2149/2115/2075 2122/2088/2049 2124/2090/2051
f 2122/2088/2049 2149/2115/2075 1982/1948/1909
f 1982/1948/1909 2149/2115/2075 1983/1949/1910
f 1983/1949/1910 2149/2115/2075 1987/1953/1914
f 2150/2116/2076 1987/1953/1914 2149/2115/2075
f 2152/2118/2078 1987/1953/1914 2150/2116/2076
f 1987/1953/1914 2152/2118/2078 1988/1954/1915
f 2153/2119/2079 1988/1954/1915 2152/2118/2078
g sforearm_l_c_ex_wj
f 2136/2102/2063 2121/2087/2048 2127/2093/2054
f 2120/2086/2047 2127/2093/2054 2121/2087/2048
f 2127/2093/2054 2120/2086/2047 1994/1960/1921
f 1994/1960/1921 2120/2086/2047 1984/1950/1911
f 1984/1950/1911 2120/2086/2047 1982/1948/1909
f 2122/2088/2049 1982/1948/1909 2120/2086/2047
f 2000/1966/1927 2142/2108/2069 1996/1962/1923
f 2125/2091/2052 1996/1962/1923 2142/2108/2069
f 1996/1962/1923 2125/2091/2052 1994/1960/1921
f 2127/2093/2054 1994/1960/1921 2125/2091/2052
g sforearm_l_d_ex_wj
f 1859/1825/1791 2796/2762/2712 1861/1827/1793
f 2797/2763/2713 1861/1827/1793 2796/2762/2712
f 1861/1827/1793 2797/2763/2713 1863/1829/1794
f 2798/2764/2714 1863/1829/1794 2797/2763/2713
f 1863/1829/1794 2798/2764/2714 1865/1831/1796
f 2799/2765/2715 1865/1831/1796 2798/2764/2714
f 1865/1831/1796 2799/2765/2715 1866/1832/1797
f 2800/2766/2716 1866/1832/1797 2799/2765/2715
f 1866/1832/1797 2800/2766/2716 1867/1833/1798
f 2801/2767/2717 1867/1833/1798 2800/2766/2716
f 1867/1833/1798 2801/2767/2717 1868/1834/1799
f 2802/2768/2718 1868/1834/1799 2801/2767/2717
f 1868/1834/1799 2802/2768/2718 1869/1835/1800
f 2803/2769/2719 1869/1835/1800 2802/2768/2718
f 1869/1835/1800 2803/2769/2719 1870/1836/1801
f 2804/2770/2720 1870/1836/1801 2803/2769/2719
f 1870/1836/1801 2804/2770/2720 1828/1794/1760
f 2805/2771/2721 1828/1794/1760 2804/2770/2720
f 1828/1794/1760 2805/2771/2721 1826/1792/1758
f 2806/2772/2722 1826/1792/1758 2805/2771/2721
f 2803/2769/2719 2807/2773/2723 2804/2770/2720
f 2808/2774/2724 2804/2770/2720 2807/2773/2723
f 2804/2770/2720 2808/2774/2724 2805/2771/2721
f 2809/2775/2725 2805/2771/2721 2808/2774/2724
f 2805/2771/2721 2809/2775/2725 2806/2772/2722
f 2810/2776/2726 2806/2772/2722 2809/2775/2725
f 2811/2777/2727 2812/2778/2728 2813/2779/2729
f 2814/2780/2730 2813/2779/2729 2812/2778/2728
f 2813/2779/2729 2814/2780/2730 2796/2762/2712
f 2815/2781/2731 2796/2762/2712 2814/2780/2730
f 2796/2762/2712 2815/2781/2731 2797/2763/2713
f 2816/2782/2732 2797/2763/2713 2815/2781/2731
f 2797/2763/2713 2816/2782/2732 2798/2764/2714
f 2817/2783/2733 2798/2764/2714 2816/2782/2732
f 2798/2764/2714 2817/2783/2733 2799/2765/2715
f 2818/2784/2734 2799/2765/2715 2817/2783/2733
f 2799/2765/2715 2818/2784/2734 2800/2766/2716
f 2819/2785/2735 2800/2766/2716 2818/2784/2734
f 2800/2766/2716 2819/2785/2735 2801/2767/2717
f 2820/2786/2736 2801/2767/2717 2819/2785/2735
f 2801/2767/2717 2820/2786/2736 2802/2768/2718
f 2821/2787/2737 2802/2768/2718 2820/2786/2736
f 2802/2768/2718 2821/2787/2737 2803/2769/2719
f 2807/2773/2723 2803/2769/2719 2821/2787/2737
f 1928/1894/1856 2822/2788/2738 1899/1865/1830
f 2823/2789/2739 1899/1865/1830 2822/2788/2738
f 1899/1865/1830 2823/2789/2739 1897/1863/1828
f 2824/2790/2740 1897/1863/1828 2823/2789/2739
f 1897/1863/1828 2824/2790/2740 1891/1857/1822
f 2825/2791/2741 1891/1857/1822 2824/2790/2740
f 1891/1857/1822 2825/2791/2741 1892/1858/1823
f 2826/2792/2742 1892/1858/1823 2825/2791/2741
f 1892/1858/1823 2826/2792/2742 1893/1859/1824
f 2827/2793/2743 1893/1859/1824 2826/2792/2742
f 1893/1859/1824 2827/2793/2743 1894/1860/1825
f 2828/2794/2744 1894/1860/1825 2827/2793/2743
f 1894/1860/1825 2828/2794/2744 1895/1861/1826
f 2811/2777/2727 1895/1861/1826 2828/2794/2744
f 1895/1861/1826 2811/2777/2727 1896/1862/1827
f 2813/2779/2729 1896/1862/1827 2811/2777/2727
f 1896/1862/1827 2813/2779/2729 1859/1825/1791
f 2796/2762/2712 1859/1825/1791 2813/2779/2729
f 2829/2795/2745 1928/1894/1856 1927/1893/1758
f 1928/1894/1856 2829/2795/2745 2822/2788/2738
f 2830/2796/2746 2822/2788/2738 2829/2795/2745
f 2831/2797/2747 2822/2788/2738 2830/2796/2746
f 2822/2788/2738 2831/2797/2747 2823/2789/2739
f 2832/2798/2748 2823/2789/2739 2831/2797/2747
f 2823/2789/2739 2832/2798/2748 2824/2790/2740
f 2833/2799/2749 2824/2790/2740 2832/2798/2748
f 2824/2790/2740 2833/2799/2749 2825/2791/2741
f 2834/2800/2750 2825/2791/2741 2833/2799/2749
f 2825/2791/2741 2834/2800/2750 2826/2792/2742
f 2835/2801/2751 2826/2792/2742 2834/2800/2750
f 2826/2792/2742 2835/2801/2751 2827/2793/2743
f 2836/2802/2752 2827/2793/2743 2835/2801/2751
f 2827/2793/2743 2836/2802/2752 2828/2794/2744
f 2837/2803/2753 2828/2794/2744 2836/2802/2752
f 2828/2794/2744 2837/2803/2753 2811/2777/2727
f 2812/2778/2728 2811/2777/2727 2837/2803/2753
g sarm_l_d_ex_wj
f 1960/1926/1887 2838/2804/2754 1959/1925/1886
g elbow_l_a_ex_wj
f 2698/2664/2616 2838/2804/2754 1960/1926/1887
f 2838/2804/2754 2698/2664/2616 2839/2805/2755
f 2697/2663/2615 2839/2805/2755 2698/2664/2616
f 2839/2805/2755 2697/2663/2615 2840/2806/2756
f 2696/2662/2614 2840/2806/2756 2697/2663/2615
f 2840/2806/2756 2696/2662/2614 2841/2807/2757
f 2700/2666/2618 2841/2807/2757 2696/2662/2614
f 2841/2807/2757 2700/2666/2618 2842/2808/2758
f 2701/2667/2619 2842/2808/2758 2700/2666/2618
g sforearm_l_a_wj
f 2842/2808/2758 2701/2667/2619 2843/2809/2759
f 2703/2669/2621 2843/2809/2759 2701/2667/2619
f 2843/2809/2759 2703/2669/2621 2844/2810/2760
f 2705/2671/2623 2844/2810/2760 2703/2669/2621
f 2844/2810/2760 2705/2671/2623 2845/2811/2761
f 2845/2811/2761 2705/2671/2623 2846/2812/2464
f 2706/2672/2624 2846/2812/2464 2705/2671/2623
f 2846/2812/2464 2706/2672/2624 2716/2682/2634
g sarm_l_d_ex_wj
f 2847/2813/2762 2848/2814/2763 2841/2807/2757
f 2841/2807/2757 2848/2814/2763 2840/2806/2756
f 2849/2815/2764 2840/2806/2756 2848/2814/2763
f 2840/2806/2756 2849/2815/2764 2839/2805/2755
f 2839/2805/2755 2849/2815/2764 2838/2804/2754
f 2838/2804/2754 2849/2815/2764 2850/2816/2765
f 2850/2816/2765 2849/2815/2764 2851/2817/2766
f 2852/2818/2767 2851/2817/2766 2849/2815/2764
f 2851/2817/2766 2852/2818/2767 2853/2819/2768
f 2853/2819/2768 2852/2818/2767 2854/2820/2769
f 2848/2814/2763 2854/2820/2769 2852/2818/2767
f 2847/2813/2762 2854/2820/2769 2848/2814/2763
f 2854/2820/2769 2847/2813/2762 2855/2821/2770
f 2841/2807/2757 2855/2821/2770 2847/2813/2762
f 2842/2808/2758 2855/2821/2770 2841/2807/2757
f 2855/2821/2770 2842/2808/2758 2856/2822/2771
f 2843/2809/2759 2856/2822/2771 2842/2808/2758
f 2856/2822/2771 2843/2809/2759 2857/2823/2772
f 2844/2810/2760 2857/2823/2772 2843/2809/2759
f 2857/2823/2772 2844/2810/2760 2858/2824/2773
f 2845/2811/2761 2858/2824/2773 2844/2810/2760
f 2852/2818/2767 2849/2815/2764 2848/2814/2763
f 2854/2820/2769 2855/2821/2770 2859/2825/2774
f 2856/2822/2771 2859/2825/2774 2855/2821/2770
f 2859/2825/2774 2856/2822/2771 2860/2826/2775
f 2860/2826/2775 2856/2822/2771 2861/2827/2776
f 2857/2823/2772 2861/2827/2776 2856/2822/2771
f 2857/2823/2772 2858/2824/2773 2861/2827/2776
f 2862/2828/2777 2861/2827/2776 2858/2824/2773
f 2517/2483/2439 2861/2827/2776 2862/2828/2777
f 2510/2476/2432 2861/2827/2776 2517/2483/2439
f 2861/2827/2776 2510/2476/2432 2860/2826/2775
f 2508/2474/2430 2860/2826/2775 2510/2476/2432
f 2860/2826/2775 2508/2474/2430 2859/2825/2774
f 2507/2473/2429 2859/2825/2774 2508/2474/2430
f 2859/2825/2774 2507/2473/2429 2854/2820/2769
f 2495/2461/2417 2854/2820/2769 2507/2473/2429
f 2854/2820/2769 2495/2461/2417 2853/2819/2768
f 2497/2463/2419 2853/2819/2768 2495/2461/2417
f 2499/2465/2421 2853/2819/2768 2497/2463/2419
f 2853/2819/2768 2499/2465/2421 2851/2817/2766
f 2506/2472/2428 2851/2817/2766 2499/2465/2421
f 2851/2817/2766 2506/2472/2428 2850/2816/2765
f 1959/1925/1886 2850/2816/2765 2506/2472/2428
f 2850/2816/2765 1959/1925/1886 2838/2804/2754
s 23
g sforearm_l_d_ex_wj
f 2863/2829/2778 2864/2830/2779 2865/2831/2780
f 2865/2831/2780 2864/2830/2779 2866/2832/2781
f 2866/2832/2781 2864/2830/2779 2867/2833/2782
f 2867/2833/2782 2864/2830/2779 2868/2834/2783
f 2868/2834/2783 2864/2830/2779 2869/2835/2784
f 2870/2836/2785 2869/2835/2784 2864/2830/2779
f 2871/2837/2786 2869/2835/2784 2872/2838/2787
f 2870/2836/2785 2872/2838/2787 2869/2835/2784
f 2872/2838/2787 2870/2836/2785 2873/2839/2752
f 2873/2839/2752 2870/2836/2785 2874/2840/2788
f 2864/2830/2779 2874/2840/2788 2870/2836/2785
f 2874/2840/2788 2864/2830/2779 2875/2841/2789
f 2875/2841/2789 2864/2830/2779 2876/2842/2790
f 2876/2842/2790 2864/2830/2779 2877/2843/2791
f 2877/2843/2791 2864/2830/2779 2878/2844/2792
f 2878/2844/2792 2864/2830/2779 2879/2845/2793
f 2879/2845/2793 2864/2830/2779 2880/2846/2794
f 2880/2846/2794 2864/2830/2779 2881/2847/2795
f 2881/2847/2795 2864/2830/2779 2882/2848/2796
f 2882/2848/2796 2864/2830/2779 2883/2849/2797
f 2883/2849/2797 2864/2830/2779 2884/2850/2798
f 2884/2850/2798 2864/2830/2779 2885/2851/2799
f 2885/2851/2799 2864/2830/2779 2886/2852/2800
f 2886/2852/2800 2864/2830/2779 2863/2829/2778
f 2873/2839/2752 2874/2840/2788 2887/2853/2753
f 2875/2841/2789 2887/2853/2753 2874/2840/2788
f 2887/2853/2753 2875/2841/2789 2888/2854/2801
f 2876/2842/2790 2888/2854/2801 2875/2841/2789
f 2888/2854/2801 2876/2842/2790 2889/2855/2802
f 2877/2843/2791 2889/2855/2802 2876/2842/2790
f 2889/2855/2802 2877/2843/2791 2890/2856/2803
f 2878/2844/2792 2890/2856/2803 2877/2843/2791
f 2890/2856/2803 2878/2844/2792 2891/2857/2804
f 2879/2845/2793 2891/2857/2804 2878/2844/2792
f 2891/2857/2804 2879/2845/2793 2892/2858/2805
f 2880/2846/2794 2892/2858/2805 2879/2845/2793
f 2892/2858/2805 2880/2846/2794 2893/2859/2806
f 2881/2847/2795 2893/2859/2806 2880/2846/2794
f 2893/2859/2806 2881/2847/2795 2894/2860/2807
f 2882/2848/2796 2894/2860/2807 2881/2847/2795
f 2894/2860/2807 2882/2848/2796 2895/2861/2808
f 2883/2849/2797 2895/2861/2808 2882/2848/2796
f 2895/2861/2808 2883/2849/2797 2896/2862/2809
f 2884/2850/2798 2896/2862/2809 2883/2849/2797
f 2896/2862/2809 2884/2850/2798 2897/2863/2810
f 2885/2851/2799 2897/2863/2810 2884/2850/2798
f 2897/2863/2810 2885/2851/2799 2898/2864/2811
f 2886/2852/2800 2898/2864/2811 2885/2851/2799
f 2898/2864/2811 2886/2852/2800 2899/2865/2812
f 2863/2829/2778 2899/2865/2812 2886/2852/2800
f 2899/2865/2812 2863/2829/2778 2900/2866/2726
f 2865/2831/2780 2900/2866/2726 2863/2829/2778
f 2900/2866/2726 2865/2831/2780 2901/2867/2813
f 2866/2832/2781 2901/2867/2813 2865/2831/2780
f 2901/2867/2813 2866/2832/2781 2902/2868/2814
f 2867/2833/2782 2902/2868/2814 2866/2832/2781
f 2902/2868/2814 2867/2833/2782 2903/2869/2815
f 2868/2834/2783 2903/2869/2815 2867/2833/2782
f 2903/2869/2815 2868/2834/2783 2871/2837/2786
f 2869/2835/2784 2871/2837/2786 2868/2834/2783
s 22
g sforearm_l_c_ex_wj
f 1917/1883/1848 1912/1878/1843 2904/2870/2816
f 1913/1879/1844 2904/2870/2816 1912/1878/1843
f 2277/2243/2203 2279/2245/2205 1904/1870/1835
f 1904/1870/1835 2279/2245/2205 1905/1871/1836
f 2630/2596/2548 1905/1871/1836 2279/2245/2205
f 1905/1871/1836 2630/2596/2548 1906/1872/1837
f 2631/2597/2549 1906/1872/1837 2630/2596/2548
f 2632/2598/2550 1906/1872/1837 2631/2597/2549
f 1906/1872/1837 2632/2598/2550 1907/1873/1838
f 1907/1873/1838 2632/2598/2550 1909/1875/1840
f 2633/2599/2551 1909/1875/1840 2632/2598/2550
f 1909/1875/1840 2633/2599/2551 1911/1877/1842
f 2905/2871/2817 1911/1877/1842 2633/2599/2551
f 1911/1877/1842 2905/2871/2817 1913/1879/1844
f 2906/2872/2818 1913/1879/1844 2905/2871/2817
f 1913/1879/1844 2906/2872/2818 2904/2870/2816
f 2904/2870/2816 2906/2872/2818 2907/2873/2653
f 2908/2874/2819 2907/2873/2653 2906/2872/2818
f 2633/2599/2551 2002/1968/1929 2905/2871/2817
f 2013/1979/1940 2905/2871/2817 2002/1968/1929
f 2905/2871/2817 2013/1979/1940 2906/2872/2818
f 2019/1985/1946 2906/2872/2818 2013/1979/1940
f 2906/2872/2818 2019/1985/1946 2908/2874/2819
f 2908/2874/2819 2019/1985/1946 2909/2875/2656
f 2018/1984/1945 2909/2875/2656 2019/1985/1946
f 2909/2875/2656 2018/1984/1945 2910/2876/2651
f 2017/1983/1944 2910/2876/2651 2018/1984/1945
f 2910/2876/2651 2017/1983/1944 2911/2877/2820
f 2016/1982/1943 2911/2877/2820 2017/1983/1944
f 2911/2877/2820 2016/1982/1943 2912/2878/2591
f 2014/1980/1941 2912/2878/2591 2016/1982/1943
g sforearm_l_a_wj
f 2912/2878/2591 2014/1980/1941 2913/2879/2821
f 2015/1981/1942 2913/2879/2821 2014/1980/1941
f 2913/2879/2821 2015/1981/1942 2914/2880/2640
f 2032/1998/1959 2914/2880/2640 2015/1981/1942
f 2914/2880/2640 2032/1998/1959 2748/2714/2644
s 24
g sforearm_l_d_ex_wj
g BrazoDer_mt_cloth_sub
usemtl mt_cloth_sub
f 2915/2881/2822 2916/2882/2823 2917/2883/2824
f 2916/2882/2823 2915/2881/2822 2918/2884/2825
f 2919/2885/2826 2918/2884/2825 2915/2881/2822
f 2920/2886/2827 2921/2887/2828 2922/2888/2829
f 2921/2887/2828 2920/2886/2827 2923/2889/2830
f 2924/2890/2831 2923/2889/2830 2920/2886/2827
f 2923/2889/2830 2924/2890/2831 2925/2891/2832
f 2926/2892/2833 2925/2891/2832 2924/2890/2831
f 2917/2883/2824 2925/2891/2832 2926/2892/2833
f 2925/2891/2832 2917/2883/2824 2927/2893/2834
f 2916/2882/2823 2927/2893/2834 2917/2883/2824
f 2927/2893/2834 2916/2882/2823 2928/2894/2835
f 2918/2884/2825 2928/2894/2835 2916/2882/2823
f 2928/2894/2835 2918/2884/2825 2929/2895/2836
f 2919/2885/2826 2929/2895/2836 2918/2884/2825
f 2930/2896/2837 2929/2895/2836 2919/2885/2826
f 2929/2895/2836 2930/2896/2837 2931/2897/2838
f 2932/2898/2839 2931/2897/2838 2930/2896/2837
f 2931/2897/2838 2932/2898/2839 2933/2899/2840
f 2934/2900/2841 2933/2899/2840 2932/2898/2839
f 2933/2899/2840 2934/2900/2841 2935/2901/2842
f 2936/2902/2843 2935/2901/2842 2934/2900/2841
f 2935/2901/2842 2936/2902/2843 2937/2903/2844
f 2938/2904/2845 2937/2903/2844 2936/2902/2843
f 2937/2903/2844 2938/2904/2845 2939/2905/2846
f 2940/2906/2847 2939/2905/2846 2938/2904/2845
f 2939/2905/2846 2940/2906/2847 2941/2907/2848
f 2921/2887/2828 2941/2907/2848 2940/2906/2847
f 2941/2907/2848 2921/2887/2828 2942/2908/2849
f 2923/2889/2830 2942/2908/2849 2921/2887/2828
f 2942/2908/2849 2923/2889/2830 2943/2909/2850
f 2925/2891/2832 2943/2909/2850 2923/2889/2830
f 2927/2893/2834 2943/2909/2850 2925/2891/2832
f 2928/2894/2835 2943/2909/2850 2927/2893/2834
f 2943/2909/2850 2928/2894/2835 2942/2908/2849
f 2942/2908/2849 2928/2894/2835 2941/2907/2848
f 2941/2907/2848 2928/2894/2835 2939/2905/2846
f 2939/2905/2846 2928/2894/2835 2937/2903/2844
f 2937/2903/2844 2928/2894/2835 2935/2901/2842
f 2935/2901/2842 2928/2894/2835 2933/2899/2840
f 2933/2899/2840 2928/2894/2835 2931/2897/2838
f 2929/2895/2836 2931/2897/2838 2928/2894/2835
f 2944/2910/2851 2917/2883/2824 2926/2892/2833
f 2917/2883/2824 2944/2910/2851 2915/2881/2822
f 2945/2911/2852 2915/2881/2822 2944/2910/2851
f 2915/2881/2822 2945/2911/2852 2919/2885/2826
f 2946/2912/2853 2919/2885/2826 2945/2911/2852
f 2919/2885/2826 2946/2912/2853 2930/2896/2837
f 2947/2913/2854 2930/2896/2837 2946/2912/2853
f 2930/2896/2837 2947/2913/2854 2932/2898/2839
f 2948/2914/2855 2932/2898/2839 2947/2913/2854
f 2932/2898/2839 2948/2914/2855 2934/2900/2841
f 2949/2915/2856 2934/2900/2841 2948/2914/2855
f 2934/2900/2841 2949/2915/2856 2936/2902/2843
f 2950/2916/2857 2936/2902/2843 2949/2915/2856
f 2936/2902/2843 2950/2916/2857 2938/2904/2845
f 2951/2917/2858 2938/2904/2845 2950/2916/2857
f 2938/2904/2845 2951/2917/2858 2940/2906/2847
f 2922/2888/2829 2940/2906/2847 2951/2917/2858
f 2940/2906/2847 2922/2888/2829 2921/2887/2828
s 25
f 2952/2918/2859 2953/2919/2860 2954/2920/2861
f 2955/2921/2862 2954/2920/2861 2953/2919/2860
f 2954/2920/2861 2955/2921/2862 2956/2922/2863
f 2957/2923/2864 2956/2922/2863 2955/2921/2862
f 2956/2922/2863 2957/2923/2864 2958/2924/2865
f 2959/2925/2866 2958/2924/2865 2957/2923/2864
f 2958/2924/2865 2959/2925/2866 2960/2926/2867
f 2961/2927/2868 2960/2926/2867 2959/2925/2866
f 2960/2926/2867 2961/2927/2868 2962/2928/2869
f 2963/2929/2870 2962/2928/2869 2961/2927/2868
f 2962/2928/2869 2963/2929/2870 2964/2930/2855
f 2965/2931/2871 2964/2930/2855 2963/2929/2870
f 2964/2930/2855 2965/2931/2871 2966/2932/2872
f 2967/2933/2873 2966/2932/2872 2965/2931/2871
f 2966/2932/2872 2967/2933/2873 2968/2934/2874
f 2969/2935/2875 2968/2934/2874 2967/2933/2873
f 2968/2934/2874 2969/2935/2875 2970/2936/2876
f 2971/2937/2877 2970/2936/2876 2969/2935/2875
f 2953/2919/2860 2972/2938/2878 2955/2921/2862
f 2973/2939/2879 2955/2921/2862 2972/2938/2878
f 2955/2921/2862 2973/2939/2879 2957/2923/2864
f 2970/2936/2876 2971/2937/2877 2974/2940/2880
f 2975/2941/2881 2974/2940/2880 2971/2937/2877
f 2974/2940/2880 2975/2941/2881 2976/2942/2882
f 2977/2943/2883 2976/2942/2882 2975/2941/2881
f 2976/2942/2882 2977/2943/2883 2952/2918/2859
f 2952/2918/2859 2977/2943/2883 2953/2919/2860
f 2978/2944/2884 2953/2919/2860 2977/2943/2883
f 2953/2919/2860 2978/2944/2884 2972/2938/2878
f 2979/2945/2885 2972/2938/2878 2978/2944/2884
f 2972/2938/2878 2979/2945/2885 2973/2939/2879
f 2980/2946/2886 2973/2939/2879 2979/2945/2885
f 2973/2939/2879 2980/2946/2886 2957/2923/2864
f 2957/2923/2864 2980/2946/2886 2959/2925/2866
f 2981/2947/2887 2959/2925/2866 2980/2946/2886
f 2959/2925/2866 2981/2947/2887 2961/2927/2868
f 2982/2948/2888 2961/2927/2868 2981/2947/2887
f 2961/2927/2868 2982/2948/2888 2963/2929/2870
f 2983/2949/2889 2963/2929/2870 2982/2948/2888
f 2963/2929/2870 2983/2949/2889 2965/2931/2871
f 2984/2950/2890 2965/2931/2871 2983/2949/2889
f 2965/2931/2871 2984/2950/2890 2967/2933/2873
f 2985/2951/2891 2967/2933/2873 2984/2950/2890
f 2967/2933/2873 2985/2951/2891 2969/2935/2875
f 2986/2952/2892 2969/2935/2875 2985/2951/2891
f 2969/2935/2875 2986/2952/2892 2971/2937/2877
f 2987/2953/2893 2971/2937/2877 2986/2952/2892
f 2971/2937/2877 2987/2953/2893 2975/2941/2881
f 2988/2954/2894 2975/2941/2881 2987/2953/2893
f 2975/2941/2881 2988/2954/2894 2977/2943/2883
f 2977/2943/2883 2988/2954/2894 2978/2944/2884
f 2978/2944/2884 2988/2954/2894 2979/2945/2885
f 2987/2953/2893 2979/2945/2885 2988/2954/2894
f 2986/2952/2892 2979/2945/2885 2987/2953/2893
f 2985/2951/2891 2979/2945/2885 2986/2952/2892
f 2984/2950/2890 2979/2945/2885 2985/2951/2891
f 2983/2949/2889 2979/2945/2885 2984/2950/2890
f 2982/2948/2888 2979/2945/2885 2983/2949/2889
f 2981/2947/2887 2979/2945/2885 2982/2948/2888
f 2979/2945/2885 2981/2947/2887 2980/2946/2886
